Event,FieldStarID,RA,Dec,t_0,t_E,u_0,Isource,Ibase,Icat,Ctype,A_I,Related_event
KMT-2016-BLG-0001,SAO02K0103.022072,17:54:14.09,-28:40:58.91,7549.19296,39.1,0.704,19.05,19.04,19.04,2,2.14,OB160785
KMT-2016-BLG-0002,BLG02K0105.005671,17:54:09.09,-28:25:06.13,7533.68206,6.22,1.0,18.21,17.52,17.52,2,2.48,OB160902
KMT-2016-BLG-0003,SAO02K0105.007856,17:54:03.78,-28:26:34.37,7569.58472,37.21,0.325,20.04,17.91,17.91,2,2.54,OB161052
KMT-2016-BLG-0004,BLG02K0203.015135,17:53:29.68,-28:40:30.68,7567.36853,25.68,0.256,20.76,18.93,18.93,2,2.6,OB161156
KMT-2016-BLG-0005,SSO02K0303.015757,17:53:06.41,-28:36:52.02,7522.98201,141.71,0.002,24.0,20.0,25.0,3,3.09,OB160884
KMT-2016-BLG-0006,SAO02K0406.017651,17:52:25.73,-28:15:17.86,7530.53089,20.34,0.013,20.7,20.0,20.26,2,3.96,OB160901 MB16252
KMT-2016-BLG-0007,SSO02K0504.002812,17:51:38.16,-28:29:35.99,7511.35877,20.41,0.04,19.72,19.21,19.21,2,3.37,MB16221
KMT-2016-BLG-0008,BLG02K0505.007830,17:51:46.73,-28:22:26.36,7467.53629,16.06,0.712,18.31,18.34,18.34,2,3.13,OB160314
KMT-2016-BLG-0009,BLG02M0104.004378,17:59:03.27,-28:32:17.92,7505.67248,51.64,0.852,16.72,16.16,16.16,1,1.41,OB160304 MB16114
KMT-2016-BLG-0010,BLG02M0104.050351,17:58:56.04,-28:33:47.92,7473.56272,27.13,0.7,19.16,19.24,19.24,1,1.45,OB160305
KMT-2016-BLG-0011,SAO02M0108.005159,17:58:40.84,-28:00:00.22,7509.20073,8.11,0.285,19.04,17.2,17.2,1,2.44,OB160790 MB16213
KMT-2016-BLG-0012,SAO02M0202.068202,17:58:18.60,-28:45:11.99,7583.71465,6.68,0.587,19.44,19.48,19.48,1,1.3,OB161338
KMT-2016-BLG-0013,BLG02M0204.052814,17:58:24.28,-28:32:41.39,7488.28961,68.87,0.023,23.18,19.48,19.48,1,1.62,OB160601
KMT-2016-BLG-0014,SSO02M0301.014968,17:57:54.06,-28:52:42.10,7477.74672,136.61,0.055,18.33,17.97,17.97,1,1.15,MB16021
KMT-2016-BLG-0015,BLG02M0401.082037,17:57:12.71,-28:51:05.00,7567.6473,6.29,0.182,20.94,19.86,19.86,1,1.53,
KMT-2016-BLG-0016,BLG02M0404.013400,17:56:51.39,-28:27:44.50,7506.95824,199.96,0.007,22.63,18.07,18.07,1,1.87,OB160559
KMT-2016-BLG-0017,SAO02M0407.040487,17:57:02.50,-28:06:58.21,7494.25182,199.3,0.005,24.02,19.27,19.27,1,1.9,OB160613
KMT-2016-BLG-0018,BLG02M0408.009460,17:57:19.51,-28:04:14.30,7565.88324,20.81,0.297,17.66,17.72,17.72,1,1.97,OB160911 MB16331
KMT-2016-BLG-0019,BLG02M0501.030037,17:56:20.02,-28:51:05.00,7569.79624,10.32,0.161,20.3,19.15,19.15,1,2.07,OB161247
KMT-2016-BLG-0020,BLG02M0508.044508,17:56:34.37,-27:59:31.99,7554.21529,24.75,0.201,19.7,19.63,19.63,1,1.78,OB160987
KMT-2016-BLG-0021,BLG02M0601.012329,17:55:44.17,-28:51:12.78,7506.81652,10.09,0.41,18.3,18.38,18.38,2,1.78,OB160676 MB16215
KMT-2016-BLG-0022,SAO02M0603.008514,17:56:00.12,-28:36:17.10,7490.35578,29.0,0.087,20.96,17.18,17.18,1,1.7,OB160594 OB160626 OB160627
KMT-2016-BLG-0023,SSO02M0607.000895,17:55:42.81,-28:11:53.74,7485.2867,66.68,0.202,16.69,16.74,16.74,2,2.77,OB160015 MB16061
KMT-2016-BLG-0024,SSO02M0701.001385,17:55:29.03,-28:56:36.38,7513.28281,11.64,0.054,21.43,15.92,15.92,2,1.93,
KMT-2016-BLG-0025,SAO02M0703.016658,17:55:14.49,-28:36:59.00,7562.49966,15.34,0.118,19.81,19.19,19.19,2,2.32,OB161145
KMT-2016-BLG-0026,SAO02M0705.009342,17:55:30.15,-28:23:25.55,7508.91933,7.5,0.634,19.41,18.07,18.07,2,2.28,OB160765
KMT-2016-BLG-0027,BLG02M0802.003583,17:54:39.18,-28:45:11.52,7563.87245,16.81,0.947,17.1,16.54,16.54,2,1.9,OB160964 MB16335
KMT-2016-BLG-0028,SAO02M0803.011450,17:54:37.77,-28:37:25.21,7491.76446,4.49,0.006,20.05,18.03,18.03,2,2.08,
KMT-2016-BLG-0029,SAO02M0804.011951,17:55:03.14,-28:32:36.96,7503.42675,9.64,0.176,19.8,18.59,18.59,2,2.37,
KMT-2016-BLG-0030,BLG02M0805.019541,17:54:58.27,-28:27:26.86,7601.37291,41.66,0.276,20.17,19.84,19.84,2,2.65,OB161353
KMT-2016-BLG-0031,SAO02N0808.057073,17:54:56.94,-29:05:50.78,7526.62407,16.28,0.488,19.52,19.57,19.57,1,2.15,
KMT-2016-BLG-0032,BLG02T0108.095109,17:53:47.15,-29:06:37.80,7553.35654,10.29,0.201,20.35,19.84,19.84,1,1.76,OB161088
KMT-2016-BLG-0033,BLG02T0208.018435,17:53:36.31,-29:06:07.99,7490.15349,5.98,0.913,18.72,18.09,18.09,1,2.12,
KMT-2016-BLG-0034,SAO02T0308.019825,17:53:02.10,-29:10:52.21,7488.97221,12.58,0.142,20.58,18.45,18.45,1,2.51,OB160574
KMT-2016-BLG-0035,BLG02T0408.021793,17:52:21.51,-29:09:28.58,7613.39229,52.28,0.357,19.4,19.04,19.04,1,2.66,OB161386
KMT-2016-BLG-0036,BLG02T0508.042910,17:51:44.22,-29:10:25.50,7563.06548,27.23,0.233,21.47,20.0,20.91,1,3.55,
KMT-2016-BLG-0037,BLG03K0402.029936,17:59:43.76,-27:38:43.40,7586.94053,13.54,0.244,19.09,19.12,19.12,1,1.85,OB161352 OB161358 MB16418
KMT-2016-BLG-0038,SAO03K0404.049662,17:59:57.80,-27:29:59.60,7567.76227,43.48,0.208,19.61,19.64,19.64,1,1.85,OB161177
KMT-2016-BLG-0039,SAO03K0501.051676,17:59:14.92,-27:51:55.51,7546.57131,90.76,0.036,22.95,19.66,19.66,1,1.89,
KMT-2016-BLG-0040,SAO03K0603.012829,17:58:36.09,-27:32:16.19,7647.70077,119.39,0.148,20.05,18.06,18.06,1,1.7,MB16529
KMT-2016-BLG-0041,SAO03K0702.017537,17:58:12.89,-27:41:53.30,7583.53027,13.26,0.303,20.47,18.64,18.64,1,1.95,
KMT-2016-BLG-0042,BLG03M0202.088227,18:05:34.08,-27:39:38.81,7492.73604,15.88,0.145,19.84,20.0,20.26,1,0.97,OB160562
KMT-2016-BLG-0043,BLG03M0406.019032,18:04:31.07,-27:14:50.71,7534.2415,16.53,0.356,19.11,18.23,18.23,1,0.91,OB160879
KMT-2016-BLG-0044,SAO03M0507.044553,18:04:10.25,-27:06:17.39,7569.56051,199.38,0.018,22.52,19.31,19.31,1,1.21,OB161207 MB16362
KMT-2016-BLG-0045,BLG03M0607.013795,18:03:45.83,-27:00:37.80,7556.84973,7.03,0.478,19.92,18.63,18.63,1,1.47,OB161123
KMT-2016-BLG-0046,SAO03M0608.004609,18:03:35.75,-26:56:35.41,7626.23531,33.88,0.789,16.97,16.98,16.98,1,1.53,OB161215 MB16476
KMT-2016-BLG-0047,BLG03M0801.056614,18:02:34.88,-27:51:04.79,7650.45644,30.48,0.506,19.45,19.5,19.5,1,1.29,OB161801
KMT-2016-BLG-0048,BLG03M0803.048203,18:02:31.75,-27:31:46.49,7491.50142,55.49,0.021,19.46,19.44,19.44,1,1.51,OB160241 MB16132
KMT-2016-BLG-0049,BLG03M0804.048849,18:02:27.50,-27:26:06.11,7510.86042,170.12,0.04,22.05,19.59,19.59,1,1.55,OB160736
KMT-2016-BLG-0050,BLG03N0307.032226,18:05:16.98,-28:13:43.21,7568.38597,14.18,0.695,18.56,18.57,18.57,1,0.78,OB161150
KMT-2016-BLG-0051,BLG03N0308.007223,18:05:25.03,-28:00:20.09,7557.00412,20.28,0.062,18.81,17.23,17.23,1,0.86,OB160980 OB161020 MB16328
KMT-2016-BLG-0052,SSO03N0507.005293,18:04:04.20,-28:13:45.08,7574.1396,8.09,0.083,16.69,16.69,16.69,1,0.91,OB161165 MB16353
KMT-2016-BLG-0053,BLG03N0507.092702,18:04:01.21,-28:08:04.20,7566.72703,102.29,0.097,20.55,20.0,20.43,1,0.98,OB160923
KMT-2016-BLG-0054,BLG03N0603.004150,18:03:26.13,-28:39:40.28,7470.80693,53.67,0.455,18.98,16.24,16.24,1,0.88,
KMT-2016-BLG-0055,SAO03N0603.007438,18:03:43.07,-28:43:21.11,7499.53103,18.47,0.955,17.15,17.17,17.17,1,0.8,OB160546
KMT-2016-BLG-0056,BLG03N0605.012896,18:03:22.85,-28:29:57.52,7584.32973,33.03,0.895,17.78,17.77,17.77,1,0.9,OB160995
KMT-2016-BLG-0057,BLG03N0608.021037,18:03:20.18,-28:02:41.32,7569.77808,15.83,0.311,20.36,18.39,18.39,1,0.84,
KMT-2016-BLG-0058,BLG03N0705.028287,18:03:02.98,-28:24:20.81,7490.58122,15.75,0.686,19.12,18.59,18.59,1,1.0,OB160584
KMT-2016-BLG-0059,BLG03N0808.091069,18:02:35.97,-28:00:40.50,7592.66243,197.99,0.017,23.5,20.0,20.5,1,1.21,OB161378
KMT-2016-BLG-0060,SAO03T0102.053419,18:01:27.83,-28:51:16.49,7506.46455,16.32,0.499,19.99,19.16,19.16,1,0.98,OB160777
KMT-2016-BLG-0061,BLG03T0203.040943,18:00:58.00,-28:41:34.51,7604.9586,51.82,0.348,18.78,18.75,18.75,1,1.06,OB161216
KMT-2016-BLG-0062,SAO03T0203.069872,18:00:54.04,-28:44:26.09,7521.66492,18.16,0.137,19.81,19.39,19.39,1,0.97,OB160858
KMT-2016-BLG-0063,BLG03T0203.086460,18:01:07.35,-28:40:40.69,7593.8501,35.67,0.468,19.82,19.82,19.82,1,1.08,OB161394
KMT-2016-BLG-0064,BLG03T0403.060018,17:59:44.26,-28:41:50.78,7577.14593,28.99,0.07,19.77,19.18,19.18,1,1.17,OB161211 OB161274 MB16379
KMT-2016-BLG-0065,BLG03T0408.019392,18:00:04.35,-28:06:55.12,7617.57988,67.24,0.18,18.94,18.5,18.5,1,1.52,OB161188 MB16467
KMT-2016-BLG-0066,SAO03T0408.076351,17:59:44.17,-28:01:57.22,7525.0616,6.38,0.285,20.22,20.0,20.05,1,1.84,OB160875
KMT-2016-BLG-0067,SAO03T0502.018443,17:59:18.18,-28:50:25.91,7521.2823,163.01,0.023,22.94,17.98,17.98,1,1.1,
KMT-2016-BLG-0068,SAO03T0505.020852,17:59:16.43,-28:26:07.69,7526.81241,2.58,0.685,18.21,18.25,18.25,1,1.34,OB160885
KMT-2016-BLG-0069,SAO03T0601.003674,17:58:35.72,-28:57:22.00,7533.09396,7.84,0.966,16.27,15.78,15.78,1,0.96,OB160888
KMT-2016-BLG-0070,SAO03T0603.044542,17:58:47.58,-28:43:30.00,7507.57382,37.15,0.082,21.41,18.95,18.95,1,1.2,OB160784
KMT-2016-BLG-0071,SAO03T0604.055231,17:58:46.07,-28:36:13.10,7528.12596,7.45,0.11,21.18,19.4,19.4,1,1.54,
KMT-2016-BLG-0072,SAO03T0703.038200,17:58:18.80,-28:42:19.51,7546.81258,129.04,0.033,21.47,18.99,18.99,1,1.41,OB160896
KMT-2016-BLG-0073,SAO03T0705.078401,17:58:00.21,-28:24:03.20,7495.24684,54.18,0.027,24.33,20.0,20.03,1,1.62,
KMT-2016-BLG-0074,SAO03T0708.062828,17:58:21.85,-28:01:53.51,7522.5526,8.32,0.291,20.52,20.0,20.25,1,2.27,
KMT-2016-BLG-0075,SSO03T0805.067995,17:57:49.14,-28:26:30.98,7443.86039,24.6,0.374,18.78,19.74,19.74,1,1.68,OB160012 MB16013
KMT-2016-BLG-0076,SAO03T0808.069872,17:57:45.61,-28:00:26.10,7513.81609,60.48,0.044,23.57,20.0,20.38,1,2.57,OB160823
KMT-2016-BLG-0077,BLG42K0101.029383,17:53:27.03,-29:02:36.10,7491.98183,41.99,0.503,19.99,18.64,18.64,1,2.37,OB160553
KMT-2016-BLG-0078,SAO42K0101.041042,17:53:48.96,-29:05:07.69,7499.14821,19.6,0.771,18.92,18.99,18.99,1,1.9,OB160610
KMT-2016-BLG-0079,SAO42K0104.005663,17:53:42.92,-28:42:07.31,7542.10376,24.32,0.189,20.93,17.48,17.48,2,2.1,OB160938
KMT-2016-BLG-0080,BLG42K0201.014924,17:53:23.12,-29:04:03.22,7499.17402,55.08,0.537,18.63,18.02,18.02,1,2.37,OB160403
KMT-2016-BLG-0081,BLG42K0201.024207,17:53:23.98,-29:02:28.72,7477.09162,31.1,0.448,18.7,18.75,18.75,1,2.6,OB160301
KMT-2016-BLG-0082,SAO42K0201.073671,17:53:12.92,-29:05:07.12,7539.91899,10.98,0.058,21.83,20.0,20.18,1,2.52,
KMT-2016-BLG-0083,BLG42K0202.002774,17:52:58.65,-28:54:36.11,7619.92853,38.5,0.906,17.88,16.89,16.89,2,3.03,
KMT-2016-BLG-0084,SAO42K0204.006190,17:53:09.37,-28:40:03.90,7493.67921,99.7,0.008,23.98,17.8,17.8,2,2.82,OB160674
KMT-2016-BLG-0085,SAO42K0206.020251,17:53:14.55,-28:27:02.45,7548.74146,12.22,0.058,21.81,20.0,20.31,2,2.38,OB161009
KMT-2016-BLG-0086,BLG42K0401.020630,17:51:56.40,-29:05:21.41,7602.8127,49.01,0.675,19.8,19.78,19.78,2,3.25,OB161491
KMT-2016-BLG-0087,SAO42K0502.011587,17:51:28.51,-28:51:32.08,7491.17036,26.76,0.321,19.98,19.97,19.97,2,4.1,OB160555
KMT-2016-BLG-0088,SAO42K0502.016861,17:51:29.76,-28:54:21.82,7488.05842,13.03,0.135,20.25,19.74,19.74,2,3.7,OB160554 OB160600
KMT-2016-BLG-0089,BLG42M0105.010054,17:58:39.88,-28:31:47.60,7530.29191,139.71,0.004,20.64,17.64,17.64,1,1.54,OB160548 MB16242
KMT-2016-BLG-0090,BLG42M0401.073004,17:56:37.09,-29:01:12.11,7543.44098,37.62,0.015,22.04,20.0,20.11,1,2.32,MB16296
KMT-2016-BLG-0091,SAO42M0402.001412,17:56:44.62,-28:51:54.50,7495.35636,4.87,0.789,18.52,15.53,15.53,1,2.08,
KMT-2016-BLG-0092,SAO42M0403.027375,17:56:49.39,-28:48:44.89,7544.70867,26.42,0.061,20.95,18.93,18.93,1,2.01,OB160971 MB16307
KMT-2016-BLG-0093,BLG42M0404.069570,17:56:42.23,-28:41:38.00,7561.06982,22.86,0.567,19.65,19.71,19.71,1,1.82,
KMT-2016-BLG-0094,BLG42M0501.051518,17:56:12.23,-29:00:17.78,7555.40564,18.49,0.465,20.4,19.91,19.91,1,2.49,
KMT-2016-BLG-0095,SAO42M0501.063344,17:56:29.28,-28:58:43.61,7517.54056,21.13,0.071,20.26,20.0,20.19,1,2.58,MB16233
KMT-2016-BLG-0096,BLG42M0504.028368,17:56:20.38,-28:42:39.60,7561.40733,4.65,0.405,19.49,18.7,18.7,1,1.76,OB161162
KMT-2016-BLG-0097,SAO42M0602.010297,17:55:56.66,-28:53:00.46,7572.20206,24.99,0.106,19.22,19.03,19.03,2,1.74,OB161163 MB16346
KMT-2016-BLG-0098,SAO42M0602.028920,17:55:34.79,-28:57:57.24,7576.07447,19.64,0.268,20.37,18.92,18.92,4,1.76,OB161267
KMT-2016-BLG-0099,SAO42M0603.003051,17:55:43.20,-28:50:09.31,7564.68408,38.38,0.201,19.92,16.43,16.43,2,1.98,
KMT-2016-BLG-0100,SAO42M0607.011687,17:55:35.20,-28:19:05.63,7511.25353,22.76,0.216,19.83,20.0,21.01,2,2.61,
KMT-2016-BLG-0101,BLG42M0702.025407,17:54:52.57,-28:57:16.09,7490.51001,39.04,0.783,18.95,18.91,18.91,1,1.91,OB160580
KMT-2016-BLG-0102,SAO42M0705.018379,17:55:03.17,-28:32:36.28,7503.42064,10.28,0.16,19.97,19.03,19.03,2,2.37,
KMT-2016-BLG-0103,BLG42M0707.022243,17:54:59.98,-28:16:23.56,7488.51888,6.3,0.586,19.86,20.0,20.05,2,2.69,OB160614
KMT-2016-BLG-0104,BLG42M0801.006213,17:54:23.72,-29:05:20.11,7460.02377,23.5,0.849,16.33,16.34,16.34,1,1.72,OB160061 OB160131 MB16042
KMT-2016-BLG-0105,SAO42M0801.076235,17:54:20.41,-29:00:21.38,7539.37705,5.6,0.61,19.59,19.59,19.59,1,1.79,
KMT-2016-BLG-0106,SAO42M0802.009154,17:54:17.90,-28:55:15.74,7488.70668,21.41,0.236,17.78,17.77,17.77,2,1.72,MB16123
KMT-2016-BLG-0107,BLG42M0803.009668,17:54:27.48,-28:46:28.96,7549.86973,15.4,0.486,17.89,17.88,17.88,2,2.0,OB160937 MB16282
KMT-2016-BLG-0108,SAO42T0308.001230,17:52:26.75,-29:13:31.91,7488.75752,14.56,1.0,16.93,15.59,15.59,1,2.54,OB160547 OB160575 MB16135
KMT-2016-BLG-0109,SAO42T0308.041238,17:52:17.99,-29:16:38.32,7516.96436,47.39,0.062,22.69,19.85,19.85,1,2.85,
KMT-2016-BLG-0110,SAO43K0301.008383,18:00:14.13,-27:58:25.50,7530.06283,41.94,0.917,17.79,17.5,17.5,1,1.69,OB160576
KMT-2016-BLG-0111,SAO43K0401.001130,17:59:18.87,-27:59:41.10,7562.07584,23.14,0.265,15.37,15.21,15.21,1,1.89,MB16254
KMT-2016-BLG-0112,SAO43K0405.024145,17:59:40.70,-27:26:17.99,7648.41245,20.29,0.921,19.38,19.01,19.01,1,2.13,
KMT-2016-BLG-0113,BLG43K0504.016526,17:58:52.32,-27:36:48.82,7581.59823,199.96,0.003,22.53,18.46,18.46,1,2.02,OB161190 MB16383
KMT-2016-BLG-0114,SAO43K0505.001126,17:58:59.02,-27:23:59.89,7513.77397,102.08,0.045,21.57,15.21,15.21,1,1.81,
KMT-2016-BLG-0115,SAO43K0601.005501,17:58:15.57,-27:57:48.82,7556.80635,14.78,0.297,17.63,17.27,17.27,1,2.63,OB160940 MB16315
KMT-2016-BLG-0116,SAO43K0604.005286,17:58:21.19,-27:32:11.51,7503.3672,12.09,0.8,17.92,16.72,16.72,1,2.01,OB160640
KMT-2016-BLG-0117,SAO43K0604.036016,17:58:34.72,-27:36:54.00,7506.37978,18.38,0.032,20.68,19.25,19.25,1,1.84,OB160768 MB16207
KMT-2016-BLG-0118,SAO43K0604.069768,17:58:15.74,-27:32:18.10,7582.18198,15.32,0.475,19.95,20.0,20.16,1,2.08,OB161281
KMT-2016-BLG-0119,BLG43K0701.001878,17:57:57.69,-27:53:52.76,7521.64495,6.88,0.999,16.88,16.76,16.76,2,2.53,OB160855
KMT-2016-BLG-0120,SAO43K0704.034003,17:58:00.72,-27:32:50.10,7517.23538,5.17,0.48,20.07,20.0,20.4,1,2.37,
KMT-2016-BLG-0121,SAO43K0801.009715,17:57:09.43,-27:57:18.36,7495.4691,9.79,0.999,18.6,18.5,18.5,2,2.42,OB160615
KMT-2016-BLG-0122,SAO43M0105.024844,18:05:59.05,-27:28:23.59,7577.21678,40.12,0.099,20.96,18.47,18.47,1,0.75,MB16392
KMT-2016-BLG-0123,BLG43M0203.092105,18:05:30.83,-27:39:47.20,7577.67039,14.14,0.107,19.91,20.0,20.34,1,1.09,OB161286
KMT-2016-BLG-0124,SAO43M0302.011608,18:05:01.18,-27:45:45.90,7525.5997,40.7,0.016,22.68,17.86,17.86,1,0.93,OB160878
KMT-2016-BLG-0125,BLG43M0308.047159,18:05:03.03,-27:04:29.32,7498.97959,22.45,0.389,19.14,19.29,19.29,1,1.07,
KMT-2016-BLG-0126,BLG43M0401.025970,18:04:35.33,-27:53:22.49,7568.74666,4.97,0.71,19.23,18.65,18.65,1,1.13,OB161196
KMT-2016-BLG-0127,SAO43M0408.001814,18:04:19.76,-27:02:14.71,7431.29259,106.22,0.002,15.49,15.48,15.48,1,1.22,OB152093 MB16022
KMT-2016-BLG-0128,BLG43M0502.055878,18:03:43.59,-27:51:35.10,7567.25091,15.77,0.004,21.07,19.41,19.41,1,1.08,OB161206 MB16352
KMT-2016-BLG-0129,SAO43M0602.036388,18:03:08.11,-27:52:15.49,7534.76136,9.07,0.408,19.07,19.01,19.01,1,1.27,OB160920
KMT-2016-BLG-0130,SAO43M0603.073840,18:03:20.90,-27:38:31.60,7513.16165,4.03,0.454,19.71,19.78,19.78,1,1.13,OB160826
KMT-2016-BLG-0131,SAO43M0702.020921,18:02:43.57,-27:47:30.91,7511.14055,12.09,0.813,18.54,18.49,18.49,1,1.32,OB160792
KMT-2016-BLG-0132,BLG43M0703.059231,18:02:42.54,-27:44:21.08,7537.28035,10.31,0.66,19.44,19.51,19.51,1,1.39,OB160921
KMT-2016-BLG-0133,BLG43N0205.057252,18:05:33.79,-28:32:34.12,7562.67121,4.35,0.156,19.91,19.56,19.56,1,0.93,
KMT-2016-BLG-0134,SAO43N0304.000597,18:04:57.02,-28:37:40.12,7552.22232,7.03,0.672,14.45,14.46,14.46,1,0.83,OB160975 MB16290
KMT-2016-BLG-0135,BLG43N0304.010667,18:04:59.57,-28:39:29.70,7454.16736,60.13,0.154,19.89,17.76,17.76,1,0.92,OB160161
KMT-2016-BLG-0136,SAO43N0307.082761,18:05:04.64,-28:20:59.71,7543.18636,6.79,0.143,20.03,20.0,20.09,1,0.96,OB160978 MB16298
KMT-2016-BLG-0137,BLG43N0405.048035,18:04:20.22,-28:30:34.49,7530.00578,75.2,0.04,22.48,19.06,19.06,1,0.96,OB160898
KMT-2016-BLG-0138,SAO43N0408.037851,18:04:09.39,-28:10:36.91,7505.17787,9.67,0.054,21.25,18.82,18.82,1,0.92,
KMT-2016-BLG-0139,SAO43N0505.031466,18:04:06.84,-28:35:54.82,7567.7954,13.18,0.603,18.82,18.68,18.68,1,0.89,OB161148
KMT-2016-BLG-0140,SAO43N0506.005893,18:03:54.31,-28:29:34.91,7546.00527,9.56,0.354,18.79,16.81,16.81,1,0.95,OB160979 MB16316
KMT-2016-BLG-0141,SAO43N0507.008514,18:03:51.42,-28:18:43.31,7537.81679,24.45,0.18,19.61,17.3,17.3,1,0.89,OB160946
KMT-2016-BLG-0142,SAO43N0508.032118,18:03:50.73,-28:07:50.30,7536.2595,7.43,0.148,21.16,18.77,18.77,1,1.07,OB160948
KMT-2016-BLG-0143,SAO43N0508.032362,18:04:00.26,-28:09:18.61,7512.6044,4.27,0.136,18.72,18.77,18.77,1,0.96,OB160795 MB16223
KMT-2016-BLG-0144,SAO43N0607.013928,18:03:27.80,-28:22:23.48,7573.37777,2.15,0.52,18.17,17.81,17.81,1,0.86,OB161268
KMT-2016-BLG-0145,BLG43N0607.081332,18:03:21.02,-28:17:14.50,7563.12745,38.31,0.227,21.1,19.71,19.71,1,0.89,
KMT-2016-BLG-0146,BLG43N0608.055852,18:03:02.80,-28:08:50.21,7477.43158,21.76,0.28,19.63,19.22,19.22,1,0.82,OB160472
KMT-2016-BLG-0147,SAO43T0203.106462,18:00:59.78,-28:47:11.80,7516.06399,20.55,0.113,21.88,20.0,20.31,1,0.9,
KMT-2016-BLG-0148,SAO43T0205.089077,18:00:33.06,-28:31:07.21,7504.3197,3.86,0.326,19.71,19.98,19.98,1,1.29,
KMT-2016-BLG-0149,SAO43T0304.046463,17:59:54.32,-28:41:07.80,7542.15814,7.04,0.097,18.82,18.87,18.87,1,1.27,OB160914 MB16283
KMT-2016-BLG-0150,SAO43T0402.050902,17:59:26.11,-28:54:15.01,7558.01612,45.5,0.084,19.43,18.95,18.95,1,1.15,
KMT-2016-BLG-0151,SAO43T0406.064297,17:59:32.79,-28:24:26.50,7511.33379,2.87,0.171,19.57,19.43,19.43,1,1.41,OB160813 MB16222
KMT-2016-BLG-0152,BLG43T0502.004621,17:59:00.42,-28:55:40.19,7469.95838,32.3,1.0,15.89,15.93,15.93,1,1.01,OB160126 MB16059
KMT-2016-BLG-0153,SAO43T0504.009779,17:59:06.50,-28:44:03.80,7515.4112,14.48,0.897,17.33,17.28,17.28,1,1.23,OB160723 MB16235
KMT-2016-BLG-0154,SAO43T0605.068683,17:58:33.20,-28:37:03.90,7510.6777,7.98,0.11,19.74,19.77,19.77,1,1.56,OB160770
KMT-2016-BLG-0155,BLG43T0607.016372,17:58:28.32,-28:16:29.10,7566.9194,7.85,0.1,20.64,18.27,18.27,1,1.55,OB161189
KMT-2016-BLG-0156,SAO43T0702.054742,17:57:50.66,-28:58:21.68,7490.80718,34.85,0.069,21.14,19.31,19.31,1,1.59,OB160579
KMT-2016-BLG-0157,SAO43T0707.013692,17:57:45.40,-28:20:07.40,7487.75734,15.34,0.102,19.75,17.93,17.93,1,1.61,OB160558
KMT-2016-BLG-0158,BLG43T0707.085740,17:57:50.90,-28:19:52.10,7493.81003,183.05,0.009,20.16,20.0,20.07,1,1.6,OB160549
KMT-2016-BLG-0159,BLG43T0802.022508,17:57:14.69,-28:52:51.38,7494.14279,14.18,0.587,18.45,18.49,18.49,1,1.6,OB160724
KMT-2016-BLG-0160,SAO43T0806.001454,17:57:14.00,-28:28:50.70,7502.27423,26.06,0.604,15.65,15.41,15.41,1,1.73,OB160450 MB16179
KMT-2016-BLG-0161,SAO43T0807.008526,17:57:03.78,-28:16:02.78,7510.05455,37.81,0.353,18.98,17.26,17.26,1,1.9,OB160602 OB160639
KMT-2016-BLG-0162,BLG43T0807.039538,17:57:20.53,-28:18:34.09,7504.20312,7.25,0.032,19.31,19.14,19.14,1,1.81,MB16284
KMT-2016-BLG-0163,SAO02K0101.015137,17:54:13.85,-28:57:10.58,7502.51284,20.45,0.972,18.63,17.82,17.82,1,1.71,OB160731
KMT-2016-BLG-0164,BLG02K0104.012652,17:53:57.71,-28:34:21.86,7467.5159,120.16,0.849,19.6,19.35,19.35,2,2.39,OB140613
KMT-2016-BLG-0165,SAO02K0401.016390,17:52:11.12,-28:54:19.94,7604.71231,43.5,0.288,21.59,19.04,19.04,2,2.87,
KMT-2016-BLG-0166,BLG02M0102.058202,17:58:56.15,-28:43:23.09,7596.16224,76.03,0.477,19.1,19.09,19.09,1,1.21,OB160969
KMT-2016-BLG-0167,BLG02M0106.008704,17:58:55.25,-28:15:12.60,7436.45499,36.98,0.305,19.67,17.48,17.48,1,1.51,OB160014
KMT-2016-BLG-0168,BLG02M0201.034231,17:58:32.80,-28:51:23.80,7624.67043,67.09,0.292,20.06,18.77,18.77,1,1.18,OB161583
KMT-2016-BLG-0169,BLG02M0207.042090,17:58:07.77,-28:11:57.30,7481.15133,29.25,0.343,20.51,19.62,19.62,1,2.18,
KMT-2016-BLG-0170,BLG02M0401.011373,17:57:14.08,-28:56:59.50,7640.26293,22.9,0.382,20.0,17.72,17.72,1,1.52,OB161687
KMT-2016-BLG-0171,BLG02M0407.022329,17:57:15.23,-28:06:23.62,7587.31557,86.97,0.671,18.67,18.68,18.68,1,1.81,OB160766
KMT-2016-BLG-0172,BLG02M0501.035978,17:56:25.45,-28:50:48.01,7570.17571,24.39,0.791,19.68,19.31,19.31,1,2.08,
KMT-2016-BLG-0173,SAO02M0502.082425,17:56:39.11,-28:45:33.91,7547.89783,4.74,0.777,20.03,20.0,20.1,1,1.94,
KMT-2016-BLG-0174,BLG02M0503.056950,17:56:48.58,-28:39:19.01,7569.76129,2.2,0.087,19.71,19.34,19.34,1,1.76,OB161231 MB16368
KMT-2016-BLG-0175,SAO02M0606.022872,17:56:02.68,-28:16:09.34,7496.72049,13.4,0.174,20.67,20.0,20.08,2,2.44,OB160662
KMT-2016-BLG-0176,SAO02M0705.008860,17:55:11.28,-28:21:30.06,7520.1133,16.46,0.024,21.68,18.02,18.02,2,2.83,OB160863
KMT-2016-BLG-0177,BLG02M0801.010076,17:54:58.79,-28:56:34.80,7556.04002,16.28,0.899,18.51,17.4,17.4,1,1.86,OB160968
KMT-2016-BLG-0178,BLG02M0804.013856,17:54:32.40,-28:33:44.93,7480.08551,8.93,0.928,18.69,18.68,18.68,2,2.09,OB160556 MB16144
KMT-2016-BLG-0179,SAO02M0804.018628,17:54:47.40,-28:29:36.46,7488.55039,25.88,0.074,20.21,19.02,19.02,2,2.27,MB16158
KMT-2016-BLG-0180,SAO02M0806.017624,17:54:50.52,-28:19:07.39,7527.75826,11.14,0.458,19.2,19.52,19.52,2,2.62,
KMT-2016-BLG-0181,SAO02N0708.002065,17:55:27.66,-29:07:26.44,7504.20738,1.78,0.491,16.98,15.66,15.66,4,1.92,
KMT-2016-BLG-0182,SAO02N0808.005726,17:55:03.00,-29:09:16.20,7676.80949,51.53,0.795,18.28,16.87,16.87,2,2.27,OB161922
KMT-2016-BLG-0183,SAO02T0308.035372,17:52:45.04,-29:05:42.61,7568.52474,20.92,0.011,22.54,19.17,19.17,1,2.45,OB161245
KMT-2016-BLG-0184,BLG03K0403.018737,17:59:52.75,-27:31:58.40,7444.62041,40.91,0.462,19.51,18.62,18.62,1,2.01,
KMT-2016-BLG-0185,SAO03K0403.077923,17:59:46.65,-27:31:14.81,7577.67826,6.84,0.391,20.09,20.0,20.45,1,1.95,
KMT-2016-BLG-0186,BLG03K0601.058261,17:58:35.83,-27:52:24.49,7641.46694,88.8,0.145,21.96,20.0,20.13,1,2.59,
KMT-2016-BLG-0187,SAO03K0603.058096,17:58:46.29,-27:36:26.32,7511.24197,6.95,0.784,19.77,19.75,19.75,1,1.9,
KMT-2016-BLG-0188,BLG03K0603.076962,17:58:55.15,-27:34:48.29,7446.25217,38.75,0.388,21.02,20.0,20.36,1,1.86,
KMT-2016-BLG-0189,SAO03K0702.030881,17:57:58.92,-27:43:17.87,7544.94538,15.64,0.636,19.63,20.0,20.05,2,2.13,OB161058
KMT-2016-BLG-0190,BLG03M0206.079172,18:05:52.92,-27:10:39.68,7449.14194,52.11,0.453,20.89,19.95,19.95,1,0.93,
KMT-2016-BLG-0191,SAO03M0506.064263,18:04:07.67,-27:09:25.31,7543.99871,4.88,0.877,19.26,19.54,19.54,1,1.07,
KMT-2016-BLG-0192,BLG03M0508.029108,18:04:13.39,-26:54:31.72,7630.88985,52.03,0.363,20.26,18.99,18.99,1,1.32,OB161608
KMT-2016-BLG-0193,SAO03M0605.038926,18:03:34.46,-27:22:08.51,7536.99835,5.93,0.78,19.46,19.49,19.49,1,1.32,
KMT-2016-BLG-0194,BLG03N0207.046002,18:05:50.40,-28:08:22.60,7552.31368,34.61,0.195,21.74,19.06,19.06,1,0.83,
KMT-2016-BLG-0195,BLG03N0407.000646,18:04:35.30,-28:11:09.20,7439.14848,55.83,0.717,17.27,14.43,14.43,1,0.95,MB16034
KMT-2016-BLG-0196,SAO03N0707.101934,18:02:56.95,-28:08:58.81,7526.1031,8.93,0.454,20.2,20.0,20.48,1,0.84,
KMT-2016-BLG-0197,SAO03N0708.005138,18:02:41.95,-28:02:09.31,7511.81396,4.73,0.878,19.35,16.49,16.49,1,1.14,
KMT-2016-BLG-0198,BLG03N0808.079400,18:02:34.73,-28:00:23.18,7490.71143,11.6,0.657,19.81,19.91,19.91,1,1.28,
KMT-2016-BLG-0199,BLG03T0302.003992,18:00:12.34,-28:49:59.70,7587.96854,27.01,1.0,17.36,15.81,15.81,1,1.0,OB161217 MB16369
KMT-2016-BLG-0200,BLG03T0402.085663,17:59:56.02,-28:51:34.42,7446.65111,54.65,0.508,19.72,19.74,19.74,1,1.07,OB160218
KMT-2016-BLG-0201,SAO03T0402.097588,18:00:04.49,-28:47:27.60,7517.80799,25.85,0.171,22.03,20.0,20.15,1,1.02,
KMT-2016-BLG-0202,SAO03T0403.001695,17:59:46.60,-28:38:41.71,7449.67494,62.94,0.962,16.33,15.19,15.19,1,1.3,OB150029
KMT-2016-BLG-0203,SAO03T0403.095220,17:59:45.24,-28:42:34.60,7536.41373,7.29,0.497,19.99,20.0,20.16,1,1.17,
KMT-2016-BLG-0204,SAO03T0406.046881,17:59:55.74,-28:21:00.79,7559.19282,15.69,0.853,19.04,19.08,19.08,1,1.35,OB161111
KMT-2016-BLG-0205,SAO03T0408.023416,17:59:43.41,-28:07:05.70,7548.35436,59.53,0.115,21.37,18.68,18.68,1,1.49,
KMT-2016-BLG-0206,SAO03T0602.051615,17:58:58.05,-28:46:47.32,7572.35172,1.49,0.234,17.86,18.96,18.96,1,1.06,
KMT-2016-BLG-0207,SAO03T0703.002797,17:58:01.82,-28:41:51.68,7528.40601,76.34,0.401,19.86,15.89,15.89,1,1.42,
KMT-2016-BLG-0208,BLG03T0801.007043,17:57:31.89,-28:58:14.02,7619.19345,20.67,0.96,17.76,17.06,17.06,1,1.42,
KMT-2016-BLG-0209,SAO03T0801.093336,17:57:26.96,-28:53:10.28,7502.60974,6.63,0.079,20.25,20.0,20.21,1,1.41,
KMT-2016-BLG-0210,SAO03T0802.004457,17:57:40.88,-28:48:54.90,7566.04878,24.2,1.0,17.61,16.14,16.14,1,1.26,OB160970
KMT-2016-BLG-0211,SAO42K0101.001550,17:53:38.69,-29:04:50.41,7513.04254,4.24,0.59,18.66,15.21,15.21,1,2.12,
KMT-2016-BLG-0212,BLG42K0101.050935,17:53:45.42,-29:05:12.80,7466.38892,22.51,0.397,20.44,19.22,19.22,1,1.9,
KMT-2016-BLG-0213,SAO42K0301.016684,17:52:27.70,-28:59:35.99,7568.89474,8.29,0.047,21.37,18.46,18.46,1,2.85,OB161246
KMT-2016-BLG-0214,BLG42M0103.013574,17:58:18.99,-28:48:12.49,7639.94757,33.59,0.943,17.89,17.69,17.69,1,1.24,OB161557
KMT-2016-BLG-0215,SSO42M0301.088492,17:57:33.71,-29:00:52.20,7552.60562,12.44,0.185,22.46,19.97,19.97,1,1.5,
KMT-2016-BLG-0216,BLG42M0405.089605,17:56:46.15,-28:29:58.60,7592.61443,58.57,0.157,21.87,20.0,20.51,1,1.81,
KMT-2016-BLG-0217,BLG42M0406.050925,17:56:44.65,-28:24:47.99,7467.40851,71.83,0.199,20.49,19.52,19.52,1,2.02,OB160306
KMT-2016-BLG-0218,SAO42M0501.087744,17:56:09.86,-28:59:26.09,7522.30426,5.68,0.851,20.01,20.0,20.98,1,2.12,
KMT-2016-BLG-0219,BLG42M0504.063023,17:56:33.13,-28:37:42.38,7606.93262,29.83,0.103,22.66,19.48,19.48,1,1.61,
KMT-2016-BLG-0220,SSO42M0604.009640,17:55:41.87,-28:42:36.18,7685.05343,31.95,0.076,19.41,17.68,17.68,4,2.12,OB161925
KMT-2016-BLG-0221,BLG42M0607.002009,17:55:51.96,-28:15:56.20,7462.29657,25.74,0.995,17.14,16.79,16.79,2,2.57,OB160191
KMT-2016-BLG-0222,BLG42T0108.043757,17:53:34.29,-29:14:06.40,7472.18821,163.99,0.036,22.69,19.1,19.1,1,2.04,OB160512
KMT-2016-BLG-0223,SAO42T0208.066146,17:53:19.01,-29:14:47.18,7507.25212,26.85,0.712,19.91,19.88,19.88,1,2.09,
KMT-2016-BLG-0224,SAO43K0404.006904,17:59:38.59,-27:30:32.51,7512.45471,7.41,1.0,19.3,17.18,17.18,1,1.85,
KMT-2016-BLG-0225,BLG43K0504.009223,17:58:46.87,-27:34:44.29,7448.7575,37.98,0.785,19.46,17.63,17.63,1,1.9,
KMT-2016-BLG-0226,SAO43K0701.032823,17:57:52.88,-28:00:29.20,7521.57627,3.71,0.994,19.96,20.0,20.03,1,2.57,
KMT-2016-BLG-0227,SAO43K0801.009868,17:57:03.29,-27:55:38.06,7541.56815,7.93,0.264,20.37,19.47,19.47,2,2.63,
KMT-2016-BLG-0228,SAO43M0302.092556,18:05:05.33,-27:49:20.89,7538.10259,9.61,0.409,20.01,20.0,20.34,1,0.92,OB160935
KMT-2016-BLG-0229,SAO43M0306.077209,18:04:46.25,-27:17:37.00,7520.41223,10.49,0.214,20.13,19.85,19.85,1,0.95,
KMT-2016-BLG-0230,BLG43M0408.023200,18:04:18.40,-27:00:04.61,7518.95021,54.13,0.333,20.37,18.58,18.58,1,1.2,OB160774
KMT-2016-BLG-0231,SAO43M0705.042484,18:02:35.34,-27:29:08.41,7500.36462,3.86,0.668,19.5,19.41,19.41,1,1.65,
KMT-2016-BLG-0232,BLG43M0805.074253,18:02:13.92,-27:27:24.98,7550.03156,3.7,0.934,19.93,20.0,20.24,1,1.69,
KMT-2016-BLG-0233,SSO43N0405.005599,18:04:22.81,-28:33:32.00,7515.96266,65.43,0.026,22.96,16.83,16.83,1,0.94,
KMT-2016-BLG-0234,SAO43N0604.047337,18:03:26.49,-28:42:04.28,7547.98743,5.0,0.884,19.88,18.98,18.98,1,0.8,
KMT-2016-BLG-0235,BLG43N0605.095879,18:03:27.86,-28:31:45.08,7598.17739,7.75,0.745,19.97,20.0,20.57,1,0.95,
KMT-2016-BLG-0236,BLG43T0307.079375,18:00:02.33,-28:22:18.59,7525.3874,67.46,0.276,21.1,19.73,19.73,1,1.37,
KMT-2016-BLG-0237,SAO43T0502.019625,17:59:14.56,-28:55:51.82,7530.21775,5.01,0.803,18.88,18.01,18.01,1,1.07,
KMT-2016-BLG-0238,SAO43T0505.089631,17:59:11.82,-28:37:14.30,7547.80066,7.57,0.451,20.19,20.0,20.25,1,1.34,
KMT-2016-BLG-0239,SAO43T0506.073816,17:59:08.16,-28:28:36.01,7546.1816,71.56,0.033,22.96,19.55,19.55,1,1.38,
KMT-2016-BLG-0240,SAO43T0608.042683,17:58:31.26,-28:11:37.28,7585.54646,177.12,0.037,22.59,19.65,19.65,1,1.97,OB161341
KMT-2016-BLG-0241,BLG43T0704.006351,17:57:50.53,-28:43:46.99,7677.92,199.72,0.068,21.81,16.79,16.79,1,1.31,OB161924
KMT-2016-BLG-0242,SAO43T0706.064415,17:57:59.98,-28:27:54.90,7571.46381,3.94,0.775,19.69,19.68,19.68,1,1.73,
KMT-2016-BLG-0243,SAO43T0707.002989,17:57:45.49,-28:17:07.51,7529.92179,27.26,0.957,19.76,15.89,15.89,1,1.65,
KMT-2016-BLG-0244,SAO43T0808.017962,17:57:27.93,-28:11:19.39,7580.16747,10.49,0.587,20.74,18.45,18.45,1,1.83,
KMT-2016-BLG-0245,SAO15M0102.015300,17:41:02.84,-26:32:07.01,7494.90268,29.27,0.265,19.93,20.0,20.82,2,3.22,OB160697
KMT-2016-BLG-0246,BLG15M0808.001290,17:37:29.60,-25:43:21.83,7511.8996,38.94,0.738,18.4,18.38,18.38,2,4.1,OB160720
KMT-2016-BLG-0247,BLG15N0607.008235,17:38:06.75,-27:02:58.99,7520.46828,37.0,0.18,19.97,20.0,20.31,2,2.78,OB160685 MB16415
KMT-2016-BLG-0248,SAO18K0803.000926,17:41:47.23,-26:21:32.65,7484.17511,24.9,0.467,17.06,17.06,17.06,2,3.31,OB160313
KMT-2016-BLG-0249,SAO18K0806.000602,17:41:49.77,-25:56:26.81,7510.47059,11.64,0.133,17.64,17.69,17.69,2,2.93,OB160728
KMT-2016-BLG-0250,BLG19M0503.004289,17:47:53.67,-24:14:20.58,7459.48332,52.65,0.519,17.86,17.88,17.88,2,2.27,OB160091
KMT-2016-BLG-0251,SAO20K0204.012969,17:44:58.21,-21:58:54.34,7498.91054,48.6,0.599,19.17,19.14,19.14,4,1.64,OB160497
KMT-2016-BLG-0252,BLG20N0502.008029,17:48:02.16,-23:26:35.20,7479.27667,31.63,0.757,18.45,18.48,18.48,2,1.64,OB160445
KMT-2016-BLG-0253,BLG31M0707.015043,18:14:24.49,-24:57:08.78,7438.83168,42.84,0.277,20.22,18.78,18.78,1,1.18,OB160089
KMT-2016-BLG-0254,BLG31N0707.026269,18:14:17.47,-26:07:34.28,7500.94533,132.31,0.357,19.07,19.09,19.09,1,0.99,OB160141 MB16146
KMT-2016-BLG-0255,SAO31T0401.001427,18:11:21.81,-26:50:24.11,7534.97371,28.54,0.514,15.66,15.68,15.68,1,1.06,OB160620 MB16183
KMT-2016-BLG-0256,BLG32K0701.014326,18:07:14.09,-27:50:31.09,7470.62992,47.0,0.782,18.45,18.24,18.24,1,0.99,OB160211
KMT-2016-BLG-0257,SAO32M0605.034887,18:12:31.62,-27:16:36.52,7511.65187,36.93,0.066,19.33,19.06,19.06,1,0.61,OB160818 MB16197
KMT-2016-BLG-0258,SAO32M0703.020707,18:12:06.62,-27:35:06.90,7507.73278,18.29,0.086,18.46,18.41,18.41,1,0.63,OB160679 MB16189
KMT-2016-BLG-0259,SAO35M0207.000973,18:08:12.15,-24:56:47.58,7459.03913,69.16,0.083,15.79,15.78,15.78,4,2.26,OB152112 MB16031
KMT-2016-BLG-0260,BLG35N0402.002869,18:06:52.43,-26:44:01.50,7479.63465,70.8,0.72,15.89,15.9,15.9,1,0.98,OB160079 MB16023
KMT-2016-BLG-0261,BLG35T0103.003565,18:03:47.69,-26:36:05.76,7447.43051,73.73,0.345,19.59,19.8,19.8,2,2.14,OB160027
KMT-2016-BLG-0262,BLG36T0105.001601,18:15:17.72,-24:14:01.28,7505.89898,60.48,0.251,18.56,16.07,16.07,1,1.5,OB160621 MB16175
KMT-2016-BLG-0263,SAO36T0703.000418,18:12:02.59,-24:26:11.44,7512.55602,25.51,1.0,16.55,15.54,15.54,4,2.38,OB160711
KMT-2016-BLG-0264,BLG19T0802.010885,17:41:46.51,-25:35:05.64,7465.63784,68.36,0.753,19.35,19.57,19.57,2,2.44,OB160367 OB160520
KMT-2016-BLG-0265,BLG38T0404.015108,17:53:04.38,-23:11:12.26,7487.38865,61.16,0.809,19.36,19.37,19.37,4,2.54,OB160446
KMT-2016-BLG-0266,BLG01K0101.003130,17:53:47.25,-30:59:19.61,7508.39899,8.74,1.0,17.11,16.32,16.32,1,2.0,OB160780
KMT-2016-BLG-0267,BLG01K0101.078788,17:53:45.29,-31:02:47.40,7505.05361,10.72,0.529,20.19,20.0,20.44,1,1.99,
KMT-2016-BLG-0268,SSO01K0102.002440,17:53:46.61,-30:53:17.02,7642.40316,16.65,0.3,16.23,16.1,16.1,1,1.93,OB161610 MB16500
KMT-2016-BLG-0269,SAO01K0103.005103,17:54:01.22,-30:46:38.10,7624.39532,70.49,0.008,23.13,16.9,16.9,1,1.82,OB161635
KMT-2016-BLG-0270,BLG01K0104.069849,17:53:54.99,-30:41:49.42,7491.90054,24.96,0.696,19.91,20.0,20.27,1,2.28,
KMT-2016-BLG-0271,BLG01K0105.089723,17:53:52.91,-30:32:43.69,7545.77902,16.11,0.17,19.93,20.0,20.27,1,1.49,OB161000 MB16304
KMT-2016-BLG-0272,SAO01K0105.090122,17:54:14.16,-30:30:38.09,7652.82669,15.55,0.323,20.01,20.0,20.29,1,1.46,OB161793
KMT-2016-BLG-0273,SAO01K0105.091153,17:54:00.08,-30:33:47.20,7611.98438,11.85,0.139,21.18,20.0,20.32,1,1.47,
KMT-2016-BLG-0274,BLG01K0106.021863,17:53:50.52,-30:21:43.81,7683.96594,44.52,0.401,18.23,18.54,18.54,1,1.5,OB161796 MB16610
KMT-2016-BLG-0275,SAO01K0106.074208,17:53:48.23,-30:22:28.99,7510.4879,14.68,0.203,21.8,20.0,20.21,1,1.54,
KMT-2016-BLG-0276,SAO01K0108.001616,17:53:55.65,-30:10:36.08,7502.54625,26.02,0.181,20.42,15.88,15.88,2,1.4,
KMT-2016-BLG-0277,BLG01K0108.016128,17:53:42.57,-30:04:43.10,7495.80361,3.79,0.305,18.29,18.01,18.01,1,1.58,
KMT-2016-BLG-0278,BLG01K0202.003349,17:53:20.69,-30:55:57.61,7488.62793,3.83,0.933,16.23,16.25,16.25,1,1.83,OB160589 MB16145
KMT-2016-BLG-0279,BLG01K0202.041182,17:53:10.35,-30:50:06.00,7448.69334,9.42,0.505,19.36,19.37,19.37,1,1.57,OB160245
KMT-2016-BLG-0280,BLG01K0204.052927,17:53:21.97,-30:38:39.41,7584.34088,18.24,0.722,19.95,20.0,20.03,1,2.21,
KMT-2016-BLG-0281,SAO01K0204.077377,17:53:17.38,-30:38:56.80,7577.1193,82.05,0.014,21.71,20.0,20.79,1,2.17,OB161303 MB16381
KMT-2016-BLG-0282,BLG01K0205.006485,17:53:29.35,-30:33:13.21,7571.66516,17.56,0.389,17.7,16.92,16.92,1,1.69,OB161001 MB16356
KMT-2016-BLG-0283,BLG01K0205.033528,17:53:31.78,-30:27:12.31,7587.00204,19.38,0.065,19.07,19.16,19.16,1,1.57,OB161345 OB161354 MB16424
KMT-2016-BLG-0284,SSO01K0207.023344,17:53:19.39,-30:16:47.10,7640.20852,6.49,0.025,20.88,19.68,19.68,2,1.77,
KMT-2016-BLG-0285,BLG01K0208.001662,17:53:11.99,-30:11:32.28,7535.10853,20.78,0.036,16.74,16.03,16.03,2,1.51,OB160864 MB16231
KMT-2016-BLG-0286,BLG01K0208.018886,17:53:19.62,-30:10:32.70,7448.3467,4.96,0.378,18.53,18.61,18.61,2,1.56,OB160204
KMT-2016-BLG-0287,BLG01K0208.034047,17:53:30.21,-30:08:34.94,7655.5893,14.93,0.606,18.9,18.89,18.89,4,1.43,
KMT-2016-BLG-0288,BLG01K0208.045747,17:53:38.47,-30:06:41.90,7475.96392,10.43,0.47,19.3,19.28,19.28,1,1.59,
KMT-2016-BLG-0289,SAO01K0208.057347,17:53:14.46,-30:07:49.69,7493.89287,5.38,0.051,22.47,19.69,19.69,1,1.62,
KMT-2016-BLG-0290,SAO01K0303.006771,17:52:55.36,-30:48:51.01,7618.5677,16.32,0.906,18.09,17.05,17.05,1,1.57,
KMT-2016-BLG-0291,BLG01K0303.012531,17:52:37.60,-30:45:14.62,7626.6494,199.99,0.013,23.17,18.07,18.07,1,1.87,MB16601
KMT-2016-BLG-0292,BLG01K0303.061982,17:52:54.88,-30:47:54.31,7635.67179,9.98,0.399,20.21,19.85,19.85,1,1.65,
KMT-2016-BLG-0293,BLG01K0303.080819,17:53:04.25,-30:48:00.40,7558.94895,22.26,0.155,19.94,20.0,20.29,1,1.64,OB161155
KMT-2016-BLG-0294,BLG01K0306.062385,17:52:50.64,-30:26:19.28,7449.37377,3.47,0.029,20.58,20.0,20.19,1,2.0,
KMT-2016-BLG-0295,BLG01K0308.019944,17:52:38.90,-30:04:41.92,7664.38319,4.16,0.617,18.43,18.31,18.31,1,1.65,OB161887
KMT-2016-BLG-0296,BLG01K0308.032382,17:52:39.07,-30:09:56.12,7545.25503,13.53,0.298,19.38,19.48,19.48,2,1.67,
KMT-2016-BLG-0297,BLG01K0308.034812,17:52:55.94,-30:05:24.50,7468.22131,14.93,0.19,20.78,19.01,19.01,1,1.49,OB160389
KMT-2016-BLG-0298,BLG01K0401.002367,17:51:58.90,-31:00:53.71,7609.85866,8.47,0.324,16.27,16.29,16.29,1,2.06,OB161445 MB16448
KMT-2016-BLG-0299,BLG01K0401.011312,17:51:59.84,-31:01:24.20,7653.35086,18.37,0.01,20.75,18.21,18.21,1,2.06,OB161857 MB16567
KMT-2016-BLG-0300,SSO01K0401.074814,17:52:29.09,-31:01:03.68,7552.1271,2.0,0.192,20.99,20.0,20.61,1,2.18,
KMT-2016-BLG-0301,BLG01K0403.048120,17:52:28.15,-30:45:20.81,7609.04754,9.68,0.398,21.1,19.59,19.59,1,1.92,
KMT-2016-BLG-0302,SAO01K0403.064818,17:52:07.93,-30:46:47.78,7511.8005,32.07,0.022,20.58,19.93,19.93,1,2.09,OB160821 MB16217
KMT-2016-BLG-0303,BLG01K0406.003673,17:52:12.50,-30:19:54.70,7442.91009,9.09,0.194,20.07,19.55,19.55,2,2.13,OB160176
KMT-2016-BLG-0304,BLG01K0408.002079,17:52:03.89,-30:04:46.31,7469.62817,31.31,0.84,15.96,15.72,15.72,1,2.25,OB160123 MB16084
KMT-2016-BLG-0305,BLG01K0408.030739,17:52:05.30,-30:05:30.41,7608.4202,21.43,0.182,20.11,18.98,18.98,1,2.25,OB161480
KMT-2016-BLG-0306,BLG01K0502.034302,17:51:48.57,-30:56:07.30,7496.52753,19.28,0.105,21.12,19.64,19.64,1,2.42,OB160683
KMT-2016-BLG-0307,BLG01K0502.044001,17:51:46.96,-30:52:59.99,7662.4003,29.93,0.002,21.69,19.9,19.9,1,2.3,
KMT-2016-BLG-0308,BLG01K0503.020200,17:51:35.69,-30:47:15.90,7644.69351,48.74,0.604,18.9,18.93,18.93,1,2.54,OB161452
KMT-2016-BLG-0309,BLG01K0506.006894,17:51:39.56,-30:26:44.48,7629.11259,9.35,0.633,17.84,17.37,17.37,1,2.75,OB161627
KMT-2016-BLG-0310,BLG01K0506.019376,17:51:53.74,-30:22:17.11,7455.49756,69.78,0.171,21.53,19.06,19.06,1,2.19,OB160315
KMT-2016-BLG-0311,BLG01K0507.054201,17:51:28.73,-30:12:33.70,7589.23136,8.06,0.046,20.04,19.96,19.96,1,2.18,OB161374
KMT-2016-BLG-0312,SAO01K0507.067620,17:51:38.91,-30:16:52.90,7626.49571,5.24,0.917,20.06,20.0,20.49,1,2.34,
KMT-2016-BLG-0313,BLG01K0508.013611,17:51:48.58,-30:09:37.58,7666.93692,38.24,0.099,20.86,18.11,18.11,1,2.04,
KMT-2016-BLG-0314,BLG01K0508.038660,17:51:24.50,-30:08:57.19,7473.67051,40.64,0.064,20.68,19.43,19.43,1,2.33,
KMT-2016-BLG-0315,BLG01K0601.011412,17:51:17.99,-31:01:00.30,7585.58187,33.55,0.022,21.61,19.02,19.02,2,2.61,OB161372
KMT-2016-BLG-0316,BLG01K0602.007828,17:51:11.69,-30:51:33.59,7691.65365,16.28,0.087,18.45,18.04,18.04,1,2.93,OB161927
KMT-2016-BLG-0317,SAO01K0604.041406,17:50:57.28,-30:38:30.01,7506.78514,6.12,0.214,20.26,19.85,19.85,1,2.43,OB160803
KMT-2016-BLG-0318,BLG01K0606.003670,17:50:48.74,-30:23:11.80,7478.3922,54.6,0.022,22.53,16.77,16.77,1,2.69,
KMT-2016-BLG-0319,SAO01K0606.040519,17:51:01.99,-30:21:12.60,7615.32379,83.4,0.298,19.88,19.99,19.99,1,2.67,OB161355
KMT-2016-BLG-0320,SAO01K0607.042726,17:50:53.05,-30:12:51.08,7492.73648,43.65,0.093,20.89,19.68,19.68,1,2.39,
KMT-2016-BLG-0321,BLG01K0608.006150,17:51:08.67,-30:07:30.40,7483.6878,43.62,0.427,17.01,17.03,17.03,1,2.49,OB160004
KMT-2016-BLG-0322,BLG01K0702.004570,17:50:32.50,-30:49:58.19,7564.13374,21.8,0.464,17.31,17.3,17.3,1,2.95,OB160983
KMT-2016-BLG-0323,SAO01K0702.013896,17:50:25.64,-30:53:19.00,7532.96203,21.96,0.015,21.35,18.92,18.92,1,3.02,OB160926
KMT-2016-BLG-0324,BLG01K0704.032270,17:50:27.12,-30:41:44.81,7456.39402,7.87,1.0,19.95,19.54,19.54,1,2.55,
KMT-2016-BLG-0325,BLG01K0707.026928,17:50:26.06,-30:15:46.80,7467.51829,48.13,0.049,22.9,19.54,19.54,1,3.1,
KMT-2016-BLG-0326,BLG01K0708.003244,17:50:23.45,-30:06:40.61,7446.60345,9.6,0.916,18.25,16.76,16.76,1,2.86,OB160273
KMT-2016-BLG-0327,BLG01K0708.044549,17:50:39.61,-30:09:35.10,7639.98431,44.55,0.075,21.48,20.0,20.11,1,2.76,
KMT-2016-BLG-0328,BLG01K0804.006567,17:49:55.62,-30:39:15.30,7607.21362,3.06,1.0,17.76,17.46,17.46,1,2.74,OB161520
KMT-2016-BLG-0329,BLG01K0805.038793,17:50:00.33,-30:28:04.91,7598.8997,32.49,0.187,20.4,20.0,20.05,1,2.99,OB161405
KMT-2016-BLG-0330,BLG01K0808.014829,17:50:01.85,-30:06:56.92,7432.62101,33.86,0.268,19.12,19.13,19.13,1,3.39,OB160005
KMT-2016-BLG-0331,BLG01M0103.005352,17:59:02.57,-30:44:21.08,7579.37543,54.37,0.545,18.09,17.37,17.37,1,1.54,OB161059
KMT-2016-BLG-0332,BLG01M0103.005697,17:58:48.18,-30:46:15.60,7553.94788,44.91,0.211,18.35,17.48,17.48,1,1.66,MB16275
KMT-2016-BLG-0333,BLG01M0104.043805,17:59:03.80,-30:36:17.10,7495.10296,45.53,0.075,19.89,19.85,19.85,1,1.66,OB160609 MB16164
KMT-2016-BLG-0334,BLG01M0104.044954,17:58:49.46,-30:36:14.90,7547.99726,20.22,0.066,19.95,19.88,19.88,1,1.81,OB160973 MB16313
KMT-2016-BLG-0335,BLG01M0201.006726,17:58:16.44,-31:01:16.10,7654.18813,30.51,0.522,17.79,17.82,17.82,1,1.54,OB161584 MB16552
KMT-2016-BLG-0336,BLG01M0205.001964,17:58:10.84,-30:32:27.89,7679.13405,61.86,0.418,19.0,16.38,16.38,1,2.16,OB161765
KMT-2016-BLG-0337,BLG01M0206.026120,17:58:25.76,-30:20:18.60,7585.25624,7.29,0.525,19.38,19.38,19.38,1,1.72,
KMT-2016-BLG-0338,BLG01M0303.047786,17:57:56.08,-30:44:10.10,7558.29418,6.66,0.418,20.38,19.66,19.66,1,1.74,
KMT-2016-BLG-0339,BLG01M0303.070000,17:57:29.69,-30:46:25.90,7480.9143,11.34,0.135,21.7,20.0,20.31,1,1.53,
KMT-2016-BLG-0340,BLG01M0308.012114,17:57:29.88,-30:07:19.49,7498.44616,21.53,0.548,19.76,18.3,18.3,1,1.42,OB160629
KMT-2016-BLG-0341,BLG01M0308.015370,17:57:39.44,-30:10:42.31,7671.34464,46.85,0.469,18.52,18.56,18.56,1,1.9,OB161690
KMT-2016-BLG-0342,BLG01M0401.022133,17:57:11.82,-30:57:10.80,7511.53766,86.82,0.676,18.56,18.62,18.62,1,1.07,OB160196
KMT-2016-BLG-0343,BLG01M0402.004464,17:57:20.03,-30:49:47.78,7518.84436,9.81,0.995,18.25,16.49,16.49,1,1.42,
KMT-2016-BLG-0344,BLG01M0402.040813,17:57:01.92,-30:51:27.11,7639.00278,12.45,0.09,21.08,19.2,19.2,1,1.28,
KMT-2016-BLG-0345,BLG01M0403.002394,17:57:21.88,-30:48:44.10,7452.22403,144.09,0.059,22.32,15.88,15.88,1,1.46,
KMT-2016-BLG-0346,BLG01M0403.012567,17:56:55.44,-30:42:09.79,7637.06768,71.19,0.025,20.93,18.19,18.19,1,1.57,OB161653 MB16527
KMT-2016-BLG-0347,BLG01M0404.003093,17:57:03.01,-30:35:02.11,7671.27465,27.23,0.278,19.54,16.46,16.46,1,1.96,OB161897
KMT-2016-BLG-0348,BLG01M0404.009518,17:57:07.43,-30:35:15.50,7658.81528,43.45,0.5,18.21,18.16,18.16,1,2.27,OB161500 MB16549
KMT-2016-BLG-0349,BLG01M0406.043722,17:56:57.63,-30:22:53.69,7531.29873,18.34,0.366,19.91,19.8,19.8,1,2.06,OB160943
KMT-2016-BLG-0350,BLG01M0407.070508,17:56:56.55,-30:14:02.69,7459.37279,4.3,0.563,20.3,20.0,20.39,1,1.79,OB160392
KMT-2016-BLG-0351,BLG01M0408.038029,17:57:01.11,-30:09:43.60,7534.70282,10.8,0.008,20.09,19.08,19.08,1,1.48,OB160942 MB16256 MB16267
KMT-2016-BLG-0352,BLG01M0504.063973,17:56:42.64,-30:41:30.08,7487.73062,159.78,0.006,24.53,20.0,20.13,1,1.67,OB160317
KMT-2016-BLG-0353,BLG01M0505.002843,17:56:25.85,-30:30:31.61,7615.69009,22.95,0.579,17.64,16.63,16.63,1,2.02,MB16456
KMT-2016-BLG-0354,SAO01M0506.058976,17:56:29.79,-30:22:10.49,7572.97686,16.99,0.038,20.36,20.0,20.34,1,2.19,OB161275
KMT-2016-BLG-0355,BLG01M0508.003404,17:56:37.38,-30:05:45.60,7511.38095,33.49,0.892,17.81,15.98,15.98,1,1.37,OB160664
KMT-2016-BLG-0356,BLG01M0508.015446,17:56:27.53,-30:06:55.69,7482.18292,14.01,0.988,18.37,18.18,18.18,1,1.37,
KMT-2016-BLG-0357,BLG01M0508.058359,17:56:28.87,-30:07:17.40,7495.5604,7.1,0.188,19.42,19.48,19.48,1,1.37,
KMT-2016-BLG-0358,BLG01M0601.016144,17:55:52.93,-31:04:12.29,7482.02063,72.54,0.035,23.55,18.38,18.38,1,1.42,
KMT-2016-BLG-0359,BLG01M0603.021397,17:55:47.35,-30:42:59.80,7610.95739,27.27,0.52,19.83,18.62,18.62,1,1.57,OB161511
KMT-2016-BLG-0360,BLG01M0603.094962,17:55:54.09,-30:42:40.79,7495.07685,41.54,0.125,22.82,20.0,20.65,1,1.57,OB160706
KMT-2016-BLG-0361,SAO01M0605.004086,17:56:09.51,-30:28:07.10,7519.26581,29.24,0.34,16.98,17.0,17.0,1,2.3,OB160391
KMT-2016-BLG-0362,BLG01M0605.054833,17:56:01.29,-30:27:08.32,7463.10982,4.45,0.158,20.37,20.0,20.29,1,2.58,
KMT-2016-BLG-0363,BLG01M0607.006576,17:55:52.33,-30:14:08.02,7470.2794,6.87,0.994,18.76,17.05,17.05,1,1.66,
KMT-2016-BLG-0364,BLG01M0608.062444,17:56:00.44,-30:05:32.39,7498.22165,32.71,0.006,21.5,19.74,19.74,1,1.6,OB160730 MB16184
KMT-2016-BLG-0365,BLG01M0701.019320,17:55:08.40,-31:00:47.81,7674.89834,16.17,0.299,19.22,18.45,18.45,1,1.38,OB161911
KMT-2016-BLG-0366,BLG01M0701.041705,17:55:38.29,-31:01:09.01,7651.9025,2.63,0.643,19.17,19.13,19.13,1,1.43,
KMT-2016-BLG-0367,BLG01M0702.008492,17:55:39.51,-30:54:23.11,7669.83936,11.74,0.999,17.64,17.36,17.36,1,1.33,
KMT-2016-BLG-0368,BLG01M0702.029577,17:55:39.69,-30:52:43.10,7525.36894,6.59,0.009,20.03,18.76,18.76,1,1.33,MB16248
KMT-2016-BLG-0369,BLG01M0703.018819,17:55:13.20,-30:47:38.11,7675.84356,72.5,0.313,20.8,18.64,18.64,1,1.69,
KMT-2016-BLG-0370,SAO01M0703.058912,17:55:22.95,-30:42:30.38,7523.37147,9.68,0.053,21.86,19.74,19.74,1,1.73,
KMT-2016-BLG-0371,BLG01M0705.062643,17:55:39.01,-30:28:44.40,7653.45525,2.64,0.046,21.16,20.0,21.06,1,2.58,
KMT-2016-BLG-0372,SAO01M0707.020959,17:55:23.50,-30:12:26.10,7568.77097,9.62,0.055,19.3,18.74,18.74,1,1.65,OB161195 MB16350
KMT-2016-BLG-0373,SAO01M0708.007721,17:55:11.82,-30:06:25.20,7639.47707,42.54,0.401,17.19,17.1,17.1,1,1.41,OB161233
KMT-2016-BLG-0374,BLG01M0801.034825,17:54:48.45,-30:59:04.42,7620.57116,77.25,0.011,23.53,18.97,18.97,1,1.43,
KMT-2016-BLG-0375,BLG01M0802.004597,17:54:46.91,-30:49:27.52,7662.64826,9.5,0.366,19.11,16.53,16.53,1,1.85,
KMT-2016-BLG-0376,BLG01M0802.006536,17:54:49.51,-30:50:22.81,7679.75432,57.9,0.384,19.71,17.11,17.11,1,1.74,OB161859
KMT-2016-BLG-0377,BLG01M0803.012290,17:54:41.41,-30:48:35.71,7501.42973,49.88,0.646,18.53,18.43,18.43,1,1.91,OB160413
KMT-2016-BLG-0378,BLG01M0805.001021,17:54:56.45,-30:32:51.29,7657.71907,20.56,0.198,21.46,16.01,16.01,1,2.51,
KMT-2016-BLG-0379,BLG01M0806.007468,17:54:56.36,-30:20:06.83,7612.26247,15.78,0.07,20.18,18.59,18.59,2,2.37,OB161559 MB16475
KMT-2016-BLG-0380,BLG01M0806.022321,17:55:01.16,-30:25:57.22,7626.50635,26.8,0.282,21.69,19.63,19.63,1,2.66,
KMT-2016-BLG-0381,SAO01M0807.008666,17:54:52.21,-30:15:54.72,7504.12312,10.16,0.346,18.26,18.28,18.28,2,1.93,OB160677 MB16246
KMT-2016-BLG-0382,SSO01M0808.005184,17:54:35.10,-30:08:25.73,7551.78194,53.33,0.03,21.68,16.31,16.31,4,1.29,
KMT-2016-BLG-0383,SAO01N0101.023038,17:59:12.50,-32:06:08.78,7516.19574,18.45,0.152,20.54,19.41,19.41,1,1.38,
KMT-2016-BLG-0384,BLG01N0107.025793,17:58:57.55,-31:21:33.70,7645.90172,20.51,0.332,19.16,19.2,19.2,1,1.55,OB161692
KMT-2016-BLG-0385,BLG01N0204.004705,17:58:15.67,-31:47:40.31,7664.41544,30.5,0.781,17.69,17.68,17.68,1,1.91,
KMT-2016-BLG-0386,BLG01N0205.039193,17:58:11.64,-31:40:36.98,7484.66578,15.04,0.068,20.9,19.65,19.65,1,1.7,
KMT-2016-BLG-0387,BLG01N0303.025101,17:57:42.68,-31:53:08.81,7554.42099,9.87,0.039,21.93,19.48,19.48,1,1.72,
KMT-2016-BLG-0388,BLG01N0303.038144,17:57:45.52,-31:54:04.21,7592.34511,9.13,0.063,19.86,19.88,19.88,1,1.65,OB161417
KMT-2016-BLG-0389,BLG01N0306.039503,17:57:58.66,-31:31:25.61,7647.63852,34.21,0.166,19.73,19.64,19.64,1,1.28,OB161766
KMT-2016-BLG-0390,SSO01N0401.023024,17:57:15.04,-32:07:29.39,7461.13727,34.87,0.04,19.0,19.03,19.03,1,1.34,OB160152 MB16066
KMT-2016-BLG-0391,BLG01N0402.060165,17:56:56.97,-32:02:33.40,7625.17523,17.46,0.077,21.1,20.0,20.28,1,1.49,
KMT-2016-BLG-0392,SAO01N0405.004156,17:57:10.13,-31:39:20.81,7504.38472,52.62,0.671,18.11,16.91,16.91,1,1.52,OB160513
KMT-2016-BLG-0393,BLG01N0407.031944,17:57:14.41,-31:20:23.78,7573.70827,24.27,0.265,20.39,19.29,19.29,1,1.21,
KMT-2016-BLG-0394,BLG01N0407.048706,17:57:12.12,-31:23:40.81,7615.64706,40.22,0.165,21.63,19.74,19.74,1,1.23,
KMT-2016-BLG-0395,SAO01N0408.017431,17:57:16.92,-31:12:43.88,7606.06181,23.11,0.54,19.28,18.59,18.59,1,1.24,OB161515
KMT-2016-BLG-0396,BLG01N0503.036264,17:56:50.50,-31:51:51.91,7536.36935,3.85,0.064,19.44,19.34,19.34,1,1.34,
KMT-2016-BLG-0397,SAO01N0506.036175,17:56:34.39,-31:27:23.90,7495.81143,16.23,0.164,21.11,19.34,19.34,1,1.4,
KMT-2016-BLG-0398,BLG01N0603.079255,17:55:50.60,-31:54:34.81,7652.95521,52.03,0.472,20.0,20.0,20.27,1,1.35,
KMT-2016-BLG-0399,SAO01N0605.002081,17:56:16.58,-31:39:58.61,7562.89911,7.01,0.667,15.92,15.93,15.93,1,1.55,OB161146 MB16325
KMT-2016-BLG-0400,BLG01N0608.071584,17:56:09.37,-31:14:35.48,7444.63451,26.0,0.127,19.99,20.0,20.2,1,1.57,OB160277
KMT-2016-BLG-0401,BLG01N0703.009384,17:55:36.01,-31:53:57.98,7630.2961,41.88,0.969,18.86,17.93,17.93,1,1.21,
KMT-2016-BLG-0402,BLG01N0703.047791,17:55:42.94,-31:56:38.18,7589.30911,27.05,0.492,19.54,19.53,19.53,1,1.38,OB161344
KMT-2016-BLG-0403,BLG01N0708.050074,17:55:43.02,-31:16:09.19,7596.95063,24.81,0.006,20.64,19.6,19.6,1,1.64,MB16437
KMT-2016-BLG-0404,BLG01N0802.009643,17:54:50.09,-31:59:59.10,7621.32728,18.28,0.246,18.19,18.22,18.22,1,1.55,MB16474
KMT-2016-BLG-0405,BLG01N0802.063340,17:55:03.33,-31:58:12.40,7657.54222,4.71,0.019,20.22,20.0,20.19,1,1.48,
KMT-2016-BLG-0406,SAO01N0803.019045,17:54:42.84,-31:50:54.10,7562.18675,17.79,0.179,20.43,18.8,18.8,1,1.54,
KMT-2016-BLG-0407,BLG01N0805.019112,17:54:37.01,-31:39:20.92,7653.97011,3.93,0.231,19.93,18.66,18.66,1,1.49,
KMT-2016-BLG-0408,BLG01N0807.040443,17:54:49.67,-31:19:00.59,7591.17092,13.08,0.088,20.58,19.63,19.63,1,1.79,
KMT-2016-BLG-0409,BLG01N0807.063936,17:54:55.23,-31:23:14.32,7566.1208,35.94,0.012,20.04,20.0,20.23,1,1.98,MB16334
KMT-2016-BLG-0410,BLG01N0808.003491,17:54:44.49,-31:14:53.41,7448.66873,47.55,0.383,18.97,16.45,16.45,1,1.75,OB160145
KMT-2016-BLG-0411,BLG01N0808.025348,17:54:37.12,-31:16:11.21,7490.85216,100.3,0.131,21.94,19.12,19.12,1,1.94,OB160587
KMT-2016-BLG-0412,BLG01N0808.065138,17:54:52.41,-31:12:49.39,7647.91303,42.72,0.031,23.16,20.0,20.17,1,1.66,
KMT-2016-BLG-0413,BLG01T0103.006310,17:54:02.26,-31:55:55.42,7650.19549,8.05,0.677,18.08,17.46,17.46,1,1.71,OB161803
KMT-2016-BLG-0414,BLG01T0103.043547,17:54:16.39,-31:49:35.11,7576.71899,2.31,0.257,19.59,19.64,19.64,1,1.71,MB16389
KMT-2016-BLG-0415,SAO01T0103.047066,17:53:56.91,-31:55:40.51,7492.37478,2.88,0.664,19.68,19.72,19.72,1,1.76,
KMT-2016-BLG-0416,SAO01T0104.041943,17:54:07.81,-31:41:46.90,7523.15751,8.91,0.315,19.64,19.68,19.68,1,1.78,
KMT-2016-BLG-0417,BLG01T0108.015549,17:53:58.74,-31:18:26.21,7598.60441,45.55,0.999,18.85,18.81,18.81,1,1.88,OB161402
KMT-2016-BLG-0418,BLG01T0201.007586,17:53:20.70,-32:10:30.22,7454.6315,12.01,0.957,18.16,18.17,18.17,1,1.8,OB160280
KMT-2016-BLG-0419,SAO01T0203.071073,17:53:29.71,-31:52:10.20,7566.45135,37.51,0.054,21.55,20.0,20.35,1,1.76,OB161203
KMT-2016-BLG-0420,BLG01T0204.072673,17:53:28.49,-31:43:59.81,7638.4035,7.2,0.282,20.79,20.0,20.41,1,1.81,
KMT-2016-BLG-0421,SAO01T0304.011123,17:53:03.01,-31:43:34.39,7578.54771,11.78,0.496,18.53,18.35,18.35,1,1.85,OB161263
KMT-2016-BLG-0422,BLG01T0304.021899,17:52:53.99,-31:47:53.02,7679.28728,27.24,0.121,21.01,19.11,19.11,1,1.89,
KMT-2016-BLG-0423,BLG01T0304.028920,17:52:41.56,-31:45:00.00,7661.94651,35.46,0.471,19.3,19.36,19.36,1,2.01,OB161804
KMT-2016-BLG-0424,BLG01T0305.013410,17:52:40.05,-31:36:54.61,7593.06126,7.23,0.817,18.88,18.87,18.87,1,2.42,OB161401
KMT-2016-BLG-0425,BLG01T0307.017423,17:52:35.43,-31:19:51.60,7444.91539,5.25,0.125,19.03,19.02,19.02,1,2.24,OB160185
KMT-2016-BLG-0426,BLG01T0307.028314,17:52:39.42,-31:21:06.59,7449.36947,17.44,0.157,20.17,19.5,19.5,1,2.27,OB160227
KMT-2016-BLG-0427,BLG01T0308.056636,17:53:04.76,-31:18:21.71,7458.8558,6.91,0.037,20.95,20.0,20.07,1,2.0,OB160374
KMT-2016-BLG-0428,SAO01T0401.020138,17:52:08.67,-32:05:23.71,7578.11286,3.34,0.76,19.16,19.14,19.14,1,2.07,
KMT-2016-BLG-0429,BLG01T0402.003615,17:52:18.52,-32:02:02.90,7651.22774,9.03,0.704,17.11,16.73,16.73,1,1.93,OB161774
KMT-2016-BLG-0430,BLG01T0603.010647,17:51:16.82,-31:56:25.22,7647.63762,13.68,0.068,21.21,19.78,19.78,2,2.48,
KMT-2016-BLG-0431,SAO01T0604.001601,17:50:49.88,-31:45:30.38,7481.05257,200.0,0.028,20.54,19.84,19.84,2,4.58,OB160168
KMT-2016-BLG-0432,SAO01T0608.004618,17:50:54.78,-31:13:30.36,7583.32854,49.11,0.231,20.3,18.05,18.05,2,2.83,OB161239
KMT-2016-BLG-0433,SAO01T0701.003271,17:50:38.54,-32:08:56.76,7562.89341,44.0,0.116,19.18,19.14,19.14,2,3.46,
KMT-2016-BLG-0434,BLG01T0801.001861,17:49:52.32,-32:06:28.44,7508.71314,15.81,0.106,19.91,19.92,19.92,2,4.3,OB160805
KMT-2016-BLG-0435,SAO01T0801.003098,17:49:59.40,-32:05:26.02,7607.19643,168.8,0.01,22.88,19.24,19.24,2,4.06,
KMT-2016-BLG-0436,SAO01T0808.006083,17:49:37.10,-31:17:37.79,7511.6678,20.09,0.667,19.72,19.73,19.73,4,5.12,OB160802
KMT-2016-BLG-0437,BLG02K0104.025347,17:54:01.89,-28:31:51.56,7662.99309,7.49,0.002,20.42,19.36,19.36,2,2.35,
KMT-2016-BLG-0438,BLG02K0107.013417,17:54:14.62,-28:06:22.54,7555.38841,24.78,0.043,21.75,19.86,19.86,2,4.02,OB161053
KMT-2016-BLG-0439,BLG02K0202.007951,17:53:08.33,-28:43:37.67,7647.88565,36.24,0.435,18.36,17.78,17.78,2,2.61,OB161626
KMT-2016-BLG-0440,BLG02K0203.014218,17:53:40.19,-28:35:59.89,7639.21608,43.07,0.215,18.53,18.59,18.59,2,2.68,OB161420 MB16518
KMT-2016-BLG-0441,BLG02K0205.008294,17:53:17.82,-28:21:56.48,7457.66112,4.9,0.532,17.98,17.97,17.97,2,2.68,OB160302
KMT-2016-BLG-0442,BLG02K0206.014283,17:53:22.39,-28:14:28.32,7601.97881,8.3,0.18,20.17,18.76,18.76,2,2.83,OB161478
KMT-2016-BLG-0443,BLG02K0302.018780,17:52:55.05,-28:44:46.03,7671.25045,39.45,0.057,20.96,19.3,19.3,2,2.81,
KMT-2016-BLG-0444,SAO02K0308.012157,17:52:35.28,-28:03:30.89,7527.25369,10.88,0.116,19.9,20.0,20.49,2,4.44,OB160874
KMT-2016-BLG-0445,BLG02K0407.005094,17:51:58.98,-28:11:16.62,7572.09352,19.65,0.452,18.71,18.7,18.7,2,4.56,OB161159
KMT-2016-BLG-0446,BLG02K0502.018529,17:51:52.02,-28:50:00.17,7639.91152,7.28,0.166,20.04,20.0,20.9,2,3.13,
KMT-2016-BLG-0447,BLG02K0503.001197,17:51:34.85,-28:41:04.60,7509.18508,12.48,0.684,18.47,16.51,16.51,2,4.22,
KMT-2016-BLG-0448,SAO02K0503.015437,17:51:31.88,-28:42:29.09,7594.11174,26.86,0.007,20.09,19.77,19.77,2,4.2,OB161373
KMT-2016-BLG-0449,BLG02K0504.006185,17:51:26.48,-28:30:36.90,7589.02691,8.78,0.809,18.29,18.31,18.31,2,3.5,
KMT-2016-BLG-0450,BLG02K0505.012280,17:51:36.60,-28:26:09.02,7654.35453,16.63,0.104,18.95,18.97,18.97,2,3.53,OB161776 MB16575
KMT-2016-BLG-0451,BLG02K0602.010067,17:51:04.23,-28:48:42.48,7599.44965,36.63,0.638,19.31,19.33,19.33,2,4.5,
KMT-2016-BLG-0452,SAO02K0606.015023,17:51:10.49,-28:18:22.21,7537.56702,85.44,0.098,21.39,20.0,21.04,2,3.77,
KMT-2016-BLG-0453,BLG02M0104.039263,17:58:55.01,-28:30:57.71,7616.13843,44.95,0.106,19.78,18.98,18.98,1,1.47,OB161444 MB16490
KMT-2016-BLG-0454,BLG02M0104.052027,17:58:59.20,-28:30:22.79,7670.7541,5.52,0.274,19.27,19.28,19.28,1,1.45,
KMT-2016-BLG-0455,BLG02M0105.036577,17:58:47.62,-28:24:32.69,7598.27813,31.72,0.075,19.6,18.84,18.84,1,1.2,OB161309 MB16441
KMT-2016-BLG-0456,SSO02M0301.019549,17:57:40.23,-28:51:52.42,7475.93887,14.41,0.004,21.55,18.26,18.26,1,1.29,OB160572 MB16120
KMT-2016-BLG-0457,BLG02M0305.091997,17:57:30.76,-28:23:04.70,7629.22877,19.26,0.08,20.81,20.0,20.36,1,1.61,OB161746
KMT-2016-BLG-0458,BLG02M0306.001191,17:57:50.92,-28:19:50.81,7493.87022,24.06,0.094,17.58,15.08,15.08,1,1.6,OB160549
KMT-2016-BLG-0459,BLG02M0308.022109,17:57:39.95,-28:00:52.88,7675.3953,11.81,0.493,19.58,19.13,19.13,1,2.4,
KMT-2016-BLG-0460,BLG02M0403.076667,17:57:17.22,-28:38:02.90,7675.11145,19.26,0.009,20.51,19.97,19.97,1,1.9,
KMT-2016-BLG-0461,BLG02M0404.012977,17:56:52.92,-28:34:12.29,7475.0574,2.95,0.854,17.97,18.02,18.02,1,1.76,OB160523
KMT-2016-BLG-0462,SAO02M0404.026099,17:57:06.09,-28:34:21.61,7495.93776,12.87,0.006,21.9,18.82,18.82,1,1.99,OB160722 MB16181
KMT-2016-BLG-0463,SAO02M0408.037073,17:57:12.89,-28:04:15.31,7648.94154,34.91,0.175,20.43,19.46,19.46,1,1.8,OB161770
KMT-2016-BLG-0464,BLG02M0408.051666,17:56:50.77,-27:59:33.90,7602.00275,32.76,0.013,20.83,19.93,19.93,1,2.0,OB161441
KMT-2016-BLG-0465,BLG02M0502.098333,17:56:23.18,-28:47:45.89,7624.5135,8.67,0.091,22.31,20.0,20.49,1,2.04,
KMT-2016-BLG-0466,BLG02M0601.004557,17:55:56.26,-28:57:47.56,7593.07426,2.96,0.885,16.33,16.24,16.24,4,1.91,OB161390
KMT-2016-BLG-0467,BLG02M0602.068692,17:56:09.68,-28:49:52.00,7668.85661,18.05,0.187,20.2,20.0,20.16,1,2.04,
KMT-2016-BLG-0468,BLG02M0603.029543,17:55:58.33,-28:40:44.29,7631.29622,59.04,0.072,20.13,18.87,18.87,1,1.81,OB161499 OB161643 MB16515
KMT-2016-BLG-0469,BLG02M0604.006433,17:56:03.83,-28:32:41.06,7652.54324,10.03,0.998,18.38,17.58,17.58,2,2.18,OB161798
KMT-2016-BLG-0470,BLG02M0608.005825,17:56:02.31,-28:03:52.70,7635.96949,31.71,0.275,17.92,17.92,17.92,2,2.73,OB161423 MB16519
KMT-2016-BLG-0471,BLG02M0702.030823,17:55:36.34,-28:49:12.61,7641.32755,13.1,0.202,19.76,19.79,19.79,2,1.98,OB161689 MB16551
KMT-2016-BLG-0472,BLG02M0706.002228,17:55:20.71,-28:13:04.91,7612.82782,10.18,0.023,20.9,16.64,16.64,2,2.57,OB161607
KMT-2016-BLG-0473,BLG02M0706.014702,17:55:11.78,-28:14:59.71,7480.54915,100.46,0.021,23.46,19.16,19.16,2,2.5,
KMT-2016-BLG-0474,BLG02M0803.015334,17:54:51.11,-28:38:13.88,7603.69879,30.13,0.038,21.6,18.14,18.14,4,2.06,
KMT-2016-BLG-0475,SAO02M0805.001791,17:54:34.82,-28:25:28.42,7642.94147,5.09,0.279,16.8,16.79,16.79,2,2.6,OB161733 MB16547
KMT-2016-BLG-0476,BLG02N0101.010520,17:58:47.96,-29:57:03.20,7462.54533,5.44,0.777,17.66,17.78,17.78,1,1.04,OB160393
KMT-2016-BLG-0477,SAO02N0102.023391,17:58:59.82,-29:53:39.59,7580.44625,5.09,1.0,18.32,18.34,18.34,1,1.11,
KMT-2016-BLG-0478,BLG02N0103.084248,17:59:09.19,-29:48:50.69,7608.03802,13.87,0.139,20.35,20.0,20.07,1,1.04,
KMT-2016-BLG-0479,BLG02N0105.010687,17:58:37.12,-29:27:50.29,7597.59873,15.94,0.005,20.58,17.8,17.8,1,1.3,MB16442
KMT-2016-BLG-0480,BLG02N0105.056185,17:58:47.62,-29:27:54.00,7631.64715,6.93,0.898,20.51,19.51,19.51,1,1.38,
KMT-2016-BLG-0481,BLG02N0106.085730,17:58:54.80,-29:24:10.19,7458.1914,132.29,0.018,22.77,20.0,20.05,1,1.4,OB160387
KMT-2016-BLG-0482,BLG02N0107.017551,17:58:53.83,-29:18:07.31,7608.6078,18.13,0.302,21.17,17.89,17.89,1,1.01,
KMT-2016-BLG-0483,SAO02N0108.041031,17:59:02.43,-29:07:49.12,7540.6203,10.69,0.48,18.66,18.69,18.69,1,0.98,OB160913 MB16285
KMT-2016-BLG-0484,BLG02N0201.066438,17:58:20.37,-30:00:56.59,7635.25609,6.16,0.113,20.33,19.71,19.71,1,1.38,OB161691
KMT-2016-BLG-0485,SAO02N0202.000368,17:58:22.70,-29:56:56.40,7442.85861,40.51,0.087,14.81,13.95,13.95,1,1.16,OB160133 MB16009
KMT-2016-BLG-0486,SAO02N0204.006223,17:58:02.06,-29:38:11.80,7564.60186,26.08,0.323,17.39,16.68,16.68,1,1.27,OB160966 OB161013 MB16309
KMT-2016-BLG-0487,BLG02N0204.021325,17:58:25.84,-29:37:01.88,7507.63532,8.23,0.002,20.12,18.31,18.31,1,1.07,OB160769 MB16212
KMT-2016-BLG-0488,SAO02N0206.043985,17:58:13.20,-29:20:21.91,7550.74955,7.54,0.155,19.08,19.07,19.07,1,1.57,OB160992 MB16317
KMT-2016-BLG-0489,SAO02N0206.071818,17:58:09.49,-29:26:16.58,7546.60589,17.37,0.167,19.85,19.69,19.69,1,1.45,OB160991 MB16312
KMT-2016-BLG-0490,BLG02N0207.034855,17:58:20.73,-29:17:30.59,7637.86225,16.89,0.459,20.06,18.71,18.71,1,1.42,OB161685
KMT-2016-BLG-0491,SAO02N0207.055162,17:58:28.14,-29:17:12.08,7482.08132,26.0,0.427,19.13,19.2,19.2,1,1.06,OB160433
KMT-2016-BLG-0492,BLG02N0207.082878,17:58:22.65,-29:15:08.78,7486.40022,45.09,0.057,23.49,19.93,19.93,1,1.11,
KMT-2016-BLG-0493,BLG02N0208.033817,17:58:13.43,-29:08:54.20,7464.34741,45.71,0.681,18.68,18.69,18.69,1,1.27,OB160180
KMT-2016-BLG-0494,BLG02N0208.082482,17:58:13.72,-29:10:53.80,7483.44821,11.36,0.523,19.86,19.88,19.88,1,1.26,
KMT-2016-BLG-0495,BLG02N0208.090043,17:58:04.59,-29:09:39.10,7579.43903,14.36,0.07,20.04,20.0,20.16,1,1.27,OB161282 OB161329 MB16390
KMT-2016-BLG-0496,BLG02N0302.016910,17:57:58.77,-29:55:49.80,7560.65458,8.57,0.161,20.78,18.5,18.5,1,1.35,
KMT-2016-BLG-0497,BLG02N0302.029118,17:57:59.49,-29:51:42.30,7600.67517,24.3,0.179,20.56,19.0,19.0,1,1.5,
KMT-2016-BLG-0498,SAO02N0303.081076,17:57:59.53,-29:43:25.39,7499.28771,8.23,0.765,19.88,20.0,20.04,1,1.18,
KMT-2016-BLG-0499,BLG02N0304.005618,17:57:54.98,-29:36:04.79,7668.24336,16.0,0.7,18.22,16.52,16.52,1,1.3,
KMT-2016-BLG-0500,SSO02N0304.059780,17:57:59.74,-29:39:22.00,7490.42835,4.12,0.035,20.34,19.39,19.39,1,1.27,OB160616
KMT-2016-BLG-0501,BLG02N0305.028104,17:57:51.75,-29:30:38.30,7503.46247,36.46,0.202,20.79,18.73,18.73,1,1.38,OB160705
KMT-2016-BLG-0502,BLG02N0305.050397,17:57:51.39,-29:28:41.48,7554.05742,9.42,0.777,19.32,19.29,19.29,1,1.5,OB161120
KMT-2016-BLG-0503,BLG02N0305.060735,17:57:59.06,-29:29:09.49,7467.13452,38.7,0.461,19.41,19.52,19.52,1,1.39,OB160238
KMT-2016-BLG-0504,BLG02N0306.013908,17:57:33.39,-29:26:18.49,7678.10148,13.51,0.105,18.15,18.15,18.15,1,1.66,OB161901 MB16604
KMT-2016-BLG-0505,BLG02N0306.064579,17:57:48.89,-29:26:20.00,7500.87945,22.18,0.393,20.71,19.76,19.76,1,1.67,
KMT-2016-BLG-0506,BLG02N0308.062300,17:57:44.18,-29:06:25.60,7636.91878,28.2,0.007,22.31,19.54,19.54,1,1.56,OB161749 MB16532
KMT-2016-BLG-0507,SAO02N0401.020065,17:56:59.15,-30:02:05.39,7597.57914,146.18,0.003,18.81,18.56,18.56,1,1.49,OB160289 MB16344 MB16422
KMT-2016-BLG-0508,SAO02N0402.009157,17:57:12.60,-29:53:54.60,7544.5976,63.58,0.081,22.09,17.87,17.87,1,1.92,
KMT-2016-BLG-0509,BLG02N0402.035269,17:57:14.31,-29:54:21.89,7675.07134,20.54,0.262,19.28,19.32,19.32,1,1.92,OB161905
KMT-2016-BLG-0510,BLG02N0404.000456,17:56:58.28,-29:37:44.62,7676.82517,15.86,0.091,18.94,14.32,14.32,1,1.55,
KMT-2016-BLG-0511,BLG02N0405.046932,17:57:13.69,-29:33:02.09,7659.64453,85.77,0.06,22.05,19.23,19.23,1,1.62,OB161874
KMT-2016-BLG-0512,SAO02N0406.052488,17:56:56.62,-29:22:54.52,7493.02081,11.16,0.256,19.41,19.49,19.49,1,1.67,OB160578 MB16173
KMT-2016-BLG-0513,BLG02N0501.001994,17:56:35.43,-30:01:17.18,7479.84718,26.29,0.896,17.35,15.64,15.64,1,1.51,OB160462 MB16125
KMT-2016-BLG-0514,BLG02N0502.045706,17:56:45.02,-29:51:18.90,7463.04082,10.33,0.266,19.47,19.47,19.47,1,1.98,OB160469
KMT-2016-BLG-0515,BLG02N0503.003746,17:56:39.37,-29:44:45.89,7487.11288,13.55,0.066,21.21,16.23,16.23,1,1.9,
KMT-2016-BLG-0516,BLG02N0503.032656,17:56:46.28,-29:50:07.69,7670.17584,41.79,0.013,21.13,19.06,19.06,1,1.87,MB16602
KMT-2016-BLG-0517,BLG02N0503.067571,17:56:34.15,-29:48:59.62,7548.58981,29.03,0.1,22.03,19.88,19.88,1,1.78,
KMT-2016-BLG-0518,BLG02N0504.007728,17:56:29.10,-29:42:15.70,7566.57431,21.41,1.0,18.53,17.1,17.1,1,1.61,
KMT-2016-BLG-0519,BLG02N0505.044819,17:56:30.78,-29:34:37.70,7486.308,35.17,0.039,22.78,19.06,19.06,1,1.51,
KMT-2016-BLG-0520,BLG02N0508.035906,17:56:28.70,-29:10:41.81,7621.61758,17.51,0.401,19.93,19.78,19.78,1,2.15,
KMT-2016-BLG-0521,SAO02N0601.043432,17:56:09.27,-30:01:27.59,7483.21242,46.79,0.115,20.51,19.33,19.33,1,1.57,OB160525
KMT-2016-BLG-0522,SAO02N0601.078289,17:56:11.32,-29:58:46.09,7498.85906,20.29,0.002,23.76,20.0,20.2,1,1.64,MB16196
KMT-2016-BLG-0523,SAO02N0602.013422,17:56:09.56,-29:50:37.61,7503.45158,18.58,0.239,19.87,18.12,18.12,1,2.09,OB160725
KMT-2016-BLG-0524,SAO02N0602.019781,17:55:54.29,-29:50:28.21,7501.44384,113.5,0.002,22.67,18.55,18.55,1,1.76,OB160733 OB160738 MB16202
KMT-2016-BLG-0525,BLG02N0603.086781,17:56:03.74,-29:44:55.72,7583.49481,25.93,0.519,20.05,20.0,20.15,1,1.51,
KMT-2016-BLG-0526,BLG02N0604.006217,17:56:13.85,-29:36:45.90,7634.48098,31.88,0.224,16.41,16.45,16.45,1,1.49,OB161260 MB16433
KMT-2016-BLG-0527,SAO02N0605.024059,17:55:51.33,-29:31:37.42,7502.35825,53.8,0.069,19.78,18.57,18.57,1,1.78,MB16171
KMT-2016-BLG-0528,BLG02N0605.073360,17:55:56.78,-29:29:44.59,7596.49916,38.89,0.064,20.87,19.75,19.75,1,1.83,OB161424 OB161440 MB16438
KMT-2016-BLG-0529,SAO02N0606.007284,17:56:00.31,-29:21:15.41,7572.42536,14.48,0.996,17.52,16.88,16.88,1,1.98,OB161194
KMT-2016-BLG-0530,SAO02N0703.043879,17:55:27.92,-29:43:21.68,7503.22606,51.85,0.086,19.75,18.97,18.97,1,1.51,OB160593 MB16178
KMT-2016-BLG-0531,BLG02N0703.084229,17:55:31.38,-29:46:35.29,7630.76604,22.21,0.292,20.79,19.85,19.85,1,1.44,OB161683
KMT-2016-BLG-0532,BLG02N0705.085167,17:55:12.67,-29:31:26.00,7608.95613,3.76,0.304,20.05,19.73,19.73,1,1.29,
KMT-2016-BLG-0533,BLG02N0706.007484,17:55:17.38,-29:25:31.12,7476.21454,44.38,0.046,22.59,16.68,16.68,1,1.45,
KMT-2016-BLG-0534,SSO02N0707.035906,17:55:19.98,-29:15:21.20,7637.28776,197.83,0.014,22.93,18.98,18.98,1,2.11,
KMT-2016-BLG-0535,SAO02N0707.069965,17:55:30.49,-29:14:30.30,7499.15019,17.78,0.308,20.75,19.76,19.76,1,1.94,
KMT-2016-BLG-0536,BLG02N0802.051920,17:54:46.53,-29:56:58.31,7560.19954,19.27,0.837,19.07,19.05,19.05,1,1.36,
KMT-2016-BLG-0537,BLG02N0802.060095,17:54:39.96,-29:56:55.61,7649.43129,199.78,0.009,23.99,19.21,19.21,1,1.35,
KMT-2016-BLG-0538,BLG02N0803.032139,17:55:00.42,-29:45:29.70,7625.61828,13.8,0.224,19.73,18.55,18.55,1,1.43,OB161628
KMT-2016-BLG-0539,BLG02N0804.034256,17:54:55.18,-29:39:09.40,7557.64746,123.3,0.049,22.06,18.65,18.65,1,1.32,
KMT-2016-BLG-0540,BLG02N0805.012511,17:54:38.15,-29:28:31.91,7647.66728,15.2,0.176,20.56,17.5,17.5,1,1.43,OB161778
KMT-2016-BLG-0541,SAO02N0806.002577,17:54:52.14,-29:20:11.90,7592.75491,30.04,1.0,16.31,15.71,15.71,1,1.83,OB161161 MB16358
KMT-2016-BLG-0542,BLG02N0806.041706,17:55:01.58,-29:21:09.11,7467.53507,46.55,0.092,20.29,18.95,18.95,1,1.74,OB160461 MB16091
KMT-2016-BLG-0543,BLG02N0807.029650,17:54:44.94,-29:12:55.58,7631.9338,41.82,0.12,21.25,18.85,18.85,1,2.03,
KMT-2016-BLG-0544,BLG02N0808.008846,17:55:05.88,-29:07:39.97,7646.09222,9.43,0.597,17.15,17.16,17.16,4,2.28,OB161688 MB16537
KMT-2016-BLG-0545,BLG02N0808.073676,17:54:48.04,-29:11:39.08,7461.30162,14.19,0.382,19.88,20.0,20.01,1,2.04,OB160390
KMT-2016-BLG-0546,SAO02T0102.062450,17:54:14.26,-29:51:51.41,7603.09791,199.94,0.033,21.37,19.29,19.29,1,1.37,OB161142 MB16444
KMT-2016-BLG-0547,BLG02T0102.080899,17:54:00.35,-29:57:25.09,7461.89564,7.21,0.278,19.56,19.62,19.62,1,1.66,OB160388
KMT-2016-BLG-0548,BLG02T0103.004522,17:54:15.86,-29:44:59.89,7608.51457,54.47,0.393,15.81,15.94,15.94,1,1.31,OB160788 MB16288
KMT-2016-BLG-0549,SSO02T0104.012832,17:54:05.49,-29:42:01.30,7446.20806,22.12,0.061,17.51,17.53,17.53,1,1.4,OB160006 MB16039
KMT-2016-BLG-0550,BLG02T0105.025762,17:53:51.03,-29:27:46.30,7439.91465,49.03,0.077,18.8,18.58,18.58,1,1.77,OB160009 MB16038
KMT-2016-BLG-0551,SAO02T0105.058061,17:54:02.37,-29:28:11.60,7521.70954,6.21,0.11,20.14,19.39,19.39,1,1.71,
KMT-2016-BLG-0552,BLG02T0105.076072,17:54:01.18,-29:30:11.59,7645.66773,32.07,0.082,22.07,19.75,19.75,1,1.75,
KMT-2016-BLG-0553,BLG02T0106.020230,17:54:01.57,-29:23:55.79,7561.32749,13.74,0.25,19.1,18.34,18.34,1,1.93,
KMT-2016-BLG-0554,BLG02T0106.076846,17:54:10.07,-29:23:25.01,7612.20972,6.78,0.149,19.72,19.85,19.85,1,1.73,OB161554 MB16479
KMT-2016-BLG-0555,BLG02T0201.044029,17:53:40.85,-30:02:16.91,7596.35221,24.55,0.226,18.95,19.01,19.01,1,1.64,OB161306
KMT-2016-BLG-0556,BLG02T0202.036495,17:53:12.34,-29:51:05.80,7567.56717,21.95,0.241,19.9,18.84,18.84,1,1.61,OB161186
KMT-2016-BLG-0557,BLG02T0202.045083,17:53:38.31,-29:55:57.68,7565.88472,3.96,0.015,19.01,19.03,19.03,1,1.54,OB161185
KMT-2016-BLG-0558,BLG02T0202.070700,17:53:21.42,-29:55:48.11,7551.48778,176.14,0.018,23.21,19.51,19.51,1,1.55,OB161054
KMT-2016-BLG-0559,SAO02T0203.092369,17:53:41.58,-29:48:12.10,7524.57791,15.08,0.455,19.79,19.94,19.94,1,1.48,
KMT-2016-BLG-0560,BLG02T0204.019443,17:53:17.54,-29:38:38.69,7605.1678,10.26,0.012,21.82,18.23,18.23,1,1.89,OB161594 MB16451
KMT-2016-BLG-0561,BLG02T0205.067716,17:53:33.32,-29:27:51.41,7597.83144,21.55,0.168,21.27,19.72,19.72,1,1.93,
KMT-2016-BLG-0562,SAO02T0206.001230,17:53:36.43,-29:26:24.79,7511.4153,66.36,0.011,22.27,15.19,15.19,1,1.93,
KMT-2016-BLG-0563,BLG02T0207.089656,17:53:14.20,-29:14:26.99,7634.73809,19.81,0.086,20.34,20.0,20.24,1,2.09,OB161670
KMT-2016-BLG-0564,SAO02T0301.010097,17:53:03.20,-29:59:30.80,7557.77085,22.17,0.998,17.33,17.37,17.37,1,1.82,OB160965
KMT-2016-BLG-0565,BLG02T0302.024881,17:52:55.03,-29:52:50.92,7484.1698,7.88,0.114,18.69,18.64,18.64,1,1.94,MB16140
KMT-2016-BLG-0566,BLG02T0302.034959,17:52:45.91,-29:50:29.69,7627.51286,32.17,0.102,21.01,18.98,18.98,1,1.96,
KMT-2016-BLG-0567,SAO02T0302.087889,17:52:49.29,-29:57:41.18,7464.83327,143.07,0.062,22.89,20.0,20.11,1,2.03,
KMT-2016-BLG-0568,SAO02T0303.066852,17:53:03.77,-29:43:55.60,7556.58777,17.74,0.259,19.98,19.63,19.63,1,1.85,
KMT-2016-BLG-0569,BLG02T0304.018687,17:52:33.95,-29:41:34.30,7637.98572,6.33,0.789,18.41,18.26,18.26,1,2.14,OB161751
KMT-2016-BLG-0570,SAO02T0304.094574,17:52:52.58,-29:40:26.90,7519.07331,20.2,0.196,20.18,20.0,20.67,1,2.02,
KMT-2016-BLG-0571,BLG02T0306.046216,17:53:04.54,-29:25:49.80,7517.05796,18.18,0.288,21.11,19.62,19.62,1,2.58,
KMT-2016-BLG-0572,BLG02T0308.009029,17:52:34.85,-29:06:00.79,7445.90673,16.35,0.006,20.97,17.18,17.18,1,2.52,OB160203 MB16049
KMT-2016-BLG-0573,BLG02T0402.011513,17:52:05.28,-29:56:21.98,7507.38566,42.44,0.466,18.16,17.68,17.68,1,2.55,
KMT-2016-BLG-0574,SAO02T0402.052478,17:52:23.47,-29:57:11.59,7503.32319,12.55,0.902,19.66,19.66,19.66,1,2.19,
KMT-2016-BLG-0575,BLG02T0403.080187,17:52:07.95,-29:49:06.31,7602.75556,28.57,0.671,19.95,20.0,20.27,1,2.41,
KMT-2016-BLG-0576,BLG02T0502.001184,17:51:27.36,-29:50:19.72,7565.08647,34.29,0.549,15.39,15.39,15.39,1,2.7,OB161278 MB16232
KMT-2016-BLG-0577,BLG02T0502.022221,17:51:28.34,-29:51:19.19,7481.08044,37.92,0.503,19.94,18.83,18.83,1,2.7,OB160636
KMT-2016-BLG-0578,SAO02T0502.026840,17:51:50.89,-29:56:00.71,7512.12014,10.12,0.065,21.61,19.07,19.07,1,2.42,OB160822
KMT-2016-BLG-0579,BLG02T0503.053934,17:51:50.07,-29:49:17.40,7450.02423,13.92,0.016,21.84,19.97,19.97,1,2.48,
KMT-2016-BLG-0580,BLG02T0504.069090,17:51:34.81,-29:38:10.00,7608.61183,11.98,0.421,19.94,20.0,20.27,1,2.4,
KMT-2016-BLG-0581,BLG02T0507.003330,17:51:36.03,-29:18:47.81,7463.52097,9.06,0.904,18.93,16.86,16.86,1,3.36,
KMT-2016-BLG-0582,SAO02T0508.016723,17:51:44.59,-29:11:13.20,7604.15976,16.36,0.014,19.33,19.06,19.06,1,3.6,OB161419 MB16450
KMT-2016-BLG-0583,SAO02T0602.045522,17:51:19.37,-29:54:29.70,7588.05797,51.21,0.366,20.16,20.0,20.05,1,2.73,OB161277
KMT-2016-BLG-0584,SAO02T0603.030491,17:50:48.69,-29:43:09.52,7458.40901,27.9,0.219,19.53,19.61,19.61,1,3.04,OB160274
KMT-2016-BLG-0585,SAO02T0605.018483,17:51:16.45,-29:30:04.21,7488.71552,9.97,0.638,18.92,19.03,19.03,1,3.46,OB160637
KMT-2016-BLG-0586,BLG02T0702.039843,17:50:39.96,-29:49:59.20,7633.55212,38.36,0.187,21.91,20.0,20.1,1,3.43,
KMT-2016-BLG-0587,SAO02T0702.043538,17:50:19.68,-29:53:20.29,7626.97763,1.81,0.382,20.0,20.0,20.23,1,3.24,
KMT-2016-BLG-0588,SAO02T0703.017618,17:50:47.00,-29:45:30.20,7581.31031,17.21,0.32,19.75,18.86,18.86,1,3.29,OB161279
KMT-2016-BLG-0589,SAO02T0704.015251,17:50:38.05,-29:36:36.50,7582.9632,5.41,0.146,18.44,18.46,18.46,1,3.27,OB161307
KMT-2016-BLG-0590,SAO02T0704.028359,17:50:46.88,-29:42:13.00,7523.26407,4.46,0.023,20.5,19.49,19.49,1,2.96,
KMT-2016-BLG-0591,SAO02T0706.039748,17:50:22.17,-29:24:37.51,7583.99378,16.97,0.172,20.58,20.0,20.51,1,3.71,
KMT-2016-BLG-0592,SAO02T0707.006106,17:50:20.87,-29:18:55.58,7515.25363,56.75,0.192,18.29,18.3,18.3,1,4.26,OB160262
KMT-2016-BLG-0593,BLG02T0707.019293,17:50:21.46,-29:15:58.10,7617.46141,30.21,0.066,20.99,19.88,19.88,1,4.73,OB161555
KMT-2016-BLG-0594,BLG02T0708.012352,17:50:42.10,-29:06:41.90,7667.56164,15.35,0.119,19.86,19.75,19.75,1,5.16,OB161895
KMT-2016-BLG-0595,BLG02T0804.012003,17:49:45.59,-29:34:49.01,7606.26358,17.86,0.886,18.32,18.33,18.33,1,4.02,OB161388
KMT-2016-BLG-0596,SAO03K0101.023635,18:01:51.97,-27:49:31.30,7556.53691,12.63,0.55,18.7,18.52,18.52,1,1.43,OB161017
KMT-2016-BLG-0597,BLG03K0102.007513,18:01:35.61,-27:44:19.39,7603.03366,29.16,0.201,20.97,17.24,17.24,1,1.5,OB161501
KMT-2016-BLG-0598,SAO03K0104.001043,18:01:39.56,-27:29:50.60,7541.47176,11.34,0.634,15.3,15.18,15.18,1,1.36,OB160866 MB16247
KMT-2016-BLG-0599,SSO03K0104.016859,18:01:32.53,-27:26:39.30,7663.01564,7.96,0.045,19.31,18.41,18.41,1,1.59,OB161890 MB16597
KMT-2016-BLG-0600,SAO03K0104.067686,18:01:36.59,-27:27:57.71,7575.66509,23.88,0.405,20.39,19.93,19.93,1,1.57,OB161287
KMT-2016-BLG-0601,BLG03K0106.015033,18:01:36.00,-27:09:56.59,7555.54018,7.7,0.202,19.86,18.96,18.96,1,2.23,OB161112
KMT-2016-BLG-0602,BLG03K0108.037475,18:01:38.02,-26:59:10.21,7473.36676,17.44,0.059,20.75,20.0,20.3,1,2.66,OB160507 MB16116
KMT-2016-BLG-0603,BLG03K0203.066070,18:01:12.19,-27:33:36.00,7635.33962,36.87,0.407,19.65,19.65,19.65,1,1.35,OB161660
KMT-2016-BLG-0604,BLG03K0205.031274,18:01:01.85,-27:16:12.40,7599.1592,30.81,0.162,21.92,19.14,19.14,1,1.9,
KMT-2016-BLG-0605,BLG03K0205.038176,18:00:49.73,-27:21:20.81,7644.14666,28.47,0.332,20.11,19.34,19.34,1,1.57,
KMT-2016-BLG-0606,SAO03K0304.000390,18:00:23.29,-27:24:59.00,7538.13902,5.53,0.591,14.18,14.18,14.18,1,1.66,MB16258
KMT-2016-BLG-0607,BLG03K0305.002085,18:00:15.58,-27:18:58.61,7690.59983,39.32,0.048,18.45,15.7,15.7,1,1.67,OB161912
KMT-2016-BLG-0608,BLG03K0305.061014,18:00:40.19,-27:18:44.60,7628.50491,35.92,0.028,20.39,19.65,19.65,1,1.56,OB161632 OB161667
KMT-2016-BLG-0609,SAO03K0305.076910,18:00:21.91,-27:19:47.78,7607.80006,8.31,0.018,20.22,20.0,20.02,1,1.67,OB161543
KMT-2016-BLG-0610,SAO03K0308.004951,18:00:33.65,-26:53:56.69,7508.67029,42.47,0.243,18.8,17.6,17.6,1,3.0,
KMT-2016-BLG-0611,BLG03K0308.051672,18:00:29.46,-26:53:51.50,7641.78883,46.53,0.487,19.97,20.0,20.75,1,3.0,
KMT-2016-BLG-0612,BLG03K0401.019332,18:00:05.23,-27:48:08.89,7486.66166,1.03,0.683,18.68,18.68,18.68,1,1.71,
KMT-2016-BLG-0613,SAO03K0408.047984,18:00:07.43,-26:56:56.62,7571.16731,16.64,0.478,20.86,20.0,20.08,1,2.41,
KMT-2016-BLG-0614,BLG03K0508.004385,17:59:04.70,-26:58:34.72,7593.0419,19.6,0.886,17.2,17.21,17.21,1,2.62,OB161384
KMT-2016-BLG-0615,BLG03K0602.050405,17:58:30.73,-27:40:34.50,7601.59913,16.55,0.138,20.25,19.41,19.41,1,1.76,
KMT-2016-BLG-0616,BLG03K0604.045107,17:58:36.87,-27:26:56.29,7470.40357,8.69,0.053,21.48,19.5,19.5,1,1.94,
KMT-2016-BLG-0617,SAO03K0605.022661,17:58:33.87,-27:22:43.79,7523.8117,198.55,0.002,25.1,19.39,19.39,2,2.04,OB160887
KMT-2016-BLG-0618,BLG03K0605.041639,17:58:56.33,-27:22:48.68,7614.31666,12.73,0.252,21.01,19.8,19.8,1,1.83,OB161533
KMT-2016-BLG-0619,SAO03K0608.042533,17:58:49.95,-26:58:48.11,7516.71285,59.59,0.32,19.86,20.0,20.5,1,2.76,
KMT-2016-BLG-0620,BLG03K0804.004055,17:57:34.34,-27:25:38.78,7458.30742,42.4,0.168,20.8,17.83,17.83,2,3.07,OB160237
KMT-2016-BLG-0621,SAO03M0201.068665,18:05:52.59,-27:46:03.50,7568.43495,3.23,0.109,20.06,19.6,19.6,1,0.72,OB161236 MB16360
KMT-2016-BLG-0622,SAO03M0202.069241,18:05:53.74,-27:42:51.41,7517.19903,21.3,0.095,19.59,19.72,19.72,1,0.86,MB16227
KMT-2016-BLG-0623,BLG03M0204.010409,18:05:55.97,-27:23:36.38,7667.78749,9.82,0.044,20.24,17.61,17.61,1,0.85,
KMT-2016-BLG-0624,SAO03M0204.019557,18:06:00.46,-27:26:08.48,7579.79189,31.78,0.009,22.36,18.19,18.19,1,0.79,OB161339
KMT-2016-BLG-0625,BLG03M0206.007847,18:05:39.66,-27:13:36.70,7655.95853,11.23,0.077,20.11,17.34,17.34,1,0.95,
KMT-2016-BLG-0626,BLG03M0301.096048,18:05:31.11,-27:45:38.99,7607.59238,14.5,0.128,20.28,20.0,20.44,1,0.85,MB16452
KMT-2016-BLG-0627,BLG03M0304.015964,18:05:23.65,-27:29:07.91,7537.84159,8.57,0.072,18.17,18.08,18.08,1,0.81,OB160897 MB16255
KMT-2016-BLG-0628,BLG03M0305.048186,18:05:19.46,-27:22:17.11,7612.18194,43.67,0.08,18.97,19.07,19.07,1,0.86,OB161213 MB16443
KMT-2016-BLG-0629,BLG03M0306.088443,18:05:30.93,-27:10:51.71,7482.92314,9.74,0.224,19.93,20.0,20.24,1,1.05,
KMT-2016-BLG-0630,BLG03M0307.019614,18:05:23.03,-27:04:20.78,7641.20041,8.69,0.068,21.2,18.38,18.38,1,1.02,
KMT-2016-BLG-0631,BLG03M0505.071888,18:04:04.49,-27:18:31.61,7665.68349,14.28,0.095,19.66,19.73,19.73,1,1.05,
KMT-2016-BLG-0632,BLG03M0506.016888,18:04:20.81,-27:09:41.18,7603.42819,28.1,0.102,18.09,18.14,18.14,1,0.98,OB161214 MB16431
KMT-2016-BLG-0633,SAO03M0506.030361,18:04:15.52,-27:13:41.09,7653.91147,24.44,0.086,21.67,18.67,18.67,1,0.91,
KMT-2016-BLG-0634,SAO03M0507.068730,18:03:54.24,-27:07:12.68,7454.19288,177.42,0.003,20.5,19.91,19.91,1,1.36,OB160064 MB16050
KMT-2016-BLG-0635,SAO03M0608.034151,18:03:41.45,-26:54:03.49,7570.93829,15.75,0.271,20.79,19.37,19.37,1,1.54,OB161198
KMT-2016-BLG-0636,BLG03M0802.043449,18:02:20.26,-27:44:47.80,7642.01327,30.49,0.231,19.59,19.14,19.14,1,1.22,OB161674 MB16533
KMT-2016-BLG-0637,BLG03M0805.001055,18:02:14.86,-27:19:12.22,7688.74004,82.77,0.221,18.02,15.77,15.77,1,2.04,
KMT-2016-BLG-0638,BLG03N0102.007148,18:06:32.64,-28:49:28.42,7575.55135,3.74,0.108,18.46,17.52,17.52,1,0.81,MB16374
KMT-2016-BLG-0639,BLG03N0108.029421,18:06:27.44,-28:04:53.51,7656.12784,110.0,0.007,23.61,18.75,18.75,1,0.98,
KMT-2016-BLG-0640,BLG03N0201.056192,18:05:37.68,-28:53:04.31,7621.68142,23.54,0.026,22.67,19.61,19.61,1,1.02,OB161620
KMT-2016-BLG-0641,SSO03N0208.005267,18:05:59.40,-28:06:13.21,7645.55247,69.11,0.068,17.42,16.79,16.79,1,0.84,OB160799
KMT-2016-BLG-0642,BLG03N0305.062246,18:05:05.32,-28:23:42.00,7658.30338,41.21,0.019,19.7,19.71,19.71,1,1.03,OB161759 MB16568
KMT-2016-BLG-0643,BLG03N0408.003876,18:04:47.15,-28:06:28.12,7486.78927,24.15,0.022,19.18,16.26,16.26,1,0.94,OB160551 MB16139
KMT-2016-BLG-0644,SAO03N0503.067575,18:04:10.98,-28:45:13.50,7496.55107,19.78,0.033,19.58,19.54,19.54,1,0.91,OB160619 MB16170
KMT-2016-BLG-0645,BLG03N0505.027043,18:03:59.74,-28:24:14.00,7447.43885,28.47,0.042,20.51,18.49,18.49,1,0.84,OB160163
KMT-2016-BLG-0646,SAO03N0701.018189,18:02:53.37,-28:55:26.29,7607.84831,132.33,0.019,22.53,18.13,18.13,1,0.81,
KMT-2016-BLG-0647,BLG03N0702.061097,18:03:07.39,-28:48:55.51,7468.95967,13.98,0.256,19.8,19.32,19.32,1,0.86,OB160439
KMT-2016-BLG-0648,BLG03N0703.017008,18:02:57.48,-28:41:30.59,7539.79175,36.76,0.413,19.69,18.1,18.1,1,0.9,OB160906
KMT-2016-BLG-0649,BLG03N0704.019538,18:02:49.58,-28:36:07.81,7606.91447,8.54,0.287,18.72,18.22,18.22,1,0.99,OB161483
KMT-2016-BLG-0650,BLG03T0101.016123,18:01:25.06,-28:56:26.20,7481.04312,3.87,0.794,19.0,18.13,18.13,1,1.08,
KMT-2016-BLG-0651,BLG03T0102.018418,18:01:43.73,-28:47:24.61,7594.4882,27.97,0.392,19.72,18.16,18.16,1,1.17,OB161393
KMT-2016-BLG-0652,SSO03T0105.003373,18:01:20.22,-28:28:43.10,7505.89637,44.43,0.536,15.72,15.73,15.73,1,1.11,OB160106 MB16071
KMT-2016-BLG-0653,BLG03T0105.028953,18:01:33.32,-28:22:56.21,7499.67061,5.1,0.996,18.82,18.51,18.51,1,1.02,OB160744
KMT-2016-BLG-0654,SSO03T0105.048735,18:01:19.27,-28:23:30.70,7544.0623,43.38,0.002,19.75,19.01,19.01,1,1.08,OB160947 MB16276
KMT-2016-BLG-0655,BLG03T0201.034191,18:01:04.26,-28:59:30.41,7491.98393,24.45,0.586,18.76,18.62,18.62,1,0.97,OB160564
KMT-2016-BLG-0656,BLG03T0207.041716,18:01:18.21,-28:07:34.10,7610.16226,44.08,0.073,21.76,19.09,19.09,1,1.39,
KMT-2016-BLG-0657,BLG03T0207.082605,18:00:57.86,-28:07:55.20,7642.10378,7.29,0.124,19.98,20.0,20.03,1,1.22,OB161760 MB16556
KMT-2016-BLG-0658,SAO03T0208.084971,18:00:43.98,-28:06:51.70,7522.05747,16.11,0.191,20.36,19.95,19.95,1,1.25,OB160867
KMT-2016-BLG-0659,SAO03T0301.057268,18:00:26.09,-28:58:12.00,7559.9989,7.71,0.195,20.36,19.07,19.07,1,0.88,OB161144
KMT-2016-BLG-0660,SSO03T0305.019939,18:00:37.10,-28:23:52.58,7625.76785,6.55,0.041,19.03,18.19,18.19,1,1.22,OB161646 MB16509
KMT-2016-BLG-0661,BLG03T0305.058002,18:00:23.49,-28:22:42.38,7456.9909,8.2,0.148,20.05,19.2,19.2,1,1.2,OB160320
KMT-2016-BLG-0662,SAO03T0306.037537,18:00:40.97,-28:22:08.90,7616.22522,3.66,0.652,18.84,18.78,18.78,1,1.21,
KMT-2016-BLG-0663,SAO03T0307.015639,18:00:18.36,-28:11:48.91,7607.68793,61.32,0.077,19.34,18.12,18.12,1,1.42,OB161187 MB16445
KMT-2016-BLG-0664,BLG03T0307.064718,18:00:23.46,-28:07:16.61,7451.11161,9.78,0.405,19.47,19.52,19.52,1,1.45,
KMT-2016-BLG-0665,BLG03T0402.040262,17:59:39.09,-28:50:16.58,7591.38001,199.64,0.005,23.24,18.74,18.74,1,1.24,OB161376 OB161391 MB16434
KMT-2016-BLG-0666,BLG03T0402.061488,17:59:38.35,-28:48:02.92,7622.99072,18.12,0.165,19.57,19.2,19.2,1,1.1,OB161615 OB161625 MB16495
KMT-2016-BLG-0667,BLG03T0403.015434,18:00:03.64,-28:43:05.41,7618.99784,33.86,0.072,17.87,17.88,17.88,1,1.16,OB161377
KMT-2016-BLG-0668,BLG03T0406.037545,17:59:44.36,-28:21:15.59,7437.02396,108.36,0.035,20.32,18.87,18.87,1,1.39,OB160010
KMT-2016-BLG-0669,BLG03T0503.035834,17:59:21.42,-28:38:59.39,7476.50584,25.03,0.183,18.56,18.68,18.68,1,1.27,OB160330 MB16103
KMT-2016-BLG-0670,BLG03T0608.066374,17:58:28.14,-28:04:23.48,7633.59208,12.41,0.092,20.58,20.0,20.56,1,2.28,OB161747
KMT-2016-BLG-0671,SAO03T0704.019954,17:58:11.31,-28:30:05.40,7466.1601,100.94,0.049,19.11,18.58,18.58,1,1.77,OB160011 MB16062
KMT-2016-BLG-0672,BLG03T0806.024684,17:57:45.25,-28:20:08.20,7487.75676,14.93,0.105,20.37,18.59,18.59,1,1.58,OB160558
KMT-2016-BLG-0673,SSO04K0103.024352,18:03:30.51,-29:43:23.81,7643.65396,4.4,0.2,18.99,18.67,18.67,1,0.78,MB16557
KMT-2016-BLG-0674,BLG04K0203.002770,18:02:57.77,-29:41:37.21,7685.18376,75.04,0.115,18.98,15.82,15.82,1,0.92,OB161892 MB16603
KMT-2016-BLG-0675,BLG04K0203.022934,18:03:03.27,-29:42:20.30,7653.6186,40.84,0.201,20.21,18.56,18.56,1,0.92,OB161827
KMT-2016-BLG-0676,SAO04K0204.015046,18:02:46.60,-29:34:12.29,7595.80598,69.42,0.193,18.2,18.22,18.22,1,1.0,OB160908 MB16336
KMT-2016-BLG-0677,SAO04K0207.027595,18:03:02.70,-29:07:52.00,7511.63084,4.71,0.096,18.59,18.61,18.61,1,0.99,OB160775 MB16219 MB16220
KMT-2016-BLG-0678,BLG04K0301.045151,18:02:00.02,-29:58:22.40,7489.25541,5.61,0.402,19.13,19.22,19.22,1,1.14,OB160678
KMT-2016-BLG-0679,BLG04K0305.021841,18:02:29.66,-29:23:35.02,7562.18022,16.0,0.602,19.8,18.74,18.74,1,1.23,
KMT-2016-BLG-0680,SAO04K0307.000497,18:02:19.89,-29:10:42.71,7685.60077,24.08,0.418,14.49,14.25,14.25,1,1.11,OB161767 MB16558
KMT-2016-BLG-0681,SAO04K0401.011049,18:01:25.02,-29:56:52.69,7449.38838,23.76,1.0,19.2,17.93,17.93,1,1.12,
KMT-2016-BLG-0682,BLG04K0401.049701,18:01:54.98,-29:58:24.31,7573.51678,50.86,0.046,19.29,19.32,19.32,1,1.14,OB161124 MB16337
KMT-2016-BLG-0683,BLG04K0402.021165,18:01:24.75,-29:45:33.98,7445.30377,122.57,0.123,20.58,18.43,18.43,1,1.15,OB160165
KMT-2016-BLG-0684,SAO04K0403.080705,18:01:25.59,-29:38:08.48,7563.25668,7.94,0.253,19.61,19.96,19.96,1,1.23,MB16343
KMT-2016-BLG-0685,SAO04K0404.010290,18:01:35.09,-29:31:24.89,7541.21249,3.97,0.144,18.35,18.03,18.03,1,1.51,MB16280
KMT-2016-BLG-0686,SAO04K0405.031681,18:01:25.55,-29:25:29.39,7562.37071,12.17,0.092,20.09,18.96,18.96,1,1.2,
KMT-2016-BLG-0687,SAO04K0407.002989,18:01:32.06,-29:12:21.20,7563.10544,7.24,0.68,15.78,15.79,15.79,1,1.32,OB161096 MB16324
KMT-2016-BLG-0688,BLG04K0407.015988,18:01:49.14,-29:07:15.10,7470.50665,12.5,0.29,19.27,18.15,18.15,1,1.41,OB160479
KMT-2016-BLG-0689,SAO04K0408.071716,18:01:36.12,-29:01:41.59,7628.21406,27.14,0.387,20.46,19.83,19.83,1,1.34,
KMT-2016-BLG-0690,SAO04K0501.036987,18:01:20.04,-29:56:45.60,7657.69953,36.07,0.181,21.75,18.91,18.91,1,1.12,
KMT-2016-BLG-0691,SAO04K0505.008225,18:00:50.37,-29:25:57.68,7576.65343,17.27,0.02,19.77,17.5,17.5,1,1.3,OB161290
KMT-2016-BLG-0692,BLG04K0601.013138,18:00:23.17,-29:59:22.70,7556.00486,40.48,0.155,20.99,18.03,18.03,1,1.14,
KMT-2016-BLG-0693,BLG04K0603.064184,18:00:33.53,-29:44:03.98,7475.78546,15.75,0.218,20.64,19.73,19.73,1,1.25,
KMT-2016-BLG-0694,BLG04K0604.084007,18:00:37.46,-29:35:34.12,7608.78504,19.7,0.025,22.27,20.0,20.74,1,1.59,MB16468
KMT-2016-BLG-0695,BLG04K0606.038126,18:00:16.66,-29:14:27.82,7639.44959,19.65,0.044,20.72,19.02,19.02,1,1.19,OB161735 MB16535
KMT-2016-BLG-0696,BLG04K0607.044550,18:00:45.78,-29:10:31.58,7641.54165,44.12,0.179,18.93,19.01,19.01,1,1.16,OB161598 MB16521
KMT-2016-BLG-0697,SAO04K0702.041848,17:59:43.06,-29:44:58.42,7494.5863,18.98,0.321,19.73,19.08,19.08,1,1.24,OB160561
KMT-2016-BLG-0698,SAO04K0703.001128,18:00:12.55,-29:43:03.00,7657.86209,48.2,0.708,16.68,15.09,15.09,1,1.3,OB161654 MB16457
KMT-2016-BLG-0699,SAO04K0703.079891,18:00:00.01,-29:41:59.89,7525.75735,29.35,0.069,21.06,20.0,20.22,1,1.27,OB160894
KMT-2016-BLG-0700,BLG04K0704.066302,18:00:06.72,-29:34:28.81,7598.91697,16.21,0.219,19.66,19.8,19.8,1,1.43,
KMT-2016-BLG-0701,BLG04K0707.001292,18:00:15.31,-29:08:36.38,7576.55431,53.14,0.268,15.02,15.01,15.01,1,1.07,OB160524 MB16119
KMT-2016-BLG-0702,BLG04K0707.016114,18:00:03.13,-29:08:57.01,7634.65483,13.46,0.088,18.68,17.99,17.99,1,1.1,
KMT-2016-BLG-0703,BLG04K0707.048314,18:00:10.84,-29:13:30.61,7566.94508,11.74,0.289,20.38,18.98,18.98,1,1.19,OB161192
KMT-2016-BLG-0704,BLG04K0708.011165,17:59:54.23,-29:05:17.59,7545.07094,33.85,0.609,17.83,17.49,17.49,1,0.95,OB160642 MB16263
KMT-2016-BLG-0705,SAO04K0708.021811,17:59:48.50,-29:03:59.69,7527.86088,198.82,0.029,21.64,18.17,18.17,1,0.96,OB160856
KMT-2016-BLG-0706,SAO04K0708.082219,18:00:13.13,-29:00:22.79,7460.42407,17.8,0.254,18.64,19.7,19.7,1,0.91,OB160096
KMT-2016-BLG-0707,BLG04K0804.043135,17:59:18.26,-29:29:57.98,7532.90924,17.74,0.203,19.25,19.31,19.31,1,1.73,OB160876 MB16264
KMT-2016-BLG-0708,SAO04K0804.043136,17:59:17.17,-29:36:18.50,7629.59263,56.06,0.981,20.13,19.31,19.31,1,1.43,
KMT-2016-BLG-0709,BLG04K0806.025649,17:59:32.47,-29:15:47.92,7595.14553,9.43,0.284,18.51,18.47,18.47,1,1.24,OB161014 MB16318
KMT-2016-BLG-0710,BLG04K0807.010969,17:59:15.07,-29:14:13.99,7653.77614,49.41,0.587,18.31,17.43,17.43,1,1.08,OB161630 MB16554
KMT-2016-BLG-0711,BLG04M0103.001294,18:08:15.85,-29:41:28.39,7555.74766,16.07,1.0,16.36,15.38,15.38,1,0.81,MB16294
KMT-2016-BLG-0712,BLG04M0105.053078,18:08:14.27,-29:27:02.59,7618.09713,23.58,0.049,19.78,19.85,19.85,1,0.93,MB16491
KMT-2016-BLG-0713,BLG04M0106.005264,18:08:11.27,-29:15:48.20,7606.4439,53.47,0.009,22.63,17.39,17.39,1,0.83,
KMT-2016-BLG-0714,BLG04M0106.059744,18:08:06.80,-29:19:39.90,7600.14364,23.33,0.087,19.91,19.99,19.99,1,0.96,OB161471
KMT-2016-BLG-0715,BLG04M0107.043436,18:08:31.06,-29:09:40.10,7467.89766,9.59,0.34,19.48,19.46,19.46,1,0.74,
KMT-2016-BLG-0716,BLG04M0108.050696,18:08:29.02,-29:05:04.60,7527.96783,67.88,0.209,20.1,19.62,19.62,1,0.71,
KMT-2016-BLG-0717,BLG04M0202.065300,18:07:55.71,-29:44:14.50,7477.87732,151.47,0.1,19.98,20.0,20.21,1,0.75,OB160223 MB16079
KMT-2016-BLG-0718,BLG04M0208.008141,18:07:26.36,-29:04:46.31,7570.43865,15.5,0.037,17.67,17.7,17.7,1,0.92,OB161099
KMT-2016-BLG-0719,BLG04M0301.021604,18:07:04.78,-29:53:05.10,7527.639,26.49,0.3,18.86,18.91,18.91,1,0.89,OB160859
KMT-2016-BLG-0720,BLG04M0307.034561,18:07:03.50,-29:12:47.70,7622.36988,51.84,0.059,20.09,19.13,19.13,1,1.03,OB161581 MB16473
KMT-2016-BLG-0721,SAO04M0404.065463,18:06:35.26,-29:30:31.21,7618.75156,38.83,0.006,20.59,20.0,20.06,1,0.91,OB161586 MB16486
KMT-2016-BLG-0722,BLG04M0405.000686,18:06:24.32,-29:22:22.58,7654.15953,50.85,0.662,16.11,14.92,14.92,1,1.07,OB161516 MB16454
KMT-2016-BLG-0723,SSO04M0407.013409,18:06:17.48,-29:10:12.00,7559.41806,41.89,0.063,18.16,18.17,18.17,1,0.92,OB160737 MB16271
KMT-2016-BLG-0724,BLG04M0503.040756,18:05:46.10,-29:38:30.08,7659.3718,13.63,0.45,19.15,19.14,19.14,1,0.76,
KMT-2016-BLG-0725,BLG04M0506.027859,18:05:46.20,-29:17:30.80,7659.04576,10.23,0.002,20.03,18.81,18.81,1,0.98,
KMT-2016-BLG-0726,BLG04M0507.055855,18:05:51.06,-29:10:00.08,7645.90528,30.73,0.147,20.34,19.57,19.57,1,0.93,MB16540
KMT-2016-BLG-0727,BLG04M0603.034471,18:05:27.58,-29:39:52.70,7582.82763,14.56,0.406,19.55,18.97,18.97,1,0.81,OB161331
KMT-2016-BLG-0728,BLG04M0607.059163,18:05:35.56,-29:10:29.78,7600.22976,67.22,0.32,19.72,19.65,19.65,1,0.95,OB161261 MB16401
KMT-2016-BLG-0729,BLG04M0608.004997,18:05:08.76,-29:00:11.92,7586.43524,30.75,0.076,19.2,17.09,17.09,1,1.04,OB161288 OB161302 MB16391
KMT-2016-BLG-0730,BLG04M0702.048885,18:04:37.84,-29:46:57.61,7488.94387,50.78,0.099,22.44,19.29,19.29,1,0.82,
KMT-2016-BLG-0731,SAO04M0704.025980,18:04:50.19,-29:36:35.10,7503.48407,7.45,0.2,20.52,18.62,18.62,1,0.83,
KMT-2016-BLG-0732,BLG04M0706.005896,18:04:56.21,-29:20:54.82,7510.52551,24.38,0.684,17.41,17.11,17.11,1,0.96,OB160708
KMT-2016-BLG-0733,BLG04M0706.009391,18:04:36.21,-29:14:24.29,7603.29703,23.66,0.271,19.7,17.69,17.69,1,0.87,OB161502
KMT-2016-BLG-0734,BLG04M0706.013472,18:05:04.18,-29:18:10.51,7475.79065,9.66,0.468,19.11,18.03,18.03,1,0.87,OB160529
KMT-2016-BLG-0735,BLG04M0707.060508,18:05:03.06,-29:12:10.40,7485.68035,44.02,0.101,21.35,19.56,19.56,1,0.91,OB160573
KMT-2016-BLG-0736,BLG04M0801.051968,18:04:25.40,-29:57:35.32,7490.45574,14.38,0.117,19.72,19.38,19.38,1,0.9,OB160649 MB16165
KMT-2016-BLG-0737,BLG04M0801.068200,18:04:03.18,-29:52:47.32,7448.81396,25.89,0.018,19.81,19.82,19.82,1,0.79,OB160265 MB16055
KMT-2016-BLG-0738,BLG04M0802.000992,18:04:28.66,-29:48:58.28,7669.02703,55.28,0.891,15.45,14.97,14.97,1,0.8,OB161396
KMT-2016-BLG-0739,BLG04M0804.033034,18:04:26.70,-29:35:36.10,7674.73303,53.62,0.333,19.69,19.04,19.04,1,0.97,OB161845
KMT-2016-BLG-0740,BLG04M0805.019708,18:04:15.98,-29:23:17.41,7443.6125,40.81,0.404,20.04,18.36,18.36,1,0.88,OB160291
KMT-2016-BLG-0741,BLG04M0805.026569,18:04:29.37,-29:26:12.59,7561.08354,16.98,0.06,20.53,18.61,18.61,1,1.03,
KMT-2016-BLG-0742,BLG04M0807.055938,18:04:11.26,-29:10:54.41,7467.86136,21.09,0.116,19.39,19.45,19.45,1,0.88,OB160319 MB16078
KMT-2016-BLG-0743,BLG04N0103.003014,18:08:09.16,-30:50:55.79,7446.39688,52.32,0.657,17.86,17.07,17.07,1,0.79,OB160225 MB16029
KMT-2016-BLG-0744,BLG04N0203.001541,18:07:33.25,-30:48:20.59,7585.97927,11.71,0.128,16.01,16.03,16.03,1,1.01,OB161251
KMT-2016-BLG-0745,BLG04N0205.006379,18:08:01.46,-30:29:58.99,7590.67955,8.17,0.499,18.41,17.9,17.9,1,0.81,OB161399
KMT-2016-BLG-0746,BLG04N0303.034741,18:07:14.39,-30:44:56.90,7549.07806,24.77,0.315,19.57,19.62,19.62,1,1.04,OB161064
KMT-2016-BLG-0747,SAO04N0401.001103,18:06:27.08,-30:59:30.91,7685.21482,21.6,0.513,17.55,15.59,15.59,1,0.99,
KMT-2016-BLG-0748,SAO04N0402.009529,18:06:40.76,-30:52:43.79,7470.14143,25.25,0.076,20.31,18.34,18.34,1,0.96,OB160454 MB16099
KMT-2016-BLG-0749,BLG04N0403.024257,18:06:36.91,-30:46:42.82,7472.56296,4.66,0.167,19.11,19.11,19.11,1,0.92,
KMT-2016-BLG-0750,BLG04N0405.006722,18:06:21.06,-30:31:29.10,7575.60187,59.69,0.053,20.0,18.17,18.17,1,1.11,OB161220 MB16365
KMT-2016-BLG-0751,BLG04N0408.033647,18:06:37.18,-30:12:41.00,7440.96143,93.69,0.142,20.37,19.2,19.2,1,0.79,OB160226
KMT-2016-BLG-0752,SSO04N0501.001951,18:05:54.44,-31:04:32.30,7497.25118,14.2,0.986,16.66,16.35,16.35,1,1.11,MB16159
KMT-2016-BLG-0753,BLG04N0602.014532,18:05:27.32,-30:56:09.20,7642.57097,18.26,0.391,19.15,18.75,18.75,1,1.21,OB161792
KMT-2016-BLG-0754,SAO04N0704.051977,18:05:08.36,-30:42:43.20,7443.87347,25.65,0.045,25.13,19.93,19.93,1,1.2,
KMT-2016-BLG-0755,BLG04N0704.051978,18:04:54.68,-30:42:49.21,7650.87857,62.52,0.128,19.92,19.93,19.93,1,1.14,OB161676 MB16538
KMT-2016-BLG-0756,BLG04N0708.066165,18:04:36.25,-30:10:13.91,7445.18965,38.38,0.165,19.94,20.0,20.38,1,1.09,
KMT-2016-BLG-0757,SAO04N0806.005444,18:04:23.65,-30:25:02.71,7630.87242,33.47,0.215,19.67,17.47,17.47,1,1.17,OB161599
KMT-2016-BLG-0758,BLG04N0808.002129,18:04:03.35,-30:09:34.88,7672.0711,17.88,0.838,15.75,15.75,15.75,1,1.06,MB16566
KMT-2016-BLG-0759,BLG04T0106.006482,18:03:27.05,-30:25:03.29,7649.30788,29.87,0.251,17.56,17.57,17.57,1,1.16,MB16530
KMT-2016-BLG-0760,SAO04T0108.014325,18:03:16.82,-30:06:49.90,7479.33367,45.62,0.008,19.82,18.24,18.24,1,0.95,OB160528
KMT-2016-BLG-0761,BLG04T0203.015794,18:02:54.28,-30:45:05.90,7587.56023,21.71,0.229,18.84,18.86,18.86,1,1.31,MB16421
KMT-2016-BLG-0762,SAO04T0203.019379,18:02:52.68,-30:44:51.68,7527.76803,55.81,0.124,19.38,19.04,19.04,1,1.31,OB161019 MB16234
KMT-2016-BLG-0763,BLG04T0204.034804,18:02:55.99,-30:38:19.00,7655.67113,4.14,0.146,19.46,19.48,19.48,1,1.37,
KMT-2016-BLG-0764,SAO04T0301.039188,18:02:31.18,-31:01:08.90,7463.79949,2.86,0.599,21.29,19.61,19.61,1,1.42,
KMT-2016-BLG-0765,BLG04T0301.062288,18:02:08.28,-31:02:28.00,7592.10059,47.09,0.272,20.18,20.0,20.33,1,1.24,OB161428
KMT-2016-BLG-0766,SAO04T0302.001625,18:02:16.91,-30:54:07.42,7506.25335,9.18,0.386,18.58,15.86,15.86,1,1.29,MB16208
KMT-2016-BLG-0767,BLG04T0303.001731,18:02:12.25,-30:50:20.40,7449.91774,59.02,0.172,20.69,16.02,16.02,1,1.4,
KMT-2016-BLG-0768,BLG04T0303.002567,18:02:30.03,-30:44:10.39,7454.7495,4.63,0.787,16.45,16.45,16.45,1,1.41,OB160331
KMT-2016-BLG-0769,SAO04T0305.041973,18:02:25.47,-30:36:01.58,7576.39002,5.72,0.005,24.68,19.32,19.32,1,1.2,
KMT-2016-BLG-0770,BLG04T0402.021765,18:01:48.13,-30:57:46.69,7601.51431,83.95,0.04,22.34,19.04,19.04,1,1.38,
KMT-2016-BLG-0771,SAO04T0405.022900,18:01:22.82,-30:33:57.82,7509.65975,36.7,0.04,19.73,18.69,18.69,1,1.05,OB160666 MB16203
KMT-2016-BLG-0772,SAO04T0507.018141,18:01:07.49,-30:18:08.10,7499.80001,49.86,0.09,19.47,18.4,18.4,1,0.99,OB160480 MB16174
KMT-2016-BLG-0773,BLG04T0602.032656,18:00:18.02,-30:55:50.30,7616.84303,55.59,0.034,20.91,19.39,19.39,1,1.62,OB161569 MB16489
KMT-2016-BLG-0774,SAO04T0606.000554,18:00:14.46,-30:23:03.30,7518.37058,16.23,0.981,16.04,14.6,14.6,1,1.22,OB160815 MB16206
KMT-2016-BLG-0775,BLG04T0701.014529,17:59:48.97,-31:01:07.28,7629.46407,21.26,0.08,18.94,18.98,18.98,1,1.78,OB161597 MB16505
KMT-2016-BLG-0776,BLG04T0701.021343,18:00:00.36,-31:04:56.60,7433.90625,30.7,0.102,19.5,19.3,19.3,1,1.56,OB160155 OB160222
KMT-2016-BLG-0777,SSO04T0703.003910,18:00:01.09,-30:49:01.70,7558.89747,20.11,0.032,16.97,17.02,17.02,1,1.57,OB160916 OB160996
KMT-2016-BLG-0778,SAO04T0703.026617,17:59:44.48,-30:51:03.10,7525.43222,6.2,0.892,19.3,19.33,19.33,1,1.64,
KMT-2016-BLG-0779,SAO04T0703.040376,17:59:47.67,-30:47:42.61,7491.92356,60.66,0.57,20.02,19.73,19.73,1,1.61,OB160643
KMT-2016-BLG-0780,SAO04T0706.010625,17:59:54.97,-30:27:34.42,7447.6706,51.97,0.954,18.44,18.08,18.08,1,1.38,OB160138
KMT-2016-BLG-0781,SAO04T0802.037289,17:59:36.77,-30:51:55.30,7657.07934,18.9,0.137,19.9,19.95,19.95,1,1.72,OB161800 MB16581
KMT-2016-BLG-0782,SAO04T0808.046380,17:59:20.16,-30:10:47.32,7523.44378,16.22,0.497,19.47,19.45,19.45,1,1.5,
KMT-2016-BLG-0783,BLG11K0105.014501,17:27:06.97,-29:21:20.70,7629.6099,4.05,0.457,18.92,18.9,18.9,1,1.81,
KMT-2016-BLG-0784,SAO11K0105.040381,17:26:53.36,-29:21:17.39,7666.05955,13.22,0.444,19.87,19.85,19.85,1,1.98,
KMT-2016-BLG-0785,SAO11K0106.027066,17:27:16.17,-29:13:34.50,7551.74941,16.71,0.092,19.82,19.84,19.84,1,1.83,
KMT-2016-BLG-0786,SAO11K0304.022258,17:25:57.96,-29:29:12.01,7666.92229,86.98,0.031,21.61,19.28,19.28,1,1.76,
KMT-2016-BLG-0787,SSO11K0306.023671,17:25:54.83,-29:11:26.70,7610.18709,8.31,0.007,19.59,19.52,19.52,1,1.95,OB161582
KMT-2016-BLG-0788,BLG11K0408.000544,17:25:21.71,-29:00:10.51,7612.27341,42.7,0.679,17.72,16.03,16.03,2,1.9,OB161321
KMT-2016-BLG-0789,SAO11K0601.000806,17:24:08.29,-29:51:14.80,7655.2377,29.38,0.811,16.51,16.11,16.11,2,1.52,OB161709
KMT-2016-BLG-0790,BLG11M0106.000502,17:31:52.75,-29:13:55.70,7561.7117,8.14,0.999,17.32,15.81,15.81,4,2.63,
KMT-2016-BLG-0791,SAO11M0205.009190,17:31:33.01,-29:19:37.67,7580.47989,30.14,0.526,19.85,19.91,19.91,2,3.08,OB161298
KMT-2016-BLG-0792,SSO11M0301.026853,17:31:06.97,-29:48:51.52,7537.98299,51.99,0.023,20.17,20.0,20.14,2,2.54,OB160930
KMT-2016-BLG-0793,SAO11M0401.031203,17:30:25.69,-29:50:48.98,7524.8988,199.98,0.004,21.07,20.0,20.45,2,2.16,OB160890 OB160934
KMT-2016-BLG-0794,BLG11M0501.001717,17:29:41.27,-29:50:32.42,7673.86701,6.12,0.002,16.98,16.99,16.99,2,2.15,OB161908
KMT-2016-BLG-0795,SSO11M0502.003313,17:29:49.96,-29:46:04.04,7485.47435,197.31,0.061,19.51,17.58,17.58,2,1.97,OB160252
KMT-2016-BLG-0796,BLG11M0601.009047,17:29:17.75,-29:51:19.08,7573.10766,43.94,0.614,19.16,19.12,19.12,2,2.12,OB161244
KMT-2016-BLG-0797,BLG11M0602.007515,17:29:10.36,-29:45:22.36,7497.58251,21.98,0.002,21.18,18.97,18.97,2,2.45,OB160687
KMT-2016-BLG-0798,SAO11M0604.026533,17:29:16.12,-29:30:21.82,7515.19014,28.97,0.096,21.17,19.44,19.44,1,1.81,OB160716
KMT-2016-BLG-0799,BLG11M0607.008867,17:29:08.44,-29:01:01.13,7626.29767,147.46,0.141,20.25,20.0,20.88,2,2.01,OB161448 OB161476
KMT-2016-BLG-0800,BLG11M0802.032339,17:27:58.00,-29:44:18.38,7625.02396,22.72,0.092,19.84,19.77,19.77,1,2.14,OB161663
KMT-2016-BLG-0801,BLG11M0804.053416,17:28:07.97,-29:29:07.58,7612.00829,107.94,0.034,22.32,20.0,20.42,1,1.98,
KMT-2016-BLG-0802,BLG11M0807.002235,17:27:40.45,-29:06:11.84,7620.8466,8.32,0.208,18.17,16.96,16.96,2,1.76,OB161636
KMT-2016-BLG-0803,SAO11N0103.006098,17:32:03.41,-30:37:52.50,7572.9459,20.19,0.6,18.81,18.37,18.37,2,2.76,OB161228
KMT-2016-BLG-0804,BLG11N0104.020335,17:32:07.43,-30:34:38.93,7610.51457,55.66,0.047,21.26,20.0,20.27,2,2.81,OB161551
KMT-2016-BLG-0805,BLG11N0202.003670,17:31:20.89,-30:50:41.57,7558.24763,23.19,0.524,17.91,17.91,17.91,2,3.04,OB161007
KMT-2016-BLG-0806,SAO11N0202.007361,17:31:17.92,-30:50:06.94,7513.59066,15.54,0.198,20.1,20.0,20.08,2,3.04,
KMT-2016-BLG-0807,BLG11N0208.008284,17:31:15.21,-30:01:03.00,7496.33112,53.45,0.464,19.22,18.94,18.94,2,2.4,OB160503
KMT-2016-BLG-0808,BLG11N0208.011022,17:31:15.29,-30:07:35.15,7592.96971,29.05,0.026,20.89,20.0,25.0,3,2.4,
KMT-2016-BLG-0809,SAO11N0304.016347,17:30:44.88,-30:36:45.58,7568.50726,34.67,0.103,22.2,20.0,20.74,2,3.04,
KMT-2016-BLG-0810,BLG11N0406.005038,17:30:07.53,-30:18:06.23,7650.69053,19.01,0.24,18.07,18.05,18.05,2,2.58,OB161745
KMT-2016-BLG-0811,BLG11N0407.005768,17:30:32.44,-30:12:21.49,7530.24171,4.64,0.259,18.38,18.36,18.36,2,2.64,
KMT-2016-BLG-0812,SAO11N0408.010459,17:30:18.98,-30:00:27.22,7517.46936,19.78,0.146,19.79,20.0,20.17,2,2.5,OB160893
KMT-2016-BLG-0813,BLG11N0505.004991,17:29:26.59,-30:23:32.10,7674.72863,35.64,0.398,18.07,18.1,18.1,2,2.66,OB161811
KMT-2016-BLG-0814,SAO11N0603.011820,17:29:21.00,-30:39:49.54,7662.30862,53.84,0.805,19.99,20.0,20.41,2,3.94,OB161837
KMT-2016-BLG-0815,BLG11N0608.024259,17:28:48.97,-30:05:53.27,7600.00798,43.65,0.389,19.78,20.0,20.58,2,2.28,OB161473
KMT-2016-BLG-0816,SAO11N0808.005146,17:27:52.68,-30:05:54.56,7506.60866,86.35,0.007,23.18,18.25,18.25,2,2.4,
KMT-2016-BLG-0817,BLG11T0307.006088,17:26:06.69,-30:10:20.93,7628.28301,8.15,0.987,18.78,18.65,18.65,2,2.41,
KMT-2016-BLG-0818,SAO11T0606.009954,17:24:05.35,-30:15:44.28,7519.09632,12.43,0.105,20.85,19.75,19.75,2,2.07,
KMT-2016-BLG-0819,BLG11T0607.013706,17:23:54.60,-30:14:43.98,7667.06698,26.88,0.108,19.24,19.73,19.73,2,2.35,OB161819
KMT-2016-BLG-0820,SAO11T0806.001534,17:23:05.52,-30:20:07.19,7501.50878,6.44,0.772,17.53,17.47,17.47,2,2.41,OB160739
KMT-2016-BLG-0821,BLG12K0205.007193,17:26:23.74,-27:14:05.68,7626.36713,28.6,0.388,20.77,19.98,19.98,2,2.29,
KMT-2016-BLG-0822,SAO12K0305.000882,17:25:45.09,-27:09:38.66,7537.65881,4.05,0.567,17.85,16.76,16.76,2,2.05,
KMT-2016-BLG-0823,BLG12K0505.013574,17:24:44.36,-27:13:14.05,7631.85046,6.78,0.677,19.89,20.0,21.25,2,2.28,
KMT-2016-BLG-0824,SAO12K0702.020594,17:23:44.24,-27:35:39.01,7565.21029,59.63,0.064,22.35,19.99,19.99,1,1.97,
KMT-2016-BLG-0825,SAO12K0704.003190,17:23:49.95,-27:21:51.52,7563.82623,46.96,0.161,20.5,18.78,18.78,2,2.21,
KMT-2016-BLG-0826,SAO12M0203.012978,17:31:30.09,-27:27:57.42,7495.0516,61.57,0.258,20.86,20.0,21.47,2,2.51,OB160359
KMT-2016-BLG-0827,BLG12M0403.001845,17:30:13.87,-27:28:19.20,7500.26168,6.98,0.682,17.5,17.47,17.47,2,2.69,OB160714
KMT-2016-BLG-0828,BLG12M0403.003975,17:30:29.83,-27:29:02.54,7595.3288,23.07,0.308,19.26,18.65,18.65,2,2.62,OB161411
KMT-2016-BLG-0829,SAO12M0601.012779,17:29:17.68,-27:44:05.03,7540.63202,48.7,0.102,21.76,20.0,20.1,2,2.49,
KMT-2016-BLG-0830,BLG12M0706.001524,17:28:40.00,-27:01:38.57,7632.83368,59.74,0.114,19.03,17.72,17.72,2,2.71,
KMT-2016-BLG-0831,SAO12N0204.011235,17:31:39.77,-28:29:05.42,7537.11476,89.97,0.122,20.14,20.0,20.07,2,2.45,OB160686
KMT-2016-BLG-0832,SAO12N0302.014011,17:30:35.82,-28:40:17.83,7653.55613,17.61,0.021,19.92,20.0,25.0,3,2.56,OB161817
KMT-2016-BLG-0833,BLG12N0402.007333,17:30:06.47,-28:40:47.39,7599.5341,17.39,0.555,19.27,19.27,19.27,2,2.5,OB161435
KMT-2016-BLG-0834,SAO12N0403.010225,17:30:31.10,-28:32:24.97,7610.181,30.73,0.209,20.45,20.0,20.33,2,2.03,OB161572
KMT-2016-BLG-0835,BLG12N0406.009666,17:30:19.74,-28:09:30.53,7639.15888,33.18,0.093,19.04,19.14,19.14,2,2.1,OB161605
KMT-2016-BLG-0836,BLG12N0803.001826,17:28:10.05,-28:36:48.35,7609.75203,12.44,0.794,17.35,17.33,17.33,2,2.08,OB161456 OB161457
KMT-2016-BLG-0837,BLG12N0807.018449,17:28:01.39,-28:01:38.57,7657.74265,32.33,0.081,20.07,19.97,19.97,2,2.15,OB161851
KMT-2016-BLG-0838,SSO12T0105.007583,17:27:00.93,-28:19:21.65,7590.01888,35.84,0.263,20.22,20.0,21.37,2,1.81,OB161458
KMT-2016-BLG-0839,SAO12T0207.000471,17:26:42.45,-28:02:42.00,7522.65157,59.58,0.25,18.89,18.96,18.96,2,2.04,OB160891
KMT-2016-BLG-0840,SAO12T0308.034184,17:26:03.48,-27:54:33.98,7542.44054,30.9,0.085,20.92,19.99,19.99,1,1.51,
KMT-2016-BLG-0841,SAO12T0608.004744,17:24:30.08,-27:53:24.29,7644.24748,78.22,0.128,20.0,18.0,18.0,1,1.69,
KMT-2016-BLG-0842,SAO12T0806.004671,17:23:18.89,-28:09:35.57,7562.23673,47.67,0.153,21.4,18.65,18.65,2,1.96,OB161077
KMT-2016-BLG-0843,SAO12T0807.007586,17:23:07.16,-28:05:06.36,7504.45637,27.71,0.442,19.66,19.22,19.22,2,1.92,OB160658
KMT-2016-BLG-0844,BLG13M0407.003555,17:37:50.66,-33:26:34.69,7595.36772,71.67,0.405,18.95,18.97,18.97,2,3.86,OB161139
KMT-2016-BLG-0845,SAO13M0703.003412,17:36:04.20,-34:01:47.82,7574.46156,5.68,0.161,19.8,18.79,18.79,2,3.8,OB161335
KMT-2016-BLG-0846,SAO13N0105.015679,17:39:30.63,-34:52:53.58,7529.0862,199.89,0.006,23.92,19.71,19.71,2,2.05,
KMT-2016-BLG-0847,BLG13N0406.020488,17:37:40.71,-34:45:42.12,7471.90484,72.69,0.268,19.97,20.0,20.39,2,3.2,OB160415
KMT-2016-BLG-0848,SSO13N0507.003319,17:36:51.18,-34:32:39.77,7559.12707,20.07,0.002,18.19,18.22,18.22,2,3.21,OB161045
KMT-2016-BLG-0849,BLG13N0508.000924,17:37:03.83,-34:24:49.90,7524.53437,4.34,1.0,16.68,16.72,16.72,2,2.74,
KMT-2016-BLG-0850,BLG13N0604.005733,17:36:32.35,-35:00:01.66,7438.57567,52.69,0.393,20.03,18.86,18.86,2,3.09,OB160354
KMT-2016-BLG-0851,SAO13N0607.013084,17:36:34.93,-34:33:12.31,7518.1761,33.12,0.395,19.73,19.84,19.84,2,3.41,OB160849
KMT-2016-BLG-0852,BLG14K0102.005152,17:36:28.17,-28:37:57.22,7655.89155,41.56,0.43,18.16,18.16,18.16,2,3.21,
KMT-2016-BLG-0853,BLG14K0103.012708,17:36:34.95,-28:34:26.62,7549.50553,31.63,0.292,20.64,20.0,20.32,2,3.26,
KMT-2016-BLG-0854,BLG14K0106.001977,17:36:40.70,-28:08:50.24,7473.32646,11.36,0.092,20.41,17.81,17.81,2,3.35,OB160510
KMT-2016-BLG-0855,BLG14K0108.006530,17:36:37.44,-27:53:08.59,7554.06255,59.86,0.43,19.22,19.31,19.31,2,3.25,
KMT-2016-BLG-0856,BLG14K0201.009763,17:35:39.02,-28:47:24.50,7451.61022,32.12,0.256,20.06,20.0,25.0,3,3.35,OB160214
KMT-2016-BLG-0857,SAO14K0204.002901,17:35:46.58,-28:24:56.38,7529.00659,12.25,0.8,18.42,18.17,18.17,2,3.37,OB160904
KMT-2016-BLG-0858,BLG14K0206.005641,17:35:56.34,-28:11:56.04,7653.54584,34.25,0.225,18.92,18.91,18.91,2,3.44,OB161651
KMT-2016-BLG-0859,BLG14K0302.003011,17:35:26.72,-28:40:48.04,7507.58557,9.02,0.964,17.8,17.82,17.82,2,2.98,OB160761
KMT-2016-BLG-0860,BLG14K0307.000779,17:35:10.31,-28:01:01.96,7568.47427,24.95,0.57,16.74,16.81,16.81,2,3.14,OB161136
KMT-2016-BLG-0861,SAO14K0406.009751,17:34:24.26,-28:08:08.77,7527.94874,7.08,0.2,20.09,19.43,19.43,2,2.79,
KMT-2016-BLG-0862,SAO14K0501.000799,17:33:55.83,-28:50:37.00,7553.47671,27.38,0.244,18.59,17.06,17.06,2,3.52,OB161033
KMT-2016-BLG-0863,BLG14K0502.002551,17:33:53.25,-28:36:58.25,7519.16906,20.42,0.385,18.82,18.92,18.92,2,3.84,
KMT-2016-BLG-0864,SAO14K0504.015971,17:34:03.21,-28:21:08.82,7546.48827,30.42,0.023,22.22,20.0,20.68,2,2.7,
KMT-2016-BLG-0865,SAO14K0602.005154,17:33:37.24,-28:38:50.64,7526.66989,9.12,0.499,19.39,19.16,19.16,2,3.67,
KMT-2016-BLG-0866,SAO14K0605.016961,17:33:24.51,-28:19:50.41,7530.39419,25.35,0.299,20.24,20.0,20.5,2,2.51,
KMT-2016-BLG-0867,SSO14K0607.001958,17:33:43.68,-27:58:30.36,7616.47337,23.3,0.054,17.86,17.21,17.21,2,2.68,
KMT-2016-BLG-0868,BLG14K0701.001313,17:32:39.82,-28:47:51.58,7666.69025,199.81,0.12,18.94,17.67,17.67,2,3.54,
KMT-2016-BLG-0869,SSO14M0101.004685,17:41:07.90,-28:47:54.92,7572.19046,198.93,0.013,20.78,20.0,20.77,2,5.74,
KMT-2016-BLG-0870,BLG14M0103.009483,17:41:20.88,-28:33:46.98,7618.66487,3.8,0.233,20.02,20.0,20.27,2,4.92,
KMT-2016-BLG-0871,BLG14M0104.015754,17:41:27.38,-28:25:40.04,7498.41972,80.18,0.076,21.34,19.8,19.8,4,4.25,
KMT-2016-BLG-0872,BLG14M0106.009810,17:41:06.91,-28:06:27.25,7639.10659,33.52,0.095,21.42,19.75,19.75,2,3.68,
KMT-2016-BLG-0873,SAO14M0207.001465,17:40:44.62,-28:02:37.57,7510.32313,9.25,0.34,17.98,17.99,17.99,2,3.8,
KMT-2016-BLG-0874,BLG14M0306.009881,17:39:54.12,-28:08:32.35,7499.08328,27.0,0.083,19.66,19.59,19.59,2,3.03,
KMT-2016-BLG-0875,BLG14M0401.004826,17:39:18.66,-28:46:47.75,7436.13529,36.63,0.074,19.52,19.41,19.41,2,4.39,
KMT-2016-BLG-0876,BLG14M0402.006533,17:39:32.77,-28:39:16.06,7560.91968,6.31,0.157,19.56,19.57,19.57,2,4.78,
KMT-2016-BLG-0877,BLG14M0402.007966,17:39:23.31,-28:37:53.76,7619.79357,19.91,0.072,19.61,19.71,19.71,2,4.19,
KMT-2016-BLG-0878,BLG14M0405.006142,17:39:48.39,-28:13:13.48,7548.81021,4.39,0.526,17.98,17.93,17.93,2,2.92,
KMT-2016-BLG-0879,BLG14M0405.008211,17:39:49.37,-28:19:33.17,7618.63879,12.15,0.092,20.69,18.32,18.32,2,3.43,
KMT-2016-BLG-0880,BLG14M0406.017835,17:39:17.02,-28:12:18.47,7514.38459,28.9,0.02,21.75,20.0,21.84,2,2.84,
KMT-2016-BLG-0881,BLG14M0407.009317,17:39:42.48,-28:01:07.21,7677.19106,17.79,0.197,18.72,18.77,18.77,2,3.2,
KMT-2016-BLG-0882,BLG14M0501.009555,17:38:47.69,-28:49:38.10,7638.62536,81.45,0.029,22.73,19.28,19.28,2,3.88,
KMT-2016-BLG-0883,BLG14M0505.002798,17:39:09.71,-28:16:37.88,7615.32916,48.65,0.128,20.15,17.55,17.55,2,2.82,
KMT-2016-BLG-0884,BLG14M0505.008684,17:39:01.71,-28:12:50.58,7584.51027,23.26,0.46,18.42,18.46,18.46,2,2.82,
KMT-2016-BLG-0885,BLG14M0506.004443,17:38:48.61,-28:11:11.80,7623.99445,35.72,0.103,20.94,17.75,17.75,2,2.93,
KMT-2016-BLG-0886,BLG14M0506.008855,17:39:07.15,-28:11:49.74,7456.94837,4.93,0.311,18.64,18.61,18.61,2,2.82,
KMT-2016-BLG-0887,BLG14M0508.004917,17:39:10.05,-27:56:31.88,7615.38716,39.01,0.392,17.79,17.83,17.83,2,2.82,OB161326
KMT-2016-BLG-0888,BLG14M0604.000964,17:38:07.97,-28:27:32.87,7464.99619,33.42,0.999,17.27,16.72,16.72,2,3.37,OB160172
KMT-2016-BLG-0889,BLG14M0607.000546,17:38:37.41,-28:02:27.46,7510.03908,29.17,0.53,16.42,16.41,16.41,2,3.1,
KMT-2016-BLG-0890,BLG14M0701.000908,17:37:47.36,-28:46:40.01,7467.86228,18.67,0.154,16.91,16.91,16.91,2,3.52,OB160260
KMT-2016-BLG-0891,BLG14M0701.008075,17:38:04.13,-28:43:43.57,7472.83548,11.89,0.044,19.83,20.0,20.71,2,3.7,OB160501
KMT-2016-BLG-0892,BLG14M0703.001866,17:37:54.99,-28:33:32.11,7511.45299,99.01,0.469,18.03,18.1,18.1,2,3.34,OB160190
KMT-2016-BLG-0893,BLG14M0706.003729,17:37:33.80,-28:06:59.33,7609.21696,6.99,0.909,18.39,18.35,18.35,2,3.67,OB161538
KMT-2016-BLG-0894,SAO14M0707.002663,17:38:01.34,-27:58:08.44,7600.01305,20.59,0.063,17.48,17.5,17.5,2,3.37,MB16440
KMT-2016-BLG-0895,BLG14N0305.001371,17:40:07.37,-29:19:56.14,7436.73935,46.68,0.179,20.17,19.39,19.39,2,6.91,
KMT-2016-BLG-0896,SAO14N0502.001680,17:39:14.52,-29:45:41.00,7568.5178,9.25,0.673,18.45,18.48,18.48,2,5.82,
KMT-2016-BLG-0897,BLG14N0503.009988,17:39:02.48,-29:40:55.42,7460.13073,9.71,0.946,20.01,20.0,20.39,2,5.24,
KMT-2016-BLG-0898,SAO14N0507.007588,17:39:14.10,-29:08:18.10,7583.37946,8.69,0.764,19.98,20.0,20.05,2,4.76,
KMT-2016-BLG-0899,SAO14N0603.002801,17:38:35.83,-29:40:10.38,7497.65479,8.12,0.688,18.77,18.43,18.43,2,4.59,OB160729
KMT-2016-BLG-0900,BLG14N0606.002339,17:38:19.66,-29:16:12.29,7621.81741,51.72,0.618,18.6,18.56,18.56,2,4.38,
KMT-2016-BLG-0901,BLG14N0606.013931,17:38:10.75,-29:12:45.43,7492.70912,199.95,0.002,23.75,20.0,21.15,2,4.12,
KMT-2016-BLG-0902,BLG14N0701.009980,17:38:00.29,-29:52:13.58,7648.70493,98.34,0.147,20.0,19.92,19.92,2,4.55,OB161508
KMT-2016-BLG-0903,BLG14N0707.016338,17:37:36.08,-29:11:32.42,7610.07377,54.28,0.443,19.82,19.86,19.86,2,3.42,OB161507
KMT-2016-BLG-0904,BLG14N0803.009095,17:37:14.67,-29:36:06.98,7548.27179,45.02,0.39,19.82,19.76,19.76,2,3.83,OB161035
KMT-2016-BLG-0905,SAO14N0806.004955,17:37:03.48,-29:13:28.49,7631.99575,15.91,0.997,18.87,18.48,18.48,2,3.53,
KMT-2016-BLG-0906,BLG14N0808.010757,17:37:22.97,-29:02:18.28,7469.15389,8.69,0.142,19.16,19.15,19.15,2,3.46,OB160448
KMT-2016-BLG-0907,BLG14T0106.015616,17:36:25.66,-29:19:54.34,7480.7313,32.88,0.594,19.98,20.0,20.55,2,3.57,
KMT-2016-BLG-0908,SAO14T0107.020232,17:36:27.61,-29:06:42.88,7636.1992,20.31,0.041,20.57,20.0,20.69,2,2.98,OB161715
KMT-2016-BLG-0909,BLG14T0203.017202,17:36:04.13,-29:37:57.36,7671.57599,16.21,0.209,19.93,19.9,19.9,2,3.08,OB161903
KMT-2016-BLG-0910,BLG14T0204.006143,17:35:49.76,-29:34:14.34,7463.17091,3.15,0.995,18.41,18.24,18.24,2,3.07,
KMT-2016-BLG-0911,BLG14T0204.011559,17:35:37.26,-29:31:47.28,7569.13068,15.31,0.183,19.12,19.12,19.12,2,3.14,
KMT-2016-BLG-0912,BLG14T0205.005393,17:35:49.10,-29:25:27.62,7682.01419,23.85,0.061,18.5,18.32,18.32,2,3.05,
KMT-2016-BLG-0913,SAO14T0207.012119,17:35:43.08,-29:12:14.87,7542.59296,48.13,0.016,22.49,19.89,19.89,2,3.02,
KMT-2016-BLG-0914,BLG14T0207.023145,17:36:04.18,-29:12:14.65,7548.09265,6.02,0.531,19.99,20.0,20.38,2,3.25,
KMT-2016-BLG-0915,BLG14T0208.010065,17:35:40.08,-29:00:19.51,7501.5791,21.61,0.186,19.79,19.82,19.82,2,3.09,OB160698
KMT-2016-BLG-0916,SAO14T0301.006588,17:35:06.01,-29:55:22.37,7565.74081,31.13,0.489,17.81,17.8,17.8,2,2.71,OB161034
KMT-2016-BLG-0917,BLG14T0305.006641,17:35:31.68,-29:21:18.14,7631.02699,9.01,0.929,18.72,18.71,18.71,2,3.42,OB161657
KMT-2016-BLG-0918,BLG14T0402.007883,17:34:34.08,-29:45:22.79,7508.25506,31.59,0.133,19.96,19.98,19.98,2,2.97,OB160851
KMT-2016-BLG-0919,SAO14T0402.014107,17:34:48.38,-29:48:46.58,7531.99288,15.3,0.167,19.94,19.77,19.77,2,3.01,OB160962
KMT-2016-BLG-0920,SAO14T0405.010638,17:34:36.02,-29:22:12.61,7586.01458,57.78,0.181,21.25,19.32,19.32,2,3.07,
KMT-2016-BLG-0921,SAO14T0406.006141,17:34:45.85,-29:18:55.01,7523.35454,8.84,0.615,18.44,18.43,18.43,2,3.36,OB160872
KMT-2016-BLG-0922,SAO14T0407.002282,17:34:38.35,-29:10:39.83,7513.26419,14.21,0.429,18.31,18.3,18.3,2,3.31,
KMT-2016-BLG-0923,SAO14T0502.005184,17:33:56.18,-29:46:07.39,7639.72706,36.34,0.575,18.05,18.08,18.08,2,2.45,OB161619
KMT-2016-BLG-0924,SAO14T0507.012130,17:34:20.53,-29:06:51.59,7520.40822,6.26,0.157,20.06,20.0,20.22,2,3.49,
KMT-2016-BLG-0925,SAO14T0605.012599,17:33:29.55,-29:26:43.94,7539.2374,15.85,0.095,22.4,19.43,19.43,2,3.02,
KMT-2016-BLG-0926,SAO14T0605.017196,17:33:34.68,-29:22:28.78,7496.70541,21.58,0.369,19.9,20.0,20.45,2,2.92,OB160699
KMT-2016-BLG-0927,BLG14T0606.009797,17:33:29.41,-29:14:32.03,7611.23567,198.94,0.049,21.81,19.08,19.08,2,3.06,
KMT-2016-BLG-0928,SAO14T0702.006037,17:33:12.57,-29:45:16.88,7557.66912,19.29,0.514,18.23,18.25,18.25,2,2.64,OB161036
KMT-2016-BLG-0929,BLG14T0702.018062,17:33:00.12,-29:46:37.70,7680.6748,6.99,0.079,19.95,20.0,20.09,2,2.55,
KMT-2016-BLG-0930,BLG14T0705.015335,17:32:41.38,-29:22:19.13,7476.07524,13.28,0.299,20.63,19.95,19.95,2,2.72,
KMT-2016-BLG-0931,SAO14T0706.008178,17:32:50.81,-29:12:25.34,7578.44173,34.87,0.497,18.84,18.83,18.83,2,2.77,OB161173
KMT-2016-BLG-0932,BLG14T0801.010321,17:32:23.10,-29:53:30.01,7555.93045,25.23,0.098,21.22,18.96,18.96,4,3.09,
KMT-2016-BLG-0933,BLG14T0806.009755,17:32:17.11,-29:16:44.65,7500.45367,12.7,0.055,21.62,20.0,20.1,2,2.38,
KMT-2016-BLG-0934,BLG15K0107.007370,17:36:36.32,-25:56:31.06,7472.49648,82.14,0.472,19.95,20.0,20.27,2,3.0,
KMT-2016-BLG-0935,BLG15K0402.006987,17:34:30.62,-26:33:11.45,7483.75405,16.17,0.048,22.23,19.33,19.33,2,2.77,
KMT-2016-BLG-0936,BLG15K0502.002129,17:34:06.72,-26:35:17.34,7637.75096,33.55,0.887,17.85,17.45,17.45,2,2.4,OB161573
KMT-2016-BLG-0937,SAO15K0503.010868,17:34:21.44,-26:22:02.03,7488.3103,5.61,0.115,19.99,20.0,20.02,2,2.88,MB16405
KMT-2016-BLG-0938,BLG15K0505.009186,17:34:23.88,-26:09:16.96,7445.50325,30.04,0.122,21.42,20.0,20.53,2,2.97,
KMT-2016-BLG-0939,SAO15K0702.008558,17:33:01.23,-26:33:50.94,7517.86402,8.26,0.155,20.43,20.0,21.28,2,3.03,
KMT-2016-BLG-0940,SAO15K0705.004165,17:33:05.45,-26:07:39.72,7525.45734,46.54,0.193,20.54,20.0,21.71,2,4.06,
KMT-2016-BLG-0941,SAO15K0801.002714,17:32:14.39,-26:38:12.05,7497.44655,11.56,0.31,20.28,19.04,19.04,2,3.89,
KMT-2016-BLG-0942,BLG15M0103.006574,17:41:06.76,-26:20:44.77,7606.01443,178.32,0.043,23.18,18.9,18.9,2,2.9,
KMT-2016-BLG-0943,BLG15M0104.002623,17:41:02.58,-26:13:16.00,7598.09636,59.75,0.464,17.71,17.78,17.78,2,2.59,OB160871
KMT-2016-BLG-0944,BLG15M0104.009268,17:41:07.16,-26:14:05.68,7454.04728,7.47,0.209,20.45,19.44,19.44,2,2.79,OB160366
KMT-2016-BLG-0945,BLG15M0108.017555,17:41:09.32,-25:45:31.25,7597.92209,11.97,0.902,19.88,20.0,20.45,2,2.55,
KMT-2016-BLG-0946,BLG15M0203.012863,17:40:45.06,-26:25:47.42,7560.63565,6.58,0.311,19.9,19.92,19.92,2,2.87,
KMT-2016-BLG-0947,BLG15M0205.012136,17:40:31.42,-26:05:56.44,7491.49867,7.53,0.17,20.81,19.95,19.95,2,2.73,
KMT-2016-BLG-0948,BLG15M0305.013103,17:39:57.04,-26:07:52.50,7513.54031,8.64,0.536,19.92,20.0,20.54,2,2.55,
KMT-2016-BLG-0949,BLG15M0306.000180,17:40:04.17,-26:02:36.60,7511.80913,110.09,0.402,15.97,15.92,15.92,2,2.52,OB160038
KMT-2016-BLG-0950,SAO15M0306.011491,17:40:00.24,-26:03:31.57,7573.70081,11.59,0.073,19.84,20.0,20.1,2,2.52,OB161264
KMT-2016-BLG-0951,BLG15M0401.008254,17:39:39.23,-26:37:37.96,7597.83881,8.99,0.301,20.39,19.4,19.4,2,2.79,
KMT-2016-BLG-0952,BLG15M0402.006568,17:39:42.22,-26:29:00.92,7566.41127,16.1,0.306,18.86,18.82,18.82,2,2.85,OB161134
KMT-2016-BLG-0953,BLG15M0402.014440,17:39:45.10,-26:31:52.21,7647.44475,7.02,0.216,20.01,20.0,20.05,2,2.7,
KMT-2016-BLG-0954,SSO15M0406.002934,17:39:30.10,-26:01:38.03,7527.42711,5.16,0.354,17.61,17.64,17.64,2,2.71,OB160933
KMT-2016-BLG-0955,BLG15M0408.003234,17:39:43.61,-25:44:20.47,7608.53055,53.7,0.463,18.37,18.46,18.46,2,3.22,OB161084 OB161301
KMT-2016-BLG-0956,BLG15M0503.008880,17:38:48.00,-26:25:11.50,7557.48805,87.1,0.047,23.14,19.85,19.85,2,3.18,
KMT-2016-BLG-0957,BLG15M0504.004720,17:38:42.14,-26:20:14.96,7448.11539,18.2,0.062,18.35,18.45,18.45,2,3.42,OB160094
KMT-2016-BLG-0958,BLG15M0508.005285,17:38:53.94,-25:44:33.29,7550.07595,42.19,0.135,19.77,20.0,20.2,2,3.8,OB160961 OB161048
KMT-2016-BLG-0959,BLG15M0603.001038,17:38:29.33,-26:27:21.17,7585.88478,16.06,0.196,17.17,17.14,17.14,2,3.23,
KMT-2016-BLG-0960,BLG15M0702.007846,17:37:47.80,-26:32:08.41,7558.44073,22.56,0.187,21.28,19.42,19.42,2,2.99,
KMT-2016-BLG-0961,BLG15M0703.003876,17:37:48.66,-26:24:50.76,7480.7787,111.85,0.457,18.54,18.3,18.3,2,2.82,OB160122
KMT-2016-BLG-0962,BLG15M0802.007667,17:37:29.62,-26:34:06.53,7516.73269,16.12,0.163,20.13,20.0,20.32,2,3.22,OB160820
KMT-2016-BLG-0963,BLG15M0802.011870,17:36:58.56,-26:32:41.24,7507.40646,21.04,0.196,21.02,20.0,21.11,2,2.9,OB160810
KMT-2016-BLG-0964,BLG15M0804.000236,17:37:04.25,-26:14:51.97,7534.49543,43.84,0.44,16.28,16.35,16.35,2,3.03,
KMT-2016-BLG-0965,SAO15M0804.004703,17:37:05.63,-26:18:58.28,7606.55559,47.76,0.122,21.48,18.73,18.73,2,3.0,
KMT-2016-BLG-0966,SAO15N0103.019611,17:41:29.69,-27:27:44.57,7680.24445,77.86,0.135,19.93,19.44,19.44,4,3.17,OB161721
KMT-2016-BLG-0967,BLG15N0202.008795,17:40:33.74,-27:38:52.01,7437.38588,16.6,0.397,18.92,19.05,19.05,2,3.47,OB160060
KMT-2016-BLG-0968,BLG15N0302.016027,17:40:18.26,-27:39:32.90,7604.05034,10.57,0.228,19.97,20.0,20.15,2,3.37,OB161474
KMT-2016-BLG-0969,SAO15N0303.012190,17:40:13.69,-27:32:26.45,7494.84021,15.43,0.748,19.49,19.63,19.63,2,3.19,OB160743
KMT-2016-BLG-0970,BLG15N0402.009159,17:39:41.53,-27:40:41.48,7678.1701,100.27,0.064,18.96,18.87,18.87,2,3.03,OB161475
KMT-2016-BLG-0971,BLG15N0403.013745,17:39:34.25,-27:28:42.42,7600.70945,29.9,0.18,20.65,19.43,19.43,2,2.74,OB161464
KMT-2016-BLG-0972,BLG15N0501.011424,17:39:10.48,-27:45:17.06,7626.79667,3.03,0.2,19.3,19.29,19.29,2,2.76,OB161665
KMT-2016-BLG-0973,BLG15N0501.023655,17:39:06.36,-27:48:13.61,7487.32676,8.09,0.488,20.34,20.0,20.08,2,2.73,
KMT-2016-BLG-0974,SAO15N0501.026758,17:39:13.18,-27:46:12.32,7545.342,30.53,0.102,20.8,20.0,20.5,3,2.71,
KMT-2016-BLG-0975,BLG15N0505.012679,17:38:41.19,-27:19:20.71,7626.71376,14.34,0.113,20.69,19.23,19.23,2,2.63,OB161652
KMT-2016-BLG-0976,BLG15N0507.002874,17:38:46.55,-26:59:17.09,7647.21518,6.66,0.081,20.88,17.59,17.59,2,2.91,OB161813
KMT-2016-BLG-0977,BLG15N0604.007274,17:38:14.57,-27:25:22.69,7662.30519,13.0,0.225,20.22,19.35,19.35,2,2.58,OB161893 OB161894
KMT-2016-BLG-0978,SAO15N0605.003350,17:38:35.94,-27:15:52.81,7559.85273,88.68,0.312,18.36,18.33,18.33,2,3.06,OB160428
KMT-2016-BLG-0979,BLG15N0606.020339,17:38:33.57,-27:11:40.06,7651.12361,9.34,0.252,19.8,20.0,20.48,2,3.0,OB161825
KMT-2016-BLG-0980,BLG15N0608.007057,17:38:12.96,-26:54:27.94,7463.34043,20.98,0.024,20.52,19.07,19.07,2,3.16,
KMT-2016-BLG-0981,BLG15N0701.005755,17:37:34.69,-27:47:39.88,7577.24326,76.48,0.032,20.3,18.53,18.53,2,3.07,MB16410
KMT-2016-BLG-0982,BLG15N0701.012024,17:38:01.46,-27:47:00.49,7478.99275,103.78,0.02,22.97,19.74,19.74,2,2.95,
KMT-2016-BLG-0983,SAO15N0703.005287,17:37:59.57,-27:30:17.86,7524.86031,23.89,0.024,21.93,18.68,18.68,2,3.1,MB16413
KMT-2016-BLG-0984,BLG15N0706.012249,17:37:55.22,-27:08:20.00,7667.03188,10.99,0.27,19.31,19.32,19.32,2,2.8,OB161879 OB161900
KMT-2016-BLG-0985,SAO15T0103.000802,17:36:36.87,-27:30:35.10,7506.75384,38.15,0.071,18.12,18.08,18.08,2,2.92,OB160956 MB16412
KMT-2016-BLG-0986,SAO15T0104.007565,17:36:18.08,-27:25:10.31,7567.08469,11.54,0.917,18.98,18.2,18.2,1,2.57,OB161222
KMT-2016-BLG-0987,BLG15T0105.016097,17:36:33.45,-27:16:25.72,7636.04159,6.62,0.303,19.22,18.93,18.93,1,2.24,OB161707
KMT-2016-BLG-0988,BLG15T0105.059405,17:36:17.62,-27:13:54.30,7549.4471,10.96,0.112,20.48,20.0,20.36,1,2.31,OB161002
KMT-2016-BLG-0989,BLG15T0106.027980,17:36:25.23,-27:11:19.90,7554.75734,22.13,0.204,19.6,19.63,19.63,1,2.35,OB161003
KMT-2016-BLG-0990,BLG15T0106.037888,17:36:34.17,-27:12:47.81,7540.41244,96.47,0.115,19.4,19.93,19.93,1,2.27,MB16480
KMT-2016-BLG-0991,BLG15T0205.004322,17:35:52.87,-27:16:23.20,7601.70053,33.8,0.2,20.81,17.09,17.09,1,2.39,OB161505
KMT-2016-BLG-0992,SAO15T0302.016017,17:35:33.17,-27:38:37.21,7506.26243,7.28,0.299,20.19,20.0,20.25,2,2.62,OB160809
KMT-2016-BLG-0993,BLG15T0302.017993,17:35:00.55,-27:36:21.49,7525.31356,14.9,0.605,19.91,20.0,20.23,2,2.57,OB160889
KMT-2016-BLG-0994,SAO15T0303.024054,17:35:25.92,-27:35:03.95,7518.54564,16.67,0.075,21.58,20.0,20.9,2,2.52,
KMT-2016-BLG-0995,BLG15T0304.028160,17:35:04.40,-27:24:47.48,7567.64411,26.49,0.053,21.54,19.71,19.71,1,2.45,OB161223 MB16408
KMT-2016-BLG-0996,SAO15T0305.003151,17:35:05.89,-27:14:21.01,7500.25094,74.44,0.872,18.04,16.8,16.8,1,2.31,OB160375
KMT-2016-BLG-0997,BLG15T0306.030519,17:35:06.12,-27:10:39.50,7596.19153,16.1,0.295,20.3,19.45,19.45,1,2.08,
KMT-2016-BLG-0998,BLG15T0405.023159,17:34:31.87,-27:15:24.70,7522.30751,9.38,0.004,20.84,19.65,19.65,1,2.36,
KMT-2016-BLG-0999,BLG15T0406.024784,17:34:58.29,-27:09:12.71,7449.84955,20.83,0.169,20.11,19.35,19.35,1,2.06,OB160188
KMT-2016-BLG-1000,SAO15T0407.045173,17:34:46.16,-27:03:11.92,7627.78857,6.55,0.075,20.8,20.0,20.02,1,2.01,
KMT-2016-BLG-1001,BLG15T0408.000244,17:34:57.07,-26:51:57.49,7639.09632,38.99,0.967,15.18,14.69,14.69,1,2.36,OB161409
KMT-2016-BLG-1002,BLG15T0501.012555,17:33:58.37,-27:49:19.70,7681.41751,12.11,0.044,20.04,19.8,19.8,2,2.71,
KMT-2016-BLG-1003,BLG15T0506.004195,17:34:06.26,-27:11:05.50,7637.53844,24.14,1.0,18.04,18.13,18.13,2,2.68,OB161528
KMT-2016-BLG-1004,BLG15T0508.011231,17:34:01.67,-26:56:02.98,7597.08556,116.12,0.014,23.7,20.0,20.06,2,2.41,OB161432
KMT-2016-BLG-1005,SAO15T0601.004515,17:33:39.49,-27:45:00.07,7491.92038,9.0,0.91,18.88,18.36,18.36,2,2.76,OB160622
KMT-2016-BLG-1006,BLG15T0602.002234,17:33:40.66,-27:36:10.15,7685.15796,117.52,0.065,21.26,17.46,17.46,2,3.01,
KMT-2016-BLG-1007,SAO15T0605.004603,17:33:29.80,-27:13:16.18,7535.65335,123.87,0.083,20.64,20.0,20.17,2,2.85,OB160455 MB16406
KMT-2016-BLG-1008,BLG15T0607.019296,17:33:45.68,-26:58:15.56,7589.49308,12.69,0.393,20.15,20.0,20.52,2,2.62,OB161410
KMT-2016-BLG-1009,SAO15T0608.005155,17:33:41.94,-26:51:28.91,7623.26356,4.93,0.076,18.75,18.72,18.72,2,2.35,
KMT-2016-BLG-1010,SAO15T0703.000470,17:33:09.27,-27:35:05.46,7612.11139,16.26,0.668,16.18,15.99,15.99,2,2.7,OB161431 MB16447
KMT-2016-BLG-1011,BLG15T0708.002537,17:33:08.12,-26:52:22.66,7606.12606,55.73,0.283,20.94,17.93,17.93,2,2.78,
KMT-2016-BLG-1012,SAO15T0803.017561,17:32:20.77,-27:29:56.04,7484.87917,20.38,0.15,19.92,20.0,21.13,2,2.91,OB160623
KMT-2016-BLG-1013,SAO15T0804.001961,17:32:18.22,-27:25:16.90,7500.49643,21.2,0.013,18.39,18.15,18.15,2,2.8,OB160656
KMT-2016-BLG-1014,SAO15T0805.002886,17:32:43.91,-27:18:53.89,7630.93656,199.52,0.019,22.45,17.78,17.78,2,2.61,OB161604 MB16522
KMT-2016-BLG-1015,BLG16K0303.010340,17:35:21.50,-24:20:51.86,7602.42508,22.18,0.311,21.06,20.0,20.77,2,3.51,
KMT-2016-BLG-1016,BLG16K0304.011193,17:35:29.24,-24:11:36.24,7546.23708,46.19,0.392,19.81,20.0,20.3,2,2.28,OB161008
KMT-2016-BLG-1017,BLG16K0508.047827,17:34:39.82,-23:40:53.51,7600.47508,29.45,0.314,20.49,20.0,20.75,1,1.7,
KMT-2016-BLG-1018,BLG16K0603.006045,17:33:43.80,-24:14:04.96,7449.16481,25.06,0.088,21.68,19.65,19.65,2,2.36,
KMT-2016-BLG-1019,BLG16K0703.009134,17:33:28.72,-24:16:18.70,7452.30661,16.17,0.565,19.95,20.0,20.19,2,2.4,
KMT-2016-BLG-1020,BLG16M0103.011379,17:41:08.64,-24:14:48.80,7576.34882,18.27,0.924,18.59,18.61,18.61,1,1.73,OB161273
KMT-2016-BLG-1021,BLG16M0306.004847,17:40:18.59,-23:56:37.25,7476.74534,12.27,0.295,18.36,18.35,18.35,2,1.82,OB160536
KMT-2016-BLG-1022,BLG16M0306.005700,17:40:04.86,-23:53:01.14,7625.85592,25.63,0.307,19.26,19.28,19.28,2,1.9,OB161606
KMT-2016-BLG-1023,BLG16N0103.002227,17:41:31.28,-25:25:19.24,7626.72577,41.71,0.999,18.21,17.49,17.49,2,2.59,OB161552
KMT-2016-BLG-1024,BLG16N0104.006574,17:41:18.34,-25:18:24.12,7625.09638,50.85,0.297,19.35,19.53,19.53,2,2.4,
KMT-2016-BLG-1025,SAO16N0302.009839,17:40:07.26,-25:33:03.82,7614.22399,42.59,0.183,21.14,20.0,20.93,2,2.9,
KMT-2016-BLG-1026,SAO16N0305.003382,17:40:13.10,-25:06:39.71,7497.31101,6.42,0.888,17.94,17.95,17.95,2,2.73,OB160763
KMT-2016-BLG-1027,BLG16N0307.000947,17:40:07.60,-24:54:45.86,7569.00858,50.77,0.545,18.08,17.34,17.34,2,3.4,OB161140
KMT-2016-BLG-1028,BLG16N0805.008999,17:37:23.38,-25:13:19.70,7515.8654,26.65,0.402,20.35,20.0,20.64,2,3.38,
KMT-2016-BLG-1029,BLG16T0107.004338,17:36:31.89,-24:52:36.08,7600.42614,27.33,0.087,21.13,20.0,21.25,3,2.41,OB161465
KMT-2016-BLG-1030,BLG16T0208.010779,17:35:58.27,-24:46:21.22,7599.81592,32.7,0.05,20.63,20.0,21.44,2,2.64,
KMT-2016-BLG-1031,BLG16T0608.001874,17:33:50.40,-24:46:29.57,7630.53463,6.72,1.0,18.22,18.2,18.2,2,3.07,
KMT-2016-BLG-1032,SAO16T0805.001888,17:32:41.64,-25:07:06.60,7640.74066,55.78,0.166,20.23,20.0,20.98,2,2.97,OB161826
KMT-2016-BLG-1033,SAO17K0103.009581,17:44:21.09,-32:50:20.15,7511.93164,47.23,0.205,20.68,20.0,21.39,2,4.01,OB160853
KMT-2016-BLG-1034,BLG17K0201.012601,17:43:32.06,-33:07:17.47,7551.71742,4.58,0.099,20.1,20.0,20.39,2,3.63,
KMT-2016-BLG-1035,SAO17K0206.006516,17:43:45.68,-32:27:54.29,7465.41361,15.94,0.492,19.95,20.0,20.04,2,5.04,OB160502
KMT-2016-BLG-1036,SAO17K0304.011827,17:43:04.20,-32:48:34.16,7518.18827,53.59,0.085,21.2,20.0,21.61,2,3.69,OB160854
KMT-2016-BLG-1037,BLG17K0808.002561,17:39:59.36,-32:17:12.05,7503.81899,11.98,0.524,18.95,18.97,18.97,2,5.41,
KMT-2016-BLG-1038,BLG17M0103.013556,17:49:24.52,-32:51:08.39,7624.34339,72.06,0.321,19.15,19.16,19.16,1,2.56,OB161368
KMT-2016-BLG-1039,BLG17M0103.027674,17:49:17.68,-32:49:06.38,7490.86284,38.85,0.322,19.75,19.85,19.85,1,3.16,OB160605
KMT-2016-BLG-1040,BLG17M0107.001834,17:49:06.87,-32:23:14.14,7561.65386,7.85,0.909,18.06,18.06,18.06,2,3.4,
KMT-2016-BLG-1041,BLG17M0204.009252,17:48:39.85,-32:47:08.41,7565.20654,6.91,0.486,19.73,18.92,18.92,1,2.33,
KMT-2016-BLG-1042,BLG17M0206.003050,17:48:51.05,-32:31:04.80,7586.55762,20.0,0.698,18.79,18.3,18.3,2,3.32,OB161297
KMT-2016-BLG-1043,BLG17M0301.011571,17:48:18.75,-33:10:19.34,7542.91735,79.67,0.074,20.04,19.73,19.73,2,2.41,OB160812
KMT-2016-BLG-1044,BLG17M0302.007609,17:48:17.86,-32:56:55.68,7480.43258,19.53,0.981,18.96,18.97,18.97,4,2.71,
KMT-2016-BLG-1045,BLG17M0303.010581,17:47:54.91,-32:52:02.28,7648.34724,32.38,0.025,19.11,19.1,19.1,2,2.88,OB161756
KMT-2016-BLG-1046,BLG17M0303.019982,17:48:01.80,-32:56:13.38,7486.3534,5.24,0.372,20.23,20.0,20.13,2,2.87,
KMT-2016-BLG-1047,BLG17M0304.002465,17:47:49.75,-32:42:27.32,7576.56399,6.61,0.467,17.57,17.6,17.6,2,2.88,
KMT-2016-BLG-1048,BLG17M0304.009172,17:48:00.26,-32:45:48.60,7508.13575,17.52,0.052,21.63,20.0,20.89,2,3.07,OB160852
KMT-2016-BLG-1049,BLG17M0407.005427,17:47:42.45,-32:21:35.10,7589.60013,18.69,0.429,19.92,20.0,20.17,2,4.66,
KMT-2016-BLG-1050,BLG17M0503.006046,17:46:56.40,-32:50:41.10,7437.53555,55.76,0.048,22.23,19.23,19.23,2,4.17,
KMT-2016-BLG-1051,BLG17M0701.002923,17:45:57.88,-33:09:37.44,7668.49891,42.06,0.889,18.12,17.45,17.45,2,2.45,OB161873
KMT-2016-BLG-1052,BLG17M0702.002668,17:45:54.99,-33:00:32.80,7623.12339,53.56,0.042,21.81,17.34,17.34,2,2.72,
KMT-2016-BLG-1053,BLG17M0703.004606,17:45:24.95,-32:55:33.53,7571.27068,25.66,0.363,18.29,18.3,18.3,2,3.0,OB161137
KMT-2016-BLG-1054,BLG17M0703.007142,17:45:43.93,-32:48:57.74,7567.73415,8.22,0.141,18.89,18.96,18.96,2,4.14,OB161226
KMT-2016-BLG-1055,BLG17M0801.006410,17:45:00.12,-33:05:52.91,7595.32777,19.71,0.999,18.3,18.23,18.23,2,2.74,OB161438
KMT-2016-BLG-1056,BLG17M0802.007682,17:44:51.76,-33:01:26.83,7510.04629,40.83,0.07,22.68,19.3,19.3,2,2.53,
KMT-2016-BLG-1057,BLG17N0102.006060,17:49:06.31,-34:07:09.19,7624.48875,27.16,0.482,19.38,17.78,17.78,1,1.56,
KMT-2016-BLG-1058,BLG17N0205.010058,17:49:00.37,-33:47:28.39,7601.78006,22.71,0.295,20.91,18.43,18.43,1,1.66,OB161530
KMT-2016-BLG-1059,BLG17N0207.047743,17:48:53.50,-33:31:05.92,7485.89786,11.29,0.2,20.77,19.79,19.79,1,1.5,OB160628
KMT-2016-BLG-1060,SAO17N0301.003265,17:48:07.45,-34:15:43.99,7566.85263,17.7,0.908,18.24,16.7,16.7,1,1.48,
KMT-2016-BLG-1061,BLG17N0301.037274,17:48:08.06,-34:17:15.00,7629.65873,34.13,0.143,19.74,19.62,19.62,1,1.61,OB161640 MB16510
KMT-2016-BLG-1062,BLG17N0303.000773,17:48:00.85,-34:02:04.20,7675.15338,11.47,0.802,15.23,15.26,15.26,1,1.61,MB16595
KMT-2016-BLG-1063,BLG17N0307.036351,17:47:54.72,-33:29:48.52,7606.35755,20.34,0.288,21.0,19.55,19.55,1,1.81,
KMT-2016-BLG-1064,BLG17N0401.024408,17:47:24.50,-34:12:29.30,7465.4391,45.74,0.741,19.16,19.17,19.17,1,1.49,OB160295 MB16033
KMT-2016-BLG-1065,BLG17N0401.026043,17:47:15.31,-34:14:35.30,7616.05148,8.42,0.167,19.68,19.23,19.23,1,1.53,
KMT-2016-BLG-1066,SSO17N0403.003661,17:47:22.28,-33:56:38.29,7530.48992,21.72,0.075,16.75,16.77,16.77,1,1.68,OB160668 MB16204
KMT-2016-BLG-1067,SAO17N0404.007440,17:47:30.50,-33:55:52.50,7508.89997,81.91,0.074,21.27,18.82,18.82,1,1.73,OB160754
KMT-2016-BLG-1068,BLG17N0407.045345,17:47:48.06,-33:28:09.52,7561.0862,19.51,0.039,21.63,19.78,19.78,1,1.9,
KMT-2016-BLG-1069,BLG17N0501.036392,17:46:58.28,-34:16:43.79,7441.84703,19.19,0.199,20.29,19.59,19.59,1,1.43,
KMT-2016-BLG-1070,BLG17N0504.002084,17:47:02.34,-33:55:43.72,7673.89975,37.53,0.287,16.63,16.64,16.64,1,1.83,OB161641 MB16534
KMT-2016-BLG-1071,BLG17N0504.028603,17:46:43.69,-33:55:38.60,7503.74129,12.65,0.275,19.88,19.87,19.87,1,1.62,OB160819
KMT-2016-BLG-1072,BLG17N0508.042023,17:47:05.04,-33:18:37.69,7604.90236,29.95,0.267,20.15,20.0,20.1,1,2.29,
KMT-2016-BLG-1073,SSO17N0603.013245,17:46:13.44,-34:02:36.38,7461.13786,9.71,0.016,18.48,18.48,18.48,1,1.67,OB160353 MB16063
KMT-2016-BLG-1074,BLG17N0701.019334,17:45:46.93,-34:16:40.58,7549.54107,9.34,0.197,20.53,18.84,18.84,1,1.4,
KMT-2016-BLG-1075,BLG17N0703.047412,17:45:51.65,-33:58:44.51,7475.74876,11.12,0.185,19.81,19.82,19.82,1,1.77,OB160533 MB16121
KMT-2016-BLG-1076,BLG17N0805.013524,17:44:58.86,-33:46:10.60,7461.2028,22.57,0.221,18.83,18.45,18.45,1,1.68,OB160248
KMT-2016-BLG-1077,BLG17N0807.004230,17:45:23.12,-33:29:30.70,7651.47146,7.84,0.891,17.7,16.96,16.96,1,1.93,OB161872
KMT-2016-BLG-1078,BLG17T0104.046948,17:44:02.36,-33:54:45.00,7505.73721,35.73,0.007,21.06,20.0,20.27,1,2.53,OB160782
KMT-2016-BLG-1079,BLG17T0201.022101,17:43:29.65,-34:12:34.20,7483.45792,63.51,0.076,20.89,19.08,19.08,1,1.84,
KMT-2016-BLG-1080,BLG17T0201.039329,17:43:32.32,-34:12:26.89,7501.5382,10.93,0.852,19.63,19.64,19.64,1,1.84,
KMT-2016-BLG-1081,BLG17T0202.023598,17:43:39.18,-34:05:40.20,7510.28416,34.91,0.027,21.59,19.32,19.32,1,2.08,OB160845
KMT-2016-BLG-1082,BLG17T0205.004649,17:43:22.78,-33:43:22.44,7484.88081,7.41,0.369,20.07,18.98,18.98,2,3.76,
KMT-2016-BLG-1083,BLG17T0205.007483,17:43:38.05,-33:46:05.45,7485.6736,20.02,0.043,21.77,19.72,19.72,2,3.34,
KMT-2016-BLG-1084,SAO17T0207.008033,17:43:41.07,-33:27:41.40,7545.50188,16.31,0.495,19.41,19.4,19.4,2,3.46,OB161037
KMT-2016-BLG-1085,BLG17T0208.007052,17:43:49.83,-33:25:18.59,7641.63622,12.37,0.769,18.9,18.91,18.91,1,3.05,
KMT-2016-BLG-1086,BLG17T0301.024572,17:43:00.32,-34:17:05.39,7600.0395,27.79,0.391,20.82,19.5,19.5,1,2.02,
KMT-2016-BLG-1087,BLG17T0303.043295,17:42:59.31,-34:03:27.11,7458.17805,176.26,0.028,23.93,20.0,20.46,1,2.24,
KMT-2016-BLG-1088,BLG17T0308.001810,17:43:05.10,-33:21:58.28,7446.1389,67.14,0.89,18.23,17.72,17.72,2,3.42,
KMT-2016-BLG-1089,BLG17T0405.002504,17:42:23.31,-33:45:35.68,7562.05778,6.62,0.571,17.49,17.52,17.52,2,3.03,OB161227
KMT-2016-BLG-1090,BLG17T0406.022981,17:42:12.88,-33:39:50.54,7599.9873,118.88,0.048,23.08,20.0,20.54,2,2.84,
KMT-2016-BLG-1091,BLG17T0406.025919,17:42:33.48,-33:39:35.24,7453.77633,113.87,0.002,22.62,20.0,20.23,2,2.77,
KMT-2016-BLG-1092,BLG17T0407.008385,17:42:22.60,-33:28:44.47,7655.11387,35.25,0.165,19.04,19.12,19.12,2,3.08,OB161719
KMT-2016-BLG-1093,BLG17T0506.009045,17:41:40.92,-33:33:54.86,7666.5948,34.64,0.102,19.34,19.28,19.28,2,2.74,
KMT-2016-BLG-1094,BLG17T0507.010962,17:41:55.31,-33:31:53.11,7566.52995,33.28,0.298,20.63,19.21,19.21,2,3.02,
KMT-2016-BLG-1095,SAO17T0601.006610,17:41:25.33,-34:11:59.71,7559.14753,27.02,0.082,19.82,18.18,18.18,2,1.99,
KMT-2016-BLG-1096,BLG17T0607.012393,17:41:26.98,-33:31:08.15,7592.76388,95.27,0.413,19.54,20.0,20.45,2,2.75,
KMT-2016-BLG-1097,BLG17T0608.022549,17:41:26.24,-33:25:23.30,7565.54574,50.11,0.081,21.25,20.0,20.4,2,3.06,
KMT-2016-BLG-1098,BLG17T0703.001272,17:40:34.22,-34:01:39.68,7610.62297,32.66,0.306,20.48,16.86,16.86,2,2.89,
KMT-2016-BLG-1099,SAO17T0705.013398,17:40:26.55,-33:43:48.29,7540.30649,9.46,0.093,20.98,20.0,20.89,2,2.85,
KMT-2016-BLG-1100,SAO17T0708.020087,17:40:31.18,-33:25:11.75,7534.837,22.58,0.355,19.92,19.95,19.95,4,2.82,
KMT-2016-BLG-1101,SAO17T0804.000977,17:39:48.51,-33:48:39.85,7686.71489,199.8,0.124,18.77,16.61,16.61,2,3.01,OB161299
KMT-2016-BLG-1102,SAO17T0807.002192,17:39:53.14,-33:28:09.19,7454.67023,51.86,0.764,17.45,17.16,17.16,2,2.89,OB160369
KMT-2016-BLG-1103,SAO17T0807.012851,17:40:16.69,-33:30:36.86,7587.16379,30.94,0.183,20.13,20.0,20.1,2,2.95,OB161385
KMT-2016-BLG-1104,SAO18K0101.007906,17:45:45.07,-26:34:35.33,7492.85713,53.93,0.172,22.12,18.65,18.65,2,3.33,
KMT-2016-BLG-1105,BLG18K0104.009795,17:45:47.34,-26:15:58.93,7555.69895,35.97,0.187,20.89,19.2,19.2,2,3.29,
KMT-2016-BLG-1106,SAO18K0105.006979,17:45:23.04,-26:08:44.34,7492.9432,19.66,0.325,18.49,18.52,18.52,2,2.83,
KMT-2016-BLG-1107,SAO18K0106.001561,17:45:40.26,-26:01:54.48,7509.08771,37.45,0.395,17.85,17.35,17.35,2,2.57,
KMT-2016-BLG-1108,SAO18K0106.008509,17:45:46.10,-25:59:55.86,7531.36532,12.57,0.767,19.28,18.5,18.5,2,2.48,
KMT-2016-BLG-1109,SAO18K0205.005851,17:44:53.47,-26:08:26.23,7582.19969,24.23,0.604,19.65,18.26,18.26,2,3.01,
KMT-2016-BLG-1110,SAO18K0207.007312,17:45:06.07,-25:50:40.16,7628.11999,87.49,0.027,21.58,20.0,25.0,3,2.83,
KMT-2016-BLG-1111,BLG18K0207.009644,17:45:11.69,-25:52:50.59,7476.22783,20.99,0.03,21.36,19.42,19.42,2,2.72,
KMT-2016-BLG-1112,BLG18K0208.000473,17:45:11.72,-25:44:25.30,7516.75918,37.3,0.054,17.72,17.68,17.68,2,2.86,
KMT-2016-BLG-1113,BLG18K0303.007221,17:44:29.07,-26:23:48.08,7659.01761,31.17,0.301,18.76,18.77,18.77,2,3.4,OB161769
KMT-2016-BLG-1114,BLG18K0303.008170,17:44:23.95,-26:21:23.08,7447.71871,8.78,0.499,18.91,18.91,18.91,2,3.22,OB160298
KMT-2016-BLG-1115,BLG18K0304.006084,17:44:15.92,-26:15:46.26,7610.14128,14.61,0.824,18.14,18.2,18.2,2,2.92,OB161463
KMT-2016-BLG-1116,SAO18K0305.008796,17:44:26.82,-26:05:28.57,7517.18093,15.24,0.196,19.96,20.0,20.74,2,3.17,
KMT-2016-BLG-1117,BLG18K0306.003854,17:44:41.66,-26:02:25.44,7625.83569,11.49,0.514,17.69,17.72,17.72,2,2.81,
KMT-2016-BLG-1118,SAO18K0403.002463,17:43:51.10,-26:19:41.23,7536.97734,7.24,0.588,17.46,17.48,17.48,2,3.01,
KMT-2016-BLG-1119,BLG18K0405.006521,17:43:38.67,-26:11:01.21,7465.26456,17.12,0.837,19.05,18.47,18.47,2,2.84,OB160467
KMT-2016-BLG-1120,SAO18K0501.011895,17:43:34.99,-26:38:14.17,7485.87773,13.76,0.458,19.38,19.38,19.38,2,2.96,
KMT-2016-BLG-1121,BLG18K0508.003176,17:43:13.36,-25:46:19.02,7428.14453,22.42,0.286,18.42,17.49,17.49,2,2.61,OB160039
KMT-2016-BLG-1122,SAO18K0602.004437,17:42:33.72,-26:29:10.90,7550.27295,7.33,0.521,17.84,17.87,17.87,2,3.04,OB161107
KMT-2016-BLG-1123,SAO18K0602.004919,17:42:44.68,-26:27:05.62,7467.43546,200.0,0.019,19.54,18.58,18.58,2,3.03,
KMT-2016-BLG-1124,SSO18K0607.008754,17:42:47.09,-25:55:13.91,7551.07889,57.82,0.231,20.24,19.1,19.1,2,2.87,OB161083
KMT-2016-BLG-1125,SAO18K0706.003915,17:42:21.53,-26:00:43.67,7549.4107,108.11,0.002,21.85,17.9,17.9,2,2.83,OB161032
KMT-2016-BLG-1126,SAO18K0708.000855,17:42:23.00,-25:46:43.57,7443.37696,44.76,0.275,18.76,16.5,16.5,2,2.8,OB160040 OB160043
KMT-2016-BLG-1127,BLG18K0708.004377,17:42:10.48,-25:48:49.10,7577.22016,25.26,0.927,17.99,18.03,18.03,2,3.0,OB161174
KMT-2016-BLG-1128,SAO18M0405.001641,17:48:26.42,-26:08:30.37,7486.33265,12.19,0.011,19.42,19.44,19.44,2,5.77,
KMT-2016-BLG-1129,BLG18M0508.005149,17:47:57.68,-25:45:21.67,7576.19934,5.67,0.179,20.02,20.0,20.39,2,5.09,
KMT-2016-BLG-1130,SAO18M0604.001651,17:47:35.23,-26:16:32.12,7525.80301,15.65,0.147,21.11,18.2,18.2,2,4.67,
KMT-2016-BLG-1131,BLG18M0707.010003,17:47:11.45,-25:51:38.23,7647.60696,30.77,0.325,19.23,19.32,19.32,2,3.56,
KMT-2016-BLG-1132,BLG18M0801.008289,17:46:40.22,-26:37:40.55,7456.78941,33.59,0.065,19.94,19.36,19.36,2,3.96,OB160297
KMT-2016-BLG-1133,BLG18N0805.005215,17:46:27.18,-27:13:05.92,7646.60063,67.95,0.117,20.87,19.81,19.81,3,5.82,OB161713
KMT-2016-BLG-1134,SAO18N0807.010926,17:46:39.54,-26:59:36.82,7585.49692,25.7,0.172,19.96,20.0,20.27,2,4.77,OB161370
KMT-2016-BLG-1135,BLG18T0108.013251,17:45:31.11,-26:51:20.05,7468.42708,21.83,0.649,19.46,19.46,19.46,2,3.44,OB160417
KMT-2016-BLG-1136,BLG18T0108.017224,17:45:29.32,-26:49:39.22,7455.21313,28.09,0.156,19.89,19.83,19.83,2,3.32,OB160326
KMT-2016-BLG-1137,SAO18T0206.003252,17:45:13.09,-27:05:04.06,7470.32284,18.5,0.051,18.34,18.32,18.32,2,4.03,
KMT-2016-BLG-1138,SAO18T0305.005678,17:44:33.94,-27:15:10.58,7541.11051,6.08,0.895,19.57,19.26,19.26,2,4.4,
KMT-2016-BLG-1139,BLG18T0403.001425,17:43:46.64,-27:32:04.42,7675.96334,6.7,0.619,17.43,17.43,17.43,2,3.93,OB161909
KMT-2016-BLG-1140,SAO18T0404.012172,17:44:03.09,-27:20:17.56,7584.07731,35.74,0.005,20.14,19.96,19.96,2,3.9,OB161327
KMT-2016-BLG-1141,BLG18T0406.005746,17:43:54.99,-27:06:42.52,7603.01359,31.24,0.106,21.53,19.05,19.05,2,4.0,
KMT-2016-BLG-1142,BLG18T0407.000472,17:43:49.89,-26:56:59.57,7504.62245,46.38,0.053,17.71,17.66,17.66,2,3.37,OB160466
KMT-2016-BLG-1143,SAO18T0407.003410,17:43:43.49,-27:00:47.52,7438.585,31.42,0.085,18.19,18.25,18.25,2,3.48,OB160032
KMT-2016-BLG-1144,BLG18T0408.003459,17:44:08.88,-26:54:48.31,7661.3714,34.38,0.303,17.95,17.87,17.87,2,3.33,OB161714
KMT-2016-BLG-1145,SAO18T0408.012273,17:43:51.22,-26:50:55.82,7499.70802,57.56,0.047,20.7,20.0,20.3,2,3.03,OB160695
KMT-2016-BLG-1146,BLG18T0504.012171,17:43:21.81,-27:21:26.50,7469.28069,59.51,0.358,20.01,20.0,25.0,3,3.55,OB160372
KMT-2016-BLG-1147,BLG18T0505.007783,17:43:13.28,-27:12:56.41,7543.20346,34.66,0.002,18.94,19.07,19.07,2,3.69,OB160873
KMT-2016-BLG-1148,BLG18T0601.012305,17:42:59.59,-27:44:30.77,7485.26242,10.24,0.109,19.45,19.48,19.48,2,3.87,OB160608
KMT-2016-BLG-1149,BLG18T0602.016769,17:42:28.79,-27:34:17.87,7594.36999,109.5,0.002,23.4,20.0,20.25,2,3.56,OB161439
KMT-2016-BLG-1150,BLG18T0603.003701,17:42:39.47,-27:32:11.36,7604.76445,199.07,0.083,21.24,18.01,18.01,2,3.48,OB161336
KMT-2016-BLG-1151,BLG18T0605.007989,17:42:30.34,-27:15:13.61,7507.3908,111.33,0.003,21.78,20.0,25.0,3,3.67,OB160749
KMT-2016-BLG-1152,SAO18T0605.008702,17:42:31.06,-27:11:38.76,7495.51962,12.5,0.295,19.23,19.27,19.27,2,3.71,OB160700
KMT-2016-BLG-1153,SAO18T0605.015978,17:42:50.98,-27:18:00.68,7582.77335,26.44,0.178,20.91,20.0,20.14,2,3.63,
KMT-2016-BLG-1154,SAO18T0702.007483,17:42:10.93,-27:38:54.67,7617.8634,75.94,0.324,18.89,18.86,18.86,2,3.93,OB161184
KMT-2016-BLG-1155,BLG18T0702.009664,17:42:11.20,-27:33:51.12,7437.69403,18.12,0.889,18.07,18.05,18.05,2,3.23,OB160234
KMT-2016-BLG-1156,BLG18T0703.014802,17:42:18.58,-27:31:32.38,7559.25069,28.55,0.5,19.75,19.78,19.78,2,3.51,OB161183
KMT-2016-BLG-1157,BLG18T0705.013005,17:42:10.57,-27:14:54.82,7580.69463,26.91,0.376,19.84,19.85,19.85,2,3.85,OB161300
KMT-2016-BLG-1158,BLG18T0707.009929,17:42:21.12,-26:58:36.16,7436.96483,30.69,0.102,20.05,20.0,20.4,2,3.95,OB160042
KMT-2016-BLG-1159,SAO18T0805.001508,17:41:35.33,-27:11:15.54,7462.09142,38.61,0.115,18.94,18.27,18.27,2,3.16,OB160104
KMT-2016-BLG-1160,SAO19K0101.026901,17:45:36.94,-24:29:54.38,7679.90522,15.66,0.06,20.4,20.0,20.18,1,2.56,
KMT-2016-BLG-1161,SAO19K0102.020913,17:45:40.47,-24:27:59.62,7510.66715,23.4,0.912,19.49,19.5,19.5,1,2.47,
KMT-2016-BLG-1162,BLG19K0104.008373,17:45:30.57,-24:08:39.70,7503.97845,36.11,0.119,18.19,18.21,18.21,1,2.12,OB160499
KMT-2016-BLG-1163,SAO19K0106.024527,17:45:23.96,-23:53:01.39,7489.55438,7.57,0.442,19.48,19.08,19.08,1,1.5,OB160659
KMT-2016-BLG-1164,BLG19K0201.036932,17:45:08.66,-24:34:05.41,7679.0298,52.98,0.076,20.28,20.0,20.33,1,2.53,OB161865
KMT-2016-BLG-1165,SSO19K0203.007594,17:45:11.09,-24:20:05.32,7604.6299,26.2,0.011,20.5,18.06,18.06,1,2.19,OB161461
KMT-2016-BLG-1166,SAO19K0205.031167,17:45:19.42,-24:01:26.00,7485.2018,28.99,0.092,21.84,19.4,19.4,1,1.83,
KMT-2016-BLG-1167,SAO19K0205.072338,17:45:12.49,-24:01:50.81,7564.87307,7.66,0.823,19.99,20.0,20.91,1,1.84,
KMT-2016-BLG-1168,BLG19K0207.058296,17:45:15.64,-23:50:26.30,7637.64422,43.7,0.063,22.26,20.0,20.12,1,1.5,
KMT-2016-BLG-1169,BLG19K0302.008234,17:44:24.20,-24:28:51.89,7559.56839,27.73,0.999,19.0,18.37,18.37,1,2.26,OB161132
KMT-2016-BLG-1170,BLG19K0307.022278,17:44:37.56,-23:49:26.00,7552.92684,17.38,0.792,19.05,19.05,19.05,1,1.63,
KMT-2016-BLG-1171,BLG19K0407.063284,17:43:49.31,-23:47:15.68,7565.99736,53.19,0.114,20.97,20.0,20.34,1,1.57,
KMT-2016-BLG-1172,BLG19K0501.006486,17:43:38.29,-24:33:16.31,7594.25363,11.87,0.9,20.5,18.29,18.29,1,2.15,
KMT-2016-BLG-1173,BLG19K0505.027243,17:43:37.80,-24:02:57.01,7637.28711,18.88,0.358,19.24,19.27,19.27,1,1.65,
KMT-2016-BLG-1174,SAO19K0507.019845,17:43:28.52,-23:45:22.00,7582.49899,21.05,0.368,19.84,18.99,18.99,1,1.61,
KMT-2016-BLG-1175,SAO19K0507.060707,17:43:14.73,-23:48:45.00,7503.55522,21.86,0.709,19.98,20.0,20.3,1,1.59,
KMT-2016-BLG-1176,BLG19K0508.005638,17:43:16.01,-23:42:28.69,7549.3714,48.88,0.563,18.26,17.84,17.84,1,1.71,OB161006
KMT-2016-BLG-1177,SAO19K0508.053201,17:43:28.46,-23:40:10.09,7568.83338,56.38,0.453,20.04,20.0,20.25,1,1.71,OB161241
KMT-2016-BLG-1178,BLG19K0601.011559,17:42:32.30,-24:34:09.01,7517.62673,16.92,0.952,18.84,18.82,18.82,1,2.17,
KMT-2016-BLG-1179,BLG19K0601.029414,17:42:57.98,-24:33:39.38,7446.59983,33.67,0.369,19.73,19.75,19.75,1,2.03,OB160129
KMT-2016-BLG-1180,BLG19K0603.026976,17:43:02.05,-24:17:33.50,7630.90751,37.18,0.131,21.47,19.37,19.37,1,1.96,
KMT-2016-BLG-1181,BLG19K0603.039206,17:42:51.98,-24:14:50.32,7607.70654,51.03,0.194,20.37,19.74,19.74,1,1.93,OB161460
KMT-2016-BLG-1182,SAO19K0703.001251,17:42:22.47,-24:14:40.20,7501.32583,7.93,0.524,17.04,15.79,15.79,1,1.81,OB160741
KMT-2016-BLG-1183,BLG19K0704.042914,17:42:29.56,-24:06:44.21,7444.47924,67.59,0.21,20.36,19.77,19.77,1,1.83,OB160101
KMT-2016-BLG-1184,SAO19K0804.000837,17:41:37.65,-24:09:19.51,7548.54384,9.94,0.999,17.16,15.57,15.57,1,1.93,
KMT-2016-BLG-1185,BLG19M0104.006127,17:50:14.31,-24:11:44.81,7541.60021,100.16,0.049,21.34,18.13,18.13,4,2.94,
KMT-2016-BLG-1186,BLG19M0105.014921,17:50:03.09,-24:05:52.62,7491.08313,57.25,0.007,21.96,20.0,21.67,2,2.6,
KMT-2016-BLG-1187,BLG19M0106.015482,17:50:06.94,-23:52:52.86,7576.09791,14.39,0.011,21.24,19.75,19.75,2,2.32,
KMT-2016-BLG-1188,BLG19M0304.006685,17:48:57.54,-24:09:45.94,7637.64954,20.53,0.094,18.27,18.28,18.28,2,2.26,OB161623
KMT-2016-BLG-1189,BLG19M0306.002491,17:49:13.91,-23:54:52.02,7488.83314,10.4,0.984,18.29,17.18,17.18,2,2.42,
KMT-2016-BLG-1190,BLG19M0307.015165,17:48:56.91,-23:45:52.52,7656.81209,32.25,0.042,19.72,19.67,19.67,2,2.02,
KMT-2016-BLG-1191,SAO19M0308.001048,17:49:20.51,-23:37:09.77,7580.82051,7.05,0.998,16.36,16.29,16.29,2,1.89,OB161369
KMT-2016-BLG-1192,BLG19M0308.011541,17:48:58.93,-23:36:23.08,7576.28282,22.08,0.29,20.1,19.99,19.99,2,1.81,OB161334
KMT-2016-BLG-1193,SAO19M0407.013392,17:48:42.87,-23:48:19.08,7621.44439,8.36,0.065,19.7,20.0,25.0,3,2.03,OB161589
KMT-2016-BLG-1194,BLG19M0507.006122,17:47:55.81,-23:48:29.02,7601.62287,46.28,0.356,18.33,18.34,18.34,2,2.29,
KMT-2016-BLG-1195,SAO19M0602.020529,17:47:25.11,-24:23:00.56,7511.46286,39.03,0.3,20.75,20.0,20.33,2,2.26,
KMT-2016-BLG-1196,BLG19M0603.015252,17:47:35.07,-24:17:20.04,7464.26256,17.63,0.051,19.96,19.42,19.42,2,2.33,OB160474
KMT-2016-BLG-1197,BLG19M0605.001042,17:47:43.57,-23:59:28.90,7472.04765,18.06,0.994,18.12,16.58,16.58,2,2.52,
KMT-2016-BLG-1198,BLG19M0703.014378,17:47:02.85,-24:17:09.49,7663.53037,11.93,0.061,19.68,19.46,19.46,2,2.29,OB161885
KMT-2016-BLG-1199,BLG19M0707.051047,17:46:43.82,-23:45:09.11,7614.2685,29.36,0.081,20.58,20.0,20.44,1,2.19,
KMT-2016-BLG-1200,SAO19M0808.018418,17:46:13.66,-23:37:39.22,7544.33943,4.91,0.305,19.05,19.07,19.07,1,1.79,
KMT-2016-BLG-1201,BLG19M0808.026077,17:46:23.43,-23:36:29.20,7439.50747,47.99,0.023,23.15,19.38,19.38,1,1.8,
KMT-2016-BLG-1202,BLG19N0307.008604,17:49:01.65,-24:57:31.64,7606.82489,28.65,0.469,19.97,20.0,20.41,2,4.25,
KMT-2016-BLG-1203,SAO19N0407.004085,17:48:35.47,-24:57:25.24,7578.99216,12.75,0.701,20.03,20.0,20.55,2,4.04,
KMT-2016-BLG-1204,BLG19N0408.000362,17:48:51.76,-24:45:59.15,7651.94161,18.33,0.775,17.07,16.54,16.54,2,4.16,
KMT-2016-BLG-1205,SAO19N0408.002399,17:48:48.97,-24:47:56.29,7517.63665,30.28,0.05,19.59,19.5,19.5,2,4.3,
KMT-2016-BLG-1206,SAO19N0605.007056,17:47:35.17,-25:10:18.44,7577.65639,18.28,0.673,19.7,19.68,19.68,2,4.18,
KMT-2016-BLG-1207,BLG19N0608.006267,17:47:17.38,-24:49:36.41,7682.80328,32.35,0.206,20.05,19.21,19.21,2,3.63,OB161916
KMT-2016-BLG-1208,SAO19N0701.015660,17:47:07.50,-25:42:34.06,7674.97308,64.83,0.053,21.2,20.0,21.24,3,3.13,
KMT-2016-BLG-1209,SAO19N0708.012423,17:47:10.21,-24:46:28.78,7512.99167,24.8,0.38,20.76,20.0,25.0,3,3.23,
KMT-2016-BLG-1210,BLG19T0102.016168,17:45:36.32,-25:35:00.35,7547.02424,28.12,0.187,20.95,20.0,20.41,2,2.61,
KMT-2016-BLG-1211,BLG19T0103.006899,17:45:36.95,-25:25:35.18,7554.50606,12.09,0.701,19.14,19.04,19.04,2,3.23,
KMT-2016-BLG-1212,BLG19T0108.009190,17:45:38.17,-24:47:48.88,7445.9006,15.0,0.102,19.43,19.59,19.59,2,3.21,OB160128
KMT-2016-BLG-1213,SSO19T0201.003527,17:44:46.66,-25:40:08.69,7660.50169,80.67,0.007,22.67,17.95,17.95,2,2.84,
KMT-2016-BLG-1214,SAO19T0204.000061,17:45:05.02,-25:17:09.85,7517.73424,123.77,0.784,14.73,14.74,14.74,2,2.61,OB160023
KMT-2016-BLG-1215,BLG19T0205.007347,17:45:08.89,-25:08:06.11,7679.40042,199.7,0.176,21.18,18.66,18.66,2,3.02,OB161855
KMT-2016-BLG-1216,SAO19T0206.007351,17:45:12.20,-25:05:04.31,7508.80182,50.38,0.051,22.72,19.44,19.44,2,3.02,
KMT-2016-BLG-1217,BLG19T0207.005876,17:44:48.82,-24:57:49.86,7635.44882,26.02,0.043,22.77,20.0,21.3,2,3.0,
KMT-2016-BLG-1218,SAO19T0301.011089,17:44:42.92,-25:40:48.43,7504.72305,44.26,0.198,20.77,20.0,20.66,2,2.95,
KMT-2016-BLG-1219,BLG19T0304.019326,17:44:32.10,-25:15:55.73,7676.64012,34.83,0.069,21.34,20.0,20.73,2,3.02,
KMT-2016-BLG-1220,SAO19T0306.018560,17:44:31.56,-25:01:55.09,7671.71751,44.43,0.008,22.41,20.0,20.14,2,2.7,
KMT-2016-BLG-1221,SAO19T0308.000608,17:44:20.79,-24:46:00.16,7608.34055,59.7,0.528,16.34,16.32,16.32,2,2.71,OB160960
KMT-2016-BLG-1222,BLG19T0308.016285,17:44:29.20,-24:43:38.10,7536.55947,22.5,0.033,22.63,20.0,21.21,2,2.89,
KMT-2016-BLG-1223,BLG19T0403.003360,17:44:09.78,-25:21:23.94,7601.80872,8.1,0.926,19.26,18.09,18.09,2,3.24,
KMT-2016-BLG-1224,BLG19T0406.004600,17:43:55.40,-25:00:15.88,7608.87622,29.99,0.989,18.59,18.38,18.38,2,2.76,
KMT-2016-BLG-1225,BLG19T0406.011762,17:44:02.54,-25:04:13.04,7466.17783,18.61,0.016,21.37,20.0,20.74,2,2.88,
KMT-2016-BLG-1226,BLG19T0408.006882,17:44:11.03,-24:46:01.20,7627.14413,7.65,0.879,19.0,19.04,19.04,2,2.71,
KMT-2016-BLG-1227,BLG19T0501.001416,17:43:25.11,-25:40:12.07,7679.7937,19.66,0.961,18.24,17.05,17.05,2,2.82,
KMT-2016-BLG-1228,BLG19T0602.001683,17:43:00.44,-25:34:19.09,7526.40951,17.53,0.002,20.35,17.09,17.09,2,2.74,
KMT-2016-BLG-1229,SAO19T0606.044208,17:42:40.09,-25:00:08.32,7511.63664,20.0,0.448,19.9,20.0,20.57,1,2.33,
KMT-2016-BLG-1230,BLG19T0607.003159,17:42:46.74,-24:53:38.51,7650.11166,4.94,0.997,17.31,17.18,17.18,1,2.46,OB161823
KMT-2016-BLG-1231,SAO19T0706.019178,17:42:20.72,-25:04:52.50,7538.93297,26.11,0.421,19.28,19.29,19.29,1,2.39,OB161049
KMT-2016-BLG-1232,BLG19T0801.009166,17:41:43.20,-25:38:08.63,7448.33204,22.26,0.395,19.63,19.07,19.07,2,2.43,
KMT-2016-BLG-1233,BLG19T0804.009288,17:41:45.80,-25:17:29.11,7439.29495,10.19,0.486,18.88,18.82,18.82,1,2.72,OB160149
KMT-2016-BLG-1234,BLG19T0805.003721,17:41:51.52,-25:07:28.81,7473.09457,14.6,0.441,17.2,17.23,17.23,1,2.43,OB160386
KMT-2016-BLG-1235,SAO20K0202.005436,17:45:01.53,-22:15:43.67,7434.58178,151.87,0.003,20.51,18.2,18.2,4,1.85,OB160022
KMT-2016-BLG-1236,BLG20K0501.003667,17:43:39.78,-22:24:04.82,7617.25377,22.27,0.889,18.8,17.65,17.65,4,1.83,
KMT-2016-BLG-1237,BLG20K0502.007707,17:43:26.40,-22:14:21.80,7477.68478,53.29,0.219,20.08,18.67,18.67,4,2.12,OB160496
KMT-2016-BLG-1238,BLG20K0503.012398,17:43:32.52,-22:07:10.38,7594.24388,23.59,0.556,19.43,19.36,19.36,4,1.69,OB161537
KMT-2016-BLG-1239,BLG20K0807.010010,17:41:54.44,-21:41:16.55,7513.71528,11.63,0.988,18.75,18.76,18.76,4,1.45,
KMT-2016-BLG-1240,BLG20K0808.013906,17:41:37.82,-21:30:09.11,7525.831,33.88,0.303,19.89,19.08,19.08,4,1.57,
KMT-2016-BLG-1241,BLG20M0102.045671,17:50:03.90,-22:16:14.02,7624.85089,78.12,0.026,21.52,20.0,20.97,1,2.15,
KMT-2016-BLG-1242,BLG20M0203.006042,17:49:31.52,-22:11:35.74,7541.6797,34.77,0.28,18.39,18.16,18.16,4,2.08,OB160870
KMT-2016-BLG-1243,BLG20M0203.027896,17:49:55.56,-22:11:57.91,7644.5482,72.06,0.018,20.73,20.0,20.89,1,1.98,
KMT-2016-BLG-1244,BLG20M0304.011198,17:49:19.79,-22:04:37.20,7615.74338,47.09,0.486,19.45,18.93,18.93,4,1.87,OB161576
KMT-2016-BLG-1245,BLG20M0502.048524,17:47:57.91,-22:20:16.91,7560.83116,25.03,0.018,20.26,20.0,20.27,1,1.75,OB161117
KMT-2016-BLG-1246,SAO20N0104.001572,17:50:23.49,-23:10:05.84,7573.05602,18.72,0.461,16.25,16.24,16.24,4,1.99,
KMT-2016-BLG-1247,SAO20N0104.036328,17:50:02.21,-23:07:31.40,7583.23139,22.32,0.282,20.09,20.0,20.33,1,2.28,OB161346
KMT-2016-BLG-1248,SAO20N0205.024241,17:49:55.26,-23:02:22.09,7497.99086,119.46,0.037,22.19,19.47,19.47,1,2.4,OB160693
KMT-2016-BLG-1249,BLG20N0301.005768,17:49:19.28,-23:30:19.19,7673.65169,199.61,0.011,22.12,18.26,18.26,2,1.98,OB161624
KMT-2016-BLG-1250,SAO20N0301.008908,17:48:56.43,-23:30:26.82,7551.67982,2.31,0.385,18.86,18.85,18.85,2,1.79,
KMT-2016-BLG-1251,BLG20N0406.041292,17:48:33.56,-22:53:41.89,7572.4358,45.38,0.149,21.35,19.93,19.93,1,1.98,OB161256
KMT-2016-BLG-1252,BLG20N0505.006171,17:47:51.48,-23:03:05.18,7535.36863,49.03,0.77,18.46,17.78,17.78,1,1.71,OB160694 OB160835
KMT-2016-BLG-1253,SAO20N0601.011873,17:47:14.72,-23:34:43.50,7482.8944,4.46,0.183,18.63,18.63,18.63,1,1.83,OB160625
KMT-2016-BLG-1254,BLG20N0707.000481,17:46:46.93,-22:48:23.11,7547.89943,28.37,0.989,15.64,14.79,14.79,1,1.41,OB160931
KMT-2016-BLG-1255,SAO20N0803.021606,17:46:24.67,-23:17:07.69,7615.21665,40.43,0.03,20.79,18.94,18.94,1,1.47,OB161575
KMT-2016-BLG-1256,BLG20T0102.054780,17:45:49.03,-23:27:02.92,7529.27721,32.87,0.179,20.29,20.0,20.0,1,1.57,OB160959
KMT-2016-BLG-1257,BLG20T0106.046981,17:45:42.91,-22:52:06.31,7643.68706,17.4,0.343,19.92,20.0,20.14,1,1.74,OB161822
KMT-2016-BLG-1258,SAO20T0204.006167,17:44:54.26,-23:06:41.98,7529.99497,197.01,0.022,22.59,18.29,18.29,2,1.54,OB160984
KMT-2016-BLG-1259,BLG20T0305.021449,17:44:29.34,-23:03:33.91,7605.00072,14.19,0.509,20.05,20.0,20.5,2,1.73,
KMT-2016-BLG-1260,SAO20T0502.003856,17:43:27.94,-23:22:29.86,7487.94215,20.31,0.114,18.02,18.0,18.0,2,1.77,OB160591
KMT-2016-BLG-1261,BLG20T0602.035682,17:42:51.16,-23:27:15.98,7485.4103,46.72,0.021,21.82,20.0,20.01,1,1.95,
KMT-2016-BLG-1262,BLG20T0607.009852,17:42:58.07,-22:50:36.06,7551.10555,41.12,0.644,19.11,19.16,19.16,2,1.65,
KMT-2016-BLG-1263,BLG20T0802.014767,17:41:35.78,-23:23:04.02,7592.56847,44.73,0.286,20.31,20.0,20.1,2,1.79,
KMT-2016-BLG-1264,SSO20T0804.001831,17:41:36.95,-23:06:21.49,7465.79926,47.77,0.082,17.06,17.1,17.1,2,1.74,OB160363
KMT-2016-BLG-1265,BLG21K0102.034331,17:53:47.07,-35:06:23.90,7503.92471,47.89,0.26,19.73,19.74,19.74,1,0.94,
KMT-2016-BLG-1266,BLG21K0406.016729,17:52:20.35,-34:33:26.32,7679.56818,30.51,0.189,19.45,18.49,18.49,1,0.7,
KMT-2016-BLG-1267,SSO21K0506.006303,17:51:49.58,-34:35:16.69,7458.81632,199.31,0.035,20.29,17.56,17.56,1,0.8,OB160208 MB16058
KMT-2016-BLG-1268,BLG21K0506.013537,17:51:20.34,-34:39:31.28,7588.18825,21.11,0.214,20.06,18.33,18.33,1,0.94,OB161422
KMT-2016-BLG-1269,BLG21K0703.021179,17:50:22.51,-34:57:25.99,7617.09021,18.66,0.113,20.77,18.82,18.82,1,0.85,
KMT-2016-BLG-1270,BLG21K0804.006615,17:49:45.78,-34:50:15.68,7453.4737,20.88,0.206,17.66,17.67,17.67,1,1.09,OB160206 MB16054
KMT-2016-BLG-1271,BLG21M0107.057291,17:58:54.73,-34:30:13.10,7473.85848,128.07,0.029,22.36,20.0,20.52,1,0.59,OB160492
KMT-2016-BLG-1272,SSO21M0202.000860,17:58:51.94,-35:04:03.22,7663.47049,22.27,0.706,15.26,15.28,15.28,1,0.6,
KMT-2016-BLG-1273,BLG21M0403.012971,17:57:10.85,-35:02:52.91,7658.80379,46.18,0.289,19.91,18.59,18.59,1,0.77,
KMT-2016-BLG-1274,BLG21M0807.017072,17:54:40.41,-34:25:25.21,7648.5148,28.78,0.159,19.02,18.7,18.7,1,0.98,OB161753 MB16544
KMT-2016-BLG-1275,SAO21N0104.018260,17:59:05.03,-35:56:47.87,7495.87373,14.02,0.05,20.08,19.41,19.41,4,0.47,
KMT-2016-BLG-1276,SAO21N0502.017695,17:56:34.91,-36:14:39.80,7470.61397,35.39,0.673,19.99,20.0,20.71,3,0.94,
KMT-2016-BLG-1277,BLG21N0704.053406,17:55:14.07,-36:00:32.29,7477.40955,43.73,0.108,21.07,20.0,21.14,1,0.92,
KMT-2016-BLG-1278,BLG21N0708.019841,17:55:48.06,-35:30:59.29,7550.1179,15.69,0.389,19.27,19.09,19.09,1,0.8,OB161095
KMT-2016-BLG-1279,SSO21T0302.019635,17:52:38.35,-36:14:58.81,7538.34522,9.89,0.125,19.12,19.1,19.1,1,0.78,
KMT-2016-BLG-1280,BLG21T0308.010926,17:52:26.32,-35:31:28.81,7644.98263,16.17,0.996,18.41,18.26,18.26,1,0.82,OB161807
KMT-2016-BLG-1281,SAO21T0402.000992,17:52:21.31,-36:16:06.89,7654.28884,37.87,0.994,17.01,15.55,15.55,1,0.81,OB161806
KMT-2016-BLG-1282,BLG21T0404.030871,17:52:21.47,-35:59:58.31,7660.95856,8.45,0.56,19.38,19.36,19.36,1,0.78,
KMT-2016-BLG-1283,SAO21T0406.039045,17:52:08.93,-35:44:20.51,7539.33146,12.08,0.462,19.51,19.51,19.51,1,0.67,OB161074
KMT-2016-BLG-1284,SAO21T0505.031490,17:51:42.53,-35:49:58.51,7677.83261,50.16,0.304,19.59,19.24,19.24,1,0.69,OB161899
KMT-2016-BLG-1285,BLG21T0608.010269,17:50:37.71,-35:26:53.02,7588.99039,14.64,0.828,18.14,18.15,18.15,1,0.83,OB161406
KMT-2016-BLG-1286,SSO21T0608.019819,17:50:41.55,-35:31:35.90,7683.61392,24.21,0.272,18.71,18.71,18.71,1,0.76,
KMT-2016-BLG-1287,SAO21T0806.003008,17:49:52.04,-35:46:08.62,7586.86945,52.58,0.468,17.22,16.91,16.91,1,0.96,OB161026
KMT-2016-BLG-1288,BLG22K0101.042241,17:54:07.94,-33:10:30.61,7615.39275,46.98,0.06,22.11,19.66,19.66,1,1.49,
KMT-2016-BLG-1289,BLG22K0107.004734,17:54:02.69,-32:20:42.90,7603.46508,28.77,0.812,18.38,17.08,17.08,1,1.69,OB161380
KMT-2016-BLG-1290,BLG22K0201.022902,17:53:20.29,-33:11:36.60,7556.18085,23.94,0.296,18.89,19.05,19.05,1,1.32,OB161090 MB16308
KMT-2016-BLG-1291,SSO22K0204.002804,17:53:35.97,-32:45:02.92,7537.06462,24.5,0.102,16.43,16.43,16.43,1,1.71,MB16211
KMT-2016-BLG-1292,BLG22K0204.075830,17:53:23.86,-32:45:36.11,7669.38286,77.56,0.043,21.4,20.0,20.68,1,1.66,
KMT-2016-BLG-1293,BLG22K0205.021148,17:53:16.24,-32:35:12.59,7489.94636,19.01,0.05,22.12,19.05,19.05,1,1.67,OB160684
KMT-2016-BLG-1294,SAO22K0207.005257,17:53:19.05,-32:25:50.59,7579.18513,50.01,0.296,17.41,17.33,17.33,1,1.53,OB160804 MB16291
KMT-2016-BLG-1295,BLG22K0302.012211,17:52:33.05,-32:58:04.19,7469.95893,55.32,0.583,18.69,18.59,18.59,1,1.71,OB160329
KMT-2016-BLG-1296,SAO22K0306.002787,17:52:38.74,-32:29:22.42,7665.20825,108.07,0.494,16.14,16.15,16.15,1,1.42,OB160293 MB16147
KMT-2016-BLG-1297,SAO22K0307.079632,17:52:50.22,-32:26:04.60,7502.14504,28.76,0.182,20.54,20.0,20.59,1,1.41,
KMT-2016-BLG-1298,BLG22K0308.055488,17:52:40.35,-32:14:00.71,7460.57319,20.32,0.327,19.95,20.0,20.24,1,2.12,OB160350
KMT-2016-BLG-1299,BLG22K0402.006703,17:52:14.73,-33:03:29.59,7450.80428,12.21,0.995,18.47,17.8,17.8,1,1.74,OB160287
KMT-2016-BLG-1300,BLG22K0402.031138,17:52:21.18,-33:02:29.11,7462.82494,12.87,0.147,20.15,19.47,19.47,1,1.77,OB160373
KMT-2016-BLG-1301,BLG22K0403.002420,17:52:09.14,-32:51:03.89,7446.4901,28.13,0.833,17.4,16.23,16.23,1,1.76,OB160169
KMT-2016-BLG-1302,BLG22K0403.017958,17:51:52.03,-32:50:41.21,7487.89263,24.93,0.03,22.47,18.89,18.89,1,1.97,OB160667 MB16156
KMT-2016-BLG-1303,SAO22K0405.006707,17:52:04.65,-32:39:51.98,7635.9406,15.1,0.13,17.86,17.62,17.62,1,1.65,OB161648 MB16516
KMT-2016-BLG-1304,BLG22K0405.032285,17:52:27.70,-32:39:52.20,7653.51876,25.98,0.175,19.34,19.33,19.33,1,1.52,OB161773 MB16563
KMT-2016-BLG-1305,SAO22K0405.053843,17:51:58.92,-32:39:33.59,7554.45283,49.71,0.009,21.53,19.85,19.85,1,1.65,MB16323
KMT-2016-BLG-1306,BLG22K0407.011098,17:52:20.36,-32:23:20.62,7459.74635,103.75,0.037,22.83,18.66,18.66,1,1.95,OB160400
KMT-2016-BLG-1307,BLG22K0408.010418,17:52:00.18,-32:12:38.20,7653.47313,101.41,0.24,19.96,18.51,18.51,1,2.01,OB161850
KMT-2016-BLG-1308,BLG22K0408.058252,17:51:56.00,-32:15:44.71,7651.96301,20.45,0.392,20.14,20.0,20.3,1,2.17,OB161816
KMT-2016-BLG-1309,BLG22K0503.067436,17:51:48.51,-32:55:48.61,7680.61852,30.32,0.193,20.51,20.0,20.62,1,1.86,
KMT-2016-BLG-1310,BLG22K0504.064861,17:51:23.46,-32:42:22.90,7619.29039,19.7,0.488,19.97,20.0,20.43,1,1.88,
KMT-2016-BLG-1311,SAO22K0505.063970,17:51:38.80,-32:36:35.71,7506.62109,19.72,0.113,20.37,20.0,20.39,1,1.76,
KMT-2016-BLG-1312,BLG22K0506.013103,17:51:36.09,-32:26:17.59,7600.77286,30.61,0.39,20.38,18.85,18.85,1,2.44,OB161521
KMT-2016-BLG-1313,BLG22K0506.027960,17:51:30.44,-32:33:10.12,7493.75245,2.86,0.347,19.57,19.56,19.56,1,1.92,
KMT-2016-BLG-1314,SAO22K0507.067271,17:51:46.47,-32:20:07.30,7500.76215,43.9,0.055,20.53,20.0,20.83,1,2.15,MB16194
KMT-2016-BLG-1315,BLG22K0601.042754,17:50:45.26,-33:11:40.42,7510.83506,32.81,0.226,19.83,19.78,19.78,1,1.65,OB160721
KMT-2016-BLG-1316,BLG22K0602.043715,17:50:58.12,-32:57:32.29,7638.17228,48.24,0.14,20.77,19.93,19.93,1,1.96,OB161681
KMT-2016-BLG-1317,SAO22K0604.016873,17:51:05.33,-32:46:45.41,7541.69192,12.88,0.071,21.27,19.2,19.2,1,1.88,
KMT-2016-BLG-1318,BLG22K0701.022475,17:50:05.96,-33:07:13.51,7631.2967,55.06,0.49,19.7,19.32,19.32,1,2.03,OB161580
KMT-2016-BLG-1319,SAO22K0704.002418,17:50:20.48,-32:45:00.00,7579.03924,11.92,0.8,16.87,16.7,16.7,1,2.06,OB161240
KMT-2016-BLG-1320,SSO22K0704.016076,17:50:10.16,-32:45:39.49,7544.55319,200.0,0.018,19.57,19.26,19.26,1,2.14,OB160443
KMT-2016-BLG-1321,SAO22K0704.030199,17:50:17.80,-32:47:46.00,7556.39164,37.64,0.082,19.77,19.88,19.88,1,2.13,OB161073
KMT-2016-BLG-1322,BLG22K0705.009191,17:50:18.42,-32:40:27.91,7649.18101,42.04,0.037,19.45,19.48,19.48,2,2.35,OB161662
KMT-2016-BLG-1323,BLG22K0801.071677,17:49:52.95,-33:06:58.21,7547.67225,24.9,0.151,21.57,20.0,21.11,1,2.31,
KMT-2016-BLG-1324,BLG22K0803.011574,17:49:30.65,-32:54:08.50,7655.99054,8.84,0.926,19.09,19.09,19.09,1,2.38,
KMT-2016-BLG-1325,BLG22K0808.007795,17:49:36.82,-32:13:42.42,7553.0122,53.89,0.366,20.21,20.0,20.71,2,3.93,OB161152
KMT-2016-BLG-1326,BLG22M0101.013323,17:59:12.49,-33:10:20.78,7654.14129,84.85,0.038,22.17,18.91,18.91,1,1.42,OB161844
KMT-2016-BLG-1327,BLG22M0106.015372,17:59:06.96,-32:27:29.70,7554.84308,9.35,0.876,19.15,18.69,18.69,1,1.08,
KMT-2016-BLG-1328,BLG22M0203.041324,17:58:39.97,-32:50:52.69,7563.57237,32.24,0.005,20.63,19.87,19.87,1,1.3,MB16332
KMT-2016-BLG-1329,SAO22M0208.068068,17:58:34.08,-32:15:50.18,7542.31481,25.84,0.125,20.74,20.0,20.64,1,1.38,
KMT-2016-BLG-1330,BLG22M0303.028076,17:58:07.88,-32:48:49.28,7513.46065,56.03,0.678,19.43,19.36,19.36,1,1.34,OB160839
KMT-2016-BLG-1331,BLG22M0303.029838,17:58:03.87,-32:52:17.11,7615.1054,21.87,0.094,19.63,19.42,19.42,1,1.36,MB16472
KMT-2016-BLG-1332,BLG22M0304.003272,17:57:48.80,-32:43:04.01,7448.8708,14.44,0.159,16.91,16.91,16.91,1,1.34,OB160160 MB16051
KMT-2016-BLG-1333,BLG22M0305.068836,17:57:43.64,-32:36:32.90,7639.65973,10.61,0.256,20.15,20.0,20.55,1,1.33,
KMT-2016-BLG-1334,BLG22M0307.009521,17:57:49.51,-32:19:55.70,7688.97582,106.37,0.081,19.68,18.16,18.16,1,1.26,OB161693 MB16611
KMT-2016-BLG-1335,BLG22M0402.010035,17:57:23.92,-32:58:57.79,7473.19462,46.05,0.184,21.8,18.29,18.29,1,1.25,
KMT-2016-BLG-1336,BLG22M0407.046034,17:57:21.40,-32:25:40.69,7643.85127,16.62,0.299,19.72,19.71,19.71,1,1.26,
KMT-2016-BLG-1337,BLG22M0502.014370,17:56:31.21,-33:02:03.08,7544.08764,73.25,0.041,22.52,18.62,18.62,1,1.23,MB16292
KMT-2016-BLG-1338,BLG22M0505.010489,17:56:40.37,-32:36:51.52,7436.83517,17.96,0.359,18.37,18.4,18.4,1,1.49,
KMT-2016-BLG-1339,SAO22M0506.008172,17:56:50.23,-32:29:01.21,7532.42175,13.72,0.03,18.45,18.11,18.11,1,1.46,OB160918 MB16251
KMT-2016-BLG-1340,BLG22M0506.033434,17:56:54.00,-32:31:31.51,7514.58742,16.97,0.044,20.46,19.4,19.4,1,1.43,OB160840 MB16225 MB16226
KMT-2016-BLG-1341,SAO22M0508.006081,17:56:54.05,-32:14:14.10,7515.79976,8.36,0.999,23.9,17.68,17.68,1,1.48,
KMT-2016-BLG-1342,BLG22M0508.025248,17:56:38.90,-32:13:03.68,7577.69259,29.07,0.353,19.12,19.15,19.15,1,1.45,OB161212
KMT-2016-BLG-1343,BLG22M0604.000648,17:56:04.36,-32:46:32.59,7474.81194,10.88,0.769,15.13,15.13,15.13,1,1.43,OB160395 MB16067
KMT-2016-BLG-1344,SAO22M0604.017508,17:56:09.45,-32:44:40.81,7504.97949,4.81,0.749,18.89,18.88,18.88,1,1.43,
KMT-2016-BLG-1345,SAO22M0604.027629,17:56:01.03,-32:42:48.38,7560.35454,62.44,0.019,20.69,19.28,19.28,1,1.45,OB161093 MB16340
KMT-2016-BLG-1346,BLG22M0606.000970,17:56:17.08,-32:27:00.00,7439.89816,199.63,0.236,18.74,15.77,15.77,1,1.64,
KMT-2016-BLG-1347,SAO22M0606.008552,17:56:03.43,-32:32:44.20,7537.82805,9.98,0.722,18.34,18.35,18.35,1,1.74,OB161016
KMT-2016-BLG-1348,BLG22M0702.025817,17:55:31.70,-33:00:21.31,7439.75434,32.4,0.277,20.13,19.0,19.0,1,1.27,OB160159
KMT-2016-BLG-1349,SAO22M0706.029752,17:55:27.17,-32:26:52.91,7559.31044,155.55,0.007,23.11,19.6,19.6,1,1.73,
KMT-2016-BLG-1350,SAO22M0707.027239,17:55:21.99,-32:21:22.28,7481.80056,47.46,0.034,22.78,19.49,19.49,1,1.72,
KMT-2016-BLG-1351,BLG22M0707.030685,17:55:14.88,-32:20:04.99,7473.37905,26.12,0.703,19.56,19.6,19.6,1,1.72,OB160396
KMT-2016-BLG-1352,BLG22M0801.035062,17:55:03.92,-33:06:35.21,7651.19939,28.01,0.284,19.44,19.48,19.48,1,1.25,
KMT-2016-BLG-1353,BLG22M0806.014708,17:55:06.66,-32:26:12.80,7647.25614,65.99,0.282,19.97,18.64,18.64,1,1.57,OB161771
KMT-2016-BLG-1354,BLG22M0806.034121,17:54:40.20,-32:29:46.90,7466.47859,28.68,0.109,19.36,19.37,19.37,1,1.32,OB160279 MB16073
KMT-2016-BLG-1355,SAO22M0806.085255,17:54:50.36,-32:27:17.60,7492.45211,198.0,0.201,23.07,20.0,20.86,1,1.49,
KMT-2016-BLG-1356,SAO22M0807.056255,17:54:42.98,-32:23:49.31,7654.40416,8.6,0.035,20.18,20.0,20.08,1,1.62,MB16570
KMT-2016-BLG-1357,SAO22M0808.053082,17:54:47.67,-32:14:30.98,7521.06619,43.28,0.044,20.86,20.0,20.02,1,1.69,
KMT-2016-BLG-1358,BLG22N0103.060496,17:59:08.62,-33:56:36.49,7450.41109,28.24,0.293,20.02,20.0,20.55,1,0.92,OB160345
KMT-2016-BLG-1359,BLG22N0107.021260,17:59:16.14,-33:29:48.08,7442.11462,60.92,0.066,21.15,19.15,19.15,1,1.04,OB160158
KMT-2016-BLG-1360,BLG22N0201.015739,17:58:45.54,-34:11:14.10,7462.19592,39.58,0.311,18.86,18.68,18.68,1,0.76,OB160240
KMT-2016-BLG-1361,BLG22N0202.007681,17:58:24.43,-34:05:07.91,7452.9582,62.25,0.311,20.54,18.12,18.12,1,0.86,OB160290
KMT-2016-BLG-1362,BLG22N0205.018651,17:58:37.13,-33:42:54.61,7528.43955,28.36,0.317,18.87,18.88,18.88,1,1.01,OB160857
KMT-2016-BLG-1363,BLG22N0207.047991,17:58:18.88,-33:26:52.30,7620.62564,22.96,0.665,20.99,20.0,20.11,1,1.16,
KMT-2016-BLG-1364,BLG22N0207.054613,17:58:34.20,-33:29:01.72,7569.13811,136.96,0.029,22.52,20.0,20.38,1,1.1,
KMT-2016-BLG-1365,SAO22N0307.062116,17:57:53.78,-33:29:04.49,7538.21262,18.78,0.171,20.24,20.0,20.59,1,1.25,
KMT-2016-BLG-1366,SAO22N0402.044127,17:57:32.34,-34:09:59.00,7562.62107,7.21,0.132,19.57,19.6,19.6,1,0.73,
KMT-2016-BLG-1367,SSO22N0406.007579,17:57:28.93,-33:40:34.00,7491.45584,33.22,0.007,18.65,17.88,17.88,1,0.72,OB160471
KMT-2016-BLG-1368,BLG22N0502.024603,17:56:22.84,-34:08:50.89,7608.56914,4.87,0.013,19.02,18.95,18.95,1,0.9,MB16453
KMT-2016-BLG-1369,BLG22N0503.007211,17:56:35.58,-33:56:22.60,7455.92683,199.98,0.189,18.85,17.86,17.86,1,0.9,
KMT-2016-BLG-1370,BLG22N0706.000778,17:55:09.03,-33:37:01.42,7679.83206,40.02,0.43,16.67,15.3,15.3,1,1.31,OB161790
KMT-2016-BLG-1371,BLG22T0202.033938,17:53:07.57,-34:09:08.21,7592.80736,29.71,0.402,19.55,19.52,19.52,1,1.58,OB161356 OB161532
KMT-2016-BLG-1372,BLG22T0203.059983,17:53:32.08,-34:01:22.51,7450.47942,60.48,0.085,20.18,20.0,20.41,1,1.46,
KMT-2016-BLG-1373,BLG22T0204.026864,17:53:07.19,-33:51:05.18,7497.11547,5.9,0.305,19.02,19.29,19.29,1,1.55,MB16182
KMT-2016-BLG-1374,BLG22T0206.058020,17:53:27.13,-33:37:27.91,7653.4636,12.75,0.181,20.19,20.0,20.45,1,1.63,
KMT-2016-BLG-1375,SSO22T0208.012375,17:53:26.21,-33:24:36.68,7539.94147,9.61,0.03,20.51,18.55,18.55,1,1.36,MB16281
KMT-2016-BLG-1376,BLG22T0208.068585,17:53:11.27,-33:23:20.00,7659.77611,47.01,0.034,22.34,20.0,20.54,1,1.48,
KMT-2016-BLG-1377,BLG22T0301.005933,17:52:33.80,-34:14:01.00,7628.32611,2.34,0.666,18.09,18.09,18.09,1,1.57,
KMT-2016-BLG-1378,SSO22T0301.011017,17:52:33.49,-34:16:32.30,7458.54437,20.3,0.149,19.24,18.76,18.76,1,1.57,OB160380 MB16065
KMT-2016-BLG-1379,SAO22T0305.000509,17:52:58.27,-33:44:28.61,7478.58979,18.85,0.456,15.2,15.22,15.22,1,1.74,OB160235 MB16064
KMT-2016-BLG-1380,BLG22T0305.004268,17:52:48.89,-33:47:32.89,7598.14713,25.3,0.999,17.81,17.5,17.5,1,1.68,OB161421
KMT-2016-BLG-1381,BLG22T0404.009054,17:52:26.13,-33:53:04.60,7456.06813,8.1,0.325,18.53,18.53,18.53,1,1.78,OB160286
KMT-2016-BLG-1382,BLG22T0406.021247,17:52:02.15,-33:39:01.94,7595.47404,12.74,0.148,19.76,19.79,19.79,2,1.8,
KMT-2016-BLG-1383,BLG22T0506.003160,17:51:43.44,-33:33:51.52,7625.93416,14.1,0.662,17.12,17.12,17.12,2,1.86,OB161565 MB16494
KMT-2016-BLG-1384,SSO22T0507.000897,17:51:14.13,-33:32:07.58,7624.30386,19.74,0.106,16.06,16.04,16.04,2,1.91,MB16463
KMT-2016-BLG-1385,SAO22T0602.010250,17:51:11.58,-34:07:35.40,7493.81087,11.26,0.728,18.99,19.0,19.0,2,1.49,OB160704
KMT-2016-BLG-1386,BLG22T0603.007598,17:50:59.04,-33:58:18.48,7618.94567,53.99,0.315,19.8,18.46,18.46,2,1.61,OB161509
KMT-2016-BLG-1387,BLG22T0606.007666,17:51:06.98,-33:33:32.94,7535.51236,21.65,0.999,18.38,18.35,18.35,2,1.96,OB160939
KMT-2016-BLG-1388,SAO22T0703.013495,17:50:03.56,-34:00:21.78,7579.47181,9.95,0.298,19.18,18.91,18.91,2,1.4,OB161308
KMT-2016-BLG-1389,BLG22T0705.019925,17:50:13.12,-33:43:10.16,7554.21598,18.87,0.382,19.75,20.0,20.12,2,1.61,OB161089
KMT-2016-BLG-1390,BLG22T0803.005112,17:49:51.00,-34:00:57.67,7495.85893,61.39,0.092,18.76,18.74,18.74,2,1.42,OB160342 MB16110
KMT-2016-BLG-1391,BLG22T0805.004993,17:49:52.68,-33:45:43.49,7594.95614,38.71,0.218,20.84,17.89,17.89,2,1.96,
KMT-2016-BLG-1392,BLG22T0806.012779,17:49:50.29,-33:37:12.68,7642.44956,199.93,0.005,22.93,19.13,19.13,4,1.72,
KMT-2016-BLG-1393,BLG31K0103.031334,18:13:20.54,-25:26:49.88,7557.27397,36.03,0.087,20.6,19.72,19.72,1,1.42,OB161129
KMT-2016-BLG-1394,BLG31K0304.009155,18:12:05.15,-25:19:21.79,7514.44903,78.94,0.116,20.11,18.63,18.63,1,1.84,MB16241
KMT-2016-BLG-1395,SAO31K0403.036669,18:11:24.89,-25:31:18.80,7528.51122,9.88,0.222,19.96,20.0,20.03,1,1.69,
KMT-2016-BLG-1396,BLG31K0504.048777,18:11:01.07,-25:23:03.19,7652.36491,34.23,0.081,20.54,20.0,20.39,1,2.13,OB161805 MB16578
KMT-2016-BLG-1397,BLG31K0508.007617,18:10:39.51,-24:51:27.86,7506.12665,28.45,0.179,19.24,19.05,19.05,4,2.56,
KMT-2016-BLG-1398,BLG31K0701.043981,18:09:30.12,-25:46:37.60,7454.97536,21.26,0.127,19.94,19.9,19.9,1,1.52,OB160247
KMT-2016-BLG-1399,SAO31K0803.023614,18:09:15.86,-25:26:20.90,7581.19446,32.59,0.276,19.47,19.1,19.1,1,1.56,OB161272
KMT-2016-BLG-1400,SAO31K0803.058382,18:09:07.52,-25:28:01.60,7606.3978,26.96,0.154,20.05,20.0,20.26,1,1.54,OB161454
KMT-2016-BLG-1401,SAO31K0805.017727,18:09:25.44,-25:11:14.89,7587.60992,19.93,0.191,20.54,19.22,19.22,1,2.08,OB161381
KMT-2016-BLG-1402,BLG31M0104.020785,18:18:02.48,-25:22:00.08,7549.855,19.77,0.424,18.92,18.92,18.92,1,0.91,OB161070
KMT-2016-BLG-1403,SSO31M0202.018304,18:17:24.36,-25:36:38.20,7552.63928,11.03,0.225,19.54,18.83,18.83,1,0.99,OB161101
KMT-2016-BLG-1404,BLG31M0308.035177,18:16:27.14,-24:47:37.72,7623.76801,81.23,0.169,20.0,19.93,19.93,1,1.4,OB161525
KMT-2016-BLG-1405,BLG31M0401.001890,18:16:04.97,-25:40:55.42,7686.76196,11.67,0.626,16.23,16.23,16.23,1,1.03,MB16607
KMT-2016-BLG-1406,BLG31M0406.002610,18:16:09.86,-25:08:02.29,7480.99228,24.81,0.161,17.88,16.86,16.86,1,1.18,OB160336 MB16092
KMT-2016-BLG-1407,BLG31M0706.005571,18:14:37.03,-25:08:10.50,7621.68783,16.48,0.999,19.59,17.87,17.87,1,1.36,
KMT-2016-BLG-1408,SAO31N0203.040314,18:17:08.76,-26:32:20.69,7582.54031,22.93,0.4,19.71,19.71,19.71,1,0.78,
KMT-2016-BLG-1409,BLG31N0206.001444,18:17:05.20,-26:08:16.40,7437.86485,61.32,0.067,18.56,15.81,15.81,1,0.8,OB160108 MB16040
KMT-2016-BLG-1410,BLG31N0306.033028,18:16:48.63,-26:13:47.78,7628.2015,20.3,0.999,19.56,19.31,19.31,1,0.82,
KMT-2016-BLG-1411,SAO31N0403.022959,18:16:23.44,-26:33:59.00,7559.32074,8.65,0.196,19.49,18.87,18.87,1,0.89,OB161171
KMT-2016-BLG-1412,BLG31N0406.024583,18:16:00.16,-26:13:16.00,7650.69997,37.11,0.068,21.26,18.95,18.95,1,0.84,OB161848
KMT-2016-BLG-1413,BLG31N0407.033302,18:16:24.47,-26:02:55.21,7573.63264,24.34,0.011,20.51,19.24,19.24,1,0.72,OB161199 MB16371
KMT-2016-BLG-1414,BLG31N0506.032700,18:15:47.10,-26:11:37.39,7592.42856,58.78,0.228,19.19,19.27,19.27,1,0.86,OB161021 MB16400
KMT-2016-BLG-1415,SAO31N0701.057902,18:14:19.25,-26:49:55.88,7597.48793,147.64,0.039,21.47,20.0,20.22,1,0.74,
KMT-2016-BLG-1416,BLG31N0704.041233,18:14:44.80,-26:26:24.22,7613.32585,9.15,0.05,19.56,19.67,19.67,1,0.88,OB161587 MB16485
KMT-2016-BLG-1417,BLG31N0706.046016,18:14:43.14,-26:16:02.10,7627.77118,21.54,0.23,20.04,19.9,19.9,1,1.01,
KMT-2016-BLG-1418,SAO31N0801.024863,18:13:57.72,-26:51:23.29,7516.17489,24.88,0.467,18.9,18.91,18.91,1,0.88,OB160861
KMT-2016-BLG-1419,BLG31N0804.031925,18:13:51.64,-26:26:24.40,7658.01402,26.84,0.124,19.41,19.24,19.24,1,0.88,OB161828 MB16569
KMT-2016-BLG-1420,BLG31N0808.023356,18:14:03.42,-25:57:00.50,7469.07615,29.32,0.028,18.95,18.96,18.96,1,1.1,OB160244 MB16087
KMT-2016-BLG-1421,BLG31T0104.015608,18:13:22.31,-26:30:36.00,7610.02313,35.24,0.153,20.03,18.52,18.52,1,0.86,OB161562
KMT-2016-BLG-1422,BLG31T0202.001739,18:12:36.83,-26:45:53.50,7475.53503,34.69,0.334,15.64,15.64,15.64,1,0.92,OB160085 OB160087 MB16035
KMT-2016-BLG-1423,SSO31T0205.021766,18:12:21.33,-26:19:47.50,7519.42519,40.12,0.183,19.49,18.84,18.84,1,1.13,OB160709 MB16244
KMT-2016-BLG-1424,SAO31T0307.012592,18:11:51.98,-26:04:55.70,7531.67663,38.02,0.02,19.03,18.39,18.39,1,1.11,OB160652 MB16238
KMT-2016-BLG-1425,BLG31T0403.069743,18:11:30.35,-26:38:02.62,7609.51931,64.37,0.071,22.18,20.0,20.48,1,1.03,
KMT-2016-BLG-1426,BLG31T0406.027431,18:11:40.86,-26:15:41.51,7478.58719,20.25,0.386,19.53,19.02,19.02,1,1.06,OB160532
KMT-2016-BLG-1427,BLG31T0406.034192,18:11:13.46,-26:10:13.01,7474.55886,74.57,0.22,19.62,19.25,19.25,1,1.12,OB160385 MB16090
KMT-2016-BLG-1428,SAO31T0503.001223,18:10:47.45,-26:31:16.00,7638.66672,49.84,0.659,16.52,15.35,15.35,1,1.04,OB161397 MB16403
KMT-2016-BLG-1429,BLG31T0504.049104,18:11:02.20,-26:24:15.80,7655.98455,53.68,0.215,19.59,19.56,19.56,1,1.06,OB161725 MB16589
KMT-2016-BLG-1430,BLG31T0507.000833,18:10:47.53,-26:04:01.70,7547.27425,49.38,0.513,16.96,15.09,15.09,1,1.36,OB160903
KMT-2016-BLG-1431,BLG31T0603.047437,18:10:14.28,-26:31:53.00,7639.96794,37.85,0.786,19.5,19.76,19.76,1,1.26,OB161661
KMT-2016-BLG-1432,BLG31T0605.031536,18:10:28.29,-26:19:37.09,7633.45341,54.84,0.475,19.91,19.11,19.11,1,1.16,OB161544
KMT-2016-BLG-1433,BLG31T0702.024163,18:09:56.99,-26:45:28.01,7551.66405,23.16,0.52,19.08,19.11,19.11,1,1.35,OB160982
KMT-2016-BLG-1434,BLG31T0704.020744,18:09:38.10,-26:28:43.90,7562.30845,13.41,0.027,18.75,18.75,18.75,1,1.2,OB161062 MB16329
KMT-2016-BLG-1435,SAO32K0104.004709,18:10:34.16,-27:24:02.92,7584.28388,19.55,0.117,20.37,17.2,17.2,1,1.04,MB16399
KMT-2016-BLG-1436,BLG32K0105.006950,18:10:52.69,-27:20:34.58,7591.43007,6.8,0.15,17.69,17.67,17.67,1,0.82,OB161379 MB16426
KMT-2016-BLG-1437,BLG32K0202.029553,18:10:09.13,-27:42:09.68,7550.17288,18.37,0.395,18.9,18.87,18.87,1,0.83,OB161126 MB16300
KMT-2016-BLG-1438,SAO32K0202.038826,18:10:18.24,-27:39:07.31,7560.45922,198.46,0.025,22.48,19.18,19.18,1,0.83,OB161127
KMT-2016-BLG-1439,SAO32K0205.012794,18:10:14.64,-27:18:57.49,7459.78223,15.3,0.077,18.35,18.26,18.26,1,1.05,OB160210
KMT-2016-BLG-1440,BLG32K0502.015622,18:08:31.79,-27:45:29.81,7456.35356,17.14,0.884,18.34,18.36,18.36,1,0.97,OB160451
KMT-2016-BLG-1441,SAO32K0506.005470,18:08:25.76,-27:13:01.81,7455.12985,18.21,0.02,17.46,17.47,17.47,1,1.53,OB160077 MB16052
KMT-2016-BLG-1442,SAO32K0507.004581,18:08:50.40,-27:02:42.90,7590.22333,40.37,0.233,17.69,16.98,16.98,1,1.09,OB160997 MB16338
KMT-2016-BLG-1443,BLG32K0605.021147,18:07:48.92,-27:17:36.31,7500.24374,51.47,0.848,18.83,18.8,18.8,1,1.17,OB160567
KMT-2016-BLG-1444,BLG32K0802.009405,18:06:52.04,-27:38:07.12,7576.21308,22.82,0.015,20.77,17.69,17.69,1,0.92,OB161271 MB16377
KMT-2016-BLG-1445,BLG32K0803.021672,18:06:57.34,-27:31:09.52,7651.24113,14.22,0.456,18.6,18.64,18.64,1,1.25,OB161785 MB16577
KMT-2016-BLG-1446,BLG32K0805.011514,18:06:39.89,-27:16:40.91,7643.11629,19.67,0.1,20.24,17.74,17.74,1,0.96,MB16541
KMT-2016-BLG-1447,SAO32K0808.017458,18:06:44.29,-26:54:01.91,7584.71117,22.78,0.204,19.66,18.29,18.29,1,0.95,OB161314
KMT-2016-BLG-1448,SAO32K0808.039827,18:06:45.53,-26:55:45.30,7545.88923,43.28,0.2,20.13,19.07,19.07,1,0.92,OB160925 MB16297
KMT-2016-BLG-1449,BLG32M0202.044038,18:14:50.42,-27:40:06.71,7525.08475,26.01,0.299,19.72,19.55,19.55,1,0.52,OB160882
KMT-2016-BLG-1450,BLG32M0402.008007,18:14:10.56,-27:43:20.60,7509.60663,24.03,0.262,17.81,17.57,17.57,1,0.53,OB160710 MB16192
KMT-2016-BLG-1451,BLG32M0402.036552,18:14:00.19,-27:41:35.02,7618.66065,13.84,0.679,19.09,19.13,19.13,1,0.56,
KMT-2016-BLG-1452,BLG32M0501.001312,18:13:15.35,-27:51:41.40,7649.29171,38.84,0.097,19.99,15.16,15.16,1,0.42,MB16562
KMT-2016-BLG-1453,BLG32M0607.023742,18:12:49.08,-27:00:45.50,7564.25574,28.02,0.456,18.74,18.78,18.78,1,0.76,OB161067 MB16339
KMT-2016-BLG-1454,BLG32M0608.059476,18:12:40.10,-26:55:25.72,7553.56648,31.59,0.209,20.03,20.0,20.21,1,0.97,OB161109
KMT-2016-BLG-1455,BLG32M0708.011766,18:12:03.78,-26:53:44.41,7669.78393,29.61,0.308,18.17,18.21,18.21,1,0.95,OB161763
KMT-2016-BLG-1456,SAO32N0101.037686,18:15:44.73,-28:58:05.81,7622.51717,52.42,0.505,19.73,19.8,19.8,1,0.55,OB161639
KMT-2016-BLG-1457,BLG32N0206.029795,18:15:09.75,-28:16:47.60,7473.76534,49.19,0.544,19.17,19.08,19.08,1,0.53,OB160441
KMT-2016-BLG-1458,SAO32N0306.029269,18:14:28.00,-28:21:48.60,7498.77491,28.75,0.236,18.92,18.94,18.94,1,0.44,OB160681
KMT-2016-BLG-1459,BLG32N0307.067537,18:14:33.82,-28:07:16.28,7439.42755,79.64,0.252,20.54,20.0,20.45,1,0.51,OB160088
KMT-2016-BLG-1460,BLG32N0402.022080,18:13:54.40,-28:50:59.60,7556.06116,6.62,0.206,18.91,18.66,18.66,1,0.4,MB16327
KMT-2016-BLG-1461,BLG32N0405.012589,18:13:49.10,-28:24:48.60,7602.67393,30.02,0.095,19.54,18.13,18.13,1,0.43,OB161517
KMT-2016-BLG-1462,BLG32N0501.017091,18:13:34.38,-28:58:32.09,7591.48859,28.34,0.129,19.09,18.55,18.55,1,0.48,OB161316 MB16420
KMT-2016-BLG-1463,BLG32N0605.038862,18:12:38.07,-28:26:22.60,7649.36999,40.97,0.272,20.05,19.22,19.22,1,0.44,
KMT-2016-BLG-1464,BLG32N0607.039655,18:12:33.99,-28:08:16.19,7557.1326,12.81,0.115,19.14,19.24,19.24,1,0.55,OB161151 MB16326
KMT-2016-BLG-1465,SAO32N0704.068738,18:12:08.17,-28:37:05.02,7503.24027,11.47,0.306,19.94,20.0,20.5,1,0.59,
KMT-2016-BLG-1466,BLG32T0101.031080,18:10:45.69,-28:56:02.11,7443.33227,55.46,0.336,20.04,19.04,19.04,1,0.78,OB160224
KMT-2016-BLG-1467,BLG32T0105.006026,18:10:38.41,-28:24:43.49,7446.88664,76.82,0.717,18.23,17.55,17.55,1,1.08,
KMT-2016-BLG-1468,BLG32T0302.011166,18:09:25.71,-28:47:12.91,7661.34769,11.62,0.202,19.94,18.0,18.0,1,0.78,
KMT-2016-BLG-1469,SAO32T0302.013953,18:09:32.72,-28:48:17.60,7454.96935,27.96,0.4,18.95,18.18,18.18,1,0.76,OB160292
KMT-2016-BLG-1470,BLG32T0303.051963,18:09:27.56,-28:44:35.70,7660.19888,21.91,0.064,20.01,19.7,19.7,1,0.78,
KMT-2016-BLG-1471,BLG32T0303.059567,18:09:24.38,-28:44:00.38,7477.52373,73.91,0.109,20.0,20.0,20.02,1,0.79,OB160309 MB16122
KMT-2016-BLG-1472,BLG32T0504.023728,18:08:21.38,-28:31:43.39,7574.34204,6.98,0.403,18.61,18.63,18.63,1,0.89,OB161270
KMT-2016-BLG-1473,BLG32T0602.024328,18:07:49.82,-28:45:30.10,7661.97978,13.89,0.707,18.76,18.78,18.78,1,1.02,
KMT-2016-BLG-1474,BLG32T0603.013260,18:07:58.03,-28:44:16.12,7577.88859,11.34,0.246,18.19,18.19,18.19,1,1.04,OB161262 MB16376
KMT-2016-BLG-1475,SAO32T0604.072863,18:08:03.60,-28:33:17.32,7524.04203,47.15,0.2,20.7,20.0,20.23,1,0.89,
KMT-2016-BLG-1476,SAO32T0705.022645,18:07:09.35,-28:27:37.12,7559.9843,90.36,0.025,21.96,18.7,18.7,1,0.98,
KMT-2016-BLG-1477,SAO32T0706.020877,18:07:10.45,-28:20:56.51,7645.54214,10.66,0.296,18.55,18.55,18.55,1,1.05,OB161761
KMT-2016-BLG-1478,SSO32T0801.000875,18:06:44.80,-28:54:08.21,7504.03193,5.95,0.531,14.98,14.99,14.99,1,0.88,MB16172
KMT-2016-BLG-1479,BLG32T0804.009007,18:06:52.58,-28:36:03.49,7446.10882,54.42,0.824,18.32,17.72,17.72,1,0.93,OB160081
KMT-2016-BLG-1480,BLG32T0804.015316,18:06:55.18,-28:29:45.31,7564.78844,25.32,0.121,19.41,18.21,18.21,1,0.92,OB161063 MB16333
KMT-2016-BLG-1481,SAO32T0805.000635,18:06:52.49,-28:28:10.20,7590.03633,24.75,0.983,15.77,14.72,14.72,1,0.93,OB161219
KMT-2016-BLG-1482,SAO32T0806.006253,18:07:01.54,-28:15:04.10,7591.85828,49.4,0.541,18.35,17.36,17.36,1,1.11,OB161168
KMT-2016-BLG-1483,BLG33K0107.009257,18:12:45.32,-29:07:09.98,7552.39659,53.47,0.515,17.99,18.01,18.01,1,0.54,OB160680 MB16269
KMT-2016-BLG-1484,SAO33K0504.037655,18:10:25.62,-29:33:12.89,7544.4858,8.81,0.239,19.35,19.41,19.41,1,0.73,MB16302
KMT-2016-BLG-1485,BLG33K0508.008196,18:10:21.68,-29:00:46.80,7460.84973,15.16,0.259,18.28,17.7,17.7,1,0.63,OB160452 MB16081
KMT-2016-BLG-1486,BLG33K0601.012326,18:09:39.22,-29:55:53.29,7458.48475,29.23,0.398,19.17,18.33,18.33,1,0.72,OB160334
KMT-2016-BLG-1487,SAO33K0607.068081,18:09:53.67,-29:08:31.09,7637.47893,32.94,0.012,20.53,20.0,20.69,1,0.76,MB16531
KMT-2016-BLG-1488,SAO33K0608.023345,18:10:14.08,-29:00:40.90,7522.33499,54.83,0.046,18.59,18.69,18.69,1,0.64,OB160453 MB16185
KMT-2016-BLG-1489,BLG33M0302.009482,18:16:26.61,-29:50:03.34,7528.68005,30.21,0.79,18.94,18.57,18.57,2,0.39,
KMT-2016-BLG-1490,BLG33M0605.001086,18:14:57.59,-29:27:14.11,7480.09751,16.23,0.89,15.49,15.49,15.49,1,0.47,OB160442 MB16124
KMT-2016-BLG-1491,SAO33M0606.008334,18:14:55.63,-29:16:01.20,7492.17698,19.55,0.316,18.96,17.9,17.9,1,0.4,OB160653 MB16160
KMT-2016-BLG-1492,BLG33M0703.042308,18:14:25.37,-29:38:14.21,7612.24596,20.43,0.072,20.07,19.77,19.77,1,0.36,OB161563 MB16466
KMT-2016-BLG-1493,BLG33M0704.055334,18:14:25.66,-29:30:15.98,7527.05801,28.54,0.099,19.99,20.0,20.23,1,0.4,
KMT-2016-BLG-1494,BLG33M0803.020466,18:13:33.26,-29:36:58.50,7559.62979,14.65,0.215,18.49,18.76,18.76,1,0.4,OB161068 MB16320
KMT-2016-BLG-1495,BLG33T0104.037032,18:12:36.93,-30:36:45.11,7523.17654,28.55,0.194,20.92,20.0,20.48,1,0.47,
KMT-2016-BLG-1496,BLG33T0407.011820,18:11:03.18,-30:19:18.59,7615.79942,22.13,0.455,18.39,18.45,18.45,1,0.65,OB161450
KMT-2016-BLG-1497,SAO33T0706.034261,18:09:16.55,-30:22:47.50,7538.12753,49.68,0.468,19.86,19.6,19.6,1,0.8,
KMT-2016-BLG-1498,SAO34K0101.017045,18:03:38.90,-32:01:06.60,7488.55303,38.82,0.11,19.75,18.85,18.85,1,0.96,MB16148
KMT-2016-BLG-1499,BLG34K0102.012806,18:03:36.67,-31:56:27.82,7444.91842,112.05,0.586,18.58,18.59,18.59,1,1.03,OB160384
KMT-2016-BLG-1500,BLG34K0105.003900,18:03:22.27,-31:29:33.50,7656.36623,24.36,0.707,18.26,17.17,17.17,1,0.95,OB161875
KMT-2016-BLG-1501,BLG34K0205.038856,18:02:48.01,-31:33:18.40,7633.04106,7.78,0.067,19.36,19.43,19.43,1,0.94,MB16523
KMT-2016-BLG-1502,BLG34K0303.018776,18:02:08.95,-31:47:09.60,7626.87068,26.52,0.344,18.9,18.82,18.82,1,1.07,
KMT-2016-BLG-1503,SAO34K0305.018991,18:02:22.38,-31:32:08.99,7484.88938,21.36,0.098,18.77,18.73,18.73,1,1.06,OB160585 MB16141
KMT-2016-BLG-1504,BLG34K0306.020817,18:02:23.05,-31:25:52.79,7575.84726,21.32,0.178,19.72,18.95,18.95,1,1.18,MB16384
KMT-2016-BLG-1505,BLG34K0308.004680,18:02:30.05,-31:08:05.21,7489.44423,34.29,0.997,18.35,17.42,17.42,1,1.14,OB160544
KMT-2016-BLG-1506,BLG34K0404.022414,18:01:45.78,-31:42:52.42,7649.28922,68.1,0.086,19.32,18.99,18.99,1,1.01,OB161609 MB16553
KMT-2016-BLG-1507,SAO34K0405.036402,18:02:05.14,-31:34:44.80,7570.77844,12.71,0.056,19.4,19.39,19.39,1,0.91,MB16359
KMT-2016-BLG-1508,BLG34K0407.065560,18:01:51.49,-31:15:51.59,7649.46307,17.94,0.906,19.57,20.0,20.38,1,1.26,
KMT-2016-BLG-1509,SSO34K0601.000255,18:00:26.36,-32:00:20.59,7556.25473,21.27,0.469,14.31,14.33,14.33,1,1.1,OB161429 MB16243
KMT-2016-BLG-1510,BLG34K0606.011247,18:00:23.65,-31:28:03.90,7583.62551,49.88,0.493,19.53,18.35,18.35,1,1.33,OB161560
KMT-2016-BLG-1511,BLG34K0704.015760,18:00:14.56,-31:37:35.40,7586.8074,13.67,0.183,20.16,18.82,18.82,1,1.32,OB161392
KMT-2016-BLG-1512,SAO34K0705.029393,17:59:51.84,-31:33:15.80,7665.34073,49.81,0.256,20.31,19.35,19.35,1,1.47,OB161868
KMT-2016-BLG-1513,SAO34K0705.036550,17:59:57.82,-31:29:41.78,7604.62766,199.95,0.003,19.89,19.57,19.57,1,1.44,OB160838 MB16435
KMT-2016-BLG-1514,SAO34K0801.009746,17:59:29.70,-32:05:45.31,7563.44026,58.49,0.053,20.22,18.63,18.63,1,1.43,OB161042 MB16341
KMT-2016-BLG-1515,SSO34K0803.003212,17:59:34.94,-31:49:07.00,7470.39924,19.06,0.433,17.44,17.01,17.01,1,1.56,OB160263 MB16075
KMT-2016-BLG-1516,BLG34M0405.023918,18:06:42.19,-31:30:47.70,7479.24364,17.21,0.314,19.1,19.15,19.15,1,0.77,OB160541
KMT-2016-BLG-1517,BLG34M0502.004721,18:06:12.54,-31:53:24.32,7471.03469,199.93,0.079,20.37,18.01,18.01,2,0.69,OB160321 MB16111
KMT-2016-BLG-1518,BLG34M0702.033222,18:05:10.24,-31:56:46.10,7538.66383,145.65,0.017,22.48,19.6,19.6,1,1.01,OB160949 MB16310
KMT-2016-BLG-1519,BLG34M0802.003469,18:04:37.18,-31:55:33.71,7668.97944,18.02,0.628,17.14,17.15,17.15,1,0.96,OB161877
KMT-2016-BLG-1520,BLG34M0802.020080,18:04:25.85,-31:51:46.91,7681.29298,28.11,0.197,19.07,18.92,18.92,1,0.85,
KMT-2016-BLG-1521,BLG34N0207.025636,18:07:58.75,-32:25:10.42,7611.38603,35.4,0.559,19.73,19.56,19.56,1,0.6,OB161603
KMT-2016-BLG-1522,SAO34N0508.019999,18:06:23.65,-32:18:30.49,7525.01523,47.54,0.557,19.13,19.13,19.13,1,0.9,OB161166
KMT-2016-BLG-1523,BLG34N0807.008842,18:04:35.55,-32:26:37.79,7620.88744,8.21,0.964,19.13,18.36,18.36,1,0.81,
KMT-2016-BLG-1524,BLG34T0102.003442,18:03:30.81,-32:59:31.20,7688.42727,130.61,0.117,19.71,17.55,17.55,1,1.01,OB161484 MB16583
KMT-2016-BLG-1525,BLG34T0103.027046,18:03:44.94,-32:56:41.89,7537.98975,48.05,0.203,19.51,19.57,19.57,1,1.02,OB160924 MB16259
KMT-2016-BLG-1526,BLG34T0108.050680,18:03:27.65,-32:16:55.42,7556.53016,17.01,0.062,20.56,20.0,20.22,1,1.06,
KMT-2016-BLG-1527,SAO34T0206.002747,18:03:07.67,-32:31:28.60,7546.20655,49.73,0.54,17.91,16.78,16.78,1,0.82,OB160827 MB16274 MB16286
KMT-2016-BLG-1528,BLG34T0303.060666,18:02:09.64,-32:53:25.69,7609.28776,9.33,0.1,20.69,20.0,20.81,1,0.96,
KMT-2016-BLG-1529,BLG34T0402.038971,18:01:37.50,-33:03:29.70,7514.0666,19.72,0.002,21.89,19.87,19.87,1,1.08,MB16229
KMT-2016-BLG-1530,BLG34T0405.002859,18:01:30.94,-32:41:09.38,7434.20969,67.3,0.004,16.93,16.96,16.96,1,1.06,OB160266 MB16003
KMT-2016-BLG-1531,SAO34T0405.007301,18:02:03.60,-32:40:04.58,7577.18128,40.94,0.287,18.56,18.2,18.2,1,0.95,OB161098 MB16361
KMT-2016-BLG-1532,SSO34T0408.000289,18:01:47.80,-32:14:16.01,7685.20784,146.29,1.0,16.59,14.39,14.39,1,1.04,OB161125 MB16357
KMT-2016-BLG-1533,BLG34T0506.001375,18:01:09.17,-32:33:27.79,7453.55808,78.05,0.801,17.67,15.8,15.8,1,1.1,
KMT-2016-BLG-1534,BLG34T0603.025344,18:00:26.18,-32:53:54.71,7627.83992,52.31,0.277,20.59,19.22,19.22,1,0.9,OB161673
KMT-2016-BLG-1535,SAO34T0607.006341,18:00:49.16,-32:24:29.02,7673.63496,64.8,0.034,19.28,17.72,17.72,1,0.92,OB161876 MB16590
KMT-2016-BLG-1536,BLG34T0608.001217,18:00:38.09,-32:16:29.89,7689.67078,27.1,0.127,15.68,15.69,15.69,1,1.22,OB161866 MB16586
KMT-2016-BLG-1537,BLG34T0703.006508,17:59:55.22,-32:52:45.70,7495.33597,8.4,0.133,17.9,17.94,17.94,1,1.03,OB160645 MB16167
KMT-2016-BLG-1538,BLG34T0707.035185,17:59:53.56,-32:21:09.22,7520.10418,19.81,0.192,20.37,19.62,19.62,1,1.11,
KMT-2016-BLG-1539,SAO34T0707.043782,18:00:10.98,-32:21:55.30,7567.61855,34.78,0.497,19.91,19.88,19.88,1,1.05,
KMT-2016-BLG-1540,SSO34T0804.022593,17:59:25.66,-32:43:23.92,7665.57675,11.59,0.032,19.2,19.23,19.23,1,1.27,OB161889 MB16599
KMT-2016-BLG-1541,BLG34T0808.021783,17:59:26.00,-32:18:03.38,7463.3413,7.12,0.162,19.13,19.19,19.19,1,1.25,OB160410
KMT-2016-BLG-1542,BLG35K0204.004681,18:03:35.56,-25:23:21.05,7550.94668,15.76,0.912,19.32,19.35,19.35,2,2.83,
KMT-2016-BLG-1543,BLG35K0205.002958,18:03:36.88,-25:11:01.21,7502.44815,59.28,0.086,21.47,17.91,17.91,2,3.16,
KMT-2016-BLG-1544,BLG35K0305.001223,18:02:50.57,-25:14:58.63,7586.14608,55.82,0.105,17.64,17.57,17.57,2,3.17,
KMT-2016-BLG-1545,SSO35M0201.012606,18:08:11.79,-25:40:32.09,7636.20953,9.58,0.048,18.86,18.3,18.3,1,1.33,OB161702
KMT-2016-BLG-1546,BLG35M0203.011890,18:08:11.40,-25:26:24.11,7479.61955,21.5,0.442,18.4,18.43,18.43,1,1.6,MB16117
KMT-2016-BLG-1547,SAO35M0302.009935,18:07:49.92,-25:34:42.38,7503.39419,21.25,0.047,18.07,18.09,18.09,1,1.6,OB160597
KMT-2016-BLG-1548,BLG35M0404.006946,18:07:03.62,-25:21:47.27,7460.45728,17.89,0.889,18.63,18.32,18.32,4,2.31,OB160323
KMT-2016-BLG-1549,BLG35M0701.007190,18:05:18.54,-25:44:04.09,7513.75886,32.74,0.074,20.83,18.32,18.32,2,1.96,
KMT-2016-BLG-1550,SSO35N0103.000416,18:08:36.81,-26:37:45.01,7599.95151,21.54,0.248,14.73,14.76,14.76,1,1.3,OB161167
KMT-2016-BLG-1551,BLG35N0201.002348,18:08:03.37,-26:51:33.41,7514.56522,28.48,0.999,17.27,15.96,15.96,1,1.06,OB160830
KMT-2016-BLG-1552,BLG35N0206.018999,18:07:59.60,-26:13:07.00,7623.0694,28.0,0.235,19.02,19.02,19.02,1,1.51,OB161503 MB16493
KMT-2016-BLG-1553,SAO35N0304.074770,18:07:27.95,-26:30:12.60,7561.54146,18.09,0.059,20.88,20.0,20.57,1,1.26,
KMT-2016-BLG-1554,BLG35N0305.004228,18:07:38.41,-26:22:09.80,7547.49518,29.89,0.085,20.05,17.11,17.11,1,1.57,OB160951 MB16314
KMT-2016-BLG-1555,BLG35N0305.025182,18:07:46.97,-26:17:23.60,7645.86002,199.99,0.024,20.85,19.26,19.26,1,1.66,OB161469 MB16542
KMT-2016-BLG-1556,BLG35N0308.062722,18:07:37.17,-25:55:18.08,7471.93279,44.33,0.35,20.03,20.0,20.14,1,1.36,OB160491
KMT-2016-BLG-1557,BLG35N0401.045108,18:07:06.74,-26:52:03.61,7535.5803,11.11,0.115,20.42,19.22,19.22,1,0.95,OB160950
KMT-2016-BLG-1558,BLG35N0404.042361,18:07:17.83,-26:26:13.09,7531.5094,59.29,0.37,19.64,19.65,19.65,1,1.5,OB160798
KMT-2016-BLG-1559,BLG35N0502.002679,18:06:26.45,-26:39:46.80,7682.14382,41.26,0.298,17.62,15.79,15.79,1,0.99,OB161864 MB16592
KMT-2016-BLG-1560,BLG35N0507.026133,18:06:18.40,-26:02:50.21,7605.72161,45.07,0.126,20.34,19.67,19.67,1,2.33,OB161418 MB16462
KMT-2016-BLG-1561,BLG35N0508.002121,18:06:23.94,-25:58:30.22,7474.14673,8.37,0.291,16.47,16.47,16.47,1,2.21,OB160351 MB16100
KMT-2016-BLG-1562,BLG35N0603.039761,18:06:10.44,-26:34:01.88,7473.55695,26.31,0.409,19.64,19.52,19.52,1,1.47,
KMT-2016-BLG-1563,BLG35N0603.073836,18:05:47.91,-26:34:26.29,7617.92163,25.79,0.076,21.32,20.0,20.59,1,1.65,
KMT-2016-BLG-1564,BLG35N0801.019946,18:04:47.66,-26:51:11.92,7476.53762,24.86,0.145,19.52,18.57,18.57,1,1.28,OB160411
KMT-2016-BLG-1565,BLG35T0204.002897,18:03:12.62,-26:26:43.84,7683.27389,13.26,0.194,17.38,17.37,17.37,2,2.35,OB161902 MB16616
KMT-2016-BLG-1566,BLG35T0301.002703,18:02:35.75,-26:48:09.22,7674.9719,16.55,0.925,16.6,16.61,16.61,1,2.06,OB161784
KMT-2016-BLG-1567,BLG35T0402.000417,18:02:03.95,-26:41:13.06,7439.84196,40.27,0.191,17.73,15.49,15.49,2,2.29,OB160029 MB16018
KMT-2016-BLG-1568,BLG35T0502.017460,18:01:29.76,-26:44:56.22,7490.09553,16.14,0.299,19.72,19.78,19.78,4,2.72,
KMT-2016-BLG-1569,BLG35T0503.000656,18:01:47.21,-26:31:59.66,7646.0176,110.5,0.166,16.65,16.53,16.53,2,2.61,OB160985
KMT-2016-BLG-1570,SAO35T0504.003910,18:01:50.61,-26:23:48.05,7595.92993,107.89,0.05,19.97,18.48,18.48,2,2.73,OB161154
KMT-2016-BLG-1571,SAO35T0702.000759,18:00:40.49,-26:39:14.62,7519.37292,6.35,0.374,17.59,16.74,16.74,2,3.68,
KMT-2016-BLG-1572,BLG35T0702.002173,18:00:47.28,-26:38:42.61,7443.3357,16.43,0.73,17.68,17.71,17.71,2,3.22,OB160030
KMT-2016-BLG-1573,BLG35T0801.001812,17:59:55.76,-26:48:13.28,7471.37785,10.09,0.239,16.56,16.56,16.56,1,2.47,OB160537 MB16070
KMT-2016-BLG-1574,BLG35T0804.009005,18:00:12.16,-26:23:15.07,7478.36491,34.79,0.23,19.8,19.85,19.85,2,3.7,OB160456
KMT-2016-BLG-1575,BLG35T0805.002280,18:00:08.01,-26:19:10.34,7452.64658,108.61,0.272,18.64,18.18,18.18,2,3.96,OB160059
KMT-2016-BLG-1576,SAO36K0107.030350,18:15:11.18,-22:53:22.99,7549.59493,27.35,0.216,20.48,19.96,19.96,4,1.73,
KMT-2016-BLG-1577,BLG36K0401.006651,18:13:58.31,-23:34:41.02,7606.63471,7.35,0.242,18.66,18.66,18.66,4,1.75,OB161541
KMT-2016-BLG-1578,SAO36K0507.000288,18:13:31.37,-22:52:35.87,7646.23813,28.58,0.24,16.59,15.3,15.3,4,2.27,OB161522
KMT-2016-BLG-1579,SAO36K0507.008132,18:13:28.90,-22:50:57.01,7602.85107,133.48,0.047,21.39,19.42,19.42,4,2.43,OB161523
KMT-2016-BLG-1580,SSO36M0305.005003,18:18:46.64,-23:05:09.49,7555.01732,18.84,0.043,17.76,17.79,17.79,1,1.16,OB161200 MB16303
KMT-2016-BLG-1581,BLG36M0406.016322,18:18:34.76,-23:01:20.21,7554.17022,17.52,0.344,19.03,19.03,19.03,1,1.39,OB161069
KMT-2016-BLG-1582,BLG36M0503.004538,18:17:48.26,-23:25:06.10,7631.0356,9.92,0.3,17.57,17.51,17.51,1,1.14,OB161699 MB16512
KMT-2016-BLG-1583,BLG36M0505.032564,18:17:49.53,-23:09:59.00,7618.62873,34.27,0.149,19.84,19.81,19.81,1,1.13,OB161570 MB16499
KMT-2016-BLG-1584,SAO36M0708.019159,18:16:54.81,-22:45:04.79,7624.65151,7.29,0.002,19.32,19.26,19.26,1,1.44,
KMT-2016-BLG-1585,SAO36M0802.001864,18:15:59.37,-23:26:43.40,7555.15302,20.43,0.117,16.24,16.17,16.17,1,1.29,OB160909 MB16260
KMT-2016-BLG-1586,BLG36N0208.036735,18:19:37.06,-23:47:31.31,7555.40089,32.62,0.307,19.74,19.8,19.8,1,0.79,OB160998
KMT-2016-BLG-1587,SSO36N0303.029524,18:18:46.15,-24:25:16.21,7573.28714,26.22,0.011,19.87,19.66,19.66,1,1.09,MB16364
KMT-2016-BLG-1588,BLG36N0304.022995,18:19:07.83,-24:21:57.60,7544.75044,26.02,0.462,19.22,19.18,19.18,1,0.92,
KMT-2016-BLG-1589,SAO36N0306.049740,18:18:48.86,-24:09:28.80,7604.05658,98.93,0.004,20.53,20.0,20.36,1,0.83,OB161486 MB16449
KMT-2016-BLG-1590,SAO36N0605.010617,18:17:15.03,-24:17:24.90,7674.61242,34.56,0.092,19.89,18.35,18.35,1,1.28,OB161915
KMT-2016-BLG-1591,SAO36N0701.000759,18:16:57.22,-24:43:37.81,7678.04194,50.79,0.883,16.35,15.44,15.44,1,1.36,OB161400 MB16514
KMT-2016-BLG-1592,SAO36N0805.005974,18:16:22.18,-24:13:39.29,7569.82461,33.47,0.541,17.87,17.86,17.86,1,1.17,OB161023 MB16372
KMT-2016-BLG-1593,BLG36N0805.018199,18:16:20.34,-24:12:03.38,7566.98111,15.64,0.398,19.03,18.99,18.99,1,1.17,OB161293
KMT-2016-BLG-1594,SAO36T0306.006821,18:14:15.22,-24:05:01.61,7620.46148,8.92,0.002,18.96,18.93,18.93,4,2.08,OB161649
KMT-2016-BLG-1595,SAO37K0106.007222,17:44:05.54,-34:35:56.00,7640.57217,47.88,0.217,18.03,17.91,17.91,4,1.63,OB161447
KMT-2016-BLG-1596,BLG37K0108.062598,17:43:52.83,-34:21:15.98,7565.63644,48.8,0.021,21.24,20.0,20.22,1,1.56,
KMT-2016-BLG-1597,BLG37K0207.022650,17:43:11.69,-34:29:43.51,7537.16056,36.65,0.685,19.22,19.25,19.25,1,1.73,OB160928 OB161103
KMT-2016-BLG-1598,BLG37K0207.028478,17:43:32.46,-34:30:28.58,7455.60641,8.04,0.258,19.48,19.52,19.52,1,1.69,OB160352
KMT-2016-BLG-1599,BLG37K0302.004634,17:42:48.15,-35:10:50.48,7645.8874,71.67,0.298,17.95,17.95,17.95,2,1.45,OB161382
KMT-2016-BLG-1600,SAO37K0403.009936,17:42:06.57,-35:01:08.11,7499.6936,25.32,0.196,19.61,19.04,19.04,2,1.74,OB160632
KMT-2016-BLG-1601,BLG37K0501.003826,17:41:17.86,-35:18:31.10,7558.08804,22.59,0.606,17.85,17.8,17.8,2,1.64,OB161027
KMT-2016-BLG-1602,BLG37K0704.004258,17:40:29.03,-34:55:30.29,7525.94431,25.94,0.59,18.7,18.09,18.09,2,2.44,OB160755
KMT-2016-BLG-1603,BLG37M0104.016118,17:49:06.77,-34:54:19.19,7455.94299,48.32,0.191,18.93,18.55,18.55,1,1.04,OB160207 MB16095
KMT-2016-BLG-1604,BLG37M0104.053035,17:49:21.70,-34:51:08.60,7608.60978,18.84,0.7,19.73,19.77,19.77,1,0.9,
KMT-2016-BLG-1605,SAO37M0107.013719,17:49:21.63,-34:26:58.60,7470.94273,25.47,0.054,18.55,18.54,18.54,1,1.27,MB16076
KMT-2016-BLG-1606,BLG37M0108.014262,17:49:29.00,-34:25:18.30,7649.31684,4.29,0.357,18.85,18.79,18.79,1,1.31,
KMT-2016-BLG-1607,SSO37M0305.061884,17:47:57.85,-34:46:21.90,7500.10703,13.84,0.02,19.79,20.0,20.08,1,1.09,OB160727
KMT-2016-BLG-1608,BLG37M0403.074241,17:47:13.36,-34:59:51.50,7657.20749,30.07,0.164,20.13,20.0,20.38,1,0.99,
KMT-2016-BLG-1609,BLG37M0405.080105,17:47:32.79,-34:42:40.10,7638.97565,96.74,0.035,22.33,20.0,20.52,1,1.04,OB161704
KMT-2016-BLG-1610,BLG37M0408.030646,17:47:29.41,-34:20:15.29,7524.33102,37.85,0.074,19.34,19.46,19.46,1,1.52,OB160781
KMT-2016-BLG-1611,SAO37M0508.038996,17:46:40.39,-34:23:09.89,7638.07899,22.77,0.067,19.54,19.62,19.62,1,1.5,OB161705 MB16526
KMT-2016-BLG-1612,SAO37M0707.001883,17:45:18.38,-34:30:30.49,7656.48487,31.58,0.306,16.07,16.07,16.07,1,1.58,OB161446 MB16470
KMT-2016-BLG-1613,SAO37N0204.017789,17:48:59.74,-36:00:13.90,7663.97987,9.77,0.276,18.83,18.81,18.81,1,0.92,
KMT-2016-BLG-1614,BLG37N0204.051716,17:48:50.56,-35:55:36.19,7500.85313,23.04,0.782,19.87,20.0,20.16,1,0.94,
KMT-2016-BLG-1615,BLG37N0207.004993,17:48:40.35,-35:34:45.80,7474.58485,19.44,0.244,17.58,17.62,17.62,1,1.01,OB160282
KMT-2016-BLG-1616,SAO37N0301.041259,17:48:16.56,-36:20:31.99,7447.39032,14.69,0.073,20.55,20.0,20.19,1,1.13,
KMT-2016-BLG-1617,SAO37N0306.027366,17:48:24.06,-35:42:03.71,7523.16226,80.61,0.935,19.86,19.24,19.24,1,0.83,
KMT-2016-BLG-1618,BLG37N0308.008447,17:48:18.21,-35:28:00.59,7614.18229,77.84,0.852,17.91,17.93,17.93,1,0.85,OB161104
KMT-2016-BLG-1619,BLG37N0403.003997,17:47:23.51,-36:03:39.49,7543.50371,19.38,0.026,17.43,17.43,17.43,1,1.01,OB160927
KMT-2016-BLG-1620,BLG37N0407.013106,17:47:20.18,-35:33:07.09,7516.11949,30.31,0.594,18.63,18.64,18.64,1,1.1,OB160806
KMT-2016-BLG-1621,BLG37N0505.004195,17:46:52.30,-35:52:36.70,7467.5005,17.96,0.88,18.66,17.43,17.43,1,1.13,OB160423
KMT-2016-BLG-1622,BLG37N0508.033352,17:46:49.87,-35:30:12.20,7515.35283,69.78,0.123,21.77,19.49,19.49,1,1.11,
KMT-2016-BLG-1623,BLG37T0103.000913,17:43:54.86,-36:05:08.84,7511.41635,57.9,0.354,18.82,16.24,16.24,2,1.35,OB160834
KMT-2016-BLG-1624,BLG37T0206.006233,17:43:16.78,-35:44:16.26,7558.26637,25.74,0.983,18.43,18.31,18.31,4,2.05,
KMT-2016-BLG-1625,BLG37T0206.020882,17:43:33.13,-35:46:54.55,7516.45726,54.35,0.398,19.97,20.0,20.5,2,1.76,OB160712
KMT-2016-BLG-1626,SAO37T0303.003113,17:42:54.50,-36:06:51.19,7665.37733,57.33,0.611,18.01,18.11,18.11,2,1.8,OB161204 OB161504
KMT-2016-BLG-1627,BLG37T0307.021133,17:42:54.77,-35:35:54.49,7560.89781,37.11,0.296,20.53,20.0,20.9,2,2.02,
KMT-2016-BLG-1628,SAO37T0404.005767,17:42:22.36,-36:00:27.58,7445.39495,44.39,0.193,20.82,20.0,20.29,2,2.0,OB160416
KMT-2016-BLG-1629,SSO37T0504.001239,17:41:18.65,-35:57:05.26,7497.47592,68.79,0.3,17.32,17.34,17.34,2,2.55,OB160356
KMT-2016-BLG-1630,SAO37T0704.006452,17:40:38.76,-35:55:51.96,7653.36175,157.97,0.043,19.97,19.62,19.62,2,2.33,OB161408
KMT-2016-BLG-1631,SAO37T0805.001782,17:39:44.09,-35:49:23.20,7577.44613,13.88,0.06,17.14,17.15,17.15,2,2.19,OB161221
KMT-2016-BLG-1632,SAO38K0106.006677,17:54:49.67,-21:46:40.33,7590.70376,55.91,0.334,19.96,18.57,18.57,4,2.63,OB161257
KMT-2016-BLG-1633,SAO38K0106.013452,17:54:35.47,-21:46:31.87,7560.17453,45.51,0.346,19.94,20.0,20.07,4,2.55,OB161080
KMT-2016-BLG-1634,SAO38K0107.002470,17:54:36.83,-21:41:22.70,7588.84976,12.01,0.04,17.28,16.99,16.99,4,2.32,OB161322
KMT-2016-BLG-1635,SAO38K0506.004206,17:52:21.33,-21:47:14.50,7620.20603,80.28,0.295,17.51,17.47,17.47,4,1.99,
KMT-2016-BLG-1636,SAO38K0703.007651,17:51:34.97,-22:09:18.18,7599.70436,89.72,0.021,20.79,18.38,18.38,4,1.99,OB161383
KMT-2016-BLG-1637,SSO38M0604.000943,17:56:33.61,-21:59:46.46,7664.21015,31.17,0.076,17.04,16.66,16.66,4,3.47,OB161664
KMT-2016-BLG-1638,BLG38M0707.001936,17:56:08.99,-21:42:25.06,7440.35198,198.04,0.015,21.0,16.69,16.69,4,2.39,OB160058
KMT-2016-BLG-1639,BLG38M0804.005130,17:55:34.62,-22:02:37.00,7616.19951,28.75,0.096,19.99,18.41,18.41,4,2.82,
KMT-2016-BLG-1640,SAO38N0508.004520,17:57:06.49,-22:40:28.63,7518.65542,12.76,0.307,19.41,19.46,19.46,4,5.36,
KMT-2016-BLG-1641,SAO38N0608.007274,17:56:35.12,-22:42:00.32,7493.43565,48.75,0.198,20.07,20.0,20.51,4,5.25,OB160571
KMT-2016-BLG-1642,SAO38N0805.004089,17:55:25.92,-23:01:32.92,7582.71746,18.02,0.811,18.9,18.14,18.14,4,3.72,OB161351
KMT-2016-BLG-1643,BLG38N0806.001657,17:55:39.11,-22:51:43.31,7562.87969,27.87,1.0,17.61,17.37,17.37,4,4.26,OB161031
KMT-2016-BLG-1644,SAO38T0204.008058,17:54:17.81,-23:07:40.76,7645.74598,39.18,0.019,21.05,18.67,18.67,4,2.74,
KMT-2016-BLG-1645,BLG38T0306.010210,17:53:24.98,-22:57:49.00,7626.15708,16.71,0.039,21.16,19.0,19.0,4,2.72,
KMT-2016-BLG-1646,SAO38T0503.006894,17:52:39.24,-23:15:32.72,7607.40213,33.45,0.258,19.91,18.19,18.19,4,2.92,
KMT-2016-BLG-1647,BLG38T0703.010981,17:51:21.10,-23:18:38.77,7439.60418,55.65,0.224,19.75,18.8,18.8,4,2.17,OB160052
KMT-2016-BLG-1648,SAO38T0805.007576,17:50:59.71,-22:58:51.35,7528.65316,35.98,0.041,20.89,18.28,18.28,4,2.13,
KMT-2016-BLG-1649,BLG41K0101.065302,17:53:30.21,-31:09:15.91,7604.21571,183.03,0.048,22.37,20.0,20.25,1,2.13,OB161403
KMT-2016-BLG-1650,SAO41K0105.059646,17:53:50.95,-30:37:01.09,7572.37592,60.37,0.251,19.74,20.0,20.05,1,1.54,OB161072
KMT-2016-BLG-1651,SAO41K0105.062757,17:53:48.85,-30:34:50.48,7574.33734,30.47,0.126,21.54,20.0,20.12,1,1.52,
KMT-2016-BLG-1652,BLG41K0107.043955,17:53:30.26,-30:26:27.82,7668.72757,22.77,0.182,19.35,19.32,19.32,1,1.69,OB161841
KMT-2016-BLG-1653,BLG41K0107.052003,17:53:54.10,-30:21:06.91,7445.23638,8.35,0.093,21.26,19.54,19.54,1,1.5,
KMT-2016-BLG-1654,BLG41K0201.006902,17:52:59.47,-31:06:00.61,7528.35869,19.87,0.999,18.75,17.56,17.56,1,2.24,
KMT-2016-BLG-1655,BLG41K0202.018287,17:53:14.54,-31:03:51.41,7644.20889,39.04,0.066,22.03,18.73,18.73,1,2.24,
KMT-2016-BLG-1656,BLG41K0203.003439,17:52:48.68,-30:55:39.68,7595.12825,44.36,0.302,20.16,16.13,16.13,1,1.67,
KMT-2016-BLG-1657,BLG41K0203.044967,17:52:49.73,-30:49:55.88,7609.91729,58.06,0.503,19.22,19.29,19.29,1,1.66,OB161317
KMT-2016-BLG-1658,SAO41K0206.007617,17:53:16.03,-30:31:33.89,7526.56673,9.18,0.024,21.17,17.34,17.34,1,2.01,
KMT-2016-BLG-1659,SAO41K0206.029052,17:53:16.23,-30:32:15.79,7499.14485,4.18,0.212,21.1,19.24,19.24,1,2.09,
KMT-2016-BLG-1660,BLG41K0301.039431,17:52:33.00,-31:06:56.70,7472.95195,7.45,0.623,19.66,19.68,19.68,1,2.24,
KMT-2016-BLG-1661,BLG41K0304.012333,17:52:25.61,-30:43:13.01,7621.06897,8.9,0.695,18.8,17.99,17.99,1,1.84,
KMT-2016-BLG-1662,SAO41K0304.047816,17:52:36.16,-30:48:44.50,7540.61293,7.71,0.224,20.8,19.52,19.52,1,1.78,
KMT-2016-BLG-1663,SAO41K0304.087608,17:52:35.85,-30:48:08.21,7579.55949,3.13,0.101,21.71,20.0,20.45,1,1.78,
KMT-2016-BLG-1664,SAO41K0305.057027,17:52:34.38,-30:41:41.71,7572.52572,10.62,0.523,19.91,20.0,20.01,1,1.83,
KMT-2016-BLG-1665,BLG41K0402.000431,17:51:52.57,-31:03:17.10,7642.16024,16.9,0.731,14.54,14.55,14.55,1,2.29,
KMT-2016-BLG-1666,BLG41K0402.003976,17:51:57.90,-30:59:39.41,7662.75704,13.63,0.609,16.96,16.7,16.7,1,2.14,OB161786 MB16571
KMT-2016-BLG-1667,BLG41K0405.007264,17:52:03.68,-30:35:23.71,7600.12473,8.14,0.899,18.21,17.4,17.4,1,2.54,OB161453
KMT-2016-BLG-1668,SAO41K0405.041127,17:52:02.73,-30:38:29.80,7534.51244,31.27,0.277,19.48,19.62,19.62,1,1.99,OB160869
KMT-2016-BLG-1669,BLG41K0406.008553,17:51:56.20,-30:30:36.90,7674.3788,16.05,0.07,20.95,17.79,17.79,1,2.29,
KMT-2016-BLG-1670,BLG41K0406.062590,17:51:58.38,-30:27:54.50,7618.26002,3.09,0.109,20.03,20.0,20.49,1,2.33,OB161611
KMT-2016-BLG-1671,BLG41K0407.004413,17:51:51.67,-30:19:42.85,7533.33471,98.31,0.518,17.53,17.55,17.55,2,2.38,OB160069 MB16150 MB16230
KMT-2016-BLG-1672,SAO41K0407.055521,17:51:49.15,-30:22:48.68,7512.48797,12.13,0.403,20.63,20.0,20.35,1,2.19,
KMT-2016-BLG-1673,SAO41K0407.059539,17:52:01.02,-30:25:25.00,7645.57773,36.63,0.46,20.07,20.0,20.55,1,2.27,OB161678
KMT-2016-BLG-1674,BLG41K0501.023721,17:51:28.56,-31:10:31.51,7455.09604,17.48,0.013,22.16,19.6,19.6,1,2.42,
KMT-2016-BLG-1675,BLG41K0502.001147,17:51:21.94,-30:58:57.90,7681.8086,44.83,0.027,21.13,15.81,15.81,1,2.55,OB161926 MB16608
KMT-2016-BLG-1676,SAO41K0502.007648,17:51:31.23,-30:58:06.38,7475.28283,49.54,0.136,19.4,17.75,17.75,1,2.51,OB160212 MB16102
KMT-2016-BLG-1677,SAO41K0503.052851,17:51:12.74,-30:50:58.31,7486.61155,143.77,0.004,22.47,20.0,20.44,1,2.87,OB160596 MB16152
KMT-2016-BLG-1678,BLG41K0504.023191,17:51:32.44,-30:44:34.12,7620.12949,11.92,0.099,21.39,19.14,19.14,1,2.27,
KMT-2016-BLG-1679,BLG41K0507.040351,17:51:15.89,-30:24:30.60,7449.39723,4.5,0.047,20.2,20.0,20.1,1,2.66,OB160261
KMT-2016-BLG-1680,BLG41K0507.041427,17:51:04.69,-30:24:56.99,7652.76581,33.19,0.014,22.4,20.0,20.14,1,2.58,
KMT-2016-BLG-1681,BLG41K0604.040607,17:50:48.60,-30:43:47.50,7602.65144,28.96,0.102,22.29,19.8,19.8,1,2.44,
KMT-2016-BLG-1682,SAO41K0605.015502,17:50:35.10,-30:34:24.38,7577.69718,8.94,0.387,19.84,18.58,18.58,1,2.41,OB161296
KMT-2016-BLG-1683,BLG41K0605.018757,17:50:56.51,-30:36:25.42,7448.79569,6.12,0.893,19.49,18.87,18.87,1,2.45,
KMT-2016-BLG-1684,BLG41K0606.041859,17:50:29.05,-30:27:03.82,7612.46803,14.23,0.393,19.86,19.96,19.96,1,2.49,OB161553
KMT-2016-BLG-1685,BLG41K0608.002593,17:50:55.46,-30:15:45.50,7519.55825,24.38,0.902,17.33,16.26,16.26,1,2.32,OB160732
KMT-2016-BLG-1686,BLG41K0608.019207,17:50:54.49,-30:16:50.81,7459.5604,3.87,0.842,18.85,18.79,18.79,1,2.39,OB160404
KMT-2016-BLG-1687,BLG41K0608.029417,17:50:50.41,-30:16:09.08,7444.66743,113.79,0.009,22.18,19.36,19.36,1,2.39,
KMT-2016-BLG-1688,BLG41K0701.000603,17:50:17.74,-31:11:00.10,7472.83988,11.11,0.989,18.84,17.2,17.2,2,5.02,
KMT-2016-BLG-1689,SAO41K0704.000586,17:50:08.74,-30:44:55.72,7536.09199,19.88,0.443,18.94,14.94,14.94,1,2.68,
KMT-2016-BLG-1690,SAO41K0705.043249,17:49:58.44,-30:37:00.08,7651.74036,24.5,0.254,21.43,19.99,19.99,1,2.6,
KMT-2016-BLG-1691,BLG41K0805.019056,17:49:31.60,-30:38:30.70,7440.36271,5.81,0.08,19.23,19.26,19.26,1,3.34,OB160147
KMT-2016-BLG-1692,BLG41M0104.011792,17:58:36.79,-30:41:49.42,7631.0075,23.2,0.207,19.12,18.5,18.5,1,1.57,MB16520
KMT-2016-BLG-1693,SAO41M0105.042300,17:58:27.73,-30:40:03.79,7577.63559,24.08,0.176,21.86,19.84,19.84,1,1.55,OB161311
KMT-2016-BLG-1694,SAO41M0108.075921,17:58:46.38,-30:15:19.58,7496.56974,6.77,0.026,21.55,20.0,20.82,1,1.69,
KMT-2016-BLG-1695,BLG41M0201.003591,17:57:50.64,-31:04:34.10,7556.66841,18.4,0.209,16.49,16.51,16.51,1,1.34,OB160917 OB161015 MB16306
KMT-2016-BLG-1696,BLG41M0201.052716,17:58:20.55,-31:10:00.59,7495.25691,8.7,0.241,19.82,19.82,19.82,1,1.55,OB160707
KMT-2016-BLG-1697,BLG41M0205.005619,17:58:06.76,-30:37:01.81,7585.24791,30.8,0.398,17.44,17.51,17.51,1,1.88,OB160941 MB16342
KMT-2016-BLG-1698,BLG41M0205.041800,17:57:56.72,-30:36:50.69,7446.99348,76.38,0.768,19.82,19.93,19.93,1,2.16,
KMT-2016-BLG-1699,SAO41M0301.003872,17:57:41.92,-31:06:59.40,7555.20555,44.4,0.079,16.43,16.43,16.43,1,1.33,OB160735 MB16200
KMT-2016-BLG-1700,BLG41M0303.023796,17:57:39.82,-30:49:54.98,7635.15353,21.03,0.015,21.52,18.8,18.8,1,1.43,
KMT-2016-BLG-1701,BLG41M0305.013091,17:57:29.17,-30:40:37.49,7448.05252,19.95,0.163,20.67,18.72,18.72,1,1.6,OB160220
KMT-2016-BLG-1702,SAO41M0307.010464,17:57:34.46,-30:25:48.90,7540.5452,49.89,0.108,19.43,18.33,18.33,1,1.96,MB16266
KMT-2016-BLG-1703,BLG41M0401.011414,17:56:59.83,-31:05:56.90,7460.1753,26.37,0.017,20.84,18.06,18.06,1,1.17,OB160419 MB16068
KMT-2016-BLG-1704,BLG41M0404.010241,17:56:45.71,-30:47:09.60,7481.80656,1.96,0.804,18.64,17.83,17.83,1,1.34,
KMT-2016-BLG-1705,BLG41M0408.003333,17:56:52.77,-30:12:06.41,7479.8808,10.46,0.103,20.04,16.39,16.39,1,1.67,OB160550
KMT-2016-BLG-1706,BLG41M0501.018128,17:56:10.60,-31:08:04.60,7435.36216,13.78,0.5,18.99,18.65,18.65,1,1.48,OB160157
KMT-2016-BLG-1707,BLG41M0501.026794,17:56:27.20,-31:10:17.80,7560.39668,62.88,0.113,20.29,19.0,19.0,1,1.44,OB160945
KMT-2016-BLG-1708,BLG41M0501.032382,17:56:27.45,-31:06:45.00,7654.6153,16.54,0.153,19.3,19.16,19.16,1,1.62,OB161843 MB16574
KMT-2016-BLG-1709,SSO41M0501.039813,17:56:36.62,-31:04:40.91,7501.33142,199.99,0.02,20.8,19.35,19.35,1,1.47,OB160156 MB16069
KMT-2016-BLG-1710,BLG41M0502.083382,17:56:13.62,-31:04:03.61,7463.01555,115.33,0.006,24.15,20.0,20.17,1,1.57,OB160409
KMT-2016-BLG-1711,BLG41M0601.051150,17:55:55.36,-31:04:32.30,7494.07175,47.42,0.263,20.2,19.49,19.49,1,1.42,OB160644
KMT-2016-BLG-1712,BLG41M0701.004650,17:55:03.87,-31:05:13.42,7523.39106,23.86,0.85,16.59,16.59,16.59,1,1.39,OB160631 OB160726 MB16188
KMT-2016-BLG-1713,BLG41M0701.056745,17:55:05.09,-31:07:20.50,7591.22368,25.05,0.097,22.06,19.68,19.68,1,1.46,
KMT-2016-BLG-1714,SAO41M0702.075055,17:54:59.56,-31:00:34.42,7639.18438,10.82,0.075,20.9,19.89,19.89,1,1.36,
KMT-2016-BLG-1715,BLG41M0702.084829,17:55:17.03,-31:02:04.49,7604.87365,21.93,0.025,22.06,20.0,20.19,1,1.46,OB161595
KMT-2016-BLG-1716,BLG41M0704.017808,17:55:21.82,-30:42:36.90,7647.91176,20.56,0.058,19.56,18.78,18.78,1,1.73,OB161722 MB16555
KMT-2016-BLG-1717,BLG41M0707.016322,17:55:00.75,-30:20:38.80,7560.9991,5.6,0.65,18.96,18.96,18.96,1,2.37,
KMT-2016-BLG-1718,BLG41M0802.018897,17:54:28.52,-30:58:23.59,7440.16914,49.09,0.021,23.05,18.48,18.48,1,1.51,OB160146
KMT-2016-BLG-1719,BLG41M0804.037197,17:54:17.81,-30:45:52.60,7649.77531,37.73,0.037,19.37,19.43,19.43,1,1.81,MB16536
KMT-2016-BLG-1720,SAO41M0807.000943,17:54:24.63,-30:24:25.09,7485.01213,71.18,0.073,20.56,15.5,15.5,1,2.19,OB160557 MB16151
KMT-2016-BLG-1721,SAO41N0205.040480,17:57:52.22,-31:43:55.31,7543.70305,17.04,0.37,20.72,20.0,20.0,1,1.73,
KMT-2016-BLG-1722,BLG41N0304.004607,17:57:35.62,-31:52:12.61,7698.64037,40.92,1.0,17.41,17.48,17.48,1,1.6,OB161867
KMT-2016-BLG-1723,BLG41N0304.050322,17:57:29.93,-31:49:34.50,7677.63226,9.18,0.436,20.02,20.0,20.12,1,1.56,
KMT-2016-BLG-1724,BLG41N0306.062371,17:57:47.22,-31:34:09.91,7605.90335,36.79,0.079,21.36,20.0,20.19,1,1.3,OB161513
KMT-2016-BLG-1725,BLG41N0308.027585,17:57:44.87,-31:21:30.31,7521.34909,15.04,0.518,20.12,19.41,19.41,1,2.03,
KMT-2016-BLG-1726,BLG41N0308.044134,17:57:22.44,-31:24:41.69,7611.06697,22.36,0.054,19.85,19.89,19.89,1,1.57,OB161514 MB16469
KMT-2016-BLG-1727,BLG41N0501.007487,17:56:26.71,-32:18:29.09,7683.68866,43.65,0.153,20.81,18.05,18.05,1,1.58,
KMT-2016-BLG-1728,BLG41N0506.050160,17:56:16.54,-31:35:45.20,7502.44814,17.03,0.333,19.74,19.78,19.78,1,1.75,OB160734
KMT-2016-BLG-1729,SAO41N0602.068061,17:55:37.39,-32:10:51.20,7531.16121,17.43,0.197,19.9,20.0,20.33,1,1.66,OB160944
KMT-2016-BLG-1730,BLG41N0607.037697,17:55:37.18,-31:33:40.79,7470.31614,199.18,0.815,19.98,19.38,19.38,1,1.38,
KMT-2016-BLG-1731,BLG41N0607.042017,17:55:43.48,-31:27:24.80,7652.08828,17.79,0.501,19.48,19.49,19.49,1,1.47,OB161842
KMT-2016-BLG-1732,BLG41N0607.073993,17:55:36.41,-31:33:31.90,7651.66935,11.74,0.494,20.77,20.0,20.35,1,1.38,
KMT-2016-BLG-1733,SAO41N0607.079267,17:55:46.39,-31:31:03.00,7526.6535,5.48,0.006,21.71,20.0,20.63,1,1.64,
KMT-2016-BLG-1734,BLG41N0608.014324,17:55:54.74,-31:23:02.90,7556.39251,48.18,0.002,21.32,18.48,18.48,1,1.58,MB16322
KMT-2016-BLG-1735,BLG41N0608.033707,17:55:57.40,-31:26:03.52,7470.79112,22.21,0.4,19.34,19.26,19.26,1,1.47,OB160437
KMT-2016-BLG-1736,BLG41N0706.062100,17:55:21.11,-31:38:11.90,7624.84329,22.44,0.184,19.68,19.81,19.81,1,1.46,OB161631
KMT-2016-BLG-1737,BLG41N0708.020675,17:55:17.37,-31:24:04.10,7682.71996,122.22,0.203,20.49,18.87,18.87,1,1.54,OB161888
KMT-2016-BLG-1738,SAO41N0708.034091,17:55:08.58,-31:22:04.80,7486.83351,3.73,0.017,20.11,19.32,19.32,1,1.59,MB16153
KMT-2016-BLG-1739,BLG41N0801.058613,17:54:23.86,-32:12:12.60,7457.44268,27.55,0.202,20.14,20.0,20.17,1,1.73,
KMT-2016-BLG-1740,SAO41N0802.007523,17:54:26.92,-32:08:30.30,7551.66865,18.9,0.056,21.41,17.91,17.91,1,1.68,
KMT-2016-BLG-1741,BLG41N0804.012066,17:54:29.77,-31:56:45.31,7468.28497,23.9,0.494,19.71,18.33,18.33,1,1.7,OB160435
KMT-2016-BLG-1742,BLG41N0804.028403,17:54:16.39,-31:50:23.50,7475.1729,199.77,0.906,20.96,19.14,19.14,1,1.71,
KMT-2016-BLG-1743,SAO41N0805.030954,17:54:26.53,-31:44:39.98,7625.82513,8.68,0.563,19.35,19.34,19.34,1,1.81,
KMT-2016-BLG-1744,BLG41N0805.042864,17:54:24.84,-31:44:43.80,7469.70563,31.39,0.182,19.68,19.64,19.64,1,1.81,OB160344 MB16104
KMT-2016-BLG-1745,BLG41N0805.059066,17:54:18.25,-31:42:34.09,7463.20619,19.46,0.184,20.44,20.0,20.05,1,1.76,
KMT-2016-BLG-1746,SAO41N0806.022938,17:54:17.51,-31:39:28.19,7487.99643,199.86,0.048,22.27,18.89,18.89,1,1.5,
KMT-2016-BLG-1747,SAO41N0806.041512,17:54:29.52,-31:38:47.18,7584.47004,63.61,0.343,19.39,19.43,19.43,1,1.5,OB161312 MB16386
KMT-2016-BLG-1748,BLG41N0807.008847,17:54:17.33,-31:26:27.49,7593.15833,29.95,0.941,17.85,17.82,17.82,1,1.55,OB161202 OB161285
KMT-2016-BLG-1749,BLG41N0808.021438,17:54:30.89,-31:21:57.82,7589.22557,29.18,0.045,20.96,19.05,19.05,1,1.76,OB161367 MB16428
KMT-2016-BLG-1750,SAO41T0102.004557,17:53:44.78,-32:05:37.72,7610.07129,22.76,0.097,22.06,17.25,17.25,1,1.96,
KMT-2016-BLG-1751,BLG41T0102.005486,17:53:28.62,-32:09:06.52,7501.1789,7.58,0.133,19.76,17.57,17.57,1,2.11,
KMT-2016-BLG-1752,BLG41T0102.069319,17:53:37.35,-32:08:54.89,7488.75631,43.08,0.078,21.12,20.0,20.82,1,2.07,
KMT-2016-BLG-1753,BLG41T0107.059141,17:53:46.12,-31:27:00.50,7430.25882,28.55,0.187,20.13,20.0,20.23,1,1.97,MB16037
KMT-2016-BLG-1754,SAO41T0108.025794,17:53:34.37,-31:22:26.11,7573.49522,9.11,0.049,21.39,19.28,19.28,1,1.9,
KMT-2016-BLG-1755,SAO41T0201.010963,17:53:02.67,-32:13:36.01,7520.15477,8.58,0.836,18.54,18.54,18.54,1,1.91,
KMT-2016-BLG-1756,SAO41T0206.001829,17:53:06.39,-31:34:14.48,7690.374,34.8,0.102,16.56,16.25,16.25,1,2.17,OB161726 MB16573
KMT-2016-BLG-1757,BLG41T0206.023296,17:53:09.79,-31:35:44.70,7503.52821,22.45,0.274,19.27,19.29,19.29,1,2.11,OB160682
KMT-2016-BLG-1758,BLG41T0301.027267,17:52:33.44,-32:17:03.08,7499.83542,2.76,0.699,19.5,19.52,19.52,1,2.2,
KMT-2016-BLG-1759,BLG41T0302.017833,17:52:37.75,-32:10:15.60,7554.7172,21.15,0.096,22.51,18.97,18.97,1,2.0,
KMT-2016-BLG-1760,SAO41T0303.056163,17:52:18.83,-32:00:53.21,7521.45317,26.13,0.396,20.69,20.0,20.09,1,1.93,
KMT-2016-BLG-1761,BLG41T0304.047084,17:52:16.96,-31:49:34.79,7451.32218,22.19,0.465,19.96,20.0,20.03,1,2.17,
KMT-2016-BLG-1762,SAO41T0403.001401,17:52:00.44,-32:01:37.99,7588.8595,13.68,1.0,16.48,16.07,16.07,1,2.15,OB161319 MB16427
KMT-2016-BLG-1763,BLG41T0404.000572,17:51:57.78,-31:52:17.69,7683.82194,160.21,0.018,21.74,15.32,15.32,1,2.37,
KMT-2016-BLG-1764,BLG41T0405.050912,17:51:55.47,-31:46:23.09,7623.63298,33.11,0.145,20.21,20.0,20.79,1,2.77,
KMT-2016-BLG-1765,BLG41T0406.001879,17:52:08.42,-31:40:14.02,7647.85459,17.76,0.408,18.71,16.88,16.88,1,2.57,OB161741
KMT-2016-BLG-1766,BLG42K0101.019508,17:53:47.21,-29:03:46.58,7643.14486,196.3,0.006,22.96,18.15,18.15,1,1.9,
KMT-2016-BLG-1767,BLG42K0102.016738,17:53:49.16,-28:53:56.15,7474.68224,6.27,0.133,19.36,18.93,18.93,2,1.9,OB160521 MB16113
KMT-2016-BLG-1768,SAO42K0105.011455,17:53:41.10,-28:33:49.86,7579.67418,6.15,0.06,20.41,18.24,18.24,2,2.69,OB161337
KMT-2016-BLG-1769,BLG42K0201.021600,17:53:00.98,-28:58:24.49,7668.24765,9.23,0.079,21.05,18.6,18.6,1,2.56,
KMT-2016-BLG-1770,BLG42K0201.056150,17:53:12.67,-28:59:25.91,7654.63412,17.47,0.135,19.85,19.73,19.73,1,2.72,OB161795 MB16580
KMT-2016-BLG-1771,BLG42K0302.032043,17:52:27.83,-28:56:44.81,7487.37032,18.7,0.012,21.5,20.0,20.49,1,2.85,OB160592 MB16155
KMT-2016-BLG-1772,BLG42M0102.003007,17:58:20.74,-28:54:11.41,7437.14052,34.29,0.164,19.57,15.65,15.65,1,1.22,MB16014
KMT-2016-BLG-1773,SAO42M0102.012529,17:58:32.99,-28:52:41.99,7626.44203,1.95,0.995,18.13,17.68,17.68,1,1.18,
KMT-2016-BLG-1774,BLG42M0103.018019,17:58:41.45,-28:46:34.28,7658.69779,193.58,0.002,24.44,18.0,18.0,1,1.04,
KMT-2016-BLG-1775,BLG42M0301.011230,17:57:14.16,-28:58:27.91,7436.71066,61.11,0.065,17.8,17.67,17.67,1,1.53,OB160017 MB16004
KMT-2016-BLG-1776,SSO42M0302.055846,17:57:31.06,-28:52:37.42,7448.67328,12.45,0.036,18.99,19.23,19.23,1,1.41,OB160219 MB16053
KMT-2016-BLG-1777,BLG42M0401.074111,17:56:37.25,-29:04:31.01,7628.19203,7.09,0.764,19.91,20.0,20.13,1,2.61,
KMT-2016-BLG-1778,BLG42M0501.004932,17:56:05.62,-28:58:13.51,7590.02343,7.57,0.039,16.99,16.98,16.98,1,2.12,OB161343 MB16419
KMT-2016-BLG-1779,BLG42M0501.056195,17:56:18.26,-28:59:33.68,7462.37513,21.88,0.203,21.44,20.0,20.02,1,2.49,
KMT-2016-BLG-1780,BLG42M0603.030518,17:55:38.42,-28:46:20.75,7646.8318,19.93,0.04,19.87,20.0,20.28,2,1.9,OB161737 MB16559
KMT-2016-BLG-1781,BLG42M0801.044422,17:54:23.73,-29:04:33.20,7603.2528,6.82,0.598,19.24,18.96,18.96,1,1.72,OB161490
KMT-2016-BLG-1782,BLG42M0801.091732,17:54:39.59,-29:04:24.82,7619.26323,24.5,0.02,21.51,19.96,19.96,1,1.87,OB161596
KMT-2016-BLG-1783,BLG42N0103.047458,17:58:43.00,-29:52:10.20,7448.75264,53.16,0.145,18.93,19.0,19.0,1,1.18,OB160132 MB16056
KMT-2016-BLG-1784,BLG42N0104.066008,17:58:35.58,-29:46:27.08,7458.32924,21.56,0.495,19.58,19.47,19.47,1,1.24,OB160408
KMT-2016-BLG-1785,BLG42N0104.073354,17:58:21.60,-29:44:20.69,7653.08152,19.71,0.116,19.68,19.67,19.67,1,1.18,OB161782 MB16564
KMT-2016-BLG-1786,BLG42N0106.047922,17:58:39.75,-29:32:37.00,7595.21133,8.24,0.11,21.73,19.15,19.15,1,1.34,
KMT-2016-BLG-1787,SAO42N0106.055470,17:58:43.31,-29:29:38.18,7459.53773,9.85,0.055,21.79,19.31,19.31,1,1.34,
KMT-2016-BLG-1788,SAO42N0107.043565,17:58:28.40,-29:20:32.89,7535.66359,18.12,0.291,20.35,18.98,18.98,1,1.31,
KMT-2016-BLG-1789,BLG42N0108.072960,17:58:41.62,-29:14:39.91,7557.03851,48.45,0.058,20.88,19.45,19.45,1,1.02,OB161108
KMT-2016-BLG-1790,BLG42N0202.015680,17:57:48.02,-30:02:30.91,7456.62783,82.63,0.011,23.56,18.33,18.33,1,1.38,OB160343
KMT-2016-BLG-1791,BLG42N0206.030448,17:58:04.80,-29:31:04.12,7499.92078,6.47,0.224,19.75,18.74,18.74,1,1.36,OB160750
KMT-2016-BLG-1792,BLG42N0207.043491,17:57:55.44,-29:20:08.59,7673.73664,28.11,0.299,19.87,19.14,19.14,1,1.7,
KMT-2016-BLG-1793,BLG42N0207.050863,17:57:45.70,-29:21:08.89,7653.30567,20.33,0.008,22.57,19.31,19.31,1,1.73,
KMT-2016-BLG-1794,SAO42N0302.010089,17:57:30.52,-29:58:46.60,7491.99734,7.28,0.353,17.87,17.84,17.84,1,1.67,OB160582 MB16162
KMT-2016-BLG-1795,SAO42N0302.056348,17:57:18.28,-30:02:08.59,7513.48169,47.37,0.4,21.36,19.59,19.59,1,1.51,
KMT-2016-BLG-1796,SAO42N0303.055985,17:57:32.43,-29:54:51.59,7509.54226,4.61,0.348,19.7,19.72,19.72,1,1.78,
KMT-2016-BLG-1797,SAO42N0304.010548,17:57:20.65,-29:46:09.52,7543.6713,19.31,0.166,20.01,17.69,17.69,1,1.54,OB160988
KMT-2016-BLG-1798,SAO42N0305.032243,17:57:36.67,-29:37:42.49,7580.01484,6.99,0.293,19.87,18.88,18.88,1,1.4,OB161332
KMT-2016-BLG-1799,SAO42N0307.045651,17:57:19.68,-29:25:44.51,7577.42434,4.31,0.123,21.37,19.44,19.44,1,1.87,
KMT-2016-BLG-1800,BLG42N0307.075265,17:57:37.62,-29:19:56.60,7556.07656,23.27,0.473,19.88,20.0,20.14,1,1.92,OB161039
KMT-2016-BLG-1801,SAO42N0308.026238,17:57:25.72,-29:13:52.79,7573.08017,7.9,0.679,18.84,18.85,18.85,1,1.75,OB161249
KMT-2016-BLG-1802,BLG42N0401.064732,17:56:53.17,-30:06:15.98,7484.18537,27.17,0.145,21.53,19.72,19.72,1,1.47,
KMT-2016-BLG-1803,BLG42N0407.007551,17:56:40.34,-29:23:45.31,7548.54588,28.5,0.313,16.98,17.03,17.03,1,1.65,OB160752 MB16253
KMT-2016-BLG-1804,SAO42N0407.054701,17:56:52.66,-29:25:35.62,7489.05698,8.83,0.053,22.08,19.33,19.33,1,1.65,OB160617
KMT-2016-BLG-1805,BLG42N0408.039958,17:56:52.57,-29:13:35.90,7661.00995,16.33,0.27,20.32,19.2,19.2,1,1.83,
KMT-2016-BLG-1806,BLG42N0501.050998,17:56:13.85,-30:10:22.40,7656.15097,6.77,0.691,19.33,19.37,19.37,1,1.41,
KMT-2016-BLG-1807,SAO42N0503.005793,17:56:30.52,-29:51:03.20,7504.41796,45.75,0.136,20.5,16.88,16.88,1,1.84,OB160836
KMT-2016-BLG-1808,SAO42N0503.020905,17:56:18.21,-29:52:57.40,7524.661,8.02,0.884,19.0,18.72,18.72,1,1.74,
KMT-2016-BLG-1809,BLG42N0505.062486,17:56:11.73,-29:42:15.19,7512.68456,2.05,0.131,19.57,19.42,19.42,1,1.55,OB160824
KMT-2016-BLG-1810,BLG42N0507.061303,17:56:31.34,-29:26:43.12,7647.48905,16.97,0.117,19.57,19.54,19.54,1,1.77,OB161757
KMT-2016-BLG-1811,BLG42N0604.053801,17:55:38.38,-29:45:03.10,7640.9171,6.89,0.506,19.23,19.21,19.21,1,1.51,OB161734
KMT-2016-BLG-1812,BLG42N0605.077622,17:55:39.36,-29:36:22.79,7472.13967,40.51,0.206,21.07,19.62,19.62,1,1.64,OB160420
KMT-2016-BLG-1813,SAO42N0605.089233,17:55:49.38,-29:37:38.71,7504.9732,8.11,0.464,19.89,19.89,19.89,1,1.6,
KMT-2016-BLG-1814,SSO42N0606.059541,17:55:39.40,-29:33:58.39,7465.21618,33.98,0.204,20.21,19.35,19.35,1,1.61,OB160421
KMT-2016-BLG-1815,SAO42N0607.003875,17:55:46.19,-29:21:19.12,7548.25802,28.8,0.868,15.95,15.96,15.96,1,1.93,
KMT-2016-BLG-1816,SAO42N0704.009042,17:54:58.19,-29:45:01.51,7552.68533,7.14,0.36,18.48,17.02,17.02,1,1.43,MB16319
KMT-2016-BLG-1817,SAO42N0704.068105,17:54:49.83,-29:49:40.19,7540.54437,1.25,0.438,19.39,19.39,19.39,1,1.31,
KMT-2016-BLG-1818,BLG42N0705.056858,17:54:54.00,-29:36:59.40,7488.25541,12.54,0.008,21.32,19.11,19.11,1,1.31,OB160612 MB16157
KMT-2016-BLG-1819,SAO42N0706.005905,17:54:53.72,-29:33:33.30,7492.70407,14.28,0.02,21.19,16.24,16.24,1,1.39,OB160661 MB16169
KMT-2016-BLG-1820,BLG42N0706.074639,17:55:03.54,-29:31:00.91,7632.91255,11.59,0.077,20.6,19.46,19.46,1,1.36,
KMT-2016-BLG-1821,SAO42N0707.093443,17:55:10.88,-29:22:48.29,7524.69172,3.87,0.41,20.72,20.0,20.12,1,1.65,
KMT-2016-BLG-1822,SAO42N0803.002069,17:54:41.54,-29:51:35.60,7532.37305,17.6,0.404,18.35,15.4,15.4,1,1.28,OB160905 MB16262
KMT-2016-BLG-1823,SAO42N0805.078110,17:54:29.20,-29:37:18.08,7528.61314,24.77,0.111,21.28,19.55,19.55,1,1.43,
KMT-2016-BLG-1824,SAO42N0807.015585,17:54:17.42,-29:24:15.80,7496.44062,34.04,0.008,21.35,17.92,17.92,1,1.66,OB160702 MB16191
KMT-2016-BLG-1825,BLG42N0807.031816,17:54:26.10,-29:21:47.30,7663.72472,10.58,0.441,18.71,18.73,18.73,1,1.74,MB16593
KMT-2016-BLG-1826,SAO42N0807.086475,17:54:42.93,-29:23:35.99,7493.11494,5.96,0.462,19.83,19.91,19.91,1,1.59,OB160663
KMT-2016-BLG-1827,BLG42T0102.094156,17:53:40.68,-30:03:19.30,7621.94954,22.03,0.006,21.24,20.0,20.02,1,1.54,OB161613
KMT-2016-BLG-1828,SSO42T0103.077530,17:53:54.53,-29:57:25.70,7621.62242,12.71,0.022,20.73,19.63,19.63,1,1.7,OB161644
KMT-2016-BLG-1829,BLG42T0104.032385,17:53:26.20,-29:49:12.29,7648.91513,27.76,0.04,21.48,18.65,18.65,1,1.64,OB161781
KMT-2016-BLG-1830,SAO42T0104.086871,17:53:48.09,-29:46:44.90,7541.87768,13.08,0.039,21.52,19.8,19.8,1,1.49,
KMT-2016-BLG-1831,SAO42T0105.075664,17:53:48.33,-29:38:19.28,7586.06353,6.97,0.002,21.07,19.65,19.65,1,1.61,
KMT-2016-BLG-1832,SAO42T0106.006756,17:53:44.51,-29:31:19.88,7512.46246,18.0,0.783,18.64,16.58,16.58,1,1.82,
KMT-2016-BLG-1833,BLG42T0106.038280,17:53:28.78,-29:33:27.61,7478.00874,44.56,0.149,20.26,18.98,18.98,1,1.87,OB160405 MB16128
KMT-2016-BLG-1834,BLG42T0107.032512,17:53:43.16,-29:23:05.60,7478.84035,9.52,0.013,20.38,18.92,18.92,1,2.1,MB16134
KMT-2016-BLG-1835,SAO42T0202.005850,17:53:12.09,-30:02:06.50,7468.81766,9.45,0.514,16.38,16.39,16.39,1,1.68,OB160340 MB16083
KMT-2016-BLG-1836,SAO42T0202.051095,17:53:00.08,-30:02:26.70,7487.57913,26.13,0.155,20.71,19.2,19.2,1,1.7,
KMT-2016-BLG-1837,SAO42T0202.096360,17:53:22.92,-29:58:47.32,7513.29584,20.33,0.225,22.01,20.0,20.08,1,1.47,
KMT-2016-BLG-1838,BLG42T0302.026275,17:52:32.86,-29:58:25.28,7446.38644,64.21,0.074,20.21,18.77,18.77,1,2.12,OB160200
KMT-2016-BLG-1839,SAO42T0303.009965,17:52:24.68,-29:52:18.30,7629.46779,13.31,0.208,20.65,17.32,17.32,1,2.08,OB161658
KMT-2016-BLG-1840,SAO42T0305.061007,17:52:14.84,-29:39:34.60,7606.67426,15.12,0.181,20.97,19.6,19.6,1,2.38,
KMT-2016-BLG-1841,SAO42T0306.038736,17:52:23.75,-29:33:35.50,7523.44451,9.81,0.309,20.26,19.36,19.36,1,2.3,
KMT-2016-BLG-1842,SAO42T0307.002914,17:52:19.57,-29:24:26.89,7604.55297,30.85,0.362,19.0,16.35,16.35,1,2.63,
KMT-2016-BLG-1843,BLG42T0503.043705,17:51:13.33,-29:55:01.42,7635.09489,109.01,0.002,25.57,19.73,19.73,1,2.73,
KMT-2016-BLG-1844,SAO42T0504.003968,17:51:24.86,-29:44:32.10,7584.48479,113.25,0.002,22.22,16.89,16.89,1,2.7,OB161266
KMT-2016-BLG-1845,BLG42T0504.058387,17:51:26.41,-29:49:07.61,7453.02223,9.98,0.597,20.4,20.0,20.3,1,2.98,
KMT-2016-BLG-1846,SSO42T0506.024018,17:51:10.65,-29:31:35.90,7555.32899,22.01,0.009,20.91,19.24,19.24,1,3.38,MB16321
KMT-2016-BLG-1847,SAO42T0508.038796,17:51:30.83,-29:18:11.99,7622.20184,36.11,0.198,21.06,20.0,20.52,1,3.36,
KMT-2016-BLG-1848,BLG42T0602.062457,17:51:02.11,-30:01:21.90,7637.74014,133.89,0.006,24.75,20.0,20.81,1,3.05,
KMT-2016-BLG-1849,BLG42T0603.004391,17:50:41.00,-29:54:04.28,7479.93596,127.43,0.755,17.92,17.17,17.17,1,3.28,
KMT-2016-BLG-1850,SAO42T0603.011158,17:50:55.98,-29:53:02.11,7522.02183,65.2,0.126,22.58,18.05,18.05,1,3.28,
KMT-2016-BLG-1851,BLG42T0603.053451,17:50:41.22,-29:50:23.60,7594.31258,28.34,0.107,21.93,20.0,20.44,1,3.43,
KMT-2016-BLG-1852,BLG42T0606.033815,17:50:58.75,-29:30:06.52,7648.1646,28.75,0.037,22.89,20.0,20.02,1,3.41,
KMT-2016-BLG-1853,SAO42T0607.021101,17:50:41.31,-29:23:58.09,7500.64435,4.72,0.533,20.08,19.44,19.44,1,3.72,
KMT-2016-BLG-1854,SAO42T0703.012486,17:50:17.60,-29:54:38.70,7536.48024,28.88,0.05,18.35,18.45,18.45,1,3.24,OB160787
KMT-2016-BLG-1855,BLG42T0708.011091,17:50:13.25,-29:12:26.39,7455.04062,74.44,0.048,22.3,19.41,19.41,1,5.97,
KMT-2016-BLG-1856,BLG42T0802.010323,17:49:37.10,-29:58:52.57,7605.32152,44.55,0.081,21.96,19.74,19.74,2,4.1,
KMT-2016-BLG-1857,SSO42T0805.016440,17:49:24.92,-29:39:06.12,7472.70743,14.9,0.045,20.39,19.85,19.85,2,4.72,
KMT-2016-BLG-1858,SAO42T0806.011114,17:49:27.09,-29:33:45.76,7548.6982,28.42,0.167,19.78,20.0,21.14,2,5.7,OB160990
KMT-2016-BLG-1859,BLG42T0806.013905,17:49:33.33,-29:33:43.31,7476.72424,7.82,0.179,20.38,20.0,21.04,2,5.01,
KMT-2016-BLG-1860,SAO43K0101.020154,18:01:17.64,-27:54:12.82,7491.69339,10.56,0.19,21.49,18.33,18.33,1,1.41,
KMT-2016-BLG-1861,BLG43K0103.032190,18:01:06.10,-27:45:07.81,7614.09127,28.9,0.054,21.33,18.85,18.85,1,1.49,OB161568 MB16481
KMT-2016-BLG-1862,SAO43K0103.032904,18:01:09.13,-27:43:13.91,7512.90161,27.93,0.019,23.65,18.87,18.87,1,1.41,OB160841
KMT-2016-BLG-1863,BLG43K0104.039217,18:01:23.99,-27:33:20.30,7573.08103,50.63,0.072,19.8,19.06,19.06,1,1.41,OB160974 MB16351
KMT-2016-BLG-1864,SAO43K0105.006112,18:01:34.40,-27:27:39.49,7539.32469,174.77,0.011,23.49,16.93,16.93,1,1.59,OB160922
KMT-2016-BLG-1865,SAO43K0106.023403,18:01:14.74,-27:21:27.68,7545.75337,87.76,0.047,23.83,18.92,18.92,1,1.56,
KMT-2016-BLG-1866,SAO43K0202.051442,18:00:35.23,-27:50:24.40,7575.51798,23.07,0.574,19.94,19.4,19.4,1,1.59,
KMT-2016-BLG-1867,BLG43K0202.070305,18:00:37.95,-27:52:49.58,7480.10722,30.85,0.028,22.94,19.84,19.84,1,1.72,
KMT-2016-BLG-1868,SAO43K0204.013029,18:00:48.98,-27:31:03.90,7549.08117,5.13,1.0,18.82,18.0,18.0,1,1.39,OB161018
KMT-2016-BLG-1869,BLG43K0205.016291,18:00:35.29,-27:25:32.09,7492.78153,114.86,0.3,18.28,18.33,18.33,1,1.6,OB160075 MB16057
KMT-2016-BLG-1870,BLG43K0207.011914,18:00:52.81,-27:11:38.80,7620.4542,10.26,0.57,18.23,18.2,18.2,1,1.83,OB161585
KMT-2016-BLG-1871,SAO43K0207.079391,18:00:48.71,-27:09:57.82,7582.95014,25.24,0.105,21.08,20.0,20.46,1,2.0,
KMT-2016-BLG-1872,BLG43K0207.084643,18:00:45.35,-27:13:23.59,7574.62805,9.15,0.353,19.92,20.0,20.67,1,1.58,OB161330 MB16375
KMT-2016-BLG-1873,BLG43K0301.078040,18:00:25.90,-27:59:26.41,7456.66617,60.8,0.05,22.21,20.0,20.34,1,1.64,OB160381
KMT-2016-BLG-1874,BLG43K0305.017655,18:00:24.18,-27:25:36.52,7659.15324,4.81,0.309,19.62,18.47,18.47,1,1.66,OB161880
KMT-2016-BLG-1875,SAO43K0305.018037,18:00:21.95,-27:28:39.11,7492.32783,85.38,0.039,22.74,18.5,18.5,1,1.6,OB160630
KMT-2016-BLG-1876,BLG43K0306.010602,18:00:14.89,-27:19:09.01,7478.58889,40.21,0.383,19.55,17.77,17.77,1,1.67,OB160438
KMT-2016-BLG-1877,SAO43K0403.044815,17:59:22.75,-27:45:07.20,7514.85864,10.85,0.046,22.35,19.55,19.55,1,1.88,
KMT-2016-BLG-1878,SAO43K0406.062409,17:59:23.64,-27:20:34.40,7542.4759,3.18,0.414,20.03,20.0,20.02,1,2.17,
KMT-2016-BLG-1879,BLG43K0408.025625,17:59:28.44,-27:06:50.69,7620.58272,36.15,0.036,21.74,19.23,19.23,1,2.4,
KMT-2016-BLG-1880,BLG43K0507.042353,17:58:48.50,-27:11:53.92,7611.63133,17.31,0.063,20.44,19.78,19.78,1,2.57,MB16471
KMT-2016-BLG-1881,BLG43K0508.054174,17:59:16.92,-27:04:02.10,7646.67448,11.19,0.091,20.19,20.0,20.62,1,2.45,
KMT-2016-BLG-1882,BLG43K0602.027907,17:58:16.99,-27:48:34.31,7450.62615,8.06,0.891,19.57,19.36,19.36,1,2.61,OB160307
KMT-2016-BLG-1883,SAO43K0602.045044,17:58:30.08,-27:50:20.29,7521.41099,198.93,0.002,24.86,19.89,19.89,1,2.66,
KMT-2016-BLG-1884,SAO43K0607.013568,17:58:30.69,-27:14:10.21,7540.16537,20.75,0.157,21.35,19.68,19.68,2,2.92,
KMT-2016-BLG-1885,BLG43K0702.028256,17:58:01.01,-27:45:38.09,7477.10318,12.6,0.035,21.76,20.0,20.22,1,2.46,MB16127
KMT-2016-BLG-1886,BLG43K0703.009298,17:58:06.79,-27:38:24.40,7474.01368,6.76,0.586,18.04,18.06,18.06,1,2.08,OB160477
KMT-2016-BLG-1887,BLG43K0703.018044,17:57:54.13,-27:39:46.26,7449.75713,19.19,0.895,19.89,20.0,20.77,2,2.32,
KMT-2016-BLG-1888,BLG43M0101.012110,18:06:20.91,-27:55:15.82,7473.98795,137.36,0.026,23.54,17.82,17.82,1,0.67,
KMT-2016-BLG-1889,BLG43M0107.026769,18:05:51.35,-27:09:23.11,7445.63047,21.43,0.012,18.9,18.67,18.67,1,1.03,OB160076 MB16046
KMT-2016-BLG-1890,BLG43M0108.002843,18:06:05.07,-27:03:31.79,7462.60455,3.08,0.651,15.92,15.91,15.91,1,1.02,OB160412 MB16080
KMT-2016-BLG-1891,SAO43M0202.066073,18:05:43.09,-27:49:13.40,7525.19908,33.33,0.047,22.42,19.51,19.51,1,0.73,
KMT-2016-BLG-1892,BLG43M0302.002322,18:05:14.68,-27:48:21.82,7663.3489,12.92,0.08,19.55,15.61,15.61,1,0.89,
KMT-2016-BLG-1893,BLG43M0302.031342,18:05:06.20,-27:45:33.19,7656.45248,8.04,0.286,21.16,18.77,18.77,1,0.93,
KMT-2016-BLG-1894,SAO43M0303.000798,18:05:04.02,-27:39:36.40,7684.51029,30.86,0.098,15.37,14.91,14.91,1,1.06,OB161659
KMT-2016-BLG-1895,BLG43M0404.006112,18:04:27.86,-27:32:41.60,7633.11209,20.52,0.461,20.06,17.13,17.13,1,0.99,OB161694
KMT-2016-BLG-1896,BLG43M0404.033628,18:04:20.95,-27:33:38.59,7627.15061,36.29,0.109,21.2,18.89,18.89,1,1.03,OB161666
KMT-2016-BLG-1897,SAO43M0706.048296,18:02:49.80,-27:18:23.29,7488.5934,22.54,0.205,21.38,20.0,20.14,1,2.26,OB160583
KMT-2016-BLG-1898,BLG43M0706.064464,18:02:40.77,-27:19:25.10,7452.59765,9.77,0.431,20.39,20.0,20.58,1,2.04,
KMT-2016-BLG-1899,BLG43M0801.009334,18:01:52.57,-27:59:35.70,7586.89324,20.63,0.988,18.05,17.54,17.54,1,1.29,OB161197 OB161395
KMT-2016-BLG-1900,SAO43M0802.057023,18:01:54.57,-27:50:19.79,7602.13745,16.88,0.125,19.49,19.5,19.5,1,1.43,OB161426 MB16446
KMT-2016-BLG-1901,BLG43M0808.000381,18:01:59.15,-27:03:04.61,7609.66304,57.1,0.578,14.98,15.04,15.04,1,2.6,OB160994
KMT-2016-BLG-1902,SAO43N0102.004401,18:06:02.66,-28:58:53.40,7582.27207,7.56,0.207,16.83,16.85,16.85,1,0.84,OB161340
KMT-2016-BLG-1903,BLG43N0102.046375,18:06:07.91,-28:58:54.41,7647.77807,12.02,0.23,19.73,19.29,19.29,1,0.84,
KMT-2016-BLG-1904,BLG43N0105.035230,18:06:05.55,-28:36:21.31,7496.38892,29.33,0.341,20.65,19.05,19.05,1,0.95,
KMT-2016-BLG-1905,BLG43N0105.073493,18:06:19.36,-28:30:10.19,7609.6961,22.43,0.03,20.81,20.0,20.23,1,0.95,OB161534 MB16465
KMT-2016-BLG-1906,SAO43N0106.066489,18:06:16.99,-28:25:51.60,7482.48835,25.86,0.018,21.07,19.96,19.96,1,1.06,
KMT-2016-BLG-1907,BLG43N0106.080344,18:06:18.42,-28:24:01.80,7618.98572,7.37,0.389,20.32,20.0,20.62,1,1.06,
KMT-2016-BLG-1908,BLG43N0201.017180,18:05:37.69,-29:05:19.00,7591.02708,8.93,0.002,20.22,18.41,18.41,1,0.94,MB16430
KMT-2016-BLG-1909,SAO43N0202.061972,18:05:50.30,-28:53:03.30,7528.38816,21.57,0.442,19.78,19.77,19.77,1,0.96,OB160880
KMT-2016-BLG-1910,SAO43N0303.013341,18:05:10.64,-28:51:30.71,7507.70338,27.02,0.291,17.97,17.95,17.95,1,0.87,OB160526 MB16177
KMT-2016-BLG-1911,SAO43N0303.085358,18:05:04.15,-28:49:43.00,7502.91615,10.17,0.574,20.09,20.0,20.19,1,0.87,
KMT-2016-BLG-1912,SAO43N0304.028382,18:05:15.79,-28:37:27.80,7491.1028,4.89,0.094,18.46,18.63,18.63,1,0.92,OB160604 MB16166
KMT-2016-BLG-1913,SAO43N0403.034416,18:04:33.47,-28:52:10.81,7510.87735,22.82,0.176,19.64,18.72,18.72,1,0.69,OB160618 MB16209
KMT-2016-BLG-1914,BLG43N0503.031996,18:03:41.04,-28:49:05.41,7602.3942,11.52,0.599,18.58,18.61,18.61,1,0.75,OB161466
KMT-2016-BLG-1915,BLG43N0503.033150,18:03:48.97,-28:46:23.70,7483.14398,22.18,0.481,20.12,18.64,18.64,1,0.8,OB160565
KMT-2016-BLG-1916,SAO43N0504.003390,18:03:37.76,-28:41:18.89,7444.93733,21.93,0.206,15.9,15.91,15.91,1,0.85,OB160048 MB16030
KMT-2016-BLG-1917,BLG43N0601.084469,18:03:11.00,-29:00:29.92,7671.18538,8.36,0.186,19.96,20.0,20.47,1,0.88,
KMT-2016-BLG-1918,BLG43N0602.062528,18:03:26.16,-28:54:02.09,7475.47386,15.67,0.159,19.22,19.33,19.33,1,0.69,MB16109
KMT-2016-BLG-1919,BLG43N0603.020791,18:03:16.46,-28:51:34.31,7586.90708,5.32,0.13,18.58,18.2,18.2,1,0.74,OB161348 MB16423
KMT-2016-BLG-1920,SAO43N0604.051782,18:03:08.95,-28:41:27.10,7546.26261,23.1,0.389,19.88,19.09,19.09,1,0.9,OB160977
KMT-2016-BLG-1921,BLG43N0604.083862,18:03:00.85,-28:42:40.28,7630.73769,29.6,0.016,22.35,19.86,19.86,1,0.9,OB161675
KMT-2016-BLG-1922,SAO43N0702.042837,18:03:00.05,-29:00:19.80,7583.95186,23.95,0.493,19.64,18.9,18.9,1,0.87,OB161313
KMT-2016-BLG-1923,SAO43N0703.027018,18:02:44.69,-28:51:24.70,7572.80914,13.66,0.474,18.38,18.45,18.45,1,0.98,OB161234
KMT-2016-BLG-1924,SAO43N0704.057918,18:02:57.96,-28:41:53.02,7498.04771,6.24,0.24,20.66,19.29,19.29,1,0.9,
KMT-2016-BLG-1925,SAO43N0706.045770,18:02:42.78,-28:25:21.68,7501.25653,30.02,0.181,18.93,19.0,19.0,1,0.93,OB160566 MB16187
KMT-2016-BLG-1926,SAO43N0804.011277,18:01:57.28,-28:41:20.29,7494.15734,13.91,0.926,19.17,17.7,17.7,1,1.22,
KMT-2016-BLG-1927,BLG43N0804.084678,18:01:56.66,-28:41:36.60,7599.45744,22.18,0.179,21.39,19.98,19.98,1,1.22,
KMT-2016-BLG-1928,BLG43N0806.042706,18:02:20.09,-28:24:53.50,7567.18809,5.05,0.268,19.64,18.84,18.84,1,1.11,OB161208 OB161218
KMT-2016-BLG-1929,SAO43N0807.018743,18:02:17.76,-28:16:09.41,7547.16302,6.47,0.646,18.16,18.16,18.16,1,0.94,OB160981
KMT-2016-BLG-1930,BLG43T0202.026460,18:00:44.30,-28:58:22.19,7598.4909,22.25,0.076,20.63,18.34,18.34,1,0.94,OB161427
KMT-2016-BLG-1931,BLG43T0302.028046,18:00:23.08,-28:54:13.90,7654.22778,45.34,0.2,21.01,18.36,18.36,1,0.95,
KMT-2016-BLG-1932,BLG43T0306.035177,18:00:14.55,-28:29:10.21,7471.29018,22.88,0.286,19.83,18.72,18.72,1,1.25,OB160397
KMT-2016-BLG-1933,SAO43T0401.020487,17:59:44.80,-29:00:38.92,7544.73531,19.15,0.22,19.08,18.07,18.07,1,1.0,OB160967 MB16311
KMT-2016-BLG-1934,BLG43T0405.080861,17:59:19.91,-28:29:56.62,7443.30091,33.14,0.051,19.66,19.77,19.77,1,1.4,OB160177 MB16048
KMT-2016-BLG-1935,BLG43T0501.065449,17:59:01.41,-29:04:35.18,7605.75382,9.95,0.039,21.4,19.22,19.22,1,0.98,OB161593
KMT-2016-BLG-1936,SSO43T0507.069554,17:58:43.07,-28:21:13.10,7629.76707,66.62,0.01,19.47,19.63,19.63,1,1.39,OB161637 MB16511
KMT-2016-BLG-1937,BLG43T0608.007135,17:58:17.18,-28:07:49.51,7607.23465,3.97,0.169,21.06,17.38,17.38,1,2.23,OB161592
KMT-2016-BLG-1938,BLG43T0701.081763,17:57:41.68,-29:03:36.29,7634.70174,199.98,0.005,23.65,20.0,20.15,1,1.5,OB161748
KMT-2016-BLG-1939,SAO43T0708.076120,17:58:01.58,-28:07:37.42,7493.20641,4.59,0.113,20.64,20.0,20.2,1,2.07,OB160675
KMT-2016-BLG-1940,BLG43T0806.061291,17:57:28.28,-28:24:40.28,7478.2957,67.24,0.038,22.23,19.62,19.62,1,1.63,
KMT-2016-BLG-1941,SAO01K0205.069338,17:53:18.78,-30:32:18.60,7639.9177,199.9,0.122,20.04,19.95,19.95,1,1.81,OB161404 OB161430
KMT-2016-BLG-1942,BLG01K0208.007747,17:53:25.32,-30:06:09.90,7424.75754,199.63,0.003,21.5,16.82,16.82,1,1.64,OB160003 MB16010
KMT-2016-BLG-1943,SSO01K0302.077384,17:52:42.00,-30:53:19.39,7605.6702,13.85,0.2,19.67,20.0,20.02,1,1.77,OB161451
KMT-2016-BLG-1944,BLG01K0402.072289,17:52:00.52,-30:54:02.48,7439.46784,75.88,0.169,21.3,20.0,20.44,1,2.5,
KMT-2016-BLG-1945,SAO01K0403.077278,17:52:01.73,-30:47:24.00,7578.45047,20.55,0.681,19.92,20.0,20.22,1,2.14,
KMT-2016-BLG-1946,SAO01K0404.049669,17:52:08.26,-30:38:05.60,7544.61759,7.67,0.355,19.93,19.69,19.69,1,2.0,
KMT-2016-BLG-1947,BLG01K0501.020249,17:51:39.38,-31:00:07.42,7443.99133,199.47,0.11,21.91,19.12,19.12,1,2.29,
KMT-2016-BLG-1948,BLG01K0508.004974,17:51:46.53,-30:04:50.59,7676.85891,199.97,0.134,20.53,16.71,16.71,1,2.37,OB161679
KMT-2016-BLG-1949,BLG01K0608.023241,17:50:48.66,-30:06:11.30,7679.68938,26.46,0.337,18.9,18.98,18.98,1,2.73,
KMT-2016-BLG-1950,SAO01K0806.031253,17:49:54.08,-30:25:11.89,7572.37064,45.12,0.006,24.24,20.0,20.42,1,3.31,
KMT-2016-BLG-1951,BLG01M0408.000931,17:57:01.81,-30:06:40.00,7450.84664,26.54,0.997,16.38,15.0,15.0,1,1.4,OB160197
KMT-2016-BLG-1952,SAO01M0506.039615,17:56:43.79,-30:24:38.09,7579.81894,18.15,0.386,22.29,19.79,19.79,1,2.21,
KMT-2016-BLG-1953,BLG01M0703.081246,17:55:36.96,-30:45:58.90,7637.00501,47.9,0.278,21.18,20.0,20.29,1,1.45,
KMT-2016-BLG-1954,BLG01N0307.047672,17:57:55.34,-31:25:34.00,7610.66621,4.17,0.098,21.56,20.0,20.13,1,1.57,
KMT-2016-BLG-1955,SAO01N0405.072367,17:57:18.97,-31:37:05.70,7520.34986,7.18,0.399,20.03,20.0,20.43,1,1.45,
KMT-2016-BLG-1956,BLG01N0408.003728,17:57:05.99,-31:12:47.48,7515.68096,41.27,0.599,19.07,16.42,16.42,1,1.15,
KMT-2016-BLG-1957,SAO01T0305.038256,17:52:51.06,-31:37:23.20,7491.08576,17.78,0.679,19.89,19.92,19.92,1,2.08,
KMT-2016-BLG-1958,BLG01T0402.046848,17:52:20.63,-32:04:09.41,7448.52174,7.38,0.607,19.92,19.96,19.96,1,1.95,
KMT-2016-BLG-1959,BLG01T0403.008980,17:52:26.62,-31:52:16.50,7502.12129,36.6,0.829,19.49,18.35,18.35,1,2.12,OB160485
KMT-2016-BLG-1960,BLG01T0601.013970,17:51:11.40,-32:08:51.90,7495.00092,16.47,0.486,19.96,19.63,19.63,1,2.33,
KMT-2016-BLG-1961,BLG02K0204.026039,17:53:31.39,-28:32:05.14,7602.27599,8.0,0.193,20.27,20.0,20.98,2,2.59,
KMT-2016-BLG-1962,SSO02K0407.000816,17:52:09.37,-28:11:57.59,7645.90198,76.32,1.0,22.32,16.44,16.44,2,4.04,
KMT-2016-BLG-1963,BLG02M0106.070108,17:58:40.27,-28:17:22.88,7636.53341,20.28,0.388,20.1,19.93,19.93,1,1.51,OB161682
KMT-2016-BLG-1964,BLG02M0108.053695,17:59:02.87,-28:04:09.80,7460.03512,21.69,0.211,21.59,20.0,20.27,1,2.36,
KMT-2016-BLG-1965,BLG02M0205.036738,17:58:00.12,-28:20:29.51,7605.52474,18.89,0.005,23.66,19.02,19.02,1,1.59,OB161510
KMT-2016-BLG-1966,BLG02M0706.009513,17:55:24.75,-28:18:18.40,7636.20649,3.25,0.198,19.92,17.75,17.75,4,2.31,
KMT-2016-BLG-1967,BLG02M0708.005980,17:55:27.73,-28:00:48.92,7441.63242,10.36,0.394,18.22,18.24,18.24,2,2.9,OB160071
KMT-2016-BLG-1968,BLG02M0806.011073,17:54:35.60,-28:19:39.43,7468.89016,15.16,0.069,20.73,18.79,18.79,2,2.86,
KMT-2016-BLG-1969,BLG02N0205.003469,17:58:09.55,-29:28:40.91,7673.60438,50.37,0.707,18.02,15.89,15.89,1,1.5,OB161896
KMT-2016-BLG-1970,BLG02N0206.009774,17:58:20.13,-29:25:23.59,7681.48628,71.85,0.221,19.05,17.49,17.49,1,1.41,OB161645
KMT-2016-BLG-1971,BLG02N0208.080302,17:58:12.16,-29:10:58.19,7671.46391,76.48,0.155,19.95,19.82,19.82,1,1.26,OB161856
KMT-2016-BLG-1972,SAO02N0301.078911,17:57:47.21,-29:59:07.01,7541.22643,8.32,0.828,20.16,20.0,20.36,1,1.61,
KMT-2016-BLG-1973,SAO02N0406.013735,17:57:22.15,-29:22:41.02,7543.23441,24.28,0.579,20.69,18.16,18.16,1,2.06,
KMT-2016-BLG-1974,BLG02N0501.060276,17:56:44.39,-30:01:24.38,7484.44772,6.89,0.999,20.03,19.53,19.53,1,1.45,
KMT-2016-BLG-1975,SAO02N0504.049698,17:56:44.41,-29:40:27.01,7563.16086,12.35,0.905,19.3,19.28,19.28,1,1.67,
KMT-2016-BLG-1976,BLG02N0504.089478,17:56:28.33,-29:37:53.90,7612.30649,27.33,0.294,21.98,20.0,20.24,1,1.57,
KMT-2016-BLG-1977,BLG02N0507.081031,17:56:29.57,-29:19:15.20,7658.52037,89.48,0.255,20.47,20.0,20.25,1,1.87,
KMT-2016-BLG-1978,BLG02N0608.034952,17:56:09.52,-29:06:46.12,7684.63729,29.61,0.365,19.05,19.04,19.04,1,1.93,OB161921
KMT-2016-BLG-1979,BLG02N0702.042523,17:55:22.28,-29:52:48.29,7438.42144,30.26,0.575,19.42,18.88,18.88,1,1.22,
KMT-2016-BLG-1980,BLG02N0706.026433,17:55:19.86,-29:27:10.69,7436.70989,68.35,0.134,21.03,18.45,18.45,1,1.46,OB160046 MB16020
KMT-2016-BLG-1981,BLG02N0802.025796,17:54:39.60,-29:51:42.98,7560.58848,18.41,0.968,18.8,18.4,18.4,1,1.31,
KMT-2016-BLG-1982,BLG02N0802.050529,17:54:41.65,-29:53:29.40,7563.68049,27.53,0.316,20.97,19.02,19.02,1,1.3,
KMT-2016-BLG-1983,SAO02N0802.063896,17:54:40.97,-29:53:18.71,7532.72465,14.23,0.803,19.79,19.28,19.28,1,1.31,
KMT-2016-BLG-1984,SAO02N0807.068128,17:54:50.79,-29:16:00.80,7683.49181,32.33,0.07,20.34,19.76,19.76,1,2.02,OB161920 MB16613
KMT-2016-BLG-1985,BLG02N0808.019984,17:54:46.25,-29:10:01.31,7439.9692,14.64,0.943,18.4,18.41,18.41,1,2.02,OB160181
KMT-2016-BLG-1986,SAO02T0102.072165,17:54:00.85,-29:54:52.81,7573.80865,12.27,0.666,19.92,19.46,19.46,1,1.61,OB161305
KMT-2016-BLG-1987,BLG02T0104.001635,17:54:11.65,-29:37:04.51,7670.12644,72.86,0.133,20.04,15.26,15.26,1,1.51,
KMT-2016-BLG-1988,BLG02T0105.013463,17:54:15.79,-29:33:45.00,7678.44351,50.54,0.385,19.69,17.7,17.7,1,1.67,OB161904
KMT-2016-BLG-1989,SAO02T0203.002037,17:53:33.38,-29:49:34.50,7519.72675,51.15,0.992,16.64,15.41,15.41,1,1.54,OB160701 MB16198
KMT-2016-BLG-1990,BLG02T0203.049669,17:53:17.57,-29:44:51.29,7460.02068,68.13,0.214,20.31,19.09,19.09,1,1.61,OB160285
KMT-2016-BLG-1991,BLG02T0204.001960,17:53:25.45,-29:38:32.10,7499.7172,95.22,0.903,16.06,15.52,15.52,1,1.82,OB160007 MB16088
KMT-2016-BLG-1992,SAO02T0206.016871,17:53:30.02,-29:26:07.19,7542.19588,0.4,0.71,18.16,18.16,18.16,1,2.08,
KMT-2016-BLG-1993,BLG02T0207.011656,17:53:18.90,-29:17:13.88,7435.22142,14.58,0.377,18.36,17.4,17.4,1,2.05,OB160070
KMT-2016-BLG-1994,BLG02T0302.015363,17:53:01.44,-29:53:56.40,7653.88653,149.47,0.047,22.24,17.99,17.99,1,1.76,OB161814
KMT-2016-BLG-1995,SAO02T0305.075032,17:52:48.67,-29:30:21.89,7666.33053,14.67,0.261,20.13,20.0,20.33,1,2.85,
KMT-2016-BLG-1996,SAO02T0306.005382,17:52:53.54,-29:21:54.00,7666.7121,199.64,0.283,18.95,16.79,16.79,1,2.35,OB161797
KMT-2016-BLG-1997,BLG02T0307.063441,17:53:00.62,-29:17:54.31,7451.29418,46.64,0.051,22.01,20.0,20.2,1,2.43,
KMT-2016-BLG-1998,BLG02T0402.007092,17:52:15.76,-29:53:57.19,7678.79757,52.17,0.488,19.66,16.97,16.97,1,2.29,OB161918
KMT-2016-BLG-1999,BLG02T0602.015139,17:50:58.34,-29:52:23.41,7622.83515,54.62,0.986,18.78,18.52,18.52,1,3.28,
KMT-2016-BLG-2000,BLG02T0604.052121,17:50:53.76,-29:34:59.09,7469.04029,105.58,0.081,21.93,20.0,20.05,1,3.25,OB160406
KMT-2016-BLG-2001,BLG02T0605.016712,17:51:02.40,-29:34:07.72,7449.66243,15.72,0.262,21.06,18.86,18.86,1,3.26,
KMT-2016-BLG-2002,BLG02T0802.006852,17:49:47.68,-29:56:20.90,7676.92551,26.11,0.836,18.56,17.84,17.84,1,3.68,
KMT-2016-BLG-2003,BLG02T0807.012511,17:49:56.99,-29:14:35.99,7616.00938,31.91,0.252,20.03,20.0,20.12,1,7.52,
KMT-2016-BLG-2004,BLG03K0101.027122,18:01:35.29,-27:47:29.80,7442.4369,41.53,0.2,21.23,18.65,18.65,1,1.37,OB160183
KMT-2016-BLG-2005,BLG03K0405.009080,17:59:54.67,-27:19:02.60,7445.33309,57.31,0.345,20.66,17.61,17.61,1,1.86,
KMT-2016-BLG-2006,BLG03K0406.005616,17:59:49.92,-27:11:19.61,7442.74411,24.35,0.893,18.39,17.02,17.02,1,2.15,OB160092
KMT-2016-BLG-2007,SAO03K0705.001126,17:58:21.08,-27:17:18.82,7697.74437,52.34,0.667,19.79,16.56,16.56,2,3.09,
KMT-2016-BLG-2008,SAO03K0708.012693,17:58:17.80,-26:54:07.27,7534.50222,6.69,0.023,21.71,20.0,20.36,2,3.27,
KMT-2016-BLG-2009,SAO03K0804.001743,17:57:40.90,-27:25:38.53,7572.62338,46.63,0.386,20.57,17.09,17.09,2,2.83,
KMT-2016-BLG-2010,BLG03M0703.043764,18:02:48.74,-27:33:48.71,7439.03481,30.22,0.279,19.29,19.27,19.27,1,1.45,OB160074
KMT-2016-BLG-2011,BLG03M0703.073094,18:03:02.39,-27:32:44.99,7534.27326,31.82,0.471,20.54,19.93,19.93,1,1.38,
KMT-2016-BLG-2012,BLG03M0703.083644,18:03:04.11,-27:36:07.09,7612.0876,42.78,0.585,19.92,20.0,20.23,1,1.24,OB161561
KMT-2016-BLG-2013,SAO03M0707.037581,18:03:07.95,-27:04:17.29,7510.22691,197.25,0.009,25.06,19.74,19.74,1,1.93,
KMT-2016-BLG-2014,BLG03N0303.064074,18:05:01.90,-28:40:54.08,7608.80826,14.8,0.2,22.0,19.68,19.68,1,0.92,
KMT-2016-BLG-2015,BLG03N0307.030710,18:05:27.99,-28:09:29.09,7681.41592,19.87,0.183,18.49,18.53,18.53,1,0.7,OB161913 OB161914
KMT-2016-BLG-2016,BLG03N0601.078775,18:03:41.98,-28:54:49.50,7596.0864,3.26,0.352,19.81,19.83,19.83,1,0.69,
KMT-2016-BLG-2017,BLG03N0605.022553,18:03:40.66,-28:29:54.38,7622.55223,53.4,0.138,22.31,18.28,18.28,1,1.02,OB161634
KMT-2016-BLG-2018,BLG03N0606.070638,18:03:26.03,-28:21:48.38,7675.89026,42.39,0.023,21.07,19.51,19.51,1,0.85,
KMT-2016-BLG-2019,BLG03N0803.026934,18:02:08.74,-28:38:30.52,7673.18534,44.48,0.202,21.74,18.5,18.5,1,1.34,
KMT-2016-BLG-2020,BLG03N0808.067827,18:02:34.63,-28:05:38.00,7443.63487,91.96,0.215,19.51,19.59,19.59,1,1.0,OB160051 MB16006
KMT-2016-BLG-2021,BLG03T0102.081949,18:01:46.65,-28:47:35.59,7685.74227,113.79,0.322,19.81,19.87,19.87,1,1.17,OB161738
KMT-2016-BLG-2022,SAO03T0205.034739,18:01:16.09,-28:29:17.59,7531.29922,5.72,0.915,18.88,18.68,18.68,1,1.11,
KMT-2016-BLG-2023,BLG03T0305.088554,18:00:19.93,-28:23:52.69,7444.56165,11.45,0.898,19.94,19.95,19.95,1,1.26,
KMT-2016-BLG-2024,BLG04K0607.091903,18:00:45.42,-29:07:12.29,7673.48958,24.85,0.176,20.58,20.0,20.51,1,1.08,
KMT-2016-BLG-2025,BLG04K0706.022460,18:00:10.09,-29:20:18.82,7681.90035,21.87,0.741,18.64,18.54,18.54,1,1.28,OB160577
KMT-2016-BLG-2026,BLG04K0802.085401,17:59:15.84,-29:44:56.11,7618.52752,50.02,0.196,20.43,19.96,19.96,1,1.21,
KMT-2016-BLG-2027,BLG04N0206.021777,18:07:34.44,-30:23:24.40,7528.6614,53.9,0.461,20.32,19.09,19.09,1,0.93,
KMT-2016-BLG-2028,BLG04T0808.006834,17:59:09.67,-30:07:41.30,7655.82109,41.11,0.725,17.4,17.42,17.42,1,1.27,OB161723
KMT-2016-BLG-2029,BLG11K0208.002449,17:26:18.77,-28:54:59.26,7597.28433,33.82,1.0,18.44,17.07,17.07,2,1.72,
KMT-2016-BLG-2030,SAO11K0502.007371,17:24:46.08,-29:43:10.38,7497.56667,83.83,0.172,21.21,19.3,19.3,2,2.23,
KMT-2016-BLG-2031,SAO11M0803.004077,17:27:42.57,-29:37:50.48,7508.09603,13.75,0.98,18.22,17.03,17.03,1,2.08,
KMT-2016-BLG-2032,BLG11M0806.014892,17:27:44.44,-29:15:16.81,7521.42854,67.47,0.087,22.53,19.06,19.06,1,1.68,
KMT-2016-BLG-2033,SAO11T0205.013630,17:26:34.76,-30:28:53.80,7547.19421,13.96,0.25,19.74,20.0,21.26,2,2.86,
KMT-2016-BLG-2034,SAO11T0702.001674,17:23:43.39,-30:49:51.20,7678.4287,46.95,0.249,18.01,18.0,18.0,2,3.06,
KMT-2016-BLG-2035,SAO12N0501.013187,17:29:33.45,-28:52:11.64,7547.97255,82.57,0.007,20.39,20.0,20.69,2,2.4,
KMT-2016-BLG-2036,SAO12N0705.005695,17:28:48.93,-28:20:18.89,7583.0206,1.85,0.835,18.48,18.44,18.44,2,2.09,
KMT-2016-BLG-2037,BLG12T0105.002091,17:27:11.97,-28:19:05.95,7600.37067,62.4,0.995,18.0,17.13,17.13,2,1.94,OB161506
KMT-2016-BLG-2038,SAO13K0407.000011,17:32:40.46,-33:27:35.46,7453.12359,58.62,0.894,14.44,14.59,14.59,2,7.13,
KMT-2016-BLG-2039,BLG13N0405.009789,17:37:50.27,-34:53:39.44,7646.48794,39.9,1.0,18.71,18.76,18.76,4,2.55,OB161546
KMT-2016-BLG-2040,SAO14K0605.008161,17:33:42.94,-28:15:46.44,7690.35266,70.7,0.352,20.7,18.75,18.75,2,2.64,
KMT-2016-BLG-2041,BLG14M0307.012728,17:40:08.56,-28:04:50.77,7534.20252,47.2,0.528,20.16,19.85,19.85,2,3.49,
KMT-2016-BLG-2042,BLG14M0502.012608,17:38:54.60,-28:38:52.15,7622.34883,20.87,0.938,20.42,20.0,20.1,2,3.99,
KMT-2016-BLG-2043,BLG14M0506.006986,17:38:41.11,-28:05:00.10,7672.40347,24.09,0.886,18.15,18.16,18.16,2,2.9,
KMT-2016-BLG-2044,BLG14M0604.002695,17:38:27.49,-28:24:29.63,7607.1199,68.95,0.999,17.93,17.59,17.59,2,3.08,OB161324
KMT-2016-BLG-2045,BLG14M0705.009856,17:37:53.09,-28:15:58.72,7489.25058,46.48,0.199,21.97,20.0,20.12,2,4.25,
KMT-2016-BLG-2046,BLG14M0804.006053,17:37:01.45,-28:26:15.00,7457.48458,52.21,0.857,19.48,19.31,19.31,2,3.98,OB160272
KMT-2016-BLG-2047,BLG14T0107.010984,17:36:38.38,-29:10:49.44,7646.80997,21.23,0.837,19.14,19.17,19.17,2,3.14,
KMT-2016-BLG-2048,SAO14T0603.006712,17:33:13.38,-29:42:21.53,7438.82037,22.66,0.822,18.61,18.61,18.61,2,2.73,OB160175
KMT-2016-BLG-2049,BLG14T0707.011972,17:33:11.54,-29:07:56.64,7618.45653,84.67,0.586,19.54,19.59,19.59,2,3.01,OB161413
KMT-2016-BLG-2050,BLG14T0807.010668,17:32:26.41,-29:10:56.24,7441.55559,16.31,0.699,19.92,20.0,20.68,2,2.82,
KMT-2016-BLG-2051,BLG15M0602.002275,17:38:20.40,-26:34:40.22,7633.6897,59.57,0.838,18.44,17.65,17.65,2,2.85,
KMT-2016-BLG-2052,SAO15N0102.006548,17:41:19.50,-27:40:19.67,7651.66153,199.23,0.135,20.49,18.39,18.39,2,3.42,
KMT-2016-BLG-2053,BLG15N0207.004576,17:40:30.95,-27:03:23.94,7645.30693,29.98,0.88,18.29,18.28,18.28,2,3.02,
KMT-2016-BLG-2054,BLG15T0104.012256,17:36:14.33,-27:27:11.81,7463.20793,77.42,0.814,19.62,18.93,18.93,1,2.81,OB160148
KMT-2016-BLG-2055,BLG15T0201.006372,17:35:41.25,-27:46:17.80,7479.47432,46.81,1.0,19.11,19.12,19.12,2,3.25,OB160444
KMT-2016-BLG-2056,BLG16M0106.002216,17:41:09.53,-23:52:09.88,7438.59907,17.28,0.619,17.17,17.16,17.16,2,1.73,OB160019
KMT-2016-BLG-2057,BLG17K0302.002883,17:42:55.07,-33:01:01.27,7467.73337,17.11,0.014,17.77,17.7,17.7,2,3.2,
KMT-2016-BLG-2058,SAO17K0502.001434,17:41:42.89,-32:58:15.06,7469.89559,31.19,1.0,18.67,17.66,17.66,2,3.63,
KMT-2016-BLG-2059,SAO17N0304.047216,17:48:13.28,-33:50:47.00,7494.42339,28.04,0.7,20.38,20.0,20.9,1,2.65,
KMT-2016-BLG-2060,BLG17N0605.029527,17:46:21.07,-33:43:22.30,7648.59842,123.95,0.002,23.78,19.49,19.49,1,1.8,
KMT-2016-BLG-2061,BLG17N0606.007965,17:46:34.98,-33:38:11.40,7444.58691,66.91,0.795,19.0,18.23,18.23,1,3.22,
KMT-2016-BLG-2062,BLG17N0804.067725,17:45:10.65,-33:53:15.90,7469.58583,27.93,0.677,19.99,20.0,20.41,1,1.8,
KMT-2016-BLG-2063,BLG17T0408.007229,17:42:33.10,-33:18:10.40,7454.87047,40.02,0.573,19.63,19.26,19.26,2,3.51,
KMT-2016-BLG-2064,BLG17T0505.023909,17:41:51.51,-33:45:25.49,7671.65173,9.07,0.922,20.0,20.0,20.05,3,2.4,
KMT-2016-BLG-2065,SAO17T0608.011851,17:40:53.75,-33:19:21.32,7535.1014,26.21,0.595,19.86,19.79,19.79,2,3.04,
KMT-2016-BLG-2066,BLG17T0807.007239,17:40:02.02,-33:29:36.35,7646.90298,49.77,0.705,18.79,18.84,18.84,2,2.9,OB161720
KMT-2016-BLG-2067,BLG18K0302.008774,17:44:15.45,-26:31:13.73,7581.20359,48.72,0.783,19.47,19.2,19.2,2,3.18,OB161258
KMT-2016-BLG-2068,BLG18K0403.011947,17:43:51.17,-26:25:20.68,7684.12399,58.14,0.084,22.18,20.0,25.0,3,3.28,
KMT-2016-BLG-2069,BLG18K0504.001271,17:43:34.83,-26:16:15.82,7561.73837,115.54,0.222,17.27,17.17,17.17,2,2.78,
KMT-2016-BLG-2070,SAO18K0504.003483,17:43:36.91,-26:13:41.63,7572.56344,12.7,0.998,18.84,17.63,17.63,2,2.84,
KMT-2016-BLG-2071,BLG18K0603.003835,17:42:36.34,-26:24:53.39,7485.17183,18.38,0.883,19.08,17.75,17.75,2,2.9,
KMT-2016-BLG-2072,BLG18K0704.000725,17:42:25.86,-26:16:44.65,7466.92661,39.24,0.997,16.63,16.56,16.56,2,3.13,OB160036
KMT-2016-BLG-2073,BLG18T0206.013504,17:44:50.96,-27:08:51.94,7538.96792,53.13,0.284,21.51,20.0,20.0,2,4.11,
KMT-2016-BLG-2074,BLG19K0305.009625,17:44:37.88,-24:01:30.00,7666.35701,20.68,0.998,19.2,18.31,18.31,1,1.76,
KMT-2016-BLG-2075,BLG19M0405.016329,17:48:39.89,-24:01:27.66,7612.37609,119.59,0.47,19.92,20.0,20.36,2,2.09,OB161549
KMT-2016-BLG-2076,BLG19M0502.007069,17:48:04.53,-24:23:53.34,7677.42242,50.74,0.563,19.02,18.6,18.6,2,2.54,
KMT-2016-BLG-2077,BLG19M0507.010443,17:48:10.59,-23:47:30.01,7615.63088,40.32,0.567,20.85,19.07,19.07,2,2.16,
KMT-2016-BLG-2078,BLG19N0107.005943,17:50:13.48,-24:54:01.44,7539.18015,87.61,0.469,19.82,19.8,19.8,2,4.4,
KMT-2016-BLG-2079,BLG19N0702.006795,17:47:06.15,-25:31:33.42,7669.17993,87.47,0.412,20.06,20.0,20.73,2,3.7,
KMT-2016-BLG-2080,SAO19T0806.034091,17:41:33.90,-25:05:08.48,7483.43898,49.33,0.231,21.4,19.88,19.88,1,2.52,
KMT-2016-BLG-2081,SAO20K0305.010956,17:44:20.16,-21:52:45.05,7549.70192,6.67,0.67,18.69,18.7,18.7,4,1.23,
KMT-2016-BLG-2082,BLG21M0607.009320,17:55:53.24,-34:29:40.49,7510.99708,59.89,0.166,21.28,18.12,18.12,1,0.76,
KMT-2016-BLG-2083,SSO21T0307.036563,17:52:35.61,-35:36:07.81,7656.90932,22.81,0.1,19.64,19.66,19.66,1,1.0,
KMT-2016-BLG-2084,BLG22M0108.007864,17:58:46.61,-32:18:30.89,7476.87049,50.1,0.69,19.1,18.25,18.25,1,1.3,OB160382 OB160434
KMT-2016-BLG-2085,BLG22M0507.035494,17:56:38.12,-32:23:26.20,7612.64425,23.92,0.948,19.51,19.54,19.54,1,1.63,
KMT-2016-BLG-2086,BLG22M0605.077611,17:56:05.85,-32:38:20.11,7554.26937,11.21,0.684,20.03,20.0,20.79,1,1.49,
KMT-2016-BLG-2087,BLG22N0307.019354,17:58:08.08,-33:29:40.20,7582.7727,59.55,0.233,21.08,19.03,19.03,1,1.16,
KMT-2016-BLG-2088,SAO22T0103.000510,17:54:06.08,-34:02:09.82,7482.68541,81.25,0.929,17.29,15.01,15.01,1,1.16,
KMT-2016-BLG-2089,BLG22T0704.003971,17:50:10.65,-33:51:31.46,7673.02448,58.39,0.96,19.46,18.42,18.42,2,2.97,
KMT-2016-BLG-2090,BLG31M0406.018163,18:16:09.65,-25:08:12.08,7678.82969,50.09,0.294,20.54,19.03,19.03,1,1.18,
KMT-2016-BLG-2091,BLG32K0404.030952,18:09:09.05,-27:25:36.98,7666.8184,48.08,0.691,19.15,18.84,18.84,1,0.95,OB161847
KMT-2016-BLG-2092,BLG32M0405.011575,18:13:40.62,-27:17:36.20,7639.19657,22.67,0.898,18.19,18.01,18.01,1,0.56,OB161698
KMT-2016-BLG-2093,BLG34M0307.001472,18:07:21.10,-31:15:41.51,7422.35533,59.3,0.068,18.49,15.84,15.84,1,0.6,OB160322 MB16028
KMT-2016-BLG-2094,BLG34T0506.012584,18:01:06.02,-32:29:42.40,7600.44505,53.54,0.248,20.1,18.64,18.64,1,0.99,
KMT-2016-BLG-2095,BLG35M0708.001953,18:05:10.13,-24:48:17.06,7457.25489,199.79,0.09,18.3,17.7,17.7,4,4.12,
KMT-2016-BLG-2096,BLG35N0702.030599,18:05:09.80,-26:42:45.29,7675.04949,70.78,0.074,21.42,19.26,19.26,1,1.44,
KMT-2016-BLG-2097,BLG37N0304.007846,17:47:54.06,-36:02:47.00,7601.32727,27.99,0.967,18.06,18.17,18.17,1,1.05,
KMT-2016-BLG-2098,BLG37N0701.012618,17:45:38.38,-36:21:56.99,7553.48349,177.27,0.409,19.34,19.12,19.12,1,1.43,OB160569
KMT-2016-BLG-2099,SAO37T0105.000637,17:43:55.00,-35:54:46.84,7566.05191,90.54,0.845,16.73,16.2,16.2,2,1.76,OB160519
KMT-2016-BLG-2100,BLG38K0102.011716,17:54:27.32,-22:21:46.58,7613.86035,30.43,0.929,19.32,19.36,19.36,4,2.32,
KMT-2016-BLG-2101,SAO41K0102.066877,17:53:37.13,-30:57:25.42,7571.03868,42.66,0.514,19.98,20.0,20.05,1,1.82,
KMT-2016-BLG-2102,SAO41K0201.053258,17:53:18.98,-31:05:43.12,7508.02134,8.75,0.865,20.0,20.0,20.14,1,2.19,
KMT-2016-BLG-2103,BLG41K0303.083260,17:52:16.43,-30:50:40.49,7452.70333,37.71,0.271,20.56,20.0,20.46,1,2.1,
KMT-2016-BLG-2104,SAO41K0401.026825,17:51:44.99,-31:05:39.98,7588.85514,83.92,0.006,18.52,19.34,19.34,1,2.28,
KMT-2016-BLG-2105,BLG41K0406.017691,17:52:11.82,-30:30:47.41,7437.20159,37.07,0.346,20.12,18.9,18.9,1,2.32,OB160228
KMT-2016-BLG-2106,SAO41K0703.037060,17:50:22.38,-30:50:38.90,7574.86944,15.92,0.741,20.04,20.0,20.11,1,2.74,
KMT-2016-BLG-2107,BLG41K0806.021577,17:49:49.42,-30:28:27.91,7480.38069,17.87,0.788,19.39,19.49,19.49,1,3.21,
KMT-2016-BLG-2108,BLG41M0304.027602,17:57:15.93,-30:44:30.52,7537.97746,15.34,0.996,19.45,19.05,19.05,1,1.43,
KMT-2016-BLG-2109,BLG41M0701.073269,17:54:53.16,-31:05:38.40,7429.04927,53.14,0.085,20.86,20.0,20.08,1,1.36,
KMT-2016-BLG-2110,SAO41M0702.045781,17:55:08.33,-31:04:14.70,7594.14899,9.19,0.014,19.52,19.23,19.23,1,1.35,
KMT-2016-BLG-2111,BLG41N0104.065113,17:58:37.13,-31:48:53.89,7597.2474,5.88,0.925,19.92,20.0,20.69,1,1.78,
KMT-2016-BLG-2112,SAO41N0502.070305,17:56:36.66,-32:05:07.80,7519.80441,12.69,0.376,20.09,20.0,20.34,1,1.48,
KMT-2016-BLG-2113,BLG41N0806.004841,17:54:16.37,-31:38:08.70,7613.14322,199.85,1.0,18.62,16.8,16.8,1,1.5,OB161545
KMT-2016-BLG-2114,BLG41N0807.014557,17:54:26.47,-31:29:26.81,7487.18901,22.15,0.269,21.68,18.47,18.47,1,1.52,
KMT-2016-BLG-2115,BLG41T0101.072724,17:53:29.16,-32:14:54.10,7488.08492,157.11,0.082,22.48,20.0,20.59,1,1.81,
KMT-2016-BLG-2116,BLG41T0208.022946,17:52:59.18,-31:21:46.30,7495.95079,21.88,0.903,19.75,19.22,19.22,1,2.19,
KMT-2016-BLG-2117,BLG41T0407.016015,17:52:11.93,-31:29:20.69,7438.62054,60.75,0.228,21.4,19.5,19.5,1,2.64,
KMT-2016-BLG-2118,BLG41T0407.039500,17:51:59.17,-31:30:23.11,7431.91858,34.73,0.19,20.83,20.0,20.52,1,2.69,
KMT-2016-BLG-2119,SAO41T0506.018147,17:51:24.57,-31:35:29.11,7667.05471,40.89,0.272,21.85,20.0,20.18,1,3.4,
KMT-2016-BLG-2120,BLG41T0601.011606,17:50:46.27,-32:12:07.85,7459.14497,26.28,0.103,23.32,20.0,20.47,2,3.33,
KMT-2016-BLG-2121,BLG42K0308.003605,17:52:26.45,-28:12:24.55,7446.74462,38.14,0.876,18.97,18.11,18.11,2,4.4,
KMT-2016-BLG-2122,BLG42M0105.012147,17:58:21.91,-28:32:33.79,7604.58063,4.74,0.904,19.44,17.91,17.91,1,1.62,
KMT-2016-BLG-2123,BLG42M0205.026668,17:57:46.43,-28:33:07.99,7439.44897,25.6,0.041,20.54,18.91,18.91,1,1.98,OB160124 MB16044
KMT-2016-BLG-2124,BLG42M0403.046921,17:56:52.29,-28:43:13.40,7659.71252,22.48,0.999,30.5,19.43,19.43,1,1.87,
KMT-2016-BLG-2125,BLG42M0503.049548,17:56:18.63,-28:45:40.10,7607.32904,4.03,0.919,19.31,19.33,19.33,1,2.04,
KMT-2016-BLG-2126,BLG42M0806.005334,17:54:36.07,-28:21:20.12,7435.38713,199.86,0.003,23.09,17.73,17.73,2,2.93,OB160002
KMT-2016-BLG-2127,SAO42N0203.035163,17:58:10.60,-29:53:37.28,7481.32457,3.47,0.976,18.79,18.98,18.98,1,1.26,
KMT-2016-BLG-2128,SAO42N0208.060068,17:57:51.11,-29:17:34.12,7537.54998,38.91,0.304,21.31,19.47,19.47,1,1.61,
KMT-2016-BLG-2129,SAO42N0403.023705,17:56:49.19,-29:54:37.19,7578.03807,118.39,0.051,22.88,18.94,18.94,1,1.82,
KMT-2016-BLG-2130,SSO42N0501.086349,17:56:26.15,-30:06:47.92,7540.81848,199.11,0.046,22.24,20.0,20.35,1,1.37,
KMT-2016-BLG-2131,SAO42N0508.007135,17:56:20.80,-29:17:50.32,7577.628,14.03,0.904,18.0,17.0,17.0,1,2.02,OB161193
KMT-2016-BLG-2132,SAO42N0602.055302,17:55:46.97,-30:04:13.80,7544.6143,25.74,0.105,23.25,19.5,19.5,1,1.65,
KMT-2016-BLG-2133,SAO42N0606.053355,17:55:44.00,-29:30:25.31,7536.87281,9.63,0.796,19.13,19.23,19.23,1,1.71,OB160912
KMT-2016-BLG-2134,SAO42N0702.062784,17:54:59.36,-30:04:33.38,7537.55567,3.74,0.822,20.1,19.36,19.36,1,1.37,
KMT-2016-BLG-2135,SAO42N0705.067950,17:55:21.63,-29:38:17.70,7539.0554,139.91,0.01,24.42,19.32,19.32,1,1.53,
KMT-2016-BLG-2136,BLG42N0706.038532,17:54:59.74,-29:31:55.09,7674.80137,32.64,0.263,19.44,18.73,18.73,1,1.43,
KMT-2016-BLG-2137,SAO42T0102.062280,17:53:36.41,-30:00:32.80,7465.93123,124.33,0.029,22.88,19.38,19.38,1,1.52,OB160430
KMT-2016-BLG-2138,SAO42T0107.025468,17:53:37.49,-29:21:47.99,7583.07885,12.73,0.085,22.96,18.66,18.66,1,2.1,
KMT-2016-BLG-2139,BLG42T0202.106507,17:53:20.96,-30:00:58.00,7445.7924,18.67,0.484,20.25,20.0,20.45,1,1.54,
KMT-2016-BLG-2140,SAO42T0207.002103,17:53:02.73,-29:25:08.11,7525.99955,17.88,1.0,17.77,15.79,15.79,1,2.4,
KMT-2016-BLG-2141,SAO42T0305.049090,17:52:32.13,-29:36:49.72,7565.97283,22.29,0.227,20.23,19.34,19.34,1,2.2,
KMT-2016-BLG-2142,BLG42T0307.049134,17:52:26.88,-29:23:04.42,7612.06087,6.43,0.01,22.11,19.77,19.77,1,2.63,
KMT-2016-BLG-2143,BLG42T0804.012261,17:49:35.44,-29:42:30.53,7568.13772,36.42,0.912,19.41,19.48,19.48,2,3.85,OB161259
KMT-2016-BLG-2144,SAO43K0106.026381,18:01:07.17,-27:20:21.52,7583.93388,4.24,0.846,19.01,19.04,19.04,1,1.47,
KMT-2016-BLG-2145,BLG43K0207.018477,18:00:51.28,-27:09:06.52,7450.34283,35.25,0.381,20.31,18.72,18.72,1,2.0,OB160242
KMT-2016-BLG-2146,SAO43K0305.038886,18:00:01.70,-27:26:11.40,7573.46539,50.42,0.389,19.71,19.25,19.25,1,1.93,
KMT-2016-BLG-2147,BLG43K0305.085110,18:00:17.39,-27:27:56.30,7444.91544,61.83,0.15,20.4,20.0,20.66,1,1.73,OB160198
KMT-2016-BLG-2148,SAO43K0307.010014,18:00:13.34,-27:10:52.61,7563.84558,34.7,0.972,19.11,17.9,17.9,1,2.19,
KMT-2016-BLG-2149,SAO43K0406.012873,17:59:45.37,-27:15:27.61,7556.04072,3.88,0.802,19.66,18.23,18.23,1,1.9,
KMT-2016-BLG-2150,BLG43K0408.055775,17:59:36.84,-27:06:18.50,7642.26139,0.98,0.833,22.11,20.0,20.17,1,2.14,OB160024
KMT-2016-BLG-2151,BLG43K0507.020850,17:59:13.52,-27:13:17.69,7673.76517,15.88,0.93,19.09,19.01,19.01,1,2.02,
KMT-2016-BLG-2152,BLG43K0507.047185,17:59:04.15,-27:12:57.60,7543.44803,30.29,0.585,20.63,19.92,19.92,1,2.31,
KMT-2016-BLG-2153,BLG43K0707.019419,17:57:54.12,-27:13:27.98,7441.85466,33.7,0.089,22.14,20.0,21.27,2,3.16,
KMT-2016-BLG-2154,SAO43K0802.014499,17:57:35.14,-27:49:24.28,7492.50471,5.24,0.999,19.94,20.0,25.0,3,3.15,
KMT-2016-BLG-2155,BLG43M0104.027421,18:06:14.81,-27:34:04.30,7610.89116,197.63,0.058,23.13,18.61,18.61,1,0.9,
KMT-2016-BLG-2156,BLG43M0408.040034,18:04:19.74,-27:01:51.60,7442.23403,3.06,0.589,19.43,19.11,19.11,1,1.22,
KMT-2016-BLG-2157,BLG43M0507.035707,18:03:52.58,-27:08:52.69,7609.35011,29.08,0.014,24.23,19.07,19.07,1,1.33,
KMT-2016-BLG-2158,BLG43M0801.002478,18:02:06.86,-27:56:26.20,7666.89037,47.86,0.997,15.93,15.67,15.67,1,1.28,OB161482 MB16458
KMT-2016-BLG-2159,BLG43M0801.070114,18:02:21.93,-27:58:12.61,7596.71099,34.34,0.283,20.88,19.75,19.75,1,1.32,
KMT-2016-BLG-2160,SAO43M0802.003777,18:02:14.49,-27:52:16.72,7528.94412,17.52,0.94,16.61,16.19,16.19,1,1.33,OB160817 MB16237
KMT-2016-BLG-2161,SAO43N0403.065229,18:04:25.95,-28:51:23.00,7542.78836,20.92,0.023,23.25,19.49,19.49,1,0.73,
KMT-2016-BLG-2162,BLG43N0404.019791,18:04:41.42,-28:43:28.99,7461.89104,19.78,0.91,19.3,18.27,18.27,1,0.88,OB160494
KMT-2016-BLG-2163,SAO43N0701.064304,18:02:49.36,-29:06:36.00,7518.993,48.7,0.308,20.26,19.55,19.55,1,0.98,OB160776
KMT-2016-BLG-2164,SAO14K0103.022702,17:36:33.02,-28:31:21.97,7545.71663,6.82,0.175,20.15,20.0,20.57,2,3.32,
KMT-2016-BLG-2165,BLG14K0108.051707,17:36:15.11,-27:50:41.42,7609.17706,34.08,0.012,21.68,20.0,21.59,2,3.54,
KMT-2016-BLG-2166,BLG14K0202.050278,17:35:51.45,-28:40:18.77,7599.24313,16.7,0.364,20.68,20.0,20.99,2,2.96,
KMT-2016-BLG-2167,BLG14K0202.098845,17:35:58.79,-28:37:43.57,7474.8802,41.86,0.167,21.05,20.0,21.95,2,2.97,
KMT-2016-BLG-2168,SAO14K0302.001068,17:35:30.07,-28:36:12.10,7569.19853,1.98,0.905,17.74,16.64,16.64,2,2.88,
KMT-2016-BLG-2169,BLG14K0306.058025,17:35:13.10,-28:09:32.65,7566.56333,3.58,0.146,20.35,20.0,21.56,2,3.34,
KMT-2016-BLG-2170,BLG14K0403.023203,17:34:39.34,-28:32:15.86,7484.86617,22.47,0.39,20.25,20.0,20.82,2,3.29,OB160634
KMT-2016-BLG-2171,BLG14K0405.022764,17:34:45.62,-28:17:44.48,7616.74467,17.86,0.603,20.09,20.0,20.37,2,3.04,
KMT-2016-BLG-2172,BLG14K0506.020293,17:34:02.93,-28:12:00.97,7620.51874,11.82,0.685,19.99,20.0,20.05,2,2.54,
KMT-2016-BLG-2173,BLG14K0507.035520,17:34:02.46,-28:01:20.35,7571.47582,35.32,0.712,19.96,20.0,20.54,2,2.63,
KMT-2016-BLG-2174,SAO14K0507.047520,17:34:02.94,-27:58:27.16,7520.05643,14.6,0.268,21.34,20.0,20.82,2,2.74,
KMT-2016-BLG-2175,BLG14K0508.016579,17:34:05.45,-27:55:48.76,7495.98509,52.22,0.323,20.15,20.0,20.09,2,2.77,
KMT-2016-BLG-2176,BLG14K0704.034508,17:33:01.41,-28:24:59.33,7555.82022,2.66,0.197,20.69,20.0,20.49,2,2.61,
KMT-2016-BLG-2177,BLG14K0805.032922,17:32:21.52,-28:15:29.81,7605.54377,9.94,0.226,19.89,20.0,20.45,2,2.63,
KMT-2016-BLG-2178,SAO14K0808.057042,17:32:27.43,-27:55:06.31,7523.57488,88.9,0.052,23.1,20.0,21.3,2,2.58,
KMT-2016-BLG-2179,BLG14M0102.011553,17:41:15.69,-28:40:46.99,7596.54749,19.85,0.398,20.57,20.0,20.61,2,5.18,
KMT-2016-BLG-2180,BLG14M0103.048656,17:41:10.59,-28:31:25.90,7486.35376,18.95,0.064,22.08,20.0,22.11,2,4.65,
KMT-2016-BLG-2181,BLG14M0106.049920,17:41:07.62,-28:06:21.20,7491.46802,9.4,0.007,21.11,20.0,21.72,2,3.68,
KMT-2016-BLG-2182,BLG14M0207.030985,17:40:30.41,-27:58:50.27,7599.40522,7.32,0.669,19.91,20.0,21.05,2,3.76,
KMT-2016-BLG-2183,BLG14M0302.048002,17:40:15.35,-28:37:23.66,7557.95975,168.18,0.019,23.46,20.0,22.15,2,4.49,
KMT-2016-BLG-2184,BLG14M0303.015497,17:40:03.51,-28:33:46.51,7605.00547,20.58,0.017,22.64,20.0,20.61,2,4.55,
KMT-2016-BLG-2185,BLG14M0404.014027,17:39:43.89,-28:21:01.08,7524.46937,8.96,0.681,19.59,19.65,19.65,2,3.43,
KMT-2016-BLG-2186,BLG14M0502.017798,17:39:02.86,-28:38:44.27,7448.99721,71.42,0.065,22.73,20.0,20.49,2,4.15,
KMT-2016-BLG-2187,BLG14M0601.031364,17:38:18.35,-28:44:45.92,7554.86953,11.73,0.052,20.79,20.0,21.05,2,3.73,OB161135
KMT-2016-BLG-2188,BLG14M0601.060866,17:38:33.96,-28:48:50.69,7621.13361,37.97,0.046,23.26,20.0,21.83,2,3.9,
KMT-2016-BLG-2189,BLG14M0603.039591,17:38:33.27,-28:29:44.74,7560.05496,12.24,0.302,20.78,20.0,21.25,2,3.55,
KMT-2016-BLG-2190,BLG14M0603.045922,17:38:14.37,-28:32:22.88,7593.75673,12.9,0.74,19.93,20.0,21.41,2,3.59,
KMT-2016-BLG-2191,SAO14M0607.074650,17:38:21.44,-27:57:45.76,7569.66248,22.33,0.148,20.73,20.0,21.43,2,2.87,
KMT-2016-BLG-2192,BLG14M0701.056073,17:37:58.99,-28:44:28.00,7612.72879,5.41,0.065,21.72,20.0,21.68,2,3.63,
KMT-2016-BLG-2193,BLG14M0703.017025,17:37:42.11,-28:31:10.70,7640.93328,26.76,0.368,19.93,20.0,20.1,2,3.38,OB161717
KMT-2016-BLG-2194,BLG14M0703.079219,17:37:34.97,-28:28:48.83,7450.73666,24.03,0.089,21.17,20.0,22.17,2,3.63,
KMT-2016-BLG-2195,BLG14M0707.060008,17:37:57.52,-28:02:03.52,7608.42237,15.91,0.294,21.07,20.0,21.63,2,3.25,
KMT-2016-BLG-2196,SAO14M0805.030289,17:37:17.88,-28:13:21.00,7626.1252,102.55,0.039,22.27,20.0,21.52,2,3.88,
KMT-2016-BLG-2197,BLG14N0204.009230,17:40:28.91,-29:32:45.92,7478.62842,17.78,0.097,21.78,20.0,21.83,2,6.86,
KMT-2016-BLG-2198,BLG14N0501.012886,17:39:13.39,-29:53:37.75,7633.74422,40.85,0.062,20.41,20.0,20.98,2,5.67,
KMT-2016-BLG-2199,BLG14N0603.083782,17:38:39.97,-29:38:29.00,7632.5031,32.0,0.061,21.46,20.0,25.0,3,4.7,OB161718
KMT-2016-BLG-2200,SAO14N0706.069959,17:38:01.87,-29:17:51.47,7521.83711,23.32,0.101,21.68,20.0,22.28,2,4.35,
KMT-2016-BLG-2201,SAO14N0707.099930,17:38:03.11,-29:05:08.20,7512.84155,37.23,0.047,23.1,20.0,22.62,2,3.4,
KMT-2016-BLG-2202,BLG14N0802.034485,17:37:31.03,-29:44:14.53,7588.70485,17.35,0.046,20.73,20.0,21.4,2,4.05,
KMT-2016-BLG-2203,SAO14N0807.032083,17:37:31.10,-29:09:10.76,7501.08946,9.27,0.282,20.52,20.0,20.88,2,3.35,
KMT-2016-BLG-2204,SAO14N0807.098453,17:37:20.47,-29:07:03.72,7516.85747,46.51,0.237,21.49,20.0,23.09,2,3.32,
KMT-2016-BLG-2205,BLG14N0808.066970,17:37:21.65,-28:58:07.82,7625.09316,4.44,0.076,21.17,20.0,21.56,2,3.38,
KMT-2016-BLG-2206,BLG14T0103.041909,17:36:37.88,-29:36:06.37,7489.79334,99.97,0.005,23.68,20.0,21.36,3,3.54,
KMT-2016-BLG-2207,BLG14T0103.074985,17:36:29.40,-29:38:27.02,7552.00128,36.12,0.029,22.91,20.0,22.09,2,3.81,
KMT-2016-BLG-2208,BLG14T0107.099408,17:36:32.90,-29:05:28.57,7585.73065,10.97,0.043,21.3,20.0,22.39,2,2.95,
KMT-2016-BLG-2209,BLG14T0108.036169,17:36:09.52,-28:58:35.08,7633.53002,38.63,0.079,21.73,20.0,20.7,2,3.52,OB161716
KMT-2016-BLG-2210,BLG14T0301.010731,17:35:03.96,-29:52:39.22,7658.66693,9.4,0.492,19.58,19.17,19.17,2,2.71,
KMT-2016-BLG-2211,SAO14T0301.064050,17:35:12.72,-29:55:12.61,7566.52459,52.17,0.03,22.17,20.0,21.44,2,2.71,
KMT-2016-BLG-2212,BLG14T0303.006025,17:35:03.33,-29:40:48.76,7665.52617,16.24,0.057,20.96,18.32,18.32,2,2.89,
KMT-2016-BLG-2213,BLG14T0305.081299,17:35:19.66,-29:22:54.16,7441.891,36.56,0.032,21.38,20.0,22.17,2,3.44,
KMT-2016-BLG-2214,BLG14T0401.062097,17:34:31.58,-29:57:01.40,7589.94049,57.14,0.409,20.0,20.0,21.12,2,2.77,
KMT-2016-BLG-2215,BLG14T0405.020256,17:34:48.00,-29:26:20.80,7437.43677,43.87,0.273,20.6,20.0,20.21,2,3.07,OB160232
KMT-2016-BLG-2216,BLG14T0408.099767,17:34:45.23,-29:04:20.60,7453.84116,26.31,0.198,21.54,20.0,25.0,3,3.41,
KMT-2016-BLG-2217,BLG14T0501.083442,17:34:09.46,-29:51:33.59,7454.79973,31.84,0.042,20.39,20.0,21.99,2,2.68,OB160328
KMT-2016-BLG-2218,BLG14T0503.040272,17:33:53.41,-29:38:14.14,7499.14699,29.16,0.061,21.57,20.0,20.67,2,3.01,OB160762
KMT-2016-BLG-2219,BLG14T0504.083215,17:33:52.90,-29:31:30.97,7603.07466,28.01,0.008,22.54,20.0,21.48,2,2.64,
KMT-2016-BLG-2220,BLG14T0506.030345,17:34:01.28,-29:19:05.95,7628.37932,26.03,0.293,20.99,20.0,20.65,2,2.92,
KMT-2016-BLG-2221,SSO14T0506.066212,17:34:15.21,-29:16:18.73,7608.29814,23.87,0.021,21.12,20.0,21.5,2,3.1,
KMT-2016-BLG-2222,BLG14T0603.005673,17:33:47.04,-29:36:42.16,7672.14683,9.15,0.495,18.41,18.41,18.41,2,3.1,OB161907
KMT-2016-BLG-2223,SAO14T0702.027750,17:32:56.22,-29:48:16.27,7584.67364,8.19,0.181,20.27,20.0,20.41,2,2.64,
KMT-2016-BLG-2224,SAO14T0702.035753,17:33:03.53,-29:43:29.28,7540.62695,18.76,0.07,21.72,20.0,20.65,2,2.72,
KMT-2016-BLG-2225,BLG14T0704.076713,17:33:09.45,-29:31:54.70,7575.47218,20.55,0.031,21.96,20.0,22.37,2,3.55,
KMT-2016-BLG-2226,BLG14T0802.029906,17:32:15.72,-29:46:42.82,7592.20213,7.54,0.11,20.11,20.0,20.86,2,2.95,OB161434
KMT-2016-BLG-2227,BLG14T0802.070418,17:32:18.01,-29:46:06.71,7551.52624,32.95,0.201,22.33,20.0,21.91,2,2.95,
KMT-2016-BLG-2228,BLG14K0405.022472,17:34:28.67,-28:18:28.37,7637.75458,31.7,0.277,21.34,20.0,20.36,2,3.0,
KMT-2016-BLG-2229,SAO14K0408.087571,17:34:42.24,-27:51:26.46,7491.83881,35.19,0.192,22.19,20.0,22.11,2,2.79,
KMT-2016-BLG-2230,BLG14K0702.006626,17:32:39.86,-28:40:20.75,7453.01863,199.99,0.125,21.04,19.71,19.71,2,3.65,
KMT-2016-BLG-2231,BLG14K0703.004262,17:33:08.41,-28:30:08.28,7601.25042,66.32,0.944,19.08,18.29,18.29,2,3.06,
KMT-2016-BLG-2232,BLG14M0605.040592,17:38:09.02,-28:14:53.34,7658.16104,13.54,0.896,19.99,20.0,21.48,2,3.75,
KMT-2016-BLG-2233,BLG14M0705.028002,17:37:58.28,-28:13:29.24,7651.79024,55.87,0.282,21.48,20.0,21.51,2,3.76,
KMT-2016-BLG-2234,SAO14N0207.011461,17:40:35.46,-29:08:26.41,7667.81159,36.35,0.527,20.26,20.0,22.14,2,6.86,
KMT-2016-BLG-2235,BLG14N0407.020678,17:39:20.93,-29:06:07.99,7546.6,51.86,0.53,19.94,20.0,21.57,2,4.78,
KMT-2016-BLG-2236,BLG14N0804.081502,17:37:21.40,-29:33:29.45,7602.51616,12.31,0.92,19.96,20.0,22.14,2,3.65,
KMT-2016-BLG-2237,SAO14T0203.070080,17:35:47.36,-29:42:25.27,7662.20925,199.88,0.086,20.32,20.0,21.44,2,3.09,
KMT-2016-BLG-2238,BLG14T0506.080834,17:33:49.35,-29:19:37.96,7604.99116,32.08,0.185,20.95,20.0,21.88,2,2.77,
KMT-2016-BLG-2239,BLG14T0602.056249,17:33:29.42,-29:42:41.22,7487.43464,70.7,0.447,19.96,20.0,21.12,2,2.84,
KMT-2016-BLG-2240,SAO14T0606.076404,17:33:17.78,-29:16:01.45,7476.9034,41.3,0.721,19.92,20.0,21.67,2,2.78,
KMT-2016-BLG-2241,SAO11K0205.101486,17:26:35.82,-29:16:43.43,7581.73404,9.14,0.135,20.01,20.0,25.0,3,2.03,
KMT-2016-BLG-2242,BLG11K0501.046520,17:24:48.17,-29:50:43.01,7657.27152,14.11,0.382,20.03,20.0,20.41,2,1.75,
KMT-2016-BLG-2243,SAO11K0801.021433,17:23:15.45,-29:50:39.84,7611.04806,47.1,0.018,21.47,20.0,20.09,2,1.83,
KMT-2016-BLG-2244,BLG11M0305.022437,17:30:59.35,-29:21:52.34,7597.1219,28.21,0.282,20.78,20.0,20.67,2,2.76,
KMT-2016-BLG-2245,BLG11M0402.048761,17:29:58.97,-29:43:01.52,7624.87919,11.93,0.308,19.91,20.0,20.35,2,1.94,
KMT-2016-BLG-2246,BLG11M0503.034988,17:29:52.62,-29:36:37.98,7547.23738,32.72,0.261,20.93,20.0,20.22,2,2.21,
KMT-2016-BLG-2247,BLG11M0807.075547,17:27:42.98,-29:05:39.37,7612.40173,9.53,0.484,20.08,20.0,21.39,2,1.77,
KMT-2016-BLG-2248,SAO11N0101.010961,17:32:03.51,-30:58:42.38,7557.96524,21.08,0.118,20.07,20.0,20.35,2,3.82,OB161175
KMT-2016-BLG-2249,SAO11N0407.040506,17:30:02.91,-30:14:56.72,7557.52415,1.43,0.096,19.81,20.0,20.48,2,2.3,
KMT-2016-BLG-2250,BLG11T0108.038557,17:27:17.22,-30:03:41.47,7586.36335,118.48,0.054,22.48,20.0,20.59,2,2.26,OB161436
KMT-2016-BLG-2251,SAO11T0602.015724,17:24:01.43,-30:51:23.29,7535.64254,58.96,0.17,21.44,20.0,21.22,3,3.3,
KMT-2016-BLG-2252,BLG12N0202.064158,17:31:12.37,-28:39:10.55,7546.84672,42.03,0.259,20.57,20.0,21.33,2,2.39,OB161131
KMT-2016-BLG-2253,BLG12N0305.039012,17:30:40.20,-28:20:20.83,7637.21121,41.78,0.181,20.58,20.0,20.57,2,2.36,OB161708
KMT-2016-BLG-2254,BLG12N0603.035274,17:29:02.87,-28:36:00.18,7582.76611,40.63,0.302,20.04,20.0,20.17,2,1.85,OB161433
KMT-2016-BLG-2255,BLG12T0604.042551,17:24:18.16,-28:28:57.54,7528.5374,17.8,0.056,20.69,20.0,21.09,2,2.16,
KMT-2016-BLG-2256,BLG15K0106.095479,17:36:36.13,-25:59:10.61,7625.77986,10.63,0.833,19.97,20.0,25.0,3,2.98,
KMT-2016-BLG-2257,BLG15K0205.016867,17:35:47.97,-26:06:43.88,7493.97945,14.85,0.081,22.26,20.0,20.91,2,3.33,
KMT-2016-BLG-2258,BLG15K0303.015007,17:35:13.18,-26:27:34.27,7483.79444,11.2,0.181,20.41,20.0,20.45,2,2.71,
KMT-2016-BLG-2259,SAO15K0401.056635,17:34:51.69,-26:40:21.65,7491.41478,4.34,0.454,19.98,20.0,21.11,2,2.38,OB160669
KMT-2016-BLG-2260,BLG15K0402.021634,17:34:59.97,-26:35:55.64,7482.15468,6.9,0.387,20.01,20.0,20.58,2,2.4,OB160598
KMT-2016-BLG-2261,BLG15K0503.032194,17:34:17.30,-26:21:20.95,7599.21258,20.75,0.369,20.51,20.0,21.04,3,2.97,
KMT-2016-BLG-2262,SAO15K0503.063049,17:33:59.04,-26:28:27.73,7580.63465,11.9,0.081,21.36,20.0,21.81,2,2.79,
KMT-2016-BLG-2263,SAO15K0604.049483,17:33:22.01,-26:18:07.70,7572.20879,5.26,0.114,21.03,20.0,21.77,2,3.2,
KMT-2016-BLG-2264,BLG15M0105.059340,17:41:16.38,-26:06:31.64,7499.28683,16.06,0.246,20.2,20.0,21.39,2,2.89,
KMT-2016-BLG-2265,SAO15M0202.032441,17:40:40.54,-26:31:38.82,7661.1087,24.18,0.104,20.25,20.0,20.68,2,2.83,OB161852
KMT-2016-BLG-2266,BLG15M0206.016984,17:40:39.86,-26:03:56.48,7606.35005,75.17,0.017,24.11,20.0,20.19,2,2.78,OB161550
KMT-2016-BLG-2267,BLG15M0208.050311,17:40:26.38,-25:44:02.08,7567.53172,21.21,0.404,20.67,20.0,21.29,2,2.7,
KMT-2016-BLG-2268,BLG15M0302.054767,17:39:54.97,-26:30:30.13,7486.64535,22.64,0.281,20.51,20.0,21.06,2,2.72,
KMT-2016-BLG-2269,BLG15M0401.025456,17:39:43.00,-26:39:15.48,7649.49225,27.93,0.05,21.79,20.0,20.69,2,2.81,
KMT-2016-BLG-2270,SAO15M0502.081525,17:39:07.81,-26:28:31.73,7467.37108,39.32,0.06,21.63,20.0,22.17,2,3.05,
KMT-2016-BLG-2271,BLG15M0503.024271,17:39:05.03,-26:24:33.98,7638.91788,16.14,0.21,20.46,20.0,20.64,2,2.9,
KMT-2016-BLG-2272,BLG15M0505.060303,17:39:05.94,-26:11:35.74,7636.30378,24.59,0.048,20.9,20.0,21.47,2,2.59,
KMT-2016-BLG-2273,SAO15M0505.060444,17:38:44.13,-26:05:32.28,7569.3756,25.26,0.172,21.01,20.0,21.47,2,3.55,
KMT-2016-BLG-2274,BLG15M0506.078335,17:38:52.78,-26:00:23.26,7632.50506,9.4,0.246,21.22,20.0,22.5,2,3.52,
KMT-2016-BLG-2275,BLG15M0602.032276,17:38:26.41,-26:32:11.18,7666.6542,24.34,0.2,20.58,20.0,20.78,2,2.87,
KMT-2016-BLG-2276,SAO15M0604.051627,17:38:23.51,-26:18:44.68,7525.89421,7.57,0.185,21.07,20.0,21.3,2,2.78,
KMT-2016-BLG-2277,BLG15M0606.060521,17:38:33.51,-25:59:04.85,7633.06812,18.23,0.008,23.18,20.0,22.51,3,4.17,
KMT-2016-BLG-2278,BLG15M0607.068098,17:38:30.89,-25:54:25.38,7611.95153,31.01,0.067,23.16,20.0,25.0,3,4.25,
KMT-2016-BLG-2279,BLG15M0706.021465,17:37:48.39,-26:04:11.68,7611.70297,37.51,0.031,22.82,20.0,21.18,2,3.48,
KMT-2016-BLG-2280,BLG15M0802.076274,17:37:15.67,-26:33:52.60,7555.51272,8.4,0.038,21.25,20.0,22.06,2,3.13,
KMT-2016-BLG-2281,BLG15N0105.017699,17:41:18.62,-27:15:03.42,7643.71675,13.22,0.456,20.08,20.0,20.29,2,3.54,
KMT-2016-BLG-2282,SAO15N0201.084221,17:40:53.90,-27:48:57.42,7521.82354,64.27,0.102,22.56,20.0,21.87,2,3.11,
KMT-2016-BLG-2283,BLG15N0203.014856,17:40:23.72,-27:31:38.89,7665.28975,199.99,0.056,21.18,19.83,19.83,2,3.32,
KMT-2016-BLG-2284,SAO15N0203.063093,17:40:34.10,-27:33:02.99,7546.85275,12.55,0.14,20.93,20.0,21.49,2,3.44,
KMT-2016-BLG-2285,SAO15N0207.090315,17:40:46.95,-27:00:00.36,7571.98359,24.91,0.011,22.74,20.0,22.26,3,3.14,
KMT-2016-BLG-2286,SAO15N0302.080565,17:39:53.10,-27:41:57.05,7553.05793,12.42,0.038,20.64,20.0,21.82,2,3.12,
KMT-2016-BLG-2287,BLG15N0401.079832,17:39:25.49,-27:49:44.80,7471.39067,30.51,0.3,20.85,20.0,21.61,2,2.86,
KMT-2016-BLG-2288,SAO15N0404.115658,17:39:23.54,-27:25:57.18,7664.72661,35.24,0.063,21.35,20.0,25.0,3,2.42,
KMT-2016-BLG-2289,BLG15N0405.075617,17:39:22.60,-27:17:57.91,7468.72879,16.98,0.564,20.29,20.0,21.33,2,2.61,
KMT-2016-BLG-2290,SAO15N0407.034117,17:39:39.55,-27:02:32.50,7650.51293,21.28,0.846,19.96,20.0,20.65,2,2.98,
KMT-2016-BLG-2291,BLG15N0501.011939,17:38:49.97,-27:43:44.18,7688.62588,39.61,0.168,19.05,19.06,19.06,2,2.92,OB161862
KMT-2016-BLG-2292,BLG15N0502.099450,17:38:46.22,-27:39:56.02,7446.29692,16.13,0.331,19.97,20.0,22.12,2,2.8,
KMT-2016-BLG-2293,BLG15N0503.076379,17:39:06.92,-27:34:29.89,7511.02708,6.19,0.836,20.0,20.0,21.27,2,2.67,
KMT-2016-BLG-2294,BLG15N0504.071977,17:38:51.10,-27:26:39.19,7668.98685,9.58,0.631,20.04,20.0,20.96,2,2.4,
KMT-2016-BLG-2295,BLG15N0507.022730,17:38:46.07,-26:59:26.74,7623.22721,13.63,0.143,20.49,20.0,20.32,2,2.91,OB161642
KMT-2016-BLG-2296,BLG15N0604.027291,17:38:25.32,-27:22:59.63,7641.69592,10.49,0.764,19.8,20.0,20.23,2,2.71,
KMT-2016-BLG-2297,BLG15N0604.050990,17:38:24.79,-27:27:18.07,7605.76388,75.23,0.032,22.63,20.0,20.86,2,2.45,OB161526
KMT-2016-BLG-2298,BLG15N0702.072616,17:38:02.70,-27:39:05.11,7617.84098,5.01,0.2,20.57,20.0,21.87,3,3.17,
KMT-2016-BLG-2299,BLG15N0706.016999,17:37:53.48,-27:05:31.27,7483.36276,17.22,0.064,21.11,19.87,19.87,2,2.7,OB160590
KMT-2016-BLG-2300,BLG15N0706.043389,17:37:37.85,-27:08:37.32,7470.84757,16.54,0.106,20.93,20.0,20.76,2,2.7,OB160488
KMT-2016-BLG-2301,BLG15N0708.004293,17:37:43.39,-26:51:47.48,7660.90609,25.54,0.19,21.62,18.2,18.2,2,2.78,
KMT-2016-BLG-2302,BLG15N0805.016587,17:37:03.73,-27:17:39.70,7608.98555,42.7,0.212,20.72,20.0,20.06,2,2.86,OB161527
KMT-2016-BLG-2303,BLG15T0102.105576,17:36:23.87,-27:37:33.92,7605.63271,43.81,0.071,22.19,20.0,25.0,3,2.95,
KMT-2016-BLG-2304,SAO15T0403.026260,17:34:59.30,-27:30:23.69,7541.71264,28.31,0.092,20.69,20.0,20.52,2,2.45,OB160957 MB16407
KMT-2016-BLG-2305,SSO15T0503.021820,17:34:19.02,-27:33:38.16,7554.22686,6.28,0.236,20.59,20.0,21.06,2,3.24,OB161130
KMT-2016-BLG-2306,SAO15T0606.093448,17:33:39.65,-27:11:31.85,7544.50358,49.03,0.177,22.4,20.0,22.72,2,2.89,
KMT-2016-BLG-2307,BLG15T0607.011881,17:33:47.23,-27:00:18.43,7662.93312,7.13,0.206,20.24,20.0,20.08,2,3.04,
KMT-2016-BLG-2308,BLG15T0608.112603,17:33:31.56,-26:51:24.19,7607.61596,22.52,0.023,23.13,20.0,25.0,3,2.54,
KMT-2016-BLG-2309,SSO15T0802.004535,17:32:43.43,-27:40:38.89,7499.85912,26.06,0.047,22.28,18.43,18.43,2,2.87,
KMT-2016-BLG-2310,BLG15T0805.035516,17:32:24.66,-27:18:18.43,7598.58531,52.75,0.064,20.6,20.0,20.94,2,2.68,
KMT-2016-BLG-2311,BLG16K0105.055174,17:36:29.59,-24:01:21.50,7449.48421,16.98,0.041,20.76,20.0,21.54,2,2.11,
KMT-2016-BLG-2312,SAO16K0503.031115,17:34:35.94,-24:20:33.65,7523.1846,37.98,0.5,20.18,20.0,21.46,2,3.01,
KMT-2016-BLG-2313,BLG16K0806.002953,17:32:52.20,-23:53:17.70,7640.63941,38.92,0.986,18.55,18.41,18.41,2,-9.99,OB161730
KMT-2016-BLG-2314,SSO16M0204.082612,17:40:32.25,-24:12:03.06,7498.54437,23.94,0.038,20.39,20.0,25.0,3,2.1,
KMT-2016-BLG-2315,BLG16M0502.040784,17:39:05.22,-24:26:01.54,7568.73965,9.98,0.418,19.98,20.0,20.42,2,1.88,OB161254
KMT-2016-BLG-2316,BLG16M0603.048491,17:38:38.32,-24:17:24.22,7504.98708,61.33,0.552,19.97,20.0,20.59,2,1.76,
KMT-2016-BLG-2317,BLG16N0103.052263,17:41:20.11,-25:25:33.10,7559.75772,28.09,0.192,20.96,20.0,21.2,2,2.54,
KMT-2016-BLG-2318,BLG16N0207.040577,17:40:50.22,-24:50:48.05,7524.59332,49.18,0.272,20.91,20.0,20.33,2,2.61,
KMT-2016-BLG-2319,BLG16N0405.022203,17:39:39.88,-25:10:13.22,7621.90509,5.34,0.18,19.95,20.0,20.73,2,2.93,
KMT-2016-BLG-2320,BLG16N0606.055264,17:38:34.44,-25:00:53.89,7512.05294,72.31,0.068,22.98,20.0,21.64,2,2.62,
KMT-2016-BLG-2321,BLG16T0202.023871,17:36:13.90,-25:31:29.57,7624.72497,49.2,0.178,21.34,20.0,21.86,2,3.88,
KMT-2016-BLG-2322,BLG18K0105.015475,17:45:40.17,-26:05:02.47,7666.54154,131.64,0.034,21.87,19.56,19.56,2,2.6,
KMT-2016-BLG-2323,SAO18K0106.044979,17:45:30.99,-25:59:52.55,7594.05041,5.02,0.381,20.15,20.0,20.5,2,2.65,
KMT-2016-BLG-2324,BLG18K0107.026287,17:45:38.05,-25:52:01.49,7496.50523,19.07,0.077,22.47,20.0,20.33,2,2.75,
KMT-2016-BLG-2325,SAO18K0302.053921,17:44:22.08,-26:29:52.04,7530.01713,24.77,0.004,20.81,20.0,21.57,2,3.55,
KMT-2016-BLG-2326,BLG18K0303.079414,17:44:33.58,-26:25:16.28,7556.47212,9.49,0.109,21.43,20.0,21.97,2,3.66,
KMT-2016-BLG-2327,BLG18K0303.082192,17:44:34.92,-26:25:52.07,7638.34688,10.29,0.883,19.98,20.0,22.06,2,3.66,
KMT-2016-BLG-2328,SAO18K0305.085368,17:44:20.19,-26:06:07.06,7568.40696,11.17,0.073,21.23,20.0,22.29,2,3.08,
KMT-2016-BLG-2329,BLG18K0306.055492,17:44:18.79,-26:00:41.76,7588.31485,24.36,0.206,21.17,20.0,21.05,2,2.77,
KMT-2016-BLG-2330,BLG18K0401.069153,17:43:52.43,-26:38:02.11,7453.47835,38.59,0.009,21.25,20.0,21.77,2,3.25,
KMT-2016-BLG-2331,BLG18K0405.070180,17:43:39.02,-26:07:51.31,7446.84267,15.03,0.099,20.74,20.0,21.41,2,2.87,
KMT-2016-BLG-2332,BLG18K0408.019901,17:44:11.55,-25:47:10.25,7629.99984,13.56,0.048,21.69,20.0,20.13,2,2.92,
KMT-2016-BLG-2333,BLG18K0501.097570,17:43:05.71,-26:38:41.96,7469.49378,40.97,0.205,21.14,20.0,22.34,2,3.08,
KMT-2016-BLG-2334,BLG18K0504.091114,17:43:16.07,-26:17:08.92,7619.29585,19.02,0.018,22.19,20.0,22.05,2,2.88,
KMT-2016-BLG-2335,BLG18K0601.026168,17:42:53.52,-26:36:58.68,7618.74269,17.54,0.132,20.93,20.0,20.7,2,3.28,
KMT-2016-BLG-2336,BLG18K0602.064077,17:42:55.06,-26:27:44.68,7637.19477,58.76,0.017,23.69,20.0,21.24,2,3.04,
KMT-2016-BLG-2337,SAO18K0605.027232,17:42:49.37,-26:04:23.05,7581.63044,43.87,0.1,21.69,20.0,20.54,2,2.81,
KMT-2016-BLG-2338,BLG18K0606.091652,17:42:49.44,-26:00:22.21,7648.57818,17.35,0.087,21.54,20.0,21.98,2,2.73,
KMT-2016-BLG-2339,SAO18K0607.024524,17:42:44.25,-25:51:44.82,7498.52599,12.09,0.202,21.22,20.0,20.38,2,2.9,
KMT-2016-BLG-2340,SAO18K0608.036361,17:42:38.65,-25:46:01.74,7466.68737,25.59,0.015,22.05,20.0,20.61,2,2.81,
KMT-2016-BLG-2341,BLG18K0703.020474,17:42:20.56,-26:19:25.03,7601.82826,199.4,0.003,24.8,20.0,20.23,2,3.08,
KMT-2016-BLG-2342,BLG18K0705.023256,17:42:20.16,-26:06:04.93,7622.46893,106.96,0.021,23.28,20.0,20.51,2,2.97,
KMT-2016-BLG-2343,BLG18K0804.019072,17:41:29.17,-26:17:36.74,7441.63534,39.96,0.115,20.02,20.0,20.53,2,3.15,OB160144
KMT-2016-BLG-2344,BLG18K0804.020699,17:41:33.75,-26:15:53.06,7654.59322,25.02,0.904,19.91,20.0,20.61,2,3.13,
KMT-2016-BLG-2345,BLG18K0805.008257,17:41:55.91,-26:04:57.14,7647.03423,9.54,0.088,20.4,19.32,19.32,2,3.04,
KMT-2016-BLG-2346,BLG18K0806.044547,17:41:49.79,-26:03:29.20,7547.93337,15.91,0.3,21.14,20.0,21.15,2,2.99,
KMT-2016-BLG-2347,BLG18K0807.016194,17:41:52.13,-25:53:52.91,7460.29562,82.76,0.211,20.02,20.0,20.02,2,3.19,OB160037 OB160095
KMT-2016-BLG-2348,BLG18K0807.029714,17:41:28.63,-25:56:01.00,7605.2024,12.17,0.187,21.92,20.0,20.62,2,2.79,
KMT-2016-BLG-2349,BLG18K0808.087129,17:41:28.49,-25:49:01.99,7523.0373,25.67,0.013,22.12,20.0,25.0,3,2.55,
KMT-2016-BLG-2350,BLG18M0206.031934,17:49:35.92,-25:59:48.48,7653.94441,18.85,0.038,21.97,20.0,22.67,2,6.21,
KMT-2016-BLG-2351,BLG18M0603.084274,17:47:24.40,-26:20:33.11,7666.62552,179.67,0.014,23.48,20.0,25.0,3,4.34,
KMT-2016-BLG-2352,BLG18M0604.029690,17:47:27.01,-26:18:20.05,7607.0379,30.35,0.379,21.8,20.0,21.94,2,4.67,
KMT-2016-BLG-2353,BLG18M0608.034952,17:47:37.61,-25:45:34.63,7488.59318,20.98,0.083,21.73,20.0,21.74,2,4.11,
KMT-2016-BLG-2354,BLG18M0706.094158,17:47:13.38,-26:01:52.21,7546.08922,24.64,0.005,21.55,20.0,25.0,3,4.22,
KMT-2016-BLG-2355,BLG18M0804.057191,17:46:35.19,-26:12:54.32,7511.02768,9.67,0.497,20.38,20.0,21.73,2,3.56,
KMT-2016-BLG-2356,SAO18N0807.020714,17:46:31.57,-26:58:12.58,7537.78352,12.67,0.553,19.97,20.0,21.18,2,4.73,
KMT-2016-BLG-2357,BLG18T0102.014918,17:45:29.21,-27:35:43.51,7656.89884,52.76,0.235,21.17,20.0,21.97,2,6.04,
KMT-2016-BLG-2358,BLG18T0105.017840,17:45:38.73,-27:12:11.70,7459.85536,43.55,0.012,23.01,20.0,21.21,3,5.33,
KMT-2016-BLG-2359,BLG18T0208.020998,17:45:02.14,-26:53:11.72,7635.60665,58.67,0.261,21.12,20.0,20.41,2,3.44,
KMT-2016-BLG-2360,BLG18T0401.039190,17:44:00.86,-27:41:33.68,7472.83872,9.73,0.391,20.33,20.0,21.93,2,4.56,
KMT-2016-BLG-2361,BLG18T0407.039354,17:44:03.01,-26:57:59.08,7542.95087,29.7,0.783,19.98,20.0,21.29,2,3.29,
KMT-2016-BLG-2362,BLG18T0503.029931,17:43:28.27,-27:31:42.71,7570.4527,8.89,0.279,19.91,20.0,20.61,2,3.19,OB161265
KMT-2016-BLG-2363,BLG18T0506.032945,17:43:25.50,-27:09:37.19,7595.13319,23.71,0.201,21.08,20.0,21.08,3,3.29,
KMT-2016-BLG-2364,SSO18T0603.086372,17:42:51.76,-27:26:08.02,7600.74645,59.0,0.005,22.99,20.0,22.0,2,3.66,
KMT-2016-BLG-2365,BLG18T0604.035213,17:42:32.92,-27:19:04.33,7462.24389,25.04,0.056,21.53,20.0,21.03,2,3.52,
KMT-2016-BLG-2366,SAO18T0702.019752,17:42:06.64,-27:34:43.18,7500.06363,27.92,0.198,21.72,20.0,20.24,2,3.23,
KMT-2016-BLG-2367,SSO18T0706.035442,17:42:03.21,-27:04:08.80,7634.49664,8.76,0.028,21.2,20.0,21.42,2,3.92,
KMT-2016-BLG-2368,SAO18T0707.056951,17:42:22.98,-26:56:54.10,7651.71699,5.64,0.109,21.28,20.0,22.53,2,3.88,
KMT-2016-BLG-2369,SAO18T0803.023492,17:41:35.91,-27:27:03.17,7569.65404,16.09,0.074,21.08,20.0,20.3,2,3.32,
KMT-2016-BLG-2370,BLG18T0804.056014,17:41:36.55,-27:18:33.62,7460.90186,12.03,0.179,21.14,20.0,21.75,2,3.68,
KMT-2016-BLG-2371,SAO18T0804.059177,17:41:27.34,-27:20:50.06,7578.49716,14.08,0.584,19.97,20.0,21.82,2,3.87,
KMT-2016-BLG-2372,SAO18T0805.045567,17:41:26.43,-27:17:21.12,7536.69399,17.68,0.293,21.02,20.0,21.35,2,3.55,
KMT-2016-BLG-2373,BLG19M0101.032741,17:50:21.24,-24:34:12.54,7604.89618,4.91,0.683,20.01,20.0,21.75,2,3.91,
KMT-2016-BLG-2374,BLG19M0308.074922,17:49:04.26,-23:37:11.93,7447.84177,61.82,0.047,22.05,20.0,21.68,2,1.85,
KMT-2016-BLG-2375,SAO19M0601.027306,17:47:19.17,-24:32:40.13,7516.98551,15.79,0.303,20.0,20.0,20.55,2,2.51,
KMT-2016-BLG-2376,BLG19M0601.027778,17:47:31.27,-24:30:01.30,7630.36709,197.22,0.008,24.51,20.0,20.57,2,2.55,
KMT-2016-BLG-2377,BLG19M0605.013544,17:47:28.89,-24:01:26.51,7625.79742,8.7,0.938,19.62,19.59,19.59,3,2.6,
KMT-2016-BLG-2378,BLG19M0608.050954,17:47:34.08,-23:38:41.96,7441.90144,17.74,0.098,19.95,20.0,20.55,2,1.89,
KMT-2016-BLG-2379,BLG19M0702.033945,17:46:48.60,-24:22:48.68,7462.32498,17.12,0.708,20.01,20.0,20.52,2,2.48,
KMT-2016-BLG-2380,BLG19M0802.020575,17:46:25.02,-24:25:57.90,7496.475,16.59,0.023,20.37,20.0,20.25,2,2.76,OB160692
KMT-2016-BLG-2381,BLG19M0805.069516,17:46:32.10,-23:58:56.93,7624.62706,11.41,0.076,21.17,20.0,21.22,2,2.16,
KMT-2016-BLG-2382,BLG19N0605.023785,17:47:32.06,-25:07:56.10,7597.76718,5.02,0.686,20.0,20.0,21.3,2,4.05,
KMT-2016-BLG-2383,SAO19N0605.064455,17:47:45.64,-25:10:22.48,7606.63879,17.05,0.093,22.64,20.0,22.39,2,4.27,
KMT-2016-BLG-2384,BLG19N0607.026137,17:47:41.69,-24:54:43.63,7549.6786,11.75,0.216,20.76,20.0,21.48,2,4.1,
KMT-2016-BLG-2385,BLG19N0704.037392,17:46:56.31,-25:16:51.49,7474.5762,53.37,0.037,22.87,20.0,21.43,2,3.65,
KMT-2016-BLG-2386,BLG19N0708.053216,17:46:48.03,-24:43:26.87,7652.58622,30.22,0.19,22.29,20.0,21.69,2,2.98,
KMT-2016-BLG-2387,BLG19N0803.032776,17:46:20.78,-25:25:52.07,7665.46372,17.98,0.435,19.96,20.0,20.96,2,3.16,
KMT-2016-BLG-2388,BLG19T0101.046580,17:45:50.33,-25:39:34.49,7624.74886,3.69,0.471,19.98,20.0,20.94,3,2.62,
KMT-2016-BLG-2389,BLG19T0102.102785,17:45:34.91,-25:34:15.56,7514.97232,26.58,0.163,21.36,20.0,25.0,3,2.67,
KMT-2016-BLG-2390,BLG19T0106.016455,17:45:52.76,-25:01:42.28,7465.53553,16.57,0.257,19.98,20.0,20.22,2,3.06,OB160498
KMT-2016-BLG-2391,SAO19T0202.069351,17:45:04.55,-25:34:05.59,7460.19337,4.99,0.182,20.64,20.0,21.65,2,3.02,
KMT-2016-BLG-2392,BLG19T0205.040802,17:44:48.97,-25:11:46.32,7660.68342,46.15,0.394,20.14,20.0,20.66,2,2.5,
KMT-2016-BLG-2393,BLG19T0208.030711,17:45:05.65,-24:43:54.30,7621.60303,11.71,0.291,20.98,20.0,20.61,2,2.61,
KMT-2016-BLG-2394,BLG19T0302.064640,17:44:43.73,-25:34:05.23,7570.70849,21.0,0.048,21.35,20.0,21.53,2,2.97,
KMT-2016-BLG-2395,BLG19T0403.043130,17:43:53.27,-25:23:21.05,7527.6869,20.88,0.139,20.9,20.0,21.2,2,3.41,
KMT-2016-BLG-2396,BLG19T0703.039384,17:42:17.73,-25:27:44.17,7567.65447,16.47,0.056,21.62,20.0,20.82,2,2.64,
KMT-2016-BLG-2397,BLG20T0204.076190,17:44:51.01,-23:12:04.97,7549.87272,67.9,0.032,22.02,20.0,22.14,2,1.42,
KMT-2016-BLG-2398,BLG20T0206.040334,17:45:00.56,-22:57:20.92,7559.55458,53.84,0.012,22.24,20.0,20.43,2,1.7,
KMT-2016-BLG-2399,BLG20T0706.042488,17:42:13.00,-22:56:15.14,7633.71256,18.41,0.166,20.84,20.0,20.55,2,1.76,
KMT-2016-BLG-2400,BLG11M0205.005318,17:31:12.74,-29:21:04.14,7673.79944,49.74,0.112,19.29,18.66,18.66,2,3.29,
KMT-2016-BLG-2401,BLG11M0306.056172,17:30:38.86,-29:10:37.81,7592.03525,26.73,0.52,20.32,20.0,21.46,2,2.62,
KMT-2016-BLG-2402,BLG11M0307.075226,17:30:53.49,-29:03:37.76,7597.25932,24.52,0.202,21.11,20.0,21.94,2,2.75,
KMT-2016-BLG-2403,BLG11T0505.016493,17:24:57.43,-30:26:47.98,7582.11923,21.67,0.568,19.93,20.0,20.55,2,2.96,
KMT-2016-BLG-2404,BLG15K0301.020720,17:35:03.76,-26:39:00.47,7609.73617,21.5,0.542,20.44,20.0,20.06,2,2.26,
KMT-2016-BLG-2405,BLG15M0302.084495,17:39:57.06,-26:33:26.39,7614.68134,68.11,0.146,22.01,20.0,21.74,3,2.67,
KMT-2016-BLG-2406,SAO15M0705.049425,17:37:40.47,-26:12:31.25,7540.56478,9.92,0.399,20.99,20.0,21.57,2,3.06,
KMT-2016-BLG-2407,BLG15N0207.023075,17:40:39.55,-27:00:46.37,7665.77336,64.57,0.172,20.93,20.0,20.57,2,3.0,
KMT-2016-BLG-2408,BLG15N0301.057035,17:40:08.66,-27:50:09.85,7461.45749,25.14,0.278,20.94,20.0,21.23,2,3.24,
KMT-2016-BLG-2409,SAO15N0307.082435,17:39:53.82,-26:58:19.45,7519.88594,13.38,0.054,22.73,20.0,22.04,2,3.36,
KMT-2016-BLG-2410,BLG15N0402.090392,17:39:24.80,-27:39:49.79,7622.45025,28.09,0.002,23.99,20.0,21.79,2,2.96,
KMT-2016-BLG-2411,SAO15T0201.085216,17:35:53.19,-27:46:43.68,7578.88381,76.65,0.111,22.55,20.0,22.32,2,3.39,
KMT-2016-BLG-2412,SAO15T0502.101668,17:34:21.06,-27:40:07.25,7624.10815,54.6,0.48,20.4,20.0,25.0,3,2.67,
KMT-2016-BLG-2413,BLG16K0603.048571,17:33:48.27,-24:19:03.40,7616.49011,105.97,0.027,23.33,20.0,21.83,2,2.52,
KMT-2016-BLG-2414,BLG18K0306.083631,17:44:18.90,-26:01:42.24,7609.60723,38.27,0.165,21.75,20.0,21.76,2,2.77,
KMT-2016-BLG-2415,SAO18K0401.038787,17:43:56.90,-26:34:52.25,7576.89214,30.57,0.105,22.74,20.0,21.03,2,3.21,
KMT-2016-BLG-2416,BLG18K0701.037116,17:42:22.92,-26:35:39.62,7471.83502,71.68,0.325,20.19,20.0,21.22,2,3.1,
KMT-2016-BLG-2417,BLG18K0804.012823,17:41:35.09,-26:12:40.32,7643.88991,49.39,0.552,19.98,20.0,20.08,2,3.15,
KMT-2016-BLG-2418,BLG18M0402.038368,17:48:45.06,-26:26:23.06,7677.72478,21.44,0.868,20.07,20.0,22.63,2,5.91,
KMT-2016-BLG-2419,BLG18M0503.014161,17:48:03.29,-26:23:06.97,7688.50198,43.08,0.084,21.09,20.0,20.8,2,4.82,
KMT-2016-BLG-2420,BLG18M0802.018405,17:46:35.83,-26:26:51.04,7644.01463,55.66,0.553,19.98,20.0,20.61,2,4.08,
KMT-2016-BLG-2421,BLG18N0705.043286,17:46:43.20,-27:11:37.75,7446.05659,22.41,0.9,20.0,20.0,25.0,3,5.55,
KMT-2016-BLG-2422,BLG18T0101.003721,17:45:34.73,-27:41:34.62,7622.72451,22.3,0.907,20.2,20.0,21.37,2,7.23,
KMT-2016-BLG-2423,BLG18T0208.057436,17:44:58.71,-26:53:17.45,7657.92819,30.93,0.284,21.18,20.0,21.57,2,3.37,
KMT-2016-BLG-2424,SSO18T0401.067841,17:43:44.32,-27:46:18.52,7443.48293,42.59,0.297,16.98,20.0,25.0,3,4.4,
KMT-2016-BLG-2425,BLG19M0104.002913,17:50:06.05,-24:10:33.71,7679.30293,57.56,0.591,19.23,17.64,17.64,2,2.76,
KMT-2016-BLG-2426,BLG19M0207.040635,17:49:44.62,-23:43:44.54,7459.40314,72.28,0.637,19.94,20.0,20.39,2,2.18,
KMT-2016-BLG-2427,BLG19T0304.059471,17:44:19.78,-25:14:22.45,7554.59319,7.46,0.839,19.99,20.0,21.45,2,2.97,
KMT-2016-BLG-2428,BLG19T0308.027382,17:44:22.03,-24:50:27.89,7673.54684,35.0,0.872,20.18,20.0,20.61,2,2.78,
KMT-2016-BLG-2429,BLG19T0604.034039,17:42:54.49,-25:19:13.08,7554.92837,74.37,0.098,22.75,20.0,20.44,2,2.87,
KMT-2016-BLG-2430,BLG19T0701.055012,17:42:08.18,-25:38:29.72,7640.19192,26.75,0.302,20.94,20.0,20.8,2,2.44,
KMT-2016-BLG-2431,BLG20N0102.023326,17:50:16.63,-23:25:37.96,7449.95265,13.18,0.981,19.97,20.0,20.06,2,2.33,
KMT-2016-BLG-2432,BLG20T0604.006565,17:42:41.12,-23:12:07.67,7597.65038,6.69,0.733,18.71,18.72,18.72,2,1.76,
KMT-2016-BLG-2433,BLG01K0207.069690,17:53:17.19,-30:12:32.72,7602.5645,2.85,0.118,19.85,20.0,20.17,2,1.4,OB161479
KMT-2016-BLG-2434,BLG01K0308.070996,17:53:05.58,-30:10:10.31,7561.73985,19.78,0.313,19.6,19.9,19.9,2,1.53,OB161160
KMT-2016-BLG-2435,BLG01K0501.038846,17:51:18.93,-30:58:55.67,7440.77522,37.64,0.139,21.91,19.8,19.8,2,2.56,
KMT-2016-BLG-2436,BLG01K0601.085253,17:51:02.90,-31:02:39.91,7658.91259,64.76,0.01,24.66,20.0,25.0,3,2.71,
KMT-2016-BLG-2437,BLG01K0707.065110,17:50:17.89,-30:14:08.27,7483.07787,123.75,0.02,23.92,20.0,22.25,2,3.29,
KMT-2016-BLG-2438,SAO01M0303.076489,17:57:56.10,-30:42:40.03,7565.11331,7.76,0.565,20.06,20.0,20.98,2,1.68,
KMT-2016-BLG-2439,BLG01T0608.007856,17:50:59.41,-31:16:41.92,7440.84526,14.68,0.129,19.07,18.82,18.82,2,3.03,OB160135 MB16045
KMT-2016-BLG-2440,SAO01T0808.036735,17:49:41.22,-31:16:14.92,7441.25913,59.55,0.234,21.65,20.0,25.0,3,5.06,
KMT-2016-BLG-2441,SAO02K0105.093598,17:54:12.28,-28:23:17.34,7563.18129,21.13,0.076,20.62,20.0,25.0,3,2.54,OB161119
KMT-2016-BLG-2442,BLG02K0205.094580,17:53:23.53,-28:23:56.22,7602.96443,7.43,0.128,21.15,20.0,25.0,3,2.61,OB161492
KMT-2016-BLG-2443,SAO02K0303.047118,17:53:03.34,-28:38:28.61,7487.66907,12.15,0.583,20.17,20.0,20.86,2,3.02,
KMT-2016-BLG-2444,BLG02K0407.031044,17:52:25.02,-28:07:55.92,7483.05147,116.96,0.005,24.61,20.0,21.05,2,4.27,
KMT-2016-BLG-2445,BLG02K0502.077427,17:51:26.90,-28:45:35.96,7628.39569,44.1,0.021,23.03,20.0,25.0,3,4.36,
KMT-2016-BLG-2446,BLG02K0507.014328,17:51:58.31,-28:07:23.48,7608.67908,1.44,0.647,20.0,20.0,20.26,2,4.65,
KMT-2016-BLG-2447,BLG02K0702.013275,17:50:39.58,-28:43:35.11,7638.44862,5.21,0.315,19.99,20.0,20.75,2,5.81,OB161750
KMT-2016-BLG-2448,BLG02K0707.031634,17:50:31.77,-28:08:20.47,7629.69759,1.53,0.524,20.05,20.0,23.2,3,8.34,
KMT-2016-BLG-2449,SAO02K0806.018348,17:50:09.71,-28:14:56.15,7537.50465,6.81,0.038,23.32,20.0,22.39,2,8.26,
KMT-2016-BLG-2450,SAO02M0606.032909,17:55:48.48,-28:16:39.32,7509.10146,4.71,0.653,19.97,20.0,20.08,2,2.9,
KMT-2016-BLG-2451,BLG02M0702.094798,17:55:30.40,-28:49:39.83,7478.57545,14.37,0.374,20.24,20.0,25.0,3,2.02,
KMT-2016-BLG-2452,SAO02M0703.032398,17:55:20.34,-28:39:40.32,7532.21674,14.56,0.612,19.7,19.7,19.7,2,2.23,OB160915
KMT-2016-BLG-2453,BLG02M0704.030711,17:55:35.26,-28:30:50.98,7587.47689,17.62,0.2,19.98,19.93,19.93,2,2.27,OB161310
KMT-2016-BLG-2454,BLG02M0704.072602,17:55:30.35,-28:33:38.05,7622.34392,60.66,0.075,21.52,20.0,21.21,2,2.65,OB161614
KMT-2016-BLG-2455,BLG02M0705.018362,17:55:18.76,-28:27:15.95,7479.11924,13.95,0.389,21.18,19.11,19.11,2,2.25,
KMT-2016-BLG-2456,BLG02M0705.058579,17:55:27.44,-28:21:26.50,7603.72634,1.96,0.239,19.79,20.0,20.54,2,2.42,OB161495 OB161591
KMT-2016-BLG-2457,SAO02M0708.036318,17:55:30.50,-28:02:02.40,7509.15287,28.09,0.215,21.5,20.0,20.91,2,2.9,OB160791
KMT-2016-BLG-2458,SAO02M0801.099538,17:54:37.64,-28:55:31.51,7657.10329,46.0,0.016,22.02,20.0,25.0,3,1.9,
KMT-2016-BLG-2459,BLG02M0808.004659,17:54:58.92,-27:59:55.32,7609.48452,5.03,0.122,21.72,18.17,18.17,2,3.47,OB161567
KMT-2016-BLG-2460,BLG02N0306.088446,17:57:34.81,-29:25:05.20,7652.80188,45.45,0.212,21.56,20.0,22.39,2,1.82,
KMT-2016-BLG-2461,SSO02T0406.009243,17:52:04.15,-29:24:06.88,7624.81439,19.52,0.108,15.02,17.48,17.48,2,2.95,
KMT-2016-BLG-2462,SAO02T0508.061574,17:51:36.38,-29:11:58.49,7578.98416,19.65,0.052,21.92,20.0,22.56,2,3.54,
KMT-2016-BLG-2463,SAO03K0201.092773,18:00:55.58,-27:45:52.45,7510.37449,2.63,0.074,21.25,20.0,21.15,2,1.62,
KMT-2016-BLG-2464,SAO03K0208.064793,18:01:14.70,-26:58:08.44,7526.51559,9.05,0.112,21.68,20.0,22.14,3,2.89,
KMT-2016-BLG-2465,BLG03K0702.083793,17:57:55.06,-27:38:29.76,7491.57999,6.85,0.071,22.3,20.0,21.95,2,2.16,
KMT-2016-BLG-2466,BLG03K0802.087573,17:57:24.11,-27:40:56.06,7656.1805,29.99,0.154,22.53,20.0,25.0,3,4.26,
KMT-2016-BLG-2467,BLG13K0102.021034,17:34:42.36,-34:08:49.70,7455.03115,23.56,0.132,21.07,20.0,21.57,2,4.28,
KMT-2016-BLG-2468,BLG13N0304.027857,17:38:31.45,-34:58:45.66,7542.94081,23.36,0.303,20.06,20.0,20.75,2,2.79,OB161044
KMT-2016-BLG-2469,SAO13N0608.055058,17:36:31.60,-34:28:03.83,7491.03751,54.56,0.172,21.81,20.0,21.93,2,3.28,
KMT-2016-BLG-2470,BLG13N0807.048009,17:35:29.39,-34:34:07.28,7506.73841,13.11,0.153,20.13,20.0,21.96,2,3.77,
KMT-2016-BLG-2471,BLG17K0103.033885,17:44:05.82,-32:51:24.91,7461.46291,9.12,0.118,21.29,20.0,21.63,2,3.91,
KMT-2016-BLG-2472,BLG17K0203.033629,17:43:51.43,-32:51:43.60,7436.68852,46.97,0.066,21.05,20.0,21.14,2,3.81,
KMT-2016-BLG-2473,SAO17K0607.024232,17:41:24.88,-32:21:32.40,7490.83753,139.43,0.029,24.09,20.0,21.8,2,4.93,
KMT-2016-BLG-2474,SAO17K0701.018878,17:40:23.38,-33:06:22.50,7578.25553,49.92,0.129,21.51,20.0,20.4,2,3.06,OB161415
KMT-2016-BLG-2475,SAO17K0801.027654,17:39:58.40,-33:11:15.11,7528.29292,53.25,0.415,20.03,20.0,20.88,2,3.36,
KMT-2016-BLG-2476,BLG17K0807.018329,17:40:13.35,-32:22:54.84,7620.59552,27.52,0.2,21.03,20.0,21.75,2,5.45,
KMT-2016-BLG-2477,BLG17M0303.023508,17:48:10.85,-32:55:42.35,7607.86594,17.77,0.102,21.56,20.0,20.44,2,2.73,
KMT-2016-BLG-2478,BLG17M0404.032524,17:47:16.66,-32:42:47.88,7617.83155,6.31,0.063,21.23,20.0,21.37,2,3.52,
KMT-2016-BLG-2479,BLG17M0501.023938,17:46:52.30,-33:06:12.17,7492.58761,12.98,0.048,19.97,20.0,20.37,2,2.52,OB160673
KMT-2016-BLG-2480,BLG17M0602.077991,17:46:08.10,-33:02:51.68,7643.63089,55.27,0.049,22.64,20.0,22.68,2,2.64,
KMT-2016-BLG-2481,BLG17M0603.037575,17:46:02.83,-32:51:08.10,7498.21931,7.94,0.551,20.01,20.0,21.83,2,3.63,
KMT-2016-BLG-2482,SAO17M0703.019882,17:45:52.75,-32:49:22.04,7491.02988,29.94,0.04,22.96,20.0,20.68,2,3.83,
KMT-2016-BLG-2483,SAO17M0803.068097,17:45:14.15,-32:51:33.16,7537.07499,9.88,0.006,21.38,20.0,22.33,2,3.43,
KMT-2016-BLG-2484,SAO17T0207.041251,17:43:29.40,-33:29:06.18,7570.95552,20.29,0.022,20.38,20.0,21.51,2,3.55,
KMT-2016-BLG-2485,SSO17T0405.029818,17:42:31.30,-33:41:10.97,7556.63758,13.99,0.076,19.93,20.0,20.73,2,2.81,OB161138
KMT-2016-BLG-2486,BLG17T0507.079022,17:41:57.83,-33:32:22.27,7557.53529,40.86,0.101,21.89,20.0,21.95,2,3.02,
KMT-2016-BLG-2487,BLG17T0604.100702,17:41:21.22,-33:54:19.30,7497.77936,102.51,0.03,23.72,20.0,25.0,3,2.32,
KMT-2016-BLG-2488,BLG17T0605.022537,17:41:11.06,-33:42:38.45,7643.53382,32.54,0.292,19.98,19.89,19.89,2,2.14,
KMT-2016-BLG-2489,SAO17T0605.033189,17:41:01.05,-33:47:28.82,7566.78538,11.63,0.19,19.94,20.0,20.3,2,2.13,OB161243
KMT-2016-BLG-2490,BLG17T0607.043326,17:41:25.46,-33:28:41.41,7611.34822,30.82,0.106,20.48,20.0,21.12,2,2.84,
KMT-2016-BLG-2491,BLG17T0702.066183,17:40:38.61,-34:06:41.29,7601.64122,27.94,0.177,21.1,20.0,22.05,2,3.09,
KMT-2016-BLG-2492,BLG17T0708.064447,17:40:43.86,-33:21:56.20,7640.15185,100.31,0.003,22.32,20.0,21.89,2,3.27,
KMT-2016-BLG-2493,SSO17T0803.019087,17:40:02.34,-34:00:27.22,7477.43925,19.17,0.016,19.93,20.0,20.37,2,2.74,OB160607
KMT-2016-BLG-2494,BLG22K0706.016080,17:50:27.19,-32:32:24.50,7610.63743,85.47,0.007,24.29,20.0,20.89,2,2.58,
KMT-2016-BLG-2495,SAO22K0805.038786,17:49:56.56,-32:34:13.30,7584.64252,30.17,0.2,21.65,20.0,20.94,2,2.4,
KMT-2016-BLG-2496,BLG22M0703.093211,17:55:17.59,-32:55:50.63,7665.2904,76.25,0.004,20.15,20.0,25.0,3,1.18,OB161752
KMT-2016-BLG-2497,BLG22N0606.054072,17:56:13.32,-33:40:20.06,7642.85182,51.01,0.041,20.39,20.0,20.54,2,1.05,OB161863 MB16543
KMT-2016-BLG-2498,BLG22T0306.072015,17:52:46.62,-33:34:05.88,7626.92446,25.71,0.013,22.78,20.0,25.0,3,1.65,
KMT-2016-BLG-2499,BLG22T0502.053969,17:51:31.47,-34:05:51.76,7566.72094,17.2,0.336,20.66,20.0,20.68,2,1.53,
KMT-2016-BLG-2500,BLG22T0706.066872,17:50:14.64,-33:38:50.06,7597.92833,12.85,0.174,20.92,20.0,21.53,2,1.75,
KMT-2016-BLG-2501,SAO22T0807.005932,17:49:55.24,-33:26:30.84,7445.76905,65.73,0.207,18.54,18.0,18.0,2,1.67,OB160150 MB16019
KMT-2016-BLG-2502,SAO22T0808.034885,17:49:57.21,-33:24:44.03,7541.28515,11.36,0.042,21.95,20.0,20.19,2,1.73,
KMT-2016-BLG-2503,BLG33M0701.036112,18:14:30.67,-29:53:39.44,7660.17346,21.8,0.189,20.63,20.0,20.15,2,0.46,
KMT-2016-BLG-2504,BLG33N0208.059442,18:17:09.32,-30:07:09.26,7586.84448,40.84,0.212,21.53,20.0,25.0,3,0.44,
KMT-2016-BLG-2505,SAO35K0205.069151,18:03:41.26,-25:14:20.33,7536.22795,79.04,0.326,20.73,20.0,25.0,3,3.26,
KMT-2016-BLG-2506,SAO35T0204.075037,18:03:40.39,-26:27:58.90,7526.35661,23.91,0.165,20.33,20.0,22.0,2,2.45,
KMT-2016-BLG-2507,BLG35T0508.014245,18:01:52.77,-25:57:02.16,7502.43816,28.42,0.174,20.21,20.0,21.07,2,4.63,OB160760
KMT-2016-BLG-2508,SAO35T0802.021161,18:00:13.10,-26:45:21.06,7564.21818,28.8,0.198,20.7,20.0,20.39,2,3.41,OB161225
KMT-2016-BLG-2509,BLG37K0404.107111,17:42:04.06,-34:52:38.42,7597.13903,12.45,0.134,19.93,20.0,25.0,3,2.13,OB161455
KMT-2016-BLG-2510,BLG37K0501.033206,17:41:40.68,-35:13:35.51,7455.81812,21.67,0.075,19.99,20.0,20.36,3,2.05,OB160414
KMT-2016-BLG-2511,BLG37K0502.044712,17:41:20.64,-35:09:42.52,7545.09605,22.24,0.279,20.53,20.0,20.52,2,1.89,OB161028
KMT-2016-BLG-2512,SAO37K0703.035762,17:40:30.39,-34:56:00.42,7526.3253,38.52,0.097,21.24,20.0,20.52,2,2.44,OB160955
KMT-2016-BLG-2513,BLG37M0801.068425,17:44:52.22,-35:16:40.51,7517.34936,45.35,0.181,20.8,20.0,21.18,2,1.35,
KMT-2016-BLG-2514,SAO37N0807.061852,17:44:59.15,-35:37:07.21,7516.7424,40.75,0.036,22.1,20.0,21.05,3,1.25,
KMT-2016-BLG-2515,SAO41K0107.059860,17:53:32.35,-30:20:49.74,7533.54413,17.64,0.271,21.07,19.6,19.6,2,1.61,
KMT-2016-BLG-2516,SAO41K0208.089484,17:52:58.80,-30:17:03.16,7533.14097,8.62,0.607,19.93,20.0,25.0,3,1.91,
KMT-2016-BLG-2517,BLG41K0307.036212,17:52:24.64,-30:19:53.00,7528.61861,52.6,0.284,20.41,19.5,19.5,2,2.02,OB160865
KMT-2016-BLG-2518,BLG41K0308.059756,17:52:28.46,-30:16:39.11,7460.53492,199.94,0.017,22.74,20.0,20.13,2,1.78,
KMT-2016-BLG-2519,BLG41K0501.049410,17:51:17.84,-31:05:08.05,7639.78638,14.8,0.091,20.25,20.0,20.57,2,2.54,OB161780 MB16546
KMT-2016-BLG-2520,BLG41K0501.052951,17:51:13.79,-31:09:18.90,7485.1717,11.49,0.148,20.42,20.0,20.69,2,2.51,OB160588
KMT-2016-BLG-2521,BLG41K0508.077037,17:51:20.70,-30:18:06.19,7631.45139,18.22,0.041,22.23,20.0,25.0,3,2.58,
KMT-2016-BLG-2522,BLG41K0602.054125,17:50:41.09,-30:59:17.48,7613.93228,82.59,0.004,24.66,20.0,21.29,2,2.94,
KMT-2016-BLG-2523,BLG41K0707.050815,17:50:26.29,-30:19:52.07,7447.38587,16.69,0.174,21.12,20.0,20.78,3,2.76,OB160215
KMT-2016-BLG-2524,SAO41T0503.064805,17:51:10.81,-32:00:29.99,7564.47409,10.22,0.349,20.92,20.0,21.78,2,2.66,
KMT-2016-BLG-2525,BLG41T0506.029668,17:51:04.62,-31:34:19.24,7632.65678,2.38,0.752,19.97,20.0,21.09,2,3.48,
KMT-2016-BLG-2526,SAO41T0604.059344,17:50:52.54,-31:50:47.80,7573.41262,20.17,0.046,21.76,20.0,22.17,2,3.14,
KMT-2016-BLG-2527,BLG42K0103.084062,17:53:35.81,-28:43:08.87,7652.06441,7.58,0.532,19.89,20.0,21.41,2,2.1,
KMT-2016-BLG-2528,BLG42K0106.030703,17:53:33.24,-28:24:04.79,7645.92569,10.98,0.065,19.85,20.0,20.0,2,2.74,OB161775
KMT-2016-BLG-2529,BLG42K0204.044890,17:53:02.86,-28:41:05.71,7596.18613,68.51,0.014,23.42,20.0,20.61,2,2.82,
KMT-2016-BLG-2530,BLG42K0206.061342,17:53:15.40,-28:21:09.61,7567.6894,27.45,0.51,20.26,20.0,20.89,2,2.66,
KMT-2016-BLG-2531,BLG42K0306.054956,17:52:24.77,-28:26:52.84,7647.23005,199.8,0.003,25.31,20.0,21.17,2,3.04,
KMT-2016-BLG-2532,BLG42K0405.023735,17:52:09.39,-28:29:55.75,7562.38089,27.33,0.177,19.97,20.0,20.32,2,3.74,
KMT-2016-BLG-2533,SAO42K0406.039106,17:52:00.72,-28:23:14.17,7583.76959,48.97,0.225,20.4,20.0,20.73,2,3.46,OB161157
KMT-2016-BLG-2534,BLG42K0502.037957,17:51:37.18,-28:50:49.20,7548.78042,15.82,0.106,21.38,20.0,21.16,2,4.12,OB160989
KMT-2016-BLG-2535,BLG42K0605.029584,17:50:49.06,-28:32:56.90,7561.21959,38.13,0.125,21.94,20.0,21.28,2,5.1,OB161158
KMT-2016-BLG-2536,BLG42M0603.076943,17:55:34.18,-28:49:05.99,7588.42651,12.02,0.099,21.42,20.0,20.47,2,2.05,
KMT-2016-BLG-2537,BLG42M0702.025547,17:54:55.14,-28:50:39.41,7658.19258,4.77,0.953,18.96,19.01,19.01,2,2.03,
KMT-2016-BLG-2538,BLG42M0703.044892,17:54:49.46,-28:45:32.98,7607.27275,108.03,0.261,19.83,19.71,19.71,2,1.91,OB161118 MB16501
KMT-2016-BLG-2539,BLG42M0705.037691,17:55:18.81,-28:28:51.31,7559.09437,46.19,0.22,21.05,20.0,20.1,2,2.3,OB161056
KMT-2016-BLG-2540,BLG42M0804.053164,17:54:44.92,-28:35:36.78,7608.93424,16.18,0.016,24.37,19.98,19.98,2,1.99,
KMT-2016-BLG-2541,BLG42M0807.025794,17:54:41.55,-28:13:04.30,7599.58465,5.06,0.508,20.0,19.99,19.99,2,2.69,
KMT-2016-BLG-2542,BLG43K0702.052237,17:57:57.54,-27:48:11.12,7590.83565,7.18,0.011,20.49,20.0,20.83,2,2.49,OB161375 MB16429
KMT-2016-BLG-2543,BLG01K0106.010080,17:53:50.96,-30:20:27.24,7572.75051,199.22,0.02,23.67,17.56,17.56,2,1.5,
KMT-2016-BLG-2544,BLG01K0106.011730,17:54:09.60,-30:19:37.20,7559.68901,42.37,0.404,20.28,17.8,17.8,2,1.71,OB161141
KMT-2016-BLG-2545,SAO01K0608.077977,17:51:02.82,-30:07:02.89,7506.35839,52.74,0.626,19.87,20.0,25.0,3,2.49,
KMT-2016-BLG-2546,BLG01K0808.018856,17:50:05.20,-30:04:41.66,7602.41612,30.22,0.124,21.27,19.52,19.52,2,3.37,OB161468
KMT-2016-BLG-2547,BLG01M0202.070990,17:58:32.11,-30:55:19.06,7629.27637,7.64,0.514,19.96,20.0,21.13,2,1.68,
KMT-2016-BLG-2548,BLG01M0801.092758,17:54:57.24,-31:02:29.26,7557.47192,190.69,0.773,20.45,20.0,21.75,2,1.24,
KMT-2016-BLG-2549,SAO01M0808.078688,17:54:44.74,-30:09:59.98,7631.45588,9.9,0.621,20.0,20.0,20.06,2,1.35,
KMT-2016-BLG-2550,BLG02K0206.015796,17:53:10.00,-28:15:32.26,7639.54765,4.95,0.897,19.02,19.09,19.09,2,3.09,
KMT-2016-BLG-2551,BLG02K0602.005925,17:50:56.86,-28:43:49.94,7652.52238,28.51,0.104,20.77,18.52,18.52,2,4.55,
KMT-2016-BLG-2552,BLG02M0702.061646,17:55:32.66,-28:45:23.65,7657.83712,89.16,0.064,23.32,20.0,20.13,2,1.97,
KMT-2016-BLG-2553,BLG02M0702.094367,17:55:17.47,-28:49:55.34,7550.73356,22.93,0.306,20.44,20.0,25.0,3,2.03,OB160972
KMT-2016-BLG-2554,SAO02M0704.002507,17:55:34.82,-28:28:38.53,7541.83071,43.3,0.031,23.43,16.71,16.71,2,2.18,
KMT-2016-BLG-2555,SAO02M0801.056918,17:54:47.82,-28:53:39.98,7557.4968,9.4,0.372,20.49,19.8,19.8,2,1.95,
KMT-2016-BLG-2556,SAO03K0107.067030,18:01:41.83,-27:02:50.10,7520.23092,14.35,0.082,22.5,20.0,25.0,3,2.49,
KMT-2016-BLG-2557,BLG03K0303.088976,18:00:22.94,-27:31:48.22,7681.21847,53.94,0.226,21.04,20.0,21.37,2,1.61,
KMT-2016-BLG-2558,BLG03K0606.058392,17:58:38.25,-27:11:15.76,7660.74892,15.28,0.696,20.04,20.0,20.84,2,2.85,
KMT-2016-BLG-2559,BLG03K0608.020666,17:58:31.75,-26:57:13.32,7486.36684,12.43,0.875,19.36,19.44,19.44,2,2.81,
KMT-2016-BLG-2560,SAO03T0501.103658,17:59:11.11,-28:52:54.26,7511.34483,6.39,0.513,20.05,20.0,20.56,2,1.08,
KMT-2016-BLG-2561,BLG13K0205.041545,17:34:04.94,-33:43:44.44,7544.03495,28.74,0.662,19.9,20.0,22.0,2,4.71,
KMT-2016-BLG-2562,BLG13M0806.009365,17:35:13.91,-33:37:44.33,7658.21425,199.79,0.09,21.7,20.0,20.7,2,5.26,
KMT-2016-BLG-2563,BLG33M0402.040397,18:15:42.97,-29:47:20.40,7602.20028,8.47,0.394,20.03,20.0,20.24,2,0.38,
KMT-2016-BLG-2564,BLG33N0306.014360,18:16:34.49,-30:21:50.76,7605.7591,20.09,0.91,19.26,19.28,19.28,2,0.54,
KMT-2016-BLG-2565,BLG35T0302.048273,18:02:48.39,-26:43:13.94,7551.43989,44.42,0.204,20.21,20.0,20.73,2,2.03,OB161081
KMT-2016-BLG-2566,BLG35T0808.006776,18:00:15.76,-25:53:10.93,7653.33134,12.68,0.174,19.21,19.21,19.21,2,3.62,OB161835
KMT-2016-BLG-2567,BLG35T0808.021114,18:00:13.07,-26:00:07.13,7522.44609,41.89,0.815,20.06,20.0,20.94,2,3.95,
KMT-2016-BLG-2568,BLG37K0203.035346,17:43:19.23,-35:02:32.10,7524.56118,51.9,0.209,19.98,20.0,20.31,2,1.82,OB160807
KMT-2016-BLG-2569,BLG37K0504.030493,17:41:27.16,-34:55:44.62,7441.87755,44.95,0.401,20.35,20.0,20.17,2,2.12,
KMT-2016-BLG-2570,SAO37K0708.044556,17:40:37.37,-34:20:52.55,7570.03989,58.36,0.143,21.38,20.0,20.75,2,2.13,
KMT-2016-BLG-2571,BLG37T0707.034140,17:40:32.24,-35:35:20.11,7660.24178,34.16,0.488,20.05,20.0,20.47,2,1.9,
KMT-2016-BLG-2572,BLG41K0207.085159,17:53:00.70,-30:19:32.41,7601.3093,5.13,0.766,20.15,20.0,20.51,2,1.92,
KMT-2016-BLG-2573,SAO41T0604.037806,17:50:41.26,-31:49:25.21,7493.40059,49.81,0.099,23.05,20.0,21.51,2,3.56,
KMT-2016-BLG-2574,SAO42K0102.103673,17:53:52.76,-28:52:27.77,7524.02217,31.33,0.081,23.4,20.0,25.0,3,1.9,
KMT-2016-BLG-2575,BLG42K0204.037673,17:53:00.62,-28:38:29.72,7667.35678,149.3,0.11,20.62,20.0,20.38,2,3.02,
KMT-2016-BLG-2576,SAO42K0208.045154,17:53:09.59,-28:10:46.49,7574.04063,33.04,0.413,21.12,20.0,21.45,2,3.81,
KMT-2016-BLG-2577,BLG42K0303.046787,17:52:27.63,-28:49:00.62,7499.59152,23.79,0.055,22.36,20.0,20.99,2,2.95,
KMT-2016-BLG-2578,SAO42K0303.071298,17:52:33.38,-28:48:28.87,7562.26283,4.77,0.495,20.01,20.0,21.93,2,3.01,
KMT-2016-BLG-2579,SAO42K0406.091331,17:51:58.79,-28:21:59.87,7572.97413,17.06,0.124,21.64,20.0,25.0,3,3.44,
KMT-2016-BLG-2580,BLG42K0506.061787,17:51:14.02,-28:24:07.60,7642.18806,32.12,0.225,22.03,20.0,21.69,2,3.93,
KMT-2016-BLG-2581,BLG42K0506.078050,17:51:12.96,-28:27:36.58,7644.87089,33.54,0.415,21.38,20.0,23.06,2,3.78,
KMT-2016-BLG-2582,SAO42K0607.065166,17:50:50.87,-28:16:54.70,7507.67302,25.16,0.272,22.39,20.0,25.0,3,5.49,
KMT-2016-BLG-2583,SAO42M0702.054554,17:55:14.98,-28:56:26.27,7507.20053,1.96,0.362,19.85,19.86,19.86,2,1.92,
KMT-2016-BLG-2584,BLG42M0706.041029,17:55:15.18,-28:21:03.42,7678.98082,49.23,0.225,23.85,20.0,20.29,2,2.49,
KMT-2016-BLG-2585,BLG42M0804.027561,17:54:42.76,-28:36:59.04,7629.58818,6.2,0.381,19.87,19.2,19.2,2,2.03,
KMT-2016-BLG-2586,SAO42M0805.086923,17:54:41.62,-28:34:00.05,7544.69315,109.77,0.089,22.81,20.0,25.0,3,1.99,
KMT-2016-BLG-2587,BLG42T0405.080278,17:52:09.85,-29:35:36.53,7634.84014,39.56,0.008,23.52,20.0,21.68,2,2.37,
KMT-2016-BLG-2588,BLG43M0704.093906,18:02:57.86,-27:31:53.00,7668.29016,13.69,0.36,20.03,20.0,21.31,2,1.38,
