Event,FieldStarID,RA,Dec,t_0,t_E,u_0,Isource,Ibase,Icat,Ctype,A_I,Related_event
KMT-2024-BLG-0001,BLG01K0402.004681,17:52:03.98,-30:50:03.59,60389.36254,20.04,0.021,20.12,16.85,16.85,1,2.2,OB240249
KMT-2024-BLG-0002,BLG01K0606.011545,17:51:05.80,-30:19:40.12,60382.91624,14.35,0.873,18.15,18.19,18.19,2,2.63,OB240121
KMT-2024-BLG-0003,BLG01M0802.067235,17:54:39.60,-30:53:13.20,60377.62742,15.26,0.097,20.27,19.93,19.93,1,1.76,
KMT-2024-BLG-0004,SAO01N0703.009695,17:55:42.69,-31:52:16.39,60419.40409,200.0,0.015,17.73,17.96,17.96,1,1.16,OB240091
KMT-2024-BLG-0005,BLG01T0303.003831,17:52:37.19,-31:50:13.60,60376.50802,6.59,0.694,16.72,16.75,16.75,1,2.01,OB240167
KMT-2024-BLG-0006,BLG02M0205.033171,17:58:09.28,-28:26:41.64,60393.96423,22.44,0.174,19.1,18.92,18.92,2,1.62,OB240228
KMT-2024-BLG-0007,BLG02M0306.041620,17:57:27.62,-28:17:37.50,60396.26097,38.11,0.189,19.07,19.08,19.08,1,1.81,OB240361
KMT-2024-BLG-0008,BLG02M0602.045172,17:56:00.32,-28:48:21.71,60372.7615,28.75,0.075,20.39,19.25,19.25,1,1.68,
KMT-2024-BLG-0009,BLG02M0602.059288,17:55:58.66,-28:43:39.79,60383.063,13.6,0.279,19.72,19.56,19.56,1,1.92,
KMT-2024-BLG-0010,BLG02M0604.055331,17:55:47.31,-28:28:48.22,60376.28504,9.84,0.154,19.85,20.0,20.43,2,2.11,
KMT-2024-BLG-0011,BLG02N0404.034837,17:57:15.07,-29:36:46.69,60380.51679,25.99,0.139,20.52,18.98,18.98,1,1.61,
KMT-2024-BLG-0012,BLG02N0602.025898,17:56:08.66,-29:57:24.70,60384.40922,9.02,0.833,18.7,18.8,18.8,1,1.7,
KMT-2024-BLG-0013,BLG02T0108.023554,17:53:42.21,-29:09:36.50,60380.51497,14.03,0.291,19.41,18.15,18.15,1,1.75,OB240221
KMT-2024-BLG-0014,BLG02T0402.076283,17:52:02.71,-29:56:13.49,60377.77358,12.56,0.114,20.46,20.0,20.21,1,2.46,
KMT-2024-BLG-0015,SAO02T0405.002013,17:52:30.98,-29:33:52.49,60371.54674,4.13,0.48,16.1,15.91,15.91,1,2.3,
KMT-2024-BLG-0016,BLG02T0507.005118,17:51:40.22,-29:18:41.80,60381.17152,34.08,0.21,19.92,17.25,17.25,1,2.88,OB240124
KMT-2024-BLG-0017,BLG02T0803.030511,17:49:45.01,-29:43:17.40,60376.01619,17.55,0.01,22.29,20.0,20.1,1,3.48,
KMT-2024-BLG-0018,SAO03K0806.000963,17:57:48.57,-27:14:02.72,60385.24535,26.41,0.407,16.68,16.66,16.66,2,3.13,
KMT-2024-BLG-0019,SAO03M0508.071158,18:03:58.72,-26:56:52.19,60381.44859,199.79,0.013,22.1,20.0,20.16,1,1.47,OB240100
KMT-2024-BLG-0020,BLG03N0102.027388,18:06:29.53,-28:50:17.81,60374.42391,12.08,0.028,18.96,18.74,18.74,1,0.83,
KMT-2024-BLG-0021,BLG03N0404.055257,18:04:40.39,-28:30:51.98,60382.88498,22.58,0.435,19.98,19.27,19.27,1,0.85,
KMT-2024-BLG-0022,BLG03N0805.046883,18:02:24.99,-28:29:28.50,60373.04442,24.5,0.333,19.08,18.95,18.95,1,1.1,OB240104
KMT-2024-BLG-0023,BLG03T0103.024609,18:01:48.91,-28:44:26.59,60381.65538,12.85,0.43,18.63,18.44,18.44,1,1.12,OB240233
KMT-2024-BLG-0024,SSO03T0108.008299,18:01:47.00,-28:03:02.99,60376.16231,25.76,0.139,17.22,17.31,17.31,1,1.26,OB240106
KMT-2024-BLG-0025,SSO03T0405.009387,17:59:46.66,-28:24:02.30,60374.66399,25.98,0.209,18.68,17.36,17.36,1,1.39,OB240079
KMT-2024-BLG-0026,SSO03T0505.008538,17:59:16.21,-28:25:49.01,60378.04916,75.97,0.002,22.71,17.1,17.1,1,1.34,
KMT-2024-BLG-0027,SSO04K0606.000954,18:00:36.95,-29:20:59.32,60457.1244,63.54,0.158,15.0,14.98,14.98,1,1.41,OB240082
KMT-2024-BLG-0028,SSO04M0705.022844,18:04:32.81,-29:22:44.40,60380.38773,22.95,0.297,19.16,18.63,18.63,1,1.03,OB240134
KMT-2024-BLG-0029,SSO04N0806.027894,18:04:30.32,-30:23:56.90,60384.82991,19.35,0.028,18.88,19.05,19.05,1,1.17,OB240133
KMT-2024-BLG-0030,SAO04T0103.001868,18:03:43.25,-30:49:12.90,60370.27772,1.77,0.513,16.31,16.16,16.16,1,1.44,
KMT-2024-BLG-0031,BLG04T0402.051483,18:01:42.55,-30:53:52.40,60381.43643,7.0,0.282,19.91,19.96,19.96,1,1.4,
KMT-2024-BLG-0032,BLG04T0706.043390,17:59:53.90,-30:27:56.92,60373.16204,15.66,0.069,20.92,19.39,19.39,1,1.38,
KMT-2024-BLG-0033,BLG04T0707.024159,17:59:58.19,-30:19:51.89,60387.64744,19.24,0.052,18.85,18.82,18.82,1,1.36,OB240127 OB240128
KMT-2024-BLG-0034,BLG11K0101.001693,17:27:18.44,-29:52:46.92,60385.46162,29.0,0.269,16.58,16.8,16.8,2,2.1,OB240114
KMT-2024-BLG-0035,BLG11K0401.080635,17:25:19.48,-29:47:47.11,60374.56888,16.74,0.109,21.49,20.0,21.74,2,2.26,
KMT-2024-BLG-0036,BLG11K0404.001024,17:25:15.06,-29:30:49.79,60430.02384,33.39,0.097,15.79,15.76,15.76,1,1.82,OB240439
KMT-2024-BLG-0037,SAO11K0602.042374,17:24:06.19,-29:41:17.92,60374.80662,11.01,0.056,20.7,20.0,20.64,2,2.02,
KMT-2024-BLG-0038,BLG11M0503.079423,17:29:44.09,-29:34:56.53,60379.51497,89.52,0.073,20.79,20.0,21.37,2,2.24,OB240041
KMT-2024-BLG-0039,SAO11M0704.048881,17:28:16.29,-29:25:37.60,60378.79018,17.26,0.032,19.92,20.0,20.5,2,2.07,OB240185
KMT-2024-BLG-0040,BLG11N0206.014217,17:31:23.77,-30:16:06.24,60396.65088,37.2,0.282,19.28,19.48,19.48,2,2.51,OB240211
KMT-2024-BLG-0041,BLG11N0307.026622,17:31:01.22,-30:15:06.98,60411.62704,45.2,0.169,20.18,20.0,20.03,2,2.39,OB240275
KMT-2024-BLG-0042,BLG11N0405.001597,17:30:10.36,-30:23:43.62,60384.73201,16.26,0.214,16.81,16.86,16.86,2,2.57,OB240119
KMT-2024-BLG-0043,SSO11N0705.006588,17:28:33.25,-30:26:32.46,60377.88038,29.54,0.309,19.22,19.21,19.21,2,3.21,OB240212
KMT-2024-BLG-0044,BLG11T0406.001793,17:25:31.90,-30:22:30.54,60415.46588,70.17,0.022,17.44,17.38,17.38,2,2.58,OB240046
KMT-2024-BLG-0045,BLG11T0608.027128,17:23:51.05,-30:04:04.30,60391.52262,83.2,0.015,21.45,20.0,20.01,2,1.97,OB240186
KMT-2024-BLG-0046,BLG12N0408.003201,17:30:07.39,-27:56:40.99,60387.70802,30.95,0.14,17.53,17.48,17.48,2,2.24,OB240040
KMT-2024-BLG-0047,BLG12N0802.016241,17:27:59.83,-28:43:09.55,60380.55443,12.27,0.132,21.93,19.65,19.65,2,1.91,
KMT-2024-BLG-0048,SAO12T0504.075090,17:24:59.47,-28:26:19.61,60370.58688,20.47,0.077,21.01,20.0,22.48,2,2.24,
KMT-2024-BLG-0049,BLG12T0703.015556,17:23:56.15,-28:35:46.36,60373.25316,36.49,0.074,20.22,20.0,20.12,2,2.13,OB240045
KMT-2024-BLG-0050,BLG13M0304.003101,17:38:09.62,-33:47:32.14,60380.39228,63.99,0.002,22.76,18.34,18.34,2,3.5,
KMT-2024-BLG-0051,BLG13M0704.024935,17:35:52.77,-33:53:37.03,60381.37668,38.3,0.321,20.0,20.0,21.92,2,5.72,
KMT-2024-BLG-0052,BLG13N0106.002695,17:39:28.86,-34:45:44.03,60383.51423,15.19,0.418,17.84,17.79,17.79,2,2.55,
KMT-2024-BLG-0053,BLG14K0101.030441,17:36:27.42,-28:46:43.46,60368.55647,33.43,0.052,20.19,20.0,20.63,2,3.05,OB240118
KMT-2024-BLG-0054,BLG14K0406.040763,17:34:29.37,-28:05:07.76,60370.36917,10.47,0.121,19.96,20.0,20.78,2,2.66,
KMT-2024-BLG-0055,BLG14K0707.013563,17:33:09.62,-28:05:07.01,60376.44893,6.81,0.083,22.17,19.93,19.93,2,2.65,
KMT-2024-BLG-0056,BLG14K0806.046921,17:32:39.91,-28:11:19.90,60377.53243,95.58,0.004,23.3,20.0,21.25,2,3.03,
KMT-2024-BLG-0057,SAO14M0103.050920,17:41:10.49,-28:32:36.06,60369.94817,8.98,0.091,21.41,20.0,22.18,3,4.65,
KMT-2024-BLG-0058,BLG14M0605.042226,17:38:10.46,-28:18:54.40,60381.31412,76.97,0.036,23.09,20.0,21.52,2,3.49,
KMT-2024-BLG-0059,BLG14N0805.032985,17:37:21.22,-29:25:06.60,60377.56578,44.5,0.014,22.56,20.0,20.93,2,3.48,
KMT-2024-BLG-0060,BLG14N0808.007405,17:37:27.79,-29:03:25.02,60380.19956,114.75,0.028,22.94,18.55,18.55,2,3.42,
KMT-2024-BLG-0061,BLG14T0501.044349,17:33:54.82,-29:51:49.43,60382.58503,13.71,0.214,20.55,20.0,21.08,2,3.01,
KMT-2024-BLG-0062,BLG15K0408.001220,17:34:55.28,-25:49:50.56,60390.79755,27.42,0.18,19.76,19.89,19.89,2,4.72,
KMT-2024-BLG-0063,BLG15K0506.018645,17:34:10.29,-26:05:11.44,60394.04088,25.09,0.213,20.3,20.0,21.46,2,3.32,
KMT-2024-BLG-0064,BLG15K0601.010211,17:33:24.07,-26:43:09.12,60377.17994,9.11,0.637,19.62,19.67,19.67,2,2.4,
KMT-2024-BLG-0065,BLG15M0304.007754,17:40:04.70,-26:17:44.30,60381.89244,40.29,0.069,20.45,18.75,18.75,2,2.45,OB240117
KMT-2024-BLG-0066,BLG15N0101.028311,17:41:12.75,-27:44:44.12,60394.3276,53.96,0.151,20.24,20.0,20.5,2,3.33,OB240276
KMT-2024-BLG-0067,SAO15N0201.006943,17:40:52.43,-27:44:57.95,60386.42409,42.14,0.131,18.53,18.45,18.45,2,3.16,OB240068
KMT-2024-BLG-0068,BLG15N0302.007241,17:39:59.98,-27:37:11.86,60397.33841,27.35,0.75,18.59,18.66,18.66,2,3.1,OB240214
KMT-2024-BLG-0069,BLG15N0307.034483,17:40:03.92,-27:03:02.09,60375.59764,33.17,0.197,20.12,20.0,20.98,2,3.13,
KMT-2024-BLG-0070,BLG15N0508.105589,17:39:09.68,-26:50:59.42,60369.7903,24.6,0.159,20.35,20.0,25.0,3,3.07,
KMT-2024-BLG-0071,BLG15T0206.013146,17:35:44.08,-27:10:04.40,60382.74236,12.95,0.096,20.32,18.8,18.8,1,2.12,OB240259
KMT-2024-BLG-0072,SSO16M0502.035290,17:39:02.33,-24:22:52.00,60381.69876,18.11,0.022,21.73,20.0,20.26,2,1.93,
KMT-2024-BLG-0073,BLG16T0206.008394,17:35:59.29,-24:58:47.17,60388.58164,67.96,0.298,19.87,19.9,19.9,2,2.78,OB240218
KMT-2024-BLG-0074,SAO16T0505.041206,17:34:26.32,-25:12:23.33,60376.96463,21.99,0.048,21.49,20.0,22.08,2,3.61,
KMT-2024-BLG-0075,SAO17K0707.003220,17:40:41.40,-32:22:11.75,60369.80166,17.32,0.059,19.66,19.65,19.65,2,5.88,
KMT-2024-BLG-0076,BLG17M0401.021169,17:47:42.90,-33:03:56.27,60372.67879,10.18,0.125,20.78,20.0,20.27,2,2.61,
KMT-2024-BLG-0077,BLG17N0807.054363,17:45:16.43,-33:27:16.70,60377.90729,29.88,0.227,21.09,20.0,20.25,1,2.11,
KMT-2024-BLG-0078,BLG17T0208.003573,17:43:48.66,-33:18:50.15,60374.52796,4.94,0.317,18.54,18.48,18.48,2,3.23,
KMT-2024-BLG-0079,BLG17T0704.015144,17:40:26.49,-33:49:45.08,60375.75363,21.77,0.422,19.77,19.76,19.76,2,2.86,
KMT-2024-BLG-0080,BLG17T0803.098622,17:39:49.46,-34:00:00.36,60372.59648,1.65,0.072,19.64,20.0,25.0,3,3.04,
KMT-2024-BLG-0081,BLG17T0805.003717,17:40:01.27,-33:44:51.72,60375.38698,10.47,0.002,18.5,18.07,18.07,4,2.87,OB240210
KMT-2024-BLG-0082,BLG18K0105.010180,17:45:24.62,-26:04:55.52,60396.44534,21.02,0.104,18.74,18.91,18.91,2,2.69,OB240217
KMT-2024-BLG-0083,BLG18K0306.011928,17:44:16.05,-25:57:57.06,60386.9642,31.75,0.12,19.42,19.3,19.3,2,2.8,
KMT-2024-BLG-0084,BLG18K0403.073814,17:44:10.47,-26:23:49.20,60378.26893,11.67,0.013,22.84,20.0,21.64,2,3.2,
KMT-2024-BLG-0085,BLG18K0404.001064,17:43:59.93,-26:15:58.54,60376.50396,2.08,0.563,16.67,16.39,16.39,2,2.93,
KMT-2024-BLG-0086,BLG18K0407.000803,17:44:02.89,-25:51:35.89,60376.34388,25.4,0.202,16.28,16.28,16.28,2,2.95,
KMT-2024-BLG-0087,SSO18K0504.063893,17:43:35.63,-26:15:29.27,60371.17149,27.26,0.021,22.43,20.0,21.24,2,2.78,
KMT-2024-BLG-0088,BLG18K0505.037946,17:43:30.10,-26:07:12.58,60379.09603,26.59,0.017,22.19,20.0,20.8,2,3.01,
KMT-2024-BLG-0089,BLG18N0805.000987,17:46:12.74,-27:11:34.48,60394.63137,61.7,0.05,18.2,18.26,18.26,2,5.12,
KMT-2024-BLG-0090,BLG19K0407.003190,17:43:46.80,-23:49:52.72,60405.54309,17.07,0.193,16.97,16.72,16.72,1,1.57,OB240267
KMT-2024-BLG-0091,SAO19K0506.063113,17:43:08.83,-23:55:47.21,60370.03692,47.26,0.034,21.67,20.0,20.32,1,1.71,
KMT-2024-BLG-0092,BLG19K0603.012752,17:42:50.86,-24:14:43.12,60415.06882,74.92,0.232,19.5,18.7,18.7,1,1.93,OB240194
KMT-2024-BLG-0093,BLG19K0802.005757,17:41:47.39,-24:28:46.60,60407.43245,37.89,0.392,18.01,17.69,17.69,1,1.8,OB240193
KMT-2024-BLG-0094,BLG19M0305.079528,17:49:03.22,-23:59:07.08,60382.40797,93.28,0.015,22.71,20.0,21.68,2,2.02,
KMT-2024-BLG-0095,BLG19M0402.078852,17:48:33.94,-24:25:29.24,60377.75047,7.78,0.06,22.19,20.0,22.1,2,2.71,
KMT-2024-BLG-0096,BLG19M0404.001187,17:48:38.64,-24:12:49.10,60392.13685,22.34,0.037,16.23,16.23,16.23,2,2.56,OB240203
KMT-2024-BLG-0097,BLG19M0803.007384,17:46:23.92,-24:15:56.38,60374.65853,14.78,0.028,21.16,18.73,18.73,2,2.3,
KMT-2024-BLG-0098,BLG19T0704.038695,17:42:23.79,-25:14:08.48,60377.07589,34.63,0.323,19.83,20.0,20.59,1,2.75,OB240278
KMT-2024-BLG-0099,BLG20T0503.038642,17:43:25.22,-23:21:00.07,60391.32764,25.12,0.302,19.92,20.0,20.4,2,1.87,OB240268
KMT-2024-BLG-0100,SAO22K0206.008614,17:53:26.11,-32:28:27.41,60373.0335,10.56,0.193,18.41,17.93,17.93,1,1.52,OB240165
KMT-2024-BLG-0101,SSO22K0303.009244,17:52:56.74,-32:51:41.29,60373.61517,23.42,0.15,20.07,18.1,18.1,1,1.53,OB240164
KMT-2024-BLG-0102,BLG22K0304.019785,17:52:46.32,-32:43:30.50,60371.11644,39.0,0.109,21.5,18.86,18.86,1,1.5,
KMT-2024-BLG-0103,SAO22N0407.046868,17:57:35.14,-33:31:50.92,60377.94748,14.9,0.094,20.1,19.72,19.72,1,1.04,
KMT-2024-BLG-0104,SAO22N0505.054066,17:56:51.56,-33:44:42.79,60370.28307,68.49,0.035,22.66,19.91,19.91,1,0.86,
KMT-2024-BLG-0105,BLG22N0608.021205,17:56:15.69,-33:24:57.60,60383.02235,12.28,0.078,18.77,18.85,18.85,1,1.24,OB240230
KMT-2024-BLG-0106,BLG22T0108.027243,17:53:58.62,-33:21:32.51,60384.9987,19.86,0.146,19.88,19.29,19.29,1,1.48,OB240227
KMT-2024-BLG-0107,BLG31N0805.033710,18:13:48.36,-26:16:46.42,60371.30246,36.6,0.1,20.19,19.39,19.39,1,0.96,OB240152
KMT-2024-BLG-0108,SAO32M0203.041923,18:15:01.05,-27:30:32.51,60375.61478,36.87,0.044,19.58,19.43,19.43,1,0.55,OB240154
KMT-2024-BLG-0109,BLG32M0601.003779,18:12:45.75,-27:49:50.92,60392.62342,31.58,0.006,18.94,16.78,16.78,1,0.53,OB240239
KMT-2024-BLG-0110,SSO33K0207.052822,18:12:02.59,-29:08:51.68,60384.37928,66.48,0.076,20.56,19.99,19.99,1,0.54,OB240243
KMT-2024-BLG-0111,SAO33K0603.001293,18:09:50.47,-29:38:20.29,60380.12964,15.82,0.3,15.41,15.43,15.43,1,0.69,OB240145
KMT-2024-BLG-0112,BLG33M0802.005226,18:13:28.61,-29:48:05.11,60382.17949,12.3,0.731,17.7,17.62,17.62,1,0.43,OB240157
KMT-2024-BLG-0113,BLG36T0801.004155,18:11:26.88,-24:40:07.90,60404.25348,52.35,0.066,19.03,18.94,18.94,4,2.94,OB240251
KMT-2024-BLG-0114,BLG37K0402.004190,17:42:00.11,-35:03:56.23,60374.77042,18.23,0.432,17.45,17.43,17.43,2,1.57,
KMT-2024-BLG-0115,BLG37M0502.000203,17:46:34.64,-35:07:09.30,60377.96704,27.88,1.0,14.22,13.72,13.72,1,1.34,OB240031
KMT-2024-BLG-0116,BLG37N0806.005126,17:44:40.43,-35:46:44.80,60376.63441,30.17,0.261,17.78,17.83,17.83,2,1.41,OB240030
KMT-2024-BLG-0117,BLG37T0702.028091,17:40:28.48,-36:16:16.64,60374.54017,57.04,0.145,21.16,20.0,20.64,2,2.18,
KMT-2024-BLG-0118,BLG41K0701.002710,17:50:18.99,-31:05:29.72,60371.66101,6.6,0.275,18.43,18.57,18.57,2,3.91,
KMT-2024-BLG-0119,BLG41M0206.001659,17:58:10.84,-30:32:27.89,60398.48938,14.88,0.731,17.06,16.38,16.38,1,2.16,
KMT-2024-BLG-0120,BLG41M0301.005724,17:57:21.79,-31:07:35.00,60391.03106,68.43,0.032,20.67,17.07,17.07,1,1.21,OB240131
KMT-2024-BLG-0121,SSO41M0504.000613,17:56:21.01,-30:47:26.30,60382.97258,27.06,0.185,14.83,14.51,14.51,1,1.44,OB240087
KMT-2024-BLG-0122,BLG41N0405.013520,17:56:59.95,-31:45:20.59,60381.59053,7.02,0.194,19.81,18.53,18.53,1,1.44,
KMT-2024-BLG-0123,BLG41N0601.021610,17:55:59.28,-32:17:44.99,60379.4717,16.12,0.386,19.18,19.24,19.24,1,1.64,
KMT-2024-BLG-0124,BLG41T0301.004915,17:52:16.68,-32:14:49.99,60386.24158,17.15,0.853,17.4,17.34,17.34,1,1.96,OB240166
KMT-2024-BLG-0125,BLG42K0104.050258,17:53:53.93,-28:37:10.42,60382.67245,30.47,0.276,20.54,20.0,20.55,2,2.55,OB240223
KMT-2024-BLG-0126,BLG42M0805.015397,17:54:32.94,-28:34:16.03,60376.29634,75.32,0.115,18.82,18.66,18.66,2,2.09,
KMT-2024-BLG-0127,SAO42N0208.044297,17:58:00.35,-29:12:19.40,60371.93335,2.45,0.328,19.28,19.1,19.1,1,1.4,
KMT-2024-BLG-0128,BLG42T0101.050313,17:53:38.49,-30:06:40.10,60385.04326,10.74,0.417,19.19,19.38,19.38,1,1.59,
KMT-2024-BLG-0129,SSO42T0307.038002,17:52:39.16,-29:24:53.39,60378.81435,7.41,0.032,20.82,19.46,19.46,1,2.49,
KMT-2024-BLG-0130,BLG42T0601.009955,17:50:53.07,-30:09:59.11,60385.06269,8.85,0.564,17.69,17.72,17.72,1,2.6,OB240281
KMT-2024-BLG-0131,BLG42T0606.054607,17:50:45.40,-29:32:09.49,60380.377,7.99,0.106,21.7,20.0,21.61,3,3.31,
KMT-2024-BLG-0132,SAO43K0103.026792,18:01:15.15,-27:38:00.60,60376.05018,12.47,0.032,19.5,18.67,18.67,1,1.36,
KMT-2024-BLG-0133,BLG43K0305.006569,18:00:11.53,-27:24:35.71,60417.95449,67.52,0.064,16.99,17.06,17.06,1,1.8,MB24039 OB240097
KMT-2024-BLG-0134,SAO43K0406.009543,17:59:23.77,-27:20:02.11,60383.90352,31.45,0.208,19.12,17.76,17.76,1,2.17,
KMT-2024-BLG-0135,SSO43M0601.069195,18:03:15.40,-27:55:48.22,60376.43641,11.16,0.017,21.67,19.8,19.8,1,1.39,
KMT-2024-BLG-0136,BLG43M0807.040159,18:02:03.03,-27:13:16.39,60371.27201,9.4,0.289,19.67,19.95,19.95,1,2.0,
KMT-2024-BLG-0137,BLG43N0508.002743,18:03:52.38,-28:11:02.29,60379.85876,200.0,0.015,18.53,15.72,15.72,1,1.03,OB240105
KMT-2024-BLG-0138,SSO43N0705.071507,18:02:54.35,-28:37:16.28,60378.791,12.1,0.173,19.87,19.61,19.61,1,0.99,
KMT-2024-BLG-0139,SSO43N0807.033860,18:02:07.28,-28:15:47.48,60378.32038,11.19,0.12,19.35,18.67,18.67,1,1.21,
KMT-2024-BLG-0140,SSO43T0401.020332,17:59:23.36,-29:06:01.69,60372.81885,42.44,0.086,18.52,18.04,18.04,1,0.99,OB240084
KMT-2024-BLG-0141,BLG01T0308.048725,17:52:31.83,-31:17:59.10,60384.2891,53.56,0.093,21.5,19.89,19.89,1,2.36,
KMT-2024-BLG-0142,BLG02N0808.013115,17:54:52.24,-29:08:19.90,60399.06565,20.97,0.719,17.78,17.84,17.84,1,2.1,
KMT-2024-BLG-0143,BLG02T0303.003151,17:53:01.07,-29:44:11.18,60386.74889,199.44,0.01,22.61,15.99,15.99,1,1.89,
KMT-2024-BLG-0144,BLG03N0107.039348,18:06:36.60,-28:11:30.19,60402.3217,31.1,0.385,19.05,19.03,19.03,1,1.03,OB240236
KMT-2024-BLG-0145,BLG03N0506.075159,18:04:20.68,-28:21:20.92,60386.82971,10.49,0.028,19.41,19.65,19.65,1,0.93,OB240234
KMT-2024-BLG-0146,BLG04K0203.034973,18:02:43.65,-29:41:14.50,60388.30819,43.54,0.185,20.29,18.95,18.95,1,0.84,
KMT-2024-BLG-0147,BLG16T0202.014326,17:36:05.74,-25:33:31.39,60384.8034,53.24,0.083,22.61,20.0,21.42,2,3.65,
KMT-2024-BLG-0148,BLG17N0107.001039,17:49:28.34,-33:28:44.80,60480.02478,70.63,0.445,15.94,15.65,15.65,1,1.81,MB24006 OB240308
KMT-2024-BLG-0149,BLG18K0802.003715,17:41:52.89,-26:32:26.81,60388.30227,23.22,0.383,19.89,18.26,18.26,2,3.36,OB240271
KMT-2024-BLG-0150,BLG19K0304.006150,17:44:20.72,-24:10:07.61,60386.22186,11.02,0.086,20.04,17.75,17.75,1,1.8,
KMT-2024-BLG-0151,BLG20T0206.020694,17:44:53.29,-22:53:38.62,60381.80899,24.75,0.171,21.36,19.68,19.68,2,1.8,
KMT-2024-BLG-0152,BLG37N0401.037880,17:47:17.70,-36:19:02.50,60391.21548,30.31,0.332,20.26,19.99,19.99,1,1.06,OB240293
KMT-2024-BLG-0153,BLG42N0105.036988,17:58:32.40,-29:39:17.71,60386.09394,24.13,0.03,21.44,18.8,18.8,1,1.1,
KMT-2024-BLG-0154,BLG02M0401.055016,17:57:00.27,-28:57:26.60,60388.21495,19.18,0.568,19.24,19.31,19.31,1,1.58,OB240285
KMT-2024-BLG-0155,BLG02M0501.093098,17:56:27.61,-28:51:22.61,60388.27627,94.96,0.02,22.66,20.0,20.53,1,2.07,OB240286
KMT-2024-BLG-0156,BLG02N0308.008236,17:57:30.50,-29:11:11.18,60406.37571,26.3,0.804,17.21,17.2,17.2,2,1.66,OB240284
KMT-2024-BLG-0157,SAO02T0301.025617,17:52:50.27,-30:02:40.42,60385.1709,198.98,0.004,24.99,18.68,18.68,1,1.7,
KMT-2024-BLG-0158,BLG03T0201.037898,18:01:08.10,-28:56:09.31,60390.76923,9.34,0.58,18.76,18.7,18.7,1,0.96,
KMT-2024-BLG-0159,BLG04K0102.004277,18:03:17.28,-29:47:12.91,60385.73915,69.64,0.006,22.88,16.47,16.47,1,0.76,
KMT-2024-BLG-0160,BLG11K0602.015515,17:24:05.56,-29:44:29.58,60383.97725,22.46,0.28,21.66,19.71,19.71,3,1.86,
KMT-2024-BLG-0161,BLG11M0302.006784,17:30:37.98,-29:45:59.90,60403.28887,17.82,0.315,18.52,18.49,18.49,2,2.31,OB240329
KMT-2024-BLG-0162,BLG11M0302.008517,17:31:03.90,-29:43:20.89,60410.2711,55.72,0.763,18.88,18.89,18.89,3,2.69,
KMT-2024-BLG-0163,BLG12M0304.014534,17:30:55.66,-27:20:16.22,60389.87152,12.32,0.3,20.02,20.0,20.04,2,2.3,
KMT-2024-BLG-0164,BLG12N0402.052943,17:30:10.80,-28:42:30.31,60390.65729,94.69,0.073,22.04,20.0,21.19,2,2.4,OB240264
KMT-2024-BLG-0165,BLG12T0707.011278,17:23:39.85,-28:07:13.55,60388.4713,11.62,0.326,19.65,19.67,19.67,2,2.04,OB240265
KMT-2024-BLG-0166,BLG14K0107.044504,17:36:30.00,-28:00:39.17,60393.4904,19.45,0.233,19.88,20.0,21.31,2,3.27,OB240297
KMT-2024-BLG-0167,BLG14K0202.033263,17:35:57.07,-28:36:34.49,60390.37208,199.9,0.263,20.09,20.0,20.61,2,3.05,
KMT-2024-BLG-0168,BLG14M0604.010734,17:38:34.08,-28:23:43.84,60411.25106,48.85,0.304,19.15,19.13,19.13,2,3.08,OB240277
KMT-2024-BLG-0169,BLG14T0301.073367,17:35:22.68,-29:57:11.88,60388.35144,25.14,0.076,21.23,20.0,21.65,2,2.9,OB240299
KMT-2024-BLG-0170,BLG15N0605.065750,17:38:36.83,-27:18:55.58,60386.36641,8.88,0.098,22.91,20.0,21.65,2,2.92,
KMT-2024-BLG-0171,BLG16M0302.091364,17:40:20.97,-24:24:44.06,60392.71054,58.02,0.056,21.86,20.0,22.72,2,2.18,
KMT-2024-BLG-0172,BLG16N0204.001445,17:40:45.81,-25:18:49.68,60464.63824,199.99,0.408,16.67,16.66,16.66,2,2.58,
KMT-2024-BLG-0173,BLG16T0201.048575,17:35:57.73,-25:38:40.88,60386.731,25.35,0.046,22.04,20.0,22.12,2,3.72,
KMT-2024-BLG-0174,BLG17K0805.005101,17:39:54.27,-32:36:56.23,60389.5295,28.45,0.387,20.16,19.32,19.32,2,4.66,
KMT-2024-BLG-0175,BLG17N0201.048339,17:48:45.54,-34:11:39.91,60386.55385,5.03,0.078,20.3,20.0,20.09,1,1.76,
KMT-2024-BLG-0176,BLG17N0601.056648,17:46:07.79,-34:12:38.09,60388.61249,125.34,0.002,23.47,20.0,20.09,1,1.36,
KMT-2024-BLG-0177,BLG18K0805.093196,17:41:35.74,-26:06:25.52,60384.49699,11.25,0.085,22.39,20.0,22.68,2,2.93,
KMT-2024-BLG-0178,BLG19M0207.038031,17:49:48.78,-23:48:57.28,60385.55733,22.55,0.21,21.23,20.0,20.32,2,2.05,
KMT-2024-BLG-0179,BLG19N0504.037590,17:48:05.80,-25:16:14.88,60387.32344,9.5,0.09,21.99,20.0,21.86,2,4.29,
KMT-2024-BLG-0180,BLG19T0804.013255,17:41:41.57,-25:13:23.70,60389.14843,77.45,0.063,22.49,19.32,19.32,1,2.55,
KMT-2024-BLG-0181,BLG22K0506.078742,17:51:31.89,-32:28:53.51,60386.185,43.35,0.112,21.35,20.0,21.16,1,2.44,
KMT-2024-BLG-0182,BLG32M0707.014087,18:12:00.64,-27:04:14.59,60396.22357,33.5,0.192,19.41,18.24,18.24,1,0.76,
KMT-2024-BLG-0183,BLG34K0602.013769,18:00:19.04,-31:58:57.68,60384.01717,14.77,0.002,20.12,18.55,18.55,1,1.12,
KMT-2024-BLG-0184,BLG35T0404.014416,18:02:06.65,-26:30:27.36,60394.37562,84.4,0.015,19.85,19.55,19.55,2,2.52,OB240270
KMT-2024-BLG-0185,BLG41M0404.085955,17:56:43.65,-30:44:25.40,60392.51979,52.83,0.044,21.09,20.0,20.55,1,1.26,
KMT-2024-BLG-0186,BLG41N0503.019373,17:56:30.11,-31:56:52.51,60574.95696,40.84,0.184,18.64,18.8,18.8,1,1.36,MB24236 OB240312
KMT-2024-BLG-0187,BLG01K0306.079059,17:52:54.46,-30:20:49.96,60389.19098,13.18,0.123,20.83,20.0,20.41,2,1.96,
KMT-2024-BLG-0188,BLG02N0203.057467,17:58:08.15,-29:45:34.99,60391.21879,18.47,0.211,20.38,19.24,19.24,1,1.19,
KMT-2024-BLG-0189,BLG11M0406.089773,17:30:00.53,-29:14:34.51,60398.1615,45.62,0.005,20.19,20.0,22.65,2,2.74,OB240263
KMT-2024-BLG-0190,BLG11T0507.077817,17:24:46.56,-30:11:34.04,60387.61054,10.24,0.041,21.5,20.0,21.9,2,2.3,
KMT-2024-BLG-0191,BLG15M0403.008094,17:39:28.04,-26:26:25.58,60397.60743,18.33,0.517,19.45,19.48,19.48,2,3.4,OB240407
KMT-2024-BLG-0192,BLG18K0205.043894,17:45:08.64,-26:09:41.90,60388.19333,195.76,0.013,24.9,20.0,21.03,2,3.25,
KMT-2024-BLG-0193,BLG19M0603.010183,17:47:44.06,-24:18:46.80,60390.30424,46.74,0.413,18.91,18.89,18.89,2,2.27,OB240199
KMT-2024-BLG-0194,BLG21K0508.001994,17:51:24.23,-34:23:50.60,60410.07795,19.04,0.687,15.83,15.85,15.85,1,0.99,OB240125
KMT-2024-BLG-0195,BLG35T0102.005858,18:03:49.95,-26:45:04.46,60396.3075,36.52,0.039,19.4,17.79,17.79,3,1.97,OB240269
KMT-2024-BLG-0196,BLG42N0401.018686,17:56:45.86,-30:12:05.18,60438.02353,96.01,0.309,18.42,18.45,18.45,1,1.66,OB240088
KMT-2024-BLG-0197,BLG42T0103.046047,17:53:40.48,-29:51:01.51,60392.60699,14.69,0.019,20.07,19.03,19.03,1,1.46,
KMT-2024-BLG-0198,BLG42T0402.007490,17:52:07.88,-30:02:11.40,60393.84335,6.14,0.423,17.21,17.18,17.18,1,2.29,OB240305
KMT-2024-BLG-0199,BLG42T0504.018051,17:51:11.44,-29:44:21.01,60406.1677,90.46,0.048,20.49,18.72,18.72,1,3.11,OB240356
KMT-2024-BLG-0200,BLG43N0101.030392,18:05:58.60,-29:01:42.31,60391.70092,7.84,0.739,18.88,18.81,18.81,1,0.85,
KMT-2024-BLG-0201,BLG02M0601.030583,17:56:01.70,-28:57:41.11,60387.9206,7.27,0.146,21.05,18.91,18.91,1,1.91,
KMT-2024-BLG-0202,BLG12M0405.003970,17:30:05.12,-27:10:44.58,60394.43739,8.05,0.334,18.63,18.63,18.63,2,2.74,
KMT-2024-BLG-0203,BLG12M0703.002763,17:28:27.56,-27:29:12.30,60428.00598,48.72,0.672,18.22,18.13,18.13,2,2.64,OB240262
KMT-2024-BLG-0204,BLG15N0104.009340,17:41:05.57,-27:26:00.31,60388.93705,12.26,0.902,19.84,19.1,19.1,2,3.35,
KMT-2024-BLG-0205,BLG15N0501.000747,17:38:45.98,-27:44:37.39,60433.56962,38.04,0.755,16.05,16.07,16.07,2,2.92,OB240338
KMT-2024-BLG-0206,BLG15T0506.008172,17:33:55.62,-27:12:19.91,60417.91977,63.2,0.529,18.88,18.84,18.84,2,2.91,OB240260
KMT-2024-BLG-0207,BLG17M0303.078366,17:47:53.25,-32:53:19.07,60389.69314,11.0,0.017,22.86,20.0,22.07,2,2.95,
KMT-2024-BLG-0208,BLG17N0407.020200,17:47:25.81,-33:32:31.99,60391.69812,199.27,0.02,22.07,19.02,19.02,1,1.68,
KMT-2024-BLG-0209,BLG18K0503.007524,17:43:08.48,-26:23:19.61,60390.00826,4.43,0.94,18.44,18.48,18.48,2,2.85,
KMT-2024-BLG-0210,BLG18M0803.049969,17:46:09.97,-26:25:35.08,60393.29504,80.16,0.04,22.85,20.0,21.82,2,4.17,
KMT-2024-BLG-0211,BLG18T0204.004730,17:45:16.16,-27:21:31.64,60390.69941,7.72,0.011,19.92,19.99,19.99,2,5.38,
KMT-2024-BLG-0212,BLG32N0404.056125,18:14:01.85,-28:36:34.20,60393.80174,20.59,0.035,20.44,19.97,19.97,1,0.42,
KMT-2024-BLG-0213,BLG42M0803.006565,17:54:26.61,-28:44:55.75,60392.64836,53.74,0.126,20.91,16.9,16.9,2,1.95,
KMT-2024-BLG-0214,SAO43K0201.049433,18:00:54.83,-27:54:41.29,60389.06665,3.0,0.28,19.53,19.39,19.39,1,1.49,
KMT-2024-BLG-0215,BLG43M0801.017399,18:02:13.51,-27:57:35.10,60392.84394,5.27,0.99,18.26,18.23,18.23,1,1.38,
KMT-2024-BLG-0216,BLG43M0805.064481,18:02:18.52,-27:24:29.20,60394.37949,41.49,0.222,20.48,19.94,19.94,1,1.72,
KMT-2024-BLG-0217,BLG43N0401.025575,18:04:20.86,-29:06:26.50,60401.81267,14.8,0.053,18.49,18.53,18.53,1,0.88,OB240380
KMT-2024-BLG-0218,BLG03M0302.079135,18:05:18.14,-27:42:49.00,60393.26972,14.21,0.06,20.54,19.95,19.95,1,0.97,
KMT-2024-BLG-0219,BLG12M0704.014427,17:28:38.48,-27:21:18.58,60390.11366,8.6,0.828,19.97,20.0,20.61,2,2.98,
KMT-2024-BLG-0220,BLG13M0202.007685,17:38:38.49,-34:06:18.11,60399.80487,20.11,0.07,19.41,19.4,19.4,2,3.64,OB240337
KMT-2024-BLG-0221,BLG15N0804.099607,17:37:23.35,-27:27:02.81,60390.97646,16.54,0.013,22.48,20.0,22.73,2,3.2,
KMT-2024-BLG-0222,BLG19K0702.000594,17:42:09.90,-24:25:15.31,60446.638,28.56,0.562,15.45,15.38,15.38,1,2.05,OB240479
KMT-2024-BLG-0223,BLG19K0801.070422,17:41:38.10,-24:35:43.55,60389.86611,3.44,0.867,20.02,20.0,21.82,2,2.46,
KMT-2024-BLG-0224,BLG19N0407.007045,17:48:46.53,-24:55:31.87,60391.94586,7.99,0.713,19.85,19.54,19.54,2,4.08,
KMT-2024-BLG-0225,BLG32K0405.007621,18:09:13.82,-27:18:28.01,60426.98214,51.82,0.683,18.02,17.71,17.71,1,1.14,OB240137
KMT-2024-BLG-0226,BLG37T0606.035347,17:40:42.53,-35:44:33.86,60390.41448,8.73,0.266,20.54,20.0,20.96,2,2.46,
KMT-2024-BLG-0227,BLG02K0401.024187,17:52:20.84,-28:57:00.68,60390.54218,12.01,0.009,21.93,19.62,19.62,1,3.05,
KMT-2024-BLG-0228,BLG02T0208.017034,17:53:36.80,-29:10:44.90,60395.83989,16.77,0.878,17.59,17.96,17.96,1,1.75,
KMT-2024-BLG-0229,BLG02T0402.044850,17:52:18.87,-29:50:23.10,60393.74231,11.05,0.229,20.29,19.47,19.47,1,2.35,
KMT-2024-BLG-0230,BLG03T0101.082214,18:01:23.21,-28:57:59.11,60417.11131,75.94,0.059,19.94,20.0,20.01,1,1.14,OB240382
KMT-2024-BLG-0231,BLG11K0202.017784,17:26:23.35,-29:41:12.70,60395.64463,9.57,0.074,19.86,19.84,19.84,2,2.26,
KMT-2024-BLG-0232,BLG11M0206.063142,17:31:26.14,-29:11:46.82,60392.40569,19.26,0.117,21.64,20.0,21.9,2,3.21,
KMT-2024-BLG-0233,BLG11M0408.054824,17:30:21.96,-28:53:53.12,60389.73571,17.24,0.821,19.98,20.0,21.24,2,2.75,
KMT-2024-BLG-0234,BLG11N0604.027676,17:29:23.70,-30:31:15.28,60389.89542,19.51,0.002,23.23,20.0,21.13,2,3.36,
KMT-2024-BLG-0235,BLG14K0103.033490,17:36:29.16,-28:31:32.56,60390.26069,52.16,0.389,20.23,20.0,20.96,2,3.32,
KMT-2024-BLG-0236,BLG14T0701.016183,17:33:09.88,-29:54:37.55,60390.96567,41.34,0.012,22.65,19.84,19.84,2,3.01,
KMT-2024-BLG-0237,BLG18T0802.006092,17:41:33.65,-27:36:44.28,60441.02649,50.95,0.094,18.12,18.29,18.29,2,3.18,OB240414
KMT-2024-BLG-0238,BLG34K0705.001933,17:59:59.58,-31:30:14.69,60436.3986,36.01,0.287,16.07,16.07,16.07,1,1.44,MB24024 OB240130
KMT-2024-BLG-0239,BLG37M0105.003045,17:49:07.27,-34:44:29.00,60443.71893,64.51,0.885,17.12,16.36,16.36,1,0.95,MB24008 OB240021
KMT-2024-BLG-0240,SAO41K0604.043887,17:50:41.16,-30:47:26.59,60390.63519,5.35,0.034,21.86,19.88,19.88,1,2.74,
KMT-2024-BLG-0241,BLG41T0304.010844,17:52:30.45,-31:52:50.92,60419.19453,47.25,0.185,19.41,18.45,18.45,1,2.08,OB240250
KMT-2024-BLG-0242,BLG42T0503.033638,17:51:20.23,-29:50:10.50,60391.86878,27.63,0.011,22.79,19.42,19.42,1,3.06,
KMT-2024-BLG-0243,BLG43N0507.011470,18:04:04.73,-28:21:09.11,60431.18927,135.86,0.019,18.84,17.63,17.63,1,0.85,OB240103
KMT-2024-BLG-0244,BLG01N0204.013390,17:58:15.46,-31:45:18.50,60403.4478,10.69,0.201,19.14,19.0,19.0,1,1.78,OB240431
KMT-2024-BLG-0245,SAO01N0708.004175,17:55:40.34,-31:15:47.20,60409.5473,14.07,0.034,16.51,16.5,16.5,1,1.64,OB240313
KMT-2024-BLG-0246,BLG01T0205.017983,17:53:25.23,-31:36:33.80,60404.63102,36.77,0.045,20.36,19.02,19.02,1,2.05,OB240319
KMT-2024-BLG-0247,BLG02K0107.012349,17:54:04.13,-28:06:23.80,60402.64936,28.34,0.542,19.7,19.69,19.69,2,4.01,OB240347
KMT-2024-BLG-0248,BLG02N0404.018011,17:57:04.54,-29:39:47.70,60410.93703,74.88,0.128,20.28,18.36,18.36,1,1.6,OB240365
KMT-2024-BLG-0249,BLG02T0703.044066,17:50:32.06,-29:47:51.00,60393.45274,3.75,0.84,19.54,20.0,20.23,1,3.62,
KMT-2024-BLG-0250,BLG03N0606.088215,18:03:42.55,-28:18:10.30,60395.00287,4.94,0.54,19.27,19.95,19.95,1,0.89,
KMT-2024-BLG-0251,BLG03T0101.014236,18:01:48.36,-28:53:08.59,60469.17247,7.38,1.0,17.55,18.0,18.0,1,1.06,
KMT-2024-BLG-0252,BLG03T0506.023278,17:59:26.46,-28:19:09.41,60396.76005,22.32,0.094,20.8,18.46,18.46,1,1.4,
KMT-2024-BLG-0253,BLG04N0605.046433,18:05:11.39,-30:33:43.81,60392.81315,17.19,0.594,19.67,19.74,19.74,1,1.08,
KMT-2024-BLG-0254,SAO04T0305.005171,18:02:00.49,-30:31:14.92,60396.53633,46.64,0.067,20.5,17.16,17.16,1,1.08,OB240288
KMT-2024-BLG-0255,BLG11N0102.001859,17:31:58.11,-30:46:06.02,60406.51106,9.11,0.51,17.63,17.66,17.66,2,3.07,
KMT-2024-BLG-0256,BLG11N0108.013602,17:32:08.69,-30:04:01.45,60395.46784,16.24,0.992,19.01,18.98,18.98,2,1.84,
KMT-2024-BLG-0257,BLG14N0302.004033,17:40:25.44,-29:49:34.97,60402.95828,22.35,0.316,19.95,20.0,20.12,2,6.49,
KMT-2024-BLG-0258,BLG14T0108.016538,17:36:14.93,-29:03:12.74,60392.55538,21.24,0.05,22.72,19.78,19.78,2,3.07,
KMT-2024-BLG-0259,BLG14T0402.022786,17:34:30.99,-29:46:04.22,60391.60632,84.81,0.038,23.29,20.0,20.25,2,3.12,
KMT-2024-BLG-0260,BLG14T0504.025249,17:34:16.00,-29:32:04.49,60390.47193,20.11,0.311,21.44,20.0,20.01,2,2.61,
KMT-2024-BLG-0261,BLG15N0602.004024,17:38:21.47,-27:37:02.86,60396.51076,12.25,1.0,18.65,17.8,17.8,2,2.88,
KMT-2024-BLG-0262,SAO15N0701.023051,17:37:46.76,-27:44:48.84,60395.23331,124.32,0.043,22.14,20.0,20.52,2,3.05,OB240294
KMT-2024-BLG-0263,BLG15T0103.010713,17:36:12.82,-27:30:00.07,60400.18314,7.22,0.015,19.36,19.58,19.58,2,2.86,OB240402
KMT-2024-BLG-0264,BLG15T0308.002794,17:35:25.22,-26:53:12.91,60395.58068,29.08,0.469,20.49,16.8,16.8,1,2.08,
KMT-2024-BLG-0265,BLG16N0106.046510,17:41:09.97,-24:59:58.09,60391.79678,14.81,0.38,20.15,20.0,20.43,1,2.4,
KMT-2024-BLG-0266,BLG18K0706.047741,17:42:28.18,-25:57:26.03,60397.49807,33.91,0.101,21.88,20.0,21.05,2,3.07,OB240408
KMT-2024-BLG-0267,SAO20K0405.003033,17:44:08.08,-21:58:45.26,60393.98262,13.02,0.088,20.06,17.11,17.11,4,1.36,OB240331
KMT-2024-BLG-0268,BLG20N0307.017441,17:49:08.43,-22:46:35.80,60395.27576,18.71,0.293,20.78,19.07,19.07,1,1.92,
KMT-2024-BLG-0269,BLG21K0802.007649,17:49:51.04,-35:06:19.58,60421.10208,47.73,0.1,20.29,17.96,17.96,1,1.03,OB240309
KMT-2024-BLG-0270,BLG21T0607.030404,17:50:51.56,-35:38:41.50,60398.14077,16.92,0.052,19.72,19.13,19.13,1,0.67,OB240325
KMT-2024-BLG-0271,BLG22M0806.046746,17:54:49.53,-32:31:41.09,60392.07936,22.96,0.571,21.54,19.68,19.68,1,1.35,
KMT-2024-BLG-0272,BLG22T0107.057614,17:53:57.25,-33:25:51.20,60399.62563,33.08,0.273,20.53,20.0,20.24,1,1.46,OB240306
KMT-2024-BLG-0273,BLG31M0301.006294,18:16:51.01,-25:43:12.29,60397.86759,7.75,0.872,17.76,17.78,17.78,1,0.89,OB240392
KMT-2024-BLG-0274,BLG31T0203.044734,18:12:36.27,-26:35:26.59,60393.80984,20.29,0.18,20.93,19.59,19.59,1,1.07,
KMT-2024-BLG-0275,BLG32K0604.023875,18:08:08.60,-27:27:46.30,60399.2789,8.99,0.255,18.52,18.56,18.56,1,0.89,OB240389
KMT-2024-BLG-0276,BLG32K0707.040905,18:07:13.77,-27:01:41.48,60391.88982,22.07,0.46,19.08,19.17,19.17,1,0.95,OB240235
KMT-2024-BLG-0277,BLG32K0807.022970,18:06:39.67,-27:05:46.72,60400.73475,15.85,0.469,18.49,18.52,18.52,1,1.06,OB240318
KMT-2024-BLG-0278,BLG35T0404.025677,18:02:14.47,-26:26:52.55,60400.86431,64.94,0.056,21.38,20.0,20.26,2,2.48,OB240406
KMT-2024-BLG-0279,BLG37M0707.005086,17:45:41.14,-34:28:33.20,60437.15985,40.56,0.392,17.33,17.3,17.3,1,1.6,MB24007
KMT-2024-BLG-0280,BLG38T0207.004716,17:54:09.46,-22:44:36.10,60400.41885,12.2,0.736,17.88,18.03,18.03,4,2.87,
KMT-2024-BLG-0281,BLG41T0306.060655,17:52:46.44,-31:39:15.44,60392.29531,11.74,0.002,21.01,20.0,21.21,2,2.17,
KMT-2024-BLG-0282,BLG42K0103.030285,17:53:41.98,-28:45:58.57,60392.62861,34.64,0.003,21.79,19.39,19.39,2,1.93,
KMT-2024-BLG-0283,BLG42K0402.013411,17:51:55.27,-28:55:28.45,60413.98827,21.76,0.137,18.63,18.7,18.7,2,3.2,
KMT-2024-BLG-0284,SAO42T0406.033705,17:51:53.10,-29:31:58.12,60391.92471,0.91,0.019,19.28,19.37,19.37,1,2.64,
KMT-2024-BLG-0285,BLG42T0501.006629,17:51:24.38,-30:10:58.30,60400.5244,33.94,0.792,18.16,16.93,16.93,1,2.18,OB240224
KMT-2024-BLG-0286,BLG42T0506.016707,17:51:31.60,-29:29:06.68,60391.76406,8.14,0.1,21.58,18.67,18.67,1,3.03,
KMT-2024-BLG-0287,BLG43K0507.034833,17:58:53.39,-27:13:56.89,60393.80978,5.39,0.047,21.02,19.56,19.56,1,2.33,
KMT-2024-BLG-0288,BLG43K0702.035148,17:57:56.80,-27:47:49.70,60395.95984,9.29,0.543,19.92,20.0,20.25,2,2.49,
KMT-2024-BLG-0289,BLG43T0307.034491,18:00:02.66,-28:22:03.00,60391.822,19.89,0.121,23.08,18.74,18.74,1,1.37,
KMT-2024-BLG-0290,SSO01M0707.003628,17:55:10.14,-30:18:51.41,60406.13817,7.06,0.697,16.23,16.3,16.3,1,2.1,OB240376
KMT-2024-BLG-0291,BLG02M0602.090669,17:55:52.09,-28:43:19.24,60395.47249,30.79,0.081,22.09,20.0,20.29,2,1.92,
KMT-2024-BLG-0292,BLG04M0408.000357,18:06:45.38,-29:00:54.40,60405.08706,7.08,0.763,14.09,14.08,14.08,1,0.82,OB240390
KMT-2024-BLG-0293,BLG04M0807.029364,18:04:15.43,-29:11:51.00,60399.26155,7.69,0.13,18.76,18.72,18.72,1,0.88,OB240381
KMT-2024-BLG-0294,BLG14M0102.058196,17:41:02.99,-28:42:06.30,60395.04964,2.92,0.062,21.46,20.0,22.91,2,4.97,
KMT-2024-BLG-0295,BLG14M0506.038433,17:39:04.66,-28:11:13.60,60442.34014,199.93,0.013,22.07,20.0,20.58,2,2.82,
KMT-2024-BLG-0296,BLG15N0407.012009,17:39:34.27,-27:04:14.16,60402.58323,27.59,0.52,20.44,19.46,19.46,2,2.74,
KMT-2024-BLG-0297,SSO16K0206.052427,17:35:50.90,-23:56:33.50,60438.76737,199.99,0.035,20.14,20.0,21.35,2,2.08,OB240191
KMT-2024-BLG-0298,BLG18K0708.096453,17:42:31.17,-25:47:50.17,60397.11587,19.98,0.305,20.54,20.0,25.0,3,2.8,
KMT-2024-BLG-0299,BLG19T0204.078150,17:45:11.07,-25:14:15.00,60398.96297,27.39,0.393,19.93,20.0,21.6,2,2.63,OB240332
KMT-2024-BLG-0300,BLG42K0403.077438,17:51:58.41,-28:48:11.02,60408.77253,30.68,0.087,19.6,20.0,25.0,3,3.16,OB240346
KMT-2024-BLG-0301,BLG42M0501.013938,17:56:08.66,-29:01:07.10,60409.35823,15.42,0.392,18.4,18.48,18.48,1,2.34,OB240310
KMT-2024-BLG-0302,BLG42M0503.009327,17:56:10.57,-28:48:09.00,60418.06847,54.62,0.99,17.29,17.32,17.32,1,2.05,OB240287
KMT-2024-BLG-0303,BLG42M0605.051013,17:55:29.98,-28:28:48.04,60395.26545,14.29,0.064,22.07,20.0,20.47,2,2.18,
KMT-2024-BLG-0304,BLG01M0601.006218,17:56:09.11,-30:57:39.38,60434.41833,35.88,0.684,17.07,17.01,17.01,1,1.28,OB240311
KMT-2024-BLG-0305,BLG01T0102.038372,17:54:10.23,-32:01:50.81,60397.91487,20.33,0.042,21.61,19.58,19.58,1,1.7,
KMT-2024-BLG-0306,BLG02M0106.029554,17:58:37.75,-28:16:14.70,60405.35328,42.41,0.227,21.02,18.89,18.89,1,1.53,
KMT-2024-BLG-0307,BLG02M0202.071281,17:58:19.86,-28:47:06.00,60401.99199,95.47,0.051,22.38,19.49,19.49,1,1.24,OB240373
KMT-2024-BLG-0308,BLG02M0507.056835,17:56:39.83,-28:06:34.99,60396.09735,7.45,0.028,21.89,19.67,19.67,1,1.95,
KMT-2024-BLG-0309,BLG02M0702.044089,17:55:14.08,-28:50:26.27,60413.25021,53.31,0.441,19.75,19.69,19.69,2,2.03,
KMT-2024-BLG-0310,SAO02T0204.008200,17:53:28.64,-29:36:13.10,60396.39383,25.38,0.09,21.82,16.79,16.79,1,1.87,
KMT-2024-BLG-0311,BLG03M0501.017125,18:04:08.52,-27:50:36.10,60395.67613,19.63,0.267,21.33,18.28,18.28,1,1.11,
KMT-2024-BLG-0312,SSO03T0404.077622,18:00:06.26,-28:36:04.39,60400.70268,35.52,0.031,20.74,19.69,19.69,1,1.21,
KMT-2024-BLG-0313,BLG03T0602.044661,17:58:34.47,-28:47:34.12,60401.96267,7.46,0.457,18.8,18.79,18.79,1,1.08,OB240372
KMT-2024-BLG-0314,BLG04T0301.070574,18:02:25.52,-31:06:08.89,60397.40954,25.12,0.035,21.21,20.0,20.66,1,1.31,
KMT-2024-BLG-0315,BLG11K0607.033448,17:23:56.12,-29:05:48.70,60399.31744,20.49,0.051,20.8,19.86,19.86,1,1.77,
KMT-2024-BLG-0316,BLG11K0805.056252,17:22:48.11,-29:19:33.60,60396.00168,7.97,0.086,21.73,20.0,21.23,2,1.95,
KMT-2024-BLG-0317,BLG11M0806.001179,17:27:40.25,-29:15:12.10,60432.28041,73.58,0.903,17.61,16.04,16.04,1,1.68,OB240042
KMT-2024-BLG-0318,BLG14M0604.063258,17:38:38.97,-28:22:20.96,60397.83229,15.03,0.093,21.42,20.0,21.54,2,2.98,
KMT-2024-BLG-0319,BLG14M0805.026201,17:37:05.53,-28:17:34.44,60400.06093,30.17,0.504,20.66,20.0,21.37,2,4.28,
KMT-2024-BLG-0320,BLG14T0108.007122,17:36:29.20,-29:02:13.99,60418.75506,33.09,0.711,18.54,18.38,18.38,2,2.89,OB240335
KMT-2024-BLG-0321,BLG18K0408.024423,17:44:00.53,-25:46:51.46,60409.72338,31.48,0.512,19.97,20.0,20.33,2,2.81,
KMT-2024-BLG-0322,BLG21N0507.015661,17:56:51.81,-35:36:42.01,60411.96599,76.52,0.437,18.95,18.9,18.9,1,0.78,OB240094
KMT-2024-BLG-0323,BLG21T0301.013825,17:52:47.93,-36:24:05.62,60404.38961,50.47,0.199,19.35,18.87,18.87,1,0.86,OB240180
KMT-2024-BLG-0324,BLG34T0306.044017,18:02:23.19,-32:34:01.81,60398.87799,26.49,0.091,20.54,20.0,20.12,1,1.16,OB240387
KMT-2024-BLG-0325,BLG37T0108.011749,17:44:18.28,-35:31:16.79,60418.26416,31.95,0.067,19.22,19.2,19.2,2,1.37,OB240400 OB240401
KMT-2024-BLG-0326,BLG41M0806.016456,17:54:18.66,-30:28:13.19,60415.82903,199.76,0.014,22.36,18.77,18.77,1,1.58,
KMT-2024-BLG-0327,BLG42N0802.055376,17:54:18.84,-30:03:00.50,60409.75669,28.9,0.194,19.46,19.18,19.18,1,1.37,OB240349
KMT-2024-BLG-0328,BLG43M0808.008551,18:01:57.63,-27:06:11.20,60445.04369,47.12,0.088,18.41,18.55,18.55,1,2.36,MB24002
KMT-2024-BLG-0329,BLG43T0507.021535,17:59:10.89,-28:18:16.09,60396.61029,2.89,0.627,18.82,18.4,18.4,1,1.47,
KMT-2024-BLG-0330,BLG01K0603.022617,17:50:58.29,-30:44:22.20,60449.1694,93.05,0.183,19.29,19.13,19.13,1,2.3,MB24056 OB240393
KMT-2024-BLG-0331,BLG02N0604.054240,17:56:08.16,-29:39:33.52,60398.77614,15.6,0.219,20.8,19.16,19.16,1,1.47,
KMT-2024-BLG-0332,BLG12N0506.081926,17:29:48.86,-28:12:38.16,60395.95474,10.14,0.188,21.85,20.0,21.84,2,2.15,
KMT-2024-BLG-0333,BLG14T0307.013529,17:35:29.81,-29:07:13.48,60427.35533,78.49,0.427,20.01,20.0,20.17,2,3.3,OB240411
KMT-2024-BLG-0334,BLG16M0506.016192,17:38:58.32,-23:57:17.53,60397.72502,25.17,0.056,21.14,19.5,19.5,2,1.61,
KMT-2024-BLG-0335,BLG20M0602.051838,17:47:34.95,-22:18:52.31,60402.64466,22.13,0.125,20.21,20.0,20.32,1,1.74,
KMT-2024-BLG-0336,BLG21M0706.065004,17:55:42.52,-34:36:05.90,60407.07608,88.68,0.016,20.76,20.0,20.32,1,0.69,OB240231
KMT-2024-BLG-0337,BLG34M0602.008247,18:05:52.39,-31:54:31.28,60409.27794,35.88,0.197,19.39,18.17,18.17,1,0.71,OB240396
KMT-2024-BLG-0338,BLG37K0103.034771,17:44:07.53,-35:00:59.15,60412.25501,44.33,0.506,19.95,20.0,20.11,2,1.59,
KMT-2024-BLG-0339,BLG37M0104.004659,17:49:03.24,-34:52:59.59,60410.50501,37.67,0.387,18.81,17.15,17.15,1,1.13,OB240451
KMT-2024-BLG-0340,BLG42N0606.047880,17:55:27.72,-29:35:02.90,60409.97797,20.39,0.272,19.51,19.11,19.11,1,1.51,OB240366
KMT-2024-BLG-0341,BLG43N0508.010658,18:03:55.37,-28:12:06.59,60397.68454,26.34,0.575,20.22,17.74,17.74,1,0.96,
KMT-2024-BLG-0342,BLG01M0307.054459,17:57:49.84,-30:15:29.81,60410.24854,64.88,0.108,22.07,19.96,19.96,1,1.69,OB240430
KMT-2024-BLG-0343,BLG03N0804.036044,18:02:35.91,-28:34:08.00,60398.21191,1.07,0.558,18.68,18.8,18.8,1,1.05,
KMT-2024-BLG-0344,BLG04K0706.018189,17:59:55.87,-29:14:28.50,60397.9529,6.46,0.282,20.24,18.34,18.34,1,1.13,
KMT-2024-BLG-0345,BLG04N0102.029918,18:08:06.36,-30:58:36.91,60401.32045,22.22,0.188,20.03,19.41,19.41,1,0.74,OB240391
KMT-2024-BLG-0346,SSO04T0404.002382,18:01:40.08,-30:39:38.48,60450.84261,33.81,0.31,17.05,15.98,15.98,1,1.21,MB24025 OB240316
KMT-2024-BLG-0347,BLG04T0508.023997,18:01:07.19,-30:13:01.49,60420.04886,33.58,0.705,18.97,18.58,18.58,1,1.06,OB240386
KMT-2024-BLG-0348,BLG11K0802.000730,17:23:12.84,-29:45:42.98,60418.46313,12.43,0.231,16.29,16.25,16.25,2,1.98,OB240475
KMT-2024-BLG-0349,BLG11T0407.042996,17:25:29.17,-30:14:49.27,60421.99246,73.58,0.024,21.07,20.0,20.79,2,2.64,OB240595
KMT-2024-BLG-0350,BLG12N0807.001658,17:28:07.99,-28:05:39.34,60463.37891,31.6,0.538,16.96,17.09,17.09,2,2.03,OB240471
KMT-2024-BLG-0351,BLG17M0408.000601,17:47:25.19,-32:14:25.76,60432.86312,47.23,0.796,18.09,17.72,17.72,2,5.12,
KMT-2024-BLG-0352,BLG17T0806.020030,17:40:05.05,-33:33:30.92,60399.78483,26.33,0.137,21.37,20.0,20.81,2,2.98,
KMT-2024-BLG-0353,BLG19K0408.067052,17:43:53.06,-23:43:20.32,60399.8886,198.07,0.003,24.49,20.0,20.66,1,1.66,
KMT-2024-BLG-0354,BLG21T0302.042072,17:52:36.57,-36:16:54.91,60403.35474,40.89,0.025,19.92,20.0,20.12,1,0.78,OB240397
KMT-2024-BLG-0355,BLG31N0603.028394,18:15:12.67,-26:38:42.00,60406.12422,45.19,0.019,20.96,19.09,19.09,1,0.83,OB240433
KMT-2024-BLG-0356,BLG42M0606.009128,17:55:39.37,-28:26:04.09,60399.40109,169.82,0.008,22.5,18.23,18.23,3,2.13,
KMT-2024-BLG-0357,BLG42N0506.089137,17:56:21.97,-29:34:52.39,60399.03656,5.78,0.772,19.54,20.0,20.08,1,1.54,
KMT-2024-BLG-0358,BLG43T0207.015218,18:00:38.67,-28:21:28.12,60402.39874,9.78,0.17,19.29,17.94,17.94,1,1.24,
KMT-2024-BLG-0359,BLG01M0303.004560,17:57:42.99,-30:49:06.31,60407.08593,19.89,0.094,19.66,16.8,16.8,1,1.41,OB240375
KMT-2024-BLG-0360,BLG01M0402.023064,17:57:18.09,-30:55:42.82,60405.94478,21.43,0.728,19.2,18.68,18.68,1,1.2,
KMT-2024-BLG-0361,BLG02M0202.033687,17:58:21.61,-28:45:59.51,60401.10898,4.24,0.764,18.31,18.7,18.7,1,1.3,
KMT-2024-BLG-0362,SAO02N0406.030054,17:57:00.84,-29:25:54.52,60400.28773,110.05,0.007,24.34,18.94,18.94,1,1.83,
KMT-2024-BLG-0363,BLG02N0608.003295,17:56:04.65,-29:07:58.12,60404.19388,4.99,0.999,16.49,16.24,16.24,1,1.75,
KMT-2024-BLG-0364,SAO02N0703.059407,17:55:12.66,-29:46:52.00,60400.8546,199.86,0.004,23.95,19.28,19.28,1,1.39,
KMT-2024-BLG-0365,BLG02T0106.011232,17:53:59.02,-29:23:05.71,60451.57077,67.76,0.876,17.41,17.41,17.41,1,1.9,OB240225
KMT-2024-BLG-0366,BLG04K0201.010231,18:03:00.07,-29:52:58.01,60402.18377,5.27,0.182,19.06,17.74,17.74,1,0.82,
KMT-2024-BLG-0367,BLG04K0401.035075,18:01:52.86,-29:53:22.31,60400.77834,12.1,0.06,20.27,18.93,18.93,1,1.03,
KMT-2024-BLG-0368,BLG13K0403.007945,17:32:31.16,-34:00:57.10,60421.54978,94.03,0.782,20.01,20.0,20.48,2,5.69,
KMT-2024-BLG-0369,BLG16T0107.032252,17:36:21.64,-24:55:12.65,60399.32873,48.64,0.145,21.78,20.0,20.79,2,2.5,
KMT-2024-BLG-0370,BLG17N0308.037809,17:47:51.44,-33:18:59.40,60407.81551,20.02,0.643,19.6,19.59,19.59,1,1.72,
KMT-2024-BLG-0371,BLG18K0502.016364,17:43:30.88,-26:28:17.33,60417.48779,26.28,0.113,19.73,19.68,19.68,2,2.83,
KMT-2024-BLG-0372,BLG19N0601.011503,17:47:18.73,-25:37:02.28,60400.52507,21.09,0.07,22.56,20.0,20.66,2,3.96,
KMT-2024-BLG-0373,BLG19T0305.049052,17:44:41.00,-25:09:45.65,60403.89069,13.0,0.177,20.77,20.0,20.87,2,2.47,
KMT-2024-BLG-0374,BLG22N0804.002614,17:54:57.89,-33:53:49.88,60402.06556,35.51,0.037,21.78,16.35,16.35,1,1.08,
KMT-2024-BLG-0375,BLG31N0805.019087,18:14:07.76,-26:16:20.78,60415.81713,83.67,0.019,21.02,18.78,18.78,1,1.04,
KMT-2024-BLG-0376,BLG31T0806.011299,18:09:24.11,-26:13:50.20,60411.34635,17.17,0.198,18.35,18.28,18.28,1,1.15,OB240388
KMT-2024-BLG-0377,BLG35T0306.010285,18:02:59.08,-26:09:38.99,60420.40424,63.38,0.155,19.38,19.51,19.51,2,3.09,OB240207
KMT-2024-BLG-0378,BLG42T0402.065277,17:51:51.53,-30:00:06.30,60400.91013,20.73,0.094,22.13,20.0,20.16,1,2.39,
KMT-2024-BLG-0379,SSO42T0804.006594,17:49:45.78,-29:49:39.50,60399.81977,1.35,0.146,18.22,18.24,18.24,1,3.65,
KMT-2024-BLG-0380,BLG43K0103.059784,18:01:16.29,-27:39:16.88,60402.97498,19.59,0.196,20.89,19.5,19.5,1,1.42,
KMT-2024-BLG-0381,BLG43T0806.035311,17:57:05.73,-28:23:32.10,60400.3189,11.62,0.058,22.08,19.02,19.02,1,1.95,
KMT-2024-BLG-0382,BLG12N0303.002575,17:31:00.50,-28:33:07.63,60410.52361,89.68,0.078,20.88,17.11,17.11,2,2.37,
KMT-2024-BLG-0383,BLG15M0703.015657,17:37:35.61,-26:21:23.90,60413.60307,27.34,0.02,19.88,20.0,20.2,2,2.66,
KMT-2024-BLG-0384,BLG01M0401.021713,17:57:12.73,-30:59:30.52,60403.12591,14.14,0.018,21.75,18.59,18.59,1,1.11,
KMT-2024-BLG-0385,BLG01N0102.002236,17:59:03.11,-31:57:29.99,60414.40407,37.16,0.997,17.61,16.53,16.53,1,1.74,OB240377
KMT-2024-BLG-0386,BLG02K0207.081403,17:53:28.25,-28:07:19.02,60403.22621,2.37,0.009,19.9,20.0,25.0,3,3.58,
KMT-2024-BLG-0387,BLG02M0607.098539,17:56:06.65,-28:05:28.07,60406.44987,10.64,0.1,19.96,20.0,25.0,3,2.81,OB240362
KMT-2024-BLG-0388,BLG02N0205.046884,17:58:30.12,-29:32:17.99,60402.25603,17.29,0.193,19.96,19.09,19.09,1,1.16,
KMT-2024-BLG-0389,BLG04K0505.044719,18:01:16.42,-29:28:20.89,60403.66383,5.84,0.537,19.16,19.19,19.19,1,1.43,
KMT-2024-BLG-0390,BLG04K0704.059244,18:00:09.22,-29:35:59.60,60413.61532,43.35,0.324,20.3,19.62,19.62,1,1.38,
KMT-2024-BLG-0391,BLG11K0704.067681,17:23:29.10,-29:30:47.09,60417.26312,47.05,0.23,21.93,20.0,20.81,1,1.5,
KMT-2024-BLG-0392,BLG11N0302.003356,17:31:00.06,-30:45:55.62,60407.64757,125.75,0.636,18.56,18.43,18.43,2,3.59,
KMT-2024-BLG-0393,BLG14M0808.022162,17:37:03.98,-27:56:17.81,60403.49265,18.59,0.194,20.98,20.0,20.82,2,3.27,
KMT-2024-BLG-0394,BLG15M0208.006629,17:40:48.77,-25:46:10.45,60405.26835,9.67,0.828,18.99,19.0,19.0,2,2.78,
KMT-2024-BLG-0395,BLG15M0701.023199,17:37:43.09,-26:40:35.54,60423.08343,35.29,0.269,20.31,20.0,20.72,2,3.21,OB240531
KMT-2024-BLG-0396,BLG15N0401.005354,17:39:30.96,-27:44:06.25,60418.2975,11.16,0.705,17.93,17.99,17.99,2,2.85,OB240483
KMT-2024-BLG-0397,BLG32M0506.014418,18:13:37.48,-27:11:23.78,60415.97619,37.54,0.142,18.85,18.18,18.18,1,0.57,OB240290
KMT-2024-BLG-0398,BLG41T0201.037892,17:53:22.42,-32:14:19.39,60405.6151,14.3,0.193,19.7,19.71,19.71,1,1.74,OB240438
KMT-2024-BLG-0399,BLG42M0201.047544,17:57:51.65,-29:02:03.41,60403.54661,60.0,0.005,23.71,19.26,19.26,1,1.85,
KMT-2024-BLG-0400,BLG42M0602.065212,17:55:43.45,-28:55:44.04,60403.5721,27.02,0.396,20.63,19.96,19.96,2,1.76,
KMT-2024-BLG-0401,BLG42T0207.053017,17:53:16.16,-29:23:51.40,60402.77126,51.47,0.029,22.91,19.61,19.61,1,2.23,
KMT-2024-BLG-0402,BLG42T0603.009456,17:50:59.25,-29:55:13.80,60402.65681,0.78,0.752,18.77,17.81,17.81,1,3.22,
KMT-2024-BLG-0403,BLG42T0604.008444,17:50:41.47,-29:47:16.91,60403.36922,10.35,0.031,21.56,17.73,17.73,1,3.36,
KMT-2024-BLG-0404,BLG43M0401.026219,18:04:35.30,-27:57:12.60,60408.84383,43.75,0.041,21.91,18.63,18.63,1,1.14,OB240378
KMT-2024-BLG-0405,BLG43N0307.001518,18:04:57.66,-28:15:01.12,60407.26378,13.65,0.921,18.23,15.2,15.2,1,0.9,
KMT-2024-BLG-0406,BLG43T0703.106948,17:57:54.17,-28:46:27.70,60402.98823,199.95,0.005,25.54,20.0,20.35,1,1.41,
KMT-2024-BLG-0407,BLG01K0105.016843,17:53:50.87,-30:27:43.49,60413.3481,23.34,0.264,19.33,18.29,18.29,1,1.46,OB240437
KMT-2024-BLG-0408,BLG01K0405.005707,17:52:24.07,-30:32:30.70,60413.84669,7.63,0.76,17.15,17.14,17.14,1,2.62,OB240466
KMT-2024-BLG-0409,BLG02K0702.020099,17:50:26.85,-28:46:40.40,60404.82155,16.73,0.126,21.69,20.0,21.44,3,5.82,
KMT-2024-BLG-0410,BLG02M0701.002611,17:55:27.05,-28:55:20.32,60452.02566,30.58,1.0,16.82,16.25,16.25,2,2.03,
KMT-2024-BLG-0411,BLG02M0707.016068,17:55:11.58,-28:10:42.06,60454.27549,98.68,0.231,19.63,19.57,19.57,2,2.76,OB240363
KMT-2024-BLG-0412,BLG02N0602.025722,17:55:48.89,-29:54:40.79,60419.16032,175.07,0.003,22.26,18.79,18.79,1,1.54,OB240496
KMT-2024-BLG-0413,BLG02T0107.050968,17:54:04.77,-29:12:20.81,60406.25306,7.04,0.087,20.89,19.17,19.17,1,1.6,
KMT-2024-BLG-0414,BLG02T0202.087969,17:53:28.11,-29:52:27.80,60425.46814,57.73,0.065,19.86,19.83,19.83,1,1.59,OB240304 OB240351
KMT-2024-BLG-0415,SAO03N0702.028285,18:02:50.55,-28:51:35.78,60408.99511,25.9,0.303,19.89,18.5,18.5,1,0.98,OB240383
KMT-2024-BLG-0416,SAO04K0101.004328,18:03:27.38,-29:58:19.42,60413.58136,28.44,0.495,19.12,16.53,16.53,1,0.78,
KMT-2024-BLG-0417,BLG04M0306.033931,18:06:57.24,-29:15:29.20,60407.0308,9.61,0.363,19.28,19.25,19.25,1,1.05,
KMT-2024-BLG-0418,BLG04N0105.047436,18:08:07.48,-30:33:26.60,60403.57806,19.71,0.061,22.0,19.91,19.91,1,0.71,
KMT-2024-BLG-0419,BLG04N0607.010865,18:05:27.69,-30:21:20.99,60438.73513,89.24,0.018,20.21,18.23,18.23,1,1.24,OB240522
KMT-2024-BLG-0420,BLG11K0707.040206,17:23:33.07,-29:05:53.81,60409.66646,19.47,0.203,20.67,20.0,20.33,1,1.85,
KMT-2024-BLG-0421,BLG11K0804.054857,17:22:58.26,-29:24:49.50,60407.9728,5.44,0.494,19.95,20.0,20.98,2,1.89,
KMT-2024-BLG-0422,BLG11N0804.004477,17:27:46.16,-30:34:01.70,60426.73315,20.73,0.745,18.91,18.56,18.56,2,3.13,OB240536
KMT-2024-BLG-0423,BLG12N0106.027208,17:32:03.98,-28:14:28.46,60406.23426,42.09,0.045,23.18,20.0,20.4,2,2.32,
KMT-2024-BLG-0424,BLG12T0104.015556,17:26:53.15,-28:29:01.57,60415.06256,194.29,0.016,22.63,19.77,19.77,2,2.08,OB240474
KMT-2024-BLG-0425,BLG14N0806.012121,17:37:14.46,-29:14:14.39,60411.65539,9.19,0.228,19.73,19.66,19.66,2,3.62,
KMT-2024-BLG-0426,BLG14T0303.006456,17:35:19.78,-29:39:34.16,60408.4876,6.43,0.808,18.28,18.41,18.41,2,3.12,
KMT-2024-BLG-0427,BLG14T0601.044749,17:33:43.98,-29:52:13.44,60402.04689,9.88,0.405,20.64,20.0,21.23,2,2.92,
KMT-2024-BLG-0428,BLG15K0401.003110,17:34:27.21,-26:36:31.86,60420.53887,15.5,0.367,17.6,17.59,17.59,2,2.66,OB240403
KMT-2024-BLG-0429,BLG15M0205.101642,17:40:46.17,-26:08:24.22,60404.5423,20.85,0.043,22.75,20.0,22.47,2,2.77,
KMT-2024-BLG-0430,BLG15M0405.080659,17:39:24.96,-26:10:09.05,60408.59322,25.16,0.017,21.49,20.0,21.46,2,2.45,
KMT-2024-BLG-0431,BLG15N0601.121269,17:38:17.96,-27:43:52.43,60407.08664,10.68,0.895,19.9,20.0,25.0,3,2.47,
KMT-2024-BLG-0432,BLG16K0202.010949,17:35:60.00,-24:25:49.94,60415.46777,18.47,0.412,19.97,20.0,20.01,2,2.45,OB240507
KMT-2024-BLG-0433,BLG16K0301.014160,17:35:24.40,-24:30:34.09,60420.94529,51.78,0.774,20.14,20.0,20.84,2,3.35,
KMT-2024-BLG-0434,BLG16M0204.010241,17:40:43.48,-24:07:51.49,60403.19033,7.57,0.473,20.78,19.3,19.3,2,2.18,
KMT-2024-BLG-0435,BLG17K0302.001597,17:42:53.22,-32:59:49.60,60407.11122,4.86,0.997,17.5,17.09,17.09,2,3.2,
KMT-2024-BLG-0436,BLG17N0103.019355,17:49:36.15,-33:58:06.89,60420.85706,17.85,0.192,18.99,18.93,18.93,1,1.51,OB240492
KMT-2024-BLG-0437,BLG18K0708.090753,17:42:09.76,-25:46:23.52,60403.84453,29.96,0.096,22.82,20.0,22.35,3,2.87,
KMT-2024-BLG-0438,BLG18M0803.001275,17:46:36.95,-26:19:48.04,60425.98419,13.96,0.8,17.59,17.38,17.38,2,3.48,
KMT-2024-BLG-0439,BLG18T0308.025662,17:44:32.85,-26:50:53.09,60405.25901,3.91,0.576,20.0,20.0,20.59,2,3.42,
KMT-2024-BLG-0440,BLG19K0704.006294,17:42:27.70,-24:13:10.88,60429.78825,26.63,0.989,18.28,17.82,17.82,1,1.76,OB240480
KMT-2024-BLG-0441,BLG19M0502.012365,17:47:52.92,-24:26:57.44,60413.41865,51.75,0.659,19.36,19.43,19.43,2,2.57,OB240296
KMT-2024-BLG-0442,BLG21M0104.041653,17:59:10.66,-34:53:37.50,60408.15248,49.45,0.441,19.88,19.97,19.97,1,0.57,OB240232
KMT-2024-BLG-0443,BLG21M0402.016951,17:57:09.19,-35:04:26.29,60408.26159,6.89,0.595,18.8,18.82,18.82,1,0.77,
KMT-2024-BLG-0444,BLG21T0602.026386,17:51:02.96,-36:11:56.62,60443.05281,92.61,0.085,19.85,19.34,19.34,1,1.01,OB240181
KMT-2024-BLG-0445,BLG22K0404.017033,17:52:13.82,-32:41:55.72,60407.36754,8.88,0.3,21.02,18.79,18.79,1,1.56,
KMT-2024-BLG-0446,BLG22N0203.052262,17:58:14.12,-33:59:52.40,60404.64834,12.27,0.382,20.15,20.0,20.07,1,0.92,
KMT-2024-BLG-0447,BLG32N0405.058509,18:13:49.70,-28:29:42.11,60407.6001,14.56,0.897,19.66,19.97,19.97,1,0.45,
KMT-2024-BLG-0448,BLG32N0605.011818,18:12:33.79,-28:24:24.91,60411.91501,28.42,0.497,19.25,17.99,17.99,1,0.49,OB240435
KMT-2024-BLG-0449,BLG32T0601.082987,18:07:53.17,-28:56:08.59,60413.23082,18.27,0.229,20.58,20.0,21.87,2,0.73,
KMT-2024-BLG-0450,BLG35T0803.013741,17:59:53.39,-26:37:54.88,60463.21356,200.0,0.003,19.19,20.0,20.12,2,3.13,MB24029
KMT-2024-BLG-0451,BLG41K0606.048933,17:50:45.55,-30:32:52.40,60403.73056,4.6,0.616,19.79,20.0,20.17,1,2.68,
KMT-2024-BLG-0452,BLG41K0708.008637,17:50:24.72,-30:12:06.19,60426.64137,18.03,0.041,18.19,18.19,18.19,1,2.93,OB240348
KMT-2024-BLG-0453,BLG41N0404.043768,17:56:47.54,-31:51:28.80,60405.82634,8.26,0.276,20.59,19.7,19.7,1,1.34,
KMT-2024-BLG-0454,BLG41N0501.040092,17:56:15.54,-32:14:13.09,60430.45783,38.18,0.412,19.58,19.63,19.63,1,1.48,OB240584
KMT-2024-BLG-0455,BLG41N0804.011514,17:54:20.28,-31:49:19.60,60416.10531,24.4,0.483,19.6,18.26,18.26,1,1.96,
KMT-2024-BLG-0456,BLG42K0703.010871,17:50:26.78,-28:44:27.82,60404.6244,0.76,0.337,20.08,20.0,20.67,2,5.97,
KMT-2024-BLG-0457,BLG42M0301.084604,17:57:24.01,-29:02:05.32,60411.89691,199.86,0.005,24.23,19.83,19.83,1,1.33,OB240371
KMT-2024-BLG-0458,BLG42M0807.026712,17:54:23.42,-28:17:33.32,60407.61847,7.15,0.335,19.83,20.0,20.04,2,2.7,
KMT-2024-BLG-0459,BLG42T0301.006644,17:52:37.86,-30:09:50.40,60404.20962,3.22,0.795,18.68,16.8,16.8,2,1.67,
KMT-2024-BLG-0460,SAO42T0306.002245,17:52:38.70,-29:34:49.80,60427.80844,28.31,0.894,16.84,15.84,15.84,1,2.2,OB240355
KMT-2024-BLG-0461,BLG42T0801.007750,17:49:32.37,-30:05:27.42,60433.08578,32.74,0.306,18.65,18.68,18.68,2,4.38,OB240353
KMT-2024-BLG-0462,BLG43T0501.021299,17:59:12.10,-29:02:00.89,60419.49517,33.63,0.185,19.83,18.08,18.08,1,0.98,OB240369
KMT-2024-BLG-0463,BLG01K0101.010424,17:53:56.65,-31:00:08.39,60410.09952,13.52,0.111,19.87,18.02,18.02,1,2.0,
KMT-2024-BLG-0464,BLG01K0503.011969,17:51:42.70,-30:43:29.78,60408.80109,52.27,0.017,22.25,18.18,18.18,1,2.07,
KMT-2024-BLG-0465,BLG01N0305.052666,17:57:39.95,-31:38:05.21,60409.52804,8.37,0.399,19.84,19.94,19.94,1,1.49,
KMT-2024-BLG-0466,BLG02K0304.071439,17:52:50.43,-28:28:26.98,60411.51564,199.42,0.006,23.53,20.0,21.84,2,2.98,
KMT-2024-BLG-0467,BLG02N0108.092161,17:58:40.97,-29:08:48.41,60406.16183,4.76,0.19,20.57,19.96,19.96,1,1.04,
KMT-2024-BLG-0468,BLG03T0206.037565,18:01:10.10,-28:21:54.40,60410.52505,7.01,0.05,18.88,18.78,18.78,1,1.13,OB240385
KMT-2024-BLG-0469,BLG03T0707.057638,17:58:18.46,-28:12:24.80,60407.9922,6.26,0.093,20.25,19.92,19.92,1,2.18,OB240360
KMT-2024-BLG-0470,BLG11M0406.012963,17:30:10.18,-29:08:35.66,60409.46896,32.03,0.138,21.8,19.77,19.77,2,2.39,
KMT-2024-BLG-0471,BLG12K0503.001780,17:24:35.52,-27:26:19.79,60424.12809,14.16,0.678,17.06,17.04,17.04,2,2.11,OB240441
KMT-2024-BLG-0472,BLG14K0108.021431,17:36:09.81,-27:54:29.77,60410.14948,17.64,0.216,19.68,20.0,20.74,2,3.32,
KMT-2024-BLG-0473,BLG14M0606.005801,17:38:27.06,-28:08:16.51,60405.02655,33.51,1.0,18.73,18.29,18.29,2,2.98,OB240415
KMT-2024-BLG-0474,BLG14T0801.009599,17:32:24.82,-29:50:21.30,60446.56377,40.51,0.185,19.41,19.31,19.31,2,2.98,
KMT-2024-BLG-0475,BLG15M0204.021383,17:40:25.63,-26:19:00.62,60409.34184,5.38,0.063,20.13,20.0,20.3,2,2.79,
KMT-2024-BLG-0476,BLG16K0805.026235,17:32:41.11,-24:01:21.47,60413.79389,13.81,0.125,20.22,20.0,20.65,2,-9.99,
KMT-2024-BLG-0477,BLG16N0203.013281,17:40:55.55,-25:28:05.05,60428.36083,43.71,0.381,19.62,19.72,19.72,3,2.35,
KMT-2024-BLG-0478,BLG17K0406.011933,17:42:28.06,-32:28:27.01,60420.82144,29.31,0.667,20.01,20.0,21.14,2,5.5,
KMT-2024-BLG-0479,BLG17N0405.048505,17:47:41.36,-33:45:46.69,60408.19318,157.83,0.018,24.59,20.0,20.66,1,2.44,
KMT-2024-BLG-0480,BLG17N0508.065196,17:46:47.67,-33:22:08.76,60412.42009,41.87,0.124,21.5,20.0,21.47,2,2.13,
KMT-2024-BLG-0481,BLG17T0307.000557,17:42:59.50,-33:32:49.67,60470.06016,49.7,0.346,16.43,16.14,16.14,2,3.0,OB240412
KMT-2024-BLG-0482,BLG17T0505.026792,17:41:43.52,-33:44:28.36,60434.81901,54.42,0.633,19.94,20.0,20.23,2,2.41,
KMT-2024-BLG-0483,BLG18M0607.006162,17:47:22.44,-25:49:51.92,60418.80528,44.9,0.212,21.9,19.27,19.27,2,3.95,
KMT-2024-BLG-0484,BLG18T0702.002593,17:42:09.05,-27:36:11.95,60408.0805,29.36,0.036,22.44,17.73,17.73,2,3.54,
KMT-2024-BLG-0485,BLG20K0503.002008,17:43:32.39,-22:09:37.44,60401.42881,16.13,0.993,18.59,16.96,16.96,4,2.05,
KMT-2024-BLG-0486,BLG21N0505.018989,17:56:27.23,-35:52:05.81,60487.19676,144.49,0.205,19.83,19.57,19.57,1,0.83,OB240630
KMT-2024-BLG-0487,BLG22N0308.018933,17:57:44.95,-33:21:51.19,60408.16962,17.1,0.465,20.81,19.04,19.04,1,1.15,
KMT-2024-BLG-0488,BLG22T0405.015396,17:52:01.32,-33:43:32.02,60436.86095,48.01,0.421,19.7,19.68,19.68,2,2.18,
KMT-2024-BLG-0489,BLG32M0307.044776,18:14:31.00,-27:00:43.09,60406.79037,83.13,0.588,19.57,19.6,19.6,1,0.65,OB240242
KMT-2024-BLG-0490,BLG34K0806.044211,17:59:23.60,-31:25:24.20,60407.5091,7.99,0.677,19.77,19.83,19.83,1,1.59,
KMT-2024-BLG-0491,SSO35T0504.025336,18:01:54.22,-26:27:06.44,60406.9738,10.84,0.002,22.61,20.0,20.37,2,2.65,
KMT-2024-BLG-0492,SAO36K0508.001376,18:13:05.18,-22:42:58.75,60440.20625,102.77,0.199,16.34,16.46,16.46,4,1.89,OB240170
KMT-2024-BLG-0493,BLG37N0807.023627,17:45:01.95,-35:35:12.59,60428.15924,51.57,0.063,19.67,19.41,19.41,1,1.24,OB240529
KMT-2024-BLG-0494,BLG38T0404.025068,17:53:06.93,-23:08:49.96,60407.75799,4.81,0.629,19.96,20.0,20.14,4,2.47,
KMT-2024-BLG-0495,BLG41N0507.021306,17:56:25.39,-31:27:37.51,60408.73444,199.88,0.029,23.49,18.85,18.85,1,1.38,
KMT-2024-BLG-0496,BLG42M0503.038687,17:56:19.13,-28:47:09.82,60408.66348,6.19,0.168,20.86,19.07,19.07,1,2.04,OB240374
KMT-2024-BLG-0497,BLG42T0703.010812,17:50:12.01,-29:54:41.69,60414.85322,6.19,0.442,18.15,18.22,18.22,1,3.32,OB240352
KMT-2024-BLG-0498,BLG43K0504.079525,17:59:02.24,-27:31:33.46,60407.00151,20.12,0.04,21.92,20.0,21.19,3,1.78,
KMT-2024-BLG-0499,BLG43K0808.009464,17:57:17.09,-27:02:51.79,60409.88103,15.19,0.318,20.76,19.62,19.62,2,3.91,
KMT-2024-BLG-0500,BLG43M0703.057063,18:02:41.93,-27:38:55.72,60441.65547,200.0,0.008,19.56,19.46,19.46,1,1.29,MB24004 OB240379
KMT-2024-BLG-0501,SSO02N0302.087173,17:57:50.95,-29:53:48.73,60410.30111,14.99,0.043,21.27,20.0,25.0,3,1.64,
KMT-2024-BLG-0502,BLG03N0608.021968,18:03:40.47,-28:04:36.98,60428.66358,15.33,0.707,18.4,18.41,18.41,1,1.04,OB240432
KMT-2024-BLG-0503,BLG04K0802.056780,17:59:31.36,-29:50:46.39,60414.17746,15.56,0.094,20.15,19.24,19.24,1,1.21,
KMT-2024-BLG-0504,BLG04M0302.062368,18:06:58.36,-29:48:47.41,60409.33141,43.13,0.02,23.31,20.0,20.03,1,0.83,
KMT-2024-BLG-0505,BLG11K0404.011285,17:25:04.66,-29:31:03.29,60409.4525,5.91,0.096,19.01,18.67,18.67,1,1.75,
KMT-2024-BLG-0506,BLG11N0608.024757,17:29:22.98,-30:03:49.75,60433.55717,167.35,0.257,19.65,20.0,20.13,2,2.49,OB240537
KMT-2024-BLG-0507,BLG12K0506.010614,17:24:50.81,-27:04:31.87,60417.36765,16.91,0.311,19.84,20.0,20.42,2,2.61,
KMT-2024-BLG-0508,BLG13M0307.024132,17:38:05.14,-33:28:52.90,60410.05568,48.39,0.055,22.99,20.0,21.04,2,4.01,
KMT-2024-BLG-0509,BLG14M0103.004918,17:41:16.29,-28:31:25.46,60411.89952,23.89,0.119,19.31,19.18,19.18,2,4.36,
KMT-2024-BLG-0510,BLG15N0804.019739,17:37:15.12,-27:22:10.81,60417.23447,13.23,0.487,19.94,20.0,20.29,2,2.77,
KMT-2024-BLG-0511,BLG15T0303.015680,17:35:24.48,-27:28:21.14,60425.06552,44.39,0.57,20.56,19.75,19.75,2,2.39,
KMT-2024-BLG-0512,BLG17T0304.002101,17:42:56.24,-33:54:20.30,60406.97135,28.47,0.01,23.1,17.26,17.26,1,2.43,
KMT-2024-BLG-0513,BLG17T0304.009392,17:42:43.22,-33:54:23.69,60410.06344,30.58,0.999,19.51,19.11,19.11,1,2.47,
KMT-2024-BLG-0514,BLG18T0307.024557,17:44:16.34,-26:57:26.06,60408.70688,7.47,0.075,23.06,20.0,20.75,3,3.3,
KMT-2024-BLG-0515,BLG20T0205.033623,17:44:49.65,-23:05:44.38,60407.38082,84.69,0.029,23.54,20.0,20.0,2,1.59,
KMT-2024-BLG-0516,BLG21K0504.030834,17:51:15.29,-34:52:59.92,60431.26697,54.09,0.328,19.48,19.05,19.05,1,0.79,OB240282
KMT-2024-BLG-0517,BLG33K0405.042573,18:10:58.93,-29:28:40.19,60416.21177,20.24,0.697,19.63,19.6,19.6,1,0.73,
KMT-2024-BLG-0518,BLG36M0602.021167,18:17:31.44,-23:27:51.98,60407.90779,38.51,0.385,19.96,19.02,19.02,1,1.16,OB240498
KMT-2024-BLG-0519,BLG41N0404.010956,17:57:11.92,-31:53:55.72,60413.19586,6.69,0.043,19.16,18.41,18.41,1,1.56,
KMT-2024-BLG-0520,BLG42T0304.096063,17:52:35.10,-29:47:29.22,60410.55894,8.96,0.033,20.62,20.0,25.0,3,2.1,
KMT-2024-BLG-0521,BLG43N0407.051313,18:04:15.30,-28:18:03.89,60409.0558,7.92,0.887,19.11,19.15,19.15,1,0.83,
KMT-2024-BLG-0522,BLG01K0505.006923,17:51:35.31,-30:26:50.21,60422.57202,12.05,0.317,17.83,17.77,17.77,1,2.75,OB240425
KMT-2024-BLG-0523,BLG01M0705.049421,17:55:31.29,-30:27:05.18,60416.91608,23.89,0.08,21.53,20.0,20.39,1,2.33,
KMT-2024-BLG-0524,BLG02K0506.004229,17:51:42.32,-28:14:29.29,60482.54881,55.83,0.785,17.87,17.95,17.95,2,3.87,OB240446
KMT-2024-BLG-0525,BLG02N0208.045664,17:58:23.97,-29:10:19.20,60423.98171,53.97,0.269,19.98,18.95,18.95,1,1.08,OB240370
KMT-2024-BLG-0526,BLG02N0507.004864,17:56:40.24,-29:18:29.02,60423.42468,37.08,1.0,18.35,16.49,16.49,1,1.72,
KMT-2024-BLG-0527,BLG02T0208.068513,17:53:18.64,-29:11:13.09,60414.70744,11.35,0.034,20.24,19.64,19.64,1,2.17,OB240422
KMT-2024-BLG-0528,SSO03K0508.017095,17:59:07.95,-26:56:38.40,60412.75597,107.48,0.068,22.64,19.11,19.11,1,2.65,
KMT-2024-BLG-0529,BLG03T0508.006769,17:59:33.31,-28:06:41.29,60415.8333,5.46,0.268,17.33,17.34,17.34,1,1.95,OB240359
KMT-2024-BLG-0530,BLG04K0807.011538,17:59:35.25,-29:12:04.90,60409.44178,8.21,0.293,19.91,17.47,17.47,1,1.07,OB240368
KMT-2024-BLG-0531,BLG04M0304.002518,18:07:17.01,-29:35:32.78,60415.63573,29.03,0.112,19.44,15.94,15.94,1,0.73,
KMT-2024-BLG-0532,BLG04T0501.045942,18:00:56.29,-31:03:50.18,60411.48253,2.93,0.41,20.22,19.84,19.84,1,1.59,
KMT-2024-BLG-0533,BLG04T0703.001018,18:00:00.37,-30:47:23.60,60502.12583,89.73,0.629,16.83,15.58,15.58,1,1.57,MB24106 OB240562 OB240643
KMT-2024-BLG-0534,BLG15M0406.015564,17:39:27.96,-26:02:01.25,60419.10542,29.98,0.69,20.09,19.97,19.97,2,2.71,
KMT-2024-BLG-0535,SSO16N0707.019675,17:37:40.95,-24:54:35.82,60414.40355,20.63,0.09,20.11,20.0,20.23,2,2.28,
KMT-2024-BLG-0536,BLG17K0705.013681,17:40:49.14,-32:37:32.20,60409.49784,15.87,0.063,23.16,20.0,20.92,2,4.14,
KMT-2024-BLG-0537,BLG18K0302.106880,17:44:24.25,-26:27:43.34,60416.45867,199.75,0.002,24.27,20.0,25.0,3,3.44,
KMT-2024-BLG-0538,BLG18T0606.006120,17:42:31.57,-27:08:51.58,60407.66465,14.21,0.006,23.36,18.99,18.99,2,3.76,
KMT-2024-BLG-0539,BLG18T0803.069164,17:41:40.57,-27:28:19.34,60411.22768,2.04,0.172,20.54,20.0,21.48,2,3.31,
KMT-2024-BLG-0540,BLG19T0806.004728,17:41:40.04,-25:00:55.58,60410.53486,8.29,0.09,21.48,17.58,17.58,1,2.31,
KMT-2024-BLG-0541,SSO21T0802.005244,17:49:52.52,-36:16:16.28,60439.43193,38.6,0.298,18.04,17.94,17.94,1,0.92,OB240470
KMT-2024-BLG-0542,BLG35N0601.050512,18:05:59.54,-26:47:13.42,60411.99115,5.52,0.101,20.6,19.46,19.46,1,1.26,
KMT-2024-BLG-0543,BLG37N0104.021221,17:49:06.82,-35:59:51.79,60413.7329,6.4,0.095,19.0,19.01,19.01,1,0.92,
KMT-2024-BLG-0544,BLG37T0705.001151,17:40:10.24,-35:51:16.78,60429.85094,53.93,0.848,18.49,16.98,16.98,2,2.2,OB240554
KMT-2024-BLG-0545,BLG42N0304.043284,17:57:32.09,-29:47:59.89,60414.22598,30.85,0.133,20.89,19.12,19.12,1,1.56,OB240429
KMT-2024-BLG-0546,BLG42T0106.001505,17:53:25.86,-29:30:33.91,60411.6261,39.16,0.104,19.71,15.18,15.18,1,1.97,
KMT-2024-BLG-0547,BLG42T0202.054352,17:53:08.06,-29:58:52.61,60412.44264,13.95,0.088,20.6,19.26,19.26,1,1.82,OB240350
KMT-2024-BLG-0548,BLG42T0805.037473,17:49:37.81,-29:34:59.88,60409.79014,7.06,0.044,23.14,20.0,21.0,2,5.01,
KMT-2024-BLG-0549,BLG43T0506.009051,17:59:05.73,-28:24:43.70,60446.99105,82.04,0.998,17.18,17.16,17.16,1,1.35,
KMT-2024-BLG-0550,BLG01K0801.046381,17:49:46.86,-30:58:49.55,60414.62139,5.67,0.002,20.03,20.0,21.61,2,3.32,
KMT-2024-BLG-0551,BLG02N0507.025780,17:56:37.71,-29:15:38.30,60473.39149,139.16,0.996,18.58,18.78,18.78,1,1.84,OB240283
KMT-2024-BLG-0552,SSO04M0204.005383,18:07:57.61,-29:36:15.52,60452.27537,48.62,0.49,17.43,17.42,17.42,1,0.77,MB24012 OB240146
KMT-2024-BLG-0553,BLG12T0402.001995,17:25:31.33,-28:43:54.88,60422.42554,25.0,0.064,20.67,17.3,17.3,2,2.19,
KMT-2024-BLG-0554,BLG15M0508.057976,17:39:00.69,-25:50:21.30,60414.20916,7.18,0.245,19.91,20.0,22.34,3,3.5,
KMT-2024-BLG-0555,BLG15T0702.098372,17:32:51.67,-27:40:44.47,60434.87363,54.21,0.056,19.98,20.0,25.0,3,2.86,
KMT-2024-BLG-0556,BLG16T0702.002416,17:33:11.62,-25:30:28.30,60421.46165,43.68,0.816,20.08,20.0,20.82,2,5.38,
KMT-2024-BLG-0557,BLG17T0307.004473,17:42:50.59,-33:29:40.20,60426.97961,109.1,0.576,18.88,18.22,18.22,2,3.04,
KMT-2024-BLG-0558,BLG20N0603.020844,17:47:32.23,-23:19:52.00,60432.23004,42.42,0.93,18.9,18.92,18.92,1,1.77,OB240532
KMT-2024-BLG-0559,BLG20T0305.032485,17:44:34.96,-23:03:47.66,60444.77686,57.6,0.179,19.98,20.0,20.22,2,1.73,OB240728
KMT-2024-BLG-0560,BLG21N0304.007409,17:58:04.97,-36:00:48.71,60415.94619,17.72,0.609,19.0,18.46,18.46,4,0.6,OB240467
KMT-2024-BLG-0561,BLG21T0305.022149,17:52:57.79,-35:48:14.00,60436.69947,30.36,0.149,18.92,18.89,18.89,1,0.64,OB240504
KMT-2024-BLG-0562,BLG22N0808.049740,17:54:58.29,-33:25:29.86,60417.06501,17.89,0.523,20.07,20.0,20.25,2,1.3,
KMT-2024-BLG-0563,BLG22T0306.019475,17:52:38.21,-33:36:43.60,60417.76574,23.46,0.306,20.39,19.15,19.15,1,1.65,
KMT-2024-BLG-0564,BLG32K0305.002426,18:09:28.91,-27:18:21.60,60581.43382,125.49,0.674,16.04,16.06,16.06,1,0.99,
KMT-2024-BLG-0565,BLG32T0206.043364,18:10:32.14,-28:16:52.21,60416.06578,15.99,0.366,19.82,19.88,19.88,1,1.36,
KMT-2024-BLG-0566,BLG35K0801.006207,18:00:07.18,-25:43:52.79,60437.55998,45.01,0.36,19.95,19.92,19.92,2,4.74,
KMT-2024-BLG-0567,BLG37K0108.022896,17:44:19.61,-34:19:38.60,60416.19997,50.47,0.154,20.37,19.06,19.06,1,1.69,
KMT-2024-BLG-0568,BLG37M0405.029257,17:47:40.67,-34:41:42.22,60431.13744,49.01,0.377,19.54,18.99,18.99,1,1.13,OB240553
KMT-2024-BLG-0569,BLG41M0504.075267,17:56:23.71,-30:43:37.81,60467.46044,150.89,0.445,19.32,19.92,19.92,1,1.49,
KMT-2024-BLG-0570,BLG01N0208.007641,17:58:22.23,-31:12:46.19,60425.3848,42.13,0.982,19.06,18.18,18.18,1,1.83,
KMT-2024-BLG-0571,BLG02K0203.014003,17:53:34.73,-28:36:07.45,60451.43299,95.03,0.024,20.13,18.68,18.68,2,2.68,MB24022 OB240423
KMT-2024-BLG-0572,SSO02M0305.058639,17:57:48.57,-28:22:38.39,60426.57289,30.61,0.145,20.03,19.45,19.45,1,1.61,OB240453
KMT-2024-BLG-0573,SSO02T0103.005697,17:53:52.66,-29:43:18.98,60416.01613,1.79,0.396,16.83,16.13,16.13,1,1.53,OB240449
KMT-2024-BLG-0574,SSO03T0601.000428,17:58:57.99,-28:56:30.30,60428.22787,9.21,0.561,14.13,13.87,13.87,1,1.19,OB240456
KMT-2024-BLG-0575,BLG04K0502.031784,18:01:10.47,-29:47:41.89,60424.55562,16.47,0.493,19.1,18.75,18.75,1,1.24,
KMT-2024-BLG-0576,BLG04N0206.017599,18:07:30.73,-30:25:46.20,60420.16677,187.31,0.016,22.11,18.88,18.88,1,0.94,OB240289
KMT-2024-BLG-0577,BLG11M0108.048862,17:32:01.65,-28:53:52.94,60416.30817,128.87,0.003,23.93,20.0,21.27,2,2.78,
KMT-2024-BLG-0578,BLG11M0606.031663,17:29:21.67,-29:09:00.00,60419.3337,199.48,0.008,22.16,19.93,19.93,2,2.12,OB240472
KMT-2024-BLG-0579,SSO14N0708.000897,17:37:43.09,-29:02:06.00,60480.06609,199.95,0.021,19.83,16.57,16.57,2,3.29,OB240601
KMT-2024-BLG-0580,BLG14T0501.055753,17:34:22.58,-29:57:07.67,60418.0903,24.13,0.118,21.18,20.0,21.34,2,2.84,
KMT-2024-BLG-0581,BLG18M0707.005546,17:47:02.81,-25:49:27.73,60432.48761,33.35,0.797,18.75,18.51,18.51,2,3.55,
KMT-2024-BLG-0582,BLG22N0205.003467,17:58:18.74,-33:45:44.21,60443.6024,19.04,0.495,17.11,17.09,17.09,1,0.88,OB240565
KMT-2024-BLG-0583,BLG32M0202.004959,18:15:00.10,-27:39:25.81,60416.83729,40.58,0.173,20.55,17.15,17.15,1,0.52,
KMT-2024-BLG-0584,BLG35N0202.084581,18:07:55.10,-26:41:40.99,60419.41551,198.34,0.02,22.3,20.0,20.63,1,1.09,
KMT-2024-BLG-0585,BLG38T0204.000526,17:53:47.03,-23:11:10.68,60433.21173,25.58,0.452,16.27,15.46,15.46,4,3.3,
KMT-2024-BLG-0586,SSO38T0808.010444,17:50:58.47,-22:36:35.78,60406.53151,193.23,0.019,23.48,18.87,18.87,1,2.34,
KMT-2024-BLG-0587,BLG41K0407.001503,17:51:54.12,-30:19:22.26,60448.48295,20.36,0.887,15.82,15.87,15.87,2,2.2,MB24021 OB240448
KMT-2024-BLG-0588,SSO41K0506.040956,17:51:08.75,-30:31:21.00,60412.34544,21.4,0.31,20.37,20.0,20.3,1,2.81,
KMT-2024-BLG-0589,BLG42K0206.022359,17:53:11.30,-28:20:49.60,60414.66833,21.45,0.232,21.38,19.45,19.45,2,2.66,OB240424
KMT-2024-BLG-0590,SSO43T0205.083027,18:00:45.21,-28:30:29.41,60412.90948,39.85,0.008,23.85,19.75,19.75,1,1.3,
KMT-2024-BLG-0591,SSO43T0402.049545,17:59:18.08,-28:59:25.40,60415.23525,5.62,0.009,22.2,18.91,18.91,1,1.02,
KMT-2024-BLG-0592,SSO04K0503.019369,18:00:51.28,-29:40:07.28,60430.89985,37.45,0.909,18.58,18.43,18.43,1,1.4,OB240762
KMT-2024-BLG-0593,SSO18M0707.003476,17:47:11.43,-25:51:24.77,60415.35438,18.52,0.052,21.6,18.03,18.03,2,3.56,
KMT-2024-BLG-0594,BLG33N0205.003339,18:17:15.29,-30:32:47.54,60443.9154,64.61,1.0,17.71,17.64,17.64,4,0.53,OB240209
KMT-2024-BLG-0595,BLG37N0401.024605,17:47:38.41,-36:21:35.32,60530.06725,130.48,0.092,19.52,19.47,19.47,1,0.87,
KMT-2024-BLG-0596,SSO42T0808.013818,17:49:37.57,-29:18:19.84,60420.31597,8.15,0.154,19.7,20.0,20.69,2,5.96,OB240450
KMT-2024-BLG-0597,SSO43K0107.020185,18:01:21.13,-27:11:41.50,60416.46212,3.12,0.028,21.91,19.05,19.05,1,2.08,
KMT-2024-BLG-0598,BLG01K0106.014847,17:54:00.30,-30:19:48.97,60428.46763,6.78,1.0,18.03,18.14,18.14,2,1.54,OB240447
KMT-2024-BLG-0599,BLG01T0106.035021,17:54:09.73,-31:26:47.51,60422.50372,23.85,0.494,20.28,19.46,19.46,1,1.65,
KMT-2024-BLG-0600,SSO01T0207.069038,17:53:09.87,-31:20:19.61,60426.12453,28.26,0.08,20.69,20.0,20.35,1,1.97,OB240572
KMT-2024-BLG-0601,SSO04T0402.025236,18:01:39.71,-30:52:35.90,60418.05855,55.2,0.031,22.26,19.16,19.16,1,1.39,
KMT-2024-BLG-0602,BLG14M0707.019097,17:37:45.56,-27:58:03.47,60444.27108,44.42,0.031,19.88,20.0,20.41,2,3.77,
KMT-2024-BLG-0603,BLG19T0406.005718,17:44:02.66,-25:04:40.04,60428.74919,15.97,0.002,18.74,18.75,18.75,2,2.78,OB240557
KMT-2024-BLG-0604,SSO22M0602.007955,17:56:16.35,-33:03:32.18,60416.75713,3.74,0.201,20.21,18.02,18.02,1,1.23,
KMT-2024-BLG-0605,BLG41M0801.002919,17:54:20.56,-31:08:26.59,60420.43955,3.31,0.499,16.28,16.11,16.11,1,1.67,
KMT-2024-BLG-0606,BLG41N0604.019457,17:55:46.60,-31:53:55.00,60417.73677,3.84,0.709,19.55,18.65,18.65,1,1.35,
KMT-2024-BLG-0607,SSO42M0707.008161,17:55:11.06,-28:19:11.06,60418.30376,199.87,0.026,22.94,18.03,18.03,2,2.49,OB240454
KMT-2024-BLG-0608,SSO42T0704.043501,17:50:23.99,-29:43:20.21,60420.31115,187.69,0.028,23.4,20.0,20.36,1,3.05,
KMT-2024-BLG-0609,SSO43N0706.084833,18:02:48.33,-28:30:14.40,60422.73368,5.25,0.262,19.92,19.93,19.93,1,1.23,OB240462
KMT-2024-BLG-0610,SSO43N0803.050287,18:02:24.46,-28:48:49.10,60428.83646,199.99,0.358,19.96,18.98,18.98,1,0.87,
KMT-2024-BLG-0611,BLG02K0306.016512,17:52:36.72,-28:13:30.11,60423.99424,5.66,0.43,19.02,19.32,19.32,2,4.01,OB240445
KMT-2024-BLG-0612,BLG02K0602.016416,17:51:08.73,-28:45:44.86,60425.10168,23.48,0.499,20.13,19.95,19.95,2,4.09,OB240443
KMT-2024-BLG-0613,BLG02M0804.040635,17:54:51.02,-28:30:20.77,60423.33857,12.23,0.086,20.74,20.0,20.02,2,2.27,
KMT-2024-BLG-0614,BLG02T0203.024080,17:53:27.39,-29:47:24.50,60444.37522,30.35,0.113,18.7,18.36,18.36,1,1.64,OB240426
KMT-2024-BLG-0615,BLG03M0308.048451,18:05:05.87,-26:56:08.09,60419.42333,8.98,0.154,19.83,19.28,19.28,1,1.0,OB240461
KMT-2024-BLG-0616,BLG04N0301.034953,18:07:13.09,-31:02:57.70,60436.22951,27.53,0.46,19.46,19.59,19.59,1,0.81,
KMT-2024-BLG-0617,SSO04N0704.041337,18:04:37.31,-30:37:04.80,60419.57974,21.55,0.018,20.2,19.59,19.59,1,1.16,
KMT-2024-BLG-0618,BLG11N0404.009908,17:30:13.26,-30:37:33.71,60427.80653,16.82,0.77,19.33,19.43,19.43,2,3.16,
KMT-2024-BLG-0619,BLG14M0806.020713,17:37:12.86,-28:09:35.10,60429.57278,21.66,0.345,19.75,20.0,20.98,2,3.84,
KMT-2024-BLG-0620,BLG14T0203.030573,17:35:54.08,-29:39:26.96,60418.57665,1.48,0.124,19.95,20.0,20.56,2,3.15,
KMT-2024-BLG-0621,BLG14T0806.038668,17:32:23.48,-29:15:06.91,60423.1865,33.18,0.065,21.32,20.0,20.66,2,2.53,
KMT-2024-BLG-0622,BLG15K0504.046362,17:34:11.67,-26:14:04.31,60421.46439,10.08,0.375,19.93,20.0,21.39,2,2.75,
KMT-2024-BLG-0623,BLG15M0403.011692,17:39:31.12,-26:21:37.12,60433.38092,27.71,0.005,19.98,20.0,20.02,2,3.29,OB240577
KMT-2024-BLG-0624,SSO15N0703.001015,17:38:03.87,-27:34:16.50,60440.73201,16.13,0.498,17.02,17.1,17.1,2,3.15,OB240506
KMT-2024-BLG-0625,BLG15N0802.006325,17:37:00.84,-27:37:47.06,60428.9057,29.34,0.478,19.95,19.32,19.32,2,3.67,
KMT-2024-BLG-0626,BLG17M0104.035406,17:49:04.97,-32:45:44.32,60425.75977,35.87,0.012,21.46,20.0,21.09,1,2.84,
KMT-2024-BLG-0627,BLG18K0304.096540,17:44:13.10,-26:15:59.44,60415.49261,42.1,0.171,22.02,20.0,24.3,2,3.1,
KMT-2024-BLG-0628,BLG18K0401.046634,17:44:09.19,-26:37:19.56,60419.45402,18.87,0.075,22.48,20.0,21.23,2,3.4,
KMT-2024-BLG-0629,BLG22K0102.021485,17:54:12.22,-33:02:30.80,60425.77677,50.71,0.015,22.71,18.91,18.91,1,1.42,
KMT-2024-BLG-0630,BLG22M0107.051124,17:58:49.08,-32:20:04.99,60428.36797,37.52,0.303,20.82,20.0,20.09,1,1.35,
KMT-2024-BLG-0631,BLG22N0301.016108,17:57:43.64,-34:16:21.22,60431.63865,13.53,0.275,18.58,18.63,18.63,1,0.8,OB240564
KMT-2024-BLG-0632,BLG32M0708.008197,18:12:07.74,-26:57:15.08,60429.31856,54.03,0.06,20.5,17.87,17.87,1,0.87,OB240527
KMT-2024-BLG-0633,SAO33T0605.022148,18:09:43.97,-30:31:17.90,60422.92321,10.44,0.365,18.99,19.0,19.0,1,0.75,
KMT-2024-BLG-0634,BLG35N0502.022399,18:06:35.44,-26:42:42.19,60424.39046,15.07,0.474,19.3,18.47,18.47,1,0.85,
KMT-2024-BLG-0635,BLG37M0701.000699,17:45:52.07,-35:14:30.59,60472.63632,33.07,0.627,15.0,14.99,14.99,1,1.24,
KMT-2024-BLG-0636,BLG41K0107.031522,17:53:40.80,-30:25:53.00,60416.99185,2.92,0.693,19.33,18.94,18.94,1,1.55,
KMT-2024-BLG-0637,BLG41T0106.030532,17:53:38.85,-31:36:36.29,60419.70354,19.18,0.188,20.89,19.53,19.53,1,2.09,
KMT-2024-BLG-0638,BLG41T0304.049997,17:52:16.47,-31:52:43.90,60431.65365,23.68,0.181,20.4,20.0,20.09,1,2.24,
KMT-2024-BLG-0639,BLG42K0406.034500,17:52:01.47,-28:26:20.44,60416.33816,4.27,0.515,19.9,20.0,20.54,2,3.4,
KMT-2024-BLG-0640,BLG42N0107.033403,17:58:40.85,-29:24:41.00,60418.83197,19.04,0.032,23.0,18.72,18.72,1,1.24,
KMT-2024-BLG-0641,BLG43K0102.046321,18:01:19.00,-27:50:51.11,60450.26158,68.61,0.039,19.83,19.09,19.09,1,1.3,MB24010 OB240459 OB240547
KMT-2024-BLG-0642,BLG43M0303.107335,18:04:47.06,-27:43:11.60,60417.76655,13.72,0.218,21.19,20.0,22.71,2,0.97,
KMT-2024-BLG-0643,BLG43T0306.082014,18:00:04.93,-28:25:05.70,60428.88728,43.01,0.104,20.32,19.75,19.75,1,1.25,OB240463
KMT-2024-BLG-0644,SSO02M0701.043819,17:55:38.34,-28:52:44.58,60399.12381,199.59,0.068,21.57,19.67,19.67,2,1.83,
KMT-2024-BLG-0645,BLG02N0502.013275,17:56:23.66,-29:57:20.20,60419.76717,4.67,0.168,20.26,18.23,18.23,1,1.7,
KMT-2024-BLG-0646,SAO02T0702.001367,17:50:24.11,-29:54:07.49,60419.3885,20.17,0.032,22.64,15.93,15.93,1,3.34,
KMT-2024-BLG-0647,BLG03K0106.008773,18:01:31.20,-27:13:26.18,60424.40284,7.67,0.931,19.26,18.25,18.25,1,2.06,
KMT-2024-BLG-0648,BLG03N0503.072536,18:04:01.06,-28:43:54.70,60419.33466,17.57,0.053,22.78,19.65,19.65,1,0.81,
KMT-2024-BLG-0649,BLG03T0805.072726,17:57:30.13,-28:24:56.02,60418.70029,0.85,0.312,21.06,19.84,19.84,1,1.63,
KMT-2024-BLG-0650,BLG04K0205.019952,18:02:41.42,-29:28:23.48,60448.31634,44.45,0.571,18.85,18.53,18.53,1,1.01,OB240642
KMT-2024-BLG-0651,SAO04K0501.038279,18:01:08.77,-29:59:53.99,60420.19134,9.45,0.515,18.74,18.93,18.93,1,0.97,OB240524
KMT-2024-BLG-0652,BLG11N0806.004229,17:27:38.70,-30:17:01.79,60440.55091,52.84,0.959,18.34,18.01,18.01,2,2.47,
KMT-2024-BLG-0653,BLG12T0108.076991,17:27:18.54,-27:59:00.24,60418.55595,2.44,0.234,19.96,20.0,22.35,2,2.31,
KMT-2024-BLG-0654,BLG14M0602.084710,17:38:18.51,-28:41:11.80,60420.04534,9.53,0.026,21.18,20.0,22.35,2,3.58,
KMT-2024-BLG-0655,BLG14T0608.106317,17:33:19.52,-28:57:26.50,60418.68214,32.39,0.008,23.71,20.0,25.0,3,3.16,
KMT-2024-BLG-0656,BLG15N0601.009830,17:38:36.98,-27:49:29.71,60421.81366,12.81,0.056,20.51,18.83,18.83,2,2.49,
KMT-2024-BLG-0657,BLG17M0404.025617,17:47:42.62,-32:43:04.40,60418.93702,14.14,0.009,23.51,20.0,21.12,2,2.94,
KMT-2024-BLG-0658,BLG17N0401.007621,17:47:34.83,-34:15:31.72,60429.99911,30.16,0.982,19.63,17.98,17.98,1,1.4,
KMT-2024-BLG-0659,BLG18T0306.034099,17:44:17.09,-27:08:03.01,60436.59564,32.64,0.185,20.33,20.0,21.35,2,4.14,
KMT-2024-BLG-0660,BLG18T0608.062200,17:42:47.14,-26:53:54.64,60420.99027,8.24,0.598,20.47,20.0,22.23,2,3.69,
KMT-2024-BLG-0661,BLG21M0806.010427,17:55:03.32,-34:39:33.19,60425.80706,21.61,0.204,19.52,18.23,18.23,1,0.81,OB240563
KMT-2024-BLG-0662,BLG33T0401.017752,18:10:57.86,-31:03:02.20,60419.96748,9.81,0.81,18.87,18.88,18.88,1,0.53,
KMT-2024-BLG-0663,BLG37K0602.047384,17:41:12.47,-35:07:17.15,60430.98322,31.17,0.252,20.35,20.0,20.71,2,1.85,OB240574
KMT-2024-BLG-0664,BLG42K0405.030326,17:52:15.21,-28:29:14.06,60420.1019,96.93,0.019,24.26,20.0,20.73,2,3.2,
KMT-2024-BLG-0665,SAO43K0504.046925,17:59:05.17,-27:37:21.61,60426.40046,57.26,0.066,21.51,19.54,19.54,1,2.06,OB240455
KMT-2024-BLG-0666,BLG43M0101.039085,18:06:09.77,-27:56:01.79,60428.05534,17.84,0.387,20.1,18.85,18.85,1,0.78,
KMT-2024-BLG-0667,BLG43N0208.008586,18:05:37.81,-28:13:04.01,60472.3086,36.84,0.38,17.65,17.39,17.39,1,0.74,MB24014 OB240569
KMT-2024-BLG-0668,BLG43T0702.015233,17:57:42.69,-28:58:40.80,60443.87399,24.5,0.089,18.43,18.04,18.04,1,1.48,OB240495
KMT-2024-BLG-0669,BLG01T0201.060575,17:53:34.44,-32:06:36.40,60427.836,15.47,0.056,20.82,20.0,20.5,1,2.2,
KMT-2024-BLG-0670,BLG01T0506.005949,17:51:27.32,-31:30:14.40,60439.16032,19.88,0.605,18.66,18.2,18.2,1,3.15,OB240571
KMT-2024-BLG-0671,BLG02M0102.072665,17:58:52.17,-28:49:02.78,60436.23497,182.57,0.015,22.82,19.36,19.36,1,0.98,
KMT-2024-BLG-0672,BLG02M0602.071803,17:56:02.03,-28:47:21.52,60433.65541,26.49,0.371,19.77,19.82,19.82,1,1.8,OB240458
KMT-2024-BLG-0673,BLG02T0205.001844,17:53:37.39,-29:32:43.51,60419.43513,46.7,0.004,22.58,15.45,15.45,1,1.88,
KMT-2024-BLG-0674,BLG02T0308.026896,17:52:53.91,-29:07:01.49,60431.541,14.61,0.347,18.73,18.85,18.85,1,2.44,OB240442
KMT-2024-BLG-0675,BLG02T0408.024921,17:52:26.84,-29:10:47.60,60422.65703,12.64,0.173,20.99,19.27,19.27,1,2.54,
KMT-2024-BLG-0676,BLG03M0607.003997,18:03:28.07,-27:06:13.72,60441.69303,12.64,0.394,16.86,16.87,16.87,1,2.06,OB240460
KMT-2024-BLG-0677,BLG03T0404.067785,17:59:57.04,-28:37:26.69,60423.66842,5.79,0.17,19.45,19.46,19.46,1,1.28,OB240457
KMT-2024-BLG-0678,BLG04T0702.016471,17:59:48.89,-30:57:03.82,60424.5172,12.75,0.008,21.74,19.09,19.09,1,1.8,
KMT-2024-BLG-0679,BLG11N0306.003883,17:30:39.07,-30:22:51.96,60423.37146,10.77,0.17,20.5,17.73,17.73,2,2.55,
KMT-2024-BLG-0680,BLG11N0802.072806,17:28:09.39,-30:52:11.86,60423.20686,27.9,0.103,22.18,20.0,22.28,2,3.12,
KMT-2024-BLG-0681,BLG11T0605.006047,17:24:11.00,-30:26:13.85,60435.10444,24.15,0.797,19.66,19.24,19.24,2,2.74,
KMT-2024-BLG-0682,BLG12K0601.004152,17:24:23.95,-27:41:07.51,60440.61733,14.68,0.203,18.14,18.1,18.1,1,1.76,
KMT-2024-BLG-0683,BLG12N0104.036569,17:32:07.31,-28:27:55.26,60421.58541,3.93,0.715,19.92,20.0,20.55,2,2.48,
KMT-2024-BLG-0684,BLG14K0407.016580,17:34:52.17,-28:01:43.00,60421.40594,11.99,0.008,23.33,19.98,19.98,2,2.87,
KMT-2024-BLG-0685,SAO14K0408.064716,17:34:27.39,-27:56:16.87,60428.97123,16.49,0.442,20.02,20.0,21.47,2,2.89,
KMT-2024-BLG-0686,BLG14M0608.041127,17:38:17.55,-27:54:03.78,60420.67808,7.13,0.035,22.68,20.0,20.81,2,3.08,
KMT-2024-BLG-0687,BLG14M0702.026444,17:37:44.17,-28:40:48.40,60441.10325,48.35,0.439,19.99,20.0,20.47,2,3.14,OB240659
KMT-2024-BLG-0688,SAO14N0707.094376,17:37:41.82,-29:11:37.50,60424.11132,36.91,0.021,21.5,20.0,22.26,2,3.46,
KMT-2024-BLG-0689,BLG14T0204.103483,17:35:47.98,-29:34:35.65,60419.86052,6.83,0.302,21.72,20.0,25.0,3,3.07,
KMT-2024-BLG-0690,BLG15K0402.071176,17:34:50.29,-26:33:02.63,60422.88002,10.39,0.175,21.7,20.0,21.88,2,2.77,
KMT-2024-BLG-0691,BLG15N0402.032237,17:39:25.40,-27:41:53.77,60428.01548,8.18,0.859,19.46,20.0,20.57,2,2.9,
KMT-2024-BLG-0692,BLG16K0105.031499,17:36:40.15,-24:01:40.51,60422.63034,75.95,0.032,23.61,20.0,20.71,2,2.12,
KMT-2024-BLG-0693,BLG16M0602.009941,17:38:29.58,-24:24:00.00,60426.39372,14.52,0.387,20.3,18.93,18.93,2,1.61,
KMT-2024-BLG-0694,BLG17M0603.004127,17:46:11.99,-32:53:30.44,60430.73732,198.85,0.653,19.28,19.01,19.01,2,3.66,OB240274
KMT-2024-BLG-0695,BLG18K0407.087991,17:43:55.38,-25:54:26.24,60427.77016,16.38,0.083,20.85,20.0,21.94,2,2.87,
KMT-2024-BLG-0696,BLG18T0604.072584,17:42:50.33,-27:21:06.12,60420.79011,11.87,0.39,21.14,20.0,21.9,3,3.4,
KMT-2024-BLG-0697,BLG19T0507.017492,17:43:27.42,-24:53:10.86,60425.77803,14.33,0.007,21.36,20.0,20.21,2,2.74,
KMT-2024-BLG-0698,BLG19T0804.016228,17:41:53.12,-25:15:38.09,60419.87506,2.77,0.236,20.51,19.53,19.53,1,2.6,
KMT-2024-BLG-0699,BLG20K0201.003587,17:45:10.61,-22:23:35.23,60430.5639,66.11,0.062,21.99,17.84,17.84,4,2.01,
KMT-2024-BLG-0700,BLG20M0106.009821,17:50:10.58,-21:49:39.43,60421.40646,7.7,0.999,19.89,19.61,19.61,4,2.99,
KMT-2024-BLG-0701,SAO21M0804.011196,17:55:04.37,-34:51:43.70,60433.28921,15.23,0.18,19.13,18.43,18.43,1,0.89,OB240631
KMT-2024-BLG-0702,BLG22K0507.029723,17:51:42.44,-32:19:10.60,60435.10594,31.38,0.146,20.76,19.75,19.75,1,2.21,
KMT-2024-BLG-0703,BLG22M0503.057054,17:56:43.98,-32:53:59.39,60426.30606,15.14,0.104,20.21,20.0,20.04,1,1.16,
KMT-2024-BLG-0704,BLG32T0806.033681,18:06:40.09,-28:18:15.52,60428.35901,46.75,0.256,20.98,18.96,18.96,1,0.99,
KMT-2024-BLG-0705,BLG33M0101.038340,18:17:43.79,-29:55:26.51,60423.66037,47.34,0.362,21.09,20.0,20.94,2,0.46,
KMT-2024-BLG-0706,BLG33N0306.004501,18:16:23.55,-30:27:41.04,60432.81834,77.45,0.062,21.76,18.04,18.04,4,0.57,OB240436
KMT-2024-BLG-0707,BLG34K0208.018143,18:03:11.08,-31:13:30.29,60432.69852,20.68,0.678,19.19,18.8,18.8,1,1.1,OB240525
KMT-2024-BLG-0708,BLG34M0505.009435,18:06:18.68,-31:35:37.79,60439.37325,36.67,0.999,18.66,18.2,18.2,1,0.78,OB240502
KMT-2024-BLG-0709,BLG34T0108.049208,18:03:32.14,-32:18:56.99,60434.61115,30.36,0.031,20.17,20.0,20.12,1,1.04,OB240587
KMT-2024-BLG-0710,SSO34T0703.034236,17:59:41.51,-32:56:32.78,60423.87268,19.53,0.206,20.44,19.45,19.45,1,1.04,
KMT-2024-BLG-0711,BLG35T0404.036385,18:02:12.40,-26:30:36.25,60423.22133,23.88,0.029,21.07,20.0,20.67,2,2.5,
KMT-2024-BLG-0712,BLG37M0606.007539,17:46:08.62,-34:36:44.32,60505.1915,73.95,0.432,17.96,18.04,18.04,1,1.62,MB24049 OB240886
KMT-2024-BLG-0713,BLG37N0103.048366,17:49:38.21,-36:04:03.68,60430.96124,23.98,0.09,20.15,20.0,20.33,1,0.92,
KMT-2024-BLG-0714,BLG38N0202.000085,17:58:41.27,-23:21:49.64,60512.86951,186.61,0.984,15.47,14.62,14.62,4,4.88,
KMT-2024-BLG-0715,BLG41N0307.042787,17:57:33.98,-31:28:01.09,60431.68451,47.62,0.239,20.97,19.73,19.73,1,1.57,
KMT-2024-BLG-0716,BLG41N0308.054473,17:57:27.27,-31:24:10.12,60430.18496,17.79,0.55,19.98,20.0,20.18,1,1.63,
KMT-2024-BLG-0717,SAO42T0101.010466,17:53:49.83,-30:08:09.71,60423.20109,197.0,0.006,24.25,17.54,17.54,1,1.47,
KMT-2024-BLG-0718,SAO42T0405.014858,17:52:01.72,-29:42:15.30,60422.85683,6.94,0.198,20.73,17.96,17.96,1,2.63,
KMT-2024-BLG-0719,BLG43N0508.001352,18:03:44.38,-28:10:10.99,60444.81129,65.8,0.954,17.34,15.19,15.19,1,1.07,
KMT-2024-BLG-0720,BLG43T0606.016971,17:58:27.12,-28:25:23.41,60430.4634,19.77,0.8,18.88,18.23,18.23,1,1.6,OB240452
KMT-2024-BLG-0721,SSO02M0308.038782,17:57:32.29,-28:01:15.10,60425.96923,8.45,0.013,20.72,19.73,19.73,1,2.4,OB240493
KMT-2024-BLG-0722,BLG11N0408.000314,17:29:58.14,-30:03:07.63,60436.56325,51.45,0.085,19.76,15.29,15.29,2,2.26,OB240603
KMT-2024-BLG-0723,BLG14K0608.043777,17:33:17.91,-27:55:51.89,60425.42858,46.46,0.028,22.62,20.0,21.04,2,2.87,
KMT-2024-BLG-0724,BLG02K0704.010273,17:50:32.09,-28:30:30.89,60425.42668,4.55,0.54,19.82,20.0,20.01,2,5.6,OB240488
KMT-2024-BLG-0725,BLG02M0703.062428,17:55:25.39,-28:38:36.64,60427.49172,9.42,0.613,19.88,20.0,20.63,2,2.47,
KMT-2024-BLG-0726,BLG15M0503.001574,17:38:53.82,-26:25:49.55,60451.78325,13.22,0.522,17.4,17.48,17.48,2,3.18,OB240600
KMT-2024-BLG-0727,BLG15N0404.036101,17:39:48.34,-27:26:29.58,60422.91479,2.79,0.062,20.61,20.0,20.41,2,2.91,
KMT-2024-BLG-0728,BLG15T0504.019511,17:34:20.85,-27:25:07.50,60436.40585,33.89,0.2,21.09,20.0,20.55,1,3.14,OB240556
KMT-2024-BLG-0729,BLG18K0803.042365,17:41:50.19,-26:25:21.97,60424.34472,2.1,0.061,20.05,20.0,21.34,2,3.31,
KMT-2024-BLG-0730,BLG19K0801.045242,17:41:46.35,-24:34:27.59,60424.68694,3.9,0.145,21.41,20.0,20.33,1,2.16,
KMT-2024-BLG-0731,SSO20K0105.010526,17:45:34.42,-21:54:49.14,60423.13081,5.99,0.084,20.63,18.89,18.89,4,1.77,
KMT-2024-BLG-0732,BLG22M0606.027677,17:56:06.32,-32:28:37.31,60432.43623,18.13,0.492,19.85,19.48,19.48,1,1.67,
KMT-2024-BLG-0733,BLG32T0203.036367,18:10:02.60,-28:42:00.00,60427.38779,30.97,0.768,19.35,19.26,19.26,1,0.85,OB240570
KMT-2024-BLG-0734,BLG33K0302.026463,18:11:30.28,-29:48:50.51,60473.87592,60.73,0.045,18.97,18.99,18.99,1,0.53,MB24032 OB240551
KMT-2024-BLG-0735,BLG33T0608.058641,18:10:04.33,-30:10:24.20,60421.00473,24.72,0.179,21.44,20.0,20.6,1,0.84,
KMT-2024-BLG-0736,BLG37K0303.031244,17:43:04.14,-34:58:24.06,60424.37732,10.42,0.264,20.71,20.0,20.04,2,1.83,
KMT-2024-BLG-0737,BLG04K0703.066688,17:59:49.82,-29:37:30.40,60424.41113,8.47,0.065,22.0,19.71,19.71,1,1.29,OB240494
KMT-2024-BLG-0738,SAO04M0401.026668,18:06:39.54,-29:55:34.28,60424.55805,2.59,0.058,19.96,19.01,19.01,1,0.93,
KMT-2024-BLG-0739,BLG04T0406.025549,18:01:37.99,-30:28:45.08,60427.47902,6.06,0.91,18.77,18.7,18.7,1,1.05,
KMT-2024-BLG-0740,BLG04T0508.035690,18:01:16.65,-30:08:41.32,60429.04069,22.51,0.3,19.73,18.93,18.93,1,0.98,
KMT-2024-BLG-0741,BLG11K0308.021322,17:26:01.46,-29:00:06.80,60441.89717,55.36,0.367,20.89,19.98,19.98,2,1.93,
KMT-2024-BLG-0742,BLG14M0607.061944,17:38:13.44,-27:58:36.84,60428.72067,25.13,0.143,21.54,20.0,21.15,2,2.85,
KMT-2024-BLG-0743,BLG15N0604.055204,17:38:12.50,-27:25:29.78,60426.59382,25.2,0.199,21.95,20.0,20.95,2,2.8,
KMT-2024-BLG-0744,BLG15N0803.014386,17:37:26.74,-27:29:09.38,60434.86715,15.88,0.174,19.9,20.0,20.36,2,3.61,
KMT-2024-BLG-0745,BLG19N0507.005006,17:48:15.74,-24:52:00.70,60444.85986,22.67,0.463,18.93,18.92,18.92,2,3.76,OB240656
KMT-2024-BLG-0746,BLG32K0705.069712,18:07:40.03,-27:15:48.49,60442.73858,39.21,0.045,20.64,19.92,19.92,1,1.14,OB240588
KMT-2024-BLG-0747,SSO35T0105.003275,18:04:09.51,-26:19:51.24,60423.80925,2.44,0.32,17.89,17.88,17.88,2,2.41,
KMT-2024-BLG-0748,BLG42K0106.046114,17:53:46.41,-28:27:27.22,60424.48006,10.59,0.055,20.88,20.0,20.52,2,2.45,
KMT-2024-BLG-0749,BLG42T0402.042415,17:52:03.01,-30:00:27.79,60426.35399,19.81,0.037,21.7,19.62,19.62,1,2.29,OB240490
KMT-2024-BLG-0750,SAO02K0601.004754,17:51:11.14,-28:55:23.70,60445.04483,20.31,0.475,18.51,18.5,18.5,2,4.49,
KMT-2024-BLG-0751,BLG12N0604.052075,17:28:55.51,-28:25:58.94,60442.34988,38.75,0.293,20.3,20.0,20.9,2,2.45,
KMT-2024-BLG-0752,BLG15M0201.008851,17:40:37.57,-26:42:41.44,60429.4971,7.34,0.073,19.71,19.35,19.35,2,3.39,
KMT-2024-BLG-0753,BLG17N0804.062512,17:45:12.41,-33:52:52.10,60427.57977,4.51,0.406,19.79,20.0,20.22,1,1.8,
KMT-2024-BLG-0754,BLG17T0108.050095,17:44:16.98,-33:24:29.59,60425.24802,6.82,0.02,22.19,20.0,20.73,1,2.41,
KMT-2024-BLG-0755,BLG18K0404.030019,17:43:46.19,-26:16:47.14,60429.61844,12.41,0.095,20.76,20.0,20.27,2,2.85,
KMT-2024-BLG-0756,BLG22M0304.028265,17:58:00.22,-32:41:54.10,60434.41746,27.51,0.392,20.84,19.28,19.28,1,1.35,
KMT-2024-BLG-0757,BLG22M0307.027503,17:57:46.54,-32:22:25.79,60428.62517,45.7,0.02,21.72,19.11,19.11,1,1.18,
KMT-2024-BLG-0758,BLG22T0404.052603,17:52:08.04,-33:51:43.49,60427.53603,8.21,0.754,19.99,20.0,20.34,1,1.74,
KMT-2024-BLG-0759,BLG32K0605.015541,18:08:11.10,-27:17:45.60,60429.38273,4.92,0.8,18.51,18.53,18.53,1,1.32,
KMT-2024-BLG-0760,BLG32K0805.031082,18:06:55.42,-27:18:44.60,60433.57436,15.35,0.52,18.49,18.62,18.62,1,0.77,OB240568
KMT-2024-BLG-0761,BLG33M0703.002762,18:14:08.46,-29:43:51.49,60429.93333,48.77,0.172,20.99,16.8,16.8,1,0.43,
KMT-2024-BLG-0762,BLG36M0506.019852,18:17:51.05,-22:58:36.70,60423.60437,56.6,0.359,20.07,19.21,19.21,1,1.27,OB240500
KMT-2024-BLG-0763,BLG41M0408.002730,17:56:49.92,-30:14:59.71,60431.01869,13.97,0.867,18.41,16.23,16.23,1,1.86,
KMT-2024-BLG-0764,BLG42M0801.090440,17:54:43.03,-28:59:48.52,60441.95653,47.44,0.117,20.55,19.9,19.9,1,1.84,OB240520
KMT-2024-BLG-0765,BLG01M0607.060952,17:55:53.47,-30:16:46.09,60428.735,20.08,0.184,21.31,19.72,19.72,1,1.64,
KMT-2024-BLG-0766,BLG03N0507.003423,18:03:58.98,-28:09:04.79,60453.54906,24.3,0.572,17.36,15.91,15.91,1,0.96,MB24013 OB240549
KMT-2024-BLG-0767,BLG14T0302.060313,17:35:32.37,-29:49:23.66,60427.48962,22.1,0.055,22.56,20.0,21.49,3,3.17,
KMT-2024-BLG-0768,BLG34K0808.005587,17:59:27.38,-31:12:42.08,60430.80419,11.31,0.118,19.2,17.66,17.66,1,1.5,
KMT-2024-BLG-0769,BLG34M0502.010183,18:06:03.36,-31:54:01.30,60429.71908,76.81,0.791,18.92,18.31,18.31,1,0.69,OB240552
KMT-2024-BLG-0770,BLG36T0706.000904,18:11:58.29,-24:05:38.26,60418.25791,54.28,0.715,17.87,16.38,16.38,4,2.25,OB240501
KMT-2024-BLG-0771,BLG37K0503.045721,17:41:48.02,-34:56:28.54,60427.05519,7.79,0.872,19.8,20.0,20.75,2,2.16,
KMT-2024-BLG-0772,BLG37K0604.020715,17:41:01.12,-34:49:06.82,60427.82071,8.07,0.336,20.64,20.0,20.29,2,2.78,
KMT-2024-BLG-0773,BLG43N0307.069787,18:04:52.81,-28:17:19.10,60468.17156,192.58,0.869,19.72,19.67,19.67,1,0.99,
KMT-2024-BLG-0774,BLG01K0108.016332,17:54:00.47,-30:09:06.05,60429.02957,19.19,0.398,19.95,18.14,18.14,4,1.42,
KMT-2024-BLG-0775,BLG02T0301.055201,17:52:51.76,-30:01:39.22,60431.70237,29.02,0.228,20.72,19.43,19.43,1,1.76,
KMT-2024-BLG-0776,SAO14M0303.002479,17:40:02.02,-28:34:14.45,60437.25511,9.89,0.461,18.48,18.49,18.49,2,4.55,
KMT-2024-BLG-0777,SAO14M0604.038963,17:38:32.90,-28:24:56.23,60433.12669,12.91,0.154,20.19,20.0,20.93,2,3.08,
KMT-2024-BLG-0778,SAO15N0103.103084,17:41:24.45,-27:34:01.38,60429.83754,6.34,0.228,19.85,20.0,25.0,3,3.19,
KMT-2024-BLG-0779,SAO17K0107.005402,17:43:59.53,-32:19:26.36,60471.94606,140.75,0.128,20.22,20.0,20.62,2,5.38,OB240535
KMT-2024-BLG-0780,SAO18T0608.001903,17:42:57.27,-26:48:46.51,60432.25088,4.07,0.289,17.99,18.03,18.03,2,3.74,
KMT-2024-BLG-0781,BLG18T0802.008664,17:41:24.81,-27:34:39.79,60433.89094,12.25,1.0,18.91,18.73,18.73,2,3.19,
KMT-2024-BLG-0782,SAO20M0302.015582,17:49:02.01,-22:21:20.41,60431.15197,32.31,0.053,22.14,19.19,19.19,1,2.26,
KMT-2024-BLG-0783,BLG22M0803.034167,17:54:34.66,-32:49:00.08,60429.33455,38.18,0.066,22.18,19.29,19.29,1,1.3,
KMT-2024-BLG-0784,BLG35M0207.006545,18:07:55.45,-24:58:16.28,60443.04358,17.79,0.243,18.45,17.96,17.96,4,2.25,OB240650
KMT-2024-BLG-0785,BLG37M0703.008116,17:45:27.46,-35:03:16.20,60478.42436,82.21,0.892,18.07,18.04,18.04,1,1.23,OB240716
KMT-2024-BLG-0786,SAO43M0601.016341,18:03:23.32,-27:55:44.40,60449.09172,38.09,0.441,18.5,18.23,18.23,1,1.36,
KMT-2024-BLG-0787,SAO01K0207.086576,17:53:33.26,-30:17:21.34,60434.87314,13.82,0.209,20.28,20.0,20.98,2,1.59,OB240515
KMT-2024-BLG-0788,BLG01N0508.020668,17:56:33.54,-31:14:45.49,60470.90661,6.21,0.073,19.8,18.76,18.76,1,1.44,
KMT-2024-BLG-0789,SAO02M0606.016087,17:56:06.36,-28:15:59.40,60441.75101,19.46,0.094,19.12,19.15,19.15,2,2.47,
KMT-2024-BLG-0790,SAO02M0702.054530,17:55:25.55,-28:45:29.12,60443.17063,19.59,0.273,19.71,19.95,19.95,3,1.97,
KMT-2024-BLG-0791,BLG02N0103.007183,17:59:05.49,-29:48:30.49,60451.72749,32.67,0.924,17.51,17.01,17.01,1,1.1,
KMT-2024-BLG-0792,SAO02T0202.000482,17:53:35.81,-29:51:55.12,60434.34826,1.25,0.451,14.06,14.05,14.05,1,1.47,OB240516
KMT-2024-BLG-0793,SAO02T0505.021635,17:51:34.51,-29:29:18.71,60433.00015,4.62,0.834,18.86,18.86,18.86,1,3.03,
KMT-2024-BLG-0794,SAO02T0705.009385,17:50:29.36,-29:33:38.92,60458.19907,25.24,0.36,18.35,17.95,17.95,1,3.13,OB240542
KMT-2024-BLG-0795,SAO03K0203.059496,18:01:09.11,-27:30:36.00,60433.31226,2.93,0.801,19.32,19.5,19.5,1,1.37,
KMT-2024-BLG-0796,BLG03M0402.095770,18:04:40.12,-27:40:44.11,60438.97913,11.14,0.181,20.05,20.0,20.42,1,1.03,OB240566
KMT-2024-BLG-0797,BLG03M0801.078952,18:02:18.53,-27:47:41.50,60439.09523,13.47,0.351,19.38,20.0,20.03,1,1.31,OB240545
KMT-2024-BLG-0798,SAO03T0502.008039,17:59:33.77,-28:45:45.68,60452.62287,26.8,0.486,18.65,16.89,16.89,1,1.12,OB240544
KMT-2024-BLG-0799,BLG04M0307.036795,18:07:06.43,-29:06:32.00,60433.91651,8.24,0.645,19.74,19.18,19.18,1,0.97,
KMT-2024-BLG-0800,BLG04N0507.033471,18:06:04.73,-30:20:37.21,60433.83227,18.79,0.558,19.06,19.16,19.16,1,0.97,OB240589
KMT-2024-BLG-0801,BLG04N0603.031584,18:05:19.55,-30:47:13.88,60430.69394,5.71,0.535,19.36,19.44,19.44,1,1.21,
KMT-2024-BLG-0802,BLG12M0401.028579,17:30:17.12,-27:39:55.15,60438.37686,24.48,0.559,20.0,20.0,20.41,2,2.31,
KMT-2024-BLG-0803,BLG14N0802.004863,17:37:27.46,-29:50:04.45,60445.32555,17.04,0.403,18.88,18.82,18.82,2,3.9,OB240602
KMT-2024-BLG-0804,SAO15K0307.054871,17:35:04.18,-25:57:41.83,60432.60742,17.26,0.091,22.33,20.0,22.59,2,3.95,
KMT-2024-BLG-0805,BLG15K0705.002599,17:33:15.49,-26:06:21.35,60430.23552,21.08,0.198,22.08,19.4,19.4,2,4.0,
KMT-2024-BLG-0806,SAO15M0102.044975,17:41:26.61,-26:32:28.07,60432.54276,4.9,0.481,20.19,20.0,21.43,2,3.37,
KMT-2024-BLG-0807,BLG17K0303.026460,17:42:58.94,-32:52:06.96,60435.51776,16.84,0.234,20.6,20.0,20.77,2,3.43,
KMT-2024-BLG-0808,BLG18T0103.018436,17:45:48.73,-27:33:20.56,60432.1714,47.21,0.195,20.12,20.0,21.88,3,6.63,
KMT-2024-BLG-0809,BLG19K0407.067266,17:43:59.53,-23:50:47.90,60436.42617,89.23,0.002,23.83,20.0,20.46,1,1.54,
KMT-2024-BLG-0810,BLG19T0603.015942,17:42:34.74,-25:24:25.74,60451.76558,40.71,0.192,20.11,20.0,20.13,2,2.88,OB240668
KMT-2024-BLG-0811,SAO20M0208.000496,17:49:37.57,-21:33:24.66,60433.18894,111.2,0.046,22.46,15.54,15.54,4,2.08,
KMT-2024-BLG-0812,SAO22T0505.000737,17:51:48.57,-33:48:16.16,60458.75866,23.62,0.407,17.49,16.09,16.09,3,2.0,MB24017 OB240582
KMT-2024-BLG-0813,BLG32K0101.021440,18:10:34.71,-27:46:37.20,60476.3733,199.93,0.024,20.52,18.52,18.52,1,0.87,MB24016 OB240142
KMT-2024-BLG-0814,SAO34T0504.002298,18:01:24.53,-32:48:24.01,60437.90838,10.2,0.185,17.01,16.65,16.65,1,1.21,
KMT-2024-BLG-0815,SAO42K0207.019868,17:53:21.57,-28:18:09.43,60433.54134,8.42,0.095,21.25,19.49,19.49,4,2.73,
KMT-2024-BLG-0816,SSO42N0107.002128,17:58:36.15,-29:23:26.30,60433.33281,0.5,0.202,15.44,15.44,15.44,1,1.32,OB240519
KMT-2024-BLG-0817,BLG42N0607.052641,17:55:33.43,-29:26:44.92,60439.52441,41.65,0.212,20.6,19.16,19.16,1,1.55,
KMT-2024-BLG-0818,SAO43M0302.019435,18:04:52.34,-27:50:16.01,60431.38537,52.69,0.006,22.61,18.32,18.32,1,1.03,
KMT-2024-BLG-0819,BLG01K0706.028737,17:50:15.76,-30:23:36.38,60435.17618,4.07,0.379,20.98,19.63,19.63,1,2.99,
KMT-2024-BLG-0820,BLG01K0803.051356,17:50:03.07,-30:48:55.12,60435.42383,5.87,0.296,21.21,20.0,20.88,1,2.48,
KMT-2024-BLG-0821,BLG01K0805.028741,17:49:56.60,-30:30:14.62,60441.01518,6.81,0.583,19.35,19.67,19.67,1,2.77,
KMT-2024-BLG-0822,BLG01M0107.036432,17:59:03.31,-30:17:45.10,60436.7145,10.77,0.476,19.16,19.33,19.33,1,1.76,
KMT-2024-BLG-0823,BLG01N0205.013858,17:58:33.07,-31:34:42.60,60436.33302,7.08,0.176,20.13,18.69,18.69,1,1.52,
KMT-2024-BLG-0824,BLG01N0206.028465,17:58:17.49,-31:30:50.11,60441.41712,13.75,0.904,19.81,19.22,19.22,1,1.36,
KMT-2024-BLG-0825,BLG01N0607.046805,17:56:14.79,-31:25:33.20,60441.05895,11.12,0.058,19.59,19.58,19.58,1,1.46,
KMT-2024-BLG-0826,BLG01T0305.008075,17:52:54.48,-31:41:13.31,60446.98759,9.42,0.451,18.15,18.13,18.13,1,1.99,
KMT-2024-BLG-0827,BLG02M0302.093538,17:57:41.22,-28:44:29.62,60434.63741,5.23,0.186,20.55,19.88,19.88,1,1.33,
KMT-2024-BLG-0828,BLG02N0308.036894,17:57:29.43,-29:10:11.78,60442.48691,49.33,0.35,20.81,18.95,18.95,1,1.51,
KMT-2024-BLG-0829,BLG02T0403.056877,17:52:05.08,-29:46:18.59,60438.99805,18.61,0.193,21.11,19.7,19.7,1,2.4,
KMT-2024-BLG-0830,BLG03N0208.045783,18:05:56.64,-28:06:21.10,60441.29044,15.14,0.041,18.73,19.01,19.01,1,0.84,
KMT-2024-BLG-0831,BLG04K0501.089745,18:00:55.50,-29:56:16.19,60438.87756,14.52,0.369,21.03,20.0,20.32,1,1.02,
KMT-2024-BLG-0832,BLG04M0205.036770,18:07:56.94,-29:26:17.02,60430.95729,48.23,0.392,20.68,19.27,19.27,1,0.98,
KMT-2024-BLG-0833,SAO04T0505.002182,18:01:13.14,-30:36:19.51,60478.87609,22.4,0.925,15.66,15.65,15.65,1,1.12,MB24026 OB240644
KMT-2024-BLG-0834,BLG04T0805.071487,17:59:17.27,-30:35:58.31,60435.67274,12.44,0.337,19.95,20.0,20.6,1,1.57,
KMT-2024-BLG-0835,BLG11K0502.034062,17:24:35.35,-29:42:46.08,60432.34832,10.75,0.677,19.97,20.0,20.52,2,2.26,
KMT-2024-BLG-0836,BLG12K0102.013237,17:26:59.73,-27:38:45.53,60437.06151,24.06,0.275,20.61,19.86,19.86,2,1.87,
KMT-2024-BLG-0837,BLG12M0404.036578,17:30:28.58,-27:20:36.46,60458.23012,68.08,0.569,20.01,20.0,21.08,2,2.58,
KMT-2024-BLG-0838,BLG12T0407.002758,17:25:27.84,-28:05:48.66,60441.80575,1.79,1.0,17.3,17.35,17.35,2,1.8,OB240653
KMT-2024-BLG-0839,BLG13M0104.011242,17:39:24.42,-33:52:26.18,60452.68839,49.12,0.303,20.47,19.63,19.63,2,3.32,OB240737
KMT-2024-BLG-0840,BLG13M0508.027007,17:37:07.46,-33:20:08.56,60446.2976,49.21,0.183,20.74,20.0,21.05,2,3.42,
KMT-2024-BLG-0841,SAO14K0204.004366,17:35:38.52,-28:22:06.35,60457.68329,18.87,0.154,18.38,18.42,18.42,2,3.45,OB240733
KMT-2024-BLG-0842,BLG14M0105.080827,17:41:14.13,-28:16:54.95,60438.06268,192.1,0.009,24.37,20.0,25.0,3,4.04,
KMT-2024-BLG-0843,BLG14M0206.053683,17:40:48.27,-28:08:23.86,60436.84541,35.97,0.065,22.37,20.0,21.99,2,4.18,
KMT-2024-BLG-0844,BLG14M0501.050259,17:39:00.56,-28:50:01.79,60438.33582,18.92,0.092,21.97,20.0,21.69,3,4.07,
KMT-2024-BLG-0845,BLG14M0502.002390,17:39:14.60,-28:38:31.99,60481.90207,190.35,0.378,20.33,18.04,18.04,2,4.17,
KMT-2024-BLG-0846,BLG14M0605.003154,17:38:36.50,-28:15:36.22,60432.99018,7.1,0.901,18.73,18.26,18.26,4,3.27,
KMT-2024-BLG-0847,BLG14N0604.032425,17:38:34.10,-29:34:00.12,60436.66447,4.65,0.226,20.52,20.0,21.72,2,4.52,
KMT-2024-BLG-0848,BLG14T0508.008230,17:34:20.16,-29:00:22.57,60439.32488,182.62,0.002,24.39,19.32,19.32,2,3.25,
KMT-2024-BLG-0849,BLG14T0806.064824,17:32:16.17,-29:12:54.65,60438.17086,20.0,0.014,20.95,20.0,21.33,2,3.05,
KMT-2024-BLG-0850,BLG15K0305.023851,17:35:23.46,-26:08:24.47,60435.48286,29.16,0.008,22.41,20.0,21.0,2,3.18,
KMT-2024-BLG-0851,BLG15M0203.028879,17:40:50.45,-26:20:48.80,60446.09898,21.63,0.031,20.44,20.0,20.6,2,2.69,
KMT-2024-BLG-0852,SAO15M0506.005508,17:39:04.38,-26:01:20.10,60448.35701,21.61,0.547,19.24,19.26,19.26,2,3.27,OB240658
KMT-2024-BLG-0853,BLG15N0405.011626,17:39:15.31,-27:15:11.27,60440.99695,8.44,0.03,19.44,19.15,19.15,2,2.51,
KMT-2024-BLG-0854,BLG15N0405.041528,17:39:36.65,-27:19:55.02,60436.56244,7.24,0.449,19.68,20.0,20.65,2,2.81,
KMT-2024-BLG-0855,SAO15N0601.085463,17:38:23.92,-27:43:26.69,60434.18248,4.7,0.166,20.71,20.0,21.5,2,2.69,
KMT-2024-BLG-0856,BLG16M0508.040062,17:39:09.29,-23:38:01.43,60438.24468,14.97,0.378,20.41,20.0,20.73,2,1.71,
KMT-2024-BLG-0857,BLG16M0805.035553,17:37:10.34,-24:04:27.88,60457.79033,48.78,0.487,20.11,20.0,20.69,2,2.31,
KMT-2024-BLG-0858,BLG16N0203.018918,17:40:41.80,-25:24:37.87,60456.44278,63.05,0.051,21.14,20.0,20.08,2,2.46,
KMT-2024-BLG-0859,BLG17M0204.031039,17:48:51.04,-32:44:24.90,60438.58302,19.32,0.052,21.67,20.0,20.35,1,2.77,
KMT-2024-BLG-0860,BLG17M0701.049547,17:45:46.43,-33:08:23.86,60441.82075,25.62,0.019,21.5,20.0,21.07,2,2.49,
KMT-2024-BLG-0861,BLG17N0207.029123,17:48:30.32,-33:25:42.82,60431.60513,14.76,0.374,19.97,19.27,19.27,1,1.7,
KMT-2024-BLG-0862,BLG17T0104.037065,17:44:07.41,-33:54:03.49,60432.31669,48.94,0.046,24.41,19.97,19.97,1,2.32,
KMT-2024-BLG-0863,BLG17T0402.017909,17:42:22.10,-34:03:34.99,60466.40353,28.29,0.279,19.53,19.23,19.23,1,2.3,OB240736
KMT-2024-BLG-0864,BLG18K0102.010622,17:45:33.43,-26:30:30.02,60504.6278,67.93,0.255,19.24,19.36,19.36,2,3.39,
KMT-2024-BLG-0865,BLG18K0106.004500,17:45:50.52,-25:59:38.15,60438.24075,9.0,0.919,18.57,17.53,17.53,2,2.48,
KMT-2024-BLG-0866,SAO18K0206.015081,17:45:14.77,-25:58:22.80,60439.20065,98.36,0.062,21.41,19.56,19.56,2,2.53,OB240667
KMT-2024-BLG-0867,BLG18M0704.087919,17:47:04.13,-26:12:34.09,60436.19149,94.6,0.127,22.27,20.0,25.0,3,4.19,
KMT-2024-BLG-0868,SAO19K0605.072765,17:42:53.94,-24:06:16.52,60433.94593,6.05,0.7,20.38,20.0,22.2,2,1.68,
KMT-2024-BLG-0869,BLG19T0207.020255,17:45:04.78,-24:51:00.25,60465.19626,43.58,0.335,20.17,20.0,20.45,2,2.8,OB240730
KMT-2024-BLG-0870,BLG20N0203.014561,17:49:34.76,-23:14:15.00,60436.79661,39.95,0.085,21.37,18.92,18.92,1,1.95,
KMT-2024-BLG-0871,BLG20N0205.049253,17:49:35.71,-23:04:39.90,60450.07326,50.47,0.49,19.99,20.0,20.37,1,1.9,
KMT-2024-BLG-0872,SAO20N0702.015698,17:46:49.48,-23:26:20.69,60444.35933,15.99,0.215,18.72,18.69,18.69,1,1.53,OB240655
KMT-2024-BLG-0873,BLG21M0508.031815,17:56:27.26,-34:25:22.80,60437.34048,48.64,0.004,21.33,19.25,19.25,1,0.81,
KMT-2024-BLG-0874,BLG21M0703.005691,17:55:33.75,-34:55:48.22,60438.36945,17.58,1.0,18.51,17.91,17.91,1,1.01,
KMT-2024-BLG-0875,BLG22M0306.063623,17:57:59.28,-32:28:27.08,60454.37665,46.23,0.401,20.19,20.0,20.16,1,1.32,
KMT-2024-BLG-0876,BLG22T0304.032729,17:52:53.77,-33:54:58.50,60435.1131,4.88,0.934,19.54,19.65,19.65,1,1.61,
KMT-2024-BLG-0877,BLG22T0308.075347,17:52:34.02,-33:21:01.76,60439.97649,10.92,0.219,20.52,20.0,21.92,2,1.44,
KMT-2024-BLG-0878,BLG31N0205.010585,18:17:10.17,-26:20:29.29,60479.02638,49.43,0.133,18.16,18.2,18.2,1,0.86,MB24033 OB240648
KMT-2024-BLG-0879,BLG32T0401.045397,18:08:59.56,-28:53:08.41,60434.85719,49.65,0.101,20.91,19.48,19.48,1,0.84,
KMT-2024-BLG-0880,BLG32T0804.014774,18:06:57.47,-28:31:07.07,60434.95998,9.31,0.989,18.12,18.16,18.16,2,0.92,
KMT-2024-BLG-0881,BLG33K0806.070635,18:09:02.47,-29:18:21.82,60443.08276,65.28,0.211,20.43,20.0,20.77,1,0.91,
KMT-2024-BLG-0882,BLG34K0402.011977,18:01:49.50,-31:54:48.20,60454.72613,35.24,0.58,19.23,18.55,18.55,1,1.06,OB240645
KMT-2024-BLG-0883,BLG34K0503.050548,18:00:57.72,-31:48:34.60,60436.23472,11.15,0.099,20.43,19.95,19.95,1,1.11,
KMT-2024-BLG-0884,BLG34T0207.046942,18:02:42.10,-32:24:29.09,60440.38088,13.44,0.73,19.73,19.98,19.98,1,1.07,
KMT-2024-BLG-0885,BLG35T0104.000615,18:03:55.68,-26:27:05.44,60474.7396,50.79,0.593,17.49,15.82,15.82,2,2.7,MB24042 OB240789
KMT-2024-BLG-0886,BLG35T0106.003731,18:04:13.98,-26:15:11.38,60449.66057,40.83,0.313,19.46,18.26,18.26,3,2.54,
KMT-2024-BLG-0887,BLG35T0401.032613,18:02:15.73,-26:48:00.61,60483.56753,171.88,0.076,19.65,19.95,19.95,2,2.4,MB24009
KMT-2024-BLG-0888,BLG36N0404.004224,18:18:33.09,-24:19:59.09,60434.39759,46.37,0.291,20.24,17.31,17.31,1,0.92,OB240590
KMT-2024-BLG-0889,BLG36N0507.035318,18:17:46.61,-24:00:55.69,60435.96112,11.98,0.472,19.58,19.66,19.66,1,0.95,
KMT-2024-BLG-0890,BLG37K0704.035432,17:40:29.67,-34:52:59.88,60446.95664,33.76,0.034,21.06,20.0,20.83,2,2.58,
KMT-2024-BLG-0891,BLG37M0402.037275,17:47:13.74,-35:07:59.30,60445.41556,23.85,0.237,19.28,19.31,19.31,1,0.92,OB240651
KMT-2024-BLG-0892,BLG38K0805.006233,17:51:03.78,-21:55:33.74,60452.13333,20.64,0.347,18.68,18.67,18.67,4,2.37,
KMT-2024-BLG-0893,BLG38M0707.002147,17:56:11.84,-21:42:39.06,60452.64958,22.26,0.58,17.9,16.8,16.8,4,2.37,
KMT-2024-BLG-0894,BLG38T0108.002082,17:54:43.46,-22:40:49.22,60453.82788,50.06,0.186,20.06,17.09,17.09,4,3.38,
KMT-2024-BLG-0895,BLG41K0304.021752,17:52:26.27,-30:42:00.68,60442.59401,13.6,0.204,20.16,18.73,18.73,1,1.81,
KMT-2024-BLG-0896,BLG41K0401.039728,17:52:11.08,-31:06:37.80,60437.05044,2.97,0.185,20.35,19.72,19.72,1,2.23,
KMT-2024-BLG-0897,BLG41K0404.011207,17:51:46.90,-30:48:02.92,60433.90429,25.83,0.007,24.04,17.97,17.97,1,2.27,
KMT-2024-BLG-0898,SAO41K0508.007243,17:51:26.27,-30:16:23.41,60437.07507,9.96,1.0,18.4,17.2,17.2,1,2.36,OB240489
KMT-2024-BLG-0899,BLG41K0508.048532,17:51:12.85,-30:13:41.99,60444.56331,18.85,0.055,19.98,19.85,19.85,1,2.28,OB240539
KMT-2024-BLG-0900,BLG41K0707.054108,17:50:13.79,-30:20:43.12,60438.43396,83.55,0.002,23.91,20.0,21.05,2,2.97,
KMT-2024-BLG-0901,BLG41K0803.049781,17:49:47.92,-30:55:27.48,60434.13537,12.49,0.047,21.85,20.0,22.03,2,3.09,
KMT-2024-BLG-0902,BLG41M0401.039947,17:56:49.40,-31:10:02.50,60455.97967,58.02,0.729,19.48,19.2,19.2,1,1.22,
KMT-2024-BLG-0903,BLG41N0401.005645,17:57:11.97,-32:18:16.20,60439.0437,54.6,0.042,22.24,17.48,17.48,1,1.41,
KMT-2024-BLG-0904,BLG42K0301.051220,17:52:35.67,-29:04:32.48,60434.83868,4.57,0.064,20.41,20.0,20.05,1,2.77,OB240538
KMT-2024-BLG-0905,BLG42K0304.039536,17:52:43.26,-28:40:17.29,60441.31781,53.59,0.667,20.13,20.0,20.7,2,3.1,
KMT-2024-BLG-0906,SAO42T0105.048687,17:53:45.09,-29:41:21.52,60440.11971,8.19,0.16,19.29,19.1,19.1,1,1.63,OB240540
KMT-2024-BLG-0907,BLG42T0206.085994,17:53:02.70,-29:33:15.91,60440.62477,34.22,0.176,21.05,20.0,20.51,1,2.02,OB240541
KMT-2024-BLG-0908,SAO42T0707.020369,17:50:26.14,-29:24:48.20,60434.19022,89.88,0.002,24.88,19.48,19.48,1,3.71,
KMT-2024-BLG-0909,SAO43K0806.001089,17:57:18.25,-27:19:07.03,60435.84736,6.11,0.69,19.96,16.68,16.68,2,3.25,
KMT-2024-BLG-0910,BLG43M0404.035022,18:04:24.44,-27:33:58.10,60449.47933,38.12,0.241,19.73,18.9,18.9,1,1.03,OB240521
KMT-2024-BLG-0911,BLG43M0706.080145,18:02:45.90,-27:20:53.02,60435.55912,4.66,0.016,21.41,20.0,21.27,1,1.71,
KMT-2024-BLG-0912,BLG43T0103.065380,18:01:13.67,-28:51:51.70,60455.00874,31.99,0.733,19.16,19.33,19.33,1,0.9,OB240639
KMT-2024-BLG-0913,SAO43T0402.002068,17:59:36.23,-28:59:09.10,60441.35274,4.35,0.789,15.33,15.25,15.25,1,1.07,OB240543
KMT-2024-BLG-0914,SAO02K0604.005835,17:51:01.46,-28:33:02.63,60460.13038,29.92,0.743,18.37,18.32,18.32,2,4.92,
KMT-2024-BLG-0915,BLG02M0403.027046,17:57:02.69,-28:39:31.50,60438.22415,199.05,0.004,25.3,18.85,18.85,1,1.91,
KMT-2024-BLG-0916,BLG02N0308.040949,17:57:52.94,-29:11:26.09,60451.22618,39.8,0.671,18.79,19.05,19.05,1,1.19,
KMT-2024-BLG-0917,BLG04K0302.032925,18:02:24.47,-29:47:54.31,60439.59996,16.98,0.01,21.72,18.73,18.73,1,0.8,
KMT-2024-BLG-0918,BLG04N0204.001519,18:07:41.55,-30:37:14.30,60454.29453,22.3,0.684,17.57,15.72,15.72,1,0.86,OB240707
KMT-2024-BLG-0919,BLG11N0203.009486,17:31:38.67,-30:43:30.22,60461.70787,77.75,0.384,19.33,19.16,19.16,2,2.88,OB240664
KMT-2024-BLG-0920,BLG12M0503.001045,17:29:53.59,-27:25:26.94,60526.57099,59.94,0.344,17.37,17.37,17.37,2,2.8,OB240721
KMT-2024-BLG-0921,BLG12T0101.001060,17:27:19.38,-28:49:40.55,60451.39869,11.08,0.863,16.66,16.67,16.67,2,2.03,OB240652
KMT-2024-BLG-0922,BLG14K0805.048245,17:32:23.59,-28:18:14.29,60445.40847,14.88,0.367,20.52,20.0,20.82,2,2.47,
KMT-2024-BLG-0923,BLG14T0206.003869,17:35:33.82,-29:18:27.11,60448.4253,14.48,0.585,18.31,18.31,18.31,2,3.53,OB240662
KMT-2024-BLG-0924,BLG14T0403.123812,17:34:54.08,-29:37:46.42,60437.28735,17.43,0.023,23.01,20.0,25.0,3,2.92,
KMT-2024-BLG-0925,BLG15T0406.001007,17:34:26.65,-27:06:50.51,60516.82355,54.78,0.78,15.73,15.71,15.71,1,2.3,MB24028 OB240530
KMT-2024-BLG-0926,SAO17T0205.029366,17:43:55.16,-33:42:26.10,60435.71798,13.64,0.182,21.64,20.0,21.28,2,2.88,
KMT-2024-BLG-0927,BLG20K0707.001760,17:42:14.14,-21:37:26.00,60436.95442,41.08,0.997,17.7,16.57,16.57,1,1.4,OB240404
KMT-2024-BLG-0928,SAO20N0605.040262,17:47:43.44,-23:03:15.80,60452.97496,25.86,0.052,20.1,19.46,19.46,1,1.69,OB240783
KMT-2024-BLG-0929,SAO38K0105.005500,17:54:26.64,-21:54:28.76,60480.70688,102.82,0.985,18.23,18.2,18.2,4,2.62,
KMT-2024-BLG-0930,SAO43N0407.050356,18:04:16.72,-28:15:53.21,60440.88454,6.35,0.384,19.19,19.12,19.12,1,0.88,OB240586
KMT-2024-BLG-0931,SAO02M0603.090135,17:56:03.97,-28:40:06.60,60443.13423,11.99,0.593,19.7,20.0,20.48,1,1.77,
KMT-2024-BLG-0932,SAO18M0503.005772,17:47:49.87,-26:25:21.97,60445.5119,20.71,0.363,19.16,19.59,19.59,2,4.49,
KMT-2024-BLG-0933,SAO19T0802.006182,17:41:57.78,-25:33:47.70,60462.61218,73.29,0.97,19.1,18.52,18.52,2,2.54,OB240731
KMT-2024-BLG-0934,SAO42T0101.052425,17:53:43.94,-30:09:59.98,60444.47083,9.71,0.587,19.18,19.43,19.43,2,1.45,
KMT-2024-BLG-0935,BLG02K0602.001085,17:51:06.00,-28:43:39.54,60490.40787,190.0,0.953,17.58,16.5,16.5,2,4.15,
KMT-2024-BLG-0936,BLG02M0802.050383,17:54:52.10,-28:49:53.83,60443.34477,9.04,0.546,19.75,19.8,19.8,2,2.03,OB240609
KMT-2024-BLG-0937,SAO02N0204.004892,17:58:26.92,-29:35:23.21,60442.65063,3.81,0.986,18.67,16.26,16.26,1,1.15,
KMT-2024-BLG-0938,BLG02N0502.086059,17:56:32.63,-29:55:00.98,60441.29934,9.32,0.309,20.5,20.0,20.61,1,1.68,
KMT-2024-BLG-0939,BLG02T0207.066330,17:53:12.07,-29:18:20.41,60438.483,9.76,0.064,21.6,19.63,19.63,1,2.29,
KMT-2024-BLG-0940,BLG03K0505.045389,17:59:08.90,-27:18:11.59,60442.49614,7.58,0.102,20.36,19.63,19.63,1,2.15,
KMT-2024-BLG-0941,BLG03M0606.085678,18:03:23.79,-27:09:50.11,60443.45406,25.18,0.2,20.93,20.0,20.83,1,2.03,
KMT-2024-BLG-0942,BLG04T0105.054624,18:03:37.13,-30:36:25.99,60472.23256,55.54,0.253,20.82,20.0,20.09,1,1.61,OB240701
KMT-2024-BLG-0943,BLG04T0503.058517,18:01:10.65,-30:47:12.52,60439.47676,26.17,0.21,20.28,20.0,20.0,1,1.24,
KMT-2024-BLG-0944,BLG14K0706.006965,17:33:09.88,-28:08:07.94,60439.40656,118.18,0.039,24.2,18.8,18.8,2,2.56,
KMT-2024-BLG-0945,BLG14K0808.070920,17:32:23.05,-27:54:13.50,60446.37993,34.14,0.699,19.93,20.0,21.71,2,2.58,
KMT-2024-BLG-0946,BLG15K0701.021532,17:33:12.49,-26:37:35.69,60441.38215,19.19,0.084,22.28,20.0,20.76,2,2.89,
KMT-2024-BLG-0947,BLG16T0407.043070,17:35:09.89,-24:50:38.65,60441.18801,19.26,0.085,21.8,20.0,21.61,2,2.67,
KMT-2024-BLG-0948,BLG18K0504.036931,17:43:29.97,-26:13:33.46,60442.5103,24.25,0.095,22.0,20.0,20.62,2,2.91,
KMT-2024-BLG-0949,BLG20T0601.006358,17:43:02.00,-23:35:20.29,60447.46858,20.26,0.066,18.05,18.3,18.3,1,1.96,
KMT-2024-BLG-0950,BLG21M0101.023675,17:59:13.17,-35:11:24.00,60451.72189,26.01,0.574,19.41,19.5,19.5,1,0.65,
KMT-2024-BLG-0951,BLG22K0406.037503,17:52:10.61,-32:33:15.98,60452.4456,27.24,0.135,20.18,19.5,19.5,1,1.54,OB240709
KMT-2024-BLG-0952,BLG34M0301.037723,18:07:15.34,-32:04:21.22,60450.86208,18.3,0.452,19.8,19.84,19.84,1,0.64,OB240712
KMT-2024-BLG-0953,BLG34T0505.061477,18:01:15.72,-32:40:52.61,60440.6788,11.28,0.024,20.92,20.0,20.57,1,0.99,
KMT-2024-BLG-0954,BLG35N0804.080421,18:04:37.73,-26:25:46.74,60445.51861,15.18,0.019,20.6,20.0,25.0,3,1.9,
KMT-2024-BLG-0955,BLG41K0408.003639,17:51:58.74,-30:12:18.68,60440.34188,199.27,0.003,24.4,16.4,16.4,1,1.96,OB240580
KMT-2024-BLG-0956,SAO42K0501.011725,17:51:38.97,-29:00:59.44,60440.63422,8.56,0.073,21.72,19.49,19.49,2,3.85,
KMT-2024-BLG-0957,BLG43M0407.079792,18:04:22.05,-27:09:02.70,60438.69612,10.99,0.129,21.9,19.88,19.88,1,0.98,
KMT-2024-BLG-0958,BLG43N0105.009143,18:05:58.45,-28:30:32.80,60464.17711,18.84,0.141,17.91,17.82,17.82,1,0.92,MB24011
KMT-2024-BLG-0959,SAO43N0706.089667,18:02:32.19,-28:24:00.29,60441.12123,9.93,0.305,20.16,20.0,20.1,1,1.07,
KMT-2024-BLG-0960,BLG02K0303.013512,17:52:56.16,-28:41:52.48,60441.95777,5.88,0.9,18.93,18.83,18.83,2,2.78,
KMT-2024-BLG-0961,BLG02M0301.041091,17:57:39.27,-28:54:30.49,60449.53042,11.23,0.487,18.92,18.91,18.91,1,1.4,
KMT-2024-BLG-0962,BLG03K0104.041869,18:01:40.33,-27:27:50.51,60445.5784,6.95,0.022,19.44,19.29,19.29,1,1.57,OB240585
KMT-2024-BLG-0963,BLG03M0703.006707,18:02:59.89,-27:30:45.11,60441.2296,47.29,0.009,23.97,17.19,17.19,1,1.32,
KMT-2024-BLG-0964,SAO03T0805.056391,17:57:28.71,-28:26:02.51,60440.62876,25.25,0.089,22.57,19.47,19.47,1,1.63,
KMT-2024-BLG-0965,BLG11N0401.016472,17:30:28.10,-30:57:46.80,60444.30621,6.44,0.182,20.18,20.0,21.06,2,4.09,
KMT-2024-BLG-0966,SAO12N0203.052048,17:31:27.98,-28:32:05.10,60447.02372,20.37,0.109,20.62,20.0,20.91,2,2.62,
KMT-2024-BLG-0967,BLG12N0305.005582,17:31:01.49,-28:17:19.25,60447.86347,7.09,0.405,18.31,18.32,18.32,2,2.21,
KMT-2024-BLG-0968,BLG14K0807.056899,17:32:35.72,-27:59:37.50,60443.16955,26.72,0.037,22.94,20.0,21.3,2,2.53,
KMT-2024-BLG-0969,BLG14N0803.016152,17:37:08.20,-29:41:02.29,60461.71579,20.66,0.402,19.81,20.0,20.27,2,3.89,
KMT-2024-BLG-0970,BLG15T0304.067484,17:35:34.81,-27:26:57.88,60448.3925,32.22,0.034,22.28,20.0,22.0,2,2.49,
KMT-2024-BLG-0971,BLG19K0704.003540,17:42:20.67,-24:11:52.80,60457.50414,23.95,0.917,18.63,16.89,16.89,1,1.75,
KMT-2024-BLG-0972,BLG22N0804.010642,17:54:56.54,-33:52:24.71,60455.39489,42.72,0.801,19.04,18.34,18.34,1,1.13,
KMT-2024-BLG-0973,BLG31T0408.062100,18:11:24.20,-25:58:16.39,60441.81099,16.4,0.111,22.34,20.0,20.0,1,1.12,
KMT-2024-BLG-0974,BLG32M0105.053050,18:15:29.46,-27:15:49.10,60445.74133,16.84,0.178,20.34,19.92,19.92,1,0.67,
KMT-2024-BLG-0975,SSO32N0708.003259,18:12:14.66,-28:06:37.40,60514.65246,63.54,0.696,16.61,16.6,16.6,1,0.64,MB24040 OB240465
KMT-2024-BLG-0976,BLG34K0601.065803,18:00:26.43,-32:01:22.19,60471.57345,55.04,0.132,20.31,20.0,20.34,1,1.1,OB240702
KMT-2024-BLG-0977,BLG35M0601.036334,18:06:05.44,-25:40:23.27,60451.6023,21.78,0.297,20.05,20.0,20.29,2,1.86,
KMT-2024-BLG-0978,BLG35T0204.049663,18:03:31.98,-26:29:13.88,60444.27529,20.03,0.188,21.28,20.0,21.03,3,2.31,
KMT-2024-BLG-0979,BLG41K0106.022913,17:53:37.72,-30:29:53.02,60447.30494,19.45,0.187,20.65,18.65,18.65,1,1.58,
KMT-2024-BLG-0980,BLG41K0708.004518,17:50:12.19,-30:13:25.50,60442.62915,11.27,0.043,21.1,17.55,17.55,1,3.29,OB240581
KMT-2024-BLG-0981,BLG41N0603.022445,17:55:40.99,-31:58:57.68,60442.18958,2.85,0.26,19.26,18.98,18.98,1,1.35,
KMT-2024-BLG-0982,BLG41T0501.061444,17:51:30.71,-32:18:36.50,60443.59426,15.22,0.306,20.57,20.0,20.9,1,2.21,
KMT-2024-BLG-0983,BLG42M0802.053891,17:54:39.39,-28:58:04.19,60444.17639,27.29,0.029,21.91,19.63,19.63,1,1.81,
KMT-2024-BLG-0984,BLG42T0502.012509,17:51:28.29,-30:04:35.29,60446.00833,12.7,0.356,19.65,17.93,17.93,1,2.29,
KMT-2024-BLG-0985,BLG43M0107.084911,18:06:14.88,-27:10:44.69,60439.66055,20.02,0.002,24.43,20.0,20.28,1,1.02,
KMT-2024-BLG-0986,BLG01K0702.014276,17:50:26.13,-30:53:33.11,60443.6077,13.7,0.902,19.14,18.96,18.96,1,3.02,
KMT-2024-BLG-0987,BLG14T0504.102914,17:34:12.37,-29:33:49.00,60482.47917,53.46,0.376,19.38,20.0,25.0,3,2.6,OB240842
KMT-2024-BLG-0988,BLG14T0608.059156,17:33:34.68,-29:00:53.10,60453.93872,30.68,0.064,21.4,20.0,21.58,2,3.3,
KMT-2024-BLG-0989,SSO15N0304.014962,17:39:49.08,-27:23:33.79,60444.22224,72.74,0.002,24.03,19.61,19.61,4,2.91,
KMT-2024-BLG-0990,BLG17N0504.045608,17:46:51.49,-33:50:07.58,60490.80084,198.49,0.019,23.78,20.0,20.56,1,2.39,
KMT-2024-BLG-0991,SSO18K0407.049391,17:43:53.72,-25:52:07.72,60444.81931,12.47,0.025,21.8,20.0,20.96,2,2.65,
KMT-2024-BLG-0992,BLG19K0703.051211,17:42:13.23,-24:14:07.30,60442.53139,8.12,0.195,20.93,19.99,19.99,1,1.8,
KMT-2024-BLG-0993,BLG21K0502.007809,17:51:19.95,-35:05:13.31,60466.4625,78.75,0.938,18.85,17.77,17.77,1,0.81,
KMT-2024-BLG-0994,SAO21M0808.077289,17:54:39.33,-34:21:15.59,60592.0344,199.9,0.762,15.22,20.0,25.0,3,0.92,OB240022
KMT-2024-BLG-0995,BLG31K0404.052920,18:11:17.27,-25:21:31.50,60444.52869,46.63,0.096,22.4,20.0,20.71,1,1.95,
KMT-2024-BLG-0996,BLG32K0506.026277,18:08:36.71,-27:11:06.68,60497.26177,44.5,0.861,18.85,19.04,19.04,1,1.35,OB240764
KMT-2024-BLG-0997,BLG37M0203.060771,17:48:23.30,-35:00:10.51,60458.03518,58.68,0.068,20.84,20.0,20.12,1,1.06,MB24001 OB240616
KMT-2024-BLG-0998,SSO37M0506.010987,17:46:56.40,-34:35:58.99,60497.70496,58.46,0.018,19.31,18.42,18.42,1,1.49,MB24083 OB240714
KMT-2024-BLG-0999,SAO41M0603.001199,17:55:52.03,-30:50:27.60,60446.39309,9.6,0.414,17.82,15.09,15.09,1,1.35,
KMT-2024-BLG-1000,SAO42T0503.041889,17:51:28.57,-29:52:10.20,60448.47071,22.31,0.016,20.71,19.67,19.67,1,2.7,
KMT-2024-BLG-1001,SAO01K0503.061976,17:51:36.61,-30:45:25.81,60453.18089,52.3,0.11,21.66,20.0,20.18,1,2.39,
KMT-2024-BLG-1002,BLG01N0607.059259,17:55:47.61,-31:25:59.48,60457.93695,23.36,0.376,19.84,19.87,19.87,1,1.45,
KMT-2024-BLG-1003,SSO02T0104.083889,17:53:53.75,-29:39:28.91,60444.95272,23.73,0.031,22.81,19.72,19.72,1,1.55,
KMT-2024-BLG-1004,SAO02T0606.030006,17:51:16.63,-29:22:54.70,60446.67792,16.13,0.092,21.63,19.98,19.98,1,3.46,
KMT-2024-BLG-1005,SSO03T0502.065096,17:59:13.34,-28:45:20.81,60446.96383,4.95,0.215,19.14,19.2,19.2,1,1.24,OB240628
KMT-2024-BLG-1006,SAO03T0602.018787,17:58:52.54,-28:49:34.21,60451.66796,10.75,0.258,19.48,17.98,17.98,1,0.98,
KMT-2024-BLG-1007,BLG11K0105.045723,17:27:09.35,-29:19:47.39,60489.27283,199.99,0.029,20.72,19.98,19.98,1,1.9,OB240776
KMT-2024-BLG-1008,BLG12K0304.009682,17:26:05.33,-27:19:05.66,60443.41199,8.11,0.853,19.48,19.47,19.47,2,1.83,
KMT-2024-BLG-1009,BLG12K0502.004975,17:24:39.22,-27:34:35.62,60464.72281,27.59,0.732,18.67,18.25,18.25,1,1.75,OB240740
KMT-2024-BLG-1010,BLG13K0108.012389,17:34:22.25,-33:22:23.77,60447.28312,18.43,0.283,20.18,20.0,20.37,2,5.12,
KMT-2024-BLG-1011,BLG16T0808.031996,17:32:43.36,-24:45:14.15,60449.8556,34.22,0.035,22.46,20.0,21.88,2,2.77,
KMT-2024-BLG-1012,SSO17K0204.042400,17:43:27.60,-32:47:23.82,60446.00313,15.47,0.024,22.42,20.0,22.23,2,3.9,
KMT-2024-BLG-1013,SSO17M0202.030992,17:48:32.79,-33:03:33.98,60445.929,2.13,0.171,19.81,19.98,19.98,1,2.39,
KMT-2024-BLG-1014,SAO17N0505.026567,17:46:46.83,-33:43:19.70,60445.93772,8.16,0.488,20.48,20.0,20.71,1,3.74,
KMT-2024-BLG-1015,BLG18T0108.015833,17:45:25.91,-26:50:26.70,60458.46811,30.04,0.011,19.84,19.82,19.82,2,3.4,
KMT-2024-BLG-1016,BLG20T0202.010576,17:45:02.17,-23:25:40.58,60447.65179,17.9,0.098,20.96,18.44,18.44,1,1.55,
KMT-2024-BLG-1017,SAO32K0203.004563,18:10:13.71,-27:32:35.92,60452.49749,15.97,0.895,18.46,16.89,16.89,1,0.85,
KMT-2024-BLG-1018,SSO32M0403.025608,18:14:11.76,-27:33:31.64,60444.88006,7.28,0.43,18.45,18.66,18.66,2,0.5,
KMT-2024-BLG-1019,BLG34K0503.010248,18:01:00.99,-31:46:00.80,60459.23547,29.82,0.999,18.81,18.43,18.43,1,1.11,
KMT-2024-BLG-1020,BLG34K0603.002031,18:00:50.01,-31:44:25.30,60481.25589,50.34,0.672,17.54,15.98,15.98,1,1.12,MB24054 OB240704
KMT-2024-BLG-1021,SSO35T0101.024929,18:04:16.55,-26:48:57.82,,,,,19.08,19.08,1,1.41,OB240635
KMT-2024-BLG-1022,SAO35T0102.092343,18:04:01.61,-26:40:54.34,60455.36317,24.49,0.052,20.64,20.0,25.0,3,1.87,
KMT-2024-BLG-1023,BLG37K0603.065889,17:41:02.03,-34:57:39.10,60444.34822,11.79,0.193,20.22,20.0,21.22,2,2.14,
KMT-2024-BLG-1024,SSO37M0106.001500,17:49:20.04,-34:37:42.71,60477.44051,24.35,0.804,16.33,15.59,15.59,1,1.13,OB240684
KMT-2024-BLG-1025,BLG01K0302.011435,17:52:45.50,-30:54:12.60,60447.02279,1.07,0.898,17.82,17.81,17.81,1,1.77,
KMT-2024-BLG-1026,SAO02K0101.008823,17:54:14.88,-28:57:50.11,60476.17207,36.06,0.872,17.3,17.13,17.13,1,1.75,MB24053
KMT-2024-BLG-1027,SAO02K0301.055455,17:52:50.59,-28:51:58.68,60445.53651,36.75,0.08,23.32,20.0,20.75,2,2.83,
KMT-2024-BLG-1028,SAO03N0303.020136,18:05:07.33,-28:38:39.41,60452.89138,12.51,0.225,19.81,18.41,18.41,1,0.87,OB240637
KMT-2024-BLG-1029,SSO15M0401.037083,17:39:32.34,-26:43:13.48,60451.68202,23.59,0.2,21.78,20.0,21.04,2,3.08,
KMT-2024-BLG-1030,SAO16M0708.043479,17:38:03.22,-23:40:10.67,60446.93126,7.65,0.022,20.54,20.0,21.15,2,1.97,
KMT-2024-BLG-1031,SAO18M0806.066667,17:46:38.30,-25:57:11.56,60454.93628,40.89,0.097,22.03,20.0,21.58,2,3.18,
KMT-2024-BLG-1032,SAO19N0405.035219,17:48:41.86,-25:07:43.46,60445.51328,8.95,0.21,22.11,20.0,22.02,2,4.42,
KMT-2024-BLG-1033,BLG21M0405.003819,17:57:04.74,-34:45:25.60,60479.30296,25.73,0.408,17.63,17.29,17.29,1,0.83,MB24034 OB240696
KMT-2024-BLG-1034,SAO35N0705.046916,18:05:28.96,-26:19:12.40,60449.52186,17.2,0.26,20.17,19.86,19.86,1,1.63,
KMT-2024-BLG-1035,SAO37N0702.029826,17:45:31.74,-36:13:21.50,60450.97313,15.91,0.6,19.73,19.85,19.85,1,1.58,
KMT-2024-BLG-1036,SSO38K0203.000695,17:54:08.25,-22:11:47.33,60458.32295,6.39,0.299,16.03,16.03,16.03,4,2.74,
KMT-2024-BLG-1037,SSO42N0107.077880,17:58:37.13,-29:23:46.28,60449.56381,13.28,0.11,19.97,19.77,19.77,1,1.32,OB240626
KMT-2024-BLG-1038,SAO42T0603.002882,17:50:45.64,-29:54:24.80,60492.89741,55.19,0.639,18.91,16.72,16.72,1,3.08,OB240613
KMT-2024-BLG-1039,SSO43T0102.074754,18:01:01.49,-28:59:36.31,60447.2924,1.57,0.282,19.88,19.58,19.58,1,0.97,
KMT-2024-BLG-1040,SSO02M0508.031917,17:56:45.87,-28:04:08.00,60447.55647,8.11,0.079,21.72,19.22,19.22,1,1.84,
KMT-2024-BLG-1041,BLG02M0803.023322,17:54:45.37,-28:39:44.60,60449.90994,13.58,0.264,21.64,19.05,19.05,2,2.07,
KMT-2024-BLG-1042,BLG02N0102.018719,17:59:05.81,-29:50:20.51,60479.48811,49.26,0.191,18.94,18.13,18.13,1,1.04,OB240621 OB240622 OB240694
KMT-2024-BLG-1043,SAO02N0401.036964,17:57:16.11,-29:59:47.80,60451.69402,55.1,0.002,23.98,19.08,19.08,1,1.51,
KMT-2024-BLG-1044,BLG03M0103.033214,18:06:15.36,-27:35:33.29,60449.37291,8.44,0.132,20.03,18.85,18.85,1,0.98,
KMT-2024-BLG-1045,BLG03N0506.024831,18:03:53.45,-28:19:26.40,60453.52072,7.12,0.802,18.52,18.36,18.36,1,0.9,OB240640
KMT-2024-BLG-1046,SSO03N0704.040818,18:02:49.98,-28:35:31.60,60454.22613,16.56,0.369,19.36,18.86,18.86,1,1.01,
KMT-2024-BLG-1047,BLG04K0402.018091,18:01:52.70,-29:46:38.10,60450.0153,2.77,0.673,19.29,18.28,18.28,1,1.03,
KMT-2024-BLG-1048,BLG04K0606.059136,18:00:27.64,-29:15:02.02,60480.68457,43.04,0.344,19.82,19.51,19.51,1,1.25,OB240624
KMT-2024-BLG-1049,SAO04T0205.000573,18:02:52.03,-30:32:53.30,60459.63542,4.79,0.774,14.81,14.76,14.76,1,1.27,MB24030
KMT-2024-BLG-1050,BLG04T0303.045921,18:01:58.07,-30:46:33.20,60451.07223,10.14,0.103,20.95,19.91,19.91,1,1.41,
KMT-2024-BLG-1051,SAO04T0401.009360,18:01:35.78,-31:04:44.11,60472.71762,25.11,0.188,18.38,18.22,18.22,1,1.22,MB24038 OB240700
KMT-2024-BLG-1052,SAO11K0804.001977,17:22:51.34,-29:25:49.44,60468.70954,34.82,1.0,18.29,17.0,17.0,2,1.87,
KMT-2024-BLG-1053,BLG11N0408.003135,17:30:15.72,-30:05:33.68,60478.76848,74.88,0.93,18.13,17.31,17.31,2,2.27,
KMT-2024-BLG-1054,SAO11T0605.021481,17:24:22.44,-30:23:50.75,60461.23446,43.68,0.146,21.09,20.0,20.72,2,2.97,OB240780
KMT-2024-BLG-1055,BLG12M0401.045098,17:30:24.36,-27:45:10.12,60457.97022,46.45,0.088,21.57,20.0,20.87,2,2.27,OB240720
KMT-2024-BLG-1056,BLG12M0801.016028,17:27:47.90,-27:43:03.97,60514.59876,125.45,0.014,20.11,20.0,20.13,2,2.14,OB240775
KMT-2024-BLG-1057,SAO12T0802.001614,17:23:25.42,-28:41:39.19,60472.95865,62.56,0.966,17.89,17.48,17.48,2,2.47,OB240473
KMT-2024-BLG-1058,SAO14K0403.014013,17:34:25.66,-28:28:09.26,60451.35187,51.61,0.754,19.92,20.0,20.24,2,3.47,
KMT-2024-BLG-1059,SAO14K0604.046125,17:33:39.89,-28:26:48.62,60448.10086,4.5,0.249,21.01,20.0,20.91,2,2.92,
KMT-2024-BLG-1060,SSO14M0408.028781,17:39:17.89,-27:56:17.41,60448.92789,19.07,0.083,22.59,20.0,20.49,2,2.92,
KMT-2024-BLG-1061,BLG14M0505.036877,17:39:09.38,-28:19:46.24,60449.99181,10.3,0.294,21.35,20.0,20.58,2,3.0,
KMT-2024-BLG-1062,SSO14T0603.008643,17:33:36.71,-29:35:50.60,60512.81038,53.61,0.28,19.05,19.08,19.08,2,3.06,OB240957
KMT-2024-BLG-1063,SSO15N0807.077889,17:37:28.86,-27:04:31.55,60449.68855,16.56,0.047,23.35,20.0,21.66,2,2.66,
KMT-2024-BLG-1064,BLG15T0507.082384,17:34:01.33,-27:00:35.89,60447.42328,12.84,0.385,21.26,20.0,22.84,2,2.75,
KMT-2024-BLG-1065,BLG16M0205.072028,17:40:44.07,-23:59:51.97,60449.10177,15.33,0.227,21.44,20.0,21.78,2,1.91,
KMT-2024-BLG-1066,SSO16T0803.000226,17:32:43.70,-25:27:25.09,60471.90555,16.69,0.098,17.05,17.04,17.04,2,4.41,
KMT-2024-BLG-1067,SAO17M0803.035987,17:44:49.30,-32:50:06.00,60450.43853,7.43,0.196,21.3,20.0,21.35,2,3.46,
KMT-2024-BLG-1068,SAO17N0207.003801,17:48:37.34,-33:25:33.82,60451.40994,24.48,0.077,21.46,16.66,16.66,1,1.91,
KMT-2024-BLG-1069,BLG17N0207.059792,17:48:40.25,-33:26:48.91,60450.84187,8.21,0.093,21.34,20.0,20.09,1,1.69,
KMT-2024-BLG-1070,BLG17N0402.044881,17:47:35.13,-34:05:50.78,60463.86187,24.79,0.616,19.85,19.84,19.84,1,1.72,
KMT-2024-BLG-1071,SSO18N0705.005180,17:46:52.52,-27:14:05.10,60453.84003,17.06,0.219,21.71,20.0,20.39,2,5.56,
KMT-2024-BLG-1072,SAO18T0303.044371,17:44:40.43,-27:32:38.47,60451.70013,22.4,0.172,21.93,20.0,22.27,2,5.45,
KMT-2024-BLG-1073,SAO19N0804.045618,17:46:25.15,-25:14:32.60,60449.76815,2.75,0.479,19.88,20.0,21.27,2,3.24,
KMT-2024-BLG-1074,BLG19T0302.055346,17:44:14.17,-25:30:02.77,60449.83282,35.55,0.015,23.45,20.0,21.32,2,3.29,
KMT-2024-BLG-1075,BLG22K0704.002770,17:50:10.34,-32:46:45.80,60495.67027,22.75,0.945,16.79,16.79,16.79,1,2.15,OB240834
KMT-2024-BLG-1076,SAO32T0503.051797,18:08:36.46,-28:42:51.80,60448.7434,14.09,0.106,20.95,19.53,19.53,1,0.9,
KMT-2024-BLG-1077,BLG36N0507.019375,18:18:01.04,-23:56:23.39,60449.89469,15.66,0.801,19.21,18.88,18.88,1,0.87,
KMT-2024-BLG-1078,SAO38T0507.017736,17:52:32.08,-22:43:30.61,60454.94155,17.69,0.384,19.79,19.29,19.29,1,2.23,
KMT-2024-BLG-1079,SAO41K0608.002826,17:50:56.32,-30:14:12.41,60488.53956,25.91,0.533,17.34,16.39,16.39,1,2.32,OB240612
KMT-2024-BLG-1080,BLG41M0604.079170,17:55:40.44,-30:47:33.40,60449.55352,14.31,0.122,21.7,20.0,20.06,1,1.32,
KMT-2024-BLG-1081,BLG41N0408.056031,17:57:02.89,-31:20:58.81,60449.90796,7.72,0.07,21.95,19.8,19.8,1,1.2,
KMT-2024-BLG-1082,BLG41N0805.081718,17:54:45.54,-31:43:36.88,60449.515,13.58,0.194,22.05,20.0,25.0,3,1.65,
KMT-2024-BLG-1083,BLG42M0304.023131,17:57:34.37,-28:35:08.92,60453.64627,17.34,0.175,20.27,18.71,18.71,1,1.78,
KMT-2024-BLG-1084,BLG42M0801.033097,17:54:34.56,-28:58:28.70,60450.36665,27.64,0.023,20.97,18.66,18.66,1,1.77,
KMT-2024-BLG-1085,SAO42T0702.009070,17:50:01.63,-30:04:31.12,60450.31431,0.5,0.197,18.37,18.22,18.22,1,3.56,
KMT-2024-BLG-1086,SAO43K0606.049028,17:58:30.80,-27:22:10.06,60469.16247,46.02,0.185,19.43,20.0,20.61,2,2.54,
KMT-2024-BLG-1087,SAO01M0704.011970,17:55:36.36,-30:39:07.31,60480.1129,44.67,0.834,18.89,18.23,18.23,1,1.8,OB240692
KMT-2024-BLG-1088,SAO02N0101.046656,17:58:53.82,-30:02:53.20,60454.27694,44.63,0.008,21.95,19.27,19.27,1,1.23,
KMT-2024-BLG-1089,BLG02N0207.015456,17:58:19.01,-29:17:44.81,60458.1259,20.86,1.0,18.21,17.93,17.93,1,1.42,OB240625
KMT-2024-BLG-1090,SSO03K0707.073654,17:58:07.33,-27:04:40.84,60451.75783,35.87,0.005,23.79,20.0,25.0,3,3.43,
KMT-2024-BLG-1091,SAO04T0707.021955,18:00:08.72,-30:17:35.70,60459.96051,32.8,0.912,18.69,18.74,18.74,1,1.24,
KMT-2024-BLG-1092,BLG11M0202.003048,17:31:22.86,-29:40:25.79,60479.13418,37.5,0.342,17.45,17.52,17.52,2,2.54,OB240594
KMT-2024-BLG-1093,SAO17K0202.040224,17:43:40.68,-32:59:29.54,60458.5649,17.66,0.291,20.58,20.0,21.45,2,3.3,
KMT-2024-BLG-1094,BLG19N0801.005237,17:46:28.62,-25:41:14.24,60457.04497,12.6,0.985,18.86,17.85,17.85,2,2.49,
KMT-2024-BLG-1095,SAO21K0401.017402,17:52:10.96,-35:15:33.80,60449.95118,9.68,0.992,18.63,18.52,18.52,1,0.65,
KMT-2024-BLG-1096,SSO31M0204.015871,18:17:20.51,-25:22:33.49,60451.37797,3.11,0.372,19.5,18.63,18.63,1,0.9,
KMT-2024-BLG-1097,SAO41K0104.044713,17:53:28.57,-30:44:39.52,60459.5979,57.58,0.616,20.01,19.8,19.8,1,2.22,
KMT-2024-BLG-1098,SAO41K0403.035840,17:51:59.46,-30:55:18.30,60462.25465,134.98,0.06,22.54,19.61,19.61,1,2.44,
KMT-2024-BLG-1099,SSO41K0508.061417,17:51:32.15,-30:16:41.99,60451.59334,17.66,0.409,20.64,20.0,20.25,1,2.46,
KMT-2024-BLG-1100,SSO41M0507.025686,17:56:14.89,-30:19:52.10,60463.77522,199.99,0.009,23.37,19.32,19.32,1,1.88,OB240693
KMT-2024-BLG-1101,SSO02M0307.009518,17:57:46.10,-28:07:41.70,60459.64774,13.83,0.161,20.02,17.62,17.62,1,2.09,OB240617
KMT-2024-BLG-1102,SAO02T0406.055262,17:52:16.33,-29:24:47.20,60451.78463,38.07,0.07,22.47,20.0,20.0,1,2.63,
KMT-2024-BLG-1103,SSO02T0603.050733,17:51:05.48,-29:43:00.52,60452.05004,199.31,0.004,24.77,20.0,20.27,1,2.95,
KMT-2024-BLG-1104,SSO11K0205.034216,17:26:15.77,-29:17:26.88,60452.44107,9.67,0.035,20.99,20.0,20.06,2,2.04,
KMT-2024-BLG-1105,BLG14N0603.015596,17:38:27.29,-29:42:20.81,60475.65204,44.09,0.605,19.93,20.0,20.49,2,4.1,
KMT-2024-BLG-1106,SAO15N0203.007871,17:40:53.95,-27:31:58.30,60469.68954,26.84,0.901,18.78,18.75,18.75,2,3.25,
KMT-2024-BLG-1107,SAO19T0308.091310,17:44:33.05,-24:45:37.01,60452.13832,1.13,0.013,19.95,20.0,22.52,2,2.79,
KMT-2024-BLG-1108,SAO37K0504.001435,17:41:46.13,-34:53:37.61,60549.48185,199.53,0.872,17.98,16.6,16.6,2,2.01,OB240718
KMT-2024-BLG-1109,SSO42M0603.080358,17:55:43.29,-28:50:23.89,60452.40944,68.74,0.028,23.4,20.0,20.61,3,1.78,
KMT-2024-BLG-1110,BLG03K0603.040816,17:58:38.11,-27:33:36.22,60553.93588,109.25,0.05,19.65,19.31,19.31,1,1.83,MB24166 OB240858
KMT-2024-BLG-1111,SAO03T0503.027626,17:59:11.31,-28:40:35.90,60458.98343,28.68,0.072,19.26,18.43,18.43,1,1.24,MB24031 OB240583
KMT-2024-BLG-1112,SAO11M0505.040844,17:29:35.47,-29:16:07.25,60450.31592,21.58,0.17,21.95,20.0,20.59,2,2.42,
KMT-2024-BLG-1113,SAO11N0203.087261,17:31:31.19,-30:45:20.70,60452.47333,83.53,0.031,23.52,20.0,22.74,3,2.98,
KMT-2024-BLG-1114,BLG12T0406.002548,17:25:21.82,-28:14:27.49,60479.29522,40.76,0.998,18.52,17.38,17.38,2,1.73,OB240778
KMT-2024-BLG-1115,BLG15M0701.088712,17:37:50.17,-26:40:38.24,60467.00741,65.0,0.011,22.11,20.0,22.42,3,3.21,MB24048
KMT-2024-BLG-1116,SAO22N0707.001463,17:55:13.44,-33:32:18.49,60533.2389,111.67,0.956,16.33,15.63,15.63,1,1.26,MB24020 OB240497 OB240918
KMT-2024-BLG-1117,BLG32N0306.053526,18:14:26.64,-28:21:54.50,60466.61353,36.99,0.301,20.1,19.83,19.83,1,0.44,
KMT-2024-BLG-1118,BLG37M0801.019052,17:45:02.81,-35:16:38.39,60456.63527,29.18,0.217,21.4,19.1,19.1,1,1.28,
KMT-2024-BLG-1119,SAO37T0607.034185,17:40:46.00,-35:34:36.88,60454.63009,4.22,0.498,20.18,20.0,20.29,2,1.83,
KMT-2024-BLG-1120,SSO43K0606.064060,17:58:29.61,-27:16:43.25,60454.4641,9.76,0.207,20.34,20.0,21.05,2,2.75,
KMT-2024-BLG-1121,SSO18K0604.034225,17:42:43.50,-26:18:35.96,60443.59212,60.32,0.715,21.15,20.0,20.59,3,2.88,
KMT-2024-BLG-1122,SSO19M0505.005248,17:48:08.57,-24:05:24.50,60469.62773,14.2,0.871,18.0,18.01,18.01,2,2.4,OB240788
KMT-2024-BLG-1123,BLG04N0205.032140,18:07:45.58,-30:33:11.02,60482.28797,46.49,0.852,19.25,19.39,19.39,1,0.76,OB240766
KMT-2024-BLG-1124,SAO21M0608.002491,17:56:00.58,-34:20:47.69,60519.78073,199.31,1.0,16.83,16.44,16.44,1,0.8,
KMT-2024-BLG-1125,SAO01T0307.003464,17:52:35.69,-31:22:51.10,60492.07921,15.94,0.68,16.72,16.72,16.72,1,2.44,MB24057
KMT-2024-BLG-1126,BLG02N0305.040166,17:57:56.27,-29:29:03.80,60463.33136,25.29,0.25,20.75,19.05,19.05,1,1.39,
KMT-2024-BLG-1127,SAO02N0703.046498,17:55:21.32,-29:44:46.00,60474.94975,24.06,0.259,18.63,19.02,19.02,1,1.41,MB24052 OB240623
KMT-2024-BLG-1128,SAO02T0204.039644,17:53:15.69,-29:39:35.21,60453.50364,25.68,1.0,18.65,19.0,19.0,1,1.9,
KMT-2024-BLG-1129,SAO03M0708.006444,18:02:55.75,-26:56:33.68,60502.39112,50.69,0.056,18.96,17.73,17.73,1,2.1,MB24096 OB240636
KMT-2024-BLG-1130,BLG11M0502.030382,17:29:52.34,-29:38:39.88,60475.93265,42.1,0.497,20.09,20.0,20.06,2,2.02,OB240722
KMT-2024-BLG-1131,SAO14M0504.067668,17:38:48.40,-28:25:59.95,60458.28352,30.82,0.141,22.16,20.0,21.53,2,3.25,
KMT-2024-BLG-1132,SAO14T0308.008329,17:35:00.67,-29:03:58.86,60468.92459,15.32,0.428,19.21,19.13,19.13,2,3.6,OB240791
KMT-2024-BLG-1133,SAO15K0202.031425,17:35:52.46,-26:33:13.68,60463.77332,46.39,0.962,20.11,20.0,20.83,2,2.75,
KMT-2024-BLG-1134,SAO15M0808.001628,17:36:59.65,-25:50:01.75,60509.29272,51.5,0.766,18.79,18.33,18.33,2,3.44,
KMT-2024-BLG-1135,BLG17N0802.062824,17:44:53.57,-34:05:06.11,60513.10164,77.97,0.298,19.83,20.0,20.23,1,1.66,OB240887
KMT-2024-BLG-1136,BLG19K0102.020547,17:45:47.81,-24:27:49.10,60488.03822,49.96,0.039,19.93,19.49,19.49,1,2.47,OB240811
KMT-2024-BLG-1137,BLG19K0702.042852,17:42:20.67,-24:21:42.52,60460.13917,24.1,0.431,19.92,19.95,19.95,1,1.84,OB240727
KMT-2024-BLG-1138,SAO19K0801.006901,17:41:51.04,-24:32:32.78,60471.37757,23.12,0.776,18.14,18.32,18.32,1,2.02,OB240726
KMT-2024-BLG-1139,SAO19M0203.014383,17:49:28.53,-24:19:44.83,60455.78277,9.37,0.06,20.62,20.0,20.21,2,3.39,
KMT-2024-BLG-1140,SAO35K0204.000295,18:03:23.14,-25:22:21.86,60491.41707,15.21,0.512,15.28,15.3,15.3,2,2.8,MB24044
KMT-2024-BLG-1141,BLG35N0404.001102,18:06:59.55,-26:30:21.49,60515.29412,43.73,0.863,15.92,15.48,15.48,1,1.29,MB24046 OB240706
KMT-2024-BLG-1142,SAO42K0101.044024,17:53:50.02,-28:58:54.80,60498.86221,115.37,0.007,19.91,19.05,19.05,1,1.96,MB24089 OB240608 OB241070
KMT-2024-BLG-1143,SAO42M0405.038861,17:56:39.80,-28:29:59.78,60558.41785,199.48,0.461,19.52,19.12,19.12,1,1.79,OB240358
KMT-2024-BLG-1144,SAO42T0108.048830,17:53:49.41,-29:12:20.41,60459.16641,7.1,0.106,19.36,19.21,19.21,1,1.68,MB24023 OB240607
KMT-2024-BLG-1145,BLG01T0401.067808,17:52:14.17,-32:06:26.78,60465.10832,13.3,0.438,19.92,20.0,20.49,1,2.02,
KMT-2024-BLG-1146,SAO02K0203.015306,17:53:20.98,-28:38:27.56,60466.48487,19.23,0.432,19.35,18.84,18.84,2,2.84,OB240610
KMT-2024-BLG-1147,SAO04K0803.085387,17:59:26.18,-29:43:45.70,60458.61621,46.17,0.081,21.81,20.0,20.2,1,1.13,OB240620
KMT-2024-BLG-1148,SSO04M0207.046213,18:07:25.75,-29:07:25.10,60456.01437,36.83,0.017,21.96,19.51,19.51,1,0.92,
KMT-2024-BLG-1149,BLG12M0507.010180,17:29:35.73,-26:55:29.28,60454.38731,12.2,0.103,20.88,20.0,20.43,2,3.06,
KMT-2024-BLG-1150,BLG12N0507.068634,17:29:29.59,-28:01:59.88,60460.12762,20.59,0.164,21.28,20.0,21.19,2,2.19,
KMT-2024-BLG-1151,BLG14M0103.007120,17:41:03.75,-28:34:58.73,60479.50248,30.79,0.45,19.54,19.52,19.52,2,4.98,OB240792
KMT-2024-BLG-1152,SSO14N0702.081211,17:37:50.00,-29:48:24.59,60467.46618,72.19,0.503,20.07,20.0,22.47,3,4.24,
KMT-2024-BLG-1153,BLG14T0301.003975,17:35:10.68,-29:57:20.84,60482.7403,21.85,0.572,17.89,17.89,17.89,2,2.64,
KMT-2024-BLG-1154,SSO14T0407.053200,17:34:38.14,-29:04:57.22,60458.3341,3.47,0.075,21.04,20.0,21.43,2,3.33,
KMT-2024-BLG-1155,BLG14T0501.014248,17:34:08.78,-29:50:57.16,60461.81917,18.69,0.111,21.49,19.78,19.78,2,2.68,
KMT-2024-BLG-1156,SAO15M0504.041319,17:38:43.29,-26:19:41.30,60461.72382,41.11,0.048,22.07,20.0,21.02,2,3.42,
KMT-2024-BLG-1157,BLG15T0605.002022,17:33:38.20,-27:16:42.56,60515.05885,1.15,0.161,18.02,17.67,17.67,2,2.91,MB24149 OB240944
KMT-2024-BLG-1158,BLG16M0204.014734,17:40:58.22,-24:08:07.91,60460.31568,26.89,0.392,20.51,19.66,19.66,2,2.04,
KMT-2024-BLG-1159,BLG16M0305.028583,17:40:17.21,-23:59:06.18,60445.74764,36.24,0.245,22.03,20.0,20.24,2,1.88,
KMT-2024-BLG-1160,BLG17K0501.013137,17:41:54.91,-33:06:40.50,60467.40105,18.11,0.398,20.3,20.0,20.42,2,4.25,
KMT-2024-BLG-1161,BLG17M0405.060738,17:47:23.91,-32:40:27.52,60463.02439,30.64,0.188,22.15,20.0,22.09,2,3.02,
KMT-2024-BLG-1162,BLG17T0105.016686,17:44:21.54,-33:42:25.42,60460.99583,10.37,0.582,19.19,19.12,19.12,1,1.79,OB240715
KMT-2024-BLG-1163,BLG18M0701.049120,17:47:06.81,-26:36:52.67,60459.18391,0.99,0.133,21.02,20.0,21.96,2,4.51,
KMT-2024-BLG-1164,SAO18T0403.002787,17:43:52.02,-27:27:02.09,60458.01683,7.05,0.184,21.44,18.15,18.15,2,3.88,
KMT-2024-BLG-1165,BLG19N0804.002810,17:46:08.16,-25:18:37.66,60467.04415,9.58,0.211,17.9,17.93,17.93,2,3.02,OB240793
KMT-2024-BLG-1166,BLG19T0105.002884,17:45:29.43,-25:07:00.05,60469.07015,8.05,0.642,17.56,17.56,17.56,2,2.83,OB240729 OB240794
KMT-2024-BLG-1167,SAO20T0207.002480,17:44:58.17,-22:46:21.72,60460.447,23.14,0.184,20.45,17.2,17.2,2,2.06,
KMT-2024-BLG-1168,BLG21K0107.023658,17:54:12.69,-34:29:38.90,60505.15702,59.3,0.137,19.42,18.86,18.86,1,0.92,MB24108 OB240905
KMT-2024-BLG-1169,BLG21K0304.015444,17:52:38.76,-34:54:32.62,60461.68261,6.72,0.508,18.47,18.49,18.49,1,0.72,
KMT-2024-BLG-1170,SAO21K0508.041019,17:51:23.88,-34:20:02.29,60460.80406,11.91,0.045,19.24,19.42,19.42,1,1.03,MB24018 OB240746
KMT-2024-BLG-1171,BLG22T0308.022279,17:52:51.82,-33:20:17.09,60460.02226,5.6,0.731,19.07,19.04,19.04,1,1.48,
KMT-2024-BLG-1172,SAO32M0504.005377,18:13:26.95,-27:25:18.41,60475.25677,39.88,0.422,19.26,17.21,17.21,1,0.43,MB24059 OB240767
KMT-2024-BLG-1173,SAO34T0403.001820,18:01:44.87,-32:56:06.61,60498.79236,24.61,0.813,16.21,16.22,16.22,1,1.06,MB24100 OB240705
KMT-2024-BLG-1174,BLG42M0805.081648,17:54:29.22,-28:33:22.00,60459.56021,4.14,0.164,20.61,20.0,21.66,2,2.21,
KMT-2024-BLG-1175,BLG42N0501.050140,17:56:12.95,-30:07:05.59,60464.40475,12.2,0.376,19.4,19.33,19.33,1,1.35,
KMT-2024-BLG-1176,BLG42N0606.002978,17:55:41.71,-29:32:46.72,60464.44147,26.08,0.164,20.19,15.83,15.83,1,1.64,
KMT-2024-BLG-1177,BLG43T0307.018181,18:00:10.03,-28:22:04.01,60470.62362,17.62,0.293,19.21,18.15,18.15,1,1.29,OB240641
KMT-2024-BLG-1178,BLG02K0201.098646,17:53:21.77,-28:52:40.30,60460.75658,11.94,0.104,21.91,20.0,25.0,3,2.13,
KMT-2024-BLG-1179,BLG02M0707.006169,17:55:30.59,-28:10:38.03,60498.38289,31.34,0.024,18.0,18.08,18.08,2,3.06,MB24092 OB240619
KMT-2024-BLG-1180,BLG03K0104.032232,18:01:33.37,-27:28:25.72,60465.98281,38.66,0.973,18.99,19.02,19.02,1,1.36,OB240634
KMT-2024-BLG-1181,BLG03K0105.066097,18:01:33.93,-27:21:00.68,60458.76562,23.53,0.1,22.64,20.0,20.21,1,1.7,
KMT-2024-BLG-1182,BLG12N0204.002698,17:31:30.73,-28:28:29.68,60473.82281,10.01,0.449,17.3,17.32,17.32,2,2.44,OB240719
KMT-2024-BLG-1183,BLG12T0104.030799,17:27:03.89,-28:30:31.46,60460.41393,194.54,0.002,24.58,20.0,20.36,2,2.07,
KMT-2024-BLG-1184,BLG13M0101.015246,17:39:19.20,-34:16:21.86,60477.66443,35.25,0.726,19.82,20.0,20.28,2,3.16,OB240774
KMT-2024-BLG-1185,BLG13N0105.063330,17:39:24.64,-34:51:45.40,60463.18696,24.99,0.029,21.18,20.0,21.61,2,2.21,
KMT-2024-BLG-1186,BLG13N0406.070129,17:37:40.22,-34:40:21.61,60460.138,33.6,0.098,21.77,20.0,22.39,2,3.01,
KMT-2024-BLG-1187,SSO16K0202.010449,17:36:18.06,-24:27:00.07,60463.68884,19.35,0.509,19.87,19.97,19.97,2,2.65,
KMT-2024-BLG-1188,BLG16N0201.005266,17:40:40.89,-25:38:50.75,60464.05386,6.03,0.444,18.5,18.42,18.42,2,2.5,OB240790
KMT-2024-BLG-1189,SSO17N0301.002288,17:48:22.47,-34:11:18.31,60467.1186,48.66,0.47,20.2,16.23,16.23,1,1.48,
KMT-2024-BLG-1190,BLG17N0406.075565,17:47:19.05,-33:39:51.08,60464.30843,25.64,0.786,19.96,20.0,21.74,2,2.53,
KMT-2024-BLG-1191,BLG18M0807.102469,17:46:13.14,-25:48:34.38,60463.91221,10.72,0.062,20.69,20.0,25.0,3,2.63,
KMT-2024-BLG-1192,SSO32K0206.032526,18:10:08.38,-27:08:40.20,60472.26524,28.64,0.354,19.23,19.24,19.24,1,1.25,OB240763
KMT-2024-BLG-1193,SSO32K0608.046328,18:07:46.39,-26:53:34.91,60461.0577,12.59,0.529,19.09,19.39,19.39,1,0.93,
KMT-2024-BLG-1194,BLG34K0408.059508,18:01:50.30,-31:08:21.59,60464.81964,77.56,0.524,20.04,20.0,20.14,1,1.17,
KMT-2024-BLG-1195,BLG35M0201.027724,18:08:22.90,-25:44:29.29,60458.65522,22.63,0.177,21.09,19.06,19.06,1,1.56,
KMT-2024-BLG-1196,BLG35T0804.053375,17:59:59.90,-26:27:56.74,60470.04166,33.98,0.124,20.01,20.0,22.25,3,3.46,
KMT-2024-BLG-1197,BLG41K0306.017641,17:52:24.31,-30:27:46.01,60467.00448,169.56,0.002,24.08,18.89,18.89,1,2.31,
KMT-2024-BLG-1198,BLG42M0607.026643,17:55:27.53,-28:13:12.61,60460.35669,9.44,0.07,20.64,19.87,19.87,2,2.85,OB240618
KMT-2024-BLG-1199,SSO43N0604.031633,18:03:24.16,-28:44:25.69,60459.81039,38.26,0.009,24.2,18.57,18.57,1,0.77,
KMT-2024-BLG-1200,SAO02K0504.062763,17:51:45.43,-28:32:44.16,60462.05659,8.89,0.191,20.84,20.0,21.67,2,3.62,OB240611
KMT-2024-BLG-1201,BLG02N0506.091578,17:56:27.75,-29:24:55.40,60464.57649,18.62,0.187,20.89,20.0,20.1,1,1.98,OB240688
KMT-2024-BLG-1202,BLG02T0504.079183,17:51:42.20,-29:36:56.16,60461.06069,1.37,0.266,19.92,20.0,21.21,2,2.48,
KMT-2024-BLG-1203,BLG04K0503.010191,18:01:10.35,-29:42:06.52,60462.02042,14.25,0.046,21.34,17.8,17.8,1,1.27,
KMT-2024-BLG-1204,SSO11T0507.027748,17:24:29.70,-30:11:02.29,60487.89346,46.81,0.336,19.63,20.0,20.35,2,1.99,OB240779
KMT-2024-BLG-1205,BLG12K0203.004384,17:26:36.60,-27:28:15.92,60579.52465,73.63,0.692,18.4,18.56,18.56,2,1.94,OB241279
KMT-2024-BLG-1206,BLG12M0701.009399,17:28:48.92,-27:43:16.79,60466.53641,55.14,0.282,20.97,19.52,19.52,2,2.31,
KMT-2024-BLG-1207,BLG12N0104.034566,17:31:43.39,-28:28:12.54,60471.62948,27.82,0.024,20.5,20.0,20.51,2,2.42,
KMT-2024-BLG-1208,BLG12T0105.019156,17:27:05.85,-28:16:37.99,60469.26258,19.22,0.905,19.84,19.92,19.92,2,1.93,
KMT-2024-BLG-1209,BLG12T0207.016560,17:26:27.11,-28:07:14.02,60491.11497,81.63,0.022,20.73,19.9,19.9,2,2.02,OB240777
KMT-2024-BLG-1210,BLG14M0108.043778,17:41:19.95,-27:51:07.96,60461.36239,4.54,0.511,20.05,20.0,21.14,2,3.33,
KMT-2024-BLG-1211,BLG14M0108.063386,17:41:17.34,-27:51:54.72,60464.74744,15.05,0.085,20.91,20.0,21.67,2,3.28,
KMT-2024-BLG-1212,SAO15N0704.092565,17:37:58.54,-27:25:06.56,60462.22007,13.34,0.193,21.3,20.0,22.4,2,2.85,
KMT-2024-BLG-1213,SSO17K0108.010568,17:44:09.37,-32:12:01.98,60487.76765,200.0,0.009,20.9,20.0,21.48,2,5.4,
KMT-2024-BLG-1214,BLG17K0304.013036,17:42:52.78,-32:41:31.56,60484.39712,35.66,0.298,19.97,20.0,20.24,2,4.1,OB240843
KMT-2024-BLG-1215,BLG17N0805.036956,17:45:17.41,-33:47:09.20,60468.88497,26.0,0.5,19.91,19.44,19.44,1,1.63,
KMT-2024-BLG-1216,BLG17T0503.028484,17:41:37.85,-33:58:56.46,60468.38796,12.14,0.138,19.98,20.0,20.19,2,2.43,
KMT-2024-BLG-1217,SAO18K0201.002470,17:45:01.90,-26:39:51.70,60554.65871,107.72,0.651,19.29,17.72,17.72,2,3.33,
KMT-2024-BLG-1218,BLG18K0207.049620,17:45:08.10,-25:49:41.63,60467.99395,63.97,0.126,21.92,20.0,21.35,2,2.76,
KMT-2024-BLG-1219,BLG18K0507.018396,17:43:17.19,-25:49:59.84,60460.77238,10.24,0.022,23.14,20.0,20.01,2,2.85,
KMT-2024-BLG-1220,BLG18T0502.002343,17:43:14.82,-27:34:59.02,60463.86251,6.97,0.999,18.71,17.59,17.59,2,3.42,
KMT-2024-BLG-1221,BLG19K0202.052215,17:45:11.32,-24:28:03.29,60459.84108,35.67,0.096,23.1,20.0,20.42,1,2.63,
KMT-2024-BLG-1222,BLG19K0805.003318,17:41:58.62,-24:04:30.11,60475.51782,15.68,0.914,17.59,17.06,17.06,1,1.89,
KMT-2024-BLG-1223,BLG19M0301.009797,17:49:23.68,-24:33:10.80,60494.54456,48.47,0.268,19.95,19.94,19.94,2,3.58,OB240954
KMT-2024-BLG-1224,BLG19N0401.002470,17:48:27.71,-25:42:46.87,60525.08077,199.9,0.999,19.75,19.7,19.7,2,5.56,
KMT-2024-BLG-1225,BLG31N0101.029202,18:17:41.84,-26:46:35.80,60460.49838,53.9,0.273,20.9,19.32,19.32,1,0.69,
KMT-2024-BLG-1226,BLG32K0502.083845,18:08:45.02,-27:40:46.31,60460.91126,96.23,0.017,22.4,20.0,20.43,1,1.17,
KMT-2024-BLG-1227,BLG34M0605.063622,18:05:48.08,-31:34:39.22,60457.2589,39.79,0.07,22.54,20.0,20.62,1,0.89,
KMT-2024-BLG-1228,SSO35K0501.003515,18:01:41.25,-25:40:39.07,60462.55631,60.94,0.15,20.42,19.58,19.58,2,5.57,
KMT-2024-BLG-1229,SAO36N0702.031341,18:16:49.48,-24:34:37.49,60480.8608,62.46,0.201,20.17,19.74,19.74,1,1.39,OB240769
KMT-2024-BLG-1230,BLG37K0303.004067,17:42:39.08,-34:58:07.75,60466.53919,14.34,0.995,18.36,17.53,17.53,2,1.92,
KMT-2024-BLG-1231,BLG37K0606.059943,17:40:53.61,-34:34:44.51,60475.39111,49.8,0.069,21.16,20.0,21.16,2,2.46,
KMT-2024-BLG-1232,BLG37M0207.052221,17:48:34.91,-34:30:34.99,60461.83167,67.83,0.014,22.14,19.83,19.83,1,1.2,
KMT-2024-BLG-1233,SSO38K0703.006205,17:51:10.71,-22:10:32.59,60466.95536,41.06,0.048,21.45,18.13,18.13,4,1.99,
KMT-2024-BLG-1234,SSO43T0701.028346,17:58:03.03,-29:05:19.28,60468.39624,35.31,0.199,21.14,18.86,18.86,1,1.67,
KMT-2024-BLG-1235,BLG01K0208.017358,17:53:14.66,-30:11:42.36,60462.97105,1.97,0.801,18.59,18.21,18.21,2,1.51,OB240680
KMT-2024-BLG-1236,BLG01K0304.061492,17:52:35.30,-30:40:27.41,60465.07195,20.8,0.072,21.44,20.0,20.15,1,1.94,
KMT-2024-BLG-1237,BLG01M0305.003412,17:57:51.32,-30:26:44.92,60483.68733,6.36,0.12,17.28,16.93,16.93,1,2.17,MB24078 OB240823
KMT-2024-BLG-1238,BLG02K0101.099421,17:54:08.30,-28:54:53.89,60487.45614,77.06,0.097,20.77,20.0,25.0,3,1.75,
KMT-2024-BLG-1239,BLG11K0202.002617,17:26:38.50,-29:39:29.09,60473.93496,53.29,0.806,19.21,17.23,17.23,2,2.06,
KMT-2024-BLG-1240,BLG11M0407.037437,17:29:58.53,-29:07:48.36,60463.59705,49.48,0.032,22.39,20.0,20.46,2,2.27,
KMT-2024-BLG-1241,BLG12T0208.031660,17:26:42.08,-27:56:24.00,60445.745,62.2,0.313,21.5,20.0,20.46,2,2.28,
KMT-2024-BLG-1242,BLG12T0804.034578,17:23:19.18,-28:29:28.97,60462.30712,8.22,0.277,20.86,20.0,20.84,2,2.18,
KMT-2024-BLG-1243,BLG13N0308.006166,17:38:03.93,-34:28:54.05,60484.81826,30.09,0.984,18.9,18.76,18.76,2,2.82,OB240773
KMT-2024-BLG-1244,BLG14K0105.043610,17:36:35.73,-28:13:14.74,60467.73909,13.99,0.086,21.34,20.0,21.8,2,3.59,
KMT-2024-BLG-1245,BLG14M0208.069102,17:40:48.25,-27:54:09.40,60462.60994,17.4,0.002,24.97,20.0,21.81,2,3.38,
KMT-2024-BLG-1246,BLG14M0505.091364,17:38:58.55,-28:13:03.22,60460.33582,29.58,0.472,20.76,20.0,22.43,2,2.89,
KMT-2024-BLG-1247,BLG14N0602.003973,17:38:19.64,-29:47:51.90,60467.74905,20.11,0.617,20.35,18.59,18.59,2,4.14,
KMT-2024-BLG-1248,BLG14T0408.026089,17:34:44.16,-28:58:33.10,60465.24255,20.24,0.096,22.23,20.0,20.61,2,3.02,
KMT-2024-BLG-1249,BLG14T0504.063808,17:34:01.88,-29:30:54.50,60467.8015,29.76,0.763,19.95,20.0,21.0,2,2.52,
KMT-2024-BLG-1250,BLG15N0204.112925,17:40:50.31,-27:24:18.83,60535.69084,0.51,0.002,24.7,20.0,25.0,3,3.37,
KMT-2024-BLG-1251,BLG15T0106.020385,17:36:17.61,-27:07:04.01,60468.18116,34.31,0.205,21.04,19.33,19.33,1,2.52,
KMT-2024-BLG-1252,BLG15T0508.030348,17:34:16.44,-26:53:32.21,60463.9073,20.44,0.306,21.71,20.0,20.26,1,2.52,
KMT-2024-BLG-1253,BLG17T0104.016962,17:44:29.48,-33:49:32.70,60466.84127,28.45,0.393,20.78,19.18,19.18,1,1.98,
KMT-2024-BLG-1254,BLG17T0202.062576,17:43:30.23,-34:06:07.42,60464.43726,4.55,0.554,19.72,20.0,20.61,1,2.35,
KMT-2024-BLG-1255,BLG17T0307.057227,17:42:52.29,-33:26:55.25,60462.75544,30.99,0.043,23.37,20.0,21.46,2,3.01,
KMT-2024-BLG-1256,BLG19K0804.037757,17:41:42.10,-24:09:51.41,60463.77781,15.19,0.069,21.9,19.78,19.78,1,1.78,
KMT-2024-BLG-1257,BLG19M0401.033729,17:48:41.04,-24:35:30.48,60462.11503,8.17,0.059,22.84,20.0,20.89,2,3.15,
KMT-2024-BLG-1258,BLG19M0403.010735,17:48:31.93,-24:15:07.81,60543.40702,199.88,0.823,19.23,19.2,19.2,2,2.35,
KMT-2024-BLG-1259,BLG19T0307.028942,17:44:17.45,-24:53:41.28,60461.6104,14.29,0.006,23.97,20.0,20.68,2,2.76,
KMT-2024-BLG-1260,BLG21T0407.008493,17:52:10.74,-35:33:57.38,60459.61247,16.08,0.901,18.3,18.05,18.05,1,0.81,OB240713
KMT-2024-BLG-1261,BLG22K0408.041157,17:52:11.96,-32:14:57.80,60464.1676,10.89,0.161,21.01,19.86,19.86,1,1.96,
KMT-2024-BLG-1262,BLG22N0404.075299,17:57:18.28,-33:50:38.62,60461.50911,10.19,0.77,20.02,20.0,20.66,1,0.64,
KMT-2024-BLG-1263,BLG22T0105.068637,17:53:55.75,-33:47:33.29,60459.88246,56.29,0.225,21.37,20.0,20.86,1,1.45,
KMT-2024-BLG-1264,BLG31K0405.059378,18:11:42.74,-25:09:55.01,60461.50963,29.98,0.153,21.3,20.0,20.9,1,1.85,
KMT-2024-BLG-1265,BLG31N0507.037980,18:15:24.93,-26:07:11.32,60602.27795,0.51,0.489,19.34,19.59,19.59,1,1.04,
KMT-2024-BLG-1266,BLG32N0508.075270,18:13:19.46,-28:02:05.78,60467.34254,13.41,0.287,19.88,20.0,20.5,1,0.39,
KMT-2024-BLG-1267,BLG32T0504.038243,18:08:19.59,-28:31:35.80,60465.722,7.87,0.098,18.98,19.1,19.1,1,0.89,MB24035
KMT-2024-BLG-1268,BLG34K0302.006399,18:02:14.72,-31:57:39.89,60480.43536,42.47,0.582,19.11,17.82,17.82,1,1.03,OB240703
KMT-2024-BLG-1269,BLG38M0507.006305,17:56:57.57,-21:43:12.40,60509.52817,57.81,0.48,18.9,18.87,18.87,4,2.86,
KMT-2024-BLG-1270,BLG38N0604.005691,17:56:29.09,-23:11:04.24,60488.81156,197.65,0.022,22.92,18.76,18.76,4,3.71,
KMT-2024-BLG-1271,BLG38T0406.022421,17:52:50.73,-22:53:56.76,60459.61904,18.61,0.097,21.3,19.96,19.96,4,2.48,
KMT-2024-BLG-1272,BLG38T0702.008069,17:51:32.88,-23:26:08.66,60466.53591,18.21,0.9,19.79,18.34,18.34,4,2.04,
KMT-2024-BLG-1273,BLG41K0201.007742,17:52:59.34,-31:10:55.20,60486.15433,14.97,0.714,17.7,17.75,17.75,1,2.19,OB240833
KMT-2024-BLG-1274,BLG43M0605.020264,18:03:17.16,-27:25:15.82,60468.5805,12.09,0.989,19.0,18.86,18.86,1,1.72,
KMT-2024-BLG-1275,BLG43M0804.019506,18:02:00.35,-27:31:01.09,60469.00186,11.64,0.51,19.33,18.52,18.52,1,1.4,OB240697
KMT-2024-BLG-1276,BLG02T0405.039053,17:52:12.47,-29:31:35.00,60465.56293,13.45,0.099,21.99,19.49,19.49,1,2.64,
KMT-2024-BLG-1277,BLG04K0804.019417,17:59:23.13,-29:32:21.59,60472.20561,42.46,0.202,21.43,18.56,18.56,1,1.52,
KMT-2024-BLG-1278,BLG04M0104.036659,18:08:31.59,-29:34:48.29,60475.38477,15.67,0.017,19.87,19.36,19.36,1,0.82,MB24062 OB240806
KMT-2024-BLG-1279,BLG17N0407.026691,17:47:49.50,-33:26:34.01,60470.15539,8.43,0.244,19.27,19.27,19.27,1,1.81,
KMT-2024-BLG-1280,BLG22K0806.019161,17:49:46.37,-32:30:22.46,60476.88226,29.77,0.827,19.95,20.0,20.38,2,2.7,
KMT-2024-BLG-1281,BLG34T0605.042972,18:00:40.65,-32:42:51.30,60480.90918,37.65,0.034,20.85,19.7,19.7,1,1.04,MB24077
KMT-2024-BLG-1282,BLG41K0806.037175,17:49:31.04,-30:31:25.61,60468.06471,9.92,0.059,20.86,20.0,20.21,1,3.25,
KMT-2024-BLG-1283,BLG41T0802.034033,17:49:35.78,-32:06:22.82,60466.09204,88.44,0.032,24.22,20.0,22.34,2,4.46,
KMT-2024-BLG-1284,BLG42N0303.045771,17:57:11.45,-29:56:31.42,60459.59718,52.13,0.349,21.01,19.48,19.48,1,1.88,
KMT-2024-BLG-1285,BLG42N0401.019860,17:56:49.74,-30:05:51.79,60460.546,15.24,0.419,18.77,18.51,18.51,1,1.47,OB240695
KMT-2024-BLG-1286,BLG42N0504.028536,17:56:27.63,-29:45:56.70,60476.66581,47.88,0.02,20.59,18.83,18.83,1,1.82,OB240752
KMT-2024-BLG-1287,BLG43T0707.050522,17:57:49.44,-28:20:26.30,60476.53465,66.44,0.01,21.08,19.27,19.27,1,1.61,MB24070
KMT-2024-BLG-1288,BLG03M0302.056463,18:05:18.90,-27:41:05.71,60501.35776,44.66,0.072,19.4,19.42,19.42,1,1.07,
KMT-2024-BLG-1289,SSO31N0504.003283,18:15:53.94,-26:27:19.12,60486.56258,42.45,0.085,18.46,16.86,16.86,1,0.77,
KMT-2024-BLG-1290,BLG33K0407.028392,18:11:21.00,-29:07:03.68,60467.67366,25.25,0.185,21.17,18.92,18.92,1,0.68,
KMT-2024-BLG-1291,SSO36N0604.048578,18:17:30.78,-24:21:25.09,60472.803,45.02,0.18,20.06,20.0,20.47,1,1.06,OB240768
KMT-2024-BLG-1292,BLG41K0508.003196,17:51:25.04,-30:13:12.61,60470.82455,31.53,0.002,22.88,16.45,16.45,1,2.17,OB240681
KMT-2024-BLG-1293,BLG02T0208.012081,17:53:26.73,-29:11:27.49,60469.18408,4.11,0.68,18.46,17.39,17.39,1,2.1,OB240678
KMT-2024-BLG-1294,BLG04M0202.003184,18:07:50.84,-29:47:08.20,60468.06137,48.13,0.483,20.38,16.6,16.6,1,0.77,
KMT-2024-BLG-1295,BLG14M0505.012034,17:38:59.06,-28:19:12.14,60498.22305,58.03,0.999,19.85,19.03,19.03,2,2.99,
KMT-2024-BLG-1296,BLG16T0203.002757,17:35:52.82,-25:28:27.73,60487.78094,18.87,0.253,20.0,19.88,19.88,2,4.31,
KMT-2024-BLG-1297,SAO35N0201.001680,18:08:25.00,-26:50:55.28,60490.73653,30.83,0.445,17.2,15.57,15.57,1,1.12,MB24071 OB240765
KMT-2024-BLG-1298,BLG42M0606.032511,17:55:44.53,-28:20:03.34,60466.79585,7.24,0.367,20.06,19.92,19.92,2,2.99,OB240685
KMT-2024-BLG-1299,BLG42N0807.061016,17:54:32.58,-29:20:30.19,60500.50725,65.76,0.025,19.42,19.37,19.37,1,1.75,MB24091 OB240627
KMT-2024-BLG-1300,BLG01M0702.050738,17:55:33.23,-30:52:04.01,60469.64215,18.49,0.12,21.38,19.26,19.26,1,1.34,
KMT-2024-BLG-1301,BLG02M0403.079180,17:57:03.62,-28:40:40.91,60471.75174,18.05,0.007,21.79,20.0,20.0,1,1.93,
KMT-2024-BLG-1302,BLG02N0102.035950,17:58:41.29,-29:54:33.52,60479.31322,195.18,0.044,21.79,18.71,18.71,1,1.01,OB240756
KMT-2024-BLG-1303,BLG02N0308.090147,17:57:33.40,-29:05:58.42,60473.28182,24.16,0.103,19.68,20.0,20.2,1,1.61,MB24067 OB240689
KMT-2024-BLG-1304,SSO02N0706.013734,17:55:25.82,-29:23:23.71,60475.24936,18.16,0.422,18.56,17.66,17.66,1,1.51,
KMT-2024-BLG-1305,BLG02T0201.045848,17:53:23.09,-30:00:24.70,60468.07601,2.22,0.331,19.9,19.04,19.04,1,1.54,
KMT-2024-BLG-1306,BLG02T0702.048985,17:50:42.07,-29:55:33.20,60475.3355,28.2,0.078,20.96,20.0,20.42,1,3.08,OB240744
KMT-2024-BLG-1307,BLG03K0406.023369,18:00:06.14,-27:09:07.31,60470.79825,30.77,0.007,23.56,19.02,19.02,1,2.21,
KMT-2024-BLG-1308,BLG03M0204.025601,18:05:55.68,-27:27:07.31,60480.90777,16.46,0.017,18.77,18.42,18.42,1,0.75,MB24072 OB240757
KMT-2024-BLG-1309,BLG03N0507.051754,18:04:10.72,-28:10:53.62,60509.44905,199.98,0.022,22.52,19.16,19.16,1,0.92,MB24133 OB240761
KMT-2024-BLG-1310,BLG04K0503.036454,18:01:14.09,-29:37:44.80,60471.06516,12.2,0.101,20.02,18.97,18.97,1,1.28,
KMT-2024-BLG-1311,BLG04T0507.033272,18:00:46.80,-30:20:32.60,60469.74273,16.44,0.01,21.76,18.9,18.9,1,1.07,MB24060
KMT-2024-BLG-1312,BLG04T0704.046778,18:00:04.28,-30:37:09.91,60477.35231,17.38,0.054,19.3,19.6,19.6,1,1.43,
KMT-2024-BLG-1313,BLG04T0706.036710,17:59:47.68,-30:23:52.69,60476.28952,29.17,0.074,21.18,19.21,19.21,1,1.51,
KMT-2024-BLG-1314,BLG04T0707.001508,17:59:46.50,-30:16:42.82,60494.89399,19.34,0.731,16.82,15.56,15.56,1,1.53,MB24093
KMT-2024-BLG-1315,BLG11K0505.038213,17:24:51.77,-29:22:29.10,60476.00427,13.2,0.424,19.56,19.74,19.74,1,1.91,
KMT-2024-BLG-1316,BLG11M0603.102109,17:29:12.26,-29:33:31.97,60470.07898,16.7,0.284,21.49,20.0,25.0,3,1.76,
KMT-2024-BLG-1317,BLG11N0306.047690,17:30:42.69,-30:16:39.04,60468.44323,7.74,0.069,23.19,20.0,20.81,2,2.65,
KMT-2024-BLG-1318,BLG12N0301.022719,17:31:01.83,-28:49:22.12,60470.48291,70.74,0.029,22.4,20.0,20.36,2,2.46,
KMT-2024-BLG-1319,BLG12N0402.018641,17:30:06.27,-28:45:06.80,60485.59405,33.81,0.024,20.45,20.0,20.12,2,2.28,OB240835
KMT-2024-BLG-1320,BLG13N0301.019805,17:38:24.36,-35:18:36.47,60483.74583,60.3,0.73,21.3,20.0,20.16,2,2.24,
KMT-2024-BLG-1321,BLG14M0202.058728,17:40:31.56,-28:41:27.20,60476.79654,38.56,0.01,21.6,20.0,22.32,2,4.81,
KMT-2024-BLG-1322,BLG14M0306.001790,17:40:09.30,-28:10:39.25,60469.90089,0.74,0.335,20.41,17.28,17.28,2,3.17,
KMT-2024-BLG-1323,BLG14T0205.036015,17:36:05.10,-29:25:33.35,60471.89066,9.05,0.298,20.23,20.0,20.82,2,2.85,
KMT-2024-BLG-1324,BLG14T0305.074073,17:35:15.17,-29:25:14.63,60465.48988,41.96,0.202,22.16,20.0,21.95,2,3.1,
KMT-2024-BLG-1325,BLG15M0804.009694,17:37:04.43,-26:20:03.12,60473.27406,16.35,0.205,21.04,19.92,19.92,2,2.82,
KMT-2024-BLG-1326,BLG15N0102.010670,17:41:24.83,-27:39:50.22,60478.98161,13.8,0.511,19.16,19.14,19.14,2,3.34,
KMT-2024-BLG-1327,BLG15N0602.022830,17:38:06.67,-27:42:09.43,60472.9484,12.02,0.183,19.85,20.0,20.21,2,2.79,
KMT-2024-BLG-1328,BLG15T0106.007380,17:36:24.69,-27:10:45.01,60476.8127,5.82,0.278,18.08,18.06,18.06,1,2.41,MB24073
KMT-2024-BLG-1329,BLG15T0802.001926,17:32:39.29,-27:35:36.28,60469.96911,131.17,0.003,23.01,17.39,17.39,2,2.64,MB24051
KMT-2024-BLG-1330,BLG16M0401.098812,17:39:38.69,-24:30:38.45,60470.98563,19.38,0.096,21.4,20.0,25.0,3,1.78,
KMT-2024-BLG-1331,BLG18T0706.008869,17:42:26.80,-27:10:47.86,60471.88015,10.16,0.047,19.39,19.47,19.47,2,3.71,
KMT-2024-BLG-1332,BLG19K0506.035846,17:43:17.43,-23:57:17.71,60474.64081,36.32,0.557,19.71,19.49,19.49,1,1.6,
KMT-2024-BLG-1333,BLG20K0406.001346,17:43:55.75,-21:48:10.73,60473.98137,9.05,0.494,18.38,15.91,15.91,4,1.39,
KMT-2024-BLG-1334,BLG20M0806.001868,17:46:33.36,-21:50:46.39,60586.80891,136.68,0.755,18.36,16.67,16.67,4,1.97,
KMT-2024-BLG-1335,BLG20N0806.055783,17:46:29.55,-22:57:47.30,60485.40521,60.76,0.927,19.76,20.0,20.17,1,1.39,
KMT-2024-BLG-1336,BLG22T0301.045889,17:53:02.04,-34:11:40.70,60477.9048,26.53,0.263,20.02,20.0,20.09,1,1.5,
KMT-2024-BLG-1337,BLG31K0202.053549,18:12:30.85,-25:37:09.19,60463.62188,23.29,0.58,19.98,20.0,20.37,1,1.64,
KMT-2024-BLG-1338,BLG32M0308.066215,18:14:15.98,-26:53:40.31,60476.83055,21.06,0.293,20.18,20.0,20.48,1,0.74,
KMT-2024-BLG-1339,BLG32T0407.047549,18:09:18.37,-28:10:45.59,60479.07217,20.84,0.013,19.96,19.55,19.55,1,0.85,MB24074 OB240877
KMT-2024-BLG-1340,SSO33N0204.007697,18:17:12.80,-30:38:37.36,60466.1885,25.11,0.435,19.29,18.44,18.44,4,0.46,
KMT-2024-BLG-1341,BLG34M0107.020655,18:08:40.29,-31:18:54.79,60483.01235,19.7,0.639,19.03,19.02,19.02,1,0.63,OB240885
KMT-2024-BLG-1342,BLG34T0704.001523,18:00:07.71,-32:50:31.09,60473.49339,24.12,0.201,19.88,15.77,15.77,1,0.97,
KMT-2024-BLG-1343,BLG38T0306.014948,17:53:22.94,-22:57:15.12,60469.29325,50.4,0.102,22.21,19.5,19.5,4,2.72,
KMT-2024-BLG-1344,BLG41K0505.000511,17:51:18.56,-30:40:00.19,60475.42867,11.56,0.996,16.51,14.91,14.91,1,2.45,MB24065
KMT-2024-BLG-1345,BLG41N0301.028716,17:57:35.05,-32:18:33.19,60464.37774,77.18,0.1,22.7,19.35,19.35,1,1.42,
KMT-2024-BLG-1346,BLG42K0207.035306,17:53:13.72,-28:20:08.63,60473.74564,26.0,0.309,20.82,20.0,20.36,2,2.66,
KMT-2024-BLG-1347,BLG42M0807.010528,17:54:25.58,-28:15:38.41,60469.94253,62.81,0.002,24.16,18.52,18.52,2,2.83,OB240743 OB240749
KMT-2024-BLG-1348,BLG42N0508.045555,17:56:24.58,-29:18:28.80,60474.07086,11.95,0.587,19.62,19.31,19.31,1,2.02,
KMT-2024-BLG-1349,BLG42T0305.081551,17:52:22.40,-29:36:34.70,60473.33496,15.04,0.431,19.92,20.0,20.09,1,2.28,OB240682
KMT-2024-BLG-1350,BLG43N0605.005024,18:03:13.08,-28:35:19.90,60496.11975,16.13,0.023,16.63,16.48,16.48,1,0.88,MB24086 OB240698
KMT-2024-BLG-1351,BLG43T0403.047628,17:59:29.42,-28:48:27.50,60475.17069,21.25,0.049,20.34,18.88,18.88,1,1.11,MB24066 OB240691 OB240799
KMT-2024-BLG-1352,BLG01M0702.099623,17:55:28.13,-30:54:12.82,60468.30486,16.05,0.639,19.98,20.0,21.46,2,1.3,
KMT-2024-BLG-1353,SAO01N0803.002343,17:54:50.69,-31:54:05.80,60476.18867,15.91,1.0,17.39,16.01,16.01,1,1.57,
KMT-2024-BLG-1354,SAO01T0801.011053,17:50:01.30,-32:10:32.66,60483.75421,104.69,0.024,22.19,20.0,21.02,2,4.22,OB240883
KMT-2024-BLG-1355,SAO02N0805.022838,17:55:03.57,-29:34:12.50,60471.11849,3.24,0.03,20.45,18.26,18.26,1,1.31,MB24061
KMT-2024-BLG-1356,BLG02T0208.024369,17:53:08.46,-29:10:41.20,60467.93896,5.7,0.051,20.67,18.46,18.46,1,2.27,MB24050 OB240679
KMT-2024-BLG-1357,SAO02T0307.003410,17:52:36.28,-29:12:41.29,60471.7704,5.32,0.043,20.99,16.48,16.48,1,2.58,
KMT-2024-BLG-1358,SAO03N0106.076622,18:06:34.42,-28:18:27.11,60503.36604,165.29,0.078,19.36,20.0,20.23,1,0.99,MB24097
KMT-2024-BLG-1359,BLG03N0605.008170,18:03:26.06,-28:23:26.09,60582.85244,93.97,0.132,17.22,17.22,17.22,1,0.86,OB240699
KMT-2024-BLG-1360,SAO04M0703.041307,18:05:01.01,-29:42:33.91,60468.71697,16.34,0.183,19.04,19.08,19.08,1,0.83,MB24041
KMT-2024-BLG-1361,BLG04N0202.049770,18:07:37.28,-30:51:36.90,60476.62089,23.55,0.108,21.35,20.0,20.17,1,1.02,
KMT-2024-BLG-1362,SAO19K0203.065063,17:45:12.56,-24:18:47.09,60472.56825,9.48,0.183,21.11,20.0,20.46,1,2.02,
KMT-2024-BLG-1363,BLG19M0308.009223,17:49:24.92,-23:41:12.23,60495.56395,47.7,0.178,19.79,18.8,18.8,2,2.0,OB240893
KMT-2024-BLG-1364,BLG31K0201.063937,18:12:35.76,-25:42:56.02,60468.75855,19.42,0.206,21.27,20.0,20.83,1,1.25,
KMT-2024-BLG-1365,SAO33T0507.052603,18:10:18.85,-30:18:32.80,60472.56831,14.09,0.187,21.26,20.0,20.23,1,0.81,
KMT-2024-BLG-1366,SAO11N0208.089327,17:31:31.01,-30:00:23.18,60473.542,30.45,0.01,23.12,20.0,21.81,2,2.33,
KMT-2024-BLG-1367,SAO11N0705.088975,17:28:35.57,-30:28:19.06,60471.68591,13.36,0.211,20.95,20.0,25.0,3,3.23,
KMT-2024-BLG-1368,SAO14N0307.043886,17:40:18.77,-29:06:34.67,60473.5834,23.4,0.062,23.06,20.0,22.67,3,5.66,
KMT-2024-BLG-1369,SAO16K0208.056560,17:35:59.51,-23:40:00.34,60471.37155,112.85,0.017,24.44,20.0,21.48,2,1.65,
KMT-2024-BLG-1370,SAO22K0304.004711,17:52:50.47,-32:46:24.31,60479.99534,72.44,0.141,20.85,17.0,17.0,1,1.52,OB240882
KMT-2024-BLG-1371,BLG31K0806.036094,18:09:16.57,-25:06:22.90,60480.4135,9.78,0.348,19.97,19.95,19.95,1,2.02,
KMT-2024-BLG-1372,BLG41M0106.013471,17:58:44.90,-30:27:37.01,60494.4657,18.41,0.517,18.83,18.85,18.85,1,1.84,OB240914
KMT-2024-BLG-1373,SSO41M0107.022325,17:58:39.70,-30:22:46.81,60471.75167,1.59,0.187,19.29,19.26,19.26,1,2.03,
KMT-2024-BLG-1374,BLG41M0408.005003,17:56:50.73,-30:16:39.79,60454.81365,69.04,0.926,19.01,16.91,16.91,1,1.86,
KMT-2024-BLG-1375,BLG01N0106.002119,17:58:53.58,-31:31:19.09,60477.17592,4.09,0.994,16.83,16.16,16.16,1,1.6,
KMT-2024-BLG-1376,BLG01N0608.040808,17:56:09.33,-31:13:39.90,60474.62392,4.09,0.584,19.37,19.45,19.45,1,1.55,
KMT-2024-BLG-1377,BLG11N0207.002214,17:31:34.91,-30:10:08.40,60548.44624,37.84,0.915,17.47,17.12,17.12,2,2.64,OB241006
KMT-2024-BLG-1378,BLG14K0605.057296,17:33:35.09,-28:17:12.05,60479.0914,15.76,0.087,20.98,20.0,20.94,2,2.61,
KMT-2024-BLG-1379,BLG15T0701.032313,17:33:03.91,-27:46:14.20,60484.62627,28.08,0.194,21.16,20.0,20.77,2,2.61,
KMT-2024-BLG-1380,BLG17K0102.034908,17:44:04.84,-33:01:30.86,60473.95958,14.52,0.039,22.16,20.0,20.83,2,3.09,
KMT-2024-BLG-1381,SSO22K0307.022394,17:52:59.04,-32:24:56.92,60472.89971,4.21,0.072,20.17,19.07,19.07,1,1.42,MB24064
KMT-2024-BLG-1382,BLG22N0508.001711,17:56:35.86,-33:21:20.30,60473.12693,7.04,0.998,18.35,15.78,15.78,1,1.14,
KMT-2024-BLG-1383,BLG32N0202.013069,18:15:01.18,-28:48:44.71,60475.43004,3.46,0.39,18.46,18.42,18.42,1,0.6,
KMT-2024-BLG-1384,BLG35N0801.028645,18:04:45.36,-26:47:51.00,60474.40215,9.47,0.8,18.49,18.91,18.91,1,1.42,
KMT-2024-BLG-1385,BLG01K0401.015473,17:52:01.47,-30:59:17.02,60475.49116,21.49,0.069,21.11,18.66,18.66,1,2.3,
KMT-2024-BLG-1386,SAO01M0201.077120,17:58:26.10,-30:59:31.45,60476.63633,10.55,0.149,22.32,20.0,25.0,3,1.55,
KMT-2024-BLG-1387,BLG01M0507.078268,17:56:27.64,-30:18:37.58,60478.1142,1.07,0.064,20.06,20.0,20.36,1,1.83,
KMT-2024-BLG-1388,SAO02K0501.033894,17:51:48.06,-28:55:48.97,60480.70819,18.08,0.097,21.19,20.0,20.6,2,3.38,
KMT-2024-BLG-1389,SAO02K0506.005020,17:51:40.65,-28:16:12.25,60479.80598,5.83,0.827,18.27,18.15,18.15,2,3.58,OB240796
KMT-2024-BLG-1390,BLG02M0301.007195,17:57:39.64,-28:51:50.69,60487.55452,9.79,0.626,16.86,16.79,16.79,1,1.29,MB24094 OB240755
KMT-2024-BLG-1391,BLG02M0301.073961,17:57:52.78,-28:51:13.21,60480.8162,13.89,0.161,19.76,19.55,19.55,1,1.15,
KMT-2024-BLG-1392,BLG02M0706.016503,17:55:25.03,-28:15:39.10,60476.64657,6.53,0.482,18.81,19.08,19.08,2,2.33,OB240748
KMT-2024-BLG-1393,BLG02N0305.055118,17:57:37.56,-29:28:39.11,60475.39059,3.55,0.516,19.29,19.38,19.38,1,1.58,
KMT-2024-BLG-1394,SAO02N0506.096492,17:56:44.29,-29:24:07.09,60477.38116,13.66,0.034,21.1,20.0,20.28,1,1.58,MB24075
KMT-2024-BLG-1395,SAO02N0507.012809,17:56:32.27,-29:16:14.70,60474.81617,14.19,0.164,21.38,18.0,18.0,1,1.81,OB240754
KMT-2024-BLG-1396,BLG02T0103.067874,17:53:50.36,-29:42:45.40,60477.89341,14.5,0.022,21.85,19.31,19.31,1,1.55,
KMT-2024-BLG-1397,SAO02T0206.089816,17:53:14.31,-29:23:24.90,60476.89044,10.9,0.075,21.73,20.0,20.42,1,2.23,OB240745
KMT-2024-BLG-1398,SAO02T0502.051279,17:51:35.60,-29:53:15.90,60477.02385,23.51,0.035,22.67,19.8,19.8,1,2.51,
KMT-2024-BLG-1399,SAO02T0605.016786,17:51:01.37,-29:30:29.59,60478.84629,172.32,0.006,23.75,18.85,18.85,1,3.41,
KMT-2024-BLG-1400,SAO03M0705.032719,18:02:58.10,-27:19:17.00,60481.24807,10.29,0.466,20.21,19.63,19.63,1,2.04,
KMT-2024-BLG-1401,SAO03T0105.017044,18:01:28.43,-28:26:28.10,60492.61578,60.57,0.065,20.91,18.02,18.02,1,1.01,OB240803
KMT-2024-BLG-1402,SAO03T0205.097940,18:00:54.62,-28:23:21.91,60483.21401,19.01,0.325,20.13,20.0,20.51,1,1.16,OB240804
KMT-2024-BLG-1403,SAO03T0501.073120,17:59:29.28,-28:57:13.28,60477.71938,1.56,0.011,20.35,19.36,19.36,1,1.05,
KMT-2024-BLG-1404,SAO04K0305.011550,18:02:17.79,-29:25:48.00,60500.33039,46.3,0.213,20.43,18.11,18.11,1,1.19,OB240929
KMT-2024-BLG-1405,SAO04K0803.066943,17:59:34.69,-29:41:11.00,60483.41344,15.99,0.002,19.61,19.57,19.57,1,1.16,MB24079 OB240750
KMT-2024-BLG-1406,SAO04M0203.004573,18:07:51.03,-29:37:26.00,60482.43246,11.86,0.05,19.31,17.07,17.07,1,0.77,MB24081
KMT-2024-BLG-1407,SAO04M0605.028967,18:05:34.65,-29:23:48.70,60480.08245,20.07,0.068,20.93,18.89,18.89,1,1.05,
KMT-2024-BLG-1408,BLG04M0708.014640,18:04:58.18,-28:59:43.19,60498.36084,30.37,0.082,18.44,18.1,18.1,1,0.88,OB240824
KMT-2024-BLG-1409,BLG11K0402.015087,17:25:08.94,-29:43:08.98,60487.26596,25.3,0.308,19.55,19.9,19.9,2,2.21,
KMT-2024-BLG-1410,BLG11M0402.023339,17:30:22.67,-29:45:49.68,60512.60759,61.52,0.101,19.75,19.66,19.66,2,2.15,
KMT-2024-BLG-1411,SAO11T0108.008891,17:27:16.35,-30:03:07.31,60476.28906,9.03,0.047,20.88,19.1,19.1,2,2.26,
KMT-2024-BLG-1412,SAO13K0602.012643,17:31:34.18,-34:04:41.30,60473.80934,9.52,0.266,20.53,20.0,21.73,2,5.62,
KMT-2024-BLG-1413,BLG14K0805.062531,17:32:23.58,-28:17:21.70,60476.26114,10.32,0.843,20.03,20.0,21.16,2,2.47,
KMT-2024-BLG-1414,BLG14M0304.001139,17:40:06.31,-28:20:17.99,60499.44878,49.65,0.673,20.14,17.3,17.3,2,3.82,
KMT-2024-BLG-1415,SAO14N0803.006539,17:37:06.00,-29:40:53.08,60474.51907,19.4,0.036,22.98,18.93,18.93,2,3.89,
KMT-2024-BLG-1416,BLG14T0308.013700,17:35:12.36,-28:59:26.63,60495.05183,25.3,0.278,19.99,19.98,19.98,2,3.21,
KMT-2024-BLG-1417,SAO14T0508.057179,17:34:14.49,-28:58:06.67,60480.53909,26.75,0.099,21.66,20.0,21.7,2,3.49,
KMT-2024-BLG-1418,BLG15M0101.006535,17:40:58.68,-26:37:37.70,60477.63387,18.03,1.0,19.19,19.16,19.16,2,3.29,
KMT-2024-BLG-1419,BLG15N0601.024815,17:38:29.65,-27:45:33.34,60477.16924,17.66,0.102,21.75,20.0,20.08,2,2.42,
KMT-2024-BLG-1420,SAO15T0405.037606,17:34:51.60,-27:17:26.81,60476.05491,2.85,0.143,20.09,20.0,20.16,1,2.43,
KMT-2024-BLG-1421,BLG16M0206.045819,17:40:30.02,-23:52:42.64,60477.92275,11.2,0.057,20.39,20.0,20.69,2,1.76,
KMT-2024-BLG-1422,BLG16N0808.004909,17:37:16.28,-24:46:41.27,60550.75265,56.18,0.222,18.67,18.64,18.64,2,2.12,OB241008
KMT-2024-BLG-1423,SAO17N0705.073491,17:45:39.36,-33:45:23.62,60477.63622,14.47,0.073,20.05,20.0,20.34,1,1.56,MB24069
KMT-2024-BLG-1424,SAO18K0701.104916,17:42:16.10,-26:37:53.33,60479.9087,54.67,0.002,24.69,20.0,25.0,3,3.54,
KMT-2024-BLG-1425,SAO18M0802.024460,17:46:34.04,-26:31:08.11,60480.71653,18.39,0.197,21.4,20.0,21.01,2,4.05,
KMT-2024-BLG-1426,BLG19K0303.022369,17:44:38.16,-24:15:19.19,60493.40001,46.3,0.998,19.09,19.09,19.09,1,1.82,
KMT-2024-BLG-1427,SAO19T0607.002598,17:42:56.29,-24:51:24.30,60482.99376,4.29,0.431,17.05,17.02,17.02,1,2.62,OB240839
KMT-2024-BLG-1428,BLG19T0705.006795,17:42:19.01,-25:06:34.49,60480.46551,17.92,0.88,19.6,18.25,18.25,1,2.4,
KMT-2024-BLG-1429,BLG19T0807.014206,17:41:40.11,-24:56:01.10,60476.44104,13.89,0.174,19.88,18.98,18.98,1,2.23,
KMT-2024-BLG-1430,SAO20T0101.010717,17:45:21.52,-23:36:11.99,60476.38236,9.59,0.762,18.49,18.49,18.49,1,1.71,OB240838
KMT-2024-BLG-1431,SAO20T0308.001651,17:44:33.35,-22:41:51.47,60488.19254,49.77,0.073,21.11,16.95,16.95,2,2.27,OB240892
KMT-2024-BLG-1432,SAO21K0302.011167,17:52:47.61,-35:09:28.12,60483.09935,25.41,0.192,20.47,18.04,18.04,1,0.62,
KMT-2024-BLG-1433,BLG31K0404.015746,18:11:34.41,-25:21:29.70,60481.49341,32.37,0.101,21.33,19.23,19.23,1,1.72,
KMT-2024-BLG-1434,SAO31N0707.051517,18:14:20.77,-26:02:53.92,60481.82915,19.31,0.921,19.8,19.99,19.99,1,0.97,
KMT-2024-BLG-1435,BLG32K0808.083567,18:07:05.31,-26:58:11.50,60502.24802,48.87,0.119,20.45,20.0,24.11,3,0.91,
KMT-2024-BLG-1436,BLG33K0803.045683,18:08:52.70,-29:40:23.30,60476.64556,29.45,0.701,20.32,19.63,19.63,1,0.71,
KMT-2024-BLG-1437,BLG34K0208.015382,18:03:12.15,-31:11:08.09,60481.17111,72.44,0.041,21.59,18.66,18.66,1,1.24,MB24082 OB240830
KMT-2024-BLG-1438,BLG34K0407.047492,18:01:44.11,-31:13:53.29,60493.09382,45.44,0.499,19.94,19.81,19.81,1,1.34,OB240931
KMT-2024-BLG-1439,BLG34K0805.021318,17:59:27.22,-31:35:10.00,60478.06497,9.89,0.005,23.59,19.31,19.31,1,1.8,
KMT-2024-BLG-1440,SAO35N0704.050160,18:05:15.50,-26:26:56.18,60482.34689,53.94,0.287,20.5,19.6,19.6,1,1.07,
KMT-2024-BLG-1441,SAO37K0403.003581,17:42:29.55,-34:56:30.70,60486.66517,56.74,0.003,21.44,17.43,17.43,2,2.26,
KMT-2024-BLG-1442,SAO37M0204.004621,17:48:52.63,-34:48:16.20,60536.28793,52.58,0.468,17.2,17.22,17.22,1,1.02,MB24101 OB240798
KMT-2024-BLG-1443,BLG37M0806.054612,17:44:49.32,-34:33:16.20,60493.86279,33.52,0.413,19.8,20.0,20.44,2,1.63,OB240941
KMT-2024-BLG-1444,BLG37T0606.023579,17:41:00.73,-35:42:31.93,60480.72644,21.77,0.234,20.97,20.0,20.53,2,2.23,
KMT-2024-BLG-1445,SSO38M0708.009321,17:56:08.98,-21:30:59.62,60506.70657,61.66,0.011,20.43,19.13,19.13,4,3.08,
KMT-2024-BLG-1446,BLG42M0401.025654,17:56:59.51,-29:01:24.10,60477.0815,12.69,0.031,22.12,18.92,18.92,1,1.95,
KMT-2024-BLG-1447,SAO42N0102.002293,17:58:36.04,-29:58:52.10,60497.92055,8.7,0.239,16.05,15.65,15.65,1,1.21,MB24095
KMT-2024-BLG-1448,SAO42T0405.013328,17:51:54.11,-29:39:16.81,60506.37077,74.69,0.643,19.12,17.77,17.77,1,2.47,OB240615
KMT-2024-BLG-1449,SAO42T0708.005974,17:50:17.45,-29:16:06.20,60510.56285,37.53,0.6,18.83,18.54,18.54,1,5.4,OB240797
KMT-2024-BLG-1450,SAO43K0105.059635,18:01:18.39,-27:23:35.99,60479.7253,199.37,0.009,23.97,19.64,19.64,1,1.6,OB240801
KMT-2024-BLG-1451,SAO43K0304.037288,17:59:57.93,-27:33:28.01,60484.95884,16.2,0.498,19.22,19.21,19.21,1,1.95,OB240820 OB240857
KMT-2024-BLG-1452,SAO43M0207.032246,18:05:30.06,-27:08:08.99,60482.26748,16.45,0.539,18.76,18.72,18.72,1,1.08,
KMT-2024-BLG-1453,BLG43M0305.037281,18:04:46.12,-27:24:29.41,60487.28718,42.28,0.161,19.28,18.91,18.91,1,0.91,OB240758
KMT-2024-BLG-1454,SAO43T0103.018791,18:01:20.66,-28:48:29.92,60497.70395,48.61,0.117,19.71,18.09,18.09,1,0.94,MB24115 OB240827
KMT-2024-BLG-1455,SAO43T0103.072592,18:01:16.43,-28:49:46.99,60477.76762,8.09,0.082,20.74,19.49,19.49,1,0.91,
KMT-2024-BLG-1456,BLG01K0704.037327,17:50:42.95,-30:36:11.59,60479.6413,8.46,0.088,20.47,19.69,19.69,1,2.56,
KMT-2024-BLG-1457,BLG01M0501.003216,17:56:36.32,-31:00:09.61,60580.17746,71.12,0.998,17.09,15.96,15.96,1,1.24,MB24178 OB241244
KMT-2024-BLG-1458,SAO02N0206.065449,17:58:06.88,-29:24:58.90,60479.66629,54.05,0.027,22.94,19.53,19.53,1,1.45,OB240753
KMT-2024-BLG-1459,BLG02T0601.048934,17:51:16.07,-30:01:46.31,60478.94982,10.06,0.053,22.41,20.0,20.07,1,2.49,
KMT-2024-BLG-1460,BLG11N0303.006158,17:30:43.60,-30:38:24.25,60495.64544,18.11,0.711,18.87,18.92,18.92,2,3.16,OB240959
KMT-2024-BLG-1461,BLG14M0202.018544,17:40:42.81,-28:42:40.90,60486.19787,14.94,0.265,20.0,20.0,20.79,2,4.85,
KMT-2024-BLG-1462,BLG14M0304.013548,17:40:14.30,-28:22:43.86,60479.53934,123.78,0.045,23.51,19.98,19.98,2,3.96,
KMT-2024-BLG-1463,BLG14T0403.082387,17:34:44.33,-29:38:39.01,60487.67891,25.42,0.281,20.99,20.0,21.46,2,2.8,
KMT-2024-BLG-1464,BLG15M0304.008108,17:39:57.69,-26:14:16.87,60486.1975,48.26,0.18,21.43,18.83,18.83,2,2.58,
KMT-2024-BLG-1465,BLG15N0208.105021,17:40:44.54,-26:50:13.63,60478.31384,1.61,0.084,21.29,20.0,25.0,3,3.35,
KMT-2024-BLG-1466,BLG15N0501.021906,17:38:44.97,-27:44:53.02,60481.10847,5.89,0.47,19.91,19.92,19.92,2,2.83,
KMT-2024-BLG-1467,SAO18T0207.025572,17:45:07.15,-27:03:09.76,60480.86963,10.14,0.196,21.13,20.0,20.77,2,3.8,
KMT-2024-BLG-1468,BLG19K0705.016720,17:42:20.30,-24:02:14.21,60481.02718,5.31,0.987,19.63,19.02,19.02,1,1.86,
KMT-2024-BLG-1469,BLG19T0105.058324,17:45:38.13,-25:11:35.88,60498.20163,63.1,0.057,21.68,20.0,21.24,2,2.82,
KMT-2024-BLG-1470,BLG22M0803.042106,17:54:39.92,-32:51:51.19,60485.0948,16.42,0.367,19.59,19.52,19.52,1,1.3,
KMT-2024-BLG-1471,BLG22N0208.015672,17:58:41.04,-33:21:38.09,60495.94743,23.14,0.913,18.81,18.83,18.83,1,1.2,OB240917
KMT-2024-BLG-1472,BLG22N0604.025474,17:56:05.13,-33:51:49.72,60509.6936,35.59,0.683,18.99,18.95,18.95,1,0.87,OB240922
KMT-2024-BLG-1473,BLG22T0802.033641,17:49:43.65,-34:07:56.06,60486.13026,59.55,0.278,21.43,20.0,20.07,2,1.66,
KMT-2024-BLG-1474,BLG31N0606.053547,18:15:21.12,-26:12:42.08,60483.53425,34.58,0.186,21.76,20.0,20.14,1,0.87,
KMT-2024-BLG-1475,BLG32K0507.018574,18:08:30.61,-27:04:59.02,60473.9455,16.16,0.397,19.51,18.53,18.53,1,1.2,
KMT-2024-BLG-1476,BLG32T0204.003637,18:10:13.55,-28:33:39.38,60503.28945,12.7,0.906,16.88,16.76,16.76,1,0.99,MB24107 OB240876
KMT-2024-BLG-1477,BLG37N0407.034225,17:47:26.86,-35:33:41.62,60474.18335,39.68,0.772,20.58,19.56,19.56,1,1.1,
KMT-2024-BLG-1478,BLG38T0807.002656,17:50:35.68,-22:48:10.58,60528.51896,199.96,0.016,20.62,16.96,16.96,4,2.5,
KMT-2024-BLG-1479,BLG01M0604.064113,17:56:08.12,-30:37:21.00,60483.5222,17.5,0.259,20.81,19.93,19.93,1,1.74,
KMT-2024-BLG-1480,BLG01M0806.027275,17:54:53.79,-30:23:39.52,60507.06946,86.7,0.737,19.89,19.83,19.83,1,2.94,OB240915
KMT-2024-BLG-1481,BLG02M0701.053944,17:55:13.06,-28:57:05.90,60474.1574,86.51,0.054,20.43,19.93,19.93,2,1.92,
KMT-2024-BLG-1482,BLG02N0308.014401,17:57:38.29,-29:09:01.94,60489.77409,46.86,0.291,18.24,18.02,18.02,2,1.58,
KMT-2024-BLG-1483,BLG02T0107.062164,17:54:05.00,-29:12:28.80,60552.50732,200.0,0.049,19.14,19.39,19.39,1,1.67,MB24140 OB240676 OB240677 OB240845
KMT-2024-BLG-1484,BLG03N0305.086552,18:05:08.41,-28:26:31.67,60479.79984,2.01,0.16,20.1,20.0,21.13,2,1.27,OB240802
KMT-2024-BLG-1485,BLG21M0202.016438,17:58:48.86,-35:05:21.91,60481.18671,47.47,0.488,20.71,18.72,18.72,1,0.6,
KMT-2024-BLG-1486,BLG35T0304.012141,18:02:35.37,-26:27:16.99,60480.65608,25.13,0.084,22.27,19.47,19.47,2,2.5,
KMT-2024-BLG-1487,BLG37M0304.040269,17:48:16.07,-34:55:37.31,60481.54643,38.06,0.125,21.02,19.34,19.34,1,1.01,OB240854
KMT-2024-BLG-1488,BLG42M0404.077526,17:56:53.06,-28:41:28.00,60480.03715,3.99,0.126,20.55,19.84,19.84,1,1.86,OB240800
KMT-2024-BLG-1489,SAO43K0105.077296,18:01:20.16,-27:29:32.32,60487.47189,18.44,0.146,19.85,20.0,20.15,1,1.35,MB24084 OB240759
KMT-2024-BLG-1490,SAO03K0404.011266,17:59:51.07,-27:26:33.79,60507.24649,19.07,0.096,18.33,17.99,17.99,1,1.98,MB24114 OB240821
KMT-2024-BLG-1491,BLG12T0208.007612,17:26:19.87,-27:59:56.80,60479.81704,26.58,0.02,21.05,19.11,19.11,1,1.96,OB240836
KMT-2024-BLG-1492,BLG15M0308.013824,17:40:16.38,-25:47:23.71,60486.6032,18.01,0.11,20.77,20.0,20.29,2,2.79,OB240896
KMT-2024-BLG-1493,BLG41K0601.022724,17:50:43.86,-31:11:31.70,60496.69027,32.43,0.079,20.74,20.0,20.97,2,3.91,OB240937
KMT-2024-BLG-1494,BLG02N0408.051957,17:57:09.93,-29:07:04.12,60496.51405,25.44,0.691,19.4,19.55,19.55,1,1.67,OB240867
KMT-2024-BLG-1495,BLG02T0102.075431,17:54:14.54,-29:51:10.91,60487.44556,19.48,0.316,20.45,19.51,19.51,1,1.43,OB240816
KMT-2024-BLG-1496,BLG02T0502.057607,17:51:47.24,-29:52:04.58,60483.71897,18.81,0.106,21.5,19.94,19.94,1,2.46,
KMT-2024-BLG-1497,BLG04M0808.001694,18:04:08.81,-29:03:16.49,60485.34438,7.72,0.325,18.56,15.26,15.26,1,0.79,
KMT-2024-BLG-1498,BLG14M0803.009611,17:37:24.51,-28:30:03.35,60487.88341,16.33,0.899,20.13,19.19,19.19,2,3.49,
KMT-2024-BLG-1499,BLG15T0306.072915,17:35:24.51,-27:05:46.25,60482.15108,18.84,0.2,21.08,20.0,21.58,2,2.14,
KMT-2024-BLG-1500,BLG17M0801.004164,17:45:04.86,-33:10:11.96,60485.44452,5.18,0.798,18.43,17.95,17.95,2,2.59,
KMT-2024-BLG-1501,BLG19K0808.015907,17:41:51.15,-23:36:51.80,60487.60001,19.75,0.107,20.75,19.67,19.67,2,1.88,OB240890
KMT-2024-BLG-1502,BLG19M0603.002794,17:47:38.09,-24:19:29.17,60501.43709,38.18,0.899,18.73,17.05,17.05,2,2.26,
KMT-2024-BLG-1503,BLG19T0204.026665,17:44:47.81,-25:14:58.96,60490.41334,34.74,0.496,20.01,20.0,20.34,2,2.57,OB240898
KMT-2024-BLG-1504,BLG20T0803.076526,17:41:38.57,-23:17:33.11,60481.82628,7.77,0.051,21.11,20.0,25.0,3,2.0,
KMT-2024-BLG-1505,SAO21T0305.024355,17:52:33.64,-35:52:09.70,60490.46053,32.04,0.9,20.03,18.99,18.99,1,0.64,
KMT-2024-BLG-1506,BLG21T0308.029249,17:52:33.42,-35:27:10.30,60541.09535,63.62,0.34,19.11,19.13,19.13,1,0.72,OB241001
KMT-2024-BLG-1507,BLG38T0106.005115,17:54:27.27,-22:53:16.04,60557.58073,155.99,0.023,19.89,18.35,18.35,4,3.0,
KMT-2024-BLG-1508,BLG41T0704.000368,17:50:09.86,-31:52:18.52,60494.07746,18.5,0.586,19.33,17.56,17.56,2,4.92,
KMT-2024-BLG-1509,BLG14N0603.001013,17:38:34.40,-29:40:51.31,60515.61878,198.29,0.813,18.39,17.22,17.22,2,4.59,
KMT-2024-BLG-1510,BLG16K0204.002678,17:35:59.78,-24:12:37.69,60507.23903,168.79,0.972,18.6,17.98,17.98,2,2.38,
KMT-2024-BLG-1511,BLG37N0805.056675,17:44:56.04,-35:53:38.51,60508.02708,51.33,0.292,20.65,20.0,21.29,2,1.56,OB241055
KMT-2024-BLG-1512,BLG38T0807.017245,17:50:52.57,-22:45:08.78,60478.65865,22.94,0.664,20.45,19.41,19.41,1,2.2,
KMT-2024-BLG-1513,BLG42N0604.035478,17:55:52.83,-29:43:18.19,60489.3219,26.63,0.267,21.18,18.8,18.8,1,1.5,
KMT-2024-BLG-1514,BLG42N0605.057062,17:55:52.39,-29:35:26.41,60481.14259,35.5,0.04,23.46,19.21,19.21,1,1.61,
KMT-2024-BLG-1515,SAO01K0306.072225,17:52:57.65,-30:20:28.50,60485.38777,22.49,0.013,22.3,20.0,20.22,2,1.96,OB240815
KMT-2024-BLG-1516,BLG03K0604.001541,17:58:38.76,-27:24:57.82,60508.31308,13.68,0.921,15.53,15.57,15.57,1,1.95,MB24113 OB240859
KMT-2024-BLG-1517,SSO03N0703.079009,18:02:53.22,-28:39:14.29,60484.52686,9.44,0.016,21.41,19.74,19.74,1,0.95,
KMT-2024-BLG-1518,SSO03T0101.014529,18:01:37.17,-28:57:39.10,60485.44052,2.95,0.319,18.01,18.02,18.02,1,1.29,OB240825
KMT-2024-BLG-1519,BLG04T0405.000905,18:01:34.59,-30:35:57.08,60395.43852,20.51,1.0,17.64,15.04,15.04,1,1.17,
KMT-2024-BLG-1520,BLG15M0306.023957,17:39:57.73,-26:01:07.79,60484.31946,43.37,0.032,22.53,20.0,20.43,2,2.62,
KMT-2024-BLG-1521,BLG18K0503.012227,17:43:35.17,-26:19:22.37,60482.76894,5.45,0.54,19.18,19.29,19.29,2,2.83,
KMT-2024-BLG-1522,BLG18K0804.009643,17:41:44.90,-26:17:58.31,60577.47266,200.0,0.027,19.53,19.67,19.67,2,3.21,OB241003
KMT-2024-BLG-1523,BLG18M0801.011001,17:46:10.30,-26:35:32.35,60542.56636,101.52,0.029,19.86,19.78,19.78,2,3.82,
KMT-2024-BLG-1524,BLG42M0206.063761,17:57:52.50,-28:26:07.19,60533.07011,96.85,0.154,20.03,19.61,19.61,1,1.58,OB240855
KMT-2024-BLG-1525,BLG42M0301.004297,17:57:30.17,-29:02:24.32,60526.12244,41.65,0.463,16.09,16.09,16.09,2,1.41,MB24145 OB240690
KMT-2024-BLG-1526,SSO42N0605.000372,17:55:32.20,-29:39:45.61,60508.43168,23.2,1.0,15.99,13.91,13.91,1,1.57,MB24168 OB240977
KMT-2024-BLG-1527,SAO42N0707.004524,17:55:14.69,-29:22:03.29,60486.40009,2.22,0.838,16.05,16.06,16.06,1,1.65,MB24098 OB240822
KMT-2024-BLG-1528,BLG01T0104.014044,17:53:54.23,-31:47:21.59,60494.05162,23.88,0.996,19.13,18.65,18.65,1,1.87,
KMT-2024-BLG-1529,BLG02T0207.045363,17:53:32.57,-29:13:57.29,60488.18196,199.9,0.049,22.91,19.2,19.2,1,2.04,
KMT-2024-BLG-1530,SSO03K0101.073028,18:01:32.86,-27:51:29.20,60487.02049,40.63,0.031,22.81,19.76,19.76,1,1.27,
KMT-2024-BLG-1531,BLG04K0403.094832,18:01:46.70,-29:37:12.22,60487.77245,16.91,0.369,20.35,20.0,20.48,1,1.39,
KMT-2024-BLG-1532,BLG14M0602.050828,17:38:33.51,-28:37:30.36,60487.00243,14.54,0.377,20.89,20.0,21.39,3,3.59,
KMT-2024-BLG-1533,BLG14M0707.007279,17:37:42.66,-27:58:55.24,60492.5916,7.31,0.155,19.18,18.89,18.89,2,3.77,
KMT-2024-BLG-1534,BLG15M0207.073179,17:40:44.33,-25:56:13.56,60485.28839,4.2,0.388,21.23,20.0,22.02,2,3.1,
KMT-2024-BLG-1535,BLG15N0202.053612,17:40:41.50,-27:39:59.11,60487.18858,15.76,0.052,21.68,20.0,21.33,3,3.36,
KMT-2024-BLG-1536,BLG15N0307.109888,17:40:11.35,-26:59:37.18,60485.45561,18.53,0.275,21.46,20.0,25.0,3,3.19,
KMT-2024-BLG-1537,BLG15T0802.007293,17:32:14.10,-27:37:05.81,60490.77353,17.77,0.34,20.15,19.23,19.23,2,2.5,
KMT-2024-BLG-1538,BLG16M0404.009018,17:39:51.18,-24:12:42.30,60506.20227,34.37,0.046,20.03,18.93,18.93,2,1.74,OB240951
KMT-2024-BLG-1539,BLG16N0207.057865,17:40:31.05,-24:57:08.60,60486.74619,5.38,0.042,21.38,20.0,21.01,1,2.65,
KMT-2024-BLG-1540,SAO17K0101.059563,17:44:24.43,-33:10:51.74,60497.26675,29.54,0.147,19.21,20.0,21.63,2,2.9,OB240812
KMT-2024-BLG-1541,BLG17M0202.058822,17:48:55.39,-32:59:24.22,60486.88401,4.58,0.028,21.68,20.0,20.84,1,2.35,
KMT-2024-BLG-1542,BLG17N0302.005105,17:48:01.38,-34:09:13.10,60519.45732,40.98,1.0,18.45,17.46,17.46,1,1.49,
KMT-2024-BLG-1543,BLG18K0506.002882,17:43:21.52,-25:59:36.35,60488.77231,199.91,0.012,22.49,17.6,17.6,2,2.78,OB240895
KMT-2024-BLG-1544,BLG18K0601.067794,17:42:47.74,-26:36:17.39,60487.05675,19.4,0.036,21.74,20.0,21.74,2,3.22,
KMT-2024-BLG-1545,BLG18M0303.015800,17:49:09.12,-26:19:34.54,60486.64066,18.21,0.02,24.01,20.0,22.65,3,7.31,
KMT-2024-BLG-1546,BLG18T0107.011400,17:45:31.70,-27:00:03.74,60490.72703,10.03,0.362,19.72,19.75,19.75,2,3.92,
KMT-2024-BLG-1547,BLG18T0401.007802,17:43:57.72,-27:46:52.25,60551.80448,104.37,0.996,19.51,19.74,19.74,2,5.39,
KMT-2024-BLG-1548,BLG19M0207.071656,17:49:36.27,-23:45:25.02,60491.993,15.59,0.184,20.6,20.0,21.25,2,2.09,
KMT-2024-BLG-1549,BLG19M0402.023395,17:48:43.62,-24:22:27.88,60500.21494,19.78,0.097,19.92,20.0,20.31,2,2.91,
KMT-2024-BLG-1550,BLG19M0603.061017,17:47:23.17,-24:14:34.30,60486.43435,32.27,0.031,22.82,20.0,20.88,2,2.24,
KMT-2024-BLG-1551,BLG19M0808.040340,17:46:34.33,-23:42:51.01,60486.00143,7.31,0.17,20.35,19.83,19.83,1,1.9,
KMT-2024-BLG-1552,BLG19T0806.005938,17:41:33.20,-25:01:37.81,60589.53134,69.08,0.115,18.83,17.98,17.98,1,2.31,OB241067
KMT-2024-BLG-1553,SAO19T0808.021541,17:41:57.68,-24:43:38.71,60482.38233,36.1,0.173,20.93,19.58,19.58,1,2.34,
KMT-2024-BLG-1554,BLG22T0608.038595,17:50:40.06,-33:18:41.58,60484.98921,73.0,0.006,23.22,20.0,20.08,2,1.72,
KMT-2024-BLG-1555,BLG31K0607.001668,18:10:25.05,-24:58:36.88,60491.52745,23.5,0.199,20.55,16.32,16.32,4,1.81,MB24103
KMT-2024-BLG-1556,BLG32K0705.008248,18:07:13.54,-27:21:56.81,60588.44618,198.57,0.252,19.61,17.59,17.59,1,0.89,
KMT-2024-BLG-1557,BLG34M0802.002451,18:04:09.52,-31:57:00.90,60490.31226,4.73,0.171,16.55,16.56,16.56,1,0.95,MB24085 OB240874
KMT-2024-BLG-1558,BLG35N0603.048331,18:06:02.83,-26:33:59.90,60487.67783,12.22,0.076,20.47,19.74,19.74,1,1.6,
KMT-2024-BLG-1559,BLG36M0401.042140,18:18:37.17,-23:38:35.59,60502.52922,63.36,0.025,20.76,20.0,20.3,1,1.07,MB24117
KMT-2024-BLG-1560,BLG42N0401.021439,17:56:54.85,-30:07:22.51,60491.88649,10.67,0.156,19.53,18.59,18.59,1,1.4,OB240916
KMT-2024-BLG-1561,BLG42N0605.018304,17:55:51.75,-29:41:46.21,60488.4896,1.89,0.348,18.57,18.1,18.1,1,1.52,MB24090
KMT-2024-BLG-1562,BLG42N0806.035057,17:54:16.83,-29:28:37.49,60489.32848,9.96,0.59,19.18,18.71,18.71,1,1.69,OB240817
KMT-2024-BLG-1563,BLG42T0301.086770,17:52:29.21,-30:08:07.94,60497.91995,54.02,0.14,21.45,20.0,20.71,2,1.77,
KMT-2024-BLG-1564,BLG42T0404.007538,17:51:48.54,-29:44:06.61,60492.98737,7.07,0.998,17.26,17.11,17.11,1,2.72,
KMT-2024-BLG-1565,BLG43K0408.046558,17:59:33.08,-27:04:24.71,60485.93097,29.67,0.035,22.34,19.91,19.91,1,2.46,
KMT-2024-BLG-1566,BLG43M0306.002451,18:04:54.03,-27:16:28.49,60557.14533,57.79,0.997,17.74,15.52,15.52,1,0.9,
KMT-2024-BLG-1567,SAO43T0708.050219,17:57:38.53,-28:10:47.60,60491.73185,69.86,0.006,21.79,19.56,19.56,1,1.89,MB24099 OB240819
KMT-2024-BLG-1568,BLG01K0605.044464,17:50:55.35,-30:33:12.20,60492.3025,10.49,0.443,19.92,20.0,20.24,1,2.72,
KMT-2024-BLG-1569,BLG11M0202.030022,17:31:37.85,-29:44:43.69,60487.68558,34.91,0.089,22.18,20.0,20.45,2,2.76,
KMT-2024-BLG-1570,BLG14M0404.012372,17:39:40.80,-28:22:36.30,60505.99367,40.89,0.499,19.92,19.43,19.43,2,3.63,
KMT-2024-BLG-1571,SAO14M0805.026947,17:37:16.71,-28:12:50.62,60487.91676,183.93,0.006,24.75,20.0,21.4,2,3.88,
KMT-2024-BLG-1572,BLG14N0405.035154,17:39:34.48,-29:24:26.24,60487.24632,0.72,0.833,19.92,20.0,22.2,2,5.48,
KMT-2024-BLG-1573,BLG15N0505.104037,17:38:59.54,-27:16:28.06,60494.55058,9.24,0.002,20.8,20.0,22.14,2,2.84,
KMT-2024-BLG-1574,BLG19M0503.084297,17:47:54.84,-24:20:04.96,60490.73735,22.19,0.029,21.84,20.0,21.83,2,2.28,
KMT-2024-BLG-1575,BLG19T0503.043745,17:43:09.87,-25:24:38.99,60493.99403,29.46,0.065,21.22,20.0,21.0,2,3.0,
KMT-2024-BLG-1576,BLG20K0206.010811,17:45:08.52,-21:48:55.15,60496.3238,19.38,0.503,19.81,18.86,18.86,4,1.67,
KMT-2024-BLG-1577,SSO33K0608.059285,18:09:49.67,-29:06:21.38,60486.76431,22.12,0.035,22.5,20.0,20.06,1,0.75,
KMT-2024-BLG-1578,BLG33M0305.017064,18:16:46.57,-29:25:11.93,60494.33386,22.91,0.776,19.03,18.95,18.95,2,0.48,OB240881
KMT-2024-BLG-1579,BLG33N0307.014870,18:16:44.10,-30:13:39.04,60484.86603,10.38,0.977,19.39,19.19,19.19,2,0.41,
KMT-2024-BLG-1580,BLG33N0608.003847,18:14:45.34,-30:06:58.18,60487.61295,6.18,0.994,18.29,17.8,17.8,2,0.56,
KMT-2024-BLG-1581,BLG35T0206.048242,18:03:22.44,-26:13:50.81,60494.39932,25.16,0.309,20.92,20.0,21.35,2,2.55,
KMT-2024-BLG-1582,SAO38T0302.004276,17:53:18.71,-23:25:02.60,60487.11506,11.22,0.058,21.46,18.01,18.01,4,3.73,
KMT-2024-BLG-1583,BLG41M0604.004922,17:55:40.26,-30:46:31.51,60494.53281,12.04,0.986,18.36,16.59,16.59,1,1.45,
KMT-2024-BLG-1584,BLG01T0402.019474,17:52:24.79,-31:58:43.00,60497.22445,15.76,0.954,19.05,19.11,19.11,1,1.92,
KMT-2024-BLG-1585,BLG02M0406.028937,17:56:58.32,-28:14:56.90,60484.88041,128.11,0.093,21.92,18.85,18.85,1,1.94,
KMT-2024-BLG-1586,BLG02M0508.046614,17:56:40.04,-28:04:38.60,60489.69837,15.55,0.057,21.28,19.66,19.66,1,1.84,
KMT-2024-BLG-1587,BLG02N0607.056125,17:55:57.51,-29:17:39.91,60496.39769,16.66,0.798,19.35,19.39,19.39,1,1.94,OB240863
KMT-2024-BLG-1588,SAO03K0306.076703,18:00:39.50,-27:08:15.68,60483.84875,99.05,0.021,24.69,20.0,20.27,1,2.08,
KMT-2024-BLG-1589,SSO03M0508.042337,18:04:20.59,-26:54:51.08,60503.52655,53.35,0.067,20.68,19.37,19.37,1,1.32,MB24123 OB240870
KMT-2024-BLG-1590,BLG04K0702.001609,17:59:58.87,-29:46:31.69,60549.89245,43.26,0.998,16.9,15.37,15.37,1,1.2,OB241026 OB241042
KMT-2024-BLG-1591,SAO13K0306.005317,17:33:24.87,-33:39:23.47,60494.41283,16.37,0.092,19.37,19.44,19.44,2,5.66,
KMT-2024-BLG-1592,BLG14K0807.044721,17:32:32.36,-27:59:06.90,60495.24128,19.92,0.79,20.1,20.0,20.99,2,2.53,
KMT-2024-BLG-1593,BLG15T0107.032509,17:36:08.98,-26:59:07.30,60503.35035,52.01,0.16,20.87,19.89,19.89,1,2.26,OB240945
KMT-2024-BLG-1594,SAO17K0508.012463,17:42:04.36,-32:17:17.34,60491.10491,82.03,0.005,23.39,20.0,20.93,2,5.19,
KMT-2024-BLG-1595,SAO18K0503.055280,17:43:04.26,-26:20:10.46,60496.54348,23.36,0.066,20.16,20.0,20.96,2,2.98,OB240894
KMT-2024-BLG-1596,SAO18K0505.002035,17:43:08.62,-26:06:21.49,60499.27481,14.28,1.0,19.08,17.38,17.38,2,2.88,OB241004
KMT-2024-BLG-1597,BLG18M0805.088497,17:46:31.39,-26:10:26.40,60488.74852,10.34,0.014,22.92,20.0,22.43,2,3.17,
KMT-2024-BLG-1598,BLG19K0301.044089,17:44:21.94,-24:35:44.38,60492.5069,13.84,0.692,20.02,20.0,20.48,2,2.47,
KMT-2024-BLG-1599,BLG19M0607.029186,17:47:35.95,-23:45:15.84,60488.72072,18.99,0.057,22.55,20.0,20.02,2,1.99,
KMT-2024-BLG-1600,BLG19N0604.085429,17:47:39.61,-25:17:40.70,60489.41686,19.5,0.084,22.62,20.0,25.0,3,4.01,
KMT-2024-BLG-1601,SAO20N0704.062118,17:47:02.00,-23:09:37.40,60488.10657,5.19,0.477,20.32,20.0,20.05,1,1.44,
KMT-2024-BLG-1602,SAO22K0303.026410,17:53:01.80,-32:53:42.11,60486.7807,14.65,0.591,19.08,19.13,19.13,1,1.55,
KMT-2024-BLG-1603,SAO22T0706.076954,17:50:28.12,-33:38:35.09,60495.11753,63.89,0.037,22.36,20.0,25.0,3,1.75,OB240904
KMT-2024-BLG-1604,SAO31N0105.006378,18:17:47.53,-26:21:46.91,60495.73989,8.95,0.776,18.27,17.83,17.83,1,0.85,OB240880
KMT-2024-BLG-1605,SAO31T0102.026310,18:13:16.18,-26:45:19.69,60498.73262,14.35,0.711,18.89,18.93,18.93,1,0.73,OB240935
KMT-2024-BLG-1606,BLG33M0705.007669,18:14:22.04,-29:22:18.98,60544.55433,65.96,0.956,17.8,17.81,17.81,1,0.43,OB241216
KMT-2024-BLG-1607,BLG37K0303.039126,17:42:37.33,-35:01:12.83,60487.67135,11.29,0.534,20.06,20.0,20.27,2,1.67,
KMT-2024-BLG-1608,BLG41K0104.013045,17:53:44.71,-30:43:14.59,60491.372,8.11,0.6,19.22,18.47,18.47,1,2.25,
KMT-2024-BLG-1609,BLG41K0503.023670,17:51:12.85,-30:54:59.80,60491.9033,20.91,0.092,21.26,19.44,19.44,1,2.59,
KMT-2024-BLG-1610,SAO41K0601.026829,17:50:57.14,-31:10:29.46,60488.00668,17.32,0.32,20.69,20.0,21.15,2,3.15,
KMT-2024-BLG-1611,BLG42K0804.015645,17:49:35.16,-28:39:51.23,60488.77213,1.3,0.142,21.17,20.0,21.78,3,8.48,
KMT-2024-BLG-1612,BLG43M0802.004027,18:02:18.97,-27:52:46.99,60447.89926,93.78,0.043,inf,16.26,16.26,1,1.25,
KMT-2024-BLG-1613,BLG01K0103.083867,17:53:54.30,-30:48:54.68,60490.56231,98.24,0.009,24.48,20.0,21.29,2,1.95,
KMT-2024-BLG-1614,BLG02M0503.021673,17:56:40.66,-28:36:54.00,60491.532,15.19,0.043,22.34,18.41,18.41,1,1.66,
KMT-2024-BLG-1615,BLG02T0105.029159,17:54:05.32,-29:30:38.99,60495.55058,9.79,0.315,19.93,18.69,18.69,1,1.75,
KMT-2024-BLG-1616,BLG02T0306.075646,17:52:49.48,-29:24:56.81,60495.2565,22.72,0.312,20.68,20.0,20.37,1,2.45,OB240852
KMT-2024-BLG-1617,SSO03T0402.005567,18:00:02.86,-28:48:07.81,60491.26773,23.49,0.252,19.89,16.33,16.33,1,1.02,OB240828
KMT-2024-BLG-1618,BLG04K0708.028883,18:00:01.06,-29:05:44.41,60498.77897,60.94,0.99,18.41,18.4,18.4,1,0.99,OB240864
KMT-2024-BLG-1619,BLG04T0205.013114,18:02:56.64,-30:31:42.49,60588.13152,75.67,0.681,18.26,18.35,18.35,1,1.25,OB241097
KMT-2024-BLG-1620,BLG11T0301.095243,17:25:57.87,-30:56:25.26,60493.33294,9.1,0.96,19.82,20.0,25.0,3,3.0,
KMT-2024-BLG-1621,BLG12T0401.032489,17:25:18.42,-28:48:31.46,60491.0553,14.06,0.025,22.01,20.0,20.53,2,2.0,
KMT-2024-BLG-1622,BLG13N0605.001910,17:36:30.96,-34:50:07.87,60556.49169,57.33,0.998,18.54,17.7,17.7,2,3.41,OB241181
KMT-2024-BLG-1623,BLG14K0408.058451,17:34:42.38,-27:56:39.77,60497.80342,16.57,0.217,20.69,20.0,21.33,2,2.85,
KMT-2024-BLG-1624,SSO14N0708.007130,17:37:48.04,-29:03:28.87,60495.72833,46.78,0.05,21.71,18.56,18.56,2,3.29,
KMT-2024-BLG-1625,BLG14T0408.033375,17:34:32.98,-29:02:43.94,60490.33561,4.19,0.558,19.91,20.0,20.84,2,3.22,
KMT-2024-BLG-1626,BLG14T0804.069989,17:32:22.62,-29:28:37.67,60503.6537,27.1,0.274,20.62,20.0,21.95,2,3.12,
KMT-2024-BLG-1627,SAO15K0401.010528,17:34:34.73,-26:44:00.60,60492.43176,42.67,0.289,20.89,19.49,19.49,2,2.3,OB241002
KMT-2024-BLG-1628,BLG15T0503.013641,17:34:07.12,-27:35:29.00,60493.23666,5.85,0.234,20.24,20.0,20.61,2,3.29,
KMT-2024-BLG-1629,BLG16K0608.003335,17:33:52.78,-23:40:54.16,60521.44107,25.47,0.056,18.46,18.39,18.39,2,1.66,OB240950
KMT-2024-BLG-1630,BLG17K0501.006421,17:41:37.25,-33:05:34.33,60498.37016,46.8,0.105,22.34,19.32,19.32,2,3.86,
KMT-2024-BLG-1631,BLG18K0105.016459,17:45:52.23,-26:04:47.17,60493.93368,23.9,0.402,21.21,19.65,19.65,3,2.73,
KMT-2024-BLG-1632,BLG18T0506.014941,17:43:30.06,-27:10:45.62,60512.98466,58.27,0.047,20.43,20.0,20.09,2,3.29,
KMT-2024-BLG-1633,BLG18T0603.083550,17:42:41.72,-27:30:18.58,60491.80665,14.41,0.097,22.96,20.0,21.93,2,3.48,
KMT-2024-BLG-1634,BLG19K0806.062906,17:41:52.81,-23:55:15.74,60493.55198,14.42,0.002,23.39,20.0,21.51,2,2.16,
KMT-2024-BLG-1635,BLG19M0805.082131,17:46:21.20,-24:00:09.32,60490.91635,11.9,0.058,22.03,20.0,21.71,2,1.98,
KMT-2024-BLG-1636,BLG19N0806.054782,17:46:08.08,-25:00:31.64,60492.82664,16.06,0.013,21.24,20.0,21.78,2,3.12,
KMT-2024-BLG-1637,BLG20N0405.033298,17:48:34.71,-23:03:38.41,60492.19105,13.88,0.409,19.8,19.48,19.48,1,1.56,
KMT-2024-BLG-1638,BLG20T0203.058579,17:45:01.04,-23:13:58.48,60500.17957,64.32,0.633,20.5,20.0,20.75,2,1.42,
KMT-2024-BLG-1639,BLG21M0106.009827,17:59:21.05,-34:34:55.81,60531.31371,36.62,0.883,18.3,18.34,18.34,1,0.63,OB240920
KMT-2024-BLG-1640,BLG22K0302.061518,17:52:40.33,-32:56:37.61,60492.1643,7.84,0.088,21.53,20.0,20.25,1,1.68,
KMT-2024-BLG-1641,BLG22K0405.077340,17:52:23.05,-32:37:01.42,60492.05092,19.4,0.016,21.29,20.0,20.41,1,1.49,MB24104
KMT-2024-BLG-1642,BLG22K0705.033887,17:50:20.89,-32:39:05.40,60514.24647,38.1,0.154,20.09,20.0,20.65,2,2.35,OB240996
KMT-2024-BLG-1643,BLG22M0803.015138,17:54:57.94,-32:49:12.61,60497.15531,11.75,0.423,19.51,18.57,18.57,1,1.32,
KMT-2024-BLG-1644,SAO31K0203.015744,18:12:47.71,-25:29:17.48,60492.60426,33.81,0.929,19.42,18.95,18.95,1,1.47,
KMT-2024-BLG-1645,BLG31T0103.009921,18:13:11.63,-26:36:42.41,60522.81634,28.64,0.666,18.7,18.07,18.07,1,0.81,OB241045
KMT-2024-BLG-1646,BLG32M0305.027626,18:14:40.15,-27:22:28.20,60491.40248,5.08,0.092,21.86,18.89,18.89,1,0.61,
KMT-2024-BLG-1647,SSO33T0702.042499,18:09:08.96,-30:53:58.49,60496.95254,23.18,0.468,19.95,19.94,19.94,1,0.58,
KMT-2024-BLG-1648,BLG34N0608.004692,18:05:31.36,-32:14:47.62,60508.85539,25.42,0.999,18.21,17.75,17.75,1,0.99,OB240934
KMT-2024-BLG-1649,BLG35N0302.065176,18:07:37.56,-26:42:41.29,60493.69123,21.36,0.653,19.81,19.83,19.83,1,1.0,
KMT-2024-BLG-1650,BLG37T0204.001862,17:43:12.19,-36:01:51.49,60521.04468,19.58,0.096,16.97,16.95,16.95,2,1.57,OB240942
KMT-2024-BLG-1651,SAO41K0307.016113,17:52:24.56,-30:19:25.28,60502.14606,71.37,0.003,21.69,18.59,18.59,2,2.02,MB24121 OB240848
KMT-2024-BLG-1652,BLG41N0402.025875,17:57:09.38,-32:11:26.81,60487.02434,7.96,1.0,19.05,19.12,19.12,1,1.4,
KMT-2024-BLG-1653,SAO43N0408.024175,18:04:29.39,-28:13:26.18,60491.39494,16.87,0.011,21.56,18.41,18.41,1,0.9,MB24102 OB240829 OB240873
KMT-2024-BLG-1654,BLG43N0606.056509,18:03:18.29,-28:22:37.70,60500.51441,19.42,0.213,19.32,19.22,19.22,1,0.87,OB240872
KMT-2024-BLG-1655,BLG01T0307.038374,17:52:34.22,-31:20:20.18,60501.66419,22.02,0.281,21.19,19.78,19.78,1,2.27,
KMT-2024-BLG-1656,BLG02M0106.007546,17:58:46.99,-28:19:07.50,60493.89175,2.95,1.0,17.99,17.2,17.2,1,1.48,
KMT-2024-BLG-1657,BLG02M0502.077337,17:56:26.66,-28:43:43.39,60493.47181,12.84,0.046,21.92,19.97,19.97,1,1.79,OB240868
KMT-2024-BLG-1658,BLG03K0303.078488,18:00:27.53,-27:35:49.42,60502.98824,28.92,0.138,20.84,20.0,20.15,1,1.77,
KMT-2024-BLG-1659,BLG11N0304.097742,17:30:43.39,-30:35:26.23,60493.78561,11.02,0.096,21.99,20.0,25.0,3,3.04,
KMT-2024-BLG-1660,BLG14M0407.003317,17:39:14.00,-27:57:55.66,60492.15821,10.19,0.002,21.27,17.67,17.67,2,2.92,
KMT-2024-BLG-1661,SAO14T0705.004234,17:32:44.80,-29:19:46.09,60498.66682,29.74,0.205,21.23,18.02,18.02,2,2.84,
KMT-2024-BLG-1662,BLG16M0303.077729,17:40:11.74,-24:20:00.64,60492.95352,3.08,0.195,19.87,20.0,21.64,3,2.04,
KMT-2024-BLG-1663,BLG17N0408.046516,17:47:29.79,-33:21:01.01,60368.56507,0.5,0.021,18.66,19.9,19.9,1,1.83,
KMT-2024-BLG-1664,BLG18T0301.003161,17:44:11.62,-27:41:38.94,60494.91334,19.1,0.132,23.15,19.9,19.9,2,4.87,
KMT-2024-BLG-1665,BLG41M0803.013769,17:54:23.53,-30:50:45.31,60496.76381,11.99,0.9,19.16,18.34,18.34,1,1.85,
KMT-2024-BLG-1666,BLG41T0601.025193,17:50:50.91,-32:16:08.83,60493.39538,9.32,0.376,21.44,20.0,21.07,2,3.37,
KMT-2024-BLG-1667,BLG42K0407.005087,17:51:55.62,-28:13:29.42,60500.03249,7.28,0.81,18.03,18.13,18.13,2,3.86,
KMT-2024-BLG-1668,BLG42T0305.073761,17:52:20.60,-29:37:48.00,60492.74184,1.1,0.197,20.57,19.87,19.87,1,2.28,
KMT-2024-BLG-1669,BLG43M0703.014210,18:02:41.85,-27:41:05.21,60497.31866,22.09,0.208,20.24,18.11,18.11,1,1.29,
KMT-2024-BLG-1670,BLG43N0608.044985,18:03:27.42,-28:09:13.00,60500.48133,21.69,0.4,20.19,18.95,18.95,1,1.04,
KMT-2024-BLG-1671,BLG01N0501.042620,17:56:22.10,-32:10:33.49,60509.41633,22.26,0.587,19.63,19.59,19.59,1,1.44,
KMT-2024-BLG-1672,BLG02M0301.114095,17:57:49.38,-28:54:44.10,60499.80595,82.68,0.06,21.99,20.0,20.65,1,1.41,
KMT-2024-BLG-1673,BLG02M0307.046236,17:57:32.27,-28:09:38.92,60496.39915,5.97,0.293,19.45,19.48,19.48,1,1.85,
KMT-2024-BLG-1674,BLG02N0107.020206,17:58:48.96,-29:16:14.59,60509.37212,31.17,0.166,19.82,18.01,18.01,1,1.01,MB24141 OB240862
KMT-2024-BLG-1675,BLG02N0805.081998,17:55:01.76,-29:31:16.79,60493.104,8.67,0.283,20.34,19.66,19.66,1,1.36,
KMT-2024-BLG-1676,BLG02T0203.078691,17:53:31.46,-29:44:12.08,60501.72112,59.79,0.207,20.64,19.61,19.61,1,1.56,OB240850
KMT-2024-BLG-1677,BLG11N0607.044039,17:28:59.10,-30:08:38.58,60507.3691,15.31,0.298,19.82,20.0,20.35,2,2.09,
KMT-2024-BLG-1678,BLG16T0706.001756,17:33:04.97,-25:01:48.25,60599.81644,56.96,0.555,18.62,18.22,18.22,2,3.09,OB241187
KMT-2024-BLG-1679,BLG17M0302.083525,17:48:05.04,-32:58:48.14,60494.12116,25.95,0.005,23.67,20.0,25.0,3,3.37,
KMT-2024-BLG-1680,BLG22K0605.076312,17:50:46.29,-32:40:28.96,60499.66699,11.13,0.277,20.04,20.0,21.92,2,2.27,
KMT-2024-BLG-1681,BLG22K0702.060878,17:50:04.85,-32:58:24.82,60499.33831,31.55,0.194,21.04,20.0,20.33,1,2.21,
KMT-2024-BLG-1682,BLG34K0103.022043,18:03:27.98,-31:50:12.98,60493.2345,48.01,0.023,23.13,19.0,19.0,1,1.09,
KMT-2024-BLG-1683,BLG41M0504.026072,17:56:20.56,-30:44:01.79,60501.54484,19.42,0.384,19.66,18.76,18.76,1,1.44,OB240981
KMT-2024-BLG-1684,BLG42K0704.010776,17:50:19.21,-28:36:50.72,60490.82167,35.9,0.081,23.7,20.0,20.67,2,6.29,
KMT-2024-BLG-1685,BLG01T0607.006711,17:51:11.90,-31:24:52.45,60501.00201,9.65,0.109,20.04,18.9,18.9,2,3.05,MB24122
KMT-2024-BLG-1686,SAO04T0305.067447,18:01:58.92,-30:31:50.02,60494.30427,17.5,0.245,20.1,19.99,19.99,1,1.08,OB240933
KMT-2024-BLG-1687,BLG11M0202.022848,17:31:11.28,-29:40:25.97,60494.57694,14.93,0.103,21.55,20.0,20.2,2,2.7,
KMT-2024-BLG-1688,BLG13M0106.001537,17:39:39.42,-33:34:47.68,60530.78972,42.55,0.397,18.07,17.19,17.19,4,3.22,OB240958
KMT-2024-BLG-1689,BLG14M0207.022261,17:40:33.59,-28:01:45.48,60496.29105,8.37,0.191,20.81,20.0,20.66,2,3.9,
KMT-2024-BLG-1690,BLG14T0608.043465,17:33:33.33,-29:03:58.03,60494.71916,1.44,0.303,19.69,20.0,21.24,2,3.19,
KMT-2024-BLG-1691,BLG15K0105.014151,17:36:18.50,-26:06:53.93,60514.25623,21.25,0.079,19.88,20.0,20.56,2,3.04,
KMT-2024-BLG-1692,BLG15N0603.000480,17:38:19.12,-27:30:22.57,60507.06124,9.72,0.481,15.68,15.69,15.69,2,2.68,MB24112 OB241007
KMT-2024-BLG-1693,BLG15T0708.001796,17:32:52.13,-26:51:16.92,60509.13804,20.11,0.92,18.65,17.63,17.63,2,2.94,
KMT-2024-BLG-1694,BLG31M0603.029271,18:15:12.09,-25:23:48.80,60512.64854,35.0,0.208,19.6,19.48,19.48,1,1.32,MB24144 OB240998
KMT-2024-BLG-1695,BLG34N0803.000670,18:04:38.37,-32:55:26.90,60606.58803,54.55,0.37,15.6,15.19,15.19,1,0.67,OB241099
KMT-2024-BLG-1696,BLG35K0602.008445,18:00:56.63,-25:31:55.85,60497.77026,25.41,0.075,22.87,20.0,20.5,2,4.83,
KMT-2024-BLG-1697,BLG42T0408.001808,17:52:05.69,-29:17:02.11,60523.63816,24.66,0.966,16.06,16.05,16.05,1,2.74,MB24124
KMT-2024-BLG-1698,BLG01K0602.032455,17:50:57.43,-30:50:30.01,60495.73718,138.06,0.002,25.34,20.0,20.12,1,2.9,MB24109
KMT-2024-BLG-1699,BLG01M0702.044412,17:55:27.46,-30:55:56.60,60498.71905,12.69,0.072,21.01,19.13,19.13,1,1.28,MB24116
KMT-2024-BLG-1700,BLG04K0102.040037,18:03:17.09,-29:45:43.99,60505.46056,45.83,0.024,21.2,18.89,18.89,1,0.78,OB240986
KMT-2024-BLG-1701,BLG11N0407.013632,17:30:02.55,-30:15:13.25,60510.26107,26.8,0.38,20.86,19.33,19.33,2,2.3,
KMT-2024-BLG-1702,BLG14N0803.071502,17:37:27.57,-29:37:58.87,60496.16631,5.2,0.528,20.67,20.0,22.06,2,3.85,
KMT-2024-BLG-1703,BLG14T0304.074364,17:35:07.92,-29:28:01.74,60504.8082,48.61,0.572,20.12,20.0,21.61,2,3.23,
KMT-2024-BLG-1704,BLG14T0508.069350,17:34:21.19,-29:00:30.60,60497.75474,29.4,0.065,22.29,20.0,21.98,2,3.21,
KMT-2024-BLG-1705,SAO20K0707.013837,17:42:27.64,-21:43:37.81,60527.8159,46.42,0.297,18.95,18.98,18.98,1,1.57,OB241059
KMT-2024-BLG-1706,BLG20M0805.006193,17:46:34.18,-21:56:44.81,60537.90745,32.62,0.878,18.51,18.57,18.57,4,2.26,OB241060
KMT-2024-BLG-1707,BLG20N0407.003920,17:48:26.61,-22:46:50.59,60514.9531,196.6,0.015,22.05,17.22,17.22,1,1.8,
KMT-2024-BLG-1708,BLG22K0704.070152,17:50:13.72,-32:44:43.30,60495.8421,4.06,0.1,20.98,20.0,20.98,1,2.14,
KMT-2024-BLG-1709,BLG37T0101.044824,17:44:22.35,-36:21:43.34,60494.31149,10.18,0.343,21.76,20.0,21.37,2,2.05,
KMT-2024-BLG-1710,BLG41N0503.015850,17:56:20.30,-31:58:05.70,60502.75005,18.35,0.326,19.86,18.62,18.62,1,1.29,OB241031
KMT-2024-BLG-1711,BLG42N0105.001748,17:58:42.90,-29:41:31.31,60515.8161,19.98,0.899,16.94,15.35,15.35,1,1.17,MB24132 OB240974
KMT-2024-BLG-1712,BLG42T0407.006516,17:52:13.46,-29:20:26.70,60533.44474,47.32,1.0,18.16,17.26,17.26,1,2.75,OB240853
KMT-2024-BLG-1713,BLG43N0506.015586,18:03:35.72,-28:23:22.99,60496.23593,1.62,0.135,18.8,17.97,17.97,1,0.89,MB24111 OB240926 OB240927
KMT-2024-BLG-1714,BLG02K0201.072797,17:53:31.73,-28:51:29.81,60509.61874,39.2,0.088,21.18,20.0,20.71,2,2.25,OB240965
KMT-2024-BLG-1715,BLG02T0404.017246,17:52:14.98,-29:38:23.60,60496.4332,2.05,0.036,20.27,18.14,18.14,1,2.38,
KMT-2024-BLG-1716,BLG03K0103.074754,18:01:44.36,-27:32:02.18,60497.83017,38.71,0.007,23.26,19.87,19.87,1,1.4,
KMT-2024-BLG-1717,SSO03M0203.033787,18:05:44.47,-27:34:58.69,60502.79186,11.23,0.097,19.34,18.75,18.75,1,0.75,MB24118 OB240923
KMT-2024-BLG-1718,BLG03T0703.048558,17:58:22.49,-28:39:28.40,60499.75507,4.71,0.436,19.09,19.18,19.18,1,1.36,
KMT-2024-BLG-1719,BLG04T0607.019216,18:00:44.36,-30:13:33.49,60498.37679,6.85,0.036,21.58,18.5,18.5,1,0.98,
KMT-2024-BLG-1720,BLG11T0408.030408,17:25:17.97,-30:07:01.88,60502.21655,25.65,0.097,22.04,20.0,20.37,2,2.34,
KMT-2024-BLG-1721,BLG12N0602.048395,17:29:03.59,-28:40:45.98,60516.97923,34.87,0.696,19.96,20.0,20.81,2,2.38,
KMT-2024-BLG-1722,BLG14K0505.115070,17:34:03.00,-28:15:37.08,60500.3082,14.71,0.055,21.86,20.0,25.0,3,2.6,
KMT-2024-BLG-1723,BLG14M0102.049294,17:40:59.70,-28:42:34.45,60498.6431,7.56,0.266,21.72,20.0,22.46,2,4.97,
KMT-2024-BLG-1724,BLG14M0507.081724,17:39:00.00,-28:01:32.56,60497.03624,2.07,0.426,20.45,20.0,21.73,2,3.0,
KMT-2024-BLG-1725,BLG15M0703.001750,17:37:54.63,-26:25:51.64,60539.09046,31.37,0.858,17.97,17.42,17.42,2,2.89,
KMT-2024-BLG-1726,BLG15N0508.013931,17:38:51.94,-26:56:35.99,60534.24602,49.18,0.151,19.91,20.0,20.0,2,2.94,OB241114
KMT-2024-BLG-1727,BLG15T0406.001098,17:34:34.04,-27:08:10.90,60498.9671,5.83,0.121,20.26,15.81,15.81,1,2.3,
KMT-2024-BLG-1728,BLG15T0706.056126,17:33:11.76,-27:11:29.54,60498.28591,18.65,0.034,22.28,20.0,21.73,2,2.67,
KMT-2024-BLG-1729,BLG17M0504.009457,17:46:55.99,-32:46:02.17,60501.95671,17.4,0.021,21.89,20.0,20.57,2,4.21,
KMT-2024-BLG-1730,BLG17T0408.015464,17:42:38.20,-33:23:27.56,60498.88439,2.07,0.227,20.01,20.0,20.39,2,2.94,
KMT-2024-BLG-1731,BLG19T0303.069301,17:44:24.36,-25:27:05.72,60498.30209,32.79,0.077,22.62,20.0,22.09,2,3.42,
KMT-2024-BLG-1732,BLG31K0801.004638,18:09:25.04,-25:41:42.61,60515.49714,34.08,0.999,18.67,17.47,17.47,1,1.77,
KMT-2024-BLG-1733,BLG31T0105.008261,18:13:25.11,-26:18:57.71,60499.61882,15.34,0.082,21.6,17.95,17.95,1,0.91,
KMT-2024-BLG-1734,BLG31T0503.000291,18:10:44.80,-26:37:49.19,60586.90516,83.54,0.993,16.23,14.02,14.02,1,1.06,
KMT-2024-BLG-1735,BLG32T0801.000530,18:06:54.28,-28:56:40.99,60515.53391,52.86,0.402,18.24,14.53,14.53,1,0.83,
KMT-2024-BLG-1736,SSO32T0805.002000,18:07:02.66,-28:23:32.32,60510.4002,7.2,0.674,15.6,15.59,15.59,1,1.0,MB24120 OB240988
KMT-2024-BLG-1737,BLG32T0807.026369,18:06:44.72,-28:07:27.70,60503.75965,14.3,0.881,18.89,18.8,18.8,1,1.14,
KMT-2024-BLG-1738,BLG35N0103.084459,18:08:57.70,-26:34:14.70,60498.28462,11.9,0.087,20.76,20.0,21.23,1,1.16,
KMT-2024-BLG-1739,BLG35N0808.045430,18:04:31.24,-25:54:05.87,60498.62709,12.98,0.61,20.06,20.0,21.5,2,4.26,
KMT-2024-BLG-1740,SSO38N0703.001061,17:55:57.33,-23:18:34.31,60507.87576,9.79,0.996,17.38,16.45,16.45,4,3.63,
KMT-2024-BLG-1741,BLG38T0507.003261,17:52:38.78,-22:49:13.87,60522.25634,27.0,0.084,19.79,17.02,17.02,4,2.27,OB241062
KMT-2024-BLG-1742,BLG41K0407.068988,17:51:51.50,-30:23:22.70,60498.15944,9.6,0.173,21.25,20.0,20.45,1,2.19,
KMT-2024-BLG-1743,BLG41M0803.036581,17:54:15.69,-30:53:54.82,60503.8851,10.97,0.538,19.32,19.31,19.31,1,1.77,
KMT-2024-BLG-1744,BLG41T0106.060164,17:53:47.52,-31:36:59.11,60507.27444,19.78,0.053,20.97,20.0,20.29,1,2.05,MB24139
KMT-2024-BLG-1745,BLG42M0808.023522,17:54:33.62,-28:07:06.60,60503.43203,25.34,0.519,20.71,20.0,20.32,2,3.58,
KMT-2024-BLG-1746,BLG42N0605.102764,17:55:33.70,-29:42:03.82,60501.63839,9.17,0.063,21.25,20.0,20.38,1,1.59,OB240910
KMT-2024-BLG-1747,BLG42T0601.032299,17:50:56.94,-30:09:03.71,60498.0256,32.3,0.057,22.5,19.48,19.48,1,2.61,
KMT-2024-BLG-1748,BLG43T0405.014595,17:59:23.72,-28:33:11.48,60507.46365,12.55,0.081,18.97,17.88,17.88,1,1.32,MB24130 OB240906
KMT-2024-BLG-1749,BLG43T0501.065507,17:59:09.71,-29:01:25.39,60506.38718,20.72,0.099,19.93,19.18,19.18,1,0.98,MB24135 OB240866
KMT-2024-BLG-1750,BLG01K0301.063788,17:52:48.83,-30:58:09.19,60517.85188,36.74,0.052,20.17,20.0,20.0,1,1.79,MB24148 OB240995
KMT-2024-BLG-1751,BLG02K0201.004897,17:53:17.39,-28:56:59.71,60498.58095,199.94,0.023,20.28,16.91,16.91,1,2.73,OB240847
KMT-2024-BLG-1752,BLG02M0803.065348,17:54:54.23,-28:42:00.04,60506.41971,22.84,0.294,20.54,20.0,20.37,2,1.93,
KMT-2024-BLG-1753,SSO02T0108.033405,17:53:59.95,-29:09:35.10,60501.33205,28.67,0.267,19.89,18.52,18.52,1,1.52,OB240846
KMT-2024-BLG-1754,BLG03M0105.058096,18:06:31.10,-27:21:51.08,60518.39585,32.23,0.216,19.27,19.51,19.51,1,0.91,OB240987
KMT-2024-BLG-1755,BLG12N0404.080180,17:30:25.70,-28:30:53.60,60511.7966,30.55,0.181,20.73,20.0,21.27,2,1.98,OB241057
KMT-2024-BLG-1756,BLG14T0304.017229,17:35:28.71,-29:28:26.22,60545.03969,102.14,0.86,19.67,19.87,19.87,2,2.93,
KMT-2024-BLG-1757,BLG14T0701.041680,17:32:47.53,-29:52:27.59,60513.36989,44.14,0.417,19.8,20.0,20.87,2,2.58,
KMT-2024-BLG-1758,BLG16N0303.002018,17:40:04.18,-25:26:06.72,60573.35052,86.69,1.0,18.51,17.29,17.29,2,2.68,
KMT-2024-BLG-1759,BLG18M0607.000621,17:47:19.55,-25:51:25.52,60380.40055,199.98,0.354,18.24,16.87,16.87,2,3.92,
KMT-2024-BLG-1760,BLG19M0102.007995,17:50:13.63,-24:21:59.80,60544.84217,61.57,0.496,19.92,20.0,20.04,2,3.89,
KMT-2024-BLG-1761,BLG19M0205.004595,17:49:32.22,-24:05:13.88,60537.5325,197.08,0.278,20.8,18.0,18.0,2,2.43,
KMT-2024-BLG-1762,BLG31M0105.058473,18:18:06.11,-25:09:06.80,,,,,20.0,20.65,1,0.89,
KMT-2024-BLG-1763,BLG32T0204.010087,18:10:17.52,-28:36:53.39,60501.88645,4.91,0.796,18.64,18.0,18.0,1,1.01,
KMT-2024-BLG-1764,BLG33N0804.054007,18:13:36.68,-30:41:08.20,60504.23525,25.24,0.359,21.4,20.0,21.83,3,0.53,
KMT-2024-BLG-1765,BLG35N0501.010733,18:06:45.16,-26:52:55.31,60508.83449,46.57,0.795,18.11,17.76,17.76,1,0.93,OB240875
KMT-2024-BLG-1766,SSO42M0408.010678,17:56:45.54,-28:09:11.09,60503.86822,16.63,0.073,19.71,17.68,17.68,1,1.92,MB24136 OB240908
KMT-2024-BLG-1767,BLG42N0108.058702,17:58:35.94,-29:16:48.50,60502.81335,29.32,0.009,21.46,19.09,19.09,1,1.06,MB24127 OB240911
KMT-2024-BLG-1768,BLG43T0701.014666,17:57:55.54,-29:00:07.81,60499.96643,7.97,0.896,19.44,18.2,18.2,1,1.68,
KMT-2024-BLG-1769,BLG02N0406.071131,17:57:09.45,-29:24:18.90,60500.40486,10.24,0.051,23.19,19.88,19.88,1,1.84,
KMT-2024-BLG-1770,BLG04K0408.068572,18:01:46.68,-29:01:15.20,60500.35286,7.47,0.087,21.17,19.72,19.72,1,1.46,
KMT-2024-BLG-1771,BLG04K0705.056323,17:59:51.38,-29:24:30.20,60523.64151,194.96,0.008,21.26,19.46,19.46,1,1.37,MB24151 OB240861
KMT-2024-BLG-1772,BLG12N0302.104939,17:30:37.07,-28:39:48.38,60496.92903,129.32,0.046,24.13,20.0,25.0,3,2.56,
KMT-2024-BLG-1773,BLG12N0603.016888,17:29:09.42,-28:37:03.65,60503.38162,8.45,0.52,19.51,19.53,19.53,2,2.06,
KMT-2024-BLG-1774,BLG14K0205.024123,17:35:40.41,-28:14:33.36,60500.99821,2.93,0.036,21.35,20.0,20.99,2,3.36,
KMT-2024-BLG-1775,BLG14K0504.030772,17:34:08.19,-28:21:20.77,60509.29647,27.9,0.2,21.49,20.0,20.56,2,2.96,
KMT-2024-BLG-1776,BLG14N0602.053152,17:38:31.63,-29:43:47.68,60501.39373,10.11,0.182,21.6,20.0,22.09,2,4.11,
KMT-2024-BLG-1777,BLG15K0306.006440,17:35:24.03,-26:05:14.68,60549.16986,49.05,0.188,19.84,20.0,20.11,2,3.51,
KMT-2024-BLG-1778,BLG15N0607.081940,17:38:37.87,-27:03:11.02,60500.68681,17.95,0.101,22.04,20.0,21.97,2,3.33,
KMT-2024-BLG-1779,BLG16M0204.014231,17:40:29.59,-24:11:47.26,60501.3951,23.42,0.3,22.0,19.62,19.62,2,2.1,
KMT-2024-BLG-1780,BLG32M0407.020723,18:13:45.04,-27:06:41.29,60503.20833,6.1,0.296,18.67,18.63,18.63,1,0.71,MB24128 OB240992
KMT-2024-BLG-1781,BLG32T0806.020937,18:07:03.22,-28:21:25.20,60507.83194,12.82,0.287,18.85,18.52,18.52,1,1.09,OB240989
KMT-2024-BLG-1782,BLG37N0405.038713,17:47:19.97,-35:48:55.51,60538.88341,55.74,0.206,19.84,19.8,19.8,1,1.14,OB241106
KMT-2024-BLG-1783,BLG41K0202.007426,17:53:17.91,-30:57:49.39,60526.10145,23.72,0.188,17.67,17.41,17.41,1,1.89,MB24129 OB241047
KMT-2024-BLG-1784,BLG41K0707.015303,17:50:06.44,-30:23:02.11,60528.86257,40.24,0.465,19.66,18.94,18.94,1,3.2,OB241018
KMT-2024-BLG-1785,BLG42K0206.015769,17:53:10.01,-28:27:42.37,60499.03582,5.98,0.074,21.31,18.85,18.85,4,2.46,OB240901
KMT-2024-BLG-1786,BLG42M0106.061754,17:58:29.73,-28:24:22.50,60501.30876,84.7,0.002,23.87,19.51,19.51,1,1.4,
KMT-2024-BLG-1787,BLG01M0503.011220,17:56:45.71,-30:47:09.60,60501.8973,2.89,0.706,19.43,17.83,17.83,1,1.34,
KMT-2024-BLG-1788,BLG02M0801.007614,17:54:58.53,-28:54:25.20,60507.61681,162.68,0.017,22.79,17.16,17.16,2,1.93,
KMT-2024-BLG-1789,BLG02N0208.075059,17:58:23.31,-29:08:31.42,60504.12813,7.32,0.089,20.38,19.62,19.62,1,1.14,MB24131 OB240979
KMT-2024-BLG-1790,BLG02T0404.064225,17:52:14.19,-29:37:59.99,60501.83062,5.74,0.096,20.51,19.86,19.86,1,2.38,OB240902
KMT-2024-BLG-1791,BLG03K0101.079355,18:01:38.45,-27:45:46.40,60506.15147,7.42,0.254,19.82,19.93,19.93,1,1.5,OB240982
KMT-2024-BLG-1792,BLG11N0504.040351,17:29:43.34,-30:31:28.49,60522.09648,54.45,0.358,20.7,20.0,21.33,2,2.86,
KMT-2024-BLG-1793,BLG12M0701.089119,17:28:27.88,-27:45:14.65,60507.62952,21.15,0.086,21.21,20.0,22.6,2,2.13,
KMT-2024-BLG-1794,BLG15M0104.044953,17:41:11.47,-26:16:04.37,60505.64666,13.88,0.099,21.41,20.0,21.13,2,2.82,
KMT-2024-BLG-1795,BLG15N0502.038330,17:39:08.49,-27:37:37.85,60508.76386,41.42,0.4,21.37,20.0,20.68,2,2.97,
KMT-2024-BLG-1796,BLG18T0606.015951,17:42:34.60,-27:08:05.10,60509.60531,54.88,0.034,22.22,20.0,20.48,2,3.97,
KMT-2024-BLG-1797,BLG31T0705.075952,18:09:47.94,-26:21:26.89,60501.57452,8.74,0.15,21.2,20.0,20.4,1,1.08,
KMT-2024-BLG-1798,BLG42K0102.042973,17:53:41.42,-28:52:31.51,60504.35216,9.61,0.357,19.56,19.46,19.46,2,1.92,OB240964
KMT-2024-BLG-1799,BLG02N0502.065986,17:56:35.43,-29:55:02.60,60503.37252,92.09,0.005,24.15,19.91,19.91,1,1.79,
KMT-2024-BLG-1800,BLG17K0405.034749,17:42:25.07,-32:36:06.73,60502.85362,8.66,0.155,22.82,20.0,22.05,2,4.7,
KMT-2024-BLG-1801,BLG19M0603.009931,17:47:27.24,-24:16:32.20,60514.62949,21.12,0.197,20.62,18.85,18.85,2,2.34,
KMT-2024-BLG-1802,BLG42N0504.045697,17:56:28.69,-29:43:57.90,60506.19982,7.48,0.303,20.03,19.28,19.28,1,1.62,OB240976
KMT-2024-BLG-1803,BLG01T0807.000546,17:49:49.07,-31:18:58.97,60514.13398,24.81,1.0,18.3,18.27,18.27,2,5.47,OB240994
KMT-2024-BLG-1804,BLG02K0201.037731,17:53:30.77,-28:57:02.48,60505.32496,74.06,0.035,23.42,19.6,19.6,1,2.36,
KMT-2024-BLG-1805,BLG02K0602.045713,17:50:56.65,-28:43:38.93,60510.70315,17.19,0.157,20.91,20.0,21.78,2,4.55,
KMT-2024-BLG-1806,BLG02N0303.074035,17:57:31.15,-29:49:07.39,60506.06381,124.43,0.003,25.37,19.77,19.77,1,1.56,OB240975
KMT-2024-BLG-1807,BLG03K0503.041569,17:59:19.55,-27:30:55.01,60505.87904,8.98,0.688,19.35,19.41,19.41,1,1.91,
KMT-2024-BLG-1808,BLG03N0608.024987,18:03:39.76,-28:02:04.60,60507.32707,9.17,0.203,21.09,18.53,18.53,1,1.09,
KMT-2024-BLG-1809,BLG04K0506.071788,18:01:04.01,-29:16:58.40,60507.33835,23.07,0.14,21.44,19.9,19.9,1,1.34,
KMT-2024-BLG-1810,BLG04M0803.077238,18:04:15.75,-29:38:33.61,60505.12608,5.03,0.657,19.84,20.0,20.15,1,0.97,
KMT-2024-BLG-1811,BLG04N0308.021094,18:06:56.99,-30:12:19.58,60505.76162,7.49,0.143,20.64,18.79,18.79,1,0.82,
KMT-2024-BLG-1812,BLG04T0308.084966,18:02:28.61,-30:12:02.20,60510.90962,58.95,0.082,21.22,20.0,20.89,1,1.02,
KMT-2024-BLG-1813,BLG13N0604.003791,17:36:29.10,-34:56:37.07,60555.93458,45.33,0.25,18.41,18.4,18.4,2,3.52,
KMT-2024-BLG-1814,BLG14M0506.037707,17:38:43.45,-28:07:55.16,60503.93382,76.94,0.01,22.83,20.0,20.56,2,2.73,
KMT-2024-BLG-1815,BLG14M0606.010029,17:38:36.00,-28:10:39.54,60515.19958,14.87,0.383,19.06,19.08,19.08,2,2.93,OB241065
KMT-2024-BLG-1816,BLG14M0802.006477,17:37:01.14,-28:36:29.70,60503.50607,19.95,0.002,23.27,18.5,18.5,2,3.42,
KMT-2024-BLG-1817,BLG15M0502.022435,17:38:49.42,-26:34:49.40,60503.5958,5.72,0.052,22.1,20.0,20.62,2,2.89,
KMT-2024-BLG-1818,BLG15N0202.015312,17:40:36.11,-27:40:51.42,60511.49364,12.48,0.14,19.87,19.95,19.95,2,3.36,
KMT-2024-BLG-1819,BLG17T0602.065702,17:41:14.25,-34:06:49.54,60506.26214,25.85,0.109,22.01,20.0,21.48,2,2.46,
KMT-2024-BLG-1820,BLG18K0504.032375,17:43:06.38,-26:11:45.49,60503.31073,89.62,0.022,24.54,20.0,20.5,2,3.0,
KMT-2024-BLG-1821,BLG18T0408.035736,17:43:40.84,-26:52:38.03,60504.03794,7.34,0.114,21.82,20.0,20.72,2,3.05,
KMT-2024-BLG-1822,BLG19T0408.021942,17:43:47.46,-24:46:34.54,60508.89036,9.77,0.497,19.97,20.0,20.36,2,2.83,
KMT-2024-BLG-1823,BLG33K0307.031981,18:11:26.24,-29:12:08.10,60507.89609,8.38,0.185,18.83,19.12,19.12,1,0.58,MB24138
KMT-2024-BLG-1824,BLG33K0404.011914,18:10:58.78,-29:34:32.20,60512.1227,11.97,0.482,19.53,18.27,18.27,1,0.7,
KMT-2024-BLG-1825,BLG33T0202.015184,18:12:06.01,-30:54:15.80,60513.29439,177.76,0.011,22.84,18.68,18.68,1,0.42,OB241046
KMT-2024-BLG-1826,BLG34M0408.065009,18:06:50.72,-31:08:44.59,60502.23019,15.24,0.105,21.56,20.0,20.87,1,0.86,
KMT-2024-BLG-1827,BLG35T0602.027727,18:01:03.15,-26:41:15.79,60508.97359,61.0,0.037,22.37,20.0,20.38,2,2.5,
KMT-2024-BLG-1828,BLG36K0202.019817,18:14:51.05,-23:30:47.48,60511.54233,21.39,0.285,19.69,19.13,19.13,1,1.38,
KMT-2024-BLG-1829,BLG36K0401.014891,18:13:59.35,-23:38:56.94,60507.18274,17.81,0.107,21.21,19.57,19.57,4,1.63,
KMT-2024-BLG-1830,BLG38M0703.002536,17:55:57.99,-22:13:17.04,60559.09199,23.75,0.71,17.87,17.9,17.9,4,3.96,
KMT-2024-BLG-1831,BLG41K0505.049324,17:51:23.08,-30:36:46.30,60574.68743,199.62,0.707,19.57,20.0,20.19,1,2.64,
KMT-2024-BLG-1832,BLG41M0407.057117,17:56:48.51,-30:22:07.21,60508.75835,58.66,0.012,23.3,20.0,20.29,1,2.14,
KMT-2024-BLG-1833,BLG42M0801.006739,17:54:46.77,-29:02:23.21,60516.43147,6.53,0.956,16.45,16.41,16.41,1,1.99,MB24142 OB240980
KMT-2024-BLG-1834,BLG42M0803.023556,17:54:21.35,-28:45:30.17,60523.3691,45.83,0.048,19.01,18.86,18.86,2,2.0,MB24147 OB240963
KMT-2024-BLG-1835,BLG42N0606.097307,17:55:40.10,-29:30:39.20,60505.78825,8.65,0.283,19.86,20.0,20.27,1,1.63,OB240978
KMT-2024-BLG-1836,BLG42T0505.049354,17:51:21.72,-29:41:23.50,60503.54813,0.84,0.316,20.64,19.77,19.77,1,2.65,
KMT-2024-BLG-1837,BLG43K0303.032716,18:00:14.67,-27:43:40.91,60505.00482,199.94,0.008,23.62,19.04,19.04,1,1.62,
KMT-2024-BLG-1838,BLG01K0101.051133,17:53:50.38,-31:01:38.89,60506.2163,197.84,0.002,25.53,19.71,19.71,1,2.03,
KMT-2024-BLG-1839,BLG01N0802.067739,17:54:58.64,-32:04:21.68,60506.75011,39.69,0.074,22.96,20.0,20.31,1,1.54,
KMT-2024-BLG-1840,BLG01T0303.048234,17:52:58.01,-31:54:44.10,60513.58209,76.79,0.193,21.94,19.97,19.97,1,1.99,
KMT-2024-BLG-1841,BLG02M0605.047758,17:55:47.80,-28:24:50.29,60510.61957,23.8,0.36,19.94,20.0,20.51,2,2.63,OB240907
KMT-2024-BLG-1842,BLG02T0104.014485,17:54:06.73,-29:40:41.81,60494.53542,60.35,0.359,20.5,17.69,17.69,1,1.4,
KMT-2024-BLG-1843,BLG02T0204.030570,17:53:36.48,-29:36:22.10,60506.44472,7.97,0.029,21.54,18.74,18.74,1,1.85,OB240968
KMT-2024-BLG-1844,BLG03K0803.010316,17:57:38.86,-27:37:11.39,60509.63388,6.72,0.92,18.57,19.13,19.13,2,2.86,
KMT-2024-BLG-1845,BLG03M0702.097624,18:02:50.64,-27:39:26.39,60507.66061,11.9,0.149,19.68,20.0,20.68,1,1.18,OB240983 OB240984
KMT-2024-BLG-1846,BLG04M0807.034296,18:04:24.63,-29:07:22.30,60538.50992,70.69,0.076,19.51,18.86,18.86,1,0.93,MB24172
KMT-2024-BLG-1847,BLG04T0107.055798,18:03:30.70,-30:17:52.19,60506.64177,9.1,0.637,19.74,19.67,19.67,1,1.03,
KMT-2024-BLG-1848,BLG11M0805.026798,17:28:07.87,-29:17:35.48,60508.70658,9.67,0.16,20.44,19.49,19.49,1,1.92,
KMT-2024-BLG-1849,BLG14M0104.060959,17:41:17.10,-28:24:06.30,60506.27581,3.29,0.066,21.77,20.0,22.11,2,4.0,
KMT-2024-BLG-1850,BLG14N0506.053704,17:39:13.71,-29:18:25.63,60506.39304,2.14,0.281,21.12,20.0,22.23,2,4.45,
KMT-2024-BLG-1851,BLG15T0203.010232,17:36:03.31,-27:35:01.10,60534.85483,34.56,0.592,19.67,19.35,19.35,2,2.76,OB241147
KMT-2024-BLG-1852,BLG17M0607.044805,17:46:23.89,-32:21:30.96,60507.65877,9.08,0.097,21.66,20.0,25.0,3,4.76,
KMT-2024-BLG-1853,BLG17N0401.053772,17:47:22.24,-34:14:10.10,60514.58829,29.35,0.106,21.34,20.0,20.02,1,1.51,
KMT-2024-BLG-1854,BLG17T0703.018680,17:40:39.28,-34:00:39.60,60510.04553,9.06,0.245,19.99,20.0,20.08,2,2.62,
KMT-2024-BLG-1855,BLG19M0104.041265,17:50:06.19,-24:10:57.79,60513.08545,88.76,0.015,23.04,20.0,21.16,2,2.76,
KMT-2024-BLG-1856,BLG19T0504.013803,17:43:32.05,-25:13:27.52,60509.89593,38.74,0.098,22.4,19.98,19.98,2,3.23,
KMT-2024-BLG-1857,BLG22K0508.007627,17:51:41.11,-32:14:58.60,60509.07913,199.54,0.005,23.91,18.14,18.14,1,2.07,
KMT-2024-BLG-1858,BLG36M0507.035626,18:17:54.89,-22:52:43.72,60508.68087,27.82,0.472,20.16,20.0,20.14,1,1.26,
KMT-2024-BLG-1859,BLG38N0802.007436,17:55:16.38,-23:23:38.87,60508.68348,24.4,0.19,21.46,19.47,19.47,4,4.08,
KMT-2024-BLG-1860,BLG43K0403.077715,17:59:49.97,-27:41:04.70,60507.13866,4.12,0.214,20.68,20.0,20.56,1,1.86,
KMT-2024-BLG-1861,BLG03N0803.066943,18:02:34.05,-28:38:20.51,60513.78275,27.74,0.186,20.77,19.47,19.47,1,1.06,
KMT-2024-BLG-1862,BLG03T0507.008774,17:59:08.98,-28:11:05.50,60514.71103,5.69,0.998,17.49,17.47,17.47,1,1.89,OB240971
KMT-2024-BLG-1863,BLG11K0708.019992,17:23:35.27,-28:58:46.81,60501.2112,3.36,0.065,20.14,20.0,20.17,2,1.98,
KMT-2024-BLG-1864,BLG12M0802.036486,17:27:44.35,-27:36:21.17,60502.01483,33.34,0.002,22.89,20.0,20.81,2,2.03,
KMT-2024-BLG-1865,BLG14N0805.036906,17:37:03.41,-29:21:17.71,60507.96135,9.06,0.301,21.41,20.0,21.04,2,3.65,
KMT-2024-BLG-1866,BLG17T0203.018247,17:43:33.40,-33:59:28.72,60512.87616,26.53,0.397,20.82,19.36,19.36,1,2.48,
KMT-2024-BLG-1867,BLG19T0508.024276,17:43:28.21,-24:48:16.74,60535.60366,61.35,0.227,19.91,20.0,20.5,2,2.88,OB241111
KMT-2024-BLG-1868,BLG22T0303.049606,17:52:37.71,-33:57:27.50,60525.73125,39.42,0.467,20.03,20.0,20.16,1,1.74,
KMT-2024-BLG-1869,BLG22T0405.007176,17:52:01.68,-33:48:19.40,60503.04629,0.5,0.199,18.87,18.87,18.87,3,2.11,
KMT-2024-BLG-1870,BLG31T0701.003395,18:09:51.68,-26:52:58.40,60568.34275,36.42,0.155,16.99,16.97,16.97,1,1.48,MB24206 OB241171
KMT-2024-BLG-1871,BLG36N0108.023256,18:19:58.08,-23:48:47.02,60522.56483,17.54,0.423,19.31,19.12,19.12,1,0.75,
KMT-2024-BLG-1872,BLG37K0302.042364,17:42:46.21,-35:08:48.80,60549.53818,53.88,0.53,20.03,20.0,20.02,2,1.41,
KMT-2024-BLG-1873,BLG42M0508.060890,17:56:06.73,-28:11:21.23,60510.66127,21.77,0.531,19.94,20.0,20.38,2,2.51,OB240909
KMT-2024-BLG-1874,BLG01M0502.073943,17:56:28.50,-30:54:24.30,60515.81918,170.24,0.002,24.29,19.82,19.82,1,1.38,MB24150
KMT-2024-BLG-1875,BLG02M0804.039684,17:54:44.52,-28:30:49.61,60514.8264,13.22,0.528,20.1,19.99,19.99,2,2.27,
KMT-2024-BLG-1876,BLG02T0204.035840,17:53:20.99,-29:36:25.42,60521.71085,31.3,0.175,19.85,18.9,18.9,1,1.87,MB24163 OB240969
KMT-2024-BLG-1877,BLG03M0201.034339,18:05:53.71,-27:49:20.89,60511.13837,8.01,0.904,19.13,18.71,18.71,1,0.7,
KMT-2024-BLG-1878,SAO03N0707.063380,18:02:58.82,-28:11:26.99,60532.30196,199.99,0.007,20.28,19.25,19.25,1,0.81,MB24155 OB241041
KMT-2024-BLG-1879,BLG04K0503.016259,18:00:54.08,-29:41:31.88,60552.30193,36.49,0.544,18.27,18.27,18.27,1,1.3,MB24211 OB241096
KMT-2024-BLG-1880,BLG04K0706.081747,17:59:41.17,-29:17:12.52,60507.90379,24.2,0.103,21.39,20.0,20.09,1,1.36,
KMT-2024-BLG-1881,BLG04M0307.034241,18:07:13.43,-29:09:43.42,60538.89143,32.31,0.177,19.54,19.1,19.1,1,1.03,MB24193 OB241174
KMT-2024-BLG-1882,BLG11N0208.068009,17:31:13.79,-30:02:59.28,60512.30874,18.18,0.123,20.95,20.0,21.12,2,2.4,
KMT-2024-BLG-1883,BLG15N0804.079758,17:37:11.51,-27:25:34.28,60511.45945,17.66,0.054,21.94,20.0,21.88,2,2.92,
KMT-2024-BLG-1884,BLG16T0202.002390,17:36:15.98,-25:36:22.00,60575.25699,69.06,0.939,19.72,19.08,19.08,2,3.54,
KMT-2024-BLG-1885,BLG16T0307.068655,17:35:41.27,-24:54:31.93,60515.97412,32.25,0.099,21.88,20.0,22.6,2,2.94,
KMT-2024-BLG-1886,BLG32T0101.010039,18:10:53.24,-28:53:44.09,60526.23184,14.42,0.634,17.96,17.98,17.98,1,0.77,MB24169 OB241102
KMT-2024-BLG-1887,BLG37K0505.005418,17:41:44.77,-34:46:07.21,60603.21562,62.54,0.28,17.89,18.01,18.01,2,1.96,
KMT-2024-BLG-1888,BLG37K0602.090415,17:41:13.11,-35:06:07.09,60506.37832,8.91,0.481,20.01,20.0,22.24,2,1.94,
KMT-2024-BLG-1889,BLG38K0702.042516,17:51:32.93,-22:16:13.58,60549.82057,200.0,0.084,19.97,20.0,20.57,1,2.14,OB240953
KMT-2024-BLG-1890,BLG41K0307.021320,17:52:38.82,-30:26:04.42,60511.3638,20.61,0.022,21.57,18.94,18.94,1,2.31,
KMT-2024-BLG-1891,BLG41T0101.004712,17:53:24.10,-32:13:04.01,60510.71501,12.98,0.002,20.45,17.16,17.16,1,1.74,
KMT-2024-BLG-1892,BLG42N0607.080222,17:55:34.64,-29:19:50.92,60512.34777,6.54,0.251,19.82,19.71,19.71,1,1.79,
KMT-2024-BLG-1893,BLG43T0601.051177,17:58:16.89,-29:01:07.28,60513.14046,7.57,0.607,19.19,19.14,19.14,1,1.45,OB241027
KMT-2024-BLG-1894,SAO01N0702.018050,17:55:27.88,-32:01:00.91,60510.2596,66.8,0.147,20.05,18.72,18.72,1,1.45,
KMT-2024-BLG-1895,BLG04M0804.076788,18:04:01.24,-29:34:02.10,60512.56759,130.57,0.033,22.18,20.0,20.26,1,1.11,
KMT-2024-BLG-1896,BLG37K0307.027380,17:42:57.69,-34:31:27.34,60492.23686,38.68,0.999,19.73,19.52,19.52,2,1.79,
KMT-2024-BLG-1897,SSO01N0708.025300,17:55:33.50,-31:16:07.21,60513.64632,24.2,0.383,19.41,18.96,18.96,1,1.61,
KMT-2024-BLG-1898,BLG01T0207.029901,17:53:23.77,-31:18:57.89,60539.66749,41.3,0.068,20.78,19.41,19.41,1,1.87,MB24183 OB241105
KMT-2024-BLG-1899,BLG02K0105.027593,17:53:59.87,-28:25:10.67,60515.534,8.36,0.273,19.81,19.8,19.8,2,2.54,OB241011
KMT-2024-BLG-1900,BLG02M0608.056660,17:56:04.98,-28:02:33.04,60518.53114,199.45,0.002,23.14,20.0,21.16,2,2.73,OB241024
KMT-2024-BLG-1901,SAO14T0605.004857,17:33:43.65,-29:24:48.74,60511.89387,12.7,0.182,17.97,18.03,18.03,2,2.75,OB241063
KMT-2024-BLG-1902,BLG15M0105.098709,17:40:57.12,-26:10:58.19,60519.05275,46.35,0.172,21.69,20.0,22.55,2,2.73,
KMT-2024-BLG-1903,BLG17N0203.027133,17:48:28.55,-33:58:33.89,60515.02005,14.86,0.037,20.07,19.11,19.11,1,1.46,
KMT-2024-BLG-1904,BLG20N0802.053905,17:46:30.59,-23:23:33.00,60514.10481,13.8,0.594,20.22,20.0,20.09,1,1.54,
KMT-2024-BLG-1905,BLG20T0501.032451,17:43:14.62,-23:32:40.20,60507.41632,148.56,0.036,24.2,19.63,19.63,1,1.79,
KMT-2024-BLG-1906,BLG32M0708.023958,18:12:02.64,-26:55:18.30,60511.55893,15.06,0.211,20.74,18.84,18.84,1,0.92,
KMT-2024-BLG-1907,BLG34N0307.002861,18:07:28.17,-32:27:34.88,60524.41351,44.02,0.103,20.23,17.35,17.35,1,0.61,MB24160 OB241052
KMT-2024-BLG-1908,BLG41M0604.004787,17:55:32.49,-30:43:11.50,60530.282,16.5,0.769,17.06,16.55,16.55,1,1.65,MB24167
KMT-2024-BLG-1909,SSO02N0206.001180,17:58:15.90,-29:24:25.70,60534.24714,21.98,0.985,16.63,15.01,15.01,1,1.43,OB241085
KMT-2024-BLG-1910,BLG03N0308.092819,18:05:15.55,-28:05:02.90,60510.87867,34.41,0.478,19.96,20.0,20.7,1,0.84,OB240985
KMT-2024-BLG-1911,SAO11N0305.002500,17:31:08.67,-30:24:00.72,60559.04564,44.06,0.06,17.47,17.35,17.35,2,2.83,OB241064
KMT-2024-BLG-1912,BLG15N0106.003749,17:40:58.44,-27:09:23.29,60533.52832,199.87,0.032,21.98,18.2,18.2,2,3.2,OB241113
KMT-2024-BLG-1913,BLG15T0202.024005,17:35:41.52,-27:38:41.78,60527.95061,50.52,0.137,20.92,20.0,20.48,2,2.77,OB241107
KMT-2024-BLG-1914,BLG19N0802.009366,17:46:14.08,-25:30:36.65,60511.8214,46.72,0.258,21.94,19.14,19.14,2,2.81,
KMT-2024-BLG-1915,SSO19T0805.010964,17:41:55.72,-25:11:30.01,60516.88276,27.75,0.061,20.43,18.89,18.89,1,2.49,OB241066
KMT-2024-BLG-1916,SSO21K0608.000004,17:50:42.85,-34:24:10.66,60532.54245,16.91,0.598,11.86,12.04,12.04,3,1.03,
KMT-2024-BLG-1917,SSO22K0407.007094,17:52:19.45,-32:21:05.62,60514.94195,2.67,0.38,17.95,17.99,17.99,1,1.98,MB24146
KMT-2024-BLG-1918,BLG31N0102.063878,18:17:55.12,-26:41:18.89,60527.10469,54.03,0.004,20.92,20.0,21.05,1,0.64,OB241104
KMT-2024-BLG-1919,BLG34N0602.037170,18:05:54.95,-33:06:19.51,60526.90094,46.11,0.391,20.86,19.84,19.84,1,0.69,
KMT-2024-BLG-1920,BLG41N0201.039596,17:57:58.36,-32:13:47.39,60525.82108,22.46,0.076,19.66,19.64,19.64,1,1.36,MB24158 OB241088
KMT-2024-BLG-1921,BLG43N0205.006370,18:05:32.24,-28:30:53.32,60521.29898,34.26,0.692,18.86,17.24,17.24,1,0.94,
KMT-2024-BLG-1922,SSO01K0106.028191,17:54:12.19,-30:24:07.49,60513.35263,20.12,0.128,20.3,18.82,18.82,1,1.59,OB241012
KMT-2024-BLG-1923,BLG02T0103.056151,17:54:10.40,-29:42:55.80,60519.48154,48.51,0.382,20.4,19.09,19.09,1,1.31,OB241020
KMT-2024-BLG-1924,SAO03K0103.002034,18:01:30.98,-27:30:46.58,60552.05548,199.39,0.021,20.56,15.61,15.61,1,1.39,OB241134
KMT-2024-BLG-1925,BLG03M0802.088123,18:02:28.31,-27:44:10.10,60523.3723,101.35,0.111,21.76,20.0,20.18,1,1.26,
KMT-2024-BLG-1926,BLG12M0208.007705,17:31:26.01,-26:50:55.03,60528.71228,56.59,0.64,20.37,20.0,20.91,2,3.94,
KMT-2024-BLG-1927,SSO14K0207.003899,17:35:52.38,-28:02:37.32,60516.57075,3.11,0.534,18.41,18.42,18.42,2,3.63,
KMT-2024-BLG-1928,BLG15K0203.055122,17:35:51.89,-26:22:37.45,60519.44219,29.78,0.305,21.24,20.0,21.54,2,3.11,
KMT-2024-BLG-1929,BLG19M0206.054020,17:49:28.21,-23:52:59.74,60516.2445,12.59,0.082,21.46,20.0,21.09,2,2.34,
KMT-2024-BLG-1930,BLG19N0105.022289,17:50:07.74,-25:10:37.52,60525.90061,31.16,0.297,20.63,20.0,21.36,2,4.35,
KMT-2024-BLG-1931,BLG31K0305.017000,18:12:05.74,-25:16:07.72,60524.11943,13.02,0.105,19.16,19.06,19.06,1,1.61,MB24153
KMT-2024-BLG-1932,SSO31T0808.077784,18:09:23.91,-25:59:17.99,60514.74391,14.43,0.32,20.04,20.0,20.4,1,1.38,
KMT-2024-BLG-1933,BLG32T0402.001183,18:09:22.38,-28:48:37.91,60529.84536,21.07,0.553,17.2,15.1,15.1,1,0.79,MB24156 OB241141
KMT-2024-BLG-1934,BLG36M0601.033087,18:17:20.75,-23:37:04.91,60533.33231,59.74,0.102,20.32,19.55,19.55,1,1.05,OB241103
KMT-2024-BLG-1935,BLG41N0302.003628,17:57:37.92,-32:06:43.31,60515.17012,9.17,0.904,19.0,16.76,16.76,1,1.43,
KMT-2024-BLG-1936,BLG42T0107.077823,17:53:55.39,-29:23:33.40,60511.65266,8.01,0.466,18.89,19.93,19.93,1,1.93,
KMT-2024-BLG-1937,SAO42T0401.035684,17:52:09.81,-30:10:32.92,60526.61213,45.37,0.073,20.9,19.2,19.2,1,1.72,OB241016
KMT-2024-BLG-1938,BLG01N0608.013872,17:56:16.19,-31:18:27.00,60519.43404,29.51,0.003,21.09,18.43,18.43,1,1.55,MB24152
KMT-2024-BLG-1939,SAO02M0601.097314,17:56:09.79,-28:54:51.91,60520.59992,26.16,0.166,21.04,20.0,20.63,1,1.89,
KMT-2024-BLG-1940,BLG02M0708.008293,17:55:32.04,-28:01:10.02,60529.52025,15.78,0.398,18.71,18.66,18.66,2,2.9,OB241025
KMT-2024-BLG-1941,BLG02N0605.067380,17:56:04.47,-29:32:45.20,60517.15337,16.16,0.111,21.19,19.61,19.61,1,1.75,
KMT-2024-BLG-1942,SAO02N0708.056520,17:55:15.25,-29:10:36.73,60518.49633,9.22,0.391,20.01,19.91,19.91,2,2.1,
KMT-2024-BLG-1943,BLG03M0107.057146,18:06:12.69,-27:06:27.22,60536.32167,58.92,0.034,19.72,19.48,19.48,1,1.1,MB24170 OB241100
KMT-2024-BLG-1944,BLG04M0805.044594,18:04:18.64,-29:25:34.21,60522.62516,13.96,0.683,19.2,19.12,19.12,1,0.88,
KMT-2024-BLG-1945,BLG13M0607.006194,17:36:43.29,-33:30:29.38,60513.10523,26.93,0.046,19.87,19.7,19.7,2,4.11,
KMT-2024-BLG-1946,BLG14M0205.002059,17:40:54.13,-28:13:28.49,60523.22856,5.22,0.551,17.65,17.68,17.68,2,4.05,
KMT-2024-BLG-1947,BLG14N0508.094036,17:39:03.62,-28:57:53.86,60515.35285,10.13,0.007,21.91,20.0,25.0,3,4.54,
KMT-2024-BLG-1948,BLG15N0104.034058,17:41:20.54,-27:23:25.98,60517.47664,23.09,0.002,23.88,20.0,20.96,2,3.49,
KMT-2024-BLG-1949,BLG15N0501.016044,17:39:03.69,-27:44:33.97,60516.07541,4.32,0.862,19.43,19.53,19.53,2,2.91,
KMT-2024-BLG-1950,BLG17M0308.005671,17:47:54.60,-32:16:43.86,60545.38296,38.66,0.086,19.93,20.0,20.42,2,4.8,
KMT-2024-BLG-1951,BLG19M0101.024509,17:50:33.20,-24:30:40.00,60515.98113,135.31,0.026,24.3,20.0,21.42,2,4.12,
KMT-2024-BLG-1952,BLG19N0801.053010,17:46:24.09,-25:42:13.72,60531.13544,22.34,0.433,19.89,20.0,20.78,2,2.49,
KMT-2024-BLG-1953,SAO32K0801.021616,18:07:04.30,-27:46:52.39,60527.47196,26.65,0.999,18.81,18.39,18.39,1,0.89,
KMT-2024-BLG-1954,SAO32K0805.034688,18:06:40.12,-27:20:22.31,60523.45157,22.81,0.092,19.34,18.73,18.73,1,0.83,
KMT-2024-BLG-1955,BLG33K0408.022815,18:11:03.74,-29:06:32.11,60518.87862,50.0,0.486,20.43,18.68,18.68,1,0.67,
KMT-2024-BLG-1956,BLG34K0806.014648,17:59:43.34,-31:24:20.20,60539.78371,44.2,0.414,19.34,18.79,18.79,1,1.53,OB241130
KMT-2024-BLG-1957,BLG34M0208.037836,18:07:50.28,-31:10:39.90,60519.39253,21.91,0.6,20.89,19.7,19.7,1,0.55,
KMT-2024-BLG-1958,BLG34N0104.009554,18:08:37.08,-32:45:01.40,60554.97804,43.92,0.1,19.84,18.74,18.74,1,0.75,OB241224
KMT-2024-BLG-1959,BLG37M0405.016442,17:47:29.77,-34:44:19.79,60515.52309,13.73,0.178,19.76,18.48,18.48,1,1.02,
KMT-2024-BLG-1960,BLG37M0705.056988,17:45:29.84,-34:45:24.41,60520.06375,18.79,0.263,20.58,20.0,20.14,1,1.65,
KMT-2024-BLG-1961,BLG41M0404.070694,17:56:57.08,-30:42:25.49,60520.32836,22.17,0.494,20.46,19.91,19.91,1,1.36,
KMT-2024-BLG-1962,BLG42M0305.082834,17:57:28.53,-28:34:56.39,60518.26,4.88,0.168,19.74,20.0,20.23,1,1.78,OB241023
KMT-2024-BLG-1963,BLG42M0401.076201,17:56:48.97,-29:00:37.19,60527.8479,22.88,0.15,20.22,20.0,20.15,1,2.09,OB241029
KMT-2024-BLG-1964,BLG42T0603.056850,17:50:59.66,-29:56:15.22,60517.92468,10.2,0.682,20.16,20.0,20.56,1,3.06,
KMT-2024-BLG-1965,BLG01K0806.004637,17:49:42.43,-30:23:13.70,60536.82331,35.29,0.999,18.44,17.68,17.68,1,3.81,OB241019
KMT-2024-BLG-1966,BLG01M0606.049913,17:56:02.59,-30:19:08.00,60524.31582,11.65,0.096,19.96,19.97,19.97,1,1.81,MB24157
KMT-2024-BLG-1967,BLG01N0606.057410,17:56:08.14,-31:28:06.31,60523.56388,20.35,0.088,20.93,19.88,19.88,1,1.54,
KMT-2024-BLG-1968,BLG02N0501.012672,17:56:39.96,-30:02:35.48,60521.38231,8.31,0.37,18.63,17.93,17.93,1,1.41,
KMT-2024-BLG-1969,BLG04K0105.030674,18:03:26.50,-29:25:04.01,60530.68817,30.03,0.5,19.44,18.76,18.76,1,0.92,
KMT-2024-BLG-1970,BLG04T0807.064189,17:59:11.98,-30:20:07.30,60518.85643,7.91,0.092,19.96,19.99,19.99,1,1.57,
KMT-2024-BLG-1971,BLG11K0705.049382,17:23:39.14,-29:20:11.18,60519.94729,3.12,0.82,20.05,20.0,20.27,1,1.51,
KMT-2024-BLG-1972,BLG11M0607.095749,17:29:08.68,-29:07:51.82,60520.19032,10.8,0.624,20.33,20.0,25.0,3,2.09,
KMT-2024-BLG-1973,BLG11M0608.085726,17:29:10.08,-28:59:55.21,60518.84892,33.91,0.016,22.78,20.0,21.75,2,1.98,
KMT-2024-BLG-1974,BLG11T0407.098224,17:25:13.64,-30:10:47.32,60525.35568,39.58,0.185,21.28,20.0,25.0,3,2.22,
KMT-2024-BLG-1975,BLG13M0702.007373,17:35:35.59,-34:07:24.17,60520.37484,50.96,0.372,19.2,19.22,19.22,2,9.91,
KMT-2024-BLG-1976,BLG13N0103.021921,17:39:22.94,-35:05:10.79,60524.88488,30.34,0.277,19.6,19.77,19.77,2,2.09,
KMT-2024-BLG-1977,BLG13T0308.008894,17:33:06.61,-34:26:49.13,60530.72251,31.86,0.543,20.02,20.0,20.41,2,4.92,
KMT-2024-BLG-1978,BLG14K0803.053042,17:32:37.56,-28:34:25.25,60543.70473,131.31,0.054,23.09,20.0,21.25,2,3.21,
KMT-2024-BLG-1979,BLG14T0103.006326,17:36:21.13,-29:38:29.72,60549.22611,56.33,0.992,18.93,18.79,18.79,2,3.57,
KMT-2024-BLG-1980,BLG15M0503.061972,17:39:00.73,-26:22:28.06,60519.78303,5.52,0.06,22.47,20.0,21.54,2,2.97,
KMT-2024-BLG-1981,BLG15T0102.047334,17:36:09.95,-27:38:45.42,60529.39663,30.96,0.586,19.88,20.0,21.29,2,2.98,
KMT-2024-BLG-1982,BLG16N0304.017746,17:40:08.90,-25:15:57.38,60519.03183,2.78,0.085,19.84,20.0,20.11,2,2.82,
KMT-2024-BLG-1983,BLG17K0605.059422,17:41:17.44,-32:34:18.98,60518.6216,8.42,0.048,22.05,20.0,22.16,3,3.89,
KMT-2024-BLG-1984,BLG17K0704.031941,17:40:52.76,-32:43:13.33,60525.90539,101.76,0.042,22.87,20.0,21.67,3,3.55,
KMT-2024-BLG-1985,BLG17M0508.007145,17:47:04.80,-32:13:54.52,60588.12105,87.36,0.321,19.94,20.0,21.31,2,5.47,
KMT-2024-BLG-1986,BLG17M0703.016893,17:45:52.18,-32:55:31.44,60556.57603,53.72,0.621,19.87,20.0,20.49,2,2.89,OB241269
KMT-2024-BLG-1987,BLG18M0802.006334,17:46:08.63,-26:29:36.35,60531.61931,17.52,0.525,19.86,18.98,18.98,2,3.92,
KMT-2024-BLG-1988,BLG18T0702.086434,17:42:01.63,-27:39:42.66,60523.0558,23.5,0.062,21.67,20.0,22.62,2,4.22,
KMT-2024-BLG-1989,BLG18T0805.026165,17:41:30.65,-27:17:19.36,60523.76932,21.09,0.016,22.62,20.0,20.78,2,3.55,
KMT-2024-BLG-1990,BLG19M0305.063099,17:49:16.60,-24:00:13.25,60520.29323,32.68,0.19,22.09,20.0,21.09,2,2.16,
KMT-2024-BLG-1991,SAO20T0803.016900,17:41:59.77,-23:20:26.05,60521.74042,25.93,0.601,19.74,19.73,19.73,2,1.81,
KMT-2024-BLG-1992,BLG21K0106.050462,17:53:50.68,-34:35:49.09,60529.8657,23.39,0.517,19.89,19.94,19.94,1,0.89,
KMT-2024-BLG-1993,BLG22M0705.003686,17:55:16.01,-32:39:30.89,60520.18962,61.46,0.022,23.01,16.91,16.91,1,1.53,
KMT-2024-BLG-1994,BLG22T0308.011474,17:52:45.89,-33:23:08.09,60518.02219,40.96,0.022,23.03,18.44,18.44,1,1.36,
KMT-2024-BLG-1995,BLG31M0801.023846,18:13:51.75,-25:41:53.02,60531.90953,49.91,0.3,20.8,19.29,19.29,1,1.46,
KMT-2024-BLG-1996,BLG31T0506.010673,18:10:43.20,-26:15:13.10,60521.86706,21.27,0.002,23.35,18.12,18.12,1,1.2,
KMT-2024-BLG-1997,BLG32T0107.052519,18:10:43.71,-28:10:56.50,60543.48386,199.27,0.048,21.28,19.63,19.63,1,0.88,MB24194 OB240990
KMT-2024-BLG-1998,BLG32T0706.032084,18:07:16.63,-28:21:15.41,60531.74938,22.42,0.388,19.27,18.93,18.93,1,1.05,
KMT-2024-BLG-1999,BLG33M0503.014055,18:15:32.38,-29:39:52.09,60524.32404,15.99,0.909,19.26,18.41,18.41,1,0.35,
KMT-2024-BLG-2000,BLG34K0806.051315,17:59:33.74,-31:26:06.22,60524.0888,38.3,0.116,21.14,20.0,20.04,1,1.59,
KMT-2024-BLG-2001,BLG34M0506.031363,18:06:19.61,-31:24:57.38,60520.45457,18.31,0.002,21.24,19.43,19.43,1,1.02,
KMT-2024-BLG-2002,BLG35M0208.007588,18:08:08.20,-24:49:52.46,60519.6051,36.43,0.012,23.15,18.38,18.38,4,2.38,
KMT-2024-BLG-2003,BLG35T0504.072062,18:01:40.66,-26:27:26.10,60517.85919,7.05,0.301,21.01,20.0,21.96,2,2.66,
KMT-2024-BLG-2004,BLG36N0504.018229,18:17:57.40,-24:18:33.41,60529.81649,55.72,0.277,20.66,18.8,18.8,1,0.97,
KMT-2024-BLG-2005,BLG42K0102.085727,17:53:37.94,-28:54:03.53,60525.06017,24.22,0.127,20.61,20.0,20.75,2,1.99,
KMT-2024-BLG-2006,BLG42M0701.029825,17:55:13.62,-28:59:13.42,60530.86346,29.76,0.461,19.9,19.06,19.06,3,1.81,
KMT-2024-BLG-2007,BLG42N0808.028963,17:54:43.92,-29:12:29.59,60525.39033,12.92,0.07,19.41,18.63,18.63,1,1.87,MB24164 OB241030
KMT-2024-BLG-2008,SSO43N0601.041082,18:03:17.16,-29:05:14.10,60520.37428,9.34,0.652,18.64,18.99,18.99,1,0.92,OB241037
KMT-2024-BLG-2009,SAO43N0806.067243,18:02:07.45,-28:25:47.89,60520.70155,29.58,0.086,20.91,19.38,19.38,1,1.08,OB241040
KMT-2024-BLG-2010,BLG02T0403.091059,17:52:06.44,-29:49:46.31,60521.91308,3.3,0.123,20.24,20.0,21.42,2,2.41,
KMT-2024-BLG-2011,BLG04T0304.075348,18:02:23.61,-30:41:35.92,60538.63087,69.72,0.064,21.39,20.0,20.6,1,1.31,
KMT-2024-BLG-2012,BLG11N0803.004578,17:27:49.62,-30:43:37.78,60522.4721,7.97,0.784,18.51,18.48,18.48,2,2.76,
KMT-2024-BLG-2013,BLG15M0205.041253,17:40:47.21,-26:12:53.21,60521.6025,3.13,0.691,20.09,20.0,20.91,2,2.72,
KMT-2024-BLG-2014,BLG19T0706.050670,17:42:16.84,-25:03:27.40,60520.39606,10.1,0.04,23.32,20.0,20.3,1,2.35,
KMT-2024-BLG-2015,BLG22T0202.059061,17:53:18.72,-34:07:51.20,60527.33083,56.45,0.173,21.49,20.0,20.24,1,1.41,
KMT-2024-BLG-2016,BLG34N0108.014476,18:08:39.01,-32:15:25.99,60548.98612,46.41,0.179,19.9,18.94,18.94,1,0.72,MB24232 OB241261
KMT-2024-BLG-2017,BLG04K0101.079025,18:03:33.96,-29:55:49.80,60520.73619,21.39,0.575,19.8,19.98,19.98,1,0.78,
KMT-2024-BLG-2018,BLG04T0602.010688,18:00:32.31,-30:55:42.89,60531.96351,19.57,0.141,19.44,18.38,18.38,1,1.41,MB24179
KMT-2024-BLG-2019,BLG11N0203.095183,17:31:37.02,-30:41:32.75,60524.57664,36.99,0.013,22.16,20.0,25.0,3,2.74,
KMT-2024-BLG-2020,BLG11N0208.016757,17:31:37.54,-30:00:44.78,60529.08029,17.06,0.272,20.13,19.56,19.56,2,2.29,
KMT-2024-BLG-2021,BLG14K0505.036868,17:34:08.22,-28:19:58.80,60518.44805,14.51,0.397,20.67,20.0,20.6,2,2.81,
KMT-2024-BLG-2022,BLG20M0103.002469,17:50:00.48,-22:11:52.12,60530.01282,5.03,0.32,17.03,17.0,17.0,1,1.98,
KMT-2024-BLG-2023,BLG20T0103.021792,17:45:53.84,-23:14:52.40,,,,,19.0,19.0,1,1.47,OB241110
KMT-2024-BLG-2024,BLG20T0403.064554,17:43:47.26,-23:16:12.36,60521.86152,10.29,0.069,22.43,20.0,21.21,2,1.68,
KMT-2024-BLG-2025,BLG22K0805.056047,17:49:48.29,-32:40:30.29,60521.8903,37.54,0.069,22.49,20.0,21.42,2,2.72,
KMT-2024-BLG-2026,BLG22N0205.029468,17:58:31.78,-33:43:06.10,60531.87463,17.89,0.44,19.31,19.29,19.29,1,1.01,
KMT-2024-BLG-2027,BLG42M0304.096426,17:57:25.13,-28:35:37.61,60523.37073,23.44,0.036,21.92,20.0,20.44,1,1.9,OB241022
KMT-2024-BLG-2028,BLG42T0407.009153,17:51:49.45,-29:19:50.41,60529.7756,15.28,0.504,18.95,17.64,17.64,1,2.88,OB241021
KMT-2024-BLG-2029,BLG43K0207.044437,18:00:50.77,-27:15:16.60,60541.8242,60.3,0.239,20.86,19.59,19.59,1,1.73,OB241090
KMT-2024-BLG-2030,BLG43N0506.066235,18:03:53.35,-28:27:18.90,60524.71257,4.89,0.055,19.49,19.45,19.45,1,0.91,MB24161 OB241039
KMT-2024-BLG-2031,BLG02N0308.001897,17:57:58.60,-29:10:26.40,60535.8453,9.14,0.9,15.6,15.48,15.48,1,1.22,MB24159 OB241028
KMT-2024-BLG-2032,SSO02N0702.082152,17:55:15.25,-29:52:25.39,60521.05733,2.85,0.003,19.63,19.73,19.73,1,1.27,
KMT-2024-BLG-2033,BLG17K0604.062887,17:41:00.82,-32:44:19.68,60522.81293,44.58,0.216,22.21,20.0,22.03,2,3.53,
KMT-2024-BLG-2034,BLG18K0204.007544,17:44:59.39,-26:17:11.00,60538.48605,29.48,0.463,18.44,18.64,18.64,2,3.12,
KMT-2024-BLG-2035,BLG18K0605.040097,17:42:45.17,-26:09:04.39,60525.47261,58.39,0.021,23.09,20.0,20.93,2,3.11,
KMT-2024-BLG-2036,BLG18T0603.010818,17:42:44.68,-27:33:12.78,60527.49676,21.55,0.202,20.52,19.09,19.09,2,3.46,
KMT-2024-BLG-2037,BLG19N0605.001695,17:47:41.52,-25:12:16.09,60590.87653,51.88,0.447,18.49,18.11,18.11,2,4.16,OB241232
KMT-2024-BLG-2038,BLG22T0503.059656,17:51:43.08,-33:58:50.30,60522.81028,4.95,0.412,20.63,20.0,20.78,2,1.4,
KMT-2024-BLG-2039,BLG32T0707.051646,18:07:13.86,-28:06:57.20,60528.41685,23.91,0.091,20.77,19.75,19.75,1,1.21,MB24176
KMT-2024-BLG-2040,BLG36M0706.023576,18:16:35.94,-23:01:06.82,60517.29842,177.74,0.017,24.16,19.48,19.48,1,1.36,
KMT-2024-BLG-2041,BLG01K0706.028965,17:50:23.94,-30:22:25.61,60534.37633,199.95,0.007,23.57,19.64,19.64,1,2.79,OB241017
KMT-2024-BLG-2042,SAO04K0407.038370,18:01:25.04,-29:11:08.20,60525.26741,7.62,0.172,19.37,18.91,18.91,1,1.28,MB24165 OB241038
KMT-2024-BLG-2043,BLG04N0507.027182,18:05:59.36,-30:14:53.81,60579.42466,200.0,0.064,18.52,18.94,18.94,1,1.01,MB24186 OB241176
KMT-2024-BLG-2044,SAO12T0708.046282,17:23:26.32,-27:59:53.38,60526.36755,48.58,0.369,20.19,20.0,20.53,2,1.66,
KMT-2024-BLG-2045,BLG18K0207.008838,17:44:58.00,-25:50:39.16,60580.83135,74.45,0.668,19.16,19.23,19.23,2,3.2,
KMT-2024-BLG-2046,SSO18T0701.002170,17:42:11.21,-27:48:08.60,60546.83675,19.59,0.095,18.39,17.87,17.87,2,4.03,OB241149
KMT-2024-BLG-2047,SSO18T0708.049131,17:42:05.87,-26:53:09.20,60524.10666,19.44,0.026,23.15,20.0,22.55,3,5.03,
KMT-2024-BLG-2048,SSO19K0205.012576,17:45:18.84,-24:01:12.22,60525.31362,35.21,0.379,20.98,18.56,18.56,1,1.85,
KMT-2024-BLG-2049,BLG20M0401.041775,17:48:34.47,-22:27:07.99,60526.0359,46.03,0.035,21.73,20.0,20.2,1,1.88,
KMT-2024-BLG-2050,BLG22M0804.052283,17:54:47.97,-32:44:25.30,60534.7614,23.62,0.552,19.9,19.95,19.95,1,1.44,
KMT-2024-BLG-2051,SAO31K0808.007135,18:09:05.83,-24:49:58.01,60524.84861,7.92,0.503,18.92,18.63,18.63,4,2.61,
KMT-2024-BLG-2052,BLG31N0208.048324,18:17:23.74,-25:56:31.20,60517.11182,20.42,0.399,21.1,19.99,19.99,1,0.83,
KMT-2024-BLG-2053,SAO32K0505.017974,18:08:50.28,-27:15:55.30,60527.41734,7.79,0.813,19.1,18.57,18.57,1,1.35,
KMT-2024-BLG-2054,SSO35M0401.007857,18:07:18.27,-25:42:37.51,60528.13958,37.09,0.097,21.11,18.0,18.0,1,1.49,
KMT-2024-BLG-2055,BLG35T0401.004913,18:02:01.80,-26:51:56.70,60524.21928,55.52,0.187,20.83,17.59,17.59,1,2.94,OB241035
KMT-2024-BLG-2056,SSO42T0703.019832,17:50:09.80,-29:51:59.40,60525.86811,19.83,0.005,21.83,19.24,19.24,1,3.46,OB241077
KMT-2024-BLG-2057,SAO02N0106.044022,17:58:55.80,-29:21:32.51,60532.42498,108.67,0.037,22.82,18.97,18.97,1,1.31,
KMT-2024-BLG-2058,SAO02N0707.078769,17:55:16.13,-29:13:25.72,60525.5311,11.55,0.014,23.63,19.96,19.96,1,2.11,
KMT-2024-BLG-2059,SAO03N0604.017987,18:03:43.14,-28:34:05.48,60529.49716,23.28,0.07,21.21,18.12,18.12,1,0.96,OB241095
KMT-2024-BLG-2060,SAO11K0201.007302,17:26:26.91,-29:52:38.10,60526.96559,179.86,0.013,24.39,18.73,18.73,2,2.19,
KMT-2024-BLG-2061,BLG11K0801.016954,17:23:15.44,-29:52:40.26,60521.70166,53.5,0.753,20.26,19.9,19.9,2,1.9,
KMT-2024-BLG-2062,SAO11M0605.008290,17:28:48.75,-29:22:54.59,60525.64152,44.73,0.193,19.65,18.47,18.47,1,2.17,OB241058
KMT-2024-BLG-2063,SAO11N0606.049257,17:28:56.96,-30:21:22.14,60527.81771,68.7,0.037,23.85,20.0,20.92,3,2.65,
KMT-2024-BLG-2064,SAO11T0201.004852,17:26:20.98,-30:56:43.33,60535.75136,10.61,0.361,19.12,19.16,19.16,2,3.33,
KMT-2024-BLG-2065,SAO14M0308.090820,17:40:02.02,-27:53:21.30,60526.05622,4.61,0.1,19.91,20.0,25.0,3,3.37,
KMT-2024-BLG-2066,BLG15K0403.007929,17:34:54.78,-26:26:21.59,60532.38002,14.58,0.045,19.72,19.68,19.68,2,2.78,MB24180
KMT-2024-BLG-2067,BLG15N0205.115787,17:40:46.48,-27:15:08.35,60523.59612,10.59,0.063,22.82,20.0,25.0,3,3.26,
KMT-2024-BLG-2068,BLG15N0401.058384,17:39:46.39,-27:44:58.24,60520.44937,14.31,0.003,24.09,20.0,21.08,2,3.01,
KMT-2024-BLG-2069,SSO18M0501.022192,17:48:20.16,-26:36:34.49,60528.78302,20.49,0.19,21.2,20.0,21.43,2,4.79,
KMT-2024-BLG-2070,SAO18T0702.021480,17:42:11.94,-27:36:17.46,60525.42853,10.51,0.063,22.15,20.0,20.35,2,3.54,
KMT-2024-BLG-2071,SAO20N0705.003766,17:46:58.96,-23:03:36.40,60527.53877,190.59,0.043,23.6,16.75,16.75,1,1.45,
KMT-2024-BLG-2072,BLG20T0802.066647,17:41:47.64,-23:22:03.50,60526.17044,31.95,0.044,22.31,20.0,21.64,3,1.84,
KMT-2024-BLG-2073,SSO21T0604.051144,17:50:52.78,-35:57:41.69,60523.95145,14.76,0.087,21.62,20.0,20.14,1,0.72,
KMT-2024-BLG-2074,SAO22K0207.020693,17:53:32.38,-32:24:28.58,60525.25543,28.33,0.014,22.8,19.01,19.01,1,1.62,
KMT-2024-BLG-2075,SAO31K0103.022826,18:13:21.64,-25:24:54.90,60527.92349,103.73,0.035,23.38,19.38,19.38,1,1.34,
KMT-2024-BLG-2076,BLG32K0202.020553,18:10:21.42,-27:41:20.51,60562.39995,46.23,0.122,19.1,18.51,18.51,1,0.81,MB24221
KMT-2024-BLG-2077,SSO35M0504.003017,18:06:12.60,-25:19:09.41,60599.69352,52.81,0.986,17.34,17.07,17.07,4,2.53,MB24273 OB241180
KMT-2024-BLG-2078,BLG35N0508.018329,18:06:30.22,-25:53:32.89,60525.70075,12.53,0.089,21.51,19.16,19.16,1,2.02,
KMT-2024-BLG-2079,SSO36N0502.000420,18:17:53.85,-24:33:07.99,60566.96403,24.05,0.626,14.79,14.71,14.71,1,1.03,MB24203 OB241177
KMT-2024-BLG-2080,BLG41K0107.087866,17:53:48.43,-30:20:01.90,60531.45793,17.18,0.05,19.85,20.0,20.25,2,1.59,MB24177 OB241013
KMT-2024-BLG-2081,SAO41K0401.058471,17:51:58.46,-31:07:51.10,60526.53754,7.32,0.083,20.34,20.0,20.18,1,2.22,MB24174
KMT-2024-BLG-2082,BLG41T0607.001902,17:50:39.25,-31:28:57.11,60588.01347,48.14,0.702,18.88,18.12,18.12,2,4.37,OB241219
KMT-2024-BLG-2083,SAO42K0601.030539,17:50:57.72,-29:02:55.00,60525.45883,4.49,0.017,22.33,20.0,21.62,2,4.52,
KMT-2024-BLG-2084,SSO42M0405.013891,17:56:52.92,-28:34:12.29,60529.80609,8.22,0.602,18.1,18.02,18.02,1,1.76,
KMT-2024-BLG-2085,SSO42N0702.006159,17:55:05.80,-30:04:45.80,60545.77223,15.88,0.985,16.72,16.47,16.47,1,1.42,MB24191 OB241073 OB241201
KMT-2024-BLG-2086,SAO42N0802.035695,17:54:22.45,-30:00:46.51,60528.07654,67.33,0.024,22.99,18.76,18.76,1,1.34,OB241074
KMT-2024-BLG-2087,SSO42T0108.022794,17:53:48.01,-29:15:47.48,60527.37968,27.97,0.01,22.06,18.4,18.4,1,1.89,
KMT-2024-BLG-2088,SAO42T0804.021296,17:49:51.70,-29:47:22.09,60524.88976,11.2,0.064,22.18,19.91,19.91,1,3.72,
KMT-2024-BLG-2089,BLG43N0308.015271,18:04:51.91,-28:14:33.61,60524.77142,5.94,0.765,17.88,17.98,17.98,1,0.95,
KMT-2024-BLG-2090,SAO43T0605.029557,17:58:34.51,-28:33:56.30,60526.10201,10.26,0.071,21.9,18.83,18.83,1,1.55,
KMT-2024-BLG-2091,SAO02T0205.032910,17:53:35.97,-29:30:45.29,60527.29382,8.2,0.302,21.21,18.91,18.91,1,1.86,
KMT-2024-BLG-2092,BLG03T0408.018659,18:00:05.69,-28:03:07.99,60552.13365,65.29,0.276,19.66,18.45,18.45,1,1.63,OB241082
KMT-2024-BLG-2093,BLG04T0601.047126,18:00:32.84,-31:00:50.40,60526.4072,122.67,0.073,22.22,19.94,19.94,1,1.63,
KMT-2024-BLG-2094,BLG18T0705.019601,17:41:58.96,-27:12:35.14,60545.12448,47.69,0.4,19.84,20.0,20.59,2,3.7,
KMT-2024-BLG-2095,SAO19N0503.013333,17:48:15.02,-25:26:10.18,60526.21152,4.64,0.159,22.03,20.0,21.29,2,4.84,
KMT-2024-BLG-2096,BLG20N0805.056744,17:46:07.28,-23:03:14.90,60524.74761,26.98,0.629,19.96,20.0,20.12,1,1.42,
KMT-2024-BLG-2097,BLG21T0704.006395,17:50:06.12,-36:02:34.40,60579.98261,58.11,0.569,17.85,17.85,17.85,1,0.8,OB241225
KMT-2024-BLG-2098,SAO22T0608.013508,17:51:09.66,-33:24:36.47,60537.36214,12.79,0.278,19.11,19.12,19.12,2,1.72,MB24195
KMT-2024-BLG-2099,BLG02M0203.107068,17:58:16.84,-28:41:55.50,60528.17624,12.51,0.094,21.48,20.0,20.56,1,1.41,
KMT-2024-BLG-2100,SSO02M0407.018159,17:57:14.82,-28:12:07.99,60560.04195,132.82,0.238,19.01,18.45,18.45,1,1.89,
KMT-2024-BLG-2101,BLG02N0407.068167,17:57:15.90,-29:12:52.09,60537.3468,39.12,0.198,21.16,19.8,19.8,1,1.83,OB241087
KMT-2024-BLG-2102,BLG04M0105.013058,18:08:17.32,-29:27:25.49,60559.46438,30.88,0.935,18.29,18.31,18.31,1,0.93,OB241173
KMT-2024-BLG-2103,BLG19M0206.037595,17:49:38.22,-23:51:23.00,60532.08156,9.26,0.307,20.06,20.0,20.6,2,2.16,
KMT-2024-BLG-2104,BLG19M0507.075674,17:48:16.38,-23:45:29.56,60529.88598,106.19,0.042,21.47,20.0,21.43,2,2.02,
KMT-2024-BLG-2105,SAO22K0804.042918,17:49:57.26,-32:48:11.09,60529.92951,26.53,0.11,21.53,20.0,20.83,1,2.4,
KMT-2024-BLG-2106,BLG35M0307.014068,18:07:38.66,-25:00:41.15,60528.98926,39.9,0.07,22.48,18.69,18.69,4,2.22,
KMT-2024-BLG-2107,BLG01K0305.025724,17:52:51.91,-30:27:09.40,60528.21719,24.27,0.472,20.68,19.27,19.27,1,2.08,
KMT-2024-BLG-2108,SSO01M0607.082182,17:55:46.72,-30:18:58.72,60524.06927,127.92,0.032,23.23,20.0,20.3,1,1.86,
KMT-2024-BLG-2109,SSO01M0707.001396,17:55:23.59,-30:14:30.91,60574.81737,22.05,0.804,15.74,15.52,15.52,1,1.59,MB24222 OB241247
KMT-2024-BLG-2110,SAO01M0805.035326,17:54:55.06,-30:29:31.49,60530.36469,5.92,0.139,20.72,20.0,20.29,1,3.31,
KMT-2024-BLG-2111,SAO02M0606.047778,17:56:11.60,-28:16:30.14,60530.30346,19.41,0.074,20.57,20.0,20.57,3,2.38,OB241083
KMT-2024-BLG-2112,SSO16N0206.050016,17:41:01.56,-25:01:20.89,60534.09185,21.58,0.501,19.81,20.0,20.52,1,2.42,
KMT-2024-BLG-2113,SAO17K0501.077813,17:41:31.85,-33:10:59.16,60534.75132,39.32,0.116,22.1,20.0,25.0,3,3.76,
KMT-2024-BLG-2114,BLG19M0703.059781,17:47:09.65,-24:17:18.92,60543.75928,50.07,0.189,20.88,20.0,21.03,2,2.26,
KMT-2024-BLG-2115,SSO19M0707.011757,17:47:07.52,-23:43:45.80,60530.39168,15.15,0.215,21.42,18.85,18.85,1,2.2,
KMT-2024-BLG-2116,SSO20N0101.053168,17:50:29.84,-23:33:54.83,,,,,20.0,21.2,3,2.24,
KMT-2024-BLG-2117,SAO21T0703.020424,17:50:17.47,-36:08:17.99,60538.08013,15.08,0.323,19.52,19.1,19.1,1,0.93,
KMT-2024-BLG-2118,SSO22K0204.058120,17:53:29.94,-32:46:14.92,60530.40859,22.07,0.088,21.48,20.0,20.12,1,1.72,
KMT-2024-BLG-2119,SSO22T0702.068715,17:50:11.98,-34:04:04.76,60532.53835,29.05,0.309,20.59,20.0,21.08,2,1.45,
KMT-2024-BLG-2120,BLG32K0206.034372,18:10:09.16,-27:14:20.40,60526.03342,30.08,0.874,19.41,19.3,19.3,1,1.16,
KMT-2024-BLG-2121,SAO32T0802.014330,18:06:55.83,-28:46:19.60,60541.70056,15.36,0.411,18.19,18.18,18.18,1,0.9,MB24199 OB241175
KMT-2024-BLG-2122,BLG37M0504.082814,17:47:03.09,-34:53:11.18,60535.6923,31.84,0.211,20.81,20.0,20.84,1,1.23,
KMT-2024-BLG-2123,SAO42N0705.056592,17:55:20.01,-29:39:08.71,60532.98038,45.88,0.076,21.29,19.09,19.09,1,1.49,MB24189 OB241084
KMT-2024-BLG-2124,SSO42T0201.061171,17:53:06.37,-30:10:56.71,60537.55942,17.71,0.237,19.88,19.67,19.67,2,1.53,OB241071
KMT-2024-BLG-2125,SAO42T0502.043038,17:51:38.32,-29:58:57.22,60532.80909,10.81,0.114,20.66,19.61,19.61,1,2.39,OB241075
KMT-2024-BLG-2126,SAO11T0305.006429,17:25:39.30,-30:27:04.72,60537.78986,10.15,0.124,19.24,19.25,19.25,2,2.7,
KMT-2024-BLG-2127,SAO14T0606.054854,17:33:18.69,-29:14:28.07,60530.57615,7.35,0.098,21.4,20.0,21.16,2,2.78,
KMT-2024-BLG-2128,SAO18K0407.103619,17:43:49.22,-25:54:28.30,60530.82792,12.08,0.147,21.7,20.0,25.0,3,2.7,
KMT-2024-BLG-2129,SAO20K0701.033502,17:42:23.98,-22:22:57.50,60531.40601,8.91,0.302,20.79,19.94,19.94,1,1.71,
KMT-2024-BLG-2130,SSO20K0707.007959,17:42:29.19,-21:36:58.21,60534.04007,18.21,0.888,19.26,18.48,18.48,1,1.33,
KMT-2024-BLG-2131,SAO35N0603.019045,18:06:03.05,-26:37:37.81,60536.50745,13.58,0.123,19.8,18.8,18.8,1,1.62,
KMT-2024-BLG-2132,BLG35T0801.008551,18:00:02.71,-26:46:00.84,60545.43025,15.92,0.902,18.58,18.56,18.56,2,2.65,
KMT-2024-BLG-2133,SAO41K0101.079828,17:53:30.67,-31:10:41.92,60531.53295,21.19,0.037,21.9,20.0,20.66,1,2.08,
KMT-2024-BLG-2134,SAO43N0802.020830,18:02:15.03,-28:56:24.79,60535.7498,12.46,0.748,18.31,18.38,18.38,1,1.05,OB241092
KMT-2024-BLG-2135,BLG01T0105.058688,17:53:56.42,-31:34:48.22,60540.44206,67.23,0.613,19.83,20.0,20.16,1,1.85,
KMT-2024-BLG-2136,BLG02T0203.004295,17:53:29.07,-29:48:04.79,60567.36651,20.51,0.017,16.23,16.0,16.0,1,1.64,MB24209 OB241078
KMT-2024-BLG-2137,BLG02T0604.025070,17:51:00.39,-29:38:35.81,60532.76992,6.46,0.075,21.13,19.1,19.1,1,2.98,
KMT-2024-BLG-2138,BLG03M0701.014041,18:03:12.59,-27:50:42.68,60535.60583,57.47,0.12,20.76,18.12,18.12,1,1.21,OB241089
KMT-2024-BLG-2139,BLG03N0408.076024,18:04:31.98,-28:04:59.48,60531.79703,10.4,0.181,21.21,19.87,19.87,1,1.05,
KMT-2024-BLG-2140,BLG03T0305.035544,18:00:13.37,-28:23:41.89,60532.83009,16.78,0.003,22.93,18.68,18.68,1,1.26,MB24184
KMT-2024-BLG-2141,BLG04K0305.067081,18:02:08.22,-29:29:05.32,60533.84671,12.54,0.055,21.51,19.91,19.91,1,1.45,
KMT-2024-BLG-2142,BLG04K0601.014937,18:00:17.62,-29:59:16.91,60544.345,59.61,0.074,19.9,18.14,18.14,1,1.2,MB24190 OB241168
KMT-2024-BLG-2143,BLG04K0705.050159,17:59:48.82,-29:26:48.80,60573.95654,96.72,0.089,20.61,19.32,19.32,1,1.41,
KMT-2024-BLG-2144,BLG04N0105.033643,18:08:14.15,-30:29:24.11,60539.08872,38.18,0.223,20.92,19.39,19.39,1,0.67,
KMT-2024-BLG-2145,BLG11N0605.003720,17:28:56.34,-30:25:30.83,60589.2324,42.4,0.023,18.33,18.24,18.24,2,3.04,OB241383
KMT-2024-BLG-2146,BLG13M0101.003084,17:39:19.88,-34:11:47.98,60544.02567,12.27,0.683,18.05,18.09,18.09,2,3.64,OB241182
KMT-2024-BLG-2147,BLG14M0208.018864,17:40:32.05,-27:50:40.13,60541.22208,35.02,0.081,20.47,20.0,20.13,2,3.09,
KMT-2024-BLG-2148,BLG14M0807.001107,17:36:59.69,-28:00:31.97,60572.33871,164.08,0.23,21.94,17.26,17.26,2,3.39,
KMT-2024-BLG-2149,BLG15M0406.044050,17:39:22.44,-25:58:37.02,60548.67622,51.38,0.244,21.25,20.0,20.92,2,2.9,
KMT-2024-BLG-2150,BLG15T0108.036191,17:36:11.24,-26:50:50.24,60537.86388,25.24,0.277,20.45,20.0,20.25,2,2.45,
KMT-2024-BLG-2151,BLG15T0203.011923,17:35:58.45,-27:33:36.04,60533.89658,4.33,0.236,19.56,19.56,19.56,2,2.57,
KMT-2024-BLG-2152,BLG15T0403.073020,17:34:38.31,-27:28:31.91,60531.47096,5.44,0.102,21.68,20.0,21.72,2,2.96,
KMT-2024-BLG-2153,BLG15T0701.085667,17:32:59.10,-27:48:40.93,60534.38408,11.76,0.106,21.73,20.0,22.22,2,2.61,
KMT-2024-BLG-2154,BLG16M0403.026913,17:39:38.34,-24:19:41.52,60555.05821,36.39,0.438,19.87,19.9,19.9,2,1.75,
KMT-2024-BLG-2155,BLG18K0701.099278,17:42:07.04,-26:40:48.22,60534.39349,19.74,0.108,22.31,20.0,25.0,3,3.97,
KMT-2024-BLG-2156,BLG18M0701.053934,17:46:49.20,-26:40:56.71,60534.48167,30.78,0.105,22.22,20.0,22.08,2,3.87,
KMT-2024-BLG-2157,BLG18M0804.006217,17:46:22.58,-26:12:33.98,60532.96115,90.05,0.019,22.29,18.63,18.63,2,3.54,
KMT-2024-BLG-2158,BLG18T0503.010142,17:43:20.09,-27:26:19.21,60539.84968,7.02,0.329,18.91,18.96,18.96,2,3.41,
KMT-2024-BLG-2159,BLG19K0408.042346,17:43:59.39,-23:41:37.39,60558.2299,48.23,0.119,20.18,19.8,19.8,1,1.63,OB241231
KMT-2024-BLG-2160,BLG19N0504.081640,17:47:53.53,-25:18:38.05,60536.90734,42.04,0.045,22.54,20.0,25.0,3,4.12,
KMT-2024-BLG-2161,BLG20T0401.048710,17:44:07.09,-23:33:24.30,60547.99036,24.23,0.593,19.9,20.0,20.09,1,1.77,
KMT-2024-BLG-2162,BLG21K0607.052989,17:50:50.76,-34:29:25.80,60532.78562,35.57,0.093,22.39,19.74,19.74,1,1.02,
KMT-2024-BLG-2163,BLG21K0707.003898,17:50:23.38,-34:28:30.29,60598.60047,52.04,0.585,18.21,16.91,16.91,1,1.07,OB241281
KMT-2024-BLG-2164,BLG22K0406.018659,17:52:23.36,-32:29:09.49,60535.8799,9.89,0.905,19.28,18.87,18.87,1,1.54,
KMT-2024-BLG-2165,BLG31M0604.025403,18:15:02.37,-25:17:52.19,60544.2711,38.62,0.38,19.84,19.67,19.67,1,1.59,OB241142
KMT-2024-BLG-2166,SSO32N0702.024846,18:12:16.42,-28:45:39.31,60533.08573,8.44,0.085,20.2,18.72,18.72,1,0.51,MB24185
KMT-2024-BLG-2167,BLG32T0803.013322,18:06:50.02,-28:40:01.60,60546.93573,19.39,0.458,18.42,18.18,18.18,1,0.91,MB24205
KMT-2024-BLG-2168,BLG33M0606.029058,18:15:00.47,-29:18:09.50,60536.31317,82.09,0.058,22.09,19.12,19.12,1,0.4,
KMT-2024-BLG-2169,BLG34M0706.016501,18:05:07.05,-31:26:20.90,60535.53215,9.23,0.969,18.92,18.96,18.96,1,1.1,
KMT-2024-BLG-2170,BLG34N0608.013531,18:05:50.10,-32:16:32.92,60541.83408,7.81,0.071,18.75,18.78,18.78,1,0.95,MB24202
KMT-2024-BLG-2171,BLG34T0308.006598,18:02:12.22,-32:17:42.22,60548.23229,104.79,0.023,22.65,17.98,17.98,1,1.09,MB24210
KMT-2024-BLG-2172,BLG35N0501.065005,18:06:40.39,-26:51:45.29,60560.14308,47.9,0.049,20.19,19.69,19.69,1,0.96,MB24225
KMT-2024-BLG-2173,BLG35T0201.038335,18:03:35.75,-26:48:21.82,60536.93528,8.82,0.126,20.32,19.79,19.79,1,1.8,OB241091
KMT-2024-BLG-2174,BLG35T0207.007152,18:03:25.38,-26:04:39.68,60561.18832,74.72,0.341,20.4,19.23,19.23,2,3.66,
KMT-2024-BLG-2175,BLG37K0405.057252,17:42:14.13,-34:43:15.89,60534.34263,44.64,0.101,22.66,20.0,20.86,2,2.08,
KMT-2024-BLG-2176,SAO37K0602.005850,17:41:07.21,-35:07:55.96,60538.01717,7.88,0.508,18.22,18.23,18.23,2,1.85,
KMT-2024-BLG-2177,BLG37M0305.079884,17:48:14.16,-34:44:38.29,60534.67116,18.31,0.389,20.26,20.0,20.75,1,1.12,
KMT-2024-BLG-2178,BLG38T0706.010601,17:51:07.48,-22:53:28.39,60546.58953,24.21,0.395,18.49,18.57,18.57,4,2.11,
KMT-2024-BLG-2179,BLG41K0608.027224,17:50:46.41,-30:13:59.09,60532.70322,10.6,0.172,21.53,19.28,19.28,1,2.39,OB241072
KMT-2024-BLG-2180,SSO41M0203.004550,17:58:04.72,-30:53:59.32,60533.49316,33.23,0.025,20.5,16.83,16.83,1,1.57,
KMT-2024-BLG-2181,BLG41T0206.029467,17:53:10.76,-31:34:41.41,60563.4893,49.74,0.597,19.68,19.49,19.49,1,2.11,
KMT-2024-BLG-2182,BLG41T0508.051652,17:51:20.47,-31:25:47.68,60536.7985,42.36,0.201,21.71,20.0,21.35,2,2.87,
KMT-2024-BLG-2183,BLG42K0301.017316,17:52:22.73,-28:59:24.90,60524.02665,58.85,0.407,20.93,18.55,18.55,1,2.72,
KMT-2024-BLG-2184,SAO42M0501.017478,17:56:04.74,-29:03:03.49,60537.86267,30.08,0.295,20.79,18.76,18.76,1,2.17,
KMT-2024-BLG-2185,BLG42N0208.080483,17:58:11.33,-29:14:42.90,60532.35808,4.6,0.289,19.8,20.0,20.07,1,1.26,MB24181 OB241086
KMT-2024-BLG-2186,BLG42T0108.097158,17:53:37.28,-29:15:18.40,60531.20731,126.26,0.022,23.55,20.0,20.61,1,1.82,
KMT-2024-BLG-2187,BLG42T0606.020868,17:50:46.58,-29:30:12.31,60537.0521,6.12,0.256,19.18,19.26,19.26,1,3.61,OB241080
KMT-2024-BLG-2188,BLG42T0703.018259,17:50:15.15,-29:54:57.10,60533.70112,62.85,0.002,23.76,19.11,19.11,1,3.32,OB241076
KMT-2024-BLG-2189,BLG43M0803.034106,18:02:12.50,-27:38:22.20,60535.3055,12.63,0.388,20.55,18.9,18.9,1,1.38,
KMT-2024-BLG-2190,BLG43T0702.003568,17:57:59.50,-28:53:45.60,60537.45026,2.89,0.824,15.92,15.93,15.93,1,1.33,MB24187
KMT-2024-BLG-2191,BLG14M0507.042082,17:38:55.24,-27:59:28.28,60534.61632,3.24,0.057,20.34,20.0,20.7,2,2.87,
KMT-2024-BLG-2192,BLG14M0801.029624,17:37:02.23,-28:46:34.28,60544.48398,55.94,0.27,21.8,20.0,20.62,2,3.06,
KMT-2024-BLG-2193,BLG18K0106.057373,17:45:36.33,-26:00:08.71,60536.59431,9.07,0.068,21.32,20.0,20.77,2,2.65,
KMT-2024-BLG-2194,BLG19K0305.048572,17:44:35.51,-24:04:50.41,60535.11913,5.82,0.112,21.67,19.91,19.91,1,1.76,
KMT-2024-BLG-2195,BLG19N0606.012079,17:47:27.73,-25:04:25.32,60534.50025,19.5,0.532,20.92,20.0,20.66,2,4.15,
KMT-2024-BLG-2196,BLG19T0504.097632,17:43:14.18,-25:17:05.14,60539.01603,11.38,0.002,20.9,20.0,25.0,3,2.8,
KMT-2024-BLG-2197,BLG32K0802.008508,18:06:56.23,-27:45:41.51,60551.38142,19.31,0.724,17.86,17.54,17.54,1,0.89,OB241172
KMT-2024-BLG-2198,SAO34M0501.006131,18:06:02.11,-32:02:31.81,60550.496,20.06,0.898,18.98,17.99,17.99,1,0.83,
KMT-2024-BLG-2199,BLG41N0302.034061,17:57:43.36,-32:10:37.70,60546.89249,24.8,0.735,19.45,19.39,19.39,1,1.54,
KMT-2024-BLG-2200,SSO42N0804.022690,17:54:22.85,-29:44:47.00,60540.97868,17.97,0.068,19.25,18.14,18.14,1,1.34,MB24192
KMT-2024-BLG-2201,BLG43K0402.030060,17:59:36.79,-27:52:07.61,60539.99305,14.14,0.057,20.73,19.06,19.06,1,1.87,
KMT-2024-BLG-2202,BLG43K0403.022521,17:59:38.59,-27:39:16.81,60533.88981,8.59,0.067,22.74,18.85,18.85,1,1.93,
KMT-2024-BLG-2203,BLG02N0203.078265,17:58:09.81,-29:44:35.48,60536.52944,2.69,0.24,19.81,19.76,19.76,1,1.14,OB241125
KMT-2024-BLG-2204,BLG03N0303.020370,18:05:16.28,-28:38:06.11,60555.42368,20.63,0.076,18.59,18.42,18.42,1,0.92,MB24216 OB241093
KMT-2024-BLG-2205,BLG12M0701.024294,17:28:43.55,-27:41:17.23,60536.63214,12.04,0.396,19.83,20.0,20.37,2,2.41,
KMT-2024-BLG-2206,BLG13M0307.008290,17:38:13.24,-33:29:49.20,60559.50294,99.43,0.909,19.2,19.34,19.34,2,3.66,
KMT-2024-BLG-2207,BLG15M0203.022969,17:40:36.18,-26:26:54.17,60536.70898,11.14,0.863,20.04,20.0,20.39,2,2.85,
KMT-2024-BLG-2208,BLG19T0607.036531,17:42:52.81,-24:53:37.79,60541.68154,29.69,0.011,22.29,20.0,20.29,1,2.71,
KMT-2024-BLG-2209,BLG20N0501.082597,17:47:50.44,-23:34:02.14,60540.55088,15.45,0.926,19.99,20.0,22.29,2,1.96,
KMT-2024-BLG-2210,BLG22N0508.052089,17:56:36.62,-33:25:00.19,60543.94493,18.08,0.431,19.86,19.86,19.86,1,1.1,
KMT-2024-BLG-2211,BLG22T0502.012344,17:51:36.18,-34:10:02.42,60546.50538,35.68,0.653,18.98,19.02,19.02,2,1.46,
KMT-2024-BLG-2212,BLG31N0802.019260,18:14:11.17,-26:39:19.91,60546.36135,12.41,0.683,18.95,18.69,18.69,1,0.91,
KMT-2024-BLG-2213,BLG32M0804.023336,18:11:34.79,-27:25:02.21,60537.28066,115.11,0.065,22.94,18.48,18.48,1,0.64,
KMT-2024-BLG-2214,BLG34K0307.048946,18:02:16.18,-31:15:22.50,60536.5477,50.89,0.487,19.7,19.75,19.75,1,1.17,
KMT-2024-BLG-2215,BLG36K0304.006324,18:14:22.30,-23:11:33.29,60537.26156,31.14,0.488,20.79,18.67,18.67,4,1.85,
KMT-2024-BLG-2216,BLG36K0707.005620,18:12:11.15,-22:48:12.20,60535.47391,18.21,0.062,21.63,19.56,19.56,4,3.54,
KMT-2024-BLG-2217,BLG42N0201.004993,17:58:12.93,-30:09:39.49,60546.3141,117.84,0.047,21.33,17.06,17.06,1,1.59,OB241246
KMT-2024-BLG-2218,SSO43N0706.019197,18:02:42.53,-28:28:53.11,60546.08982,29.03,0.442,18.9,18.19,18.19,1,1.1,OB241138
KMT-2024-BLG-2219,SAO02K0201.006214,17:53:34.56,-28:57:32.90,60543.75875,3.85,0.438,17.13,17.12,17.12,1,2.36,MB24208 OB241115
KMT-2024-BLG-2220,SAO02M0103.073841,17:58:54.81,-28:35:45.60,60536.51281,35.05,0.133,21.34,19.63,19.63,1,1.47,OB241081
KMT-2024-BLG-2221,BLG02M0606.010903,17:55:57.03,-28:18:03.31,60536.31393,88.91,0.004,24.8,18.56,18.56,4,2.92,
KMT-2024-BLG-2222,BLG02N0407.027312,17:57:18.83,-29:15:47.41,60539.90053,18.26,0.385,20.84,18.82,18.82,1,1.82,
KMT-2024-BLG-2223,BLG02N0603.034848,17:56:07.11,-29:44:09.82,60538.36583,25.78,0.356,19.72,18.86,18.86,1,1.51,
KMT-2024-BLG-2224,BLG04K0603.038483,18:00:26.74,-29:37:00.41,60539.32934,11.85,0.399,20.23,19.09,19.09,1,1.41,
KMT-2024-BLG-2225,SAO14K0101.001034,17:36:11.88,-28:44:28.39,60568.59347,21.26,0.815,16.64,16.65,16.65,2,2.97,OB241235
KMT-2024-BLG-2226,BLG14M0701.021409,17:37:39.95,-28:46:12.32,60554.22773,28.48,0.312,20.58,20.0,20.55,2,3.52,
KMT-2024-BLG-2227,BLG14M0707.001456,17:37:58.92,-28:02:08.12,60435.65153,21.46,1.0,17.71,17.33,17.33,2,3.25,
KMT-2024-BLG-2228,BLG15M0802.051299,17:37:00.94,-26:34:24.06,60563.66316,42.19,0.196,20.78,20.0,21.5,2,3.05,OB241263
KMT-2024-BLG-2229,BLG15N0201.053284,17:40:48.87,-27:46:16.68,60539.3704,24.47,0.088,22.29,20.0,21.2,2,3.03,
KMT-2024-BLG-2230,BLG16M0601.032873,17:38:29.06,-24:32:50.28,60551.89702,50.47,0.501,20.33,20.0,20.14,2,1.93,
KMT-2024-BLG-2231,BLG16N0205.061030,17:40:38.05,-25:08:28.36,60551.91115,24.66,0.392,20.03,20.0,21.42,2,2.5,
KMT-2024-BLG-2232,SSO17K0504.068450,17:41:32.59,-32:42:54.68,60543.31372,68.16,0.058,22.05,20.0,22.08,2,3.72,
KMT-2024-BLG-2233,BLG18T0805.005818,17:41:30.77,-27:12:50.08,60551.44424,14.7,0.122,18.6,18.57,18.57,2,3.23,OB241238
KMT-2024-BLG-2234,SAO21T0808.005519,17:49:39.05,-35:28:43.50,60543.01313,29.64,0.201,20.52,17.7,17.7,1,1.06,
KMT-2024-BLG-2235,BLG32M0704.019083,18:12:16.01,-27:24:55.40,60559.36123,22.9,0.281,19.13,18.31,18.31,1,0.65,OB241213
KMT-2024-BLG-2236,BLG35N0302.055214,18:07:25.73,-26:42:34.31,60553.28596,23.16,0.049,19.97,19.56,19.56,1,0.99,OB241209
KMT-2024-BLG-2237,BLG37M0706.005284,17:45:26.41,-34:36:52.88,60604.60063,111.01,0.144,19.39,17.45,17.45,1,1.75,MB24266 OB241226
KMT-2024-BLG-2238,BLG38K0202.016070,17:54:07.35,-22:18:29.84,60532.3288,20.01,0.998,20.36,19.6,19.6,4,2.48,
KMT-2024-BLG-2239,BLG38K0306.002799,17:53:31.06,-21:45:21.20,60567.23408,62.04,0.963,18.55,16.86,16.86,4,1.86,
KMT-2024-BLG-2240,BLG42K0207.071783,17:53:18.03,-28:19:51.67,60541.85379,72.68,0.11,22.01,20.0,21.66,2,2.69,
KMT-2024-BLG-2241,BLG42M0807.011607,17:54:30.88,-28:15:31.64,60547.44015,17.83,0.999,18.8,18.7,18.7,2,2.6,OB241123
KMT-2024-BLG-2242,BLG42T0106.007348,17:53:39.60,-29:33:37.12,60545.22955,4.8,0.445,16.94,16.68,16.68,1,1.84,MB24204 OB241122
KMT-2024-BLG-2243,BLG01M0402.010126,17:57:17.18,-30:55:20.71,60549.3148,159.96,0.619,20.67,17.84,17.84,1,1.2,
KMT-2024-BLG-2244,SAO01N0708.086106,17:55:35.57,-31:15:37.58,60547.21763,47.61,0.185,20.41,20.0,21.14,2,1.61,
KMT-2024-BLG-2245,BLG02N0505.089130,17:56:33.04,-29:33:27.00,60548.38105,17.65,0.002,19.81,20.0,20.01,1,1.52,MB24219 OB241126
KMT-2024-BLG-2246,SSO02T0208.091966,17:53:06.49,-29:06:06.19,60549.26816,32.59,0.023,20.32,20.0,20.34,1,2.53,MB24218 OB241117
KMT-2024-BLG-2247,SSO03M0808.039767,18:02:26.44,-26:57:12.20,60546.06192,38.25,0.139,21.7,20.0,20.07,1,2.42,OB241136
KMT-2024-BLG-2248,SAO04K0403.042523,18:01:50.45,-29:37:48.68,60541.03572,7.3,0.06,21.12,19.0,19.0,1,1.39,
KMT-2024-BLG-2249,SSO04M0307.001591,18:07:10.00,-29:11:38.40,60601.90926,44.14,0.349,15.55,15.48,15.48,1,1.03,MB24237
KMT-2024-BLG-2250,BLG17N0501.043647,17:46:42.37,-34:17:47.80,60582.62504,132.8,0.055,20.43,19.77,19.77,1,1.61,MB24244 OB241227
KMT-2024-BLG-2251,BLG19K0501.018929,17:43:13.27,-24:32:26.99,60564.65848,33.84,0.016,19.94,19.55,19.55,1,2.1,OB241233
KMT-2024-BLG-2252,SAO22N0402.001623,17:57:11.60,-34:05:01.72,60542.8427,5.94,0.811,16.13,15.63,15.63,1,0.77,MB24200
KMT-2024-BLG-2253,BLG32K0207.003119,18:10:20.58,-27:04:56.50,60580.19627,74.47,0.994,18.74,16.75,16.75,1,1.26,
KMT-2024-BLG-2254,BLG33K0401.010893,18:11:01.82,-29:57:26.71,60563.71455,39.1,0.017,18.35,18.23,18.23,1,0.59,MB24223 OB241211
KMT-2024-BLG-2255,SAO34N0703.037314,18:04:47.71,-32:56:39.41,60542.37445,11.54,0.296,19.93,19.72,19.72,1,0.67,
KMT-2024-BLG-2256,SAO41N0505.043225,17:56:33.85,-31:44:21.30,60555.20458,24.0,0.387,18.39,19.49,19.49,1,1.5,
KMT-2024-BLG-2257,SAO42K0503.050856,17:51:11.99,-28:45:52.63,60539.77065,30.76,0.009,22.38,20.0,21.92,3,4.38,
KMT-2024-BLG-2258,SAO42T0101.002049,17:53:50.51,-30:05:46.39,60541.68985,4.12,0.006,20.74,15.71,15.71,1,1.45,MB24201
KMT-2024-BLG-2259,SAO42T0702.028224,17:50:26.49,-29:57:54.29,60571.32822,84.91,0.113,20.92,19.96,19.96,1,3.15,OB241154
KMT-2024-BLG-2260,SAO43K0407.039189,17:59:21.17,-27:09:23.69,60556.65267,20.07,0.721,19.49,19.52,19.52,1,2.19,
KMT-2024-BLG-2261,SSO43M0402.065443,18:04:23.62,-27:51:23.00,60542.20047,4.67,0.53,19.65,19.67,19.67,1,1.27,
KMT-2024-BLG-2262,SSO03K0703.007641,17:58:17.06,-27:37:31.51,60555.76959,14.98,0.28,17.47,17.52,17.52,1,1.99,MB24214
KMT-2024-BLG-2263,SAO03T0701.043440,17:58:03.13,-28:57:41.29,60559.09959,47.26,0.206,20.72,19.03,19.03,1,1.35,OB241162
KMT-2024-BLG-2264,BLG04M0804.014181,18:04:32.76,-29:36:18.68,60580.50722,115.84,0.081,18.79,18.3,18.3,1,0.84,MB24198 OB240928
KMT-2024-BLG-2265,BLG11K0603.032300,17:24:15.34,-29:35:25.19,60544.69154,43.18,0.041,21.9,19.69,19.69,1,1.88,
KMT-2024-BLG-2266,SAO12K0807.001838,17:23:15.71,-26:56:16.12,60543.70513,10.12,0.359,18.61,18.57,18.57,2,-9.99,
KMT-2024-BLG-2267,BLG19M0607.096177,17:47:23.60,-23:49:34.57,60561.49636,35.47,0.231,19.86,20.0,25.0,3,2.34,OB241265
KMT-2024-BLG-2268,SAO22N0707.017807,17:55:26.11,-33:33:13.00,60541.30347,9.52,0.484,19.55,18.71,18.71,1,1.26,
KMT-2024-BLG-2269,BLG31T0404.036995,18:11:10.94,-26:23:55.90,60537.99371,12.02,0.568,19.31,19.29,19.29,1,1.14,
KMT-2024-BLG-2270,SSO32N0404.009341,18:14:02.79,-28:29:58.99,60550.72511,22.31,0.097,18.76,17.82,17.82,1,0.44,MB24217 OB241215
KMT-2024-BLG-2271,BLG35K0804.018001,18:00:10.04,-25:22:38.21,60587.88538,67.44,0.38,19.95,20.0,21.93,2,5.95,
KMT-2024-BLG-2272,SSO36T0301.020684,18:14:22.31,-24:45:44.10,60544.0074,7.95,0.31,19.34,19.35,19.35,1,1.79,
KMT-2024-BLG-2273,SAO41M0804.079190,17:54:37.61,-30:48:51.52,60545.26586,15.05,0.054,20.29,20.0,20.49,1,1.91,
KMT-2024-BLG-2274,SSO42K0406.006829,17:52:06.72,-28:26:25.44,60554.81807,10.1,0.12,18.08,18.07,18.07,2,2.94,OB241121
KMT-2024-BLG-2275,BLG01T0401.026549,17:52:00.58,-32:05:10.79,60554.26831,18.92,0.213,19.35,19.36,19.36,1,2.04,
KMT-2024-BLG-2276,BLG04M0201.039898,18:08:01.06,-29:52:48.61,60544.29991,5.6,0.137,20.12,19.43,19.43,1,0.8,
KMT-2024-BLG-2277,BLG14T0308.005407,17:34:59.62,-28:57:04.79,60574.08493,46.71,0.508,19.11,18.52,18.52,2,3.66,
KMT-2024-BLG-2278,BLG15T0106.053605,17:36:27.35,-27:09:46.30,60540.39118,12.62,0.805,20.0,20.0,20.37,1,2.49,
KMT-2024-BLG-2279,BLG18T0104.020082,17:45:38.93,-27:19:22.66,60551.31393,25.45,0.647,19.95,20.0,21.62,2,5.45,
KMT-2024-BLG-2280,BLG19T0105.040795,17:45:44.07,-25:06:36.14,60564.78166,30.01,0.286,19.92,20.0,20.82,2,3.06,OB241355
KMT-2024-BLG-2281,SAO22N0504.018177,17:56:46.88,-33:49:04.91,60544.55275,5.56,0.609,18.65,18.59,18.59,1,0.75,
KMT-2024-BLG-2282,BLG32M0603.015198,18:13:01.76,-27:36:23.51,60564.93489,31.16,0.218,18.69,18.14,18.14,1,0.46,MB24228 OB241212
KMT-2024-BLG-2283,SAO35N0303.002099,18:07:27.34,-26:35:22.60,60568.6657,52.83,0.999,17.81,15.7,15.7,1,1.23,
KMT-2024-BLG-2284,BLG36M0208.022538,18:19:30.29,-22:40:52.90,60556.12625,42.36,0.13,20.57,19.59,19.59,1,1.33,OB241217
KMT-2024-BLG-2285,BLG42M0702.097137,17:55:13.96,-28:53:28.61,60545.93069,24.58,0.045,21.45,20.0,22.39,2,1.93,
KMT-2024-BLG-2286,BLG04N0807.004719,18:04:17.72,-30:19:50.99,60581.34473,41.89,0.919,18.2,17.19,17.19,1,1.17,OB241249
KMT-2024-BLG-2287,BLG14M0608.018190,17:38:35.96,-27:53:28.90,60544.9658,6.68,0.31,19.91,19.98,19.98,2,2.77,
KMT-2024-BLG-2288,BLG22K0304.027429,17:52:28.88,-32:45:42.80,60562.78807,53.65,0.136,20.11,19.14,19.14,1,1.54,OB241256
KMT-2024-BLG-2289,BLG34N0605.019848,18:05:29.92,-32:41:43.12,60549.10217,43.77,0.019,22.65,19.24,19.24,1,0.99,
KMT-2024-BLG-2290,BLG35T0308.003973,18:03:03.73,-26:00:29.45,60592.06996,55.21,0.501,18.61,18.51,18.51,2,3.66,OB241268
KMT-2024-BLG-2291,BLG41N0201.037480,17:58:08.00,-32:15:19.12,60546.19377,7.05,0.485,19.37,19.58,19.58,1,1.36,
KMT-2024-BLG-2292,BLG42K0306.062963,17:52:33.39,-28:26:16.51,60544.85963,5.21,0.022,21.84,20.0,21.47,2,3.04,OB241120
KMT-2024-BLG-2293,BLG42M0301.005045,17:57:42.61,-28:58:00.01,60550.62359,199.98,0.004,23.31,16.29,16.29,1,1.46,MB24220 OB241128
KMT-2024-BLG-2294,BLG02K0305.008779,17:52:52.53,-28:26:04.78,60553.00798,30.97,0.474,19.76,18.0,18.0,2,2.92,OB241119
KMT-2024-BLG-2295,BLG02N0308.057454,17:57:33.07,-29:07:32.59,60548.50599,8.85,0.035,19.58,19.41,19.41,1,1.66,OB241129
KMT-2024-BLG-2296,SAO03K0506.010925,17:59:24.76,-27:08:39.52,60564.20697,20.85,0.257,18.63,17.97,17.97,1,2.29,
KMT-2024-BLG-2297,BLG03M0502.012712,18:04:17.69,-27:40:54.19,60569.41313,21.39,0.305,18.06,17.94,17.94,1,0.98,MB24234
KMT-2024-BLG-2298,SSO04K0207.089330,18:03:04.73,-29:13:47.75,60546.45422,31.11,0.052,21.03,20.0,20.29,3,0.94,MB24212
KMT-2024-BLG-2299,SSO04M0808.041573,18:04:27.07,-29:05:29.62,60587.59643,93.15,0.34,19.04,18.96,18.96,1,0.88,OB241036
KMT-2024-BLG-2300,BLG04T0208.028255,18:02:56.21,-30:09:25.49,60544.15635,24.51,0.402,21.13,18.83,18.83,1,1.04,
KMT-2024-BLG-2301,BLG04T0603.069856,18:00:32.59,-30:45:12.10,60555.65622,40.51,0.165,20.54,20.0,20.62,1,1.47,
KMT-2024-BLG-2302,SSO11M0504.006366,17:29:53.61,-29:29:08.02,60556.73547,15.77,0.29,18.42,18.33,18.33,2,2.44,OB241229
KMT-2024-BLG-2303,BLG12N0201.014322,17:31:29.11,-28:48:14.51,60542.3605,34.1,0.9,19.34,19.72,19.72,2,2.24,
KMT-2024-BLG-2304,BLG14M0301.007438,17:39:59.90,-28:43:56.64,60549.51038,8.64,0.499,19.93,20.0,20.17,2,4.95,
KMT-2024-BLG-2305,BLG14M0402.021512,17:39:27.17,-28:36:31.21,60547.7795,7.39,0.467,20.24,20.0,21.36,2,4.17,
KMT-2024-BLG-2306,BLG14T0305.034456,17:35:29.53,-29:26:19.43,60550.46307,17.28,0.196,20.99,20.0,20.97,2,3.06,
KMT-2024-BLG-2307,BLG15K0102.003976,17:36:20.17,-26:30:33.95,60589.37042,37.92,0.178,18.26,18.26,18.26,2,2.78,MB24246
KMT-2024-BLG-2308,BLG15M0301.004826,17:40:03.30,-26:39:09.61,60558.3514,10.02,0.304,18.04,18.04,18.04,2,2.81,OB241234
KMT-2024-BLG-2309,SAO17M0802.010870,17:45:08.93,-32:57:59.98,60556.16267,17.26,0.645,19.41,19.44,19.44,2,2.86,
KMT-2024-BLG-2310,BLG17N0605.023246,17:46:02.98,-33:41:17.02,60549.36782,27.23,0.302,20.19,19.24,19.24,1,1.48,
KMT-2024-BLG-2311,BLG17T0306.092234,17:42:57.46,-33:38:24.83,60549.08757,31.85,0.644,20.1,20.0,25.0,3,2.89,
KMT-2024-BLG-2312,BLG17T0701.099670,17:40:24.97,-34:15:02.02,60547.6612,6.16,0.112,20.6,20.0,25.0,3,2.31,
KMT-2024-BLG-2313,BLG18K0104.005275,17:45:29.70,-26:15:13.43,60555.15534,14.28,0.877,19.15,18.29,18.29,2,3.28,
KMT-2024-BLG-2314,SSO18K0307.037399,17:44:32.58,-25:54:52.02,60547.47933,17.54,0.082,21.97,20.0,20.98,2,3.09,
KMT-2024-BLG-2315,BLG20N0606.006585,17:47:40.51,-22:52:18.98,60544.40041,22.25,0.303,20.61,17.73,17.73,1,1.57,
KMT-2024-BLG-2316,BLG31N0206.014448,18:17:14.52,-26:08:49.42,60547.29958,17.29,0.073,21.83,18.41,18.41,1,0.84,
KMT-2024-BLG-2317,BLG31T0502.003448,18:10:56.28,-26:42:11.59,60555.47055,43.89,0.846,19.37,16.64,16.64,1,0.99,
KMT-2024-BLG-2318,BLG31T0804.073314,18:09:04.83,-26:28:48.61,60547.03863,15.63,0.165,20.04,20.0,20.43,1,1.24,
KMT-2024-BLG-2319,SAO34K0107.037766,18:03:31.43,-31:15:47.02,60544.8781,8.99,0.378,20.73,19.79,19.79,1,1.41,
KMT-2024-BLG-2320,BLG34K0301.032881,18:02:34.94,-31:59:53.70,60558.54596,27.93,0.372,19.41,19.32,19.32,1,1.04,
KMT-2024-BLG-2321,BLG34K0504.022969,18:01:22.66,-31:38:34.12,60547.5371,17.51,0.083,21.41,19.13,19.13,1,1.11,
KMT-2024-BLG-2322,BLG35T0603.036690,18:01:18.39,-26:35:48.52,60551.68515,60.52,0.308,21.71,20.0,21.06,2,2.79,
KMT-2024-BLG-2323,BLG37M0601.022883,17:46:22.55,-35:15:09.00,60546.50288,17.1,0.105,20.97,18.98,18.98,1,1.24,
KMT-2024-BLG-2324,BLG41M0403.080790,17:56:51.78,-30:51:31.90,60553.94302,21.73,0.284,20.4,20.0,20.18,1,1.3,
KMT-2024-BLG-2325,BLG42M0708.025033,17:55:02.17,-28:10:00.30,60545.91019,96.99,0.061,22.58,20.0,20.23,2,3.04,
KMT-2024-BLG-2326,BLG42N0106.066385,17:58:37.12,-29:27:52.09,60556.4825,27.47,0.357,19.63,19.55,19.55,1,1.3,
KMT-2024-BLG-2327,SAO42N0403.014259,17:56:47.09,-29:53:20.80,60555.42109,199.93,0.008,23.0,18.39,18.39,1,1.98,OB241200
KMT-2024-BLG-2328,BLG42T0101.024286,17:53:35.23,-30:11:30.52,60545.35017,12.22,0.39,19.83,18.64,18.64,2,1.46,
KMT-2024-BLG-2329,SAO42T0502.002878,17:51:37.25,-29:59:59.21,60512.57141,23.49,1.0,20.51,16.31,16.31,1,2.39,
KMT-2024-BLG-2330,BLG43N0408.013387,18:04:26.48,-28:07:48.61,60544.43931,90.4,0.014,23.91,17.89,17.89,1,0.91,
KMT-2024-BLG-2331,BLG02T0208.002990,17:53:23.28,-29:09:16.31,60580.70205,18.81,0.742,15.88,15.88,15.88,1,2.15,MB24226 OB241116
KMT-2024-BLG-2332,BLG04M0702.048534,18:04:41.12,-29:48:24.52,60549.63038,65.16,0.014,23.23,19.26,19.26,1,0.76,
KMT-2024-BLG-2333,SAO04T0704.002306,17:59:52.16,-30:42:21.10,60596.09888,199.55,0.296,19.61,15.97,15.97,1,1.7,OB241283
KMT-2024-BLG-2334,BLG11K0603.001980,17:23:57.40,-29:37:55.49,60586.43303,26.1,0.999,16.67,16.32,16.32,1,1.8,OB241230
KMT-2024-BLG-2335,BLG11M0502.034261,17:29:51.24,-29:41:54.74,60553.92003,18.74,0.628,19.9,20.0,20.18,2,2.08,
KMT-2024-BLG-2336,BLG11M0803.068247,17:28:06.49,-29:31:32.41,60550.37481,16.48,0.399,20.51,20.0,20.74,1,1.88,
KMT-2024-BLG-2337,BLG14M0504.008524,17:38:52.27,-28:21:05.87,60567.56099,36.74,0.284,18.4,18.54,18.54,2,3.12,OB241273
KMT-2024-BLG-2338,BLG16M0106.039825,17:41:07.95,-23:54:22.86,60545.36309,44.0,0.079,22.77,20.0,20.5,2,1.71,
KMT-2024-BLG-2339,BLG17M0103.064324,17:49:30.00,-32:50:12.30,60567.30625,42.58,0.151,20.86,20.0,21.25,2,2.75,
KMT-2024-BLG-2340,SAO17N0602.007583,17:46:34.67,-34:06:59.40,60546.31471,22.4,0.187,20.29,17.73,17.73,1,1.53,
KMT-2024-BLG-2341,BLG18K0507.017312,17:43:14.68,-25:50:07.94,60545.91396,18.33,0.499,20.63,19.94,19.94,2,2.85,
KMT-2024-BLG-2342,BLG18K0702.016120,17:42:05.74,-26:29:33.83,60548.10336,1.82,0.478,20.08,19.97,19.97,2,3.31,
KMT-2024-BLG-2343,BLG18K0705.024147,17:42:27.72,-26:05:16.87,60555.09011,36.18,0.219,21.03,20.0,20.54,2,2.89,
KMT-2024-BLG-2344,BLG19N0802.091251,17:46:19.50,-25:36:11.92,60551.1218,12.42,0.033,21.69,20.0,22.68,2,2.62,
KMT-2024-BLG-2345,BLG19T0406.007109,17:43:55.17,-25:01:56.50,60568.5047,30.61,0.998,19.81,19.12,19.12,2,2.73,
KMT-2024-BLG-2346,BLG20N0404.038190,17:48:52.21,-23:07:46.42,60581.96943,47.0,0.284,20.6,19.57,19.57,1,1.84,OB241267
KMT-2024-BLG-2347,SAO20N0702.044998,17:46:47.76,-23:25:41.59,60547.37353,194.0,0.066,22.87,19.74,19.74,1,1.53,
KMT-2024-BLG-2348,BLG21T0301.039222,17:52:50.38,-36:23:21.80,60545.08057,23.53,0.699,19.98,20.0,20.08,1,0.86,
KMT-2024-BLG-2349,BLG22T0408.004852,17:52:06.69,-33:18:22.00,60552.28576,3.93,0.572,17.54,17.46,17.46,4,1.55,
KMT-2024-BLG-2350,BLG31N0505.015262,18:15:21.69,-26:22:06.10,60586.50059,61.7,0.961,18.89,18.43,18.43,1,0.9,OB241251
KMT-2024-BLG-2351,BLG35N0302.083504,18:07:40.02,-26:45:14.29,60553.23165,15.18,0.127,20.4,20.0,20.43,1,0.98,
KMT-2024-BLG-2352,BLG41M0806.004810,17:54:20.91,-30:30:10.40,60544.90237,18.66,0.071,22.17,17.09,17.09,1,1.53,
KMT-2024-BLG-2353,BLG41T0104.072406,17:53:37.38,-31:51:21.31,60548.89992,6.16,0.289,20.74,20.0,20.36,1,1.76,
KMT-2024-BLG-2354,BLG41T0808.003509,17:49:42.56,-31:21:52.20,60561.27232,28.24,0.654,20.0,20.0,20.46,2,6.31,
KMT-2024-BLG-2355,BLG43K0802.037322,17:57:17.36,-27:52:40.01,60570.71618,47.61,0.535,19.9,20.0,21.05,2,3.17,OB241158
KMT-2024-BLG-2356,SSO43M0308.017307,18:04:53.03,-27:04:09.98,60582.93592,51.82,0.005,18.34,18.27,18.27,1,1.12,MB24235
KMT-2024-BLG-2357,SAO43M0802.094197,18:02:04.71,-27:52:46.74,60548.35641,6.77,0.096,19.99,20.0,21.03,2,1.33,
KMT-2024-BLG-2358,BLG43N0405.058386,18:04:24.30,-28:30:07.99,60548.71307,5.03,0.981,19.43,19.3,19.3,1,0.94,
KMT-2024-BLG-2359,BLG43T0201.018466,18:00:50.70,-29:02:25.40,60549.69265,14.63,0.999,18.45,18.11,18.11,1,1.01,OB241137
KMT-2024-BLG-2360,SAO43T0808.001982,17:57:07.79,-28:14:12.01,60584.6105,22.96,0.956,16.6,15.79,15.79,1,1.93,MB24252 OB241195
KMT-2024-BLG-2361,BLG01M0304.005916,17:57:34.74,-30:41:44.09,60563.34129,31.26,0.043,20.35,17.58,17.58,1,1.61,MB24231 OB241245
KMT-2024-BLG-2362,BLG02M0704.006439,17:55:33.49,-28:34:36.55,60553.28546,4.93,0.997,17.95,17.64,17.64,2,2.73,
KMT-2024-BLG-2363,BLG02T0202.102710,17:53:12.59,-29:55:50.99,60555.62136,22.27,0.041,20.74,20.0,20.24,1,1.62,
KMT-2024-BLG-2364,BLG03N0308.030220,18:05:30.46,-28:00:59.29,60549.36469,20.92,0.028,22.47,18.59,18.59,1,0.86,
KMT-2024-BLG-2365,SAO04K0304.045434,18:02:32.17,-29:30:21.31,60557.47679,17.55,0.092,19.56,19.38,19.38,1,1.23,MB24224
KMT-2024-BLG-2366,SSO04N0407.017874,18:06:45.29,-30:18:29.41,60554.97183,18.86,0.024,20.04,18.59,18.59,1,0.8,
KMT-2024-BLG-2367,BLG04T0605.086218,18:00:18.16,-30:30:25.81,60556.95329,20.07,0.056,20.2,20.0,20.57,1,1.16,
KMT-2024-BLG-2368,BLG13N0407.018911,17:37:55.99,-34:38:47.44,60548.07669,77.54,0.138,21.64,20.0,20.3,2,3.1,
KMT-2024-BLG-2369,BLG15K0405.028982,17:34:49.90,-26:12:59.94,60549.17776,12.36,0.029,23.28,20.0,21.17,2,2.93,
KMT-2024-BLG-2370,BLG18K0507.005022,17:43:17.04,-25:50:51.18,60548.49768,8.37,0.987,19.2,18.09,18.09,2,2.85,
KMT-2024-BLG-2371,BLG19T0206.046256,17:44:53.61,-25:01:18.12,60548.68642,195.9,0.025,24.41,20.0,21.27,2,3.09,
KMT-2024-BLG-2372,BLG22T0405.036564,17:51:59.40,-33:43:59.84,60597.2631,61.05,0.531,19.9,20.0,20.72,2,2.18,
KMT-2024-BLG-2373,BLG34K0301.030172,18:02:34.76,-32:05:11.11,60561.38699,50.17,0.405,20.43,19.23,19.23,1,0.92,
KMT-2024-BLG-2374,BLG41M0803.066167,17:54:26.22,-30:51:54.79,60550.02529,8.86,0.105,21.61,20.0,20.0,1,1.89,
KMT-2024-BLG-2375,BLG41N0206.051349,17:58:17.70,-31:34:59.20,60550.45956,18.13,0.013,22.38,19.89,19.89,1,1.37,
KMT-2024-BLG-2376,BLG41T0105.006134,17:53:43.43,-31:48:44.32,60582.15448,22.23,0.999,17.85,17.43,17.43,1,1.93,OB241348
KMT-2024-BLG-2377,SAO42M0506.049046,17:56:14.82,-28:23:30.01,60569.29482,58.2,0.203,19.57,19.93,19.93,1,2.24,
KMT-2024-BLG-2378,BLG01M0404.002350,17:57:19.61,-30:40:57.00,60568.70107,39.78,0.998,17.72,16.2,16.2,1,1.65,
KMT-2024-BLG-2379,BLG02T0303.087208,17:52:45.39,-29:42:57.49,60552.99473,154.83,0.002,24.08,20.0,20.07,1,2.16,
KMT-2024-BLG-2380,BLG14M0305.053697,17:39:52.75,-28:16:49.51,60551.66391,30.14,0.028,22.58,20.0,21.51,2,3.25,
KMT-2024-BLG-2381,BLG17K0602.042082,17:41:21.40,-32:58:07.72,60557.91074,18.07,0.49,20.43,20.0,21.94,2,3.65,
KMT-2024-BLG-2382,BLG17T0706.065929,17:40:32.07,-33:36:44.35,60557.52049,89.59,0.027,22.97,20.0,22.09,2,3.44,
KMT-2024-BLG-2383,BLG18K0807.005800,17:41:38.64,-25:51:17.93,60562.55078,11.19,0.915,18.56,18.57,18.57,4,2.7,
KMT-2024-BLG-2384,BLG31M0503.035046,18:15:36.85,-25:30:00.29,60548.97897,4.39,0.726,19.53,19.58,19.58,1,1.05,
KMT-2024-BLG-2385,BLG43M0802.017766,18:01:57.11,-27:47:31.88,60556.62825,11.03,0.498,19.28,18.33,18.33,1,1.46,OB241165
KMT-2024-BLG-2386,BLG01K0607.059186,17:50:53.70,-30:17:35.70,60550.83081,2.62,0.112,21.13,20.0,20.16,1,2.39,
KMT-2024-BLG-2387,BLG13N0806.005213,17:35:19.39,-34:44:02.11,60584.06053,59.72,0.993,19.11,18.9,18.9,2,3.44,
KMT-2024-BLG-2388,BLG21M0707.007606,17:55:20.92,-34:30:53.60,60559.76922,6.18,0.151,18.05,17.92,17.92,1,0.84,MB24229
KMT-2024-BLG-2389,BLG22N0607.006416,17:56:02.75,-33:26:34.40,60586.83721,26.2,0.898,17.89,17.75,17.75,1,1.24,OB241322
KMT-2024-BLG-2390,BLG32K0802.054658,18:06:58.84,-27:43:37.99,60545.48012,22.29,0.002,21.47,19.4,19.4,1,0.85,
KMT-2024-BLG-2391,BLG34T0807.035550,17:59:33.11,-32:24:00.00,60579.70894,49.96,0.509,19.6,19.62,19.62,1,1.15,
KMT-2024-BLG-2392,SAO41T0505.050400,17:51:31.43,-31:42:47.81,60543.37827,101.1,0.039,23.55,20.0,25.0,3,3.4,
KMT-2024-BLG-2393,SSO02K0101.079305,17:54:07.17,-28:50:53.66,60557.53069,14.22,0.31,19.98,20.0,20.22,2,1.87,OB241152
KMT-2024-BLG-2394,SAO02M0501.102974,17:56:37.19,-28:52:54.26,60553.56476,32.15,0.103,21.41,20.0,21.45,2,2.13,
KMT-2024-BLG-2395,BLG02N0106.055087,17:58:57.75,-29:21:46.58,60555.52702,5.4,0.431,19.37,19.22,19.22,1,1.31,OB241161
KMT-2024-BLG-2396,BLG04K0304.076086,18:01:58.38,-29:34:21.50,60554.50361,9.89,0.002,20.8,20.0,20.13,1,1.44,
KMT-2024-BLG-2397,BLG04K0806.015916,17:59:15.96,-29:19:14.41,60564.0888,14.74,0.505,18.06,18.02,18.02,1,1.16,MB24230 OB241160
KMT-2024-BLG-2398,BLG13K0308.017843,17:33:08.64,-33:22:07.61,60552.18323,22.13,0.688,19.96,20.0,21.56,2,5.29,
KMT-2024-BLG-2399,BLG15N0308.034234,17:39:54.20,-26:54:37.26,60551.92084,22.31,0.1,22.8,20.0,21.41,2,3.74,
KMT-2024-BLG-2400,BLG15N0603.020949,17:38:33.16,-27:34:52.68,60554.88013,10.46,0.54,20.05,20.0,20.02,2,2.59,
KMT-2024-BLG-2401,SAO17T0307.067382,17:43:18.62,-33:25:42.64,60554.76935,5.27,0.097,21.28,20.0,21.7,2,2.88,
KMT-2024-BLG-2402,BLG18K0407.015290,17:43:45.00,-25:56:09.38,60554.95293,11.59,0.858,19.68,19.73,19.73,2,2.79,
KMT-2024-BLG-2403,BLG18T0503.067087,17:43:29.03,-27:31:38.42,60554.23899,13.88,0.287,21.49,20.0,21.55,2,3.19,
KMT-2024-BLG-2404,SSO19M0502.070563,17:48:14.33,-24:28:13.37,60553.40482,26.47,0.026,23.17,20.0,21.64,2,2.64,
KMT-2024-BLG-2405,BLG19M0604.034501,17:47:38.11,-24:13:01.70,60553.95596,33.52,0.032,23.63,20.0,20.31,2,2.17,
KMT-2024-BLG-2406,BLG19M0801.068419,17:46:22.21,-24:30:59.98,60562.78601,30.39,0.118,20.99,20.0,21.94,2,2.89,
KMT-2024-BLG-2407,SSO19N0703.002289,17:47:12.73,-25:24:42.55,60605.65566,103.82,0.133,20.79,17.92,17.92,4,4.18,
KMT-2024-BLG-2408,BLG20N0401.030641,17:48:41.20,-23:30:51.26,60571.55024,34.5,0.092,20.01,20.0,20.36,2,2.02,OB241292
KMT-2024-BLG-2409,BLG20T0402.022863,17:44:11.96,-23:23:18.89,60555.79211,25.77,0.297,20.78,19.38,19.38,1,1.77,
KMT-2024-BLG-2410,BLG22T0504.024237,17:51:37.98,-33:51:38.45,60555.51436,199.86,0.008,23.22,19.05,19.05,3,1.68,
KMT-2024-BLG-2411,SSO22T0604.016903,17:50:39.00,-33:55:33.28,60554.90207,11.05,0.23,18.91,19.2,19.2,2,1.75,
KMT-2024-BLG-2412,BLG31M0105.052573,18:18:00.07,-25:12:32.62,60559.35638,12.52,0.44,19.76,20.0,20.35,1,0.88,
KMT-2024-BLG-2413,SSO31T0607.019752,18:10:34.73,-26:07:19.81,60557.83729,10.98,0.386,18.85,18.65,18.65,1,1.35,
KMT-2024-BLG-2414,SSO32T0702.001208,18:07:24.27,-28:52:10.49,60542.79593,3.06,0.891,19.01,15.21,15.21,1,0.9,
KMT-2024-BLG-2415,SAO32T0801.025309,18:07:04.48,-28:59:08.20,60556.39052,18.23,0.613,19.39,18.69,18.69,1,0.81,
KMT-2024-BLG-2416,BLG33M0408.060401,18:15:58.77,-29:02:57.30,60560.21217,55.26,0.678,20.33,20.0,20.77,1,0.46,
KMT-2024-BLG-2417,BLG33T0606.007474,18:10:03.08,-30:23:20.51,60561.92793,12.28,0.999,19.11,17.99,17.99,1,0.75,
KMT-2024-BLG-2418,BLG37M0502.038728,17:47:07.24,-35:04:37.60,60552.2521,17.98,0.08,19.68,19.46,19.46,1,0.94,
KMT-2024-BLG-2419,BLG41K0403.008468,17:51:52.65,-30:50:45.82,60577.31691,49.12,0.431,19.49,17.71,17.71,1,2.28,OB241255
KMT-2024-BLG-2420,BLG41T0506.043460,17:51:30.82,-31:36:38.56,60553.56681,164.42,0.002,25.54,20.0,21.72,2,3.49,
KMT-2024-BLG-2421,SSO42K0305.063617,17:52:34.07,-28:30:52.96,60554.95572,72.85,0.027,23.55,20.0,21.69,2,3.59,
KMT-2024-BLG-2422,SSO42K0603.002526,17:50:53.20,-28:48:01.22,60561.75485,41.13,0.06,19.91,17.64,17.64,4,4.63,OB241118
KMT-2024-BLG-2423,SSO42M0602.033772,17:55:49.12,-28:56:35.16,60555.80078,10.89,0.1,21.26,19.16,19.16,2,1.87,OB241163
KMT-2024-BLG-2424,SAO42N0706.103428,17:55:15.90,-29:31:53.00,60574.7234,28.85,1.0,19.05,20.0,20.32,1,1.29,
KMT-2024-BLG-2425,SAO42T0103.050534,17:53:43.06,-29:53:25.19,60554.93014,6.03,0.078,21.58,19.12,19.12,1,1.41,
KMT-2024-BLG-2426,SSO43T0301.081466,18:00:14.18,-29:07:05.70,60553.65375,28.65,0.026,22.67,19.63,19.63,1,1.05,
KMT-2024-BLG-2427,SSO01K0505.034654,17:51:27.13,-30:28:56.50,60562.8731,32.48,0.241,20.05,19.98,19.98,1,3.01,
KMT-2024-BLG-2428,BLG02K0507.039448,17:51:41.95,-28:12:31.32,60555.27079,1.09,0.146,19.83,20.0,21.81,2,4.18,
KMT-2024-BLG-2429,BLG02N0604.047248,17:55:58.17,-29:42:01.19,60574.60291,43.16,0.209,20.72,19.01,19.01,1,1.5,OB241197
KMT-2024-BLG-2430,SAO03K0206.006166,18:00:56.60,-27:07:57.00,60567.42742,33.86,0.999,18.4,17.28,17.28,1,2.13,OB241202
KMT-2024-BLG-2431,BLG03T0107.088632,18:01:40.91,-28:11:34.40,60557.18916,169.03,0.033,23.26,20.0,21.52,2,1.42,
KMT-2024-BLG-2432,BLG03T0805.049539,17:57:32.89,-28:25:14.48,60552.11549,4.49,0.743,19.36,19.32,19.32,1,1.68,
KMT-2024-BLG-2433,BLG04K0607.045737,18:00:18.55,-29:10:24.82,60575.49859,48.36,0.24,19.96,19.03,19.03,1,1.07,
KMT-2024-BLG-2434,BLG04N0407.060990,18:06:49.05,-30:19:47.60,60556.117,27.5,0.062,22.05,20.0,20.07,1,0.85,
KMT-2024-BLG-2435,BLG11T0101.055952,17:27:21.58,-30:58:12.76,60553.77999,5.77,0.6,19.98,20.0,22.32,2,3.97,
KMT-2024-BLG-2436,BLG14T0703.015733,17:33:00.44,-29:38:22.49,60553.13237,139.38,0.025,21.47,19.98,19.98,3,2.86,
KMT-2024-BLG-2437,BLG18T0803.080046,17:41:46.47,-27:28:22.01,60555.051,99.67,0.013,24.28,20.0,21.7,2,3.31,
KMT-2024-BLG-2438,BLG19M0602.106966,17:47:39.39,-24:23:10.00,60557.04726,24.87,0.031,22.75,20.0,25.0,3,2.3,
KMT-2024-BLG-2439,BLG19T0405.052342,17:44:10.60,-25:09:55.44,60554.17881,27.48,0.196,21.31,20.0,21.58,2,2.87,
KMT-2024-BLG-2440,BLG21K0102.019533,17:53:53.62,-35:10:02.71,60557.22596,14.35,0.88,19.85,19.12,19.12,1,1.05,
KMT-2024-BLG-2441,BLG33K0504.001651,18:10:40.08,-29:29:21.80,60567.08117,11.85,0.998,16.63,15.68,15.68,1,0.72,OB241250
KMT-2024-BLG-2442,BLG36N0805.004165,18:16:15.95,-24:10:41.81,60600.69992,64.14,0.968,18.42,17.46,17.46,1,1.34,OB241253
KMT-2024-BLG-2443,BLG42M0805.012406,17:54:21.43,-28:29:13.38,60560.08818,25.66,0.024,21.27,18.3,18.3,2,2.48,OB241191 OB241192
KMT-2024-BLG-2444,SSO42T0201.024526,17:53:03.30,-30:06:15.70,60560.17215,13.87,0.132,20.92,18.68,18.68,1,1.55,
KMT-2024-BLG-2445,BLG43M0805.003332,18:01:56.07,-27:27:18.11,60559.73753,5.01,0.999,16.74,16.3,16.3,1,1.6,
KMT-2024-BLG-2446,BLG01N0203.053963,17:58:35.62,-31:50:36.82,60560.09049,16.76,0.095,20.13,20.0,20.47,1,1.63,
KMT-2024-BLG-2447,SSO04K0301.019495,18:02:28.27,-29:58:56.32,60551.66185,46.66,0.198,21.19,18.45,18.45,1,0.98,
KMT-2024-BLG-2448,BLG04K0507.038097,18:01:05.22,-29:08:13.60,60558.32618,4.04,0.559,19.04,18.98,18.98,1,1.25,OB241166
KMT-2024-BLG-2449,BLG15N0103.014826,17:40:59.94,-27:34:51.46,60561.27308,23.13,0.097,20.42,19.69,19.69,2,3.14,
KMT-2024-BLG-2450,BLG17N0507.045947,17:46:48.54,-33:27:34.81,60558.12888,18.19,0.408,20.55,19.93,19.93,1,1.95,
KMT-2024-BLG-2451,BLG18T0702.057625,17:42:12.17,-27:35:55.46,60557.21477,24.77,0.042,23.53,20.0,21.58,3,3.54,
KMT-2024-BLG-2452,BLG20M0707.012090,17:47:11.45,-21:42:28.73,60589.71388,54.52,0.53,19.16,19.19,19.19,4,1.99,
KMT-2024-BLG-2453,BLG35M0601.052206,18:05:45.96,-25:44:59.39,60569.41228,46.04,0.4,20.51,20.0,20.93,2,2.01,
KMT-2024-BLG-2454,BLG38K0206.009798,17:54:12.51,-21:49:41.88,60557.08335,17.97,0.102,21.95,19.03,19.03,4,2.46,
KMT-2024-BLG-2455,BLG41K0808.010769,17:49:29.76,-30:17:10.28,60580.99818,31.05,0.306,18.99,18.98,18.98,2,3.34,OB241193
KMT-2024-BLG-2456,BLG42N0102.047215,17:58:33.12,-30:00:27.61,60557.19046,16.91,0.806,19.27,19.24,19.24,1,1.37,
KMT-2024-BLG-2457,BLG42N0603.008118,17:55:34.38,-29:55:02.39,60570.15403,13.12,0.752,17.06,17.04,17.04,1,1.32,OB241248
KMT-2024-BLG-2458,BLG43K0206.022041,18:00:47.54,-27:18:43.60,60573.15597,93.31,0.095,20.61,18.69,18.69,1,1.71,OB241203
KMT-2024-BLG-2459,BLG43T0807.029576,17:57:05.06,-28:14:38.80,60560.15751,7.43,0.427,19.53,18.86,18.86,1,1.94,OB241196
KMT-2024-BLG-2460,BLG02T0302.087099,17:52:48.50,-29:57:26.71,60562.89939,30.69,0.196,21.27,20.0,20.07,1,2.03,
KMT-2024-BLG-2461,SAO03T0306.043011,18:00:25.08,-28:19:24.82,60564.63241,40.24,0.241,20.54,18.9,18.9,1,1.24,
KMT-2024-BLG-2462,BLG12N0607.007668,17:29:02.67,-28:01:20.35,60553.23219,23.58,1.0,19.14,19.04,19.04,2,2.04,
KMT-2024-BLG-2463,BLG14T0103.091169,17:36:07.50,-29:39:44.75,60557.0697,7.68,0.048,22.37,20.0,22.55,2,3.41,
KMT-2024-BLG-2464,SAO15M0405.001313,17:39:29.12,-26:09:27.76,60556.70914,53.94,0.019,24.27,16.8,16.8,2,2.45,
KMT-2024-BLG-2465,BLG15T0106.063454,17:36:32.61,-27:11:11.51,60556.02413,45.13,0.069,22.75,20.0,20.84,1,2.43,
KMT-2024-BLG-2466,BLG17T0406.014550,17:42:28.37,-33:38:13.96,60580.93541,31.81,0.093,19.92,19.87,19.87,2,2.77,OB241293
KMT-2024-BLG-2467,SSO34M0405.014456,18:06:30.76,-31:35:05.89,60561.53231,8.06,0.502,18.87,18.65,18.65,1,0.79,
KMT-2024-BLG-2468,BLG35M0707.004886,18:05:16.38,-25:00:43.49,60564.24852,30.49,0.67,19.52,18.37,18.37,4,4.01,
KMT-2024-BLG-2469,BLG35M0808.012284,18:04:37.13,-24:50:53.52,60575.7709,45.08,0.255,21.06,20.0,21.16,2,3.5,
KMT-2024-BLG-2470,SAO35N0807.009450,18:04:53.20,-26:07:53.00,60561.63833,5.24,0.365,18.6,18.58,18.58,1,1.97,
KMT-2024-BLG-2471,SSO43M0501.006059,18:03:52.23,-27:56:36.71,60599.65875,49.69,0.499,18.88,17.06,17.06,1,1.2,MB24270 OB241164
KMT-2024-BLG-2472,SSO01T0208.003192,17:53:28.78,-31:16:28.70,60578.03021,56.73,0.546,17.81,16.51,16.51,1,2.0,
KMT-2024-BLG-2473,BLG13M0102.013552,17:39:18.46,-34:08:28.75,60588.6357,49.79,0.051,20.03,20.0,20.49,2,3.7,OB241270
KMT-2024-BLG-2474,BLG14T0201.006053,17:35:54.58,-29:51:25.85,60569.42355,46.5,0.292,20.63,19.05,19.05,2,3.77,
KMT-2024-BLG-2475,BLG18N0407.020942,17:48:51.79,-27:00:43.70,60562.60622,27.34,0.109,22.23,20.0,22.63,2,7.83,
KMT-2024-BLG-2476,BLG19T0203.022627,17:45:00.57,-25:24:21.53,60564.86314,20.13,0.599,20.22,20.0,20.44,2,3.27,
KMT-2024-BLG-2477,BLG34N0807.061250,18:04:34.38,-32:22:25.97,60558.79834,6.11,0.869,20.03,20.0,25.0,3,0.82,
KMT-2024-BLG-2478,BLG01K0107.014361,17:53:51.87,-30:15:56.74,60563.51219,11.68,0.198,19.17,18.38,18.38,2,1.44,
KMT-2024-BLG-2479,BLG01K0107.064627,17:53:51.42,-30:17:11.94,60566.19453,19.17,0.057,20.04,20.0,20.25,2,1.44,
KMT-2024-BLG-2480,BLG01M0403.033377,17:57:06.01,-30:45:33.52,60583.62546,25.07,0.69,19.0,19.11,19.11,1,1.41,
KMT-2024-BLG-2481,BLG01M0406.042452,17:57:00.16,-30:23:40.99,60563.39083,17.46,0.078,21.92,19.75,19.75,1,2.06,
KMT-2024-BLG-2482,BLG01M0805.048642,17:54:39.18,-30:31:19.81,60564.85561,14.5,0.011,21.36,20.0,20.91,1,2.63,
KMT-2024-BLG-2483,BLG01N0505.070269,17:56:31.65,-31:39:06.01,60569.59108,31.5,0.021,21.11,20.0,20.39,1,1.6,
KMT-2024-BLG-2484,BLG01N0805.036185,17:54:51.92,-31:38:43.30,60567.81116,7.75,0.037,19.21,19.22,19.22,1,1.46,MB24233
KMT-2024-BLG-2485,BLG01T0104.031988,17:53:54.33,-31:46:52.72,60583.88484,27.85,0.241,19.41,19.41,19.41,1,1.87,OB241349
KMT-2024-BLG-2486,BLG02M0501.047638,17:56:37.05,-28:56:11.18,60561.36557,145.15,0.002,24.77,19.56,19.56,1,2.19,OB241199
KMT-2024-BLG-2487,BLG02N0604.061420,17:56:03.80,-29:35:57.01,60562.56976,13.32,0.047,20.43,19.3,19.3,1,1.55,OB241198
KMT-2024-BLG-2488,BLG02T0306.024192,17:52:52.27,-29:22:07.50,60561.01942,179.62,0.014,22.75,18.86,18.86,1,2.35,OB241155
KMT-2024-BLG-2489,BLG02T0404.069574,17:52:20.76,-29:40:58.91,60560.17763,15.6,0.02,22.33,20.0,20.0,1,2.37,OB241194
KMT-2024-BLG-2490,SSO03T0203.076782,18:00:48.66,-28:39:41.11,60561.37716,10.96,0.111,19.92,19.52,19.52,1,1.09,OB241205
KMT-2024-BLG-2491,BLG04K0103.084076,18:03:32.87,-29:38:57.19,60558.69406,199.2,0.006,24.89,20.0,20.49,1,1.06,
KMT-2024-BLG-2492,BLG04K0306.023685,18:02:10.57,-29:16:11.32,60560.73825,11.87,0.032,22.11,18.62,18.62,1,1.22,
KMT-2024-BLG-2493,BLG04K0701.012517,18:00:04.64,-29:56:48.70,60579.72202,35.55,0.031,19.49,18.02,18.02,1,1.23,MB24243 OB241335
KMT-2024-BLG-2494,BLG04M0603.066854,18:05:19.22,-29:41:46.39,60565.67274,16.01,0.172,20.59,19.89,19.89,1,0.78,
KMT-2024-BLG-2495,BLG11K0303.043042,17:25:52.69,-29:34:16.28,60573.38574,24.55,0.174,20.51,20.0,20.47,1,2.08,
KMT-2024-BLG-2496,BLG12N0501.032988,17:29:52.15,-28:48:30.02,60574.79297,25.62,0.362,19.85,20.0,20.42,2,2.26,OB241264
KMT-2024-BLG-2497,BLG12N0503.022563,17:29:55.60,-28:33:06.91,60562.76923,13.07,0.712,19.79,19.88,19.88,2,2.17,
KMT-2024-BLG-2498,BLG14K0407.012272,17:34:36.23,-28:00:23.47,60565.24523,11.02,0.532,19.55,19.61,19.61,2,2.8,
KMT-2024-BLG-2499,BLG14M0207.059484,17:40:53.92,-27:59:55.14,60567.59571,18.23,0.316,19.89,20.0,21.81,2,3.88,
KMT-2024-BLG-2500,BLG14N0407.012864,17:39:29.67,-29:06:27.58,60581.90011,37.59,0.37,19.98,20.0,20.83,2,4.96,
KMT-2024-BLG-2501,BLG14N0608.011813,17:38:40.59,-28:59:41.32,60568.9723,198.93,0.021,23.09,19.51,19.51,2,3.83,OB241272
KMT-2024-BLG-2502,BLG14T0402.036888,17:34:52.37,-29:49:17.29,60562.52753,19.53,0.086,21.31,20.0,20.75,2,3.08,
KMT-2024-BLG-2503,BLG15N0403.000183,17:39:19.69,-27:30:45.58,60586.4318,21.8,0.233,14.98,14.93,14.93,2,2.52,OB241271
KMT-2024-BLG-2504,BLG15T0304.071025,17:35:11.88,-27:28:13.84,60561.54656,10.75,0.077,21.61,20.0,25.0,3,2.52,
KMT-2024-BLG-2505,SSO16K0605.025553,17:34:04.54,-23:59:49.96,60567.46904,29.53,0.196,20.83,20.0,20.29,2,1.82,
KMT-2024-BLG-2506,BLG16N0806.015066,17:37:13.07,-25:03:44.10,60572.16198,63.17,0.005,21.77,20.0,20.39,2,2.65,
KMT-2024-BLG-2507,BLG17M0306.065106,17:47:53.85,-32:26:54.42,60560.45572,9.15,0.213,22.06,20.0,25.0,3,4.43,
KMT-2024-BLG-2508,BLG17T0201.078207,17:43:39.27,-34:13:38.14,60568.86833,34.0,0.18,21.02,20.0,25.0,3,1.7,
KMT-2024-BLG-2509,BLG18M0606.010433,17:47:24.26,-25:55:53.72,60566.20769,10.15,0.555,19.98,20.0,20.14,2,3.73,
KMT-2024-BLG-2510,SSO19K0507.040688,17:43:37.90,-23:49:00.19,60558.21984,12.43,0.666,19.94,19.68,19.68,1,1.56,
KMT-2024-BLG-2511,BLG19M0404.006935,17:48:26.62,-24:11:54.24,60573.40863,34.32,0.299,20.11,18.28,18.28,4,2.34,
KMT-2024-BLG-2512,BLG31M0201.037006,18:17:30.32,-25:40:45.08,60571.01025,64.11,0.058,21.7,19.61,19.61,1,0.9,OB241290
KMT-2024-BLG-2513,BLG31T0104.063707,18:13:22.01,-26:30:12.60,60560.92335,8.01,0.241,20.48,20.0,20.4,1,0.86,
KMT-2024-BLG-2514,SSO33M0101.029396,18:17:45.48,-29:52:55.42,60566.68607,19.57,0.663,19.95,20.0,20.33,2,0.45,
KMT-2024-BLG-2515,SSO33M0501.036292,18:15:15.55,-29:58:49.55,60577.38295,43.05,0.128,19.95,20.0,20.33,2,0.47,
KMT-2024-BLG-2516,BLG37K0602.018429,17:41:11.41,-35:03:53.14,60576.21587,26.31,0.38,19.78,19.72,19.72,2,1.85,
KMT-2024-BLG-2517,BLG41K0803.029659,17:49:48.69,-30:49:44.69,60571.02567,24.94,0.205,20.4,20.0,20.36,1,3.1,
KMT-2024-BLG-2518,BLG42M0803.032283,17:54:43.41,-28:43:14.56,60562.11533,9.75,0.306,19.77,19.23,19.23,2,1.93,OB241190
KMT-2024-BLG-2519,BLG43T0301.002961,17:59:54.05,-29:04:23.41,60602.11513,21.81,0.666,15.46,15.49,15.49,1,0.95,OB241243
KMT-2024-BLG-2520,BLG03M0108.065977,18:06:30.67,-26:54:08.21,60565.68977,35.91,0.166,20.78,19.79,19.79,1,1.04,
KMT-2024-BLG-2521,BLG12K0501.001852,17:24:38.09,-27:42:53.78,60579.06528,197.94,0.015,20.46,16.65,16.65,1,1.61,OB241151
KMT-2024-BLG-2522,BLG14K0205.004438,17:35:53.81,-28:16:08.94,60603.5738,153.06,0.071,21.9,18.6,18.6,2,3.79,
KMT-2024-BLG-2523,SSO34N0106.004183,18:08:55.36,-32:30:10.58,60562.13555,7.18,0.742,17.94,17.87,17.87,1,0.69,
KMT-2024-BLG-2524,BLG34T0607.003718,18:00:28.44,-32:24:26.60,60586.04729,22.1,0.992,17.3,16.92,16.92,1,1.01,OB241339
KMT-2024-BLG-2525,SSO37K0508.014742,17:41:55.27,-34:24:28.94,60580.00212,67.78,0.896,19.34,19.47,19.47,2,2.28,
KMT-2024-BLG-2526,BLG37N0606.003085,17:46:24.12,-35:46:23.70,60604.88207,66.17,0.259,19.29,16.91,16.91,1,1.17,OB241352
KMT-2024-BLG-2527,BLG41K0102.013788,17:53:36.51,-31:04:22.12,60563.69094,14.41,0.872,19.41,18.39,18.39,1,2.0,
KMT-2024-BLG-2528,BLG42N0104.003731,17:58:34.25,-29:45:58.50,60582.31041,13.81,0.927,15.96,15.89,15.89,1,1.24,OB241282
KMT-2024-BLG-2529,BLG42T0705.013478,17:50:14.23,-29:38:15.79,60577.85684,19.11,0.064,19.54,18.29,18.29,1,3.12,
KMT-2024-BLG-2530,BLG43K0403.063073,17:59:32.73,-27:40:54.30,60562.88911,3.16,0.124,21.18,20.0,20.0,1,2.02,
KMT-2024-BLG-2531,SSO02K0107.014481,17:54:12.14,-28:09:25.67,60565.20509,4.39,0.002,19.88,19.98,19.98,2,3.16,
KMT-2024-BLG-2532,SSO03T0402.036159,17:59:46.34,-28:45:27.79,60566.35866,11.88,0.344,18.78,18.63,18.63,1,1.05,
KMT-2024-BLG-2533,BLG04K0608.089006,18:00:28.76,-29:06:31.10,60567.36332,18.24,0.163,20.82,19.96,19.96,1,0.99,
KMT-2024-BLG-2534,BLG14M0402.032402,17:39:35.08,-28:35:49.16,60563.62266,15.23,0.058,22.71,20.0,21.82,2,4.53,
KMT-2024-BLG-2535,BLG15N0302.020421,17:40:04.55,-27:40:24.56,60590.05171,199.55,0.009,22.6,20.0,20.28,2,3.03,OB241360
KMT-2024-BLG-2536,SSO19N0702.015940,17:46:56.20,-25:30:11.56,60564.37566,9.17,0.126,20.88,20.0,20.17,2,3.41,
KMT-2024-BLG-2537,SSO42M0508.061707,17:56:13.27,-28:09:42.70,60563.76797,9.91,0.073,21.96,20.0,20.41,1,2.45,
KMT-2024-BLG-2538,SSO43N0803.067975,18:02:11.79,-28:48:57.49,60564.88908,20.25,0.083,21.41,19.38,19.38,1,0.88,
KMT-2024-BLG-2539,BLG01K0606.029890,17:50:57.21,-30:21:34.81,60573.60004,50.03,0.16,21.66,19.58,19.58,1,2.68,
KMT-2024-BLG-2540,BLG01K0706.027918,17:50:29.66,-30:25:01.49,60566.53216,46.21,0.092,21.74,19.59,19.59,1,2.7,
KMT-2024-BLG-2541,BLG01M0108.052195,17:59:04.87,-30:06:02.02,60573.56662,17.11,0.692,19.39,19.63,19.63,1,1.18,
KMT-2024-BLG-2542,BLG01N0801.014389,17:54:49.03,-32:11:26.48,60570.07224,99.62,0.071,22.88,18.67,18.67,1,1.45,
KMT-2024-BLG-2543,BLG01T0501.017420,17:51:25.74,-32:08:14.71,60590.2323,46.03,0.799,20.86,19.22,19.22,1,2.19,
KMT-2024-BLG-2544,SAO02K0106.022122,17:54:13.18,-28:18:42.16,60570.33584,44.35,0.429,19.8,19.85,19.85,2,2.78,OB241153
KMT-2024-BLG-2545,BLG02K0206.010471,17:53:19.32,-28:14:34.55,60584.5881,17.2,0.226,18.38,18.39,18.39,2,2.83,OB241297
KMT-2024-BLG-2546,BLG02N0305.024013,17:57:46.01,-29:28:10.09,60585.44853,45.53,0.298,20.24,18.58,18.58,1,1.5,
KMT-2024-BLG-2547,BLG02N0803.076978,17:54:56.22,-29:45:55.30,60569.96278,13.05,0.031,19.64,19.48,19.48,1,1.43,
KMT-2024-BLG-2548,BLG02N0804.097320,17:55:00.58,-29:36:59.90,60568.55576,30.9,0.204,21.03,20.0,20.01,1,1.31,
KMT-2024-BLG-2549,BLG03K0801.034663,17:57:38.49,-27:52:18.26,60571.30722,20.13,0.093,21.66,20.0,20.64,2,2.83,
KMT-2024-BLG-2550,SSO03M0103.013302,18:06:31.68,-27:30:50.40,60577.56315,16.0,0.08,18.29,18.03,18.03,1,0.83,OB241288
KMT-2024-BLG-2551,BLG03M0204.022427,18:05:51.00,-27:23:32.39,60570.75872,181.48,0.002,23.55,18.3,18.3,1,0.79,MB24238
KMT-2024-BLG-2552,BLG03N0202.007207,18:05:40.41,-28:47:19.10,60594.2263,35.25,0.076,18.45,17.49,17.49,1,0.94,MB24240 OB241204
KMT-2024-BLG-2553,SSO03N0807.002703,18:02:37.96,-28:08:50.60,60573.17897,4.49,0.955,16.64,15.49,15.49,1,0.93,
KMT-2024-BLG-2554,BLG03N0807.013207,18:02:15.51,-28:13:50.09,60584.75694,19.15,0.9,17.73,17.74,17.74,1,0.96,OB241207
KMT-2024-BLG-2555,SSO03N0807.069388,18:02:14.85,-28:09:27.40,60571.63792,7.09,0.179,19.99,19.44,19.44,1,1.1,
KMT-2024-BLG-2556,BLG04K0506.002651,18:01:10.61,-29:20:31.49,60585.86506,30.74,0.363,15.92,15.87,15.87,1,1.36,OB241337
KMT-2024-BLG-2557,BLG04M0104.012005,18:08:27.94,-29:30:51.59,60581.61284,19.22,0.034,18.33,18.3,18.3,1,0.91,MB24241 OB241289
KMT-2024-BLG-2558,BLG04M0804.030378,18:04:29.06,-29:30:54.22,60595.21611,51.13,0.17,19.07,18.95,18.95,1,1.0,MB24262 OB241336
KMT-2024-BLG-2559,BLG04N0108.015169,18:08:15.21,-30:10:01.60,60568.2547,5.24,0.459,18.79,18.55,18.55,1,0.85,
KMT-2024-BLG-2560,BLG11K0406.056387,17:25:36.54,-29:11:31.42,60574.41968,18.01,0.405,20.49,20.0,20.35,1,1.92,
KMT-2024-BLG-2561,BLG12K0401.028500,17:25:30.81,-27:40:14.99,60567.18087,20.01,0.193,20.57,19.82,19.82,1,1.49,
KMT-2024-BLG-2562,BLG12N0208.012289,17:31:15.02,-27:55:57.68,60566.4628,11.91,0.399,20.21,19.94,19.94,2,2.61,
KMT-2024-BLG-2563,BLG12N0407.066061,17:30:21.06,-28:06:00.14,60589.4286,48.31,0.285,20.1,20.0,21.24,2,2.2,
KMT-2024-BLG-2564,BLG14K0201.021882,17:35:44.23,-28:46:10.45,60576.9634,43.59,0.089,21.5,20.0,20.31,2,3.11,
KMT-2024-BLG-2565,BLG14K0704.025093,17:33:01.11,-28:23:56.11,60597.28568,40.98,0.18,20.05,20.0,20.21,2,2.6,
KMT-2024-BLG-2566,BLG14M0306.016969,17:40:13.64,-28:08:41.82,60574.9854,9.92,0.447,19.9,19.94,19.94,2,3.66,
KMT-2024-BLG-2567,BLG14M0402.005994,17:39:30.60,-28:40:33.42,60570.28212,4.8,0.311,19.53,19.51,19.51,2,4.73,
KMT-2024-BLG-2568,BLG14M0702.037301,17:38:06.32,-28:38:19.82,60570.51263,6.68,0.588,19.9,20.0,20.85,2,3.33,
KMT-2024-BLG-2569,BLG14N0301.010594,17:39:59.37,-29:51:23.40,60569.37064,9.46,0.484,20.41,20.0,21.38,3,5.71,
KMT-2024-BLG-2570,BLG14T0103.055452,17:36:11.82,-29:41:12.91,60573.88051,20.87,0.057,20.83,20.0,21.67,2,3.43,
KMT-2024-BLG-2571,BLG15N0106.002255,17:41:01.67,-27:08:49.16,60565.87974,56.98,0.356,20.15,17.76,17.76,2,3.24,
KMT-2024-BLG-2572,SSO15N0402.010574,17:39:24.37,-27:41:00.42,60564.20341,33.92,0.389,20.71,19.13,19.13,2,2.94,
KMT-2024-BLG-2573,BLG15N0504.010446,17:38:58.64,-27:24:13.61,60606.41059,47.74,0.25,19.42,18.68,18.68,2,2.35,OB241361
KMT-2024-BLG-2574,BLG15N0803.018396,17:37:04.85,-27:31:18.12,60601.09413,89.21,0.009,20.72,20.0,20.66,2,3.34,MB24263
KMT-2024-BLG-2575,BLG15T0103.076005,17:36:11.70,-27:29:52.87,60580.48145,30.94,0.007,20.76,20.0,21.79,2,2.86,
KMT-2024-BLG-2576,BLG16M0301.001795,17:40:21.86,-24:34:43.07,60601.81614,42.3,0.511,19.43,17.09,17.09,2,2.49,
KMT-2024-BLG-2577,BLG17K0502.003212,17:41:44.50,-33:02:23.03,60599.72149,38.4,0.41,19.19,18.39,18.39,2,4.09,
KMT-2024-BLG-2578,BLG17M0208.009699,17:48:36.73,-32:15:18.32,60576.37263,54.32,0.176,21.31,20.0,21.35,2,4.87,
KMT-2024-BLG-2579,BLG17N0105.006388,17:49:16.53,-33:47:26.70,60600.71724,62.21,0.664,17.49,17.79,17.79,1,1.5,OB241302
KMT-2024-BLG-2580,BLG17N0408.002656,17:47:36.81,-33:19:12.11,60565.3818,14.18,0.094,20.82,16.44,16.44,1,1.79,
KMT-2024-BLG-2581,SSO17N0601.003339,17:46:21.29,-34:15:02.92,60583.74286,8.55,0.409,16.9,16.55,16.55,1,1.56,MB24239
KMT-2024-BLG-2582,BLG17N0807.037754,17:45:01.52,-33:33:09.22,60580.72884,46.55,0.345,20.31,19.79,19.79,1,1.92,
KMT-2024-BLG-2583,BLG18M0808.002687,17:46:12.76,-25:48:22.07,60582.11111,8.9,0.608,17.24,17.25,17.25,2,2.63,
KMT-2024-BLG-2584,SSO19N0701.005319,17:47:04.99,-25:38:06.14,60570.96295,12.33,0.398,19.61,18.2,18.2,2,3.15,
KMT-2024-BLG-2585,BLG19T0105.066589,17:45:25.21,-25:09:58.28,60576.6869,27.37,0.309,20.32,20.0,21.45,2,2.77,
KMT-2024-BLG-2586,BLG20T0803.008633,17:41:51.76,-23:17:05.68,60569.27952,25.17,1.0,19.97,19.1,19.1,2,1.75,
KMT-2024-BLG-2587,BLG21M0308.008312,17:57:54.47,-34:21:59.29,60590.85774,49.25,0.729,20.19,18.12,18.12,1,0.73,
KMT-2024-BLG-2588,BLG21T0703.034928,17:50:15.89,-36:07:14.30,60574.22261,14.57,0.194,20.04,19.7,19.7,1,0.93,
KMT-2024-BLG-2589,BLG22M0802.019540,17:54:36.38,-32:59:35.02,60555.70504,129.4,0.7,19.48,18.85,18.85,1,1.36,OB241032
KMT-2024-BLG-2590,BLG32T0202.004645,18:10:00.67,-28:49:29.78,60587.08716,140.17,0.005,21.69,17.2,17.2,1,0.81,MB24254 OB241346
KMT-2024-BLG-2591,BLG32T0604.074768,18:07:59.14,-28:36:45.68,60572.81348,8.93,0.19,20.12,20.0,20.27,1,0.87,
KMT-2024-BLG-2592,BLG33K0506.028166,18:10:42.08,-29:19:29.89,60568.22715,198.86,0.075,22.7,19.0,19.0,1,0.71,
KMT-2024-BLG-2593,BLG33K0507.007769,18:10:25.96,-29:10:59.02,60556.42667,25.88,1.0,18.93,17.7,17.7,1,0.67,
KMT-2024-BLG-2594,BLG33K0507.023896,18:10:35.71,-29:13:15.38,60590.43127,34.05,0.9,18.7,18.69,18.69,1,0.7,OB241374
KMT-2024-BLG-2595,BLG34K0508.002972,18:01:17.94,-31:07:36.30,60610.47801,30.54,0.189,17.15,16.57,16.57,1,1.35,MB24249 OB241287
KMT-2024-BLG-2596,BLG34T0508.072467,18:01:19.45,-32:16:56.89,60574.68732,23.42,0.091,21.19,20.0,21.09,1,1.11,
KMT-2024-BLG-2597,BLG35M0304.069915,18:07:40.52,-25:18:01.51,60572.73258,14.38,0.522,20.0,20.0,20.91,1,2.05,
KMT-2024-BLG-2598,BLG35N0603.017251,18:06:01.36,-26:33:24.98,60584.09225,149.67,0.122,21.92,18.7,18.7,1,1.6,
KMT-2024-BLG-2599,BLG36M0808.006408,18:16:28.25,-22:41:20.80,60591.50038,41.4,0.12,19.12,18.17,18.17,1,1.47,MB24256 OB241257
KMT-2024-BLG-2600,BLG37M0608.032803,17:46:10.43,-34:20:46.79,60580.16358,34.46,0.171,19.41,19.42,19.42,1,1.52,MB24260
KMT-2024-BLG-2601,BLG41K0408.046880,17:51:49.56,-30:13:05.70,60575.07156,41.3,0.038,19.99,19.67,19.67,1,2.02,
KMT-2024-BLG-2602,BLG41K0608.056132,17:50:57.71,-30:19:11.68,60570.22986,199.64,0.016,23.74,20.0,20.3,3,2.42,
KMT-2024-BLG-2603,BLG41M0403.016923,17:57:00.23,-30:52:25.72,60578.20037,17.31,0.208,19.63,18.35,18.35,1,1.28,OB241313
KMT-2024-BLG-2604,BLG41M0601.057296,17:55:37.82,-31:10:46.81,60583.97059,23.08,0.365,19.87,19.61,19.61,1,1.48,
KMT-2024-BLG-2605,BLG41T0105.019329,17:53:30.96,-31:44:51.29,60590.54514,43.65,0.181,20.4,19.0,19.0,1,1.81,OB241350
KMT-2024-BLG-2606,BLG41T0601.034880,17:50:41.17,-32:17:12.88,60571.1303,49.78,0.033,22.18,20.0,21.52,2,3.23,
KMT-2024-BLG-2607,BLG42K0105.021021,17:53:49.34,-28:27:44.53,60572.66145,9.7,0.111,20.47,19.23,19.23,4,2.45,
KMT-2024-BLG-2608,BLG42K0205.023196,17:53:17.34,-28:28:42.89,60569.74351,9.21,0.007,22.1,19.7,19.7,2,2.38,
KMT-2024-BLG-2609,BLG42K0301.009429,17:52:31.69,-29:03:33.08,60604.29101,102.19,0.26,19.04,17.59,17.59,1,2.77,OB241296
KMT-2024-BLG-2610,BLG42K0307.034952,17:52:43.63,-28:17:03.41,60591.24928,57.11,0.028,20.9,20.0,20.91,2,3.38,
KMT-2024-BLG-2611,SSO42K0502.061554,17:51:25.20,-28:51:59.22,60570.81106,58.53,0.002,24.58,20.0,22.09,2,4.03,
KMT-2024-BLG-2612,BLG42M0405.022016,17:56:52.45,-28:29:45.71,60568.08121,122.34,0.026,23.55,18.57,18.57,1,1.81,
KMT-2024-BLG-2613,BLG42N0402.052590,17:56:57.04,-30:04:39.61,60581.04983,25.8,0.02,20.36,19.35,19.35,1,1.47,MB24242
KMT-2024-BLG-2614,BLG42T0603.016732,17:50:48.47,-29:51:58.79,60582.91861,17.85,0.7,18.87,18.73,18.73,1,3.34,
KMT-2024-BLG-2615,BLG42T0802.007583,17:49:42.15,-29:57:53.21,60587.47239,18.66,0.02,19.68,18.88,18.88,1,4.1,OB241300
KMT-2024-BLG-2616,BLG42T0803.015618,17:49:23.82,-29:55:27.52,60576.46782,12.12,0.101,19.49,19.37,19.37,2,4.32,
KMT-2024-BLG-2617,BLG43T0301.101300,18:00:07.82,-29:00:32.18,60564.40902,10.34,0.026,21.75,20.0,20.46,1,0.95,
KMT-2024-BLG-2618,BLG43T0305.050510,18:00:20.26,-28:31:48.40,60570.7103,7.41,0.321,19.12,19.03,19.03,1,1.24,
KMT-2024-BLG-2619,SSO03M0808.066108,18:02:40.16,-26:58:58.69,60573.7374,199.54,0.048,22.13,20.0,20.95,1,2.03,
KMT-2024-BLG-2620,BLG11K0108.000589,17:27:15.11,-28:53:35.09,60598.22951,199.99,1.0,17.19,15.83,15.83,2,2.01,OB241382
KMT-2024-BLG-2621,BLG22K0507.030920,17:51:24.01,-32:19:08.51,60576.36222,53.09,0.461,20.95,19.79,19.79,1,2.55,
KMT-2024-BLG-2622,BLG35N0306.003491,18:07:34.55,-26:08:32.50,60588.12094,199.85,0.997,17.92,16.76,16.76,1,1.75,
KMT-2024-BLG-2623,BLG01K0506.022675,17:51:30.03,-30:20:12.37,60600.13871,49.74,0.543,19.75,19.27,19.27,2,2.59,
KMT-2024-BLG-2624,BLG01T0401.071910,17:52:15.00,-32:06:45.90,60579.87052,17.98,0.152,20.82,20.0,20.64,1,2.02,
KMT-2024-BLG-2625,BLG02M0107.071762,17:58:36.37,-28:08:19.21,60586.17636,68.59,0.019,21.57,20.0,20.82,1,2.24,
KMT-2024-BLG-2626,BLG02M0306.080365,17:57:42.82,-28:17:02.11,60577.13205,39.79,0.114,21.27,19.92,19.92,1,1.55,
KMT-2024-BLG-2627,BLG02M0606.072555,17:55:49.65,-28:12:39.56,60580.32909,33.47,0.069,21.17,20.0,21.45,2,2.62,
KMT-2024-BLG-2628,BLG02N0501.059434,17:56:18.80,-30:03:20.30,60574.34376,8.11,0.043,20.31,19.49,19.49,1,1.49,
KMT-2024-BLG-2629,BLG02T0404.062689,17:52:23.01,-29:38:49.81,60572.46848,71.71,0.064,22.18,19.82,19.82,1,2.29,
KMT-2024-BLG-2630,BLG03K0305.019975,18:00:28.91,-27:17:40.31,60582.97011,33.51,0.202,20.88,18.48,18.48,1,1.46,
KMT-2024-BLG-2631,SSO03K0502.012461,17:59:28.76,-27:45:10.01,60574.72296,93.98,0.018,23.41,18.12,18.12,1,1.84,
KMT-2024-BLG-2632,SSO03N0802.055735,18:02:40.98,-28:49:19.81,60582.53291,21.98,0.313,19.62,19.14,19.14,1,0.89,
KMT-2024-BLG-2633,BLG11N0106.099419,17:32:06.20,-30:20:54.49,60578.94252,39.65,0.191,21.28,20.0,22.05,2,2.5,
KMT-2024-BLG-2634,BLG14K0602.030352,17:33:32.05,-28:37:45.44,60569.50912,9.46,0.576,20.2,20.0,21.45,2,3.67,
KMT-2024-BLG-2635,BLG14M0405.048769,17:39:26.21,-28:18:25.88,60573.11364,4.95,0.575,20.0,20.0,20.81,2,2.97,
KMT-2024-BLG-2636,BLG14T0404.014688,17:34:43.85,-29:32:53.12,60588.67874,22.35,0.093,19.41,19.44,19.44,2,2.72,OB241358
KMT-2024-BLG-2637,BLG14T0607.064780,17:33:19.05,-29:07:02.68,60573.85805,24.81,0.082,22.52,20.0,21.58,2,3.04,
KMT-2024-BLG-2638,BLG15N0301.099263,17:40:15.73,-27:43:02.24,60574.5752,57.89,0.05,22.75,20.0,22.27,3,3.31,
KMT-2024-BLG-2639,BLG16M0303.003744,17:40:16.42,-24:13:46.34,60578.33849,7.19,0.876,17.81,17.84,17.84,2,1.93,
KMT-2024-BLG-2640,BLG16N0808.003453,17:37:27.81,-24:49:52.07,60583.18637,21.28,0.083,19.96,18.06,18.06,2,2.18,
KMT-2024-BLG-2641,BLG17T0403.001258,17:42:16.58,-33:56:39.62,60599.39724,29.39,0.843,17.89,16.2,16.2,2,2.52,OB241359
KMT-2024-BLG-2642,BLG18K0103.044997,17:45:26.45,-26:21:06.44,60581.39278,68.3,0.017,22.11,20.0,21.68,2,3.65,
KMT-2024-BLG-2643,SSO18K0603.048679,17:43:01.33,-26:23:28.07,60574.60964,24.13,0.1,21.11,20.0,20.81,2,2.94,
KMT-2024-BLG-2644,BLG18T0802.012219,17:41:45.37,-27:38:44.45,60602.0048,50.25,0.316,20.61,19.3,19.3,2,3.46,OB241384
KMT-2024-BLG-2645,BLG19M0802.009282,17:46:23.51,-24:22:45.37,60575.08719,8.81,0.096,20.89,19.29,19.29,2,2.77,
KMT-2024-BLG-2646,BLG19T0308.020451,17:44:17.49,-24:50:29.36,60583.54444,24.46,0.741,20.01,20.0,20.35,2,2.69,
KMT-2024-BLG-2647,BLG22K0403.012470,17:52:16.28,-32:51:37.01,60577.41783,16.17,0.597,19.79,18.52,18.52,1,1.73,
KMT-2024-BLG-2648,BLG32T0703.038312,18:07:30.46,-28:38:48.98,60578.40843,153.9,0.022,23.5,19.19,19.19,1,1.05,
KMT-2024-BLG-2649,SSO34K0307.028339,18:02:38.11,-31:18:39.49,60579.07336,19.26,0.036,19.34,19.13,19.13,1,1.06,
KMT-2024-BLG-2650,BLG41K0403.018669,17:51:51.69,-30:54:35.71,60581.14061,64.23,0.047,21.93,18.94,18.94,1,2.44,
KMT-2024-BLG-2651,BLG42N0501.004779,17:56:31.99,-30:05:43.19,60590.56019,15.46,0.341,17.61,16.39,16.39,1,1.37,MB24250 OB241318
KMT-2024-BLG-2652,SSO42N0606.043768,17:55:34.20,-29:34:32.99,60591.61996,86.59,0.006,21.28,19.02,19.02,1,1.61,MB24258
KMT-2024-BLG-2653,SSO43K0405.024030,17:59:37.61,-27:23:33.50,60576.74978,8.0,0.204,19.9,19.0,19.0,1,2.19,
KMT-2024-BLG-2654,BLG43T0302.045402,17:59:55.24,-28:58:38.21,60568.96651,8.23,0.881,18.85,18.78,18.78,1,0.97,
KMT-2024-BLG-2655,SSO43T0808.003481,17:57:08.25,-28:12:23.51,60576.96957,17.59,0.997,17.91,16.22,16.22,1,1.96,
KMT-2024-BLG-2656,BLG14T0103.035634,17:36:11.52,-29:36:37.66,60576.78792,11.11,0.069,21.45,20.0,21.19,2,3.2,
KMT-2024-BLG-2657,BLG20T0503.057976,17:43:12.35,-23:16:58.76,60580.08719,49.34,0.074,21.87,20.0,21.09,2,1.95,
KMT-2024-BLG-2658,BLG35M0802.011744,18:04:54.03,-25:32:20.87,60573.8596,41.15,0.062,22.83,19.94,19.94,2,2.75,
KMT-2024-BLG-2659,BLG41M0208.005914,17:57:50.79,-30:17:52.12,60578.80586,61.13,0.042,21.84,17.29,17.29,1,1.69,
KMT-2024-BLG-2660,BLG04M0507.006821,18:05:50.15,-29:10:50.41,60579.77779,44.03,0.2,21.49,17.41,17.41,1,0.95,
KMT-2024-BLG-2661,BLG15N0601.019011,17:38:37.11,-27:45:58.18,60579.63748,4.47,0.518,19.75,19.81,19.81,2,2.51,
KMT-2024-BLG-2662,BLG37T0306.015164,17:42:41.78,-35:46:28.31,60574.34417,14.58,0.691,19.99,19.99,19.99,2,2.04,
KMT-2024-BLG-2663,SAO01N0803.017756,17:54:50.53,-31:49:59.92,60578.1594,1.21,0.417,18.82,18.73,18.73,1,1.48,
KMT-2024-BLG-2664,SSO03N0101.013208,18:06:42.07,-28:55:04.19,60575.02775,47.83,0.131,20.81,18.13,18.13,1,0.88,
KMT-2024-BLG-2665,BLG14T0706.003127,17:32:46.27,-29:18:00.25,60598.49141,21.65,0.998,17.75,17.65,17.65,2,2.92,
KMT-2024-BLG-2666,SSO15K0105.005417,17:36:20.73,-26:12:40.68,60598.59882,47.0,0.38,18.75,19.23,19.23,2,3.04,
KMT-2024-BLG-2667,SSO15N0705.012943,17:38:02.49,-27:14:57.84,60591.59009,61.23,0.452,19.45,19.74,19.74,2,3.21,OB241363 OB241381
KMT-2024-BLG-2668,BLG18T0701.024414,17:42:03.29,-27:42:54.43,60583.51709,17.84,0.305,20.72,20.0,20.85,2,4.1,
KMT-2024-BLG-2669,BLG20N0504.035151,17:48:04.65,-23:13:02.89,60587.22606,20.32,0.379,20.0,19.54,19.54,1,1.88,
KMT-2024-BLG-2670,BLG21K0701.044550,17:50:19.83,-35:11:29.29,60576.67772,124.0,0.027,24.05,19.61,19.61,1,0.88,
KMT-2024-BLG-2671,SSO21M0808.009368,17:55:09.69,-34:23:03.08,60607.01342,53.84,0.243,18.68,18.22,18.22,1,0.84,MB24277 OB241324
KMT-2024-BLG-2672,BLG22K0804.017224,17:49:46.17,-32:43:37.70,60575.57596,24.43,0.286,21.71,19.76,19.76,1,2.75,
KMT-2024-BLG-2673,BLG31M0402.029889,18:16:04.26,-25:36:31.21,60580.44606,16.01,0.899,19.44,19.27,19.27,1,1.01,
KMT-2024-BLG-2674,BLG35T0406.047653,18:02:12.64,-26:11:39.30,60580.67109,63.36,0.191,22.76,20.0,21.67,2,3.63,
KMT-2024-BLG-2675,BLG37N0406.002325,17:47:37.79,-35:41:42.50,60594.8462,14.13,0.985,16.81,16.57,16.57,1,1.2,
KMT-2024-BLG-2676,BLG43T0701.082020,17:58:02.35,-29:05:02.40,60579.30874,24.41,0.035,22.37,20.0,20.09,1,1.67,
KMT-2024-BLG-2677,BLG01M0406.012621,17:57:12.78,-30:21:06.30,60600.34586,98.23,0.12,21.7,18.56,18.56,1,1.84,
KMT-2024-BLG-2678,BLG01M0704.070040,17:55:24.43,-30:35:36.31,60602.85554,51.44,0.178,20.05,20.0,20.18,1,1.96,OB241316
KMT-2024-BLG-2679,BLG01N0207.013975,17:58:12.25,-31:19:23.41,60588.71368,40.16,0.828,19.42,18.73,18.73,1,1.8,
KMT-2024-BLG-2680,BLG01N0408.021396,17:57:13.88,-31:14:21.08,60589.64655,24.63,1.0,18.87,18.76,18.76,1,1.25,
KMT-2024-BLG-2681,BLG03M0705.014348,18:02:51.42,-27:22:36.30,60583.35213,17.45,0.054,19.04,18.82,18.82,1,1.61,
KMT-2024-BLG-2682,SSO13K0307.016991,17:33:26.80,-33:25:37.56,60608.82244,69.62,0.11,19.98,20.0,20.91,2,5.47,
KMT-2024-BLG-2683,BLG17M0104.012032,17:49:22.77,-32:43:40.19,60589.93362,22.56,0.389,20.25,19.73,19.73,1,3.42,
KMT-2024-BLG-2684,BLG22K0104.000737,17:53:52.76,-32:46:36.70,60589.64623,48.87,0.925,18.37,15.2,15.2,1,1.54,
KMT-2024-BLG-2685,BLG43K0505.013871,17:58:57.38,-27:30:15.70,60600.59065,30.12,0.794,18.63,18.17,18.17,1,1.69,OB241306
KMT-2024-BLG-2686,SAO43N0502.002031,18:03:48.97,-28:54:15.30,60600.33711,27.0,0.755,17.31,15.27,15.27,1,0.76,OB241329
KMT-2024-BLG-2687,BLG02N0506.071747,17:56:43.49,-29:26:08.48,60592.70279,20.48,0.133,19.93,19.62,19.62,1,1.7,OB241309
KMT-2024-BLG-2688,BLG03K0201.005615,18:00:59.45,-27:49:34.10,60604.89999,19.08,0.452,17.15,16.61,16.61,1,1.28,OB241326
KMT-2024-BLG-2689,BLG03K0702.042415,17:58:08.05,-27:44:12.30,60583.93753,8.39,0.208,21.12,19.62,19.62,1,2.09,
KMT-2024-BLG-2690,BLG03T0503.051605,17:59:13.58,-28:45:02.92,60592.8356,30.4,0.272,19.85,19.02,19.02,1,1.24,OB241312
KMT-2024-BLG-2691,BLG11N0608.012551,17:29:09.50,-30:03:31.07,60581.96866,10.83,0.477,19.34,19.41,19.41,2,2.52,
KMT-2024-BLG-2692,BLG14M0402.009083,17:39:22.77,-28:41:50.89,60596.12214,30.81,0.419,19.96,20.0,20.02,2,4.45,
KMT-2024-BLG-2693,BLG14M0608.104655,17:38:17.43,-27:54:38.81,60581.61348,18.53,0.076,22.36,20.0,25.0,3,3.08,
KMT-2024-BLG-2694,BLG15N0106.004354,17:41:06.05,-27:06:13.07,60589.27297,54.61,0.232,21.36,18.33,18.33,2,3.51,
KMT-2024-BLG-2695,BLG17N0401.001623,17:47:47.51,-34:14:00.38,60603.35634,25.91,0.401,18.29,15.93,15.93,1,1.4,MB24268
KMT-2024-BLG-2696,SAO17N0705.065254,17:45:35.52,-33:41:33.29,60585.78603,28.11,0.023,20.08,20.0,20.11,1,1.55,MB24245
KMT-2024-BLG-2697,BLG20N0204.032615,17:49:43.25,-23:05:52.80,60581.10585,110.37,0.023,23.37,19.75,19.75,1,2.15,
KMT-2024-BLG-2698,BLG20N0606.047561,17:47:33.18,-22:55:47.78,60592.22589,40.27,0.529,19.86,19.79,19.79,1,1.46,
KMT-2024-BLG-2699,BLG20T0203.060256,17:45:04.08,-23:13:49.33,60584.49788,16.41,0.15,20.67,20.0,20.83,2,1.43,
KMT-2024-BLG-2700,BLG22T0506.010313,17:51:28.28,-33:38:31.13,60587.25154,28.01,0.303,20.78,18.94,18.94,2,1.98,
KMT-2024-BLG-2701,BLG35N0406.007143,18:07:00.67,-26:11:07.01,60592.83821,23.91,0.702,19.03,17.93,17.93,1,1.8,OB241344
KMT-2024-BLG-2702,BLG37T0401.034327,17:42:03.67,-36:22:05.02,60579.72989,11.93,0.181,21.5,20.0,20.89,2,1.81,
KMT-2024-BLG-2703,BLG42K0207.001386,17:53:16.61,-28:18:23.26,60616.41948,199.98,0.158,20.2,16.24,16.24,4,2.69,
KMT-2024-BLG-2704,BLG42N0804.106971,17:54:25.34,-29:46:09.59,60586.81361,5.55,0.002,19.61,20.0,20.14,1,1.36,
KMT-2024-BLG-2705,BLG01T0107.050258,17:54:09.79,-31:20:12.30,60588.9275,71.44,0.009,22.44,19.84,19.84,1,1.77,
KMT-2024-BLG-2706,BLG03T0308.057102,18:00:11.62,-28:04:32.41,60586.86618,12.83,0.363,21.25,19.49,19.49,1,1.55,
KMT-2024-BLG-2707,BLG04M0805.049699,18:04:20.82,-29:25:51.89,60587.96935,13.03,0.878,19.21,19.24,19.24,1,0.88,
KMT-2024-BLG-2708,BLG11N0505.010508,17:29:32.95,-30:27:16.09,60584.59986,7.27,0.756,19.3,19.3,19.3,2,2.8,
KMT-2024-BLG-2709,BLG14M0502.012516,17:38:55.15,-28:35:52.22,60597.44041,21.19,0.512,19.71,19.87,19.87,2,3.71,
KMT-2024-BLG-2710,SSO18K0506.064923,17:43:07.29,-25:57:06.19,60586.90176,25.22,0.113,20.83,20.0,21.34,2,2.85,
KMT-2024-BLG-2711,BLG19K0401.038671,17:44:04.14,-24:29:35.59,60582.82906,2.81,0.303,20.02,20.0,20.2,1,2.24,
KMT-2024-BLG-2712,BLG32N0202.016258,18:14:51.64,-28:50:16.91,60601.03839,60.23,0.248,19.6,18.61,18.61,1,0.54,MB24274 OB241385
KMT-2024-BLG-2713,BLG34T0706.064142,17:59:58.99,-32:32:17.81,60590.51621,26.35,0.043,20.88,20.0,20.64,1,1.23,
KMT-2024-BLG-2714,BLG42M0408.069207,17:56:53.81,-28:08:55.61,60585.53467,31.24,0.032,22.61,19.96,19.96,1,1.99,
KMT-2024-BLG-2715,BLG42T0103.027546,17:53:41.19,-29:50:12.41,60590.01305,42.75,0.016,19.19,18.54,18.54,1,1.46,MB24251
KMT-2024-BLG-2716,BLG01K0104.038867,17:54:07.25,-30:35:49.99,60401.84622,12.43,0.097,22.02,19.47,19.47,1,1.49,
KMT-2024-BLG-2717,BLG01K0106.063388,17:54:04.61,-30:20:56.08,60411.07378,71.64,0.141,22.38,19.67,19.67,2,1.62,
KMT-2024-BLG-2718,BLG01K0108.026265,17:54:05.54,-30:09:51.16,60392.34919,7.53,0.331,19.23,18.66,18.66,2,1.42,
KMT-2024-BLG-2719,BLG01K0202.052398,17:53:25.26,-30:55:52.21,60570.35165,12.06,0.495,19.88,19.61,19.61,1,1.89,
KMT-2024-BLG-2720,SSO01K0203.051728,17:53:10.18,-30:46:08.29,60594.30945,28.53,0.033,20.92,19.88,19.88,1,1.97,
KMT-2024-BLG-2721,BLG01K0205.027166,17:53:32.04,-30:28:02.32,60391.35596,5.85,0.507,19.95,18.95,18.95,1,1.57,
KMT-2024-BLG-2722,SSO01K0208.040717,17:53:24.87,-30:11:19.75,60553.86847,5.7,0.103,22.13,19.11,19.11,2,1.42,
KMT-2024-BLG-2723,BLG01K0301.050998,17:52:48.46,-31:02:31.60,60395.22488,51.25,0.163,21.97,19.72,19.72,1,2.04,
KMT-2024-BLG-2724,BLG01K0307.017100,17:52:41.37,-30:18:27.29,60511.42202,17.56,0.002,21.04,18.64,18.64,4,1.86,OB241015
KMT-2024-BLG-2725,BLG01K0405.035968,17:52:10.21,-30:28:16.21,60364.9458,8.41,0.206,20.91,19.64,19.64,1,2.15,
KMT-2024-BLG-2726,BLG01K0504.004806,17:51:33.88,-30:37:40.80,60424.92149,9.2,0.998,18.75,17.06,17.06,1,2.71,
KMT-2024-BLG-2727,BLG01K0507.019210,17:51:43.43,-30:15:37.12,60544.42894,51.03,0.185,21.54,18.68,18.68,1,2.36,
KMT-2024-BLG-2728,BLG01K0602.023028,17:50:54.69,-30:49:41.41,60361.39676,2.25,0.692,19.66,19.7,19.7,1,2.9,
KMT-2024-BLG-2729,BLG01K0705.040214,17:50:18.68,-30:32:17.41,60393.9849,4.17,0.757,19.91,19.78,19.78,1,2.52,
KMT-2024-BLG-2730,BLG01K0706.026274,17:50:37.18,-30:25:41.59,60373.4086,3.22,0.114,20.16,19.52,19.52,1,2.49,
KMT-2024-BLG-2731,BLG01K0804.006104,17:49:39.08,-30:36:04.50,60381.67249,95.15,0.424,17.35,17.38,17.38,1,3.15,OB240024
KMT-2024-BLG-2732,BLG01M0102.000696,17:59:13.61,-30:56:25.30,60370.77949,51.29,0.993,16.3,15.31,15.31,1,1.94,OB240086
KMT-2024-BLG-2733,BLG01M0108.050869,17:58:51.06,-30:07:09.41,60604.73032,23.27,0.4,19.63,19.6,19.6,1,1.44,OB241317
KMT-2024-BLG-2734,BLG01M0201.067613,17:58:10.53,-31:01:38.89,60596.27843,6.28,0.177,20.51,20.0,20.46,1,1.56,
KMT-2024-BLG-2735,BLG01M0206.059470,17:58:21.46,-30:26:00.89,60548.10659,6.82,0.101,20.52,20.0,20.38,1,2.15,
KMT-2024-BLG-2736,BLG01M0303.002747,17:57:35.47,-30:42:33.19,60366.9031,2.41,0.675,16.14,16.15,16.15,1,1.61,
KMT-2024-BLG-2737,BLG01M0401.027868,17:57:02.24,-31:02:25.40,60387.03448,42.84,0.194,21.36,18.8,18.8,1,1.12,
KMT-2024-BLG-2738,BLG01M0405.032496,17:57:25.03,-30:29:04.42,60375.3623,4.88,0.048,22.45,19.91,19.91,1,2.16,
KMT-2024-BLG-2739,SAO01M0407.028017,17:57:10.98,-30:11:55.00,60430.96967,4.89,0.018,21.04,19.23,19.23,1,1.58,
KMT-2024-BLG-2740,SSO01M0408.023710,17:57:11.81,-30:08:46.61,60540.8506,1.49,0.117,18.76,18.66,18.66,1,1.37,
KMT-2024-BLG-2741,BLG01M0501.001378,17:56:36.59,-31:03:37.51,60364.85169,52.24,0.647,19.01,15.28,15.28,1,1.29,
KMT-2024-BLG-2742,BLG01M0605.010868,17:55:50.06,-30:33:27.00,60616.54269,51.69,0.906,19.98,18.53,18.53,1,1.8,OB241314 OB241315
KMT-2024-BLG-2743,SSO01M0706.061748,17:55:20.94,-30:21:18.22,60542.08433,11.14,0.034,22.56,20.0,20.16,1,1.91,
KMT-2024-BLG-2744,BLG01M0807.071762,17:54:50.03,-30:15:13.57,60575.34078,23.6,0.04,23.67,20.0,20.91,2,1.93,
KMT-2024-BLG-2745,BLG01N0105.072829,17:58:59.23,-31:39:09.68,60351.81603,20.15,0.103,20.0,20.0,20.88,1,1.73,
KMT-2024-BLG-2746,BLG01N0204.012967,17:58:16.60,-31:46:07.00,60359.84888,13.98,0.093,20.98,18.97,18.97,1,1.82,
KMT-2024-BLG-2747,BLG01N0402.005068,17:57:14.18,-32:01:50.20,60356.87218,29.29,0.121,17.49,17.49,17.49,1,1.46,OB240090
KMT-2024-BLG-2748,BLG01N0406.015955,17:57:04.24,-31:31:16.28,60599.95813,58.45,0.433,19.62,18.74,18.74,1,1.58,OB241319
KMT-2024-BLG-2749,BLG01N0408.064095,17:57:03.86,-31:11:56.29,60601.01706,36.36,0.044,22.9,19.95,19.95,1,1.17,
KMT-2024-BLG-2750,BLG01N0508.055391,17:56:32.33,-31:13:49.12,60373.17188,47.42,0.265,21.27,19.7,19.7,1,1.44,
KMT-2024-BLG-2751,BLG01N0605.037237,17:55:47.12,-31:35:22.20,60465.00052,1.19,0.052,21.61,19.36,19.36,1,1.42,
KMT-2024-BLG-2752,BLG01N0608.009936,17:56:07.55,-31:13:30.22,60609.56108,31.39,0.259,20.21,18.03,18.03,1,1.55,
KMT-2024-BLG-2753,BLG01N0802.023529,17:54:55.33,-31:58:12.61,60564.82722,33.37,0.292,21.43,19.1,19.1,1,1.5,
KMT-2024-BLG-2754,BLG01N0802.056181,17:54:57.73,-31:57:38.92,60375.85803,7.09,0.673,19.8,19.97,19.97,1,1.5,
KMT-2024-BLG-2755,BLG01N0804.036605,17:54:51.63,-31:46:00.52,60383.21632,53.01,0.628,19.57,19.41,19.41,1,1.57,
KMT-2024-BLG-2756,SSO01T0104.062653,17:54:01.05,-31:42:36.40,60593.33652,106.27,0.074,22.78,20.0,20.18,1,1.91,
KMT-2024-BLG-2757,BLG01T0104.080216,17:54:04.15,-31:44:36.71,60363.14961,28.44,0.078,20.61,20.0,20.97,1,1.79,
KMT-2024-BLG-2758,BLG01T0202.050330,17:53:24.35,-32:02:45.71,60363.96676,17.71,0.015,22.14,19.98,19.98,1,2.0,
KMT-2024-BLG-2759,BLG01T0207.085180,17:53:20.02,-31:21:14.90,60376.78649,34.48,0.039,23.31,20.0,21.12,1,1.95,
KMT-2024-BLG-2760,BLG01T0302.000635,17:52:40.12,-32:02:37.90,60360.66822,52.33,0.43,18.63,15.05,15.05,1,1.86,
KMT-2024-BLG-2761,BLG01T0401.011612,17:52:26.78,-32:08:36.10,60414.99015,29.74,0.395,21.04,18.54,18.54,1,2.03,
KMT-2024-BLG-2762,BLG01T0401.078795,17:52:04.39,-32:05:36.64,60389.51165,18.46,0.024,23.09,20.0,21.94,2,2.04,
KMT-2024-BLG-2763,BLG01T0403.048225,17:52:26.10,-31:51:24.01,60370.12536,15.71,0.1,21.75,20.0,20.25,1,2.06,
KMT-2024-BLG-2764,BLG01T0407.056223,17:52:08.47,-31:21:27.76,60371.04618,4.0,0.799,19.27,20.0,21.96,2,3.02,
KMT-2024-BLG-2765,BLG01T0502.013030,17:51:27.50,-31:59:27.49,60583.58318,114.32,0.032,22.41,18.98,18.98,1,2.42,
KMT-2024-BLG-2766,BLG02K0104.096510,17:54:05.94,-28:29:21.12,60396.68041,9.91,0.349,20.93,20.0,25.0,3,2.34,
KMT-2024-BLG-2767,SSO02K0203.057158,17:53:08.57,-28:42:52.85,60587.16977,35.66,0.13,20.36,20.0,20.82,2,2.61,
KMT-2024-BLG-2768,SSO02K0208.005978,17:53:23.04,-27:59:44.66,60602.45091,46.54,0.217,19.06,18.96,18.96,2,5.15,
KMT-2024-BLG-2769,BLG02K0302.021511,17:52:43.09,-28:48:48.67,60587.71809,197.73,0.002,24.86,19.59,19.59,2,2.88,
KMT-2024-BLG-2770,BLG02K0401.023153,17:52:18.14,-28:53:51.72,60364.7847,20.55,0.593,19.5,19.55,19.55,2,2.85,
KMT-2024-BLG-2771,BLG02K0407.007937,17:52:30.43,-28:11:09.46,60564.05536,10.01,0.881,19.08,18.95,18.95,2,4.52,
KMT-2024-BLG-2772,BLG02K0407.033411,17:52:23.28,-28:07:52.82,60379.7486,24.58,0.097,22.87,20.0,21.15,2,4.27,
KMT-2024-BLG-2773,SAO02K0505.087476,17:51:42.78,-28:24:32.11,60377.53218,33.44,0.007,24.93,20.0,25.0,3,3.43,
KMT-2024-BLG-2774,BLG02K0705.005802,17:50:46.33,-28:22:31.04,60366.36187,82.67,0.709,19.24,19.25,19.25,2,5.06,OB240015
KMT-2024-BLG-2775,BLG02M0101.012100,17:58:56.05,-28:53:25.69,60369.92339,9.22,1.0,18.26,17.5,17.5,1,1.03,
KMT-2024-BLG-2776,BLG02M0106.013264,17:58:33.89,-28:16:11.39,60360.70963,24.99,0.78,19.45,18.07,18.07,1,1.75,
KMT-2024-BLG-2777,BLG02M0204.011497,17:58:11.83,-28:29:37.61,60364.3873,7.55,0.123,18.74,17.84,17.84,1,1.67,
KMT-2024-BLG-2778,BLG02M0301.015695,17:57:37.92,-28:50:33.00,60372.13022,40.45,0.522,17.96,17.97,17.97,1,1.27,OB240126
KMT-2024-BLG-2779,BLG02M0306.066286,17:57:39.12,-28:13:37.42,60392.90888,88.0,0.007,24.75,19.6,19.6,1,1.81,
KMT-2024-BLG-2780,SSO02M0307.083407,17:57:44.79,-28:10:49.01,60513.15975,10.28,0.027,21.99,20.0,20.5,1,1.89,
KMT-2024-BLG-2781,BLG02M0403.101403,17:57:08.93,-28:42:29.41,60507.29181,41.2,0.543,20.02,20.0,20.66,1,1.85,
KMT-2024-BLG-2782,BLG02M0406.013478,17:56:57.38,-28:16:51.49,60606.73064,96.41,0.099,20.95,17.97,17.97,1,1.94,OB241304
KMT-2024-BLG-2783,BLG02M0503.003791,17:56:38.56,-28:39:01.69,60344.79527,24.43,0.418,16.0,16.02,16.02,1,1.62,OB240085
KMT-2024-BLG-2784,BLG02M0507.051860,17:56:29.75,-28:08:24.29,60464.09529,17.66,1.0,19.57,19.55,19.55,1,1.97,
KMT-2024-BLG-2785,BLG02M0603.018214,17:55:51.38,-28:42:11.48,60361.05278,16.92,0.121,19.65,18.39,18.39,2,1.9,
KMT-2024-BLG-2786,BLG02M0801.024075,17:54:46.63,-28:54:57.35,60379.53153,15.11,0.209,20.51,18.84,18.84,2,1.9,
KMT-2024-BLG-2787,BLG02M0802.037821,17:54:38.40,-28:45:20.09,60581.79822,34.73,0.064,23.21,19.46,19.46,2,1.9,
KMT-2024-BLG-2788,BLG02M0807.036801,17:54:46.97,-28:07:06.17,60394.58745,6.53,0.687,20.53,20.0,20.81,2,3.95,
KMT-2024-BLG-2789,BLG02N0105.060751,17:58:50.24,-29:29:11.69,60601.48891,78.73,0.002,23.5,19.61,19.61,1,1.53,OB241308
KMT-2024-BLG-2790,SSO02N0106.023770,17:59:06.84,-29:19:48.50,60593.62639,17.76,0.093,20.6,18.4,18.4,1,1.05,
KMT-2024-BLG-2791,BLG02N0202.065005,17:58:23.92,-29:53:35.09,60353.16087,30.77,0.093,20.4,19.46,19.46,1,1.19,
KMT-2024-BLG-2792,SAO02N0204.007318,17:58:24.70,-29:41:12.70,60479.18576,39.38,0.162,20.35,16.95,16.95,1,1.12,OB240751
KMT-2024-BLG-2793,SAO02N0206.010732,17:58:29.57,-29:21:11.48,60451.69565,1.03,0.226,20.41,17.61,17.61,1,1.31,
KMT-2024-BLG-2794,BLG02N0301.015922,17:57:38.75,-30:01:17.40,60356.20352,81.89,0.166,20.78,18.43,18.43,1,1.45,
KMT-2024-BLG-2795,BLG02N0305.058539,17:57:37.42,-29:34:21.68,60603.35964,50.29,0.068,21.61,19.46,19.46,1,1.55,OB241368
KMT-2024-BLG-2796,BLG02N0307.019287,17:57:44.72,-29:18:06.80,60354.23714,13.19,0.318,18.35,18.39,18.39,1,1.77,
KMT-2024-BLG-2797,BLG02N0308.027776,17:57:50.89,-29:05:08.99,60598.50001,120.71,0.013,23.64,18.69,18.69,1,1.5,OB241310
KMT-2024-BLG-2798,BLG02N0403.049335,17:56:53.53,-29:47:35.09,60392.06692,13.5,0.002,22.64,19.35,19.35,1,1.86,
KMT-2024-BLG-2799,BLG02N0407.003514,17:57:15.19,-29:15:03.31,60594.56973,12.36,0.041,21.08,16.14,16.14,1,1.89,
KMT-2024-BLG-2800,BLG02N0408.010398,17:57:03.21,-29:08:55.61,60602.92537,12.04,0.498,18.66,17.83,17.83,1,1.78,OB241311
KMT-2024-BLG-2801,BLG02N0408.099972,17:56:57.49,-29:11:48.26,60368.87721,39.28,0.186,21.07,20.0,20.85,2,2.36,
KMT-2024-BLG-2802,BLG02N0503.083410,17:56:25.89,-29:47:38.69,60603.6443,199.66,0.013,22.94,20.0,20.37,1,1.8,OB241307
KMT-2024-BLG-2803,BLG02N0508.003887,17:56:48.32,-29:11:43.04,60564.36532,63.57,0.997,17.46,16.99,16.99,2,2.79,
KMT-2024-BLG-2804,BLG02N0605.068563,17:56:04.45,-29:34:53.62,60339.27619,96.63,0.181,19.59,19.63,19.63,1,1.55,
KMT-2024-BLG-2805,BLG02N0606.002593,17:55:55.45,-29:20:40.42,60362.05756,172.76,0.01,23.32,15.84,15.84,1,1.94,
KMT-2024-BLG-2806,BLG02N0608.029719,17:55:52.42,-29:07:14.84,60565.34382,12.14,0.791,20.05,18.99,18.99,2,1.68,
KMT-2024-BLG-2807,BLG02N0608.085923,17:56:05.93,-29:12:13.25,60585.62867,27.81,0.388,20.14,20.0,20.36,3,1.8,
KMT-2024-BLG-2808,SSO02N0706.021898,17:55:27.07,-29:25:00.01,60572.06212,81.52,0.043,22.09,18.25,18.25,1,1.48,
KMT-2024-BLG-2809,SSO02N0708.081848,17:55:12.15,-29:11:01.54,60589.33691,62.93,0.017,21.06,20.0,20.68,2,2.1,MB24259
KMT-2024-BLG-2810,BLG02N0801.010961,17:54:49.58,-30:04:10.81,60505.84896,8.85,0.293,19.65,17.46,17.46,1,1.31,OB240966
KMT-2024-BLG-2811,BLG02N0802.076215,17:54:37.75,-29:53:10.50,60568.15681,11.9,0.033,21.59,19.5,19.5,1,1.31,
KMT-2024-BLG-2812,BLG02N0804.023683,17:54:50.01,-29:42:50.90,60608.99511,128.56,0.062,21.2,18.28,18.28,1,1.4,
KMT-2024-BLG-2813,BLG02N0806.021605,17:55:03.20,-29:26:06.90,60600.63756,6.18,0.204,18.13,18.3,18.3,1,1.46,MB24279
KMT-2024-BLG-2814,BLG02N0808.024457,17:54:53.30,-29:08:45.38,60499.97912,29.59,0.467,20.5,18.64,18.64,1,2.1,
KMT-2024-BLG-2815,BLG02N0808.091588,17:54:59.02,-29:10:56.60,60374.29173,23.86,0.014,22.22,20.0,20.66,1,2.25,
KMT-2024-BLG-2816,BLG02T0105.021646,17:53:59.52,-29:30:32.11,60502.56917,20.34,0.992,19.38,18.36,18.36,1,1.83,
KMT-2024-BLG-2817,SSO02T0108.092746,17:54:01.49,-29:08:16.01,60593.43611,2.43,0.051,19.69,19.75,19.75,1,1.62,
KMT-2024-BLG-2818,SSO02T0201.100944,17:53:17.64,-30:05:08.70,60594.24375,17.83,0.43,19.74,20.0,20.21,1,1.57,
KMT-2024-BLG-2819,BLG02T0208.064437,17:53:17.84,-29:05:47.18,60381.98738,18.17,0.05,22.14,19.55,19.55,1,2.27,
KMT-2024-BLG-2820,BLG02T0301.098198,17:52:46.85,-30:01:16.79,60597.93455,40.82,0.002,22.14,20.0,20.41,1,1.76,
KMT-2024-BLG-2821,BLG02T0305.002243,17:53:02.67,-29:28:17.69,60607.41065,12.75,0.553,15.72,15.75,15.75,1,2.22,MB24264 OB241301
KMT-2024-BLG-2822,BLG02T0305.002463,17:52:43.01,-29:29:20.18,60416.90574,52.81,0.15,19.94,15.86,15.86,1,2.67,
KMT-2024-BLG-2823,BLG02T0305.003039,17:52:53.29,-29:34:07.28,60358.69368,8.45,0.705,16.09,16.12,16.12,1,2.07,
KMT-2024-BLG-2824,BLG02T0307.034417,17:52:33.82,-29:18:28.30,60398.76777,9.03,0.113,21.29,19.37,19.37,1,2.86,
KMT-2024-BLG-2825,BLG02T0402.068506,17:52:29.33,-29:51:13.72,60411.97223,13.95,0.593,20.12,20.0,20.01,1,2.08,
KMT-2024-BLG-2826,BLG02T0403.016124,17:52:02.82,-29:43:47.60,60587.32321,27.61,0.002,21.66,18.17,18.17,1,2.58,
KMT-2024-BLG-2827,BLG02T0405.008631,17:52:23.63,-29:33:38.02,60383.12758,5.94,0.338,20.05,17.35,17.35,1,2.3,
KMT-2024-BLG-2828,BLG02T0406.023250,17:52:23.96,-29:25:13.58,60424.44466,46.08,0.591,20.17,18.94,18.94,1,2.56,
KMT-2024-BLG-2829,SAO02T0406.056209,17:52:04.55,-29:21:13.90,60450.52026,4.23,0.016,22.33,20.0,20.02,1,2.83,
KMT-2024-BLG-2830,SSO02T0407.002960,17:52:20.49,-29:14:22.60,60356.88972,102.17,0.248,17.61,16.53,16.53,1,2.74,OB240017
KMT-2024-BLG-2831,BLG02T0407.020393,17:52:23.39,-29:16:43.61,60361.13148,14.26,0.063,21.56,18.85,18.85,1,2.85,
KMT-2024-BLG-2832,SSO02T0408.022977,17:52:19.19,-29:06:14.51,60426.0336,50.0,0.256,20.43,19.15,19.15,1,2.75,OB240514
KMT-2024-BLG-2833,BLG02T0702.023682,17:50:42.06,-29:54:56.48,60578.79103,66.3,0.077,24.18,19.36,19.36,1,3.08,
KMT-2024-BLG-2834,BLG02T0707.009950,17:50:32.84,-29:17:59.39,60555.81034,9.72,0.414,19.72,18.84,18.84,1,4.11,OB241156
KMT-2024-BLG-2835,BLG03K0108.040764,18:01:43.85,-26:55:38.50,60393.75253,18.4,0.885,19.87,20.0,20.4,1,2.57,
KMT-2024-BLG-2836,BLG03K0207.004833,18:00:56.02,-27:05:49.81,60365.97209,17.79,0.91,18.13,17.1,17.1,1,2.23,OB240099
KMT-2024-BLG-2837,SSO03K0303.046974,18:00:39.24,-27:33:03.20,60559.8755,56.55,0.265,21.85,19.36,19.36,1,1.62,
KMT-2024-BLG-2838,SSO03K0406.068721,17:59:52.37,-27:08:17.81,60399.86483,22.26,1.0,20.12,20.0,20.28,1,2.06,
KMT-2024-BLG-2839,SAO03K0507.000816,17:59:26.01,-27:05:04.42,60358.78112,56.39,0.168,15.43,15.22,15.22,1,2.21,
KMT-2024-BLG-2840,BLG03K0601.056961,17:58:36.28,-27:49:28.99,60504.74585,11.14,0.061,23.49,20.0,20.08,1,2.63,
KMT-2024-BLG-2841,BLG03K0603.065542,17:58:37.74,-27:35:18.38,60376.8656,6.55,0.176,21.6,19.93,19.93,1,1.83,
KMT-2024-BLG-2842,BLG03K0605.081794,17:58:49.61,-27:20:16.98,60385.68609,8.83,0.692,19.96,20.0,21.25,2,1.97,
KMT-2024-BLG-2843,BLG03K0703.055574,17:58:08.89,-27:33:46.40,60369.90338,5.92,0.073,21.71,20.0,20.07,1,2.18,
KMT-2024-BLG-2844,BLG03K0704.045280,17:57:58.52,-27:26:43.44,60543.4046,1.29,0.016,19.93,20.0,20.02,2,2.53,
KMT-2024-BLG-2845,BLG03K0804.051157,17:57:40.28,-27:24:49.10,60585.00912,17.69,0.013,24.02,20.0,21.19,2,2.83,
KMT-2024-BLG-2846,BLG03M0103.018534,18:06:13.72,-27:32:27.49,60353.4313,190.72,0.041,21.75,18.32,18.32,1,0.83,
KMT-2024-BLG-2847,BLG03M0106.050105,18:06:10.87,-27:10:11.32,60388.43787,37.07,0.881,19.54,19.37,19.37,1,1.02,
KMT-2024-BLG-2848,BLG03M0107.043571,18:06:22.34,-27:04:11.32,60574.40445,63.7,0.031,23.64,19.12,19.12,1,0.98,
KMT-2024-BLG-2849,BLG03M0404.080268,18:04:51.35,-27:29:34.30,60585.54159,1.31,0.294,20.01,19.99,19.99,1,0.99,
KMT-2024-BLG-2850,BLG03M0501.003560,18:04:10.02,-27:52:04.40,60360.59449,14.1,0.868,17.54,16.21,16.21,1,1.11,
KMT-2024-BLG-2851,BLG03M0701.013171,18:03:03.40,-27:46:17.51,60357.64979,25.1,0.217,17.99,18.05,18.05,1,1.08,OB240095
KMT-2024-BLG-2852,BLG03M0701.014407,18:02:47.82,-27:52:22.12,60348.05124,29.71,0.305,19.21,18.15,18.15,1,1.89,
KMT-2024-BLG-2853,BLG03N0107.070238,18:06:38.74,-28:11:57.30,60591.21993,32.63,0.082,22.14,19.86,19.86,1,1.05,
KMT-2024-BLG-2854,BLG03N0202.030355,18:05:48.16,-28:48:33.52,60362.86133,10.38,0.029,21.64,18.84,18.84,1,1.01,
KMT-2024-BLG-2855,SSO03N0206.030047,18:05:38.50,-28:17:39.70,60592.93162,14.7,0.002,21.65,18.75,18.75,1,0.8,
KMT-2024-BLG-2856,BLG03N0208.007258,18:06:04.07,-28:04:37.60,60361.5432,16.29,0.197,20.04,17.22,17.22,1,0.91,
KMT-2024-BLG-2857,BLG03N0302.043292,18:05:06.72,-28:46:58.01,60599.70691,17.84,0.132,19.41,19.07,19.07,1,0.92,MB24265 OB241328
KMT-2024-BLG-2858,BLG03N0302.088310,18:05:17.99,-28:47:56.18,60357.8613,50.45,0.249,20.42,20.0,20.48,1,0.91,
KMT-2024-BLG-2859,BLG03N0304.030588,18:05:15.86,-28:33:35.50,60607.02247,11.95,0.091,18.8,18.73,18.73,1,0.89,OB241372
KMT-2024-BLG-2860,BLG03N0807.059127,18:02:11.57,-28:09:36.61,60382.18363,2.94,0.837,19.41,19.21,19.21,1,1.11,
KMT-2024-BLG-2861,BLG03T0104.028722,18:01:35.48,-28:33:53.32,60603.77148,17.56,0.474,18.56,18.54,18.54,1,0.97,OB241332
KMT-2024-BLG-2862,BLG03T0106.045675,18:01:47.21,-28:20:42.79,60606.44898,33.2,0.419,18.96,19.01,19.01,1,1.19,OB241331
KMT-2024-BLG-2863,BLG03T0108.020158,18:01:35.44,-28:01:29.10,60607.81761,22.76,0.673,19.29,18.36,18.36,1,1.26,
KMT-2024-BLG-2864,BLG03T0208.012904,18:01:14.42,-28:07:03.79,60581.22302,6.02,0.998,18.16,17.83,17.83,1,1.22,
KMT-2024-BLG-2865,BLG03T0302.079564,18:00:33.59,-28:46:27.91,60593.85184,6.06,0.203,19.72,19.46,19.46,1,1.0,
KMT-2024-BLG-2866,SSO03T0305.008390,18:00:30.65,-28:26:40.31,60596.75677,35.11,0.133,20.86,17.14,17.14,1,1.24,
KMT-2024-BLG-2867,BLG03T0308.043934,18:00:27.68,-28:02:15.40,60442.39166,0.5,0.103,19.09,19.21,19.21,1,1.4,
KMT-2024-BLG-2868,BLG03T0403.078875,17:59:52.77,-28:43:12.79,60414.55155,140.17,0.027,24.27,19.57,19.57,1,1.07,
KMT-2024-BLG-2869,BLG03T0407.038059,17:59:58.78,-28:09:28.40,60394.29349,3.98,0.7,19.22,18.82,18.82,1,1.41,
KMT-2024-BLG-2870,BLG03T0503.028862,17:59:21.29,-28:39:26.39,60380.1966,7.91,0.09,22.51,18.47,18.47,1,1.27,
KMT-2024-BLG-2871,BLG03T0503.054686,17:59:09.67,-28:41:26.20,60369.40581,28.21,0.201,20.93,19.09,19.09,1,1.24,
KMT-2024-BLG-2872,BLG03T0508.019037,17:59:09.80,-28:06:19.01,60607.22891,40.02,0.127,21.05,18.82,18.82,1,2.21,OB241367
KMT-2024-BLG-2873,BLG03T0707.005707,17:58:00.41,-28:07:32.92,60344.4328,44.95,0.401,18.75,16.95,16.95,1,2.07,
KMT-2024-BLG-2874,BLG04K0202.069994,18:02:54.95,-29:51:03.20,60569.62904,2.83,0.048,21.0,19.63,19.63,1,0.85,
KMT-2024-BLG-2875,SSO04K0206.063547,18:02:43.96,-29:17:59.10,60583.98318,11.27,0.761,19.84,19.61,19.61,1,0.99,
KMT-2024-BLG-2876,BLG04K0301.006913,18:02:24.77,-29:55:04.40,60601.93933,97.72,0.351,19.87,17.37,17.37,1,1.0,OB241334
KMT-2024-BLG-2877,BLG04K0301.078450,18:02:04.28,-29:55:33.31,60365.43738,11.59,0.399,19.82,20.0,20.04,1,1.06,
KMT-2024-BLG-2878,BLG04K0303.023679,18:01:59.47,-29:40:27.52,60392.85514,39.46,0.116,21.24,18.54,18.54,1,1.06,
KMT-2024-BLG-2879,BLG04K0407.015975,18:01:36.65,-29:10:31.19,60598.34689,16.41,0.053,20.42,18.13,18.13,1,1.28,MB24280 OB241327
KMT-2024-BLG-2880,BLG04K0502.055108,18:01:17.20,-29:50:06.68,60397.26123,47.32,0.06,23.16,19.33,19.33,1,1.24,
KMT-2024-BLG-2881,BLG04K0503.079380,18:00:56.87,-29:42:33.30,60398.48507,32.38,0.189,19.93,20.0,20.01,1,1.3,
KMT-2024-BLG-2882,BLG04K0607.036307,18:00:23.26,-29:12:07.81,60516.34991,13.82,0.404,20.86,18.8,18.8,1,1.16,
KMT-2024-BLG-2883,BLG04K0704.005405,17:59:39.61,-29:35:26.99,60554.48462,8.3,0.006,20.01,16.84,16.84,1,1.35,OB241159
KMT-2024-BLG-2884,BLG04K0806.033616,17:59:15.51,-29:20:22.70,60410.37522,10.57,0.891,18.74,18.7,18.7,1,1.16,OB240367
KMT-2024-BLG-2885,SAO04K0808.092318,17:59:17.88,-29:06:19.01,60492.50406,4.97,0.016,21.4,20.0,20.06,1,0.96,OB240865
KMT-2024-BLG-2886,BLG04M0106.031298,18:08:18.01,-29:21:19.12,60370.4336,19.08,0.474,18.9,19.02,19.02,1,0.9,OB240148
KMT-2024-BLG-2887,BLG04M0303.024932,18:07:15.61,-29:38:55.50,60377.26482,18.14,0.711,18.57,18.73,18.73,1,0.72,OB240147
KMT-2024-BLG-2888,BLG04N0206.025948,18:07:34.80,-30:24:55.30,60365.05669,44.48,0.272,20.11,19.25,19.25,1,0.94,OB240150
KMT-2024-BLG-2889,BLG04N0308.012846,18:07:17.53,-30:06:22.61,60390.10716,84.37,0.059,23.5,18.37,18.37,1,0.91,
KMT-2024-BLG-2890,BLG04T0207.030635,18:02:50.01,-30:16:46.60,60360.5951,18.15,0.079,20.93,18.87,18.87,1,1.01,
KMT-2024-BLG-2891,BLG04T0605.070636,18:00:36.91,-30:29:30.98,60376.44388,9.15,0.26,20.25,19.92,19.92,1,1.19,
KMT-2024-BLG-2892,SAO11K0203.003714,17:26:15.92,-29:37:38.96,60349.67736,43.7,0.038,19.28,17.87,17.87,2,2.49,OB240047
KMT-2024-BLG-2893,BLG11K0301.006135,17:25:43.03,-29:47:07.80,60396.90919,70.9,0.809,18.44,18.39,18.39,2,2.01,OB240048
KMT-2024-BLG-2894,BLG11K0307.003997,17:26:06.37,-29:02:05.50,60345.95968,20.45,0.379,18.2,17.44,17.44,1,2.0,
KMT-2024-BLG-2895,BLG11M0108.095637,17:32:09.15,-28:56:58.88,60473.62334,7.16,0.007,21.98,20.0,25.0,3,2.75,
KMT-2024-BLG-2896,BLG11M0205.101177,17:31:07.67,-29:19:37.88,60498.5486,3.03,0.515,20.0,20.0,25.0,3,2.93,
KMT-2024-BLG-2897,BLG11M0601.009261,17:29:01.76,-29:52:25.75,60527.12123,43.72,0.664,20.22,18.96,18.96,2,2.1,
KMT-2024-BLG-2898,BLG11M0601.061127,17:28:54.36,-29:51:47.84,60348.53374,12.85,0.623,20.07,20.0,21.14,2,2.17,
KMT-2024-BLG-2899,BLG11N0505.001783,17:29:43.00,-30:24:58.00,60453.62205,30.65,0.999,17.55,17.18,17.18,2,2.75,
KMT-2024-BLG-2900,BLG11N0507.013654,17:29:38.91,-30:12:06.84,60340.8059,196.02,0.052,22.93,19.16,19.16,2,2.15,
KMT-2024-BLG-2901,BLG11N0507.075986,17:29:43.40,-30:13:10.16,60348.90693,7.05,0.489,20.41,20.0,21.16,2,2.1,
KMT-2024-BLG-2902,BLG11N0607.003579,17:29:13.26,-30:12:17.50,60345.41859,20.89,0.479,17.26,17.23,17.23,2,2.01,
KMT-2024-BLG-2903,BLG11N0807.015413,17:27:59.63,-30:12:06.41,60596.62632,18.14,0.947,19.72,19.8,19.8,2,2.39,
KMT-2024-BLG-2904,BLG11T0102.042577,17:27:16.24,-30:46:10.78,60573.58891,29.59,0.007,22.4,20.0,21.49,2,2.83,
KMT-2024-BLG-2905,SSO11T0306.087493,17:25:58.64,-30:22:07.64,60528.1866,9.94,0.025,21.61,20.0,25.0,3,2.94,
KMT-2024-BLG-2906,SSO11T0508.071042,17:24:38.64,-30:04:12.83,60577.39503,12.58,0.007,21.6,20.0,21.22,2,1.89,
KMT-2024-BLG-2907,SAO12K0702.000447,17:23:40.91,-27:35:39.08,60355.51634,43.62,0.098,15.96,15.67,15.67,1,1.95,OB240077
KMT-2024-BLG-2908,BLG12M0401.027164,17:30:28.02,-27:41:36.85,60354.37418,26.86,0.085,21.55,20.0,20.36,2,2.3,
KMT-2024-BLG-2909,BLG12M0504.092079,17:29:47.49,-27:17:09.24,60340.7219,44.79,0.715,19.83,20.0,25.0,3,2.77,
KMT-2024-BLG-2910,SAO12M0506.011214,17:29:51.43,-27:05:20.18,60361.78136,22.87,0.053,21.09,20.0,20.21,2,2.73,
KMT-2024-BLG-2911,BLG12M0704.087723,17:28:32.00,-27:17:10.10,60476.0188,8.23,0.051,23.18,20.0,25.0,3,2.73,
KMT-2024-BLG-2912,SSO12N0203.034614,17:31:18.12,-28:32:48.44,60559.53186,182.5,0.004,23.69,20.0,20.49,2,2.35,
KMT-2024-BLG-2913,BLG12N0305.020242,17:30:43.79,-28:16:53.51,60361.20528,54.07,0.373,20.59,19.99,19.99,2,2.27,
KMT-2024-BLG-2914,BLG12N0608.006994,17:29:19.13,-27:54:09.72,60346.28391,35.7,0.029,19.09,19.02,19.02,2,2.53,
KMT-2024-BLG-2915,BLG12N0801.045433,17:27:46.14,-28:46:37.45,60350.62809,35.15,0.198,20.54,20.0,20.59,2,2.04,
KMT-2024-BLG-2916,BLG12T0505.018226,17:24:36.52,-28:20:21.08,60382.01067,104.45,0.335,19.69,20.0,20.1,2,2.16,OB240044
KMT-2024-BLG-2917,BLG12T0608.007026,17:24:25.31,-27:56:12.98,60344.14198,93.53,0.031,21.05,18.43,18.43,1,1.52,
KMT-2024-BLG-2918,BLG13M0102.009081,17:39:34.80,-34:06:43.74,60350.00768,32.8,0.757,19.76,19.85,19.85,3,3.78,
KMT-2024-BLG-2919,SAO13M0308.001264,17:38:26.64,-33:19:47.35,60372.85086,72.53,0.076,17.78,17.7,17.7,2,4.14,
KMT-2024-BLG-2920,BLG13M0308.047337,17:38:04.02,-33:21:17.03,60347.09629,14.66,0.254,19.91,20.0,22.12,2,4.06,
KMT-2024-BLG-2921,BLG13N0108.021198,17:39:34.23,-34:31:07.10,60573.98532,60.94,0.157,21.76,20.0,20.15,2,2.47,
KMT-2024-BLG-2922,BLG13N0302.042033,17:38:07.74,-35:14:16.01,60590.41968,44.31,0.162,20.32,20.0,20.97,2,2.24,
KMT-2024-BLG-2923,BLG13N0603.018415,17:36:38.57,-35:02:46.93,60345.6369,22.53,0.066,20.84,20.0,20.91,2,3.19,
KMT-2024-BLG-2924,BLG13T0406.000176,17:32:33.88,-34:41:34.87,60378.60684,59.52,0.956,17.72,16.4,16.4,2,7.34,
KMT-2024-BLG-2925,BLG14K0103.001647,17:36:34.83,-28:35:08.84,60364.636,13.26,0.677,17.39,17.4,17.4,2,3.26,
KMT-2024-BLG-2926,BLG14K0108.014585,17:36:37.04,-27:54:38.95,60408.3716,33.25,1.0,19.92,20.0,20.32,2,3.25,
KMT-2024-BLG-2927,SSO14K0205.042536,17:35:37.36,-28:13:54.84,60502.58404,4.57,0.099,21.09,20.0,21.53,2,3.36,
KMT-2024-BLG-2928,BLG14K0207.000527,17:35:59.58,-28:01:14.45,60345.52414,12.24,0.184,17.19,16.56,16.56,2,3.4,
KMT-2024-BLG-2929,BLG14K0207.048018,17:35:52.80,-28:00:04.00,60368.58124,22.83,0.053,22.11,20.0,21.58,2,3.51,
KMT-2024-BLG-2930,BLG14K0302.053954,17:35:00.25,-28:38:18.89,60591.39848,23.83,0.4,20.47,20.0,21.02,2,2.8,
KMT-2024-BLG-2931,BLG14K0303.043118,17:35:31.78,-28:32:24.36,60391.39787,10.06,0.778,20.06,20.0,21.12,2,3.32,
KMT-2024-BLG-2932,BLG14K0407.107061,17:34:55.00,-28:03:08.64,60407.13152,4.42,0.17,21.89,20.0,25.0,3,3.02,
KMT-2024-BLG-2933,BLG14K0607.002719,17:33:22.23,-28:04:11.39,60572.50607,38.28,0.998,18.22,17.39,17.39,2,2.61,
KMT-2024-BLG-2934,BLG14K0607.011025,17:33:20.20,-27:58:50.02,60575.38957,22.05,0.9,19.43,19.38,19.38,2,2.85,
KMT-2024-BLG-2935,BLG14K0608.009795,17:33:40.38,-27:52:14.48,60483.49851,9.97,0.064,20.17,19.54,19.54,2,2.81,
KMT-2024-BLG-2936,BLG14M0104.017741,17:41:00.18,-28:20:49.09,60573.73861,12.63,0.061,22.33,20.0,20.36,2,3.89,
KMT-2024-BLG-2937,BLG14M0204.004360,17:40:37.84,-28:21:57.17,60341.13928,21.18,0.375,19.23,18.75,18.75,2,4.13,
KMT-2024-BLG-2938,BLG14M0208.056615,17:40:26.59,-27:54:37.66,60463.14486,1.49,0.955,19.95,20.0,21.47,2,3.72,
KMT-2024-BLG-2939,BLG14M0302.030885,17:39:52.29,-28:37:16.39,60414.92527,46.97,0.024,23.48,20.0,21.68,2,4.71,
KMT-2024-BLG-2940,BLG14M0306.081866,17:39:58.24,-28:06:43.06,60369.26965,11.31,0.04,22.48,20.0,22.41,2,3.02,
KMT-2024-BLG-2941,BLG14M0405.011127,17:39:42.18,-28:14:49.92,60365.88306,84.69,0.061,22.3,18.76,18.76,2,2.9,
KMT-2024-BLG-2942,BLG14M0405.067920,17:39:48.06,-28:18:36.72,60354.59816,152.06,0.002,22.24,20.0,21.29,2,3.27,
KMT-2024-BLG-2943,BLG14M0408.062880,17:39:18.86,-27:53:02.08,60499.20434,2.14,0.263,20.07,20.0,21.49,2,2.85,
KMT-2024-BLG-2944,SAO14M0502.007767,17:38:56.21,-28:35:53.88,60595.30603,4.76,0.242,19.14,19.15,19.15,2,3.71,
KMT-2024-BLG-2945,BLG14M0505.005858,17:39:13.86,-28:13:47.86,60339.94124,24.98,0.393,18.55,17.99,17.99,2,2.86,
KMT-2024-BLG-2946,BLG14M0506.001923,17:39:12.59,-28:05:08.74,60363.7079,34.46,0.961,17.33,17.0,17.0,2,2.85,OB240216
KMT-2024-BLG-2947,BLG14M0604.015568,17:38:20.79,-28:23:12.80,60379.37811,22.0,0.2,21.39,19.78,19.78,2,3.05,
KMT-2024-BLG-2948,BLG14M0607.044018,17:38:26.31,-27:58:58.94,60375.39463,48.11,0.255,21.13,20.0,20.76,2,2.59,
KMT-2024-BLG-2949,BLG14M0702.051533,17:37:50.36,-28:37:01.34,60601.883,41.85,0.422,21.15,20.0,21.2,2,3.25,
KMT-2024-BLG-2950,BLG14M0705.069899,17:37:33.20,-28:19:31.08,60502.34742,15.91,0.003,22.56,20.0,22.55,2,4.2,
KMT-2024-BLG-2951,BLG14M0706.024167,17:37:52.46,-28:05:37.07,60381.73209,10.09,0.033,22.5,20.0,20.81,2,3.27,
KMT-2024-BLG-2952,BLG14M0802.017454,17:37:15.93,-28:41:21.41,60367.47915,32.4,0.016,23.29,20.0,20.08,2,3.0,
KMT-2024-BLG-2953,BLG14M0807.021700,17:36:59.86,-27:59:43.37,60357.54766,10.11,0.033,19.94,20.0,20.8,2,3.39,
KMT-2024-BLG-2954,BLG14N0606.055294,17:38:41.02,-29:16:08.26,60403.76513,24.1,0.143,22.5,20.0,22.21,2,4.38,
KMT-2024-BLG-2955,SSO14N0703.004035,17:37:59.10,-29:41:09.49,60592.33422,18.05,0.7,18.98,18.52,18.52,2,3.79,OB241357
KMT-2024-BLG-2956,SSO14N0703.065018,17:38:00.83,-29:40:30.47,60560.75716,20.04,0.5,20.59,20.0,21.98,2,3.79,
KMT-2024-BLG-2957,BLG14T0101.007891,17:36:11.58,-29:51:00.86,60358.80099,37.1,0.005,21.54,19.71,19.71,2,3.75,
KMT-2024-BLG-2958,BLG14T0204.014743,17:35:57.75,-29:31:04.40,60340.81582,35.92,0.249,19.59,19.55,19.55,2,3.2,
KMT-2024-BLG-2959,BLG14T0306.019264,17:35:16.39,-29:16:35.11,60348.92353,29.93,0.407,20.16,20.0,20.79,2,3.87,
KMT-2024-BLG-2960,BLG14T0307.037620,17:35:09.74,-29:08:36.13,60367.27308,27.85,0.029,21.78,20.0,21.37,2,3.76,
KMT-2024-BLG-2961,BLG14T0407.048172,17:34:54.75,-29:06:53.28,60367.47775,27.49,0.03,22.89,20.0,21.32,2,3.52,
KMT-2024-BLG-2962,BLG14T0508.094736,17:33:50.56,-29:01:34.00,60371.77652,19.61,0.019,23.15,20.0,25.0,3,3.45,
KMT-2024-BLG-2963,BLG14T0602.049255,17:33:34.16,-29:49:30.22,60371.38205,20.65,0.936,19.99,20.0,20.97,2,2.88,
KMT-2024-BLG-2964,BLG14T0604.060439,17:33:31.65,-29:28:23.59,60464.64525,1.85,0.055,20.02,20.0,21.45,2,2.91,
KMT-2024-BLG-2965,BLG14T0604.072788,17:33:26.64,-29:32:40.34,60361.57465,28.04,0.074,22.08,20.0,21.77,2,3.37,
KMT-2024-BLG-2966,BLG15K0103.009673,17:36:20.36,-26:24:06.16,60356.04226,85.71,0.094,21.92,19.86,19.86,2,2.89,
KMT-2024-BLG-2967,BLG15K0405.022417,17:34:58.38,-26:10:51.28,60355.98198,22.82,0.134,20.54,20.0,20.94,2,3.09,
KMT-2024-BLG-2968,BLG15K0802.015045,17:32:19.02,-26:33:50.83,60359.90139,52.38,0.287,21.67,20.0,21.33,2,3.8,
KMT-2024-BLG-2969,BLG15M0107.050708,17:41:18.24,-25:55:22.51,60498.93827,16.54,0.662,20.28,20.0,21.15,2,2.7,
KMT-2024-BLG-2970,BLG15M0107.064245,17:41:16.26,-25:50:49.27,60611.36656,23.33,0.238,19.96,20.0,21.5,2,2.57,
KMT-2024-BLG-2971,BLG15N0104.094826,17:41:20.70,-27:22:01.49,60490.1563,35.54,0.185,22.2,20.0,22.57,2,3.4,
KMT-2024-BLG-2972,BLG15N0304.010605,17:40:12.33,-27:21:43.88,60607.44246,52.47,0.205,20.18,19.04,19.04,2,3.05,
KMT-2024-BLG-2973,SAO15N0307.103541,17:40:11.61,-27:03:09.29,60371.41104,44.09,0.014,23.24,20.0,25.0,3,3.12,
KMT-2024-BLG-2974,BLG15N0402.060018,17:39:20.41,-27:42:33.73,60567.50739,5.89,0.194,21.46,20.0,21.19,2,2.88,
KMT-2024-BLG-2975,BLG15N0407.070051,17:39:43.20,-26:59:54.71,60566.46709,54.31,0.532,20.39,20.0,21.44,2,3.03,
KMT-2024-BLG-2976,BLG15N0501.016579,17:39:07.59,-27:48:23.58,60352.42462,21.66,0.062,20.42,19.58,19.58,2,2.73,
KMT-2024-BLG-2977,BLG15N0502.029968,17:39:09.81,-27:41:45.10,60470.02686,4.15,0.29,20.96,20.0,20.44,2,3.01,
KMT-2024-BLG-2978,SAO15N0505.021712,17:39:09.50,-27:15:00.11,60592.92055,20.09,0.068,21.9,19.9,19.9,2,2.54,
KMT-2024-BLG-2979,BLG15N0508.026898,17:38:49.31,-26:55:01.52,60616.74817,27.78,0.333,19.98,20.0,20.72,2,3.1,
KMT-2024-BLG-2980,BLG15N0604.005777,17:38:17.75,-27:26:10.97,60607.39823,17.83,0.7,18.12,18.01,18.01,2,2.58,OB241353 OB241362
KMT-2024-BLG-2981,SSO15N0703.001419,17:38:04.00,-27:32:01.46,60358.47631,48.89,0.195,18.1,17.45,17.45,2,3.22,OB240070
KMT-2024-BLG-2982,SSO15N0706.010414,17:37:55.32,-27:11:11.04,60376.49233,99.47,0.23,19.27,19.21,19.21,2,2.9,OB240037 OB240071
KMT-2024-BLG-2983,BLG15N0804.004160,17:37:07.30,-27:23:01.07,60599.40253,199.26,0.011,23.49,18.05,18.05,2,2.83,OB241354
KMT-2024-BLG-2984,BLG15N0808.027553,17:37:15.17,-26:51:17.82,60598.94889,25.48,0.94,20.09,20.0,20.62,2,2.75,
KMT-2024-BLG-2985,BLG15T0207.029315,17:35:43.39,-27:02:21.80,60417.16334,20.31,0.173,22.05,19.63,19.63,1,2.09,
KMT-2024-BLG-2986,BLG15T0306.049450,17:35:16.10,-27:06:43.88,60567.98821,11.47,0.008,21.52,19.96,19.96,1,2.06,
KMT-2024-BLG-2987,BLG15T0401.020137,17:34:37.25,-27:49:39.47,60387.71245,55.52,0.741,19.98,20.0,20.27,2,2.75,
KMT-2024-BLG-2988,BLG15T0403.039153,17:34:55.36,-27:33:58.14,60480.13297,0.85,0.065,19.94,20.0,20.89,2,2.58,MB24080
KMT-2024-BLG-2989,SSO15T0406.019885,17:34:37.34,-27:08:30.59,60589.94367,6.75,0.189,19.71,19.15,19.15,1,2.11,
KMT-2024-BLG-2990,BLG15T0505.034708,17:34:11.20,-27:18:28.91,60363.91946,14.28,0.398,20.19,20.0,20.9,1,3.19,
KMT-2024-BLG-2991,BLG15T0607.002598,17:33:28.49,-27:01:53.83,60365.1714,44.33,0.575,18.81,17.86,17.86,2,2.88,OB240038
KMT-2024-BLG-2992,BLG15T0703.045793,17:33:09.87,-27:29:55.50,60571.70209,13.85,0.086,22.01,20.0,21.23,2,2.93,
KMT-2024-BLG-2993,BLG15T0705.077579,17:33:02.26,-27:15:04.57,60377.45468,12.4,0.05,22.74,20.0,22.06,2,2.63,
KMT-2024-BLG-2994,BLG16M0204.011361,17:40:45.59,-24:06:08.50,60379.88806,49.28,0.797,19.68,19.41,19.41,2,2.18,
KMT-2024-BLG-2995,BLG16M0702.003919,17:38:03.88,-24:28:40.87,60341.29643,85.31,0.082,21.68,17.98,17.98,2,1.96,
KMT-2024-BLG-2996,BLG16N0507.043354,17:38:52.23,-24:57:16.56,60341.18575,54.02,0.098,21.57,20.0,21.13,2,2.69,
KMT-2024-BLG-2997,BLG16T0105.009620,17:36:49.99,-25:13:00.48,60344.55,48.54,0.117,21.76,20.0,20.25,2,3.1,
KMT-2024-BLG-2998,BLG16T0107.009436,17:36:34.84,-24:51:52.06,60361.72976,52.22,0.196,21.25,19.69,19.69,2,2.36,
KMT-2024-BLG-2999,SSO16T0305.015824,17:35:28.07,-25:12:52.67,60564.9524,6.48,0.129,20.02,20.0,21.12,2,3.28,
KMT-2024-BLG-3000,BLG16T0402.000326,17:35:08.00,-25:34:58.48,60390.71243,78.6,0.906,17.79,17.63,17.63,2,4.54,
KMT-2024-BLG-3001,BLG16T0507.020536,17:34:22.58,-24:54:08.50,60368.63399,24.8,0.815,19.82,20.0,20.89,2,2.91,
KMT-2024-BLG-3002,BLG17K0104.006516,17:44:30.21,-32:43:15.96,60365.86636,75.83,0.087,21.07,19.62,19.62,2,4.65,
KMT-2024-BLG-3003,BLG17K0502.021764,17:41:32.19,-32:59:15.29,60602.46737,43.42,0.028,21.17,20.0,20.89,2,3.68,
KMT-2024-BLG-3004,BLG17K0604.013308,17:41:29.23,-32:48:36.50,60603.23551,65.3,0.031,20.79,20.0,20.05,2,3.61,
KMT-2024-BLG-3005,SSO17K0605.034574,17:41:13.69,-32:37:48.72,60592.90983,21.39,0.101,21.83,20.0,21.49,2,3.66,
KMT-2024-BLG-3006,BLG17K0608.021288,17:41:18.60,-32:14:07.55,60357.54703,15.79,0.496,19.86,20.0,21.71,2,4.98,
KMT-2024-BLG-3007,BLG17M0106.009425,17:49:09.60,-32:31:38.60,60354.85814,30.46,0.304,21.03,19.45,19.45,2,2.86,
KMT-2024-BLG-3008,BLG17M0201.035627,17:48:36.43,-33:08:53.30,60344.70424,27.89,0.261,20.19,19.83,19.83,1,2.07,
KMT-2024-BLG-3009,SAO17M0206.009766,17:48:40.37,-32:27:18.29,60554.50536,9.74,0.013,22.56,19.91,19.91,4,3.46,
KMT-2024-BLG-3010,BLG17M0206.027820,17:48:27.84,-32:30:47.63,60359.92169,15.97,0.192,21.35,20.0,21.2,2,3.32,
KMT-2024-BLG-3011,BLG17M0505.057102,17:46:51.41,-32:38:21.84,60571.72215,6.98,0.07,22.02,20.0,25.0,3,4.44,
KMT-2024-BLG-3012,BLG17M0702.070059,17:45:47.04,-33:00:51.44,60611.96354,31.09,0.102,20.04,20.0,21.64,2,2.67,
KMT-2024-BLG-3013,BLG17M0808.002084,17:44:50.38,-32:14:31.34,60360.71471,39.98,0.074,19.34,19.3,19.3,2,4.76,
KMT-2024-BLG-3014,BLG17N0407.073722,17:47:41.64,-33:31:34.10,60354.27408,42.1,0.437,20.5,20.0,20.59,1,1.72,
KMT-2024-BLG-3015,BLG17N0501.043845,17:46:56.27,-34:16:32.02,60387.51173,30.96,0.282,21.56,19.78,19.78,1,1.53,
KMT-2024-BLG-3016,SSO17N0603.059136,17:46:13.64,-33:59:30.98,60364.51872,24.24,0.028,20.33,20.0,20.08,1,1.67,
KMT-2024-BLG-3017,SSO17N0701.008349,17:45:58.60,-34:15:59.40,60513.34802,9.38,0.148,20.05,17.92,17.92,1,1.45,
KMT-2024-BLG-3018,BLG17N0802.043421,17:45:12.77,-34:06:09.29,60410.79916,1.05,0.484,19.87,19.69,19.69,1,1.43,
KMT-2024-BLG-3019,BLG17N0803.015678,17:44:59.87,-33:59:49.99,60603.64627,21.36,0.898,18.71,18.71,18.71,1,1.74,
KMT-2024-BLG-3020,BLG17N0807.040625,17:45:00.63,-33:32:58.42,60374.15244,22.13,0.597,19.82,19.87,19.87,1,1.92,
KMT-2024-BLG-3021,BLG17T0305.105076,17:43:03.49,-33:42:35.89,60612.15684,199.92,0.003,22.5,20.0,25.0,3,2.76,
KMT-2024-BLG-3022,BLG17T0701.002365,17:40:50.80,-34:16:23.99,60348.97823,18.2,0.663,17.23,17.27,17.27,2,1.98,
KMT-2024-BLG-3023,BLG18K0104.036116,17:45:38.78,-26:11:53.88,60473.01355,123.41,0.786,20.53,20.0,20.95,2,2.9,
KMT-2024-BLG-3024,BLG18K0105.044640,17:45:41.59,-26:06:00.79,60376.42529,28.8,0.104,21.95,20.0,20.8,2,2.6,
KMT-2024-BLG-3025,BLG18K0107.005954,17:45:39.21,-25:50:16.33,60363.36682,7.79,0.265,20.12,18.21,18.21,2,2.75,
KMT-2024-BLG-3026,SSO18K0206.005459,17:45:04.41,-26:00:10.51,60377.53195,56.27,0.963,18.12,18.03,18.03,2,2.73,OB240074
KMT-2024-BLG-3027,BLG18K0401.042223,17:43:56.79,-26:39:27.25,60363.19952,12.41,0.071,22.24,20.0,21.12,2,3.36,
KMT-2024-BLG-3028,SAO18K0503.012324,17:43:33.62,-26:20:16.12,60587.21421,8.65,0.059,20.57,19.3,19.3,2,2.84,
KMT-2024-BLG-3029,SAO18K0506.099695,17:43:26.56,-26:00:01.91,60589.77168,4.45,0.07,22.69,20.0,22.44,2,2.88,
KMT-2024-BLG-3030,BLG18K0706.069280,17:42:01.32,-25:59:34.62,60366.38151,21.14,0.169,22.28,20.0,21.54,2,2.94,
KMT-2024-BLG-3031,BLG18K0806.008849,17:41:38.19,-26:01:23.88,60358.223,29.13,0.053,21.67,19.42,19.42,2,2.97,
KMT-2024-BLG-3032,BLG18M0703.018567,17:46:48.84,-26:21:38.99,60606.46216,49.35,0.077,21.05,20.0,20.55,2,3.55,
KMT-2024-BLG-3033,BLG18N0608.015242,17:47:36.82,-26:48:17.35,60369.85828,9.56,0.21,20.95,20.0,20.79,2,4.7,
KMT-2024-BLG-3034,SAO18N0707.005100,17:46:53.90,-27:00:25.85,60407.89325,67.08,0.706,19.24,19.21,19.21,2,4.6,
KMT-2024-BLG-3035,BLG18T0106.009920,17:45:26.13,-27:06:14.33,60378.90551,22.39,0.337,21.1,19.97,19.97,2,4.39,
KMT-2024-BLG-3036,BLG18T0108.066582,17:45:46.16,-26:49:47.17,60472.39104,27.82,0.3,21.41,20.0,21.73,2,3.54,
KMT-2024-BLG-3037,SSO18T0206.005106,17:45:11.73,-27:04:19.96,60569.13339,3.08,0.026,20.99,18.77,18.77,2,3.8,
KMT-2024-BLG-3038,SAO18T0305.018839,17:44:40.43,-27:14:03.16,60444.4224,4.42,0.09,21.46,20.0,20.88,2,4.29,
KMT-2024-BLG-3039,BLG18T0404.004915,17:43:44.05,-27:21:18.83,60591.54897,54.49,0.985,19.73,18.62,18.62,2,3.59,
KMT-2024-BLG-3040,BLG18T0404.066053,17:43:39.57,-27:21:27.07,60353.11787,45.7,0.006,20.73,20.0,22.0,2,3.52,
KMT-2024-BLG-3041,BLG18T0502.102071,17:43:31.07,-27:36:13.79,60569.74805,17.92,0.008,24.15,20.0,25.0,3,3.4,
KMT-2024-BLG-3042,BLG18T0504.043532,17:43:21.84,-27:21:54.29,60550.39188,97.64,0.048,23.91,20.0,21.4,3,3.64,
KMT-2024-BLG-3043,BLG18T0506.012447,17:43:15.62,-27:07:10.63,60572.61834,44.66,0.868,19.76,19.79,19.79,2,3.51,
KMT-2024-BLG-3044,BLG18T0602.092886,17:42:49.56,-27:39:47.05,60559.64567,4.85,0.017,23.24,20.0,25.0,3,3.82,
KMT-2024-BLG-3045,BLG18T0607.004493,17:42:56.74,-26:56:21.19,60341.14843,55.35,0.135,18.92,18.57,18.57,2,3.33,OB240072
KMT-2024-BLG-3046,BLG18T0704.019856,17:42:13.80,-27:23:34.48,60361.10827,127.32,0.126,21.98,20.0,20.53,2,3.9,OB240069
KMT-2024-BLG-3047,BLG19K0102.016582,17:45:30.61,-24:29:15.00,60605.24693,19.12,0.164,20.66,19.29,19.29,1,2.59,
KMT-2024-BLG-3048,BLG19K0207.004005,17:45:03.27,-23:50:50.71,60367.906,27.52,0.412,18.78,16.97,16.97,1,1.56,OB240058
KMT-2024-BLG-3049,BLG19K0401.000593,17:43:54.28,-24:30:30.38,60430.61218,199.67,0.997,16.43,15.56,15.56,1,2.13,
KMT-2024-BLG-3050,BLG19K0402.036450,17:43:52.31,-24:27:40.90,60353.91405,24.08,0.012,20.94,19.8,19.8,1,2.06,
KMT-2024-BLG-3051,BLG19K0403.060546,17:43:46.06,-24:15:08.21,60367.57157,5.68,0.137,20.56,20.0,20.18,1,1.79,
KMT-2024-BLG-3052,BLG19K0602.014565,17:42:34.85,-24:25:59.30,60357.54234,12.46,0.275,19.77,18.9,18.9,1,2.04,
KMT-2024-BLG-3053,SAO19M0203.045532,17:49:45.34,-24:16:07.21,60557.18647,3.9,0.026,21.71,20.0,21.53,2,3.01,
KMT-2024-BLG-3054,BLG19M0306.002356,17:49:00.04,-23:53:11.54,60346.21188,40.37,0.095,17.01,17.03,17.03,2,2.12,OB240065
KMT-2024-BLG-3055,BLG19M0407.052926,17:48:27.55,-23:49:28.27,60602.67477,43.67,0.029,21.01,20.0,20.64,2,2.11,
KMT-2024-BLG-3056,BLG19M0506.090892,17:48:15.74,-23:57:48.71,60359.12064,48.23,0.194,21.5,20.0,25.0,3,2.43,
KMT-2024-BLG-3057,BLG19M0702.043933,17:46:52.78,-24:28:39.65,60586.60581,11.71,0.128,20.7,20.0,20.82,2,2.7,
KMT-2024-BLG-3058,BLG19N0106.013395,17:50:30.80,-24:58:08.80,60371.77389,61.35,0.047,22.96,20.0,20.63,2,3.83,
KMT-2024-BLG-3059,BLG19N0108.080410,17:50:21.90,-24:44:41.68,60603.57907,36.2,0.552,20.09,20.0,25.0,3,3.86,
KMT-2024-BLG-3060,BLG19N0206.082851,17:50:00.16,-24:58:50.59,60587.64477,40.52,0.019,22.73,20.0,25.0,3,4.69,
KMT-2024-BLG-3061,BLG19N0407.006381,17:48:30.99,-24:51:40.72,60341.00353,70.75,0.158,20.74,19.39,19.39,2,3.87,
KMT-2024-BLG-3062,BLG19N0608.003306,17:47:33.28,-24:50:32.78,60393.51059,50.32,0.785,19.15,18.31,18.31,2,3.82,OB240198
KMT-2024-BLG-3063,SAO19T0101.110939,17:45:34.73,-25:38:31.38,60439.01231,1.7,0.63,20.08,20.0,25.0,3,2.66,
KMT-2024-BLG-3064,BLG19T0102.016909,17:45:36.17,-25:31:58.69,60579.67528,36.57,0.674,19.98,19.97,19.97,2,2.69,
KMT-2024-BLG-3065,BLG19T0102.022436,17:45:31.14,-25:31:06.78,60422.85599,29.57,0.476,21.05,20.0,20.26,2,2.75,
KMT-2024-BLG-3066,BLG19T0102.058119,17:45:36.49,-25:34:40.58,60566.74931,2.44,0.002,19.99,20.0,21.23,2,2.67,
KMT-2024-BLG-3067,BLG19T0104.047821,17:45:22.25,-25:16:56.75,60416.59205,10.26,0.076,22.74,20.0,21.04,2,2.65,
KMT-2024-BLG-3068,BLG19T0105.061372,17:45:33.89,-25:12:46.26,60367.13018,38.03,0.041,22.2,20.0,21.32,3,2.73,
KMT-2024-BLG-3069,BLG19T0107.009358,17:45:40.11,-24:58:05.70,60609.85183,15.9,0.28,19.61,19.65,19.65,2,3.17,
KMT-2024-BLG-3070,BLG19T0107.017791,17:45:42.06,-24:55:20.24,60359.63178,16.58,0.16,20.32,20.0,20.45,2,3.24,
KMT-2024-BLG-3071,BLG19T0108.035903,17:45:20.67,-24:45:28.44,60499.53505,4.09,0.038,22.79,20.0,21.09,2,2.86,
KMT-2024-BLG-3072,BLG19T0108.086354,17:45:20.81,-24:43:16.25,60575.90502,30.93,0.016,22.93,20.0,22.5,2,2.87,
KMT-2024-BLG-3073,BLG19T0201.010884,17:45:05.35,-25:38:27.60,60341.28925,54.47,0.064,19.6,19.64,19.64,2,3.14,OB240075
KMT-2024-BLG-3074,BLG19T0203.011531,17:45:04.97,-25:25:55.81,60406.49541,197.02,0.393,20.9,19.68,19.68,2,3.21,
KMT-2024-BLG-3075,BLG19T0203.050205,17:44:52.42,-25:24:18.79,60360.40497,16.73,0.383,20.58,20.0,21.23,2,3.27,
KMT-2024-BLG-3076,SSO19T0307.018703,17:44:12.18,-24:55:44.00,60551.62468,7.18,0.064,22.1,20.0,20.27,2,2.7,
KMT-2024-BLG-3077,BLG19T0406.051885,17:44:01.65,-25:05:07.30,60601.90273,34.17,0.199,21.31,20.0,21.35,2,2.78,
KMT-2024-BLG-3078,BLG19T0506.030323,17:43:15.04,-24:58:47.64,60604.19658,39.33,0.005,21.56,20.0,21.09,2,3.04,
KMT-2024-BLG-3079,BLG19T0601.011853,17:42:45.91,-25:37:38.03,60345.45659,25.5,0.666,19.16,19.3,19.3,2,2.53,
KMT-2024-BLG-3080,SAO19T0705.028714,17:42:12.61,-25:09:07.99,60474.26909,13.93,0.014,23.12,19.84,19.84,1,2.43,
KMT-2024-BLG-3081,BLG19T0804.022192,17:41:37.07,-25:18:53.32,60548.25749,30.35,0.276,20.96,19.83,19.83,2,2.78,
KMT-2024-BLG-3082,BLG20K0105.002880,17:45:39.91,-21:55:52.28,60368.04296,52.7,0.77,18.75,17.28,17.28,4,1.72,OB240197
KMT-2024-BLG-3083,SAO20N0106.020318,17:50:16.81,-22:53:53.41,60363.67469,12.67,0.002,20.13,19.85,19.85,1,2.54,
KMT-2024-BLG-3084,BLG20N0204.040884,17:49:49.46,-23:09:59.51,60377.30955,46.87,0.399,20.45,20.0,20.02,1,1.98,
KMT-2024-BLG-3085,BLG20T0203.027740,17:44:53.76,-23:17:20.22,60401.74929,143.42,0.002,25.18,19.61,19.61,2,1.47,
KMT-2024-BLG-3086,BLG20T0504.005670,17:43:21.97,-23:10:03.47,60364.84658,51.65,0.668,18.47,18.51,18.51,2,1.9,OB240059
KMT-2024-BLG-3087,BLG20T0507.011441,17:43:13.74,-22:48:39.13,60394.86465,57.65,0.648,20.31,19.09,19.09,2,1.63,
KMT-2024-BLG-3088,BLG20T0706.033829,17:42:25.90,-22:53:04.16,60357.9892,31.83,0.375,19.99,20.0,20.26,2,1.63,
KMT-2024-BLG-3089,BLG20T0804.009016,17:41:46.11,-23:08:50.57,60369.60656,100.68,0.481,18.97,19.03,19.03,2,1.64,
KMT-2024-BLG-3090,SAO21K0305.004139,17:52:31.01,-34:44:59.50,60370.58751,58.23,0.994,17.03,17.06,17.06,1,0.81,OB240018
KMT-2024-BLG-3091,BLG21K0305.027512,17:52:48.06,-34:48:08.78,60606.93654,17.66,0.206,18.97,19.01,19.01,1,0.83,MB24276
KMT-2024-BLG-3092,SSO21K0501.055729,17:51:32.02,-35:11:25.51,60595.65693,24.58,0.084,20.88,19.89,19.89,1,0.7,
KMT-2024-BLG-3093,SAO21K0607.019391,17:50:59.83,-34:28:23.59,60369.7806,55.88,0.056,18.93,18.67,18.67,1,1.01,OB240019
KMT-2024-BLG-3094,BLG21K0806.019069,17:49:32.00,-34:38:18.31,60340.48989,50.92,0.646,18.86,18.81,18.81,1,1.13,OB240020
KMT-2024-BLG-3095,BLG21M0806.028047,17:54:44.54,-34:34:53.00,60374.71308,31.04,0.796,19.16,19.09,19.09,1,0.84,
KMT-2024-BLG-3096,BLG21N0601.009358,17:55:49.74,-36:24:24.01,60378.61068,55.11,0.535,18.95,18.94,18.94,1,1.0,OB240169
KMT-2024-BLG-3097,BLG21T0707.018401,17:50:19.38,-35:34:50.92,60371.44014,33.69,0.094,19.57,18.65,18.65,1,0.75,OB240258
KMT-2024-BLG-3098,SSO22K0205.053869,17:53:10.05,-32:38:17.99,60535.19844,2.64,0.203,19.72,19.94,19.94,1,1.7,
KMT-2024-BLG-3099,SSO22K0304.011080,17:52:33.92,-32:44:09.89,60360.94192,51.09,0.374,19.75,18.3,18.3,1,1.54,OB240025
KMT-2024-BLG-3100,BLG22K0401.057997,17:52:03.80,-33:09:55.19,60555.71164,12.44,0.051,22.38,20.0,20.05,1,1.64,
KMT-2024-BLG-3101,BLG22K0402.070180,17:52:07.80,-33:03:14.29,60597.80662,38.29,0.071,22.13,20.0,20.52,1,1.71,
KMT-2024-BLG-3102,BLG22K0404.075670,17:52:14.26,-32:42:09.40,60357.70935,13.4,0.787,19.96,20.0,20.59,1,1.56,
KMT-2024-BLG-3103,BLG22K0405.004944,17:52:04.45,-32:39:00.50,60609.92112,26.5,0.776,18.81,17.07,17.07,1,1.62,OB241378
KMT-2024-BLG-3104,BLG22K0505.037656,17:51:33.67,-32:35:04.88,60409.12014,6.88,0.859,19.7,19.73,19.73,1,1.87,
KMT-2024-BLG-3105,BLG22K0605.002449,17:50:59.04,-32:40:59.59,60376.26563,59.23,0.017,22.96,16.81,16.81,1,2.16,
KMT-2024-BLG-3106,SAO22K0605.034422,17:51:08.26,-32:37:39.68,60435.73139,158.28,0.326,20.29,20.0,20.03,1,2.13,
KMT-2024-BLG-3107,BLG22K0801.042888,17:49:39.83,-33:08:23.89,60386.17177,4.72,0.978,19.97,20.0,20.04,1,1.98,
KMT-2024-BLG-3108,BLG22K0805.036319,17:49:53.40,-32:34:30.14,60362.93351,57.52,0.087,22.07,20.0,20.87,2,2.4,
KMT-2024-BLG-3109,BLG22M0103.003075,17:58:47.74,-32:51:40.72,60390.02769,49.6,0.655,17.99,16.93,16.93,1,1.33,OB240093
KMT-2024-BLG-3110,BLG22M0105.016895,17:59:05.41,-32:35:09.49,60379.87216,13.67,0.201,19.58,18.76,18.76,1,1.05,
KMT-2024-BLG-3111,BLG22M0106.042149,17:59:06.94,-32:28:44.62,60367.8364,13.4,0.203,19.83,19.64,19.64,1,1.08,
KMT-2024-BLG-3112,BLG22M0201.051175,17:58:40.40,-33:03:55.30,60386.58129,60.44,0.596,19.95,20.0,20.33,1,1.38,
KMT-2024-BLG-3113,SSO22M0304.015154,17:57:55.30,-32:41:59.50,60372.47903,5.51,0.141,18.87,18.75,18.75,1,1.35,
KMT-2024-BLG-3114,BLG22M0402.061625,17:57:20.57,-32:56:48.70,60411.58087,2.34,0.493,20.01,20.0,20.17,1,1.32,
KMT-2024-BLG-3115,BLG22M0502.057527,17:56:38.13,-33:02:38.40,60580.03358,60.77,0.019,23.62,20.0,20.08,1,1.22,
KMT-2024-BLG-3116,BLG22M0606.076339,17:55:45.94,-32:31:50.81,60362.70542,21.79,0.011,21.04,20.0,20.9,1,1.79,
KMT-2024-BLG-3117,BLG22M0705.027809,17:55:30.81,-32:38:52.12,60589.03878,15.49,0.195,20.77,19.36,19.36,1,1.42,
KMT-2024-BLG-3118,SSO22N0103.041423,17:59:06.82,-34:01:40.69,60415.38116,19.01,0.028,22.39,19.8,19.8,1,0.88,
KMT-2024-BLG-3119,BLG22N0104.012180,17:59:16.24,-33:53:00.89,60359.12639,45.56,0.279,20.5,18.58,18.58,1,1.01,
KMT-2024-BLG-3120,BLG22N0105.024811,17:59:23.20,-33:44:45.82,60511.37097,11.43,0.198,19.63,19.16,19.16,1,0.94,
KMT-2024-BLG-3121,BLG22N0503.072490,17:56:37.06,-33:57:12.49,60392.45472,99.63,0.349,20.15,20.0,20.43,1,0.9,
KMT-2024-BLG-3122,BLG22N0805.016886,17:54:48.07,-33:48:26.78,60423.66772,14.81,0.041,22.02,18.79,18.79,1,1.21,
KMT-2024-BLG-3123,BLG22T0305.062621,17:53:00.02,-33:47:49.60,60567.49913,12.08,0.009,22.65,20.0,20.82,1,1.66,
KMT-2024-BLG-3124,SAO22T0407.004778,17:52:00.75,-33:27:12.85,60358.57372,37.58,0.264,17.82,17.73,17.73,2,1.66,OB240307
KMT-2024-BLG-3125,BLG22T0407.029439,17:51:58.74,-33:32:40.81,60392.90356,11.19,0.826,19.79,19.76,19.76,2,1.85,
KMT-2024-BLG-3126,BLG22T0503.043763,17:51:41.68,-34:00:38.88,60555.54988,45.13,0.511,20.01,20.0,20.1,2,1.48,
KMT-2024-BLG-3127,BLG22T0607.026467,17:51:09.06,-33:26:08.34,60396.26057,29.03,0.071,21.16,19.7,19.7,3,1.72,
KMT-2024-BLG-3128,BLG22T0705.035815,17:50:02.65,-33:45:20.99,60383.567,17.15,0.297,19.85,20.0,20.24,2,1.94,OB240226
KMT-2024-BLG-3129,BLG22T0801.024895,17:49:42.59,-34:12:16.81,60358.53371,29.03,0.173,19.85,19.84,19.84,2,1.65,
KMT-2024-BLG-3130,BLG31K0505.015325,18:10:50.22,-25:09:58.21,60600.43552,69.83,0.07,21.94,18.93,18.93,1,1.91,OB241379
KMT-2024-BLG-3131,BLG31M0206.060695,18:17:13.84,-25:04:28.88,60363.62291,39.42,0.12,19.95,20.0,20.71,1,1.11,
KMT-2024-BLG-3132,BLG31N0205.002473,18:17:30.24,-26:20:51.50,60603.64929,53.56,0.603,18.97,16.59,16.59,1,0.85,
KMT-2024-BLG-3133,BLG31N0207.006053,18:17:20.08,-26:01:59.92,60363.3331,44.78,0.909,17.98,17.63,17.63,1,0.79,OB240160
KMT-2024-BLG-3134,BLG31N0503.004513,18:15:38.57,-26:31:37.31,60370.79041,18.44,1.0,17.93,17.3,17.3,1,0.78,OB240151
KMT-2024-BLG-3135,BLG31N0506.004525,18:15:55.10,-26:09:30.10,60405.65833,62.03,0.926,18.16,17.34,17.34,1,0.86,OB240238
KMT-2024-BLG-3136,SSO31N0706.025547,18:14:22.44,-26:10:28.99,60361.41381,20.04,0.782,19.16,19.14,19.14,1,1.0,
KMT-2024-BLG-3137,BLG31T0301.016548,18:12:16.68,-26:46:36.08,60374.68771,48.59,0.703,18.62,18.58,18.58,1,1.02,OB240155
KMT-2024-BLG-3138,BLG31T0302.033541,18:12:02.94,-26:39:12.38,60608.34492,199.99,0.002,21.73,19.24,19.24,1,1.0,
KMT-2024-BLG-3139,BLG31T0306.003018,18:11:53.13,-26:12:35.71,60603.96017,3.85,0.902,17.34,16.58,16.58,1,1.05,OB241377
KMT-2024-BLG-3140,BLG31T0405.015472,18:11:12.72,-26:21:26.21,60367.74903,11.14,0.844,18.48,18.54,18.54,1,1.14,
KMT-2024-BLG-3141,BLG31T0702.003886,18:09:44.70,-26:40:19.88,60365.8396,47.82,0.592,17.8,17.03,17.03,1,1.4,OB240140
KMT-2024-BLG-3142,BLG31T0707.032606,18:09:51.26,-26:00:51.98,60363.58977,69.9,0.196,21.14,19.14,19.14,1,1.18,
KMT-2024-BLG-3143,BLG31T0804.040404,18:09:07.61,-26:28:37.70,60401.70186,7.98,0.781,19.43,19.5,19.5,1,1.24,
KMT-2024-BLG-3144,BLG32K0406.000710,18:09:22.00,-27:10:16.61,60357.38293,34.52,0.268,15.02,15.01,15.01,1,1.2,OB240136
KMT-2024-BLG-3145,SAO32K0408.010628,18:09:07.70,-26:57:06.52,60595.79113,13.73,0.094,20.38,18.27,18.27,1,1.12,
KMT-2024-BLG-3146,BLG32K0503.011879,18:08:40.38,-27:31:19.31,60363.28247,9.99,0.034,18.34,18.16,18.16,1,1.01,
KMT-2024-BLG-3147,SSO32K0506.013006,18:08:25.29,-27:09:28.69,60585.61247,6.91,0.295,18.86,18.41,18.41,1,1.31,
KMT-2024-BLG-3148,BLG32K0705.024061,18:07:27.37,-27:18:50.18,60371.8397,47.27,0.037,21.86,18.61,18.61,1,1.06,
KMT-2024-BLG-3149,SSO32K0808.024318,18:06:39.11,-26:57:10.40,60391.2174,20.67,0.886,18.45,18.56,18.56,1,0.96,OB240139
KMT-2024-BLG-3150,BLG32M0601.018983,18:12:36.51,-27:52:02.50,60368.26476,188.56,0.002,23.6,18.4,18.4,1,0.56,
KMT-2024-BLG-3151,BLG32N0206.006929,18:15:09.49,-28:17:27.31,60361.31556,113.0,0.01,18.11,17.67,17.67,1,0.53,
KMT-2024-BLG-3152,SAO32N0403.035592,18:13:41.72,-28:40:09.01,60384.44827,58.62,0.118,20.75,19.18,19.18,1,0.43,
KMT-2024-BLG-3153,BLG32N0805.003058,18:11:28.03,-28:29:43.30,60419.54516,48.13,0.86,17.43,16.45,16.45,1,0.59,OB240246
KMT-2024-BLG-3154,BLG32T0101.008099,18:10:45.64,-28:54:23.29,60606.92873,37.91,0.3,19.94,17.79,17.79,1,0.78,
KMT-2024-BLG-3155,SSO32T0201.027358,18:10:03.87,-28:54:02.09,60358.42059,29.98,0.15,18.89,18.9,18.9,1,0.79,
KMT-2024-BLG-3156,BLG32T0407.018261,18:09:20.64,-28:09:28.19,60358.47371,63.72,0.08,19.75,18.57,18.57,1,0.85,OB240141
KMT-2024-BLG-3157,BLG32T0505.031277,18:08:26.83,-28:22:48.68,60600.49343,55.04,0.653,19.36,19.03,19.03,1,1.12,OB241345
KMT-2024-BLG-3158,BLG32T0605.002336,18:07:52.52,-28:25:48.61,60605.07436,15.36,0.197,16.17,15.89,15.89,1,1.04,MB24261
KMT-2024-BLG-3159,SAO33K0507.010197,18:10:36.66,-29:08:17.92,60590.73656,6.26,0.801,18.05,17.95,17.95,1,0.64,MB24255
KMT-2024-BLG-3160,BLG33K0707.006612,18:09:26.03,-29:08:28.10,60605.24772,17.69,0.349,18.77,17.7,17.7,1,0.94,OB241375
KMT-2024-BLG-3161,BLG33M0202.010994,18:17:09.38,-29:47:44.30,60369.06777,78.19,0.722,18.71,18.7,18.7,2,0.4,OB240161
KMT-2024-BLG-3162,BLG33M0308.059236,18:16:17.37,-29:05:25.30,60384.83737,33.63,0.074,20.33,20.0,20.84,1,0.47,
KMT-2024-BLG-3163,BLG33M0605.006115,18:14:35.62,-29:24:03.10,60603.48754,28.08,0.091,20.03,17.68,17.68,1,0.39,MB24282
KMT-2024-BLG-3164,SSO33T0808.023316,18:08:42.31,-30:07:00.08,60589.29923,46.45,0.059,21.56,18.96,18.96,1,0.79,
KMT-2024-BLG-3165,SSO34K0305.012877,18:02:08.63,-31:30:49.90,60517.91214,57.99,0.191,19.29,18.39,18.39,1,1.08,OB240930
KMT-2024-BLG-3166,BLG34K0605.010785,18:00:44.77,-31:34:11.50,60382.88825,43.01,0.862,19.02,18.36,18.36,1,1.2,
KMT-2024-BLG-3167,BLG34M0306.014331,18:07:23.67,-31:22:01.88,60415.09444,6.43,0.413,18.81,18.7,18.7,1,0.76,
KMT-2024-BLG-3168,BLG34M0401.015700,18:07:06.16,-32:04:10.49,60359.85083,126.91,0.002,20.56,18.8,18.8,1,0.68,
KMT-2024-BLG-3169,BLG34N0508.025203,18:06:18.63,-32:14:42.40,60371.34804,22.22,0.3,20.06,19.36,19.36,1,1.01,
KMT-2024-BLG-3170,BLG34N0801.014202,18:04:24.30,-33:13:01.09,60365.43375,49.68,0.28,21.0,18.87,18.87,1,0.94,
KMT-2024-BLG-3171,BLG34T0107.010176,18:03:16.66,-32:23:11.18,60377.1862,46.94,0.859,18.24,18.26,18.26,1,0.85,OB240107
KMT-2024-BLG-3172,BLG34T0302.005281,18:02:16.95,-33:03:50.40,60371.94146,53.16,0.397,17.88,17.89,17.89,1,0.95,OB240109
KMT-2024-BLG-3173,SSO34T0807.000329,17:59:38.69,-32:22:35.90,60608.06339,26.63,0.572,15.94,14.51,14.51,1,1.15,MB24247 OB241323
KMT-2024-BLG-3174,BLG35K0303.017183,18:02:58.35,-25:25:01.70,60590.26093,36.51,0.847,19.79,20.0,20.64,2,3.45,
KMT-2024-BLG-3175,BLG35K0303.017922,18:03:04.73,-25:24:50.11,60391.55119,6.57,0.073,21.06,20.0,20.7,2,3.26,
KMT-2024-BLG-3176,BLG35K0701.010510,18:00:33.96,-25:40:32.27,60612.17955,46.65,0.077,20.54,20.0,20.3,2,4.47,
KMT-2024-BLG-3177,BLG35K0702.001663,18:00:36.29,-25:33:11.52,60364.10603,87.48,0.028,22.94,18.29,18.29,2,5.17,
KMT-2024-BLG-3178,BLG35M0401.009642,18:07:10.98,-25:43:26.62,60596.48833,15.59,0.07,21.07,18.23,18.23,1,1.49,
KMT-2024-BLG-3179,BLG35N0208.048141,18:08:17.74,-25:54:31.50,60377.6749,27.46,0.024,21.81,19.72,19.72,1,1.32,
KMT-2024-BLG-3180,BLG35N0505.035276,18:06:39.33,-26:21:24.52,60599.91108,17.19,0.196,20.98,19.59,19.59,1,1.76,
KMT-2024-BLG-3181,SSO35N0703.029136,18:05:31.35,-26:31:49.58,60534.4948,49.43,0.498,19.73,19.17,19.17,1,1.44,
KMT-2024-BLG-3182,SAO35N0703.053875,18:05:07.90,-26:32:32.89,60494.9318,24.75,0.264,20.42,19.85,19.85,1,1.54,
KMT-2024-BLG-3183,BLG35N0806.006683,18:04:55.74,-26:12:36.68,60406.21534,39.25,0.912,18.84,18.13,18.13,1,2.53,
KMT-2024-BLG-3184,BLG35T0206.045876,18:03:14.03,-26:14:42.43,60359.30819,64.27,0.072,21.2,20.0,21.27,2,2.59,
KMT-2024-BLG-3185,BLG35T0501.023520,18:01:38.85,-26:50:43.58,60397.3084,74.21,0.071,21.7,19.84,19.84,1,3.01,
KMT-2024-BLG-3186,BLG35T0605.013224,18:01:06.57,-26:17:42.43,60374.45537,120.73,0.18,19.9,20.0,20.06,2,3.44,OB240208
KMT-2024-BLG-3187,BLG36K0304.005362,18:14:06.66,-23:17:27.56,60423.91705,193.6,0.369,18.88,18.46,18.46,4,2.12,OB240323
KMT-2024-BLG-3188,BLG36K0501.003696,18:13:19.07,-23:33:44.24,60356.50748,62.28,0.171,20.38,18.0,18.0,4,1.91,OB240172
KMT-2024-BLG-3189,BLG36N0501.021843,18:17:45.12,-24:43:13.58,60388.74082,72.12,0.116,21.7,19.11,19.11,1,0.98,
KMT-2024-BLG-3190,SSO36T0505.005623,18:13:00.19,-24:11:01.03,60545.46695,199.79,0.005,23.48,18.83,18.83,4,2.06,
KMT-2024-BLG-3191,SAO37K0302.028054,17:42:36.94,-35:06:48.89,60363.38841,32.89,0.011,19.57,19.62,19.62,2,1.46,OB240032
KMT-2024-BLG-3192,BLG37K0604.005778,17:40:54.66,-34:54:14.11,60355.77709,42.17,0.19,18.49,18.59,18.59,2,2.5,OB240035
KMT-2024-BLG-3193,BLG37K0804.027726,17:39:48.86,-34:49:57.14,60388.48581,7.29,0.198,21.0,20.0,20.36,2,2.3,
KMT-2024-BLG-3194,BLG37K0807.031107,17:39:53.97,-34:26:20.94,60355.6743,18.93,0.774,19.47,20.0,20.43,2,2.4,
KMT-2024-BLG-3195,BLG37M0303.044612,17:48:00.52,-35:02:00.20,60360.17329,48.46,0.349,21.68,19.52,19.52,1,1.01,
KMT-2024-BLG-3196,BLG37M0405.041457,17:47:22.29,-34:47:49.99,60371.80604,85.04,0.239,19.34,19.35,19.35,1,0.96,OB240033
KMT-2024-BLG-3197,BLG38K0202.015696,17:53:57.70,-22:21:45.58,60575.9359,13.93,0.035,21.6,19.58,19.58,4,2.4,
KMT-2024-BLG-3198,BLG38K0301.014592,17:53:21.55,-22:29:00.06,60379.34821,20.12,0.062,19.94,19.76,19.76,4,2.37,
KMT-2024-BLG-3199,BLG38K0504.009173,17:52:15.10,-22:03:07.85,60411.455,4.89,0.059,21.3,18.93,18.93,4,2.32,
KMT-2024-BLG-3200,BLG38K0606.003083,17:51:54.35,-21:45:08.57,60360.71896,46.2,0.275,20.13,17.44,17.44,4,2.21,OB240060
KMT-2024-BLG-3201,BLG38M0804.005980,17:55:23.36,-22:02:00.38,60380.0228,61.53,0.052,20.95,18.62,18.62,4,2.71,
KMT-2024-BLG-3202,BLG38T0808.000872,17:50:39.90,-22:38:33.61,60371.23902,56.23,0.469,18.47,15.89,15.89,1,2.29,OB240063
KMT-2024-BLG-3203,BLG41K0101.014418,17:53:52.41,-31:05:08.48,60600.12038,69.94,0.409,20.36,18.64,18.64,1,1.97,OB241347
KMT-2024-BLG-3204,BLG41K0303.054538,17:52:28.23,-30:55:47.78,60383.63261,45.38,0.18,21.56,19.71,19.71,1,2.05,
KMT-2024-BLG-3205,BLG41K0402.068511,17:51:48.48,-31:01:59.20,60577.99233,46.58,0.025,22.14,20.0,20.34,1,2.22,
KMT-2024-BLG-3206,SSO41K0404.019769,17:52:06.18,-30:48:17.10,60590.79625,6.18,0.188,20.49,18.77,18.77,1,2.09,
KMT-2024-BLG-3207,BLG41K0408.077286,17:52:11.00,-30:18:01.73,60541.58397,20.38,0.616,20.46,20.0,22.5,3,2.01,
KMT-2024-BLG-3208,BLG41K0501.051129,17:51:17.80,-31:10:34.32,60376.37133,21.63,0.092,22.19,20.0,20.63,2,2.74,
KMT-2024-BLG-3209,SSO41K0503.025260,17:51:34.07,-30:51:16.20,60551.48036,9.59,0.022,22.29,19.51,19.51,1,2.32,
KMT-2024-BLG-3210,BLG41K0602.073392,17:50:46.99,-30:58:51.67,60583.5932,2.24,0.071,20.04,20.0,22.07,2,2.94,
KMT-2024-BLG-3211,BLG41K0605.037680,17:50:30.26,-30:36:56.20,60555.3279,36.21,0.181,22.42,19.67,19.67,1,2.54,
KMT-2024-BLG-3212,BLG41K0608.033688,17:50:55.87,-30:12:32.40,60567.71393,17.06,0.002,22.94,19.54,19.54,1,2.39,
KMT-2024-BLG-3213,SAO41K0703.012429,17:50:08.63,-30:51:18.22,60538.91462,18.64,0.005,21.58,18.64,18.64,1,2.52,
KMT-2024-BLG-3214,BLG41K0708.028954,17:50:26.62,-30:14:32.60,60381.10042,29.91,0.017,23.23,20.0,20.07,1,2.96,
KMT-2024-BLG-3215,BLG41K0803.001438,17:49:24.18,-30:51:11.59,60361.34609,55.57,0.246,18.03,16.56,16.56,1,3.51,
KMT-2024-BLG-3216,BLG41K0806.008798,17:49:28.26,-30:31:09.70,60353.97778,40.96,0.175,20.62,18.05,18.05,1,3.25,
KMT-2024-BLG-3217,SSO41M0405.022899,17:56:54.08,-30:37:24.89,60587.01052,41.95,0.006,23.75,19.07,19.07,1,1.92,
KMT-2024-BLG-3218,BLG41M0701.013464,17:55:03.02,-31:10:20.50,60599.01785,56.22,0.595,19.59,18.25,18.25,1,1.67,
KMT-2024-BLG-3219,BLG41M0708.009781,17:55:09.40,-30:16:08.18,60360.69741,7.24,0.19,17.89,17.89,17.89,1,1.94,
KMT-2024-BLG-3220,BLG41M0802.011309,17:54:27.81,-31:01:31.19,60371.67816,11.28,0.063,21.95,17.87,17.87,1,1.54,
KMT-2024-BLG-3221,SAO41M0803.054998,17:54:27.05,-30:51:35.39,60525.56572,40.0,0.005,25.05,19.73,19.73,1,1.89,
KMT-2024-BLG-3222,BLG41N0404.043690,17:57:10.03,-31:53:16.69,60366.08934,16.05,0.067,21.8,19.7,19.7,1,1.56,
KMT-2024-BLG-3223,BLG41N0405.017327,17:56:58.78,-31:44:16.01,60438.18105,24.03,0.807,19.6,18.76,18.76,1,1.44,
KMT-2024-BLG-3224,BLG41N0506.050778,17:56:27.16,-31:33:58.50,60374.58311,30.51,0.09,22.06,19.79,19.79,1,1.73,
KMT-2024-BLG-3225,BLG41N0601.007812,17:55:44.39,-32:14:41.89,60600.86257,46.07,0.489,20.26,18.17,18.17,1,1.65,
KMT-2024-BLG-3226,BLG41N0603.052512,17:55:48.38,-32:00:41.00,60368.8407,12.36,0.072,22.13,19.84,19.84,1,1.62,
KMT-2024-BLG-3227,BLG41N0603.063898,17:55:55.77,-31:56:57.52,60358.21453,49.5,0.042,21.11,20.0,20.15,1,1.24,
KMT-2024-BLG-3228,BLG41N0605.011611,17:55:50.80,-31:47:33.29,60393.44444,61.19,0.843,18.17,18.17,18.17,1,1.22,OB240129
KMT-2024-BLG-3229,BLG41N0606.043577,17:55:29.50,-31:38:28.28,60401.52783,38.58,0.044,22.44,19.41,19.41,1,1.46,
KMT-2024-BLG-3230,BLG41N0607.001659,17:55:28.42,-31:29:08.20,60505.20029,6.69,0.043,20.96,15.77,15.77,1,1.57,
KMT-2024-BLG-3231,BLG41N0607.054282,17:55:34.68,-31:26:35.99,60608.81294,36.61,0.201,20.21,19.77,19.77,1,1.54,OB241320
KMT-2024-BLG-3232,BLG41N0801.017542,17:54:35.99,-32:13:20.32,60375.28973,4.06,0.762,19.01,18.96,18.96,1,1.69,
KMT-2024-BLG-3233,BLG41N0806.028655,17:54:20.82,-31:41:06.40,60391.2773,28.47,0.883,19.6,19.08,19.08,1,1.6,
KMT-2024-BLG-3234,BLG41T0207.044940,17:53:00.48,-31:31:49.58,60498.45172,15.79,0.917,20.22,20.0,20.05,1,2.28,
KMT-2024-BLG-3235,BLG41T0504.004293,17:51:20.72,-31:54:00.07,60371.92441,68.14,0.832,18.1,17.95,17.95,2,2.45,OB240026
KMT-2024-BLG-3236,BLG41T0504.022206,17:51:18.40,-31:54:48.64,60601.43011,16.89,0.279,19.97,20.0,20.15,2,2.48,OB241351
KMT-2024-BLG-3237,SSO41T0601.004570,17:50:31.23,-32:15:48.89,60541.93574,1.01,0.447,18.65,18.7,18.7,2,3.55,
KMT-2024-BLG-3238,BLG42K0103.087016,17:53:51.75,-28:50:24.50,60403.22124,10.86,0.048,22.31,20.0,22.4,2,1.9,
KMT-2024-BLG-3239,BLG42K0106.013343,17:53:37.07,-28:21:34.20,60356.0557,200.0,0.017,22.63,18.66,18.66,2,2.79,
KMT-2024-BLG-3240,BLG42K0107.010091,17:53:37.56,-28:15:10.84,60360.76694,48.06,0.257,21.16,18.43,18.43,2,2.89,
KMT-2024-BLG-3241,BLG42K0202.039596,17:53:03.25,-28:52:35.26,60401.27188,67.01,0.37,20.81,19.95,19.95,2,2.66,
KMT-2024-BLG-3242,BLG42K0301.027551,17:52:39.83,-29:03:54.79,60384.25293,25.05,0.074,22.39,19.23,19.23,1,2.55,
KMT-2024-BLG-3243,BLG42K0402.040220,17:51:55.68,-28:55:17.80,60362.83072,18.51,0.098,21.97,20.0,20.53,3,3.2,
KMT-2024-BLG-3244,SSO42K0405.019778,17:52:13.80,-28:31:55.31,60361.64464,7.24,0.479,19.9,19.99,19.99,2,3.8,
KMT-2024-BLG-3245,BLG42M0103.066006,17:58:47.52,-28:46:54.30,60571.55461,33.83,0.019,23.3,19.26,19.26,1,0.99,
KMT-2024-BLG-3246,BLG42M0105.006530,17:58:39.75,-28:30:04.61,60608.4488,61.27,0.146,20.7,16.88,16.88,1,1.61,OB241303
KMT-2024-BLG-3247,SSO42M0206.065129,17:57:45.74,-28:25:18.59,60414.68736,1.73,0.615,19.58,19.64,19.64,1,1.68,
KMT-2024-BLG-3248,BLG42M0405.055004,17:56:48.07,-28:31:39.11,60402.54143,15.43,0.909,19.56,19.49,19.49,1,1.79,
KMT-2024-BLG-3249,BLG42M0408.008010,17:57:01.19,-28:08:12.70,60565.41799,49.18,1.0,18.81,17.2,17.2,1,1.98,OB241305
KMT-2024-BLG-3250,BLG42M0504.049089,17:56:17.50,-28:37:23.02,60396.74503,45.17,0.013,24.06,19.19,19.19,1,1.77,
KMT-2024-BLG-3251,SAO42M0507.000521,17:56:20.12,-28:14:11.18,60359.48303,75.47,0.433,16.43,14.84,14.84,1,2.19,OB240081
KMT-2024-BLG-3252,BLG42M0507.002604,17:56:18.99,-28:15:15.19,60518.43488,45.51,0.002,22.95,16.3,16.3,1,2.19,
KMT-2024-BLG-3253,SSO42M0601.023410,17:55:55.27,-29:02:05.82,60566.83685,4.3,0.64,18.74,18.92,18.92,2,1.95,
KMT-2024-BLG-3254,BLG42M0602.079272,17:55:38.20,-28:56:27.74,60508.47113,25.42,0.012,23.25,20.0,20.37,2,1.76,
KMT-2024-BLG-3255,BLG42M0607.095430,17:55:38.63,-28:12:48.53,60373.72098,18.01,0.161,20.82,20.0,25.0,3,2.71,
KMT-2024-BLG-3256,BLG42M0701.045262,17:55:06.53,-29:00:41.44,60583.55211,14.25,0.013,23.41,19.5,19.5,2,1.99,
KMT-2024-BLG-3257,BLG42M0701.102891,17:55:09.25,-29:01:51.24,60590.99696,34.79,0.128,20.96,20.0,25.0,3,1.99,
KMT-2024-BLG-3258,BLG42M0802.035992,17:54:47.00,-28:51:39.60,60582.12445,141.88,0.002,24.09,19.18,19.18,2,1.89,
KMT-2024-BLG-3259,BLG42M0802.062693,17:54:31.12,-28:57:17.32,60378.72852,8.73,0.283,20.42,19.82,19.82,1,1.81,
KMT-2024-BLG-3260,BLG42M0807.080637,17:54:15.23,-28:19:50.38,60389.22816,3.95,0.447,19.74,20.0,25.0,3,2.78,
KMT-2024-BLG-3261,BLG42N0102.019408,17:58:24.47,-30:02:02.29,60602.28189,44.95,0.019,20.08,18.44,18.44,1,1.37,MB24283
KMT-2024-BLG-3262,BLG42N0306.004260,17:57:41.32,-29:27:28.80,60363.55381,12.21,0.537,16.23,16.23,16.23,1,1.59,OB240083
KMT-2024-BLG-3263,BLG42N0501.087684,17:56:27.04,-30:08:38.40,60392.41754,5.89,0.052,21.36,20.0,20.32,1,1.4,
KMT-2024-BLG-3264,BLG42N0503.014639,17:56:11.91,-29:56:17.09,60370.66106,88.8,0.08,21.29,18.32,18.32,1,1.64,OB240089
KMT-2024-BLG-3265,BLG42N0505.066643,17:56:13.11,-29:38:24.11,60585.60943,20.73,0.885,19.42,19.49,19.49,1,1.47,
KMT-2024-BLG-3266,BLG42N0601.001996,17:55:34.85,-30:06:52.20,60603.31984,73.78,0.02,22.29,15.8,15.8,1,1.55,
KMT-2024-BLG-3267,BLG42N0601.065285,17:55:55.65,-30:09:31.61,60487.83415,89.72,0.016,24.13,19.83,19.83,1,1.52,
KMT-2024-BLG-3268,BLG42N0602.091899,17:55:48.36,-30:04:55.49,60372.04761,19.93,0.097,21.54,20.0,25.0,3,1.7,
KMT-2024-BLG-3269,BLG42N0604.022531,17:55:35.69,-29:47:30.70,60559.16964,121.41,0.033,23.85,18.38,18.38,1,1.44,
KMT-2024-BLG-3270,SSO42N0605.001633,17:55:43.24,-29:40:41.20,60601.16137,198.79,0.271,20.34,15.29,15.29,1,1.58,
KMT-2024-BLG-3271,BLG42N0606.073042,17:55:37.02,-29:28:50.81,60352.97552,13.93,0.267,19.45,19.61,19.61,1,1.63,
KMT-2024-BLG-3272,SSO42N0608.023501,17:55:48.49,-29:13:53.00,60364.10384,4.25,0.039,19.43,18.46,18.46,1,1.76,
KMT-2024-BLG-3273,BLG42N0805.017890,17:54:33.57,-29:37:54.98,60381.64945,39.42,0.866,18.8,17.97,17.97,1,1.37,
KMT-2024-BLG-3274,BLG42N0805.028378,17:54:15.96,-29:38:45.38,60602.39604,3.48,0.322,18.49,18.47,18.47,1,1.51,OB241366
KMT-2024-BLG-3275,BLG42N0807.053077,17:54:19.06,-29:20:21.30,60563.12461,12.51,0.047,22.18,19.21,19.21,1,1.84,
KMT-2024-BLG-3276,BLG42N0808.017288,17:54:18.57,-29:17:20.51,60366.05764,31.64,0.002,21.68,18.03,18.03,1,1.76,
KMT-2024-BLG-3277,BLG42T0101.035549,17:53:39.75,-30:08:17.20,60405.39337,25.42,0.278,21.0,19.02,19.02,3,1.5,
KMT-2024-BLG-3278,BLG42T0102.095780,17:53:38.47,-30:00:52.09,60424.44409,16.14,1.0,19.6,20.0,20.05,1,1.64,
KMT-2024-BLG-3279,BLG42T0202.011801,17:53:09.46,-29:58:37.60,60410.26593,9.94,0.455,19.99,17.48,17.48,1,1.83,
KMT-2024-BLG-3280,BLG42T0206.058373,17:53:01.16,-29:27:23.80,60586.0479,48.02,0.101,22.79,19.62,19.62,1,2.27,
KMT-2024-BLG-3281,BLG42T0207.015624,17:53:08.19,-29:22:30.00,60374.30696,49.17,0.547,18.07,18.1,18.1,1,2.34,OB240016
KMT-2024-BLG-3282,BLG42T0302.023308,17:52:21.78,-30:03:22.28,60557.60261,1.56,0.336,20.42,18.62,18.62,1,2.07,
KMT-2024-BLG-3283,SAO42T0307.027414,17:52:21.80,-29:20:05.10,60530.05538,2.66,0.026,21.77,19.08,19.08,1,2.81,
KMT-2024-BLG-3284,BLG42T0408.023362,17:52:00.60,-29:14:08.20,60502.37499,14.72,0.002,24.64,19.07,19.07,1,2.75,
KMT-2024-BLG-3285,SSO42T0602.021659,17:50:51.31,-29:57:50.00,60362.78179,19.04,0.195,19.93,19.1,19.1,1,3.19,
KMT-2024-BLG-3286,BLG43K0102.045719,18:01:08.81,-27:46:55.31,60595.01855,81.82,0.037,21.9,19.08,19.08,1,1.32,OB241325
KMT-2024-BLG-3287,BLG43K0105.027048,18:01:09.66,-27:25:50.70,60375.33844,35.69,0.642,18.86,18.81,18.81,1,1.43,OB240096
KMT-2024-BLG-3288,BLG43K0301.005673,18:00:16.84,-27:54:35.60,60359.80963,45.08,0.294,18.28,16.84,16.84,1,1.73,
KMT-2024-BLG-3289,BLG43K0406.031132,17:59:39.06,-27:21:05.51,60391.67534,17.32,0.996,19.46,19.2,19.2,1,2.15,
KMT-2024-BLG-3290,BLG43K0503.024800,17:58:55.27,-27:40:30.86,60599.11983,108.78,0.037,22.97,18.8,18.8,2,1.83,
KMT-2024-BLG-3291,SSO43K0507.052018,17:58:58.60,-27:09:38.09,60591.27505,27.01,0.201,20.58,20.0,20.04,1,2.48,
KMT-2024-BLG-3292,BLG43K0602.043648,17:58:12.29,-27:49:25.10,60369.37532,11.79,0.202,20.33,19.84,19.84,1,2.5,
KMT-2024-BLG-3293,BLG43K0804.030101,17:57:14.93,-27:34:51.82,60377.42146,26.23,0.301,20.32,20.0,21.36,2,4.09,
KMT-2024-BLG-3294,BLG43M0101.009508,18:06:10.51,-27:59:50.32,60608.92176,15.92,0.601,17.91,17.54,17.54,1,0.64,
KMT-2024-BLG-3295,BLG43M0101.015959,18:06:18.03,-27:54:38.59,60354.07098,26.93,0.059,18.07,18.03,18.03,1,0.69,OB240144
KMT-2024-BLG-3296,SSO43M0105.049199,18:06:15.41,-27:29:05.32,60590.17504,9.31,0.267,19.04,19.13,19.13,1,0.8,MB24253
KMT-2024-BLG-3297,BLG43M0108.030134,18:06:09.95,-27:01:27.80,60604.50861,15.14,0.258,18.74,18.76,18.76,1,0.96,MB24271 OB241342
KMT-2024-BLG-3298,BLG43M0203.071585,18:05:23.05,-27:40:09.30,60362.13685,30.4,0.473,19.73,19.72,19.72,1,1.09,
KMT-2024-BLG-3299,BLG43M0401.094256,18:04:16.30,-27:54:07.81,60359.79604,12.21,0.071,19.92,20.0,20.55,1,1.09,
KMT-2024-BLG-3300,BLG43M0506.097202,18:03:50.44,-27:16:34.28,60517.97295,193.34,0.041,23.26,20.0,20.79,1,1.17,
KMT-2024-BLG-3301,BLG43M0608.031960,18:03:13.49,-27:04:41.02,60365.758,51.0,0.016,23.32,19.55,19.55,1,1.93,
KMT-2024-BLG-3302,BLG43M0703.054590,18:02:39.17,-27:41:30.91,60510.62489,9.49,0.852,19.37,19.4,19.4,1,1.29,
KMT-2024-BLG-3303,BLG43M0801.090082,18:02:04.63,-27:58:48.11,60575.00626,6.61,0.174,21.54,20.0,20.67,1,1.24,
KMT-2024-BLG-3304,SSO43M0805.013240,18:02:02.08,-27:25:39.40,60523.55458,7.93,0.004,23.3,18.27,18.27,1,1.65,
KMT-2024-BLG-3305,BLG43M0807.007242,18:02:05.69,-27:08:57.59,60369.897,30.21,0.836,17.93,17.97,17.97,1,2.45,OB240098
KMT-2024-BLG-3306,BLG43N0106.056312,18:06:04.05,-28:28:50.30,60435.87914,67.15,0.307,21.23,19.64,19.64,1,0.95,
KMT-2024-BLG-3307,BLG43N0208.008278,18:05:38.46,-28:12:26.71,60397.34908,28.65,0.997,18.4,17.34,17.34,1,0.74,
KMT-2024-BLG-3308,BLG43N0208.076924,18:05:22.55,-28:12:59.90,60596.04703,57.82,0.086,22.41,19.78,19.78,1,0.8,
KMT-2024-BLG-3309,SSO43N0303.003816,18:04:54.43,-28:50:25.80,60408.25845,54.76,0.986,17.15,16.23,16.23,1,0.88,OB240132
KMT-2024-BLG-3310,BLG43N0307.068275,18:04:47.02,-28:20:56.29,60598.53958,31.82,0.022,21.46,19.64,19.64,1,1.1,
KMT-2024-BLG-3311,BLG43N0502.017127,18:04:02.51,-28:53:43.12,60368.06874,188.79,0.028,22.92,18.08,18.08,1,0.74,
KMT-2024-BLG-3312,BLG43N0506.069939,18:03:54.40,-28:22:40.30,60390.97291,28.44,0.43,20.91,19.54,19.54,1,0.92,
KMT-2024-BLG-3313,BLG43N0602.035606,18:03:08.68,-28:57:30.20,60372.78852,199.56,0.025,22.36,18.66,18.66,1,0.76,OB240101
KMT-2024-BLG-3314,BLG43N0607.048419,18:03:26.72,-28:16:00.98,60374.04606,24.87,0.381,18.94,18.94,18.94,1,0.92,
KMT-2024-BLG-3315,BLG43N0801.052734,18:02:02.64,-29:00:56.59,60569.333,4.58,0.093,21.63,19.29,19.29,1,1.44,
KMT-2024-BLG-3316,BLG43N0802.029075,18:01:53.82,-28:55:18.41,60380.48914,8.46,0.282,19.64,18.66,18.66,1,1.06,
KMT-2024-BLG-3317,SSO43N0803.073600,18:02:04.49,-28:47:24.68,60605.61413,51.21,0.016,20.13,19.5,19.5,1,0.95,MB24281 OB241330
KMT-2024-BLG-3318,BLG43N0805.009756,18:02:02.58,-28:34:43.10,60361.83061,42.24,0.401,19.96,17.49,17.49,1,1.0,
KMT-2024-BLG-3319,BLG43T0102.039526,18:01:22.44,-28:59:16.80,60345.77929,47.63,0.304,19.46,18.78,18.78,1,1.15,
KMT-2024-BLG-3320,BLG43T0103.094440,18:01:28.21,-28:46:33.89,60570.57904,14.46,0.478,19.86,20.0,20.15,1,1.07,
KMT-2024-BLG-3321,BLG43T0108.003910,18:01:29.11,-28:10:50.02,60365.52068,56.34,0.998,17.42,16.28,16.28,1,1.47,
KMT-2024-BLG-3322,SSO43T0108.081663,18:01:07.48,-28:13:36.52,60596.82176,20.41,0.61,20.17,20.0,20.23,1,1.43,
KMT-2024-BLG-3323,BLG43T0508.043959,17:58:58.53,-28:13:50.92,60377.7515,11.23,0.636,19.36,19.52,19.52,1,1.61,
KMT-2024-BLG-3324,BLG43T0508.060132,17:59:11.75,-28:13:16.39,60574.62681,7.04,0.51,20.03,19.93,19.93,1,1.84,
KMT-2024-BLG-3325,BLG43T0806.004583,17:57:03.30,-28:26:25.80,60356.13559,9.43,0.008,16.87,16.35,16.35,1,1.81,
KMT-2024-BLG-3326,BLG01K0403.003814,17:52:25.95,-30:43:33.49,60570.59133,0.66,0.223,20.26,16.41,16.41,1,1.84,
KMT-2024-BLG-3327,BLG01M0302.059968,17:57:35.91,-30:51:22.61,60420.42478,33.34,0.199,21.98,19.88,19.88,1,1.42,
KMT-2024-BLG-3328,SSO01M0302.071388,17:58:01.78,-30:52:12.11,60449.02409,5.38,0.026,22.21,20.0,20.26,1,1.48,
KMT-2024-BLG-3329,BLG01M0307.012318,17:57:54.38,-30:11:41.32,60443.64577,22.41,0.899,18.69,18.45,18.45,1,1.85,
KMT-2024-BLG-3330,SSO01M0504.033608,17:56:34.53,-30:34:52.39,60574.00893,20.42,0.376,21.01,19.38,19.38,1,1.91,
KMT-2024-BLG-3331,BLG01M0703.040848,17:55:22.28,-30:44:46.50,60526.78025,18.8,0.491,20.07,19.34,19.34,1,1.7,
KMT-2024-BLG-3332,BLG01N0808.028769,17:54:37.32,-31:15:10.80,60513.96996,77.71,0.03,23.02,19.23,19.23,1,1.94,
KMT-2024-BLG-3333,SSO01T0404.018138,17:52:15.40,-31:42:59.40,60594.73766,19.41,0.269,19.7,19.23,19.23,1,2.19,
KMT-2024-BLG-3334,BLG01T0502.002750,17:51:44.64,-32:02:55.72,60576.61943,3.11,0.964,17.55,16.83,16.83,1,2.23,
KMT-2024-BLG-3335,BLG01T0701.039161,17:50:20.36,-32:09:21.53,60398.91996,104.9,0.049,24.2,20.0,22.1,2,4.14,
KMT-2024-BLG-3336,BLG01T0808.009712,17:49:50.74,-31:16:32.88,60583.99427,13.93,0.648,19.97,20.0,21.02,2,5.51,
KMT-2024-BLG-3337,SSO02K0502.013546,17:51:53.39,-28:49:26.87,60580.91989,106.36,0.617,18.85,19.43,19.43,2,3.13,
KMT-2024-BLG-3338,SAO02K0502.057293,17:51:39.24,-28:49:03.36,60494.45592,5.08,0.02,22.93,20.0,21.99,2,4.12,
KMT-2024-BLG-3339,BLG02M0103.058150,17:59:02.65,-28:39:52.60,60475.53175,14.23,0.692,19.8,19.28,19.28,1,1.21,
KMT-2024-BLG-3340,SSO02M0301.085961,17:57:40.62,-28:51:33.08,60590.40996,6.14,0.581,19.72,19.78,19.78,1,1.29,
KMT-2024-BLG-3341,SSO02M0702.063355,17:55:13.32,-28:46:55.78,60445.41364,9.97,0.904,19.94,20.0,20.18,2,2.09,
KMT-2024-BLG-3342,BLG02M0705.034199,17:55:27.99,-28:24:42.37,60390.29452,11.64,0.516,19.87,19.85,19.85,2,2.12,
KMT-2024-BLG-3343,BLG02N0402.054312,17:57:08.41,-29:52:20.89,60431.74522,30.38,0.385,21.12,19.75,19.75,1,1.96,
KMT-2024-BLG-3344,BLG02N0403.001094,17:57:25.04,-29:46:26.80,60387.00016,125.36,0.002,24.12,15.04,15.04,1,1.54,
KMT-2024-BLG-3345,BLG02N0801.047772,17:54:55.07,-30:02:17.99,60386.67425,38.41,0.029,23.08,19.05,19.05,1,1.29,
KMT-2024-BLG-3346,BLG02T0802.028152,17:49:50.47,-29:55:11.39,60520.36825,25.77,0.298,21.05,19.93,19.93,1,3.53,
KMT-2024-BLG-3347,BLG03K0607.035062,17:58:51.82,-27:06:08.10,60561.9329,11.91,0.903,20.13,20.0,20.45,1,3.0,
KMT-2024-BLG-3348,SAO03M0402.058968,18:04:38.79,-27:41:52.80,60377.59369,18.04,0.002,24.56,19.46,19.46,1,1.07,
KMT-2024-BLG-3349,SSO03M0407.020709,18:04:47.04,-27:07:24.89,60457.32273,5.67,0.809,18.56,18.42,18.42,1,0.97,
KMT-2024-BLG-3350,BLG03N0303.047387,18:05:03.81,-28:44:11.51,60584.50973,28.91,0.673,19.44,19.24,19.24,1,0.93,
KMT-2024-BLG-3351,SSO03N0502.032239,18:04:05.47,-28:48:46.12,60564.70928,16.05,0.252,20.2,18.66,18.66,1,0.86,
KMT-2024-BLG-3352,BLG03N0606.022324,18:03:48.43,-28:18:50.80,60587.57377,151.45,0.032,23.63,18.26,18.26,1,0.89,
KMT-2024-BLG-3353,SAO03T0101.006671,18:01:37.48,-28:53:37.39,60446.74321,4.33,0.696,19.46,17.03,17.03,1,1.13,
KMT-2024-BLG-3354,SSO03T0402.028203,17:59:55.82,-28:49:53.62,60521.17169,17.42,0.148,21.61,18.41,18.41,1,1.1,
KMT-2024-BLG-3355,BLG03T0504.039616,17:59:13.49,-28:36:19.30,60519.8657,28.2,0.076,22.18,18.82,18.82,1,1.34,
KMT-2024-BLG-3356,BLG04M0201.013711,18:07:39.08,-29:53:56.51,60390.82721,39.63,0.904,19.66,18.35,18.35,1,0.84,
KMT-2024-BLG-3357,BLG11M0205.007796,17:31:17.44,-29:23:11.94,60341.31229,71.31,0.149,21.8,19.33,19.33,2,3.23,
KMT-2024-BLG-3358,BLG11N0504.023669,17:29:56.17,-30:32:54.38,60380.66043,29.65,0.449,20.39,20.0,20.78,2,3.02,
KMT-2024-BLG-3359,BLG11N0807.001408,17:27:42.31,-30:11:15.61,60533.32193,65.07,0.974,18.46,16.84,16.84,2,2.48,
KMT-2024-BLG-3360,BLG11T0405.000213,17:25:16.92,-30:29:00.42,60364.87837,199.46,0.047,21.93,15.7,15.7,2,3.03,
KMT-2024-BLG-3361,BLG11T0608.052030,17:23:57.46,-30:00:37.15,60486.64877,54.71,0.275,21.64,20.0,20.71,2,1.83,
KMT-2024-BLG-3362,BLG12M0806.004356,17:27:58.63,-27:01:43.00,60498.9976,14.45,0.887,19.47,19.16,19.16,2,2.57,
KMT-2024-BLG-3363,BLG12N0306.091208,17:30:50.06,-28:11:57.88,60379.16441,2.05,0.002,24.14,20.0,22.1,2,2.24,
KMT-2024-BLG-3364,BLG14K0403.083325,17:34:35.44,-28:33:35.10,60503.13148,12.74,0.041,22.98,20.0,22.29,2,3.6,
KMT-2024-BLG-3365,BLG14M0107.024974,17:41:17.75,-28:04:34.36,60478.7645,20.45,0.899,20.64,20.0,20.7,2,3.7,
KMT-2024-BLG-3366,BLG14M0208.010943,17:40:48.14,-27:53:06.94,60454.70266,92.84,0.052,23.13,19.23,19.23,2,3.33,
KMT-2024-BLG-3367,BLG14M0304.001626,17:39:57.37,-28:26:58.06,60590.97264,53.62,0.581,19.33,17.64,17.64,2,4.33,OB241294
KMT-2024-BLG-3368,BLG14T0203.089215,17:35:36.34,-29:36:10.94,60521.96701,18.25,0.178,21.91,20.0,21.85,2,3.07,
KMT-2024-BLG-3369,BLG15K0601.091610,17:33:39.41,-26:36:54.94,60532.36655,10.02,0.013,23.44,20.0,22.43,2,2.53,
KMT-2024-BLG-3370,BLG15K0602.013175,17:33:40.68,-26:33:56.48,60402.14221,3.15,0.562,20.5,20.0,20.25,2,2.71,
KMT-2024-BLG-3371,BLG15N0202.014263,17:40:32.71,-27:41:38.11,60494.89262,42.7,0.799,20.25,19.83,19.83,2,3.38,
KMT-2024-BLG-3372,BLG15N0507.003876,17:39:09.29,-27:02:38.11,60482.54762,65.41,0.272,21.71,17.82,17.82,2,2.81,
KMT-2024-BLG-3373,SAO15N0507.053531,17:38:47.90,-27:02:04.16,60475.31418,2.87,0.067,21.43,20.0,21.16,2,2.83,
KMT-2024-BLG-3374,BLG16N0201.022672,17:40:54.07,-25:42:34.02,60395.57122,95.56,0.538,19.89,20.0,20.33,2,2.66,OB240410
KMT-2024-BLG-3375,BLG16T0206.060381,17:35:53.68,-25:02:26.70,60357.77136,80.67,0.441,21.08,20.0,21.91,2,2.87,
KMT-2024-BLG-3376,BLG17M0104.006722,17:49:08.82,-32:44:48.98,60514.34277,24.15,0.995,19.6,18.83,18.83,1,3.33,
KMT-2024-BLG-3377,BLG18K0805.063292,17:41:52.27,-26:06:22.50,60402.70128,48.47,0.077,23.46,20.0,21.65,2,3.07,
KMT-2024-BLG-3378,BLG18T0503.050527,17:43:18.54,-27:31:29.96,60482.5444,21.38,0.777,19.99,20.0,21.2,2,3.24,
KMT-2024-BLG-3379,BLG18T0603.047314,17:42:42.30,-27:33:21.06,60595.45013,31.15,0.052,22.65,20.0,21.13,2,3.46,
KMT-2024-BLG-3380,BLG19K0606.038171,17:42:58.51,-23:54:11.41,60563.97937,26.76,0.902,19.93,19.73,19.73,1,1.79,
KMT-2024-BLG-3381,BLG19N0407.010310,17:48:31.05,-24:54:22.10,60523.4267,23.67,1.0,19.94,20.0,20.15,2,4.02,
KMT-2024-BLG-3382,BLG19N0801.019112,17:46:35.27,-25:40:57.22,60495.86316,8.22,0.393,20.64,19.72,19.72,2,2.4,
KMT-2024-BLG-3383,BLG19T0601.017184,17:42:36.37,-25:38:22.52,60579.83145,16.14,0.374,21.04,19.7,19.7,2,2.43,
KMT-2024-BLG-3384,BLG20N0105.012031,17:50:11.82,-23:04:42.38,60406.56006,54.22,0.378,21.17,19.08,19.08,1,2.13,
KMT-2024-BLG-3385,BLG22M0208.046402,17:58:33.35,-32:16:08.62,60379.11862,18.18,0.166,21.04,19.87,19.87,1,1.38,
KMT-2024-BLG-3386,BLG22N0604.000468,17:55:58.89,-33:51:15.80,60375.36602,34.3,1.0,16.29,14.63,14.63,1,0.86,
KMT-2024-BLG-3387,BLG22N0805.000575,17:54:38.24,-33:46:06.38,60366.12656,38.77,0.985,16.84,14.9,14.9,1,1.22,
KMT-2024-BLG-3388,BLG31K0302.040759,18:12:00.11,-25:33:33.59,60363.93196,61.36,0.638,19.84,19.88,19.88,1,1.74,
KMT-2024-BLG-3389,BLG31N0607.003639,18:15:15.20,-26:02:06.00,60401.43886,16.03,0.892,19.19,17.2,17.2,1,1.12,
KMT-2024-BLG-3390,BLG32M0103.040239,18:15:50.47,-27:36:05.11,60528.16296,4.12,0.159,19.26,19.44,19.44,1,0.52,
KMT-2024-BLG-3391,BLG32M0204.033853,18:15:11.66,-27:23:50.60,60366.91035,59.03,0.375,19.14,19.13,19.13,1,0.58,OB240153
KMT-2024-BLG-3392,SSO32M0402.012054,18:13:42.92,-27:42:37.40,60489.25954,15.65,0.81,18.56,17.93,17.93,1,0.5,
KMT-2024-BLG-3393,BLG34K0803.070863,17:59:20.82,-31:44:50.71,60391.2732,6.96,0.536,20.02,20.0,20.82,1,1.66,
KMT-2024-BLG-3394,BLG34M0501.051902,18:06:16.82,-32:02:15.90,60507.01837,6.29,0.781,19.99,20.0,20.37,1,0.83,
KMT-2024-BLG-3395,BLG34T0302.037368,18:02:28.95,-32:59:27.71,60441.05936,14.59,0.336,19.84,19.81,19.81,1,1.02,
KMT-2024-BLG-3396,BLG34T0406.007967,18:01:29.66,-32:32:22.31,60552.65057,8.47,0.746,18.47,18.48,18.48,1,1.09,
KMT-2024-BLG-3397,BLG35M0704.003188,18:05:28.44,-25:17:58.60,60423.0416,56.73,0.273,21.12,17.76,17.76,4,3.42,
KMT-2024-BLG-3398,BLG35M0705.003077,18:05:07.37,-25:09:26.57,60462.65043,60.7,0.697,18.96,17.99,17.99,4,3.96,
KMT-2024-BLG-3399,BLG35N0407.027281,18:07:10.51,-26:04:43.39,60418.60014,63.5,0.225,22.11,19.52,19.52,1,1.91,
KMT-2024-BLG-3400,BLG37M0207.038078,17:48:44.18,-34:30:28.30,60386.75854,53.35,0.664,19.44,19.43,19.43,1,1.17,
KMT-2024-BLG-3401,SSO38M0307.000598,17:58:08.29,-21:41:50.50,60595.85955,41.99,0.078,21.52,16.58,16.58,4,4.68,
KMT-2024-BLG-3402,BLG41K0505.053408,17:51:30.82,-30:36:36.90,60430.32534,10.5,0.545,20.55,20.0,20.31,1,3.11,
KMT-2024-BLG-3403,BLG41K0506.043362,17:51:30.99,-30:33:17.89,60579.71095,28.51,0.024,24.04,20.0,20.39,1,3.81,
KMT-2024-BLG-3404,BLG41M0306.013963,17:57:20.77,-30:27:55.12,60455.65189,15.49,0.403,20.98,19.0,19.0,1,2.04,
KMT-2024-BLG-3405,BLG41M0308.017360,17:57:37.23,-30:14:51.68,60519.53952,43.58,0.144,22.06,18.88,18.88,1,1.94,
KMT-2024-BLG-3406,BLG41M0402.028119,17:56:55.34,-31:02:38.29,60403.23689,4.01,0.887,19.87,18.75,18.75,1,1.16,
KMT-2024-BLG-3407,SAO41M0803.036223,17:54:17.59,-30:50:43.51,60432.45948,38.4,0.311,20.09,19.3,19.3,1,1.85,OB240528
KMT-2024-BLG-3408,SSO41N0702.056782,17:55:20.90,-32:09:02.09,,,,,19.99,19.99,1,1.62,
KMT-2024-BLG-3409,BLG42K0301.037391,17:52:37.89,-29:02:43.30,60562.11823,61.18,0.708,21.18,19.62,19.62,1,2.8,
KMT-2024-BLG-3410,SSO42K0402.044999,17:51:54.55,-28:51:38.30,60586.07157,14.08,0.679,20.27,20.0,20.7,2,3.14,
KMT-2024-BLG-3411,BLG42K0606.080208,17:50:55.74,-28:21:42.88,60404.82534,19.43,0.007,24.86,20.0,25.0,3,4.45,
KMT-2024-BLG-3412,BLG42M0703.082733,17:55:04.66,-28:48:59.00,60462.83667,7.57,0.522,20.09,20.0,20.84,2,2.1,
KMT-2024-BLG-3413,SAO42M0803.002638,17:54:15.37,-28:49:49.44,60512.38166,128.35,0.502,19.02,16.14,16.14,2,1.91,
KMT-2024-BLG-3414,BLG42M0804.082480,17:54:23.63,-28:39:30.17,60498.70446,12.23,0.025,22.96,20.0,21.08,2,2.17,
KMT-2024-BLG-3415,BLG42N0202.039874,17:58:12.47,-29:57:43.99,60359.79457,199.99,0.024,19.74,19.18,19.18,1,1.37,
KMT-2024-BLG-3416,BLG42N0202.086329,17:58:04.58,-30:01:48.50,60577.92786,9.34,0.377,20.53,20.0,20.52,1,1.43,
KMT-2024-BLG-3417,BLG42N0203.046939,17:57:54.52,-29:56:41.89,60379.50962,38.43,0.088,22.69,19.26,19.26,1,1.67,
KMT-2024-BLG-3418,BLG42N0304.032974,17:57:21.14,-29:47:59.78,60494.77558,2.71,0.975,18.99,18.87,18.87,1,1.58,
KMT-2024-BLG-3419,BLG42N0306.075146,17:57:27.33,-29:34:28.81,60399.39877,4.68,0.173,20.61,19.86,19.86,1,1.59,
KMT-2024-BLG-3420,SSO42N0307.000092,17:57:25.31,-29:23:49.70,60550.64735,112.35,0.639,15.85,13.33,13.33,1,1.86,
KMT-2024-BLG-3421,BLG42N0506.045836,17:56:13.18,-29:29:47.90,60496.31867,27.21,0.378,21.21,19.11,19.11,1,1.81,
KMT-2024-BLG-3422,BLG42N0508.048923,17:56:25.94,-29:19:32.81,60523.18685,14.12,0.221,20.94,19.38,19.38,1,1.93,
KMT-2024-BLG-3423,BLG42N0604.012155,17:55:29.96,-29:44:14.50,60400.65207,4.05,0.682,19.28,17.66,17.66,1,1.54,
KMT-2024-BLG-3424,SSO42N0804.021725,17:54:18.33,-29:50:05.50,60552.27418,46.68,0.105,21.41,18.1,18.1,1,1.34,
KMT-2024-BLG-3425,BLG42N0806.044525,17:54:28.04,-29:28:34.00,60407.26622,5.81,0.917,19.32,18.93,18.93,1,1.58,
KMT-2024-BLG-3426,BLG42N0808.037954,17:54:16.81,-29:12:35.50,60387.48698,1.89,0.584,18.88,18.89,18.89,1,1.66,
KMT-2024-BLG-3427,BLG42T0105.004136,17:53:52.54,-29:39:23.62,60368.19942,47.5,0.002,24.28,16.03,16.03,1,1.61,
KMT-2024-BLG-3428,BLG42T0403.003034,17:51:53.09,-29:51:26.78,60438.97226,53.67,0.177,20.43,16.35,16.35,1,2.46,OB240517 OB240518
KMT-2024-BLG-3429,BLG42T0403.033830,17:52:00.03,-29:55:52.61,60476.16591,3.0,0.881,22.5,19.29,19.29,1,2.46,
KMT-2024-BLG-3430,BLG42T0406.048717,17:51:50.69,-29:29:59.89,60383.96761,10.09,0.393,20.84,19.81,19.81,1,2.65,
KMT-2024-BLG-3431,BLG42T0806.010558,17:49:25.98,-29:32:50.32,60381.17737,83.1,0.118,22.72,19.39,19.39,2,5.7,
KMT-2024-BLG-3432,SSO43K0503.074211,17:59:03.56,-27:43:51.38,60573.9875,18.01,0.004,24.58,20.0,20.12,1,1.97,
KMT-2024-BLG-3433,BLG43K0504.072332,17:59:05.24,-27:33:10.30,60495.77022,49.09,0.092,22.85,20.0,20.26,1,1.85,
KMT-2024-BLG-3434,BLG43K0605.038916,17:58:34.63,-27:27:51.08,60368.36084,11.57,0.204,20.01,19.5,19.5,1,1.94,
KMT-2024-BLG-3435,BLG43K0607.076450,17:58:23.48,-27:12:31.61,60560.59163,6.24,0.772,20.44,20.0,21.99,2,3.08,
KMT-2024-BLG-3436,BLG43K0607.091008,17:58:30.73,-27:10:36.70,60402.95055,7.03,0.106,22.11,20.0,25.0,3,2.85,
KMT-2024-BLG-3437,BLG43M0406.061558,18:04:39.46,-27:17:27.10,60408.57397,18.36,0.161,21.98,19.39,19.39,1,0.9,
KMT-2024-BLG-3438,BLG43M0804.050861,18:02:15.18,-27:34:50.41,60406.45025,4.14,0.204,21.27,19.44,19.44,1,1.39,
KMT-2024-BLG-3439,SSO43N0403.059103,18:04:25.76,-28:50:21.59,60569.36532,8.16,0.652,19.34,19.32,19.32,1,0.74,
KMT-2024-BLG-3440,BLG43N0606.022977,18:03:07.95,-28:29:40.31,60377.30681,12.0,0.898,19.19,18.33,18.33,1,0.97,
KMT-2024-BLG-3441,BLG43N0803.004115,18:01:58.07,-28:46:27.70,60414.55947,52.64,0.525,19.79,16.05,16.05,1,1.06,
