Event,FieldStarID,RA,Dec,t_0,t_E,u_0,Isource,Ibase,Icat,Ctype,A_I,Related_event
KMT-2018-BLG-0001,BLG14K0206.027389,17:36:02.60,-28:09:36.50,8197.96342,16.71,0.421,20.47,20.0,20.89,2,3.32,OB180478
KMT-2018-BLG-0002,BLG14K0401.103087,17:34:48.33,-28:47:58.81,8191.51605,24.78,0.06,21.93,20.0,25.0,3,3.38,OB180443
KMT-2018-BLG-0003,BLG14K0804.086606,17:32:15.29,-28:25:12.47,8211.41663,113.34,0.033,23.45,20.0,21.89,2,2.59,
KMT-2018-BLG-0004,BLG14K0303.010287,17:35:07.90,-28:33:05.36,8210.72855,10.11,0.362,21.09,19.46,19.46,2,2.89,
KMT-2018-BLG-0005,SSO14K0103.006186,17:36:36.93,-28:33:33.59,8203.81109,199.99,0.008,20.46,18.63,18.63,2,3.26,
KMT-2018-BLG-0006,SSO14K0604.026150,17:33:15.98,-28:25:36.23,8218.89538,24.17,0.015,20.61,20.0,20.39,2,2.65,OB180542
KMT-2018-BLG-0007,SSO14K0605.058722,17:33:23.70,-28:13:14.41,8218.15413,20.17,0.086,22.3,20.0,20.97,2,2.58,
KMT-2018-BLG-0008,BLG14K0405.042075,17:34:40.84,-28:19:50.56,8224.27388,11.05,0.033,20.28,20.0,20.92,2,3.01,
KMT-2018-BLG-0009,BLG14K0506.006258,17:34:20.83,-28:11:27.64,8212.91302,61.57,0.187,20.82,18.37,18.37,2,2.75,OB180444
KMT-2018-BLG-0010,BLG14K0704.002675,17:33:05.88,-28:23:15.97,8223.88248,2.6,0.166,18.58,17.33,17.33,2,2.53,
KMT-2018-BLG-0011,BLG14K0706.016537,17:32:47.94,-28:06:24.98,8274.57199,99.83,0.347,20.08,19.99,19.99,2,2.82,OB180891
KMT-2018-BLG-0012,BLG14T0702.018092,17:32:49.62,-29:43:11.68,8302.31308,134.52,0.311,17.74,19.95,19.95,2,2.92,OB180166 OB180719
KMT-2018-BLG-0013,SSO14T0708.000817,17:32:50.14,-29:01:57.90,8276.48031,106.22,0.269,16.84,16.54,16.54,2,2.81,OB180261
KMT-2018-BLG-0014,BLG14K0504.025281,17:34:07.35,-28:20:19.28,8264.90192,3.66,0.163,20.94,20.0,20.37,2,2.87,
KMT-2018-BLG-0015,SSO14T0403.002693,17:34:23.69,-29:41:30.98,8291.82063,50.99,0.088,16.37,17.36,17.36,2,2.85,OB180448
KMT-2018-BLG-0016,SSO14K0407.065574,17:34:24.47,-27:59:28.43,8261.51688,110.01,0.031,23.04,20.0,21.38,2,2.84,
KMT-2018-BLG-0017,BLG14T0402.092702,17:34:29.44,-29:46:06.56,8258.02304,183.95,0.041,24.76,20.0,22.06,3,3.02,
KMT-2018-BLG-0018,BLG14T0404.006706,17:34:39.17,-29:29:06.86,8287.17825,23.43,1.188,17.09,18.16,18.16,2,2.95,OB180797
KMT-2018-BLG-0019,BLG14K0404.055317,17:34:51.10,-28:24:29.12,8263.95834,5.77,1.258,17.26,20.0,21.23,2,3.0,
KMT-2018-BLG-0020,BLG14K0304.056013,17:35:07.85,-28:26:04.13,8273.51433,22.26,1.839,17.8,20.0,21.42,2,3.1,
KMT-2018-BLG-0021,SAO14T0303.003438,17:35:12.78,-29:35:49.16,8259.88093,19.71,0.049,21.27,17.77,17.77,2,2.71,OB180864
KMT-2018-BLG-0022,BLG14T0304.053934,17:35:17.94,-29:27:48.42,8258.91266,19.02,0.199,20.58,20.0,21.15,2,3.05,
KMT-2018-BLG-0023,BLG14T0206.012236,17:36:04.67,-29:15:05.00,8269.23578,43.18,0.077,20.43,19.75,19.75,2,3.55,OB180796
KMT-2018-BLG-0024,BLG14T0104.004179,17:36:07.28,-29:32:24.54,8263.32201,14.43,0.248,19.1,18.29,18.29,2,3.27,
KMT-2018-BLG-0025,BLG14T0104.034306,17:36:18.75,-29:32:57.59,8283.55978,46.13,0.39,20.65,20.0,21.06,2,3.6,OB181086
KMT-2018-BLG-0026,BLG14K0101.068228,17:36:26.08,-28:49:20.32,8252.20304,36.77,0.267,20.92,20.0,21.5,2,3.23,
KMT-2018-BLG-0027,BLG14K0101.036569,17:36:27.95,-28:47:52.37,8268.61124,61.49,0.078,22.02,20.0,20.81,2,3.04,
KMT-2018-BLG-0028,BLG14M0807.017703,17:36:59.25,-28:01:29.24,8266.72751,46.42,0.04,21.08,20.0,20.57,2,3.37,OB180854
KMT-2018-BLG-0029,BLG14M0707.019572,17:37:52.67,-27:59:04.92,8294.67131,194.46,0.025,21.71,20.0,20.44,3,3.39,
KMT-2018-BLG-0030,BLG14M0707.001652,17:38:04.00,-28:02:29.65,8271.22672,20.84,1.421,15.42,17.48,17.48,2,3.25,
KMT-2018-BLG-0031,BLG14M0506.002251,17:38:56.09,-28:11:25.22,8300.9182,33.8,1.553,15.58,17.16,17.16,2,2.94,
KMT-2018-BLG-0032,BLG14N0508.006936,17:39:05.13,-29:02:16.04,8252.10592,9.21,1.922,17.15,19.25,19.25,2,4.12,
KMT-2018-BLG-0033,BLG14M0306.015888,17:40:10.23,-28:06:23.87,8257.18182,151.74,0.014,24.24,19.84,19.84,2,3.55,
KMT-2018-BLG-0034,BLG14M0103.076337,17:41:23.19,-28:31:20.68,8262.34788,13.67,0.139,19.84,20.0,25.0,3,4.58,
KMT-2018-BLG-0035,BLG14M0408.004942,17:39:41.27,-27:51:30.89,8251.49427,54.45,0.281,20.92,18.0,18.0,2,3.06,OB180733
KMT-2018-BLG-0036,BLG14T0205.004251,17:35:38.70,-29:25:03.29,8268.61959,146.61,0.222,20.25,18.0,18.0,2,3.12,OB180732
KMT-2018-BLG-0037,BLG14M0402.010722,17:39:30.72,-28:38:44.02,8257.69981,62.47,0.406,20.56,20.0,20.26,2,4.47,
KMT-2018-BLG-0038,BLG14M0205.006018,17:40:42.04,-28:16:11.89,8255.96507,22.45,0.245,21.33,18.76,18.76,2,-9.99,
KMT-2018-BLG-0039,BLG14T0302.003568,17:34:59.28,-29:47:59.28,8299.73888,185.74,0.479,18.57,17.97,17.97,2,3.24,OB180165
KMT-2018-BLG-0040,BLG14M0606.039686,17:38:30.49,-28:10:09.05,8296.74416,199.98,1.961,15.13,20.0,20.9,2,2.88,
KMT-2018-BLG-0041,BLG14M0306.002550,17:40:04.99,-28:09:50.65,8268.50328,16.06,1.985,17.25,17.62,17.62,2,3.22,
KMT-2018-BLG-0042,BLG14T0502.007926,17:33:54.33,-29:44:08.30,8260.64778,155.53,0.154,21.31,18.43,18.43,2,2.5,OB180589
KMT-2018-BLG-0043,BLG14M0307.046562,17:40:11.74,-27:57:55.76,8274.06922,19.39,0.059,20.98,20.0,21.32,3,3.67,OB181023
KMT-2018-BLG-0044,BLG14N0404.005415,17:39:30.72,-29:33:13.79,8294.11795,27.49,1.911,17.36,20.0,20.45,2,5.83,
KMT-2018-BLG-0045,BLG15T0808.001569,17:32:12.21,-26:53:35.52,8278.84417,26.77,0.453,18.94,18.19,18.19,2,3.37,
KMT-2018-BLG-0046,SAO15K0501.025018,17:34:16.20,-26:43:12.11,8267.16788,10.92,0.105,20.83,20.0,20.26,2,2.27,
KMT-2018-BLG-0047,BLG15T0405.038041,17:34:45.52,-27:18:26.50,8268.77282,53.29,0.315,21.56,20.0,20.18,1,2.75,OB180926
KMT-2018-BLG-0048,BLG15T0304.003419,17:35:23.09,-27:26:01.72,8310.1905,194.45,0.101,21.96,16.97,16.97,1,2.48,OB180950
KMT-2018-BLG-0049,BLG14K0302.004534,17:35:24.51,-28:37:01.92,8309.59791,88.32,0.281,20.7,17.93,17.93,2,2.81,
KMT-2018-BLG-0050,BLG15T0307.000669,17:35:32.12,-27:02:00.60,8277.91387,3.3,0.88,14.51,15.26,15.26,1,2.16,OB180979
KMT-2018-BLG-0051,BLG15T0201.000372,17:35:39.25,-27:47:18.71,8261.64884,97.24,0.165,21.99,16.18,16.18,2,3.26,
KMT-2018-BLG-0052,BLG15T0207.017680,17:35:48.03,-27:00:39.60,8277.75707,23.18,0.35,19.43,19.17,19.17,1,2.06,OB180908
KMT-2018-BLG-0053,BLG15T0203.002438,17:35:49.09,-27:33:14.15,8345.96109,82.45,0.206,18.47,17.42,17.42,3,2.55,OB180890 MB18292
KMT-2018-BLG-0054,BLG15T0201.007182,17:35:51.87,-27:46:47.35,8298.91977,70.99,1.136,16.96,19.26,19.26,2,3.33,OB180492
KMT-2018-BLG-0055,BLG15T0204.033794,17:35:58.39,-27:27:05.29,8273.35346,76.58,0.113,22.05,19.91,19.91,1,2.73,
KMT-2018-BLG-0056,SAO15M0806.003884,17:37:17.84,-26:01:40.30,8258.09026,16.09,0.252,20.59,18.66,18.66,2,3.34,OB180855
KMT-2018-BLG-0057,BLG15N0807.034631,17:37:24.38,-27:05:32.57,8269.46666,58.57,0.055,22.82,20.0,20.63,2,2.64,OB180951
KMT-2018-BLG-0058,BLG15M0601.014224,17:38:13.57,-26:42:17.75,8273.86761,72.55,0.216,22.1,19.93,19.93,2,2.81,
KMT-2018-BLG-0059,BLG15M0605.041692,17:38:29.26,-26:06:03.46,8282.04364,32.36,1.43,15.22,20.0,21.59,2,3.77,
KMT-2018-BLG-0060,BLG15N0505.021509,17:39:08.05,-27:18:29.95,8318.45916,157.57,0.188,19.88,19.89,19.89,2,2.5,OB180734
KMT-2018-BLG-0061,BLG15N0403.056900,17:39:24.68,-27:34:01.78,8263.69069,7.09,1.277,17.8,20.0,20.91,2,2.65,
KMT-2018-BLG-0062,BLG15N0103.001089,17:41:15.53,-27:28:06.31,8274.64272,98.45,0.437,20.26,16.67,16.67,2,3.28,
KMT-2018-BLG-0063,BLG18K0805.058625,17:41:29.15,-26:04:46.02,8246.60259,58.72,0.805,16.78,20.0,21.54,2,2.8,
KMT-2018-BLG-0064,BLG18T0601.031323,17:42:46.75,-27:47:02.40,8257.84556,28.28,0.191,21.43,20.0,21.15,2,3.85,OB180838
KMT-2018-BLG-0065,BLG18K0508.007325,17:43:25.16,-25:48:39.85,8326.74984,125.52,0.604,18.67,18.69,18.69,2,2.68,OB180817
KMT-2018-BLG-0066,BLG18K0503.042192,17:43:35.16,-26:23:23.14,8254.95814,3.83,1.996,15.42,20.0,20.68,2,2.86,
KMT-2018-BLG-0067,BLG18T0402.004447,17:44:06.73,-27:36:48.20,8287.79114,28.64,0.504,17.9,18.77,18.77,2,4.41,
KMT-2018-BLG-0068,BLG18T0106.041040,17:45:37.90,-27:03:56.02,8267.49588,134.68,0.042,23.48,20.0,21.92,2,4.22,
KMT-2018-BLG-0069,BLG18M0805.006498,17:46:20.08,-26:08:51.00,8338.83309,49.83,0.646,18.48,18.32,18.32,2,3.18,
KMT-2018-BLG-0070,SAO18M0701.007222,17:46:41.41,-26:37:29.78,8262.67245,25.73,0.082,18.9,19.34,19.34,2,3.96,OB180760
KMT-2018-BLG-0071,BLG18M0702.008998,17:47:06.62,-26:29:12.37,8288.35188,19.07,0.334,19.27,19.84,19.84,2,4.52,OB181022
KMT-2018-BLG-0072,BLG18N0608.058195,17:47:22.01,-26:52:18.44,8276.25194,28.88,0.116,21.46,20.0,22.45,2,4.83,
KMT-2018-BLG-0073,BLG18N0208.022788,17:49:59.41,-26:48:38.74,8287.09224,66.84,0.285,18.25,20.0,25.0,3,9.1,
KMT-2018-BLG-0074,SSO14K0108.021431,17:36:09.81,-27:54:29.77,8273.1949,2.49,0.002,19.12,20.0,20.74,2,3.38,
KMT-2018-BLG-0075,BLG15M0404.007604,17:39:38.14,-26:14:23.10,8309.89057,76.74,0.665,17.17,19.12,19.12,2,2.92,OB180156
KMT-2018-BLG-0076,BLG15M0305.036129,17:39:58.22,-26:11:31.38,8272.13907,8.63,0.044,21.04,20.0,20.69,2,2.67,
KMT-2018-BLG-0077,BLG15M0305.116366,17:40:06.30,-26:07:28.92,8271.33799,41.87,0.055,21.26,20.0,25.0,3,2.53,
KMT-2018-BLG-0078,BLG15M0307.033932,17:40:19.19,-25:57:21.38,8275.96462,65.04,0.01,21.58,20.0,21.1,2,3.07,
KMT-2018-BLG-0079,BLG14M0107.006682,17:41:11.78,-28:03:46.69,8273.72196,186.25,0.008,26.36,18.73,18.73,2,3.73,
KMT-2018-BLG-0080,BLG18K0304.022667,17:44:32.09,-26:18:10.22,8273.68789,9.61,1.149,18.56,20.0,20.13,2,3.09,
KMT-2018-BLG-0081,SSO18K0307.017431,17:44:34.48,-25:55:12.00,8279.35871,162.18,0.004,20.86,20.0,20.18,2,2.96,
KMT-2018-BLG-0082,BLG15T0408.058494,17:34:49.48,-26:50:44.95,8253.60095,0.67,0.01,26.21,20.0,21.31,2,2.35,
KMT-2018-BLG-0083,SAO14M0804.056489,17:37:01.05,-28:27:23.87,8274.76727,10.52,0.068,22.99,20.0,22.17,2,3.8,
KMT-2018-BLG-0084,BLG15T0304.014591,17:35:16.11,-27:28:00.91,8282.08236,63.64,0.639,20.86,19.07,19.07,1,2.51,
KMT-2018-BLG-0085,BLG14N0604.017943,17:38:19.95,-29:32:34.76,8290.33359,7.51,2.0,16.45,20.0,20.97,2,4.63,
KMT-2018-BLG-0086,BLG14M0101.053213,17:41:03.81,-28:48:28.19,8279.14335,9.69,0.036,22.56,20.0,25.0,3,5.68,
KMT-2018-BLG-0087,BLG15N0801.008809,17:37:18.48,-27:49:55.42,8281.73406,4.46,0.535,16.58,19.42,19.42,2,3.01,
KMT-2018-BLG-0088,BLG16T0408.001858,17:35:08.60,-24:44:56.54,8268.02398,81.58,0.513,18.84,17.95,17.95,2,2.85,OB180663
KMT-2018-BLG-0089,SSO14K0103.072283,17:36:08.71,-28:34:31.19,8301.9692,199.79,0.15,21.75,20.0,21.85,2,3.1,
KMT-2018-BLG-0090,BLG16N0808.024670,17:37:32.88,-24:45:45.40,8251.71342,49.06,0.219,21.06,20.0,20.32,2,1.99,
KMT-2018-BLG-0091,BLG16M0701.001844,17:38:06.82,-24:34:13.76,8273.2328,18.34,0.466,18.78,16.92,16.92,2,2.06,OB180966
KMT-2018-BLG-0092,SSO16M0605.090464,17:38:44.11,-24:04:46.27,8296.58915,151.29,0.173,20.71,20.0,25.0,3,1.93,
KMT-2018-BLG-0093,BLG16N0508.009031,17:39:19.61,-24:46:48.83,8280.96769,2.93,1.802,16.64,19.49,19.49,2,2.42,
KMT-2018-BLG-0094,BLG16N0207.034992,17:40:31.77,-24:53:25.51,8269.7149,25.1,0.062,20.49,20.0,20.15,1,2.72,
KMT-2018-BLG-0095,BLG19K0706.005591,17:42:07.46,-23:54:27.76,8292.66003,103.24,0.02,18.34,18.05,18.05,2,2.05,OB180524
KMT-2018-BLG-0096,BLG19T0704.006935,17:42:08.03,-25:15:17.78,8284.13892,7.44,1.772,16.21,18.59,18.59,1,2.7,
KMT-2018-BLG-0097,BLG19K0608.010152,17:42:39.17,-23:42:42.59,8277.94105,4.19,1.956,15.09,18.77,18.77,1,1.9,
KMT-2018-BLG-0098,BLG19K0601.026752,17:42:56.32,-24:32:19.10,8274.95496,12.29,1.902,17.61,19.65,19.65,1,2.03,
KMT-2018-BLG-0099,BLG19K0502.009961,17:43:29.58,-24:26:01.50,8268.7787,107.84,0.226,22.01,18.74,18.74,1,2.42,
KMT-2018-BLG-0100,BLG19T0502.046246,17:43:32.06,-25:34:56.86,8285.16104,32.86,0.145,20.47,20.0,21.01,2,2.9,
KMT-2018-BLG-0101,BLG19K0403.004219,17:44:01.93,-24:17:39.80,8275.22463,68.25,0.758,19.05,17.0,17.0,1,1.83,OB180774
KMT-2018-BLG-0102,BLG19T0302.057661,17:44:28.92,-25:33:55.44,8290.06199,7.54,1.361,16.64,20.0,21.37,2,3.01,
KMT-2018-BLG-0103,BLG19T0308.007447,17:44:39.18,-24:43:57.65,8286.61174,33.36,0.722,18.3,19.16,19.16,2,2.93,OB180953
KMT-2018-BLG-0104,SAO19K0203.003042,17:44:55.18,-24:16:32.02,8289.57131,83.29,0.16,20.71,16.6,16.6,1,1.96,OB181005
KMT-2018-BLG-0105,BLG19T0202.020526,17:44:55.86,-25:36:13.10,8274.4988,40.29,0.003,23.55,20.0,20.3,2,3.09,
KMT-2018-BLG-0106,BLG19T0206.031646,17:45:08.79,-25:03:55.37,8287.07812,11.66,1.866,16.3,20.0,20.88,3,3.04,
KMT-2018-BLG-0107,BLG19K0108.011545,17:45:47.88,-23:36:39.31,8286.06484,70.78,0.065,19.76,18.53,18.53,1,1.74,OB180852
KMT-2018-BLG-0108,BLG19N0505.025181,17:47:59.58,-25:09:50.18,8279.68621,23.75,0.153,21.14,20.0,21.72,2,4.49,
KMT-2018-BLG-0109,BLG19M0305.088571,17:49:02.07,-23:58:37.27,8273.04429,23.3,0.087,22.47,20.0,22.27,3,2.09,
KMT-2018-BLG-0110,BLG19M0104.009751,17:50:07.59,-24:08:15.97,8295.72072,57.23,0.252,20.96,19.37,19.37,2,2.6,
KMT-2018-BLG-0111,SAO16T0606.009869,17:34:01.41,-24:59:34.37,8281.33333,14.6,1.496,17.69,20.0,20.42,2,3.01,
KMT-2018-BLG-0112,BLG19K0701.024294,17:42:04.80,-24:31:48.61,8278.26892,21.53,0.534,20.35,19.64,19.64,1,2.28,
KMT-2018-BLG-0113,SSO18T0407.045781,17:44:00.26,-26:58:28.81,8282.31083,5.34,0.009,21.18,20.0,21.44,2,3.45,
KMT-2018-BLG-0114,SSO19M0708.047298,17:46:49.56,-23:38:21.30,8221.19185,28.09,1.956,19.91,20.0,20.12,1,1.92,
KMT-2018-BLG-0115,SAO14K0403.002891,17:34:52.06,-28:28:25.93,8281.29991,198.91,0.019,24.59,18.12,18.12,2,3.23,
KMT-2018-BLG-0116,SSO19M0408.002881,17:48:36.45,-23:37:53.26,8267.39487,114.38,0.056,31.96,17.09,17.09,2,2.06,
KMT-2018-BLG-0117,BLG19M0106.001756,17:50:25.01,-23:52:20.21,8283.81878,5.11,0.103,19.9,16.98,16.98,2,2.55,
KMT-2018-BLG-0118,BLG15K0703.018127,17:33:04.96,-26:24:43.02,8336.17319,199.42,0.05,21.36,20.0,20.96,2,2.96,OB181281
KMT-2018-BLG-0119,BLG15N0501.007934,17:38:47.40,-27:47:40.67,8281.99407,30.98,0.599,20.05,18.34,18.34,2,2.77,OB181044
KMT-2018-BLG-0120,BLG16M0104.092669,17:41:14.97,-24:06:41.83,8287.07449,35.81,0.064,21.93,20.0,25.0,3,1.96,OB181137
KMT-2018-BLG-0121,SSO15M0107.000103,17:41:17.49,-25:56:22.34,8283.65204,6.6,0.732,17.1,14.84,14.84,2,2.7,
KMT-2018-BLG-0122,BLG19T0803.003778,17:41:40.61,-25:27:43.99,8316.82808,24.14,1.381,16.96,17.89,17.89,2,2.72,
KMT-2018-BLG-0123,BLG19N0401.009880,17:48:46.19,-25:38:44.27,8287.44413,12.45,0.392,20.52,20.0,21.47,2,6.11,
KMT-2018-BLG-0124,BLG16K0807.037753,17:32:44.74,-23:44:15.94,8286.2626,23.5,0.089,21.58,20.0,21.15,2,-9.99,
KMT-2018-BLG-0125,SSO15T0502.097149,17:34:22.21,-27:43:06.35,8292.68356,11.97,0.091,19.6,20.0,25.0,3,2.7,OB181068
KMT-2018-BLG-0126,BLG15K0304.005836,17:35:01.92,-26:20:11.80,8306.37466,25.05,0.183,18.43,19.15,19.15,2,2.8,OB181076 MB18217
KMT-2018-BLG-0127,BLG16M0401.007692,17:39:44.36,-24:30:19.44,8320.99803,84.69,0.217,20.06,18.85,18.85,2,1.85,OB181223
KMT-2018-BLG-0128,BLG15N0108.009139,17:41:16.53,-26:55:04.69,8301.90085,51.6,0.204,21.07,19.93,19.93,2,4.18,OB181150
KMT-2018-BLG-0129,BLG19K0602.009985,17:42:47.59,-24:23:13.49,8283.61554,5.63,0.954,19.06,18.5,18.5,1,2.03,
KMT-2018-BLG-0130,SSO18K0306.109955,17:44:42.06,-25:58:02.64,8277.15236,83.01,0.046,23.47,20.0,25.0,3,2.96,
KMT-2018-BLG-0131,BLG19K0104.030065,17:45:27.55,-24:07:48.61,8284.9874,43.24,0.116,22.56,19.49,19.49,1,1.94,
KMT-2018-BLG-0132,BLG19M0808.012084,17:46:20.40,-23:39:58.61,8288.78611,20.35,0.096,21.13,18.67,18.67,1,1.79,
KMT-2018-BLG-0133,SSO19M0703.029346,17:47:01.78,-24:19:18.52,8255.16647,153.39,0.214,22.08,20.0,20.19,2,2.32,
KMT-2018-BLG-0134,BLG15T0702.034320,17:32:48.02,-27:37:21.72,8285.68514,3.56,0.107,20.95,20.0,20.87,2,2.85,
KMT-2018-BLG-0135,BLG14M0203.012067,17:40:55.98,-28:32:26.48,8286.65974,24.38,0.095,22.63,20.0,20.01,2,4.47,
KMT-2018-BLG-0136,BLG15T0106.044579,17:36:41.78,-27:08:16.80,8286.18172,2.48,0.3,20.59,20.0,20.11,1,2.52,
KMT-2018-BLG-0137,BLG15N0503.004987,17:38:57.09,-27:35:15.11,8331.74997,21.99,0.116,16.93,17.69,17.69,2,2.67,OB181181
KMT-2018-BLG-0138,BLG16N0205.028306,17:40:34.62,-25:05:45.38,8313.05931,54.67,0.623,20.26,19.93,19.93,1,2.6,
KMT-2018-BLG-0139,BLG18K0301.079180,17:44:12.81,-26:38:28.68,8287.1967,16.62,0.006,23.16,20.0,22.15,2,3.23,
KMT-2018-BLG-0140,BLG14T0302.049656,17:35:05.59,-29:46:21.50,8285.72663,20.54,0.264,22.09,20.0,21.26,2,3.43,
KMT-2018-BLG-0141,BLG16M0607.055074,17:38:37.96,-23:46:37.60,8303.4784,37.79,1.091,19.05,20.0,21.17,2,1.94,
KMT-2018-BLG-0142,BLG18K0603.002473,17:42:39.25,-26:22:18.08,8285.46817,53.68,0.041,23.5,17.36,17.36,2,3.01,
KMT-2018-BLG-0143,BLG19N0608.088824,17:47:40.12,-24:47:19.36,8289.29142,62.89,0.072,23.31,20.0,25.0,3,3.71,
KMT-2018-BLG-0144,BLG11K0607.016599,17:24:00.08,-29:07:32.70,8351.32604,96.47,1.135,18.66,19.21,19.21,1,1.67,OB180748
KMT-2018-BLG-0145,BLG11K0501.091445,17:24:37.02,-29:53:42.54,8271.28563,69.28,0.34,20.39,20.0,22.76,2,1.49,
KMT-2018-BLG-0146,BLG11K0501.061975,17:24:37.08,-29:53:25.51,8271.41679,22.37,1.687,16.51,20.0,20.84,2,1.5,
KMT-2018-BLG-0147,BLG11T0402.006390,17:25:26.18,-30:47:00.13,8270.00223,65.99,0.388,19.28,19.39,19.39,2,2.83,
KMT-2018-BLG-0148,BLG11K0304.003459,17:25:53.11,-29:28:51.38,8291.54163,23.13,0.377,16.51,16.84,16.84,1,1.85,OB180816
KMT-2018-BLG-0149,BLG11T0304.003507,17:26:03.80,-30:34:46.38,8345.65755,27.35,1.512,16.43,18.43,18.43,2,3.02,
KMT-2018-BLG-0150,BLG11T0105.001294,17:27:03.57,-30:23:56.76,8290.42656,3.24,0.805,16.51,17.37,17.37,2,2.9,OB181147
KMT-2018-BLG-0151,BLG11T0107.009973,17:27:11.74,-30:08:54.28,8348.95046,48.25,1.998,15.04,19.51,19.51,2,2.33,
KMT-2018-BLG-0152,SSO11M0803.064141,17:27:39.41,-29:34:35.80,8278.34113,36.64,0.045,21.32,20.0,20.56,1,2.01,OB181003
KMT-2018-BLG-0153,SSO11M0702.063421,17:28:26.63,-29:40:37.31,8288.8134,113.1,0.013,23.58,20.0,20.85,1,2.33,OB181131
KMT-2018-BLG-0154,BLG11N0408.013720,17:30:15.76,-30:02:23.35,8296.25107,34.84,0.271,19.59,19.36,19.36,2,2.46,OB181075
KMT-2018-BLG-0155,BLG11N0304.020672,17:31:01.52,-30:37:48.72,8292.0223,50.36,0.095,21.73,20.0,20.24,2,3.1,OB181146
KMT-2018-BLG-0156,BLG11N0202.034650,17:31:19.16,-30:52:08.11,8274.46323,31.55,0.223,21.12,20.0,20.93,2,3.13,
KMT-2018-BLG-0157,BLG11M0203.021270,17:31:39.83,-29:35:20.40,8292.49428,22.91,0.188,20.91,20.0,20.39,2,2.93,
KMT-2018-BLG-0158,BLG11M0103.012080,17:31:48.34,-29:32:02.76,8295.7355,73.36,0.199,21.65,19.68,19.68,2,2.85,
KMT-2018-BLG-0159,BLG11N0105.045366,17:32:02.94,-30:24:45.00,8341.48829,33.54,1.991,15.6,20.0,21.14,2,2.64,
KMT-2018-BLG-0160,BLG14T0501.105982,17:33:47.96,-29:55:13.33,8300.46331,14.05,0.98,20.76,20.0,25.0,3,3.03,
KMT-2018-BLG-0161,BLG16N0801.042816,17:37:14.81,-25:41:03.88,8287.32135,6.17,0.102,21.81,20.0,22.31,2,3.7,
KMT-2018-BLG-0162,SSO20T0703.082892,17:42:32.06,-23:16:20.60,8284.99679,11.78,0.213,20.25,20.0,25.0,3,1.82,
KMT-2018-BLG-0163,BLG20T0403.069216,17:43:46.12,-23:18:05.80,8318.78912,122.97,0.248,20.31,20.0,21.43,2,1.66,
KMT-2018-BLG-0164,BLG20T0403.021022,17:43:46.15,-23:18:47.70,8326.55415,29.45,1.786,15.66,19.64,19.64,2,1.7,
KMT-2018-BLG-0165,BLG18T0407.033504,17:44:04.87,-26:59:16.48,8323.64667,54.82,0.322,20.38,20.0,21.12,2,3.55,OB181310
KMT-2018-BLG-0166,BLG20M0802.050527,17:46:23.73,-22:19:12.68,8290.36987,1.27,1.986,15.35,20.0,20.26,1,1.52,
KMT-2018-BLG-0167,BLG20M0805.007709,17:46:31.37,-21:51:38.81,8262.18059,34.88,1.131,18.89,18.83,18.83,4,1.97,
KMT-2018-BLG-0168,SSO20N0601.004596,17:47:18.19,-23:34:08.40,8288.06893,35.76,0.315,17.86,17.68,17.68,1,1.83,
KMT-2018-BLG-0169,SSO20N0602.073456,17:47:40.84,-23:23:24.65,8263.53716,28.14,0.694,19.2,20.0,21.14,2,1.7,
KMT-2018-BLG-0170,SSO20N0501.007224,17:47:54.07,-23:31:16.97,8285.19724,19.38,0.084,19.39,18.5,18.5,2,1.87,OB181073
KMT-2018-BLG-0171,BLG20N0507.010205,17:47:54.49,-22:47:13.60,8301.47275,10.68,1.789,15.74,18.43,18.43,1,1.71,
KMT-2018-BLG-0172,BLG20N0301.008884,17:49:07.52,-23:35:03.37,8305.40516,189.87,0.035,21.8,18.72,18.72,2,1.91,OB181138
KMT-2018-BLG-0173,BLG20M0108.001715,17:50:11.75,-21:35:40.56,8349.07813,53.47,0.786,16.8,16.77,16.77,4,2.62,
KMT-2018-BLG-0174,BLG20N0107.001892,17:50:24.10,-22:44:59.89,8299.38717,12.52,0.73,16.52,16.39,16.39,1,2.03,
KMT-2018-BLG-0175,BLG38T0801.022650,17:50:42.44,-23:35:04.20,8362.2931,59.29,1.987,15.42,20.0,20.2,2,2.4,
KMT-2018-BLG-0176,BLG38T0105.001481,17:54:27.49,-22:59:37.82,8259.50294,198.46,0.072,23.69,16.65,16.65,4,3.2,
KMT-2018-BLG-0177,BLG38N0703.006543,17:55:44.33,-23:15:57.64,8334.93085,101.18,1.949,16.03,18.61,18.61,4,3.53,
KMT-2018-BLG-0178,SSO38M0107.005751,17:59:25.44,-21:40:25.64,8274.87698,100.38,0.086,21.81,20.0,20.47,4,6.22,
KMT-2018-BLG-0179,BLG11M0701.057578,17:28:40.20,-29:46:42.85,8314.73299,24.01,1.204,16.87,20.0,21.0,2,2.12,
KMT-2018-BLG-0180,BLG14N0403.042178,17:39:21.45,-29:38:10.00,8291.94822,16.28,0.066,21.86,20.0,22.59,2,4.98,
KMT-2018-BLG-0181,BLG11K0805.061660,17:22:46.84,-29:17:08.52,8295.05476,33.63,0.062,21.48,20.0,21.4,2,2.15,OB181135
KMT-2018-BLG-0182,BLG16N0103.010524,17:41:09.04,-25:25:41.38,8304.88659,17.64,1.019,18.49,19.48,19.48,2,2.45,
KMT-2018-BLG-0183,BLG19T0202.079604,17:45:01.22,-25:30:16.67,8291.85657,32.53,0.025,23.03,20.0,21.93,2,2.87,
KMT-2018-BLG-0184,BLG20N0803.025560,17:46:32.60,-23:18:36.00,8303.38552,23.71,0.587,19.12,19.09,19.09,1,1.55,OB181157
KMT-2018-BLG-0185,SSO12K0403.000295,17:25:37.69,-27:28:01.81,8292.08135,34.98,0.877,16.14,14.88,14.88,1,1.56,
KMT-2018-BLG-0186,SSO11T0303.000960,17:26:03.94,-30:39:11.48,8308.67619,31.94,0.269,17.5,17.3,17.3,2,3.05,
KMT-2018-BLG-0187,BLG12T0101.021526,17:27:09.88,-28:48:35.17,8294.20922,19.75,0.092,20.74,20.0,20.2,2,2.15,OB181133
KMT-2018-BLG-0188,SSO12N0806.006274,17:27:46.47,-28:10:23.05,8279.31489,26.27,0.332,18.05,18.87,18.87,2,2.16,OB180814
KMT-2018-BLG-0189,SSO12N0503.054254,17:29:50.22,-28:38:12.55,8318.20001,144.69,0.082,20.66,20.0,20.74,2,2.28,OB181072
KMT-2018-BLG-0190,BLG12N0501.004498,17:29:54.40,-28:50:57.55,8295.15714,51.61,0.335,19.24,17.93,17.93,2,2.13,OB181132
KMT-2018-BLG-0191,BLG12N0402.002514,17:30:25.39,-28:45:15.30,8271.35875,38.98,0.36,19.33,17.51,17.51,2,2.5,OB180835
KMT-2018-BLG-0192,BLG12N0401.016611,17:30:31.97,-28:51:02.66,8307.30346,62.42,0.213,19.85,19.98,19.98,2,2.72,OB181071
KMT-2018-BLG-0193,BLG12N0306.018382,17:30:35.59,-28:13:21.29,8307.27404,47.43,0.08,20.53,19.83,19.83,2,1.98,OB181070
KMT-2018-BLG-0194,SSO12N0207.002283,17:31:20.69,-28:04:28.38,8264.16504,8.21,1.922,15.29,17.32,17.32,2,2.38,OB180793
KMT-2018-BLG-0195,BLG12N0106.026361,17:32:08.65,-28:09:35.46,8285.65431,4.95,0.26,16.74,20.0,20.37,2,2.6,OB181043
KMT-2018-BLG-0196,SSO16T0506.017421,17:34:29.53,-25:04:40.62,8294.23021,7.97,0.007,20.41,20.0,21.07,2,3.47,OB181164
KMT-2018-BLG-0197,SAO19K0508.025256,17:43:08.97,-23:40:30.40,8300.53459,7.03,1.549,16.32,19.33,19.33,1,1.94,OB181156
KMT-2018-BLG-0198,SSO19K0505.015307,17:43:31.31,-23:58:55.88,8291.6938,108.77,0.008,25.41,18.75,18.75,1,1.64,
KMT-2018-BLG-0199,BLG19K0303.048088,17:44:20.20,-24:15:09.79,8290.75442,138.94,0.019,24.42,19.86,19.86,1,1.81,
KMT-2018-BLG-0200,BLG19N0703.007908,17:46:50.53,-25:21:37.19,8296.05397,17.28,0.374,20.61,19.41,19.41,2,3.38,
KMT-2018-BLG-0201,SSO11K0401.012346,17:25:07.62,-29:53:17.20,8296.975,41.79,0.037,22.29,19.42,19.42,2,1.77,
KMT-2018-BLG-0202,BLG12N0707.014905,17:28:42.72,-28:07:11.32,8297.86133,36.82,0.092,21.62,19.81,19.81,2,2.19,OB181160
KMT-2018-BLG-0203,BLG11N0108.029565,17:31:59.33,-30:01:10.42,8293.3744,4.52,0.097,19.35,19.86,19.86,2,2.08,OB181161
KMT-2018-BLG-0204,SSO14M0507.103216,17:39:01.04,-27:59:50.64,8288.72681,72.56,0.054,23.79,20.0,25.0,3,2.87,
KMT-2018-BLG-0205,SAO20T0604.012066,17:42:37.99,-23:09:53.17,8292.44242,76.06,0.022,23.19,19.37,19.37,2,1.87,
KMT-2018-BLG-0206,SSO19T0501.027299,17:43:20.46,-25:40:51.02,8294.94985,24.36,0.075,22.14,20.0,20.38,2,2.7,
KMT-2018-BLG-0207,SSO18T0501.004348,17:43:31.27,-27:43:48.54,8302.59435,7.61,1.585,15.97,18.62,18.62,2,4.04,
KMT-2018-BLG-0208,BLG18K0402.060919,17:44:07.78,-26:33:55.19,8274.57336,64.47,0.752,20.46,20.0,21.34,2,3.12,
KMT-2018-BLG-0209,SSO14K0103.003163,17:36:39.98,-28:32:59.21,8308.48202,1.6,1.057,16.62,18.0,18.0,2,3.26,
KMT-2018-BLG-0210,BLG19T0508.073933,17:43:27.69,-24:44:59.42,8298.79198,41.81,0.08,21.83,20.0,21.85,2,2.87,
KMT-2018-BLG-0211,BLG20K0101.012424,17:45:40.75,-22:23:22.92,8305.78243,94.94,0.944,22.21,18.98,18.98,4,1.78,
KMT-2018-BLG-0212,BLG14K0503.004737,17:34:11.36,-28:30:55.12,8309.15179,25.56,0.345,20.09,18.62,18.62,2,3.66,OB181235
KMT-2018-BLG-0213,BLG19K0208.042762,17:44:58.30,-23:37:50.99,8295.82668,56.34,0.008,23.01,19.73,19.73,1,1.55,
KMT-2018-BLG-0214,SSO15T0202.074702,17:35:56.91,-27:39:34.52,8296.20325,13.55,0.061,20.93,20.0,21.7,2,2.95,
KMT-2018-BLG-0215,BLG14T0504.087703,17:34:09.66,-29:31:20.89,8294.60259,38.78,0.135,22.27,20.0,21.64,2,2.58,
KMT-2018-BLG-0216,BLG11K0104.045886,17:27:17.85,-29:24:32.90,8318.39882,93.6,0.12,21.26,19.97,19.97,1,1.76,
KMT-2018-BLG-0217,BLG14K0807.052540,17:32:40.09,-28:00:54.76,8292.65191,179.9,0.012,25.78,20.0,21.18,2,2.92,
KMT-2018-BLG-0218,BLG15T0301.075059,17:35:28.36,-27:45:52.70,8296.4875,183.55,0.006,24.93,20.0,22.01,2,3.15,
KMT-2018-BLG-0219,BLG14N0306.007701,17:40:11.84,-29:13:51.24,8298.97385,6.76,0.182,20.24,20.0,21.36,2,6.1,
KMT-2018-BLG-0220,BLG18T0506.070001,17:43:22.32,-27:10:21.11,8287.44655,0.54,0.027,29.11,20.0,21.97,2,3.3,
KMT-2018-BLG-0221,SAO20M0207.009478,17:49:33.54,-21:39:24.70,8293.49104,48.48,0.004,22.21,19.2,19.2,4,2.15,
KMT-2018-BLG-0222,SAO11K0702.002549,17:23:20.38,-29:42:46.48,8178.16533,25.0,1.896,16.57,17.17,17.17,2,1.91,
KMT-2018-BLG-0223,BLG14N0402.005099,17:39:29.34,-29:46:21.61,8304.81873,122.69,0.027,23.31,20.0,20.11,4,5.59,
KMT-2018-BLG-0224,BLG16M0305.077580,17:40:13.74,-23:59:13.85,8305.08794,41.21,0.065,21.47,20.0,22.4,2,1.86,
KMT-2018-BLG-0225,BLG19T0304.075936,17:44:19.41,-25:16:45.23,8305.47017,18.41,0.067,21.06,20.0,21.86,2,3.08,
KMT-2018-BLG-0226,SSO11N0704.056901,17:28:13.36,-30:32:07.66,8305.29687,26.93,0.218,17.47,20.0,21.68,2,3.04,
KMT-2018-BLG-0227,SAO14K0403.015411,17:34:45.13,-28:31:25.86,8303.42624,8.22,1.463,18.18,20.0,20.36,2,3.19,
KMT-2018-BLG-0228,BLG18M0504.025778,17:48:16.27,-26:16:39.40,8307.18005,196.06,0.04,23.15,20.0,22.02,2,5.41,
KMT-2018-BLG-0229,SSO16T0508.021627,17:34:21.72,-24:45:46.91,8306.77751,31.55,0.055,21.27,20.0,21.14,2,2.89,
KMT-2018-BLG-0230,SSO15N0501.110651,17:38:55.90,-27:47:07.26,8302.81375,21.08,0.113,21.24,20.0,25.0,3,2.88,
KMT-2018-BLG-0231,SSO14N0507.048151,17:39:00.45,-29:05:55.25,8302.34198,19.97,0.216,21.44,20.0,22.13,2,4.3,
KMT-2018-BLG-0232,SSO19T0602.031217,17:42:35.61,-25:30:07.02,8298.93254,170.47,0.013,23.17,20.0,20.4,2,2.68,
KMT-2018-BLG-0233,BLG19K0303.002743,17:44:15.90,-24:14:34.12,8336.76161,135.0,0.133,20.51,16.38,16.38,1,1.8,OB181085
KMT-2018-BLG-0234,SSO11K0305.000452,17:26:02.17,-29:20:59.60,8325.01199,28.62,0.472,17.37,14.96,14.96,1,1.74,OB181279
KMT-2018-BLG-0235,BLG11N0306.007809,17:30:40.86,-30:18:51.34,8307.53255,19.33,1.505,18.08,18.64,18.64,2,2.73,
KMT-2018-BLG-0236,SSO11M0105.093285,17:32:03.76,-29:21:29.30,8306.24127,15.64,0.277,19.95,20.0,22.1,3,2.55,OB181221
KMT-2018-BLG-0237,SSO15T0506.029344,17:34:10.78,-27:05:23.50,8302.69996,3.9,1.963,17.02,20.0,20.25,1,2.41,
KMT-2018-BLG-0238,SAO14T0306.089796,17:35:22.57,-29:18:03.85,8301.91382,24.49,0.087,22.64,20.0,25.0,3,3.65,
KMT-2018-BLG-0239,SSO15N0404.002519,17:39:17.13,-27:22:58.55,8319.82659,7.06,1.097,15.56,17.17,17.17,2,2.47,
KMT-2018-BLG-0240,SAO15T0308.001873,17:35:16.43,-26:53:01.00,8294.80569,196.88,0.107,22.95,16.46,16.46,1,2.14,
KMT-2018-BLG-0241,SAO15T0207.061226,17:35:53.51,-27:04:40.12,8311.50001,3.91,1.985,16.19,20.0,20.61,1,2.36,
KMT-2018-BLG-0242,SAO16M0204.049741,17:40:39.83,-24:06:47.63,8304.90697,11.91,0.013,21.58,20.0,20.98,2,2.18,
KMT-2018-BLG-0243,SAO19T0103.031702,17:45:36.61,-25:21:29.41,8308.72904,8.5,1.211,18.3,20.0,20.9,2,3.31,
KMT-2018-BLG-0244,SAO19N0806.000378,17:46:18.38,-25:02:45.28,8312.41672,4.34,0.209,15.32,16.02,16.02,2,3.37,OB181199
KMT-2018-BLG-0245,SAO20M0403.006675,17:48:31.68,-22:09:34.06,8315.99081,14.64,1.914,16.1,18.1,18.1,4,1.59,
KMT-2018-BLG-0246,SAO15M0702.025887,17:37:49.95,-26:33:58.68,8311.68434,28.38,0.193,20.7,20.0,20.76,2,2.97,OB181220
KMT-2018-BLG-0247,SAO15N0606.082564,17:38:14.41,-27:09:01.48,8308.38552,14.04,0.041,21.46,20.0,21.77,2,2.99,OB181219 OB181226
KMT-2018-BLG-0248,SAO15M0601.000766,17:38:17.87,-26:41:45.06,8311.92661,126.7,0.022,22.71,16.43,16.43,2,2.73,
KMT-2018-BLG-0249,SAO16N0508.002652,17:39:10.58,-24:49:48.18,8297.30224,149.72,0.086,23.35,17.61,17.61,2,2.45,
KMT-2018-BLG-0250,SAO16M0105.026334,17:41:29.31,-23:59:13.31,8305.2295,6.13,1.948,16.82,19.64,19.64,1,2.03,
KMT-2018-BLG-0251,SAO18T0602.021611,17:42:33.52,-27:36:16.81,8309.04795,36.41,0.498,20.46,20.0,20.41,2,3.61,OB181225
KMT-2018-BLG-0252,SAO19T0101.068765,17:45:25.45,-25:39:19.15,8308.35825,48.24,0.014,23.08,20.0,21.43,2,2.8,
KMT-2018-BLG-0253,SAO18M0504.004260,17:48:19.59,-26:17:51.47,8325.48636,41.51,0.063,19.64,19.73,19.73,2,5.61,OB181319
KMT-2018-BLG-0254,SSO38T0706.023644,17:51:31.28,-22:57:53.93,8308.26486,14.08,1.818,17.28,19.68,19.68,4,1.99,
KMT-2018-BLG-0255,SAO14T0101.094588,17:36:34.90,-29:50:46.97,8313.3563,186.52,0.005,24.06,20.0,25.0,3,3.79,
KMT-2018-BLG-0256,BLG15N0705.015202,17:37:44.19,-27:20:24.68,8309.47383,3.36,0.162,19.68,19.96,19.96,2,3.0,OB181218
KMT-2018-BLG-0257,BLG15M0202.069903,17:40:26.75,-26:31:40.40,8307.04118,12.32,0.033,23.13,20.0,21.53,2,2.78,
KMT-2018-BLG-0258,SAO20T0803.047097,17:41:46.14,-23:19:40.37,8311.71113,104.73,0.223,20.18,20.0,20.99,2,1.88,
KMT-2018-BLG-0259,SAO20T0403.030093,17:43:46.05,-23:16:32.20,8276.18955,0.5,0.1,22.64,19.99,19.99,2,1.64,
KMT-2018-BLG-0260,SAO19T0403.043130,17:43:53.27,-25:23:21.05,8312.7176,6.47,0.535,19.14,20.0,21.2,2,3.25,
KMT-2018-BLG-0261,BLG18K0404.099764,17:43:58.29,-26:14:32.53,8307.52617,77.71,0.004,24.06,20.0,22.36,2,2.87,
KMT-2018-BLG-0262,SAO38T0103.001283,17:54:40.50,-23:20:36.74,8352.80484,20.87,0.117,16.19,16.66,16.66,4,3.72,
KMT-2018-BLG-0263,SAO12N0301.028975,17:30:41.11,-28:52:08.76,8315.88784,17.85,0.085,20.49,20.0,20.57,2,2.77,
KMT-2018-BLG-0264,SAO16N0207.038736,17:40:54.06,-24:52:53.51,8307.82941,18.07,0.009,21.03,20.0,20.27,1,2.31,
KMT-2018-BLG-0265,SAO11T0704.007975,17:23:17.03,-30:33:26.50,8311.08584,4.01,0.203,18.72,20.0,20.09,2,2.66,
KMT-2018-BLG-0266,BLG14T0808.092011,17:32:20.65,-29:00:30.96,8313.97565,15.68,0.12,21.3,20.0,25.0,3,3.22,OB181287
KMT-2018-BLG-0267,BLG15N0605.009636,17:38:27.63,-27:19:46.63,8312.12019,2.0,0.713,18.02,19.38,19.38,2,3.13,OB181253 OB181267
KMT-2018-BLG-0268,SAO16M0505.057826,17:39:07.46,-24:01:21.36,8306.19225,39.11,0.098,22.05,20.0,21.02,2,1.71,
KMT-2018-BLG-0269,SAO19T0802.050524,17:41:58.55,-25:30:05.62,8312.75733,18.52,0.049,21.22,20.0,20.98,2,2.48,
KMT-2018-BLG-0270,BLG18K0302.005245,17:44:24.22,-26:30:38.34,8364.79037,31.89,0.166,17.81,18.54,18.54,2,3.55,OB181312
KMT-2018-BLG-0271,SSO20T0102.047471,17:45:48.66,-23:27:58.10,8309.72596,32.61,0.027,23.25,19.74,19.74,1,1.57,
KMT-2018-BLG-0272,BLG18M0603.030094,17:47:31.28,-26:21:38.92,8321.00737,9.56,1.863,16.97,20.0,21.55,2,4.35,
KMT-2018-BLG-0273,SAO19M0205.084056,17:49:31.42,-24:04:24.42,8309.85909,21.16,0.003,22.55,20.0,22.51,2,2.44,
KMT-2018-BLG-0274,SAO11M0707.048907,17:28:33.21,-29:05:10.61,8316.70494,53.9,0.012,20.67,20.0,20.48,2,1.92,OB181198
KMT-2018-BLG-0275,BLG14N0703.035532,17:37:45.30,-29:35:28.93,8304.66321,196.45,0.035,23.88,20.0,21.31,2,3.81,
KMT-2018-BLG-0276,BLG15N0602.035238,17:38:12.02,-27:42:58.25,8319.36738,6.77,1.973,15.97,20.0,20.62,2,2.51,
KMT-2018-BLG-0277,SAO16M0204.031976,17:40:30.14,-24:07:22.73,8315.17346,12.5,0.111,19.89,20.0,20.4,2,2.07,OB181288
KMT-2018-BLG-0278,SAO15N0201.030965,17:40:52.78,-27:49:16.61,8318.78191,22.11,0.286,20.28,20.0,20.65,2,3.09,OB181238
KMT-2018-BLG-0279,SSO19K0501.028750,17:43:25.11,-24:30:38.70,8311.01737,179.41,0.003,26.37,19.96,19.96,1,2.42,
KMT-2018-BLG-0280,BLG18T0208.048322,17:45:14.87,-26:54:49.03,8312.13291,20.76,0.037,22.16,20.0,21.36,2,3.68,
KMT-2018-BLG-0281,SSO19M0407.002124,17:48:32.54,-23:46:42.49,8322.92288,187.87,0.223,20.78,16.79,16.79,2,1.97,
KMT-2018-BLG-0282,SAO19N0205.021514,17:49:58.83,-25:06:36.43,8318.2068,100.86,0.055,22.84,20.0,21.46,2,4.33,
KMT-2018-BLG-0283,SAO12T0203.045698,17:26:30.27,-28:35:17.45,8330.72257,90.43,0.109,22.44,20.0,20.76,2,2.05,
KMT-2018-BLG-0284,SSO11N0408.007899,17:30:08.37,-30:04:10.06,8311.40464,20.07,0.017,21.85,18.55,18.55,2,2.23,
KMT-2018-BLG-0285,SSO14T0603.008699,17:33:20.21,-29:40:09.05,8314.37041,11.96,0.052,19.96,19.09,19.09,2,2.9,OB181264
KMT-2018-BLG-0286,BLG14N0804.011614,17:37:11.87,-29:29:33.36,8314.41591,3.21,0.379,18.92,19.57,19.57,2,3.58,OB181292
KMT-2018-BLG-0287,SSO15N0101.059034,17:41:16.29,-27:43:41.63,8311.73693,21.23,0.023,23.26,20.0,21.32,3,3.39,
KMT-2018-BLG-0288,BLG18K0403.098191,17:43:45.63,-26:21:39.38,8311.4151,2.74,0.258,21.39,20.0,22.72,2,3.04,
KMT-2018-BLG-0289,SAO20N0406.032118,17:48:33.94,-22:57:17.89,8303.80471,11.42,0.709,19.53,19.63,19.63,1,1.95,
KMT-2018-BLG-0290,BLG14T0205.034569,17:35:58.06,-29:27:21.82,8302.7958,7.09,0.341,18.37,20.0,20.77,2,2.84,
KMT-2018-BLG-0291,BLG15N0401.011136,17:39:39.28,-27:49:21.36,8314.70463,25.3,0.055,21.87,19.06,19.06,2,2.91,
KMT-2018-BLG-0292,BLG20T0308.061139,17:44:29.99,-22:37:29.10,8315.19087,18.02,0.51,20.01,20.0,25.0,3,2.21,
KMT-2018-BLG-0293,SSO20M0804.015240,17:46:37.85,-22:04:53.04,8343.83328,29.28,1.976,16.82,20.0,20.09,4,1.93,
KMT-2018-BLG-0294,BLG11T0106.014949,17:27:13.96,-30:20:18.35,8314.62336,14.9,0.098,21.74,20.0,20.24,2,2.89,OB181315
KMT-2018-BLG-0295,SSO11N0805.000536,17:28:11.33,-30:29:13.16,8318.36042,22.62,0.249,20.02,16.34,16.34,2,2.97,
KMT-2018-BLG-0296,SSO14T0708.101636,17:32:48.58,-29:00:44.28,8314.79809,134.96,0.011,25.55,20.0,25.0,3,2.92,
KMT-2018-BLG-0297,BLG14K0105.065372,17:36:21.54,-28:16:16.57,8315.74637,89.52,0.113,22.78,20.0,22.26,2,3.88,
KMT-2018-BLG-0298,BLG15N0504.070671,17:38:46.58,-27:26:06.94,8313.76619,13.76,0.082,22.82,20.0,20.93,2,2.4,
KMT-2018-BLG-0299,SSO11N0106.036162,17:31:44.04,-30:21:09.43,,,,,20.0,20.44,2,2.77,OB181301
KMT-2018-BLG-0300,SSO20M0804.006322,17:46:37.86,-22:05:14.78,8343.10556,42.16,1.026,18.39,18.51,18.51,4,1.91,
KMT-2018-BLG-0301,SSO12N0303.053164,17:30:50.34,-28:31:23.70,8318.17737,12.94,0.125,20.68,20.0,20.71,2,2.23,OB181308
KMT-2018-BLG-0302,BLG11N0104.049539,17:31:50.63,-30:33:33.66,8319.12096,35.22,0.064,22.9,20.0,21.17,2,2.89,
KMT-2018-BLG-0303,SSO16T0707.001991,17:33:21.56,-24:51:13.10,8317.72444,199.76,0.005,24.89,18.52,18.52,2,3.28,
KMT-2018-BLG-0304,SSO15N0202.004336,17:40:42.66,-27:35:48.91,8319.71312,194.83,0.025,24.73,18.19,18.19,2,3.43,
KMT-2018-BLG-0305,BLG19K0807.004563,17:41:51.32,-23:47:32.78,8325.05891,10.95,0.803,18.77,18.31,18.31,2,1.96,OB181421
KMT-2018-BLG-0306,SSO18T0407.015205,17:44:09.61,-26:55:43.61,8317.17734,14.55,0.016,22.31,20.0,20.16,2,3.26,
KMT-2018-BLG-0307,BLG19M0805.071764,17:46:11.61,-24:05:08.77,8320.34285,47.91,0.012,21.78,20.0,21.29,2,2.12,
KMT-2018-BLG-0308,BLG19N0707.001905,17:46:56.45,-24:52:43.57,8346.95609,44.04,0.435,19.25,17.7,17.7,2,3.22,OB181424
KMT-2018-BLG-0309,SSO11N0505.003017,17:29:54.08,-30:25:28.78,8333.0624,15.33,0.492,17.76,17.61,17.61,2,2.71,OB181332
KMT-2018-BLG-0310,BLG14K0708.003879,17:32:52.17,-27:55:23.81,8346.58719,20.58,0.276,17.51,18.07,18.07,2,2.74,OB181415
KMT-2018-BLG-0311,BLG15N0406.040057,17:39:25.58,-27:08:11.80,8318.68787,64.24,0.141,22.26,20.0,20.59,2,2.74,OB181303
KMT-2018-BLG-0312,SSO16M0208.015276,17:40:42.65,-23:39:13.10,8315.59066,3.88,0.526,19.1,19.37,19.37,2,1.62,
KMT-2018-BLG-0313,SSO18K0804.099598,17:41:34.93,-26:14:31.34,8321.88576,5.86,0.496,19.11,20.0,25.0,3,3.18,
KMT-2018-BLG-0314,BLG18K0102.044766,17:45:27.98,-26:33:11.30,8337.25501,35.47,0.223,19.41,20.0,21.28,2,3.02,OB181311
KMT-2018-BLG-0315,SSO18M0805.086712,17:46:11.97,-26:08:33.40,8311.8829,64.89,0.094,23.62,20.0,22.29,2,3.23,
KMT-2018-BLG-0316,SAO16M0108.006319,17:41:22.07,-23:40:47.57,8330.67296,18.24,0.262,19.06,18.46,18.46,2,1.68,
KMT-2018-BLG-0317,SSO19T0301.002919,17:44:22.82,-25:38:18.74,8327.8454,5.17,0.216,17.24,17.7,17.7,2,2.89,
KMT-2018-BLG-0318,SSO20M0804.003925,17:46:37.90,-22:05:23.82,8344.17253,80.9,0.435,19.89,17.86,17.86,4,1.91,
KMT-2018-BLG-0319,SSO14K0202.034777,17:35:46.62,-28:43:08.18,8327.55504,109.68,0.046,22.96,20.0,20.65,2,2.9,
KMT-2018-BLG-0320,SAO14M0502.034317,17:39:06.93,-28:37:00.95,8320.66523,132.91,0.013,24.2,20.0,21.35,3,4.17,
KMT-2018-BLG-0321,SSO20K0803.006113,17:41:36.41,-22:09:52.88,8356.54162,27.07,0.063,18.23,18.18,18.18,4,1.36,
KMT-2018-BLG-0322,SAO11K0405.047056,17:25:22.96,-29:19:53.40,8319.91398,76.5,0.041,22.49,20.0,20.09,1,1.78,
KMT-2018-BLG-0323,SAO12K0201.075571,17:26:25.98,-27:42:07.63,8331.69572,175.66,0.311,21.54,20.0,21.88,2,1.88,
KMT-2018-BLG-0324,SAO11N0506.044066,17:29:45.62,-30:16:22.98,8324.04234,18.19,0.094,20.8,20.0,20.55,2,2.19,OB181435
KMT-2018-BLG-0325,BLG19T0601.067579,17:42:59.05,-25:40:31.94,8323.11267,8.77,0.98,18.94,20.0,21.18,2,2.55,
KMT-2018-BLG-0326,SSO11N0308.077769,17:30:42.46,-30:01:24.20,8313.24359,182.32,0.017,24.92,20.0,21.52,2,2.29,
KMT-2018-BLG-0327,SAO16M0405.064934,17:39:35.25,-24:04:17.94,8345.39457,9.84,1.991,14.58,20.0,21.28,2,1.71,
KMT-2018-BLG-0328,SAO19T0201.008707,17:45:17.36,-25:38:04.09,8337.74833,15.32,1.257,18.15,19.3,19.3,2,3.15,
KMT-2018-BLG-0329,SSO19N0404.040166,17:48:48.50,-25:20:32.78,8316.43027,29.65,0.013,31.61,20.0,22.65,2,5.65,
KMT-2018-BLG-0330,SSO19N0404.047784,17:48:48.82,-25:20:31.60,8221.10766,32.6,1.857,19.49,20.0,25.0,3,5.65,
KMT-2018-BLG-0331,SAO15K0104.096737,17:36:27.98,-26:18:14.40,8320.90541,4.31,0.287,21.49,20.0,25.0,3,3.08,
KMT-2018-BLG-0332,SSO16N0204.004516,17:40:43.91,-25:14:13.88,8340.07732,52.24,0.021,20.37,17.94,17.94,1,2.59,
KMT-2018-BLG-0333,SAO18T0705.024013,17:42:00.58,-27:12:22.39,8326.55301,10.67,0.31,20.21,20.0,20.86,2,3.85,
KMT-2018-BLG-0334,SAO18K0701.105735,17:42:16.56,-26:37:27.23,8327.37198,60.15,0.018,22.27,20.0,25.0,3,3.5,
KMT-2018-BLG-0335,BLG38T0305.009672,17:53:17.09,-23:03:51.08,8326.26383,33.23,0.114,20.21,18.83,18.83,4,2.47,
KMT-2018-BLG-0336,SSO38K0207.011500,17:54:06.57,-21:41:16.08,8315.64753,22.57,0.071,22.27,19.0,19.0,4,2.22,
KMT-2018-BLG-0337,SSO38N0404.006492,17:57:48.83,-23:11:07.12,8329.7937,99.17,0.081,22.43,19.03,19.03,4,4.72,
KMT-2018-BLG-0338,BLG20T0105.037431,17:45:51.09,-23:05:55.79,8292.9635,0.59,0.1,27.99,19.6,19.6,1,1.49,
KMT-2018-BLG-0339,SSO20M0503.000145,17:47:49.10,-22:10:20.28,8379.43434,33.0,1.996,15.03,14.24,14.24,4,1.67,
KMT-2018-BLG-0340,BLG15N0105.020686,17:41:21.94,-27:19:33.24,8327.41049,29.84,0.273,21.42,20.0,20.49,2,3.44,
KMT-2018-BLG-0341,BLG38K0103.000556,17:54:40.53,-22:13:39.07,8316.24521,15.17,0.287,19.15,15.81,15.81,4,2.81,
KMT-2018-BLG-0342,SAO14M0104.008948,17:41:27.07,-28:24:12.20,8328.1428,3.67,0.016,18.6,19.27,19.27,2,4.22,
KMT-2018-BLG-0343,SSO20N0604.017736,17:47:44.92,-23:10:35.00,8326.48825,3.24,0.087,18.65,18.73,18.73,1,1.69,
KMT-2018-BLG-0344,BLG14N0505.004538,17:39:04.07,-29:25:20.71,8340.94832,13.1,1.621,17.25,19.77,19.77,2,5.1,
KMT-2018-BLG-0345,SAO15N0503.009496,17:38:43.09,-27:33:27.04,8329.23494,16.44,0.261,19.07,18.65,18.65,4,2.57,OB181338
KMT-2018-BLG-0346,BLG17K0801.009319,17:39:53.22,-33:07:41.41,8350.44581,46.22,0.411,19.13,19.23,19.23,2,3.39,OB181433
KMT-2018-BLG-0347,BLG17K0705.006927,17:40:43.40,-32:36:04.86,8302.58259,25.02,0.406,19.61,19.92,19.92,2,4.76,
KMT-2018-BLG-0348,SSO19K0808.003564,17:41:43.67,-23:40:12.72,8341.23049,19.59,0.669,18.76,17.92,17.92,2,1.79,OB181450
KMT-2018-BLG-0349,SAO17T0502.023646,17:41:50.80,-34:05:56.65,8301.52502,91.29,0.099,22.47,20.0,20.0,2,2.45,
KMT-2018-BLG-0350,SAO17K0502.021651,17:41:50.94,-32:58:52.03,8323.89049,37.85,0.01,22.44,20.0,20.89,2,3.6,
KMT-2018-BLG-0351,BLG17K0501.002610,17:41:53.59,-33:10:26.76,8351.23054,20.29,0.602,17.76,18.38,18.38,2,3.5,OB181462
KMT-2018-BLG-0352,BLG17T0404.098260,17:42:15.12,-33:52:43.10,8328.97195,30.62,0.334,20.03,20.0,25.0,3,2.62,OB181491
KMT-2018-BLG-0353,BLG17T0406.012795,17:42:24.87,-33:37:39.54,8290.46453,197.31,0.099,21.35,19.7,19.7,2,2.87,OB180836
KMT-2018-BLG-0354,SAO17T0407.010982,17:42:37.71,-33:26:19.57,8317.41188,16.32,0.22,21.02,19.57,19.57,2,2.88,
KMT-2018-BLG-0355,SAO19K0603.019052,17:42:41.38,-24:16:03.61,8328.52478,25.5,0.031,22.4,19.06,19.06,1,1.88,
KMT-2018-BLG-0356,SAO18K0603.098441,17:42:48.78,-26:19:59.41,8328.10316,9.39,0.199,20.71,20.0,22.05,2,2.77,
KMT-2018-BLG-0357,BLG17T0106.037749,17:44:12.20,-33:36:23.18,8313.88107,198.82,0.011,23.46,19.92,19.92,1,2.17,
KMT-2018-BLG-0358,BLG17M0803.013220,17:45:01.11,-32:51:47.81,8370.24475,121.73,0.214,19.7,20.0,20.15,2,3.57,OB181145
KMT-2018-BLG-0359,SAO17N0704.030783,17:45:31.55,-33:50:01.79,8287.82816,145.8,0.18,20.27,19.41,19.41,1,1.86,MB18199
KMT-2018-BLG-0360,SSO17M0603.061295,17:46:19.87,-32:52:03.22,8319.31282,86.81,0.017,24.47,20.0,22.71,2,3.78,
KMT-2018-BLG-0361,SSO17M0607.007739,17:46:26.19,-32:20:47.00,8312.82168,23.16,0.288,21.3,20.0,20.85,2,5.4,OB181300
KMT-2018-BLG-0362,BLG17M0406.002377,17:47:30.61,-32:31:27.88,8303.25618,66.38,0.254,17.88,18.63,18.63,2,3.73,OB180662
KMT-2018-BLG-0363,BLG17N0308.011562,17:47:49.80,-33:18:24.30,8311.09069,14.18,0.79,17.42,18.44,18.44,1,1.72,OB181143
KMT-2018-BLG-0364,SSO17N0206.026400,17:48:53.51,-33:37:55.70,8309.51912,29.54,0.207,20.65,19.13,19.13,1,1.51,
KMT-2018-BLG-0365,BLG17N0107.003232,17:49:29.43,-33:30:20.99,8281.23673,71.93,0.324,18.21,16.67,16.67,1,1.74,OB180566 MB18174
KMT-2018-BLG-0366,SAO17M0105.002396,17:49:30.17,-32:38:36.96,8300.35025,24.9,0.829,18.14,17.67,17.67,2,2.68,OB180997
KMT-2018-BLG-0367,SAO12M0302.002858,17:30:51.65,-27:34:49.12,8327.17748,3.88,1.676,16.56,17.52,17.52,2,2.29,
KMT-2018-BLG-0368,BLG14K0304.075857,17:35:12.09,-28:20:44.34,8328.40326,171.23,0.024,24.3,20.0,21.81,2,3.07,
KMT-2018-BLG-0369,SAO15N0801.045140,17:37:19.15,-27:47:40.02,8387.59117,40.43,0.964,17.12,20.0,21.29,2,3.14,
KMT-2018-BLG-0370,SSO15M0704.005065,17:37:45.84,-26:14:59.50,8364.88605,119.29,0.329,20.55,18.59,18.59,2,2.98,
KMT-2018-BLG-0371,SAO14M0602.042418,17:38:39.84,-28:37:49.80,8329.93796,6.67,1.749,17.49,20.0,21.2,2,3.57,
KMT-2018-BLG-0372,SAO17T0607.079810,17:41:09.10,-33:26:03.91,8323.80582,20.09,0.041,22.3,20.0,22.02,2,3.12,
KMT-2018-BLG-0373,BLG17T0508.032041,17:41:39.85,-33:20:38.51,8326.96204,30.34,0.467,20.47,20.0,21.35,2,3.51,
KMT-2018-BLG-0374,BLG17T0202.007271,17:43:31.90,-34:10:56.78,8401.0299,159.89,0.421,19.38,17.83,17.83,1,1.81,OB181262
KMT-2018-BLG-0375,SAO17N0806.072280,17:45:22.01,-33:37:00.80,8338.31239,13.77,1.124,18.03,20.0,20.39,1,1.71,
KMT-2018-BLG-0376,SAO20M0602.042645,17:47:32.49,-22:14:11.40,8329.25718,44.13,0.157,21.19,19.97,19.97,1,1.65,
KMT-2018-BLG-0377,SAO17N0408.015240,17:47:35.78,-33:21:00.29,8329.12118,2.74,0.066,18.44,18.78,18.78,2,1.71,
KMT-2018-BLG-0378,BLG17M0202.040238,17:48:57.94,-32:58:58.91,8332.78078,44.7,0.084,21.32,20.0,20.26,1,2.35,OB181430
KMT-2018-BLG-0379,SSO12T0403.024019,17:25:36.05,-28:34:19.49,8341.56212,33.21,0.061,20.22,20.0,20.66,2,2.58,OB181418
KMT-2018-BLG-0380,BLG11T0203.007726,17:26:29.36,-30:42:44.14,8329.2477,13.99,0.25,20.81,20.0,20.01,2,3.75,
KMT-2018-BLG-0381,SAO12M0804.003838,17:27:45.00,-27:16:50.77,8354.51937,85.91,0.091,21.08,18.89,18.89,2,2.41,
KMT-2018-BLG-0382,BLG14T0407.009311,17:34:42.82,-29:08:59.39,8328.71808,8.04,1.526,18.55,19.23,19.23,2,3.46,
KMT-2018-BLG-0383,BLG16K0102.030359,17:36:46.10,-24:28:14.99,8329.30172,4.82,0.914,18.6,20.0,21.16,2,2.76,
KMT-2018-BLG-0384,BLG15N0601.114200,17:38:17.16,-27:48:09.00,8343.88729,29.52,0.11,19.44,20.0,25.0,3,2.67,MB18304
KMT-2018-BLG-0385,BLG17T0302.042090,17:43:12.26,-34:08:28.00,8357.52004,48.69,0.084,20.19,20.0,20.1,1,1.99,OB181411
KMT-2018-BLG-0386,BLG18T0507.093392,17:43:33.73,-26:58:17.11,8302.94595,33.06,0.094,20.61,20.0,22.67,2,3.69,OB181194
KMT-2018-BLG-0387,SSO18T0207.101265,17:45:16.02,-26:59:16.48,8313.35268,11.84,0.211,19.3,20.0,25.0,3,3.65,OB181255
KMT-2018-BLG-0388,BLG18M0802.042376,17:46:28.55,-26:32:51.11,8330.98412,16.19,0.003,22.93,20.0,21.63,2,3.98,
KMT-2018-BLG-0389,BLG19N0605.009750,17:47:29.59,-25:08:26.05,8362.18802,47.61,0.141,19.83,20.0,20.19,2,3.91,OB181527
KMT-2018-BLG-0390,SAO17N0403.063449,17:47:38.94,-34:01:12.29,8321.49472,54.61,0.24,21.61,20.0,20.48,1,1.59,
KMT-2018-BLG-0391,SAO19M0405.041843,17:48:32.46,-24:02:15.11,8339.8963,41.82,0.186,20.89,20.0,20.35,2,2.06,OB181540
KMT-2018-BLG-0392,BLG38T0406.016223,17:53:08.70,-22:51:30.17,8339.05043,10.36,0.804,18.56,19.51,19.51,4,2.45,
KMT-2018-BLG-0393,SAO12M0508.017264,17:29:52.06,-26:51:27.68,8340.47538,26.96,0.002,20.81,20.0,20.84,2,2.84,
KMT-2018-BLG-0394,BLG15T0504.068899,17:34:10.47,-27:22:46.42,8331.63401,8.55,0.022,22.57,20.0,22.76,2,3.26,
KMT-2018-BLG-0395,BLG14N0806.010886,17:37:13.07,-29:17:03.91,8374.19759,20.49,1.991,16.23,19.48,19.48,2,3.67,OB181602
KMT-2018-BLG-0396,BLG15N0104.084199,17:41:16.20,-27:27:32.98,8332.03487,15.71,0.115,21.67,20.0,22.11,2,3.28,
KMT-2018-BLG-0397,BLG18T0403.020069,17:44:07.52,-27:27:31.14,8301.75409,150.64,0.023,21.69,20.0,20.59,2,4.35,
KMT-2018-BLG-0398,BLG11M0402.018340,17:30:14.72,-29:45:22.43,8334.74661,15.34,0.116,20.94,19.43,19.43,2,2.03,OB181416
KMT-2018-BLG-0399,BLG16T0107.011839,17:36:25.85,-24:55:55.78,8332.39817,2.16,0.241,20.36,19.92,19.92,2,2.55,
KMT-2018-BLG-0400,BLG14T0105.083534,17:36:34.06,-29:23:27.17,8333.97151,43.54,0.007,23.38,20.0,22.06,3,3.53,
KMT-2018-BLG-0401,BLG14N0408.032292,17:39:20.55,-29:00:41.58,8333.01469,9.13,0.323,21.89,20.0,21.99,2,4.34,
KMT-2018-BLG-0402,BLG16M0406.088842,17:39:28.13,-23:55:06.20,8341.36458,28.53,0.013,20.6,20.0,25.0,3,1.8,
KMT-2018-BLG-0403,BLG20T0304.065282,17:44:16.45,-23:06:27.86,8333.85996,6.31,0.078,20.31,20.0,21.25,2,1.73,OB181451
KMT-2018-BLG-0404,BLG17N0401.040926,17:47:33.46,-34:14:23.89,8330.62019,10.97,0.393,20.72,19.67,19.67,1,1.44,
KMT-2018-BLG-0405,SSO20N0503.025523,17:48:08.10,-23:19:09.59,8297.21061,49.79,1.124,19.47,19.08,19.08,1,1.65,
KMT-2018-BLG-0406,SSO14N0604.074111,17:38:08.64,-29:32:11.15,8333.38956,4.72,0.084,21.56,20.0,22.64,2,4.23,
KMT-2018-BLG-0407,BLG15M0206.007447,17:40:26.03,-25:58:42.35,8337.34561,25.74,1.579,17.8,19.11,19.11,2,2.9,
KMT-2018-BLG-0408,BLG17K0604.018938,17:41:07.02,-32:45:00.61,8331.12715,5.46,0.855,19.39,20.0,20.59,2,3.55,
KMT-2018-BLG-0409,BLG18K0603.079245,17:42:42.26,-26:23:14.53,8340.92162,17.21,0.275,20.59,20.0,21.46,2,2.99,
KMT-2018-BLG-0410,BLG18K0503.062246,17:43:29.70,-26:22:38.64,8334.77153,9.11,0.217,20.9,20.0,21.11,2,2.9,
KMT-2018-BLG-0411,SAO18K0204.013880,17:45:06.06,-26:18:36.76,8340.67316,17.44,1.566,17.9,19.64,19.64,2,3.22,
KMT-2018-BLG-0412,BLG19M0108.012258,17:50:03.89,-23:43:24.56,8349.69826,22.05,1.863,17.02,19.46,19.46,2,2.33,
KMT-2018-BLG-0413,BLG11K0803.056912,17:23:00.81,-29:34:52.90,8335.80901,30.12,0.026,22.79,20.0,21.06,2,1.89,
KMT-2018-BLG-0414,BLG15K0805.018190,17:32:32.09,-26:08:20.04,8337.06872,8.86,0.36,20.49,20.0,21.66,2,3.73,
KMT-2018-BLG-0415,BLG14T0507.099518,17:34:13.77,-29:10:21.79,8337.32051,19.18,0.056,21.79,20.0,25.0,3,3.4,
KMT-2018-BLG-0416,BLG16K0504.014951,17:34:31.83,-24:11:12.16,8337.46713,182.34,0.017,24.51,20.0,20.02,2,2.41,
KMT-2018-BLG-0417,BLG14N0204.008999,17:40:36.32,-29:33:11.16,8357.38739,20.76,1.996,17.24,20.0,21.81,2,7.68,
KMT-2018-BLG-0418,BLG18T0803.007752,17:41:51.55,-27:28:51.96,8334.61749,20.89,0.099,21.82,18.57,18.57,2,3.32,OB181454
KMT-2018-BLG-0419,SSO17N0702.052864,17:45:58.08,-34:07:21.11,8341.12096,6.35,1.511,16.35,19.84,19.84,1,1.52,OB181545 MB18311
KMT-2018-BLG-0420,SSO11K0707.042162,17:23:40.40,-29:04:23.48,8338.39272,12.92,0.029,21.02,20.0,20.4,1,1.92,OB181508
KMT-2018-BLG-0421,BLG14T0306.032151,17:35:13.76,-29:15:46.98,8335.39062,36.13,0.048,23.48,20.0,21.36,2,3.86,
KMT-2018-BLG-0422,SSO17T0704.077146,17:40:28.55,-33:48:53.86,8334.97942,50.73,0.009,24.64,20.0,21.86,2,2.83,
KMT-2018-BLG-0423,SSO18K0705.064743,17:42:11.77,-26:08:14.71,8340.01974,31.23,0.595,19.0,20.0,21.61,2,3.07,OB181428
KMT-2018-BLG-0424,BLG19M0207.107732,17:49:42.37,-23:43:55.81,8343.33973,55.76,0.038,21.51,20.0,25.0,3,2.11,
KMT-2018-BLG-0425,SSO19M0207.003963,17:49:51.62,-23:49:35.15,8340.06177,2.48,0.961,16.56,17.54,17.54,2,2.05,OB181529
KMT-2018-BLG-0426,SSO17T0503.076951,17:41:43.32,-34:02:21.73,8339.97343,72.52,0.057,22.56,20.0,21.32,2,2.37,
KMT-2018-BLG-0427,SSO17N0201.002157,17:49:00.94,-34:15:14.00,8391.60143,20.22,1.68,15.26,16.36,16.36,1,1.7,OB181593 OB181611 MB18358
KMT-2018-BLG-0428,SSO11M0502.021201,17:29:27.45,-29:42:34.42,8354.14951,44.99,0.241,21.4,19.72,19.72,2,2.49,OB181449
KMT-2018-BLG-0429,SSO20T0404.054610,17:43:54.83,-23:13:28.42,8336.10187,2.97,1.949,15.67,20.0,20.97,2,1.77,
KMT-2018-BLG-0430,SAO14K0703.100421,17:33:01.73,-28:33:41.11,8339.53937,13.6,0.013,22.49,20.0,23.26,3,3.21,
KMT-2018-BLG-0431,BLG14K0603.104351,17:33:25.09,-28:35:32.24,8340.40451,11.49,0.035,22.14,20.0,25.0,3,3.57,
KMT-2018-BLG-0432,BLG19K0502.006116,17:43:18.31,-24:28:50.30,8343.43581,38.17,0.244,21.03,18.08,18.08,1,2.2,
KMT-2018-BLG-0433,SSO17N0804.030159,17:45:02.85,-33:54:14.80,8342.50234,17.61,0.076,21.38,19.33,19.33,1,1.75,OB181538
KMT-2018-BLG-0434,BLG14K0804.069061,17:32:32.21,-28:24:54.65,8345.53452,31.63,0.363,21.05,20.0,21.37,2,2.66,
KMT-2018-BLG-0435,BLG15T0705.047225,17:33:04.14,-27:19:16.50,8341.93309,5.03,0.178,21.04,20.0,21.23,2,2.68,OB181507
KMT-2018-BLG-0436,BLG14M0802.059119,17:37:00.50,-28:41:18.89,8341.75357,24.42,0.06,23.1,20.0,21.48,2,3.2,
KMT-2018-BLG-0437,SSO15N0801.048202,17:37:19.38,-27:49:37.34,8349.48866,6.86,1.403,17.46,20.0,21.36,2,3.02,
KMT-2018-BLG-0438,BLG14M0603.003816,17:38:27.03,-28:32:43.33,8337.87641,132.62,0.102,21.68,18.3,18.3,2,3.49,
KMT-2018-BLG-0439,SSO19T0602.068893,17:42:59.83,-25:29:00.89,8352.23858,114.38,0.007,22.53,20.0,21.38,2,2.9,
KMT-2018-BLG-0440,BLG19T0603.062504,17:43:01.93,-25:23:14.46,8352.50431,98.15,0.368,20.39,20.0,21.63,2,3.12,
KMT-2018-BLG-0441,SAO19T0205.007949,17:44:49.98,-25:07:14.92,8351.88788,27.85,0.234,20.15,18.86,18.86,2,2.53,OB181528
KMT-2018-BLG-0442,SSO20N0807.046655,17:46:17.54,-22:49:18.19,8351.35274,137.9,0.05,23.76,19.96,19.96,1,1.55,
KMT-2018-BLG-0443,SSO17N0103.069320,17:49:07.21,-33:59:12.59,8348.02678,10.11,0.471,16.83,20.0,20.73,1,1.38,OB181356 OB181522 MB18306
KMT-2018-BLG-0444,SAO19M0103.009954,17:50:09.98,-24:14:18.64,8342.55286,46.11,0.018,21.96,19.92,19.92,2,2.99,
KMT-2018-BLG-0445,BLG20N0101.002082,17:50:16.22,-23:32:57.26,8352.43364,18.7,0.761,17.71,16.91,16.91,3,2.23,OB181452
KMT-2018-BLG-0446,SAO14K0506.054942,17:34:08.94,-28:09:36.00,8312.73066,23.36,0.617,15.01,20.0,20.98,2,2.72,OB181141
KMT-2018-BLG-0447,BLG14K0405.081327,17:34:56.02,-28:13:15.53,8344.55755,135.83,0.002,24.67,20.0,21.75,2,3.09,
KMT-2018-BLG-0448,BLG14M0107.021939,17:41:10.62,-28:01:46.24,8338.70447,55.41,0.344,21.09,20.0,20.53,2,3.8,
KMT-2018-BLG-0449,SSO17N0103.054240,17:49:06.95,-33:59:12.41,8348.02678,10.11,0.471,16.83,20.0,20.03,1,1.38,OB181356 OB181522 MB18306
KMT-2018-BLG-0450,BLG15M0705.020461,17:37:51.33,-26:11:15.07,8353.0543,15.99,0.943,19.32,20.0,20.77,2,3.25,
KMT-2018-BLG-0451,BLG14M0408.030509,17:39:42.21,-27:50:28.72,8349.41075,11.74,0.184,19.98,20.0,20.55,2,2.94,OB181530
KMT-2018-BLG-0452,BLG16N0303.044849,17:39:56.22,-25:27:28.58,8342.36328,192.77,0.056,24.17,20.0,21.12,2,2.74,
KMT-2018-BLG-0453,BLG14M0107.029235,17:41:28.57,-27:59:55.97,8344.88002,14.83,0.008,22.6,20.0,20.89,2,3.81,
KMT-2018-BLG-0454,SSO17T0502.054767,17:41:48.14,-34:04:48.94,8342.0832,7.15,0.454,21.17,20.0,20.84,2,2.44,
KMT-2018-BLG-0455,SSO17T0505.018345,17:42:01.41,-33:44:37.79,8346.09585,10.93,0.1,21.45,19.82,19.82,2,2.61,
KMT-2018-BLG-0456,BLG19T0305.073068,17:44:23.85,-25:09:22.75,8347.20518,18.94,0.065,22.84,20.0,21.45,2,2.81,
KMT-2018-BLG-0457,BLG18T0206.026306,17:44:55.52,-27:08:27.02,8350.03134,52.82,0.054,25.83,20.0,21.04,2,4.01,
KMT-2018-BLG-0458,SAO19M0607.037203,17:47:14.11,-23:44:20.18,8344.6711,53.03,0.007,22.85,20.0,20.28,1,2.27,OB181539
KMT-2018-BLG-0459,BLG17M0207.006999,17:48:47.72,-32:19:52.00,8347.15765,6.42,0.248,20.95,19.96,19.96,2,4.5,OB181561
KMT-2018-BLG-0460,BLG19N0404.004149,17:48:48.61,-25:20:29.62,8323.72826,29.95,0.109,19.24,19.96,19.96,2,5.65,
KMT-2018-BLG-0461,SSO14K0405.022246,17:34:57.79,-28:14:05.39,8331.7135,35.4,0.208,20.31,20.0,20.34,2,3.16,OB181429
KMT-2018-BLG-0462,BLG15T0306.014370,17:35:28.79,-27:07:50.41,8353.12035,54.41,0.168,20.0,18.74,18.74,1,2.01,OB181414 MB18325
KMT-2018-BLG-0463,BLG19T0506.031478,17:43:29.06,-24:58:20.60,8349.82252,75.63,0.087,22.88,20.0,21.12,2,3.07,
KMT-2018-BLG-0464,SSO11M0604.043105,17:29:10.62,-29:28:09.19,8350.27957,39.65,0.076,22.87,19.92,19.92,1,1.82,
KMT-2018-BLG-0465,SAO14T0706.036697,17:33:09.90,-29:12:25.67,8350.79919,36.44,0.22,21.26,20.0,20.74,2,2.67,
KMT-2018-BLG-0466,SSO15K0503.102803,17:34:25.65,-26:22:05.52,8345.66061,39.28,0.005,24.52,20.0,25.0,3,2.91,
KMT-2018-BLG-0467,BLG15M0807.015030,17:37:14.67,-25:51:35.57,8349.33331,25.08,0.867,19.73,20.0,20.78,3,3.19,
KMT-2018-BLG-0468,BLG15N0308.067772,17:39:55.06,-26:50:50.89,8347.4042,8.18,0.066,22.93,20.0,22.18,2,3.28,
KMT-2018-BLG-0469,BLG14M0305.042189,17:40:00.14,-28:13:21.68,8355.25853,42.69,0.047,21.78,20.0,21.19,2,3.21,
KMT-2018-BLG-0470,BLG14M0305.004064,17:40:01.95,-28:15:08.39,8361.14337,31.84,0.231,19.66,18.13,18.13,2,3.29,
KMT-2018-BLG-0471,BLG14M0206.003649,17:40:29.29,-28:08:35.34,8345.8071,127.06,0.072,22.83,18.55,18.55,2,4.02,
KMT-2018-BLG-0472,BLG19T0301.017600,17:44:25.44,-25:40:46.96,8353.6674,11.79,0.418,19.79,20.0,20.1,2,2.96,
KMT-2018-BLG-0473,BLG19T0302.030332,17:44:43.85,-25:35:20.18,8353.14942,10.29,1.658,17.72,20.0,20.7,2,2.96,
KMT-2018-BLG-0474,BLG17N0806.026134,17:44:55.31,-33:37:45.91,8437.06894,90.8,0.052,19.0,19.15,19.15,1,1.81,OB181683
KMT-2018-BLG-0475,BLG19M0708.030856,17:46:59.84,-23:41:02.80,8359.45834,40.54,0.019,20.24,19.61,19.61,1,2.02,OB181596
KMT-2018-BLG-0476,SSO19N0508.011923,17:47:56.30,-24:50:20.36,8346.67578,17.54,0.355,20.91,20.0,20.14,2,3.9,
KMT-2018-BLG-0477,SAO20M0408.011521,17:48:33.23,-21:28:53.72,8355.20168,67.34,0.023,21.86,18.89,18.89,4,1.61,
KMT-2018-BLG-0478,BLG12K0202.023858,17:26:31.33,-27:33:49.28,8352.23756,166.59,0.048,24.03,20.0,20.13,2,1.8,
KMT-2018-BLG-0479,BLG15M0704.010704,17:37:38.02,-26:19:46.85,8364.94338,5.59,1.977,15.23,19.8,19.8,2,2.66,OB181639
KMT-2018-BLG-0480,BLG14N0508.065887,17:39:08.88,-28:57:20.23,8351.67122,11.24,0.021,21.42,20.0,22.27,2,4.46,
KMT-2018-BLG-0481,BLG19K0505.002537,17:43:28.66,-24:06:07.20,8359.76771,82.78,0.331,20.21,16.32,16.32,1,1.62,
KMT-2018-BLG-0482,BLG17N0607.000702,17:46:08.62,-33:30:27.11,8361.89753,7.02,0.29,15.92,15.7,15.7,1,2.73,OB181620 MB18332
KMT-2018-BLG-0483,BLG14T0707.089773,17:33:06.97,-29:07:24.28,8363.53279,27.05,1.987,16.01,20.0,21.95,2,2.89,
KMT-2018-BLG-0484,SSO17N0405.001548,17:47:23.18,-33:41:07.58,8339.35618,178.84,0.078,22.91,16.42,16.42,1,2.59,
KMT-2018-BLG-0485,SSO17N0406.052523,17:47:41.81,-33:37:29.71,8355.66351,166.64,0.09,21.23,20.0,20.1,1,1.77,OB181473
KMT-2018-BLG-0486,SAO11K0102.050065,17:27:20.26,-29:40:48.50,8382.47045,13.13,2.0,14.12,20.0,20.28,1,1.96,
KMT-2018-BLG-0487,BLG15K0704.018824,17:32:58.94,-26:20:25.80,8361.52035,185.67,0.021,23.89,20.0,21.38,2,3.24,
KMT-2018-BLG-0488,SAO14T0706.004319,17:33:08.50,-29:14:02.47,8412.72867,38.02,0.202,17.47,17.91,17.91,4,2.67,OB181687
KMT-2018-BLG-0489,SSO18T0706.049347,17:42:24.59,-27:04:59.16,8359.635,67.36,0.482,18.91,20.0,21.77,2,3.59,
KMT-2018-BLG-0490,SAO19K0506.035097,17:43:27.20,-23:55:25.90,8356.36134,3.44,1.062,17.42,19.47,19.47,1,1.51,
KMT-2018-BLG-0491,SSO02K0706.025622,17:50:50.36,-28:18:22.64,8359.92516,69.2,0.916,18.91,20.0,21.88,2,5.02,
KMT-2018-BLG-0492,SAO02K0608.018697,17:50:58.98,-28:05:21.55,8307.22765,181.69,0.169,26.49,20.0,21.84,2,6.49,
KMT-2018-BLG-0493,SSO02K0401.002419,17:52:13.07,-28:56:12.12,8423.80762,71.33,0.716,16.32,16.72,16.72,2,3.08,OB181565 MB18395
KMT-2018-BLG-0494,BLG02K0308.007712,17:53:02.11,-27:59:57.01,8352.41195,9.85,0.196,18.98,19.38,19.38,2,4.5,OB181550
KMT-2018-BLG-0495,SSO02K0202.032804,17:53:41.88,-28:46:54.16,8334.19529,71.75,0.167,19.57,19.76,19.76,2,1.97,OB180933 MB18259
KMT-2018-BLG-0496,SAO02K0102.068427,17:53:41.95,-28:46:49.98,8324.52465,198.23,0.065,27.8,20.0,20.39,2,1.97,OB180933 MB18259
KMT-2018-BLG-0497,SAO11K0102.008165,17:27:20.26,-29:39:45.40,8369.86883,22.91,0.128,17.6,18.34,18.34,1,1.9,
KMT-2018-BLG-0498,SAO14K0606.035959,17:33:25.66,-28:10:52.50,8355.93327,4.19,0.093,19.28,20.0,20.61,2,2.76,
KMT-2018-BLG-0499,BLG15T0306.060852,17:35:09.28,-27:07:57.90,8343.07775,113.52,0.085,23.82,20.0,20.3,1,2.03,
KMT-2018-BLG-0500,BLG15T0106.002683,17:36:32.70,-27:12:39.10,8372.09618,8.75,0.221,16.55,16.73,16.73,1,2.31,OB181594 MB18348
KMT-2018-BLG-0501,BLG15M0306.059363,17:40:03.78,-26:05:16.58,8357.82834,9.22,0.356,20.81,20.0,21.34,2,2.54,
KMT-2018-BLG-0502,SAO19T0807.065080,17:41:46.45,-24:55:18.01,8355.47224,4.18,0.266,19.82,20.0,20.86,1,2.19,
KMT-2018-BLG-0503,BLG18K0605.044618,17:43:02.81,-26:04:25.86,8356.6031,9.79,0.188,19.93,20.0,21.04,2,2.86,
KMT-2018-BLG-0504,BLG19T0306.014138,17:44:39.08,-25:02:54.38,8365.81802,185.26,0.02,23.23,19.78,19.78,2,2.73,
KMT-2018-BLG-0505,BLG38T0802.034423,17:50:32.31,-23:24:02.59,8338.16717,32.2,0.153,21.75,20.0,20.92,2,2.32,
KMT-2018-BLG-0506,BLG14M0507.057821,17:39:02.90,-28:01:45.23,8351.41003,64.9,0.07,22.99,20.0,21.07,2,2.99,
KMT-2018-BLG-0507,BLG38T0407.006173,17:53:04.55,-22:44:19.72,8365.54667,66.05,0.008,20.51,18.01,18.01,1,2.51,
KMT-2018-BLG-0508,BLG38T0201.001271,17:53:48.85,-23:32:48.55,8368.38649,170.35,0.075,20.83,16.88,16.88,4,3.65,
KMT-2018-BLG-0509,BLG14M0802.025011,17:37:23.14,-28:40:46.31,8370.57589,31.66,0.285,20.09,20.0,20.52,2,3.12,OB181694
KMT-2018-BLG-0510,SAO19T0402.016341,17:43:58.35,-25:32:00.35,8358.72963,2.49,1.962,14.41,19.99,19.99,2,3.06,
KMT-2018-BLG-0511,BLG18K0302.005306,17:44:17.94,-26:27:04.72,8359.66152,15.42,0.015,21.45,18.55,18.55,2,3.43,
KMT-2018-BLG-0512,BLG19M0507.003989,17:47:57.83,-23:46:09.52,8372.95564,8.16,0.195,16.83,17.68,17.68,2,2.25,
KMT-2018-BLG-0513,BLG15N0804.062889,17:37:04.60,-27:25:54.08,8331.29204,26.64,0.245,20.09,20.0,21.48,2,2.76,OB181329
KMT-2018-BLG-0514,BLG16M0504.002197,17:39:13.57,-24:09:40.18,8382.01411,9.02,1.969,14.31,17.45,17.45,2,2.13,
KMT-2018-BLG-0515,BLG16M0403.067852,17:39:49.20,-24:15:26.35,8357.16,2.79,1.96,16.45,20.0,21.22,2,1.74,
KMT-2018-BLG-0516,BLG19K0805.049348,17:41:35.87,-23:59:10.50,8368.71399,24.58,0.148,20.27,20.0,20.28,1,2.12,OB181690
KMT-2018-BLG-0517,SAO18T0705.077744,17:41:59.63,-27:16:44.18,8359.35031,19.01,0.008,23.01,20.0,22.2,2,3.9,
KMT-2018-BLG-0518,BLG15K0701.041989,17:33:09.04,-26:37:50.52,8364.6938,5.45,1.545,17.48,20.0,21.4,2,2.77,
KMT-2018-BLG-0519,BLG14T0406.080849,17:34:54.96,-29:15:44.32,8361.47308,50.47,0.002,23.68,20.0,21.92,3,3.29,
KMT-2018-BLG-0520,SAO14M0504.055358,17:38:59.67,-28:23:49.81,8291.52657,123.48,0.227,21.81,20.0,21.23,2,3.19,
KMT-2018-BLG-0521,BLG14N0308.018860,17:40:12.44,-29:00:23.72,8360.09413,16.39,0.098,23.13,20.0,22.11,3,6.26,
KMT-2018-BLG-0522,SAO18K0201.051720,17:44:58.80,-26:36:16.99,8361.43754,127.44,0.004,24.91,20.0,21.38,2,3.38,
KMT-2018-BLG-0523,BLG11K0104.059217,17:26:55.36,-29:29:34.12,8372.04377,33.91,0.162,20.34,20.0,20.35,1,1.83,
KMT-2018-BLG-0524,BLG11K0106.033882,17:27:18.26,-29:09:01.55,8371.17619,12.93,1.495,17.74,19.95,19.95,2,1.83,
KMT-2018-BLG-0525,SSO11N0403.033749,17:30:22.22,-30:45:19.01,8359.67093,4.27,0.215,18.49,20.0,21.85,2,4.02,
KMT-2018-BLG-0526,BLG14N0702.031399,17:37:32.63,-29:46:16.18,,,,,20.0,21.26,2,3.88,OB181619
KMT-2018-BLG-0527,BLG17K0805.013734,17:39:46.52,-32:39:37.26,8393.69582,40.51,0.167,19.71,20.0,20.75,2,4.88,
KMT-2018-BLG-0528,BLG15N0304.028807,17:40:07.26,-27:23:58.67,8368.06703,13.94,0.082,20.61,20.0,20.41,2,3.12,OB181662
KMT-2018-BLG-0529,SAO17K0701.008494,17:40:31.00,-33:07:12.36,8370.21104,60.95,0.047,21.5,19.17,19.17,2,3.07,OB181661
KMT-2018-BLG-0530,SSO16N0203.006662,17:40:33.55,-25:26:40.42,8363.75735,25.4,0.135,20.47,18.76,18.76,2,2.38,
KMT-2018-BLG-0531,SAO17T0701.019786,17:40:52.99,-34:17:45.85,8363.70666,7.59,0.12,19.27,19.95,19.95,2,1.82,OB181684
KMT-2018-BLG-0532,BLG18T0804.001002,17:41:25.12,-27:23:37.14,8408.00858,72.59,1.686,16.83,17.01,17.01,2,3.44,
KMT-2018-BLG-0533,BLG18K0703.038104,17:42:23.01,-26:20:03.08,8378.54367,86.99,0.127,21.06,20.0,20.82,2,2.92,OB181748
KMT-2018-BLG-0534,BLG18T0504.048170,17:43:15.62,-27:18:44.32,8324.26397,52.74,0.215,21.54,20.0,21.51,3,3.67,
KMT-2018-BLG-0535,BLG18T0406.051736,17:43:50.07,-27:05:30.95,8368.25778,88.34,0.015,23.61,20.0,21.88,2,3.77,OB181663
KMT-2018-BLG-0536,SAO18K0203.019198,17:45:18.59,-26:22:04.44,8384.37945,66.04,0.043,20.78,20.0,20.41,2,3.64,OB181693
KMT-2018-BLG-0537,BLG20N0405.044128,17:48:37.27,-23:03:21.38,8360.09786,2.88,1.924,15.37,19.82,19.82,1,1.6,
KMT-2018-BLG-0538,SAO15T0606.017057,17:33:35.99,-27:09:07.70,8372.27725,28.2,0.316,20.73,20.0,20.38,2,2.86,OB181685
KMT-2018-BLG-0539,BLG14T0308.054449,17:35:06.95,-29:02:32.57,8373.05298,9.34,1.994,17.11,20.0,21.54,2,3.29,
KMT-2018-BLG-0540,SAO18K0101.025786,17:45:36.20,-26:36:34.27,8364.96637,22.15,0.071,22.2,20.0,20.42,2,3.15,
KMT-2018-BLG-0541,SAO11K0102.037810,17:27:20.28,-29:41:31.20,8382.26577,14.59,1.997,14.68,19.93,19.93,1,1.97,
KMT-2018-BLG-0542,BLG12K0804.058236,17:23:15.74,-27:22:38.46,8366.193,10.54,0.193,19.76,20.0,25.0,3,2.02,
KMT-2018-BLG-0543,SAO14N0807.024301,17:37:15.80,-29:06:49.25,8367.38428,9.24,0.456,20.53,20.0,20.57,2,3.37,
KMT-2018-BLG-0544,BLG16N0507.000510,17:39:13.62,-24:57:54.61,8390.03033,14.12,0.573,15.96,16.11,16.11,2,2.63,
KMT-2018-BLG-0545,SAO19K0603.074167,17:42:59.36,-24:15:54.36,8369.81411,1.59,1.944,15.14,20.0,21.53,2,1.96,
KMT-2018-BLG-0546,BLG19T0502.081171,17:43:23.70,-25:35:35.81,8367.94117,79.74,0.006,24.15,20.0,21.95,2,2.93,
KMT-2018-BLG-0547,BLG17K0204.012400,17:43:36.65,-32:42:36.76,8369.16825,40.61,0.127,21.33,20.0,20.56,2,4.35,OB181697
KMT-2018-BLG-0548,BLG18T0307.017126,17:44:37.17,-27:02:03.44,8359.29402,16.36,0.366,16.73,20.0,20.28,2,3.74,OB181427
KMT-2018-BLG-0549,BLG11K0608.010341,17:24:28.08,-28:57:40.93,8324.31005,151.04,0.064,17.61,19.52,19.52,2,1.91,
KMT-2018-BLG-0550,SAO11M0705.026125,17:28:42.38,-29:22:41.30,8365.92003,14.92,0.051,20.81,19.53,19.53,1,2.23,
KMT-2018-BLG-0551,SAO14K0405.101145,17:34:55.74,-28:13:56.50,8366.6034,199.94,0.046,23.83,20.0,22.32,2,3.09,
KMT-2018-BLG-0552,BLG15M0302.006584,17:40:02.44,-26:35:46.28,8411.2956,16.27,1.868,15.64,18.5,18.5,2,2.75,
KMT-2018-BLG-0553,BLG20K0306.015488,17:44:23.22,-21:46:33.49,8402.68861,150.07,0.167,21.54,19.04,19.04,1,1.46,
KMT-2018-BLG-0554,BLG11K0705.035765,17:23:38.26,-29:21:18.79,8386.7484,18.14,1.004,18.04,19.84,19.84,1,1.47,
KMT-2018-BLG-0555,BLG11T0402.000656,17:25:23.43,-30:50:14.86,8367.92392,4.87,0.17,20.61,16.72,16.72,2,2.98,
KMT-2018-BLG-0556,BLG11N0302.022806,17:30:46.89,-30:46:27.95,8369.79009,196.12,0.006,24.94,20.0,21.02,2,3.35,
KMT-2018-BLG-0557,SAO15T0605.071194,17:33:21.00,-27:19:22.19,8368.96595,34.75,0.041,22.44,20.0,21.99,2,2.96,
KMT-2018-BLG-0558,SSO14K0605.116405,17:33:36.94,-28:13:27.12,8321.57789,199.9,0.605,16.28,20.0,25.0,3,2.64,
KMT-2018-BLG-0559,BLG14K0603.071939,17:33:47.26,-28:32:14.28,8371.9442,174.69,0.013,23.99,20.0,21.82,2,3.15,
KMT-2018-BLG-0560,BLG14K0505.022230,17:33:56.12,-28:15:15.80,8379.64761,12.08,1.643,17.95,20.0,20.16,2,2.63,
KMT-2018-BLG-0561,BLG14T0105.020901,17:36:19.77,-29:26:04.99,8372.4952,6.76,0.293,19.77,20.0,20.29,2,3.24,OB181696
KMT-2018-BLG-0562,BLG14N0608.067204,17:38:20.00,-29:03:06.12,8371.83743,22.51,0.111,21.13,20.0,21.97,2,3.75,
KMT-2018-BLG-0563,BLG17T0805.079695,17:39:50.93,-33:47:38.80,8368.19835,60.92,0.042,23.29,20.0,25.0,3,2.88,
KMT-2018-BLG-0564,BLG17K0806.055768,17:40:19.91,-32:31:43.97,8373.46349,20.33,0.269,21.14,20.0,22.73,2,3.98,
KMT-2018-BLG-0565,BLG15N0101.037867,17:41:02.29,-27:43:21.83,8368.73023,11.93,1.268,18.6,20.0,20.81,2,3.24,
KMT-2018-BLG-0566,SSO17T0504.039781,17:41:32.92,-33:55:04.15,8370.28289,18.94,0.117,21.15,20.0,20.57,3,2.55,
KMT-2018-BLG-0567,BLG18T0405.065584,17:43:53.50,-27:14:52.80,8377.18408,10.61,0.918,19.34,20.0,22.07,2,3.9,
KMT-2018-BLG-0568,BLG18T0207.101091,17:45:13.49,-26:59:21.95,8371.44016,11.16,1.01,18.97,20.0,25.0,3,3.65,
KMT-2018-BLG-0569,BLG19T0104.018517,17:45:26.34,-25:15:57.89,8368.25145,171.99,0.014,23.81,20.0,20.08,2,2.74,
KMT-2018-BLG-0570,BLG18K0104.036272,17:45:34.65,-26:14:53.41,8373.947,35.71,0.083,21.72,20.0,20.96,2,3.27,
KMT-2018-BLG-0571,BLG18M0701.074426,17:47:08.60,-26:40:42.67,8364.00168,95.69,0.019,24.08,20.0,22.68,3,4.2,
KMT-2018-BLG-0572,BLG19M0608.012125,17:47:18.77,-23:41:06.61,8372.03462,38.53,0.081,21.41,18.93,18.93,1,2.05,
KMT-2018-BLG-0573,SSO19M0304.089299,17:49:11.96,-24:09:07.78,8372.32643,20.83,0.195,21.1,20.0,22.82,2,2.36,
KMT-2018-BLG-0574,BLG11K0705.048418,17:23:38.27,-29:21:36.68,8384.39608,26.96,0.488,19.5,20.0,20.24,1,1.47,
KMT-2018-BLG-0575,BLG12N0401.006924,17:30:10.26,-28:50:32.57,8276.24009,91.97,1.712,18.07,18.82,18.82,2,2.31,
KMT-2018-BLG-0576,BLG15T0702.053806,17:33:06.01,-27:39:13.28,8378.7965,31.36,0.138,21.62,20.0,21.36,2,2.64,
KMT-2018-BLG-0577,SAO14M0507.016947,17:38:42.85,-27:57:38.02,8373.40525,17.94,0.064,20.73,19.67,19.67,2,2.87,OB181698
KMT-2018-BLG-0578,BLG15N0501.028602,17:38:47.51,-27:50:15.25,8398.37124,15.44,1.491,16.18,20.0,20.2,2,2.51,
KMT-2018-BLG-0579,BLG17T0607.004607,17:41:17.25,-33:29:06.54,8382.72779,7.25,0.364,17.49,18.21,18.21,2,2.88,OB181751
KMT-2018-BLG-0580,SSO19T0607.025132,17:42:32.78,-24:50:56.11,8368.55428,25.92,0.31,20.87,19.89,19.89,1,2.53,
KMT-2018-BLG-0581,SSO18K0402.016572,17:43:38.94,-26:29:51.47,8371.2326,170.32,0.022,25.01,19.92,19.92,2,3.02,
KMT-2018-BLG-0582,BLG11T0307.037822,17:26:09.91,-30:09:33.88,8381.56718,42.55,0.113,21.49,20.0,20.84,2,2.43,
KMT-2018-BLG-0583,SSO16K0307.012825,17:35:39.86,-23:50:14.21,8372.68289,11.16,0.604,19.69,19.34,19.34,1,1.91,
KMT-2018-BLG-0584,BLG15N0403.047215,17:39:38.94,-27:28:43.46,8377.45956,18.39,0.904,19.77,20.0,20.7,2,2.85,
KMT-2018-BLG-0585,SSO20N0701.053252,17:46:53.12,-23:35:30.01,8372.61428,28.74,0.034,22.09,20.0,20.07,1,1.76,
KMT-2018-BLG-0586,BLG19M0404.060495,17:48:28.66,-24:09:57.42,8393.56587,38.98,0.071,19.85,20.0,21.0,2,2.45,OB181746
KMT-2018-BLG-0587,SSO15T0708.032383,17:33:02.02,-26:54:44.10,8374.85263,6.72,0.126,20.39,20.0,21.09,2,2.88,OB181706
KMT-2018-BLG-0588,SSO17K0507.008559,17:41:45.96,-32:19:44.98,8382.54229,4.54,1.746,16.25,20.0,20.06,2,4.33,
KMT-2018-BLG-0589,SAO18K0104.023506,17:45:23.55,-26:11:30.23,8376.09575,10.7,0.105,20.95,20.0,20.47,2,3.08,
KMT-2018-BLG-0590,BLG38T0506.018413,17:52:34.62,-22:56:24.40,8381.9381,32.54,0.073,20.63,19.65,19.65,4,2.53,
KMT-2018-BLG-0591,BLG11K0306.044951,17:25:49.89,-29:08:30.91,8380.82982,148.78,0.039,22.94,20.0,20.15,1,1.98,
KMT-2018-BLG-0592,SAO11M0108.034863,17:31:54.32,-28:57:49.64,8377.07596,15.92,0.173,21.57,20.0,20.93,2,2.91,
KMT-2018-BLG-0593,BLG14T0805.047084,17:32:07.01,-29:22:11.03,8388.98864,34.95,0.641,19.34,20.0,20.96,2,2.53,
KMT-2018-BLG-0594,BLG14T0801.094120,17:32:10.13,-29:55:20.21,8392.65667,42.77,0.007,20.1,20.0,25.0,3,2.91,OB181773
KMT-2018-BLG-0595,SSO15N0501.005015,17:38:46.76,-27:46:54.48,8389.77721,58.72,0.014,18.58,17.76,17.76,2,2.76,OB181605
KMT-2018-BLG-0596,BLG14M0506.066387,17:39:07.68,-28:08:52.19,8396.65327,194.15,0.117,22.23,20.0,21.25,2,2.88,
KMT-2018-BLG-0597,BLG19K0806.023988,17:41:56.35,-23:56:48.55,8380.27425,29.28,0.087,21.96,20.0,20.12,2,2.08,
KMT-2018-BLG-0598,BLG20T0104.049749,17:45:51.17,-23:06:26.71,8337.34177,84.62,0.327,20.59,19.93,19.93,1,1.49,
KMT-2018-BLG-0599,BLG18M0103.004408,17:50:27.78,-26:20:06.47,8391.1606,83.43,0.109,22.93,20.0,21.36,3,8.95,
KMT-2018-BLG-0600,SAO11T0604.004250,17:24:13.78,-30:34:15.96,8408.2566,68.01,0.269,20.22,18.92,18.92,2,3.12,
KMT-2018-BLG-0601,SAO16M0606.029118,17:38:37.95,-23:57:10.30,8388.72691,30.43,0.239,19.6,19.94,19.94,2,1.64,
KMT-2018-BLG-0602,SSO38K0803.000397,17:50:51.88,-22:11:20.26,8367.4871,197.53,0.087,21.12,15.18,15.18,4,2.11,
KMT-2018-BLG-0603,BLG11M0701.015905,17:28:38.44,-29:48:46.98,8394.48659,23.19,0.369,19.35,19.69,19.69,2,2.14,
KMT-2018-BLG-0604,SSO12N0307.004816,17:30:55.01,-28:03:36.25,8380.48899,61.9,0.12,22.27,18.19,18.19,2,2.41,
KMT-2018-BLG-0605,BLG20K0804.018796,17:41:44.77,-22:02:08.12,8406.49339,69.46,0.456,19.94,19.66,19.66,4,1.55,
KMT-2018-BLG-0606,SSO17T0201.064842,17:43:27.80,-34:13:16.28,8379.62865,8.67,0.078,20.64,20.0,20.35,1,1.78,
KMT-2018-BLG-0607,BLG11N0703.082715,17:28:21.74,-30:41:16.12,8385.24075,17.57,0.002,20.9,20.0,25.0,3,3.45,
KMT-2018-BLG-0608,SSO14T0601.006363,17:33:30.26,-29:50:18.10,8417.71715,32.41,0.621,15.29,18.62,18.62,2,2.87,OB181660
KMT-2018-BLG-0609,BLG15T0407.034897,17:34:56.42,-27:00:04.39,8302.81375,192.09,0.091,23.44,19.72,19.72,1,2.11,
KMT-2018-BLG-0610,BLG14T0301.084044,17:35:13.18,-29:51:03.74,8365.27649,13.4,0.441,19.45,20.0,21.93,2,3.1,OB181601
KMT-2018-BLG-0611,BLG14T0308.015831,17:35:13.49,-28:59:41.46,8396.56457,7.51,1.944,17.15,20.0,20.2,2,3.36,
KMT-2018-BLG-0612,BLG14T0203.022785,17:35:35.56,-29:39:58.14,8390.27345,10.37,0.109,19.65,20.0,20.23,2,3.03,
KMT-2018-BLG-0613,BLG14K0105.039230,17:36:24.41,-28:14:40.67,8387.764,106.98,0.046,23.22,20.0,21.7,2,3.76,
KMT-2018-BLG-0614,BLG15T0105.045956,17:36:32.82,-27:14:09.20,8386.81258,12.92,0.037,20.21,19.96,19.96,1,2.25,OB181743
KMT-2018-BLG-0615,BLG14T0104.015202,17:36:38.11,-29:33:37.15,8386.6775,130.59,0.003,23.88,20.0,20.01,2,3.68,
KMT-2018-BLG-0616,BLG14M0802.086261,17:37:20.66,-28:39:30.64,8386.48608,13.6,0.007,21.65,20.0,22.52,2,3.11,
KMT-2018-BLG-0617,BLG14N0708.057844,17:37:40.05,-29:01:32.41,8380.57934,57.41,0.171,22.5,20.0,21.46,2,3.35,
KMT-2018-BLG-0618,BLG15N0405.028464,17:39:25.87,-27:20:22.27,8385.98677,40.71,0.066,22.65,20.0,20.28,2,2.7,
KMT-2018-BLG-0619,BLG16M0307.009404,17:40:09.73,-23:44:29.33,8390.81755,119.99,0.065,22.38,19.08,19.08,2,1.7,
KMT-2018-BLG-0620,SSO14M0305.004810,17:40:21.69,-28:17:29.94,8388.83411,86.65,0.285,21.21,18.29,18.29,2,3.92,
KMT-2018-BLG-0621,BLG14M0208.006882,17:40:28.79,-27:56:27.28,8395.30437,8.56,0.159,17.78,18.53,18.53,2,3.93,OB181803
KMT-2018-BLG-0622,BLG14M0102.036437,17:40:59.06,-28:40:31.08,8385.27576,7.86,0.672,19.48,20.0,22.1,2,4.61,
KMT-2018-BLG-0623,BLG16N0108.023990,17:41:28.22,-24:43:05.59,8381.38179,23.35,0.05,21.27,19.76,19.76,1,2.5,
KMT-2018-BLG-0624,BLG17K0504.008661,17:41:46.15,-32:47:39.66,8404.24482,42.79,0.459,20.03,19.26,19.26,2,3.47,
KMT-2018-BLG-0625,BLG19T0802.004238,17:41:50.34,-25:33:08.03,8381.34655,53.95,0.002,26.2,17.85,17.85,2,2.49,
KMT-2018-BLG-0626,BLG17K0401.007739,17:42:24.00,-33:09:18.18,8396.06866,24.23,1.66,18.25,20.0,20.15,2,4.35,
KMT-2018-BLG-0627,BLG19T0704.067468,17:42:28.31,-25:16:06.35,8403.52031,17.35,1.734,16.8,20.0,22.17,2,2.72,
KMT-2018-BLG-0628,BLG17K0303.007212,17:43:00.99,-32:54:07.24,8425.04113,70.9,0.264,19.53,18.83,18.83,2,3.2,
KMT-2018-BLG-0629,BLG20T0502.058904,17:43:29.53,-23:27:22.00,8388.34585,8.15,0.578,18.6,20.0,20.67,1,1.83,
KMT-2018-BLG-0630,BLG20K0506.006078,17:43:32.34,-21:47:50.60,8385.98487,17.24,0.073,20.27,18.18,18.18,1,1.53,
KMT-2018-BLG-0631,SAO18T0505.068509,17:43:34.26,-27:12:50.22,8381.98758,26.22,0.066,21.95,20.0,21.92,2,3.3,
KMT-2018-BLG-0632,BLG19K0307.039210,17:44:32.58,-23:45:51.70,8394.85966,4.21,1.924,15.13,19.57,19.57,1,1.58,
KMT-2018-BLG-0633,BLG17N0805.032076,17:44:51.38,-33:45:15.98,8382.89718,14.88,0.065,20.16,19.3,19.3,1,1.66,
KMT-2018-BLG-0634,BLG18T0205.050987,17:44:52.36,-27:17:41.96,8389.43029,2.27,0.1,19.17,20.0,22.12,2,4.58,
KMT-2018-BLG-0635,BLG19T0204.014153,17:45:07.99,-25:17:54.13,8360.31397,15.89,1.983,16.77,19.7,19.7,2,2.75,
KMT-2018-BLG-0636,SAO17N0501.047374,17:46:41.70,-34:17:21.91,8336.95433,5.47,0.105,24.04,19.87,19.87,1,1.57,
KMT-2018-BLG-0637,SAO20N0707.027235,17:47:05.38,-22:49:10.31,8389.26291,30.05,0.227,20.39,19.17,19.17,1,1.55,
KMT-2018-BLG-0638,SSO19M0704.074912,17:47:11.51,-24:06:46.80,8379.12555,45.25,0.546,20.16,20.0,21.53,2,2.41,
KMT-2018-BLG-0639,BLG19M0306.023100,17:48:57.41,-23:57:22.39,8387.60036,102.05,0.038,23.05,19.98,19.98,2,2.2,
KMT-2018-BLG-0640,BLG19M0307.069889,17:49:19.24,-23:44:11.11,8388.61716,7.45,0.552,19.29,20.0,21.28,2,2.11,
KMT-2018-BLG-0641,SAO18N0808.012487,17:46:36.66,-26:49:08.76,8391.24182,12.4,0.863,18.69,20.0,20.38,2,4.48,
KMT-2018-BLG-0642,BLG17N0507.059536,17:46:59.15,-33:27:38.59,8398.92208,46.11,0.459,20.34,20.0,20.3,1,1.79,
KMT-2018-BLG-0643,SSO20N0804.005997,17:46:30.57,-23:09:49.21,8401.30681,136.65,0.113,22.09,17.59,17.59,1,1.4,
KMT-2018-BLG-0644,SAO12K0503.009658,17:25:06.55,-27:31:15.49,8351.74702,36.53,0.488,19.61,19.28,19.28,1,1.67,
KMT-2018-BLG-0645,BLG17K0705.003524,17:40:54.56,-32:36:00.29,8389.04122,50.77,0.032,21.28,19.09,19.09,2,4.16,
KMT-2018-BLG-0646,SAO14K0405.039218,17:34:25.89,-28:16:37.56,8399.01172,11.84,0.327,16.86,20.0,20.86,2,2.88,OB181749
KMT-2018-BLG-0647,BLG14K0304.000275,17:35:09.30,-28:27:20.41,8420.15181,48.78,0.032,18.74,15.72,15.72,2,3.12,
KMT-2018-BLG-0648,SAO18N0607.006978,17:47:38.22,-27:01:52.72,8391.52963,193.2,0.022,24.16,20.0,20.37,2,6.58,
KMT-2018-BLG-0649,SAO14K0102.040356,17:36:22.24,-28:38:38.44,8386.24331,7.37,0.023,17.3,20.0,20.89,2,3.18,
KMT-2018-BLG-0650,BLG18T0408.032536,17:43:46.99,-26:53:22.67,8389.12062,78.01,0.033,22.73,20.0,20.62,2,3.04,
KMT-2018-BLG-0651,SAO20M0408.009402,17:48:40.92,-21:33:31.14,8392.94448,45.08,0.055,21.96,18.68,18.68,4,1.96,
KMT-2018-BLG-0652,BLG20N0704.061733,17:47:03.45,-23:09:26.78,8399.98939,28.58,0.078,19.93,20.0,20.04,1,1.41,
KMT-2018-BLG-0653,SAO19T0704.034823,17:42:28.27,-25:16:18.08,8403.20936,15.86,1.903,16.29,20.0,20.45,1,2.73,
KMT-2018-BLG-0654,SSO12M0705.056536,17:28:45.32,-27:15:09.25,8377.64752,20.66,0.356,18.25,20.0,21.89,3,2.83,
KMT-2018-BLG-0655,SAO12K0403.033155,17:25:38.87,-27:27:43.99,8393.40515,13.71,1.421,19.55,20.0,20.14,1,1.56,
KMT-2018-BLG-0656,SAO12K0403.053643,17:25:38.92,-27:26:52.80,8378.81971,147.71,0.095,27.13,20.0,20.96,1,1.63,
KMT-2018-BLG-0657,SAO11K0205.048396,17:26:34.06,-29:18:42.44,8389.17507,37.49,0.126,21.6,20.0,20.45,2,2.0,
KMT-2018-BLG-0658,SAO20N0704.037465,17:47:03.41,-23:09:38.02,8389.93644,29.34,0.073,21.05,19.31,19.31,1,1.41,
KMT-2018-BLG-0659,SAO11K0602.036725,17:24:16.40,-29:43:22.76,8378.61857,199.68,0.009,19.63,20.0,20.48,2,1.96,
KMT-2018-BLG-0660,SAO19M0707.046542,17:46:45.39,-23:44:52.80,8394.26212,15.8,0.048,20.21,20.0,20.26,1,2.17,
KMT-2018-BLG-0661,SAO14M0108.001057,17:41:08.86,-27:52:16.61,8407.70968,13.58,1.23,16.48,16.74,16.74,2,3.27,
KMT-2018-BLG-0662,SAO19K0602.058447,17:42:36.09,-24:27:47.77,8394.26226,3.57,0.096,18.72,20.0,20.38,2,2.04,
KMT-2018-BLG-0663,SAO18K0304.066902,17:44:35.39,-26:18:42.12,8389.79266,50.09,0.056,23.26,20.0,21.36,2,3.13,
KMT-2018-BLG-0664,SAO11K0407.024911,17:25:27.61,-29:03:32.29,8400.90317,27.92,0.133,20.42,19.56,19.56,1,1.81,
KMT-2018-BLG-0665,BLG16M0806.030268,17:37:12.30,-23:55:18.01,8410.35164,175.71,0.109,21.36,20.0,20.36,2,1.93,
KMT-2018-BLG-0666,BLG14K0507.047103,17:34:17.27,-28:04:25.75,8393.33306,11.97,0.694,19.14,20.0,20.81,2,2.64,
KMT-2018-BLG-0667,BLG17T0606.008048,17:41:01.77,-33:38:27.78,8407.461,5.21,1.932,14.97,18.88,18.88,2,2.9,
KMT-2018-BLG-0668,SSO17N0605.011961,17:46:14.53,-33:47:00.38,8350.35816,30.9,0.292,19.59,18.58,18.58,1,1.5,OB181446
KMT-2018-BLG-0669,BLG14K0302.000885,17:35:09.13,-28:41:47.94,8403.02384,175.94,0.164,21.33,16.44,16.44,2,2.98,
KMT-2018-BLG-0670,SSO20K0102.010783,17:45:41.41,-22:19:34.07,8395.78228,29.26,0.006,21.03,18.93,18.93,4,1.88,
KMT-2018-BLG-0671,BLG19N0504.028365,17:47:50.43,-25:14:52.66,8394.648,50.75,0.136,21.59,20.0,21.59,2,3.84,
KMT-2018-BLG-0672,SAO18K0203.086274,17:44:56.91,-26:20:02.65,8400.72931,4.55,1.704,16.45,20.0,22.44,2,3.29,
KMT-2018-BLG-0673,SAO15M0507.011718,17:39:01.06,-25:52:01.45,8403.20802,72.06,0.186,20.81,20.0,20.62,3,3.52,
KMT-2018-BLG-0674,BLG15T0804.011745,17:32:19.51,-27:24:17.42,8374.83356,43.59,0.477,19.12,20.0,20.14,2,2.8,
KMT-2018-BLG-0675,BLG17N0606.053623,17:46:06.06,-33:35:08.41,8393.5757,7.47,0.093,20.15,20.0,20.52,1,1.76,
KMT-2018-BLG-0676,SAO18N0706.059408,17:47:10.51,-27:05:42.47,8397.37131,171.27,0.07,23.26,20.0,25.0,3,5.97,
KMT-2018-BLG-0677,BLG18T0507.061195,17:43:12.41,-26:57:25.52,8399.86995,24.6,0.147,21.0,20.0,21.76,2,3.33,
KMT-2018-BLG-0678,BLG19N0708.046200,17:46:59.98,-24:43:41.95,8395.40124,199.51,0.006,24.55,20.0,21.53,2,3.17,
KMT-2018-BLG-0679,SSO20T0808.001065,17:41:42.92,-22:36:25.60,8412.49605,194.42,0.077,21.24,15.7,15.7,1,1.37,
KMT-2018-BLG-0680,BLG20M0504.013437,17:48:05.29,-22:01:07.82,8391.30508,27.61,0.254,20.92,18.98,18.98,4,1.72,
KMT-2018-BLG-0681,BLG19T0501.052059,17:43:28.91,-25:39:23.83,8337.51206,73.51,0.862,18.44,20.0,21.05,2,2.88,OB181139
KMT-2018-BLG-0682,BLG15M0703.029093,17:37:36.22,-26:26:37.82,8396.04416,64.3,0.039,22.57,20.0,20.75,2,2.76,
KMT-2018-BLG-0683,SAO14M0706.014962,17:37:59.79,-28:08:40.06,8399.63301,198.89,0.033,23.37,20.0,20.22,2,3.44,
KMT-2018-BLG-0684,SAO16T0508.006099,17:34:38.03,-24:45:18.40,8400.80965,27.11,0.426,19.05,19.94,19.94,2,3.27,
KMT-2018-BLG-0685,BLG17T0706.006626,17:40:17.94,-33:39:43.60,8422.98296,195.12,0.104,21.54,18.89,18.89,2,3.72,
KMT-2018-BLG-0686,SAO14K0404.016233,17:34:29.57,-28:22:58.62,8396.99669,11.77,0.022,20.87,20.0,20.03,2,2.95,
KMT-2018-BLG-0687,BLG14M0803.008463,17:37:28.86,-28:31:59.30,8407.07927,14.22,0.609,18.08,18.97,18.97,2,3.27,
KMT-2018-BLG-0688,BLG14M0601.001030,17:38:17.91,-28:48:56.92,8413.37137,191.37,0.032,21.83,17.0,17.0,2,3.79,
KMT-2018-BLG-0689,SAO14M0506.053906,17:39:00.98,-28:08:46.64,8446.84561,199.07,0.123,20.29,20.0,20.96,2,2.89,
KMT-2018-BLG-0690,BLG14M0403.002380,17:39:46.57,-28:28:53.62,8363.04463,37.63,1.64,16.79,18.3,18.3,2,4.58,
KMT-2018-BLG-0691,BLG18T0202.024022,17:44:51.40,-27:39:31.21,8397.10298,41.38,0.296,23.46,20.0,22.63,2,6.88,
KMT-2018-BLG-0692,SAO20N0603.059852,17:47:39.34,-23:19:41.20,8396.71609,33.41,0.075,22.1,20.0,20.32,1,1.64,
KMT-2018-BLG-0693,BLG15T0704.037386,17:33:10.09,-27:24:45.58,8396.78514,11.36,0.003,20.83,20.0,21.3,2,3.19,
KMT-2018-BLG-0694,SAO14M0506.003490,17:39:00.98,-28:09:07.56,8394.74186,38.21,1.99,19.19,17.57,17.57,2,2.89,
KMT-2018-BLG-0695,SSO14M0506.072921,17:39:01.05,-28:09:35.86,8453.87414,180.84,0.118,19.68,20.0,21.42,2,2.91,
KMT-2018-BLG-0696,SAO14M0306.048882,17:39:58.18,-28:07:40.66,8398.97163,36.74,0.083,22.49,20.0,21.27,2,3.12,
KMT-2018-BLG-0697,SAO17N0402.007097,17:47:19.45,-34:05:19.61,8346.20054,69.68,1.995,20.43,17.91,17.91,1,1.66,
KMT-2018-BLG-0698,BLG17T0302.030104,17:42:48.82,-34:11:04.49,8347.74064,62.38,0.191,21.12,19.73,19.73,1,2.11,OB181521
KMT-2018-BLG-0699,SAO20N0704.029905,17:47:03.44,-23:09:47.20,8401.20236,56.55,0.142,21.07,19.09,19.09,1,1.41,
KMT-2018-BLG-0700,SAO20N0704.065267,17:47:03.45,-23:09:34.31,8391.03358,37.98,0.125,20.77,20.0,20.17,1,1.41,
KMT-2018-BLG-0701,BLG14M0506.049655,17:39:00.98,-28:07:25.79,8499.93964,199.01,0.149,19.52,20.0,20.86,2,2.89,
KMT-2018-BLG-0702,SAO17N0402.059632,17:47:19.45,-34:08:50.32,8266.21718,199.94,1.93,16.26,20.0,20.27,1,1.54,
KMT-2018-BLG-0703,SAO19T0102.062538,17:45:34.84,-25:29:15.47,8397.87427,5.22,0.493,20.01,20.0,21.33,2,3.04,
KMT-2018-BLG-0704,SAO16M0304.062067,17:40:20.96,-24:07:17.98,8404.22945,47.68,0.099,21.14,20.0,21.27,2,1.96,
KMT-2018-BLG-0705,SSO17N0402.026174,17:47:19.43,-34:08:30.52,8268.58115,199.84,1.99,15.74,19.3,19.3,1,1.54,
KMT-2018-BLG-0706,SAO17N0401.062109,17:47:19.43,-34:11:41.32,8257.45826,199.38,1.953,16.65,20.0,20.28,1,1.6,
KMT-2018-BLG-0707,SSO20N0503.025755,17:47:49.31,-23:21:18.68,8398.45842,14.54,0.32,19.92,19.09,19.09,1,1.5,
KMT-2018-BLG-0708,SAO02K0707.001154,17:50:32.78,-28:12:17.06,8388.9198,14.71,1.999,15.28,17.73,17.73,2,6.87,
KMT-2018-BLG-0709,BLG02K0504.088645,17:51:46.07,-28:28:50.38,8358.04892,14.5,0.142,21.93,20.0,25.0,3,3.48,
KMT-2018-BLG-0710,SSO02K0302.003916,17:52:36.55,-28:49:07.75,8357.80624,35.8,0.649,21.97,17.27,17.27,2,2.88,
KMT-2018-BLG-0711,BLG02K0301.054098,17:52:42.07,-28:55:36.19,8346.88303,9.13,0.029,20.8,20.0,20.7,2,2.91,
KMT-2018-BLG-0712,BLG02K0305.049341,17:52:58.30,-28:21:28.48,8360.59706,2.94,0.043,21.45,20.0,20.64,2,2.71,
KMT-2018-BLG-0713,SAO02K0202.052120,17:53:26.32,-28:44:54.10,8363.14392,4.42,0.149,20.66,20.0,20.37,2,2.27,
KMT-2018-BLG-0714,SAO02K0208.011768,17:53:30.15,-28:02:21.48,8372.09127,24.77,0.049,21.57,19.97,19.97,2,4.32,OB181665
KMT-2018-BLG-0715,BLG02K0203.051161,17:53:32.83,-28:42:57.78,8347.01239,13.76,0.025,21.12,20.0,20.65,2,2.29,OB181549
KMT-2018-BLG-0716,SSO14M0506.011510,17:39:00.86,-28:05:52.73,8456.22911,130.04,0.719,19.25,18.97,18.97,4,2.93,
KMT-2018-BLG-0717,SAO18K0803.024885,17:41:40.28,-26:26:39.52,8398.75107,84.25,0.083,26.38,20.0,20.84,2,3.49,
KMT-2018-BLG-0718,SAO18K0802.064628,17:41:40.56,-26:26:39.91,8405.22835,43.97,0.103,22.13,20.0,21.84,2,3.49,
KMT-2018-BLG-0719,BLG17T0504.026454,17:41:37.58,-33:53:59.24,8402.68241,72.25,0.413,19.41,20.0,20.17,2,2.54,OB181750
KMT-2018-BLG-0720,SAO17N0402.058456,17:47:19.42,-34:07:14.41,8390.78217,47.03,0.004,34.59,20.0,20.23,1,1.61,
KMT-2018-BLG-0721,SAO19K0705.045376,17:42:04.14,-24:01:38.89,8400.63663,18.99,0.09,21.17,20.0,20.01,1,1.91,
KMT-2018-BLG-0722,BLG17T0101.002932,17:44:10.75,-34:11:57.98,8414.22973,35.01,0.278,19.41,16.38,16.38,1,1.62,OB181800
KMT-2018-BLG-0723,SSO19M0704.046354,17:47:11.48,-24:06:53.82,8358.87326,23.66,0.082,32.46,20.0,20.7,2,2.38,
KMT-2018-BLG-0724,SAO19T0704.049719,17:42:28.25,-25:15:50.18,8395.2084,25.22,0.632,21.79,20.0,21.01,1,2.62,
KMT-2018-BLG-0725,BLG15T0108.003030,17:36:27.73,-26:55:16.61,8405.93999,42.93,0.061,21.24,17.14,17.14,1,2.6,
KMT-2018-BLG-0726,SAO19T0704.070024,17:42:28.30,-25:16:01.85,8402.48638,16.31,1.71,16.64,20.0,22.52,2,2.62,
KMT-2018-BLG-0727,SSO20N0704.002623,17:47:03.42,-23:09:22.21,8411.38719,106.3,0.225,25.79,16.18,16.18,1,1.41,
KMT-2018-BLG-0728,SAO01K0104.012975,17:54:01.52,-30:36:16.42,8276.56031,21.07,0.144,20.09,18.31,18.31,1,1.54,OB180977
KMT-2018-BLG-0729,BLG01K0105.015523,17:54:07.33,-30:27:10.51,8263.14875,85.86,0.03,22.83,18.19,18.19,1,1.48,OB180866 OB180888
KMT-2018-BLG-0730,SAO01K0106.061030,17:53:49.05,-30:26:35.09,8373.83211,19.85,0.041,21.27,19.62,19.62,1,1.45,OB181666
KMT-2018-BLG-0731,SAO01K0206.062326,17:53:23.35,-30:22:54.30,8270.82214,66.1,0.054,20.02,19.79,19.79,1,1.74,
KMT-2018-BLG-0732,BLG01K0301.027953,17:52:35.29,-31:02:43.19,8179.30601,115.68,0.022,23.51,19.13,19.13,1,2.13,OB180280
KMT-2018-BLG-0733,SAO01K0301.072374,17:53:02.70,-30:58:43.72,8304.19082,17.22,0.22,21.35,20.0,20.22,1,1.77,
KMT-2018-BLG-0734,SAO01K0302.026978,17:52:53.33,-30:56:56.40,8257.99965,23.2,0.144,19.9,18.84,18.84,1,1.74,
KMT-2018-BLG-0735,BLG01K0304.060960,17:52:34.79,-30:38:14.32,8370.1676,26.15,0.094,21.47,20.0,20.13,1,2.11,OB181656
KMT-2018-BLG-0736,SSO01K0305.007889,17:52:39.61,-30:28:47.21,8330.21784,16.02,0.228,17.11,17.54,17.54,1,2.51,OB181216 MB18266
KMT-2018-BLG-0737,BLG01K0305.028305,17:52:58.30,-30:31:47.50,8250.84331,15.98,0.992,17.88,19.37,19.37,1,2.32,OB180712
KMT-2018-BLG-0738,BLG01K0307.051550,17:52:43.58,-30:16:46.31,8285.1902,38.9,0.167,19.09,19.89,19.89,2,1.78,OB180912 OB180969
KMT-2018-BLG-0739,BLG01K0308.004450,17:52:46.28,-30:06:43.31,8313.49073,25.54,0.28,18.69,16.28,16.28,1,1.62,OB181173
KMT-2018-BLG-0740,BLG01K0401.015795,17:52:17.19,-31:03:04.79,8316.6464,6.2,0.075,20.17,18.68,18.68,1,2.08,OB181296 MB18262
KMT-2018-BLG-0741,BLG01K0402.008962,17:52:18.46,-30:50:47.51,8334.49633,7.87,0.054,21.32,17.75,17.75,1,2.0,OB181405
KMT-2018-BLG-0742,SSO01K0402.017575,17:52:06.69,-30:53:22.31,8214.00832,199.28,0.014,23.61,18.78,18.78,1,2.43,OB180505
KMT-2018-BLG-0743,SSO01K0402.066935,17:52:21.82,-30:54:39.38,8379.28,9.8,0.1,20.03,20.0,20.27,1,2.1,OB181713
KMT-2018-BLG-0744,BLG01K0406.036292,17:52:15.19,-30:22:04.19,8291.76609,35.38,0.187,20.76,19.54,19.54,1,2.25,OB181033
KMT-2018-BLG-0745,BLG01K0407.060465,17:52:19.10,-30:19:02.28,8372.31415,4.37,0.218,20.53,19.98,19.98,2,2.0,
KMT-2018-BLG-0746,BLG01K0408.082480,17:52:27.09,-30:11:27.28,8330.24776,7.2,0.25,20.07,20.0,20.42,2,1.77,
KMT-2018-BLG-0747,BLG01K0504.012821,17:51:43.18,-30:41:56.11,8327.02458,16.93,0.025,20.25,18.48,18.48,1,2.27,OB181407
KMT-2018-BLG-0748,SSO01K0504.035967,17:51:29.88,-30:38:47.00,8372.00262,2.92,0.066,19.27,19.74,19.74,1,2.71,
KMT-2018-BLG-0749,BLG01K0504.045755,17:51:48.26,-30:37:28.20,8362.23723,23.73,0.18,20.54,20.0,20.03,1,2.31,
KMT-2018-BLG-0750,BLG01K0505.050169,17:51:22.14,-30:28:48.50,8345.62586,4.06,0.707,18.23,20.0,20.53,1,3.01,OB181504
KMT-2018-BLG-0751,BLG01K0507.029143,17:51:31.21,-30:15:19.58,8361.82924,2.55,0.109,19.39,19.19,19.19,1,2.3,
KMT-2018-BLG-0752,SAO01K0508.012817,17:51:53.60,-30:10:27.41,8302.83606,9.1,0.338,18.97,17.99,17.99,1,2.04,OB181165
KMT-2018-BLG-0753,BLG01K0508.019339,17:51:28.17,-30:09:32.18,8227.05845,18.89,0.396,18.9,18.63,18.63,1,2.29,
KMT-2018-BLG-0754,BLG01K0508.072365,17:51:48.60,-30:11:19.21,8290.89069,48.07,0.002,22.75,20.0,20.26,1,2.02,OB181095 MB18193
KMT-2018-BLG-0755,SAO01K0601.057894,17:51:05.73,-30:58:55.52,8277.7118,19.0,0.415,20.95,20.0,21.21,2,2.7,
KMT-2018-BLG-0756,BLG01K0603.040431,17:50:51.57,-30:47:59.32,8260.11476,20.7,0.079,22.36,19.76,19.76,1,2.65,
KMT-2018-BLG-0757,SAO01K0604.014040,17:51:00.40,-30:34:47.50,8303.89335,5.36,0.472,18.46,18.49,18.49,1,2.68,OB181179
KMT-2018-BLG-0758,SSO01K0605.002727,17:51:06.58,-30:30:37.40,8375.04867,151.46,0.002,22.83,16.7,16.7,1,2.81,OB181681 MB18375
KMT-2018-BLG-0759,BLG01K0605.035826,17:51:04.80,-30:27:36.50,8239.65865,32.08,0.166,20.27,19.94,19.94,1,2.59,OB180586
KMT-2018-BLG-0760,BLG01K0606.038476,17:50:50.68,-30:21:38.48,8287.81348,11.33,0.052,20.84,19.87,19.87,1,2.56,
KMT-2018-BLG-0761,SSO01K0608.036389,17:51:11.25,-30:04:49.40,8302.44813,4.62,0.439,19.56,19.49,19.49,1,2.47,OB181170
KMT-2018-BLG-0762,SAO01K0608.051152,17:51:17.27,-30:07:49.40,8373.15025,7.39,0.109,19.8,19.9,19.9,1,2.34,
KMT-2018-BLG-0763,BLG01K0608.052003,17:51:04.15,-30:09:46.01,8222.23948,6.18,0.055,21.39,19.92,19.92,1,2.44,
KMT-2018-BLG-0764,BLG01K0702.041435,17:50:21.15,-30:56:45.49,8265.9436,9.46,0.103,22.12,20.0,20.3,1,2.89,
KMT-2018-BLG-0765,BLG01K0703.020369,17:50:13.45,-30:45:18.40,8374.17856,9.97,0.134,18.99,19.01,19.01,1,2.53,
KMT-2018-BLG-0766,BLG01K0703.022165,17:50:35.15,-30:44:43.12,8266.21465,50.11,0.255,18.97,19.11,19.11,1,2.55,OB180627
KMT-2018-BLG-0767,BLG01K0703.060462,17:50:37.73,-30:47:01.90,8178.75078,23.73,0.154,20.31,20.0,20.32,1,2.65,OB180258
KMT-2018-BLG-0768,BLG01K0703.075366,17:50:18.21,-30:42:06.23,8289.43672,10.1,0.36,20.7,20.0,25.0,3,2.62,OB181123
KMT-2018-BLG-0769,BLG01K0803.007594,17:49:40.03,-30:45:46.58,8208.20442,13.02,0.236,20.23,17.88,17.88,1,3.22,
KMT-2018-BLG-0770,BLG01K0804.008071,17:49:38.12,-30:34:28.20,8217.03928,65.43,0.159,21.36,17.71,17.71,1,3.07,OB180510
KMT-2018-BLG-0771,BLG01K0804.024636,17:49:38.87,-30:36:40.00,8366.68052,39.91,0.196,19.72,19.45,19.45,1,2.89,OB181591 OB181705
KMT-2018-BLG-0772,SAO01K0806.026282,17:49:52.46,-30:25:06.71,8307.13311,3.01,0.103,21.51,20.0,20.11,1,3.41,
KMT-2018-BLG-0773,SSO01M0103.016189,17:58:51.53,-30:44:11.51,8207.57809,36.4,0.058,21.08,18.8,18.8,1,1.53,OB180395
KMT-2018-BLG-0774,SSO01M0108.000771,17:58:58.42,-30:09:36.40,8354.27275,65.59,0.302,17.82,14.88,14.88,1,1.4,OB181442 MB18339
KMT-2018-BLG-0775,SSO01M0108.035327,17:58:40.53,-30:08:10.90,8284.3308,5.83,0.093,19.75,19.21,19.21,1,1.62,
KMT-2018-BLG-0776,BLG01M0204.021303,17:58:13.61,-30:37:07.39,8246.90518,30.5,0.166,19.5,19.17,19.17,1,1.87,OB180573
KMT-2018-BLG-0777,SSO01M0204.039626,17:58:24.05,-30:41:16.80,8230.53322,26.09,0.038,20.43,19.75,19.75,1,1.51,OB180555 MB18113
KMT-2018-BLG-0778,SAO01M0208.022050,17:58:05.26,-30:06:26.71,8298.2786,22.74,0.029,21.26,18.91,18.91,1,1.63,
KMT-2018-BLG-0779,SAO01M0208.062977,17:58:12.45,-30:04:46.16,8283.23306,8.1,0.092,21.45,20.0,20.05,2,1.57,
KMT-2018-BLG-0780,SAO01M0303.044205,17:57:58.94,-30:41:51.22,8370.89387,38.8,0.08,20.71,19.57,19.57,1,1.73,OB181645
KMT-2018-BLG-0781,SSO01M0304.001949,17:57:50.06,-30:35:05.78,8379.53118,12.85,0.628,16.3,16.21,16.21,1,2.27,OB181579 MB18364
KMT-2018-BLG-0782,SSO01M0304.062224,17:57:46.33,-30:35:45.31,8268.16676,47.75,0.116,21.28,20.0,21.33,2,2.26,
KMT-2018-BLG-0783,SSO01M0408.003448,17:56:57.11,-30:07:10.09,8262.52886,7.4,0.684,16.08,16.06,16.06,1,1.47,OB180798
KMT-2018-BLG-0784,SSO01M0408.007316,17:57:02.17,-30:10:35.51,8378.67979,58.5,0.03,21.83,17.2,17.2,1,1.48,OB181704
KMT-2018-BLG-0785,SSO01M0408.022870,17:57:22.21,-30:04:36.91,8233.73023,10.51,0.15,19.94,18.62,18.62,1,1.4,OB180686
KMT-2018-BLG-0786,SSO01M0505.010709,17:56:24.82,-30:28:25.61,8377.45701,31.99,0.129,21.22,18.51,18.51,1,2.24,OB181703
KMT-2018-BLG-0787,SSO01M0506.003454,17:56:30.92,-30:24:10.30,8350.78022,21.89,0.055,20.4,16.72,16.72,1,2.3,OB181544
KMT-2018-BLG-0788,SSO01M0508.046094,17:56:38.02,-30:06:02.41,8353.3531,12.91,0.027,20.13,19.21,19.21,1,1.4,
KMT-2018-BLG-0789,SSO01M0603.004747,17:55:46.81,-30:46:44.29,8207.99433,43.89,0.681,16.94,16.48,16.48,1,1.36,MB18030
KMT-2018-BLG-0790,SSO01M0603.072553,17:56:17.95,-30:43:20.39,8231.93383,14.56,0.053,21.13,19.87,19.87,1,1.52,OB180640
KMT-2018-BLG-0791,SSO01M0604.060042,17:55:43.86,-30:35:02.62,8311.31683,23.18,0.051,21.09,19.84,19.84,1,1.95,
KMT-2018-BLG-0792,SSO01M0605.030376,17:55:57.67,-30:31:44.90,8322.05499,27.4,0.037,19.29,19.61,19.61,1,1.99,OB181207 MB18257
KMT-2018-BLG-0793,SAO01M0606.008512,17:56:12.40,-30:21:20.48,8367.04817,38.19,0.054,19.58,17.96,17.96,1,2.09,OB181480
KMT-2018-BLG-0794,SSO01M0607.033355,17:55:50.58,-30:14:23.78,8271.64463,30.67,0.31,21.43,19.09,19.09,1,1.66,OB180987
KMT-2018-BLG-0795,SAO01M0703.079959,17:55:19.08,-30:48:57.82,8310.16666,101.88,0.002,24.19,20.0,20.23,1,1.49,OB181244
KMT-2018-BLG-0796,SSO01M0705.042073,17:55:25.03,-30:27:09.68,8256.65663,125.68,0.002,23.88,20.0,20.17,1,2.54,OB180784
KMT-2018-BLG-0797,SAO01M0706.076266,17:55:24.61,-30:20:00.13,8328.86287,20.91,0.043,21.49,20.0,21.13,2,1.81,
KMT-2018-BLG-0798,SSO01M0708.008983,17:55:20.59,-30:07:15.71,8173.96073,31.11,0.486,17.65,17.34,17.34,1,1.46,OB180028
KMT-2018-BLG-0799,SAO01M0708.013721,17:55:17.48,-30:04:12.90,8320.80586,8.34,0.605,17.76,17.98,17.98,1,1.49,
KMT-2018-BLG-0800,SAO01M0708.014470,17:55:29.67,-30:08:30.41,8281.00418,6.29,1.996,15.25,18.05,18.05,1,1.52,
KMT-2018-BLG-0801,SAO01M0802.008424,17:54:53.26,-30:51:46.80,8305.03524,36.5,0.015,21.85,17.53,17.53,1,1.67,OB181190
KMT-2018-BLG-0802,SAO01M0803.017095,17:54:47.57,-30:45:36.90,8265.10964,182.4,0.125,22.53,18.81,18.81,1,2.03,
KMT-2018-BLG-0803,SSO01M0808.043553,17:54:49.10,-30:06:30.20,8158.39635,41.96,0.393,18.61,19.16,19.16,1,1.37,
KMT-2018-BLG-0804,SAO01N0101.044934,17:58:53.38,-32:04:30.40,8255.67877,43.49,0.035,24.05,20.0,20.11,1,1.63,
KMT-2018-BLG-0805,SSO01N0103.001642,17:59:02.68,-31:49:44.62,8278.48958,24.89,0.773,16.2,16.11,16.11,1,1.61,OB180738 MB18159
KMT-2018-BLG-0806,SSO01N0201.008412,17:58:18.14,-32:05:37.90,8209.73487,18.32,0.169,20.9,18.32,18.32,1,1.48,OB180501
KMT-2018-BLG-0807,BLG01N0208.017331,17:58:15.72,-31:16:16.79,8175.51429,85.34,0.015,23.35,19.12,19.12,1,1.71,
KMT-2018-BLG-0808,SSO01N0208.029449,17:58:33.63,-31:15:44.60,8227.64842,23.93,0.11,19.34,19.58,19.58,1,1.81,OB180516 MB18107
KMT-2018-BLG-0809,SSO01N0307.014916,17:57:59.28,-31:26:05.89,8354.81839,10.99,0.083,18.68,18.99,18.99,1,1.57,OB181554 MB18329
KMT-2018-BLG-0810,BLG01N0308.051254,17:57:58.69,-31:11:52.40,8247.83795,24.08,0.242,20.07,19.92,19.92,1,1.63,
KMT-2018-BLG-0811,SSO01N0401.007331,17:57:10.63,-32:10:05.81,8244.53004,16.37,0.292,20.35,17.89,17.89,1,1.37,OB180743
KMT-2018-BLG-0812,SSO01N0406.002153,17:57:15.42,-31:27:29.02,8279.67458,9.32,0.321,15.81,16.04,16.04,1,1.4,OB180901 MB18160
KMT-2018-BLG-0813,SSO01N0406.051855,17:57:29.77,-31:30:35.71,8392.35116,6.36,0.163,19.24,19.86,19.86,1,1.6,OB181761
KMT-2018-BLG-0814,SAO01N0601.059335,17:56:05.50,-32:08:33.79,8291.2166,21.65,1.381,18.09,20.0,20.04,1,1.38,
KMT-2018-BLG-0815,BLG01N0608.059561,17:56:11.74,-31:18:10.58,8332.93793,35.51,0.146,20.49,19.88,19.88,1,1.57,OB181375
KMT-2018-BLG-0816,SSO01N0802.036400,17:55:00.27,-32:00:59.51,8229.53831,5.64,0.089,19.29,19.48,19.48,1,1.53,OB180677 OB180680
KMT-2018-BLG-0817,BLG01T0101.022225,17:54:10.66,-32:11:02.11,8248.97866,11.54,0.28,20.28,19.23,19.23,1,1.8,
KMT-2018-BLG-0818,SAO01T0101.031350,17:54:15.32,-32:04:56.50,8415.26922,66.76,0.167,20.96,19.54,19.54,1,1.74,
KMT-2018-BLG-0819,BLG01T0101.045582,17:54:11.43,-32:08:24.40,8227.95108,23.85,0.652,17.53,19.93,19.93,1,1.7,OB180419
KMT-2018-BLG-0820,BLG01T0104.028861,17:54:06.62,-31:48:06.52,8295.27288,33.38,0.144,20.72,19.32,19.32,1,1.85,
KMT-2018-BLG-0821,BLG01T0107.006052,17:53:51.36,-31:24:30.20,8210.72285,45.07,0.201,20.51,17.27,17.27,1,1.87,OB180416
KMT-2018-BLG-0822,BLG01T0108.011463,17:54:15.41,-31:16:09.52,8207.46331,30.73,0.325,18.16,18.42,18.42,1,1.92,OB180198 MB18063
KMT-2018-BLG-0823,SSO01T0203.003093,17:53:12.40,-31:55:29.32,8354.44002,22.72,0.276,18.65,16.38,16.38,1,1.94,OB181485 MB18323
KMT-2018-BLG-0824,SAO01T0208.080063,17:53:14.57,-31:12:19.01,8387.73581,184.61,0.042,23.08,20.0,20.65,1,2.08,
KMT-2018-BLG-0825,SSO01T0303.034837,17:53:04.90,-31:55:31.91,8212.31369,138.22,0.002,22.36,19.63,19.63,1,1.99,OB180520
KMT-2018-BLG-0826,SAO01T0303.068904,17:52:36.25,-31:52:47.21,8281.23968,71.62,0.016,23.94,20.0,20.54,1,2.04,
KMT-2018-BLG-0827,SSO01T0308.053919,17:52:48.29,-31:15:33.59,8314.41022,7.02,0.51,20.13,20.0,20.01,1,2.19,OB181286
KMT-2018-BLG-0828,SSO01T0308.059465,17:52:48.43,-31:16:15.49,8225.42752,22.97,0.045,22.01,20.0,20.14,1,2.08,OB180585
KMT-2018-BLG-0829,SAO01T0308.080822,17:52:54.41,-31:12:50.29,8190.66294,9.03,0.101,21.44,20.0,20.88,1,2.18,OB180350
KMT-2018-BLG-0830,BLG01T0401.044034,17:52:22.09,-32:06:29.70,8282.42579,27.14,0.203,21.14,19.84,19.84,1,2.03,OB181001
KMT-2018-BLG-0831,SSO01T0403.001143,17:51:58.73,-31:51:58.10,8223.88089,15.62,0.089,15.68,15.84,15.84,1,2.46,OB180421
KMT-2018-BLG-0832,BLG01T0504.010327,17:51:39.01,-31:43:19.99,8228.58266,39.75,0.111,21.88,19.3,19.3,1,3.03,
KMT-2018-BLG-0833,SAO01T0603.022807,17:51:16.32,-31:54:13.86,8305.33424,101.93,0.037,20.92,20.0,20.69,2,2.66,OB181127 OB181128
KMT-2018-BLG-0834,BLG01T0608.097643,17:50:59.33,-31:12:03.06,8227.02617,5.56,0.099,21.21,20.0,25.0,3,3.02,
KMT-2018-BLG-0835,SAO01T0703.004585,17:50:31.16,-31:55:26.72,8224.15666,22.78,0.093,18.9,19.68,19.68,2,4.09,OB180506
KMT-2018-BLG-0836,BLG01T0703.004992,17:50:30.63,-31:55:35.98,8346.27475,0.91,0.075,20.9,19.78,19.78,2,4.03,
KMT-2018-BLG-0837,SAO01T0703.014570,17:50:30.42,-31:55:44.22,8346.8164,0.58,0.016,23.53,20.0,21.25,3,4.03,
KMT-2018-BLG-0838,SSO02K0102.000859,17:53:49.08,-28:47:13.92,8298.12993,10.54,0.312,16.53,15.17,15.17,2,1.91,OB181091 MB18200
KMT-2018-BLG-0839,SAO02K0102.006876,17:54:14.45,-28:43:33.24,8299.45824,17.57,0.871,16.63,17.04,17.04,2,2.09,OB180967
KMT-2018-BLG-0840,SSO02K0102.009463,17:54:04.80,-28:44:29.98,8226.54679,4.16,0.231,16.36,17.43,17.43,2,2.1,OB180562 MB18104
KMT-2018-BLG-0841,SSO02K0103.000913,17:54:01.44,-28:37:46.85,8317.93809,5.69,0.096,19.28,15.48,15.48,4,2.55,OB181316
KMT-2018-BLG-0842,SAO02K0103.011273,17:53:51.31,-28:39:14.15,8292.25763,6.53,0.964,17.11,18.09,18.09,2,2.5,OB181054
KMT-2018-BLG-0843,SSO02K0103.022715,17:54:09.48,-28:37:25.18,8188.7074,4.15,0.086,18.12,19.25,19.25,2,2.38,OB180318 MB18047
KMT-2018-BLG-0844,SSO02K0103.044620,17:54:01.85,-28:40:36.88,8237.81567,23.04,0.118,21.92,20.0,20.14,3,2.36,
KMT-2018-BLG-0845,SSO02K0105.008196,17:54:16.58,-28:22:47.53,8299.89582,15.04,0.285,17.19,17.86,17.86,2,2.8,OB180983
KMT-2018-BLG-0846,SSO02K0201.003724,17:53:26.55,-28:56:12.70,8213.1966,7.5,0.386,15.57,16.67,16.67,1,2.49,OB180380 MB18085
KMT-2018-BLG-0847,SAO02K0202.049332,17:53:14.60,-28:44:47.15,8391.23818,9.26,0.082,21.12,20.0,20.29,2,2.59,OB181752
KMT-2018-BLG-0848,SSO02K0203.038602,17:53:22.15,-28:39:38.70,8192.88117,21.19,0.086,20.13,20.0,20.27,2,2.72,OB180319
KMT-2018-BLG-0849,SSO02K0204.004545,17:53:11.44,-28:29:52.44,8232.62866,17.56,0.031,22.02,17.17,17.17,2,2.6,
KMT-2018-BLG-0850,BLG02K0204.020726,17:53:18.64,-28:28:32.84,8390.62617,11.37,0.02,20.78,19.23,19.23,2,2.38,
KMT-2018-BLG-0851,SAO02K0205.021029,17:53:25.63,-28:22:38.68,8392.79994,49.36,0.278,19.84,19.39,19.39,2,2.71,OB181717
KMT-2018-BLG-0852,SAO02K0302.023737,17:52:57.92,-28:50:19.03,8276.2273,8.52,0.092,22.03,19.76,19.76,2,2.76,OB181009
KMT-2018-BLG-0853,SSO02K0304.047587,17:52:45.54,-28:30:21.89,8222.36789,23.28,0.095,20.94,20.0,20.97,2,3.0,OB180546
KMT-2018-BLG-0854,SSO02K0307.012198,17:53:01.96,-28:05:17.09,8181.8462,16.18,0.453,18.36,19.54,19.54,2,4.06,OB180035
KMT-2018-BLG-0855,BLG02K0308.023114,17:52:43.37,-28:04:15.24,8231.25738,6.9,0.117,21.66,20.0,21.13,2,4.18,OB180676
KMT-2018-BLG-0856,SSO02K0401.015423,17:52:08.52,-28:57:11.45,8219.5613,81.01,0.026,20.09,18.83,18.83,3,3.08,OB180337 MB18092
KMT-2018-BLG-0857,SSO02K0403.018030,17:52:06.75,-28:43:08.08,8277.03218,69.97,0.234,18.92,19.69,19.69,2,3.32,OB180545
KMT-2018-BLG-0858,BLG02K0406.019107,17:52:09.83,-28:18:29.38,8175.98047,34.64,0.099,21.77,19.94,19.94,3,3.92,
KMT-2018-BLG-0859,SSO02K0501.000604,17:51:45.97,-28:53:22.81,8159.02504,23.36,0.056,17.16,15.74,15.74,2,3.31,OB180005 MB18013
KMT-2018-BLG-0860,SAO02K0501.025454,17:51:38.23,-28:55:48.22,8267.07052,16.86,0.345,19.66,20.0,20.15,2,3.6,
KMT-2018-BLG-0861,SSO02K0501.043057,17:51:55.62,-28:53:45.89,8401.29786,57.28,0.014,22.84,20.0,20.96,2,2.99,
KMT-2018-BLG-0862,BLG02K0501.077478,17:51:47.00,-28:56:53.70,8329.11216,96.2,0.059,22.36,20.0,25.0,3,3.52,OB181342
KMT-2018-BLG-0863,SAO02K0505.019276,17:51:58.00,-28:22:14.63,8395.98273,17.54,0.26,19.29,19.5,19.5,2,3.44,OB181718
KMT-2018-BLG-0864,SSO02K0505.043746,17:51:37.49,-28:22:27.48,8193.0326,22.0,0.014,21.61,20.0,20.87,2,3.14,
KMT-2018-BLG-0865,SAO02K0506.072222,17:51:32.88,-28:17:17.70,8301.04645,49.64,0.087,20.95,20.0,22.16,2,3.57,
KMT-2018-BLG-0866,SAO02K0602.040182,17:51:02.92,-28:46:16.61,8210.51409,35.47,0.031,21.11,20.0,21.55,3,4.33,
KMT-2018-BLG-0867,SSO02K0603.037751,17:51:08.19,-28:40:01.20,8249.08239,90.48,0.046,21.61,20.0,21.51,2,4.33,OB180750
KMT-2018-BLG-0868,SSO02M0106.002760,17:58:53.12,-28:15:41.90,8148.69551,55.28,0.076,17.96,15.92,15.92,1,1.54,OB180015
KMT-2018-BLG-0869,SSO02M0108.001064,17:58:48.33,-28:00:04.50,8357.83804,5.16,0.803,15.81,15.63,15.63,1,2.5,OB181573 MB18330
KMT-2018-BLG-0870,SAO02M0204.004152,17:58:22.03,-28:30:18.00,8274.11104,64.27,0.285,19.3,16.27,16.27,1,1.64,OB180809
KMT-2018-BLG-0871,BLG02M0402.094553,17:56:56.89,-28:49:16.28,8172.98891,126.78,0.008,22.65,20.0,20.22,1,1.91,
KMT-2018-BLG-0872,SSO02M0404.071405,17:57:16.11,-28:34:54.80,8206.01982,21.23,0.191,20.02,19.94,19.94,1,1.95,OB180390
KMT-2018-BLG-0873,SSO02M0406.015476,17:56:56.33,-28:19:45.91,8197.46606,15.08,0.036,18.05,18.16,18.16,1,1.98,OB180270 MB18061
KMT-2018-BLG-0874,SAO02M0407.066786,17:56:55.70,-28:08:10.50,8301.53293,14.99,0.024,20.54,19.85,19.85,1,1.98,OB181166
KMT-2018-BLG-0875,SSO02M0408.020062,17:56:56.26,-27:58:41.27,8204.00669,71.73,0.109,19.3,18.82,18.82,2,2.35,OB180054 MB18062
KMT-2018-BLG-0876,SAO02M0408.053321,17:56:55.13,-28:00:08.32,8376.77327,4.7,0.022,20.65,19.93,19.93,1,2.33,OB181702
KMT-2018-BLG-0877,SSO02M0502.075313,17:56:27.68,-28:44:57.91,8347.04423,22.2,0.219,20.72,19.93,19.93,1,1.85,OB181543
KMT-2018-BLG-0878,SAO02M0503.004623,17:56:42.49,-28:35:48.59,8361.06224,2.54,0.474,15.93,16.18,16.18,1,1.66,OB181572 MB18341
KMT-2018-BLG-0879,SSO02M0505.006718,17:56:42.25,-28:23:24.29,8195.80117,13.73,0.976,17.41,16.93,16.93,1,2.07,OB180271
KMT-2018-BLG-0880,SAO02M0507.004217,17:56:28.28,-28:08:57.98,8371.87765,112.49,0.156,20.25,16.39,16.39,1,1.89,OB181574
KMT-2018-BLG-0881,SAO02M0508.003731,17:56:22.59,-28:00:22.39,8398.2542,6.14,0.605,17.4,16.47,16.47,1,2.09,OB181757
KMT-2018-BLG-0882,BLG02M0601.088873,17:55:55.29,-28:52:09.73,8219.13088,8.56,0.087,20.23,20.0,20.29,2,1.74,OB180554
KMT-2018-BLG-0883,SAO02M0603.003412,17:56:14.03,-28:37:28.88,8253.22856,3.68,0.003,20.13,16.19,16.19,1,1.76,OB180810
KMT-2018-BLG-0884,BLG02M0603.071013,17:55:58.95,-28:37:12.90,8240.77367,50.75,0.006,21.66,19.91,19.91,1,1.7,OB180700 MB18137
KMT-2018-BLG-0885,SSO02M0604.082331,17:55:51.92,-28:30:48.10,8239.79329,6.38,0.167,20.64,20.0,21.66,2,2.32,
KMT-2018-BLG-0886,SAO02M0605.059653,17:56:06.44,-28:26:36.06,8312.58431,199.81,0.004,24.58,20.0,20.87,2,2.75,OB181257
KMT-2018-BLG-0887,SAO02M0605.079521,17:55:55.78,-28:22:13.22,8340.82832,1.5,1.992,15.98,20.0,21.6,2,2.83,OB181456
KMT-2018-BLG-0888,SAO02M0606.051753,17:56:05.41,-28:15:15.98,8337.61645,110.62,0.118,22.39,20.0,20.7,2,2.44,
KMT-2018-BLG-0889,SSO02M0607.065363,17:55:58.40,-28:11:40.24,8203.4365,147.2,0.023,23.51,20.0,21.11,2,2.47,
KMT-2018-BLG-0890,SAO02M0608.005513,17:56:04.42,-27:59:13.70,8244.66123,24.46,0.743,18.55,17.88,17.88,2,2.63,OB180567
KMT-2018-BLG-0891,SAO02M0608.027997,17:56:13.96,-28:00:51.01,8252.45986,12.55,0.059,20.51,20.0,20.23,2,2.48,OB180766
KMT-2018-BLG-0892,SSO02M0701.040362,17:55:28.64,-28:54:54.50,8222.0374,39.68,0.238,20.17,19.57,19.57,2,2.02,
KMT-2018-BLG-0893,SSO02M0702.003813,17:55:11.93,-28:42:58.68,8227.31532,11.93,0.515,15.96,16.58,16.58,2,1.93,OB180515
KMT-2018-BLG-0894,BLG02M0703.074430,17:55:33.22,-28:40:48.83,8340.90648,10.93,0.841,18.99,20.0,21.06,3,2.52,OB181466
KMT-2018-BLG-0895,SAO02M0705.080339,17:55:18.80,-28:25:01.67,8309.8369,38.87,0.002,21.19,20.0,21.27,2,2.26,OB181204 MB18232
KMT-2018-BLG-0896,SAO02M0801.034114,17:54:35.29,-28:53:59.71,8286.76395,20.64,0.272,20.92,19.21,19.21,2,1.97,OB181090
KMT-2018-BLG-0897,BLG02M0801.035830,17:54:54.41,-28:57:33.80,8289.08824,15.75,0.158,20.57,19.27,19.27,1,1.91,
KMT-2018-BLG-0898,SAO02M0801.061405,17:54:49.46,-28:54:12.71,8360.27201,37.24,0.086,21.71,19.9,19.9,2,1.94,OB181566
KMT-2018-BLG-0899,SAO02M0801.095722,17:54:47.74,-28:54:58.93,8350.8075,12.17,0.051,19.49,20.0,21.48,2,1.92,MB18318
KMT-2018-BLG-0900,BLG02M0802.002418,17:54:43.38,-28:44:21.48,8199.24519,11.49,0.07,17.85,16.11,16.11,2,1.9,OB180383
KMT-2018-BLG-0901,SSO02M0802.029386,17:54:57.21,-28:49:47.96,8200.30049,55.77,0.098,21.22,19.18,19.18,2,2.03,OB180382
KMT-2018-BLG-0902,SAO02M0802.036642,17:55:01.12,-28:48:38.05,8368.50481,11.24,0.26,19.84,19.43,19.43,2,2.1,OB181608
KMT-2018-BLG-0903,SSO02M0802.050597,17:54:59.93,-28:46:59.59,8239.64571,46.18,0.176,19.09,19.8,19.8,2,2.08,OB180497 MB18122
KMT-2018-BLG-0904,SAO02M0802.084250,17:54:59.17,-28:44:21.62,8310.76141,6.26,0.099,20.75,20.0,21.02,2,1.93,
KMT-2018-BLG-0905,SSO02M0805.034176,17:54:41.01,-28:22:54.26,8233.65355,5.75,0.336,19.02,20.0,20.26,2,2.91,
KMT-2018-BLG-0906,SAO02M0806.076977,17:54:54.18,-28:17:01.32,8228.49431,12.34,0.08,22.09,20.0,21.92,2,2.61,OB180637
KMT-2018-BLG-0907,SSO02M0808.020465,17:54:50.42,-27:57:45.32,8222.01591,29.01,0.108,20.98,20.0,20.44,2,3.32,OB180568
KMT-2018-BLG-0908,SSO02M0808.039810,17:54:34.86,-28:01:48.04,8255.05586,46.62,0.019,23.41,20.0,21.38,3,3.79,OB180828
KMT-2018-BLG-0909,SAO02N0102.076493,17:58:42.24,-29:55:25.72,8253.9505,16.55,0.09,20.49,19.68,19.68,1,0.96,OB180785
KMT-2018-BLG-0910,SSO02N0102.093718,17:58:38.77,-29:52:59.02,8248.46178,4.57,0.018,20.51,20.0,20.35,1,1.18,OB180768
KMT-2018-BLG-0911,SSO02N0103.023868,17:59:00.15,-29:48:12.10,8209.35598,24.82,0.143,18.94,18.39,18.39,1,1.11,OB180392 MB18086
KMT-2018-BLG-0912,SSO02N0104.030532,17:58:45.11,-29:38:39.98,8233.27097,16.46,0.103,21.43,18.69,18.69,1,1.17,OB180692
KMT-2018-BLG-0913,SSO02N0107.057994,17:58:42.35,-29:19:11.89,8281.92598,3.95,1.997,16.02,19.01,19.01,1,1.12,OB181028
KMT-2018-BLG-0914,SAO02N0108.044615,17:59:01.35,-29:10:06.10,8358.1032,22.52,0.025,18.61,18.76,18.76,1,0.97,OB181367 MB18320
KMT-2018-BLG-0915,SAO02N0203.001285,17:58:19.73,-29:46:50.81,8229.53346,6.62,0.213,17.75,15.05,15.05,1,1.16,OB180638 MB18114
KMT-2018-BLG-0916,SSO02N0205.006088,17:58:15.48,-29:31:26.51,8243.20634,29.98,0.482,16.91,16.66,16.66,1,1.36,OB181036 MB18101
KMT-2018-BLG-0917,SAO02N0205.052833,17:58:21.85,-29:33:40.00,8253.28485,32.4,0.409,20.58,19.22,19.22,1,1.26,
KMT-2018-BLG-0918,SAO02N0205.087695,17:58:22.45,-29:31:09.01,8198.15997,29.5,0.469,20.47,20.0,20.16,1,1.33,
KMT-2018-BLG-0919,BLG02N0208.013073,17:58:18.23,-29:08:45.82,8334.2574,14.84,0.389,18.93,17.72,17.72,1,1.14,OB181369
KMT-2018-BLG-0920,BLG02N0301.063522,17:57:51.82,-30:03:20.48,8183.84194,10.83,0.267,19.0,19.83,19.83,1,1.51,
KMT-2018-BLG-0921,SSO02N0302.001233,17:57:41.24,-29:53:22.49,8351.02933,26.87,0.083,21.01,15.36,15.36,1,1.66,
KMT-2018-BLG-0922,SSO02N0305.053097,17:57:57.66,-29:28:03.22,8176.17164,44.91,0.113,17.36,19.34,19.34,1,1.49,OB180303 MB18018
KMT-2018-BLG-0923,SAO02N0307.046603,17:58:00.65,-29:14:23.60,8233.42545,4.79,1.998,16.89,19.24,19.24,1,1.45,
KMT-2018-BLG-0924,SAO02N0308.021937,17:57:45.19,-29:08:36.89,8287.43344,8.61,0.042,19.23,18.47,18.47,1,1.51,
KMT-2018-BLG-0925,BLG02N0308.051657,17:57:36.45,-29:06:40.10,8261.29028,196.03,0.026,23.5,19.29,19.29,1,1.67,OB180859
KMT-2018-BLG-0926,SSO02N0308.093343,17:57:33.62,-29:10:57.50,8243.2089,24.37,0.33,20.58,20.0,20.31,1,1.55,
KMT-2018-BLG-0927,SSO02N0401.020526,17:57:10.30,-30:03:08.50,8266.23931,16.98,0.942,16.53,18.56,18.56,1,1.47,MB18142
KMT-2018-BLG-0928,SAO02N0402.027926,17:56:59.34,-29:50:31.20,8347.86499,1.98,1.957,15.62,19.1,19.1,1,1.84,OB181553
KMT-2018-BLG-0929,SAO02N0406.000991,17:57:12.42,-29:26:30.80,8269.3297,19.22,0.074,14.77,15.05,15.05,1,1.87,OB181079 MB18136
KMT-2018-BLG-0930,SSO02N0407.029125,17:57:22.39,-29:17:58.70,8345.68617,46.45,0.016,20.39,18.88,18.88,1,1.82,MB18310
KMT-2018-BLG-0931,BLG02N0408.003750,17:57:15.60,-29:07:18.98,8246.08489,9.09,0.275,19.91,16.34,16.34,1,1.62,OB180737
KMT-2018-BLG-0932,BLG02N0505.059409,17:56:30.23,-29:34:12.29,8207.70306,3.79,0.117,20.15,19.35,19.35,1,1.51,
KMT-2018-BLG-0933,SAO02N0506.043402,17:56:25.82,-29:22:31.12,8303.525,8.08,0.354,19.53,19.05,19.05,1,1.8,OB181171
KMT-2018-BLG-0934,SSO02N0506.052316,17:56:40.14,-29:24:26.50,8246.07508,7.52,0.073,20.45,19.23,19.23,1,1.6,OB180725
KMT-2018-BLG-0935,SSO02N0508.046612,17:56:23.14,-29:06:59.51,8335.24612,8.72,0.015,20.88,20.0,20.03,1,2.54,MB18288
KMT-2018-BLG-0936,BLG02N0508.078795,17:56:31.90,-29:11:14.53,8263.63923,7.87,0.943,18.46,20.0,20.89,2,2.11,
KMT-2018-BLG-0937,SAO02N0601.055624,17:56:08.39,-29:59:07.30,8237.45876,27.84,0.327,20.55,19.59,19.59,1,1.64,
KMT-2018-BLG-0938,SSO02N0602.013783,17:56:16.77,-29:52:29.50,8320.19684,79.67,0.029,20.52,18.14,18.14,1,1.67,OB181107 MB18254
KMT-2018-BLG-0939,SAO02N0603.012094,17:55:51.33,-29:45:05.69,8278.75167,29.92,0.397,19.77,17.73,17.73,1,1.5,
KMT-2018-BLG-0940,BLG02N0606.015764,17:56:08.97,-29:20:54.31,8238.13957,21.36,0.18,20.43,18.11,18.11,1,2.02,
KMT-2018-BLG-0941,SSO02N0606.029395,17:56:07.22,-29:23:48.59,8225.0578,7.49,0.093,21.69,18.78,18.78,1,2.04,
KMT-2018-BLG-0942,BLG02N0606.089825,17:56:05.86,-29:24:24.98,8385.64721,7.11,0.189,19.82,20.0,20.23,1,1.96,
KMT-2018-BLG-0943,BLG02N0606.093358,17:55:49.33,-29:25:39.29,8340.52652,18.09,0.023,21.46,20.0,20.4,1,1.75,
KMT-2018-BLG-0944,BLG02N0607.070607,17:56:10.75,-29:16:19.49,8248.25244,48.13,0.323,21.31,19.71,19.71,1,2.05,
KMT-2018-BLG-0945,SSO02N0608.010285,17:56:13.33,-29:11:56.65,8277.07817,28.89,0.283,17.03,17.71,17.71,2,2.01,OB180596 MB18145
KMT-2018-BLG-0946,SSO02N0701.013967,17:55:31.34,-30:02:14.50,8238.66398,51.15,0.058,17.86,17.91,17.91,1,1.49,OB180077 MB18109
KMT-2018-BLG-0947,SSO02N0702.006796,17:55:30.50,-29:56:34.91,8375.68633,14.99,0.097,16.3,16.53,16.53,1,1.33,OB181532 MB18346
KMT-2018-BLG-0948,SSO02N0703.029737,17:55:23.39,-29:50:26.81,8333.47989,6.72,0.228,18.76,18.61,18.61,1,1.36,OB181374 MB18285
KMT-2018-BLG-0949,SSO02N0703.059367,17:55:15.90,-29:46:13.58,8222.45648,21.85,0.329,20.53,19.28,19.28,1,1.39,OB180571
KMT-2018-BLG-0950,SSO02N0703.083521,17:55:32.42,-29:46:07.39,8293.74657,52.35,0.136,19.68,19.82,19.82,1,1.52,OB180973
KMT-2018-BLG-0951,SSO02N0706.034859,17:55:19.21,-29:21:31.90,8252.74633,23.39,0.594,19.63,18.7,18.7,1,1.72,OB180755
KMT-2018-BLG-0952,SSO02N0803.017983,17:54:48.97,-29:43:30.61,8230.18432,5.47,0.19,19.97,17.95,17.95,1,1.35,OB180632
KMT-2018-BLG-0953,SSO02N0803.039559,17:54:52.92,-29:46:37.88,8270.81048,14.51,0.486,19.06,18.72,18.72,1,1.4,
KMT-2018-BLG-0954,SSO02N0804.003877,17:54:52.82,-29:36:01.30,8351.86031,6.99,0.847,15.36,15.84,15.84,1,1.38,OB181455 MB18314
KMT-2018-BLG-0955,SSO02N0806.028814,17:54:52.08,-29:22:09.59,8251.28721,14.87,0.721,18.1,18.58,18.58,1,1.61,OB180726
KMT-2018-BLG-0956,BLG02N0808.005818,17:54:55.82,-29:10:05.70,8217.33278,32.01,0.738,16.99,16.6,16.6,1,2.26,OB180304 MB18088
KMT-2018-BLG-0957,SSO02N0808.008530,17:54:32.97,-29:05:49.31,8393.23905,105.66,0.321,18.57,17.12,17.12,1,1.76,OB181370 MB18354
KMT-2018-BLG-0958,BLG02N0808.027050,17:54:40.71,-29:09:10.69,8156.67519,93.12,0.129,20.11,18.74,18.74,1,1.94,OB180067
KMT-2018-BLG-0959,SSO02T0101.003360,17:54:12.86,-30:00:51.19,8221.85712,13.73,0.196,15.33,15.91,15.91,1,1.47,OB180371
KMT-2018-BLG-0960,SAO02T0101.071182,17:53:52.09,-30:01:36.30,8281.65285,14.87,0.178,19.93,19.57,19.57,1,1.59,OB181010
KMT-2018-BLG-0961,SSO02T0103.021832,17:54:05.84,-29:47:05.60,8278.15935,22.79,0.206,18.88,18.16,18.16,1,1.29,OB180878
KMT-2018-BLG-0962,SSO02T0103.043295,17:54:01.83,-29:48:47.20,8377.23827,32.17,0.163,19.99,18.83,18.83,1,1.33,OB181640
KMT-2018-BLG-0963,SSO02T0103.062035,17:54:14.54,-29:46:28.60,8210.70441,26.51,0.019,19.39,19.2,19.2,1,1.3,OB180385
KMT-2018-BLG-0964,SSO02T0103.070659,17:53:55.04,-29:50:08.70,8337.46932,24.47,0.052,20.12,19.36,19.36,1,1.35,MB18294
KMT-2018-BLG-0965,SAO02T0105.033639,17:54:10.26,-29:30:34.42,8229.56094,176.44,0.018,23.29,18.83,18.83,1,1.72,
KMT-2018-BLG-0966,SSO02T0107.023676,17:54:04.74,-29:14:53.81,8229.83278,57.63,0.013,22.98,18.37,18.37,1,1.73,OB180667
KMT-2018-BLG-0967,SSO02T0107.083027,17:54:01.50,-29:19:19.81,8246.50359,33.82,0.137,21.27,19.8,19.8,1,1.98,OB180779
KMT-2018-BLG-0968,SSO02T0203.079574,17:53:26.54,-29:45:42.30,8203.85514,32.34,0.107,19.91,19.63,19.63,1,1.57,OB180353
KMT-2018-BLG-0969,BLG02T0205.085728,17:53:32.45,-29:32:21.70,8384.13957,38.02,0.043,20.45,20.0,20.18,1,1.9,MB18380
KMT-2018-BLG-0970,BLG02T0206.049131,17:53:12.23,-29:22:11.10,8265.68738,199.97,0.061,22.48,19.4,19.4,1,2.24,OB180827
KMT-2018-BLG-0971,BLG02T0206.059884,17:53:22.38,-29:23:31.99,8419.79625,41.88,0.214,19.07,19.62,19.62,1,2.17,OB181778
KMT-2018-BLG-0972,SAO02T0206.059887,17:53:12.11,-29:22:40.58,8285.09796,10.24,0.272,19.68,19.62,19.62,1,2.28,OB181057
KMT-2018-BLG-0973,BLG02T0206.082115,17:53:23.28,-29:21:18.50,8264.44361,194.92,0.014,23.45,20.0,20.13,1,2.11,
KMT-2018-BLG-0974,SAO02T0207.041182,17:53:14.24,-29:13:52.10,8361.54865,8.97,0.112,21.31,19.1,19.1,1,2.11,
KMT-2018-BLG-0975,BLG02T0207.049908,17:53:15.37,-29:14:04.99,8219.84475,12.06,0.171,21.54,19.3,19.3,1,2.11,
KMT-2018-BLG-0976,BLG02T0207.097151,17:53:18.43,-29:12:30.60,8199.47313,15.72,0.084,20.85,20.0,25.0,3,2.15,
KMT-2018-BLG-0977,BLG02T0208.014513,17:53:16.21,-29:09:19.58,8332.21331,37.78,0.544,19.07,17.7,17.7,1,2.32,OB181200
KMT-2018-BLG-0978,SSO02T0302.001986,17:52:48.10,-29:55:51.82,8329.27804,29.14,0.22,19.84,15.6,15.6,1,2.02,OB181349
KMT-2018-BLG-0979,BLG02T0302.073077,17:52:54.33,-29:52:58.58,8176.07937,12.81,0.076,20.4,19.77,19.77,1,1.74,
KMT-2018-BLG-0980,BLG02T0304.022660,17:52:38.64,-29:40:42.38,8227.07412,1.56,1.997,15.35,18.5,18.5,1,2.05,OB180605
KMT-2018-BLG-0981,SAO02T0304.046133,17:52:48.91,-29:38:42.11,8395.38104,6.83,0.08,20.07,19.24,19.24,1,2.09,
KMT-2018-BLG-0982,BLG02T0305.061127,17:52:36.64,-29:31:48.50,8198.4571,5.61,0.346,18.98,19.84,19.84,1,2.38,
KMT-2018-BLG-0983,SAO02T0305.065271,17:52:51.63,-29:30:41.51,8365.95919,24.62,0.014,20.31,19.96,19.96,1,2.34,MB18347
KMT-2018-BLG-0984,BLG02T0308.010841,17:52:58.93,-29:06:30.20,8232.5711,24.57,1.478,15.59,17.44,17.44,1,2.44,OB180031 MB18121
KMT-2018-BLG-0985,BLG02T0308.013763,17:52:50.81,-29:06:52.81,8317.22212,5.35,1.99,16.7,17.83,17.83,1,2.47,OB181256
KMT-2018-BLG-0986,BLG02T0308.035008,17:52:39.85,-29:09:45.40,8199.9603,16.89,0.061,19.88,19.15,19.15,1,2.52,
KMT-2018-BLG-0987,BLG02T0402.053625,17:52:09.16,-29:55:33.10,8386.31269,50.96,0.14,21.02,19.68,19.68,1,2.53,OB181722
KMT-2018-BLG-0988,SAO02T0403.075866,17:52:09.83,-29:45:02.92,8327.48247,84.71,0.085,21.72,20.0,20.14,1,2.35,
KMT-2018-BLG-0989,SAO02T0403.086692,17:52:05.33,-29:45:07.88,8251.02169,22.4,0.043,20.25,20.0,20.5,1,2.42,OB180723
KMT-2018-BLG-0990,SAO02T0404.083214,17:52:13.86,-29:37:26.22,8389.82383,8.74,0.019,21.05,20.0,20.87,3,2.3,MB18389
KMT-2018-BLG-0991,BLG02T0407.010407,17:52:16.58,-29:12:28.40,8344.73201,8.82,0.072,22.09,17.73,17.73,1,2.6,OB181516
KMT-2018-BLG-0992,SSO02T0407.051631,17:52:28.27,-29:13:51.60,8232.32774,99.56,0.063,20.2,20.0,20.1,1,2.63,OB180372 OB180513 MB18120
KMT-2018-BLG-0993,SSO02T0505.002940,17:51:37.97,-29:34:48.68,8290.82593,8.81,0.103,19.4,16.45,16.45,1,2.38,OB181098 MB18186
KMT-2018-BLG-0994,SSO02T0505.019824,17:51:41.19,-29:29:57.80,8215.4845,91.51,0.18,20.92,18.72,18.72,1,2.88,OB180340
KMT-2018-BLG-0995,SSO02T0507.007282,17:51:44.76,-29:16:48.22,8242.01498,10.5,0.286,17.54,17.58,17.58,1,3.11,OB180633 MB18130
KMT-2018-BLG-0996,SSO02T0602.000688,17:51:07.38,-29:50:08.41,8347.41147,64.5,0.023,19.75,15.12,15.12,1,3.16,MB18309
KMT-2018-BLG-0997,SSO02T0602.066362,17:50:54.39,-29:51:31.39,8370.17673,0.81,0.092,20.22,20.0,20.79,1,3.28,
KMT-2018-BLG-0998,BLG02T0605.010860,17:50:59.89,-29:32:06.50,8330.7326,106.83,0.002,23.62,18.15,18.15,1,3.35,
KMT-2018-BLG-0999,SAO02T0702.016303,17:50:41.64,-29:51:42.70,8321.80153,8.13,0.174,21.2,18.74,18.74,1,3.22,OB181321
KMT-2018-BLG-1000,SAO02T0704.007182,17:50:26.20,-29:37:01.31,8341.83076,10.15,0.275,17.44,17.48,17.48,1,3.03,OB181353
KMT-2018-BLG-1001,SAO02T0804.019546,17:50:10.00,-29:41:49.20,8377.00973,8.71,1.012,18.75,19.13,19.13,1,3.21,
KMT-2018-BLG-1002,SAO03K0101.038279,18:01:41.41,-27:47:03.91,8279.63456,2.15,0.526,18.77,18.96,18.96,1,1.45,
KMT-2018-BLG-1003,BLG03K0101.045173,18:01:29.76,-27:49:49.91,8173.86659,19.5,0.182,18.97,19.12,19.12,1,1.25,OB180091
KMT-2018-BLG-1004,SAO03K0101.059911,18:01:44.15,-27:53:05.39,8387.9701,14.13,0.385,19.15,19.46,19.46,1,1.41,OB181710
KMT-2018-BLG-1005,SAO03K0102.052849,18:01:26.52,-27:42:58.21,8303.1581,19.44,0.126,20.68,19.41,19.41,1,1.41,
KMT-2018-BLG-1006,BLG03K0102.083286,18:01:26.88,-27:45:44.71,8223.96243,94.96,0.142,19.83,20.0,20.16,1,1.49,OB180225 MB18097
KMT-2018-BLG-1007,BLG03K0105.003662,18:01:41.10,-27:17:48.91,8334.43355,13.5,0.331,20.05,16.56,16.56,1,1.86,OB181382
KMT-2018-BLG-1008,SSO03K0105.018644,18:01:43.51,-27:15:50.80,8349.35847,5.51,0.143,16.45,18.82,18.82,1,2.17,OB181534 MB18312
KMT-2018-BLG-1009,SAO03K0107.046355,18:01:29.33,-27:05:06.79,8234.25099,5.11,0.162,20.83,20.0,20.61,1,2.56,
KMT-2018-BLG-1010,SSO03K0203.035215,18:01:00.19,-27:35:04.31,8280.3846,7.37,0.044,19.91,18.94,18.94,1,1.29,OB181048
KMT-2018-BLG-1011,SSO03K0203.057823,18:00:54.09,-27:37:53.00,8284.45729,11.17,0.173,19.97,19.46,19.46,1,1.44,
KMT-2018-BLG-1012,SAO03K0203.061772,18:00:58.32,-27:36:29.48,8223.0632,92.5,0.009,23.59,19.55,19.55,1,1.35,OB180578 MB18103
KMT-2018-BLG-1013,SSO03K0204.040155,18:01:11.62,-27:22:57.68,8348.3946,27.25,0.244,20.45,19.19,19.19,1,1.52,
KMT-2018-BLG-1014,SSO03K0208.040897,18:01:03.41,-26:56:09.20,8216.70307,22.32,0.057,20.73,20.0,20.14,1,2.41,
KMT-2018-BLG-1015,SSO03K0301.002199,18:00:33.60,-27:46:45.01,8379.60793,14.46,0.16,15.63,15.79,15.79,1,1.63,OB181575 MB18338
KMT-2018-BLG-1016,SAO03K0301.003670,18:00:35.20,-27:50:57.59,8279.71168,38.73,0.32,18.08,16.2,16.2,1,1.73,OB180736 OB180959 MB18150
KMT-2018-BLG-1017,SAO03K0302.027084,18:00:13.19,-27:43:10.09,8374.24713,60.76,0.166,20.45,18.77,18.77,1,1.64,OB181626
KMT-2018-BLG-1018,SAO03K0303.004164,18:00:37.09,-27:31:48.68,8372.44487,11.72,0.09,20.72,16.29,16.29,1,1.56,
KMT-2018-BLG-1019,BLG03K0303.034833,18:00:35.95,-27:36:28.12,8366.88057,12.26,0.195,21.44,19.06,19.06,1,1.69,
KMT-2018-BLG-1020,BLG03K0304.028055,18:00:18.76,-27:30:25.20,8343.15902,11.06,0.063,20.69,18.85,18.85,1,1.64,OB181482
KMT-2018-BLG-1021,SAO03K0308.006098,18:00:29.44,-26:53:21.59,8339.40009,38.1,0.046,18.22,17.9,17.9,1,3.04,OB181254 MB18271
KMT-2018-BLG-1022,SAO03K0404.004013,17:59:43.54,-27:30:29.81,8428.19537,40.5,0.997,17.05,16.46,16.46,1,1.91,OB181760
KMT-2018-BLG-1023,SAO03K0406.018515,17:59:59.44,-27:09:36.68,8256.57394,30.8,0.283,21.07,18.77,18.77,1,2.15,
KMT-2018-BLG-1024,SSO03K0501.016017,17:59:10.26,-27:50:06.29,8310.78232,15.1,0.007,19.79,18.45,18.45,1,2.02,OB181185 MB18228
KMT-2018-BLG-1025,SAO03K0501.045922,17:59:27.94,-27:52:41.02,8274.84299,9.35,0.007,20.98,19.52,19.52,1,1.74,
KMT-2018-BLG-1026,SAO03K0502.032725,17:59:21.37,-27:42:58.21,8197.90085,25.21,0.006,21.69,19.17,19.17,1,1.95,OB180391 MB18058
KMT-2018-BLG-1027,SAO03K0503.006427,17:59:35.09,-27:34:53.29,8308.28143,195.28,0.072,21.93,17.05,17.05,1,1.94,OB181206
KMT-2018-BLG-1028,BLG03K0503.032215,17:59:11.65,-27:34:21.00,8221.61983,59.04,0.1,21.38,19.15,19.15,1,2.05,OB180547
KMT-2018-BLG-1029,SAO03K0503.046321,17:59:22.26,-27:32:06.29,8391.48494,9.6,0.088,20.41,19.52,19.52,1,1.83,
KMT-2018-BLG-1030,SAO03K0602.040489,17:58:58.32,-27:40:25.90,8375.26516,50.44,0.117,21.52,19.17,19.17,1,1.93,
KMT-2018-BLG-1031,BLG03K0603.002656,17:58:40.32,-27:33:50.69,8179.67977,9.9,1.998,14.83,16.02,16.02,1,1.83,OB180057 MB18027
KMT-2018-BLG-1032,BLG03K0604.022398,17:58:40.94,-27:24:47.70,8380.22678,30.46,0.046,21.03,18.76,18.76,1,1.96,
KMT-2018-BLG-1033,SAO03K0604.039469,17:58:39.32,-27:29:24.11,8390.74517,21.88,0.092,20.17,19.34,19.34,1,1.72,
KMT-2018-BLG-1034,SAO03K0605.000369,17:58:53.93,-27:21:23.51,8285.29065,8.14,1.304,16.07,14.56,14.56,1,1.89,
KMT-2018-BLG-1035,SSO03K0605.027825,17:58:58.79,-27:22:25.39,8232.48764,37.77,0.032,22.03,19.31,19.31,1,1.84,
KMT-2018-BLG-1036,BLG03K0605.084324,17:58:33.34,-27:20:12.16,8324.02927,24.24,0.156,20.85,20.0,21.49,2,2.43,
KMT-2018-BLG-1037,SSO03K0608.017716,17:58:52.80,-26:57:32.51,8294.75977,30.87,0.029,21.7,19.26,19.26,1,2.63,
KMT-2018-BLG-1038,SAO03K0701.006318,17:57:59.26,-27:47:55.61,8340.22407,29.88,0.004,24.39,17.57,17.57,2,2.49,
KMT-2018-BLG-1039,BLG03K0701.037273,17:58:12.94,-27:51:12.20,8220.15601,19.42,0.477,20.43,19.91,19.91,1,2.57,OB180595
KMT-2018-BLG-1040,BLG03K0702.020069,17:58:09.36,-27:43:10.99,8362.772,24.32,0.222,19.87,18.83,18.83,1,2.04,
KMT-2018-BLG-1041,SAO03K0708.028778,17:58:27.29,-26:57:43.99,8172.6631,13.46,0.077,20.42,20.0,21.07,2,2.91,
KMT-2018-BLG-1042,BLG03K0806.028014,17:57:24.94,-27:13:21.11,8313.30389,10.76,0.126,22.8,20.0,20.98,2,3.67,OB181309
KMT-2018-BLG-1043,BLG03M0101.011112,18:06:18.55,-27:52:40.01,8231.04211,20.15,0.345,19.28,17.68,17.68,1,0.58,OB180583
KMT-2018-BLG-1044,SSO03M0102.038928,18:06:17.28,-27:43:47.21,8285.20324,6.87,0.048,21.44,19.0,19.0,1,0.72,
KMT-2018-BLG-1045,SSO03M0105.015347,18:06:10.34,-27:19:50.41,8338.24063,70.05,0.509,18.31,18.12,18.12,1,0.99,OB180834 MB18263
KMT-2018-BLG-1046,BLG03M0105.076095,18:06:28.09,-27:20:36.71,8349.35304,123.9,0.015,21.31,20.0,20.03,1,0.97,MB18313
KMT-2018-BLG-1047,SSO03M0107.029910,18:06:28.67,-27:00:13.21,8230.06207,11.06,0.293,18.34,18.73,18.73,1,0.94,OB180580
KMT-2018-BLG-1048,SSO03M0108.015233,18:06:24.58,-26:55:16.61,8216.24092,25.75,0.366,18.47,18.17,18.17,1,1.04,OB180367
KMT-2018-BLG-1049,SAO03M0108.029044,18:06:04.80,-26:59:07.01,8389.5361,15.87,0.061,21.46,18.76,18.76,1,0.99,
KMT-2018-BLG-1050,SSO03M0203.070409,18:05:53.38,-27:35:41.60,8263.40415,199.99,0.002,23.3,19.69,19.69,1,0.86,OB180811 MB18156
KMT-2018-BLG-1051,SSO03M0302.032326,18:05:13.57,-27:44:11.29,8263.88658,8.98,0.974,19.26,18.81,18.81,1,0.98,OB180884
KMT-2018-BLG-1052,SSO03M0308.024128,18:05:04.57,-26:56:19.28,8221.89441,27.33,0.027,22.37,18.57,18.57,1,1.04,
KMT-2018-BLG-1053,SAO03M0405.015490,18:04:35.88,-27:18:45.61,8356.71835,21.41,0.445,18.42,18.0,18.0,1,0.89,OB181468
KMT-2018-BLG-1054,SSO03M0406.035988,18:04:49.16,-27:09:04.39,8228.5306,199.11,0.036,22.79,18.81,18.81,1,0.9,OB180534
KMT-2018-BLG-1055,SAO03M0501.012090,18:04:05.93,-27:49:02.39,8389.82884,16.98,0.134,20.39,17.94,17.94,1,1.07,
KMT-2018-BLG-1056,BLG03M0502.061552,18:03:58.07,-27:38:52.12,8344.21553,6.2,1.998,16.37,19.49,19.49,1,1.03,OB181467
KMT-2018-BLG-1057,SSO03M0604.051593,18:03:46.06,-27:25:09.70,8310.02983,82.8,0.148,20.03,19.72,19.72,1,1.33,OB181058 MB18205
KMT-2018-BLG-1058,SSO03M0606.058840,18:03:46.03,-27:10:24.89,8210.85173,5.96,0.424,18.2,20.0,20.09,1,1.34,OB180504
KMT-2018-BLG-1059,SSO03M0608.024518,18:03:19.70,-26:56:16.91,8339.56053,5.09,0.167,19.95,19.05,19.05,1,1.73,OB181458
KMT-2018-BLG-1060,SSO03M0703.083167,18:03:12.90,-27:31:58.58,8249.11238,5.64,1.975,16.12,20.0,20.21,1,1.41,OB180757
KMT-2018-BLG-1061,SSO03M0801.002920,18:02:30.92,-27:50:34.80,8179.56547,53.59,0.607,16.46,15.86,15.86,1,1.27,OB180088 MB18019
KMT-2018-BLG-1062,SAO03M0802.002289,18:02:24.60,-27:43:26.90,8203.21448,182.88,0.012,23.03,15.63,15.63,1,1.22,
KMT-2018-BLG-1063,SSO03M0802.004829,18:02:12.28,-27:44:58.42,8316.10721,19.64,0.186,17.69,16.45,16.45,1,1.27,OB181112 OB181189 MB18229
KMT-2018-BLG-1064,SSO03M0802.058159,18:02:33.52,-27:44:02.29,8229.63101,22.57,0.935,18.5,19.46,19.46,1,1.29,OB180576
KMT-2018-BLG-1065,SSO03M0803.020119,18:02:15.94,-27:31:53.40,8233.28135,27.74,0.181,21.26,18.62,18.62,1,1.42,OB180654
KMT-2018-BLG-1066,SSO03M0807.010458,18:02:28.19,-27:01:07.61,8346.60753,53.95,0.155,20.59,18.77,18.77,1,2.43,OB181383
KMT-2018-BLG-1067,SAO03M0808.038953,18:02:30.04,-26:59:19.21,8408.18655,24.39,0.004,20.03,20.0,20.05,1,2.43,OB181790 MB18406
KMT-2018-BLG-1068,SSO03N0103.026554,18:06:21.96,-28:42:06.08,8408.95806,37.83,0.028,19.3,18.81,18.81,1,0.89,OB181765
KMT-2018-BLG-1069,SSO03N0105.033304,18:06:13.25,-28:24:48.49,8196.69795,10.13,0.126,19.54,19.0,19.0,1,1.08,OB180348 OB180368
KMT-2018-BLG-1070,SAO03N0106.007658,18:06:25.18,-28:17:55.10,8354.88836,29.57,0.199,20.91,17.57,17.57,1,0.98,
KMT-2018-BLG-1071,BLG03N0107.056975,18:06:17.24,-28:07:43.28,8256.01299,13.39,0.685,19.13,19.5,19.5,1,0.9,OB180822
KMT-2018-BLG-1072,SSO03N0108.000292,18:06:20.53,-28:06:00.40,8351.70741,9.09,1.836,12.67,14.05,14.05,1,0.9,OB181394 MB18286
KMT-2018-BLG-1073,SSO03N0204.073774,18:06:04.81,-28:31:50.30,8360.29228,21.74,0.014,21.83,20.0,20.12,1,0.91,
KMT-2018-BLG-1074,SSO03N0206.037316,18:06:03.52,-28:15:18.29,8249.36335,22.3,0.662,19.47,18.96,18.96,1,0.88,
KMT-2018-BLG-1075,BLG03N0208.015025,18:05:42.92,-28:01:39.11,8197.15198,81.08,0.39,18.58,17.98,17.98,1,0.82,OB180126
KMT-2018-BLG-1076,SAO03N0305.075925,18:05:18.61,-28:23:40.88,8302.69371,22.07,0.144,20.97,20.0,20.1,1,0.99,
KMT-2018-BLG-1077,SSO03N0404.005014,18:04:40.33,-28:37:26.11,8235.44576,5.01,0.54,16.43,16.71,16.71,1,0.85,OB180644
KMT-2018-BLG-1078,SSO03N0404.056513,18:04:38.44,-28:35:14.21,8290.45963,26.89,0.427,19.76,19.3,19.3,1,0.84,OB181062
KMT-2018-BLG-1079,SSO03N0408.050094,18:04:37.32,-28:02:05.21,8334.93463,25.1,0.155,19.76,19.19,19.19,1,1.08,OB181385 MB18303
KMT-2018-BLG-1080,SSO03N0504.000514,18:04:02.78,-28:36:10.80,8209.64549,6.3,0.454,13.78,14.14,14.14,1,0.93,OB180403 MB18090
KMT-2018-BLG-1081,SSO03N0504.002073,18:04:25.15,-28:32:39.01,8328.14605,15.27,0.131,18.7,15.35,15.35,1,0.95,OB181384 MB18272
KMT-2018-BLG-1082,SAO03N0505.067905,18:04:07.51,-28:29:34.80,8288.99141,17.28,0.226,20.95,19.52,19.52,1,1.01,
KMT-2018-BLG-1083,SSO03N0506.054511,18:04:08.05,-28:15:50.90,8276.82193,11.61,0.055,20.82,19.15,19.15,1,0.91,
KMT-2018-BLG-1084,BLG03N0508.030931,18:04:00.59,-28:05:20.40,8171.14458,34.66,0.058,20.41,18.73,18.73,1,1.07,OB180102
KMT-2018-BLG-1085,SSO03N0602.021886,18:03:28.86,-28:51:07.88,8384.49439,53.01,0.153,20.46,18.23,18.23,1,0.7,OB181632
KMT-2018-BLG-1086,SSO03N0603.059088,18:03:34.13,-28:40:56.21,8376.62224,14.66,0.909,18.4,19.24,19.24,1,0.85,
KMT-2018-BLG-1087,SSO03N0606.003440,18:03:19.94,-28:17:46.50,8236.21021,47.11,0.707,15.61,15.83,15.83,1,0.87,MB18082
KMT-2018-BLG-1088,BLG03N0608.008021,18:03:37.01,-28:04:31.01,8418.60081,27.65,0.089,19.1,17.35,17.35,1,1.03,OB181793
KMT-2018-BLG-1089,SSO03N0704.001249,18:03:00.60,-28:36:32.62,8208.96994,38.58,0.673,16.05,14.98,14.98,1,0.97,MB18064
KMT-2018-BLG-1090,SSO03N0704.065949,18:03:04.71,-28:35:50.21,8210.13434,19.33,0.325,19.86,19.44,19.44,1,0.93,OB180509
KMT-2018-BLG-1091,SSO03N0706.092569,18:03:07.41,-28:22:32.48,8216.72066,22.84,0.063,19.45,19.99,19.99,1,0.89,OB180625
KMT-2018-BLG-1092,SSO03N0706.093262,18:02:53.95,-28:18:40.28,8354.1545,19.61,0.011,19.46,20.0,20.01,1,0.82,OB181556 MB18335
KMT-2018-BLG-1093,SSO03N0808.039940,18:02:14.01,-28:03:01.58,8374.13643,10.0,0.325,18.85,18.93,18.93,1,1.14,OB181651
KMT-2018-BLG-1094,BLG03N0808.050452,18:02:26.14,-28:05:43.01,8241.7096,14.44,0.04,20.51,19.17,19.17,1,0.99,
KMT-2018-BLG-1095,SAO03N0808.059906,18:02:12.35,-28:07:14.59,8177.85285,12.47,0.054,19.0,19.39,19.39,1,1.18,OB180103 MB18034
KMT-2018-BLG-1096,SAO03T0102.044268,18:01:46.64,-28:50:34.01,8307.09565,124.21,0.108,19.67,18.93,18.93,1,1.08,MB18202
KMT-2018-BLG-1097,BLG03T0105.067255,18:01:29.04,-28:29:45.10,8272.53199,43.99,0.204,21.42,19.41,19.41,1,1.09,OB180920
KMT-2018-BLG-1098,SAO03T0106.043585,18:01:38.77,-28:16:16.79,8291.66491,95.97,0.002,23.71,18.96,18.96,1,1.27,MB18197
KMT-2018-BLG-1099,SSO03T0108.022769,18:01:33.72,-28:05:01.39,8201.16838,4.2,0.207,18.23,18.47,18.47,1,1.35,OB180404
KMT-2018-BLG-1100,SSO03T0204.085600,18:01:01.97,-28:30:28.19,8246.15555,3.97,0.062,20.2,19.85,19.85,1,1.18,
KMT-2018-BLG-1101,SSO03T0205.059971,18:01:02.19,-28:23:41.78,8228.32413,2.8,0.149,18.42,19.24,19.24,1,1.12,OB180645
KMT-2018-BLG-1102,SAO03T0208.000563,18:00:53.07,-28:06:06.98,8416.34873,28.57,0.77,13.84,14.26,14.26,1,1.18,OB181585 MB18343
KMT-2018-BLG-1103,SSO03T0304.093718,18:00:23.34,-28:35:27.60,8194.89935,23.92,0.045,19.86,20.0,20.1,1,1.23,MB18056
KMT-2018-BLG-1104,SAO03T0306.068352,18:00:21.81,-28:18:08.60,8386.09538,4.58,0.101,18.72,19.43,19.43,1,1.36,
KMT-2018-BLG-1105,BLG03T0307.003301,18:00:21.52,-28:11:12.01,8182.46671,34.58,0.505,17.06,15.88,15.88,1,1.46,OB180013
KMT-2018-BLG-1106,BLG03T0307.038078,18:00:40.46,-28:11:07.51,8331.9893,44.16,0.203,20.54,18.93,18.93,1,1.33,OB181386
KMT-2018-BLG-1107,BLG03T0404.078478,17:59:55.71,-28:34:26.00,8200.25749,6.06,0.105,20.18,19.71,19.71,1,1.26,OB180389
KMT-2018-BLG-1108,SSO03T0405.015372,18:00:07.14,-28:28:58.40,8223.95836,35.38,0.037,20.23,18.01,18.01,1,1.26,OB180558 MB18105
KMT-2018-BLG-1109,BLG03T0405.048922,17:59:42.86,-28:26:26.70,8214.07772,199.67,0.053,21.36,19.12,19.12,1,1.43,OB180238
KMT-2018-BLG-1110,SSO03T0407.020638,17:59:40.05,-28:07:13.69,8354.30872,41.97,0.238,18.5,18.24,18.24,1,1.61,OB181240 MB18301
KMT-2018-BLG-1111,BLG03T0408.071863,18:00:05.23,-28:03:43.99,8176.45995,113.23,0.193,19.1,19.91,19.91,1,1.63,OB180014
KMT-2018-BLG-1112,SSO03T0505.057281,17:59:00.92,-28:26:39.30,8282.17431,17.54,0.006,21.27,19.2,19.2,1,1.34,
KMT-2018-BLG-1113,SAO03T0505.075708,17:59:14.95,-28:28:53.51,8342.59367,199.63,0.003,24.62,19.58,19.58,1,1.39,OB181478
KMT-2018-BLG-1114,SSO03T0601.002524,17:58:38.58,-28:59:43.80,8239.03744,11.88,0.273,15.47,15.45,15.45,1,0.98,OB180858
KMT-2018-BLG-1115,BLG03T0704.022469,17:58:21.96,-28:34:36.19,8341.54872,85.65,0.155,19.99,18.68,18.68,1,1.65,OB180190
KMT-2018-BLG-1116,SAO03T0705.054288,17:58:10.49,-28:26:55.79,8341.51775,25.1,0.075,21.84,19.47,19.47,1,1.67,OB181440
KMT-2018-BLG-1117,BLG03T0707.010298,17:58:05.43,-28:07:04.01,8278.48976,20.41,0.024,20.43,17.9,17.9,1,2.07,
KMT-2018-BLG-1118,SAO03T0802.014818,17:57:22.42,-28:50:47.11,8191.98102,5.77,0.29,17.77,17.88,17.88,1,1.49,OB180345 MB18052
KMT-2018-BLG-1119,SAO03T0807.079508,17:57:46.06,-28:11:03.70,8402.00303,13.28,0.073,20.49,20.0,20.18,1,1.94,
KMT-2018-BLG-1120,SAO04K0102.047314,18:03:16.55,-29:49:43.79,8338.65438,15.61,0.242,19.7,19.08,19.08,1,0.76,OB181389
KMT-2018-BLG-1121,BLG04K0103.057100,18:03:38.39,-29:40:59.99,8286.86775,17.81,0.285,20.54,19.56,19.56,1,1.05,
KMT-2018-BLG-1122,SSO04K0103.070555,18:03:41.30,-29:40:21.90,8201.34515,30.25,0.072,20.72,19.93,19.93,1,1.06,
KMT-2018-BLG-1123,BLG04K0105.060089,18:03:39.67,-29:28:03.40,8191.41476,22.46,0.133,21.0,19.51,19.51,1,0.81,OB180357
KMT-2018-BLG-1124,SAO04K0106.062433,18:03:09.55,-29:19:30.90,8326.24059,26.51,0.164,18.16,19.5,19.5,1,0.95,OB181213 MB18267
KMT-2018-BLG-1125,SAO04K0107.054231,18:03:23.20,-29:09:16.70,8280.82336,27.73,0.105,21.54,19.32,19.32,1,0.91,OB181012
KMT-2018-BLG-1126,SAO04K0201.011204,18:02:56.47,-29:56:38.69,8380.67011,37.48,0.15,21.02,17.84,17.84,1,0.82,OB181735
KMT-2018-BLG-1127,SAO04K0205.038740,18:02:49.12,-29:25:07.72,8256.17947,44.72,0.142,20.4,19.12,19.12,1,1.22,OB180788
KMT-2018-BLG-1128,SAO04K0207.047016,18:02:53.63,-29:12:45.79,8305.10453,73.69,0.425,20.11,19.13,19.13,1,0.93,OB180989 MB18264
KMT-2018-BLG-1129,SAO04K0301.036789,18:02:32.04,-29:56:53.20,8226.41168,28.92,0.239,19.93,19.0,19.0,1,1.0,
KMT-2018-BLG-1130,SSO04K0304.058640,18:02:31.97,-29:30:00.40,8316.84879,15.06,0.51,17.91,19.69,19.69,1,1.32,OB181197 MB18237
KMT-2018-BLG-1131,BLG04K0306.003648,18:02:07.74,-29:15:58.79,8256.75306,34.44,0.086,21.47,16.24,16.24,1,1.2,
KMT-2018-BLG-1132,BLG04K0307.067317,18:02:08.83,-29:11:14.89,8310.59229,48.06,0.249,20.93,19.55,19.55,1,1.14,
KMT-2018-BLG-1133,SAO04K0307.071078,18:01:59.10,-29:08:58.49,8280.03502,45.09,0.052,22.05,19.64,19.64,1,1.2,OB181030
KMT-2018-BLG-1134,SSO04K0401.005506,18:01:49.27,-29:56:21.30,8295.87599,93.05,0.382,16.3,16.99,16.99,1,1.07,OB180243 MB18102
KMT-2018-BLG-1135,SSO04K0403.025013,18:01:51.83,-29:43:21.00,8314.37592,16.21,0.024,21.49,18.52,18.52,1,1.02,
KMT-2018-BLG-1136,SAO04K0404.038582,18:01:54.56,-29:31:56.60,8227.76414,38.81,0.111,20.87,19.28,19.28,1,1.5,
KMT-2018-BLG-1137,BLG04K0405.079433,18:01:30.73,-29:28:19.42,8284.27767,7.61,1.2,17.19,20.0,20.13,1,1.56,OB181041
KMT-2018-BLG-1138,BLG04K0407.093724,18:01:44.48,-29:13:11.10,8335.94035,11.83,0.197,20.19,20.0,20.69,1,1.31,
KMT-2018-BLG-1139,SAO04K0501.018954,18:00:51.37,-29:52:17.80,8374.7586,199.4,0.033,22.5,18.32,18.32,1,1.06,OB181675
KMT-2018-BLG-1140,BLG04K0501.069894,18:01:01.71,-29:52:59.20,8313.69517,12.58,0.054,20.38,19.69,19.69,1,1.04,
KMT-2018-BLG-1141,BLG04K0502.013946,18:01:00.89,-29:51:24.01,8313.34142,42.91,0.011,24.14,18.04,18.04,1,1.07,
KMT-2018-BLG-1142,SSO04K0502.033297,18:01:01.80,-29:52:02.32,8313.77824,8.38,0.058,18.31,18.79,18.79,1,1.06,
KMT-2018-BLG-1143,SAO04K0502.077827,18:01:01.79,-29:51:40.10,8313.41356,3.83,0.249,15.7,19.89,19.89,1,1.06,
KMT-2018-BLG-1144,BLG04K0506.072370,18:01:13.71,-29:16:13.19,8344.41527,21.26,0.078,21.9,19.91,19.91,1,1.5,
KMT-2018-BLG-1145,BLG04K0508.002910,18:01:11.22,-29:05:21.30,8197.89157,102.01,0.435,16.52,15.69,15.69,1,1.26,OB180098 MB18016
KMT-2018-BLG-1146,BLG04K0601.088089,18:00:44.83,-29:54:23.18,8285.18979,40.73,0.017,20.55,20.0,20.32,1,1.05,MB18178
KMT-2018-BLG-1147,BLG04K0602.008625,18:00:30.79,-29:46:00.59,8387.13385,137.37,0.027,20.64,17.45,17.45,1,1.29,OB181652
KMT-2018-BLG-1148,SAO04K0602.030181,18:00:25.68,-29:51:44.10,8281.18861,23.01,0.002,19.52,18.68,18.68,1,1.17,OB180992
KMT-2018-BLG-1149,SAO04K0604.058133,18:00:17.90,-29:32:10.90,8328.13913,5.18,0.06,19.73,19.69,19.69,1,1.42,MB18276
KMT-2018-BLG-1150,BLG04K0605.017766,18:00:23.95,-29:28:04.19,8353.196,44.35,0.322,20.13,18.42,18.42,1,1.31,OB181463
KMT-2018-BLG-1151,BLG04K0606.014426,18:00:20.19,-29:15:23.62,8282.0265,63.82,0.068,21.0,18.14,18.14,1,1.21,
KMT-2018-BLG-1152,BLG04K0608.027510,18:00:35.70,-29:03:31.72,8202.56215,9.85,0.646,18.96,18.42,18.42,1,0.95,
KMT-2018-BLG-1153,SAO04K0703.016371,18:00:07.77,-29:37:31.69,8420.90449,42.46,0.072,19.22,18.25,18.25,1,1.38,OB181795 MB18411
KMT-2018-BLG-1154,BLG04K0704.025448,18:00:02.95,-29:32:22.42,8176.11876,14.51,0.629,17.76,18.77,18.77,1,1.43,
KMT-2018-BLG-1155,BLG04K0705.076774,17:59:55.49,-29:22:33.20,8269.6698,8.33,0.179,20.27,19.97,19.97,1,1.28,OB180956
KMT-2018-BLG-1156,BLG04K0706.027959,18:00:06.19,-29:18:33.52,8383.65792,28.27,0.157,19.31,18.72,18.72,1,1.26,OB181577 MB18383
KMT-2018-BLG-1157,BLG04K0706.027967,17:59:46.39,-29:17:09.71,8242.24659,9.59,0.053,18.98,18.72,18.72,1,1.27,OB180704 MB18138
KMT-2018-BLG-1158,SAO04K0706.036405,18:00:06.10,-29:19:51.10,8312.28543,53.05,0.029,19.63,18.96,18.96,1,1.28,OB181034 MB18211
KMT-2018-BLG-1159,BLG04K0706.037657,17:59:47.18,-29:17:15.40,8218.09813,40.23,0.116,21.28,18.99,18.99,1,1.27,
KMT-2018-BLG-1160,BLG04K0706.060256,18:00:00.36,-29:18:27.90,8242.63181,11.01,0.514,18.64,19.5,19.5,1,1.3,OB180693
KMT-2018-BLG-1161,BLG04K0708.021827,17:59:56.02,-28:59:51.90,8219.59066,193.16,0.006,22.47,18.15,18.15,1,0.93,OB180532
KMT-2018-BLG-1162,BLG04K0801.015130,17:59:22.88,-29:52:52.28,8305.66167,33.23,0.135,22.0,18.17,18.17,1,1.13,OB181208
KMT-2018-BLG-1163,BLG04K0804.065352,17:59:12.94,-29:34:52.39,8209.54342,38.76,0.366,20.78,19.84,19.84,1,1.5,OB180458
KMT-2018-BLG-1164,BLG04K0805.029793,17:59:38.92,-29:28:14.99,8331.74075,6.95,0.282,20.18,18.93,18.93,1,1.61,
KMT-2018-BLG-1165,BLG04K0806.015907,17:59:28.14,-29:15:42.01,8392.81076,28.2,0.309,18.18,18.02,18.02,1,1.15,OB181578 MB18382
KMT-2018-BLG-1166,SSO04K0806.047729,17:59:37.42,-29:17:13.81,8389.14456,2.65,0.124,18.47,19.05,19.05,1,1.24,MB18388
KMT-2018-BLG-1167,BLG04K0807.002502,17:59:37.11,-29:11:28.79,8265.59599,17.11,0.002,21.51,15.35,15.35,1,1.05,OB180937
KMT-2018-BLG-1168,SSO04K0807.004592,17:59:08.87,-29:14:10.72,8213.00646,10.42,0.385,16.55,16.01,16.01,1,1.05,OB180393 MB18068
KMT-2018-BLG-1169,BLG04K0808.066541,17:59:34.21,-29:01:09.80,8330.9656,20.54,0.021,19.95,19.3,19.3,1,1.08,OB181366 MB18275
KMT-2018-BLG-1170,BLG04M0102.013594,18:08:32.25,-29:49:48.68,8396.03709,22.48,0.472,18.16,18.35,18.35,1,0.76,OB181738
KMT-2018-BLG-1171,SAO04M0103.033505,18:08:07.87,-29:42:51.98,8401.11727,25.25,0.115,19.99,19.2,19.2,1,0.79,OB181764 MB18400
KMT-2018-BLG-1172,SSO04M0105.021607,18:08:32.56,-29:28:36.91,8192.99556,16.87,0.088,18.51,18.74,18.74,1,0.92,OB180247 MB18048
KMT-2018-BLG-1173,SAO04M0105.041065,18:08:16.20,-29:28:11.39,8303.92002,40.91,0.038,22.53,19.43,19.43,1,0.93,
KMT-2018-BLG-1174,SSO04M0107.063416,18:08:02.14,-29:11:32.71,8235.07131,20.81,0.043,20.38,20.0,20.05,1,0.82,OB180689 MB18127
KMT-2018-BLG-1175,SSO04M0208.005291,18:07:51.95,-29:03:39.10,8246.4524,29.95,0.572,18.35,17.18,17.18,1,0.65,OB180612
KMT-2018-BLG-1176,SAO04M0305.056205,18:07:02.28,-29:22:41.41,8396.64491,55.98,0.008,22.53,19.86,19.86,1,1.11,
KMT-2018-BLG-1177,SSO04M0403.002642,18:06:22.91,-29:38:27.82,8340.24554,36.6,0.568,16.15,16.16,16.16,1,0.81,OB180943 MB18170
KMT-2018-BLG-1178,SAO04M0407.051486,18:06:29.22,-29:13:08.40,8233.72447,40.65,0.156,21.66,19.5,19.5,1,0.94,
KMT-2018-BLG-1179,SAO04M0504.014138,18:06:03.31,-29:30:42.52,8338.25168,16.51,0.082,19.94,18.2,18.2,1,0.85,OB181396
KMT-2018-BLG-1180,BLG04M0701.001083,18:04:41.65,-29:57:55.12,8159.77944,12.27,0.073,15.05,15.07,15.07,1,0.94,OB180105 MB18036
KMT-2018-BLG-1181,SSO04M0702.020259,18:04:54.09,-29:44:44.48,8191.47001,57.55,0.144,20.06,18.39,18.39,1,0.8,
KMT-2018-BLG-1182,SAO04M0705.007604,18:04:47.27,-29:27:30.20,8169.99745,27.56,0.091,19.83,17.59,17.59,1,1.01,OB180107 MB18028
KMT-2018-BLG-1183,SAO04M0801.008117,18:04:01.06,-29:55:49.91,8305.97717,7.96,0.619,18.67,17.59,17.59,1,0.82,OB181177
KMT-2018-BLG-1184,BLG04M0801.055687,18:04:29.35,-29:54:16.60,8290.98612,25.41,0.149,20.06,19.46,19.46,1,0.78,MB18195
KMT-2018-BLG-1185,SAO04M0802.037172,18:04:09.02,-29:50:52.51,8311.70811,18.83,0.013,19.22,18.95,18.95,1,0.81,OB181228 MB18235
KMT-2018-BLG-1186,SSO04M0803.020584,18:04:07.79,-29:37:09.98,8245.20024,2.93,0.067,19.76,18.48,18.48,1,1.11,
KMT-2018-BLG-1187,SSO04M0806.000316,18:04:11.47,-29:15:54.22,8231.17374,3.86,0.051,17.44,13.55,13.55,1,0.85,
KMT-2018-BLG-1188,BLG04N0107.015706,18:08:27.58,-30:13:27.41,8214.89813,67.58,0.213,20.94,18.65,18.65,1,0.87,OB180482
KMT-2018-BLG-1189,BLG04N0108.041745,18:08:34.63,-30:10:46.09,8230.92008,22.02,0.459,19.68,19.64,19.64,1,0.87,
KMT-2018-BLG-1190,SAO04N0206.040416,18:07:47.15,-30:25:08.11,8403.73696,7.85,0.078,19.92,19.78,19.78,1,0.95,
KMT-2018-BLG-1191,SSO04N0207.027141,18:07:30.30,-30:19:58.26,8357.51272,33.46,0.064,18.66,19.11,19.11,2,0.89,OB181398 MB18319
KMT-2018-BLG-1192,BLG04N0306.020697,18:06:58.20,-30:21:31.10,8202.04831,54.35,0.145,19.19,18.88,18.88,1,0.83,OB180250 MB18080
KMT-2018-BLG-1193,SSO04N0307.016311,18:07:12.53,-30:16:59.02,8201.28298,7.64,0.093,19.15,18.62,18.62,1,0.91,OB180465
KMT-2018-BLG-1194,SAO04N0405.011997,18:06:27.13,-30:30:21.89,8244.57479,35.26,0.345,20.43,18.69,18.69,1,1.1,
KMT-2018-BLG-1195,BLG04N0508.016832,18:06:10.63,-30:13:12.90,8196.82298,7.13,1.967,14.85,18.64,18.64,1,0.91,OB180358
KMT-2018-BLG-1196,SSO04N0603.024383,18:05:15.41,-30:51:45.68,8229.01138,10.52,0.164,19.39,19.18,19.18,1,1.28,
KMT-2018-BLG-1197,BLG04N0606.015065,18:05:15.40,-30:22:11.71,8358.05522,5.33,1.977,16.73,18.71,18.71,1,1.32,
KMT-2018-BLG-1198,BLG04N0607.039828,18:05:21.42,-30:19:03.68,8243.83729,5.59,0.637,18.92,19.44,19.44,1,1.15,
KMT-2018-BLG-1199,SAO04N0801.056902,18:04:18.81,-31:05:16.40,8259.51418,6.35,0.204,20.58,20.0,20.97,1,1.71,
KMT-2018-BLG-1200,BLG04N0808.042014,18:04:11.03,-30:08:33.90,8191.79895,7.25,0.12,20.36,19.29,19.29,1,1.06,
KMT-2018-BLG-1201,BLG04T0106.037062,18:03:17.83,-30:23:08.02,8391.04095,14.18,1.034,18.03,19.22,19.22,1,1.14,
KMT-2018-BLG-1202,BLG04T0107.008325,18:03:36.14,-30:18:25.09,8286.90392,8.64,0.335,17.4,17.77,17.77,1,1.02,OB180991 MB18198
KMT-2018-BLG-1203,BLG04T0107.009232,18:03:19.14,-30:14:37.50,8253.7118,11.24,0.4,18.39,17.88,17.88,1,1.04,OB180745
KMT-2018-BLG-1204,BLG04T0107.011824,18:03:33.43,-30:15:38.48,8365.96529,90.2,0.074,19.91,18.12,18.12,1,1.01,OB181387 MB18351
KMT-2018-BLG-1205,BLG04T0204.019995,18:02:33.14,-30:41:26.09,8333.16147,129.12,0.045,22.52,18.96,18.96,1,1.26,OB181327
KMT-2018-BLG-1206,BLG04T0207.046006,18:02:44.58,-30:14:34.30,8201.27741,25.23,0.512,18.46,19.3,19.3,1,1.01,
KMT-2018-BLG-1207,SAO04T0304.016660,18:02:03.79,-30:40:14.30,8275.83146,10.25,0.089,19.6,18.7,18.7,1,1.27,OB181014
KMT-2018-BLG-1208,SAO04T0305.019095,18:02:24.41,-30:31:39.79,8231.42694,11.91,0.58,19.51,18.58,18.58,1,1.11,OB180646
KMT-2018-BLG-1209,SAO04T0306.058301,18:02:11.76,-30:23:29.90,8304.527,18.17,0.079,20.02,19.54,19.54,1,0.99,OB181176 MB18219
KMT-2018-BLG-1210,SAO04T0307.013334,18:02:19.80,-30:18:14.51,8317.10451,12.57,0.758,18.91,18.16,18.16,1,0.97,OB181285
KMT-2018-BLG-1211,SAO04T0307.014767,18:02:21.84,-30:15:43.99,8320.93104,20.51,0.224,20.42,18.25,18.25,1,0.97,
KMT-2018-BLG-1212,BLG04T0407.011481,18:01:46.95,-30:15:28.19,8259.80446,22.14,0.125,20.05,17.96,17.96,1,1.08,OB180787
KMT-2018-BLG-1213,SSO04T0505.017313,18:01:02.40,-30:29:25.51,8315.57386,17.97,0.026,20.08,18.4,18.4,1,1.05,MB18252
KMT-2018-BLG-1214,SSO04T0506.012483,18:01:21.44,-30:22:50.09,8309.40299,16.45,0.887,18.05,18.12,18.12,1,1.08,OB181169 MB18213
KMT-2018-BLG-1215,SAO04T0604.017975,18:00:29.18,-30:43:42.71,8392.33052,31.0,0.17,21.49,18.8,18.8,1,1.49,OB181732
KMT-2018-BLG-1216,BLG04T0607.001925,18:00:22.85,-30:14:44.48,8318.01944,18.53,0.092,19.45,15.55,15.55,1,1.09,OB181293
KMT-2018-BLG-1217,SSO04T0705.005575,17:59:43.72,-30:29:17.99,8192.15253,12.27,0.061,19.53,17.11,17.11,1,1.42,OB180324 MB18051
KMT-2018-BLG-1218,BLG04T0706.025335,18:00:02.11,-30:22:36.91,8318.26159,96.5,0.144,19.63,18.87,18.87,1,1.27,
KMT-2018-BLG-1219,BLG04T0706.029554,17:59:59.30,-30:21:39.49,8175.81429,28.17,0.198,20.83,19.01,19.01,1,1.32,OB180071
KMT-2018-BLG-1220,SAO04T0708.005114,17:59:46.73,-30:11:33.61,8324.62934,17.0,0.774,17.27,16.8,16.8,1,1.33,OB181167 MB18268
KMT-2018-BLG-1221,BLG04T0708.080593,17:59:37.77,-30:06:09.00,8265.23903,49.25,0.029,21.31,20.0,20.11,1,1.09,OB180860
KMT-2018-BLG-1222,SSO04T0807.022964,17:59:16.85,-30:16:07.50,8206.88628,28.69,0.15,20.16,18.8,18.8,1,1.47,OB180396
KMT-2018-BLG-1223,SAO04T0808.023374,17:59:28.04,-30:10:19.31,8250.77426,48.62,0.202,20.25,18.8,18.8,1,1.45,
KMT-2018-BLG-1224,SAO11K0102.003195,17:26:56.37,-29:45:12.49,8244.58355,36.79,0.137,16.84,16.86,16.86,1,2.25,OB180287
KMT-2018-BLG-1225,BLG11K0207.016916,17:26:40.36,-29:05:03.88,8390.13619,46.77,0.27,19.23,19.59,19.59,2,1.87,OB181688
KMT-2018-BLG-1226,SSO11K0207.035104,17:26:26.04,-29:05:32.57,8220.76409,13.04,0.088,20.06,20.0,20.23,2,1.85,OB180628
KMT-2018-BLG-1227,SAO11K0304.002141,17:26:05.22,-29:24:52.49,8238.41655,29.02,0.706,18.33,16.31,16.31,1,1.67,OB180672
KMT-2018-BLG-1228,BLG11K0405.001535,17:25:13.92,-29:17:53.48,8263.34593,2.09,0.237,15.9,16.14,16.14,1,1.76,OB180893
KMT-2018-BLG-1229,BLG11K0407.005047,17:25:19.98,-29:05:23.10,8216.98859,16.67,1.058,17.39,17.82,17.82,1,1.74,OB180435
KMT-2018-BLG-1230,SSO11K0508.012824,17:24:45.75,-28:58:41.70,8267.18637,44.37,0.14,21.39,19.63,19.63,2,1.9,OB180965
KMT-2018-BLG-1231,SSO11K0606.002588,17:23:54.21,-29:14:08.20,8195.13232,6.93,0.101,15.36,16.47,16.47,1,1.6,OB180288
KMT-2018-BLG-1232,SSO11K0607.044728,17:24:14.40,-29:00:59.62,8213.67487,14.77,0.168,19.96,20.0,20.22,2,1.95,OB180602
KMT-2018-BLG-1233,BLG11K0701.091695,17:23:36.81,-29:52:06.20,8332.1052,196.8,0.017,23.3,20.0,25.0,3,1.83,OB181420
KMT-2018-BLG-1234,SAO11K0702.048064,17:23:46.99,-29:42:56.05,8233.3738,4.14,0.083,20.69,20.0,20.7,2,1.87,
KMT-2018-BLG-1235,SAO11K0803.005927,17:22:46.14,-29:37:40.37,8327.49998,8.89,0.139,20.7,18.71,18.71,2,1.97,
KMT-2018-BLG-1236,BLG11K0807.009175,17:23:14.07,-29:06:48.67,8396.912,41.96,0.249,18.97,19.53,19.53,2,1.82,OB181689
KMT-2018-BLG-1237,BLG11M0205.009358,17:31:38.39,-29:18:02.41,8214.01294,22.13,0.082,21.36,19.64,19.64,2,2.75,OB180561
KMT-2018-BLG-1238,SAO11M0206.051935,17:31:26.70,-29:08:35.05,8180.17467,33.84,0.178,20.63,20.0,21.63,2,3.22,
KMT-2018-BLG-1239,BLG11M0302.079208,17:30:49.04,-29:43:07.25,8350.78493,18.35,0.419,20.45,20.0,21.7,2,2.6,
KMT-2018-BLG-1240,BLG11M0303.063199,17:30:36.10,-29:34:49.69,8169.33434,13.78,0.668,16.71,20.0,21.51,2,2.79,OB180469
KMT-2018-BLG-1241,SSO11M0403.002060,17:30:18.55,-29:33:37.84,8180.86712,23.7,0.316,16.69,16.94,16.94,4,2.39,OB180142
KMT-2018-BLG-1242,SSO11M0501.002864,17:29:26.15,-29:52:03.79,8215.97086,5.11,0.194,16.42,17.09,17.09,2,2.18,OB180526
KMT-2018-BLG-1243,SSO11M0501.013024,17:29:30.90,-29:52:26.83,8215.49095,23.51,0.791,18.7,19.17,19.17,2,2.26,OB180451
KMT-2018-BLG-1244,SSO11M0704.009175,17:28:36.82,-29:25:04.19,8202.96738,29.22,0.536,19.19,18.72,18.72,2,2.19,OB180433
KMT-2018-BLG-1245,SSO11M0705.036332,17:28:34.53,-29:17:38.18,8223.69216,20.7,0.174,19.64,19.84,19.84,1,1.95,
KMT-2018-BLG-1246,SAO11M0803.008949,17:28:09.16,-29:35:36.49,8269.47112,19.51,0.163,18.28,18.32,18.32,1,2.03,OB180800
KMT-2018-BLG-1247,SSO11M0807.066125,17:27:39.51,-29:06:51.66,8195.08678,9.34,0.003,20.47,20.0,21.08,2,1.74,OB180434
KMT-2018-BLG-1248,SSO11N0103.038200,17:31:53.56,-30:41:34.66,8259.75957,34.39,0.072,20.31,20.0,20.75,2,2.64,
KMT-2018-BLG-1249,SSO11N0105.054624,17:31:57.93,-30:27:25.16,8272.85648,118.11,0.023,23.06,20.0,21.4,3,3.06,
KMT-2018-BLG-1250,BLG11N0107.051999,17:31:57.24,-30:13:25.57,8224.27909,58.15,0.075,22.63,20.0,20.71,2,2.5,OB180619
KMT-2018-BLG-1251,BLG11N0108.037738,17:32:15.01,-30:07:08.26,8235.73266,36.18,0.078,20.12,20.0,20.09,2,2.04,
KMT-2018-BLG-1252,SSO11N0304.089892,17:31:04.74,-30:31:22.04,8331.40543,25.13,0.012,22.25,20.0,22.52,2,2.84,
KMT-2018-BLG-1253,SSO11N0306.017186,17:31:08.19,-30:17:25.69,8219.76343,53.42,0.107,20.6,19.79,19.79,2,2.54,OB180487
KMT-2018-BLG-1254,SSO11N0307.002446,17:31:03.48,-30:10:55.67,8380.09528,24.51,0.837,16.7,17.09,17.09,2,2.27,OB181604
KMT-2018-BLG-1255,SAO11N0307.103716,17:30:59.04,-30:10:56.78,8241.66551,31.85,0.079,20.86,20.0,25.0,3,2.18,
KMT-2018-BLG-1256,SAO11N0404.047176,17:30:22.63,-30:36:14.15,8177.45963,46.99,0.091,21.38,20.0,21.28,2,3.22,
KMT-2018-BLG-1257,BLG11N0408.001009,17:30:01.13,-30:04:02.03,8180.65908,35.41,0.524,16.71,16.29,16.29,2,2.26,OB180171
KMT-2018-BLG-1258,SSO11N0501.016381,17:29:44.57,-30:59:34.87,8212.76703,15.67,0.025,20.6,20.0,21.33,2,4.11,OB180543
KMT-2018-BLG-1259,SSO11N0502.003061,17:29:38.47,-30:50:15.83,8228.72834,5.01,1.949,16.9,19.36,19.36,2,4.47,
KMT-2018-BLG-1260,SSO11N0506.091794,17:29:56.73,-30:15:40.00,8229.37855,28.39,0.013,21.21,20.0,22.11,2,2.21,
KMT-2018-BLG-1261,SAO11N0608.029047,17:28:57.82,-30:06:00.58,8244.34984,68.62,0.109,20.09,20.0,20.27,2,2.29,OB180590
KMT-2018-BLG-1262,SAO11N0704.001704,17:28:39.99,-30:33:34.60,8245.69044,11.91,0.978,18.01,17.48,17.48,2,3.04,OB180764
KMT-2018-BLG-1263,SSO11N0801.071562,17:28:11.63,-30:54:16.06,8225.41182,31.11,0.004,20.1,20.0,25.0,3,3.34,
KMT-2018-BLG-1264,SSO11N0805.013132,17:28:11.02,-30:24:04.28,8217.58658,27.32,0.258,20.24,20.0,20.08,2,2.92,OB180525
KMT-2018-BLG-1265,SAO11T0102.001933,17:26:53.07,-30:47:08.56,8248.13035,32.93,0.35,19.39,17.8,17.8,2,3.03,
KMT-2018-BLG-1266,SAO11T0102.010504,17:27:09.23,-30:48:29.41,8255.43483,17.91,0.271,19.96,20.0,20.01,2,2.89,
KMT-2018-BLG-1267,BLG11T0201.010871,17:26:40.59,-30:53:40.92,8227.15988,72.61,0.054,23.29,20.0,20.41,2,3.44,
KMT-2018-BLG-1268,BLG11T0207.106856,17:26:16.80,-30:12:26.60,8258.2381,38.47,0.02,23.41,20.0,26.4,2,2.43,
KMT-2018-BLG-1269,SSO11T0407.014697,17:25:10.95,-30:11:18.74,8268.49565,38.28,0.054,20.5,19.79,19.79,2,2.26,OB180892
KMT-2018-BLG-1270,SAO11T0802.006392,17:22:45.71,-30:47:02.08,8248.29814,12.69,0.189,20.93,19.74,19.74,2,2.87,
KMT-2018-BLG-1271,SAO12K0206.019232,17:26:30.86,-27:04:09.84,8234.29036,39.71,0.243,20.8,20.0,20.59,2,2.27,
KMT-2018-BLG-1272,SSO12K0207.003842,17:26:24.63,-26:58:28.45,8192.47186,144.63,0.099,20.82,19.14,19.14,2,2.37,
KMT-2018-BLG-1273,SAO12K0305.025537,17:25:56.57,-27:09:51.84,8196.74356,61.56,0.191,21.07,20.0,20.63,2,2.06,
KMT-2018-BLG-1274,SSO12M0107.002221,17:31:59.87,-26:58:45.77,8252.97218,9.72,1.726,15.23,18.44,18.44,2,3.37,
KMT-2018-BLG-1275,BLG12M0108.002151,17:31:45.22,-26:48:23.08,8198.08524,61.93,0.222,21.49,18.66,18.66,2,3.48,
KMT-2018-BLG-1276,BLG12M0202.002757,17:31:14.25,-27:37:05.16,8214.71507,8.18,0.599,16.98,17.47,17.47,2,2.33,OB180538
KMT-2018-BLG-1277,BLG12M0305.093011,17:30:48.30,-27:11:29.87,8276.5026,23.81,0.112,22.17,20.0,25.0,3,2.86,
KMT-2018-BLG-1278,SSO12M0501.020765,17:29:43.07,-27:39:15.95,8240.67669,20.68,0.318,19.54,20.0,20.37,2,2.6,
KMT-2018-BLG-1279,SSO12N0206.014254,17:31:26.93,-28:15:40.10,8249.31506,11.39,0.422,19.59,19.63,19.63,2,2.21,OB180792
KMT-2018-BLG-1280,BLG12N0302.054869,17:30:46.57,-28:45:47.81,8327.11174,34.37,0.134,20.92,20.0,21.04,2,2.44,OB181417
KMT-2018-BLG-1281,SSO12N0403.004366,17:30:34.49,-28:36:22.25,8236.73183,42.04,0.443,16.83,17.65,17.65,2,2.02,
KMT-2018-BLG-1282,SAO12N0603.054577,17:29:16.53,-28:36:44.89,8191.63014,154.12,0.039,21.25,20.0,20.66,2,1.96,OB180141 OB180208
KMT-2018-BLG-1283,BLG12N0608.027930,17:29:16.73,-27:57:33.48,8335.5474,26.42,0.208,21.39,20.0,20.38,2,2.44,OB181461
KMT-2018-BLG-1284,SAO12N0703.105002,17:28:33.23,-28:31:59.84,8261.98089,35.17,0.114,21.32,20.0,25.0,3,2.1,OB180846
KMT-2018-BLG-1285,BLG12T0102.030851,17:26:55.08,-28:44:24.90,8229.15487,46.64,0.067,22.01,20.0,20.39,2,2.12,OB180690
KMT-2018-BLG-1286,SSO12T0103.012266,17:27:04.70,-28:34:32.27,8213.15749,157.49,0.011,22.37,19.57,19.57,2,1.98,OB180511
KMT-2018-BLG-1287,BLG12T0305.072626,17:25:58.76,-28:20:03.98,8249.49221,124.2,0.097,21.79,20.0,22.23,2,2.28,
KMT-2018-BLG-1288,BLG12T0402.024556,17:25:41.38,-28:42:58.57,8262.35784,76.14,0.123,21.99,20.0,20.38,2,2.21,OB180863
KMT-2018-BLG-1289,SAO12T0402.043511,17:25:40.31,-28:44:46.54,8305.05683,19.88,0.139,21.9,20.0,20.98,2,2.13,
KMT-2018-BLG-1290,BLG12T0404.010452,17:25:38.80,-28:26:23.57,8176.15491,28.91,0.238,20.2,19.75,19.75,2,2.48,OB180307
KMT-2018-BLG-1291,BLG13K0107.039226,17:34:40.03,-33:26:56.08,8364.69878,31.29,0.441,20.23,20.0,21.79,2,4.57,
KMT-2018-BLG-1292,SAO13K0207.004033,17:33:42.62,-33:31:14.41,8404.96326,45.62,0.458,18.11,18.57,18.57,2,5.18,
KMT-2018-BLG-1293,SSO13M0105.037283,17:39:18.99,-33:45:25.96,8244.77438,80.11,0.06,20.55,20.0,21.68,2,3.41,
KMT-2018-BLG-1294,BLG13M0108.004322,17:39:21.60,-33:21:46.80,8339.32457,89.82,0.119,21.08,18.5,18.5,2,3.22,OB181432
KMT-2018-BLG-1295,SAO13M0306.029206,17:38:17.70,-33:38:16.08,8275.43946,14.44,0.73,18.81,20.0,20.89,2,3.14,
KMT-2018-BLG-1296,SSO13M0308.030276,17:38:04.78,-33:22:12.97,8222.51118,21.5,0.21,20.05,20.0,21.61,2,4.05,OB180630
KMT-2018-BLG-1297,SSO13M0406.046450,17:37:51.11,-33:32:16.44,8260.58004,5.34,0.101,20.02,20.0,21.42,2,3.43,
KMT-2018-BLG-1298,SAO13M0506.005398,17:37:10.65,-33:33:15.48,8275.30801,8.79,1.607,16.52,18.62,18.62,2,3.74,OB180954
KMT-2018-BLG-1299,SSO13M0601.054879,17:36:42.39,-34:12:02.92,8331.25275,53.27,0.337,20.08,20.0,22.18,2,3.23,
KMT-2018-BLG-1300,SSO13M0602.034898,17:36:27.26,-34:06:11.63,8211.14101,50.88,0.059,22.67,20.0,21.57,2,3.66,
KMT-2018-BLG-1301,SSO13N0101.016157,17:39:31.74,-35:20:11.54,8339.58851,15.06,0.065,19.17,19.83,19.83,2,2.07,OB181412
KMT-2018-BLG-1302,SSO13N0102.002338,17:39:23.26,-35:16:01.88,8301.60263,119.39,0.295,17.98,16.95,16.95,2,1.95,OB180658
KMT-2018-BLG-1303,SSO13N0201.038248,17:38:44.12,-35:19:01.78,8269.65768,68.59,0.146,20.51,20.0,20.7,2,2.19,OB180925
KMT-2018-BLG-1304,SAO13N0202.053123,17:38:43.45,-35:15:00.36,8394.31309,75.9,0.071,20.38,20.0,21.07,2,2.03,
KMT-2018-BLG-1305,SAO13N0401.004783,17:37:39.30,-35:20:44.63,8417.38352,68.61,0.06,17.94,18.34,18.34,2,2.7,OB181523
KMT-2018-BLG-1306,SAO13N0408.028014,17:37:41.45,-34:28:15.42,8180.94567,8.56,0.24,19.63,20.0,20.76,2,3.07,
KMT-2018-BLG-1307,SAO13N0503.005803,17:36:50.55,-35:04:50.23,8371.41183,32.77,0.661,17.94,18.91,18.91,2,3.23,
KMT-2018-BLG-1308,SSO13N0508.065891,17:37:13.41,-34:27:20.81,8312.59446,28.9,0.034,21.47,20.0,22.0,2,3.13,
KMT-2018-BLG-1309,SSO13N0601.009977,17:36:44.74,-35:21:12.85,8231.30194,38.14,0.142,20.16,20.0,20.27,2,3.39,
KMT-2018-BLG-1310,BLG13N0603.024494,17:36:27.24,-35:08:07.30,8319.50563,45.8,0.083,22.32,20.0,21.25,2,3.3,
KMT-2018-BLG-1311,BLG13T0107.020872,17:34:09.75,-34:37:20.46,8309.24975,59.29,0.131,21.94,20.0,21.42,2,4.31,
KMT-2018-BLG-1312,SAO13T0108.006291,17:34:31.48,-34:28:20.64,8308.13823,28.25,0.548,18.63,19.39,19.39,2,3.81,
KMT-2018-BLG-1313,BLG13T0801.003969,17:30:13.37,-35:22:06.96,8204.53053,155.25,0.136,20.64,20.0,20.7,2,8.35,
KMT-2018-BLG-1314,SAO14K0101.000432,17:36:38.35,-28:48:42.19,8381.13983,69.27,0.171,20.38,15.87,15.87,2,3.13,
KMT-2018-BLG-1315,SAO14K0101.036729,17:36:10.45,-28:46:04.66,8327.05269,67.14,0.093,21.17,20.0,20.82,2,2.97,OB181290
KMT-2018-BLG-1316,BLG14K0104.006321,17:36:23.32,-28:21:35.35,8175.52263,24.68,0.539,17.88,19.1,19.1,2,3.75,OB180161
KMT-2018-BLG-1317,BLG14K0201.024568,17:35:47.62,-28:48:36.76,8184.76207,10.73,0.604,19.98,20.0,20.43,2,3.26,
KMT-2018-BLG-1318,BLG14K0302.011373,17:35:08.00,-28:40:21.97,8356.25361,197.74,0.016,24.3,19.31,19.31,2,2.9,
KMT-2018-BLG-1319,SAO14K0402.035267,17:34:56.57,-28:38:26.70,8302.40772,11.0,0.051,22.2,20.0,20.88,2,2.79,
KMT-2018-BLG-1320,BLG14K0502.003630,17:34:21.13,-28:40:07.32,8258.06207,27.24,0.018,23.27,18.59,18.59,2,3.45,
KMT-2018-BLG-1321,BLG14K0601.059631,17:33:18.46,-28:49:02.96,8191.56121,34.6,0.08,23.06,20.0,21.98,2,3.28,
KMT-2018-BLG-1322,BLG14K0602.001290,17:33:27.66,-28:42:51.12,8180.11323,49.54,0.275,19.28,17.75,17.75,2,4.17,OB180160
KMT-2018-BLG-1323,BLG14K0703.010787,17:33:06.51,-28:30:59.18,8136.05749,162.36,0.086,21.25,19.76,19.76,2,2.98,OB180162
KMT-2018-BLG-1324,BLG14K0706.098550,17:32:51.37,-28:06:28.55,8256.13401,1.4,1.066,17.67,20.0,22.55,2,2.77,
KMT-2018-BLG-1325,BLG14K0707.023849,17:33:14.12,-28:04:31.80,8179.34282,35.74,0.092,21.64,20.0,20.48,2,2.63,OB180265
KMT-2018-BLG-1326,BLG14K0802.052774,17:32:29.29,-28:36:42.62,8227.24114,31.32,0.077,23.43,20.0,21.61,2,3.46,
KMT-2018-BLG-1327,SSO14M0101.031246,17:41:11.46,-28:43:45.98,8216.43965,14.39,0.075,21.39,20.0,22.17,2,5.22,
KMT-2018-BLG-1328,SAO14M0103.075816,17:41:20.64,-28:31:39.58,8228.4472,2.55,0.114,21.62,20.0,25.0,3,4.46,
KMT-2018-BLG-1329,SSO14M0105.058858,17:41:25.06,-28:14:03.12,8227.01862,11.75,0.091,21.81,20.0,22.01,2,3.93,
KMT-2018-BLG-1330,SSO14M0202.036036,17:40:39.34,-28:41:47.26,8320.55389,26.46,0.141,21.83,20.0,21.71,2,4.85,
KMT-2018-BLG-1331,SSO14M0203.027922,17:40:36.59,-28:31:41.12,8206.334,22.08,0.502,20.56,20.0,21.35,2,4.43,
KMT-2018-BLG-1332,BLG14M0203.039061,17:40:44.17,-28:27:56.45,8193.86264,2.41,0.229,20.52,20.0,21.75,2,4.3,
KMT-2018-BLG-1333,BLG14M0206.015643,17:40:33.57,-28:08:18.89,8254.45572,9.44,0.195,20.11,20.0,20.36,2,4.13,
KMT-2018-BLG-1334,BLG14M0401.057528,17:39:40.98,-28:48:38.56,8202.67185,11.18,0.023,21.97,20.0,22.57,2,4.78,
KMT-2018-BLG-1335,SSO14M0407.006338,17:39:35.99,-27:58:45.70,8220.03372,3.23,0.383,17.7,18.19,18.19,2,3.14,OB180592
KMT-2018-BLG-1336,BLG14M0407.069963,17:39:34.15,-27:59:52.04,8210.40935,21.33,0.077,22.05,20.0,21.42,2,3.12,
KMT-2018-BLG-1337,SAO14M0504.002920,17:39:08.89,-28:25:27.08,8231.78316,20.3,0.161,18.95,17.58,17.58,4,3.27,
KMT-2018-BLG-1338,SSO14M0506.005051,17:39:03.02,-28:09:31.28,8181.12644,4.77,0.103,16.99,17.85,17.85,2,2.88,
KMT-2018-BLG-1339,BLG14M0507.029537,17:38:52.00,-28:01:24.89,8240.67173,20.66,0.142,20.87,20.0,20.33,3,2.85,
KMT-2018-BLG-1340,BLG14M0507.048419,17:38:44.50,-28:00:10.12,8250.2807,11.15,0.054,20.4,20.0,20.85,2,2.79,
KMT-2018-BLG-1341,BLG14M0601.005835,17:38:25.57,-28:47:50.42,8229.28224,11.97,0.566,18.52,18.64,18.64,2,3.77,OB180618
KMT-2018-BLG-1342,SSO14M0601.042608,17:38:19.59,-28:48:15.98,8217.98832,3.7,0.108,21.34,20.0,21.39,2,3.79,
KMT-2018-BLG-1343,BLG14M0707.024602,17:37:35.12,-28:04:07.79,8225.27406,22.23,0.046,21.04,20.0,20.68,2,3.42,
KMT-2018-BLG-1344,SAO14M0803.003186,17:37:24.14,-28:34:49.37,8232.94884,2.75,0.177,20.45,17.97,17.97,2,3.24,
KMT-2018-BLG-1345,BLG14M0803.024045,17:37:19.59,-28:31:06.20,8228.24285,4.98,0.156,21.56,20.0,20.63,2,3.39,
KMT-2018-BLG-1346,BLG14M0805.003882,17:37:28.75,-28:13:49.30,8224.16302,70.15,0.347,18.2,18.83,18.83,2,3.95,OB180263
KMT-2018-BLG-1347,BLG14N0208.004747,17:40:57.81,-28:57:29.34,8207.63961,22.06,0.093,20.44,20.0,21.32,2,6.78,
KMT-2018-BLG-1348,SAO14N0507.006107,17:38:44.82,-29:04:45.88,8322.0184,49.1,0.138,20.07,19.39,19.39,2,4.24,
KMT-2018-BLG-1349,SAO14N0603.016463,17:38:13.90,-29:40:23.23,8254.25153,17.27,0.022,23.49,20.0,20.58,2,3.95,
KMT-2018-BLG-1350,SAO14N0701.020669,17:38:01.46,-29:51:30.24,8355.44266,124.63,0.048,22.9,20.0,21.14,2,4.34,
KMT-2018-BLG-1351,SSO14N0707.021494,17:37:35.03,-29:07:09.98,8280.96717,23.77,0.133,19.87,20.0,20.16,2,3.15,OB181006
KMT-2018-BLG-1352,SSO14N0708.014117,17:37:43.10,-29:04:39.58,8232.1417,28.75,0.023,22.49,19.66,19.66,2,3.14,
KMT-2018-BLG-1353,SSO14N0802.052066,17:37:08.35,-29:45:56.66,8241.45946,43.79,0.123,18.55,20.0,21.83,2,3.95,OB180447
KMT-2018-BLG-1354,SAO14N0803.005872,17:37:08.28,-29:42:32.94,8188.75509,69.59,0.009,21.39,18.84,18.84,2,3.94,OB180298
KMT-2018-BLG-1355,BLG14N0804.004964,17:37:26.35,-29:33:09.65,8156.76931,20.64,1.678,16.12,18.52,18.52,2,3.68,OB180164
KMT-2018-BLG-1356,BLG14N0808.001597,17:37:17.34,-29:00:42.77,8107.13342,47.12,0.04,16.28,17.07,17.07,2,3.3,OB180233
KMT-2018-BLG-1357,BLG14T0102.022431,17:36:22.67,-29:48:50.04,8232.5617,25.68,0.263,21.55,20.0,20.93,2,3.81,
KMT-2018-BLG-1358,SAO14T0103.047452,17:36:11.42,-29:36:13.57,8226.58479,50.36,0.203,21.52,20.0,21.49,2,3.46,
KMT-2018-BLG-1359,BLG14T0107.031871,17:36:20.35,-29:04:54.23,8220.912,21.05,0.589,20.14,20.0,20.64,2,3.08,OB180588
KMT-2018-BLG-1360,SSO14T0203.000676,17:35:40.88,-29:41:08.63,8331.58498,30.1,0.732,16.74,16.13,16.13,2,3.03,OB181236
KMT-2018-BLG-1361,BLG14T0208.033145,17:35:44.96,-28:59:13.38,8169.99854,13.32,0.094,19.41,20.0,20.76,2,3.29,OB180159
KMT-2018-BLG-1362,SSO14T0304.109123,17:35:20.99,-29:31:22.04,8196.40536,14.04,0.127,20.78,20.0,25.0,3,3.15,
KMT-2018-BLG-1363,BLG14T0306.021964,17:35:08.89,-29:17:48.77,8194.59629,4.35,0.1,21.07,20.0,20.95,2,3.73,
KMT-2018-BLG-1364,BLG14T0306.059210,17:35:27.75,-29:14:44.74,8247.57837,4.77,0.076,21.4,20.0,22.02,2,3.77,
KMT-2018-BLG-1365,SAO14T0402.018392,17:34:45.84,-29:48:55.22,8231.40836,32.44,0.386,21.45,19.99,19.99,2,3.06,
KMT-2018-BLG-1366,BLG14T0408.053301,17:34:48.45,-28:59:15.68,8191.1031,20.79,0.141,20.82,20.0,21.31,2,3.06,
KMT-2018-BLG-1367,SSO14T0503.025170,17:34:01.21,-29:35:37.14,8388.01951,6.53,0.009,19.04,20.0,20.2,2,2.73,
KMT-2018-BLG-1368,BLG14T0808.074415,17:32:27.66,-29:03:39.85,8208.74612,30.51,0.09,21.95,20.0,22.22,2,3.01,
KMT-2018-BLG-1369,BLG15K0203.004332,17:35:47.11,-26:27:39.02,8385.37435,90.44,0.329,19.43,18.57,18.57,2,2.71,OB181436
KMT-2018-BLG-1370,SAO15K0208.018084,17:35:40.36,-25:46:10.74,8244.46294,17.25,0.079,21.86,20.0,20.8,2,3.06,
KMT-2018-BLG-1371,BLG15K0306.058577,17:35:05.91,-25:58:17.76,8195.75559,115.07,0.029,23.93,20.0,22.48,2,4.2,
KMT-2018-BLG-1372,BLG15K0603.001813,17:33:29.46,-26:22:50.56,8249.89429,185.74,0.284,20.46,17.6,17.6,2,2.82,OB180698
KMT-2018-BLG-1373,BLG15K0701.001857,17:32:58.72,-26:39:32.11,8241.01433,13.49,0.319,18.58,17.65,17.65,2,2.9,
KMT-2018-BLG-1374,SSO15M0104.073574,17:41:07.12,-26:19:20.64,8185.37323,90.56,0.016,21.0,20.0,21.78,2,3.01,OB180153
KMT-2018-BLG-1375,BLG15M0105.032011,17:41:19.26,-26:07:47.53,8211.10396,106.04,0.081,22.31,20.0,20.75,2,2.86,
KMT-2018-BLG-1376,SSO15M0108.002352,17:40:58.08,-25:47:00.20,8222.75079,55.02,0.197,20.05,17.37,17.37,2,2.79,OB180512
KMT-2018-BLG-1377,BLG15M0202.044713,17:40:26.56,-26:30:34.34,8368.67819,82.55,0.035,20.7,20.0,20.98,2,2.73,
KMT-2018-BLG-1378,SSO15M0204.002011,17:40:41.03,-26:14:07.33,8135.78382,55.68,0.037,16.13,17.34,17.34,2,2.77,OB180155
KMT-2018-BLG-1379,BLG15M0206.034865,17:40:20.53,-26:03:07.45,8178.01824,24.97,0.188,20.28,20.0,20.85,3,2.73,OB180215
KMT-2018-BLG-1380,SSO15M0206.063017,17:40:30.18,-25:58:56.39,8215.19747,17.62,0.102,21.03,20.0,21.5,2,2.87,
KMT-2018-BLG-1381,BLG15M0206.091177,17:40:32.84,-25:59:43.40,8205.54375,22.76,0.101,21.48,20.0,22.34,2,2.85,
KMT-2018-BLG-1382,BLG15M0302.044961,17:40:11.36,-26:35:09.64,8339.3895,12.56,0.083,22.54,20.0,20.85,2,2.62,
KMT-2018-BLG-1383,BLG15M0304.088283,17:40:11.76,-26:16:37.45,8257.13603,10.37,0.046,22.49,20.0,21.79,2,2.64,
KMT-2018-BLG-1384,SSO15M0305.003542,17:39:58.90,-26:08:04.70,8223.70726,35.07,0.374,18.97,17.74,17.74,2,2.55,OB180541
KMT-2018-BLG-1385,SAO15M0407.038736,17:39:41.60,-25:56:44.45,8179.00297,49.62,0.011,20.85,20.0,21.2,3,2.68,
KMT-2018-BLG-1386,SAO15M0501.101377,17:38:52.51,-26:37:00.23,8227.16025,36.37,0.03,21.45,20.0,25.0,3,3.12,
KMT-2018-BLG-1387,SSO15M0503.037261,17:38:41.45,-26:27:24.01,8227.90697,5.89,0.002,21.16,20.0,21.01,2,3.25,
KMT-2018-BLG-1388,SSO15M0505.018975,17:38:44.89,-26:05:43.22,8225.17934,9.76,0.018,21.86,20.0,20.34,2,3.33,
KMT-2018-BLG-1389,SAO15M0603.082837,17:38:26.06,-26:26:42.50,8197.83877,37.22,0.043,21.69,20.0,22.2,2,3.32,
KMT-2018-BLG-1390,BLG15M0708.036136,17:37:39.34,-25:49:05.23,8294.96557,14.15,0.229,21.12,20.0,22.24,2,3.92,
KMT-2018-BLG-1391,BLG15M0804.001701,17:37:11.76,-26:13:12.58,8162.84641,11.76,0.084,17.94,17.65,17.65,2,3.2,
KMT-2018-BLG-1392,BLG15N0104.092962,17:41:04.10,-27:27:11.74,8337.01624,42.17,0.402,21.1,20.0,22.45,3,3.28,
KMT-2018-BLG-1393,BLG15N0106.009130,17:40:58.35,-27:10:43.28,8156.93446,50.84,0.061,19.47,19.3,19.3,2,3.2,OB180176
KMT-2018-BLG-1394,BLG15N0107.004000,17:41:24.34,-27:01:48.40,8240.37449,11.94,0.279,18.58,18.78,18.78,2,3.9,OB180675
KMT-2018-BLG-1395,SSO15N0205.022662,17:40:32.02,-27:18:54.18,8230.43507,57.47,0.039,21.13,20.0,20.4,2,3.21,OB180594
KMT-2018-BLG-1396,SAO15N0303.035418,17:40:08.83,-27:32:46.82,8182.73725,23.7,0.068,20.38,20.0,20.71,2,3.06,
KMT-2018-BLG-1397,SAO15N0303.090269,17:40:17.40,-27:29:38.94,8235.66749,59.68,0.006,23.24,20.0,21.92,2,3.17,OB180721
KMT-2018-BLG-1398,SSO15N0305.059462,17:40:16.30,-27:19:29.96,8264.48134,14.85,0.014,22.03,20.0,21.18,2,3.08,OB180930
KMT-2018-BLG-1399,SSO15N0308.020924,17:40:05.87,-26:49:57.83,8198.24975,10.42,0.107,20.89,20.0,20.95,2,3.2,OB180453
KMT-2018-BLG-1400,BLG15N0402.040402,17:39:21.12,-27:40:31.37,8222.33451,23.03,0.082,21.27,20.0,20.79,2,2.94,OB180593
KMT-2018-BLG-1401,SSO15N0404.036182,17:39:18.26,-27:26:45.85,8220.48958,37.83,0.058,20.53,20.0,20.42,2,2.35,OB180527
KMT-2018-BLG-1402,BLG15N0501.040582,17:39:02.54,-27:46:22.87,8243.75174,29.87,0.082,22.15,20.0,20.53,2,2.9,
KMT-2018-BLG-1403,SSO15N0504.019230,17:38:53.94,-27:22:55.52,8196.13362,8.72,0.254,20.48,19.56,19.56,2,2.34,
KMT-2018-BLG-1404,BLG15N0601.017767,17:38:13.50,-27:45:59.22,8205.1534,21.86,0.094,21.96,19.73,19.73,2,2.67,
KMT-2018-BLG-1405,SAO15N0603.004234,17:38:16.45,-27:28:39.04,8184.17485,8.25,0.01,16.97,17.71,17.71,2,2.55,OB180220
KMT-2018-BLG-1406,SAO15N0607.040903,17:38:25.52,-27:01:43.86,8228.35543,24.91,0.148,21.9,20.0,21.03,2,3.04,OB180659
KMT-2018-BLG-1407,SSO15N0704.041667,17:37:38.34,-27:22:04.44,8224.36554,170.2,0.101,21.36,20.0,21.18,2,3.06,OB180351
KMT-2018-BLG-1408,SAO15N0706.097276,17:38:02.31,-27:07:27.80,8310.51779,20.77,0.076,21.62,20.0,21.98,2,2.91,OB181232
KMT-2018-BLG-1409,SAO15N0804.042100,17:37:29.99,-27:24:14.98,8205.18962,18.99,0.079,20.86,20.0,21.02,2,3.06,OB180430
KMT-2018-BLG-1410,BLG15N0805.004669,17:37:06.67,-27:14:46.18,8258.18794,4.49,1.11,17.61,18.09,18.09,2,2.91,OB180806
KMT-2018-BLG-1411,BLG15T0102.058155,17:36:12.33,-27:40:47.86,8248.2838,67.9,0.082,23.01,20.0,21.52,2,3.11,OB180772
KMT-2018-BLG-1412,SSO15T0105.001484,17:36:18.69,-27:16:44.40,8230.93845,58.07,0.047,22.12,16.09,16.09,1,2.22,
KMT-2018-BLG-1413,BLG15T0105.002766,17:36:11.91,-27:17:16.69,8228.36057,45.29,0.127,21.18,16.57,16.57,1,2.24,OB180601
KMT-2018-BLG-1414,SSO15T0108.013030,17:36:22.46,-26:56:07.69,8221.49338,52.08,0.012,22.43,19.2,19.2,1,2.48,OB180587
KMT-2018-BLG-1415,SSO15T0203.002008,17:35:53.77,-27:31:58.08,8374.99509,84.82,0.19,17.47,17.27,17.27,2,2.66,MB18221
KMT-2018-BLG-1416,SAO15T0207.042313,17:35:45.96,-27:00:14.51,8279.72851,5.63,0.492,20.73,20.0,20.0,1,2.06,
KMT-2018-BLG-1417,BLG15T0305.043761,17:35:21.02,-27:20:31.49,8183.17715,20.68,0.097,20.25,20.0,20.06,1,2.44,
KMT-2018-BLG-1418,BLG15T0306.006368,17:35:15.28,-27:12:28.19,8202.38264,33.05,0.094,22.07,17.6,17.6,1,2.19,
KMT-2018-BLG-1419,BLG15T0307.055276,17:35:12.31,-27:04:38.21,8233.16541,20.58,0.141,22.55,20.0,20.3,1,2.09,
KMT-2018-BLG-1420,BLG15T0403.009469,17:34:55.44,-27:34:13.66,8214.11882,162.37,0.061,22.97,19.43,19.43,2,2.51,
KMT-2018-BLG-1421,SSO15T0507.002632,17:33:52.25,-27:00:36.54,8235.26685,64.26,0.421,17.77,17.2,17.2,2,2.84,OB180205 MB18079
KMT-2018-BLG-1422,BLG15T0508.022275,17:33:52.94,-26:54:44.50,8204.78795,10.61,0.335,19.88,19.97,19.97,2,2.33,OB180431
KMT-2018-BLG-1423,SAO15T0703.046763,17:33:00.50,-27:31:30.76,8190.4839,22.59,0.009,21.87,20.0,21.26,2,2.84,
KMT-2018-BLG-1424,BLG15T0705.068454,17:33:04.96,-27:14:40.88,8224.77927,15.53,0.109,21.25,20.0,21.78,2,2.76,
KMT-2018-BLG-1425,BLG15T0803.003872,17:32:19.14,-27:34:05.23,8252.92055,9.29,0.381,17.62,18.31,18.31,2,2.56,OB180747
KMT-2018-BLG-1426,SSO16K0203.027565,17:36:04.94,-24:21:36.72,8264.74635,22.65,0.13,20.25,20.0,20.8,3,2.31,OB180931
KMT-2018-BLG-1427,BLG16K0608.006378,17:33:50.12,-23:40:25.00,8241.33398,42.46,0.15,18.47,19.11,19.11,2,1.66,OB180437
KMT-2018-BLG-1428,SSO16M0103.002085,17:41:17.60,-24:20:05.71,8200.6115,190.88,0.362,17.09,16.26,16.26,1,1.67,OB180369
KMT-2018-BLG-1429,SAO16M0205.014161,17:40:34.26,-24:03:07.99,8237.70843,24.71,0.091,20.55,19.57,19.57,3,2.07,
KMT-2018-BLG-1430,BLG16M0301.008421,17:39:57.16,-24:31:18.16,8227.3065,13.25,0.218,18.68,19.24,19.24,2,2.2,OB180629
KMT-2018-BLG-1431,BLG16M0305.042974,17:40:12.63,-24:03:14.87,8246.43481,9.84,0.252,21.07,20.0,20.73,2,2.08,OB180795
KMT-2018-BLG-1432,BLG16M0305.069784,17:40:21.73,-24:02:22.31,8326.10424,65.75,0.11,21.79,20.0,21.76,3,2.08,
KMT-2018-BLG-1433,SAO16M0702.005614,17:38:08.97,-24:27:09.83,8320.79394,29.5,0.71,17.71,18.55,18.55,2,1.86,OB181136
KMT-2018-BLG-1434,SAO16M0704.043121,17:38:03.71,-24:07:52.54,8249.66716,10.14,0.035,19.17,20.0,20.65,2,1.77,OB180773
KMT-2018-BLG-1435,SSO16M0804.037298,17:37:29.03,-24:09:44.32,8197.10236,14.72,0.039,20.67,20.0,20.8,2,1.99,OB180473
KMT-2018-BLG-1436,SSO16M0804.065456,17:37:35.96,-24:12:22.46,8210.96829,28.28,0.053,21.9,20.0,21.75,2,2.06,
KMT-2018-BLG-1437,SSO16N0103.006369,17:41:13.00,-25:22:27.88,8260.88563,3.51,0.034,18.05,18.72,18.72,2,2.62,
KMT-2018-BLG-1438,SAO16N0208.019751,17:40:39.06,-24:45:44.39,8176.90858,7.11,0.096,20.1,19.67,19.67,1,2.7,
KMT-2018-BLG-1439,BLG16N0302.029404,17:39:57.39,-25:29:32.06,8174.1744,25.44,0.069,20.45,20.0,20.76,2,2.93,
KMT-2018-BLG-1440,BLG16N0304.057812,17:39:59.19,-25:14:19.28,8194.55787,63.97,0.085,21.32,20.0,21.49,2,2.74,
KMT-2018-BLG-1441,SSO16N0308.014546,17:40:01.22,-24:47:03.30,8223.20024,21.17,0.099,21.55,20.0,20.26,2,2.88,
KMT-2018-BLG-1442,BLG16N0404.041294,17:39:29.71,-25:19:27.23,8174.23197,38.45,0.082,21.98,20.0,21.05,2,2.75,
KMT-2018-BLG-1443,BLG16N0407.014354,17:39:33.22,-24:55:53.08,8216.70156,10.61,0.301,19.69,20.0,20.25,2,2.75,
KMT-2018-BLG-1444,SAO16N0607.025815,17:38:42.98,-24:53:03.44,8264.02244,15.09,0.016,20.48,20.0,20.41,2,2.34,
KMT-2018-BLG-1445,BLG16T0208.012297,17:36:05.32,-24:46:03.94,8237.54559,30.37,0.224,20.02,20.0,20.19,2,2.44,OB180631
KMT-2018-BLG-1446,BLG16T0306.038775,17:35:23.35,-25:04:04.98,8251.30087,91.19,0.022,22.54,20.0,21.95,2,3.57,
KMT-2018-BLG-1447,SSO17K0105.017136,17:44:15.38,-32:34:20.28,8262.47724,19.59,0.041,20.91,20.0,21.89,2,5.84,OB180875
KMT-2018-BLG-1448,SSO17K0108.004276,17:44:09.66,-32:17:03.16,8215.80599,23.93,0.094,21.63,20.0,20.24,2,5.75,
KMT-2018-BLG-1449,BLG17K0108.008297,17:44:25.76,-32:13:01.38,8254.45173,23.54,0.282,20.36,20.0,21.11,2,5.1,
KMT-2018-BLG-1450,SAO17K0201.038263,17:43:51.68,-33:06:26.86,8229.11252,5.5,0.107,20.77,20.0,21.56,2,3.67,
KMT-2018-BLG-1451,BLG17K0504.041855,17:41:56.80,-32:46:50.05,8283.81775,16.2,0.069,21.7,20.0,21.41,2,3.31,
KMT-2018-BLG-1452,BLG17K0705.021003,17:40:31.65,-32:39:10.55,8255.12894,7.91,0.188,21.79,20.0,21.5,2,4.88,
KMT-2018-BLG-1453,BLG17K0708.034550,17:40:34.10,-32:14:29.47,8195.09448,14.87,0.282,21.64,20.0,22.41,2,5.52,
KMT-2018-BLG-1454,BLG17M0201.055019,17:48:56.34,-33:09:44.71,8188.03705,20.07,0.42,20.67,20.0,20.34,1,1.84,
KMT-2018-BLG-1455,SSO17M0204.049269,17:48:28.30,-32:41:11.62,8199.45253,45.87,0.102,20.6,20.0,21.08,2,3.04,OB180449
KMT-2018-BLG-1456,SSO17M0207.006004,17:48:29.90,-32:25:01.52,8224.28557,14.2,0.422,19.12,19.72,19.72,2,3.94,OB180559 OB180697
KMT-2018-BLG-1457,SSO17M0405.003036,17:47:39.26,-32:39:31.64,8183.49382,24.72,0.222,17.38,18.16,18.16,2,2.94,OB180300
KMT-2018-BLG-1458,SSO17M0602.004799,17:46:24.57,-32:56:59.93,8376.3867,11.48,0.023,22.39,18.53,18.53,4,3.12,
KMT-2018-BLG-1459,BLG17N0208.004268,17:48:53.74,-33:19:05.02,8128.79517,43.39,0.043,17.68,17.09,17.09,1,1.97,OB180045
KMT-2018-BLG-1460,BLG17N0208.049181,17:48:35.10,-33:20:24.11,8287.16104,1.87,0.185,19.92,20.0,20.09,1,1.87,
KMT-2018-BLG-1461,SSO17N0208.051515,17:48:45.28,-33:18:48.71,8181.88019,32.81,0.004,20.07,20.0,20.16,1,1.87,OB180188
KMT-2018-BLG-1462,SAO17N0301.027821,17:48:13.67,-34:15:39.82,8230.35223,39.73,0.075,21.75,19.32,19.32,1,1.53,
KMT-2018-BLG-1463,BLG17N0302.061721,17:48:17.47,-34:10:12.61,8219.13755,9.28,0.211,19.96,20.0,20.39,1,1.53,
KMT-2018-BLG-1464,SSO17N0308.006978,17:48:02.44,-33:25:27.91,8180.3504,29.31,0.003,20.43,17.72,17.72,1,1.74,OB180310 MB18037
KMT-2018-BLG-1465,BLG17N0408.027636,17:47:48.69,-33:20:37.50,8189.86717,42.1,0.185,21.02,19.35,19.35,1,1.63,
KMT-2018-BLG-1466,BLG17N0501.044936,17:46:53.21,-34:16:32.30,8167.4419,68.4,0.392,20.61,19.8,19.8,1,1.53,
KMT-2018-BLG-1467,SAO17N0601.030248,17:46:14.64,-34:16:22.58,8357.81371,83.66,0.143,20.66,19.36,19.36,1,1.51,OB181445
KMT-2018-BLG-1468,BLG17N0605.023226,17:46:24.42,-33:46:27.80,8305.32535,7.69,0.021,19.32,19.24,19.24,1,2.02,OB181192 MB18226
KMT-2018-BLG-1469,BLG17N0607.022380,17:46:11.86,-33:25:53.11,8360.46088,48.96,0.473,19.92,19.86,19.86,1,2.68,OB181546
KMT-2018-BLG-1470,BLG17N0704.009532,17:45:41.71,-33:52:22.80,8184.62196,63.17,0.117,21.14,18.17,18.17,1,1.86,
KMT-2018-BLG-1471,SAO17N0804.043013,17:45:03.26,-33:53:56.69,8228.49433,20.78,0.197,21.27,19.69,19.69,1,1.75,
KMT-2018-BLG-1472,BLG17T0102.014038,17:44:27.30,-34:03:51.41,8170.2804,18.85,0.227,18.72,18.58,18.58,1,1.85,OB180139
KMT-2018-BLG-1473,BLG17T0105.060249,17:44:12.80,-33:41:35.81,8257.46597,54.86,0.248,20.9,20.0,20.66,1,2.18,
KMT-2018-BLG-1474,SSO17T0204.004676,17:43:53.06,-33:50:48.59,8233.45831,36.91,0.035,20.87,18.3,18.3,1,2.94,
KMT-2018-BLG-1475,BLG17T0205.013988,17:43:51.41,-33:44:37.90,8288.04198,25.67,0.084,22.05,20.0,20.24,1,2.83,
KMT-2018-BLG-1476,BLG17T0208.007126,17:43:41.24,-33:24:18.83,8245.03122,26.36,0.163,21.34,19.38,19.38,2,3.53,OB180802
KMT-2018-BLG-1477,BLG17T0305.018823,17:42:51.07,-33:44:28.68,8379.15252,50.08,0.099,22.32,20.0,20.25,2,2.82,
KMT-2018-BLG-1478,SAO17T0501.064824,17:42:04.98,-34:15:21.74,8195.36158,40.43,0.011,20.71,20.0,20.89,2,2.1,OB180429
KMT-2018-BLG-1479,SAO17T0504.049824,17:41:53.75,-33:52:21.61,8420.72306,57.43,0.069,20.11,20.0,20.81,2,2.51,
KMT-2018-BLG-1480,SAO17T0504.053466,17:41:58.07,-33:49:00.16,8233.76208,133.98,0.069,20.99,20.0,20.9,2,2.53,
KMT-2018-BLG-1481,BLG17T0505.025905,17:41:43.86,-33:44:34.19,8284.52296,18.0,0.128,20.89,20.0,20.19,2,2.34,OB181087
KMT-2018-BLG-1482,SAO17T0507.005361,17:42:00.96,-33:30:28.37,8326.01569,25.58,0.014,19.62,18.28,18.28,2,3.07,OB181431
KMT-2018-BLG-1483,SSO17T0601.026234,17:41:01.06,-34:17:24.86,8242.19862,54.72,0.311,20.95,19.89,19.89,2,1.87,
KMT-2018-BLG-1484,BLG17T0601.055586,17:41:11.04,-34:12:34.16,8284.48715,12.85,0.144,21.52,20.0,20.69,3,2.11,
KMT-2018-BLG-1485,SAO17T0604.005775,17:40:58.59,-33:52:40.22,8253.86806,8.52,1.45,16.43,18.09,18.09,2,2.49,OB180763
KMT-2018-BLG-1486,SSO17T0605.039306,17:41:10.50,-33:43:24.64,8193.47968,10.44,0.128,20.45,20.0,20.47,2,2.14,OB180450
KMT-2018-BLG-1487,BLG17T0605.044238,17:41:08.58,-33:47:41.10,8178.00114,17.36,0.563,19.63,20.0,20.61,2,2.15,
KMT-2018-BLG-1488,SSO17T0704.007606,17:40:39.46,-33:55:10.24,8217.79894,25.5,0.075,22.03,18.68,18.68,2,2.43,
KMT-2018-BLG-1489,BLG17T0707.030801,17:40:37.80,-33:29:02.26,8181.08859,15.74,0.044,20.7,20.0,20.67,2,2.78,
KMT-2018-BLG-1490,BLG17T0708.071604,17:40:35.57,-33:20:02.40,8250.78196,63.14,0.086,22.72,20.0,22.11,2,3.19,
KMT-2018-BLG-1491,BLG18K0106.036548,17:45:46.00,-26:01:08.83,8193.71281,4.6,0.1,20.32,20.0,20.29,2,2.57,
KMT-2018-BLG-1492,SAO18K0202.040752,17:45:06.81,-26:26:48.30,8243.45336,9.22,0.069,21.98,20.0,21.25,3,3.56,
KMT-2018-BLG-1493,SSO18K0204.013423,17:44:54.90,-26:18:33.41,8203.82324,21.58,0.066,21.11,19.59,19.59,2,3.17,
KMT-2018-BLG-1494,SAO18K0206.030766,17:45:11.74,-25:58:32.48,8300.35506,51.35,0.121,21.32,20.0,20.38,2,2.6,
KMT-2018-BLG-1495,SAO18K0301.008526,17:44:34.09,-26:35:49.92,8190.52802,6.23,0.072,18.35,19.14,19.14,2,3.58,OB180362
KMT-2018-BLG-1496,SAO18K0304.106397,17:44:22.46,-26:13:04.76,8229.08418,39.07,0.045,22.84,20.0,25.0,3,2.78,
KMT-2018-BLG-1497,BLG18K0306.035974,17:44:20.19,-25:58:25.00,8229.53121,26.5,0.259,20.36,20.0,20.59,2,2.74,
KMT-2018-BLG-1498,SSO18K0503.035868,17:43:05.69,-26:22:01.81,8199.79591,17.31,1.918,15.09,20.0,20.52,2,2.84,OB180214
KMT-2018-BLG-1499,BLG18K0507.011438,17:43:20.70,-25:56:02.65,8199.29827,33.52,0.186,19.08,19.43,19.43,2,2.87,OB180232
KMT-2018-BLG-1500,SSO18K0508.074176,17:43:07.10,-25:46:22.33,8188.55145,32.11,0.131,21.49,20.0,21.5,2,2.68,
KMT-2018-BLG-1501,BLG18K0603.006198,17:42:45.61,-26:26:06.65,8220.28406,10.8,0.543,19.06,18.25,18.25,2,3.06,
KMT-2018-BLG-1502,BLG18K0604.036873,17:42:45.51,-26:15:49.75,8198.70874,24.0,0.015,22.01,20.0,20.66,2,2.95,OB180476
KMT-2018-BLG-1503,BLG18K0604.106744,17:42:53.57,-26:14:49.38,8177.07783,23.75,0.089,21.08,20.0,25.0,3,2.96,
KMT-2018-BLG-1504,BLG18K0701.067247,17:42:07.31,-26:35:51.32,8252.02685,7.16,0.077,22.21,20.0,21.86,2,3.41,
KMT-2018-BLG-1505,SSO18K0705.000304,17:42:05.64,-26:08:43.58,8251.17909,13.25,0.368,15.0,15.71,15.71,2,3.12,OB180681
KMT-2018-BLG-1506,SSO18K0706.069387,17:42:14.22,-25:57:48.31,8193.35223,26.0,0.064,21.43,20.0,21.54,3,3.15,
KMT-2018-BLG-1507,SAO18K0708.060029,17:42:18.97,-25:48:38.74,8221.51912,13.83,0.115,21.75,20.0,21.21,2,2.87,
KMT-2018-BLG-1508,SAO18K0803.003221,17:41:51.09,-26:26:30.59,8321.01383,8.98,0.348,17.44,18.13,18.13,2,3.34,OB181280
KMT-2018-BLG-1509,SAO18K0804.064264,17:41:43.53,-26:12:38.63,8254.67505,47.29,0.052,22.57,20.0,21.78,2,3.18,
KMT-2018-BLG-1510,SSO18M0503.007751,17:48:20.48,-26:23:04.45,8247.6642,30.41,0.071,22.02,19.93,19.93,2,5.03,
KMT-2018-BLG-1511,SSO18M0503.010117,17:48:01.70,-26:21:17.93,8222.33575,3.02,0.107,20.1,20.0,20.28,2,4.71,
KMT-2018-BLG-1512,SSO18M0703.046682,17:47:00.11,-26:25:07.46,8196.87998,5.71,0.039,21.47,20.0,21.73,2,4.09,
KMT-2018-BLG-1513,SSO18M0705.030497,17:47:08.24,-26:05:08.30,8259.5373,9.85,0.114,20.61,20.0,21.22,2,4.3,
KMT-2018-BLG-1514,SSO18M0707.043183,17:46:41.01,-25:51:28.01,8262.22853,3.29,0.118,20.4,20.0,21.26,2,3.14,
KMT-2018-BLG-1515,SSO18N0707.052924,17:47:07.57,-26:59:52.26,8325.05561,31.23,0.005,23.72,20.0,22.22,2,4.77,
KMT-2018-BLG-1516,SAO18N0808.028097,17:46:19.23,-26:50:32.28,8298.63461,31.32,0.05,22.18,20.0,21.54,2,4.47,
KMT-2018-BLG-1517,SAO18N0808.041706,17:46:15.94,-26:49:01.45,8234.41299,9.99,0.06,21.39,20.0,22.0,2,4.43,
KMT-2018-BLG-1518,BLG18T0105.067761,17:45:39.36,-27:15:54.04,8261.3838,34.95,0.02,24.28,20.0,25.0,3,5.11,
KMT-2018-BLG-1519,BLG18T0303.005328,17:44:28.85,-27:29:21.19,8221.91142,39.15,0.586,18.91,19.65,19.65,2,4.94,
KMT-2018-BLG-1520,SAO18T0401.051732,17:44:01.64,-27:48:39.35,8372.63365,20.05,0.15,23.74,20.0,22.31,3,5.63,
KMT-2018-BLG-1521,SAO18T0402.011229,17:43:42.21,-27:34:24.46,8257.07468,26.99,0.141,22.43,19.79,19.79,2,3.96,
KMT-2018-BLG-1522,BLG18T0502.010213,17:43:16.81,-27:37:46.06,8268.07583,4.92,0.003,18.36,19.13,19.13,2,3.69,OB180911
KMT-2018-BLG-1523,SAO18T0504.042134,17:43:20.24,-27:22:08.98,8180.05057,10.49,0.085,20.46,20.0,21.36,2,3.62,
KMT-2018-BLG-1524,BLG18T0506.032485,17:43:07.12,-27:06:32.65,8206.87792,6.36,0.111,21.63,20.0,21.07,2,3.62,OB180507
KMT-2018-BLG-1525,BLG18T0601.058974,17:42:46.13,-27:46:06.64,8187.88578,29.19,0.171,21.76,20.0,21.89,2,3.89,
KMT-2018-BLG-1526,SAO18T0603.008374,17:42:53.64,-27:27:53.60,8359.34543,10.31,1.409,18.71,18.69,18.69,2,3.59,
KMT-2018-BLG-1527,SSO18T0607.020066,17:42:36.58,-27:01:19.16,8195.7581,6.96,0.017,21.69,20.0,20.69,2,3.93,OB180452
KMT-2018-BLG-1528,SAO18T0702.027988,17:42:22.52,-27:38:33.68,8186.51686,18.5,0.106,20.14,20.0,20.68,2,3.89,OB180302
KMT-2018-BLG-1529,BLG18T0705.027715,17:42:15.76,-27:12:39.10,8285.52255,1.61,0.11,19.53,20.0,21.02,2,3.77,OB181149
KMT-2018-BLG-1530,SSO18T0801.003435,17:41:43.22,-27:44:03.70,8223.30093,2.21,0.153,17.89,18.1,18.1,2,3.66,OB180591
KMT-2018-BLG-1531,SAO18T0806.050791,17:41:36.17,-27:05:41.14,8304.22223,49.67,0.003,24.2,20.0,21.66,2,3.58,
KMT-2018-BLG-1532,SAO19K0101.011286,17:45:36.42,-24:31:41.99,8237.87858,4.35,0.061,19.85,19.26,19.26,1,2.59,
KMT-2018-BLG-1533,SAO19K0103.004218,17:45:40.66,-24:16:08.69,8226.06892,37.95,0.096,21.56,17.28,17.28,1,2.48,
KMT-2018-BLG-1534,BLG19K0106.029468,17:45:46.60,-23:57:43.85,8355.8481,36.85,0.055,19.5,19.23,19.23,2,1.75,OB181489
KMT-2018-BLG-1535,BLG19K0505.005983,17:43:30.36,-24:04:38.50,8191.77849,15.69,0.114,20.01,17.7,17.7,1,1.62,OB180379
KMT-2018-BLG-1536,SAO19K0506.011066,17:43:16.63,-23:54:55.40,8225.60851,59.13,0.091,22.65,18.43,18.43,1,1.6,
KMT-2018-BLG-1537,BLG19K0604.057374,17:42:44.37,-24:10:38.50,8183.61214,20.02,0.104,21.15,20.0,20.11,1,1.62,
KMT-2018-BLG-1538,BLG19K0606.023424,17:42:51.65,-23:53:25.19,8219.55202,35.1,0.049,21.5,19.25,19.25,1,1.84,OB180696
KMT-2018-BLG-1539,BLG19K0704.050493,17:42:02.06,-24:09:54.61,8221.01644,23.21,0.182,19.8,19.97,19.97,1,1.74,
KMT-2018-BLG-1540,BLG19K0706.012435,17:42:20.84,-23:58:02.89,8237.00088,48.75,0.313,20.57,18.95,18.95,1,1.85,OB180717
KMT-2018-BLG-1541,BLG19K0807.030899,17:41:55.56,-23:51:23.62,8184.03059,14.89,0.018,20.88,20.0,20.33,2,2.06,
KMT-2018-BLG-1542,BLG19M0104.012360,17:50:28.50,-24:07:56.35,8250.54464,3.33,0.289,19.19,19.71,19.71,2,2.85,
KMT-2018-BLG-1543,SAO19M0204.032109,17:49:41.76,-24:06:26.57,8194.94471,37.55,0.38,20.82,20.0,20.62,2,2.51,OB180440
KMT-2018-BLG-1544,SSO19M0204.038801,17:49:50.54,-24:07:00.84,8190.41204,44.87,0.229,21.22,20.0,20.84,2,2.56,OB180439
KMT-2018-BLG-1545,SSO19M0206.017410,17:49:55.03,-23:52:55.81,8207.89542,17.21,0.074,20.63,19.75,19.75,2,2.28,
KMT-2018-BLG-1546,BLG19M0208.053732,17:49:42.51,-23:42:59.80,8360.31514,199.38,0.015,23.79,20.0,21.08,2,2.21,
KMT-2018-BLG-1547,BLG19M0308.059028,17:48:58.40,-23:41:08.16,8207.76617,19.82,0.103,20.05,20.0,21.05,2,2.03,
KMT-2018-BLG-1548,SSO19M0403.068155,17:48:31.67,-24:16:43.36,8281.54197,13.24,0.002,22.15,20.0,21.45,2,2.42,
KMT-2018-BLG-1549,SAO19M0406.001444,17:48:30.38,-23:54:22.03,8254.17185,8.9,0.055,20.61,16.55,16.55,2,2.36,
KMT-2018-BLG-1550,SAO19M0407.096415,17:48:42.52,-23:44:27.74,8299.66371,26.36,0.01,20.11,20.0,22.21,2,2.01,OB181163
KMT-2018-BLG-1551,SSO19M0603.010504,17:47:44.60,-24:18:31.82,8244.98825,15.94,0.252,18.75,18.92,18.92,2,2.24,OB180731
KMT-2018-BLG-1552,BLG19M0606.000373,17:47:33.31,-23:52:32.63,8167.28397,64.86,0.332,16.99,15.41,15.41,2,2.58,OB180290
KMT-2018-BLG-1553,BLG19M0606.065133,17:47:20.57,-23:56:32.06,8209.92742,60.57,0.071,22.51,20.0,21.6,2,2.33,
KMT-2018-BLG-1554,SSO19M0803.003566,17:46:13.77,-24:21:15.62,8198.03708,16.5,0.094,22.04,17.57,17.57,4,2.64,
KMT-2018-BLG-1555,BLG19M0805.031191,17:46:27.69,-24:05:27.96,8184.96835,43.16,0.059,19.9,20.0,20.04,2,2.15,OB180210
KMT-2018-BLG-1556,BLG19M0805.049684,17:46:19.86,-24:03:30.92,8332.20968,38.01,0.421,20.98,20.0,20.61,2,2.09,OB181422
KMT-2018-BLG-1557,BLG19N0506.038171,17:48:17.05,-24:59:20.69,8202.38308,33.45,0.098,22.66,20.0,21.98,2,4.08,
KMT-2018-BLG-1558,BLG19N0707.004534,17:46:51.32,-24:56:49.67,8364.2503,57.14,0.296,20.66,18.64,18.64,2,3.48,OB181598
KMT-2018-BLG-1559,SSO19T0103.058555,17:45:29.63,-25:25:22.76,8221.30507,21.49,0.181,20.55,20.0,21.58,2,3.45,
KMT-2018-BLG-1560,SAO19T0104.020510,17:45:52.16,-25:16:37.02,8263.39096,5.72,0.148,20.76,20.0,20.19,2,3.06,OB180927
KMT-2018-BLG-1561,BLG19T0104.033339,17:45:34.35,-25:15:34.06,8272.38128,48.62,0.1,22.94,20.0,20.66,2,2.88,
KMT-2018-BLG-1562,BLG19T0107.085600,17:45:41.78,-24:53:59.10,8257.89795,6.88,0.195,21.96,20.0,22.65,2,3.43,
KMT-2018-BLG-1563,SAO19T0204.005354,17:44:51.51,-25:18:59.36,8297.30461,198.88,0.021,23.23,18.29,18.29,2,2.98,
KMT-2018-BLG-1564,BLG19T0205.036861,17:44:54.64,-25:06:10.15,8160.22944,104.08,0.002,22.47,20.0,20.55,2,2.71,OB180262
KMT-2018-BLG-1565,BLG19T0208.004448,17:45:16.16,-24:47:15.25,8211.00469,28.84,0.265,21.67,18.19,18.19,2,2.87,
KMT-2018-BLG-1566,BLG19T0403.023148,17:43:47.09,-25:27:07.74,8176.25861,9.57,0.219,20.08,20.0,20.61,2,2.78,
KMT-2018-BLG-1567,SSO19T0403.029453,17:44:00.33,-25:27:48.85,8216.51255,82.05,0.067,22.56,20.0,20.83,2,3.15,
KMT-2018-BLG-1568,BLG19T0403.070412,17:44:04.06,-25:21:14.69,8158.99841,46.27,1.031,19.34,20.0,21.9,2,3.33,
KMT-2018-BLG-1569,BLG19T0408.003407,17:44:02.17,-24:43:49.76,8173.74152,47.26,0.381,18.68,17.84,17.84,2,2.65,OB180147
KMT-2018-BLG-1570,SAO19T0501.040994,17:43:38.64,-25:37:58.69,8243.44895,17.97,0.22,21.48,20.0,20.78,2,2.74,
KMT-2018-BLG-1571,SSO19T0505.034380,17:43:15.60,-25:07:40.73,8208.97889,6.63,0.042,20.47,20.0,21.15,2,3.19,
KMT-2018-BLG-1572,SAO19T0602.002599,17:42:37.11,-25:34:41.41,8203.09347,21.95,0.74,17.97,17.36,17.36,2,2.43,OB180332
KMT-2018-BLG-1573,BLG19T0605.003561,17:42:48.35,-25:11:57.08,8162.65186,22.07,0.139,19.45,17.26,17.26,1,2.26,
KMT-2018-BLG-1574,BLG19T0703.051398,17:42:22.43,-25:23:39.19,8211.37582,8.8,0.19,20.89,20.0,21.15,2,2.87,
KMT-2018-BLG-1575,SSO19T0705.020994,17:42:17.40,-25:10:22.12,8264.53835,28.83,0.37,21.6,19.56,19.56,1,2.5,
KMT-2018-BLG-1576,BLG19T0805.020613,17:41:32.60,-25:11:17.09,8180.54853,24.05,0.034,22.75,19.5,19.5,1,2.59,
KMT-2018-BLG-1577,SAO19T0806.035140,17:41:35.56,-25:03:14.62,8205.19178,9.39,0.065,19.65,19.9,19.9,1,2.41,
KMT-2018-BLG-1578,SAO20K0202.003931,17:45:09.30,-22:20:09.38,8176.87242,74.98,0.014,22.05,17.75,17.75,4,2.08,
KMT-2018-BLG-1579,SSO20K0405.001236,17:43:50.33,-21:51:53.35,8221.91026,153.29,0.127,19.46,15.83,15.83,4,1.15,
KMT-2018-BLG-1580,BLG20K0507.050453,17:43:34.24,-21:43:34.39,8291.64102,69.69,0.205,20.66,20.0,20.81,1,1.46,
KMT-2018-BLG-1581,SSO20M0607.009168,17:47:15.38,-21:38:48.37,8233.73931,54.94,0.342,19.39,18.93,18.93,4,1.78,
KMT-2018-BLG-1582,SSO20M0701.003447,17:47:11.15,-22:24:42.08,8256.79373,54.98,0.154,20.51,17.28,17.28,1,1.84,
KMT-2018-BLG-1583,SSO20M0704.005317,17:46:45.71,-22:04:21.00,8342.08073,83.36,0.236,19.98,18.12,18.12,4,1.91,
KMT-2018-BLG-1584,BLG20N0307.030141,17:48:59.84,-22:46:11.71,8222.52865,6.72,0.336,20.01,19.59,19.59,1,2.01,
KMT-2018-BLG-1585,SAO20N0601.003121,17:47:37.20,-23:35:42.47,8335.37375,13.72,0.584,18.68,17.1,17.1,2,1.94,OB181490
KMT-2018-BLG-1586,SSO20N0602.010427,17:47:42.15,-23:23:01.28,8336.68411,5.92,0.072,19.5,18.54,18.54,1,1.64,OB181475
KMT-2018-BLG-1587,SSO20N0603.026309,17:47:19.63,-23:18:21.10,8349.47773,50.69,0.188,21.42,19.13,19.13,1,1.63,
KMT-2018-BLG-1588,SSO20N0803.033757,17:46:22.94,-23:16:51.31,8189.27151,27.36,0.048,16.16,19.36,19.36,1,1.45,OB180293
KMT-2018-BLG-1589,BLG20T0207.017055,17:45:03.68,-22:43:55.63,8235.37978,30.42,0.235,19.52,19.67,19.67,2,2.13,
KMT-2018-BLG-1590,SSO20T0306.027611,17:44:23.02,-22:55:50.38,8221.30663,17.26,0.124,19.31,20.0,20.16,2,1.81,OB180616
KMT-2018-BLG-1591,SSO20T0405.018756,17:43:57.92,-23:05:13.34,8248.05191,3.9,0.115,20.63,19.77,19.77,2,1.9,
KMT-2018-BLG-1592,SSO20T0502.002957,17:43:11.21,-23:25:01.20,8346.46961,25.48,0.952,17.28,17.01,17.01,1,1.83,OB181298
KMT-2018-BLG-1593,BLG20T0502.011771,17:43:29.77,-23:22:18.62,8223.84161,73.6,0.116,21.79,18.83,18.83,2,1.8,
KMT-2018-BLG-1594,SSO20T0508.000393,17:43:32.46,-22:43:00.19,8224.46736,14.85,1.676,13.35,15.12,15.12,2,1.76,
KMT-2018-BLG-1595,SAO20T0602.008453,17:42:54.06,-23:27:40.28,8218.30922,43.31,0.242,18.63,18.58,18.58,1,1.94,
KMT-2018-BLG-1596,BLG20T0705.084486,17:42:18.01,-23:02:07.69,8254.41414,39.52,0.22,21.45,20.0,25.0,3,1.65,
KMT-2018-BLG-1597,SSO21K0106.062720,17:54:17.02,-34:35:24.50,8254.48954,20.07,0.022,20.33,20.0,20.4,1,0.99,MB18143
KMT-2018-BLG-1598,BLG21K0107.037177,17:53:58.19,-34:33:04.39,8337.63321,8.12,0.127,21.02,19.33,19.33,1,0.82,
KMT-2018-BLG-1599,BLG21K0303.064076,17:52:37.49,-34:59:30.80,8345.8138,42.48,0.204,20.68,20.0,20.1,1,0.57,
KMT-2018-BLG-1600,SAO21K0401.040092,17:51:57.86,-35:16:53.51,8286.53023,47.15,0.215,21.2,19.37,19.37,1,0.76,
KMT-2018-BLG-1601,SAO21K0401.060456,17:51:59.08,-35:12:11.02,8220.16368,34.06,0.098,21.25,20.0,20.18,1,0.64,
KMT-2018-BLG-1602,SAO21K0404.030580,17:52:17.38,-34:55:55.99,8396.67954,24.77,0.204,19.49,19.03,19.03,1,0.64,OB181756
KMT-2018-BLG-1603,SSO21K0408.045235,17:52:26.33,-34:22:41.02,8278.4132,61.75,0.096,20.96,19.64,19.64,1,1.12,OB180934
KMT-2018-BLG-1604,SSO21K0501.041933,17:51:18.51,-35:12:47.30,8254.1093,55.76,0.267,21.21,19.39,19.39,1,0.7,
KMT-2018-BLG-1605,BLG21K0505.023252,17:51:41.88,-34:47:44.02,8356.64706,27.32,0.155,20.88,18.88,18.88,1,0.84,
KMT-2018-BLG-1606,SAO21K0506.036953,17:51:39.43,-34:38:23.50,8253.56829,21.95,0.099,21.57,19.23,19.23,1,0.9,
KMT-2018-BLG-1607,SSO21K0601.004050,17:50:53.94,-35:15:33.41,8235.16105,19.98,0.012,20.3,16.96,16.96,1,0.67,OB180709 MB18125
KMT-2018-BLG-1608,BLG21K0608.010149,17:50:46.63,-34:22:37.81,8199.38789,13.16,0.033,18.81,18.27,18.27,1,1.12,
KMT-2018-BLG-1609,BLG21K0701.035298,17:50:17.77,-35:14:06.50,8229.59267,10.98,0.549,18.61,19.3,19.3,1,0.89,OB180606
KMT-2018-BLG-1610,BLG21K0703.075503,17:50:22.98,-34:58:37.60,8272.76082,28.59,0.071,21.35,20.0,20.64,1,0.89,
KMT-2018-BLG-1611,BLG21K0704.036093,17:50:02.36,-34:53:01.10,8185.83603,10.86,1.126,17.65,19.34,19.34,1,1.07,OB180341
KMT-2018-BLG-1612,BLG21K0805.047931,17:49:57.83,-34:45:05.00,8258.47934,25.17,0.016,20.2,19.69,19.69,1,1.06,OB180780 MB18152
KMT-2018-BLG-1613,BLG21K0805.060632,17:49:58.36,-34:47:28.00,8231.26095,11.48,0.249,20.14,20.0,20.05,1,1.1,
KMT-2018-BLG-1614,SAO21M0308.043130,17:57:53.75,-34:20:43.12,8234.6036,195.65,0.045,23.85,19.75,19.75,1,0.77,
KMT-2018-BLG-1615,SSO21M0402.010540,17:57:06.39,-35:06:03.38,8203.38169,46.43,0.201,21.23,18.41,18.41,1,0.73,
KMT-2018-BLG-1616,SAO21M0602.038634,17:56:16.60,-35:06:12.10,8343.61101,3.94,0.024,19.29,19.74,19.74,1,0.98,
KMT-2018-BLG-1617,BLG21M0802.016205,17:54:54.74,-35:07:42.82,8311.24567,20.2,0.114,21.19,19.0,19.0,1,1.13,
KMT-2018-BLG-1618,SSO21M0803.013791,17:54:40.39,-34:57:48.31,8400.37823,125.94,0.037,22.56,18.71,18.71,1,0.97,
KMT-2018-BLG-1619,SAO21M0803.052727,17:54:50.20,-35:00:09.90,8349.93112,35.73,0.274,19.71,20.0,20.24,1,0.97,OB181439
KMT-2018-BLG-1620,SAO21N0101.015510,17:59:05.55,-36:18:42.30,8390.107,26.35,0.044,19.42,19.76,19.76,4,0.72,
KMT-2018-BLG-1621,SAO21N0303.013022,17:58:04.50,-36:09:27.94,8259.62356,34.6,0.056,20.61,19.05,19.05,4,0.69,
KMT-2018-BLG-1622,SSO21N0405.006520,17:57:25.97,-35:51:02.38,8341.05161,9.12,0.784,18.76,18.63,18.63,3,0.64,
KMT-2018-BLG-1623,SAO21N0506.024198,17:56:46.04,-35:40:31.51,8317.25729,11.91,0.127,21.46,19.76,19.76,1,0.79,
KMT-2018-BLG-1624,SAO21N0806.019938,17:54:46.87,-35:45:44.21,8369.26398,80.04,0.184,19.83,18.91,18.91,1,0.74,
KMT-2018-BLG-1625,SAO21T0103.012092,17:53:48.92,-36:05:14.32,8334.25753,13.82,0.408,18.33,18.63,18.63,1,0.66,
KMT-2018-BLG-1626,BLG21T0104.009855,17:54:11.51,-35:58:35.62,8220.77433,31.8,1.334,16.74,18.41,18.41,1,0.74,
KMT-2018-BLG-1627,BLG21T0107.032091,17:54:10.92,-35:37:43.00,8351.86439,22.85,0.02,19.87,19.48,19.48,1,0.57,
KMT-2018-BLG-1628,BLG21T0205.009632,17:53:39.51,-35:54:58.90,8264.67512,89.71,0.09,20.08,18.13,18.13,1,0.64,
KMT-2018-BLG-1629,SAO21T0206.004553,17:53:07.72,-35:45:54.29,8329.94251,36.32,0.547,18.91,17.4,17.4,1,0.66,
KMT-2018-BLG-1630,BLG21T0208.044750,17:53:11.22,-35:30:50.62,8375.24199,8.57,0.113,21.02,19.77,19.77,1,0.92,
KMT-2018-BLG-1631,SSO21T0306.029272,17:52:32.31,-35:42:38.30,8379.22559,44.03,0.022,20.81,19.16,19.16,1,0.73,
KMT-2018-BLG-1632,BLG21T0401.030408,17:52:14.58,-36:23:24.11,8244.48782,21.09,0.054,19.73,19.65,19.65,1,0.79,
KMT-2018-BLG-1633,SSO21T0505.020249,17:51:28.84,-35:51:46.69,8199.94347,32.75,0.115,18.8,18.76,18.76,1,0.7,
KMT-2018-BLG-1634,BLG21T0602.006347,17:50:56.80,-36:11:42.50,8211.82111,58.45,0.091,21.38,18.01,18.01,1,0.93,
KMT-2018-BLG-1635,SAO21T0605.002386,17:50:44.77,-35:49:48.90,8316.61756,25.0,0.707,16.78,16.38,16.38,1,0.69,
KMT-2018-BLG-1636,SSO21T0703.000618,17:50:14.90,-36:08:58.70,8217.98438,14.76,0.493,17.12,15.12,15.12,1,0.92,
KMT-2018-BLG-1637,SAO22K0102.010347,17:53:42.15,-33:02:10.90,8226.2367,16.18,0.246,17.98,18.23,18.23,1,1.34,OB180531 MB18095
KMT-2018-BLG-1638,SAO22K0102.025149,17:54:15.86,-33:00:05.80,8319.77637,50.21,0.092,19.1,19.04,19.04,1,1.43,OB181110 MB18210
KMT-2018-BLG-1639,SSO22K0103.018632,17:53:46.24,-32:51:08.10,8369.59785,6.7,0.002,20.03,18.88,18.88,1,1.59,OB181682 MB18362
KMT-2018-BLG-1640,SAO22K0104.040037,17:54:09.11,-32:47:17.30,8283.94745,8.04,0.37,19.86,19.53,19.53,1,1.47,
KMT-2018-BLG-1641,SAO22K0106.001335,17:54:01.71,-32:29:38.00,8236.07931,71.0,0.222,18.51,15.6,15.6,1,1.32,OB180491
KMT-2018-BLG-1642,SSO22K0107.082636,17:54:11.07,-32:24:11.99,8216.5195,71.43,0.112,22.1,20.0,20.68,1,1.53,
KMT-2018-BLG-1643,SSO22K0201.012650,17:53:11.35,-33:11:50.32,8219.46092,20.35,0.376,18.96,18.5,18.5,1,1.4,OB180495 MB18099
KMT-2018-BLG-1644,BLG22K0202.061916,17:53:08.97,-32:58:41.30,8416.81873,71.82,0.064,20.73,20.0,20.13,1,1.68,OB181727 MB18412
KMT-2018-BLG-1645,SAO22K0204.008601,17:53:07.40,-32:45:30.60,8321.64769,44.37,0.253,18.19,18.17,18.17,1,1.68,OB180906 MB18206
KMT-2018-BLG-1646,SSO22K0204.020919,17:53:11.41,-32:41:35.99,8216.22406,131.27,0.041,20.8,19.09,19.09,1,1.66,OB180259 MB18084
KMT-2018-BLG-1647,BLG22K0205.027187,17:53:30.61,-32:38:11.62,8395.99974,6.14,0.508,19.65,19.25,19.25,1,1.66,
KMT-2018-BLG-1648,SAO22K0206.001626,17:53:11.18,-32:27:02.99,8216.10681,8.15,0.159,20.27,15.78,15.78,1,1.45,
KMT-2018-BLG-1649,SAO22K0305.023208,17:52:47.89,-32:38:46.28,8300.261,19.92,0.273,19.1,19.07,19.07,1,1.64,OB181124
KMT-2018-BLG-1650,SSO22K0305.064174,17:52:32.51,-32:40:30.29,8191.9471,32.68,0.017,19.35,20.0,20.13,1,1.57,MB18039
KMT-2018-BLG-1651,BLG22K0306.023464,17:52:49.91,-32:27:05.90,8331.39193,199.69,0.012,23.26,18.93,18.93,1,1.4,
KMT-2018-BLG-1652,SSO22K0306.024562,17:52:46.72,-32:32:59.71,8224.49461,32.01,0.138,22.07,18.97,18.97,1,1.52,
KMT-2018-BLG-1653,BLG22K0307.015453,17:52:54.82,-32:20:29.40,8402.94445,51.74,0.089,21.02,18.71,18.71,1,1.82,
KMT-2018-BLG-1654,SAO22K0402.065376,17:52:25.76,-33:01:33.31,8292.3192,113.35,0.032,20.27,20.0,20.36,1,1.77,OB180857 MB18168
KMT-2018-BLG-1655,SAO22K0404.005453,17:52:01.98,-32:46:09.52,8257.41438,24.29,0.357,18.63,17.28,17.28,1,1.66,OB180713 MB18144
KMT-2018-BLG-1656,SAO22K0404.017082,17:52:01.43,-32:48:09.22,8393.12775,23.88,0.083,21.98,18.79,18.79,1,1.79,
KMT-2018-BLG-1657,SAO22K0505.013117,17:51:41.99,-32:34:58.19,8223.60099,42.56,0.004,18.49,18.75,18.75,1,1.76,OB180282 MB18091
KMT-2018-BLG-1658,SSO22K0603.009822,17:50:56.52,-32:51:19.12,8283.3022,13.55,0.179,18.44,18.5,18.5,1,2.01,OB180996 MB18179
KMT-2018-BLG-1659,SSO22K0603.022059,17:51:02.39,-32:51:07.70,8334.22389,67.25,0.123,21.32,19.35,19.35,1,1.98,OB181408
KMT-2018-BLG-1660,SAO22K0604.009221,17:50:48.07,-32:48:42.19,8398.94742,28.25,0.755,17.38,18.48,18.48,1,2.06,OB181636
KMT-2018-BLG-1661,BLG22K0604.048191,17:51:04.48,-32:47:53.81,8382.28198,10.1,0.075,20.21,20.0,20.21,1,1.89,OB181742
KMT-2018-BLG-1662,SAO22K0606.010482,17:50:52.39,-32:33:11.59,8322.45066,192.73,0.028,23.24,19.11,19.11,1,2.41,
KMT-2018-BLG-1663,BLG22K0701.040036,17:50:18.43,-33:09:00.29,8385.9658,11.47,0.249,19.74,19.83,19.83,1,1.89,OB181728
KMT-2018-BLG-1664,SAO22K0702.057496,17:50:09.29,-33:04:01.60,8251.46231,13.61,0.42,19.41,20.0,20.25,1,2.09,OB180804
KMT-2018-BLG-1665,SAO22K0705.048981,17:50:17.70,-32:37:07.61,8327.37321,31.8,0.45,20.22,20.0,21.06,2,2.42,
KMT-2018-BLG-1666,SAO22K0705.069552,17:50:14.81,-32:36:41.62,8236.80417,59.18,0.02,20.7,20.0,21.68,2,2.42,
KMT-2018-BLG-1667,SSO22K0803.018517,17:49:55.40,-32:50:45.10,8213.10529,46.45,0.058,21.83,19.56,19.56,1,2.45,
KMT-2018-BLG-1668,BLG22M0107.016814,17:59:11.64,-32:24:26.39,8330.88222,13.93,0.46,20.22,18.93,18.93,1,1.16,OB181377
KMT-2018-BLG-1669,SAO22M0301.019812,17:57:56.65,-33:06:34.31,8299.60111,4.71,0.129,19.01,19.04,19.04,1,1.29,MB18201
KMT-2018-BLG-1670,BLG22M0302.003905,17:58:02.97,-33:03:07.70,8317.70656,26.85,0.214,20.17,17.24,17.24,1,1.36,OB181259
KMT-2018-BLG-1671,SAO22M0302.029671,17:57:43.92,-32:59:34.51,8374.22391,20.5,0.109,19.14,19.41,19.41,1,1.29,OB181672 MB18373
KMT-2018-BLG-1672,SAO22M0303.022210,17:57:49.11,-32:51:24.98,8398.29789,17.12,0.557,19.55,19.14,19.14,1,1.36,
KMT-2018-BLG-1673,SAO22M0307.033977,17:57:47.23,-32:21:20.99,8389.06361,30.87,0.322,20.12,19.32,19.32,1,1.26,
KMT-2018-BLG-1674,SSO22M0406.052265,17:57:04.52,-32:28:07.21,8266.35613,2.34,1.912,16.53,19.87,19.87,1,1.39,
KMT-2018-BLG-1675,BLG22M0407.014118,17:57:25.82,-32:21:09.79,8193.4241,64.2,0.175,21.1,18.61,18.61,1,1.38,OB180327
KMT-2018-BLG-1676,SAO22M0502.000335,17:56:27.67,-33:01:33.60,8401.25059,23.66,0.208,13.92,14.3,14.3,1,1.23,OB181580 MB18340
KMT-2018-BLG-1677,SAO22M0502.044249,17:56:32.28,-32:58:47.10,8193.81266,12.43,1.052,17.93,19.66,19.66,1,1.14,
KMT-2018-BLG-1678,SSO22M0601.047000,17:56:12.86,-33:06:32.18,8247.23829,40.58,0.1,20.04,19.96,19.96,1,1.46,OB180687
KMT-2018-BLG-1679,SSO22M0602.035976,17:55:55.58,-33:02:07.12,8312.69416,26.15,0.461,19.03,19.42,19.42,1,1.37,
KMT-2018-BLG-1680,SSO22M0604.048003,17:55:49.89,-32:48:15.80,8212.22121,81.39,0.109,20.76,19.87,19.87,1,1.36,OB180399
KMT-2018-BLG-1681,BLG22M0701.011991,17:55:25.67,-33:04:48.22,8463.69571,54.64,0.017,17.56,18.48,18.48,1,1.25,OB181762
KMT-2018-BLG-1682,SSO22M0706.016268,17:55:33.56,-32:29:43.19,8260.15638,15.92,0.339,19.85,19.07,19.07,1,1.8,OB180833
KMT-2018-BLG-1683,SSO22M0707.011789,17:55:40.58,-32:21:28.91,8346.81653,26.09,0.232,18.48,18.73,18.73,1,1.79,MB18300
KMT-2018-BLG-1684,SAO22N0201.026093,17:58:21.55,-34:10:56.60,8225.00064,38.58,0.002,21.35,19.14,19.14,1,0.83,
KMT-2018-BLG-1685,SAO22N0203.020971,17:58:31.55,-33:58:40.51,8322.88651,19.77,0.32,20.1,18.98,18.98,1,1.0,
KMT-2018-BLG-1686,BLG22N0308.030976,17:57:51.89,-33:18:40.79,8272.54559,43.8,0.025,20.21,19.5,19.5,1,1.32,OB180919
KMT-2018-BLG-1687,SSO22N0403.000224,17:57:03.79,-33:56:09.82,8496.91439,49.65,0.052,11.3,13.92,13.92,1,0.74,OB180988
KMT-2018-BLG-1688,SAO22N0404.050602,17:57:07.45,-33:49:46.42,8275.56431,74.67,0.051,22.63,19.62,19.62,1,0.67,
KMT-2018-BLG-1689,SSO22N0405.023710,17:57:20.58,-33:44:32.39,8275.05503,33.19,0.066,21.91,19.08,19.08,2,0.7,
KMT-2018-BLG-1690,SSO22N0405.028979,17:57:15.34,-33:43:45.48,8399.03942,17.22,0.224,19.19,19.27,19.27,2,0.72,
KMT-2018-BLG-1691,SSO22N0405.079848,17:57:02.26,-33:43:31.37,8398.04541,43.59,0.014,18.95,20.0,25.0,3,0.71,MB18390
KMT-2018-BLG-1692,SSO22N0501.050138,17:56:56.80,-34:17:12.08,8285.13104,11.03,0.056,15.62,19.81,19.81,1,0.77,OB180939 MB18180
KMT-2018-BLG-1693,SSO22N0701.026847,17:55:32.99,-34:14:33.11,8284.30644,6.46,0.065,18.79,19.15,19.15,1,0.94,OB181082 MB18181
KMT-2018-BLG-1694,SSO22N0803.020285,17:55:07.94,-34:02:22.20,8304.96365,5.92,0.252,18.13,18.86,18.86,1,0.94,OB181188 MB18216
KMT-2018-BLG-1695,BLG22N0806.013043,17:54:41.70,-33:40:13.69,8232.28568,19.0,0.011,21.11,18.57,18.57,1,1.31,
KMT-2018-BLG-1696,SSO22N0806.036057,17:54:53.39,-33:39:55.12,8288.69855,77.77,0.382,19.18,19.48,19.48,1,1.3,
KMT-2018-BLG-1697,SSO22N0807.062177,17:54:34.76,-33:31:47.89,8280.57007,8.9,0.055,20.41,20.0,20.2,1,1.31,
KMT-2018-BLG-1698,SSO22T0105.005550,17:53:56.23,-33:41:35.41,8203.95477,30.0,0.497,17.84,17.72,17.72,1,1.49,OB180187
KMT-2018-BLG-1699,SAO22T0105.018004,17:54:03.41,-33:46:46.42,8386.67423,11.21,0.247,19.58,19.0,19.0,1,1.49,OB181726
KMT-2018-BLG-1700,BLG22T0106.000415,17:53:42.49,-33:38:24.68,8331.86535,13.48,0.235,16.51,15.12,15.12,3,1.42,OB181357 MB18277
KMT-2018-BLG-1701,BLG22T0107.059095,17:53:46.23,-33:31:39.79,8288.1197,51.28,0.232,20.63,20.0,20.29,1,1.37,
KMT-2018-BLG-1702,BLG22T0201.034009,17:53:17.19,-34:14:15.61,8358.49675,24.58,0.02,22.55,19.41,19.41,1,1.16,
KMT-2018-BLG-1703,SAO22T0202.031858,17:53:30.82,-34:10:40.58,8369.60792,36.78,0.167,19.63,19.44,19.44,1,1.08,OB181610 MB18350
KMT-2018-BLG-1704,BLG22T0204.000646,17:53:29.78,-33:52:08.11,8174.85724,48.14,0.077,19.24,15.21,15.21,1,1.4,OB180043 MB18033
KMT-2018-BLG-1705,SSO22T0206.016246,17:53:34.75,-33:34:41.70,8274.38272,79.21,0.106,21.11,19.01,19.01,1,1.47,
KMT-2018-BLG-1706,BLG22T0304.013408,17:53:01.75,-33:52:24.82,8266.4918,30.86,0.041,21.43,18.86,18.86,1,1.55,OB180914
KMT-2018-BLG-1707,BLG22T0404.001163,17:51:56.32,-33:54:36.00,8207.45851,135.64,0.123,21.14,15.89,15.89,1,1.46,
KMT-2018-BLG-1708,SSO22T0505.033830,17:51:25.36,-33:47:09.46,8209.76386,40.81,0.052,20.42,20.0,20.93,2,2.44,OB180388
KMT-2018-BLG-1709,SAO22T0604.024539,17:50:58.10,-33:53:19.07,8361.14619,31.34,0.358,20.06,19.69,19.69,3,1.88,OB181668
KMT-2018-BLG-1710,BLG22T0606.028125,17:51:01.99,-33:39:01.55,8312.50311,45.63,0.209,21.48,19.98,19.98,3,1.89,
KMT-2018-BLG-1711,BLG22T0702.020837,17:50:18.36,-34:04:24.71,8356.51107,107.81,0.078,22.95,19.46,19.46,2,1.43,
KMT-2018-BLG-1712,BLG22T0705.030312,17:50:14.05,-33:44:38.26,8210.38534,77.52,0.153,21.03,20.0,20.02,2,1.79,OB180457
KMT-2018-BLG-1713,SAO22T0707.003378,17:50:34.68,-33:26:09.42,8236.15765,37.49,0.325,18.69,17.12,17.12,2,1.71,OB180622
KMT-2018-BLG-1714,SSO22T0708.038419,17:50:27.27,-33:22:33.82,8318.21043,4.13,0.119,20.49,20.0,20.22,2,1.73,
KMT-2018-BLG-1715,BLG22T0708.049821,17:50:04.59,-33:22:57.65,8265.63589,10.31,0.205,20.53,20.0,20.52,2,1.9,
KMT-2018-BLG-1716,BLG22T0708.055426,17:50:10.80,-33:18:09.90,8396.97514,31.86,0.105,21.33,20.0,20.66,2,1.82,OB181754
KMT-2018-BLG-1717,SAO22T0807.020956,17:49:40.15,-33:27:39.96,8308.65197,10.24,0.132,18.82,19.47,19.47,2,1.78,OB181184 MB18234
KMT-2018-BLG-1718,BLG31K0105.034888,18:13:14.81,-25:12:24.59,8263.79579,13.92,0.045,20.71,20.0,20.19,1,1.79,OB180907
KMT-2018-BLG-1719,SAO31K0302.065133,18:11:51.10,-25:35:51.29,8316.59739,49.36,0.002,20.73,20.0,20.82,1,1.37,OB181248 MB18239
KMT-2018-BLG-1720,SSO31K0303.003385,18:11:58.45,-25:30:15.52,8356.46794,19.35,0.042,19.31,17.23,17.23,1,1.51,OB181505 MB18317
KMT-2018-BLG-1721,BLG31K0303.008219,18:12:10.07,-25:30:36.22,8339.83378,41.17,0.08,22.17,18.41,18.41,1,1.53,
KMT-2018-BLG-1722,SAO31K0305.016434,18:12:09.97,-25:15:33.52,8308.99168,3.49,1.929,16.31,19.03,19.03,1,1.61,OB181249
KMT-2018-BLG-1723,BLG31K0404.003725,18:11:17.15,-25:16:52.10,8426.82554,44.91,0.2,19.01,17.55,17.55,1,1.98,OB181798
KMT-2018-BLG-1724,SSO31K0405.011703,18:11:25.83,-25:14:29.62,8313.19627,10.0,0.133,19.18,18.88,18.88,1,1.76,MB18242
KMT-2018-BLG-1725,SAO31K0405.018942,18:11:11.47,-25:11:39.70,8239.02114,18.68,0.401,20.07,19.34,19.34,1,1.75,
KMT-2018-BLG-1726,SAO31K0504.001590,18:10:50.43,-25:18:54.50,8267.02513,14.49,0.156,16.15,16.25,16.25,1,1.8,OB180746 MB18149
KMT-2018-BLG-1727,SAO31K0701.020734,18:09:50.57,-25:46:21.61,8395.62201,39.93,0.061,21.06,19.08,19.08,1,1.44,
KMT-2018-BLG-1728,BLG31K0702.036317,18:09:40.11,-25:38:08.20,8365.27647,22.9,0.114,20.54,19.67,19.67,1,1.63,OB181616
KMT-2018-BLG-1729,BLG31K0704.040639,18:09:30.26,-25:17:42.40,8265.7383,15.38,0.091,21.52,19.73,19.73,1,1.56,OB180948
KMT-2018-BLG-1730,SAO31K0801.032108,18:09:22.62,-25:39:36.00,8317.66022,38.82,0.013,22.72,19.58,19.58,1,1.71,
KMT-2018-BLG-1731,SSO31K0803.010161,18:09:28.57,-25:25:56.71,8227.62314,11.6,0.029,21.27,18.27,18.27,1,1.44,OB180649
KMT-2018-BLG-1732,BLG31K0805.001023,18:09:28.28,-25:12:55.58,8412.07273,23.11,0.472,16.18,15.82,15.82,1,1.96,
KMT-2018-BLG-1733,BLG31M0103.044893,18:17:57.58,-25:27:05.80,8231.28509,70.85,0.119,21.41,20.0,20.07,1,0.96,
KMT-2018-BLG-1734,SSO31M0206.003085,18:17:03.73,-25:06:05.51,8410.42532,62.54,0.031,19.25,17.04,17.04,1,1.13,MB18394
KMT-2018-BLG-1735,BLG31M0502.014106,18:15:27.36,-25:32:21.52,8171.90515,33.6,0.04,19.26,18.5,18.5,1,1.05,OB180131 OB180200 MB18026
KMT-2018-BLG-1736,BLG31M0601.001808,18:15:00.34,-25:45:04.90,8152.32596,72.34,0.677,17.85,16.1,16.1,1,1.07,OB180132
KMT-2018-BLG-1737,SSO31M0602.014853,18:15:14.18,-25:34:27.41,8276.22577,18.67,0.165,19.55,18.6,18.6,1,1.05,OB180944 MB18167
KMT-2018-BLG-1738,SAO31M0605.064783,18:15:12.31,-25:09:52.60,8273.63479,99.89,0.068,22.54,20.0,21.25,1,1.5,
KMT-2018-BLG-1739,BLG31M0606.064773,18:14:55.07,-25:06:07.81,8174.32837,18.41,0.139,20.2,20.0,21.33,1,1.46,
KMT-2018-BLG-1740,SAO31M0801.004585,18:13:59.70,-25:43:54.70,8414.70183,84.69,0.092,18.84,17.65,17.65,1,1.4,OB181503 MB18401
KMT-2018-BLG-1741,SSO31M0803.003799,18:13:50.16,-25:29:08.59,8295.29559,38.98,0.244,17.88,17.42,17.42,1,1.4,OB180799 MB18215
KMT-2018-BLG-1742,BLG31N0107.034822,18:17:54.03,-26:01:19.88,8232.22435,54.28,0.051,23.56,19.56,19.56,1,0.79,
KMT-2018-BLG-1743,SSO31N0205.041455,18:17:08.01,-26:21:34.70,8249.10585,25.37,0.002,20.17,19.81,19.81,1,0.85,
KMT-2018-BLG-1744,SAO31N0206.015918,18:17:14.81,-26:09:08.78,8238.96628,28.41,0.088,21.13,18.5,18.5,1,0.82,
KMT-2018-BLG-1745,SSO31N0303.027227,18:16:57.09,-26:35:25.51,8221.19407,65.76,0.017,21.21,19.16,19.16,1,0.75,
KMT-2018-BLG-1746,SAO31N0307.011395,18:16:38.38,-26:07:58.12,8308.21708,43.91,0.272,20.51,18.13,18.13,1,0.69,OB181214
KMT-2018-BLG-1747,BLG31N0408.004530,18:16:24.99,-25:58:33.38,8242.20389,15.51,1.058,17.4,17.36,17.36,1,0.73,OB180614
KMT-2018-BLG-1748,BLG31N0606.028525,18:15:09.05,-26:09:07.42,8233.36914,4.3,0.086,18.7,19.18,19.18,1,1.02,
KMT-2018-BLG-1749,BLG31N0607.052950,18:15:09.84,-26:03:25.31,8379.43724,47.84,0.084,19.83,20.0,20.17,1,1.15,
KMT-2018-BLG-1750,SSO31N0703.002066,18:14:18.32,-26:38:43.69,8288.50806,149.94,0.155,18.43,16.18,16.18,1,0.85,OB180613 MB18175
KMT-2018-BLG-1751,SSO31N0706.018421,18:14:27.64,-26:15:22.50,8290.12616,28.56,0.042,19.58,18.83,18.83,1,1.03,OB181019
KMT-2018-BLG-1752,SAO31N0807.024998,18:14:07.67,-26:03:47.09,8244.9235,4.58,0.112,18.92,19.01,19.01,1,0.98,
KMT-2018-BLG-1753,SAO31T0103.029137,18:13:12.44,-26:36:59.29,8293.83829,52.41,0.012,20.41,19.07,19.07,1,0.81,OB180886
KMT-2018-BLG-1754,SAO31T0104.019844,18:12:58.51,-26:27:44.21,8387.21027,13.31,0.023,19.71,18.73,18.73,1,0.96,MB18385
KMT-2018-BLG-1755,BLG31T0307.018146,18:12:07.82,-26:00:59.18,8360.45739,31.53,0.213,20.04,18.71,18.71,1,1.24,OB181590
KMT-2018-BLG-1756,BLG31T0404.000473,18:11:41.09,-26:23:52.69,8375.09029,14.97,0.662,15.14,14.32,14.32,1,1.18,OB181635 MB18352
KMT-2018-BLG-1757,SAO31T0408.049828,18:11:35.74,-25:59:00.89,8361.64862,1.93,0.249,18.43,19.63,19.63,1,1.12,MB18344
KMT-2018-BLG-1758,SSO31T0501.071191,18:10:42.90,-26:51:42.91,8304.35188,29.94,0.06,20.64,20.0,20.56,1,1.32,OB181260 MB18222
KMT-2018-BLG-1759,SAO31T0506.037233,18:11:04.36,-26:11:53.20,8249.1277,25.03,0.054,20.33,19.33,19.33,1,1.2,OB180770
KMT-2018-BLG-1760,BLG31T0508.016939,18:11:00.51,-25:59:30.70,8290.6936,62.34,0.106,20.44,18.45,18.45,1,1.14,OB181020
KMT-2018-BLG-1761,BLG31T0803.036195,18:08:57.86,-26:33:07.60,8228.08416,61.93,0.192,20.59,19.4,19.4,1,1.2,OB180599
KMT-2018-BLG-1762,BLG32K0207.012749,18:10:10.43,-27:03:25.20,8207.51136,62.06,0.318,20.71,18.57,18.57,1,1.38,OB180535
KMT-2018-BLG-1763,SSO32K0301.002494,18:09:44.74,-27:50:37.50,8211.65465,71.74,0.193,19.82,16.03,16.03,1,0.92,OB180411
KMT-2018-BLG-1764,SAO32K0403.024347,18:09:06.66,-27:32:53.59,8329.36417,84.54,0.139,19.47,18.67,18.67,1,0.92,OB180903 MB18256
KMT-2018-BLG-1765,SAO32K0404.075071,18:08:52.39,-27:26:22.81,8314.87945,36.27,0.013,20.95,20.0,20.08,1,1.03,MB18251
KMT-2018-BLG-1766,SAO32K0406.003111,18:08:54.65,-27:10:10.99,8291.76415,53.74,0.109,16.16,16.49,16.49,1,1.09,OB180410 MB18185
KMT-2018-BLG-1767,SSO32K0504.000481,18:08:16.22,-27:27:20.30,8312.02214,20.56,0.08,16.44,14.36,14.36,1,0.87,OB181178 MB18203
KMT-2018-BLG-1768,BLG32K0508.012894,18:08:28.08,-26:56:03.91,8353.95954,7.99,0.745,18.47,18.28,18.28,1,1.23,OB181587
KMT-2018-BLG-1769,BLG32K0508.057186,18:08:27.02,-26:57:40.61,8345.69057,15.44,0.226,21.07,19.86,19.86,1,1.23,
KMT-2018-BLG-1770,BLG32K0602.014438,18:08:01.61,-27:39:01.91,8243.12187,13.2,0.361,18.81,18.24,18.24,1,1.03,OB180710 MB18139
KMT-2018-BLG-1771,SAO32K0604.026099,18:08:13.50,-27:24:03.60,8193.22278,17.54,0.048,18.94,18.64,18.64,1,0.93,OB180278
KMT-2018-BLG-1772,SSO32K0608.015638,18:08:15.58,-26:54:55.01,8153.70139,66.6,0.155,17.92,18.32,18.32,1,1.16,OB180115 MB18011
KMT-2018-BLG-1773,BLG32K0704.014464,18:07:40.01,-27:23:14.71,8286.23272,2.57,1.774,16.12,18.13,18.13,1,1.1,
KMT-2018-BLG-1774,SSO32K0705.074914,18:07:40.00,-27:20:03.30,8260.91493,8.31,1.245,17.92,20.0,20.09,1,1.17,OB180844
KMT-2018-BLG-1775,SAO32K0706.059040,18:07:15.73,-27:15:00.50,8200.19693,17.1,0.101,19.47,19.84,19.84,1,1.09,OB180366
KMT-2018-BLG-1776,SAO32K0801.065566,18:07:00.65,-27:51:38.92,8311.18705,5.0,0.132,20.64,19.66,19.66,1,0.95,
KMT-2018-BLG-1777,BLG32K0802.014089,18:06:40.79,-27:43:30.61,8196.95133,54.58,0.168,19.55,18.05,18.05,1,0.82,OB180328
KMT-2018-BLG-1778,BLG32K0802.081273,18:07:05.59,-27:43:19.81,8226.53526,18.31,0.267,20.75,20.0,20.1,1,0.87,
KMT-2018-BLG-1779,SAO32K0805.045846,18:07:07.01,-27:19:46.09,8239.59038,16.7,0.05,18.85,19.05,19.05,1,0.88,OB180678
KMT-2018-BLG-1780,BLG32K0806.030502,18:06:51.49,-27:09:15.98,8183.76425,35.17,0.314,18.7,18.76,18.76,1,0.93,OB180114
KMT-2018-BLG-1781,SSO32K0807.007005,18:07:08.73,-27:04:52.39,8253.943,17.26,0.69,17.18,17.35,17.35,1,0.88,MB18140
KMT-2018-BLG-1782,BLG32K0807.013463,18:06:43.94,-27:00:52.20,8333.10683,39.4,0.142,20.91,18.04,18.04,1,0.93,OB181392
KMT-2018-BLG-1783,SSO32M0204.057839,18:15:03.80,-27:22:43.79,8321.86056,24.25,0.005,21.2,20.0,20.24,1,0.66,
KMT-2018-BLG-1784,SAO32M0304.029515,18:14:19.95,-27:28:13.69,8370.78655,29.77,0.203,18.76,18.91,18.91,1,0.63,OB181536 MB18349
KMT-2018-BLG-1785,SSO32M0408.044181,18:14:00.25,-26:53:35.20,8241.48443,199.93,0.106,20.19,19.56,19.56,1,0.75,OB180359
KMT-2018-BLG-1786,SSO32M0505.022270,18:13:36.15,-27:21:29.09,8330.7973,47.92,0.046,18.35,18.52,18.52,1,0.5,MB18218
KMT-2018-BLG-1787,SSO32M0507.042432,18:13:08.07,-27:01:10.60,8281.38926,88.15,0.047,22.58,19.4,19.4,1,0.73,OB181065
KMT-2018-BLG-1788,SSO32M0508.004060,18:13:28.42,-26:58:29.89,8195.10804,17.79,0.269,18.61,17.08,17.08,1,0.79,OB180415
KMT-2018-BLG-1789,SSO32M0601.050511,18:12:54.77,-27:47:01.90,8333.27251,0.8,1.952,13.84,19.62,19.62,1,0.51,
KMT-2018-BLG-1790,SAO32M0602.056734,18:12:42.37,-27:42:38.09,8256.86892,24.88,0.003,20.59,19.88,19.88,1,0.57,MB18148
KMT-2018-BLG-1791,BLG32M0604.002011,18:12:46.10,-27:23:17.30,8232.85945,45.42,0.461,17.37,15.62,15.62,1,0.63,OB180551
KMT-2018-BLG-1792,SAO32M0704.040218,18:12:26.59,-27:24:36.11,8288.1284,55.72,0.076,19.8,19.13,19.13,1,0.63,OB180945 MB18183
KMT-2018-BLG-1793,SSO32N0301.000611,18:14:41.95,-28:59:22.42,8227.63736,53.54,0.333,17.26,14.79,14.79,1,0.46,MB18075
KMT-2018-BLG-1794,SSO32N0306.012138,18:14:48.59,-28:17:25.69,8262.9271,11.13,0.422,17.73,18.05,18.05,1,0.46,
KMT-2018-BLG-1795,SAO32N0408.036095,18:13:50.92,-28:02:38.90,8303.31111,11.99,0.016,20.43,19.08,19.08,1,0.39,MB18214
KMT-2018-BLG-1796,SAO32N0503.042183,18:13:29.57,-28:40:27.62,8230.20078,38.41,0.392,18.91,19.45,19.45,3,0.48,
KMT-2018-BLG-1797,SAO32N0504.017393,18:13:32.22,-28:32:41.39,8252.16796,30.79,0.259,20.41,18.32,18.32,1,0.44,
KMT-2018-BLG-1798,SSO32N0508.058247,18:13:30.81,-28:04:16.00,8318.22927,166.32,0.091,21.45,19.84,19.84,1,0.39,
KMT-2018-BLG-1799,BLG32N0707.012057,18:12:30.54,-28:11:49.49,8290.32341,53.69,0.042,21.6,17.99,17.99,1,0.57,
KMT-2018-BLG-1800,SSO32T0101.046238,18:10:49.24,-28:54:42.80,8206.8689,11.99,0.1,19.85,19.59,19.59,1,0.78,MB18074
KMT-2018-BLG-1801,BLG32T0205.015561,18:10:17.28,-28:27:50.90,8281.67433,14.81,0.408,19.89,18.43,18.43,1,0.83,
KMT-2018-BLG-1802,BLG32T0305.034786,18:09:57.71,-28:22:41.30,8345.54436,16.93,0.167,19.36,19.36,19.36,1,1.14,OB181470
KMT-2018-BLG-1803,BLG32T0401.004600,18:09:22.01,-28:54:20.99,8237.42694,12.62,0.288,18.61,17.16,17.16,1,0.78,
KMT-2018-BLG-1804,SAO32T0407.007951,18:09:18.55,-28:14:02.62,8296.34992,49.13,0.175,18.48,17.82,17.82,1,1.13,OB180821
KMT-2018-BLG-1805,SAO32T0505.044384,18:08:20.23,-28:25:52.00,8349.48765,7.73,0.096,19.82,19.43,19.43,1,1.05,OB181558
KMT-2018-BLG-1806,SSO32T0607.075476,18:08:12.57,-28:11:22.42,8228.66447,17.51,0.059,19.55,20.0,20.45,1,1.15,OB180582
KMT-2018-BLG-1807,SSO32T0703.002497,18:07:20.99,-28:41:41.21,8189.74645,41.72,0.029,20.31,15.99,15.99,1,1.01,OB180413
KMT-2018-BLG-1808,SSO32T0706.056940,18:07:28.81,-28:21:52.31,8180.6582,19.84,0.247,18.86,19.62,19.62,1,1.05,OB180125
KMT-2018-BLG-1809,SAO32T0805.018239,18:06:35.95,-28:24:54.50,8401.5302,60.07,0.033,19.7,18.42,18.42,1,0.98,
KMT-2018-BLG-1810,SAO32T0807.064166,18:06:37.50,-28:14:13.88,8259.21499,20.07,0.443,18.55,19.92,19.92,1,0.96,OB180739
KMT-2018-BLG-1811,SAO33K0106.005264,18:13:03.01,-29:19:41.02,8315.25112,34.04,0.646,17.4,17.5,17.5,1,0.41,MB18187
KMT-2018-BLG-1812,BLG33K0301.032998,18:11:45.07,-29:56:33.68,8329.39995,104.89,0.335,19.57,19.33,19.33,1,0.5,
KMT-2018-BLG-1813,BLG33K0406.003420,18:11:11.83,-29:16:53.80,8337.80256,24.73,0.095,21.11,16.94,16.94,1,0.67,
KMT-2018-BLG-1814,BLG33K0407.005643,18:11:03.40,-29:10:23.02,8212.71098,82.05,0.246,18.75,17.44,17.44,1,0.62,OB180197 MB18083
KMT-2018-BLG-1815,BLG33K0407.043587,18:11:11.93,-29:09:20.20,8286.71779,81.71,0.128,21.8,19.48,19.48,1,0.62,OB181120
KMT-2018-BLG-1816,BLG33K0502.020016,18:10:23.25,-29:51:52.60,8346.2569,20.62,0.07,19.14,18.83,18.83,1,0.7,OB181399 MB18307
KMT-2018-BLG-1817,BLG33K0508.026509,18:10:39.62,-29:02:33.61,8367.10926,7.9,0.049,20.25,18.75,18.75,1,0.64,MB18355
KMT-2018-BLG-1818,BLG33K0608.031738,18:10:11.43,-29:01:12.00,8297.1184,18.37,0.249,18.81,19.0,19.0,1,0.64,OB181121 MB18194
KMT-2018-BLG-1819,BLG33K0704.047362,18:09:24.60,-29:36:33.70,8200.96544,11.64,0.578,19.64,19.65,19.65,1,0.65,
KMT-2018-BLG-1820,BLG33K0705.017663,18:09:09.21,-29:26:35.48,8278.55767,9.68,0.029,20.1,18.52,18.52,1,0.85,OB181018
KMT-2018-BLG-1821,BLG33K0708.030654,18:09:35.61,-29:00:53.60,8217.25733,53.31,0.14,21.0,19.13,19.13,1,0.89,
KMT-2018-BLG-1822,SSO33K0802.003481,18:08:42.47,-29:50:08.99,8254.39329,43.45,0.065,20.35,16.9,16.9,1,0.74,OB180740 MB18147
KMT-2018-BLG-1823,SSO33K0807.007147,18:08:55.48,-29:08:58.60,8281.69391,74.29,0.021,18.32,17.72,17.72,1,0.85,OB180611 MB18161
KMT-2018-BLG-1824,SAO33M0305.016874,18:16:41.61,-29:25:58.40,8399.85727,14.81,0.186,18.2,18.94,18.94,2,0.48,
KMT-2018-BLG-1825,SSO33M0306.006964,18:16:27.90,-29:20:39.44,8188.64246,62.53,0.098,20.02,18.12,18.12,2,0.47,
KMT-2018-BLG-1826,SAO33M0406.018429,18:15:48.86,-29:18:47.30,8399.61738,26.94,0.133,18.52,18.77,18.77,1,0.45,
KMT-2018-BLG-1827,SSO33M0406.020038,18:15:47.42,-29:18:04.50,8222.29851,56.28,0.259,18.79,18.86,18.86,1,0.45,
KMT-2018-BLG-1828,BLG33M0701.027347,18:14:20.50,-29:54:50.33,8274.16907,8.21,0.181,19.05,19.68,19.68,2,0.47,MB18162
KMT-2018-BLG-1829,SSO33M0803.000910,18:13:35.60,-29:40:37.60,8396.0488,9.05,0.198,14.85,15.1,15.1,1,0.39,MB18377
KMT-2018-BLG-1830,BLG33N0208.025759,18:17:00.77,-30:13:25.14,8338.20879,16.1,0.087,21.46,20.0,20.09,2,0.4,
KMT-2018-BLG-1831,SAO33N0705.012806,18:14:09.24,-30:31:57.94,8228.40458,69.52,0.338,19.21,18.88,18.88,2,0.58,
KMT-2018-BLG-1832,BLG33T0107.034442,18:12:57.50,-30:17:31.60,8381.59097,23.56,0.255,19.51,19.65,19.65,1,0.63,
KMT-2018-BLG-1833,SAO33T0204.056938,18:12:19.29,-30:39:41.11,8371.59397,36.78,0.158,21.54,20.0,20.59,1,0.43,
KMT-2018-BLG-1834,SSO33T0307.016248,18:11:41.67,-30:16:26.11,8338.1051,21.27,0.119,18.85,18.71,18.71,1,0.5,OB181397
KMT-2018-BLG-1835,BLG33T0308.061139,18:11:50.39,-30:09:00.50,8194.14626,48.31,0.2,18.36,20.0,20.68,1,0.54,
KMT-2018-BLG-1836,SAO33T0704.018372,18:09:20.48,-30:41:11.90,8362.47801,23.96,0.177,19.03,18.8,18.8,1,0.69,OB181502
KMT-2018-BLG-1837,SAO33T0707.057376,18:09:10.54,-30:13:32.30,8401.33942,34.7,0.12,20.93,20.0,20.22,1,0.71,
KMT-2018-BLG-1838,BLG33T0806.026983,18:08:41.21,-30:28:21.40,8219.3506,36.1,0.33,20.4,19.2,19.2,1,0.74,OB180496
KMT-2018-BLG-1839,SAO34K0205.070798,18:03:12.91,-31:29:57.70,8206.02586,16.93,0.04,19.94,20.0,20.55,1,0.94,OB180490 MB18070
KMT-2018-BLG-1840,SAO34K0303.028933,18:02:25.22,-31:50:54.49,8294.77842,66.78,0.026,21.88,19.2,19.2,1,1.06,OB181017 MB18196
KMT-2018-BLG-1841,SSO34K0305.032389,18:02:16.35,-31:36:23.80,8312.79193,42.39,0.116,20.65,19.21,19.21,1,0.87,OB181229
KMT-2018-BLG-1842,SAO34K0402.049271,18:01:36.20,-31:59:05.89,8303.16357,45.05,0.017,22.78,19.93,19.93,1,1.12,
KMT-2018-BLG-1843,SAO34K0404.062461,18:01:41.07,-31:40:21.29,8287.94575,11.58,0.123,20.69,20.0,20.18,1,0.97,
KMT-2018-BLG-1844,SAO34K0408.024649,18:02:00.83,-31:10:11.60,8353.81685,21.09,0.297,19.21,19.09,19.09,1,1.18,OB181499
KMT-2018-BLG-1845,BLG34K0503.060636,18:00:55.99,-31:51:08.32,8190.56836,191.95,0.052,22.12,20.0,20.22,1,1.12,
KMT-2018-BLG-1846,SAO34K0601.005701,18:00:51.03,-32:06:41.11,8404.99322,10.77,0.498,17.98,17.73,17.73,1,1.21,OB181796
KMT-2018-BLG-1847,SSO34K0607.075693,18:00:39.50,-31:18:26.78,8193.57715,11.52,0.207,19.13,20.0,20.73,1,1.22,
KMT-2018-BLG-1848,BLG34K0608.050782,18:00:28.69,-31:08:35.81,8262.31501,10.15,0.238,19.33,19.92,19.92,1,1.43,OB180869
KMT-2018-BLG-1849,BLG34K0702.049547,17:59:50.32,-31:54:20.30,8203.29676,55.4,0.169,19.99,19.84,19.84,1,1.25,OB180276
KMT-2018-BLG-1850,BLG34K0703.045698,17:59:56.82,-31:49:04.01,8309.81655,37.83,0.059,23.01,19.74,19.74,1,1.2,OB181258
KMT-2018-BLG-1851,BLG34K0808.047892,17:59:23.27,-31:13:08.29,8372.56647,36.29,0.064,20.47,19.96,19.96,1,1.58,OB181630 MB18367
KMT-2018-BLG-1852,BLG34M0101.005812,18:08:44.90,-31:59:45.71,8330.00971,14.78,0.552,19.51,18.01,18.01,1,0.66,
KMT-2018-BLG-1853,SSO34M0104.001032,18:08:26.09,-31:43:31.91,8269.97184,24.88,0.509,15.22,15.49,15.49,1,0.73,MB18133
KMT-2018-BLG-1854,SSO34M0104.003822,18:08:43.49,-31:37:49.19,8314.09734,18.21,0.919,15.68,17.47,17.47,1,0.59,MB18204
KMT-2018-BLG-1855,SAO34M0104.035262,18:08:49.61,-31:38:24.61,8197.34209,16.4,0.321,19.24,19.81,19.81,1,0.56,
KMT-2018-BLG-1856,BLG34M0301.062962,18:07:39.26,-32:05:39.08,8319.33427,131.57,0.095,21.27,20.0,21.59,2,0.58,
KMT-2018-BLG-1857,SSO34M0303.019704,18:07:34.93,-31:45:25.09,8295.96521,9.39,0.093,19.63,19.05,19.05,1,0.75,
KMT-2018-BLG-1858,SSO34N0303.030809,18:07:18.11,-32:55:45.91,8243.70489,20.04,0.069,19.61,19.85,19.85,1,0.68,
KMT-2018-BLG-1859,SAO34N0503.029107,18:06:26.61,-32:55:52.28,8269.82714,146.94,0.113,21.31,19.63,19.63,1,0.66,
KMT-2018-BLG-1860,BLG34N0808.035143,18:04:39.38,-32:13:19.31,8196.10859,198.44,0.004,23.43,19.74,19.74,1,1.09,OB180408
KMT-2018-BLG-1861,BLG34T0101.015400,18:03:46.51,-33:07:07.28,8195.70196,59.9,0.1,21.67,18.96,18.96,1,0.89,
KMT-2018-BLG-1862,SAO34T0101.023842,18:03:34.88,-33:10:36.52,8274.86858,4.83,0.155,19.77,19.4,19.4,1,1.04,
KMT-2018-BLG-1863,BLG34T0105.020942,18:03:25.23,-32:39:31.50,8346.65433,74.91,0.109,20.48,18.92,18.92,1,0.86,OB181391
KMT-2018-BLG-1864,SSO34T0305.001184,18:02:08.90,-32:40:12.50,8180.02607,28.44,0.283,16.0,15.62,15.62,1,0.94,OB180518 MB18005
KMT-2018-BLG-1865,BLG34T0308.054202,18:02:29.45,-32:15:02.48,8326.79573,64.35,0.068,22.33,20.0,20.27,1,1.01,
KMT-2018-BLG-1866,BLG34T0408.002764,18:01:36.11,-32:14:15.79,8349.86947,63.57,0.428,17.64,16.58,16.58,1,1.04,OB181000 MB18248
KMT-2018-BLG-1867,SAO34T0604.018828,18:00:19.06,-32:50:46.72,8370.4321,10.73,0.194,19.49,18.81,18.81,1,0.88,OB181673
KMT-2018-BLG-1868,BLG34T0705.067550,18:00:12.74,-32:40:40.58,8345.35634,37.95,0.09,20.11,20.0,20.63,1,1.01,MB18308
KMT-2018-BLG-1869,BLG34T0706.068200,17:59:56.79,-32:32:17.70,8240.99112,10.04,0.152,20.06,20.0,20.91,1,1.23,
KMT-2018-BLG-1870,SAO34T0707.053077,18:00:06.97,-32:22:30.90,8315.61278,74.3,0.179,20.55,20.0,20.17,1,1.05,OB181119
KMT-2018-BLG-1871,SAO35K0204.012463,18:03:39.89,-25:22:41.77,8268.51449,6.23,0.725,16.98,19.54,19.54,2,2.6,
KMT-2018-BLG-1872,SAO35K0204.039412,18:03:21.72,-25:23:49.67,8360.0662,47.83,0.144,21.53,20.0,21.0,2,2.8,
KMT-2018-BLG-1873,BLG35K0308.013156,18:02:51.48,-24:46:22.22,8231.72145,31.68,0.084,20.1,20.0,20.57,2,4.42,
KMT-2018-BLG-1874,SSO35K0505.060640,18:01:46.00,-25:11:17.81,8322.69735,56.84,0.125,21.77,20.0,25.0,3,4.5,
KMT-2018-BLG-1875,BLG35K0507.020558,18:01:44.76,-25:00:33.41,8364.31208,140.93,0.032,21.84,20.0,25.0,3,5.38,
KMT-2018-BLG-1876,BLG35K0603.008289,18:01:16.06,-25:27:03.06,8212.62581,33.88,0.351,19.6,20.0,20.31,2,4.58,
KMT-2018-BLG-1877,BLG35M0204.052796,18:08:02.10,-25:20:50.50,8341.61475,8.66,0.346,19.62,20.0,20.15,1,1.52,
KMT-2018-BLG-1878,BLG35M0301.026302,18:07:40.10,-25:40:32.20,8349.82153,36.13,0.225,20.44,19.12,19.12,1,1.5,OB181506
KMT-2018-BLG-1879,SAO35M0304.023224,18:07:39.93,-25:17:58.60,8384.38146,48.81,0.139,18.49,19.16,19.16,1,1.92,OB181520 MB18370
KMT-2018-BLG-1880,SSO35M0307.005771,18:07:28.06,-24:58:41.70,8266.31958,12.74,1.491,16.53,17.3,17.3,4,2.33,OB180845
KMT-2018-BLG-1881,BLG35M0402.002640,18:07:10.72,-25:35:45.35,8224.99193,26.46,0.479,16.77,16.56,16.56,4,1.7,OB180423 MB18072
KMT-2018-BLG-1882,SSO35M0407.000712,18:07:11.25,-24:58:56.60,8316.30086,45.11,0.008,15.91,16.04,16.04,4,3.12,OB180705 MB18172
KMT-2018-BLG-1883,SAO35M0502.023006,18:06:23.76,-25:37:03.18,8285.90274,15.77,0.26,20.41,20.0,20.12,2,1.98,OB181129
KMT-2018-BLG-1884,BLG35M0601.030793,18:05:57.44,-25:40:49.73,8233.54223,45.61,0.12,19.42,20.0,20.06,2,1.91,MB18115
KMT-2018-BLG-1885,BLG35M0601.069470,18:05:57.15,-25:44:19.43,8317.18624,34.89,0.003,22.73,20.0,25.0,3,1.93,MB18258
KMT-2018-BLG-1886,BLG35M0702.032599,18:05:32.16,-25:37:19.78,8333.83169,9.05,0.62,19.5,20.0,20.63,2,1.81,OB181471
KMT-2018-BLG-1887,BLG35M0803.015446,18:04:37.14,-25:25:23.92,8260.76111,39.54,0.4,20.41,20.0,20.43,3,3.1,
KMT-2018-BLG-1888,SAO35N0101.037078,18:08:36.03,-26:50:35.02,8403.71984,38.64,0.154,19.02,19.35,19.35,1,1.15,OB181677 MB18405
KMT-2018-BLG-1889,BLG35N0104.050996,18:08:32.65,-26:28:48.00,8186.79152,15.79,0.101,19.51,19.74,19.74,1,1.25,OB180245
KMT-2018-BLG-1890,SSO35N0106.002652,18:08:46.61,-26:11:51.11,8256.76419,44.18,0.554,17.5,16.44,16.44,1,1.5,OB180581
KMT-2018-BLG-1891,SSO35N0203.054188,18:08:14.38,-26:31:37.81,8204.39045,61.12,0.443,17.59,19.73,19.73,1,1.15,OB180119
KMT-2018-BLG-1892,BLG35N0307.054372,18:07:39.35,-26:07:21.79,8203.66102,43.63,0.104,20.53,20.0,20.0,1,1.69,OB180468
KMT-2018-BLG-1893,BLG35N0406.033910,18:07:16.00,-26:08:51.22,8267.01826,64.32,0.016,21.9,19.63,19.63,1,1.86,OB180873
KMT-2018-BLG-1894,BLG35N0408.003411,18:07:03.58,-25:57:55.69,8274.426,13.0,0.102,19.98,16.68,16.68,1,1.6,OB181002
KMT-2018-BLG-1895,SSO35N0505.011994,18:06:38.63,-26:21:29.09,8342.98661,18.73,0.007,20.01,18.53,18.53,1,1.84,OB181393 MB18305
KMT-2018-BLG-1896,BLG35N0604.020804,18:05:42.78,-26:29:07.69,8211.3632,44.48,0.162,21.15,18.75,18.75,1,1.35,
KMT-2018-BLG-1897,BLG35N0605.050032,18:05:42.50,-26:18:28.80,8373.63338,22.17,0.182,20.83,19.95,19.95,1,1.6,
KMT-2018-BLG-1898,SSO35N0703.005606,18:05:23.38,-26:31:52.79,8311.76052,26.78,0.671,17.45,17.2,17.2,1,1.46,OB181064 MB18230
KMT-2018-BLG-1899,SAO35N0707.009911,18:05:30.29,-26:03:14.90,8376.57335,5.56,1.804,16.01,18.48,18.48,1,2.05,OB181747
KMT-2018-BLG-1900,SSO35N0801.050931,18:04:59.00,-26:48:45.50,8281.98375,8.94,0.072,19.83,19.56,19.56,1,1.33,OB181040
KMT-2018-BLG-1901,BLG35N0804.006482,18:04:56.09,-26:29:43.19,8148.69121,74.63,0.041,18.59,17.84,17.84,1,1.61,OB180148
KMT-2018-BLG-1902,SSO35N0807.039770,18:04:52.73,-26:06:17.89,8335.94007,35.69,0.072,20.29,20.0,20.26,1,2.02,OB181453 MB18287
KMT-2018-BLG-1903,SAO35T0101.058406,18:04:13.74,-26:51:56.81,8336.18213,40.64,0.014,18.23,20.0,20.11,1,1.47,OB181115 MB18269
KMT-2018-BLG-1904,SAO35T0105.004982,18:04:08.95,-26:19:11.71,8199.00295,49.19,0.03,17.62,18.45,18.45,2,2.41,OB180150 MB18050
KMT-2018-BLG-1905,BLG35T0201.005613,18:03:21.01,-26:49:18.19,8298.9535,28.71,0.55,18.88,17.47,17.47,1,1.98,OB181059
KMT-2018-BLG-1906,BLG35T0206.013784,18:03:31.96,-26:09:36.86,8281.84301,15.33,0.398,18.74,19.69,19.69,2,2.94,OB181052
KMT-2018-BLG-1907,BLG35T0302.089831,18:02:56.68,-26:43:20.03,8258.54107,34.02,0.017,22.0,20.0,25.0,3,2.04,
KMT-2018-BLG-1908,BLG35T0305.003756,18:02:41.30,-26:21:16.09,8400.65775,9.88,1.756,16.27,17.96,17.96,2,2.84,
KMT-2018-BLG-1909,BLG35T0305.069575,18:03:00.12,-26:21:51.01,8312.78339,60.97,0.02,24.23,20.0,21.84,2,2.64,
KMT-2018-BLG-1910,SSO35T0401.004085,18:02:06.67,-26:49:31.69,8195.61955,137.23,0.219,18.51,17.34,17.34,1,2.73,OB180097 MB18040
KMT-2018-BLG-1911,SSO35T0404.000237,18:02:07.08,-26:29:56.72,8176.56438,12.34,0.505,16.13,14.98,14.98,2,2.54,OB180149
KMT-2018-BLG-1912,BLG35T0408.020095,18:02:22.67,-25:57:27.07,8225.32369,176.18,0.013,24.26,20.0,21.07,2,3.49,
KMT-2018-BLG-1913,SSO35T0504.016043,18:01:41.07,-26:26:55.39,8346.17735,42.64,0.078,21.79,19.79,19.79,2,2.6,OB181562
KMT-2018-BLG-1914,BLG35T0504.037180,18:01:48.42,-26:27:05.54,8218.45295,4.05,1.976,16.06,20.0,20.83,2,2.65,
KMT-2018-BLG-1915,SAO35T0507.001195,18:01:36.34,-26:05:04.70,8192.89095,34.29,0.023,20.43,17.26,17.26,2,3.76,OB180441
KMT-2018-BLG-1916,SSO35T0606.028650,18:01:00.11,-26:14:58.20,8226.50597,11.44,0.125,21.23,20.0,21.23,2,3.41,
KMT-2018-BLG-1917,SAO35T0704.022393,18:00:19.56,-26:30:21.42,8312.57108,129.76,0.02,21.9,20.0,21.02,2,4.04,
KMT-2018-BLG-1918,BLG35T0802.010296,17:59:56.96,-26:42:04.36,8265.72689,16.66,0.662,19.77,19.37,19.37,2,2.94,
KMT-2018-BLG-1919,SSO35T0803.007967,18:00:03.33,-26:34:27.30,8272.87259,24.64,0.424,18.42,19.27,19.27,2,3.65,OB180853
KMT-2018-BLG-1920,SAO35T0803.049001,17:59:59.71,-26:36:57.71,8248.44247,6.1,0.032,21.57,20.0,21.84,2,3.3,
KMT-2018-BLG-1921,SAO36K0407.002557,18:13:35.14,-22:51:34.52,8320.60682,113.26,0.178,18.39,17.55,17.55,4,2.11,
KMT-2018-BLG-1922,SAO36K0501.000672,18:13:28.80,-23:39:03.85,8261.42792,3.78,0.799,14.71,15.93,15.93,4,1.66,
KMT-2018-BLG-1923,SAO36K0701.003921,18:11:54.62,-23:40:06.28,8303.13159,43.2,0.277,17.96,18.55,18.55,4,2.72,
KMT-2018-BLG-1924,BLG36M0301.019259,18:18:58.13,-23:37:41.41,8196.76669,17.86,0.266,19.47,19.08,19.08,1,1.0,
KMT-2018-BLG-1925,BLG36M0304.017587,18:18:45.96,-23:15:26.10,8287.70033,13.59,0.171,19.69,19.22,19.22,1,1.42,
KMT-2018-BLG-1926,SAO36M0305.000247,18:19:05.63,-23:07:01.27,8426.88671,33.41,0.664,18.1,-9.54,-9.54,4,1.18,
KMT-2018-BLG-1927,BLG36M0305.004116,18:19:13.56,-23:09:03.49,8187.98199,14.8,0.493,18.19,17.55,17.55,1,1.22,
KMT-2018-BLG-1928,SAO36M0506.003325,18:17:39.56,-22:56:03.41,8400.44496,31.57,0.16,18.87,17.29,17.29,1,1.49,MB18398
KMT-2018-BLG-1929,SSO36M0703.047081,18:16:47.07,-23:20:22.60,8264.54662,50.24,0.017,19.98,20.0,20.38,1,1.14,MB18154
KMT-2018-BLG-1930,SSO36N0304.021191,18:19:10.99,-24:19:34.61,8337.03464,199.77,0.008,19.27,19.08,19.08,1,0.91,MB18188
KMT-2018-BLG-1931,SAO36N0401.019673,18:18:35.56,-24:46:30.68,8221.39834,7.37,0.519,16.63,18.9,18.9,1,0.91,MB18094
KMT-2018-BLG-1932,SAO36N0504.000824,18:18:08.47,-24:20:51.40,8242.98147,46.3,0.083,16.75,15.15,15.15,1,0.91,MB18077
KMT-2018-BLG-1933,SAO36N0504.007584,18:18:05.99,-24:21:17.32,8361.98381,42.41,0.09,21.44,17.95,17.95,1,0.95,
KMT-2018-BLG-1934,BLG36N0607.013071,18:17:13.61,-23:58:10.99,8201.32424,11.91,0.442,19.24,18.47,18.47,1,1.16,
KMT-2018-BLG-1935,SSO36N0805.002340,18:16:05.15,-24:16:39.29,8314.06024,28.28,0.053,17.0,16.63,16.63,1,1.25,MB18281
KMT-2018-BLG-1936,BLG36T0103.009217,18:15:25.41,-24:29:14.10,8239.93059,57.05,0.265,19.91,18.43,18.43,1,1.35,OB180648
KMT-2018-BLG-1937,BLG36T0108.014161,18:15:30.05,-23:48:07.13,8262.95486,26.99,0.318,19.98,19.27,19.27,4,1.5,
KMT-2018-BLG-1938,BLG36T0305.015083,18:14:24.31,-24:16:25.93,8249.90839,13.62,0.339,19.97,19.88,19.88,4,2.05,
KMT-2018-BLG-1939,BLG36T0407.014109,18:13:45.62,-24:00:48.13,8266.47256,102.64,0.061,19.77,19.89,19.89,4,2.2,
KMT-2018-BLG-1940,SSO36T0503.007168,18:13:24.28,-24:26:25.26,8340.75752,27.23,0.109,19.5,18.8,18.8,4,1.72,OB181444
KMT-2018-BLG-1941,SAO37K0107.039672,17:44:17.57,-34:28:12.50,8225.19368,13.95,0.03,20.72,19.7,19.7,1,1.59,
KMT-2018-BLG-1942,SAO37K0107.042357,17:43:57.49,-34:31:11.50,8276.26474,2.14,0.294,19.12,19.78,19.78,2,1.58,OB181042
KMT-2018-BLG-1943,SAO37K0206.006854,17:43:30.73,-34:35:00.46,8203.53177,16.39,0.129,18.44,18.25,18.25,2,1.7,OB180426
KMT-2018-BLG-1944,SAO37K0206.012154,17:43:25.72,-34:36:20.70,8196.81018,101.46,0.007,23.38,19.05,19.05,2,1.73,OB180425
KMT-2018-BLG-1945,SAO37K0302.007500,17:42:58.36,-35:06:13.82,8420.89906,61.71,0.211,18.09,18.23,18.23,2,1.51,
KMT-2018-BLG-1946,SAO37K0307.020491,17:43:00.69,-34:30:20.81,8345.03723,50.75,0.218,20.1,19.25,19.25,1,1.7,OB181460
KMT-2018-BLG-1947,SAO37K0307.057973,17:43:10.19,-34:26:41.50,8353.9464,24.15,0.086,21.13,20.0,20.4,1,1.77,
KMT-2018-BLG-1948,BLG37K0307.073151,17:42:42.60,-34:27:04.10,8362.11899,20.37,0.138,20.81,20.0,20.97,1,1.83,
KMT-2018-BLG-1949,SSO37K0403.086765,17:42:23.03,-35:01:52.28,8231.01233,23.89,0.019,22.04,20.0,21.7,2,1.81,
KMT-2018-BLG-1950,BLG37K0404.020561,17:42:16.60,-34:49:58.55,8341.15972,28.97,0.227,20.4,19.84,19.84,2,2.14,OB181487
KMT-2018-BLG-1951,SSO37K0404.086093,17:42:12.90,-34:52:25.07,8399.49873,30.4,0.161,20.67,20.0,21.72,2,2.07,
KMT-2018-BLG-1952,SSO37K0407.091644,17:41:58.08,-34:32:36.49,8256.20614,7.72,0.072,19.59,20.0,22.31,2,1.78,
KMT-2018-BLG-1953,SAO37K0508.058489,17:41:33.97,-34:20:32.64,8234.07275,38.56,0.061,21.2,20.0,20.93,2,2.22,OB180716
KMT-2018-BLG-1954,SAO37K0605.004575,17:40:59.44,-34:47:21.44,8228.86144,13.56,1.827,16.6,18.02,18.02,2,2.52,
KMT-2018-BLG-1955,BLG37K0708.027614,17:40:42.14,-34:24:33.52,8200.08911,13.9,0.133,19.87,20.0,20.25,2,2.15,
KMT-2018-BLG-1956,BLG37K0708.091618,17:40:26.40,-34:19:32.95,8314.68443,107.85,0.067,22.35,20.0,22.32,2,2.38,
KMT-2018-BLG-1957,BLG37K0801.020690,17:39:30.06,-35:11:04.81,8404.06027,114.88,0.104,21.34,19.91,19.91,2,1.87,
KMT-2018-BLG-1958,SAO37K0805.005822,17:39:54.58,-34:46:12.83,8241.90963,14.33,0.661,17.95,18.55,18.55,2,2.65,
KMT-2018-BLG-1959,BLG37M0101.034871,17:49:06.15,-35:13:24.38,8254.53594,33.61,0.094,19.97,19.42,19.42,1,1.12,
KMT-2018-BLG-1960,SAO37M0202.001403,17:48:31.98,-35:05:16.69,8138.79408,46.07,0.056,15.24,15.54,15.54,1,0.96,OB180229 MB18003
KMT-2018-BLG-1961,BLG37M0204.056376,17:48:47.88,-34:50:57.41,8333.04864,25.04,0.228,19.32,19.96,19.96,1,1.05,OB181322 MB18278
KMT-2018-BLG-1962,SSO37M0306.057576,17:48:07.60,-34:33:00.79,8239.06545,47.02,0.087,22.1,20.0,20.09,1,1.34,
KMT-2018-BLG-1963,SSO37M0402.001970,17:47:37.31,-35:04:41.02,8210.22433,19.69,0.774,15.76,15.78,15.78,1,0.92,MB18060
KMT-2018-BLG-1964,BLG37M0402.023770,17:47:14.85,-35:05:58.42,8320.97463,29.65,0.294,19.29,18.85,18.85,1,0.91,OB181231
KMT-2018-BLG-1965,SAO37M0405.089867,17:47:31.36,-34:43:58.91,8368.78371,38.38,0.528,18.85,20.0,21.05,1,1.0,OB181472
KMT-2018-BLG-1966,SAO37M0506.056855,17:46:55.87,-34:33:18.50,8335.13762,20.88,0.094,20.11,20.0,20.07,1,1.55,OB181410 MB18290
KMT-2018-BLG-1967,SSO37M0601.061586,17:46:28.35,-35:15:40.64,8216.16504,50.82,0.051,20.34,20.0,21.65,2,1.23,
KMT-2018-BLG-1968,BLG37M0605.037295,17:46:18.70,-34:43:01.49,8337.26075,12.36,0.078,20.81,19.68,19.68,1,1.62,
KMT-2018-BLG-1969,SSO37M0606.036631,17:46:21.84,-34:36:30.60,8250.06702,43.24,0.164,20.58,19.62,19.62,1,1.7,OB180741
KMT-2018-BLG-1970,SSO37M0702.010952,17:45:44.49,-35:03:34.70,8269.07723,11.51,0.071,20.38,18.27,18.27,1,1.31,
KMT-2018-BLG-1971,SSO37M0703.001154,17:45:40.47,-34:58:45.80,8366.48234,11.8,0.537,18.63,15.63,15.63,1,1.25,
KMT-2018-BLG-1972,SSO37M0705.059289,17:45:53.56,-34:43:54.59,8308.39082,22.86,0.102,20.33,20.0,20.2,1,1.58,OB181217
KMT-2018-BLG-1973,SSO37M0803.018426,17:44:56.66,-34:58:18.44,8257.8146,127.92,0.075,21.83,19.13,19.13,2,1.51,
KMT-2018-BLG-1974,SSO37N0505.015698,17:46:37.91,-35:52:55.70,8298.16825,97.68,0.022,20.92,18.86,18.86,1,1.2,OB181193
KMT-2018-BLG-1975,SSO37N0507.046748,17:46:43.26,-35:32:53.92,8212.31489,15.72,0.109,20.59,20.0,20.1,1,1.31,OB180537
KMT-2018-BLG-1976,SSO37N0706.007067,17:45:25.12,-35:42:01.19,8183.08651,42.1,0.146,18.02,18.1,18.1,1,1.32,
KMT-2018-BLG-1977,BLG37N0708.011042,17:45:26.60,-35:32:11.90,8359.71006,22.33,0.477,18.34,18.4,18.4,1,1.36,OB181448
KMT-2018-BLG-1978,SSO37T0105.035556,17:44:00.64,-35:50:57.84,8335.48268,3.51,0.094,19.01,20.0,20.8,2,1.65,OB181447
KMT-2018-BLG-1979,SAO37T0204.001617,17:43:43.90,-36:01:11.14,8256.8867,47.33,0.295,19.11,16.82,16.82,2,1.57,
KMT-2018-BLG-1980,SAO37T0205.005933,17:43:20.25,-35:48:58.18,8257.15812,28.6,0.198,19.43,18.71,18.71,2,1.88,OB180791
KMT-2018-BLG-1981,SAO37T0207.001741,17:43:38.91,-35:36:29.92,8382.0825,15.29,0.329,16.8,16.87,16.87,2,1.71,OB181638
KMT-2018-BLG-1982,SAO37T0305.044424,17:42:48.83,-35:54:57.28,8249.1714,3.13,0.214,20.06,20.0,20.89,2,1.8,
KMT-2018-BLG-1983,BLG37T0306.003342,17:42:50.35,-35:42:53.42,8237.56675,86.33,0.234,20.21,17.97,17.97,2,2.18,
KMT-2018-BLG-1984,SSO37T0406.091923,17:42:28.92,-35:44:21.23,8216.54895,11.61,0.167,20.83,20.0,25.0,3,2.29,
KMT-2018-BLG-1985,SAO37T0503.061994,17:41:35.96,-36:06:54.22,8279.6483,50.12,0.012,23.51,20.0,21.78,2,2.05,
KMT-2018-BLG-1986,SAO37T0602.086758,17:41:00.85,-36:16:41.45,8404.7583,72.2,0.125,20.38,20.0,25.0,3,1.85,
KMT-2018-BLG-1987,BLG37T0606.086028,17:40:47.92,-35:46:08.11,8315.06983,41.85,0.103,22.31,20.0,25.0,3,2.7,
KMT-2018-BLG-1988,BLG37T0607.014431,17:41:07.81,-35:35:40.92,8211.10016,48.23,0.014,20.88,19.46,19.46,2,1.66,
KMT-2018-BLG-1989,SAO37T0804.041042,17:39:58.71,-35:57:01.48,8257.94518,117.51,0.11,22.24,20.0,20.91,2,2.01,
KMT-2018-BLG-1990,SSO38K0303.008837,17:53:44.49,-22:09:09.14,8230.82259,44.33,0.048,19.28,18.76,18.76,4,2.44,
KMT-2018-BLG-1991,BLG38K0802.043099,17:51:03.12,-22:16:11.60,8269.41013,16.96,0.047,21.78,20.0,20.75,1,2.37,
KMT-2018-BLG-1992,SSO38M0605.001621,17:56:30.15,-21:56:46.07,8251.05827,73.15,0.13,21.84,16.79,16.79,4,3.33,
KMT-2018-BLG-1993,BLG38N0301.005411,17:58:08.67,-23:33:13.79,8263.70035,28.33,0.005,21.4,19.13,19.13,4,5.6,
KMT-2018-BLG-1994,BLG38N0303.004333,17:58:17.55,-23:20:43.58,8271.03741,13.64,0.242,18.17,18.67,18.67,4,4.92,
KMT-2018-BLG-1995,BLG38N0603.006973,17:56:39.26,-23:13:56.21,8348.23921,13.96,1.987,15.76,18.87,18.87,4,3.52,
KMT-2018-BLG-1996,BLG38T0107.005960,17:54:42.84,-22:49:13.48,8348.31626,47.14,0.015,18.63,18.64,18.64,4,3.68,
KMT-2018-BLG-1997,SAO38T0605.012595,17:51:45.94,-23:05:08.02,8240.55269,27.83,0.199,20.84,19.12,19.12,4,2.52,
KMT-2018-BLG-1998,BLG38T0608.033938,17:51:57.30,-22:37:09.01,8198.00717,9.09,0.068,19.45,19.7,19.7,1,1.72,
KMT-2018-BLG-1999,SSO38T0808.004857,17:50:40.03,-22:42:17.71,8186.46925,34.16,0.082,21.0,17.92,17.92,1,2.24,
KMT-2018-BLG-2000,BLG38T0808.010586,17:50:31.77,-22:42:36.61,8241.33004,26.58,0.163,19.83,18.89,18.89,1,2.2,
KMT-2018-BLG-2001,BLG41K0103.011870,17:53:43.13,-30:54:53.89,8186.13713,21.48,0.082,20.52,18.18,18.18,1,1.83,OB180279
KMT-2018-BLG-2002,SAO41K0106.035131,17:53:38.81,-30:27:50.80,8308.40489,17.75,0.011,22.9,19.05,19.05,1,1.54,
KMT-2018-BLG-2003,BLG41K0106.092716,17:53:43.78,-30:33:02.70,8224.7866,6.44,0.165,19.91,20.0,20.36,1,1.49,
KMT-2018-BLG-2004,BLG41K0107.101462,17:53:42.58,-30:20:25.26,8239.09572,31.38,0.227,19.5,20.0,25.0,3,1.59,
KMT-2018-BLG-2005,BLG41K0108.032828,17:53:29.39,-30:14:02.29,8338.36913,12.14,0.123,18.96,19.22,19.22,2,1.62,OB181347 MB18296
KMT-2018-BLG-2006,SAO41K0202.019554,17:53:09.35,-31:00:34.70,8202.80183,16.0,0.17,21.16,18.8,18.8,1,1.96,OB180466
KMT-2018-BLG-2007,BLG41K0204.022918,17:52:55.83,-30:42:03.38,8339.13723,8.68,0.278,19.98,18.92,18.92,1,2.01,
KMT-2018-BLG-2008,BLG41K0207.038646,17:53:04.18,-30:21:26.10,8324.35205,5.51,1.893,15.71,19.4,19.4,1,1.95,OB181282
KMT-2018-BLG-2009,SSO41K0301.029571,17:52:24.56,-31:08:28.50,8232.69607,10.66,0.101,19.22,19.4,19.4,1,2.32,OB180647 MB18117
KMT-2018-BLG-2010,BLG41K0301.079765,17:52:20.65,-31:07:20.60,8176.98449,14.05,0.05,22.02,20.0,20.87,1,2.31,
KMT-2018-BLG-2011,SAO41K0305.075486,17:52:24.60,-30:34:19.20,8373.79866,15.13,0.076,21.57,20.0,20.61,1,2.73,OB181680
KMT-2018-BLG-2012,SAO41K0306.026435,17:52:29.72,-30:32:09.60,8324.48943,5.13,0.115,19.82,19.37,19.37,1,2.67,
KMT-2018-BLG-2013,SAO41K0307.055539,17:52:27.77,-30:23:23.71,8301.00518,11.55,0.113,21.31,19.98,19.98,1,2.4,
KMT-2018-BLG-2014,SSO41K0401.028059,17:52:01.26,-31:08:54.71,8232.55218,193.22,0.017,21.92,19.38,19.38,1,2.25,OB180360 MB18116
KMT-2018-BLG-2015,SSO41K0401.051875,17:51:40.32,-31:05:41.50,8188.69105,10.08,1.943,15.39,20.0,20.02,1,2.29,OB180134 MB18043
KMT-2018-BLG-2016,SAO41K0403.012936,17:51:47.04,-30:55:43.00,8412.33086,20.99,0.147,17.69,18.45,18.45,1,2.44,OB181740 MB18403
KMT-2018-BLG-2017,BLG41K0404.038307,17:52:01.09,-30:48:47.81,8274.91877,3.55,0.115,20.93,19.44,19.44,1,2.15,
KMT-2018-BLG-2018,BLG41K0404.063153,17:52:04.23,-30:44:40.81,8376.51906,1.01,0.504,17.86,20.0,20.0,1,1.97,
KMT-2018-BLG-2019,SSO41K0404.081233,17:51:57.28,-30:48:14.40,8310.35824,12.16,0.033,20.25,20.0,20.47,1,2.17,OB181215
KMT-2018-BLG-2020,BLG41K0507.004300,17:51:13.11,-30:21:20.02,8247.28297,48.39,0.354,16.93,17.05,17.05,1,2.61,OB180038 MB18110
KMT-2018-BLG-2021,SAO41K0507.014647,17:51:35.89,-30:22:26.29,8255.80132,4.83,0.072,20.92,18.71,18.71,1,2.59,OB180825
KMT-2018-BLG-2022,SAO41K0507.047683,17:51:10.51,-30:24:50.29,8393.10761,13.75,0.033,21.68,20.0,20.22,1,2.62,
KMT-2018-BLG-2023,SSO41K0508.003688,17:51:19.46,-30:14:59.39,8234.64122,51.97,0.574,16.81,16.56,16.56,1,2.16,OB180236
KMT-2018-BLG-2024,SAO41K0603.007686,17:51:00.28,-30:53:04.60,8233.98001,12.94,1.986,17.81,18.11,18.11,1,3.07,
KMT-2018-BLG-2025,SAO41K0603.032173,17:50:59.49,-30:54:04.50,8251.67757,3.61,0.103,20.56,20.0,20.2,1,3.07,OB180789
KMT-2018-BLG-2026,BLG41K0603.032400,17:50:29.33,-30:51:48.10,8315.15369,8.07,0.115,21.31,20.0,20.2,1,3.01,
KMT-2018-BLG-2027,BLG41K0607.055658,17:50:39.90,-30:19:57.22,8329.30968,17.14,0.041,21.46,20.0,20.38,2,2.62,OB181348
KMT-2018-BLG-2028,SSO41K0608.035849,17:51:01.08,-30:17:38.00,8283.62019,48.43,0.035,21.54,19.61,19.61,1,2.36,
KMT-2018-BLG-2029,SAO41K0702.057091,17:50:09.76,-30:59:56.62,8339.38903,9.6,0.023,19.5,20.0,21.66,2,3.09,OB181406
KMT-2018-BLG-2030,SAO41K0703.010177,17:50:14.25,-30:50:58.31,8250.43296,5.1,0.181,20.77,18.29,18.29,1,2.66,
KMT-2018-BLG-2031,SAO41K0703.036292,17:50:01.02,-30:55:17.62,8322.77355,26.14,0.047,22.04,20.0,20.07,1,3.0,
KMT-2018-BLG-2032,BLG41K0705.002880,17:49:59.43,-30:38:59.60,8327.89108,128.1,0.111,21.55,16.64,16.64,1,2.67,
KMT-2018-BLG-2033,SSO41K0705.004532,17:50:10.44,-30:36:18.50,8172.67541,11.97,0.235,16.74,17.0,17.0,1,2.49,OB180137
KMT-2018-BLG-2034,BLG41K0705.018978,17:50:10.32,-30:38:40.49,8301.51042,11.56,0.051,20.9,18.99,18.99,1,2.68,
KMT-2018-BLG-2035,BLG41K0705.035381,17:49:59.57,-30:37:39.11,8377.63362,147.64,0.036,23.62,19.75,19.75,1,2.61,
KMT-2018-BLG-2036,BLG41K0804.007529,17:49:32.52,-30:49:23.41,8413.62152,47.04,0.16,19.89,18.12,18.12,1,3.52,OB181741
KMT-2018-BLG-2037,BLG41K0805.047663,17:49:46.35,-30:35:51.22,8374.15145,199.21,0.011,24.92,20.0,20.66,1,2.76,
KMT-2018-BLG-2038,BLG41K0807.024403,17:49:38.40,-30:26:08.09,8247.48221,33.32,0.025,22.37,20.0,20.24,1,3.5,
KMT-2018-BLG-2039,BLG41K0807.043754,17:49:37.56,-30:20:03.12,8210.32875,24.15,0.039,21.71,20.0,21.67,2,3.71,
KMT-2018-BLG-2040,SAO41M0104.037852,17:58:29.05,-30:48:14.40,8402.78628,15.24,0.258,19.57,19.58,19.58,1,1.44,
KMT-2018-BLG-2041,SAO41M0108.002828,17:58:35.68,-30:12:22.90,8197.02492,44.13,0.366,16.32,16.23,16.23,1,1.63,
KMT-2018-BLG-2042,BLG41M0201.070615,17:58:11.76,-31:05:29.90,8374.70567,6.4,0.745,19.1,20.0,20.34,1,1.38,
KMT-2018-BLG-2043,BLG41M0401.005576,17:57:01.98,-31:04:39.90,8126.54735,31.38,0.131,16.68,16.94,16.94,1,1.17,OB180081 MB18004
KMT-2018-BLG-2044,BLG41M0403.060081,17:56:55.82,-30:52:18.80,8206.58918,47.0,0.198,20.76,19.58,19.58,1,1.28,OB180355
KMT-2018-BLG-2045,SSO41M0408.044838,17:56:38.83,-30:12:37.19,8267.15684,16.23,0.014,20.95,19.65,19.65,1,1.6,OB180881 MB18158
KMT-2018-BLG-2046,SAO41M0504.059035,17:56:19.87,-30:41:49.49,8399.35231,48.08,0.276,20.52,19.57,19.57,1,1.62,
KMT-2018-BLG-2047,SAO41M0505.040745,17:56:03.15,-30:34:25.50,8287.14927,13.19,0.039,20.57,19.53,19.53,1,1.73,OB181081
KMT-2018-BLG-2048,SAO41M0703.071257,17:55:18.67,-30:50:20.11,8368.39759,61.07,0.08,19.74,19.84,19.84,1,1.44,OB181441 MB18342
KMT-2018-BLG-2049,BLG41M0801.070726,17:54:29.81,-31:09:16.49,8260.12447,15.4,0.026,20.54,20.0,20.08,1,1.64,
KMT-2018-BLG-2050,BLG41M0801.072052,17:54:31.10,-31:05:50.60,8356.33812,13.44,0.107,21.09,20.0,20.12,1,1.34,
KMT-2018-BLG-2051,SAO41M0803.003625,17:54:19.42,-30:54:52.81,8265.07723,23.12,0.268,16.93,16.35,16.35,1,1.7,OB180711 MB18157
KMT-2018-BLG-2052,SAO41M0805.005961,17:54:17.56,-30:34:09.70,8320.9074,44.1,0.221,17.63,17.81,17.81,1,2.07,OB180790 MB18223
KMT-2018-BLG-2053,SAO41N0107.003580,17:58:49.85,-31:30:30.89,8230.99687,6.66,0.282,16.4,16.74,16.74,1,1.6,OB180574
KMT-2018-BLG-2054,BLG41N0208.044761,17:58:02.52,-31:24:28.91,8327.72157,43.73,0.143,21.11,19.99,19.99,1,1.64,
KMT-2018-BLG-2055,SSO41N0304.025164,17:57:24.60,-31:55:26.29,8198.54309,30.22,0.5,19.38,19.39,19.39,1,1.64,OB180193
KMT-2018-BLG-2056,BLG41N0305.008433,17:57:26.73,-31:42:39.82,8244.23907,1.46,0.493,17.68,18.25,18.25,1,1.57,
KMT-2018-BLG-2057,BLG41N0307.032487,17:57:31.07,-31:27:02.20,8206.70358,4.39,1.186,17.75,19.45,19.45,1,1.54,OB180489
KMT-2018-BLG-2058,BLG41N0403.066937,17:56:59.37,-31:59:19.79,8274.24829,24.93,0.224,21.08,20.0,20.46,1,1.52,
KMT-2018-BLG-2059,BLG41N0408.029229,17:56:40.58,-31:23:34.19,8206.13515,24.06,0.13,21.27,19.1,19.1,1,1.35,OB180502
KMT-2018-BLG-2060,BLG41N0605.067772,17:55:50.97,-31:49:01.20,8373.71795,46.3,0.129,20.61,19.96,19.96,1,1.19,OB181647
KMT-2018-BLG-2061,SSO41N0702.031043,17:55:19.86,-32:06:31.50,8221.56617,27.23,0.257,19.9,19.33,19.33,1,1.56,OB180556
KMT-2018-BLG-2062,SAO41T0101.024573,17:53:28.96,-32:18:01.91,8304.74532,10.64,0.195,19.95,19.23,19.23,1,1.75,OB181191
KMT-2018-BLG-2063,SSO41T0103.004579,17:53:43.55,-32:01:32.92,8228.50943,65.6,0.313,17.35,16.99,16.99,1,1.93,OB180199 MB18087
KMT-2018-BLG-2064,SAO41T0105.016857,17:53:25.41,-31:43:28.99,8298.17568,52.08,0.008,21.32,18.87,18.87,1,1.8,OB181126
KMT-2018-BLG-2065,BLG41T0106.047692,17:53:38.45,-31:36:41.29,8176.52059,43.26,0.525,19.15,19.97,19.97,1,2.09,OB180133
KMT-2018-BLG-2066,BLG41T0108.039008,17:53:36.29,-31:19:42.60,8224.3102,29.15,0.042,22.61,19.65,19.65,1,1.91,OB180584
KMT-2018-BLG-2067,BLG41T0108.062906,17:53:48.19,-31:22:13.51,8229.09563,56.76,0.258,19.77,20.0,20.21,1,1.9,
KMT-2018-BLG-2068,BLG41T0201.007693,17:53:17.41,-32:18:08.89,8358.73952,189.98,0.004,23.62,18.04,18.04,1,1.88,
KMT-2018-BLG-2069,BLG41T0206.022126,17:53:06.66,-31:37:42.82,8177.74544,27.32,0.346,19.29,19.23,19.23,1,2.01,OB180257
KMT-2018-BLG-2070,BLG41T0301.060350,17:52:22.55,-32:17:49.42,8192.05175,22.89,0.461,20.24,20.0,20.38,1,2.12,OB180420
KMT-2018-BLG-2071,BLG41T0301.062966,17:52:41.93,-32:18:33.70,8262.5262,23.05,0.284,20.58,20.0,20.45,1,1.96,OB180962
KMT-2018-BLG-2072,BLG41T0305.003159,17:52:42.45,-31:48:54.40,8397.3289,21.77,1.695,15.69,16.59,16.59,1,2.04,OB181637
KMT-2018-BLG-2073,BLG41T0305.044175,17:52:24.69,-31:46:46.42,8241.13877,192.52,0.012,24.43,19.88,19.88,1,2.12,
KMT-2018-BLG-2074,BLG41T0307.000602,17:52:19.30,-31:27:31.39,8274.25937,3.03,1.466,14.46,15.37,15.37,1,2.39,OB180961 MB18169
KMT-2018-BLG-2075,BLG41T0307.062561,17:52:20.92,-31:32:34.12,8242.51117,138.58,0.009,23.8,20.0,20.84,1,2.71,OB180730
KMT-2018-BLG-2076,BLG41T0403.056926,17:51:41.28,-32:00:59.40,8202.29946,9.81,0.12,20.72,20.0,20.39,1,2.38,OB180467
KMT-2018-BLG-2077,BLG41T0404.055017,17:51:57.22,-31:54:35.21,8393.04991,50.47,0.108,21.05,20.0,20.64,1,2.3,
KMT-2018-BLG-2078,SAO41T0504.002179,17:51:19.22,-31:56:20.83,8355.76059,10.16,0.699,16.05,17.21,17.21,2,2.48,OB181459 MB18331
KMT-2018-BLG-2079,SAO41T0507.009160,17:51:16.13,-31:30:11.09,8318.37865,3.87,1.935,17.0,19.14,19.14,2,3.1,
KMT-2018-BLG-2080,SSO41T0605.028715,17:50:50.95,-31:42:47.48,8260.42134,29.21,0.258,21.68,20.0,22.45,2,6.11,
KMT-2018-BLG-2081,SAO41T0607.014654,17:50:39.34,-31:29:25.15,8284.44322,19.91,0.401,19.73,20.0,20.7,2,4.17,OB180995
KMT-2018-BLG-2082,BLG41T0703.007781,17:50:13.01,-32:02:05.35,8295.95068,76.79,0.051,22.47,20.0,20.1,2,3.97,OB181125
KMT-2018-BLG-2083,BLG41T0803.002491,17:49:44.55,-32:01:58.76,8213.67202,28.71,0.029,21.4,19.35,19.35,2,4.3,OB180519
KMT-2018-BLG-2084,SSO42K0101.000551,17:53:53.69,-29:02:02.51,8286.87839,54.04,0.115,19.89,14.22,14.22,1,1.79,
KMT-2018-BLG-2085,SAO42K0101.062307,17:53:55.06,-29:02:14.50,8248.6082,99.99,0.231,20.77,19.45,19.45,1,1.71,OB180651
KMT-2018-BLG-2086,SSO42K0107.000846,17:53:38.60,-28:19:44.72,8306.01015,24.69,0.418,14.8,15.85,15.85,2,2.83,OB180808 MB18177
KMT-2018-BLG-2087,SSO42K0201.001963,17:53:24.30,-29:01:17.69,8299.7205,93.26,0.178,18.96,15.7,15.7,1,2.47,OB180932 OB180982 MB18163
KMT-2018-BLG-2088,SSO42K0201.026151,17:52:58.31,-29:05:00.31,8260.61714,57.1,0.255,20.5,18.84,18.84,1,2.45,
KMT-2018-BLG-2089,SSO42K0203.041813,17:52:56.16,-28:48:57.31,8280.52635,199.72,0.004,24.24,20.0,20.29,2,2.75,OB180968
KMT-2018-BLG-2090,SSO42K0203.056940,17:53:06.48,-28:46:40.51,8334.95672,82.09,0.061,22.94,20.0,20.73,2,2.69,
KMT-2018-BLG-2091,SSO42K0203.066202,17:53:18.13,-28:44:57.30,8256.33074,12.12,0.002,21.75,20.0,21.0,2,2.43,OB180824
KMT-2018-BLG-2092,SAO42K0205.002464,17:53:23.19,-28:28:35.22,8208.13904,27.61,0.186,16.15,16.73,16.73,2,2.35,OB180034 MB18055
KMT-2018-BLG-2093,BLG42K0301.045617,17:52:32.28,-28:58:26.80,8332.51262,20.83,0.145,21.24,19.88,19.88,1,2.83,OB181340
KMT-2018-BLG-2094,SSO42K0302.011895,17:52:43.59,-28:51:04.79,8333.77705,4.84,0.051,20.4,18.35,18.35,2,3.01,MB18284
KMT-2018-BLG-2095,SAO42K0304.036617,17:52:37.74,-28:36:14.29,8286.46018,4.42,1.956,16.32,20.0,20.59,2,3.14,OB181055
KMT-2018-BLG-2096,SAO42K0305.014839,17:52:38.25,-28:28:39.22,8259.93971,10.97,1.941,16.71,19.2,19.2,2,3.0,OB180751
KMT-2018-BLG-2097,BLG42K0307.010302,17:52:38.83,-28:19:32.99,8283.42046,23.04,0.609,18.07,18.89,18.89,2,3.26,OB180876
KMT-2018-BLG-2098,BLG42K0401.026510,17:51:49.76,-29:05:10.50,8214.03426,33.27,0.638,19.27,20.0,20.06,2,3.41,OB180381
KMT-2018-BLG-2099,BLG42K0401.062259,17:52:02.38,-29:04:40.12,8335.42474,4.85,1.328,17.91,20.0,21.24,2,3.15,OB181341
KMT-2018-BLG-2100,SAO42K0401.064024,17:52:01.59,-28:58:20.46,8362.60829,9.65,0.43,20.41,20.0,21.29,2,3.31,OB181607
KMT-2018-BLG-2101,BLG42K0402.022286,17:52:08.20,-28:53:35.74,8383.30357,18.32,0.333,20.63,19.6,19.6,2,2.87,OB181715
KMT-2018-BLG-2102,SAO42K0403.052721,17:52:08.14,-28:43:47.82,8287.21728,24.17,0.015,22.41,20.0,21.45,3,3.4,
KMT-2018-BLG-2103,SAO42K0404.006514,17:52:13.01,-28:40:05.12,8391.03985,27.55,0.173,21.55,18.58,18.58,2,3.39,OB181714
KMT-2018-BLG-2104,SAO42K0406.027327,17:51:49.69,-28:25:17.90,8305.51841,42.95,0.307,19.93,20.0,20.16,2,3.46,OB181077
KMT-2018-BLG-2105,BLG42K0408.025398,17:52:13.54,-28:08:22.52,8290.43097,9.94,0.742,19.32,20.0,20.93,2,3.96,OB181094
KMT-2018-BLG-2106,SSO42K0501.016899,17:51:20.86,-29:04:21.97,8215.8044,29.62,0.05,19.26,20.0,20.07,2,3.84,OB180317
KMT-2018-BLG-2107,SAO42K0505.086999,17:51:25.83,-28:31:07.39,8340.47364,70.45,0.002,24.97,20.0,25.0,3,3.38,
KMT-2018-BLG-2108,BLG42K0506.016129,17:51:13.38,-28:26:04.85,8196.81338,151.93,0.196,19.52,19.39,19.39,2,3.75,OB180007
KMT-2018-BLG-2109,BLG42M0101.033641,17:58:40.84,-29:04:59.09,8337.00546,196.25,0.01,23.11,18.64,18.64,1,1.16,OB181368 MB18298
KMT-2018-BLG-2110,SSO42M0101.034069,17:58:45.24,-29:04:12.11,8221.06167,21.46,0.048,20.84,18.65,18.65,1,1.1,OB180553
KMT-2018-BLG-2111,BLG42M0108.008047,17:58:31.45,-28:10:51.60,8258.31882,6.76,0.158,21.23,17.71,17.71,1,2.06,
KMT-2018-BLG-2112,BLG42M0201.071281,17:58:13.69,-29:02:00.82,8418.06961,4.69,0.099,13.9,19.75,19.75,1,1.45,OB181781 MB18409
KMT-2018-BLG-2113,SAO42M0206.035122,17:57:57.63,-28:26:19.39,8362.6029,9.81,0.111,20.73,18.98,18.98,1,1.58,OB181570
KMT-2018-BLG-2114,BLG42M0301.082775,17:57:34.94,-29:00:45.61,8270.71485,30.7,0.26,20.05,19.79,19.79,1,1.5,OB180916
KMT-2018-BLG-2115,SSO42M0304.029693,17:57:26.92,-28:42:05.62,8222.72727,16.09,0.508,19.19,18.95,18.95,1,1.79,OB180597
KMT-2018-BLG-2116,SAO42M0401.012842,17:57:00.92,-29:02:42.90,8275.9267,15.63,0.283,19.72,18.15,18.15,1,1.97,OB180957
KMT-2018-BLG-2117,SSO42M0401.041225,17:56:44.50,-29:00:12.49,8283.46715,16.2,0.002,22.51,19.38,19.38,1,2.25,
KMT-2018-BLG-2118,SSO42M0402.106548,17:56:51.06,-28:55:22.58,8228.79345,7.53,0.036,20.38,20.0,20.76,1,1.84,
KMT-2018-BLG-2119,SAO42M0404.107952,17:56:47.62,-28:40:59.99,8378.78816,24.46,0.129,20.14,20.0,21.38,1,1.75,
KMT-2018-BLG-2120,SSO42M0406.035019,17:56:41.75,-28:22:01.99,8264.24057,33.84,0.127,21.28,19.13,19.13,1,2.17,
KMT-2018-BLG-2121,SAO42M0408.016474,17:56:39.84,-28:10:19.60,8381.98086,17.59,0.182,18.96,18.33,18.33,1,1.91,OB181669
KMT-2018-BLG-2122,SSO42M0501.015119,17:56:03.36,-29:04:58.40,8284.68564,10.92,0.068,18.7,18.59,18.59,1,1.89,OB181011 MB18182
KMT-2018-BLG-2123,SAO42M0501.042808,17:56:02.65,-29:02:35.30,8228.52519,6.11,0.076,21.28,19.67,19.67,1,2.03,OB180653
KMT-2018-BLG-2124,SSO42M0501.072328,17:56:02.16,-29:00:44.89,8228.04963,24.68,0.109,21.41,20.0,20.36,1,1.91,
KMT-2018-BLG-2125,SAO42M0503.007561,17:56:17.19,-28:44:50.32,8343.85219,3.34,1.973,14.46,16.96,16.96,1,1.83,OB181371 MB18315
KMT-2018-BLG-2126,BLG42M0503.030125,17:56:20.07,-28:49:57.68,8343.52343,7.53,0.122,19.55,18.83,18.83,1,2.08,OB181465
KMT-2018-BLG-2127,SSO42M0504.028426,17:56:24.53,-28:35:18.38,8245.33373,7.29,0.631,19.33,18.68,18.68,1,1.67,
KMT-2018-BLG-2128,SSO42M0505.059529,17:56:08.23,-28:32:29.54,8200.75931,11.46,0.159,19.59,19.92,19.92,2,2.24,OB180373
KMT-2018-BLG-2129,SSO42M0508.054148,17:56:08.64,-28:08:10.93,8264.00424,12.25,0.235,21.03,20.0,20.15,2,2.38,
KMT-2018-BLG-2130,SSO42M0601.044072,17:55:26.81,-29:04:31.30,8193.67709,8.86,0.334,18.94,19.57,19.57,2,1.86,OB180344
KMT-2018-BLG-2131,SSO42M0601.069722,17:55:41.84,-29:00:43.88,8193.68321,29.12,0.203,19.23,20.0,20.14,2,1.76,
KMT-2018-BLG-2132,SAO42M0602.041768,17:55:53.57,-28:53:13.63,8309.18993,17.09,0.163,20.84,19.38,19.38,2,1.74,OB181243
KMT-2018-BLG-2133,SAO42M0603.034231,17:55:47.15,-28:44:26.84,8245.99593,37.68,0.028,21.83,19.29,19.29,2,1.91,
KMT-2018-BLG-2134,SAO42M0604.029790,17:55:50.16,-28:41:39.12,8315.62984,17.87,0.217,18.7,19.46,19.46,2,1.84,OB181186 MB18246
KMT-2018-BLG-2135,SAO42M0606.015601,17:55:50.34,-28:24:32.98,8349.19068,24.36,0.192,20.53,19.04,19.04,2,2.7,OB181494
KMT-2018-BLG-2136,SSO42M0607.022755,17:55:48.63,-28:19:26.26,8218.87983,37.24,0.047,22.12,19.67,19.67,2,3.29,
KMT-2018-BLG-2137,SAO42M0702.069158,17:55:16.13,-28:52:36.77,8289.22185,38.0,0.295,19.69,20.0,20.22,2,1.88,
KMT-2018-BLG-2138,SSO42M0707.007899,17:55:09.01,-28:18:16.78,8221.3957,20.19,0.568,20.06,17.98,17.98,4,2.49,
KMT-2018-BLG-2139,SSO42M0707.085902,17:55:06.08,-28:17:46.97,8188.62621,17.61,0.482,16.81,20.0,25.0,3,2.51,MB18045
KMT-2018-BLG-2140,SAO42M0708.004849,17:54:59.44,-28:08:15.50,8374.39958,30.49,0.366,19.87,17.82,17.82,4,3.19,OB181625
KMT-2018-BLG-2141,SAO42M0708.007393,17:54:54.84,-28:06:46.80,8368.84232,13.55,0.831,18.5,18.3,18.3,2,3.33,OB181612
KMT-2018-BLG-2142,BLG42M0801.003627,17:54:14.79,-29:01:10.49,8311.45986,16.83,0.493,15.74,15.9,15.9,1,1.71,OB181053 MB18189
KMT-2018-BLG-2143,BLG42M0801.019784,17:54:39.61,-28:59:43.30,8345.94822,14.23,0.589,19.1,18.1,18.1,1,1.84,OB181464
KMT-2018-BLG-2144,BLG42M0801.028345,17:54:22.54,-29:03:12.53,8257.38805,16.41,0.151,19.49,18.5,18.5,2,1.64,OB180775
KMT-2018-BLG-2145,SSO42M0801.089598,17:54:47.55,-29:02:40.60,8280.50853,7.96,0.221,19.84,19.88,19.88,1,2.04,OB181039
KMT-2018-BLG-2146,SAO42M0801.099225,17:54:47.58,-29:01:09.30,8395.58098,9.59,0.058,20.4,20.0,20.19,1,1.89,
KMT-2018-BLG-2147,BLG42M0802.025323,17:54:17.03,-28:57:53.60,8169.36625,45.98,0.123,20.38,18.81,18.81,1,1.77,OB180030 MB18029
KMT-2018-BLG-2148,SSO42M0802.036124,17:54:27.41,-28:56:37.10,8297.81262,21.14,0.164,19.97,19.19,19.19,1,1.82,OB181088 OB181153
KMT-2018-BLG-2149,SAO42M0803.005174,17:54:25.57,-28:45:24.05,8170.64954,22.38,1.076,15.46,16.69,16.69,2,1.98,OB180003 MB18017
KMT-2018-BLG-2150,SSO42M0804.096102,17:54:30.21,-28:37:31.51,8320.50086,23.88,0.166,20.85,20.0,25.0,3,2.14,OB181333
KMT-2018-BLG-2151,SSO42M0805.020858,17:54:19.58,-28:30:28.33,8226.16794,64.0,0.302,18.18,19.11,19.11,2,2.42,OB180182
KMT-2018-BLG-2152,SSO42M0805.035805,17:54:40.45,-28:29:47.08,8207.83723,29.29,0.081,22.11,19.79,19.79,2,2.36,OB180498
KMT-2018-BLG-2153,SSO42M0805.056288,17:54:30.55,-28:33:56.41,8213.32927,38.97,0.026,22.06,20.0,20.39,2,2.16,
KMT-2018-BLG-2154,SAO42M0808.004891,17:54:23.15,-28:11:28.39,8239.26021,15.94,0.026,22.24,18.01,18.01,2,2.82,OB180708
KMT-2018-BLG-2155,SSO42M0808.027032,17:54:28.57,-28:07:38.32,8370.30311,7.48,0.095,20.05,20.0,20.51,2,3.45,
KMT-2018-BLG-2156,BLG42N0102.007554,17:58:47.66,-30:01:16.90,8172.18632,5.46,0.452,16.67,17.29,17.29,1,1.26,OB180075 MB18032
KMT-2018-BLG-2157,BLG42N0102.009966,17:58:30.32,-30:03:26.39,8156.47328,21.53,0.774,17.75,17.7,17.7,1,1.33,OB180026
KMT-2018-BLG-2158,SSO42N0103.002022,17:58:27.20,-29:55:04.69,8278.04805,6.51,1.982,13.11,15.3,15.3,1,1.05,OB180900
KMT-2018-BLG-2159,SAO42N0105.019993,17:58:19.41,-29:39:25.60,8349.09025,39.49,0.346,19.98,18.26,18.26,1,1.11,OB181479
KMT-2018-BLG-2160,BLG42N0107.024424,17:58:29.71,-29:23:29.80,8297.00212,8.02,0.038,19.31,18.44,18.44,1,1.34,OB181103
KMT-2018-BLG-2161,SSO42N0202.034992,17:58:12.65,-30:00:58.61,8293.43404,6.95,0.065,20.69,19.05,19.05,1,1.37,OB181106
KMT-2018-BLG-2162,SSO42N0206.033691,17:58:12.60,-29:30:29.92,8399.33877,5.38,0.099,20.15,18.82,18.82,1,1.36,
KMT-2018-BLG-2163,BLG42N0208.038220,17:58:07.91,-29:16:09.70,8309.31212,38.15,0.167,20.79,18.95,18.95,1,1.45,OB181195
KMT-2018-BLG-2164,SAO42N0301.084008,17:57:22.83,-30:09:57.20,8290.91793,19.24,0.026,22.38,20.0,20.54,1,1.57,
KMT-2018-BLG-2165,SSO42N0302.061396,17:57:42.56,-29:59:26.02,8214.71671,9.58,0.13,20.71,19.7,19.7,1,1.7,OB180549
KMT-2018-BLG-2166,SSO42N0306.053006,17:57:28.84,-29:29:19.72,8210.92583,10.32,0.234,20.53,19.38,19.38,1,1.63,OB180500
KMT-2018-BLG-2167,SSO42N0307.035548,17:57:12.07,-29:26:34.69,8269.28657,2.2,0.059,19.99,19.19,19.19,1,1.87,
KMT-2018-BLG-2168,BLG42N0307.089625,17:57:15.57,-29:21:38.16,8261.41251,3.29,0.061,21.0,20.0,21.1,2,1.89,OB180879
KMT-2018-BLG-2169,SSO42N0308.016971,17:57:16.01,-29:17:45.71,8333.01048,15.15,0.085,19.76,18.43,18.43,1,1.75,OB181364 MB18282
KMT-2018-BLG-2170,SSO42N0404.026400,17:57:08.86,-29:45:40.61,8206.08065,43.0,0.774,17.62,18.85,18.85,1,1.67,
KMT-2018-BLG-2171,SSO42N0407.086351,17:56:57.95,-29:25:48.29,8196.90304,27.59,0.113,20.19,20.0,20.01,1,1.78,OB180308
KMT-2018-BLG-2172,SSO42N0408.083693,17:56:42.76,-29:17:05.60,8235.98366,23.73,0.035,20.27,20.0,20.3,1,1.78,OB180652 MB18128
KMT-2018-BLG-2173,SAO42N0502.086764,17:56:15.13,-29:58:22.12,8261.3542,12.48,0.031,19.5,20.0,20.28,1,1.68,OB180786
KMT-2018-BLG-2174,SAO42N0503.070309,17:56:25.86,-29:54:51.52,8300.29568,13.35,0.098,20.49,20.0,20.01,1,1.6,
KMT-2018-BLG-2175,SAO42N0504.070811,17:56:15.04,-29:48:14.51,8349.2782,26.28,0.175,20.84,19.84,19.84,1,1.8,OB181518
KMT-2018-BLG-2176,SSO42N0505.010008,17:56:11.46,-29:40:48.90,8272.88493,134.29,0.223,19.38,17.35,17.35,1,1.55,OB180354
KMT-2018-BLG-2177,SAO42N0506.056728,17:56:19.85,-29:28:14.92,8326.36056,24.41,0.089,19.8,19.33,19.33,1,1.77,OB181271 MB18274
KMT-2018-BLG-2178,SAO42N0507.003873,17:56:11.81,-29:25:24.38,8421.48821,28.68,0.073,19.82,16.12,16.12,1,1.98,
KMT-2018-BLG-2179,SAO42N0508.020640,17:56:20.30,-29:15:54.50,8293.32465,12.23,0.364,18.96,18.54,18.54,1,1.94,OB181104
KMT-2018-BLG-2180,SSO42N0508.051755,17:56:06.25,-29:12:51.77,8280.65434,13.42,0.076,21.93,19.45,19.45,3,1.8,OB181037
KMT-2018-BLG-2181,SSO42N0604.061481,17:55:42.59,-29:44:08.02,8260.66136,4.5,1.853,16.66,19.36,19.36,1,1.51,
KMT-2018-BLG-2182,SAO42N0607.015181,17:55:42.73,-29:26:14.89,8384.76285,197.82,0.014,22.45,17.87,17.87,1,1.54,OB181671
KMT-2018-BLG-2183,BLG42N0608.004427,17:55:41.46,-29:13:12.40,8129.04075,47.04,0.055,16.33,16.13,16.13,1,1.73,MB18001
KMT-2018-BLG-2184,SAO42N0704.019251,17:55:08.88,-29:45:11.99,8275.17978,12.04,0.572,18.96,18.09,18.09,1,1.43,OB181027
KMT-2018-BLG-2185,BLG42N0706.077058,17:55:17.68,-29:30:31.72,8234.34677,25.03,0.002,22.07,19.49,19.49,1,1.27,OB180694 MB18126
KMT-2018-BLG-2186,SAO42N0708.021921,17:55:08.16,-29:15:51.80,8392.93657,6.32,0.136,18.47,18.68,18.68,1,2.4,OB181731
KMT-2018-BLG-2187,SSO42N0801.009206,17:54:33.04,-30:08:28.97,8280.73036,2.05,0.196,17.46,17.49,17.49,4,1.29,
KMT-2018-BLG-2188,SAO42N0801.093689,17:54:24.13,-30:10:48.22,8245.78643,18.06,0.028,22.06,20.0,25.0,3,1.38,
KMT-2018-BLG-2189,SAO42N0802.019704,17:54:38.08,-30:03:35.10,8248.74098,14.46,0.5,18.77,18.18,18.18,1,1.35,OB180722
KMT-2018-BLG-2190,SSO42N0805.052757,17:54:27.05,-29:40:35.18,8391.85529,43.88,0.181,18.79,19.05,19.05,1,1.34,OB181568 MB18381
KMT-2018-BLG-2191,SSO42N0805.061200,17:54:32.25,-29:40:05.41,8263.29249,27.07,0.105,21.39,19.21,19.21,1,1.35,OB180877
KMT-2018-BLG-2192,SAO42N0807.028831,17:54:48.83,-29:23:31.09,8225.36524,13.9,0.356,18.31,18.62,18.62,1,1.55,MB18100
KMT-2018-BLG-2193,BLG42N0808.021337,17:54:32.80,-29:14:56.29,8348.4907,7.79,0.31,19.41,18.3,18.3,1,1.7,OB181531 MB18324
KMT-2018-BLG-2194,BLG42N0808.042268,17:54:43.68,-29:17:14.71,8169.93018,37.73,0.067,19.96,19.0,19.0,1,1.89,OB180062
KMT-2018-BLG-2195,SAO42T0104.042445,17:53:48.99,-29:44:22.88,8265.63545,9.17,0.729,18.63,18.89,18.89,1,1.53,OB180894
KMT-2018-BLG-2196,BLG42T0105.003667,17:53:30.57,-29:36:49.50,8188.68845,18.11,1.983,16.32,15.95,15.95,1,1.82,OB180186
KMT-2018-BLG-2197,SAO42T0108.015789,17:53:52.04,-29:14:55.00,8378.38401,184.33,0.051,21.48,17.89,17.89,1,1.87,OB181609
KMT-2018-BLG-2198,BLG42T0203.004652,17:53:17.67,-29:51:30.20,8166.35236,198.98,0.077,21.21,16.15,16.15,1,1.61,OB180040
KMT-2018-BLG-2199,SAO42T0205.003484,17:53:12.59,-29:38:58.70,8354.55195,32.07,0.312,17.71,16.12,16.12,1,1.94,OB181350 MB18299
KMT-2018-BLG-2200,SAO42T0205.037674,17:53:10.49,-29:35:01.50,8341.57283,46.2,0.17,20.84,19.04,19.04,1,1.99,OB181351
KMT-2018-BLG-2201,SAO42T0205.048444,17:53:11.14,-29:41:55.28,8353.51994,29.1,0.072,19.38,19.29,19.29,1,1.88,OB181438 MB18321
KMT-2018-BLG-2202,SAO42T0205.078433,17:53:20.42,-29:36:59.11,8388.11026,11.01,0.002,20.67,19.92,19.92,1,1.87,OB181724 MB18386
KMT-2018-BLG-2203,SAO42T0206.020257,17:53:19.32,-29:33:13.21,8274.76421,7.84,0.41,18.68,18.41,18.41,1,2.0,OB180970
KMT-2018-BLG-2204,SAO42T0206.053568,17:53:21.28,-29:33:25.60,8421.62581,40.26,0.451,17.26,19.51,19.51,1,1.93,OB181623 MB18407
KMT-2018-BLG-2205,SAO42T0207.021954,17:53:09.82,-29:21:00.90,8382.56894,89.95,0.002,23.53,18.62,18.62,1,2.32,OB181707
KMT-2018-BLG-2206,BLG42T0207.028250,17:52:56.25,-29:20:19.10,8202.74887,127.18,0.043,22.96,18.93,18.93,1,2.26,OB180387
KMT-2018-BLG-2207,BLG42T0208.067852,17:53:10.76,-29:17:17.30,8349.07183,172.32,0.009,25.24,19.91,19.91,1,2.22,
KMT-2018-BLG-2208,SSO42T0303.042712,17:52:42.03,-29:54:18.29,8225.67901,3.09,1.974,16.91,19.27,19.27,1,2.12,OB180564
KMT-2018-BLG-2209,BLG42T0304.005528,17:52:24.17,-29:43:58.30,8332.55572,31.93,0.076,21.18,16.54,16.54,1,2.24,OB181352
KMT-2018-BLG-2210,BLG42T0304.090784,17:52:39.16,-29:48:48.82,8213.5165,6.56,0.265,19.96,20.0,20.42,1,2.02,OB180529
KMT-2018-BLG-2211,SSO42T0305.008113,17:52:44.65,-29:39:16.09,8339.05578,9.33,0.823,15.85,16.86,16.86,1,2.07,OB180339 MB18280
KMT-2018-BLG-2212,SAO42T0305.021853,17:52:26.11,-29:38:25.58,8254.93685,12.48,0.307,19.99,18.45,18.45,1,2.21,OB180778
KMT-2018-BLG-2213,SSO42T0306.049162,17:52:37.35,-29:28:57.29,8226.43806,25.73,0.083,20.42,19.64,19.64,1,2.58,OB180565
KMT-2018-BLG-2214,BLG42T0308.052293,17:52:30.42,-29:14:25.69,8370.18864,198.25,0.003,24.68,20.0,20.17,1,2.68,OB181667
KMT-2018-BLG-2215,SAO42T0402.036777,17:51:45.21,-30:03:13.90,8173.5803,39.59,0.103,21.22,19.47,19.47,1,2.26,OB180041
KMT-2018-BLG-2216,SAO42T0402.080650,17:52:13.01,-30:00:30.38,8205.2392,12.15,0.02,21.45,20.0,20.67,1,2.26,
KMT-2018-BLG-2217,SSO42T0402.085555,17:52:04.74,-30:00:28.55,8264.57709,29.27,0.029,23.17,20.0,25.0,3,2.32,
KMT-2018-BLG-2218,SSO42T0406.018665,17:51:47.33,-29:31:05.09,8283.34182,36.46,0.094,20.25,18.56,18.56,1,2.64,
KMT-2018-BLG-2219,BLG42T0408.005462,17:51:47.58,-29:19:22.69,8263.37334,30.01,0.025,22.71,17.14,17.14,1,2.87,
KMT-2018-BLG-2220,SSO42T0505.052251,17:51:27.92,-29:36:25.49,8344.62855,66.97,0.045,21.63,19.85,19.85,1,2.49,OB181476
KMT-2018-BLG-2221,SSO42T0507.014880,17:51:14.29,-29:20:03.52,8209.6151,199.9,0.003,23.79,18.74,18.74,1,3.64,OB180499
KMT-2018-BLG-2222,SSO42T0602.003582,17:50:51.47,-30:04:05.09,8220.62381,53.33,0.442,19.37,16.83,16.83,1,2.7,
KMT-2018-BLG-2223,SAO42T0602.015229,17:50:39.77,-30:02:47.40,8342.35361,7.42,0.039,21.2,18.52,18.52,1,2.93,OB181492
KMT-2018-BLG-2224,SAO42T0604.055115,17:50:48.69,-29:46:29.71,8253.14024,13.86,0.085,21.47,20.0,20.59,1,3.29,
KMT-2018-BLG-2225,SAO42T0607.052181,17:50:52.96,-29:20:22.06,8310.99708,40.5,0.013,23.89,20.0,21.84,2,3.87,
KMT-2018-BLG-2226,SSO42T0608.028029,17:50:34.59,-29:16:29.21,8266.1692,10.45,0.208,20.44,20.0,20.39,1,4.71,
KMT-2018-BLG-2227,SAO42T0701.042533,17:50:15.83,-30:10:31.12,8360.64909,16.1,0.333,21.33,20.0,20.25,1,2.97,
KMT-2018-BLG-2228,SAO42T0705.002097,17:50:24.32,-29:40:32.30,8344.09939,5.82,0.095,19.28,16.31,16.31,1,3.12,OB181517
KMT-2018-BLG-2229,SAO42T0705.029134,17:49:58.02,-29:36:08.39,8300.93647,132.34,0.119,22.33,19.56,19.56,1,3.53,
KMT-2018-BLG-2230,SSO42T0705.039769,17:50:16.90,-29:40:42.31,8240.91143,18.29,0.039,20.54,20.0,20.01,1,3.16,OB180703
KMT-2018-BLG-2231,SSO42T0708.005823,17:50:28.89,-29:16:41.30,8232.03077,14.69,0.186,20.11,18.51,18.51,1,4.57,OB180621
KMT-2018-BLG-2232,SSO42T0804.041797,17:49:35.18,-29:47:06.14,8229.68231,105.8,0.021,24.15,20.0,21.35,2,3.74,
KMT-2018-BLG-2233,SAO42T0805.009215,17:49:41.60,-29:36:31.00,8324.19778,58.39,0.067,22.67,18.59,18.59,1,3.92,
KMT-2018-BLG-2234,BLG42T0805.022997,17:49:40.82,-29:39:24.19,8287.57991,9.25,0.064,20.2,19.98,19.98,1,3.84,
KMT-2018-BLG-2235,SAO43K0101.040897,18:01:17.22,-27:59:00.89,8354.00959,52.85,0.171,18.5,18.97,18.97,1,1.23,MB18291
KMT-2018-BLG-2236,SAO43K0101.080501,18:01:04.78,-27:58:36.41,8272.94429,9.41,0.009,20.12,19.94,19.94,1,1.2,
KMT-2018-BLG-2237,SSO43K0103.020929,18:01:23.46,-27:42:56.92,8226.999,21.15,0.098,19.61,18.45,18.45,1,1.41,OB180577 MB18098
KMT-2018-BLG-2238,SAO43K0104.037804,18:01:19.85,-27:30:33.01,8303.91787,35.39,0.078,20.31,19.02,19.02,1,1.35,OB181168 MB18224
KMT-2018-BLG-2239,SAO43K0201.033975,18:00:45.09,-27:57:26.32,8330.01936,16.75,0.27,20.42,19.01,19.01,1,1.48,OB181381
KMT-2018-BLG-2240,SSO43K0201.083702,18:00:38.76,-27:55:48.90,8263.96003,54.96,0.139,20.78,20.0,20.55,1,1.64,
KMT-2018-BLG-2241,SAO43K0204.053982,18:00:58.89,-27:32:49.49,8216.36451,12.31,0.841,18.73,19.46,19.46,1,1.33,OB180503
KMT-2018-BLG-2242,BLG43K0301.033468,18:00:12.27,-27:59:23.71,8332.13915,9.01,0.254,19.99,19.09,19.09,1,1.72,OB181362
KMT-2018-BLG-2243,SSO43K0306.001961,18:00:13.42,-27:16:28.42,8232.30564,10.29,0.539,17.03,15.66,15.66,1,1.63,OB180579 MB18108
KMT-2018-BLG-2244,BLG43K0308.005779,18:00:06.57,-27:06:33.41,8261.39948,17.02,1.895,16.7,17.24,17.24,1,2.36,OB180758
KMT-2018-BLG-2245,SAO43K0308.013637,18:00:19.35,-27:06:34.20,8368.46844,9.97,1.96,15.5,18.53,18.53,1,2.19,OB181555
KMT-2018-BLG-2246,BLG43K0401.041028,17:59:33.21,-27:56:54.38,8293.91656,33.97,0.165,20.05,19.29,19.29,1,1.76,OB181078 MB18192
KMT-2018-BLG-2247,BLG43K0404.023409,17:59:37.06,-27:31:26.62,8335.62695,199.85,0.048,22.9,18.83,18.83,1,1.84,OB181363
KMT-2018-BLG-2248,SAO43K0501.005877,17:59:08.98,-27:55:09.91,8316.35027,79.95,0.07,22.12,17.12,17.12,1,2.01,OB181241
KMT-2018-BLG-2249,SAO43K0501.054456,17:58:57.12,-28:00:34.09,8296.7643,43.29,0.151,21.19,19.99,19.99,1,2.19,OB181101
KMT-2018-BLG-2250,BLG43K0502.016421,17:58:55.40,-27:50:39.59,8175.08041,43.74,0.22,20.34,18.57,18.57,1,2.24,OB180053
KMT-2018-BLG-2251,SAO43K0502.052107,17:58:51.07,-27:47:37.21,8255.17038,4.49,0.203,21.63,19.77,19.77,1,2.08,
KMT-2018-BLG-2252,BLG43K0503.076699,17:59:09.11,-27:43:01.20,8307.36182,21.51,0.024,20.59,20.0,20.21,1,1.99,MB18227
KMT-2018-BLG-2253,BLG43K0505.023952,17:59:03.87,-27:28:03.29,8269.42603,27.61,0.139,20.6,18.8,18.8,2,1.81,OB180898
KMT-2018-BLG-2254,SSO43K0507.015113,17:58:55.93,-27:13:39.90,8227.0584,15.59,0.215,19.65,18.62,18.62,1,2.33,OB180617
KMT-2018-BLG-2255,SAO43K0508.006551,17:59:05.57,-27:02:47.51,8321.07841,44.26,0.055,22.23,17.71,17.71,1,2.66,
KMT-2018-BLG-2256,SAO43K0603.075370,17:58:43.50,-27:44:29.62,8374.23969,41.25,0.054,20.65,20.0,20.16,1,1.78,OB181627 MB18374
KMT-2018-BLG-2257,SAO43K0606.010375,17:58:27.94,-27:18:42.55,8383.414,32.81,0.53,19.21,18.61,18.61,2,2.59,
KMT-2018-BLG-2258,BLG43K0607.002925,17:58:36.14,-27:14:36.46,8150.00143,24.16,0.08,17.93,17.2,17.2,2,2.56,OB180211
KMT-2018-BLG-2259,BLG43K0607.005368,17:58:20.05,-27:08:03.05,8345.11292,4.25,1.418,17.88,17.88,17.88,2,3.03,
KMT-2018-BLG-2260,SSO43K0608.039500,17:58:29.82,-27:05:09.53,8317.135,53.7,0.106,20.62,20.0,21.14,2,3.2,
KMT-2018-BLG-2261,SSO43K0608.072152,17:58:29.62,-27:05:28.93,8319.17787,198.53,0.038,23.55,20.0,25.0,3,3.26,
KMT-2018-BLG-2262,BLG43K0704.015436,17:57:43.71,-27:36:35.17,8190.86653,189.48,0.007,24.47,18.95,18.95,2,2.61,OB180342
KMT-2018-BLG-2263,SSO43K0704.049474,17:57:50.65,-27:34:43.68,8222.03707,44.98,0.21,21.6,20.0,20.41,2,2.54,OB180569
KMT-2018-BLG-2264,SSO43K0705.008220,17:58:06.51,-27:29:28.72,8207.55304,27.27,0.032,20.51,18.15,18.15,1,2.4,MB18069
KMT-2018-BLG-2265,SAO43K0705.071976,17:57:50.82,-27:24:33.01,8240.63239,18.11,0.11,22.1,20.0,21.36,2,2.55,
KMT-2018-BLG-2266,SSO43K0708.000937,17:58:02.49,-27:05:59.14,8229.83145,198.38,0.02,23.16,16.6,16.6,2,3.42,
KMT-2018-BLG-2267,BLG43K0801.006731,17:57:25.63,-27:55:15.96,8385.77252,29.5,0.197,20.69,17.75,17.75,2,2.47,OB181708
KMT-2018-BLG-2268,SSO43K0801.034666,17:57:12.16,-27:58:53.36,8232.80679,21.83,0.035,22.28,19.98,19.98,2,2.27,
KMT-2018-BLG-2269,SSO43K0802.018402,17:57:31.50,-27:48:27.58,8317.81799,13.1,0.036,22.07,20.0,20.22,2,3.27,
KMT-2018-BLG-2270,SSO43K0802.057972,17:57:18.03,-27:49:21.86,8273.69307,4.06,0.141,21.32,20.0,21.68,2,3.45,OB180984
KMT-2018-BLG-2271,BLG43K0808.009111,17:57:34.38,-27:05:31.38,8354.36719,111.59,0.051,23.44,19.56,19.56,2,3.76,
KMT-2018-BLG-2272,SSO43M0303.000876,18:05:02.18,-27:41:00.82,8244.81659,18.35,0.861,15.32,14.84,14.84,1,1.0,
KMT-2018-BLG-2273,SAO43M0303.006621,18:05:04.54,-27:40:56.21,8399.46587,8.66,0.603,17.0,17.12,17.12,1,1.0,
KMT-2018-BLG-2274,BLG43M0402.045687,18:04:23.77,-27:52:15.13,8189.21184,47.55,0.212,18.15,19.21,19.21,2,1.15,OB180086
KMT-2018-BLG-2275,SAO43M0403.016824,18:04:38.89,-27:45:03.71,8347.77086,13.97,0.486,13.66,18.2,18.2,1,1.03,OB181379
KMT-2018-BLG-2276,SSO43M0405.087499,18:04:26.96,-27:25:58.80,8194.68063,45.86,0.005,20.92,20.0,20.14,1,0.79,MB18054
KMT-2018-BLG-2277,SSO43M0406.078018,18:04:24.14,-27:18:37.91,8284.80227,27.1,0.018,22.03,19.8,19.8,1,0.86,
KMT-2018-BLG-2278,SSO43M0602.076195,18:03:01.99,-27:47:10.79,8277.58926,26.64,0.007,18.17,20.0,20.01,1,1.2,OB180756 MB18164 MB18165
KMT-2018-BLG-2279,SSO43M0604.020372,18:03:24.55,-27:35:12.08,8271.58829,13.1,0.027,20.35,18.59,18.59,1,1.25,OB180960
KMT-2018-BLG-2280,SAO43M0604.048996,18:03:23.68,-27:33:17.21,8305.91793,11.86,0.064,20.19,19.43,19.43,1,1.45,OB181196
KMT-2018-BLG-2281,SAO43M0606.017128,18:03:21.01,-27:17:40.81,8360.0791,5.29,0.694,18.48,19.02,19.02,1,1.85,OB181584
KMT-2018-BLG-2282,SSO43M0606.018137,18:03:29.63,-27:15:00.90,8250.153,13.48,0.212,19.25,19.08,19.08,1,1.73,OB180728
KMT-2018-BLG-2283,SSO43M0704.001036,18:02:37.81,-27:34:33.10,8342.50894,22.17,1.04,15.39,15.12,15.12,1,1.44,OB181326 MB18265
KMT-2018-BLG-2284,SAO43M0704.094528,18:02:27.07,-27:35:04.99,8384.97232,46.07,0.048,20.99,20.0,22.46,2,1.42,
KMT-2018-BLG-2285,BLG43M0801.063930,18:01:56.46,-27:55:35.18,8254.74724,24.44,0.002,22.33,19.57,19.57,1,1.34,
KMT-2018-BLG-2286,SAO43M0802.033659,18:01:58.95,-27:50:32.50,8186.50983,7.72,1.997,16.67,18.93,18.93,1,1.43,
KMT-2018-BLG-2287,SSO43M0802.059139,18:01:58.38,-27:50:06.79,8315.94209,5.09,0.015,22.08,19.54,19.54,1,1.43,
KMT-2018-BLG-2288,SSO43M0804.022447,18:02:05.21,-27:34:26.51,8231.54685,15.04,0.421,19.67,18.66,18.66,1,1.43,OB180643
KMT-2018-BLG-2289,SAO43M0804.048076,18:02:17.00,-27:35:38.11,8237.96568,7.56,0.142,21.18,19.38,19.38,1,1.4,
KMT-2018-BLG-2290,SSO43M0807.003195,18:02:02.51,-27:11:13.49,8229.25948,13.83,1.922,16.02,16.81,16.81,1,2.22,OB180557
KMT-2018-BLG-2291,SSO43N0105.013394,18:06:04.51,-28:30:44.50,8205.63322,26.62,0.581,18.68,18.18,18.18,1,0.93,OB180335 OB180347
KMT-2018-BLG-2292,BLG43N0106.061589,18:06:23.80,-28:27:35.89,8240.62503,7.85,0.145,19.3,19.79,19.79,1,0.99,
KMT-2018-BLG-2293,BLG43N0208.058679,18:05:26.93,-28:10:00.84,8391.40826,18.93,0.172,20.22,19.31,19.31,2,0.74,
KMT-2018-BLG-2294,SSO43N0303.002568,18:04:50.90,-28:51:23.18,8205.55491,25.25,0.114,20.79,15.61,15.61,1,0.85,MB18071
KMT-2018-BLG-2295,SSO43N0303.026015,18:05:11.12,-28:46:00.41,8288.36913,27.23,0.573,18.95,18.51,18.51,1,0.92,OB180902
KMT-2018-BLG-2296,SSO43N0306.017557,18:04:52.26,-28:27:46.69,8183.4842,17.58,0.288,17.99,18.3,18.3,1,0.9,OB180100
KMT-2018-BLG-2297,SSO43N0307.031507,18:04:56.92,-28:17:15.68,8353.79093,36.14,0.503,19.29,18.7,18.7,1,0.99,
KMT-2018-BLG-2298,SSO43N0406.014699,18:04:31.63,-28:28:24.10,8239.79807,25.51,0.49,19.39,17.98,17.98,1,0.86,OB180598
KMT-2018-BLG-2299,SSO43N0408.015844,18:04:18.64,-28:11:38.69,8393.72718,85.58,0.007,18.88,18.04,18.04,1,0.91,OB181212 MB18365
KMT-2018-BLG-2300,SAO43N0508.042783,18:04:05.19,-28:09:14.69,8344.08671,20.85,0.922,18.91,19.03,19.03,1,0.92,OB181535
KMT-2018-BLG-2301,SSO43N0601.048430,18:03:07.39,-29:06:15.52,8274.89084,8.37,1.404,18.14,19.18,19.18,1,0.97,
KMT-2018-BLG-2302,BLG43N0607.017121,18:03:20.08,-28:21:47.59,8306.81382,35.17,0.224,20.67,17.99,17.99,1,0.85,OB181210
KMT-2018-BLG-2303,SAO43N0608.067737,18:03:19.33,-28:13:09.70,8330.36958,41.37,0.152,20.98,19.47,19.47,1,0.91,
KMT-2018-BLG-2304,SAO43N0608.083843,18:03:28.47,-28:10:58.19,8362.39533,1.49,0.112,19.55,19.86,19.86,1,1.02,
KMT-2018-BLG-2305,SAO43N0704.036854,18:02:29.53,-28:42:26.78,8393.09228,7.9,0.26,18.6,18.77,18.77,1,1.03,OB181763
KMT-2018-BLG-2306,SAO43N0705.025613,18:02:50.07,-28:32:43.91,8275.41905,25.99,0.154,19.61,18.48,18.48,1,1.13,OB180885
KMT-2018-BLG-2307,SAO43N0705.063089,18:02:56.33,-28:37:03.00,8238.42726,27.24,0.031,22.02,19.42,19.42,1,0.97,
KMT-2018-BLG-2308,SSO43N0805.007851,18:02:04.06,-28:31:44.80,8309.53095,27.15,0.346,17.7,17.19,17.19,1,1.0,OB180990 MB18212
KMT-2018-BLG-2309,SSO43N0805.027634,18:01:56.78,-28:34:10.42,8230.29307,2.94,0.135,15.41,18.52,18.52,1,0.96,OB180626 MB18112
KMT-2018-BLG-2310,SSO43N0808.012247,18:02:10.05,-28:07:21.11,8265.15257,33.08,0.078,21.3,17.75,17.75,1,1.18,OB180868
KMT-2018-BLG-2311,SSO43T0102.018132,18:01:12.65,-28:58:17.62,8318.28992,33.76,0.148,18.22,18.09,18.09,1,1.13,OB181060 MB18225
KMT-2018-BLG-2312,SAO43T0103.057291,18:01:15.23,-28:46:21.11,8352.15966,16.03,0.832,17.97,19.14,19.14,1,1.0,OB181483
KMT-2018-BLG-2313,SAO43T0203.084693,18:00:35.58,-28:45:45.11,8276.40668,19.6,0.042,19.93,19.54,19.54,1,1.0,
KMT-2018-BLG-2314,BLG43T0208.041108,18:00:38.68,-28:09:25.09,8303.39114,26.44,0.545,18.92,19.05,19.05,1,1.36,OB181100 OB181117
KMT-2018-BLG-2315,SAO43T0302.051360,18:00:18.89,-28:58:33.60,8231.94421,14.0,0.299,19.97,18.91,18.91,1,0.91,OB180639
KMT-2018-BLG-2316,SSO43T0305.058224,18:00:09.70,-28:34:27.70,8246.63307,48.97,0.164,19.89,19.19,19.19,1,1.24,OB180610
KMT-2018-BLG-2317,SSO43T0307.025251,18:00:12.00,-28:22:10.60,8231.91976,21.14,0.236,19.33,18.47,18.47,1,1.28,OB180657
KMT-2018-BLG-2318,SAO43T0307.050117,18:00:23.26,-28:18:23.29,8357.70377,7.89,0.772,18.54,19.1,19.1,1,1.35,
KMT-2018-BLG-2319,SAO43T0307.074677,18:00:03.95,-28:19:41.20,8359.02139,17.67,0.575,20.08,19.61,19.61,1,1.41,
KMT-2018-BLG-2320,BLG43T0308.057020,17:59:59.72,-28:07:49.51,8347.94284,23.58,0.139,19.97,19.28,19.28,1,1.52,OB181495
KMT-2018-BLG-2321,BLG43T0401.099476,17:59:28.37,-29:02:51.68,8260.16575,23.91,0.062,22.57,20.0,20.18,1,1.08,OB180867
KMT-2018-BLG-2322,SAO43T0402.015204,17:59:38.69,-28:53:35.92,8253.51551,6.27,0.433,13.51,17.81,17.81,1,1.2,OB180727
KMT-2018-BLG-2323,SSO43T0402.036159,17:59:21.28,-28:56:59.78,8206.24108,4.15,0.136,20.65,18.61,18.61,1,1.1,
KMT-2018-BLG-2324,SAO43T0402.083842,17:59:37.39,-28:56:03.98,8280.1184,59.15,0.123,21.06,19.64,19.64,1,1.14,
KMT-2018-BLG-2325,BLG43T0403.057449,17:59:30.69,-28:51:21.60,8201.90305,4.16,0.148,21.04,19.08,19.08,1,1.17,
KMT-2018-BLG-2326,BLG43T0403.059809,17:59:30.34,-28:51:10.58,8201.8633,1.44,1.146,15.98,19.13,19.13,1,1.17,
KMT-2018-BLG-2327,BLG43T0403.091620,17:59:30.37,-28:51:04.90,8201.89867,1.61,0.971,16.68,19.85,19.85,1,1.17,
KMT-2018-BLG-2328,BLG43T0404.006366,17:59:41.48,-28:44:22.99,8201.24361,19.3,0.297,17.53,16.59,16.59,1,1.05,OB180305 MB18057
KMT-2018-BLG-2329,BLG43T0405.079479,17:59:27.05,-28:36:20.30,8241.90059,5.35,0.106,19.81,19.71,19.71,1,1.3,
KMT-2018-BLG-2330,BLG43T0405.081867,17:59:49.50,-28:31:42.60,8387.94595,31.11,0.051,19.78,19.77,19.77,1,1.32,OB181700
KMT-2018-BLG-2331,SAO43T0406.010291,17:59:27.48,-28:23:08.99,8265.77904,8.91,0.569,17.78,17.47,17.47,1,1.38,OB180847
KMT-2018-BLG-2332,SSO43T0501.019454,17:59:02.77,-29:01:07.00,8220.90139,2.67,0.699,17.93,17.99,17.99,1,1.0,OB180552
KMT-2018-BLG-2333,SAO43T0502.007440,17:59:06.34,-28:54:05.90,8374.38577,22.97,0.127,19.89,16.69,16.69,1,1.01,
KMT-2018-BLG-2334,SSO43T0504.031297,17:59:06.27,-28:39:02.41,8187.53175,13.93,0.417,19.04,18.52,18.52,1,1.23,OB180274
KMT-2018-BLG-2335,SSO43T0505.004999,17:59:13.46,-28:31:16.21,8161.73623,17.69,0.099,16.82,16.26,16.26,1,1.4,OB180012
KMT-2018-BLG-2336,SAO43T0508.024623,17:59:01.63,-28:13:42.20,8279.86448,2.06,2.0,13.98,18.96,18.96,1,1.73,OB180971 MB18173
KMT-2018-BLG-2337,SAO43T0606.036919,17:58:23.23,-28:29:02.90,8297.34216,39.27,0.034,21.08,19.0,19.0,1,1.65,
KMT-2018-BLG-2338,SAO43T0607.015644,17:58:18.23,-28:17:53.59,8253.61349,19.51,0.078,20.25,18.2,18.2,1,1.52,
KMT-2018-BLG-2339,SAO43T0703.061224,17:58:07.05,-28:47:44.92,8261.81728,28.77,0.182,21.56,19.29,19.29,1,1.35,
KMT-2018-BLG-2340,SAO43T0704.010969,17:57:52.58,-28:39:21.20,8281.78535,8.06,0.746,17.78,17.63,17.63,1,1.66,OB180974
KMT-2018-BLG-2341,SSO43T0704.075269,17:57:52.02,-28:39:25.20,8270.18347,35.59,0.065,22.93,19.72,19.72,1,1.66,
KMT-2018-BLG-2342,SAO43T0708.037116,17:57:46.42,-28:11:20.90,8358.32045,52.2,0.153,19.99,19.25,19.25,1,1.95,OB181361
KMT-2018-BLG-2343,SAO43T0801.009391,17:57:31.56,-29:01:57.79,8370.11297,23.76,0.023,20.71,17.46,17.46,1,1.45,MB18360
KMT-2018-BLG-2344,BLG43T0801.025835,17:57:24.00,-29:00:40.00,8323.59373,26.3,0.114,20.59,18.65,18.65,1,1.37,OB181324
KMT-2018-BLG-2345,BLG43T0801.057822,17:57:06.36,-29:00:35.32,8184.23908,20.06,0.242,19.98,19.42,19.42,1,1.66,OB180272
KMT-2018-BLG-2346,SSO43T0802.084609,17:57:17.12,-28:55:56.50,8214.41203,6.65,0.055,20.05,19.89,19.89,1,1.52,OB180533
KMT-2018-BLG-2347,SAO43T0802.095329,17:57:08.67,-28:56:20.11,8304.64598,14.06,0.059,20.14,20.0,20.16,1,1.54,MB18220
KMT-2018-BLG-2348,SAO43T0803.023449,17:57:11.46,-28:45:36.50,8390.09502,199.99,0.166,19.67,18.49,18.49,1,1.75,
KMT-2018-BLG-2349,SSO43T0804.080637,17:57:08.06,-28:43:53.00,8351.11678,30.32,0.256,21.01,20.0,20.14,1,1.81,
KMT-2018-BLG-2350,SAO43T0805.028616,17:57:23.74,-28:32:30.70,8359.43989,9.55,0.301,19.29,18.97,18.97,1,1.76,OB181571
KMT-2018-BLG-2351,SAO43T0805.061364,17:57:19.29,-28:36:45.61,8257.81158,17.78,0.165,21.12,19.77,19.77,1,1.9,OB180830
KMT-2018-BLG-2352,SSO43T0807.000630,17:57:23.13,-28:21:15.30,8261.87858,21.59,0.021,21.39,14.53,14.53,1,1.82,
KMT-2018-BLG-2353,SSO43T0808.020677,17:57:18.36,-28:11:10.72,8233.71648,59.01,0.12,21.35,18.6,18.6,1,1.93,OB180636
KMT-2018-BLG-2354,SSO43T0808.068545,17:57:09.27,-28:09:47.48,8188.85506,6.88,0.039,19.81,19.91,19.91,1,1.98,OB180333
KMT-2018-BLG-2355,BLG01K0104.001838,17:54:09.24,-30:34:47.60,8211.20611,196.73,0.152,21.04,15.91,15.91,1,1.49,
KMT-2018-BLG-2356,SSO01K0206.096082,17:53:24.54,-30:21:06.19,8371.84979,2.44,0.024,21.79,20.0,20.86,1,1.71,
KMT-2018-BLG-2357,BLG01K0306.031371,17:52:52.18,-30:22:13.19,8169.77738,32.61,1.927,15.99,19.25,19.25,1,1.93,
KMT-2018-BLG-2358,BLG01K0307.013836,17:52:40.68,-30:13:43.90,8426.2602,46.13,0.392,19.35,18.34,18.34,2,1.61,
KMT-2018-BLG-2359,SAO01K0307.030899,17:52:45.88,-30:16:00.41,8305.95682,20.43,0.309,20.16,19.32,19.32,2,1.74,
KMT-2018-BLG-2360,BLG01K0403.083731,17:52:21.70,-30:48:30.60,8324.09579,46.13,0.434,21.27,20.0,20.39,1,1.96,
KMT-2018-BLG-2361,BLG01K0406.009963,17:52:20.58,-30:23:42.22,8499.9308,193.02,0.51,19.12,17.82,17.82,1,2.31,OB181334
KMT-2018-BLG-2362,BLG01K0408.041415,17:52:29.56,-30:10:43.25,8226.87846,5.35,0.081,20.62,19.3,19.3,2,1.77,
KMT-2018-BLG-2363,BLG01K0408.065647,17:52:02.19,-30:08:28.28,8333.61924,192.7,0.06,22.6,19.88,19.88,1,2.04,
KMT-2018-BLG-2364,SAO01K0508.014479,17:51:38.30,-30:07:54.98,8350.37464,52.33,0.107,22.74,18.19,18.19,1,2.36,
KMT-2018-BLG-2365,SSO01K0508.051059,17:51:54.50,-30:09:04.10,8349.84053,22.56,1.999,16.74,19.73,19.73,1,2.06,
KMT-2018-BLG-2366,BLG01K0508.078324,17:51:42.99,-30:09:49.61,8309.83181,16.71,0.203,21.56,20.0,20.48,1,2.16,
KMT-2018-BLG-2367,BLG01K0607.067669,17:50:59.79,-30:17:17.92,8365.44953,27.5,0.808,18.76,20.0,20.48,1,2.3,
KMT-2018-BLG-2368,BLG01K0708.031698,17:50:18.50,-30:08:48.80,8185.02114,94.3,0.462,19.96,19.67,19.67,1,2.95,
KMT-2018-BLG-2369,BLG01M0102.059611,17:58:50.16,-30:53:52.30,8328.00017,58.81,0.257,21.75,20.0,20.63,1,1.74,
KMT-2018-BLG-2370,BLG01M0201.064044,17:58:13.88,-31:03:15.59,8265.40253,6.32,0.31,21.51,20.0,20.34,1,1.48,
KMT-2018-BLG-2371,SSO01M0405.034161,17:57:24.77,-30:33:23.40,8335.40968,7.8,0.042,21.52,19.97,19.97,1,2.17,
KMT-2018-BLG-2372,SSO01M0606.057817,17:56:08.98,-30:21:50.80,8161.24627,148.45,0.529,21.9,20.0,20.19,1,2.0,
KMT-2018-BLG-2373,SSO01M0607.012890,17:56:09.77,-30:18:39.31,8193.05037,115.41,0.269,20.4,18.13,18.13,1,1.78,
KMT-2018-BLG-2374,BLG01M0802.046632,17:54:37.71,-30:49:28.49,8206.92538,59.05,0.791,20.36,19.47,19.47,1,1.9,
KMT-2018-BLG-2375,BLG01M0802.082287,17:54:44.65,-30:50:31.49,8222.05443,36.32,1.219,18.99,20.0,20.36,1,1.74,
KMT-2018-BLG-2376,BLG01M0802.088597,17:54:44.67,-30:50:25.01,8224.99862,39.7,1.237,18.65,20.0,20.71,1,1.74,
KMT-2018-BLG-2377,BLG01N0107.021917,17:59:03.88,-31:25:18.59,8249.95236,53.87,0.616,19.49,19.05,19.05,1,1.46,OB180820
KMT-2018-BLG-2378,SAO01N0602.011110,17:56:08.16,-31:59:21.19,8208.18699,79.17,0.424,20.47,18.34,18.34,1,1.21,
KMT-2018-BLG-2379,BLG01N0708.024495,17:55:29.97,-31:14:33.22,8229.5059,42.81,0.038,23.54,18.93,18.93,1,1.53,
KMT-2018-BLG-2380,BLG01N0708.041277,17:55:29.15,-31:17:24.50,8412.29771,117.07,0.48,19.25,19.4,19.4,1,1.6,OB181497
KMT-2018-BLG-2381,SAO01N0806.018203,17:54:46.61,-31:28:09.70,8388.83949,18.92,1.848,17.52,18.63,18.63,1,1.51,
KMT-2018-BLG-2382,BLG01T0204.066663,17:53:26.01,-31:44:08.41,8340.47608,20.82,0.068,22.59,20.0,20.23,1,1.79,
KMT-2018-BLG-2383,BLG01T0302.070281,17:52:50.29,-32:00:20.81,8253.17631,11.12,0.148,22.18,20.0,20.55,1,1.99,
KMT-2018-BLG-2384,BLG01T0404.017030,17:52:15.69,-31:49:03.90,8265.74597,24.11,1.974,18.34,19.16,19.16,1,2.35,
KMT-2018-BLG-2385,SSO02K0103.032441,17:54:12.90,-28:40:27.73,8164.38207,48.27,1.857,19.24,19.73,19.73,2,2.25,
KMT-2018-BLG-2386,BLG02K0104.081763,17:54:06.27,-28:29:35.05,8155.08333,184.09,0.221,21.52,20.0,21.65,2,2.34,
KMT-2018-BLG-2387,SSO02K0201.002357,17:53:36.63,-28:56:45.31,8228.43907,19.45,1.894,16.39,16.24,16.24,1,2.17,OB180620
KMT-2018-BLG-2388,SAO02K0206.019290,17:53:13.79,-28:14:49.88,8242.25248,39.48,0.376,20.06,19.48,19.48,2,2.94,OB180664
KMT-2018-BLG-2389,SAO02K0305.020222,17:52:55.33,-28:23:16.40,8243.67259,67.66,0.389,20.1,19.3,19.3,2,2.71,OB180563
KMT-2018-BLG-2390,SAO02K0401.012806,17:52:27.34,-28:50:55.50,8183.53866,62.6,0.657,19.23,18.5,18.5,2,2.83,OB180320
KMT-2018-BLG-2391,SSO02K0405.080618,17:52:01.40,-28:25:26.26,8235.4857,174.64,0.023,24.6,20.0,25.0,3,3.07,
KMT-2018-BLG-2392,BLG02K0507.001341,17:51:46.70,-28:12:42.19,8260.44632,199.64,0.005,24.32,17.07,17.07,2,4.36,OB180856
KMT-2018-BLG-2393,BLG02K0603.004498,17:51:10.87,-28:37:41.66,8382.67681,124.78,0.076,19.31,18.17,18.17,4,4.22,
KMT-2018-BLG-2394,BLG02M0202.032720,17:58:28.34,-28:48:45.11,8304.73131,83.31,0.159,21.59,18.67,18.67,1,1.15,
KMT-2018-BLG-2395,SSO02M0507.019701,17:56:21.12,-28:11:32.71,8240.23144,83.7,0.226,26.08,18.54,18.54,1,2.24,
KMT-2018-BLG-2396,SSO02M0702.011447,17:55:16.91,-28:44:36.96,8229.32366,48.3,0.521,19.75,17.98,17.98,2,2.02,OB180572
KMT-2018-BLG-2397,SAO02M0708.041851,17:55:15.26,-28:01:57.47,8394.87003,14.92,0.011,21.42,20.0,21.1,2,3.44,OB181758
KMT-2018-BLG-2398,SAO02M0801.003719,17:54:49.22,-28:53:52.01,8306.82361,38.04,0.154,20.44,16.45,16.45,2,1.94,OB181172
KMT-2018-BLG-2399,BLG02M0805.031308,17:54:47.32,-28:23:51.18,8346.09082,16.81,1.875,17.59,20.0,20.15,2,2.68,
KMT-2018-BLG-2400,SAO02N0406.043318,17:57:06.38,-29:21:41.80,8247.72032,33.99,0.087,21.99,19.28,19.28,1,1.82,OB180742
KMT-2018-BLG-2401,SSO02N0408.021707,17:57:10.30,-29:09:50.00,8355.96608,123.85,0.513,18.82,18.71,18.71,1,1.75,OB181047
KMT-2018-BLG-2402,SSO02N0604.029022,17:56:05.49,-29:40:29.32,8284.3167,12.45,0.083,18.66,18.55,18.55,1,1.49,OB181046
KMT-2018-BLG-2403,SAO02N0802.065364,17:54:50.86,-29:55:38.10,8301.63681,70.51,0.566,19.01,19.29,19.29,1,1.33,OB180777
KMT-2018-BLG-2404,BLG02N0808.034585,17:54:42.52,-29:11:39.70,8205.02065,129.6,0.289,22.37,18.99,18.99,1,1.87,
KMT-2018-BLG-2405,SAO02T0104.090816,17:54:01.58,-29:41:02.51,8397.38767,34.26,0.257,20.75,19.88,19.88,1,1.51,
KMT-2018-BLG-2406,SAO02T0201.021157,17:53:38.36,-30:03:34.60,8318.12542,52.3,0.471,19.85,18.29,18.29,1,1.54,OB181201
KMT-2018-BLG-2407,BLG02T0208.009366,17:53:31.78,-29:11:51.79,8207.29868,24.24,0.865,18.93,16.97,16.97,1,2.04,OB180370
KMT-2018-BLG-2408,BLG02T0408.065160,17:52:07.03,-29:05:48.44,8210.19734,199.92,0.005,24.5,20.0,21.07,2,2.99,OB180508
KMT-2018-BLG-2409,SAO02T0504.042839,17:51:54.35,-29:39:36.68,8267.66193,56.63,0.2,21.35,19.57,19.57,1,2.48,
KMT-2018-BLG-2410,SSO02T0602.054039,17:51:20.11,-29:57:20.09,8314.80891,15.31,0.619,19.59,20.0,20.3,1,2.74,
KMT-2018-BLG-2411,SAO02T0603.010805,17:51:03.86,-29:45:22.28,8359.26449,37.1,0.005,23.79,17.98,17.98,1,3.13,
KMT-2018-BLG-2412,SAO02T0603.027341,17:51:09.10,-29:48:33.52,8272.02196,35.73,0.296,21.01,19.46,19.46,1,3.33,
KMT-2018-BLG-2413,SAO02T0706.006758,17:50:31.12,-29:26:18.60,8481.53998,126.13,0.026,19.47,17.86,17.86,1,3.64,OB181725
KMT-2018-BLG-2414,SAO02T0802.046433,17:50:13.37,-29:55:00.08,8277.48714,17.86,0.321,21.61,20.0,20.78,1,3.29,
KMT-2018-BLG-2415,BLG02T0808.004315,17:49:58.65,-29:05:00.24,8180.03952,35.8,1.963,15.83,18.64,18.64,2,5.4,OB180002
KMT-2018-BLG-2416,SAO03K0201.034895,18:00:49.52,-27:50:11.51,8158.88022,59.57,0.498,19.49,18.89,18.89,1,1.54,OB180093 OB180094
KMT-2018-BLG-2417,BLG03K0408.010762,17:59:55.73,-26:58:38.32,8167.76133,52.28,0.363,21.28,18.28,18.28,1,2.35,
KMT-2018-BLG-2418,BLG03K0603.002365,17:58:46.43,-27:37:04.58,8344.80685,138.82,0.071,20.14,15.92,15.92,1,1.84,OB181269 MB18293
KMT-2018-BLG-2419,BLG03K0701.031892,17:58:12.65,-27:51:58.61,8372.3564,24.58,0.193,22.08,19.73,19.73,1,2.54,
KMT-2018-BLG-2420,BLG03K0801.002676,17:57:36.29,-27:50:30.91,8336.602,27.26,0.235,21.04,17.37,17.37,2,3.08,
KMT-2018-BLG-2421,BLG03K0802.017248,17:57:45.12,-27:40:55.56,8273.296,20.63,0.663,19.73,20.0,20.13,2,2.77,
KMT-2018-BLG-2422,SSO03M0208.019504,18:05:33.06,-26:54:13.21,8133.9412,65.88,0.088,18.66,18.42,18.42,1,1.12,OB180117
KMT-2018-BLG-2423,SSO03M0706.042735,18:03:08.41,-27:09:27.79,8275.69025,24.81,0.104,22.75,20.0,20.37,1,2.0,
KMT-2018-BLG-2424,SSO03N0308.086599,18:05:28.81,-28:05:40.81,8379.26291,46.46,0.541,19.03,20.0,20.16,1,0.72,OB181650 OB181678
KMT-2018-BLG-2425,SAO03N0505.019098,18:04:12.99,-28:26:02.29,8384.44861,22.85,0.812,18.18,18.18,18.18,1,0.82,OB181633
KMT-2018-BLG-2426,BLG03N0607.019421,18:03:37.63,-28:11:56.00,8349.382,51.13,0.28,21.09,18.28,18.28,1,1.03,OB181484
KMT-2018-BLG-2427,SAO03N0701.025342,18:02:49.70,-28:58:00.19,8253.99051,11.22,1.536,16.81,18.4,18.4,1,0.84,OB180729
KMT-2018-BLG-2428,SSO03N0707.006870,18:02:59.59,-28:12:43.60,8296.5595,85.12,0.406,18.66,16.86,16.86,1,0.82,OB180744
KMT-2018-BLG-2429,SSO03N0802.075253,18:02:29.14,-28:46:58.19,8327.75287,82.07,0.243,20.17,19.59,19.59,1,0.93,OB181209
KMT-2018-BLG-2430,SSO03T0103.019371,18:01:37.60,-28:40:00.19,8314.73124,197.75,0.017,22.6,18.23,18.23,1,0.92,OB181245 MB18233
KMT-2018-BLG-2431,BLG03T0104.037183,18:01:30.39,-28:32:48.30,8197.49649,85.22,0.179,21.42,18.77,18.77,1,1.04,OB180349
KMT-2018-BLG-2432,BLG03T0401.098176,17:59:57.38,-28:53:13.70,8217.75204,44.67,0.24,21.21,20.0,20.13,1,1.1,
KMT-2018-BLG-2433,SSO03T0506.000482,17:59:02.21,-28:21:26.78,8225.25639,69.56,0.082,23.12,14.13,14.13,1,1.45,
KMT-2018-BLG-2434,BLG04K0208.066411,18:02:41.44,-29:01:29.78,8349.55829,13.85,1.445,17.74,19.57,19.57,1,0.97,OB181514
KMT-2018-BLG-2435,BLG04K0306.050672,18:02:08.23,-29:16:49.30,8385.25144,3.4,0.007,18.91,19.36,19.36,1,1.23,OB181736
KMT-2018-BLG-2436,BLG04K0306.071815,18:01:58.78,-29:18:02.41,8402.19501,57.21,0.362,20.6,19.86,19.86,1,1.31,
KMT-2018-BLG-2437,SSO04K0501.087294,18:01:13.10,-29:59:29.90,8238.49271,56.14,1.943,18.27,20.0,20.22,1,1.09,
KMT-2018-BLG-2438,BLG04K0502.022596,18:01:02.14,-29:51:33.01,8267.49832,7.44,1.137,20.65,18.46,18.46,1,1.06,
KMT-2018-BLG-2439,SAO04K0504.056958,18:00:58.96,-29:30:58.61,8251.22279,72.65,0.194,22.39,19.59,19.59,1,1.5,
KMT-2018-BLG-2440,SSO04K0601.065079,18:00:32.11,-29:56:38.69,8198.52643,78.81,0.139,21.22,19.61,19.61,1,1.02,OB180365
KMT-2018-BLG-2441,SAO04K0603.064594,18:00:35.49,-29:40:15.31,8268.03959,14.92,0.1,20.84,19.72,19.72,1,1.32,
KMT-2018-BLG-2442,SAO04K0703.007805,17:59:55.90,-29:38:40.42,8389.57983,69.51,0.082,22.44,17.32,17.32,1,1.3,OB181709
KMT-2018-BLG-2443,BLG04K0804.004614,17:59:32.73,-29:31:52.28,8203.49297,109.74,0.148,21.64,16.57,16.57,1,1.6,
KMT-2018-BLG-2444,BLG04K0805.027683,17:59:22.96,-29:25:03.40,8453.69578,92.37,0.217,19.65,18.86,18.86,1,1.5,
KMT-2018-BLG-2445,SSO04M0406.031716,18:06:17.64,-29:18:29.02,8304.63157,9.48,0.187,21.15,18.98,18.98,1,0.9,
KMT-2018-BLG-2446,SAO04N0105.028698,18:08:19.02,-30:31:24.82,8231.93392,48.58,0.218,21.59,19.2,19.2,1,0.59,
KMT-2018-BLG-2447,SAO04N0107.012563,18:08:33.92,-30:17:21.80,8463.96066,139.42,0.002,19.41,18.46,18.46,1,0.81,OB181519
KMT-2018-BLG-2448,BLG04N0402.075937,18:06:37.61,-30:53:56.44,8359.54408,24.19,0.151,21.17,20.0,25.0,3,0.96,
KMT-2018-BLG-2449,SSO04N0601.059090,18:05:25.67,-30:59:47.18,8336.9702,4.47,1.283,17.05,20.0,20.61,1,1.22,
KMT-2018-BLG-2450,BLG04N0708.007920,18:04:57.66,-30:10:19.81,8288.88431,50.09,0.486,19.58,17.99,17.99,1,1.32,OB180921
KMT-2018-BLG-2451,SAO04T0607.026771,18:00:17.48,-30:14:05.39,8239.39285,112.29,0.191,20.75,18.77,18.77,1,1.1,OB180548
KMT-2018-BLG-2452,SAO11K0102.040855,17:27:20.30,-29:41:42.40,8385.66009,25.85,0.641,19.61,20.0,20.02,1,1.97,
KMT-2018-BLG-2453,SAO11K0207.008332,17:26:40.35,-29:04:39.18,8300.59547,8.41,1.16,18.76,18.85,18.85,2,1.85,
KMT-2018-BLG-2454,BLG11K0208.013648,17:26:33.34,-28:58:29.57,8174.63215,164.14,0.076,22.41,19.43,19.43,2,1.79,
KMT-2018-BLG-2455,SAO11K0305.009444,17:25:49.32,-29:18:11.59,8258.37367,37.98,0.103,22.62,18.49,18.49,1,1.76,
KMT-2018-BLG-2456,BLG11K0403.045745,17:25:08.95,-29:34:23.81,8454.2525,188.58,0.181,20.27,20.0,20.23,1,1.95,OB181801
KMT-2018-BLG-2457,SAO11K0407.030695,17:25:16.42,-29:03:09.61,8250.88847,39.71,0.157,20.95,19.75,19.75,1,1.8,
KMT-2018-BLG-2458,BLG11K0705.013009,17:23:38.20,-29:21:53.39,8383.94787,53.05,0.156,21.41,18.88,18.88,1,1.44,
KMT-2018-BLG-2459,BLG11K0705.028035,17:23:38.39,-29:20:32.39,8379.30174,33.91,0.27,20.3,19.57,19.57,1,1.47,
KMT-2018-BLG-2460,SSO11M0403.108860,17:30:06.16,-29:32:13.16,8154.90118,194.2,0.133,20.94,20.0,25.0,3,2.32,
KMT-2018-BLG-2461,SSO11M0404.058162,17:30:15.80,-29:24:55.87,8257.22979,66.33,0.187,21.44,20.0,21.39,2,2.82,OB180815
KMT-2018-BLG-2462,SAO11M0503.105584,17:29:45.10,-29:33:21.71,8298.95585,40.02,0.073,21.92,20.0,25.0,3,2.28,
KMT-2018-BLG-2463,BLG11N0103.003398,17:31:58.93,-30:37:55.27,8366.819,42.12,0.675,17.91,17.64,17.64,2,2.75,OB181331
KMT-2018-BLG-2464,SAO11N0107.008531,17:32:11.70,-30:09:36.22,8312.87315,84.21,0.176,20.42,18.59,18.59,2,2.13,
KMT-2018-BLG-2465,SAO11N0202.055511,17:31:36.87,-30:46:29.32,8349.24978,198.47,0.048,23.05,20.0,21.47,2,2.98,
KMT-2018-BLG-2466,SSO11N0205.068699,17:31:35.09,-30:26:31.09,8229.61871,51.06,0.568,19.84,20.0,21.68,2,3.16,
KMT-2018-BLG-2467,BLG11N0405.053992,17:30:18.23,-30:24:35.35,8182.74933,124.07,0.237,21.54,20.0,20.89,2,2.57,
KMT-2018-BLG-2468,BLG11N0407.052279,17:30:32.90,-30:14:31.81,8279.76802,12.93,0.378,20.05,20.0,20.79,2,2.58,
KMT-2018-BLG-2469,SSO11N0503.001595,17:29:31.63,-30:39:11.95,8252.81737,74.89,0.094,21.8,18.09,18.09,2,3.97,OB180837
KMT-2018-BLG-2470,BLG11N0504.006790,17:29:30.55,-30:32:29.36,8429.90175,199.86,0.261,21.05,19.11,19.11,2,3.08,
KMT-2018-BLG-2471,BLG11N0508.033704,17:29:56.10,-30:07:37.13,8172.38415,195.76,0.013,23.37,20.0,20.29,2,2.07,OB180219
KMT-2018-BLG-2472,BLG11N0606.005847,17:28:48.75,-30:19:48.94,8352.62395,199.36,0.109,21.52,18.32,18.32,2,2.98,OB181302
KMT-2018-BLG-2473,SAO11N0704.023300,17:28:24.74,-30:33:22.50,8417.50506,149.97,0.235,19.73,20.0,20.73,2,2.92,OB181547
KMT-2018-BLG-2474,BLG11N0803.007712,17:27:48.65,-30:42:36.29,8312.79277,59.27,0.083,21.96,19.35,19.35,2,2.77,
KMT-2018-BLG-2475,SAO11N0807.092673,17:27:57.64,-30:12:45.36,8305.79953,35.31,0.121,22.22,20.0,22.5,2,2.43,
KMT-2018-BLG-2476,BLG11T0204.030831,17:26:37.49,-30:34:21.18,8350.07852,94.02,0.114,23.11,20.0,21.15,2,3.04,
KMT-2018-BLG-2477,BLG11T0306.007199,17:25:55.04,-30:19:38.68,8469.8999,188.01,0.54,19.42,19.37,19.37,2,2.93,OB181419
KMT-2018-BLG-2478,SAO11T0607.012136,17:24:20.67,-30:11:52.80,8190.88264,19.44,0.02,21.75,19.42,19.42,4,1.97,
KMT-2018-BLG-2479,SAO12K0204.004401,17:26:46.74,-27:23:24.07,8234.43032,65.54,0.312,20.33,18.87,18.87,2,2.17,
KMT-2018-BLG-2480,SAO12K0404.005609,17:25:43.70,-27:17:14.42,8318.08153,46.85,0.227,19.79,19.06,19.06,2,1.8,
KMT-2018-BLG-2481,BLG12M0302.067606,17:30:55.31,-27:37:11.60,8359.86865,26.98,0.631,17.99,20.0,21.52,2,2.2,
KMT-2018-BLG-2482,BLG12N0104.045319,17:32:06.51,-28:27:58.46,8360.11368,3.91,1.002,25.15,20.0,20.75,2,2.55,
KMT-2018-BLG-2483,BLG13K0107.005720,17:34:25.65,-33:29:50.24,8293.76007,45.73,0.199,21.03,19.12,19.12,2,4.75,
KMT-2018-BLG-2484,SAO13M0202.001129,17:38:41.03,-34:06:39.53,8209.08322,172.23,0.258,18.56,17.18,17.18,2,3.64,
KMT-2018-BLG-2485,SAO13M0506.006076,17:36:48.97,-33:39:10.37,8309.24267,70.19,0.21,20.53,18.77,18.77,2,15.93,OB181265
KMT-2018-BLG-2486,BLG13N0403.069175,17:38:02.96,-35:07:27.66,8320.21327,148.98,0.067,23.27,20.0,22.18,2,2.62,
KMT-2018-BLG-2487,BLG13N0501.065060,17:36:56.89,-35:23:25.26,8153.60329,145.65,0.277,20.03,20.0,25.0,3,3.2,
KMT-2018-BLG-2488,BLG13N0508.015361,17:37:22.50,-34:27:36.83,8461.16589,174.92,1.141,18.1,20.0,20.15,2,3.07,
KMT-2018-BLG-2489,BLG13T0205.006434,17:34:02.35,-34:54:13.93,8152.92428,198.29,0.183,20.72,19.99,19.99,2,4.59,
KMT-2018-BLG-2490,BLG14K0306.086423,17:35:06.27,-28:09:22.97,8266.91054,38.73,0.279,21.93,20.0,22.18,3,3.17,
KMT-2018-BLG-2491,BLG14K0307.014498,17:35:04.40,-27:58:49.19,8261.74423,52.82,0.111,22.7,20.0,20.27,2,2.92,
KMT-2018-BLG-2492,BLG14K0404.052545,17:34:44.60,-28:25:30.18,8255.6233,42.69,0.321,22.01,20.0,21.17,2,2.93,
KMT-2018-BLG-2493,BLG14K0406.092165,17:34:56.77,-28:10:25.46,8344.72295,80.21,0.291,21.66,20.0,21.87,2,2.99,
KMT-2018-BLG-2494,SSO14K0506.048097,17:33:51.00,-28:10:56.68,8192.94835,60.92,0.269,20.74,20.0,20.83,2,2.67,OB180264
KMT-2018-BLG-2495,BLG14K0805.003622,17:32:23.29,-28:18:26.57,8339.75315,10.66,0.497,20.85,17.58,17.58,2,2.44,
KMT-2018-BLG-2496,BLG14M0207.055854,17:40:45.80,-27:58:14.56,8329.60829,90.34,0.243,22.24,20.0,21.72,2,3.74,
KMT-2018-BLG-2497,BLG14M0208.014919,17:40:43.66,-27:57:21.71,8211.34888,62.48,0.853,18.66,19.78,19.78,2,3.68,OB180173
KMT-2018-BLG-2498,SAO14M0501.058572,17:39:15.02,-28:48:57.35,8408.01803,123.45,0.183,21.13,20.0,21.89,2,4.45,
KMT-2018-BLG-2499,BLG14M0504.016180,17:39:06.96,-28:24:04.68,8334.8227,36.26,0.566,19.48,19.66,19.66,2,3.17,
KMT-2018-BLG-2500,SAO14M0506.020601,17:39:00.84,-28:05:44.27,8436.13564,199.63,0.116,20.94,19.89,19.89,4,2.93,
KMT-2018-BLG-2501,BLG14M0506.070448,17:38:52.13,-28:11:05.68,8280.22041,26.46,0.34,21.06,20.0,21.35,2,2.96,
KMT-2018-BLG-2502,BLG14M0701.026132,17:37:56.24,-28:43:32.88,8221.30555,59.6,0.159,22.25,20.0,20.8,3,3.36,
KMT-2018-BLG-2503,BLG14M0801.008768,17:37:19.25,-28:49:14.59,8438.11519,119.39,0.237,19.06,18.82,18.82,2,3.26,
KMT-2018-BLG-2504,SAO14M0803.001401,17:36:57.28,-28:31:06.02,8179.08208,36.81,0.514,16.95,17.18,17.18,2,3.43,OB180216
KMT-2018-BLG-2505,SAO14N0603.019500,17:38:27.97,-29:41:02.65,8215.3306,90.29,0.318,21.59,20.0,20.87,2,4.1,
KMT-2018-BLG-2506,BLG14N0804.046025,17:37:23.80,-29:30:15.01,8348.87486,108.59,0.134,23.06,20.0,21.4,2,3.65,
KMT-2018-BLG-2507,BLG14T0404.093566,17:34:40.50,-29:30:28.40,8225.43442,28.02,0.43,21.21,20.0,21.97,2,2.92,
KMT-2018-BLG-2508,BLG14T0405.053829,17:34:29.94,-29:23:46.10,8220.89009,59.35,0.2,21.78,20.0,21.27,2,2.99,
KMT-2018-BLG-2509,SAO14T0503.019225,17:34:19.18,-29:37:46.60,8351.27005,134.29,0.374,20.15,19.9,19.9,2,2.65,OB181337
KMT-2018-BLG-2510,BLG14T0601.041333,17:33:23.87,-29:53:14.14,8340.73037,36.51,0.207,22.18,20.0,21.15,2,3.0,
KMT-2018-BLG-2511,SSO14T0703.068140,17:32:43.37,-29:36:52.02,8230.29101,8.99,0.23,21.46,20.0,21.59,2,3.22,
KMT-2018-BLG-2512,BLG14T0801.049717,17:32:21.45,-29:53:14.10,8336.12815,37.41,0.378,21.3,20.0,21.28,2,3.07,
KMT-2018-BLG-2513,SSO14T0805.086700,17:32:22.42,-29:26:30.26,8248.37372,14.31,0.312,21.17,20.0,22.22,2,3.02,
KMT-2018-BLG-2514,BLG15K0201.038286,17:35:48.40,-26:40:27.41,8159.53073,194.49,0.128,23.34,20.0,20.78,2,2.52,
KMT-2018-BLG-2515,SAO15K0405.001508,17:34:38.81,-26:12:12.17,8367.25975,25.67,0.381,20.66,17.66,17.66,2,2.99,
KMT-2018-BLG-2516,BLG15M0103.036557,17:41:23.12,-26:27:23.83,8310.33476,46.7,0.322,21.68,20.0,21.07,2,3.24,
KMT-2018-BLG-2517,BLG15M0304.025992,17:39:49.67,-26:19:38.14,8268.41031,80.38,0.192,21.83,20.0,20.24,2,2.74,
KMT-2018-BLG-2518,SAO15M0305.082769,17:39:55.97,-26:10:37.70,8315.85285,28.28,0.222,21.39,20.0,21.74,2,2.69,
KMT-2018-BLG-2519,SSO15M0503.030393,17:39:00.88,-26:24:12.56,8238.33644,38.65,0.181,21.94,20.0,20.83,3,2.98,
KMT-2018-BLG-2520,SAO15N0505.089679,17:38:59.58,-27:15:15.55,8302.38966,35.96,0.187,22.02,20.0,21.61,2,2.81,
KMT-2018-BLG-2521,BLG15N0506.051817,17:38:55.65,-27:07:01.16,8215.09654,13.4,1.999,17.46,20.0,20.99,2,2.94,
KMT-2018-BLG-2522,BLG15T0204.010135,17:35:41.56,-27:24:46.30,8157.22492,111.89,0.744,20.65,18.64,18.64,1,2.42,
KMT-2018-BLG-2523,BLG15T0301.017311,17:35:10.89,-27:47:16.30,8295.50121,95.69,0.16,22.74,20.0,20.43,2,3.07,
KMT-2018-BLG-2524,BLG15T0303.027121,17:35:26.55,-27:29:50.57,8336.14139,44.55,0.32,21.29,20.0,20.29,2,2.39,OB181413
KMT-2018-BLG-2525,BLG15T0303.082183,17:35:17.33,-27:29:42.50,8375.03142,83.24,0.179,21.21,20.0,21.63,2,2.43,
KMT-2018-BLG-2526,BLG15T0308.004443,17:35:22.82,-26:54:28.58,8444.99061,55.09,0.338,18.59,17.38,17.38,1,2.06,
KMT-2018-BLG-2527,BLG15T0406.005526,17:34:51.11,-27:11:45.89,8419.83771,76.22,0.42,19.28,17.5,17.5,1,2.14,OB181744
KMT-2018-BLG-2528,BLG15T0703.023126,17:33:06.47,-27:32:23.28,8169.46401,96.19,0.204,20.73,20.0,20.59,2,2.72,
KMT-2018-BLG-2529,BLG15T0703.033388,17:32:45.73,-27:35:09.31,8372.05569,50.98,0.289,21.03,20.0,20.91,2,2.72,
KMT-2018-BLG-2530,BLG15T0703.051544,17:33:06.42,-27:31:28.78,8158.42471,55.48,0.66,19.76,20.0,21.37,2,2.72,
KMT-2018-BLG-2531,BLG16K0407.034020,17:35:08.70,-23:48:52.09,8378.77908,182.46,0.029,23.07,20.0,20.37,1,2.04,
KMT-2018-BLG-2532,BLG16K0503.000829,17:34:28.60,-24:14:02.08,8143.58381,98.03,0.165,18.36,17.19,17.19,2,2.6,OB180316
KMT-2018-BLG-2533,BLG16M0101.014173,17:41:23.98,-24:29:02.00,8174.56101,107.11,0.083,22.1,19.06,19.06,1,1.9,
KMT-2018-BLG-2534,BLG16M0305.002627,17:40:21.92,-23:58:51.31,8228.24604,21.87,0.21,20.31,17.31,17.31,2,1.86,
KMT-2018-BLG-2535,SSO16M0601.030293,17:38:27.12,-24:30:22.61,8249.03545,51.15,0.173,20.27,20.0,20.06,2,1.85,
KMT-2018-BLG-2536,BLG16N0702.001690,17:37:54.41,-25:34:53.65,8350.32337,105.32,0.516,19.38,18.6,18.6,2,4.01,
KMT-2018-BLG-2537,BLG16T0408.063450,17:35:00.96,-24:49:04.51,8347.76878,89.01,0.055,23.35,20.0,25.0,3,2.62,
KMT-2018-BLG-2538,BLG17K0104.010290,17:44:19.15,-32:47:03.30,8180.19842,102.1,0.133,20.99,20.0,20.38,4,4.14,OB180301
KMT-2018-BLG-2539,SAO17K0604.000746,17:41:29.23,-32:44:53.52,8423.20244,196.78,0.266,19.2,16.83,16.83,2,3.52,
KMT-2018-BLG-2540,BLG17K0607.054811,17:40:58.62,-32:25:54.34,8360.99643,17.74,1.405,15.7,20.0,25.0,3,5.5,
KMT-2018-BLG-2541,BLG17K0804.015111,17:40:11.90,-32:48:42.80,8356.38144,42.7,0.452,21.0,20.0,20.82,2,3.96,
KMT-2018-BLG-2542,SSO17M0303.075635,17:48:06.27,-32:48:42.48,8358.30247,169.3,0.327,20.62,20.0,21.95,2,2.56,
KMT-2018-BLG-2543,SAO17N0101.036685,17:49:05.17,-34:10:54.70,8204.23692,23.04,0.142,19.69,19.78,19.78,1,1.54,OB180427
KMT-2018-BLG-2544,SAO17N0104.056137,17:49:19.91,-33:54:06.12,8319.72833,156.36,0.104,21.63,20.0,21.88,2,2.14,
KMT-2018-BLG-2545,SAO17N0206.061278,17:49:00.11,-33:36:31.10,8304.18121,76.74,0.328,20.15,20.0,20.04,1,1.43,
KMT-2018-BLG-2546,SAO17N0302.019502,17:47:58.56,-34:09:13.00,8375.12603,69.82,0.285,20.55,19.04,19.04,1,1.49,
KMT-2018-BLG-2547,BLG17N0801.052516,17:44:52.88,-34:14:23.39,8311.36317,199.46,0.021,22.98,19.88,19.88,1,1.57,OB181278
KMT-2018-BLG-2548,SAO17N0807.034194,17:44:58.53,-33:26:52.80,8172.01547,4.22,1.976,15.28,19.69,19.69,1,2.14,
KMT-2018-BLG-2549,BLG17T0102.058854,17:44:23.90,-34:04:11.71,8406.47585,199.91,0.268,21.43,20.0,20.07,1,1.84,
KMT-2018-BLG-2550,BLG17T0105.038753,17:44:26.17,-33:43:17.29,8374.78173,17.45,1.516,18.21,19.98,19.98,1,1.8,
KMT-2018-BLG-2551,BLG17T0201.025791,17:43:49.61,-34:15:18.90,8359.49201,74.14,0.213,22.2,19.22,19.22,1,1.59,
KMT-2018-BLG-2552,BLG17T0402.041284,17:42:40.08,-34:04:27.19,8270.53773,75.95,0.424,21.71,20.0,20.12,1,2.28,
KMT-2018-BLG-2553,SSO17T0406.011688,17:42:41.54,-33:35:39.98,8219.17926,17.06,0.097,22.19,19.57,19.57,2,2.79,
KMT-2018-BLG-2554,BLG17T0504.018565,17:41:54.89,-33:54:34.09,8248.43397,81.04,0.128,24.64,19.8,19.8,2,2.6,
KMT-2018-BLG-2555,SSO17T0604.074583,17:40:57.54,-33:52:20.35,8188.35676,11.05,0.011,21.16,20.0,21.44,2,2.49,
KMT-2018-BLG-2556,SAO17T0605.004450,17:41:09.17,-33:45:16.27,8343.1452,104.54,0.218,22.52,17.62,17.62,2,2.08,
KMT-2018-BLG-2557,BLG17T0608.075697,17:41:03.62,-33:17:57.84,8363.38063,106.61,0.039,23.73,20.0,22.28,2,3.43,
KMT-2018-BLG-2558,SAO17T0707.032384,17:40:50.06,-33:30:11.09,8377.8272,130.94,0.133,21.66,20.0,20.72,2,2.85,
KMT-2018-BLG-2559,SAO18K0105.060946,17:45:37.47,-26:08:26.09,8236.50602,198.69,0.017,24.08,20.0,21.2,2,2.88,
KMT-2018-BLG-2560,SAO18K0106.024501,17:45:19.76,-25:59:49.81,8313.78923,67.87,0.245,20.49,19.88,19.88,2,2.5,
KMT-2018-BLG-2561,SAO18K0301.015607,17:44:42.02,-26:36:15.84,8300.62084,75.14,0.287,21.14,20.0,20.12,2,3.61,
KMT-2018-BLG-2562,SAO18K0304.029263,17:44:40.26,-26:15:00.72,8354.62617,54.14,0.112,22.07,20.0,20.41,2,2.85,
KMT-2018-BLG-2563,SSO18K0304.071758,17:44:41.54,-26:15:03.24,8196.31478,17.18,0.011,21.05,20.0,21.47,2,2.85,OB180442
KMT-2018-BLG-2564,SSO18K0504.093141,17:43:08.83,-26:17:33.86,8248.72664,78.57,0.207,22.01,20.0,22.16,2,2.98,
KMT-2018-BLG-2565,SSO18K0607.020827,17:42:56.29,-25:54:36.97,8225.23518,32.16,0.157,22.42,20.0,20.22,2,2.9,
KMT-2018-BLG-2566,BLG18K0702.060740,17:42:14.43,-26:32:50.75,8263.05425,29.91,0.295,21.99,20.0,21.35,2,3.12,
KMT-2018-BLG-2567,BLG18K0801.081316,17:41:53.71,-26:36:44.10,8231.86215,119.45,0.003,24.72,20.0,22.54,2,3.6,
KMT-2018-BLG-2568,BLG18M0402.011048,17:48:48.52,-26:27:43.09,8181.1724,58.72,0.306,20.49,20.0,21.18,2,6.16,
KMT-2018-BLG-2569,SSO18M0805.020720,17:46:08.00,-26:07:20.60,8193.71525,199.76,0.128,20.11,20.0,20.11,2,3.26,
KMT-2018-BLG-2570,SAO18T0502.015228,17:43:12.23,-27:37:30.32,8186.35718,20.45,1.979,16.56,19.78,19.78,2,3.74,OB180267
KMT-2018-BLG-2571,SAO18T0504.016642,17:43:34.67,-27:22:18.30,8333.45288,68.94,0.192,21.49,20.0,20.2,2,3.56,OB181513
KMT-2018-BLG-2572,BLG18T0508.002237,17:43:17.16,-26:52:35.69,8172.55288,102.44,0.221,20.6,17.66,17.66,2,3.31,OB180179
KMT-2018-BLG-2573,BLG18T0601.023390,17:42:36.49,-27:42:54.18,8311.78526,11.11,1.208,19.11,20.0,20.78,2,4.01,OB181266
KMT-2018-BLG-2574,BLG18T0805.014400,17:41:32.91,-27:11:39.80,8271.12147,100.4,0.079,23.39,20.0,20.0,2,3.18,
KMT-2018-BLG-2575,SAO19K0505.035576,17:43:09.61,-24:04:49.40,8218.74098,25.28,1.953,16.38,19.52,19.52,1,1.72,
KMT-2018-BLG-2576,BLG19K0603.047866,17:43:00.57,-24:17:34.19,8178.33571,23.23,0.578,19.97,19.97,19.97,1,1.99,
KMT-2018-BLG-2577,BLG19M0108.006741,17:50:18.35,-23:40:22.55,8430.15418,56.57,0.687,18.23,18.63,18.63,2,2.59,OB181802
KMT-2018-BLG-2578,SSO19M0506.003738,17:47:58.27,-23:57:48.56,8152.24175,103.63,0.344,18.55,17.77,17.77,2,2.56,
KMT-2018-BLG-2579,SAO19M0601.029245,17:47:44.27,-24:36:22.86,8208.12638,198.23,0.051,22.65,20.0,20.63,2,3.31,OB180295
KMT-2018-BLG-2580,BLG19M0801.062908,17:46:16.52,-24:29:56.69,8194.10267,23.09,0.618,20.13,20.0,21.76,2,2.91,
KMT-2018-BLG-2581,BLG19M0807.016295,17:46:19.61,-23:48:47.02,8153.08352,95.79,0.199,20.36,18.95,18.95,1,1.87,OB180291
KMT-2018-BLG-2582,SAO19N0602.007140,17:47:35.56,-25:29:16.98,8434.5039,34.58,0.586,19.18,20.0,20.13,2,5.45,
KMT-2018-BLG-2583,SAO19N0703.001776,17:47:12.31,-25:22:25.39,8316.8648,93.45,0.33,21.14,17.66,17.66,2,4.15,
KMT-2018-BLG-2584,SAO19N0703.036291,17:46:53.79,-25:24:12.74,8193.80198,71.66,0.084,22.84,20.0,21.32,2,3.34,
KMT-2018-BLG-2585,BLG19N0806.027831,17:46:37.79,-24:59:07.51,8318.75659,55.15,0.358,20.16,20.0,21.01,2,3.21,OB181234
KMT-2018-BLG-2586,BLG19T0206.036916,17:45:00.41,-25:01:57.22,8351.83613,55.82,0.375,21.71,20.0,21.02,2,3.04,
KMT-2018-BLG-2587,BLG19T0301.040749,17:44:29.73,-25:41:14.06,8161.80896,87.88,0.003,22.96,20.0,20.92,2,2.95,
KMT-2018-BLG-2588,SAO19T0303.086803,17:44:24.95,-25:26:27.67,8337.54954,198.63,0.051,23.47,20.0,25.0,3,3.52,
KMT-2018-BLG-2589,BLG19T0304.024612,17:44:26.44,-25:14:58.56,8405.37396,184.73,0.366,20.41,20.0,20.54,2,2.96,OB181745
KMT-2018-BLG-2590,BLG19T0304.079178,17:44:40.00,-25:18:20.09,8289.61929,47.83,0.084,22.95,20.0,21.95,2,3.15,
KMT-2018-BLG-2591,BLG19T0403.072846,17:44:04.10,-25:22:04.40,8175.59696,75.96,0.301,21.31,20.0,21.97,2,3.33,
KMT-2018-BLG-2592,BLG19T0404.012711,17:43:52.29,-25:17:27.42,8369.39948,110.68,0.203,21.76,19.98,19.98,2,3.27,
KMT-2018-BLG-2593,BLG19T0606.015740,17:42:56.83,-25:01:58.01,8283.74157,46.81,0.285,21.61,19.47,19.47,1,2.88,
KMT-2018-BLG-2594,SAO19T0606.039865,17:42:33.65,-24:59:21.30,8222.54455,131.99,0.204,21.34,20.0,20.43,1,2.29,
KMT-2018-BLG-2595,BLG19T0803.038464,17:41:31.99,-25:21:33.37,8236.72319,42.01,0.158,21.71,20.0,20.87,2,2.73,
KMT-2018-BLG-2596,BLG20K0307.005030,17:44:27.21,-21:42:10.80,8170.11655,33.0,0.422,19.17,18.06,18.06,1,1.63,
KMT-2018-BLG-2597,BLG20K0406.012844,17:43:58.41,-21:49:57.76,8165.0461,18.79,1.229,17.29,18.82,18.82,4,1.37,
KMT-2018-BLG-2598,BLG20K0407.042850,17:44:12.50,-21:43:09.52,8159.19934,131.22,0.391,19.87,20.0,20.31,1,1.42,
KMT-2018-BLG-2599,BLG20K0407.053296,17:44:12.46,-21:43:14.70,8127.64109,191.59,0.132,20.46,20.0,20.87,1,1.42,
KMT-2018-BLG-2600,BLG20K0606.010981,17:43:07.74,-21:50:56.69,8361.5116,98.49,0.218,21.18,18.9,18.9,4,1.46,
KMT-2018-BLG-2601,BLG20K0801.039822,17:41:35.89,-22:25:02.21,8319.05636,116.12,0.126,23.1,20.0,20.25,1,1.63,
KMT-2018-BLG-2602,SSO20M0205.001097,17:49:35.29,-21:58:34.32,8270.25289,38.37,1.828,15.18,16.57,16.57,4,2.32,
KMT-2018-BLG-2603,SSO20M0705.000501,17:46:45.42,-21:55:59.12,8240.20531,198.14,1.982,17.2,15.6,15.6,4,2.27,
KMT-2018-BLG-2604,SAO20N0107.034764,17:50:07.37,-22:44:56.69,8381.27192,103.63,0.299,20.78,19.96,19.96,1,2.01,
KMT-2018-BLG-2605,SSO20N0203.006708,17:49:55.12,-23:14:59.21,8150.78883,110.97,0.113,20.52,18.04,18.04,1,2.28,
KMT-2018-BLG-2606,SSO20N0803.019886,17:46:23.20,-23:15:35.71,8190.95896,118.35,0.154,20.35,18.86,18.86,1,1.47,OB180294
KMT-2018-BLG-2607,SAO20N0805.053001,17:46:16.49,-23:01:27.59,8395.7241,30.5,0.351,20.08,19.98,19.98,1,1.46,OB181771
KMT-2018-BLG-2608,BLG20T0108.035957,17:45:44.15,-22:37:20.10,8291.51601,41.27,0.108,22.41,20.0,20.74,1,1.86,
KMT-2018-BLG-2609,SAO20T0503.048537,17:43:33.83,-23:18:22.28,8254.84831,66.61,0.282,21.33,20.0,20.75,2,1.77,
KMT-2018-BLG-2610,BLG20T0803.005926,17:41:46.16,-23:19:08.22,8312.98764,82.03,0.295,20.69,18.7,18.7,4,1.87,
KMT-2018-BLG-2611,SAO21K0101.060606,17:53:49.53,-35:18:12.78,8320.20084,110.57,0.115,21.62,20.0,25.0,3,0.74,OB181283
KMT-2018-BLG-2612,SAO21K0306.065635,17:52:47.17,-34:40:10.49,8348.35048,186.38,0.111,17.71,20.0,20.17,1,0.8,
KMT-2018-BLG-2613,BLG21K0403.042218,17:51:58.46,-35:03:26.32,8223.00818,97.8,0.197,22.1,19.31,19.31,1,0.66,
KMT-2018-BLG-2614,BLG21K0602.002316,17:51:04.91,-35:11:00.82,8499.855,90.29,0.004,15.98,15.98,15.98,1,0.71,OB181359 MB18361
KMT-2018-BLG-2615,BLG21M0301.032837,17:57:42.00,-35:14:25.91,8292.31727,29.51,0.318,19.52,19.58,19.58,1,0.81,
KMT-2018-BLG-2616,BLG21M0406.021530,17:57:24.29,-34:34:57.22,8159.90816,56.48,0.974,17.7,18.93,18.93,1,0.64,OB180085
KMT-2018-BLG-2617,SAO21T0402.049555,17:52:14.22,-36:15:00.79,8380.13232,113.59,0.165,21.28,20.0,20.5,1,0.89,
KMT-2018-BLG-2618,SAO21T0606.018485,17:51:07.48,-35:47:23.32,8282.2438,65.52,0.332,19.26,18.66,18.66,1,0.75,
KMT-2018-BLG-2619,SAO21T0608.045306,17:51:05.15,-35:25:57.22,8330.31492,35.28,0.277,19.79,19.65,19.65,1,0.64,
KMT-2018-BLG-2620,SAO22K0203.010226,17:53:22.83,-32:52:08.00,8314.01135,34.65,0.389,20.08,18.3,18.3,1,1.53,OB181230
KMT-2018-BLG-2621,SAO22K0207.085340,17:53:17.84,-32:19:35.00,8335.92215,122.32,0.118,21.64,20.0,20.75,1,1.8,
KMT-2018-BLG-2622,BLG22K0301.071105,17:52:34.90,-33:10:07.72,8194.8202,74.43,0.257,19.48,20.0,20.58,1,1.57,OB180047
KMT-2018-BLG-2623,SAO22K0404.023064,17:52:20.69,-32:46:02.89,8409.93477,47.22,0.419,19.57,19.05,19.05,1,1.59,
KMT-2018-BLG-2624,SAO22K0407.007433,17:51:53.49,-32:23:51.40,8361.89456,15.21,0.79,19.32,18.07,18.07,1,2.1,OB181657
KMT-2018-BLG-2625,SAO22K0506.012558,17:51:45.40,-32:27:43.09,8398.91191,79.71,0.269,20.86,18.79,18.79,1,2.15,
KMT-2018-BLG-2626,BLG22K0506.028952,17:51:39.70,-32:28:28.42,8331.74652,24.58,0.122,21.37,19.59,19.59,1,2.08,
KMT-2018-BLG-2627,SAO22K0603.078516,17:50:55.59,-32:49:24.49,8308.85669,24.09,0.276,21.45,20.0,21.14,1,2.02,
KMT-2018-BLG-2628,SAO22K0803.010212,17:49:44.32,-32:49:19.42,8351.99277,115.87,0.215,21.14,18.91,18.91,1,2.78,OB181409
KMT-2018-BLG-2629,BLG22K0805.014006,17:49:37.38,-32:41:09.78,8325.22618,121.11,0.079,22.99,19.91,19.91,2,2.92,
KMT-2018-BLG-2630,BLG22M0107.023271,17:59:01.64,-32:25:57.61,8161.27426,38.25,1.713,17.98,19.2,19.2,1,1.16,
KMT-2018-BLG-2631,BLG22M0202.002037,17:58:33.47,-33:00:26.50,8313.81396,123.24,0.037,22.46,16.28,16.28,1,1.37,OB181187
KMT-2018-BLG-2632,BLG22M0202.003305,17:58:22.26,-32:58:00.08,8230.70289,57.73,1.185,16.59,17.09,17.09,1,1.41,OB180325 MB18119
KMT-2018-BLG-2633,BLG22M0207.027437,17:58:11.01,-32:18:41.90,8279.00471,65.2,0.218,20.94,19.34,19.34,1,1.51,OB180883
KMT-2018-BLG-2634,SAO22M0208.004236,17:58:33.66,-32:11:24.11,8315.29035,77.91,0.395,19.52,17.29,17.29,1,1.48,OB181108
KMT-2018-BLG-2635,SAO22M0501.022894,17:56:34.86,-33:06:11.20,8367.89569,50.24,0.28,20.29,18.99,18.99,1,1.22,
KMT-2018-BLG-2636,SAO22M0504.036944,17:56:35.31,-32:47:54.38,8352.12029,38.74,1.3,18.44,19.64,19.64,1,1.32,
KMT-2018-BLG-2637,SSO22M0702.039262,17:55:22.12,-33:03:04.61,8325.91801,10.81,1.97,16.93,19.4,19.4,1,1.25,OB181376
KMT-2018-BLG-2638,BLG22M0804.046371,17:54:56.26,-32:46:43.39,8218.43391,95.41,0.397,19.5,19.77,19.77,1,1.42,
KMT-2018-BLG-2639,SAO22N0201.033166,17:58:47.10,-34:15:21.71,8339.42959,143.14,0.014,24.03,19.4,19.4,1,0.74,
KMT-2018-BLG-2640,BLG22N0805.024448,17:54:44.28,-33:44:05.71,8155.88172,77.16,0.046,20.69,19.09,19.09,1,1.26,OB180044
KMT-2018-BLG-2641,SAO22T0404.002421,17:52:12.68,-33:55:21.40,8308.15731,144.33,0.417,18.78,16.55,16.55,1,1.63,OB180735
KMT-2018-BLG-2642,SSO22T0501.082246,17:51:47.77,-34:13:48.11,8208.02492,59.73,0.207,21.37,20.0,25.0,3,1.3,
KMT-2018-BLG-2643,SAO22T0601.000719,17:50:43.49,-34:11:04.45,8314.32407,34.51,0.007,19.85,15.86,15.86,2,1.43,MB18250
KMT-2018-BLG-2644,BLG31K0402.049589,18:11:34.61,-25:36:34.70,8340.11648,23.82,0.501,20.4,20.0,20.03,1,1.34,
KMT-2018-BLG-2645,SSO31K0605.019149,18:10:09.38,-25:13:40.69,8218.30663,70.23,0.007,23.5,19.16,19.16,1,1.61,
KMT-2018-BLG-2646,SSO31M0205.003616,18:17:07.55,-25:15:48.31,8310.0937,28.58,0.169,20.99,17.24,17.24,1,0.99,
KMT-2018-BLG-2647,BLG31T0308.011352,18:11:46.31,-25:57:46.12,8317.83251,120.15,0.065,21.95,18.21,18.21,1,1.05,OB181295
KMT-2018-BLG-2648,BLG31T0808.037690,18:09:02.14,-25:59:03.59,8317.06082,17.22,0.252,20.12,19.12,19.12,1,1.56,OB181250
KMT-2018-BLG-2649,SAO32K0206.025006,18:10:04.97,-27:09:26.78,8382.36563,199.47,0.008,22.61,18.98,18.98,1,1.24,OB181653 MB18378
KMT-2018-BLG-2650,BLG32K0603.046302,18:07:48.30,-27:33:09.29,8326.42612,77.41,0.119,22.01,19.38,19.38,1,1.13,
KMT-2018-BLG-2651,BLG32K0605.061118,18:08:10.26,-27:22:38.10,8226.13645,49.39,0.066,23.01,20.0,20.01,1,1.02,
KMT-2018-BLG-2652,BLG32K0606.004893,18:07:53.65,-27:14:25.58,8135.90498,64.86,0.031,18.73,17.21,17.21,1,1.23,OB180112
KMT-2018-BLG-2653,BLG32K0803.065356,18:06:51.02,-27:33:28.30,8159.20609,107.54,0.793,19.14,19.85,19.85,1,1.18,
KMT-2018-BLG-2654,BLG32M0101.033094,18:15:40.93,-27:52:25.90,8363.86949,6.03,0.026,22.15,19.18,19.18,1,0.51,
KMT-2018-BLG-2655,SSO32M0104.029863,18:15:45.70,-27:27:24.80,8349.78816,42.22,0.417,19.4,19.05,19.05,1,0.6,OB181400
KMT-2018-BLG-2656,SAO32M0205.009956,18:15:06.25,-27:19:40.80,8227.75661,198.7,0.118,21.11,17.96,17.96,1,0.69,OB180414
KMT-2018-BLG-2657,SSO32M0606.060921,18:13:04.27,-27:11:36.71,8460.45105,66.88,0.02,17.98,19.89,19.89,1,0.56,OB181712 MB18410
KMT-2018-BLG-2658,SSO32M0701.008485,18:12:16.18,-27:46:03.79,8240.15654,97.64,0.216,20.12,17.66,17.66,1,0.62,OB180536
KMT-2018-BLG-2659,SAO32T0504.061196,18:08:43.75,-28:36:09.11,8177.70422,26.84,0.484,19.03,19.78,19.78,1,0.81,OB180123
KMT-2018-BLG-2660,SAO32T0608.029199,18:07:45.71,-28:04:32.02,8273.75302,80.92,0.093,22.09,18.9,18.9,1,1.17,OB180942
KMT-2018-BLG-2661,BLG33K0301.007931,18:11:33.30,-29:57:07.70,8201.16049,46.76,0.365,19.52,17.91,17.91,1,0.5,
KMT-2018-BLG-2662,SAO33M0408.003083,18:15:59.18,-29:05:35.30,8309.61686,74.61,0.383,18.87,17.09,17.09,1,0.46,
KMT-2018-BLG-2663,SSO33M0707.022955,18:14:16.24,-29:10:19.60,8207.07998,86.08,0.123,21.7,18.81,18.81,1,0.41,
KMT-2018-BLG-2664,BLG33N0702.001559,18:14:17.81,-30:52:00.77,8169.82647,106.84,0.15,20.37,16.54,16.54,4,0.46,
KMT-2018-BLG-2665,SSO33T0404.002591,18:10:52.80,-30:38:01.28,8215.11421,193.97,0.19,19.93,16.83,16.83,1,0.54,OB180249
KMT-2018-BLG-2666,BLG34K0208.008154,18:02:57.19,-31:13:29.10,8139.72974,61.16,0.002,18.94,18.1,18.1,1,1.01,OB180108
KMT-2018-BLG-2667,BLG34K0305.031427,18:02:23.26,-31:31:19.09,8336.60418,36.18,0.253,20.66,19.18,19.18,1,1.06,OB181498
KMT-2018-BLG-2668,BLG34K0505.053934,18:01:19.33,-31:31:19.31,8380.34455,54.98,0.221,20.96,19.95,19.95,1,1.18,
KMT-2018-BLG-2669,SSO34K0601.001672,18:00:50.77,-32:05:35.09,8204.00211,80.04,0.395,19.65,15.85,15.85,1,1.31,OB180462
KMT-2018-BLG-2670,SSO34K0602.000506,18:00:51.21,-31:53:33.90,8286.16096,48.0,0.9,13.82,14.76,14.76,1,1.13,OB180409 MB18089
KMT-2018-BLG-2671,BLG34K0603.035262,18:00:36.70,-31:48:23.18,8217.83707,45.52,0.545,19.91,19.36,19.36,1,1.11,OB180701
KMT-2018-BLG-2672,BLG34K0807.003880,17:59:37.21,-31:19:52.61,8198.36369,94.26,0.579,18.94,17.12,17.12,1,1.51,OB180080
KMT-2018-BLG-2673,BLG34M0206.059444,18:07:49.19,-31:22:56.78,8341.51927,188.1,0.121,22.64,20.0,20.83,1,0.62,
KMT-2018-BLG-2674,SSO34M0407.062598,18:06:51.67,-31:14:07.69,8177.19689,185.51,0.237,21.25,20.0,20.6,1,0.76,
KMT-2018-BLG-2675,BLG34M0601.020738,18:05:34.50,-32:06:23.69,8278.66843,37.18,0.153,20.69,19.05,19.05,1,0.88,OB181016
KMT-2018-BLG-2676,BLG34M0605.002936,18:05:30.03,-31:33:01.58,8151.93734,109.51,0.202,20.25,16.91,16.91,1,0.97,
KMT-2018-BLG-2677,SSO34M0703.004892,18:05:05.98,-31:44:43.58,8451.12867,41.2,0.008,17.54,17.55,17.55,1,0.84,
KMT-2018-BLG-2678,SAO34T0603.017700,18:00:31.32,-32:56:49.09,8166.83565,80.72,0.436,19.45,18.88,18.88,1,0.93,OB180082
KMT-2018-BLG-2679,SAO35K0104.078362,18:04:05.97,-25:19:55.13,8276.78592,158.24,0.086,22.63,20.0,25.0,3,2.95,
KMT-2018-BLG-2680,SAO35K0205.060788,18:03:17.75,-25:12:02.48,8277.82233,28.09,0.184,21.58,20.0,22.25,2,3.05,
KMT-2018-BLG-2681,SSO35K0206.020139,18:03:30.58,-25:01:31.12,8221.05245,186.3,0.077,22.24,20.0,20.77,2,3.72,
KMT-2018-BLG-2682,SAO35K0404.001546,18:02:23.51,-25:19:50.70,8459.35297,178.86,0.63,19.36,17.76,17.76,2,3.67,
KMT-2018-BLG-2683,BLG35M0105.034951,18:08:26.04,-25:15:27.00,8249.09709,26.49,0.442,20.44,20.0,20.16,1,1.98,
KMT-2018-BLG-2684,BLG35M0304.025764,18:07:36.39,-25:22:51.10,8218.89632,79.48,0.245,20.79,19.27,19.27,1,1.47,OB180522
KMT-2018-BLG-2685,SSO35N0106.002222,18:08:36.38,-26:11:28.10,8391.84087,25.37,0.477,19.15,16.21,16.21,1,1.45,
KMT-2018-BLG-2686,SSO35N0405.001322,18:06:47.36,-26:18:48.20,8164.9747,89.28,0.267,17.82,15.72,15.72,1,1.71,OB180122 MB18035
KMT-2018-BLG-2687,SSO35N0407.022779,18:07:06.92,-26:01:10.20,8217.40872,113.19,0.21,21.02,19.34,19.34,1,1.81,OB180521
KMT-2018-BLG-2688,BLG35N0805.019272,18:04:48.28,-26:21:36.50,8198.73495,48.45,0.292,21.37,19.41,19.41,1,2.13,
KMT-2018-BLG-2689,BLG35T0204.053410,18:03:36.01,-26:27:23.22,8240.10606,118.86,0.169,21.97,20.0,21.14,2,2.31,
KMT-2018-BLG-2690,BLG35T0402.030246,18:02:33.73,-26:44:01.50,8181.53171,199.85,0.261,20.59,20.0,20.25,2,1.99,
KMT-2018-BLG-2691,BLG35T0506.011021,18:01:48.10,-26:13:53.54,8331.6829,91.61,0.093,23.59,19.89,19.89,2,3.13,OB181541
KMT-2018-BLG-2692,SSO35T0601.042107,18:01:09.82,-26:48:54.29,8286.50093,30.79,0.089,21.54,20.0,20.4,1,2.63,
KMT-2018-BLG-2693,BLG36K0306.016541,18:14:25.43,-22:59:40.70,8309.57783,96.71,0.088,22.54,20.0,20.27,4,2.06,
KMT-2018-BLG-2694,BLG36K0808.008773,18:11:37.07,-22:47:27.67,8242.04971,84.2,0.208,21.28,19.7,19.7,4,2.62,
KMT-2018-BLG-2695,SSO36M0306.028275,18:18:49.95,-22:56:38.51,8212.79805,26.37,0.867,18.43,19.82,19.82,1,1.29,
KMT-2018-BLG-2696,SAO36N0104.008018,18:19:56.58,-24:17:55.21,8289.19341,119.43,0.123,21.04,18.15,18.15,1,0.85,
KMT-2018-BLG-2697,BLG36N0708.036508,18:16:50.58,-23:51:36.68,8213.74802,37.62,0.217,19.67,19.73,19.73,1,1.13,
KMT-2018-BLG-2698,BLG36T0208.025148,18:14:44.15,-23:52:58.69,8253.38848,123.36,0.172,20.44,19.56,19.56,1,1.58,
KMT-2018-BLG-2699,BLG37K0101.011325,17:44:00.73,-35:14:28.50,8360.5666,175.69,0.162,21.15,19.03,19.03,2,1.41,
KMT-2018-BLG-2700,BLG37K0203.080632,17:43:32.68,-34:59:45.89,8359.53577,27.28,0.36,21.33,20.0,21.56,2,1.95,
KMT-2018-BLG-2701,BLG37K0308.048759,17:43:07.11,-34:25:08.18,8398.46285,104.74,0.137,20.66,20.0,20.24,1,1.84,
KMT-2018-BLG-2702,SAO37M0505.005513,17:46:53.03,-34:42:21.82,8391.96202,51.85,0.443,17.77,17.49,17.49,1,1.31,OB181592 MB18357
KMT-2018-BLG-2703,SSO37M0805.067749,17:45:12.19,-34:47:33.40,8353.24585,61.48,0.336,20.21,20.0,21.09,1,1.92,
KMT-2018-BLG-2704,SSO37N0503.007756,17:46:40.91,-36:06:35.71,8289.08436,68.95,0.591,19.46,18.3,18.3,1,1.24,
KMT-2018-BLG-2705,SAO37N0506.042938,17:46:40.21,-35:47:59.21,8374.60423,56.2,0.278,19.86,19.93,19.93,1,1.18,OB181486
KMT-2018-BLG-2706,SAO37N0601.028100,17:46:32.28,-36:19:59.59,8312.00515,23.08,0.312,20.9,19.68,19.68,1,1.14,
KMT-2018-BLG-2707,BLG37N0606.056123,17:46:09.50,-35:42:53.89,8375.11017,24.52,0.419,20.55,20.0,20.68,1,1.32,
KMT-2018-BLG-2708,BLG37N0807.013676,17:45:09.17,-35:38:23.32,8165.45957,92.21,0.092,21.91,18.88,18.88,1,1.28,
KMT-2018-BLG-2709,BLG38K0507.002716,17:52:13.36,-21:43:20.42,8339.50261,119.8,0.146,20.35,17.04,17.04,4,2.13,
KMT-2018-BLG-2710,SSO38M0708.005272,17:55:46.47,-21:34:18.30,8268.67515,25.6,0.234,20.28,18.32,18.32,4,2.5,
KMT-2018-BLG-2711,BLG38T0105.002079,17:54:29.67,-23:01:18.41,8156.18913,199.24,0.127,21.55,17.0,17.0,4,3.06,
KMT-2018-BLG-2712,BLG38T0808.044347,17:50:53.01,-22:40:34.72,8232.10104,77.79,0.106,22.85,20.0,20.44,1,2.24,
KMT-2018-BLG-2713,SAO41K0101.007513,17:53:33.39,-31:10:30.11,8317.91577,66.45,0.517,17.67,17.67,17.67,1,2.09,OB180418
KMT-2018-BLG-2714,BLG41K0108.083460,17:53:31.87,-30:14:02.54,8194.49554,63.99,0.33,20.4,20.0,21.12,2,1.62,OB180235
KMT-2018-BLG-2715,SAO41K0202.001781,17:53:04.16,-30:59:09.71,8388.24453,32.56,1.725,16.4,15.89,15.89,1,1.84,
KMT-2018-BLG-2716,SAO41K0202.008415,17:53:15.88,-30:57:40.50,8403.2669,139.21,0.194,20.35,17.63,17.63,1,1.85,OB181443
KMT-2018-BLG-2717,SAO41K0203.006199,17:52:53.78,-30:56:15.40,8313.7119,52.48,0.423,19.88,16.72,16.72,1,1.71,
KMT-2018-BLG-2718,SAO41K0208.038279,17:52:56.08,-30:13:06.28,8355.19772,31.04,0.614,19.25,19.54,19.54,2,1.48,
KMT-2018-BLG-2719,BLG41K0307.001115,17:52:40.76,-30:23:29.90,8159.53064,126.19,0.091,21.11,15.43,15.43,1,2.11,
KMT-2018-BLG-2720,BLG41K0404.078837,17:51:56.04,-30:46:40.80,8211.75973,105.01,0.141,22.06,20.0,20.4,1,2.1,
KMT-2018-BLG-2721,BLG41K0505.011746,17:51:16.45,-30:37:05.59,8241.80999,189.3,0.337,19.38,18.36,18.36,1,2.67,OB180136
KMT-2018-BLG-2722,BLG41K0507.051153,17:51:16.52,-30:20:11.90,8395.63421,42.9,0.21,21.44,20.0,20.32,2,2.54,
KMT-2018-BLG-2723,BLG41K0802.004783,17:49:18.96,-31:00:30.53,8396.60345,131.39,0.254,21.1,18.41,18.41,2,3.43,
KMT-2018-BLG-2724,SAO41K0802.075381,17:49:26.56,-31:00:12.42,8377.15768,1.49,0.093,20.28,20.0,25.0,3,3.35,
KMT-2018-BLG-2725,BLG41K0803.007849,17:49:49.29,-30:54:02.02,8203.46903,54.46,0.265,21.1,18.25,18.25,1,3.07,
KMT-2018-BLG-2726,SAO41K0803.026516,17:49:36.13,-30:55:45.59,8157.53737,38.9,1.851,11.53,20.0,20.2,1,3.29,
KMT-2018-BLG-2727,BLG41M0402.020200,17:56:51.65,-31:01:42.38,8257.3041,15.55,0.42,19.57,18.48,18.48,1,1.16,OB180840
KMT-2018-BLG-2728,SSO41M0504.058177,17:56:33.38,-30:45:22.10,8261.71084,21.56,1.996,16.04,19.55,19.55,1,1.34,
KMT-2018-BLG-2729,SSO41M0604.080909,17:55:58.09,-30:46:24.31,8246.44132,28.49,1.061,17.87,20.0,20.1,1,1.63,
KMT-2018-BLG-2730,BLG41M0802.078329,17:54:45.23,-30:58:39.00,8175.09611,122.23,0.343,21.95,20.0,20.05,1,1.46,
KMT-2018-BLG-2731,SSO41N0206.000783,17:58:13.64,-31:38:32.50,8146.32987,88.59,0.841,15.15,15.21,15.21,1,1.58,
KMT-2018-BLG-2732,BLG41N0207.074486,17:57:55.91,-31:30:36.68,8343.60625,43.14,0.702,19.9,20.0,20.57,1,1.28,
KMT-2018-BLG-2733,BLG41N0207.076790,17:57:55.94,-31:29:47.00,8343.00939,32.97,1.044,19.36,20.0,20.75,1,1.36,
KMT-2018-BLG-2734,BLG41N0305.026304,17:57:27.96,-31:42:27.68,8184.46713,79.11,0.418,20.42,19.34,19.34,1,1.57,OB180224
KMT-2018-BLG-2735,BLG41N0701.025931,17:54:59.05,-32:17:07.51,8266.18704,11.5,1.945,17.65,19.35,19.35,1,1.7,
KMT-2018-BLG-2736,BLG41N0701.029847,17:55:06.95,-32:14:40.20,8385.3624,198.69,0.127,20.96,19.47,19.47,1,1.63,OB181481
KMT-2018-BLG-2737,BLG41N0706.032637,17:55:09.32,-31:38:51.61,8182.2747,21.93,0.449,19.64,19.09,19.09,1,1.46,OB180194
KMT-2018-BLG-2738,SAO41N0804.079487,17:54:40.96,-31:51:11.20,8280.33393,10.1,0.034,21.51,20.0,20.53,1,1.56,
KMT-2018-BLG-2739,SAO41T0202.066503,17:53:15.89,-32:10:02.50,8245.329,58.74,0.659,23.15,20.0,20.49,1,1.84,
KMT-2018-BLG-2740,BLG41T0204.005071,17:53:12.77,-31:49:42.60,8196.25833,70.17,0.394,19.87,17.02,17.02,1,1.85,OB180330
KMT-2018-BLG-2741,BLG41T0207.034199,17:52:55.50,-31:26:59.10,8346.69913,176.7,0.004,25.37,19.77,19.77,1,2.3,
KMT-2018-BLG-2742,BLG41T0302.073767,17:52:34.24,-32:07:52.00,8354.04305,140.66,0.202,23.01,20.0,20.59,1,2.04,
KMT-2018-BLG-2743,BLG41T0305.013951,17:52:38.51,-31:47:15.90,8440.62997,60.48,0.294,19.12,18.71,18.71,1,2.02,
KMT-2018-BLG-2744,BLG41T0306.034106,17:52:30.17,-31:35:25.40,8357.80566,89.11,0.539,20.5,19.98,19.98,1,2.7,OB181679
KMT-2018-BLG-2745,SAO41T0503.047998,17:51:16.70,-31:59:22.70,8364.91388,25.84,0.068,21.42,20.0,20.96,3,2.61,
KMT-2018-BLG-2746,BLG41T0801.012275,17:49:36.22,-32:15:21.10,8268.82747,144.32,0.161,21.98,20.0,21.04,2,3.88,
KMT-2018-BLG-2747,SAO42K0301.009804,17:52:32.63,-29:00:08.89,8247.67235,86.23,0.884,17.57,17.65,17.65,1,2.8,OB180032
KMT-2018-BLG-2748,SAO42K0402.002219,17:52:14.42,-28:58:00.62,8388.03103,92.65,0.621,19.52,16.71,16.71,2,3.13,
KMT-2018-BLG-2749,SSO42K0504.075335,17:51:13.40,-28:37:12.14,8381.10024,173.98,0.297,21.51,20.0,25.0,3,4.03,
KMT-2018-BLG-2750,SAO42K0505.027013,17:51:30.33,-28:32:46.75,8242.19441,18.94,0.685,19.89,20.0,20.2,2,3.32,
KMT-2018-BLG-2751,SSO42M0204.082871,17:57:53.80,-28:35:40.70,8274.01545,36.97,0.349,20.59,19.93,19.93,1,1.74,
KMT-2018-BLG-2752,SAO42M0707.007875,17:54:55.26,-28:17:50.93,8254.23509,2.86,0.696,19.38,17.98,17.98,4,2.61,
KMT-2018-BLG-2753,SAO42N0301.008604,17:57:27.04,-30:10:12.90,8254.41744,25.96,0.41,20.37,17.58,17.58,1,1.61,OB180783
KMT-2018-BLG-2754,SAO42N0708.014826,17:55:17.07,-29:12:52.70,8303.83563,41.01,0.013,23.25,18.19,18.19,1,2.22,
KMT-2018-BLG-2755,SSO42N0805.006282,17:54:30.52,-29:41:29.11,8256.22351,89.59,0.127,20.31,16.33,16.33,1,1.28,OB180666
KMT-2018-BLG-2756,SSO42N0805.039230,17:54:26.15,-29:42:01.19,8245.08808,31.18,0.629,19.28,18.77,18.77,1,1.33,
KMT-2018-BLG-2757,BLG42N0808.023864,17:54:31.09,-29:17:13.09,8190.36604,38.8,0.569,18.47,18.43,18.43,1,1.74,OB180063 MB18044
KMT-2018-BLG-2758,SAO42T0107.041368,17:53:41.19,-29:22:12.68,8391.32377,74.13,0.002,25.37,19.15,19.15,1,2.1,
KMT-2018-BLG-2759,BLG42T0107.073553,17:53:54.98,-29:25:08.80,8226.655,199.9,0.059,21.43,19.84,19.84,1,1.89,OB180456
KMT-2018-BLG-2760,SAO42T0501.055862,17:51:17.60,-30:09:02.41,8317.31905,199.88,0.007,25.01,19.83,19.83,1,2.33,
KMT-2018-BLG-2761,SAO42T0805.016818,17:49:30.70,-29:40:30.47,8237.86441,17.73,0.708,19.6,19.51,19.51,2,4.12,
KMT-2018-BLG-2762,BLG43K0108.032955,18:01:19.89,-27:04:29.50,8313.19111,26.94,0.025,23.87,19.86,19.86,1,2.45,
KMT-2018-BLG-2763,SSO43K0203.059653,18:00:29.64,-27:42:42.70,8192.39488,43.96,0.236,21.01,19.53,19.53,1,1.72,
KMT-2018-BLG-2764,SAO43K0307.003967,17:59:55.31,-27:13:34.90,8220.32212,165.38,1.007,18.47,16.54,16.54,1,2.08,
KMT-2018-BLG-2765,BLG43K0401.063065,17:59:35.78,-27:54:51.59,8186.98249,22.08,0.623,19.08,19.82,19.82,1,1.69,
KMT-2018-BLG-2766,BLG43K0505.039301,17:59:01.83,-27:28:18.52,8130.30473,84.34,0.004,19.81,19.3,19.3,1,1.75,OB180056
KMT-2018-BLG-2767,BLG43K0806.031153,17:57:28.04,-27:20:22.02,8317.45254,75.37,0.222,21.9,20.0,21.0,2,3.12,
KMT-2018-BLG-2768,SSO43M0105.020866,18:06:08.01,-27:23:08.48,8176.75436,68.01,0.842,20.74,18.28,18.28,1,0.87,
KMT-2018-BLG-2769,SSO43M0301.096965,18:05:14.45,-27:54:55.30,8361.93772,46.85,0.185,20.61,20.0,20.63,1,0.91,
KMT-2018-BLG-2770,SSO43M0407.075158,18:04:08.62,-27:07:58.12,8189.85265,8.52,1.945,16.59,19.75,19.75,1,1.12,OB180309
KMT-2018-BLG-2771,BLG43M0503.077453,18:03:46.19,-27:42:36.90,8179.93121,23.66,1.924,16.05,19.82,19.82,1,1.0,
KMT-2018-BLG-2772,SAO43M0604.053035,18:03:12.44,-27:34:45.52,8230.77504,4.0,0.146,19.26,19.52,19.52,1,1.3,OB180642
KMT-2018-BLG-2773,SAO43M0604.088137,18:03:15.04,-27:35:54.10,8260.86547,63.85,0.179,22.33,20.0,20.44,1,1.22,
KMT-2018-BLG-2774,SSO43M0604.096605,18:03:25.22,-27:36:30.67,8317.00264,74.4,0.372,20.41,20.0,25.0,3,1.22,
KMT-2018-BLG-2775,SAO43N0202.015745,18:05:49.30,-28:55:28.60,8291.24794,20.48,0.074,22.6,18.33,18.33,1,0.95,
KMT-2018-BLG-2776,SSO43N0302.048349,18:05:00.34,-28:59:04.99,8265.08958,87.32,0.015,22.41,19.16,19.16,1,0.83,OB180842
KMT-2018-BLG-2777,SAO43N0402.090906,18:04:20.21,-28:57:32.18,8387.87675,139.02,0.279,20.93,20.0,20.27,1,0.69,
KMT-2018-BLG-2778,SAO43N0707.014949,18:02:32.35,-28:20:05.21,8352.97795,25.58,0.043,20.09,17.84,17.84,1,0.89,
KMT-2018-BLG-2779,SSO43T0104.003112,18:01:14.04,-28:42:23.62,8271.92382,170.77,0.316,17.79,15.62,15.62,1,1.09,OB180346
KMT-2018-BLG-2780,SAO43T0306.033133,18:00:20.62,-28:27:02.20,8378.74962,66.65,0.171,21.42,18.65,18.65,1,1.25,
KMT-2018-BLG-2781,SAO43T0701.005178,17:57:52.12,-29:06:15.19,8293.3688,1.29,1.99,15.25,16.59,16.59,1,1.42,
