Event,FieldStarID,RA,Dec,t_0,t_E,u_0,Isource,Ibase,Icat,Ctype,A_I,Related_event
KMT-2022-BLG-0001,BLG01M0108.002773,17:59:07.16,-30:11:29.90,9658.61135,20.24,0.999,16.85,16.03,16.03,1,1.62,MB22085
KMT-2022-BLG-0002,BLG01N0403.002994,17:57:01.52,-31:49:59.59,9668.22236,7.78,0.526,17.05,16.58,16.58,1,1.46,MB22108 MB22119
KMT-2022-BLG-0003,BLG01N0501.027137,17:56:44.48,-32:07:06.38,9658.53171,77.41,0.005,22.97,19.14,19.14,1,1.49,MB22097
KMT-2022-BLG-0004,BLG01T0205.006666,17:53:26.18,-31:38:11.00,9659.12396,5.15,0.34,17.59,17.62,17.62,1,1.98,MB22098
KMT-2022-BLG-0005,BLG01T0307.006104,17:52:42.32,-31:23:13.88,9640.73553,24.44,0.055,20.08,17.41,17.41,1,2.26,MB22050
KMT-2022-BLG-0006,BLG01T0307.015182,17:53:01.66,-31:24:04.90,9640.85643,39.13,0.127,20.74,18.86,18.86,1,2.3,
KMT-2022-BLG-0007,BLG02K0103.003377,17:54:07.05,-28:42:46.98,9646.86756,7.24,0.15,16.73,16.75,16.75,2,2.16,
KMT-2022-BLG-0008,BLG02K0103.013765,17:54:11.51,-28:40:22.19,9657.37348,199.65,0.035,22.23,18.43,18.43,2,2.31,
KMT-2022-BLG-0009,SAO02K0304.005221,17:52:49.21,-28:31:48.07,9653.58519,6.09,0.999,17.96,17.73,17.73,2,3.03,
KMT-2022-BLG-0010,SSO02M0102.010361,17:58:53.18,-28:43:34.72,9660.61434,198.92,0.004,24.61,17.28,17.28,1,1.21,
KMT-2022-BLG-0011,SAO02M0604.032804,17:56:00.31,-28:33:58.57,9649.91078,55.63,0.007,22.37,19.73,19.73,2,1.92,
KMT-2022-BLG-0012,SAO02M0803.098870,17:54:39.27,-28:35:54.85,9662.47946,6.84,0.12,19.6,20.0,25.0,3,2.03,
KMT-2022-BLG-0013,BLG02N0108.060797,17:58:43.50,-29:06:32.62,9653.89021,15.26,0.016,20.73,19.11,19.11,1,1.07,
KMT-2022-BLG-0014,BLG02N0407.041713,17:57:02.64,-29:16:50.41,9650.88464,9.0,0.088,19.93,19.22,19.22,1,1.55,MB22082 MB22086
KMT-2022-BLG-0015,SAO02N0607.063246,17:55:46.58,-29:18:48.38,9638.93282,45.81,0.005,21.53,19.55,19.55,1,1.75,MB22053
KMT-2022-BLG-0016,BLG02N0805.002156,17:54:38.64,-29:33:13.00,9640.6713,199.01,0.007,21.24,15.45,15.45,1,1.47,MB22052
KMT-2022-BLG-0017,BLG02N0806.025783,17:54:50.06,-29:26:06.61,9664.06186,19.46,0.75,18.41,18.48,18.48,1,1.41,MB22120
KMT-2022-BLG-0018,BLG02N0808.057134,17:54:43.73,-29:05:51.68,9658.75134,39.15,0.197,20.6,19.54,19.54,1,1.95,
KMT-2022-BLG-0019,BLG02T0104.023593,17:54:11.52,-29:40:30.50,9679.48946,66.67,0.01,19.7,18.32,18.32,1,1.43,MB22115
KMT-2022-BLG-0020,BLG02T0208.005676,17:53:25.17,-29:05:13.70,9653.35843,13.37,0.027,16.43,16.41,16.41,1,2.27,MB22051
KMT-2022-BLG-0021,SAO02T0602.047791,17:50:56.13,-29:50:58.81,9655.52832,66.37,0.158,20.63,20.0,20.11,1,3.28,
KMT-2022-BLG-0022,SAO03K0208.061591,18:00:53.32,-26:54:53.86,9648.72172,9.98,0.036,21.83,20.0,21.33,2,2.66,
KMT-2022-BLG-0023,BLG03K0706.020382,17:57:59.58,-27:10:54.62,9644.42213,199.98,0.008,23.6,20.0,20.21,2,3.15,
KMT-2022-BLG-0024,BLG03M0107.039225,18:06:31.65,-27:03:00.50,9676.67061,159.1,0.041,20.9,19.0,19.0,1,0.94,MB22114
KMT-2022-BLG-0025,BLG03N0504.038024,18:04:10.67,-28:31:09.91,9666.12053,16.64,0.492,19.65,18.83,18.83,1,1.02,
KMT-2022-BLG-0026,SAO03T0108.033723,18:01:32.48,-28:02:12.52,9638.25734,40.61,0.012,23.19,18.81,18.81,1,1.28,MB22047
KMT-2022-BLG-0027,BLG03T0207.013559,18:01:00.69,-28:10:18.59,9654.85544,9.02,0.211,19.23,18.01,18.01,1,1.36,MB22093
KMT-2022-BLG-0028,BLG04K0307.034359,18:02:05.57,-29:11:40.70,9663.85994,26.23,0.273,19.51,18.77,18.77,1,1.15,MB22121
KMT-2022-BLG-0029,BLG04M0104.016296,18:08:21.00,-29:36:10.19,9657.96613,25.87,0.013,23.23,18.56,18.56,1,0.82,
KMT-2022-BLG-0030,SSO04N0108.001816,18:08:29.77,-30:10:51.60,9664.35693,57.45,0.436,15.93,15.92,15.92,1,0.87,MB22010
KMT-2022-BLG-0031,BLG04T0306.050659,18:02:29.60,-30:25:09.80,9679.09866,38.82,0.172,19.52,19.34,19.34,1,0.94,MB22143
KMT-2022-BLG-0032,BLG04T0508.013643,18:01:06.18,-30:09:27.29,9658.70958,111.83,0.031,22.28,18.09,18.09,1,1.0,
KMT-2022-BLG-0033,BLG04T0608.001210,18:00:25.79,-30:11:19.61,9656.89031,35.67,0.725,15.12,15.14,15.14,1,1.02,
KMT-2022-BLG-0034,BLG11K0503.046279,17:24:41.87,-29:33:47.99,9661.13576,21.66,0.159,20.14,20.0,20.22,1,1.82,
KMT-2022-BLG-0035,BLG11K0708.034381,17:23:36.34,-28:55:26.00,9643.75214,8.37,0.005,23.07,20.0,20.67,2,1.98,
KMT-2022-BLG-0036,BLG11K0801.015932,17:22:46.56,-29:50:58.74,9673.6412,110.11,0.012,22.59,19.84,19.84,2,1.92,
KMT-2022-BLG-0037,BLG11M0201.010787,17:31:13.87,-29:52:31.76,9657.93693,15.77,0.628,19.21,19.23,19.23,2,2.45,
KMT-2022-BLG-0038,BLG11M0402.009591,17:30:07.83,-29:41:48.48,9665.13857,41.05,0.203,20.89,18.62,18.62,2,1.93,
KMT-2022-BLG-0039,BLG11N0103.000266,17:32:04.09,-30:43:06.74,9660.31263,114.16,0.035,20.66,15.32,15.32,2,2.66,
KMT-2022-BLG-0040,BLG11N0307.015081,17:30:47.12,-30:13:55.70,9717.09137,123.82,0.29,19.35,19.42,19.42,2,2.58,
KMT-2022-BLG-0041,BLG11N0404.000967,17:30:20.28,-30:38:04.56,9642.57136,4.11,0.705,17.86,16.8,16.8,2,3.45,
KMT-2022-BLG-0042,BLG11N0404.012516,17:30:08.18,-30:31:54.01,9673.23403,48.71,0.052,19.88,19.79,19.79,2,2.71,
KMT-2022-BLG-0043,BLG11N0406.005443,17:30:03.36,-30:17:19.61,9663.17964,199.23,0.038,22.91,18.12,18.12,2,2.49,
KMT-2022-BLG-0044,BLG11N0507.015107,17:29:57.65,-30:14:47.80,9670.23478,63.42,0.039,20.6,19.28,19.28,2,2.3,
KMT-2022-BLG-0045,BLG11N0607.087677,17:28:57.87,-30:15:22.82,9644.33233,25.06,0.078,21.09,20.0,21.75,2,2.42,
KMT-2022-BLG-0046,BLG11T0402.002761,17:25:21.47,-30:49:55.99,9691.64546,77.56,0.683,18.11,18.14,18.14,2,2.98,
KMT-2022-BLG-0047,BLG11T0407.050106,17:25:23.02,-30:11:43.33,9648.91372,25.82,0.098,21.8,20.0,20.97,2,2.09,
KMT-2022-BLG-0048,BLG12K0401.026697,17:25:24.79,-27:39:45.90,9637.59239,16.26,0.07,20.8,19.75,19.75,1,1.5,
KMT-2022-BLG-0049,BLG12M0407.001226,17:30:07.86,-26:53:41.21,9658.24253,32.07,0.221,17.66,17.72,17.72,2,3.25,
KMT-2022-BLG-0050,BLG12N0403.068536,17:30:25.07,-28:35:28.79,9642.96438,15.14,0.015,20.15,20.0,21.08,2,2.06,
KMT-2022-BLG-0051,BLG12T0401.001505,17:25:34.29,-28:49:19.92,9680.76752,62.29,0.477,16.94,16.94,16.94,2,2.03,
KMT-2022-BLG-0052,SSO13N0108.004464,17:39:39.95,-34:27:39.42,9700.87873,39.51,0.01,18.11,18.01,18.01,2,2.44,
KMT-2022-BLG-0053,BLG13N0201.005901,17:38:52.58,-35:23:48.73,9652.85065,71.59,0.257,18.97,18.37,18.37,2,2.02,
KMT-2022-BLG-0054,BLG13N0308.004307,17:38:30.40,-34:30:31.25,9699.70632,71.07,0.718,18.26,18.27,18.27,2,3.16,
KMT-2022-BLG-0055,BLG14K0401.065575,17:34:41.27,-28:43:36.98,9663.39254,45.5,0.253,21.34,20.0,21.75,2,3.26,
KMT-2022-BLG-0056,BLG14K0605.009396,17:33:23.50,-28:14:54.38,9659.81825,27.37,0.147,19.05,19.04,19.04,2,2.57,
KMT-2022-BLG-0057,BLG14K0802.059663,17:32:21.40,-28:36:45.86,9655.90063,34.66,0.049,21.21,20.0,21.77,2,3.31,
KMT-2022-BLG-0058,BLG14M0405.003846,17:39:31.71,-28:13:57.11,9675.70482,14.22,0.197,17.55,17.6,17.6,2,2.87,
KMT-2022-BLG-0059,BLG14M0405.007405,17:39:35.78,-28:16:05.63,9647.4438,43.32,0.006,21.13,18.12,18.12,2,3.0,
KMT-2022-BLG-0060,BLG14M0503.050154,17:39:05.72,-28:27:55.51,9650.32975,11.57,0.704,19.97,20.0,21.57,2,3.36,
KMT-2022-BLG-0061,BLG14M0605.000600,17:38:26.66,-28:15:44.17,9687.85894,28.61,0.516,16.68,16.62,16.62,4,3.73,
KMT-2022-BLG-0062,BLG14M0704.035582,17:37:56.29,-28:22:37.85,9649.17994,11.23,0.747,19.94,20.0,21.39,2,3.83,
KMT-2022-BLG-0063,BLG14N0606.073518,17:38:40.16,-29:13:47.46,9660.59345,38.83,0.098,22.7,20.0,22.66,2,4.28,
KMT-2022-BLG-0064,BLG14N0806.008046,17:37:18.24,-29:19:02.82,9638.87973,26.57,0.148,18.97,19.02,19.02,2,3.65,
KMT-2022-BLG-0065,BLG14N0808.002843,17:36:59.21,-29:03:17.86,9641.55777,39.0,0.064,22.77,17.68,17.68,2,3.08,
KMT-2022-BLG-0066,BLG14T0102.090988,17:36:39.26,-29:49:45.84,9640.40405,14.3,0.411,19.92,20.0,25.0,3,3.8,
KMT-2022-BLG-0067,SSO14T0203.026340,17:35:51.17,-29:42:01.94,9641.10318,10.45,0.019,20.22,20.0,20.4,2,3.13,
KMT-2022-BLG-0068,BLG14T0208.012254,17:35:57.60,-29:00:28.66,9681.0213,33.99,0.234,19.44,19.49,19.49,2,3.14,
KMT-2022-BLG-0069,BLG14T0403.000322,17:34:25.19,-29:39:42.52,9657.39909,39.71,0.139,15.52,15.4,15.4,2,2.85,
KMT-2022-BLG-0070,BLG14T0504.010070,17:33:52.86,-29:27:26.39,9658.12449,3.56,0.25,19.12,18.73,18.73,2,2.66,
KMT-2022-BLG-0071,BLG14T0607.004144,17:33:31.38,-29:06:45.18,9665.11556,18.17,0.486,19.73,18.09,18.09,2,3.09,
KMT-2022-BLG-0072,BLG14T0805.016389,17:32:16.61,-29:21:02.41,9652.22883,9.93,0.033,21.15,19.88,19.88,2,2.54,
KMT-2022-BLG-0073,BLG15M0305.083978,17:40:04.05,-26:12:27.11,9660.16517,14.66,0.051,21.87,20.0,21.77,2,2.59,
KMT-2022-BLG-0074,BLG15M0502.050160,17:38:45.24,-26:31:02.60,9642.48185,3.4,0.036,19.88,20.0,21.4,3,3.22,
KMT-2022-BLG-0075,BLG15M0805.058102,17:37:16.65,-26:12:39.56,9651.90413,22.61,0.296,20.64,20.0,21.72,2,3.25,
KMT-2022-BLG-0076,BLG15N0102.024878,17:41:15.97,-27:39:50.54,9657.30602,17.78,0.185,20.8,20.0,20.38,2,3.42,
KMT-2022-BLG-0077,BLG15N0202.008568,17:40:46.07,-27:35:45.31,9663.72374,28.74,0.469,18.88,18.95,18.95,2,3.29,
KMT-2022-BLG-0078,BLG15N0504.039957,17:39:01.60,-27:24:25.06,9643.4326,7.24,0.101,21.02,20.0,20.3,2,2.31,
KMT-2022-BLG-0079,BLG15N0601.098339,17:38:34.80,-27:44:42.00,9647.85346,13.63,0.218,19.92,20.0,21.91,2,2.77,
KMT-2022-BLG-0080,BLG15N0804.008296,17:37:23.08,-27:24:27.18,9662.17228,6.1,0.794,19.41,19.1,19.1,2,3.06,
KMT-2022-BLG-0081,BLG15T0202.069166,17:35:46.05,-27:37:19.16,9669.43196,97.42,0.218,19.9,20.0,21.57,2,2.84,MB22132
KMT-2022-BLG-0082,BLG15T0206.034870,17:35:48.92,-27:07:25.90,9653.39796,48.81,0.049,20.92,19.75,19.75,1,2.29,MB22088
KMT-2022-BLG-0083,BLG15T0303.001104,17:35:07.72,-27:35:36.10,9686.66209,77.12,0.833,16.51,16.59,16.59,2,2.6,MB22021
KMT-2022-BLG-0084,BLG15T0505.004097,17:34:04.79,-27:20:11.72,9692.61901,40.74,0.8,18.11,18.13,18.13,2,3.15,
KMT-2022-BLG-0085,BLG15T0505.009502,17:34:04.80,-27:12:58.82,9659.75486,23.68,0.374,19.55,19.43,19.43,2,2.99,
KMT-2022-BLG-0086,BLG15T0506.051774,17:33:57.68,-27:06:02.52,9666.8772,11.33,0.206,20.01,20.0,21.17,2,2.84,MB22130
KMT-2022-BLG-0087,BLG15T0701.028092,17:32:52.26,-27:45:57.49,9658.6626,14.63,0.379,19.98,20.0,20.64,2,2.53,
KMT-2022-BLG-0088,BLG16M0105.010040,17:41:25.37,-23:59:39.19,9660.55378,30.79,0.755,19.73,18.77,18.77,1,1.99,
KMT-2022-BLG-0089,BLG16M0406.025306,17:39:46.65,-23:55:42.02,9646.30784,83.2,0.151,20.86,20.0,20.11,2,1.97,
KMT-2022-BLG-0090,BLG16N0105.022858,17:41:21.84,-25:07:59.70,9667.87553,30.39,0.184,20.39,19.78,19.78,1,2.67,
KMT-2022-BLG-0091,BLG16N0208.022064,17:40:44.14,-24:46:30.61,9641.62926,28.96,0.105,21.54,19.77,19.77,1,2.62,
KMT-2022-BLG-0092,BLG16N0604.011850,17:38:26.81,-25:19:28.42,9642.05004,91.84,0.019,23.8,20.0,21.07,2,3.98,
KMT-2022-BLG-0093,BLG17K0601.002755,17:41:16.39,-33:10:36.66,9644.99387,46.66,0.32,18.12,18.17,18.17,2,3.27,
KMT-2022-BLG-0094,BLG17N0306.001871,17:47:51.95,-33:36:23.80,9690.49107,36.21,0.645,16.05,16.01,16.01,1,1.63,MB22059
KMT-2022-BLG-0095,BLG17N0502.058167,17:47:09.94,-34:10:53.69,9644.90943,35.26,0.036,20.1,20.0,20.21,1,1.72,MB22061
KMT-2022-BLG-0096,BLG17N0804.003431,17:45:14.15,-33:56:25.51,9695.21454,44.53,0.07,16.77,16.53,16.53,1,1.86,MB22065
KMT-2022-BLG-0097,BLG18K0702.062904,17:42:13.83,-26:27:05.15,9660.49156,14.6,0.296,21.29,20.0,21.4,2,2.92,
KMT-2022-BLG-0098,BLG19K0303.008733,17:44:36.09,-24:17:25.40,9648.28674,47.76,0.021,22.61,18.14,18.14,1,1.84,
KMT-2022-BLG-0099,BLG19M0406.043685,17:48:24.79,-23:52:48.65,9645.32518,40.78,0.075,19.77,20.0,20.55,2,2.36,
KMT-2022-BLG-0100,BLG19N0206.010971,17:49:36.32,-25:00:33.80,9653.45099,23.96,0.581,19.8,20.0,20.26,2,3.93,
KMT-2022-BLG-0101,SSO19N0207.040941,17:49:46.27,-24:53:55.21,9640.78385,11.02,0.002,23.27,20.0,22.16,3,4.15,
KMT-2022-BLG-0102,BLG19N0802.001483,17:46:28.22,-25:34:27.05,9666.97871,46.7,0.298,17.31,17.02,17.02,4,2.83,
KMT-2022-BLG-0103,BLG19T0408.044455,17:43:57.92,-24:46:18.55,9657.49599,6.32,0.685,19.65,20.0,21.01,2,2.58,
KMT-2022-BLG-0104,BLG20N0105.000386,17:50:25.53,-23:02:34.37,9662.53544,24.27,0.264,19.02,15.2,15.2,4,2.1,
KMT-2022-BLG-0105,BLG20T0806.038618,17:41:55.69,-22:55:16.75,9663.75841,94.3,0.012,20.68,20.0,20.58,2,1.63,
KMT-2022-BLG-0106,SAO21K0706.013829,17:50:05.10,-34:38:58.81,9654.69837,14.92,0.568,18.49,18.48,18.48,1,1.01,MB22080
KMT-2022-BLG-0107,BLG21M0305.020187,17:57:39.56,-34:44:55.39,9651.97351,59.02,0.069,21.3,18.89,18.89,1,0.71,
KMT-2022-BLG-0108,SAO21M0408.008596,17:57:00.39,-34:24:12.71,9651.15049,44.36,0.004,18.55,18.04,18.04,1,0.69,MB22055
KMT-2022-BLG-0109,BLG21M0708.024243,17:55:17.70,-34:20:17.20,9679.28392,34.06,0.169,18.91,18.96,18.96,1,0.84,MB22123
KMT-2022-BLG-0110,BLG21N0603.007953,17:56:20.42,-36:08:07.51,9640.92855,22.6,0.065,19.56,18.5,18.5,1,0.82,
KMT-2022-BLG-0111,BLG22K0107.038703,17:54:12.44,-32:22:14.20,9664.8556,45.99,0.082,19.68,19.47,19.47,1,1.65,MB22096
KMT-2022-BLG-0112,BLG22K0402.008449,17:52:06.18,-33:02:24.79,9661.92495,55.27,0.049,21.58,18.15,18.15,1,1.71,
KMT-2022-BLG-0113,BLG22K0504.030167,17:51:25.09,-32:44:41.32,9659.49077,18.57,0.302,20.15,19.45,19.45,1,1.73,
KMT-2022-BLG-0114,BLG22M0607.031584,17:55:46.13,-32:20:29.18,9657.6984,27.38,0.038,19.56,19.62,19.62,1,1.67,MB22091
KMT-2022-BLG-0115,BLG22M0708.037148,17:55:14.31,-32:13:21.11,9670.97394,32.41,0.087,19.64,19.73,19.73,1,1.66,
KMT-2022-BLG-0116,BLG22N0408.008653,17:56:59.17,-33:19:42.31,9651.96604,21.04,0.214,19.61,18.19,18.19,1,1.11,MB22089
KMT-2022-BLG-0117,BLG22T0806.013939,17:49:52.87,-33:37:49.58,9652.02467,8.42,0.122,19.58,19.09,19.09,2,1.67,MB22087
KMT-2022-BLG-0118,SAO31K0406.007385,18:11:30.16,-25:03:11.09,9658.92519,163.57,0.079,19.31,18.43,18.43,1,1.88,MB22033
KMT-2022-BLG-0119,BLG31K0505.002494,18:10:39.88,-25:11:02.18,9671.6236,42.36,0.079,16.57,16.59,16.59,1,1.79,MB22024
KMT-2022-BLG-0120,BLG31M0505.029366,18:15:38.43,-25:12:56.70,9658.77315,8.3,0.185,20.53,19.41,19.41,1,1.16,
KMT-2022-BLG-0121,BLG32K0601.020547,18:07:48.50,-27:46:28.99,9665.76149,20.94,0.637,18.4,18.46,18.46,1,0.98,MB22113
KMT-2022-BLG-0122,BLG32M0204.050891,18:14:48.70,-27:26:58.88,9644.92302,52.83,0.057,20.66,19.84,19.84,1,0.6,
KMT-2022-BLG-0123,SAO32M0408.033161,18:13:45.09,-26:59:25.19,9655.56542,16.36,0.024,20.87,19.16,19.16,1,0.8,MB22095
KMT-2022-BLG-0124,BLG32N0208.034200,18:15:12.37,-28:06:22.21,9645.33711,12.42,0.405,19.21,19.18,19.18,1,0.63,
KMT-2022-BLG-0125,SSO32N0808.001449,18:11:53.23,-28:02:53.48,9666.00106,7.53,0.261,15.22,15.23,15.23,1,0.67,MB22094
KMT-2022-BLG-0126,SSO32T0105.000322,18:10:54.88,-28:24:42.59,9674.10038,53.59,0.138,16.05,14.15,14.15,1,0.88,
KMT-2022-BLG-0127,BLG33K0505.012662,18:10:18.65,-29:28:36.52,9654.759,31.07,0.219,18.59,18.23,18.23,1,0.68,MB22068
KMT-2022-BLG-0128,BLG33M0601.012183,18:14:46.39,-29:54:54.90,9661.92688,47.37,0.052,22.08,18.76,18.76,2,0.47,
KMT-2022-BLG-0129,BLG33T0308.022604,18:11:23.41,-30:09:20.20,9659.08118,28.45,0.266,18.95,18.99,18.99,1,0.62,
KMT-2022-BLG-0130,SSO34M0203.024363,18:08:07.38,-31:47:10.79,9653.95829,70.16,0.025,23.11,19.33,19.33,1,0.75,
KMT-2022-BLG-0131,SAO34N0508.010410,18:06:28.92,-32:13:13.40,9663.4326,77.71,0.042,18.62,18.53,18.53,1,0.8,
KMT-2022-BLG-0132,BLG34T0402.018847,18:01:30.91,-33:00:27.50,9658.72007,27.43,0.55,19.14,19.05,19.05,1,1.11,
KMT-2022-BLG-0133,BLG34T0803.032784,17:59:30.69,-32:58:09.80,9658.08408,14.13,0.304,19.58,19.53,19.53,1,1.13,
KMT-2022-BLG-0134,SAO35N0308.015392,18:07:48.09,-25:53:57.19,9647.4562,17.93,0.077,20.28,18.56,18.56,1,1.46,MB22076
KMT-2022-BLG-0135,SAO35N0403.071056,18:06:54.87,-26:38:05.39,9684.07854,199.99,0.059,18.69,20.0,20.0,1,1.13,MB22060
KMT-2022-BLG-0136,BLG36K0307.005535,18:14:33.25,-22:48:44.42,9649.6487,20.09,0.356,18.72,18.77,18.77,4,2.05,
KMT-2022-BLG-0137,BLG36K0503.011836,18:13:10.05,-23:23:55.97,9642.95381,35.82,0.064,20.41,19.76,19.76,4,2.23,
KMT-2022-BLG-0138,BLG37M0107.009926,17:49:10.53,-34:29:42.29,9670.79076,27.49,0.062,19.86,18.21,18.21,1,1.28,MB22125
KMT-2022-BLG-0139,BLG37M0207.006862,17:48:47.20,-34:28:28.99,9678.14093,24.38,0.174,17.84,17.75,17.75,1,1.22,MB22106
KMT-2022-BLG-0140,BLG37M0508.018526,17:46:39.03,-34:22:18.30,9656.71729,184.47,0.092,21.15,18.93,18.93,1,1.55,MB22126
KMT-2022-BLG-0141,BLG37M0608.067049,17:46:00.05,-34:24:41.00,9656.68337,44.95,0.023,22.56,20.0,20.42,1,1.63,
KMT-2022-BLG-0142,BLG37N0102.025804,17:49:13.10,-36:15:12.71,9638.63904,17.78,0.484,19.38,19.46,19.46,1,1.01,
KMT-2022-BLG-0143,BLG37N0502.029561,17:47:09.33,-36:11:51.29,9681.98741,121.27,0.079,20.46,19.73,19.73,1,1.06,
KMT-2022-BLG-0144,BLG37T0605.000224,17:40:57.74,-35:55:12.94,9705.13288,84.54,0.892,15.07,15.38,15.38,2,2.22,
KMT-2022-BLG-0145,BLG38M0704.003036,17:55:49.78,-22:00:14.62,9652.74377,99.64,0.052,18.12,17.61,17.61,4,2.86,
KMT-2022-BLG-0146,SSO38N0304.003488,17:58:17.87,-23:10:23.88,9669.48278,52.16,0.536,18.45,18.46,18.46,4,5.32,
KMT-2022-BLG-0147,BLG41K0703.038911,17:49:59.51,-30:49:27.70,9663.87866,20.77,0.054,21.07,20.0,20.16,1,2.66,
KMT-2022-BLG-0148,SAO41K0705.005592,17:49:56.31,-30:39:24.70,9649.73291,17.73,0.38,17.09,17.17,17.17,1,2.74,
KMT-2022-BLG-0149,SAO41K0706.030322,17:50:02.40,-30:33:29.02,9648.02547,15.17,0.056,19.46,19.54,19.54,1,2.59,
KMT-2022-BLG-0150,BLG41K0706.042915,17:50:01.46,-30:32:37.00,9669.3621,37.81,0.026,20.9,19.95,19.95,1,2.77,
KMT-2022-BLG-0151,SAO41M0502.026932,17:56:37.07,-30:58:55.70,9648.41559,17.86,0.107,19.59,18.82,18.82,1,1.28,MB22074
KMT-2022-BLG-0152,BLG41M0806.002267,17:54:18.49,-30:30:59.18,9656.34418,31.63,0.025,20.95,16.2,16.2,1,1.53,MB22092
KMT-2022-BLG-0153,BLG41N0507.032497,17:56:16.66,-31:31:30.29,9656.93598,7.75,0.233,20.11,19.22,19.22,1,1.56,
KMT-2022-BLG-0154,BLG41N0803.065219,17:54:38.87,-32:03:56.99,9664.86842,21.74,0.186,19.61,20.0,20.2,1,1.67,
KMT-2022-BLG-0155,SSO41T0303.047734,17:52:44.58,-32:04:05.59,9641.76788,103.32,0.04,19.88,19.87,19.87,1,1.87,MB22017
KMT-2022-BLG-0156,BLG42K0101.079777,17:53:56.92,-29:03:45.90,9638.55876,15.98,0.021,20.86,19.84,19.84,1,1.7,
KMT-2022-BLG-0157,BLG42K0102.090959,17:53:42.01,-28:55:39.86,9650.23053,10.45,0.035,20.44,20.0,21.16,2,2.22,
KMT-2022-BLG-0158,BLG42K0107.008303,17:53:57.06,-28:17:34.12,9652.6589,11.45,0.546,18.12,18.18,18.18,2,2.96,
KMT-2022-BLG-0159,BLG42M0304.019122,17:57:09.50,-28:37:29.10,9656.75258,18.29,0.41,18.48,18.52,18.52,1,1.91,
KMT-2022-BLG-0160,SAO42M0804.005791,17:54:48.24,-28:40:16.07,9650.1289,48.95,0.212,17.0,16.97,16.97,2,2.1,MB22016
KMT-2022-BLG-0161,BLG42N0508.069654,17:56:22.99,-29:14:52.30,9663.26945,15.38,0.011,20.32,19.86,19.86,1,1.93,MB22109
KMT-2022-BLG-0162,SAO42T0201.015582,17:53:02.34,-30:11:48.37,9660.76745,9.0,0.144,19.61,18.14,18.14,2,1.53,MB22102
KMT-2022-BLG-0163,BLG42T0303.029524,17:52:37.56,-29:50:22.70,9656.65843,15.33,0.402,18.88,18.9,18.9,1,2.02,
KMT-2022-BLG-0164,SAO42T0702.019001,17:50:10.98,-29:57:20.20,9656.79095,0.51,0.203,19.36,19.4,19.4,1,3.62,
KMT-2022-BLG-0165,SAO42T0804.000857,17:49:44.98,-29:42:23.29,9681.06127,72.13,0.762,16.06,16.11,16.11,1,3.48,
KMT-2022-BLG-0166,BLG43K0301.051749,18:00:02.56,-27:55:45.19,9666.84727,30.28,0.171,20.71,19.54,19.54,1,1.63,
KMT-2022-BLG-0167,BLG43M0301.055118,18:04:57.65,-27:57:27.00,9658.74364,199.84,0.005,24.57,19.34,19.34,1,1.02,
KMT-2022-BLG-0168,BLG43N0108.002581,18:06:04.78,-28:10:18.91,9671.64936,10.76,0.859,15.67,15.67,15.67,1,1.05,MB22099
KMT-2022-BLG-0169,BLG43N0408.010239,18:04:31.69,-28:13:07.50,9705.33164,44.65,0.4,17.61,17.62,17.62,1,0.9,MB22112
KMT-2022-BLG-0170,SAO43T0101.013563,18:01:35.57,-29:01:31.58,9663.08349,9.43,0.375,18.72,17.98,17.98,1,1.34,MB22103
KMT-2022-BLG-0171,BLG01M0106.002934,17:58:56.22,-30:25:13.01,9677.61888,13.21,0.314,17.34,16.44,16.44,1,1.83,MB22124
KMT-2022-BLG-0172,BLG03N0504.040340,18:04:07.99,-28:30:07.20,9666.54775,27.29,0.122,21.09,18.89,18.89,1,0.99,
KMT-2022-BLG-0173,BLG04K0806.045077,17:59:21.81,-29:19:04.12,9660.34859,25.85,0.041,22.72,18.98,18.98,1,1.16,
KMT-2022-BLG-0174,BLG15K0303.028443,17:35:25.99,-26:21:39.35,9658.9181,93.36,0.058,23.22,20.0,21.0,2,3.1,
KMT-2022-BLG-0175,SAO15T0503.003207,17:34:21.67,-27:31:15.74,9671.48538,20.06,0.597,18.49,18.44,18.44,2,3.46,MB22131
KMT-2022-BLG-0176,BLG16N0301.047267,17:40:26.03,-25:37:23.02,9660.18415,14.23,0.163,21.39,20.0,21.21,2,2.6,
KMT-2022-BLG-0177,SSO17K0805.074912,17:40:04.36,-32:37:31.26,9661.89427,16.35,0.002,23.2,20.0,25.0,3,4.57,
KMT-2022-BLG-0178,SAO31K0305.022140,18:12:14.54,-25:14:20.90,9663.13343,57.13,0.021,20.33,19.31,19.31,1,1.68,MB22100
KMT-2022-BLG-0179,BLG32K0404.039950,18:09:13.58,-27:30:20.99,9659.7347,199.05,0.021,23.14,19.09,19.09,1,0.9,
KMT-2022-BLG-0180,BLG32N0204.018873,18:15:14.10,-28:29:54.49,9671.67478,40.24,0.181,18.61,18.54,18.54,1,0.45,
KMT-2022-BLG-0181,BLG43T0506.059721,17:59:15.26,-28:27:50.18,9661.70422,6.01,0.131,19.51,19.24,19.24,1,1.34,MB22105
KMT-2022-BLG-0182,BLG01N0607.001726,17:55:58.07,-31:23:14.10,9675.14388,12.03,0.895,17.38,15.77,15.77,1,1.58,MB22133
KMT-2022-BLG-0183,BLG02M0607.005564,17:55:52.06,-28:08:04.52,9711.31156,45.88,0.233,17.83,17.73,17.73,2,2.8,MB22167
KMT-2022-BLG-0184,BLG02M0701.023768,17:55:11.25,-28:51:31.43,9663.16491,59.09,0.01,23.27,18.98,18.98,2,1.93,
KMT-2022-BLG-0185,BLG12N0405.007609,17:30:28.99,-28:18:11.27,9663.00234,16.71,0.2,21.16,18.78,18.78,2,2.27,
KMT-2022-BLG-0186,BLG22T0608.071136,17:50:53.84,-33:21:07.24,9671.44063,37.82,0.292,20.33,20.0,21.01,2,1.65,
KMT-2022-BLG-0187,BLG31K0706.013190,18:09:42.14,-25:03:58.79,9675.69593,27.81,0.175,19.38,18.88,18.88,1,1.77,MB22140
KMT-2022-BLG-0188,BLG35M0501.020463,18:06:42.90,-25:41:09.06,9661.84935,32.49,0.293,19.57,19.61,19.61,3,2.02,
KMT-2022-BLG-0189,BLG42N0404.050119,17:57:01.66,-29:47:44.48,9665.08285,45.86,0.174,20.92,19.46,19.46,1,1.76,
KMT-2022-BLG-0190,BLG03M0402.027843,18:04:48.50,-27:45:04.79,9670.27317,20.84,0.291,19.51,18.66,18.66,1,0.97,MB22129
KMT-2022-BLG-0191,BLG17T0601.027081,17:41:01.16,-34:14:20.00,9662.78623,158.36,0.002,23.66,19.92,19.92,2,2.0,
KMT-2022-BLG-0192,BLG01T0107.031645,17:54:06.21,-31:23:54.31,9674.13512,27.0,0.022,20.07,19.39,19.39,1,1.71,MB22141
KMT-2022-BLG-0193,BLG01T0107.081713,17:54:08.30,-31:19:47.50,9665.34578,19.79,0.096,21.38,20.0,20.74,1,1.8,
KMT-2022-BLG-0194,BLG02M0701.064883,17:55:23.80,-28:53:52.91,9676.86621,21.57,0.489,19.41,20.0,20.21,2,2.02,
KMT-2022-BLG-0195,BLG04T0705.010048,18:00:00.39,-30:33:27.22,9671.92708,18.93,0.833,18.1,17.96,17.96,1,1.32,
KMT-2022-BLG-0196,BLG11K0506.003672,17:24:37.80,-29:13:01.81,9670.04247,57.17,0.183,20.67,16.96,16.96,1,1.49,
KMT-2022-BLG-0197,BLG13M0801.004926,17:35:03.88,-34:16:43.64,9667.11465,48.65,0.08,21.98,18.43,18.43,2,3.31,
KMT-2022-BLG-0198,BLG14T0203.035090,17:35:46.19,-29:41:48.12,9668.72317,20.06,0.11,21.32,20.0,20.7,2,3.04,
KMT-2022-BLG-0199,BLG15M0107.009476,17:40:55.55,-25:56:15.90,9676.03863,29.76,1.0,19.41,19.31,19.31,2,2.93,
KMT-2022-BLG-0200,BLG15N0102.012896,17:41:04.39,-27:39:13.00,9691.40327,36.16,0.291,19.43,19.47,19.47,2,3.16,
KMT-2022-BLG-0201,BLG15N0406.006894,17:39:39.60,-27:11:56.29,9680.80483,67.48,0.808,18.34,18.31,18.31,2,2.76,
KMT-2022-BLG-0202,BLG18K0507.078032,17:43:26.38,-25:53:23.60,9665.60256,12.12,0.133,21.24,20.0,21.71,2,2.8,
KMT-2022-BLG-0203,BLG18M0804.059089,17:46:27.64,-26:13:09.44,9664.73342,12.42,0.148,20.11,20.0,21.78,2,3.35,
KMT-2022-BLG-0204,SAO20K0304.002029,17:44:36.78,-22:03:51.98,9691.85627,22.12,0.801,16.85,16.8,16.8,4,1.79,
KMT-2022-BLG-0205,BLG37T0305.002411,17:42:50.86,-35:49:43.10,9688.54453,22.49,0.904,17.65,17.23,17.23,2,1.83,
KMT-2022-BLG-0206,BLG42K0107.045763,17:53:49.63,-28:13:44.33,9706.49124,49.78,0.832,19.43,20.0,20.85,2,2.97,
KMT-2022-BLG-0207,BLG42M0804.008753,17:54:18.14,-28:41:19.75,9667.48261,5.21,0.975,17.25,17.5,17.5,3,2.14,
KMT-2022-BLG-0208,BLG42T0607.013775,17:50:46.85,-29:19:52.61,9719.42602,68.26,0.136,18.72,18.67,18.67,1,3.83,
KMT-2022-BLG-0209,BLG43K0104.070264,18:01:20.43,-27:36:34.09,9674.54792,20.31,0.228,20.02,19.75,19.75,1,1.39,MB22152
KMT-2022-BLG-0210,BLG43K0405.065014,17:59:43.10,-27:28:42.38,9666.93245,7.63,0.384,19.95,20.0,20.18,1,1.98,
KMT-2022-BLG-0211,BLG02M0406.071997,17:57:02.03,-28:16:51.31,9673.9871,25.82,0.038,19.74,19.85,19.85,1,1.91,MB22151
KMT-2022-BLG-0212,BLG02N0406.077660,17:57:16.76,-29:20:53.20,9666.91487,12.03,0.067,21.43,20.0,20.04,1,1.89,
KMT-2022-BLG-0213,BLG04M0804.015598,18:04:22.93,-29:31:40.40,9666.86937,26.21,0.078,21.26,18.38,18.38,1,1.0,MB22127
KMT-2022-BLG-0214,SAO04N0502.011509,18:06:02.62,-30:54:20.30,9670.08319,6.88,0.827,18.67,18.57,18.57,1,1.09,
KMT-2022-BLG-0215,BLG12K0406.001535,17:25:26.30,-27:08:43.26,9665.25044,8.98,0.071,21.83,17.58,17.58,2,2.1,
KMT-2022-BLG-0216,BLG14M0502.069436,17:38:50.60,-28:38:08.12,9666.49858,4.55,0.082,21.81,20.0,22.27,2,3.66,
KMT-2022-BLG-0217,BLG16N0605.015380,17:38:33.69,-25:07:19.78,9670.73582,25.34,0.096,21.89,20.0,20.91,2,3.11,
KMT-2022-BLG-0218,BLG16N0806.013260,17:37:31.25,-25:00:01.04,9667.4909,11.78,0.495,20.83,20.0,20.27,2,3.0,
KMT-2022-BLG-0219,BLG17M0401.033473,17:47:47.10,-33:04:17.69,9679.30179,41.0,0.163,20.73,20.0,20.73,2,2.61,
KMT-2022-BLG-0220,BLG17M0801.043080,17:45:19.42,-33:11:21.52,9669.4353,15.45,0.421,20.53,20.0,21.05,2,2.71,
KMT-2022-BLG-0221,BLG19M0505.018174,17:47:56.58,-23:59:19.79,9666.43492,23.82,0.105,21.77,19.71,19.71,2,2.44,
KMT-2022-BLG-0222,BLG19M0706.006307,17:47:11.56,-23:51:11.70,9672.19438,12.48,0.012,18.17,18.11,18.11,1,2.3,
KMT-2022-BLG-0223,SAO21M0608.000253,17:56:03.61,-34:21:45.00,9672.98437,22.0,0.8,15.89,14.0,14.0,1,0.8,
KMT-2022-BLG-0224,BLG22M0405.016419,17:57:22.99,-32:37:54.41,9672.2833,35.81,0.159,20.33,18.83,18.83,1,1.38,
KMT-2022-BLG-0225,BLG35N0501.068819,18:06:45.80,-26:49:34.21,9665.34813,7.23,0.002,19.98,19.8,19.8,1,0.94,MB22111
KMT-2022-BLG-0226,BLG37K0407.007560,17:42:11.50,-34:29:16.80,9683.00983,24.99,0.321,18.04,18.18,18.18,2,1.68,
KMT-2022-BLG-0227,BLG37M0302.006354,17:47:59.81,-35:09:54.68,9739.13967,76.83,0.05,18.3,17.61,17.61,1,0.99,
KMT-2022-BLG-0228,SAO42T0105.040378,17:53:41.67,-29:37:41.02,9667.11048,197.68,0.002,24.91,18.92,18.92,1,1.71,MB22134
KMT-2022-BLG-0229,BLG42T0404.085710,17:52:03.26,-29:48:10.40,9667.25229,4.05,0.646,20.0,20.0,20.74,1,2.44,
KMT-2022-BLG-0230,SAO43K0302.050670,18:00:15.06,-27:49:03.11,9666.4931,20.38,0.007,24.0,19.51,19.51,1,1.7,
KMT-2022-BLG-0231,BLG43T0401.020949,17:59:48.00,-29:07:19.20,9671.14195,7.04,0.507,18.42,18.07,18.07,1,1.04,
KMT-2022-BLG-0232,BLG01N0407.049936,17:56:55.19,-31:25:16.28,9668.7326,3.17,0.214,19.73,19.76,19.76,1,1.36,MB22137
KMT-2022-BLG-0233,BLG02K0202.006082,17:53:29.47,-28:44:19.14,9669.54483,5.02,0.096,19.03,17.29,17.29,2,2.29,
KMT-2022-BLG-0234,BLG02T0304.035824,17:52:57.76,-29:38:51.68,9670.10175,6.33,0.356,19.08,18.99,18.99,1,2.04,MB22136
KMT-2022-BLG-0235,BLG02T0505.045703,17:51:31.74,-29:30:27.79,9671.78064,26.09,0.261,21.08,19.8,19.8,1,2.73,
KMT-2022-BLG-0236,BLG03K0605.050452,17:58:36.81,-27:17:50.14,9671.5431,52.0,0.511,19.91,20.0,20.0,2,2.47,
KMT-2022-BLG-0237,BLG04M0208.000808,18:07:52.63,-29:04:16.82,9708.65245,28.6,0.101,14.84,14.84,14.84,2,0.71,
KMT-2022-BLG-0238,BLG14T0706.062326,17:32:52.58,-29:19:16.18,9674.89443,42.05,0.122,21.46,20.0,21.36,2,2.89,
KMT-2022-BLG-0239,BLG15M0103.017287,17:40:56.97,-26:28:12.94,9677.41228,31.77,0.248,19.58,20.0,20.34,2,2.97,
KMT-2022-BLG-0240,BLG17K0102.001048,17:44:03.58,-32:57:13.03,9804.73781,199.82,0.993,16.76,16.57,16.57,4,3.58,
KMT-2022-BLG-0241,BLG18K0708.012566,17:42:13.53,-25:46:21.50,9682.84934,26.86,0.159,19.59,19.55,19.55,2,2.87,
KMT-2022-BLG-0242,BLG19M0707.055832,17:46:50.82,-23:45:55.01,9669.04981,4.75,0.48,19.94,20.0,20.6,1,2.19,
KMT-2022-BLG-0243,BLG33T0802.045470,18:08:41.55,-30:55:18.30,9667.62584,17.59,0.251,20.05,20.0,20.09,1,0.62,
KMT-2022-BLG-0244,BLG38K0602.019170,17:51:54.23,-22:18:10.51,9668.24203,24.97,0.274,19.75,19.21,19.21,1,1.77,
KMT-2022-BLG-0245,SSO38N0208.000013,17:58:46.40,-22:40:51.13,9825.87171,14.0,1.0,15.17,13.56,13.56,4,6.24,
KMT-2022-BLG-0246,BLG41K0102.052837,17:53:46.74,-31:02:37.90,9667.29821,14.18,0.045,21.94,19.74,19.74,1,1.99,
KMT-2022-BLG-0247,BLG13N0606.020148,17:36:41.67,-34:43:16.07,9667.90225,24.15,0.052,21.72,20.0,20.82,2,3.35,
KMT-2022-BLG-0248,BLG16M0206.037580,17:40:40.17,-23:56:31.31,9690.04908,47.36,0.286,19.6,20.0,20.41,2,1.83,
KMT-2022-BLG-0249,BLG17N0405.034397,17:47:40.21,-33:41:10.00,9678.17137,29.87,0.202,21.24,20.0,20.15,1,1.86,
KMT-2022-BLG-0250,BLG33T0604.058836,18:09:51.51,-30:37:05.92,9669.28085,12.14,0.601,19.92,20.0,20.51,1,0.73,
KMT-2022-BLG-0251,BLG35N0803.008551,18:04:38.68,-26:31:54.08,9726.85315,91.44,0.068,18.39,18.36,18.36,2,2.49,MB22168
KMT-2022-BLG-0252,BLG42N0808.099186,17:54:28.24,-29:14:39.70,9675.42362,15.33,0.223,19.95,20.0,20.32,1,1.7,
KMT-2022-BLG-0253,BLG01K0501.060648,17:51:41.19,-31:01:06.10,9671.1382,11.87,0.036,21.08,20.0,20.4,1,2.29,MB22139
KMT-2022-BLG-0254,BLG01K0601.013747,17:51:00.62,-30:57:15.44,9670.62349,15.69,0.067,22.39,19.37,19.37,2,3.14,
KMT-2022-BLG-0255,BLG01N0402.060239,17:57:07.15,-31:57:16.49,9674.57255,197.04,0.02,23.3,20.0,20.26,1,1.52,
KMT-2022-BLG-0256,BLG01T0302.011937,17:52:55.47,-31:57:18.40,9846.75671,48.19,0.992,19.18,18.53,18.53,1,1.99,
KMT-2022-BLG-0257,BLG01T0701.005315,17:50:33.40,-32:06:38.66,9675.68757,26.8,0.164,21.11,19.51,19.51,2,3.64,
KMT-2022-BLG-0258,BLG02M0308.004347,17:57:54.50,-28:02:02.00,9670.01452,16.03,0.051,21.54,16.92,16.92,1,2.58,
KMT-2022-BLG-0259,BLG03T0504.072117,17:59:22.22,-28:34:22.51,9674.82402,34.29,0.099,18.61,19.53,19.53,1,1.3,MB22138
KMT-2022-BLG-0260,BLG12M0201.037757,17:31:23.61,-27:39:48.64,9673.05804,17.49,0.066,19.75,20.0,20.6,2,2.23,
KMT-2022-BLG-0261,BLG12M0502.035602,17:29:40.73,-27:38:50.60,9672.01638,19.81,0.066,21.39,20.0,21.1,2,2.51,
KMT-2022-BLG-0262,BLG15T0106.005957,17:36:22.69,-27:12:54.22,9674.9855,52.37,0.059,22.29,17.7,17.7,1,2.31,
KMT-2022-BLG-0263,BLG16M0506.075405,17:39:05.93,-23:57:46.87,9674.4085,86.4,0.111,21.99,20.0,21.55,2,1.65,
KMT-2022-BLG-0264,BLG17T0603.049388,17:41:20.02,-34:00:40.25,9684.03634,26.78,0.141,20.39,20.0,21.08,2,2.51,
KMT-2022-BLG-0265,BLG18K0706.014268,17:42:19.74,-26:02:01.36,9680.96198,47.37,0.373,21.03,19.82,19.82,2,2.83,
KMT-2022-BLG-0266,BLG36N0307.033710,18:19:00.86,-23:59:05.89,9669.32899,32.94,0.053,20.21,19.58,19.58,1,0.75,
KMT-2022-BLG-0267,BLG38T0803.011006,17:51:01.09,-23:18:12.13,9676.60785,84.21,0.255,19.45,19.05,19.05,4,2.43,
KMT-2022-BLG-0268,BLG41T0407.008670,17:51:57.17,-31:30:02.30,9702.96057,52.4,0.697,18.63,18.62,18.62,1,2.69,
KMT-2022-BLG-0269,BLG01M0303.042437,17:57:37.51,-30:44:47.29,9683.92269,17.01,0.129,19.9,19.52,19.52,1,1.62,MB22173
KMT-2022-BLG-0270,BLG02T0105.017328,17:53:59.85,-29:29:06.61,9681.64791,21.28,0.676,18.09,18.07,18.07,1,1.75,MB22142
KMT-2022-BLG-0271,BLG03N0807.009773,18:02:20.99,-28:13:19.81,9674.63835,199.87,0.012,24.28,17.37,17.37,1,0.96,
KMT-2022-BLG-0272,BLG03T0107.006033,18:01:27.81,-28:12:51.98,9686.97367,47.55,0.027,20.21,16.97,16.97,1,1.48,MB22160
KMT-2022-BLG-0273,SSO03T0303.011423,18:00:21.47,-28:44:12.01,9674.79478,2.51,0.462,17.37,17.43,17.43,1,1.07,MB22150
KMT-2022-BLG-0274,BLG04K0106.084306,18:03:22.89,-29:14:34.69,9679.76988,29.04,0.338,19.94,20.0,20.18,1,0.94,
KMT-2022-BLG-0275,BLG12K0206.074067,17:26:30.95,-27:05:47.80,9673.80793,17.44,0.066,21.87,20.0,25.0,3,2.26,
KMT-2022-BLG-0276,BLG12M0801.003351,17:27:51.00,-27:43:41.09,9684.2681,46.74,0.703,18.06,18.13,18.13,2,2.22,
KMT-2022-BLG-0277,BLG13K0106.023090,17:34:20.00,-33:35:14.53,9694.93189,64.51,0.115,20.52,20.0,21.4,2,4.98,
KMT-2022-BLG-0278,BLG14K0107.088425,17:36:31.13,-27:58:41.12,9672.25405,10.85,0.106,22.58,20.0,22.32,2,3.25,
KMT-2022-BLG-0279,BLG14K0204.058898,17:35:45.21,-28:20:23.28,9684.66045,51.38,0.468,21.29,20.0,21.69,2,3.48,
KMT-2022-BLG-0280,BLG14M0507.100286,17:39:10.57,-28:01:49.33,9670.71082,9.32,0.111,21.57,20.0,25.0,3,2.98,
KMT-2022-BLG-0281,BLG14M0607.039029,17:38:29.51,-28:02:22.99,9673.01812,61.36,0.004,23.71,20.0,20.64,3,2.98,
KMT-2022-BLG-0282,BLG14M0802.001000,17:37:18.60,-28:42:39.74,9674.19818,153.67,0.006,23.33,16.78,16.78,2,3.08,
KMT-2022-BLG-0283,BLG14M0807.018982,17:37:21.66,-28:04:14.92,9670.60462,5.93,0.105,21.72,20.0,20.65,2,3.47,
KMT-2022-BLG-0284,BLG14T0204.069027,17:35:37.29,-29:34:41.56,9671.65304,3.97,0.089,21.57,20.0,21.41,2,3.12,
KMT-2022-BLG-0285,BLG14T0702.058995,17:32:44.33,-29:44:38.87,9658.26019,21.67,0.13,20.87,20.0,21.19,2,3.04,
KMT-2022-BLG-0286,BLG15K0701.020151,17:32:55.52,-26:43:29.03,9671.38013,59.44,0.019,24.49,20.0,20.7,2,3.34,
KMT-2022-BLG-0287,BLG15M0306.083426,17:39:55.37,-26:04:58.30,9671.70861,30.23,0.151,22.35,20.0,21.98,2,2.52,
KMT-2022-BLG-0288,BLG15M0405.021035,17:39:33.78,-26:12:29.74,9690.62434,28.86,0.419,20.07,20.0,20.02,2,2.65,
KMT-2022-BLG-0289,BLG15M0801.060403,17:37:12.55,-26:36:06.77,9670.01383,5.39,0.255,21.78,20.0,21.71,3,3.15,
KMT-2022-BLG-0290,BLG17T0301.031743,17:43:16.99,-34:18:20.70,9672.21151,3.75,0.39,20.38,19.75,19.75,1,1.95,
KMT-2022-BLG-0291,BLG19T0101.025289,17:45:24.78,-25:40:10.45,9676.73607,6.47,0.247,19.93,20.0,20.34,2,2.8,
KMT-2022-BLG-0292,BLG19T0102.057478,17:45:31.18,-25:34:22.73,9675.51917,27.82,0.073,22.07,20.0,21.21,2,2.67,
KMT-2022-BLG-0293,SSO20K0307.014299,17:44:34.33,-21:37:05.41,9652.06035,17.61,0.791,18.99,19.07,19.07,1,1.62,
KMT-2022-BLG-0294,SSO20T0701.000697,17:42:34.13,-23:35:20.80,9690.19719,48.05,0.682,17.25,15.71,15.71,1,2.07,
KMT-2022-BLG-0295,BLG21M0807.047973,17:54:45.34,-34:31:57.11,9670.50155,8.05,0.201,19.86,19.79,19.79,1,0.88,
KMT-2022-BLG-0296,BLG31K0203.000656,18:12:37.90,-25:27:41.18,9692.62996,11.87,0.585,15.72,15.38,15.38,1,1.41,MB22153
KMT-2022-BLG-0297,BLG32K0502.018374,18:08:36.87,-27:39:07.60,9673.88385,17.0,0.182,19.71,18.47,18.47,1,1.17,MB22144
KMT-2022-BLG-0298,BLG32M0806.040127,18:11:52.19,-27:10:08.29,9687.07812,36.86,0.266,19.32,19.25,19.25,1,0.77,
KMT-2022-BLG-0299,BLG35N0102.078359,18:08:31.37,-26:44:14.10,9678.42146,179.53,0.036,22.62,20.0,20.92,1,1.23,
KMT-2022-BLG-0300,BLG35T0401.005232,18:02:11.15,-26:47:59.75,9696.70602,26.21,0.335,17.61,17.68,17.68,2,2.54,MB22164
KMT-2022-BLG-0301,BLG36M0302.007938,18:19:08.13,-23:30:03.71,9680.65394,38.64,0.691,18.25,18.28,18.28,1,1.1,MB22145
KMT-2022-BLG-0302,BLG37M0608.018034,17:45:53.32,-34:21:54.90,9681.34571,30.24,0.128,19.46,18.89,18.89,1,1.49,MB22147
KMT-2022-BLG-0303,SAO38T0508.002065,17:52:07.95,-22:41:20.69,9689.30943,34.81,0.726,16.51,16.48,16.48,1,1.64,
KMT-2022-BLG-0304,BLG41K0706.049350,17:50:13.99,-30:29:57.59,9671.13984,5.19,0.314,19.86,20.0,20.13,1,2.68,
KMT-2022-BLG-0305,BLG42N0405.087002,17:56:58.95,-29:40:20.10,9673.08499,10.12,0.069,20.88,20.0,20.16,1,1.55,MB22146 MB22149
KMT-2022-BLG-0306,BLG42T0101.078700,17:53:39.84,-30:09:45.68,9672.48848,2.59,0.079,20.94,20.0,20.11,2,1.45,
KMT-2022-BLG-0307,BLG03K0805.017677,17:57:44.92,-27:21:18.18,9681.97887,86.7,0.051,22.49,19.85,19.85,2,2.55,
KMT-2022-BLG-0308,BLG14K0106.015044,17:36:41.17,-28:08:06.22,9674.18947,11.43,0.088,21.8,20.0,20.31,2,3.35,
KMT-2022-BLG-0309,BLG14N0507.005424,17:39:10.48,-29:10:36.01,9718.55234,173.03,0.406,19.32,19.29,19.29,2,4.74,
KMT-2022-BLG-0310,BLG19K0108.003155,17:45:48.81,-23:37:03.50,9675.88781,30.26,0.249,20.48,16.73,16.73,1,1.74,
KMT-2022-BLG-0311,BLG19K0205.015611,17:45:01.16,-24:06:17.78,9710.19317,35.48,0.22,18.68,18.77,18.77,1,1.82,
KMT-2022-BLG-0312,BLG22N0508.013476,17:56:24.78,-33:20:01.00,9685.87891,22.94,0.168,20.06,18.51,18.51,1,1.18,MB22165
KMT-2022-BLG-0313,BLG32N0201.001060,18:14:55.65,-28:52:58.19,9700.41285,22.51,0.637,15.37,15.39,15.39,1,0.59,MB22186
KMT-2022-BLG-0314,BLG41N0206.046723,17:57:56.52,-31:33:49.61,9682.54161,30.45,0.205,20.77,19.77,19.77,1,1.33,
KMT-2022-BLG-0315,BLG42K0406.057661,17:52:13.77,-28:25:52.21,9680.59928,40.56,0.322,20.62,20.0,21.38,2,2.94,
KMT-2022-BLG-0316,BLG43M0601.019310,18:03:09.38,-27:56:03.59,9677.2548,14.03,0.193,20.59,18.39,18.39,1,1.12,
KMT-2022-BLG-0317,BLG43T0304.017691,18:00:17.07,-28:39:35.89,9674.18625,14.81,0.102,22.03,17.96,17.96,1,1.18,
KMT-2022-BLG-0318,BLG01T0208.077249,17:53:17.42,-31:14:43.30,9675.83792,3.35,0.465,19.85,20.0,20.56,1,2.02,
KMT-2022-BLG-0319,BLG02N0304.038519,17:57:39.72,-29:37:10.81,9671.75081,10.25,0.329,21.41,18.9,18.9,1,1.41,
KMT-2022-BLG-0320,BLG02T0707.006639,17:50:24.89,-29:19:02.10,9675.84961,9.85,0.01,21.71,18.38,18.38,1,4.06,
KMT-2022-BLG-0321,BLG11M0106.051318,17:31:54.59,-29:08:16.73,9672.2064,20.01,0.783,19.92,20.0,21.42,2,3.16,
KMT-2022-BLG-0322,BLG12N0204.072092,17:31:39.48,-28:26:56.76,9674.25256,22.42,0.074,22.17,20.0,21.3,2,2.42,
KMT-2022-BLG-0323,SSO17T0107.004166,17:44:16.04,-33:27:50.90,9678.61589,5.11,0.901,17.3,17.11,17.11,1,2.27,
KMT-2022-BLG-0324,BLG19M0302.038589,17:49:19.94,-24:26:42.47,9675.85686,19.56,0.077,22.35,20.0,21.21,2,3.26,
KMT-2022-BLG-0325,BLG21T0504.007313,17:51:26.27,-35:56:48.19,9869.13274,6.09,0.578,19.8,18.03,18.03,1,0.73,
KMT-2022-BLG-0326,BLG32N0408.054491,18:13:44.39,-28:04:49.01,9682.5185,22.13,0.814,19.59,19.72,19.72,1,0.39,
KMT-2022-BLG-0327,BLG32T0807.069136,18:06:53.94,-28:08:16.30,9680.80241,15.18,0.053,20.05,20.0,20.09,1,1.2,MB22157
KMT-2022-BLG-0328,BLG37K0503.062216,17:41:42.75,-34:58:24.53,9680.76706,14.28,0.144,20.48,20.0,21.17,2,2.18,
KMT-2022-BLG-0329,BLG42M0403.030526,17:56:49.87,-28:44:38.62,9672.9431,18.41,0.39,19.08,19.01,19.01,1,1.87,MB22148
KMT-2022-BLG-0330,BLG42M0508.004269,17:56:15.94,-28:06:16.31,9675.32404,0.5,0.096,17.74,16.87,16.87,1,2.21,
KMT-2022-BLG-0331,BLG04K0202.042414,18:02:37.14,-29:48:40.28,9675.84286,12.2,0.02,21.91,18.95,18.95,1,0.77,
KMT-2022-BLG-0332,BLG14K0401.065603,17:34:36.86,-28:48:18.86,9679.36409,9.96,0.084,20.82,20.0,21.75,2,3.46,
KMT-2022-BLG-0333,BLG14T0407.003874,17:34:32.47,-29:05:34.69,9675.71426,17.25,0.174,21.78,18.17,18.17,2,3.44,
KMT-2022-BLG-0334,BLG16M0103.053632,17:41:13.26,-24:15:37.69,9692.77858,39.5,0.049,20.78,20.0,20.19,1,1.73,
KMT-2022-BLG-0335,BLG16M0308.006082,17:39:57.61,-23:37:42.71,9702.8274,35.41,0.571,18.52,18.56,18.56,2,1.63,
KMT-2022-BLG-0336,BLG18T0703.016959,17:42:03.75,-27:30:23.80,9679.83786,6.64,0.193,19.53,19.82,19.82,2,3.31,
KMT-2022-BLG-0337,SAO20K0504.003933,17:43:35.99,-22:02:55.82,9778.31328,92.26,0.359,17.36,17.61,17.61,4,1.42,
KMT-2022-BLG-0338,BLG22K0207.015180,17:53:31.10,-32:26:05.39,9683.46377,24.72,0.397,19.54,18.73,18.73,1,1.47,
KMT-2022-BLG-0339,BLG33M0803.067367,18:13:51.47,-29:38:17.59,9681.29057,41.92,0.074,21.45,20.0,20.97,1,0.42,MB22155
KMT-2022-BLG-0340,BLG37M0406.013105,17:47:36.41,-34:39:55.69,9681.27461,7.67,0.732,18.52,18.52,18.52,1,1.2,
KMT-2022-BLG-0341,BLG42T0508.015059,17:51:32.02,-29:15:29.70,9696.33275,38.63,0.485,19.49,18.93,18.93,1,3.65,
KMT-2022-BLG-0342,BLG12N0601.099834,17:28:53.10,-28:48:01.44,9684.16977,67.47,0.03,21.21,20.0,25.0,3,2.05,
KMT-2022-BLG-0343,BLG14K0707.009375,17:33:05.81,-27:58:06.28,9681.88047,14.35,0.884,19.47,19.44,19.44,2,2.79,
KMT-2022-BLG-0344,BLG15M0401.004110,17:39:45.74,-26:38:51.25,9682.5317,34.86,0.07,21.51,18.26,18.26,2,2.81,
KMT-2022-BLG-0345,BLG15N0501.073616,17:38:48.53,-27:46:17.11,9676.75695,5.43,0.083,21.96,20.0,21.27,2,2.83,
KMT-2022-BLG-0346,BLG31T0505.032715,18:10:43.62,-26:21:09.22,9692.46155,26.14,0.209,19.59,19.21,19.21,1,1.26,MB22190
KMT-2022-BLG-0347,BLG33K0501.046189,18:10:16.34,-29:54:13.10,9674.78162,5.22,0.377,20.12,19.83,19.83,1,0.67,
KMT-2022-BLG-0348,BLG33T0704.064634,18:09:30.39,-30:40:47.68,9675.59835,4.47,0.962,19.56,20.0,20.97,2,0.67,
KMT-2022-BLG-0349,BLG35N0405.003588,18:07:13.64,-26:16:24.31,9733.67406,150.36,0.045,19.81,16.81,16.81,1,1.95,
KMT-2022-BLG-0350,BLG37T0602.009160,17:40:42.38,-36:13:13.98,9682.03175,15.96,0.101,19.62,19.36,19.36,2,1.83,
KMT-2022-BLG-0351,BLG41K0101.006875,17:53:38.61,-31:09:57.60,9687.15939,55.73,0.101,20.43,17.52,17.52,1,2.08,
KMT-2022-BLG-0352,BLG42T0404.013808,17:52:04.40,-29:45:37.12,9693.39383,12.58,0.371,17.98,18.01,18.01,1,2.42,
KMT-2022-BLG-0353,BLG03M0403.006043,18:04:46.40,-27:34:19.20,9708.90298,2.13,0.848,17.07,17.08,17.08,1,1.03,
KMT-2022-BLG-0354,BLG04K0405.091331,18:01:30.85,-29:28:20.71,9681.87254,15.9,0.047,21.07,20.0,20.76,1,1.56,MB22161
KMT-2022-BLG-0355,BLG04K0802.019225,17:59:09.24,-29:51:50.18,9730.5927,70.49,0.111,18.8,18.21,18.21,1,1.09,
KMT-2022-BLG-0356,BLG04N0605.082003,18:05:21.43,-30:32:28.79,9680.46892,9.01,0.298,21.12,20.0,20.97,1,1.09,
KMT-2022-BLG-0357,BLG11N0303.012346,17:30:55.30,-30:43:21.65,9696.98786,24.39,0.18,19.98,20.0,20.04,2,3.6,
KMT-2022-BLG-0358,BLG11N0408.027240,17:30:26.76,-30:05:28.25,9690.69214,30.98,0.736,19.98,20.0,20.06,2,2.33,
KMT-2022-BLG-0359,BLG12N0401.029386,17:30:02.17,-28:50:58.27,9680.90903,7.87,0.206,20.29,20.0,20.5,2,2.21,
KMT-2022-BLG-0360,BLG13N0507.062415,17:37:01.94,-34:36:42.84,9680.05843,42.67,0.188,22.14,20.0,22.05,2,3.28,
KMT-2022-BLG-0361,BLG14M0108.017507,17:41:22.56,-27:51:41.72,9678.10853,5.74,0.298,20.55,20.0,20.02,2,3.33,
KMT-2022-BLG-0362,BLG14T0501.068610,17:33:59.73,-29:54:08.24,9679.76548,64.67,0.02,23.43,20.0,21.62,2,3.18,
KMT-2022-BLG-0363,BLG15M0206.002475,17:40:26.70,-26:02:55.68,9685.33342,6.82,0.991,18.66,17.65,17.65,2,2.73,
KMT-2022-BLG-0364,BLG15T0708.038400,17:32:53.63,-26:55:46.81,9681.09273,5.87,0.188,20.39,20.0,21.25,2,2.84,
KMT-2022-BLG-0365,BLG17T0301.029880,17:43:11.75,-34:17:32.60,9704.19208,56.22,0.577,19.74,19.68,19.68,1,1.95,
KMT-2022-BLG-0366,BLG19K0302.008299,17:44:18.02,-24:23:59.78,9692.57313,25.54,0.208,19.74,18.37,18.37,1,2.02,
KMT-2022-BLG-0367,BLG19M0805.055495,17:46:22.06,-24:03:42.91,9778.91708,0.67,0.043,19.82,20.0,20.77,2,2.09,
KMT-2022-BLG-0368,BLG19T0302.034367,17:44:41.23,-25:35:07.62,9723.62467,71.87,0.358,19.89,20.0,20.82,2,2.97,
KMT-2022-BLG-0369,BLG22K0506.031278,17:51:32.42,-32:30:41.18,9679.19738,10.79,0.117,20.77,19.66,19.66,1,2.05,
KMT-2022-BLG-0370,BLG31T0508.035105,18:10:41.09,-25:54:10.30,9677.1134,45.11,0.015,21.95,19.15,19.15,1,1.01,
KMT-2022-BLG-0371,BLG37K0505.020356,17:41:26.86,-34:41:55.21,9689.40481,90.55,0.002,22.22,19.72,19.72,2,2.18,
KMT-2022-BLG-0372,BLG38T0707.029800,17:51:16.36,-22:47:45.89,9679.17928,3.18,0.308,19.62,19.81,19.81,1,2.18,
KMT-2022-BLG-0373,BLG43K0603.014563,17:58:24.50,-27:38:59.78,9684.46404,14.47,0.089,20.87,18.18,18.18,1,1.88,MB22170
KMT-2022-BLG-0374,BLG02T0501.029582,17:51:29.97,-30:01:09.70,9685.06647,7.69,0.035,20.18,19.2,19.2,1,2.37,
KMT-2022-BLG-0375,SSO03T0507.016172,17:59:19.76,-28:12:15.80,9687.49001,10.63,0.201,18.39,18.34,18.34,1,1.54,MB22169
KMT-2022-BLG-0376,BLG03T0701.033246,17:58:11.71,-28:58:05.09,9730.03034,62.95,0.334,18.67,18.78,18.78,1,1.35,
KMT-2022-BLG-0377,BLG11K0703.072754,17:23:47.65,-29:38:21.16,9679.96482,12.34,0.061,21.92,20.0,21.14,2,1.62,
KMT-2022-BLG-0378,BLG11N0208.111378,17:31:25.49,-30:01:53.00,9684.10924,8.95,0.29,20.29,20.0,25.0,3,2.42,
KMT-2022-BLG-0379,BLG11N0305.005993,17:30:36.82,-30:24:12.89,9686.92355,13.57,0.668,18.22,18.24,18.24,4,2.55,
KMT-2022-BLG-0380,BLG11N0805.015352,17:27:54.40,-30:25:12.07,9698.13678,24.82,0.361,19.95,20.0,20.27,2,2.94,
KMT-2022-BLG-0381,BLG12M0807.023184,17:28:01.90,-26:59:10.82,9678.39349,40.16,0.2,22.24,20.0,21.59,2,3.06,
KMT-2022-BLG-0382,BLG13M0102.082317,17:39:25.39,-34:04:46.74,9739.51752,151.99,0.027,20.5,20.0,25.0,3,3.71,
KMT-2022-BLG-0383,BLG14T0305.012025,17:35:13.10,-29:24:52.78,9715.60018,199.26,0.009,21.41,19.6,19.6,2,3.1,
KMT-2022-BLG-0384,BLG15N0303.001440,17:40:15.26,-27:30:13.75,9682.1229,35.75,0.004,21.94,16.86,16.86,2,3.17,
KMT-2022-BLG-0385,BLG15T0106.001058,17:36:38.30,-27:12:50.11,9688.89757,11.52,0.997,17.05,15.93,15.93,1,2.27,
KMT-2022-BLG-0386,BLG15T0508.076624,17:34:01.56,-26:54:39.24,9681.50627,2.96,0.797,20.0,20.0,21.85,2,2.37,
KMT-2022-BLG-0387,BLG17K0703.001915,17:40:31.41,-32:53:42.94,9686.85637,9.4,0.364,18.39,18.46,18.46,2,4.46,
KMT-2022-BLG-0388,BLG17N0303.027865,17:48:14.23,-33:56:39.70,9681.5162,68.62,0.017,22.92,19.3,19.3,1,1.63,
KMT-2022-BLG-0389,BLG17T0403.003268,17:42:31.66,-33:57:37.40,9690.1853,12.3,0.766,18.08,17.04,17.04,1,2.38,
KMT-2022-BLG-0390,BLG18T0703.013682,17:42:21.65,-27:27:01.55,9688.93521,44.54,0.048,19.31,19.46,19.46,2,3.56,
KMT-2022-BLG-0391,BLG19N0801.054969,17:46:14.16,-25:38:22.09,9681.19398,6.51,0.784,19.95,20.0,20.82,2,2.62,
KMT-2022-BLG-0392,BLG21N0808.057229,17:55:06.11,-35:30:17.64,9686.82357,19.01,0.442,19.83,20.0,21.5,2,0.93,
KMT-2022-BLG-0393,BLG22M0705.025644,17:55:39.02,-32:35:34.80,9704.65615,89.96,0.08,20.46,19.29,19.29,1,1.48,MB22192
KMT-2022-BLG-0394,SSO37M0503.029065,17:46:37.94,-35:02:09.38,9685.53688,6.69,0.392,19.16,19.15,19.15,1,1.21,
KMT-2022-BLG-0395,BLG37T0304.064419,17:42:54.06,-35:58:13.48,9687.45199,25.62,0.258,20.73,20.0,21.6,2,1.68,
KMT-2022-BLG-0396,BLG41N0502.083752,17:56:30.03,-32:05:26.09,9679.9081,55.71,0.027,23.54,20.0,25.0,3,1.41,
KMT-2022-BLG-0397,BLG41T0302.028959,17:52:23.31,-32:06:49.90,9680.39044,27.36,0.026,23.79,19.39,19.39,1,2.04,
KMT-2022-BLG-0398,SSO42K0401.048944,17:51:51.41,-29:05:12.80,9679.79909,9.73,0.109,22.04,20.0,20.88,3,3.41,
KMT-2022-BLG-0399,BLG43K0607.048010,17:58:30.99,-27:13:45.05,9685.72812,55.09,0.136,21.57,20.0,20.95,2,2.8,
KMT-2022-BLG-0400,BLG43T0505.061357,17:58:54.49,-28:31:11.89,9683.28951,15.22,0.159,20.4,19.38,19.38,1,1.47,
KMT-2022-BLG-0401,BLG43T0806.019593,17:57:25.31,-28:23:30.01,9680.75924,133.59,0.002,25.84,18.44,18.44,1,1.69,
KMT-2022-BLG-0402,BLG01K0501.023437,17:51:42.68,-31:04:36.59,9692.4831,20.62,0.002,20.23,19.28,19.28,2,2.28,MB22179
KMT-2022-BLG-0403,BLG12M0508.056500,17:29:33.85,-26:47:13.16,9680.10794,9.39,0.865,19.95,20.0,22.35,2,3.09,
KMT-2022-BLG-0404,BLG14K0607.035372,17:33:18.33,-27:58:34.21,9718.14715,91.14,0.034,20.16,20.0,20.55,2,2.85,
KMT-2022-BLG-0405,BLG14M0601.057969,17:38:29.29,-28:47:01.10,9703.48092,49.85,0.58,20.08,20.0,21.76,2,3.85,
KMT-2022-BLG-0406,SAO15N0703.000394,17:37:51.00,-27:30:03.24,9699.22965,16.74,0.851,16.26,16.21,16.21,2,3.31,MB22162
KMT-2022-BLG-0407,BLG15T0101.066329,17:36:20.54,-27:46:25.68,9681.98391,20.88,0.035,22.76,20.0,22.04,2,3.13,
KMT-2022-BLG-0408,BLG17T0207.036550,17:43:36.00,-33:31:53.58,9688.27473,136.79,0.045,23.29,20.0,21.35,2,3.76,
KMT-2022-BLG-0409,BLG18K0108.007357,17:45:29.82,-25:43:49.94,9681.37449,5.03,0.785,19.23,18.63,18.63,2,2.78,
KMT-2022-BLG-0410,BLG18N0607.023807,17:47:19.93,-26:58:25.90,9682.01594,15.58,0.193,21.65,20.0,21.9,2,5.42,
KMT-2022-BLG-0411,BLG19K0404.068295,17:43:40.31,-24:11:12.41,9680.58495,7.37,0.278,20.63,20.0,20.44,1,1.74,
KMT-2022-BLG-0412,BLG31N0303.017012,18:16:43.38,-26:36:00.29,9682.29461,150.47,0.024,23.5,18.63,18.63,1,0.78,
KMT-2022-BLG-0413,BLG32K0407.010493,18:09:03.55,-27:00:50.62,9679.34115,45.64,0.104,19.96,18.01,18.01,1,1.2,
KMT-2022-BLG-0414,BLG33M0104.021279,18:17:52.21,-29:29:20.36,9686.42934,46.86,0.013,21.98,19.5,19.5,2,0.31,
KMT-2022-BLG-0415,BLG35T0305.006193,18:03:07.24,-26:22:48.61,9683.41939,9.21,0.298,19.78,18.64,18.64,2,2.56,
KMT-2022-BLG-0416,BLG41M0401.000877,17:56:55.42,-31:06:46.40,9688.34082,12.07,0.193,17.89,14.98,14.98,1,1.19,MB22158 MB22163
KMT-2022-BLG-0417,BLG01M0107.012440,17:58:40.65,-30:13:03.79,9859.9475,155.2,0.99,20.22,18.16,18.16,1,1.68,
KMT-2022-BLG-0418,BLG02T0108.012378,17:54:11.10,-29:10:10.70,9695.36311,20.7,0.163,19.45,17.22,17.22,1,1.68,MB22193
KMT-2022-BLG-0419,SAO02T0108.084484,17:54:11.89,-29:07:50.30,9683.86108,7.15,0.287,20.06,19.57,19.57,1,1.58,
KMT-2022-BLG-0420,BLG11N0104.008584,17:31:58.38,-30:35:24.18,9719.33938,49.58,0.271,18.86,18.98,18.98,2,2.84,
KMT-2022-BLG-0421,BLG14M0604.012545,17:38:29.96,-28:24:50.90,9805.77055,200.0,0.036,19.05,19.4,19.4,2,3.08,
KMT-2022-BLG-0422,BLG15N0304.112101,17:40:07.00,-27:26:21.70,9687.31362,7.09,0.956,19.52,20.0,25.0,3,2.94,
KMT-2022-BLG-0423,BLG17M0301.005364,17:48:09.08,-33:05:50.03,9767.71959,101.96,0.385,18.35,18.37,18.37,2,2.57,
KMT-2022-BLG-0424,BLG17M0606.002433,17:46:23.44,-32:31:02.89,9698.30679,41.9,0.914,19.48,19.52,19.52,2,5.32,
KMT-2022-BLG-0425,BLG32M0607.019556,18:12:53.51,-27:02:18.49,9681.57364,8.58,0.002,20.39,18.57,18.57,1,0.72,MB22159
KMT-2022-BLG-0426,BLG38K0801.000546,17:51:00.50,-22:22:24.71,9708.01621,13.8,0.999,16.22,15.61,15.61,1,2.33,
KMT-2022-BLG-0427,BLG41T0404.014214,17:51:56.03,-31:49:41.59,9685.39568,6.8,0.986,19.0,19.09,19.09,1,2.54,
KMT-2022-BLG-0428,BLG42K0106.012100,17:53:53.26,-28:24:07.24,9745.79147,75.4,0.23,18.51,18.5,18.5,2,2.56,MB22261
KMT-2022-BLG-0429,SAO43T0302.006352,18:00:18.32,-28:53:28.00,9684.3849,3.95,0.782,20.17,16.6,16.6,1,0.95,
KMT-2022-BLG-0430,SAO43T0803.047753,17:57:13.90,-28:51:25.70,9685.34626,8.17,0.89,19.19,19.16,19.16,1,1.53,
KMT-2022-BLG-0431,BLG03K0705.014349,17:58:12.35,-27:15:42.88,9700.09801,25.53,0.286,19.34,19.59,19.59,2,3.23,MB22213
KMT-2022-BLG-0432,BLG04K0502.048313,18:00:55.91,-29:48:43.31,9695.11376,16.77,0.687,19.02,19.17,19.17,1,1.16,
KMT-2022-BLG-0433,SAO11K0301.021272,17:26:10.96,-29:48:05.51,9683.658,8.58,0.395,19.78,19.84,19.84,2,1.82,
KMT-2022-BLG-0434,BLG11M0105.066903,17:31:44.08,-29:22:02.78,9694.24289,37.99,0.081,21.53,20.0,21.28,2,2.89,
KMT-2022-BLG-0435,BLG14K0507.003550,17:34:24.75,-28:02:19.36,9737.22617,70.06,0.114,17.61,17.57,17.57,2,2.78,
KMT-2022-BLG-0436,BLG17N0503.031018,17:47:02.13,-34:00:53.71,9684.76429,1.95,0.465,19.17,19.36,19.36,1,1.73,
KMT-2022-BLG-0437,BLG17T0106.046976,17:44:22.12,-33:36:20.41,9696.42541,18.67,0.236,20.25,20.0,20.19,1,1.9,
KMT-2022-BLG-0438,BLG19T0207.076201,17:45:15.13,-24:57:12.46,9684.828,4.79,0.232,21.16,20.0,22.03,2,3.28,
KMT-2022-BLG-0439,BLG20N0804.017354,17:46:14.08,-23:12:26.78,9684.21767,15.63,0.271,21.54,18.69,18.69,1,1.49,
KMT-2022-BLG-0440,BLG22M0208.007154,17:58:20.06,-32:17:43.12,9703.5449,44.41,0.004,20.35,18.07,18.07,1,1.48,MB22199
KMT-2022-BLG-0441,BLG38M0708.002451,17:55:53.80,-21:33:22.36,9704.3931,15.51,0.279,17.7,17.22,17.22,4,2.61,
KMT-2022-BLG-0442,BLG41N0404.068942,17:56:52.08,-31:54:11.59,9684.30945,4.13,0.191,19.68,20.0,20.36,1,1.47,
KMT-2022-BLG-0443,BLG42N0607.103140,17:55:46.09,-29:26:21.08,9685.85962,4.65,0.492,20.05,20.0,20.86,1,1.73,
KMT-2022-BLG-0444,SAO42N0707.020861,17:55:10.68,-29:20:48.19,9685.5084,16.34,0.018,21.5,18.24,18.24,1,1.78,
KMT-2022-BLG-0445,BLG43K0104.015632,18:01:23.35,-27:34:27.98,9694.24471,8.83,0.366,18.1,18.16,18.16,1,1.44,MB22181
KMT-2022-BLG-0446,BLG02K0501.080239,17:51:35.27,-28:55:45.44,9686.52179,95.29,0.008,24.39,20.0,25.0,3,3.73,
KMT-2022-BLG-0447,BLG02N0208.042783,17:58:15.95,-29:11:32.71,9686.30277,7.62,0.343,19.84,18.89,18.89,1,1.26,
KMT-2022-BLG-0448,BLG02N0803.023122,17:54:38.08,-29:48:24.80,9691.10154,5.13,0.428,18.15,18.22,18.22,1,1.35,
KMT-2022-BLG-0449,BLG02T0202.102090,17:53:17.69,-29:55:40.80,9681.28117,12.75,0.372,20.78,20.0,20.21,1,1.62,
KMT-2022-BLG-0450,BLG02T0407.030062,17:52:22.64,-29:18:06.59,9687.37436,5.5,0.125,20.42,19.4,19.4,1,2.81,
KMT-2022-BLG-0451,BLG02T0503.048893,17:51:44.78,-29:43:12.90,9686.11895,6.17,0.019,21.98,19.84,19.84,1,2.75,
KMT-2022-BLG-0452,BLG04M0406.047513,18:06:33.42,-29:16:41.30,9689.63687,6.52,0.31,19.32,19.45,19.45,1,0.96,
KMT-2022-BLG-0453,BLG04T0203.000369,18:03:06.13,-30:50:58.88,9708.88427,13.66,0.999,14.63,14.64,14.64,1,1.58,MB22183 MB22211
KMT-2022-BLG-0454,BLG11N0308.008965,17:31:03.38,-30:02:59.86,9703.33448,18.4,0.353,18.68,18.74,18.74,2,2.47,
KMT-2022-BLG-0455,BLG12M0508.000656,17:29:32.93,-26:46:55.96,9736.49995,31.65,0.475,17.09,17.17,17.17,2,2.94,
KMT-2022-BLG-0456,BLG12M0803.088393,17:28:07.12,-27:27:35.64,9688.62431,13.06,0.734,19.78,20.0,25.0,3,2.37,
KMT-2022-BLG-0457,BLG14M0805.004014,17:37:20.64,-28:15:42.80,9753.21481,156.25,0.52,20.02,18.86,18.86,2,4.02,
KMT-2022-BLG-0458,SSO15M0602.003030,17:38:39.71,-26:34:46.06,9714.42575,32.85,0.163,17.68,17.78,17.78,2,2.89,
KMT-2022-BLG-0459,BLG15T0305.055946,17:35:18.29,-27:16:25.79,9699.31839,37.04,0.022,21.49,20.0,20.45,1,2.26,MB22201
KMT-2022-BLG-0460,BLG17K0201.003502,17:43:19.97,-33:10:09.44,9726.7549,50.13,0.159,18.36,18.43,18.43,2,3.92,
KMT-2022-BLG-0461,BLG19M0102.024485,17:50:30.72,-24:23:38.62,9692.41263,33.49,0.072,21.98,20.0,21.63,2,4.05,
KMT-2022-BLG-0462,BLG20N0603.037696,17:47:28.19,-23:14:54.38,9684.7795,58.66,0.035,23.18,19.51,19.51,1,1.56,
KMT-2022-BLG-0463,BLG22K0406.054536,17:52:00.91,-32:28:30.50,9682.68463,49.38,0.583,20.38,19.9,19.9,1,2.02,
KMT-2022-BLG-0464,BLG32M0402.022174,18:13:53.17,-27:38:53.02,9697.46435,24.81,0.138,19.37,18.49,18.49,1,0.56,MB22189
KMT-2022-BLG-0465,BLG33T0201.029589,18:12:13.55,-31:03:36.61,9687.90052,25.43,0.164,21.2,19.55,19.55,1,0.53,
KMT-2022-BLG-0466,BLG34K0608.033545,18:00:40.39,-31:08:15.68,9693.90331,25.65,0.02,19.92,19.42,19.42,1,1.58,MB22180
KMT-2022-BLG-0467,BLG34N0805.014629,18:04:37.61,-32:37:04.69,9684.30885,19.61,0.09,22.1,18.91,18.91,1,0.99,
KMT-2022-BLG-0468,BLG35M0202.057334,18:08:22.08,-25:33:31.00,9703.12627,38.98,0.069,20.4,20.0,20.17,1,1.69,
KMT-2022-BLG-0469,BLG41K0608.001013,17:50:57.55,-30:18:06.98,9701.60719,22.01,0.999,15.91,15.29,15.29,4,2.36,
KMT-2022-BLG-0470,BLG41M0303.066806,17:57:42.16,-30:53:33.22,9689.08949,6.24,0.58,20.1,19.96,19.96,1,1.38,
KMT-2022-BLG-0471,BLG42T0201.069846,17:52:51.85,-30:10:07.39,9685.64021,19.19,0.119,21.15,19.88,19.88,2,1.61,
KMT-2022-BLG-0472,BLG43T0502.022829,17:59:00.22,-29:00:03.31,9793.30934,118.33,0.256,18.09,18.13,18.13,1,1.0,MB22256
KMT-2022-BLG-0473,BLG01T0506.000471,17:51:47.87,-31:30:53.71,9759.2962,2.98,0.894,17.94,15.68,15.68,1,3.19,
KMT-2022-BLG-0474,BLG02N0306.044687,17:57:33.76,-29:25:49.69,9687.35926,7.75,0.197,20.53,19.29,19.29,1,1.66,
KMT-2022-BLG-0475,BLG03M0307.030163,18:05:20.56,-27:02:15.61,9699.25351,19.23,0.03,18.96,18.78,18.78,1,1.17,MB22185
KMT-2022-BLG-0476,BLG14K0607.030781,17:33:30.74,-28:03:20.52,9688.09346,7.84,0.072,21.6,20.0,20.43,2,2.59,
KMT-2022-BLG-0477,BLG15N0205.060133,17:40:42.39,-27:19:25.86,9686.29086,20.81,0.061,22.53,20.0,21.38,2,3.17,
KMT-2022-BLG-0478,BLG15N0601.009157,17:38:35.53,-27:45:45.04,9688.42938,26.84,0.094,22.0,18.69,18.69,2,2.51,
KMT-2022-BLG-0479,BLG16K0108.031982,17:36:39.74,-23:37:15.49,9704.00282,45.93,0.189,20.1,20.0,20.8,2,2.3,
KMT-2022-BLG-0480,SSO17K0503.002433,17:41:37.43,-32:51:14.94,9686.76339,158.09,0.002,24.83,18.05,18.05,2,3.7,
KMT-2022-BLG-0481,BLG17K0704.002054,17:40:32.08,-32:47:00.74,9842.63438,123.65,0.18,18.0,18.2,18.2,2,4.04,
KMT-2022-BLG-0482,BLG17T0102.002341,17:44:13.38,-34:04:00.01,9776.35523,145.2,0.014,21.07,16.18,16.18,1,1.78,
KMT-2022-BLG-0483,BLG19K0601.049599,17:42:32.91,-24:34:39.40,9690.4625,8.37,0.227,20.04,20.0,20.38,2,2.17,
KMT-2022-BLG-0484,BLG19M0402.025109,17:48:32.86,-24:26:54.74,9688.82344,10.54,0.271,20.79,20.0,20.39,2,2.7,
KMT-2022-BLG-0485,BLG19T0304.004401,17:44:36.22,-25:15:55.01,9720.5649,25.92,0.562,18.32,18.32,18.32,2,3.1,
KMT-2022-BLG-0486,BLG21N0407.016832,17:57:19.20,-35:34:20.50,9693.33722,9.81,0.596,19.04,19.04,19.04,1,0.76,
KMT-2022-BLG-0487,BLG41N0402.010312,17:56:59.73,-32:06:36.11,9703.62604,70.58,0.814,19.16,18.3,18.3,1,1.34,
KMT-2022-BLG-0488,SSO42M0801.021406,17:54:42.83,-29:04:03.00,9690.83255,3.4,0.434,18.17,18.19,18.19,1,1.87,
KMT-2022-BLG-0489,BLG42N0804.062596,17:54:35.63,-29:42:51.41,9690.74661,37.23,0.133,20.22,19.12,19.12,1,1.25,
KMT-2022-BLG-0490,BLG42T0205.084282,17:53:11.82,-29:41:51.22,9690.96573,14.02,0.089,20.75,20.0,20.07,1,1.88,MB22182
KMT-2022-BLG-0491,BLG42T0602.040378,17:50:51.71,-30:03:16.49,9688.28527,63.38,0.07,22.52,19.94,19.94,1,2.82,
KMT-2022-BLG-0492,SSO43N0607.036409,18:03:15.50,-28:15:23.90,9694.82544,8.75,0.738,18.62,18.66,18.66,1,0.9,
KMT-2022-BLG-0493,SSO43T0204.028988,18:00:47.89,-28:41:21.98,9697.93991,10.91,0.985,18.3,18.35,18.35,1,1.1,
KMT-2022-BLG-0494,BLG01K0407.062984,17:52:26.78,-30:16:38.64,9696.59474,29.27,0.002,20.06,20.0,20.05,2,1.9,MB22187
KMT-2022-BLG-0495,BLG14N0801.001627,17:37:06.00,-29:56:09.42,9715.24784,18.99,0.295,17.88,18.02,18.02,2,4.49,
KMT-2022-BLG-0496,SAO14T0602.075670,17:33:47.12,-29:47:09.78,9696.55246,34.78,0.111,21.16,20.0,21.55,2,2.81,
KMT-2022-BLG-0497,BLG15N0107.009703,17:41:15.28,-27:01:32.20,9702.01138,24.04,0.811,20.4,20.0,20.0,2,3.95,
KMT-2022-BLG-0498,BLG17T0607.005226,17:40:57.21,-33:30:31.90,9692.5626,11.81,0.999,19.3,18.36,18.36,2,2.95,
KMT-2022-BLG-0499,BLG19K0104.044467,17:45:39.16,-24:09:59.18,9706.3723,58.99,0.256,23.01,19.92,19.92,1,2.34,
KMT-2022-BLG-0500,BLG19K0204.036601,17:45:09.12,-24:13:44.00,9686.44623,9.12,0.322,20.7,19.56,19.56,1,2.1,
KMT-2022-BLG-0501,BLG31N0405.006274,18:16:27.44,-26:21:32.18,9705.651,17.62,0.156,18.28,17.67,17.67,1,0.88,
KMT-2022-BLG-0502,BLG04T0504.042766,18:01:08.34,-30:39:28.69,9697.35825,48.21,0.19,21.06,19.4,19.4,1,1.16,
KMT-2022-BLG-0503,BLG22K0103.065424,17:53:56.36,-32:55:16.10,9690.14657,14.46,0.195,21.14,20.0,20.42,1,1.47,
KMT-2022-BLG-0504,BLG22N0405.063124,17:57:21.77,-33:46:09.26,9693.12971,28.98,0.257,20.84,20.0,20.66,2,0.63,
KMT-2022-BLG-0505,BLG22T0506.025481,17:51:49.28,-33:34:35.26,9686.61434,23.38,0.263,19.91,19.92,19.92,2,1.88,
KMT-2022-BLG-0506,BLG42N0301.031013,17:57:20.79,-30:08:52.51,9716.13798,51.95,0.148,20.34,19.02,19.02,1,1.36,
KMT-2022-BLG-0507,SAO43N0303.016389,18:04:54.02,-28:48:09.90,9687.85781,27.4,0.293,20.16,18.12,18.12,1,0.84,
KMT-2022-BLG-0508,SAO02N0803.028614,17:54:36.51,-29:46:01.70,9684.83292,17.39,0.308,18.47,18.43,18.43,2,1.39,
KMT-2022-BLG-0509,BLG04N0805.013602,18:04:18.29,-30:31:17.80,9716.8597,26.22,0.095,18.41,18.58,18.58,1,1.2,MB22228
KMT-2022-BLG-0510,BLG17N0807.022757,17:44:57.69,-33:30:49.72,9688.7344,62.43,0.142,22.26,19.31,19.31,1,2.13,
KMT-2022-BLG-0511,BLG01N0602.003889,17:56:05.26,-32:03:07.31,9692.84176,5.17,0.09,19.26,16.76,16.76,1,1.44,
KMT-2022-BLG-0512,SAO03K0702.003991,17:58:10.30,-27:38:32.50,9692.0498,4.27,0.452,19.07,16.6,16.6,1,1.99,
KMT-2022-BLG-0513,BLG04K0603.005310,18:00:32.39,-29:40:24.89,9689.74814,196.84,0.016,23.32,16.82,16.82,1,1.28,
KMT-2022-BLG-0514,BLG11T0401.005619,17:25:06.44,-30:57:22.43,9687.7792,7.88,0.944,19.36,19.31,19.31,2,3.28,
KMT-2022-BLG-0515,BLG15M0307.002265,17:40:00.03,-25:57:42.08,9707.29781,9.84,0.173,17.52,17.76,17.76,2,2.76,
KMT-2022-BLG-0516,BLG15N0401.025847,17:39:46.96,-27:43:41.45,9700.23208,35.96,0.09,20.98,20.0,20.23,2,3.08,
KMT-2022-BLG-0517,BLG17M0701.000953,17:45:52.50,-33:06:14.33,9821.50697,73.81,0.188,16.42,16.43,16.43,2,2.54,
KMT-2022-BLG-0518,BLG18T0304.006356,17:44:25.61,-27:21:33.01,9695.54179,8.41,0.108,19.75,19.81,19.81,2,4.86,
KMT-2022-BLG-0519,BLG22K0107.064351,17:53:56.67,-32:21:05.40,9691.0611,5.46,0.772,19.32,20.0,20.1,1,1.69,
KMT-2022-BLG-0520,BLG43K0407.037831,17:59:29.17,-27:11:07.69,9691.46997,26.17,0.172,21.54,19.48,19.48,1,2.15,
KMT-2022-BLG-0521,SAO02T0608.006503,17:51:06.78,-29:07:13.58,9699.1899,14.18,0.857,18.16,18.34,18.34,1,4.05,
KMT-2022-BLG-0522,BLG11M0306.080336,17:30:52.78,-29:12:27.58,9702.07064,9.95,0.003,21.51,20.0,22.22,2,2.99,
KMT-2022-BLG-0523,BLG11M0701.004416,17:28:38.54,-29:46:52.43,9708.63456,15.6,0.995,18.81,17.81,17.81,2,2.12,
KMT-2022-BLG-0524,BLG11N0208.004411,17:31:09.45,-30:01:06.17,9709.29661,13.47,0.037,17.49,17.61,17.61,2,2.4,
KMT-2022-BLG-0525,BLG11N0303.007199,17:30:55.58,-30:40:54.95,9708.42949,13.89,1.0,19.11,19.16,19.16,2,3.2,
KMT-2022-BLG-0526,BLG11N0508.008890,17:29:40.28,-30:00:33.12,9699.10923,6.99,0.565,18.79,18.77,18.77,2,2.57,
KMT-2022-BLG-0527,BLG11T0106.021822,17:27:06.08,-30:22:51.35,9694.63525,9.6,0.429,19.93,20.0,20.6,2,2.94,
KMT-2022-BLG-0528,BLG12N0501.048900,17:29:30.16,-28:47:46.82,9697.89915,17.53,0.64,19.8,20.0,20.84,2,2.03,
KMT-2022-BLG-0529,BLG12T0508.043448,17:24:57.47,-27:59:46.00,9700.09535,42.78,0.4,22.72,20.0,20.5,1,1.9,
KMT-2022-BLG-0530,BLG13N0506.018919,17:37:24.30,-34:45:01.73,9718.20861,27.97,0.462,19.73,20.0,20.39,2,2.98,
KMT-2022-BLG-0531,BLG13T0203.005983,17:33:48.86,-35:06:04.28,9740.21215,29.65,0.299,19.69,20.0,20.3,2,5.83,
KMT-2022-BLG-0532,BLG14K0607.012759,17:33:46.24,-28:03:24.26,9703.51228,11.08,0.784,19.33,19.57,19.57,2,2.66,
KMT-2022-BLG-0533,BLG14M0404.007571,17:39:27.23,-28:21:16.34,9704.93589,6.43,0.797,18.78,18.73,18.73,2,3.19,
KMT-2022-BLG-0534,BLG14M0701.020223,17:37:51.64,-28:47:06.58,9702.02989,123.53,0.017,23.64,20.0,20.47,2,3.52,
KMT-2022-BLG-0535,BLG14N0507.007772,17:38:50.63,-29:05:21.44,9698.09554,15.16,0.706,19.63,19.62,19.62,2,4.25,
KMT-2022-BLG-0536,BLG14N0607.001536,17:38:31.81,-29:07:54.23,9678.08609,80.77,0.613,18.83,17.65,17.65,2,4.07,
KMT-2022-BLG-0537,BLG14T0604.014899,17:33:35.56,-29:27:48.28,9693.30497,64.76,0.157,22.28,19.86,19.86,2,2.74,
KMT-2022-BLG-0538,BLG15K0702.020277,17:33:07.86,-26:30:35.10,9702.15163,44.02,0.037,21.88,20.0,21.02,2,3.0,
KMT-2022-BLG-0539,BLG15N0406.009742,17:39:48.87,-27:05:52.69,9704.41369,6.65,0.078,18.87,18.92,18.92,2,2.9,
KMT-2022-BLG-0540,BLG15T0208.076163,17:36:04.99,-26:51:40.39,9702.02836,15.99,0.086,21.84,20.0,22.16,2,2.31,
KMT-2022-BLG-0541,BLG15T0302.007099,17:35:28.62,-27:38:05.64,9705.117,11.58,0.426,18.7,18.83,18.83,2,2.62,MB22219
KMT-2022-BLG-0542,BLG15T0307.032032,17:35:21.58,-27:03:33.80,9706.88473,14.95,0.028,19.95,19.63,19.63,1,2.18,MB22223
KMT-2022-BLG-0543,BLG15T0407.026510,17:34:58.97,-27:02:26.81,9706.57061,50.32,0.582,20.22,19.46,19.46,1,2.06,
KMT-2022-BLG-0544,BLG15T0802.031504,17:32:30.29,-27:37:31.51,9701.67351,17.04,0.495,19.95,20.0,20.71,2,2.63,
KMT-2022-BLG-0545,BLG16N0506.007313,17:39:00.96,-25:01:17.62,9720.50974,30.61,0.102,19.39,19.44,19.44,2,2.79,
KMT-2022-BLG-0546,BLG16N0603.015700,17:38:35.73,-25:22:08.18,9700.52759,33.58,0.103,21.19,20.0,21.14,2,3.28,
KMT-2022-BLG-0547,BLG16T0403.025247,17:35:07.41,-25:27:30.17,9701.67152,23.2,0.115,22.28,20.0,22.23,2,4.04,
KMT-2022-BLG-0548,BLG17N0801.063759,17:45:03.50,-34:14:20.00,9699.78214,7.48,0.034,19.81,20.0,20.21,1,1.5,MB22207
KMT-2022-BLG-0549,BLG17T0305.101545,17:42:45.53,-33:44:15.54,9702.44921,122.5,0.067,22.81,20.0,25.0,3,2.82,
KMT-2022-BLG-0550,BLG17T0801.001751,17:39:47.58,-34:12:41.36,9717.60104,99.18,0.178,21.15,17.4,17.4,2,3.0,
KMT-2022-BLG-0551,BLG18K0501.074981,17:43:20.37,-26:38:52.40,9697.34661,26.05,0.289,20.46,20.0,21.58,2,3.05,
KMT-2022-BLG-0552,BLG18T0304.033805,17:44:15.75,-27:24:45.76,9700.776,13.98,0.006,21.61,20.0,21.97,3,4.41,
KMT-2022-BLG-0553,BLG19M0402.001129,17:48:41.22,-24:27:22.57,9737.83488,26.82,0.563,16.51,16.52,16.52,2,2.81,
KMT-2022-BLG-0554,BLG19N0608.088683,17:47:21.94,-24:47:23.35,9707.85197,94.75,0.051,22.74,20.0,25.0,3,3.39,
KMT-2022-BLG-0555,BLG19T0205.014694,17:45:13.75,-25:09:47.48,9704.73403,19.67,0.056,19.66,19.64,19.64,2,2.68,
KMT-2022-BLG-0556,BLG19T0306.045542,17:44:17.61,-24:58:30.36,9700.25456,19.48,0.212,20.96,20.0,20.92,2,2.72,
KMT-2022-BLG-0557,BLG19T0703.003541,17:42:11.88,-25:24:56.92,9743.41056,33.62,0.264,17.67,17.75,17.75,2,2.75,
KMT-2022-BLG-0558,BLG20T0508.035211,17:43:23.91,-22:38:47.76,9719.32653,57.33,0.008,20.2,20.0,20.23,2,1.62,
KMT-2022-BLG-0559,BLG21K0508.002278,17:51:21.95,-34:18:30.89,9703.9326,7.65,0.519,15.83,16.03,16.03,1,1.1,
KMT-2022-BLG-0560,BLG21M0502.037965,17:56:48.18,-35:09:00.50,9706.61475,33.2,0.135,20.09,19.69,19.69,1,0.75,MB22215
KMT-2022-BLG-0561,BLG22M0705.010280,17:55:22.46,-32:37:12.61,9704.34541,16.56,0.963,18.77,18.45,18.45,1,1.62,
KMT-2022-BLG-0562,BLG31K0401.005730,18:11:37.77,-25:43:44.51,9711.86518,34.54,0.996,18.47,17.56,17.56,1,1.29,
KMT-2022-BLG-0563,BLG31T0308.026758,18:11:56.42,-26:00:35.32,9716.163,22.04,0.372,18.88,18.99,18.99,1,1.07,MB22236
KMT-2022-BLG-0564,BLG32K0303.018792,18:09:39.30,-27:32:34.40,9713.07443,59.38,0.426,20.06,18.45,18.45,1,0.7,
KMT-2022-BLG-0565,BLG32N0205.011755,18:15:17.93,-28:25:51.20,9720.90011,46.99,0.983,18.11,18.1,18.1,1,0.47,
KMT-2022-BLG-0566,BLG33K0403.058021,18:11:09.56,-29:38:01.61,9716.35387,32.89,0.036,20.11,20.0,20.17,1,0.67,MB22231
KMT-2022-BLG-0567,BLG34K0201.049806,18:02:43.81,-32:04:00.08,9703.78612,16.31,0.004,19.64,19.98,19.98,1,0.93,MB22217
KMT-2022-BLG-0568,BLG34M0308.008938,18:07:31.93,-31:10:22.40,9703.06393,34.87,0.37,19.19,18.21,18.21,1,0.5,
KMT-2022-BLG-0569,BLG34T0706.002204,17:59:59.15,-32:34:23.48,9829.53484,70.92,0.131,16.34,16.35,16.35,1,1.23,
KMT-2022-BLG-0570,BLG35M0703.039065,18:05:08.09,-25:28:55.09,9702.93141,11.06,0.197,19.89,20.0,21.49,2,3.19,
KMT-2022-BLG-0571,BLG35N0102.006207,18:08:56.05,-26:44:31.60,9812.87052,88.37,0.684,17.67,17.76,17.76,1,1.31,MB22443
KMT-2022-BLG-0572,BLG37K0301.019937,17:43:00.48,-35:17:57.59,9709.60296,70.88,0.615,19.64,19.52,19.52,2,1.59,
KMT-2022-BLG-0573,BLG37N0801.000242,17:44:59.45,-36:25:10.45,9704.72055,6.42,0.386,15.28,15.29,15.29,2,1.97,
KMT-2022-BLG-0574,BLG37T0701.006915,17:40:34.47,-36:17:59.17,9707.90166,15.57,0.102,19.65,19.6,19.6,2,2.37,
KMT-2022-BLG-0575,BLG37T0708.004903,17:40:09.12,-35:28:44.83,9702.95666,9.76,0.468,17.92,17.96,17.96,2,1.66,
KMT-2022-BLG-0576,BLG38K0602.023051,17:51:55.93,-22:19:20.32,9698.61308,47.32,0.262,20.78,19.39,19.39,1,1.77,
KMT-2022-BLG-0577,BLG01K0808.014837,17:49:42.18,-30:07:05.70,9703.77906,48.74,0.563,20.17,19.12,19.12,1,3.9,
KMT-2022-BLG-0578,BLG01M0202.002123,17:58:15.07,-30:51:29.70,9698.09081,5.9,0.914,17.96,16.06,16.06,1,1.55,
KMT-2022-BLG-0579,BLG01M0807.060406,17:54:54.50,-30:15:06.52,9740.15215,146.21,0.111,19.81,20.0,20.41,2,1.93,
KMT-2022-BLG-0580,BLG01N0608.042843,17:55:59.66,-31:14:49.60,9696.76113,51.71,0.028,23.42,19.5,19.5,1,1.6,
KMT-2022-BLG-0581,BLG02M0101.073998,17:58:55.50,-28:52:59.02,9700.95001,97.27,0.02,23.82,19.39,19.39,1,1.13,
KMT-2022-BLG-0582,SSO02M0307.029625,17:57:53.46,-28:12:28.40,9711.11,50.59,0.026,19.43,19.04,19.04,1,1.9,MB22209
KMT-2022-BLG-0583,BLG03N0206.008053,18:06:01.83,-28:17:26.48,9721.31561,33.42,0.823,17.58,17.48,17.48,1,0.95,
KMT-2022-BLG-0584,BLG12T0202.004125,17:26:40.39,-28:42:56.41,9710.59661,93.03,0.025,21.92,18.07,18.07,2,2.05,
KMT-2022-BLG-0585,BLG13M0407.031535,17:37:48.97,-33:28:39.50,9694.19784,50.64,0.165,21.84,20.0,21.32,2,3.81,
KMT-2022-BLG-0586,BLG14K0506.096386,17:34:07.20,-28:07:13.40,9704.43991,20.55,0.092,21.69,20.0,22.03,2,2.71,
KMT-2022-BLG-0587,BLG14M0708.011148,17:38:03.19,-27:51:51.37,9707.0004,25.34,0.171,20.35,19.78,19.78,2,3.27,
KMT-2022-BLG-0588,BLG18K0704.061278,17:42:26.58,-26:18:47.27,9711.25045,37.55,0.196,20.44,20.0,21.54,2,2.94,
KMT-2022-BLG-0589,SSO18T0607.046998,17:43:00.97,-27:02:19.00,9702.28645,29.88,0.027,21.93,20.0,21.58,2,3.84,
KMT-2022-BLG-0590,SAO31T0602.001131,18:10:15.87,-26:41:43.01,9741.14401,61.31,0.965,16.11,15.56,15.56,1,1.49,MB22188
KMT-2022-BLG-0591,BLG32T0305.051253,18:09:49.04,-28:24:57.38,9699.56029,16.57,0.413,19.5,19.87,19.87,1,1.18,
KMT-2022-BLG-0592,BLG36T0301.030677,18:14:08.12,-24:43:36.98,9702.62845,13.52,0.136,19.78,19.79,19.79,1,1.61,
KMT-2022-BLG-0593,BLG41K0606.054551,17:50:35.01,-30:33:21.10,9707.29582,18.17,0.144,19.98,20.0,20.35,1,2.41,
KMT-2022-BLG-0594,BLG41M0204.041030,17:58:03.90,-30:44:43.12,9740.50132,96.87,0.042,19.75,19.6,19.6,1,1.71,
KMT-2022-BLG-0595,BLG41T0305.017525,17:52:35.15,-31:43:18.19,9714.15144,27.59,0.002,18.45,18.97,18.97,1,2.08,MB22222
KMT-2022-BLG-0596,BLG43M0406.083512,18:04:22.55,-27:16:55.42,9698.43341,25.56,0.305,20.18,19.97,19.97,1,0.91,
KMT-2022-BLG-0597,BLG43N0306.083718,18:05:04.91,-28:27:47.41,9697.64814,118.78,0.029,23.93,20.0,20.28,1,1.01,
KMT-2022-BLG-0598,SAO01K0201.055568,17:53:19.91,-30:58:32.59,9715.62841,199.17,0.059,21.98,19.86,19.86,1,1.89,
KMT-2022-BLG-0599,BLG01M0607.045541,17:55:42.53,-30:16:17.62,9697.32162,7.52,0.26,19.17,19.38,19.38,1,1.6,
KMT-2022-BLG-0600,BLG01T0108.009664,17:53:50.93,-31:11:32.78,9868.72856,199.97,0.198,18.58,18.16,18.16,1,2.19,MB22306
KMT-2022-BLG-0601,BLG02M0302.024347,17:57:36.21,-28:50:20.11,9699.67131,199.97,0.011,23.41,18.36,18.36,1,1.27,
KMT-2022-BLG-0602,BLG02M0308.001170,17:57:48.93,-28:02:44.59,9703.0028,7.8,0.243,18.75,15.76,15.76,1,2.43,MB22210
KMT-2022-BLG-0603,BLG02M0603.083974,17:55:49.56,-28:40:27.55,9701.15618,4.34,0.386,19.99,20.0,20.26,2,1.79,
KMT-2022-BLG-0604,BLG02M0803.010534,17:54:55.15,-28:40:24.78,9703.04736,45.35,0.008,22.37,17.86,17.86,2,2.1,MB22216
KMT-2022-BLG-0605,BLG02N0302.057210,17:57:30.07,-29:52:12.68,9700.90871,8.31,0.189,21.62,19.68,19.68,1,1.68,
KMT-2022-BLG-0606,BLG02N0308.023309,17:57:55.03,-29:09:21.82,9708.08534,37.3,0.226,20.03,18.53,18.53,1,1.22,
KMT-2022-BLG-0607,BLG02N0403.034229,17:57:13.41,-29:46:10.42,9715.04402,59.31,0.416,20.28,19.0,19.0,1,1.67,
KMT-2022-BLG-0608,BLG02N0608.053005,17:55:42.10,-29:09:23.04,9696.75823,12.84,0.331,19.53,19.57,19.57,2,1.69,
KMT-2022-BLG-0609,BLG02N0808.055033,17:54:36.18,-29:08:29.90,9702.50383,73.65,0.114,21.86,19.5,19.5,1,1.89,
KMT-2022-BLG-0610,BLG03K0608.008480,17:58:46.32,-26:54:45.00,9703.15085,10.41,0.031,21.14,18.22,18.22,1,2.63,MB22212
KMT-2022-BLG-0611,SSO03M0606.044767,18:03:31.45,-27:13:04.01,9700.19736,21.32,0.106,20.35,19.74,19.74,1,1.86,MB22203
KMT-2022-BLG-0612,SSO03M0808.054694,18:02:33.58,-26:57:57.10,9704.58955,20.9,0.072,20.73,20.0,20.52,1,2.25,
KMT-2022-BLG-0613,BLG04K0307.002564,18:02:24.95,-29:08:40.09,9727.17624,14.56,0.963,15.85,15.59,15.59,1,1.1,MB22235
KMT-2022-BLG-0614,BLG04T0307.033408,18:02:08.39,-30:17:49.60,9715.73352,19.76,0.436,18.97,18.95,18.95,1,0.99,
KMT-2022-BLG-0615,SAO13M0201.010616,17:38:59.99,-34:10:23.34,9702.12707,28.93,0.008,24.96,20.0,20.17,2,3.54,
KMT-2022-BLG-0616,SAO15N0402.089959,17:39:45.00,-27:39:14.87,9702.67767,8.24,0.052,22.03,20.0,21.78,3,3.09,
KMT-2022-BLG-0617,BLG15N0602.116064,17:38:12.87,-27:41:02.04,9720.49371,29.08,0.339,19.97,20.0,25.0,3,2.84,
KMT-2022-BLG-0618,BLG15T0508.013649,17:33:56.80,-26:51:42.52,9713.6358,42.48,0.999,19.58,19.51,19.51,2,2.28,
KMT-2022-BLG-0619,SAO15T0601.027917,17:33:39.75,-27:50:19.25,9757.00555,48.65,0.369,19.96,20.0,20.69,2,2.74,
KMT-2022-BLG-0620,SAO15T0602.038082,17:33:51.86,-27:42:26.46,9702.34226,8.29,0.055,21.62,20.0,20.86,2,2.64,
KMT-2022-BLG-0621,BLG16M0104.041089,17:41:24.72,-24:10:25.68,9770.16031,8.74,0.017,19.36,20.0,20.48,2,1.88,
KMT-2022-BLG-0622,BLG16M0204.066086,17:40:52.05,-24:08:01.46,9702.53682,24.09,0.42,19.83,20.0,21.58,2,2.1,
KMT-2022-BLG-0623,BLG17M0402.038010,17:47:47.99,-33:03:05.51,9703.2751,40.45,0.032,23.11,20.0,21.59,2,2.84,
KMT-2022-BLG-0624,BLG19M0708.042320,17:46:52.41,-23:43:23.59,9763.35398,52.15,0.006,23.18,19.97,19.97,1,2.16,
KMT-2022-BLG-0625,BLG19M0806.001547,17:46:39.76,-23:57:59.11,9724.63359,49.39,0.738,17.39,16.07,16.07,1,2.3,
KMT-2022-BLG-0626,BLG19N0106.049748,17:50:13.50,-25:02:05.14,9700.53767,8.04,0.684,19.86,20.0,22.36,2,4.23,
KMT-2022-BLG-0627,SSO21K0207.013336,17:53:37.10,-34:31:33.49,9704.61852,9.21,0.631,18.25,18.31,18.31,1,0.81,MB22214
KMT-2022-BLG-0628,BLG22K0402.014060,17:52:11.26,-33:03:22.28,9698.46388,89.96,0.061,23.76,18.75,18.75,1,1.74,
KMT-2022-BLG-0629,BLG33N0608.037894,18:14:56.95,-30:08:10.75,9707.78089,10.72,0.154,20.24,20.0,20.42,3,0.55,
KMT-2022-BLG-0630,BLG35N0308.041345,18:07:42.51,-25:54:18.29,9708.02904,27.65,0.203,21.05,19.54,19.54,1,1.41,
KMT-2022-BLG-0631,BLG41K0803.051920,17:49:27.84,-30:50:44.30,9698.87825,56.32,0.008,23.81,20.0,22.25,2,3.51,
KMT-2022-BLG-0632,BLG42K0101.005794,17:53:46.81,-29:04:20.50,9740.66048,25.7,0.391,16.49,16.38,16.38,1,1.9,
KMT-2022-BLG-0633,BLG42N0603.057580,17:55:35.36,-29:52:43.28,9705.76044,44.22,0.192,21.19,19.34,19.34,1,1.27,
KMT-2022-BLG-0634,SSO42N0705.084510,17:55:18.50,-29:40:39.00,9700.49149,18.96,0.119,20.57,19.64,19.64,1,1.46,
KMT-2022-BLG-0635,BLG42N0802.102287,17:54:19.17,-30:02:42.22,9712.86636,31.43,0.211,19.8,20.0,20.23,1,1.35,
KMT-2022-BLG-0636,BLG42N0803.043114,17:54:38.52,-29:54:33.19,9698.17926,7.67,0.127,20.71,18.83,18.83,1,1.4,MB22206
KMT-2022-BLG-0637,BLG42T0803.067288,17:49:24.88,-29:50:28.43,9702.29244,7.86,0.102,21.96,20.0,25.0,3,3.64,
KMT-2022-BLG-0638,BLG43K0704.008748,17:57:49.11,-27:32:34.76,9709.48688,25.79,0.918,18.97,18.1,18.1,2,2.45,
KMT-2022-BLG-0639,BLG43K0801.064953,17:57:02.49,-27:53:56.94,9699.46504,10.87,0.829,19.91,20.0,20.96,2,2.63,
KMT-2022-BLG-0640,BLG43K0806.031132,17:57:27.40,-27:19:19.31,9697.90686,18.93,0.098,21.23,20.0,20.99,2,2.87,
KMT-2022-BLG-0641,SSO43M0202.067228,18:05:25.40,-27:51:40.72,9703.75043,139.89,0.008,24.03,19.49,19.49,1,0.83,
KMT-2022-BLG-0642,BLG43N0103.057488,18:05:58.82,-28:49:44.40,9709.76807,28.68,0.171,19.57,19.61,19.61,1,0.93,
KMT-2022-BLG-0643,BLG43N0206.067433,18:05:29.28,-28:27:09.11,9699.35031,12.44,0.014,21.0,19.85,19.85,1,1.06,MB22208
KMT-2022-BLG-0644,BLG43N0401.051596,18:04:27.41,-29:05:36.82,9710.06557,9.53,0.365,19.2,19.24,19.24,1,0.88,
KMT-2022-BLG-0645,BLG02K0107.006952,17:54:06.36,-28:09:38.56,9758.47291,56.41,0.282,18.78,18.74,18.74,2,3.44,MB22326
KMT-2022-BLG-0646,BLG03N0305.010387,18:05:27.90,-28:25:14.30,9714.19895,14.92,0.393,18.72,17.86,17.86,1,1.01,
KMT-2022-BLG-0647,BLG03T0204.055253,18:01:13.72,-28:32:38.69,9711.57178,22.67,0.322,19.2,19.1,19.1,1,1.02,
KMT-2022-BLG-0648,BLG03T0305.020097,18:00:14.57,-28:26:25.19,9703.60275,170.66,0.004,24.37,18.18,18.18,1,1.27,MB22220
KMT-2022-BLG-0649,BLG04K0707.072629,17:59:46.76,-29:07:22.91,9711.08103,13.32,0.435,19.55,19.5,19.5,1,1.04,
KMT-2022-BLG-0650,BLG04K0803.079721,17:59:34.78,-29:39:45.11,9712.91058,25.18,0.065,19.82,19.94,19.94,1,1.22,MB22234
KMT-2022-BLG-0651,BLG12M0405.022871,17:30:11.96,-27:11:15.00,9704.24132,20.25,0.037,21.84,20.0,20.71,2,2.81,
KMT-2022-BLG-0652,SAO12N0707.051306,17:28:48.50,-28:06:53.78,9701.10643,6.02,0.844,19.83,20.0,20.99,2,2.16,
KMT-2022-BLG-0653,BLG13N0302.018743,17:38:12.16,-35:15:52.02,9722.80752,188.83,0.127,22.18,20.0,20.07,2,2.16,
KMT-2022-BLG-0654,BLG14M0502.084163,17:38:53.18,-28:40:32.74,9703.18181,54.33,0.014,23.35,20.0,25.0,3,3.92,
KMT-2022-BLG-0655,BLG15K0704.010744,17:33:18.06,-26:20:39.01,9705.02064,3.14,0.535,20.0,20.0,20.89,2,3.06,
KMT-2022-BLG-0656,BLG15N0408.003430,17:39:22.95,-26:56:12.44,9711.16064,20.31,0.903,18.79,18.16,18.16,2,3.02,
KMT-2022-BLG-0657,BLG15T0207.008854,17:35:35.38,-27:03:23.40,9795.25304,19.87,1.0,18.44,18.35,18.35,1,2.17,
KMT-2022-BLG-0658,BLG17N0605.041957,17:46:15.08,-33:43:51.71,9707.12523,53.87,0.474,20.38,19.87,19.87,1,1.58,
KMT-2022-BLG-0659,BLG18K0802.014826,17:41:51.55,-26:30:01.94,9705.4176,7.52,0.143,20.48,20.0,20.31,2,3.23,
KMT-2022-BLG-0660,BLG20N0602.007614,17:47:42.62,-23:26:44.81,9709.0891,51.39,0.281,20.53,18.19,18.19,2,1.7,
KMT-2022-BLG-0661,BLG22N0305.021824,17:57:45.92,-33:41:19.93,9732.28345,195.98,0.004,23.75,19.11,19.11,3,0.87,
KMT-2022-BLG-0662,SSO34N0207.013686,18:07:46.12,-32:23:29.18,9700.83168,17.3,0.154,21.72,18.84,18.84,1,0.57,
KMT-2022-BLG-0663,SAO41M0508.019535,17:56:15.65,-30:14:03.30,9704.50397,8.41,0.97,18.62,18.6,18.6,1,1.64,
KMT-2022-BLG-0664,BLG42M0105.088151,17:58:24.40,-28:34:00.80,9702.16138,24.13,0.141,21.35,20.0,20.53,1,1.65,
KMT-2022-BLG-0665,SAO42N0307.054792,17:57:44.05,-29:24:25.99,9702.34457,2.79,0.727,19.63,19.63,19.63,1,1.82,
KMT-2022-BLG-0666,BLG42N0502.029828,17:56:21.49,-29:58:47.10,9715.13793,17.41,0.039,18.94,18.85,18.85,1,1.66,MB22233
KMT-2022-BLG-0667,BLG42N0607.062472,17:55:40.32,-29:23:13.09,9698.0853,10.94,0.353,19.25,19.35,19.35,1,1.5,
KMT-2022-BLG-0668,SAO42T0103.084827,17:53:55.48,-29:55:28.20,9702.31501,3.08,0.042,21.01,19.76,19.76,1,1.7,MB22221
KMT-2022-BLG-0669,SAO42T0706.038818,17:50:02.76,-29:31:45.98,9700.58733,27.8,0.286,20.89,20.0,20.25,1,4.09,
KMT-2022-BLG-0670,SAO02T0106.048976,17:54:03.80,-29:26:06.61,9703.55256,79.26,0.012,24.28,19.27,19.27,1,1.83,
KMT-2022-BLG-0671,BLG04T0806.054039,17:59:30.75,-30:23:13.31,9706.18738,10.1,0.05,19.51,19.95,19.95,1,1.61,MB22227
KMT-2022-BLG-0672,SAO13N0301.037469,17:38:16.76,-35:21:46.30,9705.52957,5.53,0.461,20.09,20.0,20.87,2,2.19,
KMT-2022-BLG-0673,BLG14K0807.007292,17:32:11.29,-28:03:28.80,9717.30644,26.46,0.586,19.74,19.03,19.03,2,2.49,
KMT-2022-BLG-0674,BLG14T0508.004811,17:34:15.95,-28:59:27.17,9712.55874,9.54,0.583,18.52,18.53,18.53,2,3.25,
KMT-2022-BLG-0675,BLG15K0402.077611,17:34:42.18,-26:34:45.37,9704.94167,17.21,0.165,22.19,20.0,22.05,2,2.83,
KMT-2022-BLG-0676,BLG15M0701.058387,17:37:45.41,-26:38:57.01,9706.08754,21.8,0.202,22.21,20.0,21.62,2,3.02,
KMT-2022-BLG-0677,BLG17N0404.025941,17:47:32.63,-33:55:53.90,9703.63789,45.46,0.025,22.91,20.0,20.19,1,1.73,
KMT-2022-BLG-0678,BLG17T0301.057673,17:43:00.39,-34:13:58.91,9717.21668,24.59,0.058,20.67,20.0,20.54,1,2.03,
KMT-2022-BLG-0679,BLG17T0402.022213,17:42:24.80,-34:06:24.91,9717.82476,18.01,0.511,19.18,19.44,19.44,1,2.14,
KMT-2022-BLG-0680,BLG20M0301.004312,17:49:01.82,-22:27:52.49,9714.25478,119.6,0.893,17.95,17.89,17.89,1,2.1,
KMT-2022-BLG-0681,SAO22K0607.066606,17:51:07.17,-32:26:05.71,9708.06051,19.83,0.079,21.61,20.0,22.49,2,2.65,
KMT-2022-BLG-0682,BLG22T0401.006782,17:52:11.01,-34:17:55.90,9762.10425,53.24,0.561,18.27,18.11,18.11,1,1.2,MB22319
KMT-2022-BLG-0683,BLG22T0604.016300,17:50:44.72,-33:54:38.74,9716.00827,44.17,0.164,21.03,19.16,19.16,2,1.86,
KMT-2022-BLG-0684,BLG31K0706.009605,18:09:53.91,-25:08:42.68,9720.71599,21.7,0.495,19.74,18.55,18.55,1,1.89,
KMT-2022-BLG-0685,BLG32T0605.002394,18:08:11.31,-28:29:30.98,9715.99165,38.32,0.896,17.44,15.92,15.92,1,0.9,
KMT-2022-BLG-0686,BLG34T0701.000716,18:00:01.15,-33:05:53.59,9710.69679,4.09,0.246,15.4,15.41,15.41,1,1.28,
KMT-2022-BLG-0687,BLG34T0805.006593,17:59:23.32,-32:39:49.39,9711.97324,44.02,0.058,21.5,18.02,18.02,1,1.16,
KMT-2022-BLG-0688,BLG35K0105.012023,18:04:02.30,-25:11:14.35,9703.94631,23.88,0.088,22.6,19.84,19.84,2,3.11,
KMT-2022-BLG-0689,SAO35T0701.012022,18:00:45.29,-26:46:55.49,9727.73673,54.13,0.35,20.61,19.51,19.51,2,2.86,
KMT-2022-BLG-0690,SAO38T0301.005123,17:53:47.18,-23:34:58.62,9703.79142,13.87,0.801,19.39,18.56,18.56,4,3.49,
KMT-2022-BLG-0691,BLG41M0404.039706,17:56:59.32,-30:45:53.71,9704.54181,23.33,0.031,23.01,19.16,19.16,1,1.41,
KMT-2022-BLG-0692,BLG41T0602.020118,17:50:39.23,-32:09:27.14,9709.89994,9.0,0.509,19.8,20.0,20.85,2,3.46,
KMT-2022-BLG-0693,BLG42K0504.012319,17:51:21.71,-28:37:14.20,9708.25693,33.56,0.788,19.35,19.45,19.45,2,3.78,
KMT-2022-BLG-0694,SAO42K0601.013531,17:50:51.81,-29:00:58.82,9702.91509,10.4,0.895,19.92,20.0,20.32,2,4.71,
KMT-2022-BLG-0695,BLG42M0702.042304,17:54:59.58,-28:51:02.88,9705.02453,7.23,0.017,20.95,19.56,19.56,2,2.01,MB22224
KMT-2022-BLG-0696,BLG43K0201.034089,18:00:46.13,-27:56:59.32,9795.68911,110.87,0.025,18.96,19.01,19.01,1,1.48,MB22299
KMT-2022-BLG-0697,BLG43K0806.008211,17:57:11.01,-27:20:33.11,9699.85992,10.18,0.885,19.74,19.12,19.12,3,3.84,
KMT-2022-BLG-0698,BLG43N0407.043245,18:04:32.05,-28:20:58.49,9720.2423,16.94,0.179,18.96,18.95,18.95,1,1.03,MB22246
KMT-2022-BLG-0699,SSO01K0108.005177,17:54:13.57,-30:06:31.72,9709.66715,5.02,0.991,16.87,16.41,16.41,1,1.4,
KMT-2022-BLG-0700,BLG01T0608.016885,17:51:00.33,-31:11:58.67,9717.29446,19.18,0.398,19.78,19.98,19.98,2,2.77,
KMT-2022-BLG-0701,BLG02M0502.073488,17:56:30.33,-28:46:28.49,9708.52187,6.12,0.396,19.65,19.9,19.9,1,1.96,
KMT-2022-BLG-0702,BLG02N0501.027637,17:56:28.97,-30:00:54.22,9715.81956,11.44,0.098,18.72,18.73,18.73,1,1.55,MB22242
KMT-2022-BLG-0703,SAO02T0104.058928,17:54:16.29,-29:39:03.49,9705.6684,1.48,0.26,19.3,19.24,19.24,1,1.41,MB22226
KMT-2022-BLG-0704,BLG02T0206.023890,17:53:28.85,-29:20:38.00,9740.51615,156.93,0.005,21.23,18.63,18.63,1,2.09,MB22270
KMT-2022-BLG-0705,SSO02T0307.010040,17:52:56.43,-29:17:11.40,9715.02104,6.8,0.638,17.6,17.59,17.59,1,2.43,MB22238
KMT-2022-BLG-0706,BLG03N0105.053908,18:06:33.10,-28:29:20.29,9714.37812,78.14,0.002,22.7,19.58,19.58,1,0.92,
KMT-2022-BLG-0707,SSO03T0205.037220,18:00:59.94,-28:27:21.71,9708.27338,13.62,0.017,22.5,18.73,18.73,1,1.15,
KMT-2022-BLG-0708,SSO04K0502.088445,18:01:13.91,-29:46:27.08,9708.23219,10.29,0.041,21.78,20.0,20.28,1,1.23,
KMT-2022-BLG-0709,SSO04M0201.000060,18:08:01.66,-29:58:11.53,9734.5278,41.7,0.898,13.98,12.69,12.69,3,0.78,
KMT-2022-BLG-0710,BLG12T0102.003198,17:27:02.42,-28:43:13.62,9715.49419,7.72,0.882,17.62,17.63,17.63,2,2.03,
KMT-2022-BLG-0711,BLG13N0108.088594,17:39:43.53,-34:26:35.02,9706.71842,12.24,0.191,22.22,20.0,22.13,2,2.5,
KMT-2022-BLG-0712,SAO13N0707.077416,17:35:49.10,-34:36:17.42,9707.46195,43.83,0.293,21.64,20.0,25.0,3,3.72,
KMT-2022-BLG-0713,BLG14M0108.039002,17:41:19.26,-27:52:26.90,9712.10913,44.11,0.181,21.65,20.0,21.0,2,3.28,
KMT-2022-BLG-0714,BLG14M0502.065958,17:39:14.14,-28:42:29.74,9709.67654,24.42,0.07,21.93,20.0,22.17,2,4.45,
KMT-2022-BLG-0715,BLG14T0603.003142,17:33:28.78,-29:38:47.26,9711.05737,6.99,0.992,17.99,17.83,17.83,2,3.01,
KMT-2022-BLG-0716,BLG14T0704.095052,17:32:56.12,-29:29:26.56,9716.96583,18.08,0.078,20.01,20.0,25.0,3,3.13,
KMT-2022-BLG-0717,SAO17K0108.014964,17:44:03.98,-32:17:20.98,9706.82865,90.1,0.015,24.16,20.0,21.91,3,5.52,
KMT-2022-BLG-0718,BLG17T0203.001749,17:43:45.36,-34:03:12.71,9741.40475,19.79,0.713,17.02,16.48,16.48,1,2.05,
KMT-2022-BLG-0719,BLG18K0606.036993,17:42:38.58,-26:02:55.18,9706.7696,2.25,0.207,19.87,20.0,20.65,2,2.74,
KMT-2022-BLG-0720,BLG19T0304.043046,17:44:32.27,-25:19:05.45,9728.40447,37.64,0.223,20.53,20.0,21.07,2,3.21,
KMT-2022-BLG-0721,BLG19T0607.013857,17:42:46.10,-24:57:16.81,9707.02266,22.41,0.023,23.33,19.33,19.33,1,2.58,
KMT-2022-BLG-0722,BLG20M0804.014551,17:46:24.54,-22:04:03.25,9729.1583,51.84,0.381,19.77,19.74,19.74,4,1.97,
KMT-2022-BLG-0723,BLG20N0807.042417,17:46:16.63,-22:49:47.71,9707.68567,9.36,0.385,20.91,19.82,19.82,1,1.53,
KMT-2022-BLG-0724,BLG21T0207.044961,17:53:13.37,-35:39:23.80,9715.23309,110.61,0.012,22.68,20.0,20.07,1,0.83,
KMT-2022-BLG-0725,BLG22N0206.023093,17:58:44.64,-33:34:51.71,9718.96228,20.45,0.147,19.16,19.06,19.06,1,1.03,MB22243
KMT-2022-BLG-0726,BLG32K0406.003738,18:09:17.79,-27:09:21.10,9713.0934,4.56,0.353,17.17,16.8,16.8,1,1.2,MB22232
KMT-2022-BLG-0727,BLG32K0602.004766,18:07:51.15,-27:42:37.40,9709.01638,84.32,0.023,21.82,17.0,17.0,1,1.01,MB22237
KMT-2022-BLG-0728,BLG32T0602.039312,18:08:09.82,-28:47:40.70,9705.15519,6.05,0.064,21.32,19.26,19.26,1,0.97,
KMT-2022-BLG-0729,BLG33K0603.002268,18:09:56.87,-29:37:12.90,9718.05003,36.12,0.971,18.72,16.31,16.31,1,0.69,
KMT-2022-BLG-0730,BLG35K0102.046004,18:03:57.78,-25:38:37.32,9706.34959,11.57,0.299,21.0,20.0,21.54,2,3.09,
KMT-2022-BLG-0731,BLG37K0701.095060,17:40:15.43,-35:16:00.55,9706.98287,7.82,0.943,19.95,20.0,25.0,3,1.86,
KMT-2022-BLG-0732,BLG37T0705.002759,17:40:27.37,-35:51:27.97,9743.75519,27.02,0.035,17.81,17.82,17.82,2,2.54,
KMT-2022-BLG-0733,SAO38N0704.004609,17:56:10.57,-23:09:51.23,9748.76291,41.91,0.078,18.37,18.31,18.31,4,4.0,
KMT-2022-BLG-0734,BLG41T0701.040514,17:50:17.92,-32:11:57.77,9707.73873,7.04,0.914,20.66,20.0,22.18,2,4.16,
KMT-2022-BLG-0735,BLG42N0508.044510,17:56:26.45,-29:16:18.01,9725.99334,22.91,0.225,19.33,19.28,19.28,1,1.79,MB22259
KMT-2022-BLG-0736,BLG43K0407.001886,17:59:36.65,-27:13:12.50,9728.10565,51.6,0.551,18.44,15.88,15.88,1,1.88,
KMT-2022-BLG-0737,BLG43K0804.008665,17:57:14.30,-27:32:57.80,9715.16117,10.71,0.006,19.59,19.59,19.59,2,4.06,MB22244
KMT-2022-BLG-0738,BLG43M0401.090384,18:04:28.15,-27:59:05.32,9726.68237,39.87,0.118,20.34,20.0,20.36,1,1.18,MB22251
KMT-2022-BLG-0739,BLG01T0406.042805,17:52:26.73,-31:31:45.52,9709.21292,3.15,0.051,20.14,20.0,20.41,1,2.64,
KMT-2022-BLG-0740,BLG02M0608.024192,17:56:01.15,-27:58:19.24,9739.1927,59.09,0.146,20.02,20.0,20.06,2,2.67,
KMT-2022-BLG-0741,BLG02M0803.070694,17:54:58.14,-28:41:19.72,9720.81228,69.68,0.035,21.02,20.0,20.54,2,2.08,MB22247
KMT-2022-BLG-0742,BLG02T0301.024041,17:52:43.33,-30:03:05.18,9711.99656,6.06,0.119,18.5,18.61,18.61,1,1.65,MB22250
KMT-2022-BLG-0743,BLG03M0405.011536,18:04:51.56,-27:18:06.80,9711.58573,3.93,0.803,17.81,17.7,17.7,1,0.9,
KMT-2022-BLG-0744,BLG03N0405.037615,18:04:34.29,-28:22:54.19,9712.12309,3.76,0.665,18.6,18.87,18.87,1,0.95,
KMT-2022-BLG-0745,BLG04K0703.066191,18:00:05.59,-29:40:15.60,9709.33226,12.48,0.026,20.94,19.69,19.69,1,1.3,
KMT-2022-BLG-0746,BLG14N0501.008416,17:39:16.94,-29:53:18.74,9718.75612,30.56,0.248,20.09,20.0,20.37,2,5.67,
KMT-2022-BLG-0747,BLG14T0107.001776,17:36:29.50,-29:06:13.86,9711.67805,23.43,0.999,18.84,17.13,17.13,2,2.98,
KMT-2022-BLG-0748,BLG14T0708.017063,17:33:06.00,-29:01:46.42,9703.04716,10.63,0.786,19.81,20.0,20.17,2,2.92,
KMT-2022-BLG-0749,BLG17N0504.000844,17:46:51.82,-33:55:36.59,9708.98863,3.31,0.461,18.72,15.82,15.82,1,1.69,
KMT-2022-BLG-0750,SSO17N0703.066366,17:45:43.77,-34:00:47.81,9708.6543,7.4,0.049,20.62,20.0,20.39,1,1.76,
KMT-2022-BLG-0751,BLG18T0607.020020,17:42:36.96,-26:59:17.63,9719.14464,38.97,0.199,21.29,20.0,20.69,2,3.71,
KMT-2022-BLG-0752,BLG19T0406.087235,17:43:56.83,-25:05:49.92,9711.53382,5.88,0.437,20.02,20.0,25.0,3,3.06,
KMT-2022-BLG-0753,BLG20N0102.003801,17:50:23.85,-23:27:30.06,9733.9652,199.78,0.326,19.7,17.64,17.64,2,2.15,
KMT-2022-BLG-0754,BLG31K0608.005230,18:10:22.39,-24:48:36.11,9716.94854,53.32,0.283,20.78,18.44,18.44,4,2.49,
KMT-2022-BLG-0755,SSO33M0705.028015,18:13:58.75,-29:25:00.41,9710.13744,7.26,0.564,18.95,19.07,19.07,1,0.44,
KMT-2022-BLG-0756,BLG42M0402.004008,17:56:46.02,-28:57:02.09,9799.74424,54.39,0.036,16.25,16.3,16.3,1,2.05,MB22286
KMT-2022-BLG-0757,BLG43K0401.009217,17:59:31.45,-27:54:12.38,9720.27205,58.43,0.416,19.54,17.62,17.62,1,1.65,
KMT-2022-BLG-0758,BLG43N0804.091188,18:02:12.65,-28:40:19.09,9709.89188,8.2,0.372,19.97,20.0,20.2,1,1.17,
KMT-2022-BLG-0759,BLG43N0806.040388,18:02:05.23,-28:26:56.11,9724.65276,20.01,0.532,18.77,18.78,18.78,1,1.07,
KMT-2022-BLG-0760,BLG01K0103.001824,17:54:06.01,-30:46:40.19,9762.46651,38.08,0.963,17.16,15.97,15.97,1,1.8,MB22303
KMT-2022-BLG-0761,BLG03K0402.064235,17:59:44.06,-27:40:10.70,9712.10808,19.18,0.29,21.28,19.99,19.99,1,1.87,
KMT-2022-BLG-0762,SAO03N0307.033313,18:05:11.04,-28:07:00.98,9673.43261,37.35,0.002,24.94,18.59,18.59,1,0.84,
KMT-2022-BLG-0763,BLG03N0404.068202,18:04:57.97,-28:36:36.79,9716.37906,11.0,0.212,19.44,19.59,19.59,1,0.83,
KMT-2022-BLG-0764,SAO04K0403.038056,18:01:29.38,-29:37:47.78,9732.52825,34.35,0.485,19.75,18.89,18.89,1,1.27,
KMT-2022-BLG-0765,BLG17M0404.041489,17:47:21.03,-32:42:15.37,9712.26903,7.67,0.369,20.39,20.0,21.66,2,3.52,
KMT-2022-BLG-0766,BLG19T0205.060493,17:45:15.98,-25:08:08.20,9709.89789,15.73,0.184,21.88,20.0,21.13,2,2.89,
KMT-2022-BLG-0767,BLG22K0207.022656,17:53:31.16,-32:25:38.78,9718.58346,28.83,0.923,19.04,19.09,19.09,1,1.57,
KMT-2022-BLG-0768,BLG31M0806.042591,18:13:54.94,-25:07:04.30,9711.94875,14.77,0.087,21.55,19.99,19.99,1,1.29,
KMT-2022-BLG-0769,BLG41K0608.003689,17:50:46.33,-30:18:33.77,9710.91945,158.46,0.002,23.93,16.64,16.64,4,2.48,
KMT-2022-BLG-0770,BLG41N0801.019618,17:54:23.83,-32:15:27.79,9750.85378,82.5,0.795,19.24,19.06,19.06,1,1.67,
KMT-2022-BLG-0771,SAO42K0307.049602,17:52:20.70,-28:18:31.36,9709.95904,27.72,0.002,23.67,20.0,21.49,2,3.95,
KMT-2022-BLG-0772,BLG42K0404.049225,17:52:10.98,-28:40:46.81,9709.85057,9.23,0.08,22.26,20.0,21.74,3,3.39,
KMT-2022-BLG-0773,SAO42T0101.015404,17:53:54.57,-30:06:00.22,9712.89809,194.51,0.026,23.67,18.13,18.13,1,1.45,
KMT-2022-BLG-0774,BLG42T0404.058257,17:52:00.93,-29:46:57.61,9712.17474,62.2,0.584,20.02,19.89,19.89,1,2.4,
KMT-2022-BLG-0775,BLG43K0407.020850,17:59:35.30,-27:09:04.28,9717.0232,24.12,0.062,21.2,18.86,18.86,1,2.17,
KMT-2022-BLG-0776,BLG43N0301.018809,18:05:02.48,-29:00:35.78,9711.5862,3.72,0.923,19.32,18.39,18.39,1,0.88,
KMT-2022-BLG-0777,BLG02T0303.059029,17:52:56.00,-29:45:42.30,9711.5894,5.33,0.779,18.7,19.47,19.47,1,1.92,
KMT-2022-BLG-0778,BLG11K0106.009185,17:27:00.74,-29:13:45.91,9716.31226,23.55,0.057,21.23,18.68,18.68,1,1.94,
KMT-2022-BLG-0779,BLG11K0808.030483,17:23:05.72,-28:57:52.78,9644.18013,0.52,0.012,21.89,20.0,20.52,2,1.77,
KMT-2022-BLG-0780,BLG14K0203.049101,17:36:01.29,-28:33:14.40,9754.22465,59.89,0.716,19.54,20.0,21.26,2,3.13,
KMT-2022-BLG-0781,BLG22N0807.027588,17:54:50.63,-33:30:41.69,9720.81163,13.54,0.13,19.19,19.17,19.17,1,1.3,
KMT-2022-BLG-0782,BLG33M0703.017021,18:14:07.27,-29:44:00.38,9748.45736,37.78,0.21,19.01,18.57,18.57,1,0.43,MB22308
KMT-2022-BLG-0783,BLG41K0406.008187,17:52:10.47,-30:27:25.20,9814.44293,129.38,0.48,17.86,17.71,17.71,1,2.15,
KMT-2022-BLG-0784,BLG41M0506.048699,17:56:27.96,-30:29:58.31,9713.29133,6.32,0.16,20.11,20.0,20.05,1,2.35,
KMT-2022-BLG-0785,SAO42K0504.039338,17:51:32.80,-28:36:24.62,9711.18348,18.2,0.019,23.78,20.0,21.44,2,3.39,
KMT-2022-BLG-0786,BLG01K0106.013114,17:53:52.20,-30:22:44.40,9710.66822,154.66,0.002,25.18,17.97,17.97,1,1.54,
KMT-2022-BLG-0787,BLG01M0303.040313,17:57:44.30,-30:44:44.30,9725.65005,39.16,0.486,19.68,19.47,19.47,1,1.62,
KMT-2022-BLG-0788,BLG01M0706.058860,17:55:11.96,-30:23:41.39,9712.15927,8.03,0.202,20.73,20.0,20.08,1,2.27,
KMT-2022-BLG-0789,BLG01T0302.038970,17:52:45.90,-32:01:49.80,9710.93577,44.32,0.044,22.9,19.7,19.7,1,1.91,
KMT-2022-BLG-0790,SAO02N0107.070803,17:59:04.58,-29:16:53.11,9712.10442,199.75,0.002,24.46,19.29,19.29,1,1.01,MB22239
KMT-2022-BLG-0791,BLG11K0303.008264,17:25:52.21,-29:35:48.08,9728.58017,55.76,0.272,20.63,18.73,18.73,1,2.23,
KMT-2022-BLG-0792,SAO11T0103.043851,17:27:15.90,-30:39:43.63,9713.48959,13.86,0.056,22.34,20.0,21.37,2,3.09,
KMT-2022-BLG-0793,BLG12N0302.002953,17:30:55.88,-28:44:39.80,9801.09657,71.01,0.862,17.41,17.48,17.48,2,2.41,
KMT-2022-BLG-0794,BLG12N0308.021758,17:31:06.04,-27:56:27.67,9744.42854,63.76,0.201,19.97,19.97,19.97,2,2.28,
KMT-2022-BLG-0795,BLG14M0107.080881,17:41:07.45,-27:57:49.18,9712.14936,5.28,0.293,20.53,20.0,22.34,2,3.95,
KMT-2022-BLG-0796,BLG15N0503.086128,17:39:13.19,-27:34:08.51,9712.38705,8.26,0.053,21.92,20.0,21.5,2,2.59,
KMT-2022-BLG-0797,BLG16T0103.003502,17:36:22.32,-25:27:50.11,9708.75979,23.8,0.91,20.02,20.0,20.0,2,4.51,
KMT-2022-BLG-0798,BLG17K0802.004312,17:39:59.18,-33:02:01.36,9724.35744,11.01,0.216,18.66,18.69,18.69,2,3.63,
KMT-2022-BLG-0799,SAO18K0204.033969,17:45:16.57,-26:15:31.18,9711.87953,6.02,0.201,20.01,20.0,20.77,2,3.23,
KMT-2022-BLG-0800,SAO18M0701.094232,17:47:12.01,-26:35:01.07,9711.44266,0.99,0.133,20.03,20.0,25.0,3,4.88,
KMT-2022-BLG-0801,BLG19K0504.025569,17:43:14.57,-24:11:24.50,9711.04414,3.28,0.361,20.74,19.21,19.21,1,1.77,
KMT-2022-BLG-0802,BLG19T0304.039713,17:44:17.71,-25:17:27.71,9712.86532,6.19,0.053,21.76,20.0,20.98,2,3.08,
KMT-2022-BLG-0803,BLG22M0807.061133,17:55:01.64,-32:19:39.90,9712.12672,27.38,0.09,22.42,20.0,20.19,1,1.65,
KMT-2022-BLG-0804,BLG22N0808.067452,17:54:34.94,-33:24:29.38,9715.71454,15.58,0.294,20.44,20.0,22.16,2,1.49,
KMT-2022-BLG-0805,BLG33N0603.004970,18:14:37.32,-30:44:47.65,9787.66042,48.02,0.364,19.25,17.84,17.84,4,0.5,
KMT-2022-BLG-0806,BLG35M0303.033033,18:07:30.09,-25:27:29.02,9727.71407,25.33,0.456,19.31,19.3,19.3,1,1.43,
KMT-2022-BLG-0807,BLG37K0301.059304,17:42:46.16,-35:14:53.84,9714.66505,109.46,0.14,22.42,20.0,20.7,2,1.5,
KMT-2022-BLG-0808,BLG41K0806.006383,17:49:26.77,-30:32:18.20,9727.55471,74.65,0.885,19.25,17.69,17.69,1,3.25,
KMT-2022-BLG-0809,BLG42M0301.090123,17:57:31.95,-29:02:19.72,9716.07183,10.74,0.542,19.75,19.95,19.95,1,1.41,
KMT-2022-BLG-0810,BLG01M0103.013103,17:58:55.71,-30:47:26.20,9724.52076,12.56,0.236,18.88,18.59,18.59,1,1.62,MB22255
KMT-2022-BLG-0811,BLG01T0703.038130,17:50:36.36,-31:53:18.24,9710.33423,36.49,0.072,22.79,20.0,22.23,2,4.43,
KMT-2022-BLG-0812,BLG02K0605.025885,17:51:00.25,-28:25:37.60,9717.40301,16.36,0.123,20.47,20.0,20.57,2,4.33,
KMT-2022-BLG-0813,BLG02M0307.022490,17:57:45.43,-28:12:03.31,9723.62986,182.99,0.029,22.82,18.77,18.77,1,1.9,
KMT-2022-BLG-0814,BLG02M0801.018636,17:54:40.09,-28:55:33.74,9716.80848,21.38,0.031,20.12,18.54,18.54,2,1.9,
KMT-2022-BLG-0815,SAO03K0805.014979,17:57:43.22,-27:17:21.19,9733.39867,43.85,0.284,20.53,19.62,19.62,2,2.82,
KMT-2022-BLG-0816,BLG03T0507.018645,17:59:17.64,-28:14:04.49,9709.98311,9.3,0.999,19.32,18.5,18.5,1,1.46,
KMT-2022-BLG-0817,BLG04K0804.010867,17:59:26.75,-29:35:57.98,9718.49044,111.63,1.0,18.0,17.94,17.94,1,1.36,
KMT-2022-BLG-0818,BLG04T0304.039922,18:02:00.88,-30:40:12.50,9715.04707,12.58,0.999,19.39,19.5,19.5,1,1.25,
KMT-2022-BLG-0819,BLG12N0604.004535,17:29:17.59,-28:28:20.50,9783.99858,199.97,0.23,18.69,18.11,18.11,2,2.03,
KMT-2022-BLG-0820,BLG13M0108.001601,17:39:39.13,-33:24:20.95,9786.75174,174.99,0.793,17.79,17.54,17.54,2,3.25,
KMT-2022-BLG-0821,SAO14K0402.100563,17:34:28.16,-28:38:23.60,9716.04288,13.04,0.184,21.44,20.0,22.41,2,3.41,
KMT-2022-BLG-0822,BLG14K0505.033397,17:34:22.39,-28:18:50.15,9718.88334,17.16,0.092,20.51,20.0,20.52,2,2.95,
KMT-2022-BLG-0823,SAO14M0508.055762,17:38:49.11,-27:51:28.80,9712.68091,19.03,0.072,22.0,20.0,21.01,2,2.66,
KMT-2022-BLG-0824,BLG14T0308.048411,17:35:29.43,-29:00:56.56,9713.34353,14.87,0.039,23.08,20.0,21.41,2,3.32,
KMT-2022-BLG-0825,BLG15T0603.024090,17:33:18.44,-27:29:26.16,9714.64985,11.16,0.387,19.34,20.0,20.75,2,2.78,
KMT-2022-BLG-0826,BLG16M0206.046212,17:40:42.73,-23:51:46.66,9726.67023,40.92,0.049,20.94,20.0,20.7,2,1.75,
KMT-2022-BLG-0827,BLG16M0404.076613,17:39:38.73,-24:09:25.99,9715.59063,7.3,0.459,20.03,20.0,21.65,2,1.62,
KMT-2022-BLG-0828,BLG17T0304.011864,17:42:55.17,-33:54:13.79,9715.63367,11.03,0.078,21.89,19.42,19.42,1,2.43,
KMT-2022-BLG-0829,BLG18K0604.020119,17:42:47.92,-26:17:46.25,9724.06569,80.52,0.058,22.46,20.0,20.06,2,2.86,
KMT-2022-BLG-0830,BLG18K0605.072085,17:42:49.55,-26:09:11.48,9713.03109,42.02,0.025,24.06,20.0,21.67,2,3.11,
KMT-2022-BLG-0831,BLG18T0506.104729,17:43:15.25,-27:04:17.69,9713.34812,2.09,0.535,20.69,20.0,25.0,3,3.73,
KMT-2022-BLG-0832,BLG19M0208.003739,17:49:27.48,-23:42:14.00,9723.01598,50.47,0.78,19.13,17.59,17.59,4,2.09,
KMT-2022-BLG-0833,BLG22K0405.001566,17:52:22.67,-32:35:24.50,9703.01711,38.87,0.204,20.82,15.82,15.82,1,1.49,
KMT-2022-BLG-0834,BLG32T0404.007603,18:08:57.51,-28:30:08.60,9743.44307,38.35,0.484,18.86,17.66,17.66,1,1.0,
KMT-2022-BLG-0835,BLG34T0208.043833,18:03:14.01,-32:15:46.91,9714.77361,84.11,0.028,23.72,19.96,19.96,1,1.06,
KMT-2022-BLG-0836,BLG35M0303.067999,18:07:18.65,-25:23:57.80,9713.80897,19.41,0.089,21.44,20.0,20.35,1,1.74,
KMT-2022-BLG-0837,BLG35T0103.084948,18:04:15.24,-26:36:13.79,9716.15289,13.04,0.115,20.98,20.0,25.0,3,2.28,
KMT-2022-BLG-0838,BLG37M0801.004649,17:44:51.74,-35:13:33.02,9734.82088,28.52,0.98,18.96,17.45,17.45,2,1.4,
KMT-2022-BLG-0839,SAO37T0202.027272,17:43:44.52,-36:14:53.27,9717.60942,11.17,0.438,20.01,20.0,20.3,2,1.39,
KMT-2022-BLG-0840,BLG37T0408.106845,17:42:06.40,-35:28:15.71,9715.92731,11.52,0.007,21.16,20.0,25.0,3,1.67,
KMT-2022-BLG-0841,BLG41K0502.049192,17:51:19.77,-31:02:40.78,9724.97053,18.66,0.068,20.35,20.0,20.48,2,2.55,MB22253
KMT-2022-BLG-0842,BLG41M0503.067567,17:56:22.43,-30:53:10.21,9718.53978,28.91,0.08,21.15,19.59,19.59,1,1.31,
KMT-2022-BLG-0843,BLG41N0203.024987,17:58:21.07,-32:02:22.49,9714.58612,2.21,0.215,20.85,19.36,19.36,1,1.57,
KMT-2022-BLG-0844,SAO42N0505.023497,17:56:30.21,-29:37:54.91,9769.4232,63.99,0.197,18.65,18.44,18.44,1,1.57,MB22295
KMT-2022-BLG-0845,BLG42T0302.060319,17:52:34.59,-30:03:22.21,9715.13921,6.93,0.531,19.8,19.63,19.63,1,1.86,
KMT-2022-BLG-0846,BLG42T0506.026873,17:51:26.58,-29:30:43.20,9711.51551,47.02,0.191,21.08,19.38,19.38,1,2.73,
KMT-2022-BLG-0847,BLG43M0106.083755,18:06:01.81,-27:21:06.01,9714.44085,3.19,0.297,20.0,20.0,20.2,1,0.93,
KMT-2022-BLG-0848,BLG43T0103.065286,18:01:17.06,-28:52:36.70,9713.57123,3.2,0.279,19.22,19.32,19.32,1,0.97,
KMT-2022-BLG-0849,BLG02N0101.085616,17:58:59.92,-30:01:34.28,9720.72434,12.72,0.579,19.83,20.0,20.33,1,1.29,
KMT-2022-BLG-0850,BLG04K0303.078584,18:02:19.55,-29:37:17.00,9723.7577,43.86,0.4,20.02,19.96,19.96,1,1.26,
KMT-2022-BLG-0851,BLG11M0502.029634,17:29:44.71,-29:38:34.40,9735.67942,43.74,0.071,20.2,20.0,20.03,2,2.17,
KMT-2022-BLG-0852,BLG19K0303.061812,17:44:33.00,-24:16:01.88,9715.04678,12.32,0.074,21.63,20.0,20.27,1,1.82,
KMT-2022-BLG-0853,SAO32K0702.039921,18:07:28.21,-27:39:55.80,9724.20579,12.77,0.008,19.01,19.1,19.1,1,0.87,
KMT-2022-BLG-0854,BLG38K0403.007212,17:53:00.24,-22:09:33.66,9728.45309,45.0,0.038,21.21,18.35,18.35,4,2.11,
KMT-2022-BLG-0855,BLG42N0303.003226,17:57:42.94,-29:53:41.39,9715.77995,0.7,0.347,18.45,16.19,16.19,1,1.64,
KMT-2022-BLG-0856,BLG43K0602.021232,17:58:32.32,-27:52:43.39,9716.43284,2.78,0.502,18.59,19.07,19.07,1,2.59,
KMT-2022-BLG-0857,SAO43N0105.051335,18:06:17.74,-28:30:16.99,9715.9973,1.74,0.441,19.55,19.5,19.5,1,0.95,
KMT-2022-BLG-0858,BLG01K0401.004062,17:52:05.07,-31:01:08.69,9764.81651,27.87,1.0,17.33,16.69,16.69,1,2.06,MB22309
KMT-2022-BLG-0859,BLG03M0705.016956,18:02:58.20,-27:20:08.99,9719.9721,14.46,0.168,20.23,18.99,18.99,1,1.76,
KMT-2022-BLG-0860,BLG04T0403.008793,18:01:50.30,-30:47:43.91,9725.64096,44.43,0.233,20.73,18.16,18.16,1,1.4,
KMT-2022-BLG-0861,BLG20T0306.009345,17:44:20.88,-22:51:44.78,9715.95423,6.94,0.097,20.68,19.15,19.15,2,2.01,
KMT-2022-BLG-0862,SAO31M0702.008822,18:14:20.74,-25:33:19.91,9719.55698,16.7,0.097,20.77,18.42,18.42,1,1.41,
KMT-2022-BLG-0863,BLG34M0703.061005,18:04:50.01,-31:49:00.01,9717.00298,5.12,0.672,20.04,20.0,20.35,1,0.84,
KMT-2022-BLG-0864,SAO43K0603.029415,17:58:20.20,-27:43:28.20,9717.28225,1.35,0.013,18.95,18.96,18.96,1,1.96,
KMT-2022-BLG-0865,SAO43K0605.060429,17:58:24.87,-27:23:05.06,9716.94321,9.66,0.023,22.19,20.0,20.14,2,2.47,
KMT-2022-BLG-0866,BLG02N0801.101966,17:55:02.14,-30:03:08.78,9725.32866,23.46,0.182,20.14,20.0,20.46,1,1.32,
KMT-2022-BLG-0867,BLG21N0303.008399,17:58:06.78,-36:04:07.07,9722.45856,10.26,0.34,19.23,18.56,18.56,4,0.6,
KMT-2022-BLG-0868,BLG32T0307.038429,18:09:27.92,-28:07:22.19,9716.43634,81.19,0.6,19.17,19.19,19.19,1,0.86,
KMT-2022-BLG-0869,BLG38T0707.001561,17:51:14.10,-22:47:40.49,9752.0977,82.86,0.999,17.57,16.2,16.2,1,2.16,
KMT-2022-BLG-0870,BLG41K0706.009725,17:50:00.29,-30:30:48.49,9713.74012,39.95,0.377,20.89,17.82,17.82,1,2.77,
KMT-2022-BLG-0871,BLG01M0401.054118,17:57:27.47,-31:03:30.31,9719.18101,199.3,0.004,24.48,19.47,19.47,1,1.17,
KMT-2022-BLG-0872,BLG01M0606.048916,17:55:51.85,-30:22:46.88,9719.14226,15.73,0.027,20.89,19.94,19.94,1,2.17,
KMT-2022-BLG-0873,BLG01N0102.009417,17:59:11.54,-32:00:24.80,9723.11411,22.64,0.181,20.97,18.64,18.64,1,1.76,
KMT-2022-BLG-0874,BLG02M0706.010483,17:55:27.73,-28:18:21.82,9727.33526,88.44,0.035,19.95,18.34,18.34,4,2.31,MB22249
KMT-2022-BLG-0875,BLG02N0406.069192,17:57:01.68,-29:22:58.01,9724.14034,10.57,0.122,19.82,19.83,19.83,1,1.7,MB22257
KMT-2022-BLG-0876,BLG02T0102.004238,17:54:12.17,-29:52:41.09,9721.92251,6.41,0.547,19.32,15.95,15.95,1,1.37,
KMT-2022-BLG-0877,BLG03N0106.026396,18:06:15.81,-28:15:23.51,9722.5056,6.08,0.701,19.39,18.73,18.73,1,0.77,
KMT-2022-BLG-0878,BLG04T0104.008999,18:03:16.61,-30:42:05.80,9720.85469,36.16,0.087,22.39,18.44,18.44,1,1.34,
KMT-2022-BLG-0879,BLG12M0203.029625,17:31:20.88,-27:29:25.76,9717.91371,7.72,0.062,20.67,20.0,20.79,2,2.4,
KMT-2022-BLG-0880,BLG14M0201.015314,17:40:42.26,-28:42:53.60,9725.76927,14.44,0.771,19.94,20.0,21.16,2,4.85,
KMT-2022-BLG-0881,BLG14M0706.099235,17:37:36.32,-28:11:11.72,9723.81159,17.32,0.073,21.98,20.0,25.0,3,3.93,
KMT-2022-BLG-0882,BLG14T0104.076908,17:36:13.32,-29:30:45.11,9720.49545,8.96,0.197,20.89,20.0,22.15,2,3.17,
KMT-2022-BLG-0883,BLG14T0507.048515,17:34:05.40,-29:05:30.05,9722.22624,2.13,0.012,21.17,20.0,21.36,2,3.23,
KMT-2022-BLG-0884,BLG15T0306.051035,17:35:24.41,-27:10:11.78,9719.55627,15.48,0.193,21.68,20.0,20.0,1,1.98,
KMT-2022-BLG-0885,BLG16N0204.013083,17:41:00.16,-25:17:20.62,9728.97599,15.61,0.253,19.35,19.41,19.41,1,2.57,
KMT-2022-BLG-0886,BLG17N0606.010167,17:46:07.07,-33:36:35.71,9722.62211,105.33,0.005,23.44,18.53,18.53,1,1.72,
KMT-2022-BLG-0887,BLG17T0806.028396,17:40:05.11,-33:36:20.63,9723.14009,22.74,0.103,21.86,20.0,21.24,2,3.8,
KMT-2022-BLG-0888,BLG19M0508.010171,17:48:04.02,-23:39:40.50,9724.68017,8.47,0.143,19.48,18.85,18.85,2,2.02,
KMT-2022-BLG-0889,BLG19T0102.058603,17:45:39.69,-25:34:33.13,9735.30815,31.97,0.058,20.98,20.0,21.24,2,2.61,
KMT-2022-BLG-0890,BLG20T0407.003734,17:44:00.40,-22:45:26.82,9730.15584,50.19,0.064,21.14,18.18,18.18,2,2.28,
KMT-2022-BLG-0891,BLG32M0104.015993,18:15:21.48,-27:26:42.68,9721.02234,89.0,0.015,22.28,18.36,18.36,1,0.53,
KMT-2022-BLG-0892,BLG32M0207.059044,18:14:52.32,-27:02:52.12,9720.68792,21.86,0.095,20.02,20.0,20.22,1,0.7,MB22258
KMT-2022-BLG-0893,BLG33N0207.029502,18:17:27.86,-30:14:39.73,9723.33094,17.14,0.161,20.34,20.0,20.48,2,0.39,
KMT-2022-BLG-0894,BLG33N0305.003739,18:16:41.87,-30:35:35.45,9718.91731,20.57,0.013,21.61,17.73,17.73,4,0.44,
KMT-2022-BLG-0895,BLG41N0403.052237,17:56:49.81,-31:57:48.20,9725.51595,25.76,0.616,19.98,20.0,20.03,1,1.52,
KMT-2022-BLG-0896,SAO42M0801.053515,17:54:46.77,-29:04:03.22,9738.07919,46.17,0.5,19.46,19.14,19.14,1,2.01,
KMT-2022-BLG-0897,BLG42T0107.089667,17:53:42.11,-29:24:21.31,9725.03799,11.69,0.448,20.04,20.0,20.3,1,1.95,
KMT-2022-BLG-0898,BLG42T0302.046128,17:52:35.30,-29:59:15.61,9723.04437,3.61,0.044,20.26,19.34,19.34,1,2.13,
KMT-2022-BLG-0899,BLG43T0401.031343,17:59:47.99,-29:04:47.89,9728.86441,22.27,0.201,19.28,18.43,18.43,1,0.96,MB22262
KMT-2022-BLG-0900,SAO02T0604.066427,17:50:56.78,-29:41:31.70,9723.644,99.05,0.062,22.58,20.0,20.52,1,2.89,
KMT-2022-BLG-0901,BLG03K0505.047466,17:59:08.59,-27:16:04.51,9718.77586,41.76,0.019,22.38,19.68,19.68,1,1.97,
KMT-2022-BLG-0902,BLG04M0104.073664,18:08:24.86,-29:32:24.79,9746.80827,51.61,0.049,20.22,20.0,20.91,1,0.87,MB22288
KMT-2022-BLG-0903,BLG11N0808.022392,17:27:55.52,-30:06:42.62,9730.11535,20.27,0.193,20.47,20.0,20.04,2,2.3,
KMT-2022-BLG-0904,SAO12N0705.071944,17:28:25.45,-28:17:55.18,9723.5657,21.61,0.062,21.14,20.0,21.43,2,2.01,
KMT-2022-BLG-0905,BLG14M0304.073666,17:40:11.02,-28:23:22.85,9731.61571,94.28,0.073,22.95,20.0,22.49,2,3.99,
KMT-2022-BLG-0906,BLG15N0305.003695,17:39:50.89,-27:19:20.14,9722.70141,6.86,0.149,22.12,17.74,17.74,2,2.77,
KMT-2022-BLG-0907,SAO15N0808.003700,17:37:31.35,-26:53:41.06,9720.88974,10.28,0.21,20.11,17.93,17.93,4,2.61,
KMT-2022-BLG-0908,BLG18M0308.002400,17:49:07.89,-25:45:21.71,9736.5765,26.29,0.396,20.23,20.0,20.45,2,8.31,
KMT-2022-BLG-0909,BLG18T0806.001350,17:41:32.64,-27:03:58.79,9737.05532,21.65,0.999,19.0,17.47,17.47,4,3.81,
KMT-2022-BLG-0910,BLG19T0602.097565,17:42:53.58,-25:34:43.72,9724.08386,45.39,0.011,23.62,20.0,25.0,3,2.7,
KMT-2022-BLG-0911,BLG21M0408.001014,17:57:22.66,-34:20:10.61,9755.5893,30.01,1.0,16.64,15.23,15.23,1,0.74,
KMT-2022-BLG-0912,BLG22M0502.042046,17:56:29.00,-32:58:36.91,9746.04473,34.83,0.093,19.61,19.6,19.6,1,1.2,MB22282
KMT-2022-BLG-0913,BLG31T0103.051988,18:13:13.42,-26:34:23.59,9758.08605,54.57,0.053,19.71,19.87,19.87,1,0.83,MB22301
KMT-2022-BLG-0914,BLG41N0405.037653,17:56:52.31,-31:43:29.78,9729.99862,33.91,0.493,20.44,19.43,19.43,1,1.52,
KMT-2022-BLG-0915,SAO42K0301.047590,17:52:44.99,-29:00:51.80,9724.06908,29.59,0.005,20.89,19.94,19.94,1,2.83,MB22252
KMT-2022-BLG-0916,BLG42N0208.004217,17:58:02.35,-29:16:10.88,9721.32883,2.42,0.134,19.92,16.14,16.14,1,1.51,
KMT-2022-BLG-0917,BLG42N0407.057458,17:56:45.61,-29:20:30.91,9727.08371,186.09,0.004,24.31,19.38,19.38,1,1.67,
KMT-2022-BLG-0918,SAO42T0702.047663,17:50:00.14,-30:01:51.49,9723.0238,1.81,0.049,21.26,20.0,20.93,1,4.13,
KMT-2022-BLG-0919,SAO01K0306.058144,17:52:39.21,-30:25:14.70,9727.08849,195.89,0.005,24.35,19.89,19.89,1,2.31,MB22271
KMT-2022-BLG-0920,BLG01T0102.022383,17:53:45.25,-31:56:50.39,9727.66626,23.42,0.039,21.52,19.09,19.09,1,1.7,MB22279
KMT-2022-BLG-0921,BLG02K0102.053220,17:54:12.11,-28:48:19.69,9720.57521,7.4,0.06,20.23,19.97,19.97,2,1.93,
KMT-2022-BLG-0922,SAO02K0302.011390,17:52:51.77,-28:46:07.21,9724.05343,51.69,0.009,24.47,18.47,18.47,2,2.99,
KMT-2022-BLG-0923,SAO02M0602.016693,17:56:02.88,-28:49:06.10,9768.96264,66.1,0.002,22.49,18.21,18.21,1,1.68,
KMT-2022-BLG-0924,SAO03K0307.022296,18:00:23.72,-27:03:56.99,9727.05094,191.93,0.003,23.93,19.18,19.18,1,2.16,MB22263
KMT-2022-BLG-0925,BLG03M0502.036855,18:04:07.70,-27:42:39.20,9756.05119,185.81,0.039,19.63,18.91,18.91,1,1.04,MB22281
KMT-2022-BLG-0926,BLG03N0608.054787,18:03:46.61,-28:03:29.41,9720.63413,8.53,0.229,20.99,19.3,19.3,1,1.09,
KMT-2022-BLG-0927,BLG04K0406.030524,18:01:23.67,-29:18:53.71,9722.36115,58.41,0.002,22.88,18.96,18.96,1,1.4,MB22248
KMT-2022-BLG-0928,SAO11K0503.016786,17:24:40.99,-29:31:35.90,9724.85038,23.21,0.934,19.25,19.21,19.21,1,1.76,
KMT-2022-BLG-0929,BLG11M0204.002017,17:31:06.90,-29:23:33.40,9753.14984,38.02,0.041,17.68,17.67,17.67,2,3.09,
KMT-2022-BLG-0930,BLG11M0306.083431,17:30:39.99,-29:12:43.70,9767.85137,50.57,0.222,20.15,20.0,22.39,2,2.79,
KMT-2022-BLG-0931,BLG12N0503.046422,17:29:56.13,-28:38:30.16,9737.17796,34.22,0.3,20.62,20.0,20.54,2,2.32,
KMT-2022-BLG-0932,SAO14K0206.002857,17:36:03.01,-28:08:48.73,9723.4179,40.85,0.175,21.17,18.02,18.02,2,3.38,
KMT-2022-BLG-0933,BLG15K0101.037424,17:36:14.95,-26:39:42.80,9718.86487,61.73,0.109,22.62,20.0,20.96,2,2.63,
KMT-2022-BLG-0934,BLG15T0204.068522,17:36:03.09,-27:25:25.28,9724.30074,34.01,0.018,23.61,20.0,22.2,2,2.53,
KMT-2022-BLG-0935,BLG16N0302.027429,17:40:17.46,-25:28:37.09,9724.15817,8.06,0.743,19.97,20.0,20.69,2,2.77,
KMT-2022-BLG-0936,BLG17K0405.049264,17:42:20.35,-32:37:14.45,9720.33095,51.73,0.036,23.03,20.0,22.5,2,4.74,
KMT-2022-BLG-0937,SAO17K0505.053095,17:41:45.96,-32:40:19.70,9722.07677,19.96,0.029,22.14,20.0,21.96,2,3.77,
KMT-2022-BLG-0938,BLG17M0405.050367,17:47:44.67,-32:33:44.35,9727.09101,31.85,0.073,22.35,20.0,21.76,2,3.63,
KMT-2022-BLG-0939,BLG17T0407.048965,17:42:34.24,-33:31:30.79,9729.13401,44.4,0.102,22.37,20.0,21.28,2,3.17,
KMT-2022-BLG-0940,SAO18K0604.012275,17:43:01.34,-26:11:43.66,9736.7209,16.78,0.232,19.22,19.47,19.47,2,3.15,
KMT-2022-BLG-0941,SAO18K0608.018485,17:42:45.53,-25:45:49.75,9779.31183,16.44,0.036,20.01,19.96,19.96,2,2.93,
KMT-2022-BLG-0942,BLG18T0803.065085,17:41:43.45,-27:31:42.89,9720.94651,30.16,0.19,22.16,20.0,21.4,2,3.26,
KMT-2022-BLG-0943,SAO19T0607.024355,17:43:02.65,-24:52:59.12,9731.64882,23.23,0.185,19.92,19.86,19.86,2,2.74,
KMT-2022-BLG-0944,SAO21M0805.016100,17:54:43.68,-34:44:31.42,9745.92835,48.77,0.167,18.32,18.68,18.68,1,0.91,MB22264
KMT-2022-BLG-0945,SAO31K0504.002258,18:10:48.31,-25:19:22.40,9812.18709,199.57,0.484,18.93,16.66,16.66,1,1.78,MB22218
KMT-2022-BLG-0946,SAO34K0503.067346,18:01:18.30,-31:44:47.90,9722.87866,18.39,0.385,20.4,20.0,20.42,1,1.3,
KMT-2022-BLG-0947,BLG34T0603.009333,18:00:43.58,-32:54:29.59,9733.52439,8.44,0.086,18.35,18.34,18.34,3,1.05,
KMT-2022-BLG-0948,SAO37K0106.013819,17:43:50.59,-34:34:11.06,9736.66649,23.56,0.266,19.18,19.15,19.15,2,1.62,
KMT-2022-BLG-0949,BLG38T0403.008348,17:52:49.62,-23:14:29.54,9724.08294,7.76,0.18,20.57,18.77,18.77,4,2.76,
KMT-2022-BLG-0950,SAO42K0201.003488,17:53:01.31,-28:59:15.68,9668.46936,15.08,1.0,17.66,16.31,16.31,1,2.56,MB22254
KMT-2022-BLG-0951,BLG42N0307.053491,17:57:24.45,-29:19:50.09,9728.12414,7.96,0.008,20.08,19.6,19.6,1,1.84,MB22275
KMT-2022-BLG-0952,BLG42N0806.028049,17:54:31.55,-29:35:10.90,9723.10702,101.75,0.021,24.14,18.5,18.5,1,1.46,
KMT-2022-BLG-0953,SAO43M0303.010306,18:04:53.71,-27:40:44.51,9734.25543,39.94,0.184,20.45,17.7,17.7,1,0.97,
KMT-2022-BLG-0954,BLG43T0301.082459,18:00:07.36,-29:02:04.49,9740.48256,39.38,0.013,20.04,19.66,19.66,1,0.95,MB22307
KMT-2022-BLG-0955,SAO43T0305.070680,18:00:10.20,-28:37:19.60,9737.61445,47.82,0.472,19.46,19.45,19.45,1,1.21,
KMT-2022-BLG-0956,BLG01N0802.016441,17:54:57.85,-32:04:23.99,9739.54258,24.43,0.903,18.8,18.79,18.79,1,1.54,
KMT-2022-BLG-0957,BLG02T0806.001037,17:49:57.59,-29:21:20.70,9716.62959,15.5,0.999,18.2,16.26,16.26,1,4.84,
KMT-2022-BLG-0958,SAO03M0504.021766,18:03:54.93,-27:23:35.30,9720.9249,6.06,0.999,18.37,18.47,18.47,1,1.23,
KMT-2022-BLG-0959,SAO04K0205.052580,18:03:06.90,-29:23:26.20,9725.29924,9.82,0.05,21.37,19.46,19.46,1,1.02,
KMT-2022-BLG-0960,BLG11M0405.057070,17:30:19.34,-29:20:32.86,9733.31157,19.29,0.853,20.0,20.0,21.28,2,2.58,
KMT-2022-BLG-0961,SAO18K0405.006222,17:43:41.51,-26:04:42.10,9760.6842,47.5,0.473,19.22,18.32,18.32,2,3.04,
KMT-2022-BLG-0962,BLG18T0208.011700,17:44:45.41,-26:53:28.00,9729.69602,41.47,0.098,21.49,19.53,19.53,2,3.39,
KMT-2022-BLG-0963,SAO18T0806.014391,17:41:49.02,-27:08:47.65,9729.51266,26.51,0.382,20.16,20.0,20.25,2,3.58,
KMT-2022-BLG-0964,SAO31K0201.047414,18:12:27.32,-25:44:37.21,9724.49687,38.45,0.038,22.73,20.0,20.02,1,1.29,
KMT-2022-BLG-0965,BLG31N0802.023284,18:13:57.81,-26:42:48.82,9721.19965,199.11,0.037,23.34,18.87,18.87,1,0.81,MB22269
KMT-2022-BLG-0966,SAO32K0105.002162,18:10:48.68,-27:21:54.00,9772.41826,29.83,0.595,16.44,15.9,15.9,1,0.93,MB22291
KMT-2022-BLG-0967,SAO32K0505.054462,18:08:27.80,-27:18:02.48,9729.66797,45.74,0.207,21.17,19.76,19.76,1,1.36,
KMT-2022-BLG-0968,SAO36K0507.000796,18:13:21.83,-22:48:58.93,9723.76152,11.34,0.159,19.72,16.43,16.43,4,2.48,
KMT-2022-BLG-0969,BLG37M0808.008191,17:44:53.06,-34:24:04.50,9734.1103,13.67,0.903,18.26,17.92,17.92,1,1.6,
KMT-2022-BLG-0970,BLG41K0704.033967,17:50:03.07,-30:45:20.30,9738.00028,48.01,0.055,21.73,19.7,19.7,1,2.66,
KMT-2022-BLG-0971,SAO42K0105.068771,17:53:43.92,-28:34:48.54,9724.63227,30.77,0.002,24.56,20.0,20.99,2,2.69,
KMT-2022-BLG-0972,BLG42N0401.060303,17:57:06.76,-30:06:57.31,9736.87674,27.48,0.375,19.62,19.6,19.6,1,1.32,
KMT-2022-BLG-0973,SAO42T0607.044159,17:50:54.93,-29:23:31.70,9725.06684,2.81,0.085,22.09,20.0,20.72,1,3.71,
KMT-2022-BLG-0974,SSO42T0608.000566,17:50:48.06,-29:17:42.68,9757.97016,64.08,0.029,15.81,15.58,15.58,1,4.0,
KMT-2022-BLG-0975,SAO43N0405.003091,18:04:21.17,-28:37:31.69,9742.41117,7.7,0.827,15.73,15.77,15.77,1,0.77,MB22284
KMT-2022-BLG-0976,SAO43N0604.090452,18:03:21.11,-28:38:32.71,9714.43362,50.74,0.492,20.51,20.0,20.03,1,0.89,
KMT-2022-BLG-0977,BLG01K0403.024859,17:52:20.60,-30:45:54.00,9732.97315,11.89,0.622,18.94,18.94,18.94,1,1.98,
KMT-2022-BLG-0978,BLG01N0804.012338,17:55:03.88,-31:44:59.21,9727.39175,7.69,0.107,19.88,18.4,18.4,1,1.59,MB22274
KMT-2022-BLG-0979,SAO03K0203.053338,18:00:57.63,-27:31:23.48,9727.29026,8.54,0.101,20.27,19.36,19.36,1,1.33,MB22277
KMT-2022-BLG-0980,BLG03N0802.039111,18:02:20.86,-28:50:18.20,9729.91088,37.91,0.079,21.6,18.75,18.75,1,0.86,
KMT-2022-BLG-0981,BLG04K0305.074720,18:02:20.84,-29:29:18.10,9741.68762,45.53,0.5,19.95,20.0,20.11,1,1.46,
KMT-2022-BLG-0982,BLG04K0405.066654,18:01:55.85,-29:27:25.70,9745.12581,45.37,0.578,19.61,19.79,19.79,1,1.39,
KMT-2022-BLG-0983,BLG04N0208.034213,18:07:37.38,-30:11:18.82,9742.83835,18.56,0.094,20.53,19.36,19.36,1,0.87,MB22300
KMT-2022-BLG-0984,SAO04N0404.018908,18:06:40.71,-30:43:43.61,9728.91449,88.64,0.101,21.84,18.97,18.97,1,1.01,
KMT-2022-BLG-0985,BLG12T0301.003700,17:26:10.16,-28:53:03.19,9756.39925,17.92,0.209,19.04,17.73,17.73,2,1.72,
KMT-2022-BLG-0986,BLG13N0306.016250,17:38:10.21,-34:42:47.99,9729.44809,15.41,0.009,21.05,20.0,20.41,2,3.3,
KMT-2022-BLG-0987,SAO14M0504.049752,17:38:46.32,-28:21:36.68,9724.98203,13.08,0.058,22.68,20.0,21.09,2,3.12,
KMT-2022-BLG-0988,BLG14M0804.065137,17:37:16.75,-28:24:50.80,9726.34995,9.77,0.197,21.93,20.0,22.36,2,4.17,
KMT-2022-BLG-0989,BLG15T0108.009410,17:36:18.55,-26:52:42.60,9726.1211,11.51,0.018,22.35,18.79,18.79,1,2.53,MB22266
KMT-2022-BLG-0990,BLG17K0506.021131,17:41:49.42,-32:33:25.13,9725.88267,27.09,0.164,22.16,20.0,21.29,2,4.05,
KMT-2022-BLG-0991,BLG19T0304.096271,17:44:23.48,-25:20:18.20,9729.29503,23.05,0.007,23.04,20.0,25.0,3,3.18,
KMT-2022-BLG-0992,BLG31K0606.062507,18:10:09.18,-25:08:48.59,9727.33013,14.47,0.029,21.61,20.0,21.35,1,1.99,MB22272
KMT-2022-BLG-0993,BLG41T0207.047265,17:53:13.92,-31:26:58.49,9738.22659,41.25,0.092,21.53,20.0,20.11,1,2.26,
KMT-2022-BLG-0994,BLG41T0307.008100,17:52:35.76,-31:32:18.49,9726.46668,15.39,0.022,22.92,18.19,18.19,1,2.57,
KMT-2022-BLG-0995,BLG42N0802.074129,17:54:43.35,-30:01:52.79,9726.13979,5.86,0.42,20.34,19.53,19.53,1,1.37,
KMT-2022-BLG-0996,SAO42N0804.072069,17:54:23.03,-29:49:29.71,9724.99322,13.39,0.271,20.18,19.3,19.3,1,1.34,
KMT-2022-BLG-0997,BLG42T0104.038399,17:53:31.74,-29:43:40.51,9731.89429,84.21,0.68,18.86,18.8,18.8,1,1.56,
KMT-2022-BLG-0998,SAO42T0305.008747,17:52:30.27,-29:41:47.29,9707.09061,66.46,0.996,18.82,16.97,16.97,1,2.17,
KMT-2022-BLG-0999,BLG43K0102.045742,18:01:28.13,-27:49:52.00,9731.03425,10.87,0.173,20.1,19.08,19.08,1,1.22,
KMT-2022-BLG-1000,SAO01N0702.081631,17:55:20.13,-31:59:49.09,9727.04569,10.24,0.022,21.05,20.0,22.43,2,1.45,MB22273
KMT-2022-BLG-1001,BLG02M0307.052599,17:57:29.56,-28:10:56.60,9734.4506,29.03,0.025,21.2,19.62,19.62,1,1.83,
KMT-2022-BLG-1002,BLG02M0801.014119,17:54:46.13,-28:52:35.94,9770.0651,40.53,0.269,19.06,18.16,18.16,2,1.95,MB22352
KMT-2022-BLG-1003,SAO02N0803.039430,17:54:58.64,-29:48:23.69,9730.10076,40.59,0.017,22.52,18.72,18.72,1,1.34,
KMT-2022-BLG-1004,SAO02T0107.008748,17:53:57.58,-29:16:46.49,9727.78146,23.46,0.097,22.02,16.83,16.83,1,1.95,
KMT-2022-BLG-1005,BLG03N0601.064282,18:03:39.63,-28:54:26.21,9731.77333,5.81,0.733,19.51,19.39,19.39,1,0.69,
KMT-2022-BLG-1006,SAO04K0205.002852,18:03:02.36,-29:27:23.90,9735.80963,11.34,0.502,17.49,16.0,16.0,1,1.14,
KMT-2022-BLG-1007,BLG04M0202.038678,18:07:54.73,-29:48:30.82,9726.65996,42.99,0.203,21.99,19.27,19.27,1,0.82,
KMT-2022-BLG-1008,BLG11M0107.007132,17:32:10.80,-29:04:09.91,9774.67016,129.6,0.017,19.77,19.26,19.26,4,3.24,
KMT-2022-BLG-1009,BLG11T0807.009337,17:22:56.48,-30:08:14.96,9739.14942,28.96,0.295,20.71,19.77,19.77,2,2.81,
KMT-2022-BLG-1010,BLG12N0502.015120,17:29:32.02,-28:43:12.97,9734.29251,199.65,0.034,23.49,19.61,19.61,2,2.01,
KMT-2022-BLG-1011,BLG12T0305.008561,17:26:05.50,-28:21:09.32,9734.88337,17.63,0.231,20.97,19.63,19.63,2,2.31,
KMT-2022-BLG-1012,SAO14K0308.077619,17:35:03.26,-27:57:31.32,9725.80508,3.16,0.355,21.1,20.0,22.11,2,2.85,
KMT-2022-BLG-1013,BLG14M0504.058825,17:38:50.22,-28:21:20.41,9737.17398,43.59,0.003,21.95,20.0,21.31,2,3.12,
KMT-2022-BLG-1014,SAO14N0702.013430,17:37:47.51,-29:49:42.17,9732.35753,16.31,0.6,19.93,19.99,19.99,2,4.3,
KMT-2022-BLG-1015,BLG15N0601.084890,17:38:38.76,-27:45:21.89,9734.50222,27.07,0.203,20.94,20.0,21.49,2,2.77,
KMT-2022-BLG-1016,SAO15N0704.060404,17:38:00.43,-27:21:35.10,9730.27637,17.18,0.003,21.61,20.0,21.59,2,3.18,
KMT-2022-BLG-1017,SAO15T0305.052115,17:35:33.00,-27:18:00.22,9729.00852,21.96,0.096,22.14,20.0,20.32,1,2.27,
KMT-2022-BLG-1018,BLG18M0304.020595,17:49:24.11,-26:16:31.40,9747.13387,27.37,0.056,19.8,20.0,22.55,2,6.85,
KMT-2022-BLG-1019,SAO18T0602.057283,17:43:01.61,-27:37:35.26,9728.67029,52.39,0.002,23.58,20.0,21.65,2,3.82,
KMT-2022-BLG-1020,BLG19K0504.010813,17:43:35.61,-24:06:32.40,9734.20707,19.71,0.994,18.46,18.41,18.41,1,1.69,
KMT-2022-BLG-1021,SAO19M0506.032504,17:47:49.29,-23:54:27.97,9729.84975,19.94,0.484,20.59,20.0,20.55,2,2.53,
KMT-2022-BLG-1022,SAO20K0204.013753,17:44:56.23,-22:04:07.61,9729.77841,7.82,0.737,19.21,19.22,19.22,4,1.73,
KMT-2022-BLG-1023,BLG20N0606.025591,17:47:26.47,-22:53:52.91,9742.29561,79.73,0.102,21.46,19.08,19.08,1,1.47,
KMT-2022-BLG-1024,BLG22T0102.040888,17:54:15.51,-34:10:03.22,9739.28781,23.49,0.148,19.88,19.63,19.63,1,1.04,
KMT-2022-BLG-1025,SAO22T0202.013559,17:53:28.36,-34:04:35.69,9728.51051,60.47,0.026,23.57,18.67,18.67,1,1.43,
KMT-2022-BLG-1026,BLG31K0303.019132,18:11:52.56,-25:30:18.68,9733.96106,47.83,0.295,20.57,19.23,19.23,1,1.63,
KMT-2022-BLG-1027,BLG31K0505.059899,18:10:54.55,-25:15:27.68,9781.88429,132.34,0.005,21.79,20.0,20.62,1,1.73,MB22365
KMT-2022-BLG-1028,BLG31N0108.049621,18:17:54.95,-25:53:17.99,9730.53839,13.92,0.377,19.96,20.0,20.16,1,0.81,
KMT-2022-BLG-1029,BLG31T0805.040721,18:09:20.74,-26:19:33.82,9727.75543,50.43,0.8,19.47,19.5,19.5,1,1.23,
KMT-2022-BLG-1030,SAO32T0701.012244,18:07:31.32,-28:58:42.10,9728.07779,10.47,1.0,19.25,18.08,18.08,1,0.9,
KMT-2022-BLG-1031,SAO32T0704.011958,18:07:07.46,-28:31:54.91,9725.01992,12.2,0.297,19.38,18.06,18.06,1,0.98,
KMT-2022-BLG-1032,BLG33N0101.002994,18:18:00.36,-31:03:06.52,9746.72553,16.0,0.777,17.8,17.55,17.55,4,0.34,
KMT-2022-BLG-1033,BLG33T0104.066267,18:12:43.54,-30:38:35.88,9727.13566,29.74,0.636,19.89,20.0,25.0,3,0.5,
KMT-2022-BLG-1034,BLG35M0603.038275,18:05:51.88,-25:31:16.72,9746.9419,72.28,0.057,21.5,20.0,21.75,2,2.09,
KMT-2022-BLG-1035,BLG36K0502.002970,18:13:09.49,-23:26:26.59,9833.64138,92.73,0.601,17.73,17.72,17.72,4,2.19,
KMT-2022-BLG-1036,SAO37K0504.040497,17:41:48.72,-34:51:29.48,9732.37198,71.3,0.653,20.15,20.0,20.45,2,1.92,
KMT-2022-BLG-1037,BLG37N0307.042813,17:48:05.64,-35:35:13.70,9728.47661,2.48,0.562,19.47,19.63,19.63,1,0.84,
KMT-2022-BLG-1038,BLG37N0408.023444,17:47:35.28,-35:28:29.71,9730.35439,7.31,0.819,19.28,19.13,19.13,1,1.12,
KMT-2022-BLG-1039,BLG38K0702.002546,17:51:25.36,-22:18:50.11,9739.14004,29.07,1.0,18.61,17.1,17.1,1,2.15,
KMT-2022-BLG-1040,SAO38K0801.009131,17:51:02.53,-22:23:42.90,9759.22576,53.39,0.998,19.32,18.89,18.89,1,2.33,
KMT-2022-BLG-1041,SAO42K0302.067661,17:52:33.27,-28:55:46.52,9729.24929,8.01,0.158,21.29,20.0,21.35,2,2.96,
KMT-2022-BLG-1042,SAO42N0702.024804,17:55:03.30,-30:00:52.60,9732.12374,28.58,0.203,20.66,18.44,18.44,1,1.28,
KMT-2022-BLG-1043,BLG03N0807.001615,18:02:16.83,-28:13:10.20,9769.66376,0.5,0.106,15.12,15.12,15.12,1,0.96,MB22278
KMT-2022-BLG-1044,BLG20N0804.043234,17:46:17.58,-23:13:09.84,9732.1034,196.24,0.018,23.3,19.61,19.61,2,1.5,
KMT-2022-BLG-1045,BLG21T0201.053540,17:53:11.19,-36:20:16.19,9726.98609,3.52,0.938,19.95,20.0,20.68,1,0.94,
KMT-2022-BLG-1046,SAO32K0502.020449,18:08:38.10,-27:39:52.31,9776.57893,37.49,0.633,18.55,18.57,18.57,1,1.17,
KMT-2022-BLG-1047,BLG32K0502.052232,18:08:27.54,-27:44:28.79,9724.85933,54.75,0.371,20.59,19.55,19.55,1,1.14,
KMT-2022-BLG-1048,BLG34N0505.016349,18:06:01.96,-32:36:54.50,9783.92212,67.36,0.48,19.27,19.2,19.2,1,0.97,
KMT-2022-BLG-1049,SAO42M0406.064420,17:56:48.94,-28:21:10.12,9742.97869,38.09,0.579,19.86,19.81,19.81,1,2.04,
KMT-2022-BLG-1050,BLG43T0103.045655,18:01:16.89,-28:49:01.49,9734.55766,45.39,0.998,18.55,18.88,18.88,1,0.91,
KMT-2022-BLG-1051,BLG01K0803.001185,17:50:06.16,-30:44:44.70,9766.65421,22.13,0.877,15.93,15.96,15.96,1,2.68,
KMT-2022-BLG-1052,BLG02N0503.012217,17:56:32.60,-29:46:35.29,9733.03169,19.93,0.901,19.45,18.0,18.0,1,1.82,
KMT-2022-BLG-1053,SAO02N0607.066512,17:56:00.87,-29:14:35.59,9731.46438,3.04,0.142,20.61,19.62,19.62,1,1.9,
KMT-2022-BLG-1054,BLG04K0301.024732,18:02:06.89,-29:54:17.78,9735.60445,50.52,0.537,18.81,18.65,18.65,1,1.06,
KMT-2022-BLG-1055,BLG15M0205.083161,17:40:48.04,-26:08:05.60,9726.12067,49.27,0.559,20.66,20.0,21.81,2,2.84,
KMT-2022-BLG-1056,SAO19K0205.063711,17:45:10.20,-24:04:30.79,9731.95721,5.42,0.108,20.14,20.0,20.34,1,1.84,
KMT-2022-BLG-1057,SAO20K0107.012085,17:45:41.87,-21:37:41.63,9737.70178,13.57,0.441,19.63,19.13,19.13,4,1.84,
KMT-2022-BLG-1058,BLG33K0303.018397,18:11:53.26,-29:42:49.50,9733.55088,19.87,0.9,19.25,18.61,18.61,1,0.64,
KMT-2022-BLG-1059,SAO41K0807.004032,17:49:44.20,-30:24:28.40,9731.7299,2.86,0.921,17.84,17.77,17.77,1,3.59,
KMT-2022-BLG-1060,SAO41M0704.032255,17:55:03.17,-30:43:29.32,9732.4371,4.96,0.412,19.3,19.33,19.33,1,2.23,
KMT-2022-BLG-1061,BLG41T0106.018231,17:53:45.95,-31:35:07.58,9730.71964,15.74,0.304,20.32,19.05,19.05,1,2.05,
KMT-2022-BLG-1062,SAO42K0201.022020,17:53:00.86,-29:01:09.70,9734.01905,8.62,0.217,20.54,18.61,18.61,1,2.51,
KMT-2022-BLG-1063,SAO42K0201.054786,17:52:57.90,-28:59:26.59,9740.72656,19.62,0.528,19.41,19.68,19.68,1,2.59,
KMT-2022-BLG-1064,SAO42N0507.011306,17:56:13.92,-29:23:20.40,9736.04113,48.26,0.009,22.21,17.65,17.65,1,2.06,
KMT-2022-BLG-1065,SAO43T0406.028443,17:59:27.82,-28:26:48.80,9739.1269,15.51,0.88,18.48,18.59,18.59,1,1.38,
KMT-2022-BLG-1066,SAO43T0603.047217,17:58:16.29,-28:47:51.79,9767.05203,5.33,0.47,18.47,18.95,18.95,1,1.33,MB22357
KMT-2022-BLG-1067,SAO43T0701.027571,17:58:07.19,-29:05:31.42,9733.86593,28.56,0.22,20.12,18.84,18.84,1,1.37,
KMT-2022-BLG-1068,SAO01K0607.074215,17:51:06.31,-30:14:26.63,9733.23781,18.74,0.065,21.48,20.0,21.29,2,2.27,
KMT-2022-BLG-1069,SAO02T0402.041370,17:52:25.16,-29:53:33.50,9733.10572,1.76,0.107,19.59,19.38,19.38,1,2.17,
KMT-2022-BLG-1070,SAO03T0204.096011,18:01:08.63,-28:36:21.60,9731.60191,2.75,0.054,19.92,20.0,20.43,1,0.91,
KMT-2022-BLG-1071,SAO04K0704.075870,17:59:43.97,-29:30:34.81,9732.78411,8.88,0.04,20.89,20.0,20.06,1,1.57,
KMT-2022-BLG-1072,BLG12T0402.057971,17:25:16.88,-28:44:30.91,9731.93792,28.08,0.132,23.92,20.0,21.43,2,1.93,
KMT-2022-BLG-1073,SAO14K0607.067321,17:33:33.29,-28:01:39.72,9735.10952,6.6,0.599,19.98,20.0,21.27,2,2.73,
KMT-2022-BLG-1074,SAO14T0502.107450,17:34:04.05,-29:49:25.28,9732.62591,8.22,0.084,21.55,20.0,25.0,3,2.52,
KMT-2022-BLG-1075,SAO16M0506.056213,17:39:15.85,-23:58:23.88,9735.53326,16.33,0.172,20.52,20.0,20.86,2,1.73,
KMT-2022-BLG-1076,SAO17T0803.103597,17:39:44.75,-33:56:33.00,9737.08916,29.98,0.037,21.69,20.0,25.0,3,2.95,
KMT-2022-BLG-1077,SAO19K0205.024790,17:45:03.46,-24:01:54.91,9733.02009,7.04,0.181,20.77,19.18,19.18,1,1.83,
KMT-2022-BLG-1078,BLG20N0305.009020,17:49:00.68,-22:58:34.79,9770.47386,11.87,0.112,20.08,18.32,18.32,1,1.91,
KMT-2022-BLG-1079,SAO22M0602.028200,17:55:44.55,-32:57:03.49,9736.99006,24.05,0.094,19.41,19.18,19.18,1,1.31,MB22280
KMT-2022-BLG-1080,BLG22T0201.054679,17:53:22.66,-34:12:26.78,9757.15254,64.15,0.508,20.13,20.0,20.03,1,1.1,
KMT-2022-BLG-1081,SAO34T0307.006465,18:02:15.54,-32:27:27.11,9736.91296,13.25,0.186,18.92,18.17,18.17,1,1.36,
KMT-2022-BLG-1082,BLG35N0307.000846,18:07:48.61,-26:01:36.01,9746.68005,7.66,0.445,15.23,15.25,15.25,1,1.58,MB22290
KMT-2022-BLG-1083,SAO38N0703.012178,17:56:09.44,-23:17:32.10,9732.55872,8.69,0.174,19.09,19.84,19.84,4,3.62,
KMT-2022-BLG-1084,SAO41K0107.082397,17:53:43.60,-30:21:55.01,9734.07688,29.05,0.084,21.96,20.0,20.09,1,1.57,
KMT-2022-BLG-1085,SAO41N0703.050910,17:55:21.91,-32:03:27.61,9733.48963,22.71,0.019,22.53,19.77,19.77,1,1.5,
KMT-2022-BLG-1086,SAO43K0701.027955,17:57:50.97,-27:58:17.72,9734.32954,12.22,0.146,21.55,19.69,19.69,2,2.69,
KMT-2022-BLG-1087,SAO01K0804.043797,17:50:02.16,-30:37:05.48,9738.89322,21.09,0.304,20.27,20.0,20.16,1,2.51,
KMT-2022-BLG-1088,SAO01N0408.015739,17:57:03.51,-31:15:28.19,9739.01725,12.66,0.794,18.44,18.47,18.47,1,1.16,
KMT-2022-BLG-1089,BLG02M0104.048655,17:58:41.85,-28:32:49.60,9776.48813,54.29,0.24,19.14,19.18,19.18,1,1.54,MB22384
KMT-2022-BLG-1090,SAO02M0503.014388,17:56:39.22,-28:37:25.61,9746.07707,15.95,0.5,18.2,17.92,17.92,1,1.66,MB22293
KMT-2022-BLG-1091,BLG15M0702.020434,17:37:39.95,-26:33:59.72,9745.05033,30.44,0.026,20.69,20.0,20.56,2,3.12,MB22305
KMT-2022-BLG-1092,SAO16K0303.052209,17:35:16.02,-24:16:04.19,9738.78037,25.24,0.275,21.48,20.0,21.97,2,2.84,
KMT-2022-BLG-1093,SAO19M0107.042869,17:50:14.62,-23:49:39.43,9743.06598,24.14,0.298,20.51,20.0,20.82,2,2.44,
KMT-2022-BLG-1094,SAO20K0607.030631,17:42:52.91,-21:37:40.40,9742.67649,22.7,0.309,20.13,19.99,19.99,1,1.6,
KMT-2022-BLG-1095,SAO22K0208.013764,17:53:06.47,-32:14:19.39,9744.45118,20.62,0.762,18.85,18.73,18.73,1,1.91,
KMT-2022-BLG-1096,BLG22K0502.000969,17:51:38.96,-32:57:34.99,9730.86915,36.8,0.198,20.82,15.63,15.63,1,1.74,
KMT-2022-BLG-1097,SAO37T0707.031546,17:40:34.02,-35:34:16.32,9751.21162,41.95,0.5,20.23,20.0,20.39,2,1.84,
KMT-2022-BLG-1098,SAO37T0807.048713,17:39:42.76,-35:33:55.69,9736.16258,22.64,0.224,21.3,20.0,20.96,2,2.02,
KMT-2022-BLG-1099,SAO42N0404.008306,17:57:02.92,-29:43:13.30,9743.3497,23.25,0.025,20.09,17.37,17.37,1,1.66,MB22283 MB22285
KMT-2022-BLG-1100,SAO01K0803.045659,17:50:05.33,-30:46:40.30,9736.53651,8.9,0.201,20.77,20.0,20.5,1,2.66,
KMT-2022-BLG-1101,SAO02M0402.027058,17:57:06.82,-28:47:14.10,9762.43843,38.2,0.002,18.6,18.74,18.74,1,1.75,MB22304
KMT-2022-BLG-1102,SAO02M0602.034249,17:56:07.19,-28:43:39.61,9744.51707,22.73,0.041,20.9,18.98,18.98,1,1.78,
KMT-2022-BLG-1103,SAO02N0804.024464,17:54:44.96,-29:39:09.29,9736.57681,1.95,0.694,19.45,18.32,18.32,1,1.31,
KMT-2022-BLG-1104,BLG03M0104.062280,18:06:22.82,-27:25:53.80,9737.50744,53.21,0.973,19.09,19.55,19.55,1,0.79,
KMT-2022-BLG-1105,SAO03N0708.072739,18:03:04.05,-28:00:01.58,9735.79852,9.34,0.025,20.98,19.55,19.55,1,0.94,
KMT-2022-BLG-1106,SAO03N0801.076102,18:02:35.49,-29:00:06.80,9737.13666,25.04,0.002,22.9,19.81,19.81,1,0.87,
KMT-2022-BLG-1107,SAO03T0301.029537,18:00:16.35,-28:56:23.71,9747.77255,19.21,0.271,19.16,18.41,18.41,1,0.88,MB22297
KMT-2022-BLG-1108,SAO04K0302.075332,18:02:24.61,-29:51:00.40,9752.65985,30.56,0.028,19.77,19.75,19.75,1,0.86,MB22310
KMT-2022-BLG-1109,SAO04M0503.038474,18:06:05.51,-29:37:33.60,9745.42037,19.28,0.289,19.26,19.06,19.06,1,0.78,MB22289
KMT-2022-BLG-1110,SAO12M0201.064007,17:31:10.65,-27:41:01.25,9734.46691,17.17,0.055,20.4,20.0,21.27,2,2.17,
KMT-2022-BLG-1111,SAO14M0406.005027,17:39:40.91,-28:07:42.92,9741.39007,7.29,0.451,17.67,17.71,17.71,2,2.9,
KMT-2022-BLG-1112,SAO14M0507.050555,17:39:01.53,-27:58:08.44,9736.35453,4.86,0.065,21.11,20.0,20.9,2,2.92,
KMT-2022-BLG-1113,SAO14N0604.021865,17:38:33.17,-29:31:21.94,9734.82836,122.28,0.023,24.92,20.0,21.26,2,4.65,
KMT-2022-BLG-1114,SAO14T0708.047026,17:32:49.62,-29:02:34.80,9736.53488,32.46,0.084,21.74,20.0,21.18,2,2.82,
KMT-2022-BLG-1115,SAO15K0102.055211,17:36:10.63,-26:36:09.29,9737.71298,20.38,0.131,20.9,20.0,21.42,2,2.59,
KMT-2022-BLG-1116,SAO16M0303.091394,17:40:06.88,-24:20:27.60,9745.06404,52.31,0.178,21.37,20.0,25.0,3,1.85,
KMT-2022-BLG-1117,BLG17K0204.026512,17:43:30.12,-32:46:17.90,9755.39042,45.57,0.743,19.93,20.0,21.64,2,4.12,
KMT-2022-BLG-1118,SAO17N0402.004812,17:47:26.93,-34:04:11.71,9742.23999,12.1,1.0,18.05,17.24,17.24,1,1.66,
KMT-2022-BLG-1119,BLG17T0703.067066,17:40:26.46,-33:59:06.43,9734.01516,82.54,0.064,23.26,20.0,21.47,2,2.4,
KMT-2022-BLG-1120,SAO18K0801.026922,17:41:29.71,-26:39:41.18,9737.06252,6.93,0.08,20.43,20.0,21.18,2,3.82,
KMT-2022-BLG-1121,SAO19T0706.011903,17:42:16.22,-24:58:40.80,9744.44499,30.06,0.183,20.29,18.81,18.81,1,2.17,
KMT-2022-BLG-1122,SAO31K0506.006334,18:11:05.71,-25:07:56.60,9746.70837,26.48,0.969,19.21,18.21,18.21,1,1.83,
KMT-2022-BLG-1123,SAO31T0704.034390,18:09:30.94,-26:23:37.10,9741.12513,13.45,0.24,19.23,19.23,19.23,1,1.19,
KMT-2022-BLG-1124,SAO32T0604.014102,18:08:10.49,-28:30:31.10,9751.15223,18.88,0.362,18.12,18.17,18.17,1,0.9,MB22287
KMT-2022-BLG-1125,SAO35T0303.050033,18:03:08.18,-26:31:14.41,9743.46501,24.83,0.058,20.6,20.0,21.32,2,2.43,
KMT-2022-BLG-1126,SAO37M0607.032026,17:46:15.00,-34:25:28.42,9779.42647,88.01,0.452,19.47,19.51,19.51,1,1.74,
KMT-2022-BLG-1127,BLG38T0405.011802,17:52:51.18,-23:00:57.24,9738.52395,35.5,0.573,20.24,19.01,19.01,4,2.54,
KMT-2022-BLG-1128,SAO41N0802.008016,17:54:30.46,-32:09:14.90,9742.36794,28.87,0.278,20.51,18.0,18.0,1,1.62,
KMT-2022-BLG-1129,SAO42K0201.059261,17:53:02.86,-29:02:54.71,9739.50426,6.03,0.232,19.91,19.79,19.79,1,2.48,
KMT-2022-BLG-1130,SAO42M0802.034916,17:54:27.20,-28:53:10.25,9738.52853,6.49,0.276,19.15,19.15,19.15,2,1.85,
KMT-2022-BLG-1131,SAO42N0207.058731,17:57:56.37,-29:23:33.00,9738.66094,9.59,0.458,19.4,19.47,19.47,1,1.59,
KMT-2022-BLG-1132,SAO43K0302.050183,18:00:13.13,-27:47:39.91,9740.72303,14.45,0.01,20.73,19.5,19.5,1,1.7,
KMT-2022-BLG-1133,SAO43T0502.076088,17:58:53.16,-28:58:22.58,9739.53067,6.49,0.606,19.29,19.39,19.39,1,0.93,
KMT-2022-BLG-1134,BLG01T0308.003643,17:52:37.69,-31:17:36.20,9798.95426,64.19,0.886,17.66,16.64,16.64,1,2.3,
KMT-2022-BLG-1135,SAO03K0805.009219,17:57:40.20,-27:21:02.56,9763.10451,24.67,0.352,18.84,18.83,18.83,2,2.55,MB22348
KMT-2022-BLG-1136,SAO03M0503.061000,18:04:10.31,-27:31:38.60,9738.54676,49.7,0.031,23.56,19.54,19.54,1,1.04,
KMT-2022-BLG-1137,BLG11T0308.006957,17:26:07.02,-30:03:46.12,9736.36716,88.17,0.805,19.52,19.0,19.0,2,2.45,
KMT-2022-BLG-1138,SAO12N0702.024354,17:28:50.73,-28:41:29.40,9737.27629,27.44,0.039,21.6,19.91,19.91,2,2.12,
KMT-2022-BLG-1139,SAO14K0404.055955,17:34:26.50,-28:26:07.08,9737.73084,8.17,0.075,23.31,20.0,21.24,2,3.1,
KMT-2022-BLG-1140,SAO14M0204.055602,17:40:52.43,-28:22:55.42,9738.38764,3.94,0.035,21.45,20.0,22.11,2,4.27,
KMT-2022-BLG-1141,SAO14M0206.006413,17:40:38.29,-28:12:27.72,9787.07491,86.3,0.219,19.11,19.06,19.06,2,3.92,
KMT-2022-BLG-1142,SAO16N0306.024925,17:40:06.78,-24:59:10.97,9757.4601,33.15,0.139,20.37,20.0,20.68,2,3.17,
KMT-2022-BLG-1143,SAO20N0507.008513,17:47:58.08,-22:48:07.99,9738.30475,4.85,0.637,18.25,18.23,18.23,1,1.77,
KMT-2022-BLG-1144,SAO31K0101.054641,18:13:01.30,-25:39:24.08,9739.57748,23.7,0.024,20.44,20.0,20.33,1,1.39,
KMT-2022-BLG-1145,SAO34M0306.043743,18:07:40.76,-31:27:42.19,9741.42241,15.26,0.128,19.89,20.0,20.0,1,0.69,
KMT-2022-BLG-1146,SAO37K0206.012822,17:43:11.36,-34:34:06.06,9774.38589,40.26,0.386,19.07,19.11,19.11,2,1.7,
KMT-2022-BLG-1147,SAO37K0505.041417,17:41:35.25,-34:41:36.02,9754.69365,46.54,0.249,20.32,20.0,20.39,2,2.1,
KMT-2022-BLG-1148,SAO42N0107.014451,17:58:37.03,-29:25:47.39,9738.60831,2.33,0.233,18.37,17.91,17.91,1,1.24,
KMT-2022-BLG-1149,SAO03T0302.095421,18:00:31.07,-28:48:54.40,9740.04359,18.69,0.479,20.1,19.85,19.85,1,0.95,
KMT-2022-BLG-1150,SAO13M0508.063433,17:36:47.87,-33:22:28.27,9774.82407,118.27,0.293,20.46,20.0,22.2,2,4.26,
KMT-2022-BLG-1151,SAO14M0205.006489,17:40:29.05,-28:18:40.82,9759.264,24.23,0.773,18.68,18.82,18.82,2,4.04,
KMT-2022-BLG-1152,SAO15M0802.004265,17:37:05.55,-26:32:45.96,9768.5132,23.12,0.479,18.47,18.47,18.47,2,3.11,MB22366
KMT-2022-BLG-1153,SAO15N0602.113911,17:38:39.82,-27:42:02.99,9739.40368,4.68,0.299,20.82,20.0,25.0,3,2.76,
KMT-2022-BLG-1154,BLG18K0502.002036,17:43:21.06,-26:31:32.66,9799.42949,42.75,0.016,17.13,17.16,17.16,2,2.88,
KMT-2022-BLG-1155,BLG19M0407.046683,17:48:50.89,-23:46:32.23,9748.19629,22.69,0.046,19.68,20.0,20.48,2,2.02,
KMT-2022-BLG-1156,SAO35T0204.093591,18:03:35.95,-26:24:01.01,9745.21781,8.08,0.002,19.06,20.0,25.0,3,2.57,MB22294
KMT-2022-BLG-1157,BLG37M0103.027853,17:49:17.51,-34:58:24.10,9744.22003,37.04,0.301,20.19,19.1,19.1,1,1.06,
KMT-2022-BLG-1158,SAO43T0501.015531,17:59:15.80,-29:02:18.60,9741.28363,28.21,0.066,21.55,17.76,17.76,1,0.99,
KMT-2022-BLG-1159,SAO01N0203.048315,17:58:16.04,-31:54:25.81,9743.34498,14.85,0.022,21.11,20.0,20.3,1,1.76,
KMT-2022-BLG-1160,SAO02N0405.017904,17:56:59.39,-29:34:41.59,9743.38118,18.25,0.093,20.64,18.3,18.3,1,1.49,
KMT-2022-BLG-1161,SAO02N0803.045412,17:54:35.65,-29:50:00.60,9742.53206,7.8,0.072,19.81,18.85,18.85,1,1.29,
KMT-2022-BLG-1162,SAO04N0301.007081,18:07:15.42,-31:05:07.80,9776.99586,40.09,0.211,19.28,18.05,18.05,1,0.69,MB22371
KMT-2022-BLG-1163,SAO14N0202.000391,17:40:33.84,-29:47:43.73,9753.48539,117.1,0.051,21.82,17.27,17.27,2,6.65,
KMT-2022-BLG-1164,SAO14N0603.025627,17:38:39.08,-29:35:46.03,9748.80222,38.81,0.87,20.04,20.0,21.25,2,4.35,
KMT-2022-BLG-1165,SAO19M0104.006289,17:50:21.33,-24:09:37.76,9775.62352,60.15,0.244,18.56,18.67,18.67,2,2.83,
KMT-2022-BLG-1166,SAO21K0408.002152,17:52:15.18,-34:19:49.58,9772.93438,23.02,0.298,16.01,15.98,15.98,1,1.2,MB22292
KMT-2022-BLG-1167,SAO22M0702.022098,17:55:31.99,-32:59:54.31,9760.71633,22.06,0.312,19.2,18.86,18.86,1,1.27,MB22351
KMT-2022-BLG-1168,SAO32M0708.060151,18:12:13.85,-26:58:34.39,9742.95046,17.55,0.117,20.09,20.0,20.07,1,0.82,
KMT-2022-BLG-1169,SAO32T0204.006928,18:10:31.42,-28:30:54.00,9741.55968,7.13,0.899,18.85,17.64,17.64,1,0.75,
KMT-2022-BLG-1170,SAO32T0205.028542,18:10:26.55,-28:24:13.10,9744.44443,8.26,0.194,19.0,18.98,18.98,1,0.81,
KMT-2022-BLG-1171,SAO01M0604.033566,17:56:08.37,-30:34:36.59,9744.90755,25.69,0.163,21.64,19.25,19.25,1,1.85,
KMT-2022-BLG-1172,SAO04K0705.000935,17:59:49.05,-29:28:17.51,9844.97117,43.45,0.946,14.93,14.93,14.93,1,1.53,MB22353
KMT-2022-BLG-1173,SAO04N0803.049579,18:04:12.72,-30:48:50.51,9754.11417,52.89,0.01,21.35,19.96,19.96,1,1.36,
KMT-2022-BLG-1174,BLG04T0208.006666,18:02:36.66,-30:06:16.99,9741.81958,30.14,0.01,22.87,17.43,17.43,1,0.97,
KMT-2022-BLG-1175,BLG11N0208.001769,17:31:12.72,-30:02:02.58,9740.70172,5.14,0.806,18.45,16.81,16.81,2,2.4,
KMT-2022-BLG-1176,SAO11T0401.014309,17:25:21.11,-30:59:12.37,9750.70417,18.44,0.692,19.92,20.0,20.65,2,3.26,
KMT-2022-BLG-1177,BLG12N0803.039360,17:27:44.40,-28:34:22.12,9743.65856,15.62,0.04,20.8,20.0,20.64,2,2.19,
KMT-2022-BLG-1178,SAO14K0806.006238,17:32:11.59,-28:05:38.40,9742.27925,101.21,0.043,23.33,18.9,18.9,2,2.62,
KMT-2022-BLG-1179,SAO14M0206.017234,17:40:37.86,-28:11:09.31,9740.0953,4.1,0.083,21.71,20.0,20.53,3,4.26,
KMT-2022-BLG-1180,BLG14N0406.011993,17:39:25.35,-29:14:06.76,9741.6126,9.37,0.007,21.98,20.0,20.85,2,4.89,
KMT-2022-BLG-1181,BLG15M0304.050159,17:39:49.86,-26:18:41.44,9741.42287,53.67,0.331,21.15,20.0,20.86,2,2.58,
KMT-2022-BLG-1182,BLG15M0701.024808,17:37:52.30,-26:39:10.22,9741.71615,4.72,0.372,20.98,20.0,20.78,2,3.42,
KMT-2022-BLG-1183,SAO15T0603.071659,17:33:27.09,-27:28:24.71,9745.84869,15.54,0.301,21.34,20.0,22.06,2,3.02,
KMT-2022-BLG-1184,SAO17N0502.017166,17:47:11.43,-34:07:07.21,9761.63328,29.57,0.153,19.76,18.91,18.91,1,1.68,MB22344
KMT-2022-BLG-1185,BLG19M0407.034576,17:48:37.61,-23:45:03.60,9742.95906,25.76,0.007,23.71,20.0,20.14,2,2.01,
KMT-2022-BLG-1186,BLG22N0108.054460,17:58:54.44,-33:23:55.39,9746.54701,18.82,0.267,20.59,20.0,20.69,1,1.26,
KMT-2022-BLG-1187,SAO31K0604.012657,18:10:22.65,-25:17:09.89,9741.93074,5.86,0.887,18.94,18.71,18.71,1,1.75,
KMT-2022-BLG-1188,SAO32T0205.012427,18:10:20.80,-28:28:22.30,9741.60047,10.05,0.07,20.63,18.25,18.25,1,0.81,
KMT-2022-BLG-1189,BLG35K0702.031437,18:00:31.95,-25:37:03.22,9742.42004,14.45,0.113,21.81,20.0,22.13,3,4.69,
KMT-2022-BLG-1190,BLG35T0102.015205,18:04:07.54,-26:44:26.84,9743.01111,20.8,0.072,21.91,19.11,19.11,2,1.78,
KMT-2022-BLG-1191,BLG35T0308.005733,18:02:47.67,-25:53:52.76,9742.02759,20.53,0.08,22.35,19.01,19.01,2,3.39,
KMT-2022-BLG-1192,SAO35T0503.004401,18:01:50.10,-26:31:43.93,9739.82611,21.36,0.94,17.83,17.77,17.77,2,2.61,
KMT-2022-BLG-1193,SAO35T0603.031409,18:01:16.37,-26:32:22.85,9749.82953,14.96,0.689,19.86,20.0,20.87,2,3.27,
KMT-2022-BLG-1194,BLG38T0501.008405,17:52:13.86,-23:33:27.00,9752.68425,44.99,0.401,19.7,18.7,18.7,4,2.75,
KMT-2022-BLG-1195,SAO41K0501.003977,17:51:22.64,-31:07:19.88,9779.9048,35.27,0.978,17.73,17.27,17.27,1,2.42,
KMT-2022-BLG-1196,SAO41M0805.003008,17:54:31.28,-30:34:05.30,9761.31314,13.75,0.998,17.08,16.89,16.89,1,2.71,MB22322
KMT-2022-BLG-1197,SAO42M0505.008568,17:56:17.24,-28:31:17.51,9741.69001,30.04,0.025,22.83,17.46,17.46,1,1.81,
KMT-2022-BLG-1198,SAO42N0404.080037,17:57:05.29,-29:48:03.82,9751.51886,34.86,0.011,20.91,20.0,20.21,1,1.71,MB22313 MB22314
KMT-2022-BLG-1199,SAO17M0603.007029,17:46:02.64,-32:56:12.05,9743.04335,8.58,0.005,20.78,19.75,19.75,2,3.01,
KMT-2022-BLG-1200,SAO20N0402.026948,17:48:25.97,-23:23:51.61,9757.7772,47.78,0.279,19.85,19.82,19.82,2,1.67,
KMT-2022-BLG-1201,SAO31N0404.007451,18:16:27.18,-26:25:28.81,9750.01624,23.52,0.298,19.93,17.82,17.82,1,0.86,
KMT-2022-BLG-1202,BLG32N0802.027283,18:11:39.10,-28:52:36.98,9785.69726,40.17,0.104,19.01,18.84,18.84,1,0.56,MB22381
KMT-2022-BLG-1203,BLG37M0108.019884,17:48:55.53,-34:23:18.31,9753.98378,30.7,0.033,19.67,19.05,19.05,1,1.32,MB22298
KMT-2022-BLG-1204,SAO37M0802.058990,17:44:42.79,-35:04:06.46,9752.42852,76.17,0.498,19.87,20.0,20.39,2,1.28,
KMT-2022-BLG-1205,SAO42T0407.038804,17:51:59.62,-29:26:45.38,9749.20153,25.13,0.231,20.68,19.73,19.73,1,2.62,
KMT-2022-BLG-1206,SAO11M0806.014548,17:28:11.60,-29:13:46.70,9764.61039,57.2,0.071,19.37,19.05,19.05,1,1.77,
KMT-2022-BLG-1207,BLG31N0404.049497,18:16:26.39,-26:24:43.60,9789.08254,122.63,0.263,20.19,20.0,20.29,1,0.83,
KMT-2022-BLG-1208,SAO38T0502.005963,17:52:29.98,-23:25:28.70,9784.9081,58.31,0.093,20.2,17.95,17.95,4,2.86,
KMT-2022-BLG-1209,SAO43M0608.024162,18:03:05.44,-27:02:21.52,9745.18965,36.12,0.017,22.63,19.29,19.29,1,1.96,
KMT-2022-BLG-1210,SAO03T0104.044937,18:01:43.29,-28:35:27.31,9770.15568,50.07,0.461,18.93,18.96,18.96,1,0.96,
KMT-2022-BLG-1211,BLG19N0101.007916,17:50:24.96,-25:40:31.55,9805.83471,99.04,0.603,20.0,20.0,21.3,2,5.7,
KMT-2022-BLG-1212,BLG22N0402.011071,17:57:00.45,-34:07:23.41,9750.71156,29.13,0.057,19.54,18.23,18.23,1,0.78,MB22302
KMT-2022-BLG-1213,SAO02M0808.000525,17:54:53.70,-28:02:48.98,9746.94596,36.08,0.28,19.22,15.91,15.91,2,4.08,
KMT-2022-BLG-1214,SAO19K0202.034226,17:44:53.67,-24:26:57.98,9761.37474,48.39,0.273,20.21,19.87,19.87,1,2.41,
KMT-2022-BLG-1215,SAO22K0303.034448,17:52:48.53,-32:52:55.70,9756.02413,45.85,0.6,19.97,19.36,19.36,1,1.59,
KMT-2022-BLG-1216,SAO31N0107.018403,18:17:43.57,-26:06:02.59,9754.87582,24.97,0.381,19.18,18.79,18.79,1,0.79,
KMT-2022-BLG-1217,BLG01K0305.054659,17:52:48.44,-30:30:11.41,9755.16876,18.64,0.02,20.15,20.0,20.09,1,2.25,MB22325
KMT-2022-BLG-1218,BLG01K0307.031503,17:52:42.53,-30:16:15.82,9752.46913,11.07,0.137,19.94,19.34,19.34,2,1.77,MB22316
KMT-2022-BLG-1219,BLG01M0401.034319,17:57:20.34,-31:02:35.92,9749.68239,32.39,0.041,22.43,18.99,18.99,1,1.19,
KMT-2022-BLG-1220,BLG01T0202.067056,17:53:36.45,-32:02:55.21,9750.20345,17.76,0.153,21.28,20.0,20.45,1,2.02,
KMT-2022-BLG-1221,BLG01T0601.021213,17:51:01.03,-32:05:49.63,9754.22242,12.84,0.408,19.76,20.0,20.23,2,2.61,
KMT-2022-BLG-1222,SAO02K0204.048476,17:53:30.02,-28:31:07.39,9748.96813,18.25,0.285,21.38,20.0,20.46,2,2.59,
KMT-2022-BLG-1223,BLG02M0703.089979,17:55:28.32,-28:42:36.83,9750.98078,6.42,0.176,20.54,20.0,25.0,3,2.29,
KMT-2022-BLG-1224,SAO02M0706.008054,17:55:19.99,-28:16:11.89,9760.60126,55.17,0.224,20.48,17.92,17.92,2,2.33,
KMT-2022-BLG-1225,SSO02N0703.045914,17:55:16.20,-29:47:50.89,9748.75013,30.31,0.06,21.32,19.01,19.01,1,1.39,
KMT-2022-BLG-1226,BLG02N0804.039534,17:55:01.09,-29:37:53.40,9750.44293,24.31,0.103,20.8,18.77,18.77,1,1.31,
KMT-2022-BLG-1227,BLG11N0108.047352,17:32:00.80,-30:04:00.34,9753.38846,101.58,0.059,21.77,20.0,20.33,2,1.83,
KMT-2022-BLG-1228,BLG11T0208.001547,17:26:21.50,-30:07:30.68,9766.6349,16.17,0.485,17.55,17.08,17.08,2,2.42,
KMT-2022-BLG-1229,SAO12N0307.000938,17:30:34.71,-28:02:11.51,9752.19003,73.69,0.113,20.98,16.54,16.54,2,2.11,
KMT-2022-BLG-1230,SAO13K0404.001148,17:32:17.97,-33:48:14.18,9820.32883,94.49,0.931,18.45,18.31,18.31,2,7.86,
KMT-2022-BLG-1231,SAO14K0408.004639,17:34:39.21,-27:56:38.54,9748.14897,3.27,0.775,18.11,18.16,18.16,2,2.85,
KMT-2022-BLG-1232,BLG14M0605.036323,17:38:21.44,-28:13:24.96,9749.35406,60.9,0.009,24.06,20.0,21.35,2,3.5,
KMT-2022-BLG-1233,BLG14N0407.016526,17:39:41.40,-29:11:45.28,9767.69563,25.6,0.174,20.25,20.0,21.24,2,5.22,
KMT-2022-BLG-1234,BLG14N0805.047550,17:37:24.62,-29:23:48.01,9745.89759,7.29,0.229,20.72,20.0,21.3,2,3.47,
KMT-2022-BLG-1235,BLG14T0302.007226,17:35:13.28,-29:43:15.02,9750.87144,5.68,0.614,18.8,18.69,18.69,2,3.37,
KMT-2022-BLG-1236,BLG14T0706.043612,17:32:50.44,-29:19:26.51,9748.67605,9.08,0.166,20.77,20.0,20.91,2,2.92,
KMT-2022-BLG-1237,BLG15M0407.071865,17:39:26.06,-25:52:17.83,9751.33465,19.08,0.002,23.0,20.0,22.12,2,3.15,
KMT-2022-BLG-1238,BLG15N0207.070508,17:40:45.42,-27:00:47.05,9757.30285,45.46,0.5,20.45,20.0,21.76,2,3.0,
KMT-2022-BLG-1239,BLG17M0103.017576,17:49:06.76,-32:54:29.20,9748.84199,14.23,0.182,22.04,19.4,19.4,1,1.96,
KMT-2022-BLG-1240,SAO18K0602.012896,17:42:49.50,-26:33:57.56,9763.17317,24.47,0.949,19.41,19.47,19.47,2,3.06,
KMT-2022-BLG-1241,BLG18K0704.001916,17:42:04.82,-26:16:01.42,9756.25238,6.03,0.871,17.73,17.55,17.55,2,3.42,
KMT-2022-BLG-1242,BLG18K0804.045464,17:41:48.92,-26:12:57.20,9746.367,9.61,0.261,21.89,20.0,21.35,2,3.34,
KMT-2022-BLG-1243,BLG18T0108.005598,17:45:35.40,-26:49:23.34,9747.50236,5.22,0.985,19.25,18.38,18.38,2,3.46,
KMT-2022-BLG-1244,BLG19N0507.026414,17:47:58.83,-24:54:23.90,9746.50346,29.71,0.072,22.95,20.0,21.37,2,3.73,
KMT-2022-BLG-1245,SSO19N0702.001497,17:46:42.60,-25:34:36.66,9753.6632,11.83,0.068,17.26,17.24,17.24,4,2.81,
KMT-2022-BLG-1246,BLG19T0208.001651,17:45:03.83,-24:43:28.92,9752.89997,10.04,0.29,19.52,17.17,17.17,2,2.61,
KMT-2022-BLG-1247,BLG20N0204.030294,17:49:35.28,-23:11:10.28,9749.4986,10.11,0.094,21.37,19.67,19.67,1,1.95,
KMT-2022-BLG-1248,SAO21M0503.010633,17:56:34.34,-34:59:57.41,9771.76929,42.42,0.305,19.53,18.41,18.41,1,0.83,MB22362
KMT-2022-BLG-1249,BLG22M0102.054975,17:58:52.37,-33:01:44.51,9753.44883,35.13,0.057,21.35,20.0,20.26,1,1.28,MB22327
KMT-2022-BLG-1250,BLG22N0502.028207,17:56:33.95,-34:08:09.71,9752.51524,10.87,0.895,19.0,19.06,19.06,1,0.9,
KMT-2022-BLG-1251,BLG32T0205.006230,18:10:24.72,-28:27:55.91,9779.91212,167.72,0.002,22.09,17.57,17.57,1,0.81,MB22386
KMT-2022-BLG-1252,BLG35M0204.046477,18:08:15.67,-25:19:53.40,9742.87569,39.52,0.394,20.76,19.96,19.96,1,1.66,
KMT-2022-BLG-1253,BLG35N0106.065961,18:08:48.51,-26:09:20.41,9755.33943,38.85,0.002,20.8,20.0,20.5,1,1.51,MB22318
KMT-2022-BLG-1254,BLG35N0202.001288,18:08:15.83,-26:41:45.31,9758.56513,7.02,0.056,15.38,15.4,15.4,1,1.09,MB22312
KMT-2022-BLG-1255,BLG37K0102.045025,17:44:02.29,-35:05:02.22,9749.49282,10.16,0.296,20.6,20.0,20.2,2,1.52,
KMT-2022-BLG-1256,BLG37K0306.045314,17:43:00.88,-34:35:05.82,9761.16306,60.38,0.028,20.95,20.0,20.31,2,1.76,
KMT-2022-BLG-1257,SAO37M0603.031125,17:46:06.39,-34:57:56.02,9737.523,23.51,0.847,19.3,19.31,19.31,1,1.38,
KMT-2022-BLG-1258,BLG41T0401.001592,17:51:49.47,-32:16:07.79,9785.1815,34.14,0.786,17.89,16.16,16.16,1,2.17,MB22414
KMT-2022-BLG-1259,BLG42K0801.034442,17:49:32.09,-29:01:32.23,9747.67886,49.93,0.045,22.61,20.0,22.55,2,7.27,
KMT-2022-BLG-1260,BLG42M0101.045416,17:58:28.64,-29:03:39.20,9805.05796,200.0,0.032,19.46,18.93,18.93,1,1.3,
KMT-2022-BLG-1261,SAO42T0201.076607,17:53:03.36,-30:05:22.88,9746.54244,155.23,0.192,19.81,20.0,20.07,1,1.49,
KMT-2022-BLG-1262,BLG43K0104.050316,18:01:22.12,-27:30:59.18,9751.07035,23.68,0.274,20.51,19.3,19.3,1,1.35,
KMT-2022-BLG-1263,SAO43K0504.025582,17:58:53.27,-27:35:17.99,9761.52226,19.1,0.332,18.97,18.92,18.92,1,2.02,MB22347
KMT-2022-BLG-1264,BLG16N0601.042680,17:38:26.56,-25:41:54.82,9750.31028,27.11,0.111,22.24,20.0,22.38,3,4.28,
KMT-2022-BLG-1265,BLG16T0101.011032,17:36:28.69,-25:42:32.11,9752.52495,6.98,0.19,20.35,20.0,20.79,2,3.28,
KMT-2022-BLG-1266,BLG31N0307.031345,18:16:54.61,-26:07:22.58,9747.13066,20.54,0.19,21.39,19.15,19.15,1,0.81,
KMT-2022-BLG-1267,BLG32T0408.062642,18:09:10.00,-28:03:46.19,9750.31919,43.28,0.105,21.8,19.83,19.83,1,0.89,
KMT-2022-BLG-1268,BLG34T0604.047204,18:00:21.17,-32:46:07.28,9752.06006,11.98,0.452,19.86,19.84,19.84,1,0.98,
KMT-2022-BLG-1269,BLG42M0803.007799,17:54:21.07,-28:49:23.59,9752.04906,27.42,0.034,21.94,17.12,17.12,2,1.91,
KMT-2022-BLG-1270,BLG03M0405.048332,18:04:41.29,-27:16:36.91,9754.15654,16.17,0.376,19.43,19.09,19.09,1,0.87,MB22328
KMT-2022-BLG-1271,SSO04K0202.042237,18:03:03.71,-29:47:13.74,9754.04619,8.65,0.138,19.01,18.95,18.95,2,0.75,MB22323
KMT-2022-BLG-1272,SSO04N0105.023162,18:08:22.70,-30:29:50.71,9751.28045,4.24,0.038,22.54,18.96,18.96,1,0.61,
KMT-2022-BLG-1273,SAO04T0506.045444,18:01:09.25,-30:22:02.78,9762.57961,119.62,0.063,21.13,19.29,19.29,1,1.08,MB22341
KMT-2022-BLG-1274,BLG12T0205.046867,17:26:26.85,-28:20:48.01,9753.40989,23.88,0.183,21.17,20.0,20.81,2,2.09,
KMT-2022-BLG-1275,BLG15N0104.068119,17:41:20.16,-27:25:42.78,9750.99582,7.22,0.057,22.88,20.0,21.73,2,3.37,
KMT-2022-BLG-1276,BLG34M0306.018428,18:07:31.02,-31:22:18.19,9752.46469,8.54,0.46,19.34,18.93,18.93,1,0.76,
KMT-2022-BLG-1277,BLG38T0808.017777,17:50:52.22,-22:41:52.58,9754.73734,13.44,0.543,19.33,19.38,19.38,1,2.1,
KMT-2022-BLG-1278,BLG43K0208.013135,18:00:57.39,-27:04:52.79,9758.97982,161.89,0.002,24.05,18.63,18.63,1,2.16,MB22321
KMT-2022-BLG-1279,BLG15N0404.058950,17:39:14.91,-27:22:22.37,9859.05582,199.99,0.025,19.17,20.0,20.92,2,2.46,
KMT-2022-BLG-1280,BLG16K0104.026557,17:36:31.55,-24:11:48.91,9760.8892,17.32,0.162,20.26,20.0,20.67,2,2.35,
KMT-2022-BLG-1281,SSO16T0507.008397,17:34:16.25,-24:56:39.34,,,,,20.0,20.1,2,2.86,
KMT-2022-BLG-1282,BLG37K0808.010287,17:39:37.28,-34:20:06.07,9788.94037,61.24,0.023,19.42,19.46,19.46,2,2.97,
KMT-2022-BLG-1283,BLG37M0207.011271,17:48:27.90,-34:30:33.41,9761.71397,14.58,0.197,19.36,18.32,18.32,1,1.26,MB22346
KMT-2022-BLG-1284,BLG43M0501.080078,18:04:01.86,-27:55:53.51,9749.23594,32.07,0.127,20.46,20.0,20.04,1,1.04,
KMT-2022-BLG-1285,SSO02K0102.067004,17:54:10.30,-28:46:59.95,9756.95476,15.43,0.063,20.21,20.0,20.35,2,1.99,MB22340
KMT-2022-BLG-1286,SSO04T0608.079614,18:00:31.91,-30:06:52.09,9753.39834,23.29,0.307,20.91,20.0,20.05,1,1.08,
KMT-2022-BLG-1287,BLG15N0206.012706,17:40:27.58,-27:06:40.79,9752.32441,7.87,0.19,21.56,19.52,19.52,2,2.98,
KMT-2022-BLG-1288,SSO17M0503.006816,17:47:07.18,-32:53:23.10,9753.97041,59.36,0.011,23.3,19.83,19.83,2,3.76,
KMT-2022-BLG-1289,SSO19N0707.083062,17:46:45.03,-24:56:16.76,9753.16906,24.47,0.067,21.46,20.0,25.0,3,3.22,
KMT-2022-BLG-1290,BLG41M0302.056674,17:57:42.45,-31:03:20.20,9755.74342,7.83,0.046,20.06,19.6,19.6,1,1.23,MB22342
KMT-2022-BLG-1291,BLG01M0704.039395,17:55:24.82,-30:34:46.09,9754.78761,36.11,0.002,22.56,19.46,19.46,1,1.96,MB22333
KMT-2022-BLG-1292,SAO01N0802.019966,17:54:38.44,-32:00:42.98,9757.73095,199.59,0.011,23.12,18.96,18.96,1,1.6,MB22345
KMT-2022-BLG-1293,SAO01T0104.033804,17:54:05.11,-31:47:56.69,9756.45973,63.44,0.014,23.91,19.46,19.46,1,1.87,
KMT-2022-BLG-1294,SAO02M0608.006274,17:55:57.92,-28:00:48.82,9755.79659,3.82,0.81,18.67,18.04,18.04,2,2.94,
KMT-2022-BLG-1295,SAO02T0708.019190,17:50:46.16,-29:09:22.39,9757.40732,11.45,0.049,22.02,20.0,20.68,1,4.82,
KMT-2022-BLG-1296,BLG03K0407.031266,17:59:52.26,-27:05:33.29,9761.94269,15.37,0.34,19.43,19.39,19.39,1,2.34,
KMT-2022-BLG-1297,SAO03N0604.081878,18:03:40.39,-28:30:29.92,9753.60942,28.47,0.304,20.65,19.88,19.88,1,1.02,
KMT-2022-BLG-1298,BLG03T0306.031136,18:00:12.08,-28:17:21.98,9755.12473,41.07,0.049,21.33,18.6,18.6,1,1.41,MB22334
KMT-2022-BLG-1299,BLG04K0503.009773,18:01:11.50,-29:41:50.60,9780.55011,66.43,0.013,20.01,17.75,17.75,1,1.27,MB22370
KMT-2022-BLG-1300,SAO04T0808.073226,17:59:18.97,-30:09:26.50,9761.69941,23.34,0.156,20.08,20.0,20.1,1,1.5,
KMT-2022-BLG-1301,SAO14N0801.035160,17:37:07.76,-29:54:39.67,9765.72052,47.45,0.23,21.15,20.0,21.83,2,4.44,
KMT-2022-BLG-1302,SAO15N0404.022702,17:39:33.93,-27:27:38.77,9759.25319,7.98,0.305,19.96,19.95,19.95,2,2.79,
KMT-2022-BLG-1303,BLG15N0503.016636,17:39:13.97,-27:30:57.53,9767.95573,26.89,0.174,19.43,19.52,19.52,2,2.52,
KMT-2022-BLG-1304,BLG15N0603.019122,17:38:11.87,-27:32:40.52,9755.26813,8.39,0.534,19.58,19.92,19.92,2,2.94,MB22331
KMT-2022-BLG-1305,BLG16N0308.035056,17:40:04.16,-24:50:02.33,9761.22749,40.62,0.185,21.19,20.0,21.21,2,3.28,
KMT-2022-BLG-1306,SAO17K0403.025207,17:42:22.51,-32:52:53.80,9769.221,28.13,0.527,19.73,20.0,20.91,2,3.49,
KMT-2022-BLG-1307,SAO17N0408.040016,17:47:19.71,-33:20:00.20,9754.82386,14.24,0.276,20.17,19.72,19.72,1,1.96,
KMT-2022-BLG-1308,SAO18K0101.080166,17:45:38.97,-26:40:10.45,9756.01963,17.79,0.009,22.38,20.0,21.87,2,3.34,
KMT-2022-BLG-1309,SAO18K0305.040541,17:44:40.95,-26:10:40.44,9757.0368,4.16,0.475,20.56,20.0,20.95,2,2.75,
KMT-2022-BLG-1310,SAO18K0703.088179,17:42:06.71,-26:23:22.02,9758.3423,9.9,0.044,21.59,20.0,21.94,2,3.13,
KMT-2022-BLG-1311,SAO18M0808.042688,17:46:29.60,-25:44:09.56,9759.01216,42.22,0.082,22.64,20.0,20.69,2,2.64,
KMT-2022-BLG-1312,BLG19K0602.004606,17:42:47.79,-24:24:49.10,9857.51179,70.38,0.459,18.12,17.36,17.36,1,2.06,
KMT-2022-BLG-1313,BLG20K0407.024747,17:44:10.20,-21:42:23.69,9775.11202,49.4,0.651,19.45,19.56,19.56,1,1.42,
KMT-2022-BLG-1314,BLG20T0102.034150,17:45:39.43,-23:27:13.61,9764.64361,23.53,0.296,19.7,19.33,19.33,1,1.48,
KMT-2022-BLG-1315,BLG20T0402.042008,17:44:08.80,-23:24:12.71,9752.49339,34.77,0.032,23.09,20.0,20.01,1,1.71,
KMT-2022-BLG-1316,SAO22K0506.054123,17:51:31.54,-32:31:42.89,9764.53132,19.01,0.132,20.5,20.0,20.25,1,1.92,
KMT-2022-BLG-1317,SAO22K0507.025757,17:51:21.40,-32:20:01.61,9758.15558,52.33,0.004,22.24,19.62,19.62,1,2.55,
KMT-2022-BLG-1318,SSO22M0701.017661,17:55:40.65,-33:08:18.71,9779.2847,35.78,0.268,18.93,18.82,18.82,1,1.35,MB22367
KMT-2022-BLG-1319,SAO22N0603.044784,17:55:58.91,-34:01:58.69,9757.65666,6.07,0.166,19.32,19.6,19.6,1,0.91,MB22343
KMT-2022-BLG-1320,SAO22T0704.030290,17:50:12.38,-33:54:59.62,9756.79721,37.54,0.108,21.85,20.0,20.79,3,1.87,
KMT-2022-BLG-1321,BLG32K0403.021909,18:09:06.57,-27:35:54.89,9792.21668,44.78,0.365,18.83,18.58,18.58,1,1.11,MB22402
KMT-2022-BLG-1322,BLG33T0307.024627,18:11:34.53,-30:16:36.80,9756.98423,9.77,0.45,19.15,19.15,19.15,1,0.53,
KMT-2022-BLG-1323,BLG34N0303.028998,18:07:18.04,-32:52:21.79,9774.24462,35.18,0.367,19.71,19.76,19.76,1,0.69,
KMT-2022-BLG-1324,SAO35T0803.015309,18:00:05.95,-26:32:37.97,9755.63238,9.17,0.093,21.23,20.0,20.28,3,3.7,
KMT-2022-BLG-1325,SAO41K0503.001487,17:51:31.46,-30:52:04.80,9800.71173,22.77,0.302,16.18,16.09,16.09,1,2.41,MB22363
KMT-2022-BLG-1326,SSO41K0605.075233,17:50:54.54,-30:34:52.61,9754.75707,50.57,0.013,24.1,20.0,24.14,2,2.52,
KMT-2022-BLG-1327,SSO41M0607.021215,17:55:45.61,-30:23:08.81,9754.89406,27.7,0.17,21.61,18.98,18.98,1,1.88,
KMT-2022-BLG-1328,SAO42T0202.014882,17:53:19.44,-30:04:36.70,9755.49264,6.77,0.039,20.78,17.86,17.86,1,1.57,
KMT-2022-BLG-1329,SAO42T0606.029238,17:50:45.78,-29:28:51.20,9758.21395,3.91,0.56,19.93,19.78,19.78,1,3.77,
KMT-2022-BLG-1330,SSO43M0407.040667,18:04:11.84,-27:07:48.61,9758.23408,34.32,0.09,21.52,18.91,18.91,1,1.12,
KMT-2022-BLG-1331,SAO43N0601.056985,18:03:26.05,-29:05:46.39,9757.31349,14.12,0.118,19.3,19.39,19.39,1,0.79,
KMT-2022-BLG-1332,SAO43T0103.076249,18:01:13.36,-28:50:44.20,9756.71913,11.01,0.129,19.59,19.58,19.58,1,0.9,
KMT-2022-BLG-1333,SAO43T0507.044697,17:59:09.45,-28:20:35.02,9755.78226,26.34,0.409,19.83,19.08,19.08,1,1.43,
KMT-2022-BLG-1334,SSO43T0808.014740,17:57:07.03,-28:09:25.49,9756.87526,24.74,0.178,20.73,18.2,18.2,1,1.99,
KMT-2022-BLG-1335,SAO02N0601.024429,17:56:03.51,-29:58:40.58,9772.11991,43.54,0.3,19.92,18.79,18.79,1,1.64,
KMT-2022-BLG-1336,SAO04K0605.087930,18:00:17.72,-29:25:59.70,9765.84975,18.34,0.173,20.07,20.0,20.67,1,1.26,MB22364
KMT-2022-BLG-1337,BLG11M0307.012420,17:30:36.37,-29:04:31.87,9761.90947,19.41,0.024,19.69,19.8,19.8,2,2.36,
KMT-2022-BLG-1338,SAO12N0702.046489,17:28:22.70,-28:39:32.62,9756.51715,16.5,0.083,20.5,20.0,20.52,2,1.78,
KMT-2022-BLG-1339,SAO14M0304.040143,17:40:04.83,-28:26:57.05,9757.71047,18.18,0.095,22.36,20.0,21.52,2,4.33,
KMT-2022-BLG-1340,SAO14M0702.011384,17:37:38.14,-28:42:16.56,9756.90114,11.51,0.006,23.26,19.17,19.17,2,3.12,
KMT-2022-BLG-1341,SAO14M0805.059522,17:37:18.16,-28:19:11.17,9758.06614,33.6,0.035,23.25,20.0,22.21,2,4.12,
KMT-2022-BLG-1342,SAO14N0804.043187,17:37:13.68,-29:30:48.92,9758.19884,10.98,0.108,21.92,20.0,21.34,2,3.66,
KMT-2022-BLG-1343,SAO16K0108.035935,17:36:27.90,-23:41:18.85,9762.74904,18.12,0.399,20.56,20.0,20.94,2,1.93,
KMT-2022-BLG-1344,SAO16N0408.046183,17:39:49.45,-24:45:06.05,9764.12235,16.27,0.148,20.08,20.0,21.0,2,2.15,
KMT-2022-BLG-1345,SAO17N0202.050543,17:48:31.53,-34:03:41.62,9759.6321,27.65,0.08,21.05,19.96,19.96,1,1.56,
KMT-2022-BLG-1346,BLG20M0304.007676,17:49:09.11,-22:05:33.61,9759.07517,15.58,1.0,19.02,18.5,18.5,4,1.89,
KMT-2022-BLG-1347,SAO20T0103.042783,17:45:49.18,-23:16:35.80,9759.73859,15.81,0.199,20.84,19.69,19.69,1,1.46,
KMT-2022-BLG-1348,SAO34M0708.018665,18:04:45.12,-31:07:55.70,9755.25992,31.89,0.063,22.21,19.16,19.16,1,1.59,
KMT-2022-BLG-1349,SAO34T0205.065197,18:03:16.67,-32:36:53.89,9756.88822,98.11,0.002,24.01,20.0,21.01,1,0.84,
KMT-2022-BLG-1350,SAO36T0102.049330,18:15:39.29,-24:37:01.20,9759.44927,22.36,0.059,21.18,20.0,20.58,1,1.57,
KMT-2022-BLG-1351,SAO36T0601.008935,18:12:29.85,-24:40:19.74,9758.12686,13.86,0.196,20.98,19.69,19.69,4,2.43,
KMT-2022-BLG-1352,BLG41K0305.076144,17:52:33.29,-30:38:09.82,9778.45272,43.06,0.071,20.47,20.0,20.65,1,2.14,MB22382
KMT-2022-BLG-1353,SAO02M0804.027166,17:54:46.25,-28:34:20.96,9764.61408,11.33,0.077,19.58,19.54,19.54,2,1.99,MB22356
KMT-2022-BLG-1354,SAO03K0702.020324,17:58:10.69,-27:40:35.80,9756.35569,52.8,0.451,21.27,18.85,18.85,1,1.98,
KMT-2022-BLG-1355,SAO11K0306.006060,17:25:44.21,-29:11:12.30,9808.98741,72.68,0.96,18.59,18.09,18.09,1,1.92,
KMT-2022-BLG-1356,BLG12N0306.046603,17:30:56.28,-28:11:53.38,9757.3365,8.07,0.029,21.04,20.0,20.68,2,2.24,
KMT-2022-BLG-1357,SAO14M0105.000619,17:41:24.16,-28:15:08.82,9759.1523,6.1,0.102,20.33,16.53,16.53,2,3.93,
KMT-2022-BLG-1358,BLG14N0803.004306,17:37:21.35,-29:39:16.49,9794.70228,47.03,0.938,18.48,18.59,18.59,2,3.84,
KMT-2022-BLG-1359,SAO14T0603.084259,17:33:24.69,-29:39:07.31,9765.03293,52.73,0.143,21.41,20.0,22.01,2,2.96,
KMT-2022-BLG-1360,SAO21K0605.001487,17:50:49.50,-34:44:14.89,9789.68248,52.52,0.565,18.09,15.47,15.47,1,0.92,MB22317
KMT-2022-BLG-1361,SAO22N0205.065843,17:58:33.53,-33:45:18.72,9763.63439,11.75,0.788,19.92,20.0,21.55,2,0.88,
KMT-2022-BLG-1362,SAO22T0808.027735,17:50:00.56,-33:18:58.07,9757.68467,17.59,0.044,21.82,19.97,19.97,2,1.85,
KMT-2022-BLG-1363,BLG32T0407.010037,18:09:19.22,-28:08:30.08,9756.78251,13.41,0.339,20.29,18.06,18.06,1,0.85,
KMT-2022-BLG-1364,SAO32T0504.048743,18:08:38.38,-28:30:06.98,9755.80672,15.1,0.009,20.36,19.42,19.42,1,0.97,MB22336
KMT-2022-BLG-1365,BLG36M0601.035993,18:17:30.55,-23:38:11.18,9758.25072,14.44,0.27,19.68,19.69,19.69,1,1.05,
KMT-2022-BLG-1366,SAO01K0105.015717,17:53:51.53,-30:31:00.80,9780.11958,16.0,0.092,18.29,18.21,18.21,1,1.57,MB22373
KMT-2022-BLG-1367,SAO02K0405.006076,17:52:21.53,-28:27:27.86,9758.06969,31.61,0.178,21.15,17.96,17.96,2,3.1,
KMT-2022-BLG-1368,SAO03K0204.043843,18:00:58.27,-27:29:13.70,9760.29677,21.93,0.04,22.23,19.28,19.28,1,1.47,
KMT-2022-BLG-1369,SAO03T0108.013509,18:01:41.16,-28:04:53.90,9762.03696,2.88,0.709,18.54,17.95,17.95,1,1.27,MB22349
KMT-2022-BLG-1370,BLG04K0601.033250,18:00:38.27,-29:56:53.59,9777.19554,36.9,0.135,19.86,18.84,18.84,1,0.99,
KMT-2022-BLG-1371,SAO04M0704.022602,18:04:42.62,-29:32:12.52,9758.25951,42.43,0.148,21.61,18.46,18.46,1,0.85,
KMT-2022-BLG-1372,BLG04T0303.051679,18:02:07.77,-30:45:40.28,9760.2582,45.67,0.023,23.08,20.0,20.07,1,1.41,
KMT-2022-BLG-1373,BLG11K0305.023756,17:25:56.23,-29:16:44.00,9762.31519,23.0,0.926,19.31,19.36,19.36,1,1.79,
KMT-2022-BLG-1374,SAO12M0507.078479,17:29:28.79,-26:56:33.22,9754.15902,17.5,0.406,20.65,20.0,25.0,3,2.91,
KMT-2022-BLG-1375,SAO13N0401.009688,17:38:03.56,-35:20:26.66,9807.48957,71.99,0.161,19.48,19.47,19.47,2,2.29,
KMT-2022-BLG-1376,SAO14T0703.000688,17:33:05.58,-29:40:23.02,9758.85447,103.74,0.007,23.57,16.25,16.25,2,2.65,
KMT-2022-BLG-1377,BLG15M0107.004195,17:41:19.18,-25:57:28.08,9759.91527,0.81,0.761,18.28,17.99,17.99,2,2.82,
KMT-2022-BLG-1378,BLG15M0401.027707,17:39:29.38,-26:37:31.80,9767.17705,12.73,0.559,19.95,20.0,20.77,2,2.84,
KMT-2022-BLG-1379,SAO15N0803.097846,17:37:14.29,-27:32:28.79,9761.82464,8.7,0.505,20.53,20.0,25.0,3,3.42,
KMT-2022-BLG-1380,BLG16M0404.053588,17:39:37.92,-24:11:00.67,9760.49719,10.0,0.137,21.55,20.0,20.77,2,1.6,
KMT-2022-BLG-1381,BLG16T0604.005429,17:33:41.93,-25:18:12.60,9769.45842,14.64,0.116,20.1,20.0,20.72,2,4.55,
KMT-2022-BLG-1382,SAO17K0704.019794,17:40:40.11,-32:48:22.25,9766.55348,38.3,0.015,21.83,20.0,21.09,2,4.32,
KMT-2022-BLG-1383,BLG17N0308.015105,17:47:57.88,-33:24:51.30,9777.87551,23.96,0.313,18.93,18.74,18.74,1,1.74,MB22385
KMT-2022-BLG-1384,BLG17N0604.060323,17:46:27.28,-33:56:04.81,9759.64413,27.68,0.011,22.83,20.0,20.04,1,1.49,
KMT-2022-BLG-1385,SAO18M0802.053723,17:46:14.31,-26:28:40.40,9767.71044,154.85,0.006,23.3,20.0,21.9,2,3.91,
KMT-2022-BLG-1386,SAO18T0804.077781,17:41:36.20,-27:25:06.60,9760.92074,17.43,0.079,22.13,20.0,22.25,2,3.52,
KMT-2022-BLG-1387,SAO31T0404.026742,18:11:23.51,-26:29:40.42,9759.24618,7.46,0.057,20.99,18.93,18.93,1,1.01,MB22350
KMT-2022-BLG-1388,BLG34K0403.038740,18:01:58.75,-31:45:07.42,9800.50595,57.24,0.381,19.53,19.63,19.63,1,1.05,
KMT-2022-BLG-1389,BLG34M0105.050447,18:08:22.18,-31:30:15.19,9762.12801,28.38,0.053,21.32,20.0,20.52,1,0.71,
KMT-2022-BLG-1390,BLG35N0808.009082,18:04:34.96,-25:54:45.58,9763.56347,10.33,0.216,18.99,18.94,18.94,2,4.26,
KMT-2022-BLG-1391,BLG38T0605.013770,17:51:44.55,-23:00:19.19,9759.65203,8.18,0.035,21.66,19.37,19.37,4,2.18,
KMT-2022-BLG-1392,SAO42N0406.067152,17:56:43.81,-29:30:37.91,9763.47049,25.85,0.029,21.01,19.57,19.57,1,1.55,
KMT-2022-BLG-1393,SAO43K0103.000864,18:01:29.71,-27:42:34.09,9773.07535,80.25,0.96,16.09,14.74,14.74,1,1.41,MB22335
KMT-2022-BLG-1394,SAO43T0802.002166,17:57:23.17,-28:52:53.51,9764.38282,3.8,0.953,15.93,15.58,15.58,1,1.41,MB22355
KMT-2022-BLG-1395,BLG01T0802.050440,17:49:42.99,-31:56:42.65,9761.38352,27.62,0.025,23.28,20.0,22.82,2,5.0,
KMT-2022-BLG-1396,BLG02T0507.041410,17:51:36.19,-29:17:10.00,9761.05937,5.42,0.106,21.63,20.0,20.1,1,3.36,
KMT-2022-BLG-1397,BLG11M0108.099779,17:31:56.99,-28:54:09.14,9764.71824,24.06,0.188,21.44,20.0,25.0,3,2.78,
KMT-2022-BLG-1398,SAO14K0505.005228,17:34:14.37,-28:17:59.46,9832.83172,76.23,0.094,19.3,18.08,18.08,2,2.81,
KMT-2022-BLG-1399,BLG16T0404.003138,17:34:44.61,-25:18:01.22,9773.62325,18.1,0.464,19.9,19.95,19.95,2,4.54,
KMT-2022-BLG-1400,BLG17T0108.002534,17:44:28.22,-33:20:39.52,9762.32849,24.43,0.028,22.61,16.81,16.81,1,2.4,
KMT-2022-BLG-1401,BLG20N0503.018169,17:47:50.82,-23:21:13.72,9810.96143,79.24,0.397,18.52,18.78,18.78,1,1.5,
KMT-2022-BLG-1402,BLG33N0208.000709,18:17:18.30,-30:11:07.33,9792.28148,17.86,0.194,15.8,15.77,15.77,2,0.39,
KMT-2022-BLG-1403,SAO35M0804.015433,18:04:30.69,-25:17:47.51,9760.35805,4.18,0.316,20.16,20.0,20.47,2,3.45,
KMT-2022-BLG-1404,SAO37N0806.016704,17:45:08.10,-35:40:55.42,9771.53105,16.14,0.89,19.08,19.14,19.14,1,1.21,
KMT-2022-BLG-1405,BLG02K0203.013723,17:53:24.74,-28:35:56.54,9761.69584,20.02,0.022,23.78,18.64,18.64,2,2.69,
KMT-2022-BLG-1406,BLG02N0102.074600,17:59:07.44,-29:51:56.41,9767.1841,20.12,0.278,19.44,19.63,19.63,1,1.09,
KMT-2022-BLG-1407,BLG02N0802.109301,17:54:45.11,-29:51:23.80,9766.47825,14.5,0.058,20.48,20.0,20.59,1,1.28,MB22358
KMT-2022-BLG-1408,SAO02T0704.004452,17:50:30.85,-29:35:33.61,9775.38969,11.27,0.764,17.12,17.1,17.1,1,3.11,
KMT-2022-BLG-1409,SAO03M0508.007936,18:04:15.10,-26:53:30.98,9765.41512,51.35,0.002,23.35,17.6,17.6,1,1.32,
KMT-2022-BLG-1410,SAO03N0107.007175,18:06:23.92,-28:07:23.81,9783.6994,23.17,0.622,18.16,17.4,17.4,1,0.97,MB22409
KMT-2022-BLG-1411,BLG04N0207.001446,18:07:49.25,-30:19:23.70,9776.27748,13.97,1.0,16.95,15.58,15.58,1,0.89,
KMT-2022-BLG-1412,BLG12N0106.020422,17:32:02.59,-28:13:35.08,9771.23121,20.11,0.533,20.1,20.0,20.14,2,2.32,
KMT-2022-BLG-1413,SAO13T0302.004011,17:33:22.25,-35:15:32.80,9786.69652,41.07,0.031,20.03,20.0,20.18,2,6.26,
KMT-2022-BLG-1414,SAO15K0104.090940,17:36:23.07,-26:21:00.65,9762.10088,9.66,0.029,22.21,20.0,22.89,2,3.12,
KMT-2022-BLG-1415,BLG15N0303.014679,17:40:06.34,-27:33:00.40,9769.8158,10.9,0.6,19.7,19.65,19.65,2,2.98,
KMT-2022-BLG-1416,BLG19M0601.036940,17:47:32.31,-24:29:33.76,9767.39501,43.96,0.021,22.05,20.0,20.9,2,2.41,
KMT-2022-BLG-1417,BLG20N0504.040898,17:48:05.19,-23:09:29.48,9778.35581,41.6,0.511,20.39,19.71,19.71,1,1.82,
KMT-2022-BLG-1418,SAO20N0604.047681,17:47:41.57,-23:13:32.70,9773.78675,18.69,0.324,19.72,19.74,19.74,1,1.68,
KMT-2022-BLG-1419,SAO21K0506.018832,17:51:23.54,-34:36:25.49,9754.78855,51.27,0.39,21.17,18.59,18.59,1,0.93,
KMT-2022-BLG-1420,BLG21N0303.013913,17:58:11.80,-36:06:41.36,9775.02656,22.25,0.014,19.27,19.15,19.15,4,0.64,
KMT-2022-BLG-1421,BLG35N0406.030912,18:06:57.12,-26:12:07.42,9763.19643,40.35,0.039,23.01,19.53,19.53,1,1.72,
KMT-2022-BLG-1422,BLG41T0608.018787,17:50:48.81,-31:22:33.71,9766.06683,20.22,0.798,20.05,20.0,20.89,2,3.25,
KMT-2022-BLG-1423,SAO42N0106.061866,17:58:46.83,-29:32:50.78,9768.91813,12.36,0.487,19.39,19.45,19.45,1,1.34,
KMT-2022-BLG-1424,BLG43N0401.074466,18:04:43.24,-29:05:10.00,9765.19908,13.98,0.091,21.04,19.82,19.82,1,0.9,
KMT-2022-BLG-1425,BLG03N0805.097078,18:02:29.43,-28:27:05.40,9765.82833,5.07,0.324,20.14,20.0,20.43,1,1.06,
KMT-2022-BLG-1426,SAO11M0403.012831,17:30:07.55,-29:35:22.27,9777.07461,13.49,0.635,19.24,19.28,19.28,2,2.23,
KMT-2022-BLG-1427,BLG11N0405.033106,17:30:30.41,-30:25:42.56,9774.60436,27.86,0.197,20.43,20.0,20.39,2,2.43,
KMT-2022-BLG-1428,BLG12N0604.000879,17:29:07.50,-28:27:13.46,9822.77232,34.0,0.617,16.52,16.4,16.4,2,2.12,
KMT-2022-BLG-1429,SAO20T0105.025335,17:45:21.17,-23:02:50.60,9781.20367,184.6,0.089,21.88,19.19,19.19,1,1.61,
KMT-2022-BLG-1430,BLG21N0307.000338,17:58:04.87,-35:39:45.29,9870.8647,55.19,0.083,14.78,14.79,14.79,1,0.76,
KMT-2022-BLG-1431,BLG01K0303.068005,17:52:44.71,-30:42:28.58,9790.56428,98.63,0.321,20.36,19.97,19.97,1,1.86,
KMT-2022-BLG-1432,BLG02N0408.019721,17:57:21.11,-29:07:51.71,9765.43615,18.77,0.081,22.24,18.62,18.62,1,1.6,
KMT-2022-BLG-1433,BLG02N0603.023627,17:56:08.07,-29:44:41.21,9780.71981,18.09,0.48,18.53,18.5,18.5,1,1.51,MB22388
KMT-2022-BLG-1434,SAO03M0503.043754,18:04:08.23,-27:35:22.99,9779.82894,42.89,0.571,19.14,19.14,19.14,1,1.01,
KMT-2022-BLG-1435,SAO12K0403.048114,17:25:16.67,-27:25:56.71,9763.66588,2.71,0.463,20.01,20.0,20.71,2,1.72,
KMT-2022-BLG-1436,BLG12N0104.039622,17:32:03.86,-28:27:03.46,9765.75248,4.82,0.063,19.99,20.0,20.62,2,2.48,
KMT-2022-BLG-1437,BLG14N0807.030706,17:37:03.00,-29:07:09.16,9769.31628,36.55,0.199,22.01,20.0,20.84,2,3.3,
KMT-2022-BLG-1438,SAO17N0501.068653,17:47:08.89,-34:13:58.01,9768.08192,22.01,0.009,21.1,20.0,20.53,1,1.58,MB22361
KMT-2022-BLG-1439,BLG18K0808.017225,17:41:28.86,-25:48:04.97,9764.35627,12.63,0.841,19.95,19.93,19.93,2,2.55,
KMT-2022-BLG-1440,BLG22M0103.007429,17:59:01.08,-32:49:16.39,9775.13606,12.72,0.121,19.19,18.23,18.23,1,1.28,MB22380
KMT-2022-BLG-1441,BLG33K0306.024057,18:11:46.07,-29:14:30.91,9772.45997,15.16,0.728,18.79,18.81,18.81,1,0.55,
KMT-2022-BLG-1442,SAO36T0407.005241,18:13:48.33,-23:58:09.95,9769.95493,80.18,0.122,20.12,18.72,18.72,4,1.99,
KMT-2022-BLG-1443,BLG42M0205.066411,17:58:02.01,-28:28:31.69,9765.2136,25.23,0.309,20.96,19.91,19.91,1,1.73,
KMT-2022-BLG-1444,SAO43K0403.009062,17:59:37.85,-27:40:27.41,9802.05617,24.88,0.409,17.64,17.68,17.68,1,1.93,
KMT-2022-BLG-1445,BLG01K0307.069149,17:53:00.16,-30:13:13.80,9766.95635,38.69,0.061,22.45,20.0,20.36,2,1.53,
KMT-2022-BLG-1446,BLG01N0106.013815,17:59:11.22,-31:30:23.51,9767.37754,11.6,0.098,21.86,18.74,18.74,1,1.69,
KMT-2022-BLG-1447,BLG01T0404.041704,17:52:20.55,-31:43:54.91,9766.57093,9.17,0.182,19.94,20.0,20.07,1,2.33,
KMT-2022-BLG-1448,BLG11K0408.024626,17:25:33.60,-28:58:25.32,9771.30243,21.68,0.109,22.58,20.0,20.16,2,1.95,
KMT-2022-BLG-1449,SAO14K0505.091467,17:33:54.67,-28:19:49.33,9771.2523,15.27,0.102,20.93,20.0,21.85,2,2.68,
KMT-2022-BLG-1450,SAO14N0706.048529,17:37:41.67,-29:19:46.27,9774.73195,26.05,0.013,21.03,20.0,21.81,2,3.92,
KMT-2022-BLG-1451,SAO15M0406.000927,17:39:23.65,-25:59:53.23,9768.73569,9.1,0.999,17.41,16.63,16.63,2,2.96,
KMT-2022-BLG-1452,BLG15T0302.020495,17:35:00.54,-27:36:21.38,9772.70004,18.61,0.203,20.08,20.0,20.23,2,2.57,
KMT-2022-BLG-1453,BLG17T0208.013800,17:43:46.75,-33:21:05.58,9772.75056,71.89,0.489,21.46,20.0,20.37,2,3.52,
KMT-2022-BLG-1454,BLG18K0802.009024,17:41:37.47,-26:33:58.21,9766.03892,30.53,0.029,23.51,19.54,19.54,2,3.37,
KMT-2022-BLG-1455,SAO19K0501.015617,17:43:30.02,-24:32:53.99,9766.5047,19.95,0.053,21.85,19.38,19.38,1,2.29,
KMT-2022-BLG-1456,BLG34K0408.045962,18:01:48.45,-31:13:15.10,9765.97468,91.58,0.03,23.48,19.75,19.75,1,1.34,
KMT-2022-BLG-1457,SAO41K0207.076602,17:53:14.32,-30:26:35.09,9770.30003,12.74,0.141,20.34,20.0,20.26,1,1.85,
KMT-2022-BLG-1458,SAO42K0203.005478,17:53:08.46,-28:45:26.06,9753.17756,5.33,0.448,18.86,17.4,17.4,2,2.6,MB22329
KMT-2022-BLG-1459,SAO42K0203.058181,17:53:02.29,-28:44:23.71,9768.68525,13.82,0.314,20.08,20.0,20.76,2,2.65,
KMT-2022-BLG-1460,SAO43K0806.001661,17:57:18.23,-27:19:17.94,9789.61951,23.98,0.23,18.18,17.13,17.13,2,3.25,
KMT-2022-BLG-1461,BLG01M0702.097629,17:55:37.94,-30:54:59.40,9768.03154,9.0,0.285,20.28,20.0,20.58,1,1.31,
KMT-2022-BLG-1462,BLG01M0708.067478,17:55:10.80,-30:05:18.31,9767.85373,5.63,0.015,21.28,19.68,19.68,1,1.42,
KMT-2022-BLG-1463,BLG01T0603.033254,17:51:00.09,-31:56:07.98,9765.47324,7.35,0.492,19.91,20.0,21.05,2,2.78,
KMT-2022-BLG-1464,SAO04T0304.015669,18:02:29.37,-30:43:28.09,9771.89436,8.13,0.61,18.61,18.65,18.65,1,1.41,
KMT-2022-BLG-1465,BLG14K0805.006795,17:32:34.64,-28:15:33.30,9771.24223,9.08,0.907,19.01,18.63,18.63,2,2.52,
KMT-2022-BLG-1466,BLG14M0308.008916,17:39:55.49,-27:52:17.94,9782.41367,22.02,0.283,19.94,19.09,19.09,2,3.4,
KMT-2022-BLG-1467,BLG15N0507.028565,17:38:55.42,-26:58:37.06,9803.55271,52.85,0.317,19.94,20.0,20.54,2,2.9,
KMT-2022-BLG-1468,SAO17K0302.009149,17:43:15.65,-33:02:48.01,9767.66775,7.08,0.227,19.38,19.14,19.14,2,3.76,
KMT-2022-BLG-1469,BLG17T0105.059949,17:44:12.68,-33:44:08.92,9776.64635,43.91,0.174,21.0,20.0,20.65,1,2.44,
KMT-2022-BLG-1470,SAO17T0506.007455,17:41:36.76,-33:34:10.45,9767.45489,100.7,0.002,23.07,19.05,19.05,2,2.69,
KMT-2022-BLG-1471,BLG18M0702.008077,17:46:46.62,-26:33:53.86,9767.68046,22.33,0.037,21.87,19.69,19.69,4,4.21,
KMT-2022-BLG-1472,SAO19T0205.071785,17:44:47.28,-25:09:23.26,9765.44546,35.2,0.051,21.98,20.0,21.41,2,2.5,
KMT-2022-BLG-1473,BLG20K0801.014602,17:41:47.04,-22:22:33.89,9779.65247,43.14,0.173,20.45,19.15,19.15,1,1.55,
KMT-2022-BLG-1474,BLG22K0807.037399,17:49:55.40,-32:19:47.53,9766.67376,38.47,0.035,23.55,20.0,21.86,2,4.02,
KMT-2022-BLG-1475,BLG31N0408.061432,18:16:10.41,-25:59:10.79,9770.76749,23.83,0.208,21.41,20.0,20.46,1,0.76,
KMT-2022-BLG-1476,BLG31T0704.008649,18:09:33.54,-26:29:36.89,9778.45641,20.68,0.025,19.19,17.91,17.91,1,1.26,MB22379
KMT-2022-BLG-1477,BLG42N0201.000546,17:57:50.90,-30:10:16.28,9809.44394,21.51,0.038,14.75,14.75,14.75,1,1.79,MB22407
KMT-2022-BLG-1478,SAO02K0204.095429,17:53:30.38,-28:30:03.89,9775.8569,9.5,0.271,19.56,20.0,25.0,3,2.43,MB22376
KMT-2022-BLG-1479,SAO02K0207.007198,17:53:23.69,-28:06:34.20,9828.5865,52.89,0.286,18.33,18.34,18.34,2,3.76,MB22475
KMT-2022-BLG-1480,BLG02N0105.014025,17:58:54.96,-29:28:23.99,9790.12846,28.2,0.062,18.18,18.11,18.11,1,1.53,MB22383
KMT-2022-BLG-1481,BLG03K0401.076970,18:00:00.46,-27:47:11.62,9769.79397,33.79,0.002,24.11,20.0,20.37,1,1.78,
KMT-2022-BLG-1482,SAO03K0407.031495,18:00:02.89,-27:02:54.38,9775.98321,36.86,0.226,21.09,19.4,19.4,1,2.35,
KMT-2022-BLG-1483,BLG03M0204.003476,18:05:45.28,-27:24:32.80,9767.19853,10.15,0.073,21.03,16.07,16.07,1,0.79,
KMT-2022-BLG-1484,BLG03M0207.033083,18:06:04.24,-27:05:04.70,9769.15173,8.32,0.194,20.67,18.8,18.8,1,1.12,
KMT-2022-BLG-1485,BLG04N0301.001125,18:07:18.54,-31:04:51.71,9796.9225,13.43,0.36,15.49,15.5,15.5,1,0.69,MB22395
KMT-2022-BLG-1486,BLG04N0605.002710,18:05:39.17,-30:29:56.80,9837.38646,34.73,0.774,16.53,16.54,16.54,1,1.09,MB22433
KMT-2022-BLG-1487,BLG11N0108.091484,17:32:15.33,-30:02:28.57,9772.34335,21.33,0.407,19.94,20.0,21.57,2,2.02,
KMT-2022-BLG-1488,BLG14M0204.015166,17:40:46.68,-28:27:36.11,9770.03071,12.99,0.002,22.51,20.0,20.29,2,4.34,
KMT-2022-BLG-1489,SAO14M0707.000281,17:37:57.12,-28:03:05.72,9778.12393,5.33,0.422,15.85,15.88,15.88,2,3.25,
KMT-2022-BLG-1490,SAO14N0603.010911,17:38:40.16,-29:35:57.34,9769.15839,2.88,0.043,19.8,19.85,19.85,2,4.35,
KMT-2022-BLG-1491,BLG15K0303.015213,17:35:05.69,-26:26:09.60,9796.26598,55.05,0.089,20.84,20.0,20.46,2,2.88,
KMT-2022-BLG-1492,SAO18K0604.075349,17:42:39.97,-26:17:13.16,9767.0596,4.1,0.59,19.94,20.0,21.58,2,2.88,
KMT-2022-BLG-1493,SAO18M0804.004025,17:46:15.50,-26:15:27.83,9788.89576,19.15,0.892,18.11,18.16,18.16,2,3.54,
KMT-2022-BLG-1494,SAO22M0506.005132,17:56:21.03,-32:29:22.70,9774.24123,108.04,0.018,22.24,17.41,17.41,1,1.51,
KMT-2022-BLG-1495,BLG32T0306.040637,18:09:44.44,-28:15:37.80,9768.64266,16.52,0.846,19.44,19.45,19.45,1,1.02,
KMT-2022-BLG-1496,BLG37N0304.038617,17:47:59.73,-35:58:06.89,9767.6472,6.3,0.093,21.37,19.72,19.72,1,0.98,
KMT-2022-BLG-1497,BLG38N0806.002928,17:55:33.66,-22:56:52.22,9775.24886,6.16,1.0,19.18,18.04,18.04,4,4.07,
KMT-2022-BLG-1498,BLG42N0607.101749,17:55:25.80,-29:22:22.12,9772.29474,32.71,0.004,20.68,20.0,20.48,1,1.61,MB22374
KMT-2022-BLG-1499,SAO43N0105.066731,18:06:03.67,-28:31:18.19,9771.72216,5.26,0.147,19.81,19.95,19.95,1,0.92,
KMT-2022-BLG-1500,SAO43T0401.074893,17:59:30.30,-29:06:33.41,9770.71213,17.81,0.002,21.38,19.4,19.4,1,0.96,
KMT-2022-BLG-1501,SAO43T0502.011362,17:59:05.27,-28:54:12.31,9779.60981,77.79,0.059,21.14,17.36,17.36,1,1.01,MB22393
KMT-2022-BLG-1502,SAO43T0607.052155,17:58:30.63,-28:18:31.21,9771.14635,18.55,0.003,21.89,19.42,19.42,1,1.47,
KMT-2022-BLG-1503,SAO43T0807.050019,17:57:15.13,-28:17:03.30,9778.54659,16.81,0.258,19.6,19.37,19.37,1,1.83,
KMT-2022-BLG-1504,SAO02M0603.003693,17:56:03.67,-28:37:52.28,9773.28154,33.96,0.996,17.43,16.25,16.25,1,1.7,
KMT-2022-BLG-1505,BLG13N0102.032860,17:39:48.48,-35:09:16.78,9765.98934,15.59,0.941,19.94,20.0,20.31,2,1.83,
KMT-2022-BLG-1506,BLG15T0404.024048,17:34:52.69,-27:20:52.30,9812.57422,81.1,0.231,20.01,20.0,20.07,1,2.77,
KMT-2022-BLG-1507,BLG16M0808.004881,17:37:34.39,-23:42:13.28,9780.67726,80.08,0.969,19.54,19.15,19.15,2,2.38,
KMT-2022-BLG-1508,BLG17N0405.001940,17:47:23.11,-33:46:48.68,9858.98867,55.97,0.998,17.45,16.59,16.59,1,2.31,MB22530
KMT-2022-BLG-1509,BLG19K0802.028358,17:41:35.19,-24:27:31.61,9792.67482,71.83,0.128,20.98,19.31,19.31,1,1.76,
KMT-2022-BLG-1510,SAO03T0506.008386,17:59:29.07,-28:22:03.79,9783.75689,47.95,0.149,20.45,17.16,17.16,1,1.39,
KMT-2022-BLG-1511,SAO03T0506.017721,17:59:32.06,-28:19:16.39,9774.01467,14.35,0.492,19.6,18.19,18.19,1,1.4,
KMT-2022-BLG-1512,SAO04T0304.064411,18:02:24.02,-30:40:47.89,9825.15438,199.89,0.002,20.16,20.0,20.18,1,1.31,MB22419
KMT-2022-BLG-1513,SAO11M0605.011969,17:28:54.35,-29:23:03.41,9782.10475,18.97,0.572,19.09,18.94,18.94,1,2.21,
KMT-2022-BLG-1514,BLG13N0403.001621,17:37:52.61,-35:08:24.94,9763.91813,56.64,1.0,18.64,17.21,17.21,2,2.82,
KMT-2022-BLG-1515,SAO15T0503.001458,17:34:19.34,-27:31:07.28,9832.95856,128.04,0.686,19.38,17.78,17.78,2,3.46,
KMT-2022-BLG-1516,BLG17M0705.010308,17:45:33.46,-32:38:25.15,9779.92839,14.76,0.008,20.1,20.0,20.84,2,4.25,
KMT-2022-BLG-1517,BLG17N0503.068479,17:46:55.59,-34:01:39.79,9778.8629,0.51,0.003,19.44,20.0,20.47,1,1.62,
KMT-2022-BLG-1518,BLG32M0308.008324,18:14:27.21,-26:57:32.51,9806.81108,34.76,0.305,18.39,17.89,17.89,1,0.62,
KMT-2022-BLG-1519,BLG42M0501.026249,17:56:16.16,-29:02:37.72,9779.3724,25.27,0.046,19.86,19.19,19.19,1,2.62,MB22389
KMT-2022-BLG-1520,BLG42M0606.080730,17:55:43.27,-28:21:04.64,9753.83145,89.99,0.023,23.68,20.0,21.51,2,2.62,
KMT-2022-BLG-1521,BLG02M0304.011637,17:57:37.90,-28:33:16.31,9779.82855,36.39,0.773,18.66,17.88,17.88,1,1.81,
KMT-2022-BLG-1522,SAO02N0603.006776,17:56:04.51,-29:50:08.41,9800.32048,15.87,0.32,16.74,16.77,16.77,1,2.09,MB22410
KMT-2022-BLG-1523,SAO11M0607.025473,17:28:49.56,-29:04:33.24,9782.99071,45.69,0.047,20.07,19.95,19.95,2,2.08,
KMT-2022-BLG-1524,BLG11M0806.017492,17:28:02.98,-29:14:56.80,9778.08091,41.19,0.07,20.99,19.21,19.21,1,1.8,
KMT-2022-BLG-1525,BLG19M0405.015414,17:48:51.93,-24:02:30.66,9785.27763,38.9,0.723,19.19,19.28,19.28,2,2.11,
KMT-2022-BLG-1526,BLG20T0102.023907,17:45:29.02,-23:27:57.49,9781.0486,64.73,0.434,20.06,18.98,18.98,1,1.46,
KMT-2022-BLG-1527,BLG31K0604.010123,18:10:30.13,-25:17:26.59,9776.15067,34.08,0.899,18.92,18.49,18.49,1,1.7,
KMT-2022-BLG-1528,BLG33M0403.035251,18:16:05.34,-29:39:22.00,9773.01964,35.12,0.282,20.32,19.58,19.58,1,0.41,
KMT-2022-BLG-1529,SAO41M0807.018826,17:54:21.47,-30:24:47.92,9767.60764,9.28,0.256,19.41,19.12,19.12,1,1.61,MB22368
KMT-2022-BLG-1530,BLG41T0101.018864,17:53:47.14,-32:14:27.60,9772.17211,36.83,0.536,19.05,19.01,19.01,1,1.81,
KMT-2022-BLG-1531,SAO42K0306.010233,17:52:30.93,-28:25:29.10,9768.4661,57.28,0.018,22.36,18.46,18.46,2,3.01,
KMT-2022-BLG-1532,SAO42T0801.038453,17:49:34.49,-30:09:35.57,9765.31929,140.74,0.002,24.62,20.0,21.5,3,3.86,
KMT-2022-BLG-1533,SAO02T0501.012982,17:51:46.61,-30:03:14.40,9767.65825,9.74,0.996,19.6,18.05,18.05,1,2.42,
KMT-2022-BLG-1534,BLG14M0507.023383,17:38:51.37,-28:02:45.42,9866.61332,190.47,0.193,20.5,20.0,20.08,2,2.95,
KMT-2022-BLG-1535,BLG43N0305.014574,18:05:00.17,-28:31:00.70,9779.14311,37.64,0.01,22.63,18.06,18.06,1,0.9,
KMT-2022-BLG-1536,SAO02N0305.021187,17:57:59.61,-29:32:53.30,9778.20399,4.62,0.068,20.96,18.47,18.47,1,1.34,
KMT-2022-BLG-1537,SAO02N0506.006289,17:56:48.77,-29:23:18.38,9778.30183,10.72,0.124,19.92,16.57,16.57,1,1.62,
KMT-2022-BLG-1538,SAO02N0803.089679,17:54:55.29,-29:47:28.39,9778.79419,15.3,0.051,20.14,19.76,19.76,1,1.37,
KMT-2022-BLG-1539,SAO03N0203.049828,18:05:44.57,-28:44:17.20,9778.97541,16.28,0.02,19.46,19.46,19.46,1,1.01,MB22378
KMT-2022-BLG-1540,BLG22N0207.011377,17:58:30.26,-33:31:37.99,9790.58164,22.77,0.28,18.55,18.62,18.62,1,1.08,MB22397
KMT-2022-BLG-1541,SAO32N0401.016030,18:14:00.58,-28:55:20.21,9780.27159,15.74,0.1,19.6,18.45,18.45,1,0.48,MB22396
KMT-2022-BLG-1542,SAO37K0705.019185,17:40:11.15,-34:48:10.48,9780.80949,17.79,0.208,20.04,20.0,20.13,2,2.64,
KMT-2022-BLG-1543,SAO37M0802.057094,17:44:52.14,-35:09:27.36,9776.70355,14.15,0.077,21.43,20.0,20.32,2,1.28,
KMT-2022-BLG-1544,SAO37T0805.026384,17:39:51.17,-35:50:58.24,9784.42958,26.49,0.029,19.98,20.0,20.54,2,2.19,
KMT-2022-BLG-1545,SAO41K0404.003757,17:52:08.36,-30:43:48.11,9779.90414,4.11,0.451,16.72,16.5,16.5,1,1.84,MB22392
KMT-2022-BLG-1546,SAO42N0605.029530,17:55:51.04,-29:38:55.90,9778.89566,84.79,0.002,22.49,18.58,18.58,1,1.6,
KMT-2022-BLG-1547,SAO42T0407.001920,17:51:49.05,-29:19:42.71,9783.48218,9.45,0.819,17.98,16.09,16.09,1,2.88,MB22411
KMT-2022-BLG-1548,SAO43M0506.016572,18:03:39.46,-27:18:03.49,9776.87264,4.88,0.168,18.28,18.28,18.28,1,1.44,MB22377
KMT-2022-BLG-1549,SAO01M0508.048476,17:56:44.26,-30:06:21.31,9786.42093,23.34,0.092,20.4,19.26,19.26,1,1.41,
KMT-2022-BLG-1550,SAO04M0501.014263,18:05:48.41,-29:54:22.72,9779.64007,9.66,0.186,19.65,18.31,18.31,1,0.82,
KMT-2022-BLG-1551,SAO15N0103.013073,17:41:00.90,-27:33:06.77,9781.28489,21.18,0.002,20.35,19.48,19.48,2,3.18,
KMT-2022-BLG-1552,SAO16M0101.000987,17:41:18.62,-24:29:22.99,9780.89032,123.92,0.037,20.61,15.93,15.93,1,1.9,
KMT-2022-BLG-1553,SAO17N0307.023430,17:48:09.89,-33:29:23.32,9781.65037,11.58,0.145,19.62,19.14,19.14,1,1.71,MB22405
KMT-2022-BLG-1554,BLG19T0501.003896,17:43:06.49,-25:40:01.52,9752.14046,21.53,0.547,18.25,17.84,17.84,2,2.66,
KMT-2022-BLG-1555,SAO43K0501.018558,17:58:45.25,-27:58:09.91,9777.42596,5.68,0.242,19.99,18.82,18.82,1,2.43,
KMT-2022-BLG-1556,SAO16M0505.025039,17:39:04.98,-24:04:52.75,9781.83212,28.36,0.019,20.97,19.96,19.96,2,1.78,
KMT-2022-BLG-1557,SAO31K0507.011136,18:10:47.76,-24:59:01.57,9781.0808,9.7,0.722,19.01,18.96,18.96,4,1.92,
KMT-2022-BLG-1558,SAO35N0706.042181,18:05:24.67,-26:09:50.18,9782.42454,37.14,0.139,20.79,20.0,20.38,1,2.23,
KMT-2022-BLG-1559,SAO37M0503.065438,17:46:37.16,-35:01:22.69,9781.84038,22.47,0.051,19.97,20.0,20.2,1,1.3,MB22394
KMT-2022-BLG-1560,SAO37M0508.023986,17:46:46.09,-34:22:43.28,9777.56672,9.69,0.551,19.18,19.15,19.15,1,1.5,
KMT-2022-BLG-1561,SAO14K0306.000334,17:35:16.57,-28:05:29.54,9789.16817,7.05,0.997,16.74,15.91,15.91,2,3.33,
KMT-2022-BLG-1562,SAO22K0303.047743,17:52:36.56,-32:50:35.81,9776.16853,13.02,0.103,21.34,19.7,19.7,1,1.56,
KMT-2022-BLG-1563,SAO14K0801.020434,17:32:28.88,-28:48:01.08,9783.18528,14.18,0.246,20.07,20.0,20.66,2,3.28,
KMT-2022-BLG-1564,SAO14M0107.027796,17:41:03.37,-28:02:32.28,9780.87827,36.57,0.035,22.34,20.0,20.83,2,3.74,
KMT-2022-BLG-1565,SAO18T0805.084323,17:41:45.82,-27:16:25.68,9780.84234,26.54,0.006,22.77,20.0,22.23,2,3.66,
KMT-2022-BLG-1566,SAO19M0204.058927,17:49:36.57,-24:08:52.22,9781.49718,13.22,0.049,21.69,20.0,21.42,2,2.59,
KMT-2022-BLG-1567,SSO19N0807.005909,17:46:36.11,-24:55:42.78,9788.18209,18.87,0.111,18.68,18.71,18.71,2,3.05,
KMT-2022-BLG-1568,SAO42T0601.060480,17:50:32.22,-30:07:43.61,9781.4648,7.03,0.002,21.28,20.0,20.37,1,2.88,
KMT-2022-BLG-1569,SAO01M0608.086668,17:55:56.20,-30:06:00.61,9782.12416,10.49,0.092,22.03,20.0,20.55,1,1.61,
KMT-2022-BLG-1570,SAO02K0107.012282,17:54:13.42,-28:10:19.31,9789.26535,25.66,0.264,19.69,19.68,19.68,2,3.16,
KMT-2022-BLG-1571,SAO02N0103.037018,17:59:04.46,-29:44:09.82,9784.13062,3.68,0.086,19.73,18.77,18.77,1,1.21,MB22415
KMT-2022-BLG-1572,SAO04K0604.054302,18:00:20.13,-29:34:31.58,9781.42893,14.84,0.071,21.19,19.6,19.6,1,1.38,
KMT-2022-BLG-1573,SAO11T0206.006288,17:26:26.85,-30:22:04.62,9793.05334,18.68,0.162,18.94,18.95,18.95,2,2.93,
KMT-2022-BLG-1574,SSO12N0506.008133,17:29:54.58,-28:09:50.98,9790.48527,24.13,0.039,19.25,19.12,19.12,2,2.11,
KMT-2022-BLG-1575,SAO14K0404.026170,17:34:27.40,-28:20:45.20,9783.59206,11.81,0.364,20.02,20.0,20.52,2,2.98,
KMT-2022-BLG-1576,SAO14K0807.002044,17:32:27.26,-27:58:56.35,9835.41335,42.87,0.965,17.44,17.28,17.28,2,2.46,
KMT-2022-BLG-1577,SSO15N0608.011413,17:38:10.46,-26:51:38.09,9788.00013,13.14,0.338,19.87,19.85,19.85,2,3.18,
KMT-2022-BLG-1578,SAO15T0307.006247,17:35:15.83,-27:01:23.09,9787.68073,5.06,0.507,17.78,17.71,17.71,1,2.15,
KMT-2022-BLG-1579,SAO18K0704.008096,17:42:16.04,-26:14:51.36,9793.54934,17.62,0.669,19.1,19.15,19.15,3,3.19,
KMT-2022-BLG-1580,SAO18T0306.027028,17:44:35.74,-27:03:50.83,9780.28558,47.58,0.044,21.74,20.0,21.09,2,3.46,
KMT-2022-BLG-1581,SAO22K0502.051748,17:51:35.20,-33:03:21.38,9795.14358,31.88,0.053,20.03,20.0,20.05,1,1.79,MB22430
KMT-2022-BLG-1582,SAO22T0504.081310,17:51:26.12,-33:48:42.70,9784.21217,39.63,0.027,21.91,20.0,25.0,3,2.45,MB22416
KMT-2022-BLG-1583,SAO32K0806.048780,18:06:43.28,-27:13:41.92,9788.88381,25.49,0.068,19.33,19.28,19.28,1,0.96,MB22413
KMT-2022-BLG-1584,SAO32M0505.015592,18:13:08.90,-27:19:37.99,9783.38356,16.09,0.356,18.19,18.2,18.2,1,0.59,MB22387
KMT-2022-BLG-1585,SAO33K0703.028362,18:09:30.27,-29:37:00.70,9824.16521,122.98,0.12,19.14,19.0,19.0,1,0.68,
KMT-2022-BLG-1586,SAO34M0803.034262,18:04:09.11,-31:50:47.90,9784.42121,8.97,0.086,19.32,19.33,19.33,1,0.88,MB22406
KMT-2022-BLG-1587,SAO36N0304.040274,18:18:59.56,-24:24:42.01,9784.11996,5.29,0.005,20.17,20.0,20.06,1,0.99,MB22417
KMT-2022-BLG-1588,SAO36N0805.011071,18:16:29.80,-24:17:14.39,9781.83379,45.81,0.048,21.94,18.5,18.5,1,1.22,
KMT-2022-BLG-1589,BLG37K0305.004690,17:42:43.96,-34:44:45.64,9830.00221,96.37,0.589,18.07,17.81,17.81,2,1.95,
KMT-2022-BLG-1590,SAO02K0606.008509,17:51:19.40,-28:19:44.65,9783.68233,47.42,0.183,21.84,19.34,19.34,2,3.73,
KMT-2022-BLG-1591,SAO11K0505.029825,17:25:00.22,-29:20:29.51,9787.75776,32.42,0.261,20.17,19.49,19.49,1,1.82,
KMT-2022-BLG-1592,BLG14M0801.053484,17:37:08.11,-28:45:46.40,9784.26376,47.26,0.177,21.82,20.0,21.23,2,3.06,
KMT-2022-BLG-1593,SAO18K0603.010977,17:42:31.20,-26:24:03.74,9816.94011,51.84,0.346,19.39,19.18,19.18,2,2.9,
KMT-2022-BLG-1594,SAO22K0704.014816,17:50:23.83,-32:48:40.10,9781.23818,156.34,0.046,23.49,19.15,19.15,1,2.13,
KMT-2022-BLG-1595,SAO35M0503.008363,18:06:31.40,-25:27:54.83,9785.46495,16.37,0.452,18.25,18.21,18.21,4,2.12,
KMT-2022-BLG-1596,SAO35M0804.035424,18:04:50.70,-25:18:16.92,9778.88444,45.55,0.003,23.71,20.0,21.52,2,3.02,
KMT-2022-BLG-1597,SAO35N0307.041809,18:07:33.49,-26:05:08.41,9788.52956,13.9,0.155,19.41,19.65,19.65,1,1.62,
KMT-2022-BLG-1598,SAO41T0305.031897,17:52:39.92,-31:42:35.71,9790.45383,26.22,0.273,20.75,19.55,19.55,1,2.08,
KMT-2022-BLG-1599,SAO42T0507.009997,17:51:17.92,-29:25:06.10,9791.42218,8.56,0.528,18.08,18.1,18.1,1,3.49,
KMT-2022-BLG-1600,SAO42T0601.013198,17:50:40.03,-30:12:16.81,9793.88368,10.09,0.196,18.23,18.18,18.18,1,2.57,
KMT-2022-BLG-1601,SAO43M0802.003512,18:02:19.87,-27:49:03.79,9844.4239,49.35,0.274,16.52,16.08,16.08,1,1.31,MB22400
KMT-2022-BLG-1602,SAO02K0404.063019,17:52:23.75,-28:30:41.29,9789.12624,141.06,0.002,23.79,20.0,22.1,3,3.59,
KMT-2022-BLG-1603,SAO02N0604.024894,17:55:49.92,-29:42:43.81,9787.89922,4.5,0.833,18.53,18.41,18.41,1,1.53,
KMT-2022-BLG-1604,SAO02N0807.012771,17:54:36.71,-29:16:57.90,9783.82605,43.91,0.438,19.53,17.82,17.82,1,1.75,
KMT-2022-BLG-1605,SAO02T0104.062833,17:54:12.72,-29:36:11.20,9787.15885,6.43,0.171,20.54,19.31,19.31,1,1.56,
KMT-2022-BLG-1606,SAO02T0204.059194,17:53:17.69,-29:36:43.99,9787.04329,16.09,0.041,21.74,19.42,19.42,1,1.96,
KMT-2022-BLG-1607,SAO03N0401.041187,18:04:41.81,-28:56:37.61,9804.32849,27.26,0.154,18.98,18.9,18.9,1,0.67,MB22434
KMT-2022-BLG-1608,SAO04T0602.019483,18:00:34.28,-30:58:37.20,9781.87998,12.68,0.016,21.64,18.93,18.93,1,1.4,MB22403
KMT-2022-BLG-1609,SAO04T0603.032695,18:00:30.30,-30:50:31.88,9785.81369,11.14,0.084,22.28,19.41,19.41,1,1.46,
KMT-2022-BLG-1610,SAO14K0101.078670,17:36:34.87,-28:43:49.48,9790.61351,30.58,0.046,22.08,20.0,21.74,2,3.06,
KMT-2022-BLG-1611,SAO15N0501.043429,17:39:11.53,-27:46:07.14,9774.58318,77.5,0.053,23.15,20.0,20.6,2,2.72,
KMT-2022-BLG-1612,SAO18T0601.011080,17:42:37.81,-27:46:50.45,9802.59618,28.41,0.354,19.76,19.61,19.61,2,3.96,
KMT-2022-BLG-1613,SAO21K0603.006032,17:50:53.05,-34:57:37.40,9785.19547,54.2,0.467,19.64,17.52,17.52,1,0.92,
KMT-2022-BLG-1614,SAO32T0802.022374,18:06:52.83,-28:49:10.81,9790.71665,8.48,0.047,18.59,18.56,18.56,1,0.82,MB22422
KMT-2022-BLG-1615,SAO34T0401.004665,18:01:41.77,-33:09:52.81,9787.90757,16.33,0.007,21.74,18.06,18.06,1,1.04,
KMT-2022-BLG-1616,SAO41K0802.009902,17:49:34.77,-31:04:23.70,9792.59955,19.72,0.715,19.33,19.35,19.35,2,3.83,
KMT-2022-BLG-1617,SAO41K0808.011539,17:49:41.47,-30:17:25.58,9789.55917,8.45,0.413,19.05,19.09,19.09,1,3.7,
KMT-2022-BLG-1618,SAO42K0106.003871,17:53:39.44,-28:27:08.64,9784.80442,15.92,0.698,18.31,17.2,17.2,2,2.45,
KMT-2022-BLG-1619,SAO42M0701.033823,17:54:56.25,-29:04:06.31,9785.60525,15.94,0.102,22.03,19.2,19.2,1,2.16,
KMT-2022-BLG-1620,SAO42N0503.080254,17:56:10.85,-29:55:39.11,9786.66527,2.72,0.236,19.96,20.0,20.33,1,1.77,
KMT-2022-BLG-1621,SAO42N0603.091714,17:55:40.50,-29:52:35.29,9786.11953,16.73,0.029,21.07,20.0,20.31,1,1.35,
KMT-2022-BLG-1622,SAO04K0506.029683,18:01:16.97,-29:18:13.50,9810.80726,32.6,0.136,18.91,18.88,18.88,1,1.48,MB22441
KMT-2022-BLG-1623,SAO11K0804.001893,17:22:58.82,-29:24:19.62,9810.01128,49.21,0.378,18.63,16.97,16.97,2,1.89,
KMT-2022-BLG-1624,SAO11N0708.039923,17:28:18.66,-30:06:24.73,9785.32524,41.96,0.478,20.09,20.0,20.43,2,2.12,
KMT-2022-BLG-1625,SAO14K0506.007427,17:34:22.42,-28:11:36.38,9809.97214,22.01,0.268,18.69,18.7,18.7,2,2.75,
KMT-2022-BLG-1626,SAO15T0601.003163,17:33:27.29,-27:43:05.74,9799.39229,14.03,0.625,17.83,17.81,17.81,4,2.69,
KMT-2022-BLG-1627,SAO19K0605.003651,17:42:38.83,-24:04:00.52,9810.51562,13.74,0.795,17.0,17.0,17.0,1,1.7,
KMT-2022-BLG-1628,SAO21T0605.045038,17:51:02.10,-35:48:47.02,9797.05371,48.89,0.167,20.47,19.76,19.76,1,0.75,
KMT-2022-BLG-1629,SAO32M0601.046441,18:12:45.79,-27:48:36.11,9789.74476,17.82,0.205,20.69,19.47,19.47,1,0.51,
KMT-2022-BLG-1630,SAO32M0707.004064,18:12:15.55,-27:02:39.19,9787.04506,10.86,0.279,19.67,16.93,16.93,1,0.82,
KMT-2022-BLG-1631,SAO41T0403.060901,17:51:59.64,-31:58:27.52,9796.72651,32.7,0.165,21.17,20.0,20.52,1,2.13,
KMT-2022-BLG-1632,SAO43M0602.031146,18:03:30.20,-27:49:00.08,9784.60872,30.93,0.061,22.0,18.84,18.84,1,1.08,
KMT-2022-BLG-1633,SAO01N0105.045807,17:59:10.99,-31:36:25.70,9792.03223,88.36,0.558,19.57,20.0,20.03,1,1.78,
KMT-2022-BLG-1634,SAO04M0704.003852,18:04:36.58,-29:30:31.10,9796.08281,14.5,0.27,18.6,16.33,16.33,1,0.94,MB22429
KMT-2022-BLG-1635,SAO15M0203.054535,17:40:51.14,-26:25:26.11,9792.20802,12.25,0.076,20.34,20.0,21.21,2,2.85,
KMT-2022-BLG-1636,SAO20T0807.001408,17:41:49.66,-22:47:30.01,9793.59735,20.98,0.067,17.98,16.13,16.13,1,1.49,
KMT-2022-BLG-1637,SSO21N0705.001513,17:55:47.53,-35:50:55.28,9859.6543,38.31,0.446,16.18,16.14,16.14,1,0.88,
KMT-2022-BLG-1638,SAO22T0404.009070,17:52:03.18,-33:54:24.19,9787.7815,66.36,0.029,22.29,18.48,18.48,1,1.63,
KMT-2022-BLG-1639,SAO32T0204.008698,18:10:07.99,-28:32:55.61,9844.09735,47.62,0.301,17.89,17.86,17.86,1,1.0,MB22471
KMT-2022-BLG-1640,SAO33N0304.012971,18:16:49.42,-30:43:53.87,9786.61885,9.64,0.061,20.41,20.0,20.64,4,0.46,
KMT-2022-BLG-1641,SAO01K0104.013242,17:53:55.10,-30:41:40.09,9795.39935,140.84,0.015,22.73,18.34,18.34,1,2.28,
KMT-2022-BLG-1642,SAO01K0805.005798,17:49:55.67,-30:28:53.69,9814.27507,55.14,0.997,18.96,17.39,17.39,1,2.99,
KMT-2022-BLG-1643,SAO01M0205.006431,17:58:19.79,-30:27:24.19,9814.49214,42.56,0.253,18.24,17.9,17.9,1,2.13,
KMT-2022-BLG-1644,BLG02T0105.040637,17:53:54.27,-29:34:29.78,9790.1661,114.31,0.014,22.42,19.02,19.02,1,1.84,MB22425
KMT-2022-BLG-1645,SSO04K0705.043798,17:59:46.61,-29:25:06.82,9796.50959,29.16,0.227,19.08,19.18,19.18,1,1.37,
KMT-2022-BLG-1646,BLG11M0202.003385,17:31:34.29,-29:40:56.06,9816.66001,21.99,0.055,17.6,17.59,17.59,2,2.64,
KMT-2022-BLG-1647,BLG11M0304.084660,17:30:48.40,-29:29:49.16,9796.24116,52.69,0.072,22.27,20.0,22.54,2,3.28,
KMT-2022-BLG-1648,SAO13M0601.008893,17:36:31.91,-34:13:31.15,9839.53525,55.96,0.332,19.35,19.66,19.66,2,3.65,
KMT-2022-BLG-1649,BLG14M0604.009412,17:38:25.41,-28:22:09.88,9791.24671,13.21,0.015,21.99,18.9,18.9,2,3.05,
KMT-2022-BLG-1650,SAO18K0204.068280,17:45:06.74,-26:12:24.19,9790.61665,94.19,0.013,23.31,20.0,21.63,3,3.21,
KMT-2022-BLG-1651,SSO20M0702.024431,17:46:59.12,-22:21:02.81,9796.86818,21.95,0.197,20.65,19.37,19.37,1,1.67,
KMT-2022-BLG-1652,SAO22M0701.039540,17:55:29.69,-33:08:27.89,9794.65552,199.79,0.01,23.72,19.57,19.57,1,1.34,
KMT-2022-BLG-1653,SAO32M0605.005634,18:12:47.40,-27:16:27.52,9793.83772,19.95,0.692,17.38,17.28,17.28,1,0.64,
KMT-2022-BLG-1654,SAO37M0104.051498,17:49:23.67,-34:49:45.80,9789.87643,154.05,0.06,22.98,19.7,19.7,1,0.96,
KMT-2022-BLG-1655,SAO42M0801.065180,17:54:31.05,-28:58:23.92,9792.67041,170.78,0.002,22.24,19.36,19.36,1,1.77,MB22427
KMT-2022-BLG-1656,SSO43M0806.004543,18:02:02.49,-27:19:56.32,9793.75941,9.67,0.38,18.74,17.07,17.07,1,1.93,
KMT-2022-BLG-1657,SAO43T0308.072606,18:00:11.04,-28:07:40.69,9791.14119,99.35,0.002,23.77,19.6,19.6,1,1.52,
KMT-2022-BLG-1658,BLG11K0703.073261,17:23:34.25,-29:38:17.84,9798.09697,59.28,0.104,22.2,20.0,21.18,2,1.59,
KMT-2022-BLG-1659,BLG11T0407.078211,17:25:01.22,-30:11:27.49,9797.34133,72.49,0.009,22.22,20.0,21.82,3,2.33,
KMT-2022-BLG-1660,BLG14K0506.040836,17:34:02.16,-28:10:33.49,9795.06989,16.71,0.093,20.99,20.0,20.68,2,2.65,
KMT-2022-BLG-1661,BLG14M0404.010959,17:39:33.52,-28:22:15.10,9793.84396,14.17,0.12,21.82,19.24,19.24,2,3.34,
KMT-2022-BLG-1662,SAO18K0104.009268,17:45:28.14,-26:15:42.77,9803.69636,12.96,0.386,19.02,19.07,19.07,2,3.28,
KMT-2022-BLG-1663,BLG19K0402.008204,17:43:57.27,-24:28:01.20,9797.72388,32.56,0.202,22.01,18.33,18.33,1,2.18,
KMT-2022-BLG-1664,SSO19K0505.002435,17:43:16.82,-24:03:24.08,9795.51387,3.92,0.399,17.52,16.25,16.25,1,1.67,
KMT-2022-BLG-1665,BLG41K0403.021164,17:51:48.61,-30:54:06.80,9803.18965,19.29,0.013,20.04,19.08,19.08,1,2.44,MB22435
KMT-2022-BLG-1666,BLG01M0404.056858,17:56:53.63,-30:41:02.80,9793.65093,22.29,0.033,21.42,20.0,20.11,1,1.57,
KMT-2022-BLG-1667,BLG01M0407.004184,17:56:58.71,-30:12:56.30,9796.66349,3.28,0.32,16.65,16.67,16.67,1,1.67,
KMT-2022-BLG-1668,BLG03T0302.087071,18:00:18.28,-28:46:33.38,9803.49899,133.43,0.068,22.39,19.62,19.62,1,1.01,
KMT-2022-BLG-1669,SAO15M0501.059876,17:38:48.43,-26:42:13.97,9793.41063,60.02,0.136,22.76,20.0,21.75,2,3.05,
KMT-2022-BLG-1670,BLG15N0503.087858,17:38:51.06,-27:35:31.56,9798.80156,18.79,0.105,21.06,20.0,21.55,2,2.61,
KMT-2022-BLG-1671,BLG18T0208.011502,17:44:49.62,-26:48:14.72,9795.48492,18.56,0.018,21.44,19.5,19.5,2,3.58,
KMT-2022-BLG-1672,BLG19T0407.019799,17:44:06.19,-24:55:03.25,9792.84868,56.06,0.022,24.02,20.0,20.25,2,2.58,
KMT-2022-BLG-1673,SAO22T0807.090085,17:50:00.25,-33:31:31.01,9828.71985,125.9,0.398,19.99,20.0,25.0,3,1.62,
KMT-2022-BLG-1674,BLG33K0606.025638,18:10:05.78,-29:20:15.40,9799.68294,121.86,0.026,22.6,18.87,18.87,1,0.84,
KMT-2022-BLG-1675,SAO34K0306.040625,18:02:20.84,-31:27:31.79,9814.6002,75.38,0.061,19.99,19.6,19.6,1,1.18,MB22450
KMT-2022-BLG-1676,BLG35N0405.012321,18:06:57.26,-26:16:29.78,9793.27033,16.11,0.19,19.45,18.53,18.53,1,1.51,
KMT-2022-BLG-1677,SAO41M0708.039270,17:55:17.74,-30:14:42.00,9799.54364,65.75,0.656,19.41,19.45,19.45,1,1.57,
KMT-2022-BLG-1678,BLG42N0602.025583,17:55:43.46,-30:00:07.70,9799.19596,23.71,0.026,19.6,18.72,18.72,1,1.63,MB22432
KMT-2022-BLG-1679,BLG43N0502.072375,18:03:35.12,-28:57:27.22,9799.94795,74.24,0.056,21.24,19.63,19.63,1,0.74,
KMT-2022-BLG-1680,SAO14K0108.045495,17:36:17.81,-27:56:57.12,9794.787,14.43,0.106,21.97,20.0,21.45,3,3.21,
KMT-2022-BLG-1681,SAO15M0404.043774,17:39:25.89,-26:14:22.78,9801.39202,26.36,0.268,20.28,20.0,21.09,2,2.57,
KMT-2022-BLG-1682,SAO18M0804.081879,17:46:30.13,-26:11:58.96,9792.98026,60.83,0.015,23.63,20.0,22.77,2,3.35,
KMT-2022-BLG-1683,BLG32T0207.018265,18:10:13.06,-28:07:38.89,9797.45339,123.49,0.024,22.99,18.48,18.48,1,0.89,
KMT-2022-BLG-1684,SAO42N0707.001330,17:55:04.52,-29:19:51.60,9823.46222,12.15,0.058,14.99,15.01,15.01,1,1.83,MB22426
KMT-2022-BLG-1685,SAO01K0506.005331,17:51:35.53,-30:22:20.21,9810.98925,14.47,1.0,17.48,17.21,17.21,1,2.61,
KMT-2022-BLG-1686,BLG02M0301.065154,17:57:58.41,-28:54:52.42,9799.55372,8.18,0.02,19.36,19.39,19.39,1,1.33,
KMT-2022-BLG-1687,SAO03T0105.009694,18:01:40.43,-28:26:50.78,9794.4699,30.45,0.98,17.9,17.39,17.39,1,1.02,
KMT-2022-BLG-1688,BLG11N0604.021243,17:28:52.54,-30:37:16.93,9796.23995,46.51,0.084,22.09,20.0,20.87,2,3.23,
KMT-2022-BLG-1689,BLG11N0608.009739,17:29:17.64,-30:05:26.74,9800.58793,130.45,0.026,22.49,19.06,19.06,2,2.34,
KMT-2022-BLG-1690,BLG16K0401.029525,17:34:52.24,-24:34:11.93,9804.38553,64.95,0.15,21.79,20.0,22.0,2,3.59,
KMT-2022-BLG-1691,BLG36N0808.045315,18:16:02.05,-23:48:31.90,9788.42913,45.08,0.293,20.62,20.0,20.3,1,1.27,
KMT-2022-BLG-1692,BLG01K0702.034201,17:50:23.48,-30:50:31.49,9798.89477,163.1,0.057,23.13,20.0,20.04,1,2.74,
KMT-2022-BLG-1693,BLG01M0804.004788,17:54:45.32,-30:37:23.99,9815.69055,14.32,0.996,17.58,17.22,17.22,1,2.33,
KMT-2022-BLG-1694,BLG01N0505.015451,17:56:42.06,-31:38:11.11,9801.80082,15.07,0.217,20.26,18.73,18.73,1,1.61,
KMT-2022-BLG-1695,BLG01N0801.016312,17:54:50.22,-32:06:58.39,9802.46409,15.27,0.498,18.88,18.79,18.79,1,1.51,
KMT-2022-BLG-1696,SAO02M0604.097112,17:55:49.60,-28:27:40.10,9798.32377,15.0,0.087,20.2,20.0,25.0,3,2.35,
KMT-2022-BLG-1697,BLG02N0207.069698,17:58:21.01,-29:18:01.51,9803.71161,69.96,0.049,20.44,19.51,19.51,1,1.42,MB22436
KMT-2022-BLG-1698,BLG02N0607.011601,17:56:11.94,-29:19:40.58,9836.94137,31.05,0.087,17.64,17.64,17.64,1,2.02,MB22463
KMT-2022-BLG-1699,BLG02T0208.078119,17:53:26.45,-29:08:53.20,9798.05373,24.1,0.192,20.69,19.87,19.87,1,2.15,
KMT-2022-BLG-1700,SAO02T0502.064193,17:51:55.32,-29:53:31.88,9791.52598,6.17,0.236,20.47,20.0,20.1,1,2.54,
KMT-2022-BLG-1701,SAO02T0604.069307,17:51:15.92,-29:41:09.89,9797.17104,94.24,0.024,23.26,20.0,20.71,1,2.82,
KMT-2022-BLG-1702,BLG03M0102.066200,18:06:36.08,-27:45:13.50,9798.54576,39.32,0.282,20.32,19.72,19.72,1,0.77,
KMT-2022-BLG-1703,BLG03M0207.036629,18:05:36.51,-27:01:35.90,9800.96966,32.48,0.093,19.1,18.9,18.9,1,1.13,MB22428
KMT-2022-BLG-1704,BLG03N0104.012395,18:06:19.83,-28:32:24.00,9796.18614,67.27,0.13,22.85,18.05,18.05,1,0.89,
KMT-2022-BLG-1705,SAO03N0802.088126,18:02:23.72,-28:52:25.10,9797.53847,7.95,0.006,22.66,19.94,19.94,1,0.88,
KMT-2022-BLG-1706,BLG04K0304.021358,18:02:22.25,-29:32:03.59,9797.80817,26.25,0.008,22.3,18.68,18.68,1,1.13,
KMT-2022-BLG-1707,SAO04T0306.002002,18:02:12.36,-30:24:46.51,9824.19622,42.77,0.999,17.08,15.5,15.5,1,0.99,MB22469
KMT-2022-BLG-1708,BLG11K0707.039816,17:23:41.47,-29:05:43.69,9808.08494,31.09,0.035,22.69,20.0,20.32,1,1.8,
KMT-2022-BLG-1709,BLG11N0504.074090,17:29:31.64,-30:34:50.27,9802.45668,77.74,0.038,23.39,20.0,22.28,2,3.5,
KMT-2022-BLG-1710,SAO11T0504.009958,17:24:55.72,-30:33:32.83,9795.72762,49.29,0.435,21.18,20.0,20.0,2,2.96,
KMT-2022-BLG-1711,BLG14K0201.060718,17:35:58.14,-28:48:52.74,9787.03381,38.41,0.877,20.04,20.0,21.39,2,3.09,
KMT-2022-BLG-1712,BLG14K0801.061522,17:32:07.98,-28:43:17.00,9796.539,24.29,0.048,22.45,20.0,21.8,2,2.8,
KMT-2022-BLG-1713,BLG15N0506.089675,17:38:44.59,-27:06:29.88,9797.53718,1.31,0.537,19.73,20.0,21.81,2,3.09,
KMT-2022-BLG-1714,SAO16K0504.073861,17:34:33.87,-24:09:28.87,9786.53455,36.65,0.265,21.59,20.0,25.0,3,2.26,
KMT-2022-BLG-1715,BLG16M0402.005826,17:39:24.91,-24:22:48.18,9799.44927,21.21,0.081,18.6,18.52,18.52,2,1.91,
KMT-2022-BLG-1716,BLG16N0103.052741,17:41:16.30,-25:25:41.56,9813.83959,53.18,0.039,20.5,20.0,21.22,2,2.44,
KMT-2022-BLG-1717,SAO17K0805.014187,17:40:12.62,-32:40:55.88,9797.00965,46.57,0.024,23.38,20.0,20.8,2,4.43,
KMT-2022-BLG-1718,SAO17M0401.008951,17:47:24.59,-33:04:47.06,9792.30356,50.45,0.008,23.98,19.14,19.14,2,2.97,
KMT-2022-BLG-1719,BLG17N0308.003257,17:48:09.83,-33:18:17.10,9808.50321,11.65,0.806,16.51,16.51,16.51,1,1.89,
KMT-2022-BLG-1720,BLG18K0108.060403,17:45:32.10,-25:46:25.07,9796.06332,4.29,0.085,20.8,20.0,21.27,2,2.57,
KMT-2022-BLG-1721,BLG18N0807.020684,17:46:10.25,-26:58:07.36,9814.28228,159.11,0.047,21.9,20.0,21.18,2,4.49,
KMT-2022-BLG-1722,BLG18T0407.010122,17:43:53.71,-26:55:45.41,9792.88599,10.32,0.402,19.42,19.5,19.5,2,3.37,
KMT-2022-BLG-1723,BLG19T0402.019747,17:44:05.74,-25:35:02.00,9795.86244,122.48,0.002,24.53,20.0,20.19,2,2.82,
KMT-2022-BLG-1724,BLG20N0602.072356,17:47:22.87,-23:26:24.14,9803.35306,15.98,0.069,20.44,20.0,21.08,2,1.62,
KMT-2022-BLG-1725,BLG20N0808.021826,17:46:36.16,-22:41:58.09,9806.11491,14.06,0.079,19.41,19.3,19.3,1,1.6,
KMT-2022-BLG-1726,BLG22T0107.050366,17:53:47.70,-33:29:29.80,9798.98735,111.46,0.032,22.73,20.0,20.02,1,1.36,
KMT-2022-BLG-1727,BLG32N0504.056168,18:13:12.54,-28:36:18.11,9798.21376,13.43,0.024,20.32,19.88,19.88,1,0.46,
KMT-2022-BLG-1728,SAO32N0704.013051,18:12:28.55,-28:33:00.61,9796.38111,45.87,0.247,20.06,18.13,18.13,1,0.49,
KMT-2022-BLG-1729,SAO33K0506.055455,18:10:43.37,-29:15:01.19,9797.39654,4.41,0.142,19.8,19.94,19.94,1,0.66,
KMT-2022-BLG-1730,BLG34N0405.006322,18:06:55.85,-32:37:32.92,9802.88359,13.09,0.348,19.77,18.54,18.54,1,1.16,
KMT-2022-BLG-1731,SAO34N0702.009768,18:04:56.09,-33:04:49.40,9799.67781,41.59,0.99,18.54,18.34,18.34,1,0.7,
KMT-2022-BLG-1732,BLG35N0803.039029,18:04:57.98,-26:34:20.78,9807.84238,19.2,0.368,19.86,20.0,20.11,1,1.7,
KMT-2022-BLG-1733,BLG36T0508.013702,18:13:15.62,-23:52:41.74,9825.835,33.81,0.146,19.91,20.0,20.42,4,3.0,
KMT-2022-BLG-1734,BLG37K0301.052216,17:42:45.12,-35:15:39.38,9799.19469,42.81,0.002,21.82,20.0,20.51,2,1.5,
KMT-2022-BLG-1735,BLG38N0604.008618,17:56:30.81,-23:06:32.90,9808.7791,56.39,0.093,21.74,19.34,19.34,4,4.61,
KMT-2022-BLG-1736,SAO41K0103.071908,17:53:32.12,-30:50:04.31,9807.57218,24.81,0.286,20.06,20.0,20.27,1,1.84,
KMT-2022-BLG-1737,BLG42N0108.027988,17:58:39.54,-29:17:18.10,9805.55321,10.13,0.564,18.83,18.35,18.35,1,1.04,
KMT-2022-BLG-1738,SAO42N0708.075279,17:55:18.97,-29:16:31.69,9797.14413,15.9,0.105,20.59,20.0,20.12,1,2.11,
KMT-2022-BLG-1739,SAO42T0105.013833,17:53:37.94,-29:40:38.21,9798.98163,10.41,0.061,20.9,17.64,17.64,1,1.72,
KMT-2022-BLG-1740,SAO42T0601.050605,17:50:52.62,-30:06:31.61,9798.2291,4.87,0.002,20.33,20.0,20.06,1,2.64,
KMT-2022-BLG-1741,BLG43T0201.020265,18:00:44.94,-29:01:34.90,9796.31031,11.9,0.803,18.85,18.19,18.19,1,0.94,
KMT-2022-BLG-1742,BLG01T0304.006696,17:52:35.80,-31:43:52.90,9810.12519,34.12,0.597,19.29,17.5,17.5,1,2.0,
KMT-2022-BLG-1743,SAO20T0702.041111,17:42:29.88,-23:23:26.99,9797.41545,65.95,0.025,23.71,20.0,20.26,1,1.84,
KMT-2022-BLG-1744,BLG22M0801.011386,17:54:59.06,-33:09:50.00,9820.8369,42.48,0.229,19.16,18.46,18.46,1,1.29,MB22446
KMT-2022-BLG-1745,SSO22M0808.000383,17:54:55.15,-32:17:52.12,9828.61766,198.27,0.959,14.58,14.67,14.67,1,1.73,
KMT-2022-BLG-1746,BLG36K0203.027174,18:14:47.45,-23:22:13.51,9738.78476,1.04,0.975,19.65,19.6,19.6,1,1.57,
KMT-2022-BLG-1747,BLG38T0504.005892,17:52:26.99,-23:10:36.12,9833.4144,50.06,0.661,17.99,17.98,17.98,4,2.76,
KMT-2022-BLG-1748,SAO14K0108.009507,17:36:25.19,-27:54:22.28,9806.93385,55.65,0.281,21.36,19.7,19.7,2,3.2,
KMT-2022-BLG-1749,SAO17K0505.007416,17:41:41.46,-32:39:50.36,9797.66719,24.97,0.777,20.34,19.26,19.26,2,3.84,
KMT-2022-BLG-1750,BLG19K0404.014630,17:43:43.82,-24:12:11.41,9823.98468,32.74,0.638,18.53,18.66,18.66,1,1.73,
KMT-2022-BLG-1751,SAO22K0205.013439,17:53:10.95,-32:38:30.19,9855.61028,99.94,0.023,19.67,18.62,18.62,1,1.7,MB22495
KMT-2022-BLG-1752,SAO01M0808.003025,17:54:56.89,-30:05:31.42,9877.73495,112.47,0.187,18.7,15.87,15.87,1,1.37,MB22488
KMT-2022-BLG-1753,SAO04M0703.005591,18:04:53.45,-29:44:02.51,9812.17079,47.07,0.587,18.8,17.09,17.09,1,0.83,
KMT-2022-BLG-1754,BLG11K0306.005183,17:25:53.71,-29:15:47.92,9805.84044,30.37,0.971,18.61,17.85,17.85,1,1.85,
KMT-2022-BLG-1755,BLG14T0305.012422,17:35:23.06,-29:23:22.60,9796.74134,52.21,0.786,20.1,19.65,19.65,2,3.44,
KMT-2022-BLG-1756,BLG16N0204.023192,17:40:41.19,-25:19:41.27,9797.49179,52.05,0.38,20.53,19.95,19.95,2,2.64,
KMT-2022-BLG-1757,SAO17K0701.008837,17:40:25.96,-33:07:37.06,9803.65506,29.92,0.896,19.23,19.24,19.24,2,3.07,
KMT-2022-BLG-1758,BLG17N0808.004183,17:45:02.69,-33:20:37.39,9839.8946,199.51,0.207,20.05,17.25,17.25,1,2.47,
KMT-2022-BLG-1759,BLG01K0304.042155,17:52:45.77,-30:41:06.50,9809.53012,16.74,0.115,19.72,19.67,19.67,1,1.93,
KMT-2022-BLG-1760,BLG02M0801.053562,17:54:49.08,-28:51:45.00,9810.68987,19.35,0.03,20.34,19.72,19.72,2,1.99,
KMT-2022-BLG-1761,BLG02N0205.030352,17:58:06.41,-29:32:24.50,9810.08233,37.53,0.119,20.74,18.69,18.69,1,1.34,
KMT-2022-BLG-1762,BLG02N0405.044684,17:57:15.66,-29:30:34.60,9806.32944,47.49,0.103,21.9,19.17,19.17,1,1.52,
KMT-2022-BLG-1763,SAO03N0704.086676,18:02:55.51,-28:36:55.19,9805.0989,42.45,0.296,20.65,19.99,19.99,1,0.99,
KMT-2022-BLG-1764,BLG04M0805.015685,18:04:04.97,-29:27:05.00,9818.34509,23.6,0.227,18.5,18.16,18.16,1,0.89,MB22442
KMT-2022-BLG-1765,BLG04T0107.070971,18:03:09.94,-30:15:14.18,9816.01164,18.3,0.151,19.6,20.0,20.19,1,1.04,MB22458
KMT-2022-BLG-1766,BLG04T0305.031186,18:02:00.59,-30:36:14.51,9813.83565,189.22,0.03,21.73,19.0,19.0,1,1.16,MB22455
KMT-2022-BLG-1767,BLG04T0506.005727,18:00:55.35,-30:21:28.30,9816.42605,9.11,0.896,17.47,17.13,17.13,1,1.05,MB22454
KMT-2022-BLG-1768,BLG11M0804.016870,17:27:48.47,-29:30:31.21,9802.02978,26.46,0.796,19.13,19.2,19.2,1,1.96,
KMT-2022-BLG-1769,BLG14M0302.004071,17:40:08.08,-28:41:05.03,9805.58532,4.82,0.234,19.65,19.06,19.06,2,5.0,
KMT-2022-BLG-1770,BLG14M0305.023845,17:40:07.18,-28:19:28.74,9805.75231,7.92,0.154,20.06,20.0,20.5,2,3.89,
KMT-2022-BLG-1771,SAO14M0507.041323,17:39:07.34,-28:04:17.15,9814.66384,49.79,0.391,20.79,20.0,20.68,2,2.98,
KMT-2022-BLG-1772,BLG14T0706.020741,17:32:57.53,-29:19:35.87,9805.42015,4.78,0.11,20.73,20.0,20.18,2,2.89,
KMT-2022-BLG-1773,BLG15M0803.065273,17:37:02.37,-26:28:18.91,9803.03544,19.4,0.044,21.69,20.0,21.54,2,2.93,
KMT-2022-BLG-1774,BLG15N0107.067599,17:41:05.27,-27:01:41.12,9810.9083,54.94,0.017,23.56,20.0,22.37,2,3.81,
KMT-2022-BLG-1775,BLG15N0506.007378,17:39:02.97,-27:12:14.11,9795.30963,7.89,0.7,19.46,18.63,18.63,2,2.74,
KMT-2022-BLG-1776,BLG17M0201.070290,17:48:31.73,-33:05:32.21,9805.10632,18.75,0.029,21.66,20.0,20.8,1,2.16,
KMT-2022-BLG-1777,BLG17N0306.064522,17:47:58.55,-33:38:45.31,9808.74172,12.56,0.368,20.09,20.0,20.25,1,1.66,
KMT-2022-BLG-1778,SAO17T0107.046699,17:44:28.77,-33:31:21.90,9822.25733,76.38,0.072,20.89,20.0,20.25,1,2.24,
KMT-2022-BLG-1779,BLG18K0601.065285,17:42:43.86,-26:41:19.64,9808.90342,34.86,0.03,21.78,20.0,21.69,2,3.98,
KMT-2022-BLG-1780,BLG22M0307.079535,17:57:57.52,-32:24:01.80,9812.56074,23.33,0.436,20.14,20.0,25.0,3,1.29,
KMT-2022-BLG-1781,BLG31M0301.030345,18:16:33.81,-25:41:46.39,9785.22522,39.39,0.101,21.89,19.32,19.32,1,0.9,
KMT-2022-BLG-1782,BLG32K0501.030238,18:08:48.17,-27:48:27.90,9804.35201,12.87,0.139,18.98,18.93,18.93,1,1.1,MB22439
KMT-2022-BLG-1783,BLG32N0602.010789,18:12:52.36,-28:50:43.69,9808.56046,27.74,0.043,17.94,18.04,18.04,1,0.44,MB22063
KMT-2022-BLG-1784,BLG34K0806.011634,17:59:16.27,-31:22:25.21,9809.14178,28.56,0.002,23.44,18.58,18.58,1,1.52,
KMT-2022-BLG-1785,BLG34M0204.029339,18:07:57.04,-31:39:03.89,9810.2077,16.57,0.618,19.48,19.51,19.51,1,0.7,
KMT-2022-BLG-1786,BLG37T0803.005655,17:39:51.80,-36:06:27.29,9845.8859,172.8,0.198,21.38,19.01,19.01,2,2.21,
KMT-2022-BLG-1787,BLG41K0707.011452,17:50:22.37,-30:23:58.88,9849.69613,78.8,0.203,19.9,18.45,18.45,1,2.84,
KMT-2022-BLG-1788,BLG42T0108.058119,17:53:41.91,-29:12:52.31,9808.26312,39.2,0.094,19.84,19.4,19.4,1,1.8,
KMT-2022-BLG-1789,BLG43K0402.032264,17:59:25.78,-27:51:42.80,9808.8585,11.15,0.853,19.1,19.13,19.13,1,1.85,
KMT-2022-BLG-1790,SAO43M0408.085214,18:04:13.50,-27:02:05.10,9811.41919,34.53,0.148,20.5,20.0,20.41,1,1.24,
KMT-2022-BLG-1791,BLG43N0301.058935,18:05:04.00,-29:01:57.68,9810.26158,12.86,0.096,19.88,19.57,19.57,1,0.98,
KMT-2022-BLG-1792,BLG03K0201.076324,18:01:07.97,-27:46:24.20,9812.14441,61.97,0.01,21.16,19.87,19.87,1,1.32,MB22456
KMT-2022-BLG-1793,BLG03M0603.077386,18:03:32.65,-27:31:45.41,9808.02563,14.7,0.104,21.02,20.0,20.06,1,1.2,
KMT-2022-BLG-1794,BLG04M0303.053226,18:07:26.01,-29:38:58.88,9807.26529,6.73,0.011,19.15,19.62,19.62,1,0.71,MB22449
KMT-2022-BLG-1795,BLG14K0402.053236,17:34:55.09,-28:40:38.53,9807.34782,12.84,0.033,20.49,20.0,21.27,3,2.96,
KMT-2022-BLG-1796,BLG14M0104.050203,17:41:18.67,-28:26:53.70,9807.97407,8.68,0.029,22.39,20.0,21.82,2,4.21,
KMT-2022-BLG-1797,BLG14M0104.062743,17:41:22.79,-28:20:18.74,9807.26593,4.24,0.095,21.94,20.0,22.16,2,4.17,
KMT-2022-BLG-1798,BLG14M0502.041123,17:39:03.40,-28:40:58.62,9812.73252,199.98,0.003,24.46,20.0,21.55,3,4.09,
KMT-2022-BLG-1799,BLG14N0608.008474,17:38:18.74,-28:59:25.44,9812.51432,10.48,0.549,19.44,19.02,19.02,2,3.48,
KMT-2022-BLG-1800,BLG15K0808.013616,17:32:21.05,-25:50:36.64,9805.60193,44.13,0.276,21.4,20.0,21.47,2,3.84,
KMT-2022-BLG-1801,BLG15T0306.003479,17:35:15.94,-27:06:33.08,9843.43787,124.14,0.994,18.2,16.65,16.65,1,2.06,
KMT-2022-BLG-1802,BLG18M0708.010595,17:47:04.20,-25:43:13.98,9833.14027,32.49,0.478,19.31,19.29,19.29,2,3.11,
KMT-2022-BLG-1803,BLG19T0407.046975,17:43:58.32,-24:57:38.45,9805.82656,13.26,0.04,21.81,20.0,21.06,2,2.72,
KMT-2022-BLG-1804,BLG20K0706.012973,17:42:35.73,-21:49:15.92,9811.24762,20.5,0.042,20.79,18.95,18.95,4,1.57,
KMT-2022-BLG-1805,BLG21T0304.020404,17:52:49.39,-35:57:07.70,9809.01556,10.84,0.626,18.93,18.9,18.9,1,0.66,
KMT-2022-BLG-1806,BLG22M0202.054402,17:58:30.49,-33:01:28.60,9809.19437,12.77,0.29,20.87,20.0,20.34,1,1.38,
KMT-2022-BLG-1807,BLG22T0502.048066,17:51:33.85,-34:09:31.64,9807.49786,20.71,0.051,20.87,20.0,20.45,2,1.55,
KMT-2022-BLG-1808,SAO31K0302.027761,18:12:15.86,-25:32:05.71,9795.82242,11.73,0.503,19.77,19.43,19.43,1,1.61,
KMT-2022-BLG-1809,BLG32M0703.012302,18:12:09.55,-27:30:25.31,9806.28009,44.4,0.032,21.28,17.95,17.95,1,0.7,MB22445
KMT-2022-BLG-1810,BLG33M0702.027845,18:14:25.31,-29:45:33.41,9808.52167,26.28,0.124,19.32,19.43,19.43,1,0.39,
KMT-2022-BLG-1811,BLG34T0506.043402,18:01:19.09,-32:35:41.21,9828.18756,68.75,0.065,20.71,19.85,19.85,1,1.08,MB22500
KMT-2022-BLG-1812,SAO36K0103.001284,18:15:30.35,-23:22:14.20,9874.41984,54.53,0.976,16.71,15.83,15.83,1,1.42,MB22514
KMT-2022-BLG-1813,BLG37K0204.000550,17:43:24.66,-34:55:02.86,9812.13884,7.18,0.251,16.02,16.02,16.02,2,2.23,
KMT-2022-BLG-1814,SSO38N0701.005447,17:55:41.47,-23:33:10.37,9810.97303,33.31,0.434,19.01,19.07,19.07,4,4.89,
KMT-2022-BLG-1815,BLG42M0406.086983,17:56:53.90,-28:21:30.60,9824.45212,87.43,0.11,21.38,20.0,20.52,1,2.04,
KMT-2022-BLG-1816,BLG42T0206.016283,17:53:06.76,-29:28:09.98,9822.30423,0.5,0.065,17.98,18.09,18.09,1,2.27,
KMT-2022-BLG-1817,SAO42T0706.044137,17:49:59.39,-29:30:43.81,9806.42788,199.93,0.028,22.71,20.0,20.49,1,4.54,
KMT-2022-BLG-1818,BLG43M0605.041072,18:03:11.67,-27:28:52.00,9835.55996,117.89,0.004,19.66,19.53,19.53,1,1.44,MB22462
KMT-2022-BLG-1819,BLG01M0303.071021,17:57:43.58,-30:41:36.71,9808.64632,5.07,0.287,20.8,20.0,20.34,1,1.74,
KMT-2022-BLG-1820,BLG01N0804.073129,17:54:57.66,-31:42:51.91,9816.19518,30.35,0.107,21.17,20.0,20.34,1,1.57,
KMT-2022-BLG-1821,BLG01T0508.027641,17:51:22.34,-31:12:19.80,9811.0254,71.31,0.059,22.07,20.0,20.33,1,2.74,
KMT-2022-BLG-1822,BLG02M0602.108907,17:55:47.26,-28:46:06.13,9807.93444,90.35,0.012,24.18,20.0,25.0,3,1.89,
KMT-2022-BLG-1823,BLG03M0507.006612,18:03:56.55,-27:03:12.20,9876.74108,126.99,0.167,19.7,17.21,17.21,1,1.44,MB22509
KMT-2022-BLG-1824,BLG04N0404.001514,18:06:40.19,-30:39:17.32,9811.14316,2.88,0.599,16.23,15.88,15.88,1,1.1,MB22451
KMT-2022-BLG-1825,BLG04T0304.025212,18:02:00.82,-30:38:23.32,9809.72366,10.85,0.271,20.22,19.05,19.05,1,1.2,
KMT-2022-BLG-1826,BLG14M0505.002036,17:38:52.13,-28:13:06.60,9820.47409,37.61,0.999,17.43,17.09,17.09,2,2.89,
KMT-2022-BLG-1827,SAO15K0507.001926,17:34:22.16,-25:55:08.15,9657.92436,42.24,0.907,19.53,19.73,19.73,2,4.36,
KMT-2022-BLG-1828,BLG15M0401.043502,17:39:45.44,-26:39:00.97,9803.85546,44.16,0.764,19.88,20.0,21.2,2,2.81,
KMT-2022-BLG-1829,BLG17K0802.028332,17:40:07.64,-33:02:01.32,9809.98733,11.58,0.115,21.69,20.0,21.26,2,3.73,
KMT-2022-BLG-1830,BLG18K0105.002043,17:45:23.54,-26:11:18.24,9826.7061,41.77,0.999,18.04,17.09,17.09,2,2.84,
KMT-2022-BLG-1831,BLG18K0704.005960,17:42:03.95,-26:16:24.92,9848.8244,49.75,0.875,18.69,18.68,18.68,2,3.42,
KMT-2022-BLG-1832,BLG18M0504.007117,17:47:55.97,-26:17:19.36,9810.29174,3.54,0.158,19.96,20.0,20.35,2,4.94,
KMT-2022-BLG-1833,BLG18M0704.028269,17:46:52.23,-26:17:05.64,9816.41912,198.35,0.017,23.58,20.0,21.28,2,3.64,
KMT-2022-BLG-1834,SAO20N0704.046867,17:46:54.72,-23:09:44.32,9830.41229,92.94,0.141,19.83,19.58,19.58,1,1.42,
KMT-2022-BLG-1835,SAO20T0602.001655,17:42:50.63,-23:25:27.30,9812.93783,3.87,0.266,16.32,16.32,16.32,1,1.95,
KMT-2022-BLG-1836,BLG21K0303.073240,17:52:28.12,-34:58:24.10,9811.14601,39.94,0.19,20.55,20.0,20.52,1,0.64,
KMT-2022-BLG-1837,BLG22K0107.027973,17:54:03.18,-32:19:24.89,9810.58617,71.58,0.031,22.52,19.18,19.18,1,1.77,
KMT-2022-BLG-1838,SAO31T0402.000551,18:11:39.14,-26:39:20.41,9777.64718,44.1,0.183,18.45,14.77,14.77,1,1.01,
KMT-2022-BLG-1839,BLG34T0206.000722,18:02:53.68,-32:34:54.52,9815.87308,10.07,0.997,16.71,15.04,15.04,1,0.95,MB22457 MB22461
KMT-2022-BLG-1840,BLG35T0505.004194,18:01:50.31,-26:16:05.16,9833.91263,31.9,0.4,17.99,17.98,17.98,2,2.89,
KMT-2022-BLG-1841,BLG42T0302.018339,17:52:35.56,-30:05:15.50,9822.37599,43.55,0.344,18.61,18.32,18.32,1,1.65,
KMT-2022-BLG-1842,SAO43K0308.045443,18:00:14.66,-27:01:31.51,9808.80548,4.22,0.014,20.83,19.91,19.91,1,2.57,
KMT-2022-BLG-1843,SAO43K0408.013641,17:59:28.31,-27:07:21.22,9810.46885,15.13,0.1,19.93,18.45,18.45,1,2.4,
KMT-2022-BLG-1844,BLG43N0202.037841,18:05:38.00,-28:55:56.32,9831.18458,50.03,0.486,19.0,19.11,19.11,1,1.03,
KMT-2022-BLG-1845,BLG01M0508.022805,17:56:26.69,-30:06:26.60,9815.53258,30.0,0.252,20.19,18.56,18.56,1,1.37,
KMT-2022-BLG-1846,BLG02N0603.009132,17:55:50.43,-29:43:43.72,9809.56391,7.92,0.995,18.1,17.27,17.27,1,1.5,
KMT-2022-BLG-1847,BLG14M0303.022391,17:40:22.04,-28:29:14.86,9808.82404,51.95,0.014,24.79,20.0,21.2,2,4.73,
KMT-2022-BLG-1848,BLG16N0504.042465,17:39:00.82,-25:14:12.59,9805.9268,199.85,0.026,23.79,20.0,21.31,2,3.0,
KMT-2022-BLG-1849,SAO18M0802.005442,17:46:41.29,-26:31:07.25,9831.01176,36.62,0.241,18.76,18.84,18.84,2,4.11,
KMT-2022-BLG-1850,SSO20T0506.015314,17:43:40.33,-22:52:29.82,9816.13663,27.85,0.07,20.47,19.74,19.74,2,2.0,
KMT-2022-BLG-1851,BLG22M0204.053560,17:58:38.13,-32:47:35.23,9812.86151,55.3,0.134,20.18,20.0,20.2,3,1.27,
KMT-2022-BLG-1852,BLG36N0305.017639,18:19:10.92,-24:16:16.90,9826.03958,27.71,0.939,18.73,18.72,18.72,1,0.77,
KMT-2022-BLG-1853,BLG41M0401.037244,17:56:55.80,-31:10:48.68,9812.64736,74.52,0.053,22.67,19.14,19.14,1,1.16,
KMT-2022-BLG-1854,BLG42T0404.039463,17:51:53.28,-29:45:47.99,9807.47862,24.97,0.184,21.47,19.44,19.44,1,2.57,
KMT-2022-BLG-1855,BLG01K0502.050211,17:51:38.36,-30:54:11.20,9817.38057,32.13,0.183,20.92,20.0,20.05,1,2.35,
KMT-2022-BLG-1856,BLG02N0608.034248,17:56:01.00,-29:09:18.50,9815.65149,13.39,0.22,19.91,19.12,19.12,1,1.68,
KMT-2022-BLG-1857,BLG02T0107.045749,17:53:55.17,-29:17:37.28,9818.24045,17.27,0.178,20.39,19.07,19.07,1,1.95,
KMT-2022-BLG-1858,BLG03K0501.051911,17:59:23.69,-27:49:53.62,9814.25317,2.91,0.342,19.77,19.66,19.66,1,1.9,
KMT-2022-BLG-1859,BLG03M0108.046381,18:06:17.43,-26:56:50.50,9812.85528,37.9,0.003,23.43,19.26,19.26,1,1.04,MB22452
KMT-2022-BLG-1860,BLG03N0604.008307,18:03:33.73,-28:35:39.41,9812.74089,145.54,0.025,22.67,17.32,17.32,1,0.84,
KMT-2022-BLG-1861,BLG04K0807.068744,17:59:16.30,-29:10:21.79,9813.47697,97.39,0.014,23.41,19.3,19.3,1,0.99,
KMT-2022-BLG-1862,BLG11K0404.062388,17:25:06.59,-29:30:46.58,9815.75816,20.3,0.092,20.39,20.0,20.48,1,1.75,
KMT-2022-BLG-1863,BLG11K0601.043697,17:24:08.75,-29:50:58.27,9812.60826,10.88,0.022,20.9,20.0,20.35,2,1.52,
KMT-2022-BLG-1864,BLG12M0701.044083,17:28:48.00,-27:41:08.74,9814.20083,29.02,0.071,20.85,20.0,20.95,2,2.41,
KMT-2022-BLG-1865,BLG14M0104.009242,17:41:06.80,-28:26:30.26,9820.32338,16.66,0.998,19.31,19.31,19.31,2,4.25,
KMT-2022-BLG-1866,BLG14T0403.069201,17:34:33.15,-29:39:03.06,9814.33948,15.86,0.607,20.24,20.0,21.19,2,2.85,
KMT-2022-BLG-1867,BLG15M0301.066031,17:40:14.51,-26:41:42.94,9817.42575,32.2,0.101,22.29,20.0,21.33,2,2.78,
KMT-2022-BLG-1868,BLG15N0103.004447,17:41:22.30,-27:34:47.75,9816.27486,4.4,0.33,18.0,18.01,18.01,2,3.19,
KMT-2022-BLG-1869,BLG15N0506.006088,17:39:01.84,-27:06:44.64,9812.91818,41.45,0.029,23.51,18.32,18.32,2,2.77,
KMT-2022-BLG-1870,BLG15N0803.016122,17:37:24.82,-27:32:16.33,9848.03154,42.92,0.309,19.89,20.0,20.5,2,3.28,
KMT-2022-BLG-1871,BLG16M0201.033590,17:40:31.63,-24:36:01.98,9813.59253,10.82,0.115,20.08,20.0,20.09,2,2.02,
KMT-2022-BLG-1872,BLG16T0206.033620,17:36:05.10,-25:03:31.90,9813.56489,30.76,0.151,22.19,20.0,21.16,2,2.85,
KMT-2022-BLG-1873,BLG17M0207.028383,17:48:40.00,-32:21:15.84,9811.52138,5.68,0.087,22.17,20.0,21.79,2,4.06,
KMT-2022-BLG-1874,SAO17T0401.001419,17:42:42.90,-34:16:50.48,9840.90452,45.78,0.4,18.49,16.25,16.25,1,2.04,
KMT-2022-BLG-1875,BLG18M0601.080662,17:47:33.13,-26:36:48.60,9812.55074,11.44,0.018,23.66,20.0,25.0,3,4.78,
KMT-2022-BLG-1876,BLG18N0508.010889,17:48:23.70,-26:52:07.18,9816.8058,20.55,0.199,21.42,20.0,21.38,2,6.82,
KMT-2022-BLG-1877,BLG19M0603.016270,17:47:41.32,-24:18:12.74,9811.04114,59.63,0.006,24.51,19.44,19.44,2,2.27,
KMT-2022-BLG-1878,BLG20T0602.042366,17:43:00.98,-23:22:32.48,9818.57848,48.77,0.209,21.28,20.0,20.16,2,1.9,
KMT-2022-BLG-1879,BLG22M0505.025734,17:56:26.29,-32:36:06.23,9814.7462,11.3,0.246,20.02,19.21,19.21,2,1.52,
KMT-2022-BLG-1880,BLG22N0105.008937,17:59:06.15,-33:43:16.39,9842.89865,29.09,0.802,18.64,18.27,18.27,1,0.97,
KMT-2022-BLG-1881,BLG31M0702.059221,18:14:28.31,-25:33:15.70,9818.71581,25.06,0.196,20.32,20.0,20.78,1,1.32,
KMT-2022-BLG-1882,BLG31T0207.028396,18:12:34.27,-26:01:23.20,9811.37645,66.6,0.056,22.32,19.2,19.2,1,1.29,
KMT-2022-BLG-1883,BLG32K0301.070408,18:09:38.27,-27:53:06.68,9811.48191,62.07,0.066,22.11,20.0,20.13,1,0.94,
KMT-2022-BLG-1884,BLG32T0606.041711,18:07:52.43,-28:18:27.11,9810.22191,7.26,0.536,19.31,19.28,19.28,1,1.02,
KMT-2022-BLG-1885,BLG33K0502.008326,18:10:29.79,-29:49:00.52,9857.04791,52.12,0.9,18.54,18.08,18.08,1,0.84,
KMT-2022-BLG-1886,SAO33N0704.017257,18:14:32.08,-30:37:28.42,9838.39111,54.92,0.227,19.22,19.23,19.23,4,0.53,
KMT-2022-BLG-1887,BLG34T0804.014809,17:59:24.78,-32:46:05.41,9815.21317,9.37,0.466,19.12,18.86,18.86,1,1.26,
KMT-2022-BLG-1888,BLG35N0605.042541,18:06:08.13,-26:18:30.38,9810.36088,13.74,0.002,21.97,19.74,19.74,1,1.87,
KMT-2022-BLG-1889,BLG36N0307.020425,18:19:05.26,-23:54:43.49,9808.61655,12.37,0.798,19.35,18.9,18.9,1,0.79,
KMT-2022-BLG-1890,BLG37T0406.073170,17:41:57.72,-35:43:27.19,9809.97276,20.48,0.224,21.3,20.0,21.93,2,2.02,
KMT-2022-BLG-1891,BLG37T0705.054476,17:40:14.55,-35:54:41.08,9814.47764,27.7,0.184,21.35,20.0,21.59,3,2.37,
KMT-2022-BLG-1892,BLG38T0108.001036,17:54:29.96,-22:40:23.70,9819.18743,5.58,0.231,16.76,16.39,16.39,4,3.28,
KMT-2022-BLG-1893,BLG41N0403.079232,17:56:43.80,-31:57:40.28,9810.7098,5.47,0.041,22.08,20.0,21.21,1,1.52,
KMT-2022-BLG-1894,BLG42N0802.025079,17:54:28.93,-29:58:35.51,9812.46759,31.4,0.012,23.06,18.43,18.43,1,1.33,
KMT-2022-BLG-1895,BLG43K0301.055381,18:00:20.20,-27:54:38.59,9814.0412,44.11,0.453,19.61,19.63,19.63,1,1.73,
KMT-2022-BLG-1896,SSO43N0301.081358,18:05:17.03,-29:06:29.20,9811.01292,5.62,0.149,20.11,20.0,20.28,1,0.94,
KMT-2022-BLG-1897,BLG01T0308.055889,17:52:48.96,-31:18:06.52,9832.98178,55.15,0.393,20.0,20.0,20.05,1,2.11,
KMT-2022-BLG-1898,BLG01T0601.014830,17:51:01.20,-32:08:14.21,9818.31997,18.16,0.202,21.14,19.83,19.83,1,2.7,
KMT-2022-BLG-1899,BLG02M0602.055948,17:56:03.25,-28:42:55.19,9817.75064,43.22,0.031,20.29,19.49,19.49,1,1.78,
KMT-2022-BLG-1900,BLG02N0608.026391,17:56:11.97,-29:07:19.42,9814.29797,22.05,0.306,20.6,18.88,18.88,1,1.93,
KMT-2022-BLG-1901,SSO03K0608.017368,17:58:50.25,-26:58:26.40,9849.75501,131.91,0.11,23.53,19.24,19.24,1,2.76,
KMT-2022-BLG-1902,BLG12M0404.009475,17:30:06.95,-27:21:28.98,9812.84132,10.94,0.546,19.87,19.87,19.87,2,2.75,
KMT-2022-BLG-1903,BLG14K0605.052787,17:33:34.49,-28:18:53.17,9826.41662,19.87,0.101,20.46,20.0,20.84,2,2.61,
KMT-2022-BLG-1904,BLG14T0604.006902,17:33:27.38,-29:29:14.17,9814.74302,10.44,0.768,19.16,18.65,18.65,2,3.05,
KMT-2022-BLG-1905,BLG16N0205.022868,17:40:31.28,-25:11:26.92,9821.66271,20.7,0.037,20.56,19.74,19.74,1,2.52,
KMT-2022-BLG-1906,BLG18M0605.042676,17:47:34.06,-26:03:41.33,9802.94885,43.48,0.191,21.62,20.0,22.64,3,4.67,
KMT-2022-BLG-1907,BLG19N0608.026420,17:47:41.35,-24:44:24.90,9815.91356,7.02,0.391,19.94,20.0,21.13,2,3.66,
KMT-2022-BLG-1908,BLG19N0802.055481,17:46:19.92,-25:31:19.42,9812.61761,86.26,0.025,24.37,20.0,21.3,2,2.96,
KMT-2022-BLG-1909,BLG20K0507.013941,17:43:14.05,-21:42:27.22,9825.26353,48.07,0.85,18.99,18.95,18.95,1,1.59,
KMT-2022-BLG-1910,BLG21M0204.038319,17:58:22.04,-34:54:36.22,9812.18848,51.13,0.017,23.25,19.69,19.69,1,0.64,
KMT-2022-BLG-1911,BLG22K0103.042104,17:53:58.29,-32:54:47.81,9816.05051,10.47,0.701,19.71,19.64,19.64,1,1.47,
KMT-2022-BLG-1912,BLG22T0305.059262,17:52:43.73,-33:44:21.70,9817.66251,17.15,0.286,21.38,20.0,20.64,1,1.82,
KMT-2022-BLG-1913,BLG31K0307.005566,18:11:56.52,-24:55:52.90,9857.54895,63.84,0.876,19.06,18.42,18.42,4,2.43,
KMT-2022-BLG-1914,BLG34T0304.004140,18:02:20.00,-32:45:04.61,9825.65155,11.25,0.13,17.97,17.48,17.48,1,0.92,MB22473
KMT-2022-BLG-1915,BLG34T0403.021583,18:01:43.06,-32:53:59.50,9813.74495,20.82,0.087,21.86,19.16,19.16,1,0.97,
KMT-2022-BLG-1916,BLG37M0604.019253,17:46:05.73,-34:49:12.79,9810.94882,5.01,0.813,19.01,18.96,18.96,1,1.58,
KMT-2022-BLG-1917,BLG37M0807.037414,17:44:52.06,-34:26:31.99,9824.71046,27.01,0.428,19.54,19.61,19.61,1,1.61,
KMT-2022-BLG-1918,BLG41N0401.049412,17:56:44.48,-32:16:52.21,9815.82625,133.04,0.014,23.59,19.79,19.79,1,1.53,
KMT-2022-BLG-1919,BLG42T0206.028806,17:53:10.74,-29:31:52.39,9814.5552,3.85,0.899,18.99,18.84,18.84,1,2.02,
KMT-2022-BLG-1920,BLG43K0301.028350,17:59:53.83,-27:54:27.79,9826.78188,25.87,0.13,19.15,18.94,18.94,1,1.72,MB22460
KMT-2022-BLG-1921,SAO43N0807.062891,18:01:57.07,-28:18:53.32,9814.11039,38.76,0.068,22.26,19.35,19.35,1,1.22,
KMT-2022-BLG-1922,BLG43T0404.003288,17:59:36.56,-28:40:27.01,9826.11606,26.96,0.473,18.09,15.67,15.67,1,1.33,MB22464
KMT-2022-BLG-1923,BLG43T0601.031482,17:58:17.79,-29:03:12.24,9819.15967,103.16,0.002,20.79,18.68,18.68,2,1.41,MB22465
KMT-2022-BLG-1924,SAO01K0105.082005,17:54:14.35,-30:33:11.41,9820.20886,117.46,0.02,22.8,20.0,20.02,1,1.6,
KMT-2022-BLG-1925,SAO03M0406.070686,18:04:32.66,-27:09:08.78,9835.04781,101.91,0.206,20.19,19.65,19.65,1,0.97,
KMT-2022-BLG-1926,BLG03M0702.052751,18:03:09.10,-27:43:18.30,9832.91715,28.36,0.39,19.33,19.32,19.32,1,1.14,MB22499
KMT-2022-BLG-1927,SAO03T0703.007547,17:58:03.45,-28:39:41.90,9825.23637,44.13,0.145,20.41,17.02,17.02,1,1.49,
KMT-2022-BLG-1928,BLG04M0104.055763,18:08:34.13,-29:33:31.28,9827.29931,24.73,0.473,20.25,19.97,19.97,1,0.82,
KMT-2022-BLG-1929,BLG18M0801.002809,17:46:10.11,-26:37:59.27,9823.69239,9.0,0.9,18.69,18.23,18.23,2,3.79,
KMT-2022-BLG-1930,BLG19M0803.007206,17:46:29.52,-24:13:54.91,9821.82919,99.33,0.016,21.83,18.69,18.69,2,2.29,
KMT-2022-BLG-1931,BLG19T0802.012436,17:41:41.42,-25:31:42.64,9815.24646,198.82,0.004,25.0,19.52,19.52,4,2.5,
KMT-2022-BLG-1932,BLG22K0704.028329,17:50:29.20,-32:45:31.61,9819.69316,23.79,0.073,20.26,19.75,19.75,1,2.04,
KMT-2022-BLG-1933,SAO35T0805.001166,18:00:12.25,-26:21:46.55,9817.93749,75.89,0.905,18.16,17.42,17.42,2,3.67,
KMT-2022-BLG-1934,BLG37K0307.018314,17:42:50.06,-34:33:00.61,9813.58252,23.6,0.07,22.29,19.14,19.14,2,1.81,
KMT-2022-BLG-1935,BLG01T0307.022622,17:52:51.41,-31:20:59.39,9823.4756,53.71,0.57,20.38,19.29,19.29,1,2.18,
KMT-2022-BLG-1936,SAO03N0106.082901,18:06:42.30,-28:20:43.01,9815.50158,23.98,0.004,22.62,20.0,20.6,1,1.01,
KMT-2022-BLG-1937,BLG11M0102.069172,17:31:51.30,-29:39:07.09,9820.87991,30.26,0.044,21.34,20.0,21.54,2,2.9,
KMT-2022-BLG-1938,BLG11M0401.054968,17:30:07.44,-29:48:50.18,9812.97492,48.42,0.997,20.44,20.0,20.59,2,2.13,
KMT-2022-BLG-1939,BLG14K0203.010573,17:35:41.86,-28:32:27.42,9816.19153,3.96,0.955,19.43,19.48,19.48,2,3.12,
KMT-2022-BLG-1940,BLG15N0604.022524,17:38:23.55,-27:26:25.08,9814.98602,7.27,0.907,20.0,20.0,20.04,2,2.45,
KMT-2022-BLG-1941,BLG15T0104.007512,17:36:12.70,-27:21:33.70,9822.30724,0.72,0.099,19.29,18.21,18.21,1,2.37,
KMT-2022-BLG-1942,BLG17T0405.053234,17:42:19.18,-33:44:21.91,9821.98661,18.06,0.061,21.13,20.0,21.35,2,2.79,
KMT-2022-BLG-1943,BLG18M0707.018930,17:47:08.86,-25:51:18.40,9814.67922,70.69,0.67,20.0,20.0,20.29,2,3.56,
KMT-2022-BLG-1944,BLG18M0806.020541,17:46:34.65,-26:02:42.61,9820.97893,8.57,0.118,19.98,20.0,20.2,2,3.33,
KMT-2022-BLG-1945,BLG18T0403.001690,17:44:05.26,-27:28:19.45,9844.67717,26.02,0.519,18.82,17.62,17.62,2,4.1,
KMT-2022-BLG-1946,BLG19K0108.046971,17:45:36.05,-23:36:43.49,9829.72735,41.63,0.054,20.35,19.94,19.94,1,1.62,
KMT-2022-BLG-1947,SAO19K0308.002666,17:44:39.87,-23:39:34.31,9830.87675,11.55,0.913,16.85,16.39,16.39,1,1.55,
KMT-2022-BLG-1948,BLG20N0605.015160,17:47:31.76,-23:02:13.99,9835.25536,199.94,0.01,22.63,18.5,18.5,1,1.44,
KMT-2022-BLG-1949,BLG21T0101.042323,17:54:00.69,-36:24:02.02,9834.53735,46.09,0.377,20.04,20.0,20.22,1,0.64,
KMT-2022-BLG-1950,SAO22K0101.025573,17:53:45.91,-33:09:41.40,9860.21254,57.7,0.131,19.13,19.15,19.15,1,1.47,MB22527
KMT-2022-BLG-1951,BLG31K0706.059365,18:09:39.27,-25:04:49.12,9824.04609,199.71,0.002,24.16,20.0,20.83,1,1.77,
KMT-2022-BLG-1952,SAO32N0701.004176,18:12:03.34,-28:57:54.68,9821.04025,50.35,0.149,20.73,17.1,17.1,1,0.59,
KMT-2022-BLG-1953,SAO33T0707.031915,18:09:31.10,-30:15:38.81,9821.90515,197.89,0.021,22.61,19.29,19.29,1,0.7,
KMT-2022-BLG-1954,SAO38K0502.010145,17:52:40.96,-22:18:55.01,9823.55692,42.95,0.489,19.31,18.54,18.54,1,1.87,
KMT-2022-BLG-1955,BLG42K0301.013406,17:52:41.32,-28:59:20.29,9815.91201,4.71,0.036,20.94,18.13,18.13,1,2.76,
KMT-2022-BLG-1956,SAO42N0306.034624,17:57:21.82,-29:31:53.62,9815.00946,192.77,0.003,25.53,18.97,18.97,1,1.63,
KMT-2022-BLG-1957,SAO43T0408.081692,17:59:34.49,-28:09:04.72,9818.3209,165.85,0.018,23.33,20.0,20.0,1,1.69,
KMT-2022-BLG-1958,BLG01N0604.076215,17:55:59.09,-31:41:48.98,9816.83603,17.11,0.011,22.5,20.0,20.21,1,1.3,
KMT-2022-BLG-1959,BLG02M0401.072477,17:57:17.25,-28:52:45.30,9820.32915,15.29,0.088,21.2,19.63,19.63,1,1.46,
KMT-2022-BLG-1960,BLG02M0702.058424,17:55:14.29,-28:43:12.65,9812.02775,48.69,0.581,19.93,20.0,20.05,2,1.92,
KMT-2022-BLG-1961,BLG02M0805.085138,17:54:48.50,-28:22:02.28,9816.55746,13.22,0.016,22.94,20.0,22.17,2,2.8,
KMT-2022-BLG-1962,BLG03M0605.054697,18:03:33.84,-27:15:43.09,9817.15076,136.96,0.002,24.9,19.91,19.91,1,1.66,
KMT-2022-BLG-1963,SAO12K0201.003967,17:26:23.29,-27:40:19.13,9818.3246,40.65,0.164,21.32,18.35,18.35,2,1.85,
KMT-2022-BLG-1964,BLG14K0706.040558,17:33:01.43,-28:05:46.21,9819.19546,8.76,0.848,19.97,20.0,20.81,2,2.75,
KMT-2022-BLG-1965,BLG14T0507.017592,17:34:01.52,-29:08:35.52,9811.15424,29.01,0.447,19.8,20.0,20.35,2,3.27,
KMT-2022-BLG-1966,BLG15N0203.031319,17:40:34.81,-27:28:40.80,9818.31914,12.45,0.584,20.05,20.0,20.77,2,3.16,
KMT-2022-BLG-1967,BLG15T0502.012742,17:33:53.90,-27:40:15.85,9819.82922,17.57,0.195,20.08,19.96,19.96,2,2.73,
KMT-2022-BLG-1968,SAO16M0503.043525,17:38:52.98,-24:20:56.69,9817.75676,10.24,0.293,20.06,20.0,20.57,2,1.87,
KMT-2022-BLG-1969,SAO21T0803.013104,17:49:50.38,-36:06:54.00,9822.78854,122.13,0.062,21.32,18.8,18.8,1,1.06,
KMT-2022-BLG-1970,BLG22K0706.044082,17:50:06.27,-32:31:27.80,9816.74915,26.1,0.153,22.32,20.0,22.2,2,3.85,
KMT-2022-BLG-1971,BLG01M0406.048458,17:56:57.81,-30:24:57.60,9819.02084,10.72,0.015,23.15,19.91,19.91,1,2.06,
KMT-2022-BLG-1972,BLG02N0304.043031,17:57:37.39,-29:37:32.02,9828.58022,41.58,0.169,19.0,19.01,19.01,1,1.4,MB22477
KMT-2022-BLG-1973,BLG02T0108.053030,17:54:01.01,-29:11:06.29,9823.66494,50.55,0.13,20.32,18.98,18.98,1,1.52,
KMT-2022-BLG-1974,SAO03K0705.076894,17:58:06.67,-27:16:47.32,9825.94297,188.28,0.011,23.69,20.0,21.86,2,3.24,
KMT-2022-BLG-1975,BLG03M0308.049654,18:05:21.85,-26:54:00.40,9821.69776,142.52,0.018,23.81,19.31,19.31,1,1.12,
KMT-2022-BLG-1976,BLG11M0803.001885,17:27:50.97,-29:32:33.90,9828.69665,5.59,0.028,16.43,16.29,16.29,1,1.97,
KMT-2022-BLG-1977,BLG11N0207.047879,17:31:27.72,-30:10:03.79,9830.54784,23.24,0.159,20.05,20.0,20.7,2,2.83,
KMT-2022-BLG-1978,BLG11N0606.006926,17:29:14.34,-30:20:09.67,9825.89917,60.88,0.16,21.7,18.58,18.58,2,2.51,
KMT-2022-BLG-1979,BLG13M0405.000879,17:37:41.53,-33:46:39.90,9838.31675,11.09,0.676,16.53,16.57,16.57,2,3.26,
KMT-2022-BLG-1980,BLG13N0405.006099,17:37:46.98,-34:53:04.92,9847.20537,46.47,0.588,19.34,18.58,18.58,2,2.55,
KMT-2022-BLG-1981,BLG14K0101.003084,17:36:17.00,-28:44:34.04,9822.87807,7.72,0.999,18.9,17.73,17.73,2,3.03,
KMT-2022-BLG-1982,BLG14K0604.051075,17:33:39.76,-28:23:20.18,9818.80559,27.19,0.038,23.66,20.0,21.02,2,2.75,
KMT-2022-BLG-1983,BLG14M0408.039173,17:39:19.53,-27:52:14.38,9820.7005,7.48,0.046,20.68,20.0,20.83,2,2.85,
KMT-2022-BLG-1984,BLG15M0105.004833,17:41:15.99,-26:08:05.35,9838.0279,14.3,0.168,18.26,18.26,18.26,2,2.74,
KMT-2022-BLG-1985,BLG15M0604.037943,17:38:10.31,-26:16:55.02,9823.57139,63.09,0.239,22.25,20.0,20.99,2,2.73,
KMT-2022-BLG-1986,BLG15N0603.008218,17:38:29.18,-27:31:50.41,9822.37259,24.77,0.199,21.89,18.61,18.61,2,2.64,
KMT-2022-BLG-1987,BLG15T0508.004692,17:34:11.92,-26:52:20.21,9866.69126,35.53,0.168,18.21,18.04,18.04,1,2.44,MB22538
KMT-2022-BLG-1988,BLG16K0404.031357,17:34:57.38,-24:11:10.97,9821.4586,15.76,0.188,21.4,20.0,21.43,2,2.84,
KMT-2022-BLG-1989,BLG16M0803.044372,17:37:08.24,-24:19:21.36,9823.79447,35.36,0.044,21.65,20.0,21.29,2,2.98,
KMT-2022-BLG-1990,BLG16N0208.023882,17:40:50.88,-24:46:46.88,9821.55577,16.49,0.033,21.46,19.84,19.84,1,2.62,
KMT-2022-BLG-1991,SSO17N0701.046141,17:45:45.70,-34:13:09.91,9821.8524,40.85,0.017,21.41,19.66,19.66,1,1.44,MB22470
KMT-2022-BLG-1992,BLG17T0206.012471,17:43:47.35,-33:35:48.44,9822.56048,36.03,0.077,22.33,19.96,19.96,2,3.03,
KMT-2022-BLG-1993,BLG17T0208.024930,17:43:24.53,-33:24:19.69,9819.66746,42.54,0.011,22.95,20.0,21.17,2,3.21,
KMT-2022-BLG-1994,BLG17T0804.086304,17:39:44.04,-33:52:36.34,9816.11294,196.86,0.003,24.73,20.0,25.0,3,2.97,
KMT-2022-BLG-1995,BLG19M0302.064895,17:49:25.83,-24:24:49.72,9818.00495,13.54,0.087,21.82,20.0,21.99,3,3.17,
KMT-2022-BLG-1996,BLG21K0803.073359,17:49:23.69,-34:59:01.79,9817.64795,72.57,0.034,23.82,20.0,20.6,1,1.06,
KMT-2022-BLG-1997,BLG22M0501.047879,17:56:26.48,-33:05:36.82,9820.5508,7.47,0.384,20.73,19.79,19.79,1,1.34,
KMT-2022-BLG-1998,BLG22T0103.046525,17:54:14.34,-33:58:10.88,9830.09191,25.66,0.701,19.49,19.76,19.76,1,1.07,
KMT-2022-BLG-1999,BLG32N0308.050459,18:14:31.41,-28:02:14.10,9844.55612,55.28,0.167,20.18,19.71,19.71,1,0.53,
KMT-2022-BLG-2000,BLG34K0601.052026,18:00:21.06,-32:02:54.49,9820.19565,9.13,0.292,20.22,19.94,19.94,1,1.08,
KMT-2022-BLG-2001,SAO34T0703.026475,18:00:16.16,-32:56:55.61,9828.31357,24.68,0.257,19.53,19.17,19.17,1,0.9,
KMT-2022-BLG-2002,BLG35M0101.022599,18:08:40.96,-25:45:53.21,9826.22056,48.34,0.008,22.44,19.22,19.22,1,1.76,
KMT-2022-BLG-2003,BLG35T0703.006732,18:00:36.23,-26:32:02.11,9824.80304,9.23,0.132,19.26,19.35,19.35,2,4.06,
KMT-2022-BLG-2004,SAO37K0608.008962,17:41:08.89,-34:20:07.73,9824.28276,68.39,0.062,22.21,18.79,18.79,2,1.99,
KMT-2022-BLG-2005,BLG37M0706.029933,17:45:48.18,-34:37:14.59,9830.06279,35.38,0.076,20.83,19.42,19.42,1,1.52,MB22479
KMT-2022-BLG-2006,BLG37T0607.018821,17:40:51.42,-35:36:39.92,9839.70227,37.92,0.064,19.69,19.72,19.72,2,1.75,
KMT-2022-BLG-2007,BLG37T0706.013718,17:40:14.51,-35:45:38.02,9827.05987,61.73,0.582,19.79,19.87,19.87,2,2.3,
KMT-2022-BLG-2008,SAO41M0501.020586,17:56:33.93,-31:07:59.41,9820.54153,10.24,0.052,20.42,18.76,18.76,1,1.49,MB22472
KMT-2022-BLG-2009,SAO41M0705.005757,17:55:01.44,-30:38:38.29,9820.14822,2.58,0.027,17.2,17.2,17.2,1,2.05,MB22468
KMT-2022-BLG-2010,BLG41T0401.028071,17:51:57.44,-32:14:09.89,9821.00694,5.47,0.354,19.84,19.53,19.53,1,2.09,
KMT-2022-BLG-2011,SAO42M0502.064173,17:56:27.08,-28:51:51.70,9826.35171,105.02,0.026,22.29,19.73,19.73,1,2.07,
KMT-2022-BLG-2012,BLG42M0504.045756,17:56:20.92,-28:41:28.72,9822.73424,9.64,0.131,20.02,19.12,19.12,1,1.76,
KMT-2022-BLG-2013,SAO42N0806.005778,17:54:28.76,-29:32:21.19,9833.0195,45.52,0.15,20.38,16.26,16.26,1,1.48,
KMT-2022-BLG-2014,BLG43N0506.036273,18:04:01.59,-28:28:55.99,9829.33631,26.23,0.071,19.78,18.71,18.71,1,0.99,MB22480
KMT-2022-BLG-2015,SAO02K0203.023304,17:53:38.99,-28:42:07.56,9821.55126,8.95,0.176,19.7,19.59,19.59,2,2.1,
KMT-2022-BLG-2016,BLG04K0307.055818,18:02:15.56,-29:07:56.71,9821.0074,4.93,0.718,19.29,19.28,19.28,1,1.16,
KMT-2022-BLG-2017,BLG12K0801.035182,17:23:09.25,-27:39:13.00,9822.52097,19.97,0.508,20.05,20.0,20.61,2,1.73,
KMT-2022-BLG-2018,BLG12T0705.010872,17:23:38.65,-28:19:37.45,9823.78067,49.75,0.373,20.12,19.71,19.71,2,1.87,
KMT-2022-BLG-2019,BLG16K0706.024105,17:33:30.02,-23:51:41.80,9822.01702,21.75,0.093,21.45,20.0,20.21,2,1.75,
KMT-2022-BLG-2020,BLG18T0606.049025,17:42:38.52,-27:06:16.09,9820.7356,66.46,0.024,24.2,20.0,21.77,2,3.63,
KMT-2022-BLG-2021,BLG18T0708.007748,17:41:58.54,-26:55:25.32,9834.49657,26.65,0.036,20.05,20.0,20.29,2,5.01,
KMT-2022-BLG-2022,BLG20T0303.002179,17:44:38.80,-23:15:50.18,9849.91565,19.43,0.807,16.64,16.63,16.63,2,1.5,
KMT-2022-BLG-2023,BLG34K0804.055310,17:59:32.06,-31:38:29.90,9847.11419,46.93,0.267,20.31,20.0,20.29,1,1.64,
KMT-2022-BLG-2024,BLG34N0301.048403,18:07:12.25,-33:06:26.50,9779.01373,0.86,0.003,19.73,20.0,20.84,1,0.57,
KMT-2022-BLG-2025,BLG35N0407.042392,18:06:48.59,-26:02:22.42,9822.39344,12.18,0.002,24.87,20.0,20.01,1,2.06,
KMT-2022-BLG-2026,BLG42T0301.072574,17:52:25.20,-30:05:25.69,9865.65394,114.83,0.146,19.61,20.0,20.07,1,1.75,MB22525
KMT-2022-BLG-2027,SSO43K0308.075478,18:00:15.00,-27:00:59.44,9821.85827,169.53,0.004,25.22,20.0,22.28,2,2.57,
KMT-2022-BLG-2028,SAO43K0705.039968,17:57:55.61,-27:26:25.33,9854.31873,59.55,0.258,20.11,20.0,20.28,2,2.53,
KMT-2022-BLG-2029,BLG11M0201.072558,17:31:35.30,-29:50:49.92,9823.29391,38.54,0.108,22.49,20.0,21.48,3,2.83,
KMT-2022-BLG-2030,BLG11M0803.016846,17:27:40.88,-29:36:53.78,9832.58444,20.38,0.612,20.13,19.06,19.06,1,1.98,
KMT-2022-BLG-2031,BLG22N0806.016122,17:54:40.26,-33:38:26.02,9821.9626,3.98,0.785,19.56,18.76,18.76,1,1.28,
KMT-2022-BLG-2032,BLG41N0808.049375,17:54:23.10,-31:22:32.48,9820.80782,120.97,0.042,22.73,19.85,19.85,1,1.68,
KMT-2022-BLG-2033,BLG03K0106.044358,18:01:34.54,-27:13:23.92,9826.56162,13.72,0.083,20.54,20.0,20.09,1,2.06,
KMT-2022-BLG-2034,BLG03T0201.035760,18:00:58.74,-28:58:56.10,9830.69481,16.45,0.265,19.77,18.64,18.64,1,0.97,
KMT-2022-BLG-2035,BLG11N0302.036858,17:30:39.18,-30:46:44.90,9822.78985,40.05,0.167,22.16,20.0,21.51,2,3.28,
KMT-2022-BLG-2036,BLG14M0808.043074,17:37:04.90,-27:53:25.19,9825.99842,10.27,0.006,20.56,20.0,21.46,2,3.28,
KMT-2022-BLG-2037,BLG16M0103.028644,17:41:12.64,-24:20:02.51,9824.6057,186.57,0.002,22.51,19.43,19.43,1,1.56,
KMT-2022-BLG-2038,BLG31K0405.027724,18:11:23.71,-25:13:25.21,9822.81492,15.31,0.119,21.84,19.72,19.72,1,1.74,
KMT-2022-BLG-2039,BLG41M0407.051279,17:56:51.16,-30:19:11.71,9821.76279,24.78,0.002,22.98,20.0,20.11,1,2.0,MB22476
KMT-2022-BLG-2040,BLG42N0508.029902,17:56:09.55,-29:19:04.30,9825.01546,3.76,0.256,18.97,18.91,18.91,1,1.98,
KMT-2022-BLG-2041,BLG42T0108.001601,17:53:57.02,-29:13:02.50,9843.94589,9.32,0.987,15.22,15.22,15.22,1,1.69,MB22492
KMT-2022-BLG-2042,BLG42T0307.004348,17:52:41.96,-29:23:09.31,9822.41244,0.89,0.651,17.22,16.72,16.72,1,2.44,
KMT-2022-BLG-2043,BLG43T0503.057812,17:58:58.97,-28:48:03.10,9826.42682,9.47,0.039,19.72,19.02,19.02,1,1.03,
KMT-2022-BLG-2044,SAO03K0601.022435,17:58:32.90,-27:49:40.40,9825.43356,17.94,0.132,20.99,19.04,19.04,1,2.66,
KMT-2022-BLG-2045,BLG04T0401.016330,18:01:46.67,-31:00:13.10,9821.76398,42.82,0.08,22.7,18.73,18.73,1,1.37,
KMT-2022-BLG-2046,BLG11T0203.040899,17:26:15.20,-30:41:53.88,9827.15066,13.55,0.48,19.93,20.0,21.88,2,3.59,
KMT-2022-BLG-2047,BLG14T0403.025133,17:34:57.36,-29:39:58.14,9840.06329,28.05,0.139,20.05,20.0,20.14,2,2.89,
KMT-2022-BLG-2048,BLG15N0502.102581,17:38:46.21,-27:39:56.66,9847.69335,43.92,0.195,20.07,20.0,22.28,2,2.8,
KMT-2022-BLG-2049,SSO16N0708.005278,17:38:11.59,-24:48:31.39,9830.03978,51.87,0.379,19.62,18.57,18.57,2,2.27,
KMT-2022-BLG-2050,BLG17N0604.072493,17:46:20.03,-33:53:36.71,9820.14168,63.26,0.241,20.72,20.0,20.46,1,1.54,
KMT-2022-BLG-2051,BLG20T0302.003791,17:44:22.05,-23:23:24.00,9785.60439,127.54,0.941,17.72,17.28,17.28,1,1.74,
KMT-2022-BLG-2052,BLG21M0303.036731,17:57:56.32,-34:59:12.80,9833.38907,12.77,0.242,19.61,19.64,19.64,1,0.6,
KMT-2022-BLG-2053,BLG32T0507.036703,18:08:25.54,-28:08:23.60,9815.73047,7.92,0.919,19.17,19.2,19.2,1,1.15,
KMT-2022-BLG-2054,BLG34M0201.008297,18:08:03.69,-32:03:13.90,9825.51238,3.22,0.352,18.35,18.27,18.27,1,0.5,
KMT-2022-BLG-2055,BLG35M0802.011499,18:04:43.56,-25:32:10.90,9822.08199,39.17,0.002,24.39,19.91,19.91,2,3.1,
KMT-2022-BLG-2056,BLG37N0606.011264,17:46:17.12,-35:43:12.29,9823.35818,12.12,0.1,21.28,18.6,18.6,1,1.17,
KMT-2022-BLG-2057,BLG43K0304.025699,17:59:56.65,-27:31:30.79,9841.46603,22.37,0.116,19.23,18.85,18.85,1,1.85,MB22503
KMT-2022-BLG-2058,SAO02K0806.016819,17:49:58.50,-28:19:24.31,9831.38202,23.1,0.063,21.46,20.0,22.26,2,8.54,
KMT-2022-BLG-2059,BLG02N0404.084041,17:57:18.87,-29:35:46.79,9829.46118,199.97,0.011,23.22,20.0,20.12,1,1.47,
KMT-2022-BLG-2060,BLG03N0602.012158,18:03:33.13,-28:45:31.28,9831.62734,199.92,0.006,22.68,17.7,17.7,1,0.72,MB22493
KMT-2022-BLG-2061,SAO03T0308.082866,18:00:40.88,-28:04:35.18,9827.94115,10.16,0.009,20.17,20.0,20.14,1,1.27,
KMT-2022-BLG-2062,SAO04K0707.023007,17:59:48.31,-29:12:15.19,9827.67033,115.83,0.015,22.87,18.3,18.3,1,1.11,
KMT-2022-BLG-2063,BLG04T0401.006868,18:01:44.13,-30:59:49.49,9851.55414,20.18,0.606,18.23,17.86,17.86,1,1.37,
KMT-2022-BLG-2064,BLG11M0103.084888,17:32:10.73,-29:37:07.14,9823.6567,2.15,0.07,19.78,20.0,22.15,2,2.97,
KMT-2022-BLG-2065,BLG14M0208.002580,17:40:41.99,-27:52:58.66,9848.96301,17.9,0.292,17.71,17.67,17.67,2,3.33,
KMT-2022-BLG-2066,SAO15K0201.032108,17:36:01.37,-26:39:41.18,9836.25956,56.61,0.061,21.44,20.0,20.62,2,2.49,
KMT-2022-BLG-2067,BLG15N0507.035929,17:39:07.57,-27:04:45.48,9822.28964,1.65,0.044,22.01,20.0,20.76,2,2.8,
KMT-2022-BLG-2068,BLG18K0603.031657,17:42:53.50,-26:24:40.61,9826.17249,52.64,0.058,22.91,20.0,20.4,2,2.97,
KMT-2022-BLG-2069,BLG18T0506.038175,17:43:26.96,-27:09:19.66,9824.15811,17.68,0.098,22.53,20.0,21.24,2,3.29,
KMT-2022-BLG-2070,BLG22K0602.078874,17:50:55.87,-32:59:16.80,9826.76123,18.33,0.305,20.72,20.0,20.99,1,1.88,
KMT-2022-BLG-2071,SAO31M0206.014011,18:17:25.69,-25:06:47.48,9828.3201,64.9,0.023,23.42,18.62,18.62,1,1.09,
KMT-2022-BLG-2072,SAO32T0307.015597,18:09:42.73,-28:13:19.31,9836.98056,65.8,0.159,22.05,18.34,18.34,1,0.9,
KMT-2022-BLG-2073,BLG33M0305.011849,18:16:45.77,-29:26:17.27,9874.1005,65.38,0.318,18.57,18.58,18.58,2,0.48,
KMT-2022-BLG-2074,BLG34M0607.031837,18:05:28.71,-31:16:55.09,9833.2257,172.22,0.045,23.23,19.54,19.54,1,1.04,
KMT-2022-BLG-2075,SAO36T0408.000577,18:13:48.99,-23:53:31.78,9842.63237,11.03,0.233,15.81,15.82,15.82,4,1.98,
KMT-2022-BLG-2076,BLG42K0401.038559,17:52:12.27,-29:01:40.55,9824.68855,25.98,0.019,22.37,20.0,20.57,2,2.91,
KMT-2022-BLG-2077,BLG17N0102.020943,17:49:21.52,-34:09:09.40,9840.49087,34.71,0.06,19.91,19.11,19.11,1,1.48,MB22505
KMT-2022-BLG-2078,BLG20M0302.014760,17:49:03.94,-22:18:40.00,9824.41911,52.8,0.197,21.32,19.14,19.14,1,2.06,
KMT-2022-BLG-2079,BLG11N0407.003648,17:30:09.61,-30:08:43.19,9833.54507,48.39,0.887,17.47,17.49,17.49,2,2.09,
KMT-2022-BLG-2080,SSO12N0701.000366,17:28:21.19,-28:49:31.62,9867.80483,199.84,0.069,18.59,15.36,15.36,2,1.9,
KMT-2022-BLG-2081,BLG14T0504.013595,17:33:59.18,-29:32:20.00,9851.06114,111.9,0.808,19.13,19.22,19.22,2,2.65,
KMT-2022-BLG-2082,BLG15N0805.008817,17:37:17.05,-27:17:05.53,9830.9829,199.6,0.069,22.81,19.18,19.18,2,2.91,
KMT-2022-BLG-2083,SSO01K0603.013581,17:51:08.56,-30:47:51.79,9829.06248,122.99,0.002,23.47,18.42,18.42,1,2.51,MB22478
KMT-2022-BLG-2084,BLG01T0107.010006,17:54:02.33,-31:26:01.39,9845.88673,54.14,0.372,20.12,18.15,18.15,1,1.76,
KMT-2022-BLG-2085,SAO02N0105.002496,17:58:59.78,-29:27:20.59,9843.16152,67.73,0.804,17.15,15.78,15.78,1,1.6,
KMT-2022-BLG-2086,SAO03N0108.058138,18:06:24.64,-28:06:27.29,9830.61415,9.25,0.135,19.64,19.54,19.54,1,0.97,MB22482
KMT-2022-BLG-2087,SAO04K0703.002891,18:00:09.42,-29:43:14.99,9815.33973,119.26,0.645,18.64,15.79,15.79,1,1.3,MB22466
KMT-2022-BLG-2088,BLG11N0508.001387,17:29:35.11,-30:06:28.80,9844.76401,110.24,0.952,18.05,16.61,16.61,2,2.26,
KMT-2022-BLG-2089,BLG18K0101.057294,17:45:26.51,-26:34:30.50,9827.35898,82.13,0.02,23.23,20.0,21.32,2,2.96,
KMT-2022-BLG-2090,BLG43T0208.051641,18:00:47.66,-28:10:10.42,9837.80845,26.53,0.057,20.11,19.28,19.28,1,1.31,MB22504
KMT-2022-BLG-2091,BLG01K0705.005825,17:50:29.36,-30:31:11.78,9836.20161,12.15,1.0,18.58,17.1,17.1,1,2.49,
KMT-2022-BLG-2092,BLG01K0804.028349,17:49:41.19,-30:36:25.49,9835.18669,6.26,0.24,19.65,19.62,19.62,1,2.79,
KMT-2022-BLG-2093,BLG01M0402.050331,17:57:26.28,-30:55:26.69,9835.04869,16.39,0.148,21.28,19.42,19.42,1,1.28,
KMT-2022-BLG-2094,BLG01M0505.054411,17:56:34.49,-30:31:51.89,9834.76026,199.8,0.009,22.84,20.0,20.29,1,1.94,MB22497
KMT-2022-BLG-2095,SAO02K0302.041694,17:52:45.06,-28:49:51.64,9832.60894,181.35,0.035,23.18,20.0,20.55,2,2.84,
KMT-2022-BLG-2096,SAO02M0507.023960,17:56:44.64,-28:11:55.28,9831.07053,21.16,0.037,20.02,18.76,18.76,1,2.1,MB22489
KMT-2022-BLG-2097,BLG02M0608.068077,17:56:07.46,-28:03:03.38,9863.03079,69.2,0.214,20.03,20.0,21.59,2,2.73,
KMT-2022-BLG-2098,SAO02N0404.033228,17:57:08.86,-29:38:19.28,9841.10648,199.97,0.035,22.01,18.94,18.94,1,1.6,
KMT-2022-BLG-2099,SAO02T0205.062974,17:53:16.94,-29:32:31.70,9829.27117,23.17,0.132,21.85,19.61,19.61,1,2.02,
KMT-2022-BLG-2100,SAO02T0604.051059,17:51:00.75,-29:42:12.31,9831.89737,57.29,0.007,23.1,20.0,20.02,1,2.96,
KMT-2022-BLG-2101,BLG02T0606.004644,17:51:16.51,-29:22:17.00,9842.13978,121.98,0.031,21.84,17.47,17.47,1,3.57,
KMT-2022-BLG-2102,BLG03K0601.031213,17:58:43.00,-27:48:54.22,9860.77136,69.81,0.243,20.06,19.37,19.37,1,2.29,
KMT-2022-BLG-2103,SAO03M0305.038924,18:05:26.09,-27:19:48.00,9832.97967,8.7,0.053,19.22,18.83,18.83,1,0.82,MB22486
KMT-2022-BLG-2104,SAO03M0605.048086,18:03:26.78,-27:17:44.59,9832.88736,8.54,0.655,19.6,19.74,19.74,1,1.77,
KMT-2022-BLG-2105,SAO03N0107.057049,18:06:27.80,-28:07:09.52,9828.99206,12.06,0.124,20.55,19.5,19.5,1,0.97,
KMT-2022-BLG-2106,SAO03N0701.009946,18:02:58.00,-28:58:11.89,9834.48207,11.82,0.476,19.1,17.52,17.52,1,0.83,
KMT-2022-BLG-2107,BLG04K0304.070941,18:02:06.09,-29:33:38.09,9836.50675,38.31,0.01,21.2,19.99,19.99,1,1.44,MB22502
KMT-2022-BLG-2108,BLG04K0504.052107,18:00:56.17,-29:30:18.79,9842.29468,10.68,0.462,20.01,19.48,19.48,1,1.51,
KMT-2022-BLG-2109,BLG04M0107.001853,18:08:11.01,-29:08:55.39,9841.82568,71.28,0.11,20.62,15.71,15.71,1,0.68,MB22529
KMT-2022-BLG-2110,SAO04N0707.052611,18:04:41.74,-30:18:42.41,9839.10237,31.86,0.38,19.87,19.91,19.91,1,1.19,
KMT-2022-BLG-2111,BLG04T0108.043705,18:03:24.56,-30:10:56.89,9855.22997,192.49,0.503,19.77,19.26,19.26,1,1.03,
KMT-2022-BLG-2112,BLG04T0604.057591,18:00:14.90,-30:38:03.98,9832.65365,112.6,0.026,23.24,20.0,20.0,1,1.49,
KMT-2022-BLG-2113,BLG04T0705.008610,17:59:57.40,-30:29:42.29,9847.26233,20.15,0.306,18.13,17.78,17.78,1,1.33,MB22516
KMT-2022-BLG-2114,BLG14K0107.056993,17:36:31.88,-28:01:52.64,9837.58488,53.09,0.156,21.91,20.0,21.58,2,3.14,
KMT-2022-BLG-2115,SAO14K0604.004713,17:33:45.50,-28:20:50.96,9829.90281,114.84,0.047,22.98,18.02,18.02,2,2.7,
KMT-2022-BLG-2116,BLG14M0104.008405,17:41:19.76,-28:25:32.45,9861.94007,45.53,0.401,20.25,19.21,19.21,4,4.21,
KMT-2022-BLG-2117,BLG14T0204.006819,17:35:52.84,-29:34:05.95,9844.53039,10.54,0.212,18.33,18.3,18.3,2,3.07,
KMT-2022-BLG-2118,BLG14T0304.080108,17:35:14.52,-29:33:42.52,9853.10099,76.73,0.07,21.49,20.0,21.75,2,2.69,
KMT-2022-BLG-2119,BLG14T0706.010311,17:33:03.87,-29:19:34.97,9847.17411,22.51,0.381,19.21,19.23,19.23,2,3.11,
KMT-2022-BLG-2120,BLG15N0304.024957,17:39:55.14,-27:24:30.53,9835.70093,14.71,0.3,19.95,20.0,20.26,2,2.89,
KMT-2022-BLG-2121,BLG15N0503.046873,17:38:49.61,-27:32:10.36,9822.29301,0.5,0.094,20.61,20.0,20.65,2,2.53,
KMT-2022-BLG-2122,BLG15T0402.033692,17:34:37.80,-27:39:05.80,9850.36225,12.53,0.968,19.79,20.0,20.92,2,2.85,
KMT-2022-BLG-2123,BLG16M0501.067038,17:39:15.02,-24:31:00.41,9830.94704,22.81,0.508,20.02,20.0,21.08,2,1.74,
KMT-2022-BLG-2124,SAO18K0307.009879,17:44:44.16,-25:54:32.69,9836.11147,10.67,0.115,19.34,19.4,19.4,2,3.14,
KMT-2022-BLG-2125,BLG19M0705.002829,17:47:01.93,-23:59:47.04,9872.82194,45.96,0.396,18.6,17.2,17.2,2,2.31,
KMT-2022-BLG-2126,BLG19T0208.044064,17:45:03.78,-24:49:18.26,9837.88207,24.82,0.78,19.97,20.0,20.96,2,2.8,
KMT-2022-BLG-2127,SSO20T0404.036671,17:43:58.93,-23:09:24.80,9836.24259,24.6,0.223,20.0,20.0,20.32,2,1.82,
KMT-2022-BLG-2128,BLG22K0801.024879,17:49:57.02,-33:09:31.90,9851.19005,56.7,0.074,20.25,19.51,19.51,1,1.89,
KMT-2022-BLG-2129,BLG22K0806.050676,17:49:42.46,-32:29:36.71,9834.56835,9.68,0.198,20.82,20.0,21.5,2,2.7,
KMT-2022-BLG-2130,BLG22M0301.031553,17:58:00.18,-33:10:27.08,9842.37217,15.72,0.38,19.48,19.47,19.47,1,1.3,
KMT-2022-BLG-2131,BLG22T0108.070503,17:53:47.10,-33:18:42.08,9839.74381,157.79,0.01,22.91,20.0,20.68,1,1.34,MB22519
KMT-2022-BLG-2132,SAO31K0406.016191,18:11:19.78,-25:06:13.72,9834.71133,14.47,0.899,19.6,19.23,19.23,1,1.86,
KMT-2022-BLG-2133,SAO31N0408.007071,18:16:16.42,-25:55:16.79,9857.09856,19.48,0.183,17.82,17.81,17.81,1,0.77,MB22523
KMT-2022-BLG-2134,BLG31T0604.023735,18:10:02.89,-26:25:50.30,9835.37288,8.14,0.302,19.09,18.81,18.81,1,1.08,
KMT-2022-BLG-2135,SAO32T0107.001129,18:10:56.28,-28:07:15.38,9832.17288,3.9,0.993,15.48,15.12,15.12,1,0.56,MB22491
KMT-2022-BLG-2136,BLG32T0408.023482,18:08:51.18,-28:04:43.90,9833.29268,9.86,0.268,18.66,18.65,18.65,1,0.98,MB22490
KMT-2022-BLG-2137,SAO32T0603.073812,18:07:48.06,-28:42:04.72,9831.65603,9.34,0.045,20.79,20.0,20.29,1,1.0,
KMT-2022-BLG-2138,BLG33T0405.007312,18:10:54.73,-30:30:38.92,9826.75031,48.04,1.0,18.48,18.0,18.0,1,0.46,
KMT-2022-BLG-2139,BLG36M0704.005989,18:16:44.85,-23:10:50.81,9835.02061,47.54,0.143,20.83,17.82,17.82,1,1.24,
KMT-2022-BLG-2140,BLG36T0506.003770,18:13:13.55,-24:06:42.62,9861.14267,23.5,0.461,18.23,18.23,18.23,4,2.3,
KMT-2022-BLG-2141,SAO37N0708.009935,17:45:50.99,-35:27:06.08,9846.85353,41.53,0.178,19.39,18.29,18.29,1,1.22,
KMT-2022-BLG-2142,BLG41M0602.028978,17:55:43.28,-30:57:55.91,9836.20684,199.83,0.002,23.56,18.79,18.79,1,1.34,MB22510
KMT-2022-BLG-2143,SAO41N0303.002847,17:57:28.32,-32:01:04.69,9855.7697,39.86,0.361,17.99,16.52,16.52,1,1.53,
KMT-2022-BLG-2144,BLG42M0108.044963,17:58:36.78,-28:11:58.60,9831.9284,6.57,0.406,19.77,19.8,19.8,1,1.97,
KMT-2022-BLG-2145,BLG42M0703.003363,17:55:03.44,-28:46:12.97,9844.06375,10.95,0.755,16.49,16.49,16.49,2,2.07,MB22508
KMT-2022-BLG-2146,SAO42N0703.035381,17:55:10.60,-29:53:57.59,9838.53008,12.74,0.149,18.86,18.66,18.66,1,1.24,MB22501
KMT-2022-BLG-2147,SAO42N0803.046988,17:54:24.54,-29:52:50.81,9864.31996,51.85,0.065,19.02,18.91,18.91,1,1.41,MB22532
KMT-2022-BLG-2148,SAO43M0502.097646,18:03:43.96,-27:51:35.89,9831.34386,9.54,0.424,20.0,20.0,20.42,1,1.08,
KMT-2022-BLG-2149,BLG43N0301.060614,18:05:11.11,-29:00:38.99,9844.17376,21.92,0.013,20.28,19.62,19.62,1,1.04,MB22521
KMT-2022-BLG-2150,SAO43N0604.095656,18:03:26.66,-28:41:12.98,9832.94367,136.69,0.067,21.9,20.0,20.23,1,0.88,
KMT-2022-BLG-2151,BLG43N0606.000779,18:03:01.66,-28:26:38.80,9836.59936,4.86,0.423,16.75,14.54,14.54,1,1.21,MB22507
KMT-2022-BLG-2152,BLG43N0806.048127,18:02:10.94,-28:30:02.09,9840.98025,22.41,0.088,19.84,18.96,18.96,1,1.08,MB22517
KMT-2022-BLG-2153,BLG43N0807.069962,18:01:53.93,-28:19:34.72,9831.67957,54.87,0.097,22.29,19.5,19.5,1,1.21,
KMT-2022-BLG-2154,BLG43T0105.014655,18:01:04.44,-28:34:22.40,9835.94085,26.81,0.047,21.92,17.86,17.86,1,1.02,
KMT-2022-BLG-2155,BLG14M0607.067100,17:38:20.84,-28:00:37.12,9838.02,65.17,0.028,22.83,20.0,21.26,2,2.91,
KMT-2022-BLG-2156,BLG14T0401.034279,17:34:40.01,-29:53:51.43,9874.20457,53.64,0.595,19.74,20.0,20.49,2,2.83,
KMT-2022-BLG-2157,BLG15M0504.015625,17:38:50.20,-26:17:44.99,9847.28843,24.56,0.313,19.98,20.0,20.14,2,2.93,
KMT-2022-BLG-2158,SSO20M0502.012304,17:48:16.14,-22:19:09.01,9847.86844,21.44,0.266,19.27,18.77,18.77,1,1.75,
KMT-2022-BLG-2159,BLG36N0206.025908,18:19:24.09,-24:07:44.90,9822.70505,51.58,0.69,19.17,19.18,19.18,1,0.75,
KMT-2022-BLG-2160,BLG02M0104.054608,17:58:50.40,-28:30:00.22,9854.77692,49.49,0.449,19.87,19.31,19.31,1,1.55,
KMT-2022-BLG-2161,SAO02M0801.017876,17:55:03.68,-28:55:39.90,9838.39735,24.01,0.069,21.25,18.49,18.49,2,1.88,
KMT-2022-BLG-2162,SSO02N0804.060947,17:54:58.27,-29:37:04.80,9836.32651,102.47,0.002,23.5,19.21,19.21,1,1.31,
KMT-2022-BLG-2163,BLG04T0101.010536,18:03:28.93,-31:05:12.08,9840.20689,22.41,0.164,21.24,18.63,18.63,1,1.41,
KMT-2022-BLG-2164,BLG14K0507.058942,17:34:21.08,-28:02:11.69,9838.30112,22.6,0.058,21.4,20.0,21.07,2,2.64,
KMT-2022-BLG-2165,BLG17T0307.104295,17:43:08.42,-33:25:45.62,9838.21153,23.13,0.095,21.66,20.0,25.0,3,2.97,
KMT-2022-BLG-2166,BLG18M0702.007182,17:46:55.35,-26:32:50.17,9862.42528,48.81,0.999,19.57,19.55,19.55,2,4.51,
KMT-2022-BLG-2167,BLG22K0504.029673,17:51:28.61,-32:41:40.99,9838.20858,17.12,0.474,19.85,19.44,19.44,1,1.87,
KMT-2022-BLG-2168,BLG34K0401.004010,18:01:29.23,-32:06:10.30,9846.57037,15.0,0.226,17.77,17.26,17.26,1,1.14,
KMT-2022-BLG-2169,BLG41K0407.017162,17:51:51.93,-30:21:16.70,9842.52354,8.77,0.999,18.72,18.73,18.73,1,2.19,
KMT-2022-BLG-2170,SAO41N0807.068288,17:54:34.11,-31:27:42.98,9837.76277,4.16,0.151,21.12,20.0,20.12,1,1.53,
KMT-2022-BLG-2171,SAO42K0204.007212,17:52:53.30,-28:37:59.99,9844.27903,10.06,0.999,18.05,17.86,17.86,4,3.07,
KMT-2022-BLG-2172,BLG42N0402.014485,17:56:39.59,-30:03:58.79,9837.81262,8.76,0.241,20.29,18.12,18.12,1,1.41,
KMT-2022-BLG-2173,SAO43K0703.073553,17:57:42.50,-27:41:10.43,9836.63279,106.8,0.026,23.97,20.0,21.44,2,3.07,
KMT-2022-BLG-2174,SAO43N0702.012236,18:02:40.49,-28:59:11.40,9839.66261,16.39,0.241,19.67,17.74,17.74,1,0.87,
KMT-2022-BLG-2175,BLG43N0808.026645,18:02:23.35,-28:11:52.12,9839.49107,5.9,0.029,18.67,18.52,18.52,1,1.01,MB22512
KMT-2022-BLG-2176,SAO43T0402.051174,17:59:35.18,-28:59:53.09,9838.30745,178.66,0.011,23.87,18.95,18.95,1,1.07,
KMT-2022-BLG-2177,SAO01K0608.044542,17:51:08.12,-30:07:59.41,9839.58253,6.77,0.021,21.18,19.72,19.72,1,2.49,
KMT-2022-BLG-2178,BLG01N0107.027029,17:59:02.95,-31:20:12.01,9848.57894,13.58,0.264,19.15,19.23,19.23,1,1.52,
KMT-2022-BLG-2179,SAO02N0802.006156,17:55:03.91,-29:57:38.70,9842.77576,5.94,0.999,17.17,16.32,16.32,1,1.27,
KMT-2022-BLG-2180,SAO03M0607.074879,18:03:29.64,-27:04:47.71,9838.98561,23.78,0.038,22.87,20.0,20.56,1,1.9,
KMT-2022-BLG-2181,BLG04N0304.020431,18:07:02.35,-30:40:32.70,9843.74851,11.7,0.903,19.85,19.08,19.08,1,0.97,
KMT-2022-BLG-2182,SAO04T0604.019489,18:00:39.41,-30:39:58.10,9865.49006,37.22,0.932,18.98,18.87,18.87,1,1.25,
KMT-2022-BLG-2183,SAO14M0802.090095,17:37:26.40,-28:42:08.32,9838.91871,95.75,0.047,23.18,20.0,25.0,3,3.11,
KMT-2022-BLG-2184,SAO14T0806.064785,17:32:13.80,-29:18:42.59,9834.19651,21.68,0.194,21.51,20.0,21.33,2,2.41,
KMT-2022-BLG-2185,SAO15K0605.002560,17:33:25.48,-26:08:12.08,9845.91537,29.58,1.0,19.83,18.95,18.95,2,4.05,
KMT-2022-BLG-2186,BLG15N0502.013947,17:38:46.80,-27:40:23.41,9840.45192,99.81,0.023,23.21,19.53,19.53,2,2.78,
KMT-2022-BLG-2187,SAO18K0304.027160,17:44:40.54,-26:17:25.84,9840.13529,13.6,0.042,21.34,20.0,20.33,2,3.08,
KMT-2022-BLG-2188,SAO18K0801.086197,17:41:41.97,-26:36:25.85,9843.29648,96.37,0.016,23.13,20.0,22.85,2,3.62,
KMT-2022-BLG-2189,SAO18M0808.051382,17:46:36.36,-25:46:11.17,9840.10818,194.45,0.017,23.63,20.0,20.91,2,2.77,
KMT-2022-BLG-2190,SAO19K0806.046614,17:42:01.05,-23:53:26.09,9839.6196,12.45,0.292,20.16,20.0,20.91,2,2.11,
KMT-2022-BLG-2191,BLG21N0405.016916,17:57:16.92,-35:51:40.00,9843.45691,7.53,0.409,19.52,19.52,19.52,2,0.75,
KMT-2022-BLG-2192,BLG22T0402.073551,17:52:20.09,-34:08:24.40,9841.19427,10.95,0.038,20.99,20.0,20.77,1,1.37,
KMT-2022-BLG-2193,BLG31T0202.022940,18:12:48.36,-26:45:24.52,9848.41971,41.08,0.148,20.43,18.72,18.72,1,0.77,
KMT-2022-BLG-2194,BLG32N0605.026293,18:12:57.75,-28:29:42.50,9841.88205,11.13,0.331,18.62,18.73,18.73,1,0.42,MB22518
KMT-2022-BLG-2195,BLG34M0707.055283,18:04:59.88,-31:19:59.09,9856.40479,89.01,0.019,20.66,20.0,20.51,1,1.2,MB22535
KMT-2022-BLG-2196,SAO35K0101.046000,18:03:49.61,-25:46:29.96,9840.10855,27.56,0.002,21.8,20.0,22.6,3,4.03,
KMT-2022-BLG-2197,SAO37K0506.003752,17:41:21.20,-34:39:01.26,9854.23386,34.41,0.503,18.48,17.41,17.41,2,2.14,
KMT-2022-BLG-2198,BLG41M0701.041688,17:55:04.24,-31:11:11.62,9853.75036,22.09,0.234,19.48,19.33,19.33,1,1.66,
KMT-2022-BLG-2199,SAO41M0704.008439,17:55:12.61,-30:41:31.49,9840.05492,19.06,0.129,19.65,17.78,17.78,1,1.73,MB22515
KMT-2022-BLG-2200,BLG42N0608.003098,17:55:35.31,-29:15:59.00,9853.29495,7.15,0.565,15.89,15.89,15.89,1,1.83,MB22528
KMT-2022-BLG-2201,SAO43K0603.068913,17:58:31.41,-27:39:39.49,9832.32081,11.5,0.532,20.0,19.96,19.96,1,1.76,
KMT-2022-BLG-2202,SAO43N0602.030890,18:03:20.42,-28:54:20.02,9838.54227,25.09,0.016,22.83,18.53,18.53,1,0.69,
KMT-2022-BLG-2203,SAO04M0607.018116,18:05:28.41,-29:12:33.70,9837.64753,56.07,0.976,18.88,18.41,18.41,1,1.0,
KMT-2022-BLG-2204,SSO20T0606.066693,17:42:41.37,-22:50:47.94,9854.69304,46.66,0.094,20.72,20.0,21.5,2,1.75,
KMT-2022-BLG-2205,BLG02M0804.015679,17:54:42.68,-28:29:26.45,9871.44293,97.45,0.119,21.58,18.77,18.77,2,2.45,
KMT-2022-BLG-2206,BLG03N0102.031413,18:06:35.22,-28:48:32.40,9844.83316,7.8,0.519,18.85,18.87,18.87,1,0.81,
KMT-2022-BLG-2207,BLG11N0503.007200,17:29:49.74,-30:45:45.83,9863.31027,41.17,0.279,19.91,19.87,19.87,2,4.79,
KMT-2022-BLG-2208,BLG15N0101.028117,17:41:09.51,-27:49:26.26,9818.88746,55.88,0.26,20.48,20.0,20.49,2,2.96,
KMT-2022-BLG-2209,SAO21K0107.021444,17:53:43.82,-34:29:29.40,9841.23696,13.58,0.072,19.37,18.77,18.77,1,0.81,MB22513
KMT-2022-BLG-2210,BLG32T0505.000545,18:08:49.05,-28:29:39.80,9853.5108,7.98,0.085,14.66,14.67,14.67,1,0.97,MB22520
KMT-2022-BLG-2211,SSO42T0802.010540,17:49:41.62,-30:02:52.01,9842.41345,14.71,0.078,21.89,19.33,19.33,1,4.33,
KMT-2022-BLG-2212,SAO01K0106.048515,17:54:02.54,-30:22:47.89,9845.59462,14.98,0.281,20.22,19.35,19.35,1,1.57,
KMT-2022-BLG-2213,BLG04M0206.010878,18:07:44.51,-29:14:33.00,9850.2859,49.52,0.273,20.23,18.25,18.25,1,1.01,
KMT-2022-BLG-2214,BLG35M0601.057548,18:06:01.43,-25:41:31.27,9844.14042,39.94,0.293,20.96,20.0,21.2,2,1.88,
KMT-2022-BLG-2215,BLG01M0104.051812,17:58:52.25,-30:39:40.79,9845.57873,26.02,0.183,21.42,20.0,20.05,1,1.51,
KMT-2022-BLG-2216,BLG01M0404.063847,17:57:04.98,-30:36:29.81,9848.22731,11.32,0.034,19.89,20.0,20.34,1,1.75,MB22534
KMT-2022-BLG-2217,SAO03K0708.060978,17:58:07.30,-26:57:52.20,9843.88711,122.58,0.032,23.77,20.0,22.41,2,3.71,
KMT-2022-BLG-2218,BLG03N0808.068688,18:02:32.82,-28:06:30.71,9843.29086,39.67,0.078,22.67,19.59,19.59,1,1.0,
KMT-2022-BLG-2219,BLG04K0606.020300,18:00:35.26,-29:21:19.19,9844.03649,59.17,0.015,23.47,18.46,18.46,1,1.41,
KMT-2022-BLG-2220,SAO21M0506.017716,17:56:51.56,-34:37:55.81,9851.26316,19.59,0.135,19.84,18.71,18.71,1,0.73,MB22536
KMT-2022-BLG-2221,BLG37N0207.035510,17:48:44.31,-35:35:07.01,9864.45001,46.21,0.165,20.79,19.55,19.55,1,1.01,
KMT-2022-BLG-2222,BLG37N0405.023903,17:47:22.44,-35:50:07.40,9844.10836,36.07,0.034,21.51,19.26,19.26,1,1.11,
KMT-2022-BLG-2223,SAO43N0807.097705,18:02:12.03,-28:18:14.62,9848.55867,32.34,0.023,20.59,20.0,20.47,1,0.94,
KMT-2022-BLG-2224,BLG01M0403.061213,17:57:16.05,-30:46:18.41,9846.13565,4.04,0.751,19.91,19.8,19.8,1,1.44,
KMT-2022-BLG-2225,BLG02T0502.080128,17:51:43.85,-29:51:05.69,9845.36033,9.13,0.367,20.09,20.0,20.63,1,2.49,
KMT-2022-BLG-2226,BLG04N0305.042799,18:07:10.21,-30:30:46.51,9858.53719,26.85,0.075,20.36,19.93,19.93,1,0.95,MB22547
KMT-2022-BLG-2227,BLG12N0506.003345,17:29:31.51,-28:12:39.85,9858.24506,16.76,0.526,17.61,17.64,17.64,2,2.18,
KMT-2022-BLG-2228,SSO13M0701.027272,17:35:56.85,-34:15:40.90,9849.50796,75.82,0.053,22.75,20.0,21.12,2,3.55,
KMT-2022-BLG-2229,SSO13M0802.004049,17:35:27.17,-34:04:40.30,9853.95502,19.16,0.204,19.06,18.66,18.66,2,3.86,
KMT-2022-BLG-2230,SSO14K0408.005660,17:34:54.88,-27:57:27.72,9846.78005,3.45,0.297,18.52,18.5,18.5,2,2.88,
KMT-2022-BLG-2231,BLG14M0607.108571,17:38:20.03,-28:02:42.65,9847.50733,52.34,0.017,22.88,20.0,25.0,3,3.06,
KMT-2022-BLG-2232,BLG15N0407.058263,17:39:15.54,-27:02:18.31,9843.78902,18.47,0.095,22.22,20.0,21.19,2,2.81,
KMT-2022-BLG-2233,BLG15N0601.002424,17:38:32.49,-27:43:52.61,9846.00128,10.33,0.266,20.48,17.23,17.23,2,2.7,
KMT-2022-BLG-2234,BLG15T0101.000332,17:36:14.92,-27:48:02.45,9858.2662,10.33,0.926,16.09,16.11,16.11,2,3.22,MB22540
KMT-2022-BLG-2235,BLG15T0303.015738,17:35:02.99,-27:31:15.38,9861.03933,25.49,0.302,19.75,19.76,19.76,2,2.45,
KMT-2022-BLG-2236,BLG17K0508.011855,17:42:01.23,-32:12:25.52,9857.88561,27.28,0.061,20.64,20.0,20.86,2,5.32,
KMT-2022-BLG-2237,BLG17N0606.011240,17:46:11.05,-33:37:40.80,9845.86213,6.32,0.145,18.66,18.65,18.65,1,1.72,
KMT-2022-BLG-2238,SSO20T0205.042822,17:45:15.27,-23:00:54.90,9853.99356,29.16,0.356,20.01,20.0,20.35,1,1.64,
KMT-2022-BLG-2239,BLG21M0608.038901,17:55:56.32,-34:22:13.40,9852.08613,25.32,0.101,20.49,19.48,19.48,1,0.8,
KMT-2022-BLG-2240,BLG22N0304.015668,17:57:59.49,-33:49:47.32,9848.61095,22.48,0.473,20.23,18.49,18.49,1,0.71,
KMT-2022-BLG-2241,SAO22T0603.041878,17:51:02.59,-34:01:10.16,9856.61878,31.13,0.099,20.26,20.0,20.17,2,1.62,MB22541
KMT-2022-BLG-2242,BLG34M0507.014113,18:06:09.52,-31:18:01.58,9849.36218,20.8,0.007,20.48,18.64,18.64,1,0.95,
KMT-2022-BLG-2243,BLG35K0402.016057,18:02:25.94,-25:34:08.33,9870.49484,43.08,0.399,20.08,20.0,21.56,2,5.24,
KMT-2022-BLG-2244,BLG37M0105.018824,17:49:06.55,-34:43:18.30,9850.85588,6.81,0.692,18.67,18.66,18.66,1,0.95,
KMT-2022-BLG-2245,BLG38K0305.006392,17:53:35.37,-21:55:36.91,9867.86203,57.97,0.263,19.76,18.22,18.22,4,2.09,
KMT-2022-BLG-2246,BLG41M0407.010196,17:56:52.11,-30:25:54.98,9851.47658,17.45,0.006,18.46,18.36,18.36,1,2.26,
KMT-2022-BLG-2247,SAO42N0601.047399,17:55:53.41,-30:08:13.20,9845.06268,199.31,0.032,23.42,19.43,19.43,1,1.64,
KMT-2022-BLG-2248,SAO43K0404.042831,17:59:29.68,-27:37:10.99,9846.36887,33.63,0.008,23.81,19.42,19.42,1,1.99,
KMT-2022-BLG-2249,SAO43T0808.004277,17:57:04.95,-28:11:11.11,9854.52639,71.82,0.102,21.58,16.39,16.39,1,2.0,
KMT-2022-BLG-2250,BLG01T0508.009363,17:51:46.73,-31:13:09.52,9859.97787,21.16,0.207,19.82,18.99,18.99,1,2.57,
KMT-2022-BLG-2251,BLG02K0605.026720,17:51:05.22,-28:25:19.16,9851.40948,78.79,0.229,22.12,20.0,20.62,2,3.89,
KMT-2022-BLG-2252,SAO02M0407.086825,17:56:55.02,-28:11:16.01,9853.66595,199.83,0.032,23.1,20.0,20.54,1,1.95,
KMT-2022-BLG-2253,BLG02M0801.033727,17:54:53.94,-28:54:25.31,9852.39062,11.58,0.007,20.09,19.2,19.2,2,1.93,
KMT-2022-BLG-2254,BLG02T0206.010491,17:53:15.38,-29:25:14.09,9877.11149,76.1,0.177,20.22,17.33,17.33,1,2.37,
KMT-2022-BLG-2255,BLG02T0402.079111,17:52:01.44,-29:52:12.00,9848.12891,84.77,0.004,24.36,20.0,20.29,1,2.5,
KMT-2022-BLG-2256,SAO04M0505.042182,18:05:47.72,-29:21:54.61,9847.39372,18.1,0.125,21.22,19.38,19.38,1,1.02,
KMT-2022-BLG-2257,BLG15K0702.032750,17:33:07.15,-26:34:33.56,9845.94973,33.25,0.198,22.48,20.0,21.44,2,2.98,
KMT-2022-BLG-2258,BLG15N0803.066697,17:37:02.07,-27:34:28.78,9848.76544,6.09,0.277,20.37,20.0,22.02,2,3.34,
KMT-2022-BLG-2259,BLG15T0303.005252,17:35:20.24,-27:32:59.68,9863.81304,54.05,0.931,18.02,18.12,18.12,2,2.4,
KMT-2022-BLG-2260,SSO17T0703.080870,17:40:34.18,-34:00:25.09,9847.67014,60.23,0.016,22.92,20.0,21.81,2,2.41,
KMT-2022-BLG-2261,BLG18T0205.022378,17:44:55.74,-27:16:12.11,9848.94708,71.1,0.912,20.3,20.0,21.16,2,4.56,
KMT-2022-BLG-2262,BLG19T0403.007856,17:43:52.78,-25:28:13.91,9874.03055,29.01,0.204,19.35,19.35,19.35,2,3.15,
KMT-2022-BLG-2263,SAO36T0602.007738,18:12:41.66,-24:37:51.28,9847.13272,15.4,1.0,19.27,19.26,19.26,4,2.36,
KMT-2022-BLG-2264,SAO41K0207.049419,17:52:57.28,-30:25:47.50,9847.53482,6.23,0.667,19.63,19.65,19.65,1,2.0,
KMT-2022-BLG-2265,SSO43T0201.079351,18:00:34.80,-29:02:27.82,9849.54905,199.49,0.006,24.28,19.7,19.7,1,0.92,
KMT-2022-BLG-2266,BLG02M0802.094264,17:54:48.70,-28:47:24.68,9861.55602,33.59,0.047,19.96,20.0,25.0,3,2.03,MB22545
KMT-2022-BLG-2267,BLG02T0203.101699,17:53:14.61,-29:49:37.20,9851.13133,9.36,0.159,20.32,20.0,20.23,1,1.61,
KMT-2022-BLG-2268,BLG03T0307.027436,18:00:35.93,-28:11:33.40,9853.85686,188.62,0.012,23.06,18.64,18.64,1,1.36,
KMT-2022-BLG-2269,SSO15M0301.010302,17:40:21.65,-26:39:39.74,9875.86505,49.91,0.191,20.07,19.33,19.33,2,2.85,
KMT-2022-BLG-2270,BLG17M0201.054928,17:48:43.15,-33:06:22.50,9849.63855,17.84,0.071,21.3,20.0,20.34,1,2.08,
KMT-2022-BLG-2271,SAO42K0305.021895,17:52:32.95,-28:34:11.42,9857.21579,44.93,0.103,20.43,19.93,19.93,2,3.64,
KMT-2022-BLG-2272,SAO43N0704.047069,18:02:43.82,-28:41:23.10,9854.3102,20.52,0.067,20.58,19.02,19.02,1,1.0,
KMT-2022-BLG-2273,BLG11N0408.082881,17:30:23.72,-30:00:58.54,9848.25545,157.11,0.062,23.2,20.0,21.73,2,2.5,
KMT-2022-BLG-2274,BLG12N0301.102836,17:30:42.22,-28:51:58.61,9847.5692,16.56,0.096,21.39,20.0,25.0,3,2.77,
KMT-2022-BLG-2275,BLG13K0702.003067,17:30:53.82,-34:08:28.32,9861.12919,64.41,0.401,19.82,19.93,19.93,2,8.88,
KMT-2022-BLG-2276,BLG22N0506.044707,17:56:27.48,-33:34:09.19,9850.5043,13.12,0.357,19.69,19.68,19.68,1,1.16,
KMT-2022-BLG-2277,SAO01T0104.033800,17:54:09.37,-31:48:05.90,9853.17675,9.09,0.184,19.71,19.46,19.46,1,1.85,
KMT-2022-BLG-2278,SAO02T0305.043075,17:53:00.01,-29:27:36.29,9853.05043,199.67,0.028,22.85,19.37,19.37,1,2.22,
KMT-2022-BLG-2279,BLG02T0408.005600,17:52:21.64,-29:10:04.40,9854.44167,29.09,0.049,21.75,17.22,17.22,1,2.66,
KMT-2022-BLG-2280,BLG03M0308.012563,18:05:08.02,-26:59:21.41,9867.08766,53.88,0.657,19.24,17.98,17.98,1,1.14,
KMT-2022-BLG-2281,BLG15T0705.006691,17:33:01.65,-27:19:37.60,9856.32568,11.38,0.8,19.21,19.16,19.16,2,2.68,
KMT-2022-BLG-2282,BLG19N0504.000984,17:48:13.69,-25:18:18.04,9858.33536,5.71,0.227,17.72,17.64,17.64,2,4.11,
KMT-2022-BLG-2283,BLG34N0108.002543,18:08:44.23,-32:16:39.50,9870.44767,55.41,0.577,19.02,17.23,17.23,1,0.72,
KMT-2022-BLG-2284,SAO42K0503.003810,17:51:20.80,-28:50:02.83,9853.72386,9.99,0.696,18.59,17.91,17.91,2,4.37,
KMT-2022-BLG-2285,SAO02K0308.005252,17:52:45.33,-28:00:33.41,9867.79721,46.13,0.093,20.14,18.84,18.84,2,4.81,
KMT-2022-BLG-2286,BLG02M0501.064968,17:56:39.66,-28:51:17.71,9854.26828,199.53,0.011,23.71,19.9,19.9,1,2.1,
KMT-2022-BLG-2287,SAO02M0505.011640,17:56:28.89,-28:21:53.60,9862.64214,69.49,0.105,21.25,17.83,17.83,1,2.16,
KMT-2022-BLG-2288,BLG02N0602.011951,17:55:50.67,-29:50:27.10,9873.09825,185.59,0.073,20.29,17.95,17.95,1,1.48,
KMT-2022-BLG-2289,BLG03T0401.009889,17:59:54.27,-28:58:53.69,9853.7623,31.37,0.019,22.33,17.32,17.32,1,0.94,
KMT-2022-BLG-2290,BLG04M0601.080587,18:05:35.81,-29:56:51.97,9858.69212,54.04,0.186,21.63,20.0,21.33,2,1.05,
KMT-2022-BLG-2291,BLG11M0606.051986,17:29:05.55,-29:14:01.39,9850.39611,29.73,0.11,21.52,20.0,20.49,1,2.25,
KMT-2022-BLG-2292,BLG12M0302.019752,17:30:48.18,-27:35:05.64,9859.69538,199.75,0.114,20.42,20.0,20.13,2,2.34,
KMT-2022-BLG-2293,BLG14T0208.049292,17:35:35.25,-29:03:30.35,9853.14054,10.86,0.131,20.41,20.0,21.18,2,2.98,
KMT-2022-BLG-2294,BLG15M0203.011613,17:40:35.68,-26:26:59.78,9856.0128,6.88,0.153,20.08,19.57,19.57,2,2.85,
KMT-2022-BLG-2295,SSO15T0505.021227,17:33:55.08,-27:13:38.86,9853.67483,9.81,0.046,20.99,20.0,20.33,2,2.99,MB22539
KMT-2022-BLG-2296,BLG17K0501.028802,17:41:37.39,-33:06:03.56,9852.22083,8.07,0.337,20.17,20.0,21.36,2,3.86,
KMT-2022-BLG-2297,BLG19M0407.045495,17:48:26.46,-23:49:17.18,9864.18322,40.18,0.073,21.01,20.0,20.44,2,2.11,
KMT-2022-BLG-2298,BLG31T0303.063919,18:12:02.13,-26:36:23.90,9857.62388,26.83,0.01,21.14,20.0,20.19,1,1.0,
KMT-2022-BLG-2299,BLG32T0105.012480,18:10:35.77,-28:29:09.89,9852.26843,10.73,0.655,18.15,18.22,18.22,1,0.75,
KMT-2022-BLG-2300,BLG34K0401.037736,18:01:46.05,-32:00:07.81,9855.36631,12.67,0.944,19.66,19.55,19.55,1,1.12,
KMT-2022-BLG-2301,BLG36N0202.035715,18:19:32.69,-24:34:32.20,9851.34494,10.66,0.631,19.97,20.0,20.04,1,0.97,
KMT-2022-BLG-2302,BLG41M0306.025635,17:57:35.44,-30:28:22.01,9855.97365,6.65,0.008,20.11,19.58,19.58,1,2.14,
KMT-2022-BLG-2303,BLG41N0606.008301,17:55:32.61,-31:40:44.18,9854.17376,44.54,0.007,23.81,17.69,17.69,1,1.35,
KMT-2022-BLG-2304,SAO42T0707.011664,17:50:07.17,-29:21:54.50,9872.96566,61.11,0.057,20.57,18.59,18.59,1,4.26,
KMT-2022-BLG-2305,SAO43T0302.003770,18:00:23.87,-28:55:24.49,9873.12456,9.87,0.419,15.84,15.74,15.74,1,0.95,MB22549
KMT-2022-BLG-2306,BLG22K0105.019373,17:54:11.34,-32:37:40.01,9853.71852,14.92,0.358,20.81,18.77,18.77,1,1.25,
KMT-2022-BLG-2307,SAO35N0602.002117,18:05:55.49,-26:39:14.62,9863.92154,6.27,0.285,15.91,15.94,15.94,1,1.62,MB22543
KMT-2022-BLG-2308,SAO43K0102.070593,18:01:20.21,-27:50:13.60,9857.74073,28.03,0.501,20.49,19.64,19.64,1,1.3,
KMT-2022-BLG-2309,BLG01K0304.067071,17:52:45.15,-30:34:49.40,9638.72691,25.92,0.048,22.74,20.0,20.29,1,2.61,
KMT-2022-BLG-2310,BLG01K0308.016863,17:52:50.79,-30:05:58.49,9691.37634,7.24,0.995,18.75,18.18,18.18,1,1.59,
KMT-2022-BLG-2311,BLG01K0402.047966,17:52:19.02,-30:51:33.80,9860.35884,4.9,0.131,20.91,19.82,19.82,1,2.1,
KMT-2022-BLG-2312,BLG01K0405.002891,17:52:27.01,-30:28:09.98,9882.7383,43.43,0.858,17.4,16.49,16.49,1,2.82,
KMT-2022-BLG-2313,BLG01K0405.031587,17:52:17.80,-30:30:06.80,9692.80458,7.06,0.991,19.85,19.5,19.5,1,2.34,
KMT-2022-BLG-2314,SAO01K0603.058654,17:50:57.02,-30:45:18.40,9698.32867,14.5,0.876,19.86,20.0,20.24,1,2.45,
KMT-2022-BLG-2315,SAO01K0608.006468,17:50:52.43,-30:11:04.09,9662.41739,199.95,0.043,22.49,17.07,17.07,1,2.45,
KMT-2022-BLG-2316,BLG01K0702.041509,17:50:34.92,-30:51:27.29,9674.86287,4.8,0.055,23.24,20.0,20.3,1,2.98,
KMT-2022-BLG-2317,BLG01M0104.039430,17:59:05.01,-30:37:44.11,9851.68316,83.93,0.002,24.2,19.72,19.72,1,1.66,
KMT-2022-BLG-2318,BLG01M0302.006014,17:57:49.91,-30:55:49.51,9649.93876,63.35,0.26,21.09,17.19,17.19,1,1.56,
KMT-2022-BLG-2319,SAO01M0603.013752,17:55:46.85,-30:46:52.10,9859.83264,6.4,0.383,18.13,18.15,18.15,1,1.32,MB22548
KMT-2022-BLG-2320,BLG01M0603.090047,17:56:03.15,-30:46:25.10,9869.35482,21.64,0.173,20.53,20.0,20.35,1,1.5,
KMT-2022-BLG-2321,BLG01M0806.006409,17:54:49.86,-30:21:01.08,9874.63433,18.28,0.941,17.92,17.94,17.94,2,2.68,
KMT-2022-BLG-2322,BLG01N0101.003474,17:58:51.15,-32:03:43.70,9873.39327,13.84,0.484,18.42,17.21,17.21,1,1.62,
KMT-2022-BLG-2323,BLG01N0202.052621,17:58:36.59,-32:02:11.51,9818.44149,17.64,0.711,20.03,20.0,20.23,1,1.54,
KMT-2022-BLG-2324,BLG01N0601.014977,17:56:18.53,-32:08:36.82,9648.39967,199.01,0.033,23.51,18.66,18.66,1,1.4,
KMT-2022-BLG-2325,BLG01N0601.062863,17:56:08.37,-32:09:46.58,9629.66211,59.1,0.034,21.68,20.0,20.13,1,1.32,MB22015
KMT-2022-BLG-2326,BLG01N0808.080070,17:54:37.69,-31:17:57.84,9695.14589,10.15,0.893,19.96,20.0,21.72,2,1.91,
KMT-2022-BLG-2327,BLG01T0202.005048,17:53:11.18,-32:03:41.90,9634.34627,44.6,0.378,17.27,17.04,17.04,1,1.95,MB22042
KMT-2022-BLG-2328,BLG01T0202.024844,17:53:20.23,-32:01:50.02,9643.5098,42.88,0.269,19.24,19.26,19.26,1,1.92,
KMT-2022-BLG-2329,SAO01T0203.058738,17:53:29.49,-31:52:43.72,9870.52906,5.75,0.064,20.19,20.0,20.02,1,1.73,
KMT-2022-BLG-2330,BLG01T0406.015546,17:51:57.67,-31:26:53.48,9800.50291,5.12,0.535,19.31,19.32,19.32,1,3.05,
KMT-2022-BLG-2331,BLG01T0602.002790,17:50:53.07,-32:00:47.09,9640.87024,8.36,0.999,18.38,17.71,17.71,2,2.94,
KMT-2022-BLG-2332,BLG02K0106.013496,17:53:48.51,-28:15:51.80,9875.88344,15.24,0.326,18.84,18.94,18.94,2,2.92,
KMT-2022-BLG-2333,SAO02K0204.003854,17:53:28.62,-28:28:03.36,9867.85595,7.34,0.999,28.75,16.99,16.99,4,2.43,
KMT-2022-BLG-2334,BLG02K0303.008014,17:52:52.90,-28:39:04.68,9634.75868,11.28,0.809,18.09,18.11,18.11,2,2.98,
KMT-2022-BLG-2335,SSO02K0304.014720,17:52:37.94,-28:27:59.90,9680.70915,4.98,0.66,19.11,19.06,19.06,4,2.88,
KMT-2022-BLG-2336,BLG02K0304.024640,17:52:34.73,-28:34:07.25,9651.1657,199.92,0.008,24.02,20.0,20.01,2,3.24,
KMT-2022-BLG-2337,SAO02K0502.037613,17:51:47.81,-28:48:41.04,9692.72193,44.29,0.74,20.12,20.0,21.2,2,3.66,
KMT-2022-BLG-2338,SAO02K0606.003624,17:51:02.64,-28:14:56.29,9633.76943,16.72,0.742,18.04,18.22,18.22,2,5.3,
KMT-2022-BLG-2339,BLG02M0101.052151,17:58:55.47,-28:51:47.09,9861.51099,10.29,0.714,18.81,18.94,18.94,1,1.13,
KMT-2022-BLG-2340,BLG02M0203.015069,17:58:09.95,-28:40:31.40,9666.49417,40.71,1.0,18.76,18.08,18.08,1,1.43,
KMT-2022-BLG-2341,BLG02M0205.018434,17:58:12.70,-28:23:25.30,9876.31358,44.73,0.297,18.89,18.35,18.35,1,1.6,
KMT-2022-BLG-2342,BLG02M0206.003435,17:58:04.53,-28:17:16.30,9679.90573,48.68,0.951,16.08,16.19,16.19,1,1.77,MB22038
KMT-2022-BLG-2343,BLG02M0303.003777,17:57:39.64,-28:38:12.59,9820.23166,49.53,1.0,18.45,16.16,16.16,1,1.81,
KMT-2022-BLG-2344,BLG02M0306.033224,17:57:43.02,-28:17:08.81,9863.63974,199.95,0.005,24.54,18.86,18.86,1,1.55,
KMT-2022-BLG-2345,BLG02M0306.070594,17:57:31.58,-28:15:15.52,9881.72799,67.54,0.031,20.6,19.7,19.7,1,1.74,
KMT-2022-BLG-2346,SAO02M0306.090230,17:57:33.45,-28:16:19.09,9727.33273,0.5,0.344,20.03,20.0,20.23,1,1.67,
KMT-2022-BLG-2347,BLG02M0407.011075,17:57:17.63,-28:10:08.18,9646.35289,199.99,0.003,24.62,17.76,17.76,1,1.96,
KMT-2022-BLG-2348,SAO02M0601.088615,17:55:57.91,-28:52:03.50,9715.87093,2.95,0.746,19.59,20.0,20.28,1,1.74,
KMT-2022-BLG-2349,BLG02M0605.006220,17:56:04.34,-28:23:37.82,9883.66324,46.08,0.142,18.07,17.82,17.82,2,2.86,MB22566
KMT-2022-BLG-2350,SAO02M0607.004985,17:55:54.28,-28:10:08.22,9778.31744,1.11,0.284,18.34,17.61,17.61,2,2.8,
KMT-2022-BLG-2351,SAO02M0608.043412,17:55:43.47,-28:02:44.38,9696.89526,10.64,0.014,21.26,20.0,20.76,3,3.51,
KMT-2022-BLG-2352,SAO02M0701.008471,17:55:21.12,-28:55:07.82,9631.44681,54.55,0.033,21.29,17.43,17.43,2,2.03,MB22035
KMT-2022-BLG-2353,BLG02M0703.018300,17:55:21.43,-28:41:23.10,9631.91962,197.01,0.009,22.91,19.02,19.02,2,2.07,MB22027
KMT-2022-BLG-2354,SAO02M0805.013181,17:54:50.09,-28:23:40.70,9871.73315,54.99,0.455,20.37,18.93,18.93,2,2.7,
KMT-2022-BLG-2355,BLG02N0106.011902,17:58:52.17,-29:24:43.88,9615.62979,28.34,0.352,18.4,17.65,17.65,1,1.4,
KMT-2022-BLG-2356,BLG02N0204.020046,17:58:03.21,-29:37:16.28,9870.69848,26.63,0.17,19.53,18.24,18.24,1,1.27,MB22562
KMT-2022-BLG-2357,BLG02N0305.001068,17:57:52.51,-29:32:23.21,9643.843,4.98,0.796,18.24,15.05,15.05,1,1.41,
KMT-2022-BLG-2358,BLG02N0505.032467,17:56:47.25,-29:33:27.11,9633.73696,6.73,0.35,18.98,18.75,18.75,1,1.56,
KMT-2022-BLG-2359,SAO02T0102.014496,17:53:46.93,-29:55:23.48,9611.47058,57.3,0.188,17.85,17.73,17.73,1,1.59,MB22011
KMT-2022-BLG-2360,BLG02T0104.054298,17:53:51.51,-29:42:40.00,9882.82506,107.99,0.058,20.42,19.15,19.15,1,1.55,MB22575
KMT-2022-BLG-2361,BLG02T0108.005774,17:53:54.61,-29:09:24.80,9886.22488,199.66,0.003,20.69,16.07,16.07,1,1.55,MB22570
KMT-2022-BLG-2362,BLG02T0108.006602,17:54:12.99,-29:08:03.19,9620.22589,60.21,0.172,18.1,16.2,16.2,1,1.58,MB22005
KMT-2022-BLG-2363,SAO02T0301.003416,17:52:52.63,-30:02:07.19,9875.09237,67.12,0.167,19.13,16.08,16.08,1,1.7,
KMT-2022-BLG-2364,SAO02T0302.006728,17:52:33.29,-29:53:10.90,9823.351,107.55,0.999,17.68,16.64,16.64,1,2.09,
KMT-2022-BLG-2365,BLG02T0303.041377,17:52:42.63,-29:47:56.29,9863.59084,14.63,0.12,19.29,19.1,19.1,1,2.11,
KMT-2022-BLG-2366,SAO02T0303.068820,17:52:52.63,-29:46:53.69,9634.51725,35.8,0.056,20.65,19.66,19.66,1,1.92,MB22044
KMT-2022-BLG-2367,BLG02T0305.045717,17:52:43.65,-29:34:26.51,9652.82473,27.5,0.185,21.39,19.44,19.44,1,2.06,
KMT-2022-BLG-2368,BLG02T0308.024286,17:52:33.02,-29:09:44.32,9818.67724,3.52,0.048,21.07,18.72,18.72,1,2.54,
KMT-2022-BLG-2369,BLG02T0401.030056,17:52:27.77,-30:02:14.78,9862.58016,23.39,0.271,20.26,19.12,19.12,1,2.06,
KMT-2022-BLG-2370,BLG02T0408.015470,17:52:08.07,-29:04:53.72,9694.68347,4.91,0.448,18.16,18.53,18.53,2,2.99,
KMT-2022-BLG-2371,SAO02T0505.021620,17:51:31.68,-29:31:18.19,9710.99511,19.59,0.312,20.05,18.86,18.86,1,2.73,
KMT-2022-BLG-2372,SAO02T0603.009952,17:51:03.95,-29:42:29.92,9876.67317,32.07,0.074,19.07,17.86,17.86,1,2.89,MB22574
KMT-2022-BLG-2373,BLG03K0106.035168,18:01:37.40,-27:12:36.90,9872.85913,35.68,0.16,20.9,19.82,19.82,1,2.06,
KMT-2022-BLG-2374,SAO03K0201.001343,18:01:06.07,-27:47:18.10,9664.56687,53.78,0.345,19.61,15.17,15.17,1,1.32,
KMT-2022-BLG-2375,SAO03K0202.016623,18:00:53.40,-27:41:49.49,9873.88898,83.6,0.165,19.8,18.15,18.15,1,1.46,MB22557
KMT-2022-BLG-2376,BLG03K0304.068655,18:00:18.36,-27:23:12.91,9870.52473,199.84,0.004,24.08,19.86,19.86,1,1.68,
KMT-2022-BLG-2377,BLG03K0404.027972,18:00:05.49,-27:25:21.22,9874.68786,24.63,0.346,19.17,19.04,19.04,1,1.89,
KMT-2022-BLG-2378,SSO03K0508.026393,17:59:10.62,-26:55:08.18,9694.39037,2.07,0.44,19.57,19.59,19.59,1,2.73,
KMT-2022-BLG-2379,SAO03K0603.044825,17:58:39.55,-27:34:42.82,9783.94863,6.39,0.163,19.43,19.41,19.41,1,1.83,MB22412
KMT-2022-BLG-2380,SAO03K0607.037243,17:58:52.51,-27:05:11.11,9738.31682,51.8,0.719,20.05,20.0,20.54,1,3.0,
KMT-2022-BLG-2381,BLG03K0702.056555,17:58:12.14,-27:45:39.89,9779.12548,1.36,0.175,19.97,20.0,20.02,1,2.09,
KMT-2022-BLG-2382,BLG03M0107.035658,18:06:31.19,-27:01:31.19,9646.09075,5.91,0.905,18.82,18.9,18.9,1,0.94,
KMT-2022-BLG-2383,SAO03M0107.046631,18:06:33.55,-27:05:15.68,9740.90239,26.0,0.301,20.53,19.2,19.2,1,1.02,
KMT-2022-BLG-2384,BLG03M0205.078778,18:05:54.15,-27:18:50.62,9699.76652,6.8,0.096,20.47,19.89,19.89,1,0.93,
KMT-2022-BLG-2385,BLG03M0303.038259,18:05:23.63,-27:30:12.10,9794.48207,49.36,0.156,20.69,18.94,18.94,1,0.81,MB22420
KMT-2022-BLG-2386,BLG03M0304.009589,18:05:15.87,-27:22:54.80,9872.41676,8.57,0.212,17.99,17.56,17.56,1,0.86,MB22564
KMT-2022-BLG-2387,BLG03M0306.034609,18:05:27.35,-27:09:44.60,9872.87034,12.47,0.073,20.1,18.82,18.82,1,1.05,
KMT-2022-BLG-2388,BLG03M0404.007286,18:04:52.29,-27:28:38.32,9650.39414,199.89,0.024,23.24,17.3,17.3,1,0.99,
KMT-2022-BLG-2389,BLG03M0404.024799,18:04:34.95,-27:25:05.59,9877.47259,18.16,0.285,18.62,18.55,18.55,1,0.8,MB22572
KMT-2022-BLG-2390,BLG03M0604.006259,18:03:35.04,-27:26:38.40,9874.3369,10.62,0.49,17.45,17.43,17.43,1,1.34,MB22571
KMT-2022-BLG-2391,SAO03M0605.080206,18:03:34.58,-27:16:17.18,9633.00605,169.42,0.017,23.27,20.0,20.61,1,1.66,
KMT-2022-BLG-2392,SAO03M0605.088031,18:03:43.33,-27:19:21.90,9704.84457,45.38,0.281,21.06,20.0,20.95,1,1.29,
KMT-2022-BLG-2393,BLG03M0608.037428,18:03:36.59,-26:55:00.80,9657.24143,55.72,0.704,19.25,19.46,19.46,1,1.54,
KMT-2022-BLG-2394,BLG03M0701.064564,18:02:59.74,-27:45:44.60,9640.23088,14.63,0.559,19.78,19.82,19.82,1,1.19,
KMT-2022-BLG-2395,BLG03M0702.071704,18:02:51.48,-27:44:23.32,9637.44619,44.94,0.056,20.48,19.73,19.73,1,1.21,MB22039
KMT-2022-BLG-2396,BLG03M0803.000983,18:02:29.97,-27:31:08.11,9657.31688,55.98,0.951,15.51,15.12,15.12,1,1.51,
KMT-2022-BLG-2397,BLG03M0808.056634,18:02:19.73,-26:53:28.10,9812.31303,0.89,0.089,20.0,20.0,20.58,1,2.59,
KMT-2022-BLG-2398,SAO03N0407.091359,18:04:50.57,-28:11:33.00,9780.08212,20.1,0.307,20.17,20.0,20.25,1,0.98,
KMT-2022-BLG-2399,BLG03N0505.048139,18:04:22.35,-28:27:17.78,9664.69395,14.06,0.047,22.5,19.04,19.04,1,0.85,
KMT-2022-BLG-2400,BLG03N0508.007146,18:04:14.16,-28:06:42.08,9784.03681,3.58,0.872,17.2,17.23,17.23,1,1.02,MB22401
KMT-2022-BLG-2401,SAO03N0705.008028,18:03:10.86,-28:27:13.28,9830.32163,11.63,0.015,21.45,17.29,17.29,1,1.1,
KMT-2022-BLG-2402,BLG03N0802.054801,18:02:17.35,-28:49:08.29,9853.12103,199.85,0.041,23.34,19.12,19.12,1,0.86,
KMT-2022-BLG-2403,BLG03T0103.069072,18:01:29.81,-28:44:17.48,9872.95153,28.17,0.28,19.68,19.54,19.54,1,1.15,
KMT-2022-BLG-2404,SSO03T0104.085582,18:01:30.53,-28:34:58.40,9867.4962,30.42,0.019,19.93,20.0,20.03,1,1.12,MB22556
KMT-2022-BLG-2405,BLG03T0207.017278,18:01:07.77,-28:11:57.91,9669.25802,67.14,0.381,20.77,18.27,18.27,1,1.49,
KMT-2022-BLG-2406,SAO03T0306.034080,18:00:41.18,-28:19:28.70,9624.41013,21.55,0.023,18.65,18.68,18.68,1,1.26,MB22001
KMT-2022-BLG-2407,BLG03T0402.053198,17:59:56.49,-28:52:36.80,9871.84939,49.12,0.412,19.01,19.01,19.01,1,1.1,
KMT-2022-BLG-2408,SAO03T0407.057650,17:59:47.84,-28:13:56.32,9632.80839,12.14,0.106,19.24,19.25,19.25,1,1.37,MB22022
KMT-2022-BLG-2409,BLG03T0507.026464,17:59:18.47,-28:10:15.38,9819.43086,2.71,0.97,19.16,18.84,18.84,1,1.79,
KMT-2022-BLG-2410,SAO04K0207.004707,18:03:00.96,-29:13:06.89,9638.38048,47.25,0.428,16.92,16.55,16.55,1,0.94,MB22008 MB22023
KMT-2022-BLG-2411,BLG04K0301.021723,18:02:08.93,-29:53:05.50,9863.16114,15.67,0.003,20.27,18.54,18.54,1,1.02,
KMT-2022-BLG-2412,BLG04K0605.006165,18:00:14.01,-29:27:47.81,9674.53668,58.88,0.914,18.12,17.08,17.08,1,1.2,MB22116
KMT-2022-BLG-2413,BLG04K0706.055188,18:00:14.53,-29:16:08.51,9670.30469,98.81,0.473,19.68,19.39,19.39,1,1.22,
KMT-2022-BLG-2414,BLG04K0807.032763,17:59:31.67,-29:08:07.19,9706.51798,12.15,0.886,18.36,18.48,18.48,1,1.01,
KMT-2022-BLG-2415,BLG04M0108.071349,18:08:09.43,-29:05:15.40,9641.9375,8.36,0.174,19.93,20.0,20.24,1,0.6,
KMT-2022-BLG-2416,BLG04M0201.048984,18:08:03.31,-29:54:01.19,9637.61433,22.97,0.141,20.02,19.73,19.73,1,0.74,
KMT-2022-BLG-2417,BLG04M0203.067890,18:07:33.05,-29:44:01.90,9679.61266,37.31,0.414,20.47,20.0,20.17,1,0.69,
KMT-2022-BLG-2418,BLG04M0207.021753,18:07:28.52,-29:13:19.42,9638.76577,51.9,0.67,18.84,18.69,18.69,1,1.03,
KMT-2022-BLG-2419,BLG04M0401.050005,18:06:21.18,-29:56:34.01,9865.82015,35.29,0.04,21.42,19.76,19.76,1,0.85,MB22554
KMT-2022-BLG-2420,BLG04M0705.030874,18:05:00.55,-29:23:16.69,9640.90219,4.4,0.203,18.82,18.89,18.89,1,1.01,MB22069
KMT-2022-BLG-2421,BLG04T0201.040000,18:02:59.27,-31:03:42.30,9651.66747,98.08,0.049,22.48,19.84,19.84,1,1.4,
KMT-2022-BLG-2422,BLG04T0304.007994,18:02:12.18,-30:42:30.89,9645.81067,43.33,0.954,17.98,17.99,17.99,1,1.31,
KMT-2022-BLG-2423,BLG04T0405.021235,18:01:22.25,-30:32:27.82,9716.09314,18.26,0.882,18.64,18.61,18.61,1,1.05,
KMT-2022-BLG-2424,SAO04T0505.022969,18:00:57.53,-30:34:46.09,9865.11608,9.04,0.028,18.82,18.64,18.64,1,1.11,MB22551
KMT-2022-BLG-2425,BLG04T0601.019937,18:00:20.06,-31:01:10.49,9640.56164,52.4,0.336,20.32,19.1,19.1,1,1.64,
KMT-2022-BLG-2426,SAO04T0607.008828,18:00:15.11,-30:18:20.99,9669.71549,143.89,0.061,20.53,17.7,17.7,1,1.17,MB22110
KMT-2022-BLG-2427,SAO04T0608.029724,18:00:21.57,-30:13:28.20,9871.31324,82.54,0.011,22.91,18.77,18.77,1,1.04,
KMT-2022-BLG-2428,BLG11K0208.008370,17:26:28.83,-29:00:12.10,9633.86825,57.41,0.347,19.79,18.92,18.92,2,1.77,
KMT-2022-BLG-2429,BLG11K0304.029558,17:25:55.30,-29:25:40.30,9621.23432,31.52,0.015,20.08,19.52,19.52,1,1.65,
KMT-2022-BLG-2430,SAO11K0403.004808,17:25:34.30,-29:34:04.01,9636.89416,30.8,0.068,17.88,17.67,17.67,1,2.02,
KMT-2022-BLG-2431,BLG11K0704.037801,17:23:23.64,-29:30:49.86,9697.57144,4.43,0.08,21.8,19.82,19.82,2,1.6,
KMT-2022-BLG-2432,BLG11M0101.025725,17:32:01.85,-29:52:16.03,9695.41343,9.09,0.005,20.19,20.0,20.52,2,2.91,
KMT-2022-BLG-2433,BLG11M0305.027419,17:30:40.70,-29:21:26.42,9766.26367,0.5,0.766,19.33,20.0,20.86,2,3.02,
KMT-2022-BLG-2434,BLG11M0401.033288,17:30:28.10,-29:50:52.62,9812.71906,42.37,0.647,20.0,20.0,20.08,2,2.16,
KMT-2022-BLG-2435,BLG11M0702.005143,17:28:38.94,-29:41:16.30,9610.77602,45.39,0.714,18.59,17.62,17.62,1,2.35,
KMT-2022-BLG-2436,SSO11M0801.093059,17:27:44.47,-29:52:03.86,9839.14152,24.21,0.232,16.33,20.0,25.0,3,2.13,
KMT-2022-BLG-2437,BLG11N0108.011150,17:32:00.83,-30:00:11.66,9876.70976,26.87,0.407,18.74,18.69,18.69,2,2.22,
KMT-2022-BLG-2438,BLG11N0108.016645,17:31:51.78,-30:02:24.58,9655.50459,46.97,0.399,19.61,19.25,19.25,2,1.99,
KMT-2022-BLG-2439,BLG11N0303.030219,17:30:41.50,-30:40:17.80,9815.38933,49.11,0.479,20.19,20.0,21.12,2,3.37,
KMT-2022-BLG-2440,BLG11N0304.000105,17:30:48.63,-30:35:12.48,9656.35498,199.78,0.808,17.16,14.79,14.79,2,2.85,
KMT-2022-BLG-2441,BLG11N0304.063799,17:31:03.62,-30:32:49.92,9791.1997,32.38,0.016,23.1,20.0,21.5,2,2.8,
KMT-2022-BLG-2442,BLG11N0307.020307,17:30:53.46,-30:08:58.38,9634.11798,25.05,0.794,19.68,19.76,19.76,2,2.33,
KMT-2022-BLG-2443,BLG11N0507.000785,17:29:55.18,-30:10:45.30,9610.48978,90.27,0.068,19.68,15.79,15.79,2,2.1,
KMT-2022-BLG-2444,BLG11N0608.003999,17:29:03.42,-30:02:52.22,9632.19999,45.83,0.403,20.41,17.68,17.68,2,2.52,
KMT-2022-BLG-2445,SAO11N0707.009303,17:28:15.27,-30:08:59.06,9679.1812,142.12,0.431,19.17,18.96,18.96,2,2.25,
KMT-2022-BLG-2446,BLG11N0804.003999,17:27:40.54,-30:34:47.21,9606.51736,102.99,0.588,19.07,18.42,18.42,2,3.13,
KMT-2022-BLG-2447,BLG11N0807.000788,17:27:50.15,-30:15:00.40,9623.40165,13.31,0.299,19.08,16.22,16.22,2,2.41,
KMT-2022-BLG-2448,BLG11T0105.017055,17:27:07.21,-30:24:32.83,9614.39487,29.85,0.503,20.36,20.0,20.5,2,2.94,
KMT-2022-BLG-2449,BLG11T0308.014113,17:26:07.06,-30:06:12.28,9616.25859,34.67,0.289,19.85,19.9,19.9,2,2.42,
KMT-2022-BLG-2450,BLG12K0403.007210,17:25:40.08,-27:29:05.10,9644.7919,29.21,0.485,19.62,18.66,18.66,1,1.56,
KMT-2022-BLG-2451,BLG12K0404.040125,17:25:20.87,-27:18:59.26,9636.45147,17.0,0.204,20.68,20.0,21.05,2,2.07,
KMT-2022-BLG-2452,BLG12M0401.077830,17:30:22.94,-27:41:51.61,9628.10491,66.65,0.018,21.52,20.0,21.86,2,2.27,
KMT-2022-BLG-2453,SAO12M0402.021245,17:30:21.03,-27:35:19.54,9703.42433,3.16,0.827,19.78,20.0,20.32,3,2.5,
KMT-2022-BLG-2454,BLG12N0105.003657,17:31:53.62,-28:23:07.62,9634.3509,20.54,0.994,18.64,17.49,17.49,2,2.31,
KMT-2022-BLG-2455,SAO12N0202.000607,17:31:30.96,-28:38:53.16,9639.90162,72.44,0.069,16.09,16.09,16.09,2,2.6,
KMT-2022-BLG-2456,BLG12N0202.003487,17:31:34.25,-28:40:09.80,9608.52736,80.03,0.205,19.85,17.71,17.71,2,2.73,
KMT-2022-BLG-2457,BLG12N0403.051460,17:30:28.97,-28:33:32.40,9657.97013,49.78,0.779,20.0,20.0,20.63,2,1.82,
KMT-2022-BLG-2458,BLG12N0406.010758,17:30:28.10,-28:11:31.20,9608.83582,199.99,0.148,21.5,19.18,19.18,2,2.01,
KMT-2022-BLG-2459,BLG12N0502.020576,17:29:47.64,-28:43:03.47,9680.15383,25.28,0.025,24.76,19.9,19.9,2,2.25,
KMT-2022-BLG-2460,BLG12N0503.020915,17:29:30.41,-28:35:58.52,9610.39365,85.09,0.133,21.23,19.82,19.82,2,1.87,
KMT-2022-BLG-2461,SAO13K0102.058497,17:34:19.51,-34:08:43.84,9696.0576,8.22,0.051,19.72,20.0,25.0,3,4.44,
KMT-2022-BLG-2462,BLG13M0308.008422,17:38:29.90,-33:21:20.41,9645.04371,19.47,0.53,19.48,19.82,19.82,2,3.86,
KMT-2022-BLG-2463,SAO13M0607.030626,17:36:36.71,-33:31:22.66,9708.49301,2.15,0.121,19.45,20.0,22.15,2,4.11,
KMT-2022-BLG-2464,BLG13N0305.004756,17:38:27.55,-34:47:40.13,9635.80404,52.69,0.567,20.1,18.23,18.23,2,2.73,
KMT-2022-BLG-2465,BLG14K0403.044317,17:34:45.02,-28:28:46.63,9673.9093,200.0,0.228,20.18,20.0,21.43,2,3.21,
KMT-2022-BLG-2466,BLG14K0602.027841,17:33:28.74,-28:36:18.25,9646.2463,17.16,0.184,21.09,20.0,21.38,2,3.65,
KMT-2022-BLG-2467,SAO14K0705.106165,17:32:50.85,-28:20:07.55,9723.83644,7.99,0.298,20.19,20.0,25.0,3,2.37,
KMT-2022-BLG-2468,BLG14K0806.076761,17:32:25.84,-28:07:53.15,9692.87857,10.7,0.03,21.25,20.0,22.05,2,2.97,
KMT-2022-BLG-2469,BLG14M0102.051868,17:41:31.48,-28:39:25.78,9694.74814,14.93,0.016,23.01,20.0,22.53,2,5.11,
KMT-2022-BLG-2470,BLG14M0107.008411,17:41:24.98,-28:01:39.68,9628.28038,24.09,0.585,18.99,19.0,19.0,2,3.91,
KMT-2022-BLG-2471,BLG14M0303.005780,17:40:20.08,-28:31:51.78,9869.8208,46.62,0.994,19.34,19.31,19.31,2,4.62,
KMT-2022-BLG-2472,BLG14M0307.068067,17:39:52.66,-28:02:22.34,9869.66277,112.96,0.029,22.75,20.0,21.86,2,3.1,
KMT-2022-BLG-2473,BLG14M0501.007399,17:38:54.74,-28:49:06.10,9617.36978,19.66,0.006,18.96,18.99,18.99,2,4.07,
KMT-2022-BLG-2474,BLG14N0503.005142,17:39:07.13,-29:35:10.03,9623.39809,16.99,0.814,19.53,19.62,19.62,2,5.33,
KMT-2022-BLG-2475,BLG14N0508.026198,17:38:43.16,-29:02:00.38,9851.73569,19.63,0.023,22.2,20.0,21.18,2,3.91,
KMT-2022-BLG-2476,BLG14N0805.029075,17:37:02.08,-29:20:37.32,9834.22545,6.04,0.037,20.86,20.0,20.79,2,3.65,
KMT-2022-BLG-2477,SAO14T0107.051162,17:36:41.52,-29:07:20.35,9712.50698,9.07,0.007,23.32,20.0,21.13,2,3.04,
KMT-2022-BLG-2478,SAO14T0204.004324,17:35:51.15,-29:31:26.04,9842.98028,12.33,1.0,18.81,17.88,17.88,2,2.91,
KMT-2022-BLG-2479,SAO14T0204.048706,17:35:41.00,-29:32:45.38,9695.44845,2.56,0.132,21.05,20.0,20.98,2,3.01,
KMT-2022-BLG-2480,BLG14T0301.014747,17:35:06.77,-29:54:43.27,9644.51622,199.89,0.299,19.96,19.68,19.68,2,2.71,
KMT-2022-BLG-2481,BLG14T0304.007374,17:35:13.13,-29:30:23.69,9628.84649,15.17,0.375,18.54,18.53,18.53,2,3.18,
KMT-2022-BLG-2482,SAO15K0202.010616,17:36:03.89,-26:29:44.02,9760.07205,177.32,0.274,20.12,19.81,19.81,2,2.77,
KMT-2022-BLG-2483,SAO15K0204.046566,17:36:08.12,-26:17:38.62,9696.5901,25.29,0.083,22.32,20.0,21.71,2,3.16,
KMT-2022-BLG-2484,SAO15K0305.049140,17:35:07.96,-26:09:46.26,9831.77032,54.91,0.284,21.77,20.0,21.7,2,3.17,
KMT-2022-BLG-2485,BLG15M0105.074586,17:41:23.48,-26:09:09.90,9699.86676,8.77,0.972,19.95,20.0,21.74,2,2.71,
KMT-2022-BLG-2486,BLG15M0202.005858,17:40:47.16,-26:32:17.05,9874.23382,23.47,0.074,19.43,18.36,18.36,2,3.01,
KMT-2022-BLG-2487,BLG15M0203.007057,17:40:24.41,-26:22:08.65,9825.40226,70.01,0.952,18.94,18.74,18.74,2,2.78,
KMT-2022-BLG-2488,BLG15M0205.066009,17:40:21.07,-26:09:01.91,9866.11197,49.29,0.054,21.87,20.0,21.43,2,2.77,
KMT-2022-BLG-2489,BLG15M0407.002491,17:39:32.03,-25:56:47.83,9610.02846,61.08,0.1,19.89,17.83,17.83,2,2.94,
KMT-2022-BLG-2490,BLG15N0102.018966,17:41:26.73,-27:38:33.97,9634.02592,199.99,0.014,21.53,20.0,20.05,2,3.2,
KMT-2022-BLG-2491,SAO15N0501.016006,17:39:13.07,-27:49:05.20,9750.50298,57.47,0.161,21.17,19.53,19.53,2,2.73,
KMT-2022-BLG-2492,BLG15N0606.004714,17:38:39.61,-27:10:18.77,9656.40244,97.55,0.051,22.88,18.09,18.09,2,3.09,
KMT-2022-BLG-2493,BLG15T0103.037816,17:36:33.17,-27:34:22.87,9611.54263,153.73,0.018,22.47,20.0,20.95,2,3.03,
KMT-2022-BLG-2494,BLG15T0307.019463,17:35:18.84,-26:59:45.60,9859.03413,19.93,0.029,21.21,19.17,19.17,1,2.15,
KMT-2022-BLG-2495,SAO16K0207.031794,17:35:50.60,-23:46:08.51,9695.21322,14.0,0.09,20.56,20.0,20.07,1,1.75,
KMT-2022-BLG-2496,BLG16M0504.039854,17:38:56.37,-24:11:12.44,9626.68064,101.22,0.218,19.92,20.0,20.85,2,3.66,
KMT-2022-BLG-2497,SAO16N0302.006034,17:40:27.98,-25:29:30.30,9617.46517,81.96,0.3,18.83,18.86,18.86,2,2.53,
KMT-2022-BLG-2498,BLG16T0302.001167,17:35:29.24,-25:35:04.09,9657.768,70.49,0.321,20.92,18.86,18.86,2,4.67,
KMT-2022-BLG-2499,BLG16T0403.003763,17:34:52.50,-25:25:13.76,9634.1313,142.27,0.103,21.96,20.0,20.17,2,4.1,
KMT-2022-BLG-2500,SAO16T0606.023760,17:34:01.34,-25:04:19.16,9691.37011,7.11,0.091,20.82,20.0,21.2,2,3.11,
KMT-2022-BLG-2501,BLG17K0101.014781,17:44:26.80,-33:04:36.19,9632.08116,31.66,0.077,19.92,19.91,19.91,2,2.68,
KMT-2022-BLG-2502,BLG17K0403.004825,17:42:32.43,-32:55:51.74,9870.62248,49.86,0.594,20.33,18.58,18.58,2,3.16,
KMT-2022-BLG-2503,BLG17K0403.005509,17:42:15.71,-32:55:20.50,9634.26711,5.97,0.351,18.74,18.73,18.73,2,3.6,
KMT-2022-BLG-2504,SAO17K0605.020016,17:41:16.36,-32:36:54.29,9629.88651,29.08,0.003,20.45,20.0,20.82,2,3.66,
KMT-2022-BLG-2505,BLG17K0701.006414,17:40:28.76,-33:09:34.31,9635.72271,54.78,0.744,19.28,18.77,18.77,2,3.15,
KMT-2022-BLG-2506,BLG17M0404.005490,17:47:32.84,-32:43:31.73,9636.81929,2.98,0.389,19.09,19.02,19.02,2,3.19,
KMT-2022-BLG-2507,BLG17N0106.053778,17:49:27.38,-33:36:38.30,9693.3054,16.38,0.597,21.68,19.89,19.89,1,1.6,
KMT-2022-BLG-2508,BLG17N0407.009197,17:47:37.01,-33:31:37.60,9649.58805,47.41,0.569,20.0,18.12,18.12,1,1.69,
KMT-2022-BLG-2509,BLG17N0505.002725,17:47:06.84,-33:45:21.10,9656.21288,46.21,0.932,18.14,17.68,17.68,1,4.53,
KMT-2022-BLG-2510,SAO17N0705.013614,17:45:40.28,-33:48:13.90,9867.37874,55.35,0.291,20.36,18.44,18.44,1,1.94,
KMT-2022-BLG-2511,BLG17N0802.002045,17:45:01.83,-34:11:07.51,9624.95344,22.29,0.374,19.18,16.08,16.08,1,1.75,
KMT-2022-BLG-2512,BLG17T0503.010600,17:41:32.86,-34:02:46.86,9662.07149,29.62,0.503,19.12,19.07,19.07,2,2.37,
KMT-2022-BLG-2513,SSO17T0504.057096,17:42:02.31,-33:49:36.52,9653.28798,21.6,0.002,21.38,20.0,20.98,2,2.53,
KMT-2022-BLG-2514,BLG17T0801.064691,17:39:59.62,-34:15:19.48,9694.35621,30.68,0.067,21.84,20.0,21.77,2,3.02,
KMT-2022-BLG-2515,BLG18K0201.001864,17:44:54.17,-26:39:04.50,9848.10707,153.65,0.792,17.52,17.41,17.41,2,3.46,
KMT-2022-BLG-2516,SAO18K0206.000381,17:44:52.18,-26:01:15.24,9648.24296,33.44,0.986,16.42,15.52,15.52,2,2.82,
KMT-2022-BLG-2517,BLG18K0401.001855,17:44:03.69,-26:34:54.30,9623.44621,20.63,0.135,18.5,17.39,17.39,2,3.12,
KMT-2022-BLG-2518,SAO18K0406.011500,17:44:06.09,-26:01:17.76,9727.43513,54.05,0.125,22.83,19.4,19.4,2,3.1,
KMT-2022-BLG-2519,SAO18K0407.007347,17:43:45.04,-25:51:59.94,9631.67127,4.66,0.506,18.62,18.62,18.62,2,2.7,
KMT-2022-BLG-2520,BLG18K0408.039886,17:43:59.21,-25:48:39.49,9634.34277,12.67,0.09,20.88,20.0,20.8,2,2.62,
KMT-2022-BLG-2521,SSO18K0507.104764,17:43:18.79,-25:51:47.77,9856.37968,10.89,0.031,20.88,20.0,25.0,3,2.8,
KMT-2022-BLG-2522,SAO18K0601.032295,17:42:38.22,-26:39:14.76,9698.50687,1.79,0.073,21.86,20.0,20.92,2,3.41,
KMT-2022-BLG-2523,BLG18K0705.009317,17:42:15.67,-26:08:36.06,9866.76474,7.85,0.406,19.42,19.38,19.38,2,2.93,
KMT-2022-BLG-2524,SAO18K0708.023457,17:42:14.46,-25:45:25.67,9698.47578,14.52,0.034,23.1,20.0,20.19,2,2.87,
KMT-2022-BLG-2525,SAO18K0808.042096,17:41:37.94,-25:46:14.38,9874.28199,41.24,0.034,21.17,20.0,20.81,2,2.72,
KMT-2022-BLG-2526,BLG18M0801.001350,17:46:17.02,-26:34:32.23,9874.14296,38.47,0.01,20.22,17.42,17.42,2,3.94,
KMT-2022-BLG-2527,SAO18T0401.054460,17:44:01.93,-27:42:58.68,9789.16222,99.18,0.035,23.12,20.0,22.4,2,4.37,
KMT-2022-BLG-2528,BLG18T0508.031807,17:43:25.23,-26:49:15.49,9801.05075,49.26,0.306,21.23,20.0,20.89,2,3.33,
KMT-2022-BLG-2529,BLG18T0601.004598,17:42:55.69,-27:42:16.06,9871.04085,199.98,0.009,21.41,18.63,18.63,2,4.17,
KMT-2022-BLG-2530,SSO19K0106.054490,17:45:44.45,-23:54:00.29,9748.9377,4.7,0.031,21.71,19.96,19.96,1,1.68,
KMT-2022-BLG-2531,SAO19K0208.003245,17:44:55.72,-23:41:13.20,9871.74292,57.91,0.92,17.99,16.71,16.71,1,1.57,
KMT-2022-BLG-2532,BLG19M0303.054251,17:49:15.95,-24:18:14.51,9634.51252,12.51,0.081,21.16,20.0,21.32,2,2.71,
KMT-2022-BLG-2533,BLG19M0304.043496,17:49:18.40,-24:12:16.78,9636.40687,70.82,0.027,22.45,20.0,20.63,2,2.42,
KMT-2022-BLG-2534,BLG19M0408.052903,17:48:32.79,-23:38:28.43,9631.24021,37.76,0.146,20.22,20.0,20.79,3,1.97,
KMT-2022-BLG-2535,BLG19M0504.014529,17:48:01.03,-24:12:19.40,9642.51788,86.9,0.136,19.9,19.36,19.36,2,2.26,
KMT-2022-BLG-2536,BLG19M0604.007719,17:47:18.95,-24:10:43.03,9642.08333,19.08,0.45,18.55,18.57,18.57,2,2.32,
KMT-2022-BLG-2537,BLG19M0707.019915,17:47:04.63,-23:43:27.91,9842.45597,16.43,0.011,21.9,19.35,19.35,1,2.06,
KMT-2022-BLG-2538,BLG19N0607.008500,17:47:19.10,-24:53:52.80,9655.65007,30.84,0.48,20.21,19.9,19.9,2,3.64,
KMT-2022-BLG-2539,BLG19T0208.103760,17:45:11.46,-24:47:15.90,9673.40683,152.11,0.35,20.14,20.0,25.0,3,2.87,
KMT-2022-BLG-2540,SAO19T0604.029196,17:42:55.96,-25:13:39.90,9824.9969,2.46,0.072,21.66,20.0,20.24,1,2.55,
KMT-2022-BLG-2541,BLG19T0805.053082,17:41:46.84,-25:05:49.49,9872.54536,43.12,0.081,20.38,20.0,20.59,1,2.31,
KMT-2022-BLG-2542,BLG20M0304.008668,17:48:59.60,-22:01:14.81,9659.24549,35.76,0.479,20.07,18.64,18.64,4,1.72,
KMT-2022-BLG-2543,BLG20M0608.012446,17:47:25.08,-21:34:56.64,9639.7605,25.23,0.33,19.37,19.5,19.5,4,1.94,
KMT-2022-BLG-2544,BLG20N0504.038437,17:47:51.35,-23:12:14.62,9653.73259,30.45,0.86,19.62,19.64,19.64,1,1.78,
KMT-2022-BLG-2545,BLG20N0605.010589,17:47:16.38,-23:04:19.20,9700.69915,56.33,0.874,18.71,18.16,18.16,1,1.36,
KMT-2022-BLG-2546,SAO20N0803.004260,17:46:12.38,-23:21:27.40,9629.10712,66.2,0.263,19.64,17.14,17.14,1,1.51,
KMT-2022-BLG-2547,SAO20T0106.006267,17:45:31.03,-22:53:43.58,9666.84146,65.11,0.448,20.25,18.02,18.02,1,1.81,
KMT-2022-BLG-2548,BLG21K0106.036168,17:53:51.26,-34:34:52.72,9764.76801,31.88,0.044,20.55,19.47,19.47,2,0.89,
KMT-2022-BLG-2549,BLG21K0307.006563,17:52:27.61,-34:26:18.60,9653.95616,89.86,0.145,19.8,17.65,17.65,1,0.84,MB22064
KMT-2022-BLG-2550,BLG21K0501.013644,17:51:13.49,-35:17:34.12,9638.59163,33.24,0.249,19.94,18.27,18.27,1,0.62,
KMT-2022-BLG-2551,BLG21K0804.005859,17:49:52.18,-34:52:19.31,9633.31941,7.28,1.0,17.45,17.49,17.49,1,1.01,MB22036
KMT-2022-BLG-2552,SAO21K0804.039710,17:49:45.89,-34:52:00.08,9810.56558,44.91,0.273,20.89,19.39,19.39,1,1.0,
KMT-2022-BLG-2553,BLG21M0207.003236,17:58:36.48,-34:27:51.08,9641.79493,89.33,0.464,19.8,16.96,16.96,1,0.62,
KMT-2022-BLG-2554,BLG21N0508.002191,17:56:26.01,-35:25:41.09,9642.97806,33.79,0.074,18.55,16.62,16.62,1,0.81,
KMT-2022-BLG-2555,SAO21T0505.010029,17:51:45.02,-35:49:02.21,9781.87652,10.35,0.692,17.89,18.14,18.14,1,0.69,
KMT-2022-BLG-2556,BLG21T0607.028802,17:51:00.68,-35:36:07.81,9872.16811,23.34,0.325,19.14,19.07,19.07,1,0.69,
KMT-2022-BLG-2557,BLG21T0703.000964,17:50:15.89,-36:05:03.08,9641.62166,8.22,0.234,15.47,15.49,15.49,1,0.93,
KMT-2022-BLG-2558,BLG22K0302.046301,17:52:50.98,-33:03:36.90,9863.50882,79.49,0.586,19.74,19.85,19.85,1,1.63,
KMT-2022-BLG-2559,BLG22K0306.045300,17:52:56.61,-32:27:16.81,9672.00677,58.69,0.325,21.11,19.52,19.52,1,1.4,
KMT-2022-BLG-2560,BLG22K0505.070280,17:51:43.00,-32:35:00.89,9694.38156,96.45,0.002,24.39,20.0,20.55,1,1.76,
KMT-2022-BLG-2561,BLG22M0205.031247,17:58:31.16,-32:35:58.42,9649.4229,46.86,0.384,20.93,19.43,19.43,1,1.29,
KMT-2022-BLG-2562,BLG22M0404.027915,17:57:09.99,-32:46:03.22,9634.55199,16.29,0.155,20.57,19.24,19.24,1,1.46,
KMT-2022-BLG-2563,SAO22M0407.027896,17:56:58.86,-32:19:57.40,9659.06456,22.84,0.384,19.76,19.19,19.19,1,1.41,
KMT-2022-BLG-2564,SAO22M0603.056875,17:56:18.79,-32:53:50.39,9876.38864,68.08,0.053,20.27,20.0,20.06,1,1.32,MB22573
KMT-2022-BLG-2565,BLG22M0805.045591,17:54:52.60,-32:37:10.31,9666.9756,56.05,0.539,19.85,19.79,19.79,1,1.48,
KMT-2022-BLG-2566,BLG22N0208.030388,17:58:26.39,-33:18:06.01,9635.33946,57.62,0.34,20.17,19.44,19.44,1,1.41,
KMT-2022-BLG-2567,SAO22N0504.031070,17:56:49.82,-33:51:38.09,9791.04459,27.17,0.609,19.18,19.08,19.08,1,0.75,
KMT-2022-BLG-2568,SAO22N0703.050548,17:55:25.74,-34:02:10.61,9696.61616,10.22,0.002,19.25,19.7,19.7,1,0.84,MB22191
KMT-2022-BLG-2569,BLG22T0607.004935,17:50:55.74,-33:29:07.87,9632.6408,62.74,0.371,18.07,17.73,17.73,2,1.56,MB22034
KMT-2022-BLG-2570,BLG22T0607.015118,17:51:02.08,-33:30:41.11,9627.32104,83.52,0.1,20.69,19.16,19.16,2,1.76,
KMT-2022-BLG-2571,BLG31K0304.027509,18:11:52.44,-25:23:32.78,9650.41703,71.88,0.685,19.59,19.71,19.71,1,1.78,
KMT-2022-BLG-2572,BLG31K0402.005883,18:11:16.93,-25:37:20.32,9629.74393,8.15,0.784,17.95,17.76,17.76,1,1.43,MB22013
KMT-2022-BLG-2573,SAO31K0707.000783,18:09:56.91,-24:57:37.73,9631.96093,24.44,0.144,17.45,15.64,15.64,4,2.09,MB22025
KMT-2022-BLG-2574,BLG31M0607.022201,18:15:04.06,-24:55:05.02,9641.18091,108.41,0.088,19.66,19.22,19.22,1,1.31,
KMT-2022-BLG-2575,BLG31M0707.027039,18:14:17.93,-24:57:00.11,9864.5362,7.3,0.082,19.71,19.38,19.38,1,1.19,
KMT-2022-BLG-2576,BLG31N0607.066010,18:15:08.25,-26:03:21.20,9647.55954,41.2,0.179,20.14,20.0,20.89,1,1.12,
KMT-2022-BLG-2577,BLG31T0701.004045,18:09:47.20,-26:51:03.49,9634.72011,62.9,0.298,18.88,17.25,17.25,1,1.57,MB22067
KMT-2022-BLG-2578,SAO32K0103.093119,18:10:39.82,-27:36:27.40,9640.38884,49.88,0.066,20.91,20.0,22.16,2,0.78,MB22062
KMT-2022-BLG-2579,BLG32K0105.064929,18:10:49.91,-27:15:51.52,9871.87454,61.01,0.164,20.98,20.0,20.06,1,0.96,
KMT-2022-BLG-2580,BLG32K0407.022989,18:09:20.20,-27:06:24.19,9669.18533,42.32,0.387,20.01,18.73,18.73,1,1.03,
KMT-2022-BLG-2581,BLG32K0502.011117,18:08:40.25,-27:43:54.59,9864.90374,11.14,0.274,18.33,18.04,18.04,1,1.19,MB22555
KMT-2022-BLG-2582,SAO32K0506.035112,18:08:17.74,-27:08:17.70,9743.57113,14.25,0.4,19.71,19.32,19.32,1,1.18,
KMT-2022-BLG-2583,SAO32K0803.026852,18:06:55.05,-27:33:24.30,9875.63089,54.42,0.565,19.48,18.8,18.8,1,1.26,
KMT-2022-BLG-2584,BLG32M0505.004818,18:13:20.89,-27:17:57.41,9619.42091,55.37,0.065,18.84,17.06,17.06,1,0.56,MB22004
KMT-2022-BLG-2585,SAO32M0705.042093,18:12:24.29,-27:21:20.59,9865.72351,71.9,0.306,19.16,19.19,19.19,1,0.64,
KMT-2022-BLG-2586,SAO32M0804.052857,18:11:47.36,-27:23:51.79,9876.60606,111.44,0.168,19.61,19.55,19.55,1,0.64,MB22522
KMT-2022-BLG-2587,BLG32T0106.061334,18:10:51.60,-28:16:04.91,9641.06427,25.58,0.912,19.05,20.0,20.18,1,1.08,
KMT-2022-BLG-2588,BLG32T0307.082318,18:09:23.79,-28:09:15.30,9698.23112,25.06,0.026,21.61,20.0,20.91,1,0.85,MB22204
KMT-2022-BLG-2589,BLG32T0403.013729,18:09:19.57,-28:44:47.00,9635.15209,65.16,0.757,18.13,18.14,18.14,1,0.79,
KMT-2022-BLG-2590,BLG32T0507.021178,18:08:22.68,-28:14:37.28,9646.39966,28.61,0.998,18.85,18.68,18.68,1,0.92,
KMT-2022-BLG-2591,SAO32T0708.029171,18:07:15.95,-28:05:38.18,9859.96437,199.96,0.014,21.4,19.05,19.05,1,1.22,
KMT-2022-BLG-2592,SAO32T0801.003967,18:07:00.14,-28:58:51.60,9625.17636,82.62,0.047,18.41,16.74,16.74,1,0.81,MB22003
KMT-2022-BLG-2593,BLG33K0104.007518,18:12:42.56,-29:31:29.39,9634.80586,53.2,0.352,19.66,17.82,17.82,1,0.52,
KMT-2022-BLG-2594,BLG33K0504.003275,18:10:30.36,-29:33:23.80,9635.53745,150.4,0.128,19.06,16.82,16.82,1,0.73,MB22020
KMT-2022-BLG-2595,BLG33M0804.008594,18:13:36.25,-29:36:24.59,9877.52132,48.19,0.263,19.06,17.89,17.89,1,0.4,MB22560
KMT-2022-BLG-2596,SSO34K0701.064451,18:00:11.83,-32:03:35.78,9748.75076,27.89,0.024,21.88,20.0,20.32,1,1.08,MB22311
KMT-2022-BLG-2597,BLG34M0204.010704,18:07:42.11,-31:39:14.80,9870.8029,199.81,0.017,21.91,18.48,18.48,1,0.7,
KMT-2022-BLG-2598,BLG34T0107.048051,18:03:42.97,-32:22:57.22,9637.13642,36.26,0.019,20.32,19.93,19.93,1,0.79,MB22040
KMT-2022-BLG-2599,BLG34T0108.003158,18:03:38.02,-32:16:24.20,9823.1919,80.3,0.962,17.14,17.0,17.0,1,1.05,
KMT-2022-BLG-2600,BLG34T0703.040236,17:59:47.64,-32:51:30.10,9662.98351,20.47,0.582,19.57,19.66,19.66,1,1.09,
KMT-2022-BLG-2601,SSO35K0101.032915,18:03:51.79,-25:43:49.98,9639.31675,30.3,0.01,20.78,20.0,21.93,2,4.48,MB22066
KMT-2022-BLG-2602,BLG35K0107.000788,18:03:52.23,-24:55:28.56,9639.62838,12.42,0.662,16.36,16.36,16.36,4,3.82,MB22031
KMT-2022-BLG-2603,BLG35M0102.064867,18:08:30.27,-25:38:09.38,9654.32156,17.39,0.067,21.39,20.0,20.62,1,1.59,
KMT-2022-BLG-2604,BLG35N0203.028464,18:07:56.53,-26:33:02.92,9630.42481,148.0,0.077,20.58,18.98,18.98,1,1.08,MB22032
KMT-2022-BLG-2605,BLG35N0203.060162,18:08:07.97,-26:36:26.32,9705.01209,30.74,0.408,19.52,19.89,19.89,1,1.03,
KMT-2022-BLG-2606,BLG35N0506.039702,18:06:34.09,-26:12:05.18,9864.33389,9.13,0.362,20.0,20.0,20.01,1,2.1,
KMT-2022-BLG-2607,SAO35N0702.011532,18:05:08.40,-26:42:33.01,9693.82159,33.95,0.409,18.3,18.28,18.28,1,1.44,MB22175
KMT-2022-BLG-2608,BLG35T0102.002258,18:03:48.50,-26:44:51.86,9876.06544,51.61,0.459,18.6,16.65,16.65,3,1.97,
KMT-2022-BLG-2609,BLG35T0505.007172,18:01:37.87,-26:22:15.53,9877.96014,52.75,0.589,19.15,18.71,18.71,2,2.85,
KMT-2022-BLG-2610,BLG36N0604.029144,18:17:08.90,-24:23:21.30,9637.61489,75.3,0.363,19.41,19.47,19.47,1,1.19,
KMT-2022-BLG-2611,SAO36N0707.014115,18:16:58.57,-23:57:50.40,9875.5824,198.45,0.01,21.62,18.6,18.6,1,1.16,MB22568
KMT-2022-BLG-2612,BLG36T0202.005687,18:14:54.43,-24:38:55.72,9638.41721,199.62,0.32,18.91,17.99,17.99,1,1.43,
KMT-2022-BLG-2613,SSO36T0307.001692,18:14:28.20,-23:58:08.98,9626.16734,142.38,0.002,18.79,16.71,16.71,4,1.62,
KMT-2022-BLG-2614,SAO36T0604.000846,18:12:27.16,-24:24:56.59,9627.8645,46.27,0.229,18.55,16.39,16.39,4,2.1,
KMT-2022-BLG-2615,BLG37K0102.005106,17:44:07.34,-35:10:26.65,9635.54883,48.16,0.468,18.97,17.82,17.82,2,1.42,
KMT-2022-BLG-2616,BLG37K0503.001170,17:41:39.09,-34:58:04.66,9614.41242,61.25,0.5,19.69,16.53,16.53,2,2.15,
KMT-2022-BLG-2617,BLG37K0508.005704,17:41:44.62,-34:24:40.61,9610.92479,199.8,0.042,21.64,18.11,18.11,2,2.1,
KMT-2022-BLG-2618,BLG37K0603.055934,17:40:52.92,-35:00:56.56,9628.89301,60.18,0.229,21.35,20.0,20.96,2,1.86,
KMT-2022-BLG-2619,SSO37K0605.103382,17:40:56.45,-34:43:50.59,9868.9085,32.75,0.071,20.89,20.0,25.0,3,2.46,
KMT-2022-BLG-2620,BLG37M0204.056918,17:48:42.77,-34:54:56.48,9611.36401,30.73,0.325,19.95,19.97,19.97,1,1.19,
KMT-2022-BLG-2621,SAO37M0307.014188,17:48:06.27,-34:26:34.69,9873.32775,34.91,0.062,18.83,18.72,18.72,1,1.51,MB22552
KMT-2022-BLG-2622,BLG37M0405.006076,17:47:33.36,-34:46:02.32,9682.88848,60.05,0.824,18.31,17.42,17.42,1,0.98,
KMT-2022-BLG-2623,BLG37M0506.062672,17:46:59.18,-34:38:05.60,9614.02935,148.74,0.167,20.12,20.0,20.23,1,1.41,MB22018
KMT-2022-BLG-2624,BLG37M0507.047053,17:46:37.35,-34:31:17.80,9655.3501,120.89,0.058,23.16,19.84,19.84,1,1.65,
KMT-2022-BLG-2625,BLG37M0803.030207,17:45:10.72,-35:00:48.10,9863.86245,25.73,0.038,20.14,19.59,19.59,1,1.34,MB22550
KMT-2022-BLG-2626,BLG37N0607.019426,17:46:23.40,-35:39:07.60,9666.04249,49.97,0.89,19.47,19.14,19.14,1,1.36,
KMT-2022-BLG-2627,BLG38K0301.004243,17:53:22.84,-22:26:59.14,9645.93818,33.74,0.798,18.74,17.64,17.64,4,2.33,
KMT-2022-BLG-2628,BLG38T0207.001534,17:54:14.31,-22:46:10.88,9659.6763,33.63,0.993,17.22,16.72,16.72,4,2.8,
KMT-2022-BLG-2629,BLG38T0406.022614,17:52:41.93,-22:53:43.30,9665.04035,76.69,0.329,20.01,19.97,19.97,4,2.13,
KMT-2022-BLG-2630,BLG38T0708.004733,17:51:31.25,-22:35:53.70,9647.31889,62.7,0.895,18.04,17.78,17.78,1,2.09,
KMT-2022-BLG-2631,BLG41K0101.002664,17:53:48.04,-31:09:47.09,9633.60594,80.23,0.428,18.81,16.35,16.35,1,2.06,
KMT-2022-BLG-2632,BLG41K0406.015292,17:51:53.62,-30:27:30.38,9646.84672,24.71,0.382,19.7,18.7,18.7,1,2.33,
KMT-2022-BLG-2633,SAO41K0505.051455,17:51:22.53,-30:41:51.50,9698.718,6.9,0.048,20.53,20.0,20.25,1,2.43,
KMT-2022-BLG-2634,SAO41K0703.003564,17:50:06.61,-30:50:05.78,9768.36711,0.85,0.438,19.97,17.07,17.07,1,2.66,
KMT-2022-BLG-2635,SAO41K0805.023025,17:49:23.35,-30:39:45.00,9690.71578,50.68,0.363,21.03,19.52,19.52,1,3.39,
KMT-2022-BLG-2636,BLG41K0807.009346,17:49:44.09,-30:20:43.51,9637.71765,13.15,0.813,18.61,18.67,18.67,2,3.78,
KMT-2022-BLG-2637,BLG41M0104.003542,17:58:40.79,-30:44:57.70,9626.33653,11.85,0.2,16.7,16.56,16.56,1,1.65,MB22006
KMT-2022-BLG-2638,BLG41M0402.020337,17:56:56.59,-31:00:36.79,9861.7328,24.83,0.378,20.27,18.48,18.48,1,1.12,
KMT-2022-BLG-2639,BLG41M0502.071323,17:56:31.57,-31:03:07.88,9866.70446,198.5,0.009,23.81,19.84,19.84,1,1.36,
KMT-2022-BLG-2640,BLG41M0503.013050,17:56:14.49,-30:50:49.09,9632.21432,138.8,0.033,22.43,17.95,17.95,1,1.24,
KMT-2022-BLG-2641,BLG41M0604.011853,17:55:31.01,-30:48:50.80,9865.89598,10.17,0.241,19.11,18.01,18.01,1,1.45,
KMT-2022-BLG-2642,SAO41M0808.005108,17:54:23.74,-30:14:19.36,9831.76589,8.9,0.021,21.43,17.4,17.4,2,1.67,MB22487
KMT-2022-BLG-2643,BLG41N0202.017138,17:58:18.72,-32:11:02.80,9613.9686,23.29,0.461,18.92,18.93,18.93,1,1.44,
KMT-2022-BLG-2644,BLG41N0302.029499,17:57:23.69,-32:09:39.20,9808.83527,1.19,0.067,20.39,19.25,19.25,1,1.34,
KMT-2022-BLG-2645,BLG41N0307.009665,17:57:29.35,-31:31:21.40,9643.37111,7.83,0.9,18.61,18.3,18.3,1,1.52,
KMT-2022-BLG-2646,SSO41N0702.054901,17:55:07.60,-32:06:19.51,9790.34449,9.09,0.043,20.58,19.94,19.94,1,1.54,MB22424
KMT-2022-BLG-2647,BLG41N0808.008934,17:54:29.29,-31:23:40.70,9866.84664,57.12,0.428,21.03,18.01,18.01,1,1.67,
KMT-2022-BLG-2648,SAO41T0803.015077,17:49:38.08,-31:58:48.00,9648.68637,0.99,0.271,20.0,20.0,21.79,2,5.2,
KMT-2022-BLG-2649,SAO42K0205.036702,17:53:12.30,-28:30:25.06,9776.8,28.39,0.075,22.13,20.0,20.38,3,2.6,
KMT-2022-BLG-2650,SAO42K0206.088335,17:53:08.38,-28:26:53.41,9740.84595,15.25,0.603,19.94,20.0,25.0,3,2.46,
KMT-2022-BLG-2651,BLG42K0301.037330,17:52:21.13,-29:05:21.01,9714.06589,10.02,0.028,21.95,19.62,19.62,1,2.6,
KMT-2022-BLG-2652,BLG42K0403.018519,17:52:07.50,-28:46:54.91,9627.81713,51.19,0.072,19.78,19.67,19.67,2,3.37,
KMT-2022-BLG-2653,BLG42K0403.059046,17:51:46.87,-28:43:21.94,9670.34288,6.23,0.031,22.27,20.0,21.7,3,4.37,
KMT-2022-BLG-2654,SAO42K0406.062154,17:52:11.90,-28:24:08.35,9695.26647,70.4,0.014,22.65,20.0,21.54,2,3.13,
KMT-2022-BLG-2655,SAO42K0504.004276,17:51:08.60,-28:37:37.78,9647.62578,199.97,0.034,22.36,18.06,18.06,4,4.13,
KMT-2022-BLG-2656,SAO42K0506.029106,17:51:16.00,-28:26:34.33,9863.51823,199.93,0.037,23.27,20.0,20.42,2,3.73,
KMT-2022-BLG-2657,BLG42K0507.052322,17:51:34.55,-28:17:15.61,9659.38387,20.76,0.503,19.87,20.0,21.75,2,3.52,
KMT-2022-BLG-2658,BLG42K0606.028762,17:51:00.64,-28:23:00.85,9662.66313,21.91,0.023,22.49,20.0,21.2,2,4.18,
KMT-2022-BLG-2659,BLG42M0104.004581,17:58:33.97,-28:38:23.89,9636.81872,23.09,0.816,17.08,16.28,16.28,1,1.45,MB22030
KMT-2022-BLG-2660,SAO42M0401.041770,17:56:56.11,-29:01:12.79,9771.18875,26.7,0.782,19.36,19.39,19.39,1,1.95,
KMT-2022-BLG-2661,SAO42M0602.017010,17:55:28.94,-28:54:28.22,9645.51691,2.47,0.454,18.31,18.37,18.37,2,2.02,
KMT-2022-BLG-2662,SSO42M0602.027715,17:55:40.30,-28:53:13.16,9638.65536,13.13,0.056,19.03,18.95,18.95,2,1.83,MB22045
KMT-2022-BLG-2663,SAO42M0606.076899,17:55:37.18,-28:21:03.35,9864.23271,186.33,0.009,22.84,20.0,21.34,2,2.62,
KMT-2022-BLG-2664,SAO42M0701.004986,17:54:58.38,-28:59:31.99,9727.78589,50.02,0.697,17.0,16.64,16.64,1,1.92,
KMT-2022-BLG-2665,BLG42M0701.024673,17:54:54.31,-28:58:39.61,9648.25772,196.66,0.06,21.32,18.86,18.86,1,1.84,
KMT-2022-BLG-2666,BLG42M0803.021502,17:54:29.74,-28:49:01.06,9674.53803,18.06,0.301,22.22,18.73,18.73,2,1.88,
KMT-2022-BLG-2667,BLG42N0402.045200,17:56:48.65,-30:01:40.19,9669.57182,20.29,0.576,20.46,19.19,19.19,1,1.43,
KMT-2022-BLG-2668,BLG42N0502.039290,17:56:01.13,-30:00:25.99,9632.95488,30.34,0.476,19.37,19.1,19.1,1,1.67,
KMT-2022-BLG-2669,BLG42N0602.016681,17:55:35.64,-29:59:07.91,9657.05064,199.95,0.188,19.56,18.29,18.29,1,1.5,
KMT-2022-BLG-2670,SAO42N0705.091377,17:55:06.64,-29:41:00.20,9649.08768,20.82,0.301,19.82,19.8,19.8,1,1.43,
KMT-2022-BLG-2671,BLG42N0804.022656,17:54:26.56,-29:46:11.32,9626.17151,29.38,0.103,18.27,18.14,18.14,1,1.36,
KMT-2022-BLG-2672,SAO42N0807.088600,17:54:20.67,-29:23:28.39,9736.74436,22.71,0.541,20.04,19.94,19.94,1,1.68,
KMT-2022-BLG-2673,BLG42T0102.019912,17:53:50.77,-29:59:50.21,9655.05374,199.57,0.01,23.86,18.22,18.22,1,1.64,
KMT-2022-BLG-2674,SSO42T0108.055856,17:53:52.72,-29:16:48.61,9862.08282,20.33,0.011,21.39,19.36,19.36,1,1.95,
KMT-2022-BLG-2675,BLG42T0302.010743,17:52:37.67,-29:59:08.09,9611.53072,21.85,0.201,18.62,17.47,17.47,1,2.12,
KMT-2022-BLG-2676,SAO42T0304.019238,17:52:29.42,-29:49:26.90,9735.90805,38.84,0.003,24.5,18.35,18.35,1,2.08,
KMT-2022-BLG-2677,SAO42T0407.052203,17:51:47.74,-29:21:21.71,9646.97997,140.31,0.506,20.04,20.0,20.12,1,3.01,
KMT-2022-BLG-2678,BLG42T0502.013310,17:51:21.27,-30:00:31.39,9874.53328,11.73,0.073,20.67,18.04,18.04,1,2.54,
KMT-2022-BLG-2679,BLG42T0502.045674,17:51:20.01,-30:01:31.80,9629.18785,32.71,0.105,21.06,19.68,19.68,1,2.49,
KMT-2022-BLG-2680,SAO42T0805.005899,17:49:54.00,-29:41:39.91,9740.68854,7.63,0.161,21.27,18.03,18.03,1,3.59,
KMT-2022-BLG-2681,BLG43K0102.016667,18:01:12.05,-27:50:08.99,9872.21827,18.2,0.153,19.36,18.12,18.12,1,1.25,MB22563
KMT-2022-BLG-2682,BLG43K0103.023513,18:01:14.27,-27:39:30.49,9867.84848,49.83,0.204,20.83,18.56,18.56,1,1.34,
KMT-2022-BLG-2683,BLG43K0207.010803,18:00:43.33,-27:10:44.62,9645.78016,45.85,0.796,18.54,18.06,18.06,1,1.8,
KMT-2022-BLG-2684,BLG43K0405.019547,17:59:28.75,-27:28:51.60,9717.30093,7.97,0.395,19.58,18.79,18.79,1,1.9,
KMT-2022-BLG-2685,SAO43K0501.002440,17:59:05.40,-27:59:13.31,9724.50345,2.7,0.078,21.59,16.22,16.22,1,1.95,
KMT-2022-BLG-2686,BLG43K0706.050299,17:57:55.95,-27:18:54.79,9656.79727,8.03,0.672,20.13,20.0,21.08,2,2.8,
KMT-2022-BLG-2687,BLG43K0801.052940,17:57:23.99,-27:53:42.14,9657.88864,37.49,0.394,20.51,20.0,20.55,2,2.77,
KMT-2022-BLG-2688,SAO43M0308.041888,18:04:41.74,-27:05:45.89,9854.96267,99.1,0.002,23.38,19.13,19.13,1,1.1,
KMT-2022-BLG-2689,BLG43M0407.003779,18:04:23.01,-27:13:08.51,9635.8311,53.98,0.498,17.8,16.05,16.05,1,0.91,MB22019
KMT-2022-BLG-2690,SSO43M0501.067094,18:03:38.16,-27:54:21.10,9674.28192,15.3,0.307,20.39,19.71,19.71,1,1.23,
KMT-2022-BLG-2691,BLG43N0205.002055,18:05:26.65,-28:31:06.31,9875.07549,58.36,0.651,18.81,15.53,15.53,1,0.97,
KMT-2022-BLG-2692,BLG43N0207.017124,18:05:27.81,-28:20:38.11,9811.33714,20.36,0.039,23.13,18.11,18.11,1,0.87,
KMT-2022-BLG-2693,SAO43N0708.061753,18:02:56.18,-28:13:40.19,9861.53849,12.11,0.023,19.7,19.24,19.24,1,0.83,MB22546
KMT-2022-BLG-2694,SAO43N0803.008669,18:02:02.38,-28:48:30.20,9642.16303,18.46,0.881,17.27,17.27,17.27,1,0.96,MB22072
KMT-2022-BLG-2695,SAO43T0201.066351,18:00:53.68,-29:05:30.19,9775.69865,16.86,0.217,19.53,19.38,19.38,1,1.15,MB22390
KMT-2022-BLG-2696,SAO43T0301.083805,18:00:16.35,-29:04:26.11,9640.92748,32.78,0.226,19.61,19.69,19.69,1,1.01,
KMT-2022-BLG-2697,BLG43T0302.028862,18:00:12.86,-28:57:52.49,9638.07048,26.49,0.21,19.29,18.38,18.38,1,0.9,MB22046
KMT-2022-BLG-2698,SAO43T0404.002996,17:59:43.43,-28:44:47.69,9629.71448,59.85,0.567,17.05,15.6,15.6,1,1.05,MB22007
KMT-2022-BLG-2699,SAO43T0502.010187,17:59:04.84,-28:59:34.91,9882.43213,199.97,0.09,20.4,17.21,17.21,1,1.0,
KMT-2022-BLG-2700,BLG01K0207.052235,17:53:21.16,-30:16:38.10,9653.36108,5.41,0.628,19.53,19.71,19.71,2,1.77,
KMT-2022-BLG-2701,BLG01K0406.077467,17:52:09.33,-30:21:06.41,9868.63616,22.06,0.193,21.12,20.0,20.69,2,2.13,
KMT-2022-BLG-2702,BLG01K0805.003349,17:49:42.97,-30:32:54.89,9629.43252,19.6,0.998,18.07,16.92,16.92,1,2.91,
KMT-2022-BLG-2703,SAO01T0104.003679,17:53:44.57,-31:47:42.61,9728.96978,27.5,0.083,21.7,16.61,16.61,1,1.93,
KMT-2022-BLG-2704,SAO02K0107.057018,17:54:14.08,-28:06:08.82,9766.68172,0.5,0.104,19.43,20.0,22.26,2,4.02,
KMT-2022-BLG-2705,SAO02K0205.016224,17:53:38.57,-28:22:51.02,9685.47947,37.46,0.613,20.33,18.93,18.93,2,2.74,
KMT-2022-BLG-2706,SAO02M0306.004708,17:57:37.04,-28:15:30.60,9802.74444,1.94,0.974,16.86,16.29,16.29,1,1.63,
KMT-2022-BLG-2707,SAO02M0507.006024,17:56:31.49,-28:09:18.22,9863.63043,199.42,0.241,20.8,16.77,16.77,1,1.83,
KMT-2022-BLG-2708,BLG02M0705.026534,17:55:35.01,-28:23:00.82,9675.78055,12.45,0.66,19.51,19.57,19.57,2,2.5,
KMT-2022-BLG-2709,BLG02N0103.038716,17:59:00.33,-29:45:20.41,9694.19432,15.14,0.08,21.54,18.81,18.81,1,1.16,
KMT-2022-BLG-2710,BLG02N0106.008801,17:58:56.89,-29:22:11.71,9646.97277,72.45,0.99,17.48,17.23,17.23,1,1.31,
KMT-2022-BLG-2711,BLG02N0404.042931,17:57:23.81,-29:40:49.01,9692.04778,71.99,0.028,22.85,19.17,19.17,1,1.51,
KMT-2022-BLG-2712,BLG02N0605.005658,17:56:02.51,-29:28:47.39,9642.29974,69.86,0.774,18.76,16.46,16.46,1,1.86,
KMT-2022-BLG-2713,BLG03M0304.038085,18:05:28.63,-27:28:46.31,9671.06054,4.75,0.028,21.9,18.86,18.86,1,0.77,
KMT-2022-BLG-2714,BLG03M0408.024943,18:04:34.93,-26:55:19.99,9745.51975,49.1,0.275,20.53,18.69,18.69,1,1.34,
KMT-2022-BLG-2715,BLG03M0803.007718,18:02:29.90,-27:35:04.99,9643.99302,9.02,0.119,19.56,17.45,17.45,1,1.39,
KMT-2022-BLG-2716,SAO03N0603.000684,18:03:40.67,-28:41:43.69,9775.53913,199.3,0.999,17.25,14.43,14.43,1,0.8,
KMT-2022-BLG-2717,BLG03N0607.007664,18:03:34.38,-28:07:21.50,9700.97535,23.38,0.102,21.96,17.27,17.27,1,1.02,
KMT-2022-BLG-2718,SAO03N0706.048010,18:02:57.71,-28:18:45.79,9730.1054,22.11,0.706,19.45,18.91,18.91,1,0.82,
KMT-2022-BLG-2719,SAO03N0708.038242,18:02:53.35,-28:01:10.99,9762.27851,5.13,0.489,19.1,18.76,18.76,1,1.05,
KMT-2022-BLG-2720,BLG03T0301.048817,18:00:10.08,-28:56:25.19,9667.76509,8.06,0.999,21.59,18.87,18.87,1,0.93,
KMT-2022-BLG-2721,BLG03T0501.097347,17:59:33.94,-28:58:17.90,9657.9424,114.24,0.016,23.75,20.0,20.03,1,1.05,
KMT-2022-BLG-2722,SAO04K0706.005591,17:59:55.48,-29:19:25.90,9866.86746,58.82,0.918,18.64,16.75,16.75,1,1.34,
KMT-2022-BLG-2723,BLG11M0803.013512,17:28:00.00,-29:38:18.49,9795.90627,7.86,0.82,19.6,18.84,18.84,1,1.92,
KMT-2022-BLG-2724,SAO11T0502.000303,17:24:33.71,-30:47:23.50,9741.57609,48.6,0.676,18.67,16.6,16.6,2,3.94,
KMT-2022-BLG-2725,SAO12N0504.000702,17:29:40.15,-28:24:37.69,9742.64879,53.24,0.125,22.46,15.99,15.99,2,2.09,
KMT-2022-BLG-2726,BLG12T0405.002375,17:25:33.21,-28:21:08.14,9666.77796,63.47,0.574,17.7,17.39,17.39,2,2.04,
KMT-2022-BLG-2727,BLG13M0204.009377,17:38:45.37,-33:51:08.53,9719.10941,200.0,0.277,18.5,19.46,19.46,2,3.52,
KMT-2022-BLG-2728,BLG13M0304.001615,17:38:34.15,-33:48:39.82,9749.93552,173.06,0.774,18.16,17.59,17.59,2,3.44,
KMT-2022-BLG-2729,SAO14K0107.008693,17:36:14.79,-27:58:45.34,9694.56151,60.52,0.985,19.37,19.37,19.37,2,3.3,
KMT-2022-BLG-2730,BLG14K0202.084121,17:35:50.42,-28:42:12.60,9644.15093,28.58,0.841,19.89,20.0,21.62,2,2.88,
KMT-2022-BLG-2731,BLG14M0304.009492,17:40:05.14,-28:24:22.03,9711.89157,15.37,0.916,19.43,19.41,19.41,2,4.06,
KMT-2022-BLG-2732,SSO14M0605.018164,17:38:12.60,-28:15:10.30,9784.46621,25.47,0.595,19.99,20.0,20.54,2,3.87,
KMT-2022-BLG-2733,BLG14N0805.085492,17:37:09.82,-29:20:32.53,9652.15056,8.88,0.907,20.02,20.0,22.15,2,3.65,
KMT-2022-BLG-2734,BLG14T0405.004663,17:34:35.57,-29:22:35.40,9790.15331,42.04,1.0,19.21,18.06,18.06,2,3.02,
KMT-2022-BLG-2735,SAO15N0102.008029,17:41:19.20,-27:37:02.14,9755.20491,31.21,0.01,23.94,18.67,18.67,2,3.19,
KMT-2022-BLG-2736,BLG15N0205.098532,17:40:49.21,-27:17:20.18,9693.57406,39.07,0.299,21.96,20.0,22.26,3,3.14,
KMT-2022-BLG-2737,BLG15N0307.059586,17:39:57.41,-26:57:53.96,9824.51158,9.57,0.911,20.05,20.0,21.54,2,3.71,
KMT-2022-BLG-2738,BLG15N0406.106392,17:39:30.88,-27:07:30.40,9691.07618,18.61,0.076,22.13,20.0,22.06,2,2.88,
KMT-2022-BLG-2739,BLG15N0505.030006,17:38:48.50,-27:20:01.82,9752.77478,20.14,0.698,19.38,20.0,20.23,2,2.63,
KMT-2022-BLG-2740,BLG15N0507.048537,17:39:04.92,-27:03:40.07,9661.76879,16.51,0.275,21.74,20.0,21.05,2,2.8,
KMT-2022-BLG-2741,BLG15N0603.007770,17:38:18.26,-27:31:10.27,9823.1413,55.47,0.998,19.46,18.51,18.51,2,2.62,
KMT-2022-BLG-2742,BLG16M0204.081615,17:40:49.30,-24:12:40.46,9743.43117,19.95,0.733,20.06,20.0,25.0,3,1.98,
KMT-2022-BLG-2743,BLG16M0403.056007,17:39:54.15,-24:17:17.99,9723.49378,49.66,0.328,21.44,20.0,20.8,2,1.77,
KMT-2022-BLG-2744,BLG17K0801.002999,17:39:43.24,-33:08:39.41,9823.26876,25.65,1.0,18.04,17.9,17.9,2,3.46,
KMT-2022-BLG-2745,BLG17N0603.064938,17:46:32.13,-34:02:53.81,9768.93205,39.03,0.48,20.52,20.0,20.29,1,1.55,
KMT-2022-BLG-2746,BLG18K0105.007709,17:45:26.60,-26:04:32.70,9680.78926,119.66,0.095,21.2,18.46,18.46,4,2.55,
KMT-2022-BLG-2747,SAO18K0107.002495,17:45:39.99,-25:51:51.70,9833.42538,38.37,0.996,19.42,17.36,17.36,2,2.75,
KMT-2022-BLG-2748,SAO18K0303.016110,17:44:19.08,-26:23:20.26,9835.32338,29.06,0.814,19.9,20.0,20.03,2,3.25,
KMT-2022-BLG-2749,BLG18K0503.083087,17:43:08.18,-26:19:15.53,9649.63963,58.43,0.25,21.31,20.0,21.61,2,2.98,
KMT-2022-BLG-2750,BLG18T0607.002315,17:42:33.33,-27:01:52.54,9671.81347,48.61,0.997,18.28,18.0,18.0,2,3.93,
KMT-2022-BLG-2751,SAO19K0702.045603,17:42:29.94,-24:23:45.20,9773.39228,48.8,0.111,22.76,20.0,20.03,1,2.02,
KMT-2022-BLG-2752,BLG19M0105.030001,17:50:26.52,-24:05:29.04,9754.06742,22.54,0.288,21.27,20.0,20.83,2,2.86,
KMT-2022-BLG-2753,BLG19T0307.003841,17:44:28.59,-24:52:37.60,9698.14117,139.1,0.828,18.12,18.05,18.05,2,2.87,
KMT-2022-BLG-2754,SAO20K0304.000608,17:44:40.54,-21:59:15.18,9632.04558,72.28,0.464,19.52,15.64,15.64,4,1.52,
KMT-2022-BLG-2755,BLG20N0401.037977,17:48:30.17,-23:35:39.26,9666.37323,40.63,0.174,21.21,20.0,20.62,2,2.05,
KMT-2022-BLG-2756,BLG21M0406.000929,17:57:23.54,-34:34:04.51,9819.81214,127.8,0.992,16.77,15.32,15.32,1,0.66,
KMT-2022-BLG-2757,BLG22K0303.012741,17:52:35.50,-32:56:19.50,9822.2991,18.86,0.005,22.19,18.46,18.46,1,1.66,
KMT-2022-BLG-2758,SAO22K0305.050939,17:53:01.97,-32:37:00.52,9782.53982,20.27,0.401,20.22,19.82,19.82,1,1.69,
KMT-2022-BLG-2759,SAO31N0506.039549,18:15:28.20,-26:12:47.59,9631.43255,31.44,0.166,19.55,19.53,19.53,1,0.83,MB22058
KMT-2022-BLG-2760,SAO32K0106.022891,18:10:37.79,-27:08:07.40,9679.76463,34.73,0.276,18.39,18.78,18.78,1,1.17,
KMT-2022-BLG-2761,BLG32N0501.013540,18:13:29.55,-28:58:23.41,9714.02326,20.06,0.073,20.92,18.33,18.33,1,0.48,
KMT-2022-BLG-2762,SAO33K0105.003119,18:12:41.61,-29:28:58.40,9687.61455,51.24,0.535,19.59,16.81,16.81,1,0.54,
KMT-2022-BLG-2763,BLG34K0101.001383,18:03:34.07,-32:02:08.09,9856.91718,197.06,0.823,18.08,15.69,15.69,1,0.99,
KMT-2022-BLG-2764,SAO35N0105.066712,18:08:31.15,-26:19:21.50,9731.10208,52.31,0.422,20.1,20.0,20.34,1,1.63,
KMT-2022-BLG-2765,BLG35N0304.004162,18:07:26.17,-26:29:17.59,9740.1974,34.07,0.507,19.97,16.95,16.95,1,1.33,
KMT-2022-BLG-2766,SAO37M0503.034853,17:46:50.97,-34:58:44.29,9781.31804,50.13,0.485,19.98,19.33,19.33,1,1.21,
KMT-2022-BLG-2767,BLG41M0602.018189,17:55:52.93,-31:04:12.29,9724.29925,64.23,0.06,23.14,18.38,18.38,1,1.42,
KMT-2022-BLG-2768,BLG41M0705.026361,17:55:05.14,-30:38:55.79,9628.33839,11.99,0.538,19.21,19.22,19.22,1,2.05,
KMT-2022-BLG-2769,BLG41M0705.062995,17:55:06.75,-30:39:39.82,9700.00352,7.35,0.097,22.04,20.0,20.19,1,1.87,
KMT-2022-BLG-2770,BLG41M0801.001039,17:54:36.71,-31:11:21.08,9680.12713,104.92,0.858,17.43,15.22,15.22,1,1.7,
KMT-2022-BLG-2771,SAO41M0802.063066,17:54:36.32,-31:00:12.49,9758.89642,19.61,0.276,21.61,19.66,19.66,1,1.35,
KMT-2022-BLG-2772,BLG41N0206.072382,17:57:56.48,-31:39:39.49,9672.55096,39.23,0.077,23.51,20.0,20.48,1,1.41,
KMT-2022-BLG-2773,SSO41N0306.016583,17:57:44.09,-31:39:54.79,9638.25652,29.49,0.018,23.61,18.83,18.83,1,1.41,
KMT-2022-BLG-2774,BLG41N0807.066475,17:54:31.81,-31:30:04.79,9677.01868,20.14,0.4,21.36,20.0,20.07,1,1.51,
KMT-2022-BLG-2775,SAO41T0402.044749,17:52:06.90,-32:10:47.78,9746.33958,51.41,0.239,21.37,19.93,19.93,1,1.94,
KMT-2022-BLG-2776,BLG41T0503.052679,17:51:11.54,-32:02:31.20,9680.95394,173.11,0.026,24.22,20.0,21.17,2,2.53,
KMT-2022-BLG-2777,BLG41T0505.016213,17:51:05.44,-31:46:13.19,9668.75545,79.81,0.798,20.05,20.0,20.81,2,3.76,
KMT-2022-BLG-2778,SAO42K0201.018107,17:53:10.77,-28:59:49.99,9791.10391,18.63,0.593,20.32,18.33,18.33,1,2.49,
KMT-2022-BLG-2779,BLG42M0106.088787,17:58:41.44,-28:25:40.40,9644.67266,12.15,0.112,20.46,20.0,20.21,1,1.36,
KMT-2022-BLG-2780,BLG42M0201.041951,17:57:50.17,-29:03:32.51,9694.63903,10.67,0.186,21.04,19.14,19.14,1,1.85,
KMT-2022-BLG-2781,BLG42M0704.018853,17:55:03.95,-28:35:55.32,9659.597,15.1,0.815,19.53,18.85,18.85,2,2.32,
KMT-2022-BLG-2782,BLG42M0804.015789,17:54:22.39,-28:37:58.62,9756.66507,40.09,0.646,19.5,18.46,18.46,4,2.17,
KMT-2022-BLG-2783,BLG42N0102.062938,17:58:49.05,-30:02:54.38,9696.4725,7.14,0.744,19.5,19.59,19.59,1,1.26,
KMT-2022-BLG-2784,BLG42N0204.064376,17:58:00.91,-29:46:37.31,9643.2726,14.49,0.49,19.98,19.44,19.44,1,1.19,
KMT-2022-BLG-2785,BLG42N0303.046567,17:57:21.54,-29:50:27.31,9661.84374,11.74,0.82,19.69,19.49,19.49,1,1.63,
KMT-2022-BLG-2786,BLG42N0305.003100,17:57:26.53,-29:36:14.40,9831.3044,57.28,0.943,18.66,15.92,15.92,1,1.44,
KMT-2022-BLG-2787,SAO42N0507.008745,17:56:20.75,-29:21:00.40,9761.51034,1.89,0.894,19.1,17.2,17.2,1,1.99,
KMT-2022-BLG-2788,SAO42N0707.093168,17:55:06.38,-29:23:53.02,9824.40459,63.02,0.213,21.42,20.0,20.07,1,1.63,
KMT-2022-BLG-2789,BLG42T0208.013744,17:52:59.05,-29:13:45.52,9680.9861,73.71,0.033,23.57,17.86,17.86,1,2.24,
KMT-2022-BLG-2790,SSO42T0307.076283,17:52:39.17,-29:26:10.00,9747.49636,4.87,0.288,19.8,20.0,20.55,1,2.49,
KMT-2022-BLG-2791,BLG42T0601.061504,17:50:57.41,-30:11:54.10,9639.81095,4.83,0.062,21.61,20.0,20.4,1,2.45,
KMT-2022-BLG-2792,BLG43K0107.078771,18:01:11.70,-27:10:24.71,9635.02209,57.97,0.28,20.76,20.0,20.93,1,2.05,
KMT-2022-BLG-2793,SAO43K0608.000559,17:58:22.79,-27:07:25.39,9872.77233,78.12,0.225,19.94,15.74,15.74,2,3.09,
KMT-2022-BLG-2794,BLG43M0306.071247,18:04:48.13,-27:19:02.50,9685.59402,11.85,0.112,21.21,19.66,19.66,1,0.95,
KMT-2022-BLG-2795,BLG43M0403.104776,18:04:22.24,-27:42:25.60,9724.43662,13.07,0.105,21.55,20.0,20.81,1,1.06,
KMT-2022-BLG-2796,SAO43N0107.049056,18:06:00.60,-28:14:28.72,9692.72935,166.45,0.051,23.13,19.39,19.39,1,0.77,
KMT-2022-BLG-2797,BLG43N0503.003305,18:04:02.33,-28:48:14.80,9750.5608,51.67,0.378,19.79,15.85,15.85,1,0.81,
KMT-2022-BLG-2798,BLG43N0603.083109,18:03:23.68,-28:47:16.12,9789.86969,4.03,0.113,21.18,19.81,19.81,1,0.79,
KMT-2022-BLG-2799,BLG43N0803.041332,18:01:55.72,-28:49:35.51,9804.60149,18.92,0.019,21.38,18.78,18.78,1,1.0,MB22448
KMT-2022-BLG-2800,SAO43N0805.001449,18:01:55.47,-28:34:31.80,9825.41527,59.76,0.985,17.03,15.13,15.13,1,0.95,
KMT-2022-BLG-2801,SAO43T0304.077693,18:00:06.08,-28:44:06.11,9732.26368,10.58,0.657,19.76,19.5,19.5,1,1.14,
KMT-2022-BLG-2802,SAO43T0501.080228,17:59:12.15,-29:00:18.90,9711.74059,4.66,0.609,19.36,19.5,19.5,1,1.02,
KMT-2022-BLG-2803,SSO43T0506.083026,17:59:00.53,-28:24:31.72,9822.015,104.6,0.425,18.32,19.75,19.75,1,1.32,
