Event,FieldStarID,RA,Dec,t_0,t_E,u_0,Isource,Ibase,Icat,Ctype,A_I,Related_event
KMT-2021-BLG-0001,BLG01K0408.040426,17:52:30.92,-30:08:03.41,9278.72359,16.62,0.2,19.19,19.27,19.27,2,1.77,
KMT-2021-BLG-0002,SAO01K0502.034298,17:51:52.97,-30:51:15.80,9278.86465,40.46,0.01,22.25,19.63,19.63,1,2.29,
KMT-2021-BLG-0003,BLG01K0606.060103,17:50:49.26,-30:25:16.21,9280.57798,20.71,0.073,19.96,20.0,20.53,1,2.65,
KMT-2021-BLG-0004,BLG01K0708.062298,17:50:25.90,-30:11:19.00,9283.01666,9.28,0.026,20.48,20.0,20.77,1,2.93,
KMT-2021-BLG-0005,SAO01M0506.004814,17:56:23.38,-30:24:29.99,9286.60071,49.08,0.147,17.77,17.1,17.1,1,2.31,MB21011
KMT-2021-BLG-0006,BLG01N0101.012747,17:59:00.92,-32:10:18.30,9282.82792,26.39,0.038,19.29,18.89,18.89,1,1.27,MB21016
KMT-2021-BLG-0007,BLG01N0201.010471,17:58:20.08,-32:07:16.90,9290.58153,17.22,0.49,18.55,18.55,18.55,1,1.48,
KMT-2021-BLG-0008,BLG01N0806.046547,17:54:53.80,-31:29:42.90,9281.83223,15.27,0.426,19.42,19.51,19.51,1,1.43,
KMT-2021-BLG-0009,SAO02K0104.004965,17:54:07.17,-28:30:00.00,9309.90534,51.82,0.479,17.16,17.12,17.12,2,2.34,MB21046
KMT-2021-BLG-0010,SSO02K0403.020571,17:52:10.29,-28:39:38.56,9282.50624,29.63,0.116,19.87,19.93,19.93,2,3.39,
KMT-2021-BLG-0011,BLG02K0503.051361,17:51:41.18,-28:35:46.43,9282.43881,16.84,0.047,20.64,20.0,21.89,2,4.02,
KMT-2021-BLG-0012,BLG02N0603.022274,17:55:59.81,-29:48:15.91,9281.13289,15.22,0.023,20.69,18.44,18.44,1,1.8,
KMT-2021-BLG-0013,SAO11K0802.074025,17:22:50.04,-29:40:57.76,9284.3478,39.87,0.064,21.46,20.0,21.7,2,1.87,
KMT-2021-BLG-0014,BLG11N0102.015620,17:31:47.93,-30:48:30.85,9277.68759,29.43,0.278,19.94,20.0,20.4,2,3.23,
KMT-2021-BLG-0015,BLG11N0703.005335,17:28:23.97,-30:39:19.26,9278.8702,57.87,0.258,20.41,19.11,19.11,2,3.45,
KMT-2021-BLG-0016,BLG12N0703.046864,17:28:49.25,-28:35:32.21,9276.64006,4.87,0.429,19.96,20.0,20.52,2,1.83,
KMT-2021-BLG-0017,BLG14K0407.004887,17:34:38.01,-27:58:26.90,9283.30298,38.29,0.116,18.08,18.09,18.09,2,2.89,
KMT-2021-BLG-0018,SAO14M0508.001597,17:38:43.03,-27:56:54.13,9282.95726,9.69,0.692,16.8,16.79,16.79,2,2.87,
KMT-2021-BLG-0019,BLG14T0402.019215,17:34:25.22,-29:44:55.90,9281.04339,16.74,0.118,20.01,20.0,20.05,2,2.98,
KMT-2021-BLG-0020,SAO14T0806.020815,17:32:21.97,-29:17:33.58,9277.39397,12.95,0.002,20.13,20.0,20.06,2,2.38,
KMT-2021-BLG-0021,BLG15K0104.005209,17:36:22.44,-26:16:18.80,9281.84059,9.83,0.432,19.13,19.1,19.1,2,3.11,
KMT-2021-BLG-0022,BLG15K0404.053365,17:34:40.71,-26:18:27.65,9282.77991,18.14,0.041,20.87,20.0,21.53,2,2.79,
KMT-2021-BLG-0023,BLG15N0401.000701,17:39:19.38,-27:43:54.95,9281.85972,35.29,0.172,18.51,16.13,16.13,2,2.79,
KMT-2021-BLG-0024,BLG15N0405.004309,17:39:22.43,-27:17:56.87,9274.71985,45.54,0.186,19.28,17.71,17.71,2,2.61,
KMT-2021-BLG-0025,BLG16M0106.002429,17:41:09.19,-23:53:08.84,9275.99909,31.41,0.219,17.09,17.14,17.14,2,1.71,
KMT-2021-BLG-0026,BLG16M0706.007450,17:38:03.82,-23:53:33.00,9285.00065,27.75,0.192,20.38,18.77,18.77,2,1.62,
KMT-2021-BLG-0027,BLG16M0706.025201,17:37:44.26,-23:56:42.58,9281.96388,14.19,0.135,19.94,19.85,19.85,2,1.65,
KMT-2021-BLG-0028,BLG16N0205.006139,17:40:38.48,-25:10:14.81,9277.98625,19.26,0.401,19.34,18.26,18.26,1,2.5,
KMT-2021-BLG-0029,SAO18T0802.016928,17:41:53.54,-27:39:55.73,9280.22822,17.1,0.08,19.92,19.83,19.83,2,3.67,
KMT-2021-BLG-0030,BLG19M0604.002964,17:47:31.40,-24:08:31.49,9297.12671,31.19,0.056,17.15,17.16,17.16,2,2.39,
KMT-2021-BLG-0031,SAO20T0202.006241,17:44:58.10,-23:23:00.38,9280.50746,43.63,0.395,17.77,17.83,17.83,1,1.59,
KMT-2021-BLG-0032,BLG21T0806.043037,17:49:29.78,-35:44:16.19,9341.56975,1.45,0.72,19.15,19.83,19.83,1,0.95,
KMT-2021-BLG-0033,SAO21T0808.003475,17:49:48.54,-35:30:08.39,9278.2998,29.59,0.47,18.3,17.06,17.06,1,0.89,
KMT-2021-BLG-0034,BLG22K0402.017257,17:52:19.49,-32:57:06.98,9286.65557,19.96,0.22,19.53,18.95,18.95,1,1.71,
KMT-2021-BLG-0035,BLG22N0506.032092,17:56:41.58,-33:37:53.29,9294.03544,34.67,0.073,19.61,19.3,19.3,1,1.03,
KMT-2021-BLG-0036,SAO22T0507.003484,17:51:18.99,-33:26:47.65,9286.82223,21.1,0.09,18.63,17.29,17.29,2,1.69,MB21026
KMT-2021-BLG-0037,SSO31T0202.005217,18:12:36.68,-26:44:32.71,9286.65824,9.83,0.147,17.23,17.26,17.26,1,0.99,MB21014
KMT-2021-BLG-0038,BLG32K0307.013460,18:09:32.78,-27:02:15.40,9282.05426,26.33,0.136,19.34,18.51,18.51,1,1.29,
KMT-2021-BLG-0039,BLG32N0802.002548,18:11:43.50,-28:52:04.12,9287.70782,12.0,0.579,16.75,16.31,16.31,1,0.56,MB21017
KMT-2021-BLG-0040,SAO34K0207.000224,18:03:11.34,-31:17:04.60,9305.33091,23.99,0.347,14.06,14.01,14.01,1,1.2,
KMT-2021-BLG-0041,SAO34K0704.017128,18:00:01.20,-31:37:38.39,9281.67538,19.61,0.65,18.85,18.87,18.87,1,1.39,
KMT-2021-BLG-0042,BLG35K0203.001426,18:03:26.53,-25:26:37.86,9454.87063,90.92,0.997,17.55,16.81,16.81,2,2.86,
KMT-2021-BLG-0043,SAO35T0408.001368,18:02:19.49,-25:59:54.46,9283.09231,199.93,0.056,19.3,17.67,17.67,2,3.68,
KMT-2021-BLG-0044,BLG38K0101.000029,17:54:26.46,-22:26:57.91,9285.30786,12.06,0.69,14.62,13.11,13.11,4,2.66,
KMT-2021-BLG-0045,BLG41K0404.018029,17:51:59.14,-30:47:51.11,9281.64009,21.09,0.312,18.7,18.67,18.67,1,2.23,
KMT-2021-BLG-0046,SAO41N0601.002982,17:55:33.57,-32:15:57.31,9429.9795,3.89,0.931,18.39,16.58,16.58,1,1.7,
KMT-2021-BLG-0047,BLG42M0207.066877,17:58:03.65,-28:14:48.59,9275.30057,4.62,0.003,19.25,19.75,19.75,1,2.03,
KMT-2021-BLG-0048,BLG01N0301.003627,17:57:45.65,-32:08:19.28,9301.93682,37.88,0.385,16.7,16.88,16.88,1,1.45,MB21020
KMT-2021-BLG-0049,BLG02M0402.010705,17:57:08.97,-28:47:04.20,9293.55339,14.18,0.404,18.1,17.62,17.62,1,1.71,MB21043
KMT-2021-BLG-0050,BLG02M0508.030045,17:56:31.13,-28:01:50.81,9282.26046,25.29,0.494,19.14,19.16,19.16,1,1.83,
KMT-2021-BLG-0051,BLG02M0708.008102,17:55:37.50,-28:01:38.82,9286.89108,36.14,0.107,20.27,18.63,18.63,2,2.94,
KMT-2021-BLG-0052,BLG02N0308.013599,17:57:51.91,-29:05:55.39,9287.42464,8.36,0.354,18.97,17.95,17.95,1,1.41,
KMT-2021-BLG-0053,BLG02T0608.010061,17:51:00.30,-29:08:26.48,9284.75401,2.88,0.052,18.92,18.83,18.83,1,4.44,
KMT-2021-BLG-0054,BLG11T0304.011884,17:25:52.84,-30:36:08.39,9284.84904,4.82,0.275,19.92,20.0,20.32,2,3.1,
KMT-2021-BLG-0055,BLG14K0401.007962,17:34:40.10,-28:45:34.52,9297.74735,42.44,0.549,19.12,19.12,19.12,2,3.32,
KMT-2021-BLG-0056,BLG14M0102.003140,17:41:24.65,-28:37:05.99,9284.99493,65.52,0.836,19.21,19.17,19.17,2,5.45,
KMT-2021-BLG-0057,BLG14T0303.006585,17:35:03.39,-29:41:17.34,9313.9529,41.17,0.23,18.48,18.43,18.43,2,2.89,
KMT-2021-BLG-0058,BLG15M0201.000148,17:40:29.84,-26:37:09.16,9348.35571,125.34,0.311,15.26,15.27,15.27,2,3.08,
KMT-2021-BLG-0059,BLG15T0106.041928,17:36:25.43,-27:09:23.29,9286.94456,35.51,0.129,20.57,20.0,20.04,1,2.49,
KMT-2021-BLG-0060,BLG15T0606.008940,17:33:25.94,-27:11:46.28,9291.75329,24.27,0.324,19.71,19.7,19.7,2,2.57,
KMT-2021-BLG-0061,BLG17N0208.066788,17:48:34.48,-33:23:37.00,9285.31415,20.78,0.024,21.52,20.0,20.67,1,1.73,
KMT-2021-BLG-0062,BLG17T0406.077893,17:42:37.47,-33:38:32.86,9288.39264,18.29,0.284,20.69,20.0,21.89,2,2.63,
KMT-2021-BLG-0063,BLG18K0703.047648,17:42:21.30,-26:19:42.67,9289.61163,13.3,0.064,20.68,20.0,21.04,2,2.99,
KMT-2021-BLG-0064,BLG18T0407.053267,17:43:46.15,-26:55:58.40,9425.95565,0.5,0.09,19.5,20.0,21.61,2,3.19,
KMT-2021-BLG-0065,BLG19K0708.048344,17:42:17.05,-23:40:02.60,9289.52843,22.09,0.203,20.82,20.0,20.66,1,2.05,
KMT-2021-BLG-0066,BLG19T0605.030003,17:42:59.43,-25:13:11.10,9284.58723,9.15,0.197,20.59,19.95,19.95,1,2.65,
KMT-2021-BLG-0067,BLG20K0403.000084,17:44:13.42,-22:07:05.66,9307.19306,18.05,0.4,14.67,14.04,14.04,4,1.73,
KMT-2021-BLG-0068,SSO20N0206.002755,17:49:42.19,-22:51:39.49,9285.24912,31.04,0.083,18.33,16.94,16.94,1,2.15,
KMT-2021-BLG-0069,SAO20N0508.058540,17:48:06.93,-22:42:56.70,9289.57708,24.58,0.118,20.1,20.0,20.53,1,1.7,
KMT-2021-BLG-0070,BLG22M0401.012853,17:57:33.69,-33:04:41.81,9305.00111,44.66,0.502,18.83,18.53,18.53,1,1.26,
KMT-2021-BLG-0071,BLG22N0308.060709,17:57:36.40,-33:20:02.29,9288.21955,48.9,0.052,21.89,20.0,20.55,1,1.21,
KMT-2021-BLG-0072,SAO32K0705.029148,18:07:24.10,-27:22:35.51,9292.29886,74.22,0.024,18.46,18.79,18.79,1,0.98,MB21004
KMT-2021-BLG-0073,BLG32M0402.006934,18:13:58.58,-27:44:17.92,9299.92811,15.83,0.226,17.85,17.44,17.44,1,0.52,MB21036
KMT-2021-BLG-0074,SAO34K0108.007767,18:03:21.99,-31:11:35.92,9286.40309,29.19,0.098,19.88,18.28,18.28,1,1.27,MB21028
KMT-2021-BLG-0075,SAO35T0104.037191,18:03:56.23,-26:24:18.58,9279.21198,6.02,0.399,19.96,20.0,20.96,2,2.94,
KMT-2021-BLG-0076,SSO35T0202.085819,18:03:24.69,-26:43:35.15,9281.86016,31.45,0.048,20.6,20.0,25.0,3,2.02,
KMT-2021-BLG-0077,BLG37N0708.030196,17:45:51.89,-35:27:41.18,9298.79235,32.15,0.078,19.58,19.33,19.33,1,1.24,
KMT-2021-BLG-0078,BLG41N0101.010242,17:58:28.45,-32:15:12.31,9302.22591,73.44,0.116,18.91,18.48,18.48,1,1.44,MB21042
KMT-2021-BLG-0079,BLG42N0408.054447,17:56:46.97,-29:15:39.89,9303.38254,200.0,0.026,20.75,19.53,19.53,1,1.73,MB21041
KMT-2021-BLG-0080,SAO42T0304.004811,17:52:18.99,-29:47:09.10,9292.9223,4.31,0.604,16.44,16.43,16.43,1,2.25,MB21040
KMT-2021-BLG-0081,BLG42T0404.034205,17:51:47.74,-29:43:50.99,9282.64487,13.62,0.412,19.04,19.28,19.28,1,2.72,
KMT-2021-BLG-0082,SSO43K0202.005401,18:00:48.61,-27:49:06.60,9287.75151,8.32,0.987,17.28,16.64,16.64,1,1.67,
KMT-2021-BLG-0083,SSO43K0207.084951,18:00:32.43,-27:09:20.30,9282.03171,44.95,0.048,21.78,20.0,20.66,1,1.91,
KMT-2021-BLG-0084,SSO43K0405.008091,17:59:46.05,-27:25:20.71,9287.19595,14.92,0.009,19.91,17.54,17.54,1,2.15,MB21021
KMT-2021-BLG-0085,BLG43K0502.068963,17:59:06.41,-27:52:21.68,9283.71275,199.16,0.027,23.8,20.0,20.23,1,2.03,
KMT-2021-BLG-0086,SSO43K0607.038447,17:58:36.36,-27:10:44.33,9288.29255,10.9,0.127,20.24,20.0,20.62,2,2.85,
KMT-2021-BLG-0087,BLG43M0108.002068,18:06:00.94,-27:07:17.62,9302.46651,32.78,0.836,15.47,15.5,15.5,1,1.1,
KMT-2021-BLG-0088,BLG43M0207.015725,18:05:27.69,-27:14:01.39,9286.15297,71.23,0.06,22.02,18.06,18.06,1,1.01,
KMT-2021-BLG-0089,SSO43N0704.001758,18:02:37.59,-28:42:07.70,9312.25623,29.91,0.424,15.67,15.28,15.28,1,1.0,MB21023
KMT-2021-BLG-0090,BLG43T0307.072948,18:00:22.74,-28:21:50.80,9287.57334,78.5,0.02,21.84,19.57,19.57,1,1.2,
KMT-2021-BLG-0091,SSO43T0503.083880,17:59:09.90,-28:45:47.70,9412.42278,3.83,0.586,18.42,19.57,19.57,1,1.24,
KMT-2021-BLG-0092,BLG01M0401.086501,17:57:03.79,-31:02:33.00,9297.92169,19.21,0.025,21.39,20.0,20.52,1,1.12,MB21055
KMT-2021-BLG-0093,BLG01N0705.018846,17:55:32.16,-31:36:19.91,9300.67203,23.35,0.088,19.69,18.62,18.62,1,1.36,
KMT-2021-BLG-0094,BLG01T0203.003798,17:53:15.01,-31:52:24.71,9347.52799,49.27,0.318,16.51,16.58,16.58,1,1.78,
KMT-2021-BLG-0095,BLG01T0306.065424,17:52:37.57,-31:28:09.52,9289.53202,22.24,0.18,21.68,20.0,20.71,1,2.37,
KMT-2021-BLG-0096,BLG02M0402.050708,17:57:12.93,-28:45:43.42,9316.71491,78.4,0.204,19.43,19.33,19.33,1,1.71,MB21061
KMT-2021-BLG-0097,SAO03N0307.040201,18:05:19.23,-28:14:23.39,9293.81097,15.01,0.518,18.79,18.77,18.77,1,0.81,
KMT-2021-BLG-0098,BLG04K0702.057850,18:00:00.85,-29:45:12.89,9300.15387,42.89,0.017,20.23,19.43,19.43,1,1.24,
KMT-2021-BLG-0099,BLG04K0703.012017,18:00:11.60,-29:43:54.30,9315.67061,41.76,0.015,18.65,17.92,17.92,1,1.3,MB21051
KMT-2021-BLG-0100,BLG11K0604.006653,17:24:15.64,-29:29:27.38,9289.35675,20.11,0.068,21.61,18.0,18.0,1,1.69,
KMT-2021-BLG-0101,BLG11T0806.028340,17:22:51.06,-30:20:54.67,9302.18575,46.78,0.281,20.42,20.0,20.81,2,2.26,
KMT-2021-BLG-0102,BLG12T0506.005490,17:24:59.27,-28:11:30.80,9287.6047,19.06,0.067,21.57,18.83,18.83,4,1.81,
KMT-2021-BLG-0103,BLG14N0607.011693,17:38:40.52,-29:09:13.93,9293.93691,13.66,0.253,19.87,19.87,19.87,2,4.42,
KMT-2021-BLG-0104,BLG14T0203.093291,17:35:43.24,-29:37:38.68,9308.41704,81.35,0.018,21.64,20.0,21.96,2,3.04,
KMT-2021-BLG-0105,BLG15M0803.015244,17:37:07.52,-26:21:30.49,9296.75747,22.89,0.067,19.83,20.0,20.15,2,2.82,MB21050
KMT-2021-BLG-0106,BLG15N0204.005840,17:40:40.55,-27:23:14.32,9302.33074,11.24,0.625,18.24,18.28,18.28,2,3.22,
KMT-2021-BLG-0107,BLG15N0305.065161,17:40:07.26,-27:19:53.65,9303.33145,47.26,0.098,21.21,20.0,21.3,2,3.04,
KMT-2021-BLG-0108,BLG16M0103.003624,17:41:11.43,-24:19:13.58,9322.72839,21.68,0.434,17.06,17.05,17.05,1,1.56,
KMT-2021-BLG-0109,BLG16T0608.017337,17:33:48.80,-24:44:56.00,9296.70365,7.58,0.431,20.12,20.0,21.01,2,3.07,
KMT-2021-BLG-0110,SAO17K0402.006305,17:42:19.09,-33:00:35.86,9314.30114,41.94,0.629,18.78,18.79,18.79,2,3.24,
KMT-2021-BLG-0111,BLG17T0101.005431,17:44:28.22,-34:14:53.81,9323.85763,26.43,0.24,17.35,17.23,17.23,1,1.73,MB21065
KMT-2021-BLG-0112,BLG17T0607.030917,17:41:15.37,-33:30:00.68,9295.6317,9.28,0.906,19.94,20.0,20.78,3,2.88,
KMT-2021-BLG-0113,BLG18M0501.000120,17:47:59.47,-26:38:32.78,9398.17289,200.0,0.691,15.71,15.35,15.35,2,4.83,
KMT-2021-BLG-0114,SAO18T0704.000647,17:42:20.58,-27:20:27.42,9330.30257,52.36,0.695,16.54,16.55,16.55,2,3.73,
KMT-2021-BLG-0115,BLG19T0207.014958,17:45:06.05,-24:53:25.87,9303.03235,15.31,0.223,19.99,20.0,20.14,2,2.99,
KMT-2021-BLG-0116,BLG19T0805.032167,17:41:30.46,-25:09:11.02,9298.66491,20.62,0.271,20.11,19.91,19.91,1,2.62,
KMT-2021-BLG-0117,BLG22K0806.002064,17:49:41.74,-32:33:26.46,9323.19897,36.91,0.476,17.44,17.46,17.46,2,2.5,
KMT-2021-BLG-0118,BLG32M0105.021757,18:15:49.05,-27:22:12.11,9294.14791,13.85,0.399,18.6,18.7,18.7,1,0.62,
KMT-2021-BLG-0119,BLG33M0402.015685,18:16:00.13,-29:44:38.00,9305.93505,61.43,0.067,19.45,18.83,18.83,1,0.38,
KMT-2021-BLG-0120,BLG35N0405.002121,18:07:00.22,-26:20:24.29,9329.19102,43.61,0.442,16.13,16.16,16.16,1,1.63,MB21060
KMT-2021-BLG-0121,BLG35T0505.009452,18:01:44.45,-26:18:09.65,9295.07957,9.56,0.829,19.16,19.14,19.14,2,2.8,
KMT-2021-BLG-0122,BLG37N0407.043603,17:47:30.20,-35:35:16.19,9300.76045,28.41,0.209,19.97,19.93,19.93,1,0.99,
KMT-2021-BLG-0123,BLG41K0103.023181,17:53:31.98,-30:53:29.29,9294.08941,16.06,0.164,20.17,18.97,18.97,1,1.93,MB21038
KMT-2021-BLG-0124,BLG41K0805.002278,17:49:28.80,-30:38:05.21,9337.04317,42.53,0.243,16.62,16.57,16.57,1,3.34,
KMT-2021-BLG-0125,BLG42K0704.008751,17:50:31.37,-28:36:11.56,9319.89158,73.34,0.007,20.12,20.0,20.27,2,6.45,
KMT-2021-BLG-0126,BLG42M0301.004987,17:57:19.41,-28:57:53.50,9297.07635,109.46,0.028,20.85,16.27,16.27,1,1.53,
KMT-2021-BLG-0127,BLG42M0601.031477,17:55:44.88,-29:04:40.44,9307.38562,54.05,0.098,19.49,19.23,19.23,2,1.62,MB21052
KMT-2021-BLG-0128,BLG42N0403.071732,17:56:56.28,-29:52:26.11,9296.44177,191.98,0.013,22.67,20.0,20.14,1,2.01,
KMT-2021-BLG-0129,BLG42N0507.078225,17:56:08.04,-29:26:32.71,9288.44411,30.85,0.084,22.08,19.9,19.9,1,1.9,
KMT-2021-BLG-0130,SAO43K0702.014717,17:57:44.43,-27:48:54.58,9318.37845,48.76,0.199,19.16,19.14,19.14,2,2.81,MB21067
KMT-2021-BLG-0131,BLG43T0401.022061,17:59:49.99,-29:06:47.02,9316.78303,64.07,0.042,18.45,18.12,18.12,1,0.99,MB21047
KMT-2021-BLG-0132,BLG01K0305.016291,17:52:40.41,-30:31:44.80,9300.26104,4.07,0.312,18.66,18.73,18.73,1,2.49,
KMT-2021-BLG-0133,BLG04M0406.014702,18:06:47.80,-29:14:57.98,9302.95117,17.11,0.131,19.93,18.3,18.3,1,0.93,
KMT-2021-BLG-0134,BLG11K0404.064298,17:25:17.80,-29:31:03.40,9298.57483,13.66,0.022,21.31,20.0,20.55,1,1.82,
KMT-2021-BLG-0135,BLG12N0308.036848,17:30:39.23,-27:58:18.88,9300.63219,10.74,0.018,20.11,20.0,20.42,2,1.94,
KMT-2021-BLG-0136,BLG13N0203.045413,17:38:45.73,-35:08:45.56,9296.8708,17.65,0.038,22.41,20.0,20.91,2,2.3,
KMT-2021-BLG-0137,BLG14T0708.106382,17:32:58.99,-28:58:14.74,9304.94969,65.17,0.034,21.69,20.0,25.0,3,3.08,
KMT-2021-BLG-0138,BLG15K0201.003588,17:35:42.03,-26:37:45.91,9310.46105,31.99,0.944,17.86,17.81,17.81,2,2.52,
KMT-2021-BLG-0139,BLG16N0605.003106,17:38:33.11,-25:13:15.67,9306.26972,199.91,0.018,22.28,18.77,18.77,2,3.8,
KMT-2021-BLG-0140,BLG17M0303.026772,17:48:08.84,-32:49:22.91,9301.11565,20.48,0.2,20.99,20.0,20.56,2,2.56,
KMT-2021-BLG-0141,BLG18K0706.059645,17:42:02.15,-26:02:14.53,9289.83353,9.19,0.026,20.58,20.0,21.32,2,2.89,
KMT-2021-BLG-0142,BLG20M0206.010635,17:49:46.47,-21:50:13.85,9303.35517,53.47,0.186,21.09,19.73,19.73,4,2.88,
KMT-2021-BLG-0143,SAO32M0806.030074,18:11:23.83,-27:09:32.80,9294.1304,24.11,0.014,18.94,18.91,18.91,1,0.91,MB21033
KMT-2021-BLG-0144,BLG41K0706.061093,17:50:00.45,-30:32:18.60,9297.70289,6.52,0.235,20.97,20.0,20.54,1,2.77,
KMT-2021-BLG-0145,BLG41N0101.004969,17:58:32.78,-32:17:45.49,9307.12059,14.43,1.0,17.95,17.62,17.62,1,1.38,
KMT-2021-BLG-0146,BLG41T0405.046490,17:51:58.11,-31:42:55.91,9297.76169,44.83,0.015,23.4,20.0,20.59,1,2.64,
KMT-2021-BLG-0147,BLG42N0405.003009,17:56:53.96,-29:36:45.61,9359.27912,39.0,0.325,15.96,15.93,15.93,1,1.55,MB21085
KMT-2021-BLG-0148,SAO43T0303.027935,18:00:20.23,-28:45:47.41,9308.83433,200.0,0.098,19.95,18.36,18.36,1,1.08,MB21031
KMT-2021-BLG-0149,SAO01T0206.035394,17:53:12.92,-31:33:28.40,9292.77182,10.05,0.002,20.65,19.76,19.76,1,2.12,MB21039
KMT-2021-BLG-0150,BLG12N0204.013702,17:31:33.26,-28:26:26.63,9299.88358,19.99,0.3,20.01,19.56,19.56,2,2.47,
KMT-2021-BLG-0151,BLG13K0106.014337,17:34:21.23,-33:32:30.05,9305.71759,56.3,0.474,20.26,20.0,20.65,2,4.79,
KMT-2021-BLG-0152,BLG14T0805.010238,17:32:07.74,-29:19:38.86,9306.35739,32.06,0.018,19.42,19.23,19.23,2,2.46,
KMT-2021-BLG-0153,BLG15M0103.032855,17:41:11.71,-26:21:12.17,9289.99115,15.77,0.2,21.11,20.0,20.97,2,3.03,
KMT-2021-BLG-0154,BLG15T0608.002274,17:33:38.67,-26:51:49.50,9309.55188,10.43,0.794,17.4,17.4,17.4,2,2.44,MB21070
KMT-2021-BLG-0155,SAO17K0803.003318,17:40:05.48,-32:53:02.69,9300.70995,11.17,0.747,18.78,18.82,18.82,2,4.05,
KMT-2021-BLG-0156,BLG19K0505.022028,17:43:27.62,-23:59:20.62,9290.45004,7.9,0.912,19.39,19.07,19.07,1,1.65,
KMT-2021-BLG-0157,BLG19T0404.012928,17:43:47.42,-25:18:34.13,9380.95902,6.84,0.397,19.93,20.0,20.0,2,3.25,
KMT-2021-BLG-0158,BLG21M0106.049699,17:58:57.44,-34:34:57.40,9433.12278,0.5,0.998,20.51,20.0,20.2,1,0.6,
KMT-2021-BLG-0159,BLG22K0306.014964,17:52:37.03,-32:33:02.02,9301.39398,21.43,0.181,20.5,18.52,18.52,1,1.4,
KMT-2021-BLG-0160,SAO35T0604.004310,18:00:53.58,-26:29:14.28,9292.52635,6.62,0.228,18.18,18.3,18.3,2,3.26,
KMT-2021-BLG-0161,BLG37K0202.029823,17:43:38.05,-35:11:11.08,9292.26779,19.64,0.272,20.58,19.88,19.88,2,1.59,
KMT-2021-BLG-0162,BLG37M0103.002011,17:49:29.67,-34:55:58.51,9329.6168,40.89,0.995,16.34,15.89,15.89,1,0.95,MB21090
KMT-2021-BLG-0163,BLG41T0508.049157,17:51:14.46,-31:22:47.50,9291.45695,16.05,0.01,22.13,20.0,21.25,2,3.07,
KMT-2021-BLG-0164,SAO42K0201.015877,17:52:58.22,-29:00:04.21,9291.8914,129.44,0.129,18.18,18.11,18.11,1,2.59,MB21010
KMT-2021-BLG-0165,SAO42M0207.024409,17:58:04.54,-28:14:39.19,9291.54189,14.58,0.211,18.77,18.67,18.67,1,2.03,MB21034
KMT-2021-BLG-0166,SAO42T0702.053049,17:50:03.90,-30:02:14.57,9292.52309,161.19,0.004,24.42,20.0,21.83,2,3.87,
KMT-2021-BLG-0167,BLG43N0605.079170,18:03:17.20,-28:35:45.31,9294.08487,40.22,0.04,20.47,19.73,19.73,1,0.88,
KMT-2021-BLG-0168,BLG43T0407.012794,17:59:33.55,-28:15:20.92,9331.16409,65.15,0.249,19.5,17.77,17.77,1,1.47,MB21073
KMT-2021-BLG-0169,BLG01K0308.011640,17:52:41.76,-30:06:09.11,9302.42164,145.12,0.038,22.53,17.63,17.63,1,1.59,
KMT-2021-BLG-0170,BLG01M0105.003634,17:58:48.66,-30:33:19.51,9327.37579,27.8,0.999,17.19,16.71,16.71,1,1.96,MB21103
KMT-2021-BLG-0171,BLG01M0408.017990,17:56:58.18,-30:05:34.58,9326.23423,40.66,0.006,18.75,18.4,18.4,1,1.47,
KMT-2021-BLG-0172,BLG01T0105.038883,17:54:07.42,-31:39:13.61,9300.01505,25.33,0.202,21.18,19.65,19.65,1,1.71,
KMT-2021-BLG-0173,BLG04K0101.006367,18:03:17.01,-29:53:23.21,9309.09101,196.94,0.037,21.61,17.13,17.13,1,0.78,
KMT-2021-BLG-0174,BLG04N0801.029129,18:04:30.83,-31:03:01.80,9306.04789,49.03,0.299,20.86,19.88,19.88,1,1.69,
KMT-2021-BLG-0175,BLG04T0705.084424,17:59:41.11,-30:35:04.70,9303.72232,15.13,0.422,19.94,20.0,20.76,1,1.36,
KMT-2021-BLG-0176,BLG11K0304.002672,17:25:37.59,-29:26:28.79,9300.84517,50.67,0.58,18.44,16.52,16.52,1,1.57,
KMT-2021-BLG-0177,BLG11M0302.039060,17:30:41.41,-29:41:29.36,9311.4753,22.82,0.135,20.32,20.0,20.67,2,2.65,
KMT-2021-BLG-0178,BLG14K0508.045598,17:34:06.27,-27:52:56.14,9302.85754,52.67,0.108,22.05,20.0,21.02,2,2.86,
KMT-2021-BLG-0179,BLG14K0803.020304,17:32:12.15,-28:28:05.95,9302.94697,14.11,0.04,20.62,20.0,20.34,2,2.58,
KMT-2021-BLG-0180,BLG15K0202.062637,17:35:41.49,-26:29:20.29,9299.09609,37.94,0.178,21.68,20.0,21.55,2,2.99,
KMT-2021-BLG-0181,BLG15M0206.102412,17:40:48.45,-26:02:43.80,9300.93032,16.37,0.496,21.61,20.0,25.0,3,2.91,
KMT-2021-BLG-0182,BLG19M0806.042463,17:46:29.90,-23:57:56.30,9302.12349,24.59,0.179,21.79,19.89,19.89,1,2.16,
KMT-2021-BLG-0183,BLG19T0202.011052,17:45:16.71,-25:32:28.86,9309.18105,33.04,0.208,20.59,19.58,19.58,2,2.79,
KMT-2021-BLG-0184,BLG19T0308.029547,17:44:45.71,-24:47:51.54,9301.44946,15.17,0.051,21.82,20.0,20.68,2,2.73,
KMT-2021-BLG-0185,BLG22K0107.061232,17:53:43.86,-32:24:45.22,9307.95573,39.68,0.003,20.2,20.0,20.02,1,1.5,MB21062
KMT-2021-BLG-0186,SSO22K0402.038890,17:52:15.34,-32:59:42.00,9301.82538,15.48,0.003,21.14,19.67,19.67,1,1.8,MB21058
KMT-2021-BLG-0187,BLG33K0507.015405,18:10:28.41,-29:12:18.29,9301.59325,9.84,0.101,18.51,18.29,18.29,1,0.73,MB21053
KMT-2021-BLG-0188,BLG33K0705.012526,18:09:25.18,-29:26:53.09,9310.30178,20.66,0.307,18.56,18.23,18.23,1,0.79,MB21068
KMT-2021-BLG-0189,BLG36K0803.005733,18:11:23.09,-23:21:15.59,9303.01879,24.43,0.249,19.0,19.02,19.02,4,2.36,
KMT-2021-BLG-0190,BLG37N0606.048558,17:46:29.28,-35:43:04.44,9310.98498,44.2,0.108,20.65,20.0,20.2,2,1.22,
KMT-2021-BLG-0191,BLG42N0405.015750,17:56:37.88,-29:35:22.88,9306.94637,5.99,0.345,18.49,18.19,18.19,1,1.59,
KMT-2021-BLG-0192,BLG42T0302.096953,17:52:25.19,-30:00:31.28,9315.67404,29.96,0.01,19.56,20.0,20.65,1,2.06,MB21080
KMT-2021-BLG-0193,BLG42T0406.018005,17:51:58.67,-29:30:24.80,9305.88712,24.01,0.049,20.91,18.5,18.5,1,2.65,
KMT-2021-BLG-0194,SSO43K0502.077925,17:58:53.88,-27:47:31.70,9303.69986,14.75,0.047,20.26,20.0,20.68,1,2.13,MB21059
KMT-2021-BLG-0195,BLG01N0707.047611,17:55:34.44,-31:18:57.38,9305.9842,34.35,0.602,19.58,19.53,19.53,1,1.59,
KMT-2021-BLG-0196,BLG04T0504.056033,18:01:00.94,-30:38:24.50,9298.49316,10.71,0.192,20.58,19.74,19.74,1,1.16,
KMT-2021-BLG-0197,BLG11K0603.009485,17:24:10.04,-29:32:01.50,9336.20455,37.06,0.352,18.55,18.54,18.54,1,1.78,
KMT-2021-BLG-0198,BLG12N0408.005511,17:30:10.23,-27:55:48.61,9323.9736,30.58,0.751,18.37,18.43,18.43,2,2.2,
KMT-2021-BLG-0199,BLG13M0405.004907,17:37:58.38,-33:47:00.60,9323.18483,55.5,0.446,18.59,18.38,18.38,2,3.39,
KMT-2021-BLG-0200,BLG18T0404.039312,17:43:41.23,-27:24:18.83,9301.59624,7.55,0.058,22.07,20.0,21.37,2,3.45,
KMT-2021-BLG-0201,BLG18T0503.026323,17:43:30.24,-27:29:17.95,9300.32809,56.33,0.112,22.21,20.0,20.46,2,3.23,
KMT-2021-BLG-0202,BLG22M0804.041987,17:54:42.24,-32:46:46.81,9300.58245,19.42,0.204,21.01,19.64,19.64,1,1.35,
KMT-2021-BLG-0203,SSO32K0308.063444,18:09:27.53,-26:53:39.98,9301.51536,20.1,0.064,20.23,20.0,20.47,1,1.57,
KMT-2021-BLG-0204,BLG35N0603.008985,18:06:06.53,-26:38:03.30,9316.61711,37.93,0.632,18.52,17.98,17.98,1,1.45,
KMT-2021-BLG-0205,BLG37K0103.112031,17:44:16.13,-34:57:31.25,9306.02321,66.47,0.478,19.77,20.0,25.0,3,1.64,
KMT-2021-BLG-0206,SAO37N0405.045761,17:47:23.58,-35:49:21.40,9303.58466,44.88,0.181,20.51,20.0,20.06,1,1.11,
KMT-2021-BLG-0207,BLG37N0605.040132,17:46:29.80,-35:55:35.00,9315.1216,33.84,0.204,19.91,19.87,19.87,1,1.15,
KMT-2021-BLG-0208,BLG42T0402.029717,17:51:50.25,-30:03:48.38,9318.55547,26.55,0.02,19.69,19.24,19.24,1,2.42,
KMT-2021-BLG-0209,BLG01K0306.031586,17:52:49.81,-30:22:40.19,9318.56136,104.22,0.002,24.48,19.25,19.25,1,1.9,
KMT-2021-BLG-0210,BLG02M0508.054739,17:56:43.07,-27:58:06.89,9305.41206,16.07,0.197,20.38,19.9,19.9,2,1.94,
KMT-2021-BLG-0211,BLG03T0108.056399,18:01:29.66,-28:02:11.90,9315.04792,43.65,0.352,19.26,19.35,19.35,1,1.22,
KMT-2021-BLG-0212,BLG15N0306.006644,17:39:57.74,-27:10:51.96,9308.23909,7.81,0.643,18.44,18.43,18.43,2,2.75,
KMT-2021-BLG-0213,BLG16K0705.004283,17:33:19.86,-24:05:06.79,9303.02362,12.25,0.102,21.89,18.74,18.74,2,1.96,
KMT-2021-BLG-0214,BLG17T0405.010581,17:42:35.98,-33:43:39.54,9307.2899,25.79,0.095,20.9,19.49,19.49,2,3.05,
KMT-2021-BLG-0215,BLG19M0704.059420,17:47:02.75,-24:12:13.64,9311.92049,23.66,0.011,20.04,20.0,21.05,2,2.32,
KMT-2021-BLG-0216,BLG33K0404.051785,18:10:57.68,-29:31:35.18,9302.87485,10.63,0.321,20.01,19.93,19.93,1,0.72,
KMT-2021-BLG-0217,BLG01N0503.061849,17:56:41.26,-31:50:35.59,9306.1993,9.39,0.188,20.04,19.95,19.95,1,1.4,
KMT-2021-BLG-0218,BLG02T0107.074938,17:54:02.04,-29:16:48.50,9308.21257,19.85,0.019,20.46,19.63,19.63,1,2.03,
KMT-2021-BLG-0219,BLG04K0705.013883,17:59:58.19,-29:25:23.92,9326.31251,36.05,0.548,18.05,18.13,18.13,1,1.28,
KMT-2021-BLG-0220,BLG12N0505.007087,17:29:53.39,-28:22:20.68,9309.88779,13.68,0.703,18.82,18.8,18.8,2,2.02,
KMT-2021-BLG-0221,BLG14T0603.003818,17:33:20.64,-29:39:43.24,9320.36926,16.3,0.898,18.01,18.0,18.0,2,2.96,
KMT-2021-BLG-0222,BLG14T0604.089307,17:33:26.17,-29:28:26.72,9304.79785,16.66,0.065,21.44,20.0,22.37,2,3.05,
KMT-2021-BLG-0223,BLG17T0302.000966,17:42:52.46,-34:05:09.49,9321.08988,31.57,0.469,18.29,15.75,15.75,1,2.22,
KMT-2021-BLG-0224,BLG20T0705.002744,17:42:19.32,-23:04:20.03,9315.02811,13.16,0.784,17.46,17.46,17.46,2,1.7,
KMT-2021-BLG-0225,BLG22M0303.063950,17:57:55.29,-32:49:31.30,9319.65194,49.7,0.277,20.45,20.0,20.54,1,1.35,
KMT-2021-BLG-0226,BLG22M0405.039291,17:57:22.75,-32:33:49.90,9305.53457,192.64,0.005,24.69,19.62,19.62,1,1.38,
KMT-2021-BLG-0227,BLG22N0701.059797,17:55:21.54,-34:16:52.28,9304.69219,5.58,0.155,20.22,20.0,20.22,1,0.92,
KMT-2021-BLG-0228,BLG31T0206.017486,18:12:42.95,-26:14:40.81,9310.26482,12.44,0.555,18.78,18.59,18.59,1,1.0,
KMT-2021-BLG-0229,BLG37N0607.036131,17:46:22.18,-35:34:34.90,9308.1703,27.73,0.294,20.15,19.77,19.77,1,1.61,
KMT-2021-BLG-0230,BLG42M0303.114151,17:57:29.51,-28:43:46.16,9305.49025,20.46,0.298,21.49,20.0,20.82,2,1.45,
KMT-2021-BLG-0231,BLG01K0302.062919,17:52:55.80,-30:51:49.90,9319.96493,25.92,0.367,19.46,19.69,19.69,1,1.54,
KMT-2021-BLG-0232,BLG14M0204.005682,17:40:34.36,-28:21:17.96,9313.48108,8.25,0.119,19.53,18.98,18.98,2,4.13,
KMT-2021-BLG-0233,BLG15K0304.004385,17:35:03.23,-26:19:48.50,9308.46761,55.84,0.713,19.36,18.62,18.62,2,2.8,
KMT-2021-BLG-0234,BLG16M0305.023452,17:40:10.69,-24:05:34.51,9325.84276,95.48,0.07,21.5,20.0,20.05,2,1.97,
KMT-2021-BLG-0235,BLG18K0604.078058,17:42:37.38,-26:14:36.71,9305.74005,21.24,0.805,20.0,20.0,21.65,3,3.2,
KMT-2021-BLG-0236,BLG19T0603.021908,17:42:34.48,-25:28:07.97,9309.27882,17.23,0.253,20.12,20.0,20.44,2,2.82,
KMT-2021-BLG-0237,BLG01K0308.010838,17:52:45.23,-30:10:33.53,9321.7187,139.22,0.022,21.97,17.52,17.52,2,1.65,
KMT-2021-BLG-0238,SAO01M0208.062194,17:58:22.10,-30:10:01.42,9308.95259,4.44,0.204,19.85,20.0,20.03,1,1.5,
KMT-2021-BLG-0239,BLG01M0803.005497,17:54:50.82,-30:46:14.02,9326.04793,14.43,0.362,17.68,17.13,17.13,1,1.96,MB21071
KMT-2021-BLG-0240,BLG02T0701.052152,17:50:18.55,-30:00:17.89,9313.05884,57.39,0.002,21.27,20.0,20.53,1,3.46,
KMT-2021-BLG-0241,BLG03N0308.013433,18:05:27.16,-28:06:12.31,9317.19559,17.01,0.347,18.29,17.88,17.88,1,0.74,MB21075
KMT-2021-BLG-0242,BLG11M0406.086032,17:30:22.23,-29:13:34.72,9296.23546,29.55,0.474,21.09,20.0,22.3,2,2.94,
KMT-2021-BLG-0243,BLG12T0502.004343,17:25:03.84,-28:45:08.32,9359.00186,57.04,0.347,18.15,18.4,18.4,2,1.93,
KMT-2021-BLG-0244,BLG13N0607.016156,17:36:30.45,-34:37:25.72,9311.02248,38.21,0.499,20.55,20.0,20.54,2,3.87,
KMT-2021-BLG-0245,BLG14M0802.000685,17:37:13.33,-28:42:41.62,9334.66053,18.33,0.768,16.48,16.43,16.43,2,3.08,
KMT-2021-BLG-0246,BLG15N0305.020336,17:40:09.52,-27:18:05.83,9307.5284,14.36,0.616,19.78,20.0,20.08,2,2.99,
KMT-2021-BLG-0247,BLG15N0704.015195,17:37:55.89,-27:23:56.29,9368.67776,199.22,0.006,20.6,20.0,20.14,2,2.85,MB21127
KMT-2021-BLG-0248,BLG16N0403.006395,17:39:38.70,-25:25:03.14,9330.12674,26.61,0.107,19.04,19.02,19.02,2,2.82,
KMT-2021-BLG-0249,SSO19N0605.000009,17:47:28.97,-25:07:10.20,9315.56123,38.2,1.0,14.74,12.43,12.43,3,4.05,
KMT-2021-BLG-0250,BLG20T0202.031238,17:44:54.62,-23:27:56.92,9311.70536,32.47,0.27,20.44,19.46,19.46,1,1.74,
KMT-2021-BLG-0251,BLG20T0702.011385,17:42:24.00,-23:21:45.43,9320.62022,48.82,0.593,18.9,18.93,18.93,2,1.87,
KMT-2021-BLG-0252,BLG22K0701.039133,17:50:29.51,-33:09:23.51,9342.01291,198.99,0.058,20.58,19.81,19.81,1,1.92,
KMT-2021-BLG-0253,BLG22M0304.037530,17:57:42.41,-32:44:05.32,9308.66875,9.98,0.35,19.55,19.57,19.57,1,1.34,
KMT-2021-BLG-0254,BLG22N0306.001654,17:57:50.13,-33:40:10.49,9380.30995,108.21,0.518,15.64,15.79,15.79,1,0.87,
KMT-2021-BLG-0255,BLG31T0708.031197,18:09:46.12,-25:59:37.90,9308.35939,18.31,0.1,20.64,19.15,19.15,1,1.22,
KMT-2021-BLG-0256,SAO32K0403.000083,18:09:05.28,-27:31:31.69,9323.53785,28.6,0.999,14.27,13.33,13.33,1,0.94,
KMT-2021-BLG-0257,BLG32T0701.035413,18:07:30.24,-28:58:18.91,9313.1915,40.58,0.116,19.55,19.04,19.04,1,0.9,MB21066
KMT-2021-BLG-0258,BLG38K0702.025474,17:51:18.55,-22:21:05.51,9303.95324,36.29,0.103,21.52,19.91,19.91,1,2.19,
KMT-2021-BLG-0259,BLG41K0301.014917,17:52:25.45,-31:11:00.82,9329.73813,23.15,0.094,18.8,18.65,18.65,1,2.21,MB21089
KMT-2021-BLG-0260,BLG41K0302.005296,17:52:28.59,-31:00:33.80,9352.01719,38.51,1.0,16.94,16.85,16.85,1,2.23,MB21102
KMT-2021-BLG-0261,BLG41N0805.003749,17:54:47.81,-31:47:53.81,9305.95075,8.21,0.998,18.85,16.57,16.57,1,1.59,
KMT-2021-BLG-0262,SAO42K0106.040706,17:53:46.51,-28:25:23.77,9305.34278,5.36,0.534,19.99,20.0,20.36,2,2.69,
KMT-2021-BLG-0263,BLG42M0506.062179,17:56:13.80,-28:20:35.20,9316.24396,54.75,0.1,20.82,20.0,20.35,1,2.39,
KMT-2021-BLG-0264,BLG42N0705.070933,17:55:16.19,-29:39:17.10,9307.1498,38.31,0.044,22.17,19.36,19.36,1,1.43,
KMT-2021-BLG-0265,SAO42T0407.070503,17:51:43.42,-29:24:27.25,9308.82169,5.28,0.12,21.0,20.0,21.23,2,3.06,
KMT-2021-BLG-0266,BLG43K0107.038050,18:01:24.21,-27:12:24.91,9309.36397,13.33,0.183,20.86,19.67,19.67,1,2.06,
KMT-2021-BLG-0267,BLG43M0205.038396,18:05:19.86,-27:27:41.40,9311.085,8.76,0.697,18.81,18.79,18.79,1,0.83,
KMT-2021-BLG-0268,SAO43M0302.005347,18:04:52.55,-27:49:34.39,9410.32225,70.77,0.744,16.73,16.77,16.77,1,1.03,MB21104
KMT-2021-BLG-0269,BLG11T0207.072294,17:26:16.75,-30:08:24.32,9330.17946,43.76,0.112,19.65,20.0,21.58,2,2.42,
KMT-2021-BLG-0270,BLG14M0204.069707,17:40:29.73,-28:27:13.86,9313.49439,86.56,0.003,23.09,20.0,22.59,2,4.44,
KMT-2021-BLG-0271,BLG14T0706.032236,17:32:48.88,-29:15:28.37,9310.30383,4.84,0.162,20.03,20.0,20.61,2,2.84,
KMT-2021-BLG-0272,SAO14T0803.003869,17:32:21.95,-29:40:33.85,9310.56948,6.16,0.05,19.6,18.0,18.0,2,3.11,
KMT-2021-BLG-0273,SAO15T0804.010503,17:32:22.05,-27:21:02.99,9313.2333,12.83,0.009,20.01,20.0,20.02,2,2.64,
KMT-2021-BLG-0274,BLG17T0501.100513,17:41:59.40,-34:12:37.26,9311.295,61.42,0.002,22.71,20.0,22.5,2,2.0,
KMT-2021-BLG-0275,BLG18T0403.087229,17:44:03.25,-27:33:01.37,9308.4394,16.09,0.171,21.75,20.0,25.0,3,4.09,
KMT-2021-BLG-0276,BLG19M0402.009718,17:48:30.91,-24:22:57.14,9341.27176,199.97,0.083,19.54,19.18,19.18,2,2.86,
KMT-2021-BLG-0277,BLG19M0406.101105,17:48:49.54,-23:53:10.50,9309.02009,13.0,0.072,21.69,20.0,25.0,3,2.07,
KMT-2021-BLG-0278,BLG19T0806.016309,17:41:31.79,-24:58:50.99,9309.27969,37.06,0.262,20.81,19.2,19.2,1,2.25,
KMT-2021-BLG-0279,SAO22K0803.000774,17:49:39.06,-32:55:52.39,9309.38359,1.09,0.942,16.99,15.84,15.84,1,2.39,
KMT-2021-BLG-0280,BLG22M0301.041899,17:57:38.97,-33:04:18.59,9313.19466,12.53,0.213,19.74,19.79,19.79,1,1.27,
KMT-2021-BLG-0281,BLG22N0507.006908,17:56:40.32,-33:32:26.48,9315.99346,8.65,0.999,19.08,17.83,17.83,1,1.11,
KMT-2021-BLG-0282,BLG22T0801.004427,17:49:52.46,-34:17:05.82,9331.17931,34.83,0.016,18.8,17.82,17.82,2,1.57,MB21087
KMT-2021-BLG-0283,BLG32K0106.008874,18:10:43.81,-27:11:37.10,9308.35474,27.08,0.78,18.74,17.92,17.92,1,1.07,
KMT-2021-BLG-0284,BLG41N0201.034515,17:58:03.64,-32:18:10.30,9312.81645,12.29,0.22,19.43,19.49,19.49,1,1.48,MB21072
KMT-2021-BLG-0285,BLG41N0603.057495,17:55:42.65,-31:59:22.31,9315.93432,32.37,0.128,19.82,19.97,19.97,1,1.35,
KMT-2021-BLG-0286,BLG42M0202.096436,17:58:03.49,-28:50:56.62,9310.83881,26.36,0.012,21.21,20.0,20.04,1,1.47,MB21064
KMT-2021-BLG-0287,BLG43K0101.027994,18:01:25.49,-27:58:09.80,9309.3117,7.88,0.153,20.86,18.62,18.62,1,1.23,
KMT-2021-BLG-0288,BLG43T0308.082920,18:00:12.85,-28:11:44.20,9310.26212,2.57,0.323,19.9,19.85,19.85,1,1.42,
KMT-2021-BLG-0289,BLG11N0507.097885,17:29:38.32,-30:13:30.68,9315.08843,63.75,0.155,21.62,20.0,25.0,3,2.07,
KMT-2021-BLG-0290,BLG14M0104.050467,17:41:29.61,-28:21:43.52,9311.09408,69.46,0.078,23.15,20.0,21.82,2,4.16,
KMT-2021-BLG-0291,BLG14M0303.024380,17:40:02.46,-28:31:07.93,9316.77038,19.45,0.083,20.98,20.0,21.32,3,4.68,
KMT-2021-BLG-0292,BLG14M0505.038522,17:39:09.44,-28:18:23.47,9310.78096,6.42,0.275,20.52,20.0,20.62,2,2.79,
KMT-2021-BLG-0293,BLG14T0203.016837,17:35:45.90,-29:37:01.99,9311.5979,7.75,0.033,21.11,19.83,19.83,2,3.04,
KMT-2021-BLG-0294,BLG15T0106.020942,17:36:28.76,-27:10:39.68,9318.22928,11.3,0.078,19.11,19.36,19.36,1,2.43,MB21081
KMT-2021-BLG-0295,BLG34K0708.025838,18:00:00.50,-31:08:42.29,9313.48491,9.35,0.057,19.74,19.1,19.1,1,1.44,
KMT-2021-BLG-0296,BLG34M0308.046136,18:07:11.45,-31:07:15.31,9308.40966,26.11,0.178,21.29,20.0,20.0,1,0.73,
KMT-2021-BLG-0297,BLG35N0208.005671,18:07:59.66,-25:57:02.99,9318.26497,9.93,0.61,17.4,17.38,17.38,1,1.45,MB21083
KMT-2021-BLG-0298,BLG41K0406.026010,17:52:01.56,-30:32:03.19,9316.20083,23.14,0.38,20.32,19.34,19.34,1,2.94,
KMT-2021-BLG-0299,BLG42N0503.083775,17:56:29.27,-29:54:15.01,9315.91524,18.09,0.122,20.46,20.0,20.51,1,1.68,
KMT-2021-BLG-0300,SAO02K0203.093244,17:53:23.53,-28:37:16.39,9313.45596,26.76,0.094,21.33,20.0,25.0,3,2.84,
KMT-2021-BLG-0301,BLG02K0207.021656,17:53:25.54,-28:09:41.98,9322.46454,31.85,0.298,20.06,20.0,20.1,2,3.41,
KMT-2021-BLG-0302,BLG02M0508.047181,17:56:42.62,-28:02:05.60,9311.69549,3.22,0.636,18.98,19.68,19.68,1,1.81,
KMT-2021-BLG-0303,BLG03K0203.012091,18:01:03.09,-27:33:45.50,9317.13692,12.57,0.34,18.27,17.85,17.85,1,1.3,MB21074
KMT-2021-BLG-0304,BLG11M0701.072656,17:28:18.37,-29:47:56.47,9312.06376,17.86,0.2,21.4,20.0,21.44,2,2.16,
KMT-2021-BLG-0305,BLG12M0206.013295,17:31:22.05,-27:06:50.83,9319.76164,41.44,0.171,21.56,20.0,20.8,2,3.37,
KMT-2021-BLG-0306,BLG18K0608.055196,17:42:40.98,-25:46:25.61,9315.58667,8.24,0.503,20.05,20.0,21.08,2,2.93,
KMT-2021-BLG-0307,BLG18M0603.039606,17:47:45.60,-26:26:23.57,9325.86444,60.77,0.2,20.8,20.0,21.88,3,4.63,
KMT-2021-BLG-0308,BLG18M0701.002694,17:47:00.92,-26:39:59.72,9376.54161,56.3,0.796,18.32,18.35,18.35,2,4.16,
KMT-2021-BLG-0309,BLG19T0508.064414,17:43:32.78,-24:45:39.85,9313.92101,17.28,0.081,21.98,20.0,21.57,2,2.95,
KMT-2021-BLG-0310,BLG19T0804.015742,17:41:31.66,-25:16:33.38,9315.7132,8.21,0.181,19.97,19.5,19.5,1,2.7,
KMT-2021-BLG-0311,BLG22K0107.066956,17:54:10.16,-32:21:53.71,9341.67031,85.22,0.292,20.05,20.0,20.17,1,1.65,
KMT-2021-BLG-0312,BLG22K0605.023184,17:51:11.67,-32:36:40.61,9329.28839,44.21,0.272,19.85,19.65,19.65,1,1.97,
KMT-2021-BLG-0313,BLG34K0703.016375,18:00:15.43,-31:49:27.08,9311.1835,76.37,0.015,23.66,18.79,18.79,1,1.1,
KMT-2021-BLG-0314,SAO34N0307.034783,18:07:29.59,-32:27:08.32,9310.38682,6.31,0.388,19.93,19.98,19.98,1,0.61,
KMT-2021-BLG-0315,BLG36M0806.042010,18:16:19.15,-23:00:03.60,9313.17389,113.31,0.077,19.92,20.0,20.38,1,1.32,MB21077
KMT-2021-BLG-0316,BLG41M0101.008822,17:58:54.11,-31:07:47.32,9337.89743,21.47,0.022,18.31,18.31,18.31,1,1.69,MB21100
KMT-2021-BLG-0317,BLG42N0404.023273,17:56:55.89,-29:46:13.80,9313.0771,4.25,0.806,18.8,18.73,18.73,1,1.86,
KMT-2021-BLG-0318,BLG43N0403.014643,18:04:26.65,-28:45:53.32,9311.87112,4.22,0.999,18.72,17.96,17.96,1,0.81,
KMT-2021-BLG-0319,SAO01M0103.015330,17:58:47.45,-30:45:54.61,9312.60245,13.24,0.013,23.91,18.74,18.74,1,1.66,
KMT-2021-BLG-0320,BLG01M0305.039199,17:57:33.15,-30:30:14.18,9315.60949,9.79,0.008,20.53,20.0,20.08,1,2.17,
KMT-2021-BLG-0321,BLG02M0104.018299,17:59:00.00,-28:30:43.88,9313.01736,12.38,0.013,22.61,18.25,18.25,1,1.45,
KMT-2021-BLG-0322,BLG04K0104.025201,18:03:38.80,-29:36:15.80,9328.2256,18.45,0.247,18.68,18.73,18.73,1,1.06,MB21091
KMT-2021-BLG-0323,BLG11M0306.013630,17:31:02.27,-29:12:14.94,9318.30142,9.14,0.285,19.43,19.97,19.97,2,3.13,
KMT-2021-BLG-0324,SAO11M0502.025379,17:29:54.62,-29:45:17.46,9319.91637,22.3,0.02,19.72,19.89,19.89,2,1.97,
KMT-2021-BLG-0325,BLG12N0302.069819,17:31:04.88,-28:38:27.24,9314.37735,6.9,0.067,20.57,20.0,21.44,2,2.3,
KMT-2021-BLG-0326,BLG14M0404.068335,17:39:35.61,-28:23:23.53,9312.05373,15.55,0.079,22.97,20.0,21.98,2,3.73,
KMT-2021-BLG-0327,BLG15M0402.085646,17:39:25.44,-26:31:07.64,9316.24707,56.36,0.179,22.17,20.0,22.05,3,3.09,
KMT-2021-BLG-0328,BLG15N0104.025139,17:41:03.26,-27:22:16.43,9314.24377,7.54,0.691,19.9,20.0,20.65,2,3.35,
KMT-2021-BLG-0329,BLG19K0301.008336,17:44:30.53,-24:31:41.92,9352.85073,119.21,0.004,20.44,18.67,18.67,1,2.41,
KMT-2021-BLG-0330,BLG19K0703.005747,17:42:04.37,-24:20:30.91,9325.03804,14.34,0.402,18.25,17.66,17.66,1,1.83,
KMT-2021-BLG-0331,BLG19K0703.034272,17:42:15.47,-24:16:32.48,9318.15542,13.2,0.18,20.43,19.51,19.51,1,1.88,
KMT-2021-BLG-0332,BLG31T0702.028425,18:09:38.80,-26:44:51.22,9316.48904,13.87,0.079,19.5,19.25,19.25,1,1.33,
KMT-2021-BLG-0333,SAO32N0401.031142,18:13:50.03,-28:56:56.69,9318.36211,14.98,0.041,19.08,19.2,19.2,1,0.48,MB21078
KMT-2021-BLG-0334,BLG33M0704.000304,18:14:04.04,-29:31:49.80,9366.34451,28.96,0.322,14.94,14.21,14.21,1,0.39,
KMT-2021-BLG-0335,BLG34M0802.001182,18:04:30.53,-31:58:17.62,9376.74438,37.51,0.048,15.53,15.52,15.52,1,0.97,MB21109
KMT-2021-BLG-0336,BLG34M0808.001023,18:04:15.93,-31:09:11.02,9322.79429,41.2,0.112,19.48,15.95,15.95,1,1.54,MB21088
KMT-2021-BLG-0337,BLG37T0205.022621,17:43:25.14,-35:48:59.83,9315.18896,10.47,0.195,20.12,20.0,20.22,2,1.8,
KMT-2021-BLG-0338,BLG41M0604.001767,17:55:48.52,-30:44:49.31,9343.29594,117.13,0.081,19.45,15.61,15.61,1,1.45,MB21082
KMT-2021-BLG-0339,BLG41N0103.041198,17:58:47.80,-31:59:57.52,9314.54174,5.49,0.506,19.74,19.95,19.95,1,1.56,
KMT-2021-BLG-0340,SAO43K0707.003122,17:57:58.93,-27:10:33.64,9312.76507,4.75,0.111,21.37,17.72,17.72,2,3.24,
KMT-2021-BLG-0341,BLG01K0106.029588,17:54:11.13,-30:26:28.50,9321.15827,9.3,0.501,18.88,18.86,18.86,1,1.58,
KMT-2021-BLG-0342,BLG01M0402.030270,17:57:12.20,-30:50:04.60,9321.78581,15.43,0.196,20.15,18.91,18.91,1,1.29,
KMT-2021-BLG-0343,BLG01N0108.012059,17:59:01.34,-31:14:46.79,9325.76646,18.56,0.3,19.69,18.77,18.77,1,1.79,
KMT-2021-BLG-0344,BLG01N0202.009562,17:58:25.95,-32:01:00.19,9325.18492,24.76,0.3,18.68,18.56,18.56,1,1.57,
KMT-2021-BLG-0345,SAO04M0807.020490,18:03:59.74,-29:12:41.69,9319.20523,19.31,0.195,20.25,18.41,18.41,1,0.84,
KMT-2021-BLG-0346,BLG11M0602.041973,17:29:10.52,-29:42:48.42,9314.47742,15.24,0.152,22.22,20.0,20.72,2,2.48,
KMT-2021-BLG-0347,BLG11N0108.073032,17:31:49.33,-30:06:23.58,9315.98281,8.99,0.156,20.47,20.0,20.94,2,2.15,
KMT-2021-BLG-0348,BLG11T0303.067007,17:25:54.91,-30:44:49.42,9313.92792,36.53,0.035,23.24,20.0,22.42,2,3.35,
KMT-2021-BLG-0349,BLG13K0107.009462,17:34:19.61,-33:31:13.98,9322.72433,10.63,0.666,19.96,19.74,19.74,2,4.79,
KMT-2021-BLG-0350,BLG14M0103.007605,17:40:59.96,-28:30:51.55,9315.6925,6.37,0.135,19.68,19.59,19.59,2,4.43,
KMT-2021-BLG-0351,BLG14N0606.015551,17:38:07.59,-29:17:45.60,9316.60616,10.1,0.059,20.41,20.0,20.62,2,4.3,
KMT-2021-BLG-0352,BLG15M0801.041738,17:37:14.17,-26:41:11.04,9316.8945,103.52,0.021,24.54,20.0,21.29,3,3.12,
KMT-2021-BLG-0353,BLG15N0301.088447,17:40:10.06,-27:48:15.80,9322.34169,62.11,0.04,22.17,20.0,21.9,2,3.29,
KMT-2021-BLG-0354,BLG15N0403.072211,17:39:24.84,-27:28:26.44,9317.00597,22.47,0.05,23.22,20.0,21.22,2,2.53,
KMT-2021-BLG-0355,BLG15N0606.076207,17:38:27.32,-27:05:54.10,9316.04232,12.02,0.703,21.31,20.0,21.63,3,3.12,
KMT-2021-BLG-0356,BLG15T0407.011794,17:34:47.63,-27:02:28.90,9322.69705,7.45,0.8,18.68,18.71,18.71,1,2.01,
KMT-2021-BLG-0357,BLG16N0201.049014,17:40:40.35,-25:37:06.02,9332.71367,22.35,0.999,22.52,20.0,21.15,2,2.5,
KMT-2021-BLG-0358,BLG19M0603.032977,17:47:28.29,-24:13:45.48,9319.24559,9.26,0.487,20.0,20.0,20.14,2,2.24,
KMT-2021-BLG-0359,BLG19M0704.061293,17:47:02.83,-24:13:09.91,9318.71958,26.74,0.195,21.47,20.0,21.11,2,2.35,
KMT-2021-BLG-0360,BLG19T0702.003494,17:42:21.37,-25:31:50.27,9316.94305,6.18,0.781,18.9,17.53,17.53,4,2.59,
KMT-2021-BLG-0361,BLG22M0707.019878,17:55:35.86,-32:23:04.60,9336.96668,31.22,0.628,19.2,19.22,19.22,1,1.79,
KMT-2021-BLG-0362,BLG31K0203.002388,18:12:40.26,-25:28:07.90,9463.55523,172.66,0.488,16.77,16.71,16.71,1,1.46,MB21069
KMT-2021-BLG-0363,BLG31M0705.067030,18:14:29.87,-25:12:25.20,9315.70644,9.74,0.624,20.59,20.0,21.01,1,1.29,
KMT-2021-BLG-0364,BLG34K0807.004931,17:59:42.41,-31:18:07.60,9316.55299,7.83,0.893,18.69,17.54,17.54,1,1.51,
KMT-2021-BLG-0365,BLG34M0102.043813,18:08:39.51,-31:53:23.39,9324.84508,18.55,0.101,19.83,20.0,20.39,1,0.67,
KMT-2021-BLG-0366,BLG34M0407.053870,18:06:42.60,-31:19:02.10,9317.54652,15.75,0.297,21.9,20.0,20.21,1,0.78,
KMT-2021-BLG-0367,SAO35K0505.036254,18:01:34.55,-25:09:27.14,9314.69727,55.64,0.027,23.33,20.0,22.03,2,4.57,
KMT-2021-BLG-0368,BLG35M0101.038962,18:08:50.93,-25:42:25.31,9322.3548,49.04,0.245,20.95,19.8,19.8,1,1.86,
KMT-2021-BLG-0369,BLG35N0304.080484,18:07:50.19,-26:24:24.01,9329.83672,48.42,0.063,20.58,20.0,20.77,1,1.43,MB21096
KMT-2021-BLG-0370,SAO37T0807.033947,17:39:43.18,-35:37:34.10,9317.54674,10.99,0.439,20.0,20.0,20.5,2,2.09,
KMT-2021-BLG-0371,BLG41N0401.031549,17:56:48.68,-32:12:47.70,9322.80796,41.47,0.366,19.92,19.29,19.29,1,1.48,
KMT-2021-BLG-0372,SAO42M0503.035018,17:56:24.56,-28:45:13.00,9320.48383,11.22,0.132,20.77,18.97,18.97,1,1.85,
KMT-2021-BLG-0373,BLG43M0605.046258,18:03:22.11,-27:28:27.91,9322.60627,33.14,0.197,20.31,19.66,19.66,1,1.56,MB21095
KMT-2021-BLG-0374,BLG43T0304.053800,17:59:59.67,-28:39:39.85,9317.23237,9.94,0.367,20.07,19.0,19.0,2,1.26,
KMT-2021-BLG-0375,BLG01M0503.011014,17:56:39.97,-30:43:14.20,9315.06378,11.65,0.013,22.61,17.8,17.8,1,1.5,
KMT-2021-BLG-0376,BLG02T0603.008840,17:51:15.49,-29:44:50.60,9322.17411,27.17,0.874,19.38,17.72,17.72,1,3.11,
KMT-2021-BLG-0377,BLG03T0108.005034,18:01:38.57,-28:02:01.79,9314.18589,2.63,0.027,20.04,16.46,16.46,1,1.26,
KMT-2021-BLG-0378,BLG11T0206.004560,17:26:26.56,-30:22:55.85,9319.6114,15.91,0.895,18.71,18.4,18.4,2,2.93,
KMT-2021-BLG-0379,SAO11T0501.005644,17:24:43.16,-30:59:37.79,9339.86464,44.26,0.159,19.79,19.92,19.92,2,3.66,
KMT-2021-BLG-0380,BLG12M0505.001737,17:29:37.87,-27:11:54.71,9303.31928,53.81,0.886,17.78,17.74,17.74,2,2.89,
KMT-2021-BLG-0381,SAO12M0701.000669,17:28:50.02,-27:45:26.75,9328.84428,21.72,0.976,17.77,16.42,16.42,2,2.15,
KMT-2021-BLG-0382,SAO14M0702.017850,17:37:44.77,-28:38:29.62,9433.58911,199.98,0.298,16.54,19.95,19.95,2,3.22,
KMT-2021-BLG-0383,BLG16N0205.004075,17:41:02.23,-25:12:45.79,9332.11382,50.81,1.0,18.27,17.56,17.56,1,2.59,
KMT-2021-BLG-0384,BLG18K0206.024230,17:45:00.36,-25:59:14.60,9331.44253,27.74,0.288,20.06,20.0,20.14,2,2.72,
KMT-2021-BLG-0385,BLG18K0705.053494,17:42:04.18,-26:09:33.23,9314.37987,1.86,0.195,19.51,20.0,21.35,2,3.12,
KMT-2021-BLG-0386,BLG19M0803.007400,17:46:11.57,-24:17:42.47,9341.61622,52.71,0.987,18.72,18.73,18.73,2,2.45,
KMT-2021-BLG-0387,BLG22M0507.034197,17:56:30.50,-32:24:29.70,9329.677,23.71,0.329,19.53,19.5,19.5,1,1.6,
KMT-2021-BLG-0388,BLG31N0604.058494,18:14:55.73,-26:28:22.01,9314.19786,3.88,0.693,19.9,20.0,20.57,1,0.86,
KMT-2021-BLG-0389,BLG33N0806.040186,18:13:54.39,-30:23:15.07,9315.71746,11.02,0.894,19.96,20.0,20.68,2,0.62,
KMT-2021-BLG-0390,BLG35N0807.007081,18:04:56.82,-26:07:46.88,9336.55037,33.06,0.711,18.21,18.19,18.19,1,2.02,
KMT-2021-BLG-0391,SAO42M0802.087426,17:54:29.16,-28:56:00.38,9314.54245,2.93,0.027,20.98,20.0,20.48,1,1.85,
KMT-2021-BLG-0392,BLG01M0106.019793,17:58:56.10,-30:22:24.60,9426.04499,0.5,0.106,18.9,19.04,19.04,1,1.73,
KMT-2021-BLG-0393,BLG01T0401.008048,17:52:22.60,-32:08:46.00,9378.8397,56.37,0.953,17.93,18.02,18.02,1,2.03,
KMT-2021-BLG-0394,BLG02K0204.014764,17:53:22.28,-28:30:47.66,9317.79026,9.28,0.573,19.44,18.62,18.62,2,2.56,
KMT-2021-BLG-0395,BLG02M0203.017623,17:58:05.45,-28:35:25.12,9333.98329,43.58,0.79,18.86,18.26,18.26,1,1.62,
KMT-2021-BLG-0396,BLG02T0101.099776,17:54:08.05,-30:03:32.29,9314.73671,31.24,0.194,19.63,20.0,20.26,1,1.38,
KMT-2021-BLG-0397,BLG02T0506.045319,17:51:39.01,-29:24:05.90,9317.62558,12.95,0.32,20.83,20.0,20.26,1,3.39,
KMT-2021-BLG-0398,BLG02T0601.032636,17:51:13.04,-29:59:55.90,9344.48289,30.69,0.154,19.27,19.54,19.54,1,2.72,
KMT-2021-BLG-0399,BLG11N0308.011927,17:31:01.01,-30:00:59.15,9327.0839,10.43,0.285,19.5,19.17,19.17,2,2.26,
KMT-2021-BLG-0400,SAO12N0201.038942,17:31:41.39,-28:47:02.69,9315.43633,18.99,0.462,20.03,20.0,20.64,2,2.35,
KMT-2021-BLG-0401,BLG12T0401.003029,17:25:26.31,-28:52:40.08,9359.70235,22.72,0.353,17.52,17.65,17.65,2,2.03,
KMT-2021-BLG-0402,BLG13N0201.067192,17:38:58.77,-35:20:11.90,9321.74781,23.22,0.012,21.03,20.0,21.63,2,1.99,
KMT-2021-BLG-0403,BLG14N0301.011625,17:40:17.57,-29:54:03.42,9317.73278,8.22,0.901,19.95,20.0,21.49,2,6.43,
KMT-2021-BLG-0404,BLG14T0306.031864,17:35:29.31,-29:13:46.88,9318.70867,13.7,0.052,21.15,20.0,21.35,2,4.0,
KMT-2021-BLG-0405,BLG15M0306.044043,17:39:54.89,-26:04:12.97,9318.04066,16.74,0.76,19.95,20.0,20.99,2,2.52,
KMT-2021-BLG-0406,BLG18K0306.054966,17:44:30.03,-26:02:44.52,9317.37732,10.57,0.03,22.28,20.0,21.04,2,2.81,
KMT-2021-BLG-0407,BLG18K0605.001831,17:42:39.27,-26:08:55.82,9378.91533,187.97,0.339,20.44,17.32,17.32,2,3.02,
KMT-2021-BLG-0408,BLG19K0403.039280,17:43:53.72,-24:15:59.62,9316.31021,10.07,0.012,22.73,19.6,19.6,1,1.74,
KMT-2021-BLG-0409,BLG22K0703.004086,17:50:27.90,-32:55:36.41,9345.31833,20.91,1.0,17.02,17.07,17.07,1,2.08,
KMT-2021-BLG-0410,SAO35M0405.007029,18:06:51.62,-25:09:41.94,9318.08864,22.61,0.288,18.74,18.58,18.58,4,2.83,MB21076
KMT-2021-BLG-0411,BLG41K0807.004447,17:49:30.42,-30:25:48.50,9318.21576,2.12,0.906,17.91,17.85,17.85,1,3.76,
KMT-2021-BLG-0412,SAO42M0306.013111,17:57:24.98,-28:24:28.40,9324.14172,55.76,0.98,18.02,17.9,17.9,1,1.63,
KMT-2021-BLG-0413,BLG42M0602.016435,17:55:34.53,-28:54:29.59,9426.05364,0.5,0.109,18.28,18.33,18.33,2,1.92,
KMT-2021-BLG-0414,SAO43K0405.067904,17:59:19.21,-27:30:07.99,9316.36454,7.02,0.429,20.01,20.0,20.28,1,1.91,
KMT-2021-BLG-0415,BLG43M0306.083235,18:05:02.95,-27:16:32.30,9319.81369,24.83,0.02,21.91,20.0,20.0,1,0.94,
KMT-2021-BLG-0416,BLG02N0806.025921,17:54:51.43,-29:23:52.40,9307.96204,7.04,0.892,18.82,18.48,18.48,1,1.5,
KMT-2021-BLG-0417,BLG02T0803.014237,17:49:54.68,-29:45:32.51,9322.59274,14.77,0.382,20.1,18.83,18.83,1,3.79,
KMT-2021-BLG-0418,BLG11K0301.093340,17:25:57.70,-29:47:43.94,9317.7049,18.25,0.164,21.79,20.0,22.88,2,1.78,
KMT-2021-BLG-0419,BLG18M0604.016637,17:47:21.29,-26:12:58.61,9315.66414,31.06,0.567,21.16,20.0,21.24,2,4.66,
KMT-2021-BLG-0420,BLG19K0203.041168,17:44:59.32,-24:14:31.20,9317.59161,56.19,0.031,23.46,19.76,19.76,1,2.05,
KMT-2021-BLG-0421,BLG42N0804.096960,17:54:40.78,-29:46:17.00,9318.01188,14.78,0.022,22.09,19.82,19.82,1,1.4,
KMT-2021-BLG-0422,BLG43K0701.088835,17:57:59.34,-27:53:55.72,9326.26159,59.8,0.561,19.88,20.0,25.0,3,2.53,
KMT-2021-BLG-0423,BLG02N0107.063607,17:58:42.32,-29:16:58.12,9312.41236,27.52,0.366,20.5,19.13,19.13,1,1.01,
KMT-2021-BLG-0424,BLG03M0504.019350,18:04:06.44,-27:28:12.50,9370.66301,60.68,0.07,18.78,18.36,18.36,1,1.03,MB21111
KMT-2021-BLG-0425,BLG03M0803.048310,18:02:36.42,-27:35:04.09,9426.02477,0.5,0.105,18.76,19.44,19.44,1,1.42,
KMT-2021-BLG-0426,BLG03T0701.008962,17:58:18.30,-28:56:36.20,9363.95825,41.83,0.974,17.65,17.31,17.31,1,1.16,
KMT-2021-BLG-0427,BLG04M0801.047462,18:03:59.37,-29:55:52.79,9319.50287,7.43,0.852,19.35,19.25,19.25,1,0.84,
KMT-2021-BLG-0428,BLG11T0504.005161,17:24:53.01,-30:35:59.28,9323.25764,22.72,0.48,20.28,18.96,18.96,2,2.83,
KMT-2021-BLG-0429,BLG13M0408.024420,17:37:35.70,-33:21:50.00,9320.28959,11.85,0.087,21.06,20.0,21.33,2,3.72,
KMT-2021-BLG-0430,BLG14K0607.034050,17:33:49.90,-28:02:32.10,9319.10563,27.33,0.065,23.05,20.0,20.51,2,2.66,
KMT-2021-BLG-0431,BLG14T0605.084722,17:33:40.22,-29:26:16.91,9316.08782,47.37,0.163,22.69,20.0,21.96,2,2.75,
KMT-2021-BLG-0432,BLG18T0108.087635,17:45:20.83,-26:54:53.21,9323.01761,12.55,0.282,20.06,20.0,23.39,3,3.74,
KMT-2021-BLG-0433,BLG19K0107.010882,17:45:26.73,-23:49:56.89,9318.9218,33.21,0.085,21.27,18.31,18.31,1,1.54,
KMT-2021-BLG-0434,BLG19K0302.010403,17:44:24.09,-24:25:09.91,9319.59812,1.03,0.778,18.64,18.65,18.65,1,2.11,
KMT-2021-BLG-0435,BLG21K0607.013752,17:50:47.75,-34:28:06.60,9323.30812,120.84,0.002,23.38,18.37,18.37,1,1.02,
KMT-2021-BLG-0436,BLG32T0204.004547,18:10:20.22,-28:34:10.70,9343.70339,47.67,0.873,17.25,17.1,17.1,1,0.99,
KMT-2021-BLG-0437,BLG34K0603.037698,18:00:42.91,-31:45:13.28,9317.68879,4.29,0.558,19.42,19.43,19.43,1,1.13,
KMT-2021-BLG-0438,BLG35T0707.020129,18:00:36.49,-26:02:12.84,9319.67349,21.32,0.093,21.59,20.0,21.28,2,4.86,
KMT-2021-BLG-0439,BLG42T0308.014390,17:52:40.64,-29:15:02.92,9320.4065,195.11,0.003,24.83,18.31,18.31,1,2.69,
KMT-2021-BLG-0440,SAO43K0604.026980,17:58:16.93,-27:34:34.79,9318.96118,10.06,0.097,22.16,18.95,18.95,1,2.06,
KMT-2021-BLG-0441,BLG01M0505.010953,17:56:46.60,-30:30:33.08,9320.28191,3.91,0.845,18.54,18.55,18.55,1,2.46,
KMT-2021-BLG-0442,BLG03T0807.025327,17:57:28.13,-28:10:51.49,9320.86739,3.7,0.906,18.79,18.79,18.79,1,1.83,
KMT-2021-BLG-0443,BLG11N0304.027424,17:31:01.05,-30:32:44.63,9319.99134,8.88,0.076,22.66,20.0,20.53,2,2.71,
KMT-2021-BLG-0444,BLG14T0102.052575,17:36:25.17,-29:44:12.44,9320.05595,2.93,0.091,21.14,20.0,21.86,2,4.0,
KMT-2021-BLG-0445,BLG14T0501.094127,17:34:03.71,-29:52:09.66,9319.85719,4.61,0.206,21.02,20.0,22.39,2,3.16,
KMT-2021-BLG-0446,BLG14T0602.050480,17:33:13.92,-29:49:19.27,9320.4213,5.69,0.02,20.18,20.0,21.0,2,2.63,
KMT-2021-BLG-0447,BLG15M0202.003402,17:40:39.74,-26:30:56.27,9341.47985,17.94,0.212,17.76,17.75,17.75,2,2.8,
KMT-2021-BLG-0448,BLG15T0705.054676,17:33:12.15,-27:12:45.94,9330.70738,21.42,0.204,20.36,20.0,21.41,2,2.85,
KMT-2021-BLG-0449,BLG19T0608.026540,17:42:57.89,-24:44:12.91,9322.89235,6.71,0.041,20.55,19.88,19.88,1,2.41,
KMT-2021-BLG-0450,BLG22K0703.048960,17:50:27.15,-32:55:10.09,9319.29306,18.57,0.029,23.12,20.0,20.18,1,2.08,
KMT-2021-BLG-0451,BLG22K0802.016875,17:49:46.99,-33:03:56.30,9321.93844,44.85,0.003,22.53,19.34,19.34,1,2.4,
KMT-2021-BLG-0452,BLG31M0802.054114,18:14:07.06,-25:35:21.08,9326.1581,23.71,0.494,19.98,20.0,20.34,1,1.29,
KMT-2021-BLG-0453,BLG42N0503.039917,17:56:28.96,-29:54:56.99,9326.16415,5.58,0.161,18.93,19.31,19.31,1,1.68,
KMT-2021-BLG-0454,BLG42N0606.015170,17:55:43.43,-29:29:58.20,9325.02439,199.81,0.02,22.09,17.95,17.95,1,1.63,MB21098
KMT-2021-BLG-0455,BLG43N0704.045714,18:02:40.15,-28:42:52.88,9319.12069,160.33,0.002,23.92,18.99,18.99,1,0.98,
KMT-2021-BLG-0456,BLG01M0807.026177,17:55:02.41,-30:15:37.51,9328.95034,12.09,0.403,19.3,19.28,19.28,1,1.97,
KMT-2021-BLG-0457,BLG02K0203.009050,17:53:38.88,-28:37:39.18,9329.70638,16.22,0.372,19.35,17.98,17.98,4,2.72,
KMT-2021-BLG-0458,BLG02K0603.060393,17:51:00.92,-28:40:05.48,9321.35205,10.21,0.115,21.9,20.0,22.53,2,4.51,
KMT-2021-BLG-0459,BLG02M0505.064863,17:56:26.83,-28:25:08.29,9332.98392,24.68,0.551,19.69,19.83,19.83,1,2.12,
KMT-2021-BLG-0460,BLG02T0306.046118,17:52:52.31,-29:26:42.68,9322.26564,51.28,0.071,22.58,19.61,19.61,1,2.7,
KMT-2021-BLG-0461,BLG03K0106.045299,18:01:33.32,-27:09:21.82,9324.71968,13.64,0.066,21.01,20.0,20.11,1,2.71,
KMT-2021-BLG-0462,BLG03K0307.019417,18:00:17.55,-27:01:09.52,9368.48045,64.36,0.054,19.43,19.02,19.02,1,2.57,MB21148
KMT-2021-BLG-0463,BLG03T0407.058276,17:59:42.21,-28:14:02.51,9322.17434,1.88,0.331,19.33,19.27,19.27,1,1.45,
KMT-2021-BLG-0464,BLG04K0302.016781,18:02:05.16,-29:48:19.40,9324.26405,4.59,0.974,18.39,18.16,18.16,1,0.93,
KMT-2021-BLG-0465,BLG04M0105.032840,18:08:08.45,-29:28:52.90,9325.44404,6.0,0.432,19.26,19.16,19.16,1,0.94,
KMT-2021-BLG-0466,BLG04T0602.005344,18:00:23.56,-30:52:12.61,9326.81145,5.96,0.797,17.5,17.46,17.46,1,1.46,MB21094
KMT-2021-BLG-0467,BLG04T0808.030843,17:59:15.46,-30:06:49.39,9321.79512,4.13,0.272,19.08,19.04,19.04,1,1.32,
KMT-2021-BLG-0468,BLG11M0202.043472,17:31:31.25,-29:39:11.12,9328.0236,47.24,0.269,21.4,20.0,20.8,2,2.71,
KMT-2021-BLG-0469,BLG11M0708.028244,17:28:26.11,-28:59:16.44,9316.87009,45.96,0.281,20.9,20.0,20.02,2,1.87,
KMT-2021-BLG-0470,BLG11N0506.084257,17:29:35.56,-30:22:59.63,9322.03612,81.54,0.061,23.18,20.0,21.68,2,2.74,
KMT-2021-BLG-0471,BLG13N0207.014959,17:39:02.40,-34:33:38.12,9324.47587,15.86,0.619,19.96,20.0,20.36,2,3.12,
KMT-2021-BLG-0472,BLG14M0707.025283,17:37:44.24,-28:04:36.30,9320.46087,37.83,0.007,24.27,20.0,20.71,2,3.43,
KMT-2021-BLG-0473,BLG14T0108.040836,17:36:14.77,-29:02:19.72,9335.29453,27.61,0.189,21.06,20.0,20.83,2,2.99,
KMT-2021-BLG-0474,SAO14T0704.010798,17:32:44.97,-29:33:07.99,9320.861,37.81,0.043,23.0,19.79,19.79,2,3.43,
KMT-2021-BLG-0475,BLG15K0307.002157,17:35:20.75,-25:57:28.51,9338.35421,11.91,0.412,18.69,18.71,18.71,2,3.56,
KMT-2021-BLG-0476,BLG15K0604.039215,17:33:43.80,-26:18:22.90,9328.74418,9.57,0.359,20.11,20.0,21.5,2,2.85,
KMT-2021-BLG-0477,BLG15M0107.084555,17:41:18.39,-25:54:07.74,9323.4035,11.19,0.029,22.7,20.0,22.19,2,2.7,
KMT-2021-BLG-0478,BLG15M0303.013843,17:40:01.65,-26:22:52.43,9328.04243,15.58,0.304,20.68,19.73,19.73,2,2.71,
KMT-2021-BLG-0479,BLG15T0207.041098,17:35:48.46,-27:04:58.30,9329.98701,27.12,0.135,20.4,19.97,19.97,1,2.26,
KMT-2021-BLG-0480,BLG18M0804.040858,17:46:33.68,-26:12:40.68,9319.95761,72.03,0.007,24.12,20.0,21.28,2,3.56,
KMT-2021-BLG-0481,SAO18T0404.070741,17:43:39.22,-27:18:39.28,9320.38238,46.83,0.193,21.54,20.0,22.12,3,3.66,
KMT-2021-BLG-0482,SAO19K0501.025127,17:43:09.91,-24:29:53.02,9335.05736,66.24,0.131,21.21,19.82,19.82,1,1.96,
KMT-2021-BLG-0483,SAO19K0702.066899,17:42:22.45,-24:26:58.60,9322.6053,19.5,0.08,22.58,20.0,20.84,1,2.21,
KMT-2021-BLG-0484,BLG19N0703.044650,17:47:09.83,-25:21:55.84,9336.15154,57.53,0.016,21.32,20.0,21.56,2,3.9,
KMT-2021-BLG-0485,BLG21M0306.009757,17:57:55.18,-34:38:20.80,9343.65971,68.55,0.076,20.58,18.27,18.27,1,0.73,
KMT-2021-BLG-0486,BLG21T0203.013151,17:53:17.09,-36:04:49.40,9334.66174,16.16,0.897,18.58,18.58,18.58,1,0.69,
KMT-2021-BLG-0487,BLG22K0304.042109,17:52:38.77,-32:44:27.71,9432.00368,0.5,0.102,18.92,19.53,19.53,1,1.54,
KMT-2021-BLG-0488,BLG31K0101.020193,18:13:18.55,-25:43:42.20,9319.6014,26.93,0.046,22.36,19.02,19.02,1,1.34,
KMT-2021-BLG-0489,SAO32K0102.055444,18:10:42.88,-27:38:39.08,9323.71607,6.06,0.611,19.47,19.52,19.52,1,0.69,
KMT-2021-BLG-0490,BLG33K0303.062349,18:11:34.80,-29:37:47.71,9324.51491,76.03,0.05,21.59,20.0,20.34,1,0.64,
KMT-2021-BLG-0491,BLG34K0705.014832,18:00:00.21,-31:34:50.20,9327.03254,9.85,0.895,18.89,18.77,18.77,1,1.36,
KMT-2021-BLG-0492,BLG34T0705.008086,17:59:55.19,-32:41:01.61,9322.28573,5.86,0.993,18.45,18.18,18.18,1,1.06,
KMT-2021-BLG-0493,BLG37K0102.105820,17:44:16.62,-35:10:36.41,9319.30011,2.99,0.86,20.08,20.0,25.0,3,1.38,
KMT-2021-BLG-0494,BLG37K0204.000642,17:43:36.34,-34:55:35.72,9420.71448,57.5,0.202,16.18,16.17,16.17,2,2.17,
KMT-2021-BLG-0495,SAO37K0602.067409,17:41:03.18,-35:03:51.52,9325.47812,17.67,0.39,20.75,20.0,21.27,3,1.83,
KMT-2021-BLG-0496,BLG37M0608.064770,17:46:07.81,-34:21:14.11,9336.97379,39.96,0.355,20.18,20.0,20.34,1,1.52,
KMT-2021-BLG-0497,SAO41M0401.079226,17:56:42.38,-31:08:02.11,9321.71313,1.75,0.017,20.28,20.0,20.2,1,1.32,
KMT-2021-BLG-0498,BLG41T0504.002951,17:51:21.56,-31:53:21.01,9342.09834,11.23,0.499,17.52,17.55,17.55,1,2.7,MB21112
KMT-2021-BLG-0499,SAO42K0404.011250,17:52:08.24,-28:40:45.59,9327.8613,12.88,0.641,19.78,19.27,19.27,2,3.39,
KMT-2021-BLG-0500,BLG42N0106.009522,17:58:26.30,-29:33:54.50,9431.2521,0.5,1.0,17.24,17.46,17.46,1,1.16,
KMT-2021-BLG-0501,BLG42N0801.055950,17:54:32.28,-30:07:50.92,9323.20437,22.35,0.118,21.96,19.65,19.65,1,1.35,
KMT-2021-BLG-0502,BLG42T0202.012441,17:53:10.01,-29:59:05.50,9323.93804,3.0,0.999,17.94,17.57,17.57,1,1.82,
KMT-2021-BLG-0503,SAO42T0505.005395,17:51:11.93,-29:38:01.72,9322.02462,138.95,0.008,24.83,16.88,16.88,1,2.82,
KMT-2021-BLG-0504,SAO43M0804.045413,18:02:06.60,-27:35:40.31,9326.13738,11.9,0.611,19.41,19.32,19.32,1,1.43,
KMT-2021-BLG-0505,SAO03K0303.036400,18:00:31.50,-27:37:57.61,9327.33038,3.59,0.637,18.96,19.1,19.1,1,1.65,
KMT-2021-BLG-0506,BLG14M0602.051371,17:38:14.76,-28:36:18.36,9327.95529,8.66,0.034,20.81,20.0,21.4,2,3.49,
KMT-2021-BLG-0507,BLG14N0506.000193,17:38:52.17,-29:15:23.76,9449.65207,171.8,0.722,16.38,16.14,16.14,2,4.38,
KMT-2021-BLG-0508,BLG14N0704.014384,17:37:45.86,-29:32:34.62,9337.76575,167.43,0.002,23.82,20.0,20.04,2,3.78,
KMT-2021-BLG-0509,BLG17M0802.035276,17:44:53.26,-33:03:49.79,9328.14458,48.73,0.069,21.66,20.0,20.87,2,2.48,
KMT-2021-BLG-0510,BLG17N0405.022173,17:47:16.75,-33:45:47.99,9323.73995,10.17,0.186,21.25,19.69,19.69,1,2.24,
KMT-2021-BLG-0511,SAO18K0602.049384,17:43:01.84,-26:27:15.66,9327.57535,18.46,0.198,20.93,20.0,20.95,2,3.04,
KMT-2021-BLG-0512,BLG19T0408.085204,17:43:43.50,-24:49:54.01,9324.24392,21.43,0.097,23.05,20.0,22.13,2,2.66,
KMT-2021-BLG-0513,BLG31K0701.056964,18:09:44.79,-25:43:02.89,9322.99031,42.27,0.005,22.49,20.0,20.32,1,1.55,
KMT-2021-BLG-0514,BLG31T0205.026066,18:12:23.01,-26:18:27.11,9426.01185,0.5,0.101,18.72,19.01,19.01,1,1.06,
KMT-2021-BLG-0515,BLG42M0803.019852,17:54:18.10,-28:46:06.67,9353.38748,31.69,0.128,18.53,18.62,18.62,2,2.1,MB21119
KMT-2021-BLG-0516,SAO02M0507.035374,17:56:34.43,-28:07:57.22,9328.77283,3.7,0.666,18.66,19.15,19.15,1,1.95,
KMT-2021-BLG-0517,SAO02N0701.047156,17:55:26.68,-29:58:41.70,9431.12032,0.5,0.508,18.33,19.15,19.15,1,1.34,
KMT-2021-BLG-0518,SAO02N0704.026931,17:55:26.41,-29:35:57.70,9319.78801,32.39,0.107,21.17,18.45,18.45,1,1.51,
KMT-2021-BLG-0519,BLG14M0501.015510,17:39:13.70,-28:48:55.12,9325.52873,168.15,0.024,24.31,20.0,20.12,2,4.31,
KMT-2021-BLG-0520,BLG20K0803.031191,17:41:41.52,-22:13:39.79,9330.00405,32.99,0.093,20.88,20.0,20.64,1,1.37,
KMT-2021-BLG-0521,SSO42K0401.039615,17:51:49.58,-29:04:25.57,9325.42287,16.09,0.033,21.84,20.0,20.6,2,3.41,
KMT-2021-BLG-0522,BLG42N0701.020789,17:55:09.59,-30:07:19.99,9327.23792,28.52,0.176,21.49,18.41,18.41,1,1.35,
KMT-2021-BLG-0523,BLG01M0507.041719,17:56:23.96,-30:15:28.69,9410.15682,11.38,0.59,19.16,19.39,19.39,1,1.74,
KMT-2021-BLG-0524,SAO02T0604.037595,17:51:20.24,-29:40:58.30,9325.38229,199.97,0.002,25.22,19.61,19.61,1,2.65,
KMT-2021-BLG-0525,SAO03K0301.062073,18:00:18.87,-27:51:59.29,9329.85639,25.17,0.367,20.93,19.72,19.72,1,1.78,MB21106
KMT-2021-BLG-0526,SAO03K0702.031477,17:58:23.28,-27:42:17.60,9325.72765,5.58,0.101,21.78,19.29,19.29,1,1.84,
KMT-2021-BLG-0527,BLG04M0806.017558,18:04:07.17,-29:15:17.21,9327.11675,9.12,0.897,18.56,18.15,18.15,1,0.84,
KMT-2021-BLG-0528,BLG11N0505.015622,17:29:26.31,-30:29:10.57,9322.69666,17.21,0.1,22.39,19.84,19.84,2,2.97,
KMT-2021-BLG-0529,BLG14N0706.025643,17:37:48.86,-29:19:16.72,9328.26685,8.28,0.33,20.43,20.0,21.09,2,4.12,
KMT-2021-BLG-0530,BLG14T0406.092475,17:34:54.35,-29:15:46.91,9325.32511,3.84,0.022,20.04,20.0,22.39,2,3.39,
KMT-2021-BLG-0531,BLG15N0202.011156,17:40:37.97,-27:41:22.70,9326.833,24.19,0.123,21.62,19.41,19.41,2,3.36,
KMT-2021-BLG-0532,BLG16T0206.000783,17:35:54.57,-25:04:26.58,9329.66009,9.98,0.797,18.4,16.99,16.99,2,2.83,
KMT-2021-BLG-0533,BLG20N0404.055838,17:48:37.28,-23:12:43.88,9329.12352,68.64,0.005,22.08,20.0,20.13,1,1.65,
KMT-2021-BLG-0534,BLG32T0107.002268,18:10:36.67,-28:14:14.10,9356.65918,183.86,0.002,21.46,15.94,15.94,1,1.28,MB21114
KMT-2021-BLG-0535,BLG41M0808.031195,17:54:42.29,-30:13:46.63,9341.6044,43.51,0.156,20.7,19.82,19.82,2,1.81,
KMT-2021-BLG-0536,SAO42N0803.000510,17:54:49.12,-29:51:39.49,9349.05528,24.38,1.0,14.24,14.02,14.02,1,1.25,
KMT-2021-BLG-0537,SAO43M0604.057005,18:03:01.77,-27:33:15.91,9326.2291,26.88,0.059,21.38,19.61,19.61,1,1.38,
KMT-2021-BLG-0538,SAO43N0507.048047,18:03:54.97,-28:22:17.11,9335.2134,34.6,0.278,20.2,18.99,18.99,1,0.92,
KMT-2021-BLG-0539,SAO43T0306.050911,18:00:12.20,-28:24:39.10,9327.73065,9.79,0.131,20.21,19.07,19.07,1,1.27,
KMT-2021-BLG-0540,SAO03K0101.028420,18:01:26.97,-27:53:02.62,9334.23823,8.87,0.597,18.6,18.68,18.68,1,1.28,
KMT-2021-BLG-0541,SAO03K0308.032039,18:00:25.00,-26:58:39.29,9325.72053,30.94,0.167,inf,20.0,20.03,1,2.59,
KMT-2021-BLG-0542,SAO03K0402.016424,17:59:55.14,-27:39:41.40,9372.21612,35.91,0.067,18.51,18.49,18.49,1,1.84,
KMT-2021-BLG-0543,BLG03M0806.043867,18:02:13.68,-27:09:23.51,9320.74005,53.96,0.255,20.55,20.0,20.22,1,2.45,
KMT-2021-BLG-0544,BLG12K0106.009486,17:27:11.11,-27:06:42.44,9325.49176,66.65,0.629,19.81,19.96,19.96,2,2.28,
KMT-2021-BLG-0545,SAO12M0408.031278,17:29:58.76,-26:47:38.65,9335.07275,75.86,0.031,21.72,20.0,22.07,2,3.41,
KMT-2021-BLG-0546,BLG17K0706.000703,17:40:46.23,-32:33:32.47,9390.57324,59.4,0.225,17.4,17.37,17.37,2,4.65,
KMT-2021-BLG-0547,BLG19K0104.028813,17:45:27.02,-24:12:30.89,9319.19879,37.23,0.245,21.32,19.45,19.45,1,2.1,
KMT-2021-BLG-0548,BLG19N0607.029841,17:47:21.82,-24:54:16.81,9332.73813,10.91,0.483,19.85,20.0,21.62,2,3.64,
KMT-2021-BLG-0549,BLG21M0106.003074,17:59:02.52,-34:35:54.60,9398.36737,63.63,0.781,17.22,17.14,17.14,1,0.6,
KMT-2021-BLG-0550,BLG32N0807.031755,18:11:43.57,-28:12:09.00,9338.99943,14.31,0.385,18.89,18.89,18.89,1,0.62,
KMT-2021-BLG-0551,BLG32T0705.037448,18:07:36.61,-28:26:18.71,9327.74888,33.86,0.49,19.85,19.19,19.19,1,1.19,
KMT-2021-BLG-0552,BLG33T0405.048193,18:11:04.55,-30:35:31.20,9340.07848,28.35,0.016,20.08,20.0,20.09,1,0.54,
KMT-2021-BLG-0553,BLG35M0304.003382,18:07:41.02,-25:20:38.69,9415.38313,68.25,0.608,16.82,16.84,16.84,1,1.52,MB21113
KMT-2021-BLG-0554,BLG37N0501.046555,17:46:43.40,-36:20:54.71,9354.19654,64.19,0.056,20.86,20.0,20.41,1,1.2,
KMT-2021-BLG-0555,BLG41M0801.074338,17:54:27.61,-31:05:57.01,9326.52686,3.0,0.369,19.8,20.0,20.19,1,1.38,
KMT-2021-BLG-0556,SAO41N0503.003061,17:56:26.99,-32:00:54.68,9327.99124,68.31,0.057,22.37,16.33,16.33,1,1.26,
KMT-2021-BLG-0557,SAO42N0205.022450,17:58:05.21,-29:38:02.11,9326.89542,199.83,0.002,25.73,18.37,18.37,1,1.27,
KMT-2021-BLG-0558,SAO43T0106.000536,18:01:24.40,-28:22:44.69,9344.63574,9.73,0.537,14.17,14.19,14.19,1,1.08,
KMT-2021-BLG-0559,BLG01K0105.036847,17:54:09.73,-30:31:29.21,9461.59729,6.25,0.498,18.97,19.04,19.04,1,1.46,
KMT-2021-BLG-0560,BLG01T0507.011960,17:51:27.40,-31:21:10.80,9331.07816,75.3,0.056,23.24,19.27,19.27,1,2.93,
KMT-2021-BLG-0561,BLG02M0806.075167,17:54:58.56,-28:16:39.61,9364.71086,79.87,0.117,20.3,20.0,21.75,2,2.69,
KMT-2021-BLG-0562,SAO02N0808.020194,17:54:37.49,-29:11:57.59,9329.55207,198.87,0.007,23.84,18.43,18.43,1,1.87,
KMT-2021-BLG-0563,SAO02T0603.027045,17:51:06.43,-29:43:43.28,9481.76239,37.53,0.991,19.31,19.45,19.45,1,2.95,
KMT-2021-BLG-0564,SAO02T0702.028041,17:50:37.80,-29:56:46.28,9329.60523,76.15,0.004,25.13,19.61,19.61,1,3.07,
KMT-2021-BLG-0565,BLG03K0203.061639,18:01:10.38,-27:35:30.30,9329.16517,3.09,0.807,20.26,19.54,19.54,1,1.29,
KMT-2021-BLG-0566,SAO03K0605.078129,17:58:35.68,-27:18:30.02,9327.75462,8.82,0.145,22.34,20.0,20.99,2,2.47,
KMT-2021-BLG-0567,SAO03T0506.045353,17:59:29.69,-28:20:19.79,9334.88937,26.25,0.277,20.65,19.08,19.08,1,1.38,
KMT-2021-BLG-0568,SAO04K0501.037272,18:00:53.68,-29:55:19.31,9362.28028,98.81,0.554,18.9,18.9,18.9,1,1.02,
KMT-2021-BLG-0569,BLG04K0602.068317,18:00:18.90,-29:45:46.30,9332.31804,10.64,0.172,19.79,19.6,19.6,1,1.27,
KMT-2021-BLG-0570,SAO11K0501.037278,17:25:00.64,-29:50:32.24,9366.74319,82.65,0.475,19.91,20.0,20.16,2,1.78,
KMT-2021-BLG-0571,BLG11N0307.072465,17:31:05.53,-30:09:48.06,9330.66578,15.96,0.179,21.55,20.0,21.27,2,2.3,
KMT-2021-BLG-0572,BLG11N0408.053823,17:30:16.07,-30:07:08.44,9328.02098,4.61,0.438,19.94,20.0,20.79,2,2.16,
KMT-2021-BLG-0573,BLG12N0502.027537,17:29:31.23,-28:42:27.54,9331.26712,34.6,0.002,22.03,20.0,20.16,2,2.01,
KMT-2021-BLG-0574,BLG13M0804.015787,17:35:28.52,-33:52:16.21,9326.62672,44.15,0.03,23.39,20.0,22.05,2,5.76,
KMT-2021-BLG-0575,BLG14M0108.043979,17:41:07.49,-27:50:51.07,9330.04189,6.74,0.318,20.49,20.0,21.14,2,3.24,
KMT-2021-BLG-0576,BLG14M0704.054559,17:37:53.17,-28:22:16.14,9327.42126,1.89,0.608,19.97,20.0,21.9,2,3.83,
KMT-2021-BLG-0577,BLG14N0508.031118,17:39:15.70,-28:57:52.09,9368.40064,65.15,0.055,20.21,20.0,21.39,2,4.39,
KMT-2021-BLG-0578,BLG14N0705.031119,17:37:48.28,-29:23:04.27,9329.03628,1.49,0.826,20.01,20.0,21.31,2,4.21,
KMT-2021-BLG-0579,BLG15N0102.056140,17:41:06.98,-27:41:32.03,9329.82254,68.29,0.003,24.91,20.0,21.23,2,3.3,
KMT-2021-BLG-0580,BLG15N0107.073180,17:41:05.03,-27:03:41.08,9329.33326,4.77,0.191,21.67,20.0,22.55,2,3.68,
KMT-2021-BLG-0581,BLG15N0305.017197,17:40:10.66,-27:18:59.22,9335.42319,11.65,0.068,19.76,19.86,19.86,2,3.04,
KMT-2021-BLG-0582,BLG16K0807.024563,17:32:34.26,-23:51:10.76,9404.94067,199.99,0.116,20.24,20.0,20.52,2,-9.99,
KMT-2021-BLG-0583,BLG17M0804.047223,17:45:03.26,-32:42:27.72,9374.93491,60.01,0.42,20.03,20.0,25.0,3,4.74,
KMT-2021-BLG-0584,BLG19K0108.060241,17:45:43.66,-23:39:47.30,9333.41419,9.3,0.129,20.36,20.0,20.45,1,1.72,
KMT-2021-BLG-0585,BLG20T0701.011821,17:42:28.44,-23:33:58.28,9371.86944,76.65,0.551,18.95,19.01,19.01,1,2.09,
KMT-2021-BLG-0586,BLG21M0105.018755,17:59:00.99,-34:41:08.59,9333.98448,9.62,0.326,18.98,18.93,18.93,1,0.55,
KMT-2021-BLG-0587,SAO21N0507.014580,17:57:00.91,-35:36:02.09,9345.1135,31.99,0.146,19.11,18.84,18.84,1,0.76,
KMT-2021-BLG-0588,BLG32K0804.045567,18:06:53.32,-27:25:19.31,9353.64642,69.96,0.092,20.42,19.11,19.11,1,0.96,MB21139
KMT-2021-BLG-0589,BLG36M0302.002176,18:18:47.55,-23:31:43.90,9348.2759,47.1,0.388,18.04,16.73,16.73,1,1.17,MB21092
KMT-2021-BLG-0590,BLG37K0105.010626,17:44:11.52,-34:41:48.80,9374.25041,52.24,0.003,19.23,19.25,19.25,2,1.63,
KMT-2021-BLG-0591,SAO41K0101.080230,17:53:35.47,-31:09:18.61,9326.94734,41.19,0.078,22.76,20.0,20.68,1,2.08,
KMT-2021-BLG-0592,BLG41K0402.063375,17:51:53.42,-31:01:56.21,9332.95176,18.89,0.099,21.34,20.0,20.2,1,2.22,
KMT-2021-BLG-0593,SAO41N0204.057572,17:58:09.16,-31:55:46.81,9328.13872,6.41,0.184,20.96,20.0,20.55,1,1.66,
KMT-2021-BLG-0594,BLG43K0207.015027,18:00:53.00,-27:14:21.30,9337.95712,15.58,0.361,19.27,18.48,18.48,1,1.73,MB21108
KMT-2021-BLG-0595,BLG43M0802.030551,18:02:08.11,-27:48:01.51,9340.72735,198.14,0.019,22.87,18.84,18.84,1,1.36,MB21116
KMT-2021-BLG-0596,BLG01M0108.068480,17:58:47.26,-30:06:44.71,9364.22891,88.41,0.138,20.29,20.0,20.06,1,1.44,
KMT-2021-BLG-0597,BLG01T0201.046232,17:53:22.51,-32:05:54.38,9330.88124,38.61,0.291,21.42,20.0,20.1,1,2.3,
KMT-2021-BLG-0598,BLG02K0303.072792,17:53:00.46,-28:39:51.88,9331.09917,34.11,0.027,23.31,20.0,21.79,2,2.98,
KMT-2021-BLG-0599,BLG02M0702.016786,17:55:14.87,-28:47:45.10,9337.44473,18.39,0.971,18.56,18.56,18.56,4,2.09,
KMT-2021-BLG-0600,BLG11M0607.058769,17:28:50.13,-29:02:10.57,9332.60913,15.13,0.519,19.98,20.0,20.81,2,2.17,
KMT-2021-BLG-0601,BLG14N0703.019103,17:37:41.16,-29:39:06.08,9354.16443,31.14,0.067,20.48,20.0,20.5,2,3.88,
KMT-2021-BLG-0602,BLG14T0305.033443,17:35:25.95,-29:26:42.32,9339.37909,15.86,0.901,inf,20.0,20.94,2,3.06,
KMT-2021-BLG-0603,BLG15N0107.018353,17:41:08.94,-26:59:39.59,9333.27148,10.23,0.185,21.04,20.0,20.96,2,3.95,
KMT-2021-BLG-0604,BLG17M0202.067964,17:48:55.50,-33:03:09.18,9338.10265,21.09,0.052,20.85,20.0,21.97,2,2.22,
KMT-2021-BLG-0605,SSO18T0705.061169,17:42:23.52,-27:11:08.34,9331.35271,6.62,0.028,21.65,20.0,21.86,2,3.81,
KMT-2021-BLG-0606,BLG18T0804.009759,17:41:28.74,-27:22:35.44,9331.38621,71.88,0.104,22.5,19.49,19.49,2,3.49,
KMT-2021-BLG-0607,BLG19K0705.026270,17:42:08.75,-24:03:05.62,9351.42457,41.73,0.891,19.36,19.41,19.41,1,1.88,
KMT-2021-BLG-0608,BLG22M0204.020386,17:58:34.76,-32:41:44.99,9333.76419,32.01,0.069,22.18,19.12,19.12,1,1.34,
KMT-2021-BLG-0609,BLG22T0103.035135,17:54:10.86,-33:58:22.01,9350.98356,49.66,0.375,19.5,19.43,19.43,1,1.07,
KMT-2021-BLG-0610,SAO31N0704.062012,18:14:27.01,-26:27:03.60,9347.35496,54.44,0.566,20.11,20.0,20.46,1,0.92,
KMT-2021-BLG-0611,SAO33K0206.005450,18:12:05.90,-29:17:52.69,9390.48104,81.52,0.26,17.42,17.46,17.46,1,0.5,MB21105
KMT-2021-BLG-0612,SAO34K0205.021950,18:02:43.70,-31:31:59.81,9327.17125,28.22,0.981,18.81,18.84,18.84,1,0.92,
KMT-2021-BLG-0613,BLG43M0703.033464,18:02:43.33,-27:38:58.31,9330.80256,3.28,0.174,20.52,18.91,18.91,1,1.29,
KMT-2021-BLG-0614,BLG01K0203.005182,17:53:34.40,-30:46:16.21,9343.99204,7.96,1.0,17.42,16.96,16.96,1,1.97,
KMT-2021-BLG-0615,BLG01K0404.020098,17:52:13.23,-30:36:52.99,9330.91893,48.35,0.024,24.08,18.73,18.73,1,2.44,
KMT-2021-BLG-0616,BLG02M0303.016932,17:57:43.45,-28:39:32.80,9359.1119,33.16,0.277,18.84,18.31,18.31,1,1.74,MB21143
KMT-2021-BLG-0617,BLG02N0407.010798,17:56:54.33,-29:13:39.90,9332.70405,21.41,1.0,18.77,17.75,17.75,1,1.83,
KMT-2021-BLG-0618,BLG02T0108.072097,17:53:58.80,-29:10:34.50,9344.6078,57.93,0.299,19.92,19.33,19.33,1,1.52,
KMT-2021-BLG-0619,BLG03M0607.091066,18:03:40.81,-27:04:22.01,9332.18617,10.58,0.072,22.1,20.0,21.4,1,1.73,
KMT-2021-BLG-0620,BLG03N0606.051747,18:03:42.19,-28:18:42.70,9345.87844,12.05,0.63,18.97,19.06,19.06,1,0.88,
KMT-2021-BLG-0621,SAO12K0202.017553,17:26:21.89,-27:33:16.81,9362.88248,81.88,0.002,20.65,19.88,19.88,2,1.67,
KMT-2021-BLG-0622,BLG14K0106.011651,17:36:19.85,-28:08:15.72,9347.14896,18.83,0.262,19.86,19.94,19.94,2,3.4,
KMT-2021-BLG-0623,BLG17N0805.047620,17:44:50.70,-33:42:26.50,9344.14362,11.4,0.811,19.56,19.71,19.71,1,1.63,
KMT-2021-BLG-0624,BLG21M0306.020420,17:57:50.23,-34:36:33.80,9332.66095,12.84,0.168,20.43,18.9,18.9,1,0.73,
KMT-2021-BLG-0625,BLG22K0106.009288,17:53:45.41,-32:28:57.29,9336.17694,7.52,0.117,18.77,18.02,18.02,1,1.37,MB21099
KMT-2021-BLG-0626,BLG31T0208.043637,18:12:31.73,-25:55:48.00,9333.88823,8.88,0.754,19.75,19.84,19.84,1,1.29,
KMT-2021-BLG-0627,BLG34T0706.019690,17:59:52.42,-32:28:44.69,9331.6291,8.89,0.213,20.51,19.08,19.08,1,1.19,
KMT-2021-BLG-0628,BLG02N0806.100266,17:54:59.03,-29:21:23.11,9338.33064,23.05,0.153,20.89,20.0,20.5,1,1.74,
KMT-2021-BLG-0629,BLG03M0106.067044,18:06:23.58,-27:11:01.21,9338.8015,10.38,0.609,19.81,19.82,19.82,1,1.08,
KMT-2021-BLG-0630,BLG04K0202.060405,18:03:02.80,-29:49:49.30,9371.05576,76.37,0.171,18.29,19.4,19.4,1,0.77,MB21208
KMT-2021-BLG-0631,BLG12M0302.033077,17:30:40.25,-27:35:29.22,9332.31602,40.49,0.008,22.01,20.0,20.58,2,2.42,
KMT-2021-BLG-0632,BLG14N0408.017773,17:39:24.66,-28:59:26.88,9335.24907,16.07,0.393,21.3,20.0,21.3,2,4.34,
KMT-2021-BLG-0633,BLG14T0107.082913,17:36:13.50,-29:08:45.10,9335.14285,22.76,0.187,21.5,20.0,21.81,2,3.09,
KMT-2021-BLG-0634,BLG14T0703.032269,17:32:48.87,-29:41:44.70,9334.94436,16.82,0.115,21.64,20.0,20.75,2,2.86,
KMT-2021-BLG-0635,BLG15K0402.003955,17:34:56.24,-26:36:17.03,9333.83904,7.29,0.061,20.67,18.37,18.37,2,2.4,
KMT-2021-BLG-0636,BLG17T0504.084743,17:41:45.64,-33:51:26.39,9336.71072,13.35,0.523,21.81,20.0,21.74,2,2.52,
KMT-2021-BLG-0637,BLG21T0205.006151,17:53:23.21,-35:49:56.78,9339.0521,26.77,0.875,18.74,17.73,17.73,1,0.6,
KMT-2021-BLG-0638,BLG31M0807.000697,18:14:08.20,-24:59:04.99,9334.82101,57.11,0.449,18.79,15.27,15.27,1,1.23,
KMT-2021-BLG-0639,BLG31T0401.028457,18:11:31.43,-26:46:59.02,9336.10055,14.36,0.395,19.71,19.11,19.11,1,1.05,
KMT-2021-BLG-0640,BLG42T0306.020874,17:52:33.22,-29:29:00.89,9332.55783,192.38,0.003,25.38,18.62,18.62,1,2.58,
KMT-2021-BLG-0641,BLG43M0306.076410,18:04:53.92,-27:20:47.62,9337.03713,10.58,0.249,19.85,19.79,19.79,1,0.99,
KMT-2021-BLG-0642,BLG01K0205.073204,17:53:22.44,-30:32:39.08,9430.95282,0.5,0.3,18.84,20.0,20.03,1,1.81,
KMT-2021-BLG-0643,BLG01T0304.069472,17:52:48.00,-31:43:48.11,9333.76979,13.64,0.007,22.6,20.0,20.41,1,1.94,
KMT-2021-BLG-0644,BLG02N0305.055511,17:57:27.99,-29:30:37.19,9336.03831,18.32,0.512,19.64,19.39,19.39,1,1.63,
KMT-2021-BLG-0645,BLG02N0604.022239,17:55:54.94,-29:41:51.11,9344.29029,36.02,0.245,20.12,18.29,18.29,1,1.5,
KMT-2021-BLG-0646,BLG11N0405.065019,17:30:02.38,-30:26:04.92,9334.09001,7.56,0.065,20.59,20.0,21.13,2,2.61,
KMT-2021-BLG-0647,BLG18K0106.067517,17:45:42.32,-26:03:38.05,9332.2016,49.02,0.194,21.68,20.0,21.0,2,2.65,
KMT-2021-BLG-0648,BLG19M0406.052099,17:48:51.63,-23:52:25.36,9339.21901,24.62,0.295,20.26,20.0,20.79,2,2.07,
KMT-2021-BLG-0649,BLG21N0403.037292,17:57:19.20,-36:03:26.17,9350.04954,35.45,0.714,19.92,20.0,20.87,3,0.81,
KMT-2021-BLG-0650,BLG22K0401.074646,17:52:09.78,-33:06:46.40,9337.03694,13.88,0.303,20.53,20.0,20.55,1,1.68,
KMT-2021-BLG-0651,BLG33K0203.037316,18:12:19.29,-29:40:04.80,9335.07168,40.63,0.176,21.8,19.47,19.47,1,0.57,
KMT-2021-BLG-0652,SAO42T0302.046852,17:52:24.53,-30:01:40.51,9324.69678,22.9,1.0,19.3,19.36,19.36,1,2.06,
KMT-2021-BLG-0653,BLG43T0706.072942,17:57:51.69,-28:24:30.31,9343.33278,18.25,0.137,19.92,19.85,19.85,1,1.66,
KMT-2021-BLG-0654,BLG01N0603.003274,17:55:59.40,-31:54:06.41,9346.02268,4.68,0.231,16.22,16.24,16.24,1,1.2,MB21115
KMT-2021-BLG-0655,BLG01T0701.033752,17:50:26.80,-32:06:07.45,9338.2689,21.0,0.04,21.77,20.0,21.92,3,3.64,
KMT-2021-BLG-0656,BLG02M0508.010933,17:56:32.99,-28:02:52.01,9354.68577,37.14,0.505,18.86,17.87,17.87,1,1.83,
KMT-2021-BLG-0657,BLG02N0507.048564,17:56:42.64,-29:19:40.91,9368.30094,38.89,0.411,19.32,19.39,19.39,1,1.72,
KMT-2021-BLG-0658,SAO02T0402.033377,17:52:20.81,-29:56:02.80,9338.54159,154.6,0.002,24.43,19.16,19.16,1,2.28,
KMT-2021-BLG-0659,BLG03N0308.023179,18:05:01.95,-28:04:38.39,9338.97616,3.21,0.407,18.38,18.35,18.35,1,0.9,
KMT-2021-BLG-0660,BLG03N0503.069587,18:03:57.07,-28:42:27.61,9340.18081,81.6,0.066,19.32,19.57,19.57,1,0.82,
KMT-2021-BLG-0661,BLG03N0805.011290,18:02:25.10,-28:25:54.91,9335.71505,199.96,0.023,22.87,17.6,17.6,1,1.06,
KMT-2021-BLG-0662,BLG03T0308.082391,18:00:33.49,-28:03:11.41,9338.5425,4.95,0.048,20.14,20.0,20.12,1,1.4,
KMT-2021-BLG-0663,BLG04T0805.021407,17:59:33.33,-30:35:18.60,9339.85808,11.0,0.084,19.93,19.0,19.0,1,1.43,MB21110
KMT-2021-BLG-0664,BLG11K0403.032614,17:25:15.09,-29:34:21.00,9337.87166,5.34,0.093,22.35,19.85,19.85,1,1.93,
KMT-2021-BLG-0665,BLG12K0302.000914,17:25:51.16,-27:34:21.40,9363.86825,13.83,0.067,15.87,15.87,15.87,1,1.6,
KMT-2021-BLG-0666,BLG12T0308.003787,17:25:44.71,-27:57:47.41,9357.49147,18.4,0.132,17.52,17.62,17.62,1,1.81,
KMT-2021-BLG-0667,BLG18K0201.006494,17:44:58.34,-26:37:09.48,9337.32427,3.37,0.45,18.52,18.6,18.6,2,3.37,
KMT-2021-BLG-0668,BLG20T0701.014509,17:42:05.82,-23:33:58.32,9337.92662,19.62,0.397,19.79,19.2,19.2,2,2.02,
KMT-2021-BLG-0669,BLG31T0402.004235,18:11:26.08,-26:43:50.59,9369.50061,103.59,0.858,17.9,17.14,17.14,1,1.05,
KMT-2021-BLG-0670,BLG32T0204.034169,18:10:17.39,-28:37:20.32,9374.10991,108.25,0.323,19.23,19.13,19.13,1,1.01,MB21211
KMT-2021-BLG-0671,BLG42K0107.010097,17:53:56.54,-28:14:17.16,9376.71512,47.29,0.041,18.49,18.43,18.43,2,2.97,MB21155
KMT-2021-BLG-0672,SAO42M0702.003366,17:55:11.51,-28:52:40.76,9333.96264,199.56,0.012,22.56,16.45,16.45,2,1.93,
KMT-2021-BLG-0673,BLG42N0808.027478,17:54:20.59,-29:13:37.70,9341.86823,5.33,0.61,18.58,18.57,18.57,1,1.68,
KMT-2021-BLG-0674,BLG43M0204.041551,18:05:37.37,-27:36:57.71,9337.35496,7.93,0.403,19.98,18.95,18.95,1,0.86,
KMT-2021-BLG-0675,BLG43N0808.067718,18:01:52.04,-28:09:07.09,9350.60908,31.5,0.178,19.83,19.52,19.52,1,1.33,
KMT-2021-BLG-0676,BLG43T0607.049536,17:58:15.14,-28:17:17.92,9352.46098,68.53,0.129,19.27,19.36,19.36,1,1.52,
KMT-2021-BLG-0677,BLG02M0601.021347,17:56:03.22,-28:52:38.71,9339.18608,4.69,0.615,18.44,18.55,18.55,1,1.99,
KMT-2021-BLG-0678,BLG02M0702.053922,17:55:19.22,-28:42:54.65,9369.64515,57.82,0.033,20.16,19.94,19.94,2,1.92,
KMT-2021-BLG-0679,BLG02N0105.022483,17:58:55.51,-29:26:57.80,9341.55805,49.56,0.192,20.66,18.58,18.58,1,1.6,
KMT-2021-BLG-0680,SAO03M0606.002155,18:03:43.03,-27:14:20.11,9406.4999,39.87,0.713,16.11,16.11,16.11,1,1.36,MB21136
KMT-2021-BLG-0681,BLG04K0502.031837,18:00:57.65,-29:51:36.50,9356.47235,57.82,0.255,20.68,18.75,18.75,1,1.07,
KMT-2021-BLG-0682,BLG04M0605.015070,18:05:14.69,-29:21:39.38,9336.82942,19.86,0.191,21.28,18.33,18.33,1,0.95,
KMT-2021-BLG-0683,BLG15N0405.030269,17:39:46.03,-27:16:46.70,9338.09348,25.78,0.091,22.73,20.0,20.34,2,2.93,
KMT-2021-BLG-0684,BLG18M0805.080649,17:46:09.94,-26:10:21.50,9338.08321,21.74,0.194,21.31,20.0,22.0,2,3.25,
KMT-2021-BLG-0685,SAO18T0502.019619,17:43:32.83,-27:36:28.30,9337.11816,1.59,0.016,19.47,20.0,20.2,3,3.4,
KMT-2021-BLG-0686,SAO22N0805.051500,17:55:06.95,-33:43:36.70,9336.52015,87.27,0.105,22.15,19.93,19.93,1,1.18,
KMT-2021-BLG-0687,BLG32T0405.053275,18:09:01.22,-28:23:33.68,9360.16943,75.84,0.192,19.36,19.79,19.79,1,1.06,
KMT-2021-BLG-0688,BLG35N0205.053211,18:08:05.31,-26:20:27.10,9337.37964,28.34,0.863,19.97,20.0,20.29,1,1.6,
KMT-2021-BLG-0689,BLG43T0401.033018,17:59:42.43,-29:06:12.20,9343.35317,10.35,0.943,18.58,18.47,18.47,1,1.01,
KMT-2021-BLG-0690,SAO43T0401.078137,17:59:38.51,-29:00:39.31,9384.816,95.15,0.026,20.1,19.47,19.47,1,1.07,MB21161
KMT-2021-BLG-0691,BLG01K0501.013847,17:51:30.46,-31:04:01.49,9345.82465,30.0,0.167,20.59,18.66,18.66,1,2.38,
KMT-2021-BLG-0692,BLG01K0701.037611,17:50:36.66,-31:00:43.42,9339.0275,9.78,0.028,21.94,20.0,20.91,2,3.06,
KMT-2021-BLG-0693,BLG04M0803.079657,18:04:18.98,-29:43:39.50,9372.97448,80.73,0.221,19.94,20.0,20.25,1,0.82,
KMT-2021-BLG-0694,BLG11M0307.007520,17:30:51.25,-29:07:46.13,9362.47722,47.24,0.394,19.09,19.01,19.01,2,2.66,
KMT-2021-BLG-0695,BLG12M0702.002595,17:28:42.94,-27:36:54.79,9382.87141,32.85,0.269,17.8,17.77,17.77,2,2.42,
KMT-2021-BLG-0696,BLG14K0302.044602,17:35:15.71,-28:35:47.33,9336.71955,24.35,0.213,21.7,20.0,20.84,2,2.96,
KMT-2021-BLG-0697,BLG22M0405.022772,17:57:25.46,-32:37:24.82,9373.05142,107.89,0.813,18.97,19.1,19.1,1,1.35,
KMT-2021-BLG-0698,BLG31K0607.010619,18:10:05.19,-24:57:33.98,9343.76909,16.5,0.645,19.18,18.81,18.81,4,1.94,
KMT-2021-BLG-0699,BLG34K0502.003686,18:01:21.35,-31:55:45.59,9346.5707,48.89,0.974,18.17,17.13,17.13,1,1.21,
KMT-2021-BLG-0700,BLG42T0202.083458,17:53:12.91,-30:05:13.88,9339.32556,3.06,0.336,19.91,19.79,19.79,1,1.56,
KMT-2021-BLG-0701,BLG02N0303.037986,17:57:53.97,-29:42:28.01,9344.68872,21.04,0.46,18.99,18.92,18.92,1,1.28,
KMT-2021-BLG-0702,BLG02N0304.012141,17:57:40.85,-29:39:08.10,9340.39949,19.44,0.931,17.74,17.76,17.76,1,1.27,
KMT-2021-BLG-0703,BLG02T0701.012622,17:50:31.83,-29:58:46.70,9339.50943,24.33,0.289,20.73,18.37,18.37,1,3.02,
KMT-2021-BLG-0704,BLG12T0407.034005,17:25:18.20,-28:01:57.22,9356.76091,52.94,0.128,20.65,20.0,20.29,1,1.78,
KMT-2021-BLG-0705,BLG14N0504.013327,17:39:15.65,-29:27:47.27,9339.44648,3.37,0.105,21.05,20.0,21.02,2,5.47,
KMT-2021-BLG-0706,BLG16N0507.001862,17:38:50.16,-24:51:54.36,9367.51337,51.06,0.068,19.6,17.33,17.33,2,2.36,
KMT-2021-BLG-0707,BLG17N0308.039642,17:48:02.85,-33:23:28.79,9339.89547,9.92,0.229,20.87,19.64,19.64,1,1.67,
KMT-2021-BLG-0708,BLG17T0107.050222,17:44:29.19,-33:30:00.00,9341.529,7.22,0.075,20.22,20.0,20.36,1,2.16,
KMT-2021-BLG-0709,BLG19K0804.053139,17:41:31.49,-24:13:53.29,9336.84443,4.68,0.845,20.02,20.0,20.28,1,1.67,
KMT-2021-BLG-0710,BLG19T0503.089457,17:43:32.90,-25:28:01.70,9340.43661,8.37,0.268,20.86,20.0,25.0,3,2.72,
KMT-2021-BLG-0711,BLG21N0108.013540,17:59:08.95,-35:26:31.20,9342.84414,51.52,0.048,21.99,18.98,18.98,1,0.64,
KMT-2021-BLG-0712,BLG41M0401.039019,17:57:08.56,-31:11:04.09,9350.71731,59.12,0.37,20.16,19.18,19.18,1,1.17,
KMT-2021-BLG-0713,BLG41N0503.072548,17:56:17.01,-32:03:20.70,9340.19652,6.02,0.668,20.05,20.0,20.32,1,1.22,
KMT-2021-BLG-0714,SAO43M0701.070041,18:02:25.89,-27:55:38.71,9341.78174,10.77,0.479,19.45,19.81,19.81,1,1.32,
KMT-2021-BLG-0715,BLG02T0604.034758,17:51:07.59,-29:40:41.99,9353.08148,49.87,0.266,20.42,19.52,19.52,1,2.89,
KMT-2021-BLG-0716,BLG11T0301.066884,17:25:57.51,-30:54:54.07,9344.18762,6.22,0.991,21.05,20.0,22.14,2,2.83,
KMT-2021-BLG-0717,BLG12M0803.024003,17:28:09.54,-27:27:32.76,9341.77378,17.04,0.171,21.17,20.0,20.73,2,2.37,
KMT-2021-BLG-0718,BLG12N0308.001580,17:30:39.02,-27:57:24.44,9390.94721,43.77,0.568,17.41,16.8,16.8,2,1.94,
KMT-2021-BLG-0719,BLG12N0804.011221,17:28:08.46,-28:24:44.68,9340.39395,47.07,0.174,21.91,19.45,19.45,2,1.99,
KMT-2021-BLG-0720,BLG14M0307.013977,17:40:17.50,-28:00:22.10,9407.16437,75.45,0.052,19.52,19.79,19.79,2,3.75,
KMT-2021-BLG-0721,BLG14M0308.018872,17:40:14.97,-27:52:53.26,9348.27979,29.2,0.452,19.71,20.0,20.32,2,3.32,
KMT-2021-BLG-0722,BLG15N0603.029259,17:38:29.97,-27:29:28.28,9347.17643,14.75,0.616,20.21,20.0,20.38,2,2.51,
KMT-2021-BLG-0723,BLG18T0307.013750,17:44:14.67,-26:57:52.34,9355.42822,24.48,0.183,19.88,19.94,19.94,2,3.3,
KMT-2021-BLG-0724,BLG19N0803.049555,17:46:29.73,-25:22:12.68,9341.30799,9.28,0.009,21.92,20.0,21.42,2,3.42,
KMT-2021-BLG-0725,BLG20M0308.000964,17:49:17.79,-21:29:27.46,9340.01335,179.62,0.026,22.73,16.03,16.03,4,1.95,
KMT-2021-BLG-0726,BLG21N0801.003512,17:54:40.76,-36:20:53.70,9381.52953,47.62,0.695,18.71,17.64,17.64,1,0.74,
KMT-2021-BLG-0727,BLG22K0102.016342,17:54:00.22,-32:59:42.40,9346.58667,6.78,0.055,18.85,18.68,18.68,1,1.43,
KMT-2021-BLG-0728,BLG22M0707.006137,17:55:30.68,-32:19:22.58,9354.61954,29.7,1.0,18.54,17.85,17.85,1,1.76,
KMT-2021-BLG-0729,BLG31T0403.050568,18:11:22.65,-26:31:42.10,9343.75714,18.02,0.191,19.94,19.69,19.69,1,1.01,
KMT-2021-BLG-0730,BLG42T0406.065692,17:51:57.46,-29:30:15.52,9349.1638,15.86,0.075,20.64,20.0,20.28,1,2.65,
KMT-2021-BLG-0731,SAO01K0403.041678,17:52:11.56,-30:44:43.51,9389.25933,19.64,0.167,inf,19.43,19.43,1,1.98,
KMT-2021-BLG-0732,SAO01K0707.011558,17:50:40.98,-30:15:00.00,9343.66782,9.05,0.132,20.14,18.25,18.25,1,2.55,
KMT-2021-BLG-0733,SAO02K0305.052506,17:52:40.30,-28:24:14.76,9348.99953,14.41,0.338,19.98,20.0,20.74,3,2.81,
KMT-2021-BLG-0734,BLG02N0605.022425,17:55:46.44,-29:32:26.41,9354.9446,13.01,0.681,18.41,18.49,18.49,1,1.64,
KMT-2021-BLG-0735,SAO02N0808.013536,17:54:42.98,-29:07:49.40,9341.1049,4.06,0.299,20.38,17.88,17.88,1,1.95,
KMT-2021-BLG-0736,SAO02T0203.006378,17:53:17.42,-29:42:44.71,9385.5709,19.03,0.859,16.28,16.33,16.33,1,1.78,MB21152
KMT-2021-BLG-0737,SAO03T0704.082192,17:58:13.90,-28:36:53.21,9344.90328,5.53,0.057,20.07,20.0,20.23,1,1.54,
KMT-2021-BLG-0738,BLG14M0202.014282,17:40:31.17,-28:40:26.72,9344.47752,7.49,0.88,19.98,20.0,20.33,2,4.69,
KMT-2021-BLG-0739,SAO14M0405.012518,17:39:39.00,-28:17:10.18,9343.87936,23.05,0.022,22.25,18.96,18.96,2,3.0,
KMT-2021-BLG-0740,SAO14M0502.022014,17:38:44.55,-28:42:01.76,9399.52694,108.32,0.137,19.96,20.0,20.81,2,3.91,
KMT-2021-BLG-0741,BLG15T0107.043516,17:36:26.85,-27:04:28.99,9351.38232,25.53,0.201,20.69,20.0,20.23,1,2.57,
KMT-2021-BLG-0742,BLG17K0202.012004,17:43:30.84,-33:02:36.64,9342.65839,35.32,0.089,22.58,19.85,19.85,2,3.42,
KMT-2021-BLG-0743,BLG18K0406.049164,17:44:02.02,-25:58:15.46,9352.23008,29.87,0.038,20.89,20.0,21.05,2,2.92,
KMT-2021-BLG-0744,SAO19K0601.012317,17:43:05.55,-24:30:09.00,9349.39391,25.18,0.746,18.9,18.95,18.95,1,1.96,
KMT-2021-BLG-0745,SAO19K0805.052938,17:41:45.84,-24:04:16.21,9347.25923,8.11,0.265,19.84,20.0,20.43,1,1.84,
KMT-2021-BLG-0746,SAO19T0507.056781,17:43:33.06,-24:57:50.44,9342.84836,24.24,0.024,24.41,20.0,21.41,2,3.12,
KMT-2021-BLG-0747,SAO20K0305.010956,17:44:20.16,-21:52:45.05,9343.47169,6.52,0.637,18.73,18.7,18.7,4,1.23,
KMT-2021-BLG-0748,BLG31K0701.016408,18:09:41.12,-25:44:47.69,9343.6212,52.08,0.267,20.94,18.87,18.87,1,1.51,
KMT-2021-BLG-0749,BLG35N0806.052451,18:04:32.64,-26:14:31.42,9358.21217,88.93,0.041,21.74,20.0,20.95,2,2.36,
KMT-2021-BLG-0750,BLG36T0204.015999,18:14:56.04,-24:25:13.80,9354.52641,51.71,0.559,19.87,19.24,19.24,1,1.63,
KMT-2021-BLG-0751,BLG37T0802.055301,17:39:44.70,-36:16:39.83,9450.34156,199.74,0.003,19.78,20.0,21.77,3,2.23,
KMT-2021-BLG-0752,BLG38T0507.013579,17:52:12.40,-22:46:58.19,9345.63307,7.81,0.036,19.0,18.99,18.99,1,1.84,
KMT-2021-BLG-0753,SAO42T0307.009024,17:52:42.58,-29:25:02.39,9342.63883,22.09,0.002,22.65,17.37,17.37,1,2.44,
KMT-2021-BLG-0754,SAO42T0803.011836,17:49:47.29,-29:56:11.90,9341.93484,4.18,0.594,19.83,18.95,18.95,1,3.68,
KMT-2021-BLG-0755,BLG43K0304.017851,18:00:08.45,-27:35:12.59,9341.90491,8.05,0.022,23.06,18.48,18.48,1,1.76,
KMT-2021-BLG-0756,SAO43K0801.052463,17:57:23.16,-27:54:13.90,9341.16892,3.67,0.151,21.31,20.0,20.54,2,2.49,
KMT-2021-BLG-0757,SAO43M0505.020845,18:03:55.28,-27:24:14.69,9353.80635,12.31,0.474,18.5,18.59,18.59,1,1.23,MB21137
KMT-2021-BLG-0758,SAO02M0706.010813,17:55:23.92,-28:19:02.75,9345.46637,198.66,0.005,24.61,18.39,18.39,2,2.31,
KMT-2021-BLG-0759,SAO04K0103.030188,18:03:09.25,-29:41:07.30,9350.4929,11.3,0.179,19.29,18.85,18.85,1,0.92,MB21122
KMT-2021-BLG-0760,SAO04K0103.082309,18:03:18.49,-29:37:39.90,9346.54467,18.47,0.081,21.78,20.0,20.37,1,1.0,
KMT-2021-BLG-0761,SAO04K0705.050257,17:59:52.26,-29:22:37.81,9350.14105,16.93,0.055,19.6,19.32,19.32,1,1.36,MB21120
KMT-2021-BLG-0762,BLG04N0406.009921,18:06:33.19,-30:22:32.59,9346.99294,7.35,0.992,18.45,18.27,18.27,1,0.92,
KMT-2021-BLG-0763,BLG11K0202.034329,17:26:29.40,-29:40:46.06,9346.63322,17.69,0.635,19.88,20.0,20.43,2,2.11,
KMT-2021-BLG-0764,SSO14K0303.076081,17:35:21.65,-28:34:23.02,9345.2511,4.77,0.234,20.32,20.0,21.78,2,2.96,
KMT-2021-BLG-0765,BLG14N0805.015643,17:37:12.93,-29:22:19.63,9347.52352,22.37,0.04,21.87,19.94,19.94,2,3.53,
KMT-2021-BLG-0766,BLG15N0706.056917,17:38:03.53,-27:09:27.58,9355.91197,21.57,0.496,19.9,20.0,21.04,2,2.91,
KMT-2021-BLG-0767,SAO16T0606.036644,17:33:41.42,-25:00:31.21,9354.57661,54.45,0.023,22.02,20.0,21.66,3,2.92,
KMT-2021-BLG-0768,SAO18T0106.009281,17:45:24.76,-27:10:20.21,9347.84074,7.5,0.01,19.84,19.89,19.89,2,4.81,
KMT-2021-BLG-0769,BLG18T0303.022879,17:44:13.14,-27:28:07.03,9346.1464,4.49,0.396,20.04,20.0,21.58,2,4.41,
KMT-2021-BLG-0770,SAO19T0604.006984,17:42:42.74,-25:17:59.89,9357.02059,47.42,0.575,20.13,18.47,18.47,1,2.53,
KMT-2021-BLG-0771,SAO31T0704.004387,18:09:47.96,-26:27:03.89,9347.63227,143.3,0.022,21.66,17.04,17.04,1,1.12,
KMT-2021-BLG-0772,BLG32M0407.002462,18:13:51.23,-27:01:45.08,9459.47479,62.27,0.539,16.2,16.3,16.3,1,0.83,MB21188
KMT-2021-BLG-0773,BLG36K0805.006156,18:11:27.91,-23:03:08.68,9378.94915,199.23,0.457,19.57,19.42,19.42,4,3.12,
KMT-2021-BLG-0774,BLG41N0206.044985,17:58:01.56,-31:36:17.89,9344.65356,25.18,0.002,25.17,19.73,19.73,1,1.34,
KMT-2021-BLG-0775,BLG41N0302.030670,17:57:30.64,-32:08:44.59,9339.87979,159.63,0.019,24.34,19.28,19.28,1,1.34,
KMT-2021-BLG-0776,SAO42N0405.023263,17:57:07.83,-29:40:39.68,9348.48045,16.39,0.028,20.51,18.6,18.6,1,1.54,MB21121
KMT-2021-BLG-0777,BLG42N0701.018263,17:55:13.66,-30:08:43.19,9352.22401,199.73,0.032,22.13,18.27,18.27,1,1.35,
KMT-2021-BLG-0778,SAO42T0402.050106,17:51:52.88,-30:04:16.90,9344.28298,0.86,0.414,19.8,19.81,19.81,1,2.42,
KMT-2021-BLG-0779,SAO01K0206.066983,17:53:19.40,-30:20:11.44,9346.94541,8.31,0.237,19.85,19.88,19.88,2,1.7,
KMT-2021-BLG-0780,BLG01K0807.029548,17:50:11.49,-30:17:00.82,9345.4798,3.59,0.032,20.86,20.0,20.29,1,3.42,
KMT-2021-BLG-0781,BLG01M0208.008937,17:58:11.09,-30:10:11.60,9388.99202,33.36,0.033,18.01,17.97,17.97,1,1.59,MB21190
KMT-2021-BLG-0782,SAO01M0707.004689,17:55:16.51,-30:18:02.30,9346.7428,192.21,0.006,24.36,16.59,16.59,1,2.06,
KMT-2021-BLG-0783,BLG02N0502.072581,17:56:44.98,-29:51:39.82,9354.02813,30.64,0.235,20.68,20.0,20.09,1,1.98,
KMT-2021-BLG-0784,SAO02N0507.028536,17:56:40.56,-29:19:39.29,9351.64129,25.04,0.208,20.38,18.88,18.88,1,1.72,
KMT-2021-BLG-0785,BLG02T0104.040967,17:54:03.31,-29:42:17.39,9384.59461,102.27,0.083,19.98,18.87,18.87,1,1.4,
KMT-2021-BLG-0786,BLG04K0508.002653,18:00:58.39,-29:06:29.48,9375.60381,16.02,0.806,15.61,15.61,15.61,1,1.15,MB21135
KMT-2021-BLG-0787,BLG11N0207.002839,17:31:22.49,-30:14:57.88,9352.17251,9.32,0.998,19.01,17.32,17.32,2,2.51,
KMT-2021-BLG-0788,BLG14T0203.060941,17:35:59.34,-29:36:24.16,9350.40703,9.65,0.2,20.57,20.0,21.27,2,3.12,
KMT-2021-BLG-0789,BLG15K0203.007895,17:35:53.35,-26:28:21.65,9353.9898,22.85,0.882,19.33,19.6,19.6,2,2.78,
KMT-2021-BLG-0790,SAO15M0602.107011,17:38:33.30,-26:33:13.72,9394.02989,199.87,0.181,20.49,20.0,25.0,3,2.87,
KMT-2021-BLG-0791,BLG15N0103.103849,17:41:24.86,-27:33:22.68,9345.51237,24.98,0.017,23.61,20.0,25.0,3,3.2,
KMT-2021-BLG-0792,BLG19M0107.005920,17:50:12.44,-23:43:53.69,9404.25955,58.62,0.026,18.48,18.43,18.43,2,2.41,
KMT-2021-BLG-0793,SAO22N0108.015754,17:59:22.37,-33:20:42.11,9339.43984,16.53,0.733,19.05,19.06,19.06,1,1.42,
KMT-2021-BLG-0794,BLG22T0208.036078,17:53:33.04,-33:20:16.30,9353.17382,17.13,0.835,19.55,19.5,19.5,1,1.43,
KMT-2021-BLG-0795,BLG37N0401.022204,17:47:45.96,-36:21:57.38,9359.89222,21.99,0.454,19.43,19.37,19.37,1,0.87,
KMT-2021-BLG-0796,SAO37T0208.044277,17:43:12.48,-35:28:32.99,9348.70848,15.52,0.023,20.62,20.0,20.72,2,1.81,
KMT-2021-BLG-0797,BLG38T0105.013318,17:54:38.81,-23:05:06.68,9345.33616,10.89,0.266,19.79,19.49,19.49,4,2.73,
KMT-2021-BLG-0798,SAO41N0801.073891,17:54:27.54,-32:16:28.20,9359.47484,35.2,0.485,20.3,20.0,20.64,1,1.67,
KMT-2021-BLG-0799,BLG41T0701.027056,17:50:16.62,-32:12:22.75,9346.86796,6.21,0.039,22.39,20.0,21.76,2,4.16,
KMT-2021-BLG-0800,SAO42M0502.000597,17:56:07.82,-28:56:15.90,9365.66729,9.78,0.521,14.73,14.56,14.56,1,1.85,
KMT-2021-BLG-0801,BLG42T0301.073101,17:52:42.14,-30:11:41.64,9343.89108,12.28,0.109,21.31,20.0,20.09,2,1.63,
KMT-2021-BLG-0802,BLG01K0603.035893,17:51:00.82,-30:45:47.70,9359.44887,18.25,0.415,19.86,19.63,19.63,1,2.45,
KMT-2021-BLG-0803,BLG01K0702.047789,17:50:26.18,-30:49:54.80,9347.66069,12.72,0.132,21.32,20.0,20.54,1,2.74,
KMT-2021-BLG-0804,BLG13M0802.051268,17:35:15.02,-34:02:47.94,9346.6462,7.56,0.07,22.38,20.0,22.18,3,5.2,
KMT-2021-BLG-0805,BLG17K0503.016336,17:41:56.12,-32:53:29.36,9347.04365,32.58,0.015,23.45,20.0,20.46,2,3.9,
KMT-2021-BLG-0806,BLG17T0305.057677,17:42:51.23,-33:44:53.34,9349.35148,35.42,0.078,22.53,20.0,21.44,2,2.82,
KMT-2021-BLG-0807,BLG17T0804.002788,17:40:04.90,-33:54:51.34,9352.7045,20.24,0.504,19.72,17.78,17.78,4,2.91,
KMT-2021-BLG-0808,BLG21K0706.038308,17:50:18.88,-34:34:44.62,9358.36225,63.06,0.61,19.41,19.41,19.41,1,1.05,
KMT-2021-BLG-0809,SAO32T0508.012021,18:08:38.71,-28:01:32.09,9357.27519,29.87,0.013,20.24,18.29,18.29,1,1.14,
KMT-2021-BLG-0810,SAO38T0201.004516,17:53:59.22,-23:32:17.41,9375.80019,18.31,0.095,18.33,18.36,18.36,4,3.67,
KMT-2021-BLG-0811,BLG38T0304.007081,17:53:24.46,-23:08:31.56,9348.50151,73.2,0.908,18.37,18.42,18.42,4,2.91,
KMT-2021-BLG-0812,BLG41T0307.033739,17:52:35.63,-31:27:50.51,9350.12704,7.83,0.445,19.96,19.94,19.94,1,2.37,
KMT-2021-BLG-0813,SAO42T0502.044904,17:51:27.85,-30:05:03.91,9439.81752,196.43,1.0,19.16,19.66,19.66,1,2.29,
KMT-2021-BLG-0814,SAO43K0602.015300,17:58:26.02,-27:51:35.71,9352.037,12.42,0.995,19.89,18.69,18.69,1,2.64,
KMT-2021-BLG-0815,SAO01M0607.014804,17:55:59.64,-30:13:50.70,9349.24509,64.72,0.002,23.21,18.3,18.3,1,1.63,
KMT-2021-BLG-0816,SAO02K0202.036007,17:53:28.00,-28:45:42.12,9357.73005,24.0,0.266,20.25,19.88,19.88,2,2.1,
KMT-2021-BLG-0817,SAO02N0503.064430,17:56:24.85,-29:45:32.11,9352.0996,10.66,0.408,19.4,19.79,19.79,1,1.65,
KMT-2021-BLG-0818,BLG14M0705.011789,17:37:56.37,-28:19:06.74,9353.91792,9.58,0.211,19.94,20.0,20.36,2,4.26,
KMT-2021-BLG-0819,BLG21M0104.003443,17:59:26.92,-34:50:35.81,9346.10882,7.0,0.401,19.96,17.32,17.32,1,0.68,
KMT-2021-BLG-0820,BLG21T0508.020490,17:51:35.13,-35:25:54.08,9351.90214,10.71,0.692,18.63,18.8,18.8,1,0.74,
KMT-2021-BLG-0821,BLG22M0104.013810,17:58:48.82,-32:46:41.81,9351.45976,14.94,0.475,20.25,18.74,18.74,1,1.26,
KMT-2021-BLG-0822,BLG22N0203.013117,17:58:22.35,-33:56:02.40,9350.85188,11.02,0.247,20.1,18.58,18.58,1,0.9,
KMT-2021-BLG-0823,SAO22T0403.008338,17:52:16.66,-34:00:06.01,9372.34203,28.11,0.102,18.79,18.31,18.31,1,1.6,MB21156
KMT-2021-BLG-0824,SAO31T0606.031391,18:10:32.69,-26:13:50.92,9351.61086,37.16,0.401,20.01,19.17,19.17,1,1.18,
KMT-2021-BLG-0825,BLG01K0407.055472,17:52:21.50,-30:13:36.80,9355.54614,14.12,0.467,19.83,19.84,19.84,1,1.83,
KMT-2021-BLG-0826,BLG01M0802.036370,17:54:45.23,-30:54:56.59,9363.02322,34.56,0.064,20.53,19.23,19.23,1,1.69,MB21141
KMT-2021-BLG-0827,BLG01M0807.024858,17:54:50.93,-30:15:26.64,9359.24347,18.47,0.802,19.25,19.23,19.23,2,1.93,
KMT-2021-BLG-0828,BLG01N0602.059577,17:56:12.25,-32:00:53.32,9386.36427,49.24,0.143,20.27,20.0,20.02,1,1.2,
KMT-2021-BLG-0829,BLG01T0306.023796,17:52:39.83,-31:31:48.29,9351.28205,11.11,0.232,21.45,19.47,19.47,1,2.4,
KMT-2021-BLG-0830,BLG02K0304.071751,17:52:55.97,-28:32:44.99,9353.955,11.63,0.909,19.83,20.0,21.86,2,2.99,
KMT-2021-BLG-0831,BLG02M0101.083959,17:58:42.23,-28:53:19.50,9349.00733,44.04,0.016,23.73,19.63,19.63,1,1.18,
KMT-2021-BLG-0832,BLG02N0606.044733,17:55:54.63,-29:23:02.51,9357.9828,84.09,0.073,22.05,19.18,19.18,1,1.97,
KMT-2021-BLG-0833,BLG02N0808.031381,17:54:42.75,-29:11:33.00,9354.1502,12.72,0.229,20.05,18.89,18.89,1,1.87,
KMT-2021-BLG-0834,SAO03K0207.058260,18:01:03.00,-27:02:16.01,9350.67092,21.26,0.683,20.0,20.0,20.28,1,2.14,
KMT-2021-BLG-0835,SAO03K0208.045642,18:00:49.70,-26:55:13.01,9361.96928,26.04,0.391,20.58,20.0,20.29,1,2.59,
KMT-2021-BLG-0836,BLG03K0301.026121,18:00:26.94,-27:47:30.59,9363.22386,21.69,0.405,19.81,18.79,18.79,1,1.51,
KMT-2021-BLG-0837,BLG03M0503.026172,18:04:11.39,-27:32:36.82,9350.62997,15.79,0.072,21.55,18.66,18.66,1,1.06,
KMT-2021-BLG-0838,BLG03T0506.038869,17:59:19.36,-28:20:12.91,9355.65674,9.42,0.78,19.17,18.93,18.93,1,1.43,
KMT-2021-BLG-0839,BLG04K0801.039330,17:59:32.21,-29:52:20.60,9375.67862,33.42,0.098,19.04,19.03,19.03,1,1.2,MB21153
KMT-2021-BLG-0840,BLG04N0703.008182,18:04:46.55,-30:48:24.19,9361.78279,13.1,0.626,18.22,18.21,18.21,1,1.31,
KMT-2021-BLG-0841,BLG11N0108.050933,17:31:51.16,-30:05:39.19,9356.9683,199.0,0.003,23.7,20.0,20.41,2,1.97,
KMT-2021-BLG-0842,BLG12M0401.017517,17:30:17.79,-27:41:27.24,9358.53519,13.07,0.082,19.88,19.98,19.98,2,2.21,
KMT-2021-BLG-0843,BLG12N0701.049043,17:28:39.58,-28:50:54.53,9350.24722,8.94,0.086,21.02,20.0,20.6,2,2.03,
KMT-2021-BLG-0844,SAO12T0307.010229,17:26:15.47,-28:05:08.77,9360.28739,11.8,0.573,19.23,19.3,19.3,2,2.07,
KMT-2021-BLG-0845,BLG14N0707.041964,17:38:02.21,-29:05:36.46,9349.66769,6.33,0.387,20.64,20.0,20.96,2,3.4,
KMT-2021-BLG-0846,BLG14T0304.035883,17:35:24.79,-29:29:45.74,9361.77375,32.31,0.169,21.15,20.0,20.71,2,3.04,
KMT-2021-BLG-0847,BLG15K0501.015323,17:33:59.28,-26:41:29.33,9351.87516,14.03,0.897,19.83,19.84,19.84,2,2.32,
KMT-2021-BLG-0848,BLG16M0203.037717,17:40:43.62,-24:20:40.81,9352.83565,42.03,0.053,22.48,20.0,20.08,1,1.99,
KMT-2021-BLG-0849,BLG16M0706.048652,17:37:57.30,-23:57:22.39,9350.66544,8.05,0.777,19.98,20.0,20.62,3,1.58,
KMT-2021-BLG-0850,BLG17K0202.029185,17:43:51.30,-32:59:17.30,9349.25144,1.73,0.423,20.1,20.0,21.09,2,3.29,
KMT-2021-BLG-0851,BLG17N0301.057339,17:48:16.44,-34:12:13.10,9349.38203,4.83,0.067,20.16,20.0,20.2,1,1.53,
KMT-2021-BLG-0852,BLG17T0204.006363,17:43:19.48,-33:53:30.62,9351.21837,2.23,0.165,20.36,18.75,18.75,2,3.0,
KMT-2021-BLG-0853,SAO18M0706.019197,17:46:58.38,-25:57:00.65,9348.517,7.28,0.676,20.21,20.0,20.43,2,3.58,
KMT-2021-BLG-0854,BLG19M0806.001185,17:46:09.20,-23:53:59.71,9351.20546,19.2,0.029,21.81,15.88,15.88,1,1.72,
KMT-2021-BLG-0855,BLG20M0101.046518,17:50:11.83,-22:26:44.41,9352.11259,8.33,0.136,20.52,20.0,20.81,1,2.29,
KMT-2021-BLG-0856,BLG20N0108.014195,17:50:17.13,-22:37:56.21,9354.49246,38.55,0.118,21.15,19.02,19.02,1,2.15,
KMT-2021-BLG-0857,BLG22K0407.033041,17:52:22.60,-32:22:29.60,9367.10545,30.25,0.508,20.08,19.7,19.7,1,1.98,
KMT-2021-BLG-0858,BLG22N0505.001680,17:56:40.33,-33:47:24.40,9372.99401,10.9,0.573,15.69,15.72,15.72,1,0.85,MB21192
KMT-2021-BLG-0859,BLG31M0803.010643,18:13:44.02,-25:30:56.92,9352.51629,10.0,0.281,19.77,18.56,18.56,1,1.39,
KMT-2021-BLG-0860,BLG32M0102.055129,18:15:53.50,-27:41:52.73,9350.93434,4.2,0.252,19.98,20.0,20.22,2,0.53,
KMT-2021-BLG-0861,BLG35N0801.029835,18:04:48.45,-26:46:37.31,9352.72136,11.98,0.485,19.32,18.95,18.95,1,1.51,
KMT-2021-BLG-0862,BLG38M0702.001360,17:56:03.16,-22:17:19.46,9391.84885,19.54,0.376,17.44,17.5,17.5,4,3.72,
KMT-2021-BLG-0863,BLG41M0405.045190,17:56:56.76,-30:40:25.50,9352.72702,25.99,0.119,21.79,19.71,19.71,1,1.7,
KMT-2021-BLG-0864,BLG41M0801.042075,17:54:17.38,-31:05:27.20,9356.76273,15.41,0.721,19.48,19.39,19.39,1,1.82,
KMT-2021-BLG-0865,BLG41M0801.060777,17:54:29.76,-31:10:22.58,9351.95597,3.88,0.281,19.97,19.82,19.82,1,1.67,
KMT-2021-BLG-0866,SAO42M0702.081380,17:55:08.01,-28:55:55.20,9349.84837,2.85,0.13,20.86,20.0,20.58,2,1.92,
KMT-2021-BLG-0867,BLG42T0204.010357,17:53:19.72,-29:45:51.80,9349.03406,2.03,0.602,19.1,17.11,17.11,1,1.61,
KMT-2021-BLG-0868,SAO43K0105.048382,18:01:18.06,-27:29:28.90,9358.3789,19.86,0.095,19.84,19.39,19.39,1,1.41,MB21131
KMT-2021-BLG-0869,SAO43M0807.016182,18:02:08.18,-27:10:11.50,9411.234,63.05,0.439,18.84,19.0,19.0,1,2.45,MB21244
KMT-2021-BLG-0870,SAO43N0307.003468,18:05:02.12,-28:16:55.09,9361.98526,8.43,0.168,16.67,16.06,16.06,1,0.96,MB21128
KMT-2021-BLG-0871,BLG02N0404.013285,17:57:20.23,-29:39:55.01,9352.63629,4.8,0.097,20.48,18.0,18.0,1,1.56,
KMT-2021-BLG-0872,BLG02N0504.039137,17:56:30.28,-29:38:19.79,9351.4728,2.85,0.529,19.45,19.03,19.03,1,1.57,
KMT-2021-BLG-0873,BLG02N0607.039151,17:55:56.29,-29:13:55.49,9353.973,27.77,0.171,21.56,19.02,19.02,1,1.9,
KMT-2021-BLG-0874,BLG02T0101.031639,17:54:14.51,-29:59:24.40,9352.07302,6.76,0.007,21.56,18.74,18.74,1,1.39,
KMT-2021-BLG-0875,SAO02T0207.036441,17:53:36.09,-29:13:23.02,9353.81561,26.02,0.185,19.09,18.97,18.97,1,1.9,MB21134
KMT-2021-BLG-0876,BLG02T0301.035078,17:52:46.67,-29:58:01.88,9352.33312,199.99,0.002,25.65,18.98,18.98,1,2.03,
KMT-2021-BLG-0877,BLG04N0408.018896,18:06:44.74,-30:08:21.70,9355.07076,88.51,0.033,23.12,18.62,18.62,1,0.81,
KMT-2021-BLG-0878,BLG04T0105.055634,18:03:19.42,-30:35:05.50,9355.04332,41.67,0.071,22.25,20.0,20.12,1,1.5,
KMT-2021-BLG-0879,BLG11M0603.042654,17:28:59.18,-29:34:49.62,9351.80832,5.58,0.139,21.27,20.0,20.25,2,1.91,
KMT-2021-BLG-0880,SAO12M0506.010631,17:29:41.19,-27:01:20.60,9348.88028,13.75,0.698,19.95,20.0,20.16,2,2.66,
KMT-2021-BLG-0881,BLG14T0308.006979,17:35:05.87,-28:57:53.57,9354.49073,3.79,0.794,19.09,18.85,18.85,2,3.69,
KMT-2021-BLG-0882,BLG15N0303.017903,17:40:15.14,-27:30:22.10,9365.83797,21.39,0.2,19.99,19.94,19.94,2,3.17,
KMT-2021-BLG-0883,BLG15T0102.025853,17:36:36.38,-27:36:36.14,9354.39081,22.2,0.002,22.14,20.0,20.71,2,2.85,MB21124
KMT-2021-BLG-0884,BLG16K0608.042608,17:33:35.59,-23:43:50.92,9354.3555,25.21,0.101,21.34,20.0,21.21,2,-9.99,
KMT-2021-BLG-0885,BLG17N0501.061560,17:47:03.79,-34:14:26.70,9353.58056,10.0,0.096,21.06,20.0,20.27,1,1.59,
KMT-2021-BLG-0886,BLG19K0606.035845,17:42:56.93,-23:52:16.10,9354.50948,6.3,0.901,19.7,19.66,19.66,1,1.84,
KMT-2021-BLG-0887,BLG20M0402.003141,17:48:28.60,-22:14:27.89,9429.55654,53.59,0.57,17.43,17.22,17.22,1,1.85,
KMT-2021-BLG-0888,BLG20T0508.032835,17:43:27.29,-22:40:55.70,9351.22033,0.58,0.093,19.09,20.0,20.13,2,1.73,
KMT-2021-BLG-0889,BLG22M0706.049944,17:55:29.12,-32:31:24.71,9355.19908,18.69,0.005,20.13,20.0,20.12,1,1.79,
KMT-2021-BLG-0890,BLG32T0105.067296,18:10:48.41,-28:28:33.49,9363.09818,24.15,0.016,19.92,20.0,20.27,1,0.75,
KMT-2021-BLG-0891,BLG33M0804.008186,18:13:38.44,-29:29:21.80,9357.60399,29.55,0.449,20.23,17.85,17.85,1,0.31,
KMT-2021-BLG-0892,BLG34M0506.051921,18:06:22.75,-31:21:55.12,9351.36008,2.21,0.232,19.82,20.0,20.19,1,1.0,
KMT-2021-BLG-0893,BLG37M0703.031993,17:45:53.20,-35:01:39.11,9351.49649,4.91,0.391,19.32,19.35,19.35,1,1.28,
KMT-2021-BLG-0894,BLG41K0605.011206,17:50:46.26,-30:35:40.70,9355.59227,14.2,0.023,20.17,18.0,18.0,1,2.51,
KMT-2021-BLG-0895,BLG42K0204.018516,17:53:14.46,-28:35:53.41,9378.69579,46.79,0.675,19.27,19.3,19.3,2,2.94,
KMT-2021-BLG-0896,BLG42T0101.076172,17:53:43.98,-30:06:46.30,9352.84067,13.65,0.639,20.08,20.0,20.03,1,1.47,
KMT-2021-BLG-0897,BLG42T0802.001645,17:49:49.86,-29:59:01.21,9351.50102,75.32,0.017,23.77,17.12,17.12,1,4.26,
KMT-2021-BLG-0898,SAO03K0303.050988,18:00:41.75,-27:36:58.10,9357.16476,10.48,0.401,19.43,19.45,19.45,1,1.62,
KMT-2021-BLG-0899,BLG12M0602.080249,17:29:08.01,-27:37:46.52,9351.979,4.75,0.749,20.08,20.0,22.26,2,2.81,
KMT-2021-BLG-0900,BLG12N0505.005676,17:29:43.62,-28:20:33.72,9376.34181,31.0,0.15,18.67,18.44,18.44,2,2.03,
KMT-2021-BLG-0901,BLG14M0406.085212,17:39:45.77,-28:11:35.92,9367.18625,29.16,0.175,20.48,20.0,21.87,2,3.05,
KMT-2021-BLG-0902,BLG14M0501.031701,17:39:01.44,-28:48:12.74,9353.81424,7.4,0.333,21.12,20.0,21.16,2,4.05,
KMT-2021-BLG-0903,BLG14T0408.092714,17:34:43.43,-29:03:59.08,9351.95301,40.2,0.182,21.52,20.0,22.35,2,3.41,
KMT-2021-BLG-0904,BLG15T0308.051313,17:35:32.26,-26:54:11.92,9360.07455,14.04,0.021,20.34,20.0,20.46,1,2.11,
KMT-2021-BLG-0905,BLG16K0205.008332,17:36:11.97,-24:00:15.66,9355.42978,6.27,0.318,19.44,19.44,19.44,2,1.96,
KMT-2021-BLG-0906,BLG16M0405.002424,17:39:37.75,-24:02:03.44,9390.22885,28.22,0.813,17.13,17.14,17.14,2,1.79,
KMT-2021-BLG-0907,BLG17K0601.044236,17:40:59.42,-33:06:34.34,9352.7605,6.54,0.024,22.45,20.0,21.55,2,3.67,
KMT-2021-BLG-0908,BLG18K0203.026481,17:45:08.05,-26:22:02.32,9353.54557,3.71,0.607,19.9,20.0,20.79,2,3.52,
KMT-2021-BLG-0909,SAO18T0702.033774,17:42:28.81,-27:38:22.42,9353.9758,13.21,0.064,21.87,20.0,20.9,2,3.95,
KMT-2021-BLG-0910,BLG21K0101.018800,17:53:50.24,-35:14:23.78,9351.2097,2.97,0.803,19.34,18.96,18.96,1,0.74,
KMT-2021-BLG-0911,BLG22K0407.008882,17:52:25.02,-32:25:36.91,9354.71076,41.17,0.174,22.11,18.34,18.34,1,1.77,
KMT-2021-BLG-0912,SAO34K0801.007488,17:59:17.08,-31:59:51.50,9417.01893,79.31,0.005,19.59,18.31,18.31,1,1.66,MB21233
KMT-2021-BLG-0913,BLG41N0808.019562,17:54:33.77,-31:20:14.89,9349.34095,10.52,0.95,19.53,18.96,18.96,1,1.8,
KMT-2021-BLG-0914,SAO42M0701.047303,17:55:17.22,-28:59:12.19,9352.65936,0.64,0.063,19.61,19.55,19.55,2,1.81,
KMT-2021-BLG-0915,BLG42M0805.047580,17:54:29.50,-28:29:05.32,9353.38195,12.81,0.574,19.19,20.0,20.15,2,2.49,
KMT-2021-BLG-0916,SAO01T0208.052286,17:53:08.68,-31:12:38.81,9353.74255,50.73,0.011,23.27,19.95,19.95,1,2.08,
KMT-2021-BLG-0917,BLG02K0503.013271,17:51:46.64,-28:38:33.07,9367.59914,55.57,0.339,19.51,19.54,19.54,2,4.22,
KMT-2021-BLG-0918,SAO02M0405.038631,17:57:04.15,-28:23:58.49,9357.37803,7.35,0.243,19.75,19.18,19.18,1,1.86,
KMT-2021-BLG-0919,SAO02M0603.005625,17:56:00.88,-28:37:09.98,9397.64013,30.66,0.143,16.66,16.69,16.69,1,1.7,MB21180
KMT-2021-BLG-0920,BLG04K0201.088364,18:03:01.80,-29:58:46.60,9354.37203,40.83,0.019,23.01,20.0,20.32,1,0.93,
KMT-2021-BLG-0921,BLG11K0204.031814,17:26:21.90,-29:27:28.84,9360.79218,10.81,0.328,19.79,20.0,20.02,2,1.77,
KMT-2021-BLG-0922,BLG14K0206.052418,17:35:58.50,-28:10:56.68,9356.4862,5.27,0.398,20.2,20.0,21.49,2,3.3,
KMT-2021-BLG-0923,SAO17T0704.002778,17:40:37.65,-33:50:35.70,9365.76925,8.03,0.678,17.49,17.48,17.48,2,2.63,
KMT-2021-BLG-0924,SAO19K0206.053194,17:45:06.34,-23:54:00.40,9353.2885,1.73,0.188,19.54,19.98,19.98,1,1.63,
KMT-2021-BLG-0925,SAO19N0705.024727,17:47:11.13,-25:07:47.89,9354.75261,14.79,0.089,23.44,20.0,21.37,2,4.2,
KMT-2021-BLG-0926,BLG20T0502.058672,17:43:30.63,-23:21:55.37,9354.39474,9.36,0.204,24.37,20.0,20.66,2,1.77,
KMT-2021-BLG-0927,BLG32K0803.026385,18:06:45.07,-27:30:56.02,9365.48071,21.58,0.293,19.18,18.79,18.79,1,0.85,
KMT-2021-BLG-0928,BLG32T0701.003499,18:07:23.04,-28:53:34.30,9367.31931,11.91,0.925,17.07,16.55,16.55,1,0.89,
KMT-2021-BLG-0929,BLG37K0808.048909,17:39:54.61,-34:20:25.48,9357.02523,10.24,0.088,21.52,20.0,21.18,2,3.0,
KMT-2021-BLG-0930,BLG38K0302.004419,17:53:29.91,-22:20:15.14,9426.2381,39.92,0.466,17.44,17.5,17.5,4,2.17,
KMT-2021-BLG-0931,BLG01K0106.050636,17:54:08.45,-30:26:40.60,9354.43439,7.35,0.434,20.27,19.39,19.39,1,1.58,
KMT-2021-BLG-0932,BLG02N0108.067094,17:58:48.20,-29:10:56.89,9357.63819,22.55,0.307,19.68,19.24,19.24,1,1.0,
KMT-2021-BLG-0933,BLG02N0706.004131,17:55:15.53,-29:25:54.19,9388.87556,16.3,0.643,15.93,15.95,15.95,1,1.45,MB21159
KMT-2021-BLG-0934,BLG02T0701.065598,17:50:38.84,-29:59:54.10,9372.02597,37.63,0.095,21.05,20.0,22.55,2,3.24,
KMT-2021-BLG-0935,BLG03M0101.014534,18:06:32.84,-27:46:10.20,9361.31996,23.3,0.743,17.74,17.92,17.92,1,0.77,
KMT-2021-BLG-0936,SAO04M0506.075123,18:05:45.92,-29:19:03.11,9367.24065,22.89,0.085,19.79,20.0,20.23,1,0.98,MB21149
KMT-2021-BLG-0937,BLG15N0502.051292,17:38:59.46,-27:41:41.28,9355.28599,5.53,0.065,21.24,20.0,20.97,2,3.01,
KMT-2021-BLG-0938,SAO17N0806.001487,17:45:24.29,-33:38:48.91,9374.86923,22.35,0.776,15.78,15.79,15.79,1,1.71,MB21123
KMT-2021-BLG-0939,BLG22T0702.027826,17:50:18.30,-34:03:53.28,9409.06613,92.11,0.43,19.76,19.72,19.72,2,1.45,
KMT-2021-BLG-0940,BLG22T0806.001542,17:49:38.40,-33:35:40.88,9378.6567,13.47,0.017,16.32,16.34,16.34,2,1.65,MB21158
KMT-2021-BLG-0941,BLG31T0804.054834,18:09:09.60,-26:23:10.21,9363.15315,21.34,0.222,19.83,19.9,19.9,1,1.23,
KMT-2021-BLG-0942,BLG41N0706.030120,17:55:00.43,-31:38:15.50,9363.44444,16.02,0.73,18.88,19.02,19.02,1,1.43,
KMT-2021-BLG-0943,BLG43K0801.006975,17:57:20.15,-27:56:48.30,9482.90478,199.33,0.308,19.51,17.81,17.81,2,2.39,MB21394
KMT-2021-BLG-0944,SAO43M0307.029795,18:04:53.00,-27:08:56.62,9362.53093,14.8,0.358,18.62,18.65,18.65,1,0.93,MB21126
KMT-2021-BLG-0945,BLG01K0102.012251,17:53:53.71,-30:52:53.18,9360.7021,18.09,0.064,21.72,18.2,18.2,1,1.9,
KMT-2021-BLG-0946,BLG01N0506.011977,17:56:38.07,-31:30:50.18,9361.52197,199.41,0.004,23.1,18.29,18.29,1,1.62,
KMT-2021-BLG-0947,BLG01N0804.012541,17:54:53.21,-31:45:18.50,9357.9012,20.85,0.007,22.28,18.42,18.42,1,1.57,
KMT-2021-BLG-0948,BLG02M0601.040179,17:55:59.11,-28:57:35.78,9357.06404,8.43,0.083,21.6,19.17,19.17,1,1.91,
KMT-2021-BLG-0949,BLG02M0807.015679,17:54:37.71,-28:10:31.73,9361.26264,197.53,0.006,23.97,19.61,19.61,2,2.97,
KMT-2021-BLG-0950,SAO02N0508.005304,17:56:19.30,-29:07:05.02,9358.44718,1.35,0.136,17.35,17.34,17.34,1,2.61,MB21145
KMT-2021-BLG-0951,BLG02T0108.028386,17:54:07.65,-29:07:40.30,9337.91054,40.69,0.273,19.71,18.35,18.35,1,1.58,
KMT-2021-BLG-0952,BLG03K0507.035874,17:59:18.83,-27:03:24.01,9361.02857,30.72,0.263,20.89,19.69,19.69,1,2.42,
KMT-2021-BLG-0953,SAO03M0608.062800,18:03:43.38,-26:58:44.18,9357.06834,12.03,0.485,19.82,20.0,20.11,1,1.57,
KMT-2021-BLG-0954,BLG03N0408.076161,18:04:34.62,-28:03:59.40,9375.57362,20.01,0.168,19.2,19.88,19.88,1,1.06,MB21174
KMT-2021-BLG-0955,SAO04K0601.020372,18:00:33.97,-29:52:34.00,9348.46533,50.69,0.167,21.25,18.42,18.42,1,1.16,
KMT-2021-BLG-0956,BLG04M0201.002063,18:08:02.65,-29:55:17.40,9378.89586,10.44,0.267,16.1,15.96,15.96,1,0.75,MB21163
KMT-2021-BLG-0957,BLG14K0301.084606,17:35:04.64,-28:49:38.78,9358.75869,18.97,0.071,22.62,20.0,22.34,2,3.45,
KMT-2021-BLG-0958,BLG14M0408.018429,17:39:38.42,-27:50:22.09,9364.14422,28.76,0.148,20.74,19.94,19.94,2,2.88,
KMT-2021-BLG-0959,BLG14M0506.045128,17:39:13.83,-28:09:30.85,9360.01252,15.49,0.192,20.64,20.0,20.75,2,2.87,
KMT-2021-BLG-0960,BLG15M0405.091516,17:39:43.05,-26:11:04.63,9356.51228,4.64,0.631,20.0,20.0,21.75,2,2.54,
KMT-2021-BLG-0961,BLG15M0507.076122,17:38:48.12,-25:56:33.07,9359.01017,15.05,0.038,21.88,20.0,25.0,3,3.88,
KMT-2021-BLG-0962,BLG15M0604.066228,17:38:28.05,-26:14:52.33,9266.30603,56.05,0.326,20.61,20.0,21.61,2,2.88,
KMT-2021-BLG-0963,BLG16M0205.014050,17:40:28.67,-23:59:00.06,9369.9425,24.24,0.062,19.63,19.56,19.56,2,1.99,
KMT-2021-BLG-0964,BLG18T0508.018354,17:43:11.23,-26:50:43.04,9364.09616,14.52,0.236,20.2,20.0,20.25,2,3.51,
KMT-2021-BLG-0965,BLG18T0607.015732,17:42:51.04,-27:00:05.94,9362.5033,9.45,0.245,19.93,20.0,20.36,2,3.63,
KMT-2021-BLG-0966,BLG19M0305.037614,17:49:08.31,-24:04:34.82,9357.21234,9.46,0.04,19.86,20.0,20.36,2,2.33,
KMT-2021-BLG-0967,BLG19N0106.005886,17:50:03.89,-25:01:12.79,9366.59073,29.62,0.012,19.31,19.32,19.32,2,4.34,
KMT-2021-BLG-0968,SAO19T0106.003439,17:45:23.58,-24:59:12.73,9361.96064,3.1,0.572,17.95,17.96,17.96,2,3.17,
KMT-2021-BLG-0969,BLG19T0508.021972,17:43:36.96,-24:49:36.80,9360.8323,7.51,0.044,20.14,20.0,20.42,2,2.84,
KMT-2021-BLG-0970,SAO21K0102.021633,17:53:54.52,-35:05:53.30,9354.66602,5.41,0.578,19.19,19.22,19.22,1,1.1,
KMT-2021-BLG-0971,BLG21K0508.018504,17:51:32.75,-34:23:01.50,9378.99202,50.73,0.69,18.61,18.66,18.66,1,0.91,
KMT-2021-BLG-0972,BLG21M0503.037862,17:56:32.51,-34:58:15.31,9352.0444,10.36,0.269,19.55,19.67,19.67,1,0.83,
KMT-2021-BLG-0973,SAO22K0302.009164,17:53:01.99,-32:56:55.61,9399.82989,61.89,0.716,18.07,18.23,18.23,1,1.8,MB21177
KMT-2021-BLG-0974,BLG22K0705.026275,17:50:25.23,-32:35:21.19,9368.85552,16.27,0.132,19.96,20.0,20.41,2,2.47,
KMT-2021-BLG-0975,BLG22N0103.008374,17:59:02.87,-33:56:05.39,9359.63074,58.19,0.078,22.01,18.21,18.21,1,0.94,
KMT-2021-BLG-0976,BLG22T0107.020052,17:54:12.93,-33:31:23.30,9361.25439,33.58,0.024,21.11,19.08,19.08,1,1.39,
KMT-2021-BLG-0977,BLG34T0505.050448,18:00:53.83,-32:39:24.52,9356.48946,10.65,0.33,19.84,20.0,20.11,1,1.07,
KMT-2021-BLG-0978,BLG37M0705.005272,17:45:47.44,-34:42:01.19,9443.80055,73.65,0.444,17.37,17.44,17.44,1,1.59,MB21217
KMT-2021-BLG-0979,BLG37N0201.003783,17:48:38.47,-36:20:20.18,9378.69903,51.94,0.129,20.42,17.61,17.61,1,0.98,
KMT-2021-BLG-0980,BLG41N0508.059838,17:56:25.48,-31:25:22.80,9361.05922,21.64,0.012,21.17,19.85,19.85,1,1.49,MB21150
KMT-2021-BLG-0981,BLG42K0406.024369,17:52:01.61,-28:25:52.28,9356.79322,5.48,0.899,19.77,19.96,19.96,2,3.16,
KMT-2021-BLG-0982,BLG42M0602.006855,17:55:38.52,-28:52:05.77,9357.73126,12.85,0.066,21.12,16.95,16.95,2,1.92,
KMT-2021-BLG-0983,SAO43N0403.078902,18:04:24.33,-28:51:31.61,9361.54133,6.96,0.138,19.73,19.82,19.82,1,0.73,
KMT-2021-BLG-0984,SAO43T0507.023171,17:58:56.33,-28:18:21.71,9330.93384,14.04,0.991,23.63,18.47,18.47,1,1.43,
KMT-2021-BLG-0985,BLG01N0202.007405,17:58:23.66,-31:58:33.49,9371.38886,58.82,0.338,20.47,18.26,18.26,1,1.57,
KMT-2021-BLG-0986,BLG04M0104.046627,18:08:33.05,-29:34:12.79,9360.66256,9.53,0.192,20.5,19.68,19.68,1,0.82,
KMT-2021-BLG-0987,BLG04T0607.045859,18:00:24.41,-30:15:22.00,9386.38589,54.59,0.036,19.58,19.28,19.28,1,1.09,MB21191
KMT-2021-BLG-0988,BLG12M0506.001378,17:29:46.83,-27:01:21.00,9418.89136,50.26,0.678,18.07,17.49,17.49,2,2.92,
KMT-2021-BLG-0989,BLG15N0406.030089,17:39:38.16,-27:07:39.86,9363.36507,26.73,0.778,19.91,20.0,20.33,2,2.74,
KMT-2021-BLG-0990,SAO15N0504.043220,17:38:40.90,-27:24:19.19,9359.05967,6.91,0.022,21.04,20.0,20.38,2,2.51,
KMT-2021-BLG-0991,SAO15T0801.066063,17:32:43.50,-27:44:49.52,9357.78681,12.19,0.098,22.39,20.0,21.39,2,2.61,
KMT-2021-BLG-0992,BLG17M0202.069035,17:48:55.57,-33:01:42.20,9361.68873,10.78,0.398,19.99,20.0,22.26,2,2.31,
KMT-2021-BLG-0993,SAO18T0602.044862,17:42:35.32,-27:39:10.55,9355.71481,7.85,0.947,19.72,20.0,21.33,3,4.08,
KMT-2021-BLG-0994,BLG19T0302.022317,17:44:45.08,-25:35:48.05,9367.16445,15.0,0.37,19.93,20.0,20.41,2,3.04,
KMT-2021-BLG-0995,BLG22K0306.049361,17:52:53.05,-32:27:51.08,9357.81476,5.13,0.106,21.84,19.61,19.61,1,1.42,
KMT-2021-BLG-0996,SAO22K0804.055108,17:49:52.43,-32:43:05.59,9359.47041,17.53,0.101,22.5,20.0,21.55,2,2.57,
KMT-2021-BLG-0997,BLG22N0207.007554,17:58:13.62,-33:29:15.79,9356.08799,89.64,0.024,22.28,18.23,18.23,1,1.16,
KMT-2021-BLG-0998,BLG37K0605.002142,17:40:57.43,-34:47:55.93,9362.86361,11.94,0.885,18.63,17.24,17.24,2,2.56,
KMT-2021-BLG-0999,BLG41M0804.011083,17:54:29.33,-30:44:19.28,9364.05269,19.88,0.35,18.32,18.14,18.14,1,1.78,
KMT-2021-BLG-1000,BLG42M0306.045318,17:57:14.27,-28:21:25.42,9364.07115,7.0,0.36,19.6,19.23,19.23,1,1.99,
KMT-2021-BLG-1001,SAO18K0603.076892,17:42:43.92,-26:25:52.28,9382.88883,34.99,0.089,20.38,20.0,21.4,2,3.01,
KMT-2021-BLG-1002,BLG18T0505.090227,17:43:14.74,-27:14:38.18,9357.36807,0.9,0.096,20.06,20.0,22.64,2,3.53,
KMT-2021-BLG-1003,BLG22N0804.020949,17:54:52.58,-33:50:21.30,9372.61522,22.51,0.176,19.73,18.92,18.92,1,1.13,
KMT-2021-BLG-1004,SAO31T0604.013062,18:10:05.66,-26:27:36.22,9356.87192,10.41,0.986,18.95,18.27,18.27,1,1.16,
KMT-2021-BLG-1005,SAO34K0708.005853,18:00:15.75,-31:12:11.81,9419.57025,53.56,0.878,18.33,17.58,17.58,1,1.42,
KMT-2021-BLG-1006,BLG36K0207.000343,18:15:02.59,-22:49:55.99,9370.3847,73.04,0.959,17.07,14.96,14.96,1,1.66,
KMT-2021-BLG-1007,BLG37M0201.015106,17:48:56.76,-35:14:16.51,9355.97891,23.74,0.994,19.41,18.46,18.46,1,0.95,
KMT-2021-BLG-1008,BLG38M0702.006737,17:56:00.56,-22:17:14.28,9377.54037,144.56,0.041,22.75,19.5,19.5,4,3.83,
KMT-2021-BLG-1009,BLG38N0805.002100,17:55:12.24,-23:02:12.12,9403.20331,57.89,0.991,18.54,17.32,17.32,4,3.4,
KMT-2021-BLG-1010,BLG03M0207.003930,18:05:52.13,-27:00:27.50,9373.05131,54.79,0.816,18.03,16.27,16.27,1,1.04,
KMT-2021-BLG-1011,BLG11N0408.002096,17:30:09.26,-30:07:17.72,9415.76965,36.47,0.782,16.99,16.99,16.99,2,2.16,
KMT-2021-BLG-1012,SAO18K0507.003961,17:43:11.71,-25:54:07.52,9363.15084,30.53,0.578,20.42,17.81,17.81,2,2.93,
KMT-2021-BLG-1013,SAO19K0307.027477,17:44:24.27,-23:44:17.48,9358.40931,3.17,0.3,19.61,19.22,19.22,1,1.56,
KMT-2021-BLG-1014,SAO35M0805.022030,18:04:30.89,-25:10:45.70,9360.57269,14.5,0.946,19.9,20.0,22.24,2,3.48,
KMT-2021-BLG-1015,SAO42N0705.036871,17:55:05.45,-29:39:01.40,9359.82238,5.45,0.631,18.64,18.66,18.66,1,1.38,
KMT-2021-BLG-1016,SAO32T0806.054418,18:06:43.54,-28:20:37.61,9380.82039,47.51,0.197,19.76,19.56,19.56,1,1.01,
KMT-2021-BLG-1017,BLG37M0302.002623,17:47:52.16,-35:07:09.30,9357.78005,58.52,0.363,20.02,16.17,16.17,1,1.07,
KMT-2021-BLG-1018,BLG01K0405.021705,17:52:15.50,-30:27:06.91,9375.48223,47.06,0.044,20.02,19.09,19.09,1,2.15,MB21172
KMT-2021-BLG-1019,BLG01M0704.046104,17:55:20.64,-30:39:43.31,9415.49,200.0,0.02,19.47,19.62,19.62,1,1.71,MB21179
KMT-2021-BLG-1020,BLG01T0508.006152,17:51:27.98,-31:13:43.21,9365.57876,14.57,0.294,20.62,18.38,18.38,1,3.26,
KMT-2021-BLG-1021,BLG02K0705.017748,17:50:36.26,-28:26:09.24,9361.25576,21.95,0.286,21.83,20.0,21.08,2,5.78,
KMT-2021-BLG-1022,BLG02M0401.025680,17:57:14.91,-28:52:33.60,9372.53612,172.55,0.087,21.98,18.59,18.59,1,1.46,
KMT-2021-BLG-1023,BLG02T0102.043165,17:54:03.36,-29:54:57.20,9364.77842,12.16,0.928,18.85,18.9,18.9,1,1.61,
KMT-2021-BLG-1024,BLG02T0201.056754,17:53:14.04,-30:01:17.00,9361.53209,3.53,1.0,19.02,19.25,19.25,1,1.72,
KMT-2021-BLG-1025,BLG02T0202.006417,17:53:24.87,-29:57:00.61,9364.53403,0.87,0.703,18.01,16.4,16.4,1,1.55,
KMT-2021-BLG-1026,BLG02T0301.019985,17:52:36.55,-29:58:45.01,9430.91463,0.5,0.8,17.98,18.4,18.4,1,2.12,
KMT-2021-BLG-1027,BLG03T0208.041545,18:01:03.07,-28:01:50.59,9384.64223,37.74,0.145,19.28,18.95,18.95,1,1.11,
KMT-2021-BLG-1028,BLG04K0404.025641,18:01:42.06,-29:32:53.92,9366.55137,10.77,0.533,18.91,18.9,18.9,1,1.46,
KMT-2021-BLG-1029,BLG04M0801.003159,18:04:08.77,-29:57:03.38,9380.44794,11.98,0.767,16.18,16.16,16.16,1,0.84,MB21168
KMT-2021-BLG-1030,BLG11K0301.010866,17:25:43.00,-29:49:49.73,9362.86062,18.43,0.19,20.67,19.2,19.2,2,1.91,
KMT-2021-BLG-1031,BLG11K0802.012727,17:23:11.06,-29:40:17.98,9370.83064,199.58,0.003,24.17,19.63,19.63,2,1.85,
KMT-2021-BLG-1032,BLG13N0307.029672,17:38:11.08,-34:35:09.53,9358.88021,11.88,0.102,21.99,20.0,21.23,2,3.04,
KMT-2021-BLG-1033,BLG14M0406.038606,17:39:37.86,-28:06:54.47,9372.98259,20.39,0.022,20.04,20.0,20.48,2,2.8,
KMT-2021-BLG-1034,BLG15M0102.005826,17:41:07.87,-26:31:54.62,9373.03186,18.36,0.971,19.13,18.76,18.76,2,3.4,
KMT-2021-BLG-1035,BLG15M0705.012431,17:37:41.79,-26:10:57.68,9368.53361,29.36,0.375,21.37,20.0,20.29,2,3.06,
KMT-2021-BLG-1036,BLG15N0403.015381,17:39:42.58,-27:33:01.04,9362.60311,14.48,0.918,19.38,19.45,19.45,2,2.8,
KMT-2021-BLG-1037,BLG15N0605.013448,17:38:37.81,-27:15:21.38,9362.40296,3.73,0.814,19.51,19.89,19.89,2,3.06,
KMT-2021-BLG-1038,BLG15N0707.006013,17:37:43.38,-27:02:13.74,9364.63191,191.35,0.004,24.25,18.27,18.27,2,2.67,
KMT-2021-BLG-1039,BLG15N0707.090284,17:37:58.32,-26:58:21.11,9361.99473,12.14,0.549,20.95,20.0,21.95,2,2.67,
KMT-2021-BLG-1040,BLG16N0205.025152,17:40:51.32,-25:08:54.71,9366.43177,10.63,0.66,19.83,19.82,19.82,1,2.51,
KMT-2021-BLG-1041,BLG17M0707.009612,17:45:40.03,-32:23:55.90,9364.41751,18.32,0.002,22.28,20.0,21.71,2,6.09,
KMT-2021-BLG-1042,BLG17N0806.074582,17:44:54.61,-33:36:36.50,9372.32117,21.24,0.209,20.39,20.0,20.47,1,1.8,
KMT-2021-BLG-1043,BLG18T0104.066239,17:45:28.72,-27:19:02.17,9365.35158,43.84,0.016,22.96,20.0,25.0,3,5.09,
KMT-2021-BLG-1044,BLG19K0106.074132,17:45:46.06,-23:58:28.63,9367.56645,29.23,0.263,20.66,20.0,21.29,2,1.74,
KMT-2021-BLG-1045,BLG19M0201.049781,17:49:40.09,-24:34:31.66,9363.07323,6.47,0.179,20.83,20.0,21.88,2,3.34,
KMT-2021-BLG-1046,BLG20N0503.060401,17:48:10.09,-23:17:03.91,9376.87563,52.28,0.028,21.1,20.0,20.17,1,1.69,
KMT-2021-BLG-1047,BLG21T0101.026888,17:54:13.25,-36:20:21.52,9365.99248,26.43,0.999,19.59,19.53,19.53,1,0.59,
KMT-2021-BLG-1048,BLG22K0106.037914,17:54:03.41,-32:27:13.39,9361.11469,56.42,0.072,22.74,19.32,19.32,1,1.33,
KMT-2021-BLG-1049,BLG22N0108.016672,17:58:56.87,-33:20:30.52,9371.00812,16.82,0.293,19.56,19.11,19.11,1,1.29,
KMT-2021-BLG-1050,BLG22T0301.033502,17:52:38.24,-34:14:13.88,9359.95926,6.26,0.382,20.72,19.73,19.73,1,1.57,
KMT-2021-BLG-1051,BLG32K0608.041197,18:08:17.56,-26:54:38.41,9361.71952,124.26,0.012,23.05,19.25,19.25,1,1.18,
KMT-2021-BLG-1052,SAO32T0506.037912,18:08:43.86,-28:16:10.81,9365.48052,9.14,0.018,19.23,19.23,19.23,1,1.06,
KMT-2021-BLG-1053,BLG35M0602.020638,18:05:50.19,-25:35:01.18,9377.92637,69.01,0.141,21.15,19.49,19.49,2,1.81,
KMT-2021-BLG-1054,BLG38N0605.009434,17:56:23.66,-23:01:30.54,9375.48635,40.11,0.573,21.04,20.0,20.27,4,4.71,
KMT-2021-BLG-1055,BLG41K0106.062783,17:53:43.78,-30:28:22.19,9363.94066,9.83,0.108,21.02,19.64,19.64,1,1.49,
KMT-2021-BLG-1056,BLG41T0304.055484,17:52:17.69,-31:56:13.99,9361.70959,25.32,0.187,21.52,20.0,20.24,1,2.03,
KMT-2021-BLG-1057,BLG42K0103.014266,17:53:41.03,-28:44:25.19,9368.25007,66.88,0.032,21.96,18.22,18.22,2,2.02,
KMT-2021-BLG-1058,BLG42M0705.098842,17:55:17.85,-28:27:38.74,9367.12104,13.69,0.054,20.93,20.0,25.0,3,2.25,
KMT-2021-BLG-1059,BLG42M0802.088414,17:54:36.15,-28:55:35.04,9374.21752,15.51,0.342,19.6,20.0,20.52,2,1.97,
KMT-2021-BLG-1060,BLG42N0301.037848,17:57:32.18,-30:07:00.70,9365.11674,1.91,0.244,19.01,19.21,19.21,1,1.42,
KMT-2021-BLG-1061,BLG42N0607.043633,17:55:28.09,-29:26:19.50,9363.75444,23.25,0.108,20.75,18.97,18.97,1,1.46,
KMT-2021-BLG-1062,BLG42T0803.017976,17:49:26.34,-29:53:08.88,9414.06083,58.55,0.185,19.75,19.59,19.59,2,3.98,
KMT-2021-BLG-1063,BLG42T0806.029237,17:49:38.16,-29:32:47.94,9366.68163,13.6,0.305,20.12,20.0,21.47,2,4.9,
KMT-2021-BLG-1064,BLG43T0304.038454,18:00:03.52,-28:44:18.20,9375.62224,21.29,0.069,18.77,18.66,18.66,1,1.03,
KMT-2021-BLG-1065,BLG01T0201.017135,17:53:29.66,-32:09:26.78,9371.98249,55.6,0.442,20.87,19.15,19.15,1,2.11,
KMT-2021-BLG-1066,BLG01T0308.022129,17:52:47.21,-31:17:47.51,9365.00072,8.13,0.892,19.41,19.12,19.12,1,2.17,
KMT-2021-BLG-1067,BLG02T0104.024903,17:54:09.65,-29:38:02.18,9366.87946,4.23,0.641,19.33,18.38,18.38,1,1.51,
KMT-2021-BLG-1068,BLG04K0303.048928,18:02:04.44,-29:41:08.59,9369.01366,9.27,0.264,19.08,19.24,19.24,1,1.06,
KMT-2021-BLG-1069,BLG04M0506.009796,18:06:13.41,-29:20:51.68,9383.99264,34.75,0.308,18.3,17.88,17.88,1,0.99,MB21187
KMT-2021-BLG-1070,BLG04M0803.038146,18:03:59.93,-29:41:40.31,9376.47114,16.8,0.736,19.06,19.05,19.05,1,0.96,
KMT-2021-BLG-1071,BLG11M0306.015379,17:30:52.47,-29:12:41.22,9369.29051,24.46,0.112,21.14,20.0,20.11,2,2.99,
KMT-2021-BLG-1072,BLG14N0807.032716,17:37:01.63,-29:11:14.39,9377.28386,24.93,0.378,20.04,20.0,20.9,2,3.45,
KMT-2021-BLG-1073,BLG14T0103.062236,17:36:32.17,-29:42:19.22,9366.00124,5.25,0.931,20.02,20.0,21.81,2,4.07,
KMT-2021-BLG-1074,BLG15N0306.033330,17:40:04.03,-27:12:26.68,9370.74675,38.73,0.032,21.76,20.0,20.67,2,2.76,
KMT-2021-BLG-1075,BLG15N0805.067174,17:37:13.66,-27:20:20.69,9364.34259,9.47,0.462,20.6,20.0,21.5,2,2.77,
KMT-2021-BLG-1076,BLG17N0701.077132,17:45:35.69,-34:12:14.18,9378.07457,60.33,0.128,19.92,20.0,20.83,1,1.44,MB21157
KMT-2021-BLG-1077,BLG17N0704.015279,17:45:57.39,-33:50:34.12,9377.92888,22.29,0.01,19.98,18.73,18.73,1,1.8,MB21173
KMT-2021-BLG-1078,BLG17N0707.014983,17:45:33.27,-33:27:13.79,9374.09315,16.28,0.325,20.05,19.12,19.12,1,2.01,
KMT-2021-BLG-1079,BLG17T0202.010343,17:43:44.73,-34:05:07.91,9389.0852,24.67,0.797,18.45,18.38,18.38,1,2.28,
KMT-2021-BLG-1080,BLG18M0704.014310,17:47:13.64,-26:14:18.60,9366.75252,85.73,0.009,22.94,20.0,20.32,4,4.48,
KMT-2021-BLG-1081,BLG19K0504.064715,17:43:14.06,-24:07:47.89,9369.73128,8.41,0.684,19.98,20.0,20.4,1,1.74,
KMT-2021-BLG-1082,SSO20N0508.041003,17:47:47.47,-22:35:47.11,9363.33024,15.06,0.197,20.22,19.8,19.8,1,1.62,
KMT-2021-BLG-1083,BLG20T0102.064587,17:45:47.27,-23:25:56.89,9366.1973,17.5,0.014,22.58,20.0,20.34,1,1.44,
KMT-2021-BLG-1084,BLG22K0303.036019,17:52:27.89,-32:54:29.81,9369.49639,13.11,0.008,19.52,19.41,19.41,1,1.68,
KMT-2021-BLG-1085,BLG22M0601.044135,17:56:01.66,-33:07:27.70,9378.81388,27.05,0.038,19.93,19.87,19.87,1,1.46,MB21175
KMT-2021-BLG-1086,BLG31K0301.006171,18:11:54.37,-25:45:49.50,9392.59391,48.66,0.506,19.42,17.73,17.73,1,1.23,
KMT-2021-BLG-1087,BLG31T0203.016303,18:12:41.85,-26:31:44.29,9368.63541,6.13,0.998,18.59,18.49,18.49,1,1.08,
KMT-2021-BLG-1088,BLG32K0102.022416,18:10:54.71,-27:44:56.11,9364.8944,21.46,0.165,21.11,18.45,18.45,1,0.71,
KMT-2021-BLG-1089,BLG33K0602.014725,18:09:50.46,-29:48:50.11,9384.50251,21.11,0.363,19.03,18.41,18.41,1,0.69,
KMT-2021-BLG-1090,BLG34M0102.013034,18:08:29.27,-31:52:04.19,9436.32813,63.06,0.49,18.72,18.76,18.76,1,0.76,
KMT-2021-BLG-1091,BLG37M0307.003712,17:48:03.69,-34:29:49.31,9379.52759,8.3,0.063,16.94,16.9,16.9,1,1.44,MB21164
KMT-2021-BLG-1092,BLG41N0505.068965,17:56:34.24,-31:43:02.32,9374.84414,24.41,0.033,21.03,20.0,20.1,1,1.5,MB21176
KMT-2021-BLG-1093,BLG41N0804.019256,17:54:34.35,-31:55:14.48,9380.38525,14.43,0.39,18.71,18.8,18.8,1,1.63,
KMT-2021-BLG-1094,BLG42N0807.026044,17:54:23.08,-29:22:54.08,9364.88155,8.79,0.01,21.77,18.52,18.52,1,1.68,
KMT-2021-BLG-1095,BLG43T0302.100060,18:00:20.88,-28:56:29.40,9374.39724,17.37,0.161,19.9,20.0,20.03,1,0.88,MB21171
KMT-2021-BLG-1096,BLG43T0807.051986,17:57:02.23,-28:21:01.51,9365.81337,8.22,0.478,19.54,19.41,19.41,1,1.93,
KMT-2021-BLG-1097,BLG01T0303.008107,17:52:51.26,-31:49:21.61,9366.81957,18.72,0.014,22.8,17.97,17.97,1,1.92,
KMT-2021-BLG-1098,BLG02T0102.054315,17:54:09.50,-29:53:28.39,9367.04315,0.51,0.134,18.93,19.13,19.13,1,1.42,
KMT-2021-BLG-1099,BLG14T0405.035963,17:34:49.88,-29:26:06.76,9374.93668,55.23,0.281,21.55,20.0,20.83,2,3.07,
KMT-2021-BLG-1100,BLG15T0201.036442,17:35:55.70,-27:44:25.30,9372.42171,8.58,0.052,20.11,20.0,21.19,2,3.18,
KMT-2021-BLG-1101,BLG16K0704.023445,17:33:23.85,-24:12:49.21,9374.80331,24.69,0.288,21.42,20.0,20.68,2,2.24,
KMT-2021-BLG-1102,BLG17T0204.070683,17:43:41.96,-33:50:31.85,9367.99125,24.04,0.118,22.49,20.0,22.51,3,3.38,
KMT-2021-BLG-1103,BLG17T0306.062362,17:43:01.32,-33:36:36.79,9371.79295,36.62,0.068,22.21,20.0,21.74,2,3.14,
KMT-2021-BLG-1104,BLG18T0805.033354,17:41:37.13,-27:15:12.71,9371.18514,16.0,0.4,20.44,20.0,21.03,2,3.47,
KMT-2021-BLG-1105,BLG19T0602.012038,17:42:55.74,-25:30:32.08,9375.96407,27.76,0.146,21.57,19.45,19.45,2,2.74,
KMT-2021-BLG-1106,BLG22K0603.060035,17:50:52.70,-32:52:12.90,9368.5684,9.74,0.346,21.06,20.0,20.4,1,2.02,
KMT-2021-BLG-1107,BLG32N0705.004541,18:12:23.44,-28:29:49.31,9393.72867,48.11,0.564,19.02,17.06,17.06,1,0.53,
KMT-2021-BLG-1108,BLG34N0707.001654,18:05:15.30,-32:27:28.69,9380.68182,31.92,0.956,17.77,16.1,16.1,1,0.8,MB21167
KMT-2021-BLG-1109,BLG35T0308.044711,18:02:37.00,-25:56:18.85,9365.88519,5.22,0.764,20.01,20.0,21.95,2,3.25,
KMT-2021-BLG-1110,BLG41M0707.027996,17:55:18.86,-30:22:24.49,9371.04073,17.19,0.033,21.07,19.52,19.52,1,2.02,
KMT-2021-BLG-1111,SAO42K0301.018772,17:52:19.60,-29:01:31.19,9426.0799,0.5,0.108,18.29,18.68,18.68,1,2.61,
KMT-2021-BLG-1112,BLG42N0806.090865,17:54:25.45,-29:28:49.91,9369.797,16.12,0.095,20.61,19.88,19.88,1,1.58,MB21154
KMT-2021-BLG-1113,BLG43M0404.045002,18:04:28.29,-27:36:26.60,9367.64316,8.25,0.086,21.51,19.15,19.15,1,0.97,
KMT-2021-BLG-1114,SAO43T0406.001224,17:59:36.24,-28:28:06.20,9394.53645,34.35,0.958,14.98,14.95,14.95,1,1.45,
KMT-2021-BLG-1115,BLG01M0407.051646,17:57:15.30,-30:16:28.20,9368.18059,16.19,0.02,22.44,19.85,19.85,1,1.83,
KMT-2021-BLG-1116,BLG01N0204.010548,17:58:32.23,-31:46:10.42,9369.18858,60.86,0.03,24.05,18.76,18.76,1,1.82,
KMT-2021-BLG-1117,BLG01T0308.060002,17:52:45.40,-31:14:08.02,9375.29294,11.83,0.13,20.02,20.0,20.15,1,2.24,MB21178
KMT-2021-BLG-1118,BLG02T0308.057502,17:52:48.07,-29:11:21.01,9371.56506,8.67,0.463,19.79,19.73,19.73,1,2.55,
KMT-2021-BLG-1119,BLG04T0805.015448,17:59:27.98,-30:35:38.40,9370.75816,17.72,0.249,20.2,18.71,18.71,1,1.43,
KMT-2021-BLG-1120,BLG11N0102.035132,17:32:10.95,-30:48:53.21,9367.20474,15.93,0.014,22.46,20.0,21.32,3,3.53,
KMT-2021-BLG-1121,BLG12T0508.038100,17:25:08.92,-27:56:39.91,9369.80757,24.44,0.068,21.58,20.0,20.29,1,1.85,
KMT-2021-BLG-1122,BLG14K0204.015732,17:35:51.10,-28:26:47.22,9370.08823,17.77,0.008,21.64,20.0,20.36,2,3.31,
KMT-2021-BLG-1123,BLG14N0705.039418,17:37:54.69,-29:22:22.04,9369.41224,19.91,0.188,22.52,20.0,21.57,2,4.21,
KMT-2021-BLG-1124,BLG14T0705.016593,17:32:48.62,-29:20:47.58,9375.00005,15.2,0.097,20.56,20.0,20.06,2,2.79,
KMT-2021-BLG-1125,BLG15N0803.002804,17:37:21.52,-27:35:18.31,9368.06459,86.98,0.01,23.8,18.12,18.12,2,3.42,
KMT-2021-BLG-1126,BLG18T0107.084183,17:45:34.51,-26:59:38.26,9370.35251,22.32,0.018,22.93,20.0,22.7,2,4.04,
KMT-2021-BLG-1127,BLG18T0205.049330,17:44:54.53,-27:13:41.05,9370.30151,91.3,0.094,22.75,20.0,22.07,2,4.03,
KMT-2021-BLG-1128,BLG19K0508.063882,17:43:32.73,-23:42:04.39,9368.33635,45.99,0.011,23.52,20.0,20.7,1,1.68,
KMT-2021-BLG-1129,BLG22K0403.018510,17:52:02.03,-32:55:13.12,9391.49002,27.49,0.636,18.9,18.91,18.91,1,1.77,
KMT-2021-BLG-1130,BLG22K0801.068751,17:49:38.39,-33:04:49.12,9370.77611,25.37,0.114,21.68,20.0,20.8,1,2.09,
KMT-2021-BLG-1131,BLG37K0608.039220,17:41:10.40,-34:21:02.41,9374.78028,31.31,0.184,21.25,20.0,20.41,2,1.99,
KMT-2021-BLG-1132,BLG37K0705.003475,17:40:37.31,-34:43:22.01,9411.77027,28.21,0.189,17.79,17.75,17.75,2,2.47,
KMT-2021-BLG-1133,BLG37N0106.023220,17:49:23.88,-35:44:04.20,9383.55456,47.56,0.47,19.16,19.04,19.04,1,0.95,
KMT-2021-BLG-1134,BLG42K0101.045744,17:53:40.54,-29:04:15.20,9368.57125,5.47,0.254,19.8,19.09,19.09,1,2.11,
KMT-2021-BLG-1135,BLG43K0106.062362,18:01:16.00,-27:20:26.02,9378.9409,20.68,0.289,20.01,19.98,19.98,1,1.63,
KMT-2021-BLG-1136,SAO02K0101.066839,17:54:03.50,-28:57:37.91,9373.48189,32.6,0.101,20.59,19.88,19.88,1,1.84,
KMT-2021-BLG-1137,BLG02M0204.090413,17:58:24.64,-28:34:57.79,9368.82993,198.36,0.002,26.17,20.0,20.79,1,1.65,
KMT-2021-BLG-1138,BLG11N0207.121871,17:31:35.00,-30:07:46.02,9369.58243,27.22,0.126,22.37,20.0,25.0,3,2.65,
KMT-2021-BLG-1139,BLG15T0308.043680,17:35:07.80,-26:56:02.29,9365.93851,16.38,0.652,20.12,20.0,20.2,1,2.06,
KMT-2021-BLG-1140,BLG18K0105.011428,17:45:44.13,-26:05:15.29,9384.09517,24.14,0.208,19.05,19.1,19.1,2,2.6,
KMT-2021-BLG-1141,BLG18K0602.082100,17:42:33.44,-26:32:09.71,9368.3971,61.3,0.002,24.21,20.0,21.62,2,3.08,
KMT-2021-BLG-1142,BLG19M0207.000935,17:49:27.30,-23:48:41.72,9388.84188,41.72,0.908,16.88,16.09,16.09,2,2.07,
KMT-2021-BLG-1143,BLG20T0406.029173,17:43:58.65,-22:52:11.86,9372.01113,11.54,0.027,20.64,20.0,20.33,2,2.13,
KMT-2021-BLG-1144,BLG21K0707.010143,17:50:12.57,-34:29:02.90,9363.60364,15.71,0.899,19.53,18.19,18.19,1,1.06,
KMT-2021-BLG-1145,BLG34K0806.036185,17:59:28.39,-31:28:22.69,9422.99295,54.21,0.111,19.39,19.6,19.6,1,1.65,MB21253
KMT-2021-BLG-1146,BLG35N0507.019218,18:06:35.00,-26:01:23.92,9379.08161,42.59,0.19,20.56,19.36,19.36,1,2.02,
KMT-2021-BLG-1147,BLG36N0506.040353,18:17:40.84,-24:07:38.32,9360.02485,27.46,0.637,19.9,19.88,19.88,1,0.96,
KMT-2021-BLG-1148,BLG37K0406.029063,17:42:10.50,-34:38:40.81,9376.84897,20.73,0.123,20.51,19.81,19.81,2,1.92,
KMT-2021-BLG-1149,BLG37N0102.047127,17:49:04.75,-36:12:28.51,9370.2305,20.94,0.117,20.25,20.0,20.38,1,0.95,
KMT-2021-BLG-1150,BLG41N0708.020466,17:55:09.63,-31:18:47.99,9388.37495,195.99,0.07,22.04,18.86,18.86,1,1.5,MB21197
KMT-2021-BLG-1151,BLG42M0402.087431,17:56:57.10,-28:51:27.79,9369.30927,9.82,0.633,19.96,20.0,20.14,1,1.82,
KMT-2021-BLG-1152,SAO01K0806.034281,17:49:44.05,-30:25:31.91,9371.07112,8.2,0.022,22.4,20.0,20.53,1,3.59,
KMT-2021-BLG-1153,BLG02K0503.021307,17:51:49.18,-28:39:28.19,9425.97677,0.73,0.146,19.5,20.0,20.4,2,4.09,
KMT-2021-BLG-1154,BLG02K0503.032335,17:51:40.91,-28:39:42.16,9374.59515,29.14,0.831,19.93,20.0,21.12,2,4.22,
KMT-2021-BLG-1155,SAO02M0404.014056,17:56:57.56,-28:33:54.90,9370.2318,1.97,0.989,18.68,18.12,18.12,1,2.01,
KMT-2021-BLG-1156,BLG02N0508.007347,17:56:44.78,-29:07:27.41,9376.39964,16.46,0.34,19.86,17.82,17.82,1,2.52,
KMT-2021-BLG-1157,SAO02T0202.072772,17:53:26.03,-29:53:33.40,9371.48635,7.41,0.027,24.01,19.53,19.53,1,1.54,
KMT-2021-BLG-1158,BLG02T0408.070847,17:51:58.25,-29:05:17.77,9371.14675,0.59,0.059,19.68,20.0,21.98,2,3.15,
KMT-2021-BLG-1159,BLG03K0602.030895,17:58:33.67,-27:45:02.41,9371.3957,7.12,0.565,19.82,18.91,18.91,1,1.96,
KMT-2021-BLG-1160,BLG04K0803.055479,17:59:05.78,-29:41:28.39,9375.46341,12.88,0.159,20.9,19.29,19.29,1,1.29,
KMT-2021-BLG-1161,SAO04K0806.043786,17:59:24.53,-29:16:30.68,9373.02646,21.55,0.051,20.84,18.95,18.95,1,1.2,
KMT-2021-BLG-1162,BLG04M0402.078053,18:06:42.29,-29:49:45.91,9385.00837,27.83,0.114,20.62,20.0,20.62,1,0.77,
KMT-2021-BLG-1163,BLG04M0706.046403,18:05:04.68,-29:15:45.61,9371.47396,7.39,0.603,19.14,19.14,19.14,1,0.84,
KMT-2021-BLG-1164,BLG04N0805.041113,18:04:03.56,-30:33:22.61,9383.76224,14.29,0.2,20.05,19.63,19.63,1,1.22,
KMT-2021-BLG-1165,BLG11M0105.014752,17:31:58.38,-29:19:28.85,9398.02733,28.97,0.249,19.66,19.73,19.73,2,2.58,
KMT-2021-BLG-1166,BLG12N0307.002901,17:30:34.75,-28:07:39.83,9392.88629,38.0,0.5,19.49,17.45,17.45,2,2.11,
KMT-2021-BLG-1167,BLG12N0602.077312,17:29:04.98,-28:43:21.83,9373.62713,47.77,0.468,20.83,20.0,21.73,2,2.15,
KMT-2021-BLG-1168,BLG12N0803.020434,17:28:09.71,-28:37:25.82,9385.88618,17.32,0.173,19.48,20.0,20.05,2,2.08,
KMT-2021-BLG-1169,BLG14M0208.000269,17:40:24.92,-27:53:18.78,9370.15079,143.23,0.024,22.79,15.62,15.62,2,3.24,
KMT-2021-BLG-1170,BLG14M0407.037187,17:39:27.96,-28:00:44.21,9373.05551,9.52,0.061,21.02,20.0,20.65,2,3.08,
KMT-2021-BLG-1171,SAO14M0505.002456,17:39:00.01,-28:17:17.27,9417.41754,31.99,0.172,17.38,17.29,17.29,2,2.82,
KMT-2021-BLG-1172,BLG14M0607.075882,17:38:31.60,-28:02:11.40,9368.99541,7.32,0.217,21.24,20.0,21.46,2,2.98,
KMT-2021-BLG-1173,BLG14N0404.048574,17:39:46.10,-29:29:05.86,9370.26088,2.31,0.216,21.31,20.0,22.94,2,6.19,
KMT-2021-BLG-1174,BLG14T0206.061937,17:35:39.94,-29:12:52.74,9376.29968,20.41,0.2,20.99,20.0,21.75,2,3.32,
KMT-2021-BLG-1175,BLG15K0506.052452,17:34:18.16,-26:00:35.50,9375.63911,24.85,0.046,22.49,20.0,22.53,2,3.85,
KMT-2021-BLG-1176,BLG15M0401.082837,17:39:27.10,-26:40:34.07,9372.90003,6.91,0.039,22.08,20.0,22.08,2,3.09,
KMT-2021-BLG-1177,BLG15N0105.086367,17:41:04.88,-27:18:39.13,9372.03206,10.7,0.067,22.31,20.0,22.26,3,3.19,
KMT-2021-BLG-1178,BLG15N0307.026431,17:39:49.09,-27:01:43.25,9375.79149,23.65,0.108,21.47,20.0,20.73,2,2.98,
KMT-2021-BLG-1179,BLG15N0507.035963,17:38:44.52,-26:58:16.93,9372.62026,11.94,0.037,22.51,20.0,20.76,2,2.97,
KMT-2021-BLG-1180,BLG16K0505.057114,17:34:26.83,-23:59:20.76,9376.1465,20.59,0.773,19.85,20.0,21.66,2,1.93,
KMT-2021-BLG-1181,BLG17K0604.028272,17:41:08.13,-32:47:15.47,9370.89514,14.64,0.022,23.03,20.0,21.09,2,3.58,
KMT-2021-BLG-1182,BLG17N0602.031122,17:46:23.59,-34:04:52.10,9391.08184,34.11,0.254,19.13,19.26,19.26,1,1.63,MB21204
KMT-2021-BLG-1183,BLG17T0505.108767,17:41:35.37,-33:41:22.42,9370.6933,29.99,0.101,22.77,20.0,25.0,3,2.7,
KMT-2021-BLG-1184,BLG18K0506.099947,17:43:09.61,-26:00:06.70,9366.35884,166.12,0.032,24.19,20.0,22.46,2,2.88,
KMT-2021-BLG-1185,BLG18K0705.058518,17:42:22.89,-26:05:48.41,9370.40444,2.97,0.549,20.25,20.0,21.46,2,2.97,
KMT-2021-BLG-1186,BLG18T0308.087926,17:44:34.73,-26:49:24.46,9371.7955,12.74,0.029,23.54,20.0,22.57,2,3.42,
KMT-2021-BLG-1187,BLG18T0506.038239,17:43:14.83,-27:04:32.84,9426.05372,0.5,0.108,19.64,20.0,21.24,2,3.73,
KMT-2021-BLG-1188,BLG19K0701.050848,17:42:30.60,-24:35:14.35,9373.41961,4.99,0.508,20.03,20.0,20.52,2,2.26,
KMT-2021-BLG-1189,BLG19M0606.091844,17:47:26.67,-23:51:21.35,9373.08582,20.97,0.184,21.81,20.0,25.0,3,2.34,
KMT-2021-BLG-1190,BLG19M0805.097234,17:46:30.05,-24:02:44.12,9374.17077,19.99,0.194,21.66,20.0,25.0,3,2.15,
KMT-2021-BLG-1191,BLG20N0506.057088,17:48:13.56,-22:51:03.82,9371.13747,12.21,0.829,19.92,20.0,20.29,1,1.74,
KMT-2021-BLG-1192,BLG20T0105.049724,17:45:22.03,-23:02:51.90,9380.40685,52.77,0.394,20.68,19.99,19.99,1,1.56,
KMT-2021-BLG-1193,SAO22K0503.043961,17:51:45.46,-32:54:35.10,9373.16339,13.66,0.091,20.13,19.9,19.9,1,1.86,
KMT-2021-BLG-1194,SAO22K0802.048794,17:50:02.28,-33:01:52.90,9373.80372,27.59,0.083,22.08,20.0,20.43,1,2.47,
KMT-2021-BLG-1195,BLG22N0505.070031,17:56:47.64,-33:44:49.49,9370.18958,7.06,0.498,20.12,20.0,20.47,1,0.86,
KMT-2021-BLG-1196,BLG31T0201.036069,18:12:46.63,-26:53:07.12,9374.87426,4.86,0.496,19.26,19.31,19.31,1,0.97,
KMT-2021-BLG-1197,BLG33N0408.013474,18:15:43.55,-30:12:10.44,9382.10904,44.77,0.086,19.73,19.01,19.01,2,0.47,
KMT-2021-BLG-1198,BLG37K0603.083808,17:40:57.82,-34:59:00.96,9372.86947,50.03,0.235,22.05,20.0,21.81,2,2.02,
KMT-2021-BLG-1199,BLG37K0707.013356,17:40:09.70,-34:31:28.42,9389.49276,28.32,0.09,19.84,19.66,19.66,2,2.55,
KMT-2021-BLG-1200,BLG37K0708.074156,17:40:16.03,-34:18:52.81,9272.90786,12.84,0.081,20.21,20.0,21.55,2,2.65,
KMT-2021-BLG-1201,BLG37M0204.011109,17:48:36.07,-34:49:13.30,9371.21801,11.84,0.292,20.55,18.34,18.34,1,1.12,
KMT-2021-BLG-1202,BLG38T0507.032970,17:52:33.39,-22:48:01.01,9378.7722,187.3,0.152,20.32,20.0,20.09,1,2.31,
KMT-2021-BLG-1203,BLG41K0301.023512,17:52:23.77,-31:11:25.80,9426.49486,82.48,0.453,19.32,19.17,19.17,1,2.21,
KMT-2021-BLG-1204,BLG41M0302.010627,17:57:39.31,-30:57:47.59,9396.59515,25.48,0.518,18.84,17.94,17.94,1,1.39,
KMT-2021-BLG-1205,BLG41N0104.007885,17:58:44.38,-31:51:57.89,9379.13751,34.42,0.899,19.39,18.4,18.4,1,1.62,
KMT-2021-BLG-1206,BLG41N0408.062557,17:56:55.86,-31:19:34.79,9373.24959,65.14,0.033,23.59,19.98,19.98,1,1.32,
KMT-2021-BLG-1207,BLG42K0208.003723,17:53:17.38,-28:09:49.14,9372.13678,89.05,0.002,25.3,17.84,17.84,2,3.85,
KMT-2021-BLG-1208,BLG42N0805.094875,17:54:28.64,-29:41:26.92,9374.34623,11.19,0.104,19.87,19.89,19.89,1,1.33,MB21169
KMT-2021-BLG-1209,BLG43K0307.072480,18:00:07.94,-27:08:51.61,9381.43827,38.97,0.151,21.22,20.0,20.29,1,2.21,
KMT-2021-BLG-1210,BLG43N0801.052920,18:02:00.80,-29:07:00.19,9373.46078,12.19,0.167,19.44,19.29,19.29,1,1.27,MB21170
KMT-2021-BLG-1211,SAO43T0401.043814,17:59:34.55,-29:02:11.00,9370.76174,28.52,0.015,22.46,18.73,18.73,1,1.08,MB21327
KMT-2021-BLG-1212,BLG01T0501.066713,17:51:33.96,-32:07:36.98,9405.61646,64.48,0.134,19.96,20.0,21.13,1,2.21,MB21245
KMT-2021-BLG-1213,SAO02K0407.001400,17:52:11.16,-28:11:54.42,9425.8932,0.57,0.17,17.89,16.83,16.83,2,3.77,
KMT-2021-BLG-1214,BLG02M0602.008264,17:55:57.19,-28:45:41.90,9432.39942,38.27,0.209,17.5,17.13,17.13,1,1.8,MB21243
KMT-2021-BLG-1215,BLG02T0104.100763,17:53:48.50,-29:38:23.89,9421.75672,200.0,0.011,20.02,20.0,20.19,1,1.61,MB21184
KMT-2021-BLG-1216,BLG02T0203.043566,17:53:25.31,-29:46:32.99,9379.02214,24.79,0.195,19.74,18.94,18.94,1,1.55,
KMT-2021-BLG-1217,BLG03K0703.065074,17:58:02.26,-27:34:04.19,9373.16949,11.16,0.002,23.09,20.0,20.41,1,2.24,
KMT-2021-BLG-1218,BLG03N0504.057621,18:04:10.15,-28:37:24.31,9372.792,13.21,0.002,22.98,19.32,19.32,1,0.81,
KMT-2021-BLG-1219,BLG11K0605.043986,17:24:09.07,-29:18:30.20,9384.79229,15.83,0.357,19.65,19.74,19.74,1,1.35,
KMT-2021-BLG-1220,BLG14K0301.021044,17:35:31.26,-28:44:22.99,9387.41979,31.08,0.174,20.67,20.0,20.67,2,3.19,
KMT-2021-BLG-1221,BLG14N0405.064308,17:39:38.94,-29:26:16.69,9377.67771,20.52,0.174,21.49,20.0,25.0,3,5.94,
KMT-2021-BLG-1222,BLG15K0101.042228,17:36:35.78,-26:37:43.25,9397.49942,24.42,0.313,19.7,20.0,21.07,2,2.89,
KMT-2021-BLG-1223,BLG15N0203.001590,17:40:37.16,-27:31:44.54,9389.27459,12.28,0.054,17.18,17.17,17.17,2,3.28,
KMT-2021-BLG-1224,BLG16M0405.000631,17:39:34.00,-23:59:26.27,9384.41499,14.44,0.662,15.95,15.99,15.99,2,1.83,
KMT-2021-BLG-1225,BLG16N0201.052816,17:40:59.65,-25:39:04.07,9374.11534,12.72,0.674,19.97,20.0,21.25,2,2.66,
KMT-2021-BLG-1226,BLG17M0204.040526,17:48:57.52,-32:45:01.01,9372.80514,20.75,0.011,24.1,20.0,20.71,1,2.84,
KMT-2021-BLG-1227,BLG18K0607.010109,17:42:48.61,-25:56:11.58,9377.75745,12.43,0.867,19.31,19.35,19.35,2,2.87,
KMT-2021-BLG-1228,BLG18T0405.003571,17:44:02.86,-27:13:42.60,9439.51054,55.01,0.418,18.37,18.41,18.41,2,4.04,
KMT-2021-BLG-1229,BLG22M0808.032303,17:54:56.99,-32:14:37.90,9407.69108,199.77,0.429,19.42,19.47,19.47,1,1.61,
KMT-2021-BLG-1230,BLG31K0202.005509,18:12:41.04,-25:34:16.90,9382.77675,22.16,1.0,19.18,17.85,17.85,1,1.49,
KMT-2021-BLG-1231,BLG32T0301.068813,18:09:49.26,-28:55:42.64,9372.65462,9.64,0.401,20.07,20.0,21.35,2,0.77,
KMT-2021-BLG-1232,BLG32T0401.032100,18:09:16.23,-28:59:03.01,9374.12851,18.95,0.1,21.25,19.04,19.04,1,0.94,
KMT-2021-BLG-1233,BLG33M0802.008547,18:13:38.00,-29:51:05.80,9381.94925,14.52,0.938,18.12,18.05,18.05,1,0.46,
KMT-2021-BLG-1234,BLG35N0108.040624,18:08:43.94,-25:55:33.31,9373.40063,4.03,0.883,19.51,19.5,19.5,1,1.45,
KMT-2021-BLG-1235,SAO42M0503.021989,17:56:12.81,-28:44:51.40,9372.54838,9.9,0.048,21.73,18.51,18.51,1,1.93,
KMT-2021-BLG-1236,BLG42M0601.055879,17:55:31.25,-29:00:13.46,9379.00802,181.5,0.026,23.05,19.83,19.83,3,1.79,MB21185
KMT-2021-BLG-1237,BLG42T0501.011736,17:51:12.82,-30:09:53.60,9408.90078,25.78,0.111,18.1,17.8,17.8,1,2.35,
KMT-2021-BLG-1238,BLG43N0404.017197,18:04:23.01,-28:41:22.99,9373.23105,13.91,0.134,21.62,18.13,18.13,1,0.95,
KMT-2021-BLG-1239,BLG04M0507.007732,18:05:46.64,-29:08:31.31,9372.60552,7.79,0.999,18.37,17.57,17.57,1,0.94,
KMT-2021-BLG-1240,BLG11T0605.026914,17:24:20.74,-30:28:36.30,9391.05675,32.7,0.692,19.97,20.0,20.93,2,2.66,
KMT-2021-BLG-1241,BLG14M0106.008833,17:41:26.34,-28:09:02.95,9374.09027,35.2,0.009,23.51,19.2,19.2,2,3.99,
KMT-2021-BLG-1242,BLG15K0201.035004,17:35:37.61,-26:36:39.60,9380.52685,32.63,0.208,20.23,20.0,20.7,2,2.66,
KMT-2021-BLG-1243,BLG15T0306.004925,17:35:14.41,-27:06:37.40,9372.67773,8.75,0.144,21.53,17.15,17.15,1,2.06,
KMT-2021-BLG-1244,BLG17N0605.054887,17:46:09.07,-33:47:19.50,9375.84785,9.54,0.29,20.11,20.0,20.29,1,1.48,
KMT-2021-BLG-1245,BLG17T0402.019374,17:42:39.74,-34:05:00.71,9373.25812,14.6,0.002,23.63,19.3,19.3,1,2.19,
KMT-2021-BLG-1246,BLG18M0805.073865,17:46:35.83,-26:06:33.34,9373.96626,4.8,0.163,21.12,20.0,21.77,2,3.04,
KMT-2021-BLG-1247,BLG22M0401.064798,17:57:09.79,-33:10:22.01,9374.69349,7.02,0.295,21.25,20.0,20.34,1,1.1,
KMT-2021-BLG-1248,SAO37M0803.001359,17:45:13.53,-35:02:04.60,9478.28443,120.35,0.999,17.57,15.98,15.98,1,1.33,
KMT-2021-BLG-1249,BLG42N0601.042084,17:55:42.90,-30:05:43.69,9382.56476,35.65,0.002,21.81,19.31,19.31,1,1.59,
KMT-2021-BLG-1250,BLG42T0706.011947,17:50:04.58,-29:32:58.20,9422.07254,34.39,0.069,18.32,18.33,18.33,1,3.84,
KMT-2021-BLG-1251,BLG01T0503.015372,17:51:39.14,-31:56:08.20,9375.04891,3.82,0.413,20.65,19.32,19.32,1,2.13,
KMT-2021-BLG-1252,BLG02K0204.092291,17:53:36.22,-28:31:52.82,9396.78636,40.87,0.407,19.91,20.0,25.0,3,2.7,MB21259
KMT-2021-BLG-1253,SAO02T0707.014364,17:50:28.13,-29:16:45.41,9374.40926,0.59,0.119,19.74,19.38,19.38,1,4.46,
KMT-2021-BLG-1254,BLG04K0802.096792,17:59:32.09,-29:51:18.22,9374.91183,10.38,0.017,23.08,20.0,20.52,1,1.16,
KMT-2021-BLG-1255,BLG14K0605.109404,17:33:47.86,-28:19:03.43,9375.24973,10.16,0.011,22.29,20.0,25.0,3,2.68,
KMT-2021-BLG-1256,BLG14M0308.014345,17:40:13.63,-27:51:36.90,9378.53744,9.6,0.309,21.42,19.91,19.91,2,3.24,
KMT-2021-BLG-1257,BLG15K0203.019684,17:35:44.35,-26:23:03.66,9383.1141,12.23,0.707,20.0,20.0,20.6,2,2.9,
KMT-2021-BLG-1258,BLG16M0103.002588,17:41:19.97,-24:18:23.18,9379.28041,55.75,0.016,22.37,16.5,16.5,1,1.7,
KMT-2021-BLG-1259,BLG17M0408.023671,17:47:27.72,-32:15:55.08,9374.54664,4.42,0.275,21.38,20.0,22.52,2,5.04,
KMT-2021-BLG-1260,SAO18T0603.001273,17:42:36.22,-27:29:50.60,9384.24539,7.28,0.402,17.66,16.89,16.89,2,3.48,
KMT-2021-BLG-1261,BLG18T0606.070348,17:42:54.18,-27:08:43.76,9426.06216,0.5,0.107,19.45,20.0,22.27,2,3.84,
KMT-2021-BLG-1262,SAO19K0202.017122,17:45:18.39,-24:27:11.20,9379.58805,17.82,1.0,19.16,19.22,19.22,1,2.62,
KMT-2021-BLG-1263,BLG20N0403.024058,17:48:24.83,-23:17:21.70,9382.47641,21.1,0.21,20.8,19.12,19.12,1,1.8,
KMT-2021-BLG-1264,BLG22M0208.007992,17:58:30.22,-32:17:36.49,9462.936,85.83,0.02,19.06,18.2,18.2,1,1.38,MB21325
KMT-2021-BLG-1265,BLG32T0604.074751,18:08:00.02,-28:35:40.99,9376.3918,49.61,0.007,22.92,20.0,20.27,1,0.87,
KMT-2021-BLG-1266,SAO37K0202.084883,17:43:31.03,-35:09:12.10,9375.84147,6.6,0.388,20.13,20.0,21.38,2,1.62,
KMT-2021-BLG-1267,BLG37K0505.030029,17:41:44.78,-34:46:44.51,9407.84221,41.42,0.161,19.9,20.0,20.08,2,1.96,
KMT-2021-BLG-1268,BLG01K0105.081428,17:53:57.72,-30:33:11.02,9378.91195,38.59,0.101,21.32,20.0,20.01,1,1.47,
KMT-2021-BLG-1269,BLG02K0707.031634,17:50:31.77,-28:08:20.47,9375.9343,1.4,0.541,20.0,20.0,23.2,3,8.34,
KMT-2021-BLG-1270,BLG02M0601.076745,17:56:02.78,-28:51:00.22,9375.18256,51.42,0.007,24.68,19.96,19.96,1,1.99,
KMT-2021-BLG-1271,SAO03T0106.037535,18:01:47.67,-28:15:02.81,9425.89605,0.55,0.143,18.88,18.82,18.82,1,1.38,
KMT-2021-BLG-1272,BLG03T0808.056275,17:57:41.83,-28:03:43.42,9410.45978,139.45,0.26,20.32,19.95,19.95,1,2.32,
KMT-2021-BLG-1273,BLG11N0203.014602,17:31:37.79,-30:38:44.63,9379.95323,19.22,0.147,20.08,19.8,19.8,2,2.96,
KMT-2021-BLG-1274,BLG11T0405.010947,17:25:16.00,-30:28:38.57,9377.61302,38.69,0.59,20.83,20.0,20.12,2,2.98,
KMT-2021-BLG-1275,BLG12T0401.040530,17:25:21.14,-28:49:04.58,9382.06704,14.1,0.92,20.78,20.0,20.77,2,2.0,
KMT-2021-BLG-1276,BLG13N0304.026509,17:38:23.08,-34:54:56.45,9391.39382,57.35,0.146,21.37,20.0,20.7,2,2.84,
KMT-2021-BLG-1277,BLG14T0403.011358,17:34:49.72,-29:36:06.77,9377.76475,10.17,0.041,20.92,19.03,19.03,2,2.56,
KMT-2021-BLG-1278,BLG15N0505.006180,17:39:11.04,-27:14:06.14,9393.42834,35.36,0.854,18.13,18.04,18.04,2,2.44,
KMT-2021-BLG-1279,BLG15N0702.070427,17:37:55.31,-27:36:27.43,9387.48897,22.15,0.097,20.72,20.0,21.82,2,3.35,
KMT-2021-BLG-1280,BLG16N0408.042357,17:39:51.48,-24:43:01.34,9391.92345,45.63,0.419,19.99,20.0,20.9,2,2.17,
KMT-2021-BLG-1281,BLG17T0503.093058,17:41:36.51,-34:02:15.04,9380.56474,10.2,0.497,20.0,20.0,21.79,2,2.37,
KMT-2021-BLG-1282,BLG18T0204.035643,17:44:51.79,-27:23:18.96,9379.01851,10.42,0.285,21.1,20.0,22.35,2,5.73,
KMT-2021-BLG-1283,BLG22N0403.038499,17:57:06.53,-34:01:04.91,9398.04137,76.13,0.004,19.9,19.32,19.32,1,0.75,
KMT-2021-BLG-1284,BLG34M0306.049481,18:07:34.75,-31:22:50.20,9381.67098,24.48,0.401,21.01,20.0,20.24,1,0.76,
KMT-2021-BLG-1285,BLG34N0107.046986,18:08:45.75,-32:25:09.59,9399.64256,63.7,0.432,20.11,20.0,20.89,1,0.71,
KMT-2021-BLG-1286,BLG36K0107.023835,18:15:34.68,-22:50:59.21,9380.84949,20.45,0.291,20.3,19.62,19.62,1,1.57,
KMT-2021-BLG-1287,BLG42K0303.012902,17:52:32.68,-28:49:59.95,9389.90916,30.11,0.71,18.86,18.87,18.87,2,2.95,
KMT-2021-BLG-1288,BLG42N0305.089713,17:57:19.37,-29:35:13.42,9376.61631,4.25,0.538,19.89,20.0,20.35,1,1.47,
KMT-2021-BLG-1289,SAO43K0305.022375,17:59:53.37,-27:26:01.90,9377.53837,7.45,0.097,18.72,18.71,18.71,1,1.99,MB21166
KMT-2021-BLG-1290,BLG01K0701.055611,17:50:37.15,-31:03:31.00,9382.82185,22.53,0.162,21.63,20.0,21.44,2,3.4,
KMT-2021-BLG-1291,BLG01N0508.000332,17:56:51.07,-31:16:25.72,9397.02593,10.08,0.79,14.57,14.26,14.26,1,1.43,MB21194
KMT-2021-BLG-1292,BLG02K0103.020112,17:54:05.27,-28:42:38.16,9383.13084,41.34,0.137,20.02,19.06,19.06,2,2.16,
KMT-2021-BLG-1293,SAO02M0604.008888,17:55:55.42,-28:28:02.17,9393.27598,53.32,0.494,19.17,17.93,17.93,4,2.88,
KMT-2021-BLG-1294,BLG02N0303.084496,17:57:53.56,-29:49:39.11,9392.46115,31.8,0.25,19.91,20.0,20.14,1,1.54,
KMT-2021-BLG-1295,BLG02N0403.085726,17:57:10.61,-29:47:47.00,9379.12992,22.96,0.019,22.8,20.0,20.34,1,1.71,
KMT-2021-BLG-1296,BLG02N0606.047221,17:55:52.24,-29:22:56.32,9383.34563,13.89,0.924,19.08,19.23,19.23,1,1.97,
KMT-2021-BLG-1297,BLG02T0202.031698,17:53:20.61,-29:50:51.79,9388.33518,30.0,0.119,19.97,18.69,18.69,1,1.61,MB21201
KMT-2021-BLG-1298,BLG02T0408.017907,17:52:19.61,-29:07:34.21,9381.73227,26.07,0.051,20.86,18.77,18.77,1,2.69,
KMT-2021-BLG-1299,SAO03N0606.035503,18:03:39.92,-28:19:41.59,9382.84053,8.99,0.22,19.13,18.67,18.67,1,0.88,
KMT-2021-BLG-1300,BLG03N0801.066038,18:02:21.04,-28:56:35.59,9378.68313,17.72,0.201,21.51,19.55,19.55,1,0.94,
KMT-2021-BLG-1301,BLG03T0207.059405,18:00:58.69,-28:12:55.19,9378.37474,44.86,0.756,19.51,19.46,19.46,1,1.4,
KMT-2021-BLG-1302,BLG04K0803.037900,17:59:11.95,-29:37:48.11,9380.85196,11.52,0.296,19.02,18.88,18.88,1,1.36,
KMT-2021-BLG-1303,BLG04M0206.046480,18:07:27.33,-29:16:53.69,9385.06959,20.9,0.032,20.56,19.67,19.67,1,1.01,MB21182
KMT-2021-BLG-1304,BLG04T0707.059241,18:00:06.21,-30:15:24.41,9378.31942,3.12,0.591,20.14,19.77,19.77,1,1.22,
KMT-2021-BLG-1305,BLG11M0302.097344,17:30:47.60,-29:46:02.46,9379.11235,32.29,0.086,22.72,20.0,25.0,3,2.31,
KMT-2021-BLG-1306,BLG11T0507.003492,17:24:39.51,-30:08:53.05,9388.74534,50.21,0.186,21.18,17.76,17.76,2,2.08,
KMT-2021-BLG-1307,BLG12T0106.088119,17:27:05.41,-28:14:22.06,9369.66581,15.43,0.702,20.05,20.0,25.0,3,1.89,
KMT-2021-BLG-1308,BLG13M0404.030040,17:37:49.80,-33:47:07.12,9376.97225,18.78,0.082,22.13,20.0,21.18,2,3.26,
KMT-2021-BLG-1309,SAO14K0502.000452,17:33:51.07,-28:42:12.96,9387.88951,10.24,0.579,16.48,16.52,16.52,2,3.86,
KMT-2021-BLG-1310,BLG14K0508.023836,17:34:14.90,-27:56:38.36,9377.58482,5.62,0.097,21.85,20.0,20.43,2,2.79,
KMT-2021-BLG-1311,BLG14M0502.020220,17:38:46.35,-28:41:34.80,9389.261,35.74,0.353,20.05,20.0,20.69,2,3.91,
KMT-2021-BLG-1312,BLG14N0403.027010,17:39:27.75,-29:37:49.51,9399.86848,80.89,0.021,22.65,20.0,22.06,2,5.03,
KMT-2021-BLG-1313,BLG14N0704.067958,17:37:49.52,-29:29:48.73,9377.82529,13.92,0.043,23.79,20.0,22.0,2,3.76,
KMT-2021-BLG-1314,BLG14N0803.032595,17:37:21.47,-29:41:16.73,9376.20199,21.14,0.08,23.48,20.0,21.2,2,3.83,
KMT-2021-BLG-1315,BLG14T0806.003656,17:32:10.54,-29:17:46.97,9442.18241,43.71,0.643,17.73,17.67,17.67,2,2.51,
KMT-2021-BLG-1316,BLG15N0305.034620,17:40:07.66,-27:14:35.74,9379.7667,15.61,0.077,22.39,20.0,20.64,2,2.89,
KMT-2021-BLG-1317,BLG16M0702.021489,17:37:47.45,-24:28:15.92,9379.45901,7.23,0.255,20.36,19.9,19.9,2,1.98,
KMT-2021-BLG-1318,BLG17M0803.031849,17:45:20.29,-32:54:40.21,9384.87694,16.54,0.429,20.03,20.0,21.22,2,3.0,
KMT-2021-BLG-1319,BLG17T0607.036166,17:41:21.55,-33:30:43.34,9381.01178,11.5,0.06,21.85,20.0,20.94,2,2.75,
KMT-2021-BLG-1320,BLG18K0107.010524,17:45:37.21,-25:52:18.34,9380.61876,6.39,0.303,19.16,19.13,19.13,2,2.93,
KMT-2021-BLG-1321,BLG18K0107.080428,17:45:46.23,-25:51:25.06,9377.3942,6.81,0.137,20.39,20.0,21.9,2,2.71,
KMT-2021-BLG-1322,SAO18K0208.005545,17:45:12.24,-25:41:36.67,9384.76889,20.7,0.114,21.23,18.43,18.43,2,3.13,
KMT-2021-BLG-1323,BLG18N0801.003589,17:46:08.58,-27:47:20.00,9377.18545,3.13,0.381,21.8,20.0,21.87,3,9.78,
KMT-2021-BLG-1324,BLG19N0803.010678,17:46:17.01,-25:28:42.10,9379.01764,46.77,0.063,23.09,19.65,19.65,2,2.92,
KMT-2021-BLG-1325,SAO20N0101.051971,17:50:13.79,-23:30:20.59,9394.54659,59.23,0.032,21.23,20.0,21.15,2,2.19,
KMT-2021-BLG-1326,BLG20T0306.048282,17:44:37.67,-22:52:03.18,9376.34658,15.93,0.999,20.03,20.0,20.87,2,2.02,
KMT-2021-BLG-1327,BLG21T0607.017051,17:50:40.35,-35:37:22.40,9379.23081,4.93,0.938,18.85,18.58,18.58,1,0.68,
KMT-2021-BLG-1328,SAO22K0402.032276,17:52:02.29,-33:00:10.30,9377.72948,17.07,0.015,22.27,19.5,19.5,1,1.83,
KMT-2021-BLG-1329,BLG31N0107.039688,18:17:45.98,-26:02:13.42,9377.70711,16.97,0.151,21.78,19.76,19.76,1,0.78,
KMT-2021-BLG-1330,BLG31T0602.008990,18:10:23.83,-26:39:09.79,9384.28646,22.6,0.055,21.45,18.17,18.17,1,1.28,
KMT-2021-BLG-1331,BLG31T0705.006973,18:09:37.84,-26:20:35.09,9379.34347,4.83,0.06,20.25,17.61,17.61,1,1.11,
KMT-2021-BLG-1332,BLG33K0303.033110,18:11:41.77,-29:39:47.48,9385.6772,72.78,0.103,21.54,19.26,19.26,1,0.64,
KMT-2021-BLG-1333,BLG35M0606.011572,18:05:50.37,-25:05:14.21,9381.4034,107.41,0.038,23.38,19.61,19.61,4,3.36,
KMT-2021-BLG-1334,BLG41K0407.048114,17:51:55.59,-30:24:05.18,9381.47111,16.92,0.53,19.54,19.9,19.9,1,2.46,
KMT-2021-BLG-1335,BLG41M0305.013163,17:57:29.17,-30:40:37.49,9382.54399,30.12,0.305,20.2,18.72,18.72,1,1.6,
KMT-2021-BLG-1336,BLG41T0201.055693,17:53:15.43,-32:14:08.30,9386.96239,31.6,0.063,21.17,20.0,20.14,1,1.8,
KMT-2021-BLG-1337,BLG42M0101.065799,17:58:22.68,-29:02:19.61,9385.85039,54.35,0.04,21.42,19.35,19.35,1,1.3,MB21202
KMT-2021-BLG-1338,SAO42M0508.017777,17:56:10.44,-28:12:05.00,9377.82879,8.6,0.073,21.46,18.78,18.78,2,2.51,
KMT-2021-BLG-1339,BLG42T0201.002430,17:53:06.81,-30:08:38.72,9431.28212,58.24,0.002,29.75,15.87,15.87,4,1.62,
KMT-2021-BLG-1340,BLG43M0503.044878,18:03:42.65,-27:44:27.31,9376.19843,19.43,0.104,22.03,19.1,19.1,1,1.0,
KMT-2021-BLG-1341,SAO43N0405.042671,18:04:24.06,-28:36:26.89,9387.7849,20.22,0.356,19.53,18.91,18.91,1,0.77,
KMT-2021-BLG-1342,SAO01K0205.006628,17:53:32.47,-30:29:40.09,9381.51832,7.03,0.156,20.72,16.94,16.94,1,1.7,
KMT-2021-BLG-1343,BLG01K0803.046542,17:49:58.78,-30:46:39.90,9384.66831,8.26,0.856,19.8,20.0,20.53,1,2.76,
KMT-2021-BLG-1344,SAO02T0203.005185,17:53:22.44,-29:46:46.20,9376.28654,199.87,0.013,23.42,16.14,16.14,1,1.61,
KMT-2021-BLG-1345,BLG03M0304.070468,18:05:20.39,-27:26:18.20,9382.36125,4.04,0.714,19.62,19.65,19.65,1,0.79,
KMT-2021-BLG-1346,BLG03T0204.089224,18:00:46.57,-28:34:32.41,9380.02003,26.23,0.011,22.85,19.98,19.98,1,1.31,
KMT-2021-BLG-1347,BLG13N0701.012110,17:35:52.27,-35:19:12.32,9399.13743,29.48,0.298,20.02,20.0,21.01,2,4.56,
KMT-2021-BLG-1348,BLG14M0104.018018,17:41:15.71,-28:26:15.97,9383.42204,7.12,0.715,19.93,20.0,20.39,2,4.21,
KMT-2021-BLG-1349,BLG14M0605.002389,17:38:11.16,-28:14:33.68,9430.34566,56.14,0.031,18.19,18.02,18.02,2,3.75,
KMT-2021-BLG-1350,BLG15K0106.050587,17:36:30.06,-26:01:00.98,9382.95457,12.37,0.008,21.58,20.0,21.7,2,3.03,
KMT-2021-BLG-1351,BLG16N0608.033895,17:38:17.10,-24:49:09.34,9378.17551,14.26,0.602,20.27,20.0,20.54,2,2.27,
KMT-2021-BLG-1352,BLG19N0707.002891,17:47:00.49,-24:50:57.59,9383.37669,143.29,0.056,23.71,18.12,18.12,4,3.3,
KMT-2021-BLG-1353,BLG32M0305.012656,18:14:16.60,-27:22:31.40,9397.62624,18.75,0.337,18.26,18.15,18.15,1,0.59,MB21205
KMT-2021-BLG-1354,BLG34M0604.013004,18:05:26.98,-31:38:50.71,9376.29093,58.19,0.021,23.42,18.48,18.48,1,0.87,
KMT-2021-BLG-1355,SAO41M0608.064021,17:55:45.07,-30:17:14.21,9388.43768,34.46,0.078,20.79,19.89,19.89,1,1.6,MB21206
KMT-2021-BLG-1356,BLG41T0308.031774,17:52:20.30,-31:21:30.49,9382.1716,37.43,0.033,22.62,19.75,19.75,1,2.51,
KMT-2021-BLG-1357,BLG43T0802.003676,17:57:09.24,-28:55:33.20,9387.6108,4.41,0.793,15.92,15.95,15.95,1,1.58,MB21198
KMT-2021-BLG-1358,SAO02K0102.002478,17:53:53.73,-28:45:10.19,9383.18685,13.65,0.019,20.01,16.16,16.16,2,2.01,MB21193
KMT-2021-BLG-1359,BLG02N0205.090770,17:58:25.27,-29:32:51.40,9378.03715,5.96,0.171,21.65,20.0,20.45,1,1.26,
KMT-2021-BLG-1360,BLG15M0402.063687,17:39:46.81,-26:29:28.10,9382.53292,32.36,0.005,22.49,20.0,21.5,2,2.85,
KMT-2021-BLG-1361,SSO16M0806.000482,17:37:14.11,-23:57:18.76,9380.06429,1.9,0.702,17.7,15.84,15.84,2,1.93,
KMT-2021-BLG-1362,BLG16N0106.001526,17:41:24.38,-25:04:16.00,9438.47142,27.95,0.781,16.4,16.41,16.41,1,2.57,
KMT-2021-BLG-1363,BLG31T0502.074148,18:10:45.39,-26:42:30.49,9385.95735,11.24,0.061,20.31,20.0,21.75,2,1.26,
KMT-2021-BLG-1364,BLG32K0604.022507,18:08:07.17,-27:27:38.48,9374.66595,16.17,0.901,19.43,18.51,18.51,1,0.89,
KMT-2021-BLG-1365,BLG35K0102.005568,18:03:46.62,-25:33:29.27,9388.54827,12.18,0.294,18.49,18.57,18.57,2,3.01,
KMT-2021-BLG-1366,BLG37T0707.019977,17:40:20.00,-35:38:43.94,9387.79026,12.21,0.09,19.92,19.95,19.95,2,1.9,
KMT-2021-BLG-1367,BLG38T0807.007642,17:50:56.85,-22:46:13.40,9393.83615,18.39,0.276,19.08,18.5,18.5,1,2.2,
KMT-2021-BLG-1368,BLG41K0708.026030,17:50:22.37,-30:13:40.69,9395.73244,48.75,0.511,20.23,19.92,19.92,1,2.96,
KMT-2021-BLG-1369,BLG42T0108.051022,17:53:42.90,-29:15:06.80,9387.66706,53.87,0.205,20.87,19.26,19.26,1,1.82,
KMT-2021-BLG-1370,BLG43N0106.071934,18:05:57.02,-28:22:14.20,9381.68181,5.92,0.295,20.04,20.0,20.11,1,1.08,
KMT-2021-BLG-1371,BLG03K0404.032995,17:59:51.42,-27:27:37.01,9404.68852,45.71,0.539,19.22,19.21,19.21,1,1.92,
KMT-2021-BLG-1372,BLG14M0706.021266,17:37:57.25,-28:08:54.20,9389.03731,140.95,0.031,22.59,20.0,20.67,2,3.6,
KMT-2021-BLG-1373,BLG20N0502.013567,17:47:48.29,-23:25:44.33,9395.83237,46.95,0.303,18.6,18.73,18.73,2,1.7,
KMT-2021-BLG-1374,BLG20T0104.053871,17:45:40.34,-23:10:30.79,9390.30422,78.79,0.083,21.24,20.0,20.08,1,1.43,
KMT-2021-BLG-1375,BLG33K0502.007090,18:10:37.10,-29:49:30.11,9403.31188,21.98,0.798,18.32,17.94,17.94,1,0.81,MB21248
KMT-2021-BLG-1376,BLG43K0405.035237,17:59:41.99,-27:27:54.50,9382.4146,5.03,0.066,20.47,19.38,19.38,1,1.98,MB21181
KMT-2021-BLG-1377,BLG01K0306.084715,17:52:55.24,-30:20:58.88,9383.35034,14.88,0.075,21.53,20.0,20.61,2,1.96,
KMT-2021-BLG-1378,BLG15K0503.007885,17:34:07.95,-26:21:15.26,9459.65777,199.99,0.063,20.88,19.7,19.7,4,2.78,MB21354
KMT-2021-BLG-1379,SSO17M0503.001154,17:47:13.08,-32:54:24.62,9386.94579,23.5,0.368,18.89,17.78,17.78,4,4.08,
KMT-2021-BLG-1380,BLG20T0604.018119,17:43:01.64,-23:10:18.16,9394.24571,22.86,0.325,19.76,19.75,19.75,2,1.93,
KMT-2021-BLG-1381,SAO31K0205.001470,18:12:23.15,-25:12:35.39,9419.40131,19.93,0.509,16.25,16.15,16.15,1,1.74,
KMT-2021-BLG-1382,BLG38T0105.005720,17:54:51.12,-23:03:58.54,9457.45556,61.2,0.105,18.32,18.22,18.22,4,3.0,
KMT-2021-BLG-1383,BLG42M0802.030547,17:54:22.54,-28:51:46.66,9426.00041,0.5,0.108,18.64,19.01,19.01,2,1.83,
KMT-2021-BLG-1384,BLG01K0703.004192,17:50:40.92,-30:42:30.60,9396.37634,34.59,0.144,20.58,16.81,16.81,1,2.54,
KMT-2021-BLG-1385,BLG01M0607.016754,17:56:11.26,-30:17:30.98,9393.22513,24.26,0.127,20.59,18.44,18.44,1,1.71,
KMT-2021-BLG-1386,SAO02T0308.040491,17:52:47.19,-29:09:08.21,9375.52136,57.64,0.074,23.08,19.31,19.31,1,2.52,
KMT-2021-BLG-1387,BLG02T0604.002002,17:51:07.71,-29:36:33.19,9390.96066,4.3,1.0,16.51,16.03,16.03,1,2.93,
KMT-2021-BLG-1388,SAO03K0503.002304,17:59:30.65,-27:33:44.89,9368.98981,28.78,1.0,17.17,15.96,15.96,1,1.93,
KMT-2021-BLG-1389,BLG03M0407.082717,18:04:43.46,-27:04:30.22,9384.62268,22.22,0.097,21.13,20.0,20.18,1,1.16,
KMT-2021-BLG-1390,BLG03N0507.004695,18:04:00.04,-28:08:21.19,9432.49867,50.97,0.186,16.54,16.46,16.46,1,1.04,MB21231
KMT-2021-BLG-1391,SAO03N0708.052635,18:02:44.06,-28:03:37.80,9385.28088,28.94,0.013,21.4,19.1,19.1,1,1.03,
KMT-2021-BLG-1392,BLG03N0708.056277,18:03:08.37,-27:59:45.10,9386.38244,8.8,0.057,20.21,19.18,19.18,1,1.03,MB21199
KMT-2021-BLG-1393,SAO03T0103.019517,18:01:47.51,-28:42:49.79,9388.34644,6.25,0.577,18.34,18.24,18.24,1,1.01,
KMT-2021-BLG-1394,SAO11K0607.009805,17:24:03.57,-29:06:15.98,9392.81952,9.67,0.065,19.13,18.73,18.73,1,1.67,
KMT-2021-BLG-1395,BLG11T0204.021738,17:26:31.61,-30:35:55.46,9388.78165,10.05,0.197,20.04,20.0,20.83,2,3.22,
KMT-2021-BLG-1396,BLG12N0608.078405,17:29:12.42,-27:57:44.35,9386.69522,45.25,0.16,22.33,20.0,21.83,2,2.57,
KMT-2021-BLG-1397,BLG13M0607.018171,17:36:38.58,-33:30:46.33,9386.46771,6.9,0.381,20.01,20.0,21.46,2,4.11,
KMT-2021-BLG-1398,BLG14K0504.099022,17:34:11.82,-28:25:43.25,9385.03035,8.15,0.153,22.52,20.0,22.21,2,3.04,
KMT-2021-BLG-1399,SAO15K0101.005556,17:36:33.99,-26:43:58.15,9382.46921,3.57,0.308,18.7,18.72,18.72,2,2.87,
KMT-2021-BLG-1400,BLG15N0502.081887,17:38:58.93,-27:41:33.07,9386.25856,9.61,0.354,21.35,20.0,21.6,3,3.01,
KMT-2021-BLG-1401,BLG15N0505.012403,17:39:14.23,-27:19:23.09,9392.06902,10.29,0.458,19.19,19.2,19.2,2,2.54,
KMT-2021-BLG-1402,BLG17M0602.000541,17:46:08.00,-32:57:58.18,9398.73911,12.13,0.058,16.34,16.34,16.34,2,2.89,
KMT-2021-BLG-1403,BLG17T0401.037345,17:42:27.56,-34:16:49.01,9387.62391,21.73,0.273,20.88,20.0,20.02,1,2.1,
KMT-2021-BLG-1404,BLG17T0606.012228,17:41:08.40,-33:39:46.51,9382.86448,9.53,0.015,21.65,19.56,19.56,2,2.6,
KMT-2021-BLG-1405,BLG18K0402.007670,17:43:59.72,-26:31:00.70,9389.08508,5.58,0.131,18.67,18.7,18.7,2,3.07,
KMT-2021-BLG-1406,BLG18K0602.006594,17:42:53.60,-26:31:12.72,9410.59647,48.03,0.031,18.44,18.37,18.37,2,2.96,
KMT-2021-BLG-1407,BLG19K0207.034995,17:45:06.78,-23:50:08.81,9385.63106,7.02,0.09,21.81,19.4,19.4,1,1.48,
KMT-2021-BLG-1408,BLG19K0305.070224,17:44:31.20,-23:59:40.49,9390.99688,15.93,0.099,21.29,20.0,21.04,2,1.74,
KMT-2021-BLG-1409,BLG19K0603.052769,17:42:45.85,-24:15:40.90,9389.64016,21.63,0.185,21.36,20.0,20.1,1,1.85,
KMT-2021-BLG-1410,BLG19M0401.029375,17:48:34.74,-24:32:55.46,9384.56551,3.82,0.112,20.85,20.0,20.74,2,3.04,
KMT-2021-BLG-1411,BLG20N0103.020848,17:50:10.11,-23:17:31.49,9402.2462,39.82,0.403,19.62,19.64,19.64,1,2.29,
KMT-2021-BLG-1412,BLG20N0108.036662,17:50:17.42,-22:42:49.61,9402.71405,31.17,0.292,20.0,19.99,19.99,1,1.99,
KMT-2021-BLG-1413,BLG21N0302.023911,17:57:43.02,-36:16:23.45,9384.76349,44.8,0.022,23.61,20.0,20.54,3,0.59,
KMT-2021-BLG-1414,BLG21N0503.000278,17:56:33.13,-36:10:34.18,9427.74274,26.27,0.743,15.26,15.26,15.26,2,0.85,
KMT-2021-BLG-1415,SAO22K0201.045927,17:53:06.49,-33:05:59.78,9384.19209,37.53,0.152,22.0,19.7,19.7,1,1.44,
KMT-2021-BLG-1416,BLG31M0506.009819,18:15:38.32,-25:02:36.82,9387.68554,16.16,0.573,19.77,18.31,18.31,1,1.11,
KMT-2021-BLG-1417,BLG31N0604.045199,18:15:02.70,-26:28:01.42,9389.55316,10.25,0.077,20.38,19.77,19.77,1,0.83,
KMT-2021-BLG-1418,SAO31T0102.017850,18:13:14.00,-26:39:26.89,9409.18169,40.01,0.373,19.59,18.56,18.56,1,0.81,
KMT-2021-BLG-1419,BLG32K0205.013754,18:10:31.08,-27:17:33.68,9384.11605,17.44,0.202,21.55,18.3,18.3,1,1.12,
KMT-2021-BLG-1420,BLG32K0408.001833,18:09:00.65,-26:53:10.10,9406.68194,14.29,0.5,16.09,15.88,15.88,1,1.17,MB21222
KMT-2021-BLG-1421,SAO32M0803.011241,18:11:45.80,-27:34:25.61,9391.575,71.61,0.047,21.04,17.82,17.82,1,0.52,MB21196
KMT-2021-BLG-1422,BLG34M0605.034282,18:05:45.20,-31:34:00.30,9386.7124,3.18,0.371,20.1,19.49,19.49,1,0.89,
KMT-2021-BLG-1423,BLG35T0106.021935,18:03:55.73,-26:09:38.38,9398.023,26.53,0.451,20.0,20.0,20.64,2,3.16,
KMT-2021-BLG-1424,BLG37M0407.027926,17:47:25.21,-34:31:15.31,9389.20163,25.26,0.154,20.67,19.38,19.38,1,1.49,
KMT-2021-BLG-1425,BLG37M0408.073642,17:47:14.65,-34:23:41.10,9398.46709,70.98,0.506,19.54,20.0,25.0,3,1.46,
KMT-2021-BLG-1426,SAO37M0507.012665,17:47:03.18,-34:28:56.10,9394.22765,70.85,0.19,20.1,18.57,18.57,1,1.44,MB21216
KMT-2021-BLG-1427,BLG37N0706.040989,17:45:30.00,-35:41:28.61,9385.9113,7.41,0.189,21.1,19.88,19.88,1,1.37,
KMT-2021-BLG-1428,BLG37T0804.035178,17:39:56.22,-36:00:26.46,9392.79988,18.0,0.002,19.9,20.0,20.73,2,1.93,
KMT-2021-BLG-1429,BLG38T0508.004265,17:52:17.33,-22:37:59.09,9388.93119,15.58,0.053,21.28,17.44,17.44,1,1.88,
KMT-2021-BLG-1430,BLG41M0404.015656,17:56:50.36,-30:42:36.61,9408.40253,23.77,0.913,18.34,18.3,18.3,1,1.57,
KMT-2021-BLG-1431,BLG42N0107.003574,17:58:43.30,-29:24:22.21,9393.24575,66.63,0.181,20.3,15.82,15.82,1,1.23,
KMT-2021-BLG-1432,BLG43M0601.040130,18:03:28.86,-27:58:25.90,9386.23006,26.66,0.087,21.26,19.08,19.08,1,0.94,
KMT-2021-BLG-1433,BLG43T0401.025253,17:59:46.94,-29:03:09.61,9385.73107,26.09,0.266,20.77,18.24,18.24,1,0.96,
KMT-2021-BLG-1434,BLG43T0507.074129,17:58:54.39,-28:22:02.10,9384.9782,10.84,0.803,19.42,19.71,19.71,1,1.25,
KMT-2021-BLG-1435,BLG01M0804.015715,17:54:46.44,-30:38:02.69,9388.10112,19.58,0.196,21.31,18.96,18.96,1,2.33,
KMT-2021-BLG-1436,SAO03K0302.045907,18:00:18.05,-27:44:04.49,9393.36204,105.28,0.062,22.76,19.28,19.28,1,1.62,
KMT-2021-BLG-1437,BLG03K0303.080798,18:00:16.03,-27:33:44.71,9391.45158,14.16,0.133,20.37,20.0,20.23,1,1.65,
KMT-2021-BLG-1438,BLG03M0302.009084,18:05:08.54,-27:44:06.50,9409.72102,27.81,0.492,18.21,17.62,17.62,1,0.95,MB21219
KMT-2021-BLG-1439,BLG03N0106.069331,18:06:37.75,-28:20:21.30,9386.38296,12.79,0.074,21.97,19.96,19.96,1,1.01,
KMT-2021-BLG-1440,SAO15T0602.011725,17:33:51.56,-27:37:10.20,9425.7238,48.26,0.276,19.72,19.73,19.73,2,3.02,
KMT-2021-BLG-1441,BLG16M0206.025577,17:40:52.72,-23:57:45.47,9388.70396,12.69,0.656,19.69,19.98,19.98,2,1.86,
KMT-2021-BLG-1442,BLG16N0305.013093,17:40:07.94,-25:08:27.74,9394.11942,30.64,0.009,22.43,19.71,19.71,2,2.69,
KMT-2021-BLG-1443,BLG17T0401.008721,17:42:13.58,-34:11:48.95,9404.2489,27.43,1.0,18.66,18.39,18.39,2,1.96,
KMT-2021-BLG-1444,BLG18K0101.008869,17:45:50.35,-26:40:16.18,9387.44276,3.2,0.289,20.53,18.82,18.82,2,3.63,
KMT-2021-BLG-1445,BLG18K0802.072930,17:41:38.30,-26:33:44.32,9387.49218,94.02,0.01,23.15,20.0,22.03,2,3.37,
KMT-2021-BLG-1446,BLG18T0602.040100,17:42:46.04,-27:33:42.52,9388.38461,29.32,0.122,21.83,20.0,21.19,2,3.46,
KMT-2021-BLG-1447,BLG21K0107.026961,17:54:14.95,-34:28:59.41,9386.59089,30.74,0.019,22.35,18.98,18.98,1,0.92,MB21203
KMT-2021-BLG-1448,BLG22N0805.015250,17:54:56.51,-33:44:24.79,9379.0349,22.53,0.61,18.58,18.7,18.7,1,1.25,
KMT-2021-BLG-1449,BLG32K0703.010489,18:07:28.95,-27:30:54.50,9384.87565,95.31,0.023,24.51,18.07,18.07,1,1.21,
KMT-2021-BLG-1450,BLG34T0703.005249,17:59:42.38,-32:54:22.00,9391.46103,74.45,0.099,20.76,17.65,17.65,1,1.03,
KMT-2021-BLG-1451,BLG37K0304.008237,17:42:44.05,-34:53:38.58,9386.90587,1.99,0.256,19.4,18.78,18.78,2,1.83,
KMT-2021-BLG-1452,BLG41K0204.045130,17:52:58.18,-30:42:49.28,9397.27181,15.36,0.304,19.74,19.6,19.6,1,2.01,
KMT-2021-BLG-1453,BLG42N0102.060096,17:58:32.84,-30:00:10.51,9387.27481,5.06,0.519,19.68,19.53,19.53,1,1.37,
KMT-2021-BLG-1454,BLG42N0806.070323,17:54:22.95,-29:34:00.08,9426.01504,0.5,0.11,18.93,19.44,19.44,1,1.53,
KMT-2021-BLG-1455,BLG11M0105.007627,17:32:04.72,-29:19:39.14,9405.61936,17.94,0.262,18.67,18.7,18.7,2,2.51,
KMT-2021-BLG-1456,BLG12N0106.034261,17:31:54.32,-28:09:39.02,9390.98878,32.79,0.052,22.41,20.0,20.61,2,2.48,
KMT-2021-BLG-1457,BLG14K0503.045134,17:33:49.01,-28:29:17.02,9390.15227,64.66,0.002,21.91,20.0,21.41,2,3.07,
KMT-2021-BLG-1458,BLG16N0204.012536,17:40:47.53,-25:15:19.80,9388.68293,9.06,0.685,20.0,19.36,19.36,1,2.56,
KMT-2021-BLG-1459,BLG16N0403.014810,17:39:36.87,-25:27:22.32,9394.1241,16.46,0.872,19.94,20.0,20.16,2,2.81,
KMT-2021-BLG-1460,BLG19N0708.044066,17:47:11.91,-24:48:20.88,9391.08664,169.02,0.071,22.93,20.0,21.47,2,3.28,
KMT-2021-BLG-1461,BLG20N0306.014449,17:49:17.16,-22:50:51.22,9389.25384,38.36,0.395,21.18,18.87,18.87,1,1.96,
KMT-2021-BLG-1462,BLG31T0101.008647,18:12:55.98,-26:49:40.19,9401.85931,41.7,0.299,20.83,17.98,17.98,1,0.84,
KMT-2021-BLG-1463,BLG35K0204.070013,18:03:35.49,-25:19:37.16,9387.2904,6.59,0.177,21.72,20.0,22.11,2,2.78,
KMT-2021-BLG-1464,BLG36T0208.023896,18:15:09.29,-23:50:03.98,9429.6119,199.86,0.038,21.64,19.5,19.5,1,1.69,MB21293
KMT-2021-BLG-1465,BLG38K0502.017210,17:52:26.83,-22:14:33.61,9413.66404,40.58,0.295,20.1,19.07,19.07,1,2.08,
KMT-2021-BLG-1466,BLG41K0306.043951,17:52:36.19,-30:27:27.79,9407.19043,46.27,0.678,19.89,19.93,19.93,1,2.67,
KMT-2021-BLG-1467,BLG41N0108.046345,17:58:43.04,-31:18:51.08,9438.48686,95.57,0.921,19.18,19.83,19.83,1,1.65,
KMT-2021-BLG-1468,BLG41T0507.049437,17:51:12.52,-31:30:22.97,9388.01701,8.5,0.253,21.55,20.0,21.44,2,3.1,
KMT-2021-BLG-1469,BLG42T0806.035839,17:49:33.27,-29:31:53.11,9389.23884,12.43,0.092,22.0,20.0,21.95,3,5.42,
KMT-2021-BLG-1470,BLG02M0702.013699,17:55:23.45,-28:48:46.08,9398.79679,12.22,0.999,18.7,18.27,18.27,2,2.05,
KMT-2021-BLG-1471,BLG14T0508.002507,17:34:01.86,-29:04:01.60,9400.07202,10.96,0.328,17.95,17.95,17.95,2,3.23,
KMT-2021-BLG-1472,BLG15N0201.065971,17:40:45.81,-27:48:09.22,9387.33726,4.6,0.07,21.31,20.0,21.46,2,3.08,
KMT-2021-BLG-1473,BLG17M0305.068380,17:48:06.26,-32:38:40.27,9402.65718,46.28,0.245,21.29,20.0,25.0,3,3.22,
KMT-2021-BLG-1474,BLG22T0501.008377,17:51:40.52,-34:15:34.96,9448.57228,89.84,0.481,18.42,18.59,18.59,2,1.25,MB21359
KMT-2021-BLG-1475,BLG02T0703.007829,17:50:23.77,-29:49:22.40,9401.47206,27.86,0.087,19.16,17.68,17.68,1,3.34,
KMT-2021-BLG-1476,BLG11T0805.003887,17:22:48.76,-30:29:40.31,9402.29577,74.07,0.216,18.63,18.37,18.37,2,2.58,
KMT-2021-BLG-1477,BLG14N0703.018636,17:37:32.05,-29:41:48.37,9390.27666,4.92,0.106,19.99,20.0,20.46,2,3.92,
KMT-2021-BLG-1478,BLG14T0504.008152,17:33:59.55,-29:31:09.70,9426.15283,54.34,0.531,18.59,18.36,18.36,2,2.52,
KMT-2021-BLG-1479,BLG16N0107.046022,17:41:17.96,-24:53:00.10,9396.67522,32.19,0.088,21.99,20.0,20.3,1,2.39,
KMT-2021-BLG-1480,BLG17M0203.002455,17:48:43.72,-32:50:51.68,9441.97057,36.32,0.397,17.08,16.61,16.61,1,2.14,
KMT-2021-BLG-1481,SAO17M0802.024078,17:45:22.52,-33:00:51.98,9393.5158,14.52,0.122,19.77,20.0,20.45,2,3.06,
KMT-2021-BLG-1482,BLG18K0706.039109,17:42:14.87,-26:01:11.50,9394.63357,11.0,0.44,19.97,20.0,20.84,2,2.9,
KMT-2021-BLG-1483,BLG19M0803.067083,17:46:09.55,-24:20:44.45,9392.90724,15.71,0.009,20.96,20.0,21.34,2,2.67,
KMT-2021-BLG-1484,BLG34K0106.016510,18:03:44.28,-31:24:23.40,9395.55698,24.13,0.49,19.4,18.68,18.68,1,1.0,
KMT-2021-BLG-1485,BLG34T0804.033328,17:59:34.53,-32:44:25.01,9390.67414,135.81,0.008,23.55,19.61,19.61,1,1.26,
KMT-2021-BLG-1486,BLG41M0402.047181,17:57:00.37,-31:00:22.10,9393.32753,8.6,0.293,19.34,19.24,19.24,1,1.12,
KMT-2021-BLG-1487,BLG41M0501.081297,17:56:32.11,-31:09:52.60,9384.21791,27.41,0.395,20.45,20.0,20.36,1,1.47,
KMT-2021-BLG-1488,BLG41N0802.026975,17:54:42.41,-32:09:09.79,9399.62524,13.49,0.398,19.16,19.24,19.24,1,1.49,
KMT-2021-BLG-1489,BLG41T0502.022797,17:51:14.06,-32:08:56.00,9403.63017,31.33,0.483,20.26,19.74,19.74,1,2.23,
KMT-2021-BLG-1490,BLG42K0304.001989,17:52:36.49,-28:37:32.05,9395.12517,66.11,0.049,21.57,16.61,16.61,4,3.13,
KMT-2021-BLG-1491,BLG01M0704.052992,17:55:27.74,-30:40:49.12,9394.36586,8.08,0.303,19.66,19.77,19.77,1,1.77,
KMT-2021-BLG-1492,BLG01T0102.054923,17:54:06.29,-31:57:18.50,9391.7617,10.38,0.628,19.92,20.0,20.0,1,1.66,
KMT-2021-BLG-1493,BLG02K0606.006197,17:51:12.70,-28:17:52.87,9405.73197,27.86,0.999,18.99,18.91,18.91,2,3.77,
KMT-2021-BLG-1494,BLG02M0802.063189,17:54:47.21,-28:50:24.14,9393.26362,10.25,0.346,20.58,20.0,20.13,2,1.89,
KMT-2021-BLG-1495,BLG03K0601.052465,17:58:33.47,-27:50:35.92,9401.0405,27.95,0.197,21.22,19.96,19.96,1,2.63,
KMT-2021-BLG-1496,BLG03N0504.011686,18:04:10.88,-28:36:49.90,9428.71844,36.92,0.488,18.5,17.76,17.76,1,0.89,
KMT-2021-BLG-1497,BLG03T0405.094683,18:00:02.52,-28:29:10.28,9395.51863,11.44,0.487,19.94,20.0,20.39,1,1.27,
KMT-2021-BLG-1498,BLG03T0407.034346,17:59:58.55,-28:11:34.30,9395.88101,16.99,0.093,20.66,18.72,18.72,1,1.26,
KMT-2021-BLG-1499,SAO04T0501.073242,18:01:07.22,-31:05:41.39,9392.2938,6.34,0.023,19.95,20.0,20.79,1,1.44,
KMT-2021-BLG-1500,BLG11N0204.093675,17:31:15.32,-30:36:39.92,9386.05782,22.78,0.382,21.19,20.0,25.0,3,2.87,
KMT-2021-BLG-1501,BLG15M0301.056217,17:39:55.95,-26:38:54.28,9435.38627,110.97,0.316,19.99,20.0,21.14,2,2.76,
KMT-2021-BLG-1502,BLG15N0302.083417,17:39:51.40,-27:38:40.70,9393.68226,13.24,0.188,20.71,20.0,21.88,2,3.01,
KMT-2021-BLG-1503,BLG16M0406.022544,17:39:40.81,-23:51:06.73,9396.65292,7.22,0.217,19.99,20.0,20.0,2,1.95,
KMT-2021-BLG-1504,BLG16N0206.016501,17:40:54.69,-24:59:38.11,9396.20662,36.74,0.043,21.52,19.36,19.36,1,2.38,
KMT-2021-BLG-1505,BLG17N0106.008126,17:49:11.36,-33:35:53.70,9397.34426,18.49,0.287,20.72,17.94,17.94,1,1.5,
KMT-2021-BLG-1506,BLG17N0203.021468,17:48:33.70,-33:59:27.71,9396.06035,36.8,0.454,20.45,18.91,18.91,1,1.43,
KMT-2021-BLG-1507,BLG18T0308.093177,17:44:17.52,-26:54:37.55,9392.87386,53.45,0.117,22.59,20.0,25.0,3,3.33,
KMT-2021-BLG-1508,BLG18T0801.006251,17:41:23.67,-27:45:19.08,9393.61792,4.09,0.706,18.65,18.57,18.57,2,3.5,
KMT-2021-BLG-1509,SAO19T0102.002778,17:45:53.00,-25:29:38.33,9430.28154,73.23,0.374,17.59,17.61,17.61,2,3.03,
KMT-2021-BLG-1510,BLG19T0501.104548,17:43:10.99,-25:38:26.56,9394.74771,24.04,0.017,22.88,20.0,25.0,3,2.81,
KMT-2021-BLG-1511,BLG20N0603.059627,17:47:23.20,-23:13:53.80,9399.24806,22.27,0.098,20.46,20.0,20.31,1,1.49,
KMT-2021-BLG-1512,BLG20T0603.059199,17:42:54.84,-23:20:12.77,9393.02362,5.59,0.226,19.99,20.0,21.24,3,1.85,
KMT-2021-BLG-1513,BLG22M0603.000805,17:55:55.44,-32:51:22.39,9459.40195,37.31,0.72,15.64,15.26,15.26,1,1.34,MB21232
KMT-2021-BLG-1514,BLG22N0302.071831,17:57:51.09,-34:07:26.80,9396.81465,6.94,0.141,20.32,20.0,20.64,1,0.78,
KMT-2021-BLG-1515,BLG22N0605.053238,17:56:14.43,-33:43:04.19,9395.20951,16.6,0.41,19.89,19.94,19.94,1,1.02,
KMT-2021-BLG-1516,BLG22T0208.065361,17:53:12.86,-33:22:08.80,9393.7858,12.34,0.193,20.23,20.0,20.37,1,1.48,
KMT-2021-BLG-1517,BLG22T0408.000550,17:51:53.41,-33:24:32.36,9413.44522,16.55,0.335,15.09,15.07,15.07,2,1.59,
KMT-2021-BLG-1518,BLG31T0108.044354,18:13:12.54,-25:57:15.52,9409.15617,24.08,0.113,19.95,19.88,19.88,1,1.29,MB21240
KMT-2021-BLG-1519,BLG34N0807.005779,18:04:21.33,-32:25:18.59,9426.75601,49.18,0.032,19.59,17.95,17.95,1,0.81,MB21264
KMT-2021-BLG-1520,BLG34T0604.031913,18:00:29.48,-32:48:34.60,9399.47143,87.9,0.002,22.04,19.32,19.32,1,0.88,MB21218
KMT-2021-BLG-1521,BLG35N0104.026215,18:08:44.98,-26:26:31.70,9393.85913,21.37,0.12,21.38,18.97,18.97,1,1.22,
KMT-2021-BLG-1522,BLG35T0308.005449,18:02:37.02,-25:59:32.06,9395.28829,130.76,0.031,23.57,18.92,18.92,2,3.19,
KMT-2021-BLG-1523,BLG41K0202.022611,17:53:02.69,-31:01:00.91,9392.86489,5.38,0.709,19.14,18.95,18.95,1,2.01,
KMT-2021-BLG-1524,BLG42M0502.039217,17:56:19.69,-28:51:02.41,9412.66187,27.05,0.189,19.53,19.22,19.22,1,2.07,MB21257
KMT-2021-BLG-1525,BLG42M0808.027587,17:54:31.53,-28:10:00.73,9395.10161,57.84,0.051,23.21,20.0,20.54,2,2.97,
KMT-2021-BLG-1526,BLG42N0802.094157,17:54:17.30,-30:03:11.92,9392.77146,6.51,0.22,19.86,19.97,19.97,1,1.37,
KMT-2021-BLG-1527,BLG03M0303.024262,18:05:05.88,-27:34:06.10,9392.60654,7.71,0.232,21.24,18.52,18.52,1,1.0,
KMT-2021-BLG-1528,SAO15T0503.089532,17:34:23.01,-27:31:20.42,9397.02835,83.87,0.053,22.3,20.0,25.0,3,3.34,
KMT-2021-BLG-1529,BLG16M0106.005102,17:41:01.85,-23:56:30.55,9406.27589,169.05,0.029,21.52,18.34,18.34,2,1.82,
KMT-2021-BLG-1530,BLG17M0306.006766,17:48:15.05,-32:27:22.32,9398.36076,23.39,0.493,19.72,19.76,19.76,4,3.95,
KMT-2021-BLG-1531,BLG18K0305.025937,17:44:21.96,-26:04:49.73,9403.77025,43.53,0.133,21.16,20.0,20.5,2,2.99,
KMT-2021-BLG-1532,SAO19K0307.029022,17:44:15.82,-23:48:13.79,9393.05024,53.57,0.273,20.71,19.27,19.27,1,1.56,
KMT-2021-BLG-1533,BLG21T0105.015522,17:54:04.42,-35:50:27.20,9394.44891,6.7,0.332,18.78,18.68,18.68,1,0.57,
KMT-2021-BLG-1534,BLG31N0206.034680,18:17:15.62,-26:10:31.69,9402.8725,49.97,0.296,20.63,19.41,19.41,1,0.81,
KMT-2021-BLG-1535,BLG33K0702.034790,18:09:08.51,-29:47:36.71,9411.68448,28.19,0.694,19.21,19.25,19.25,1,0.71,
KMT-2021-BLG-1536,BLG34K0207.040592,18:02:48.29,-31:20:16.51,9400.09016,21.07,0.579,19.23,19.46,19.46,1,1.03,
KMT-2021-BLG-1537,BLG01M0301.019806,17:57:37.82,-31:02:47.51,9397.98775,5.91,0.606,18.73,18.72,18.72,1,1.18,
KMT-2021-BLG-1538,BLG04K0606.054311,18:00:29.56,-29:20:02.40,9396.50054,10.49,0.024,21.0,19.39,19.39,1,1.25,MB21215
KMT-2021-BLG-1539,BLG13N0403.059791,17:37:33.84,-35:06:15.62,9402.91979,45.58,0.005,21.03,20.0,21.83,2,2.74,
KMT-2021-BLG-1540,BLG14K0204.099407,17:35:41.64,-28:25:16.07,9392.96362,18.06,0.298,21.54,20.0,22.77,2,3.26,
KMT-2021-BLG-1541,BLG18T0604.052889,17:42:45.88,-27:19:51.42,9394.27454,6.95,0.101,22.08,20.0,21.47,2,3.4,
KMT-2021-BLG-1542,BLG19M0405.020596,17:48:31.79,-24:00:05.83,9409.96322,13.16,0.405,19.4,19.6,19.6,2,2.15,
KMT-2021-BLG-1543,BLG19T0307.012403,17:44:29.32,-24:57:29.34,9396.4241,8.25,0.303,21.06,19.84,19.84,2,2.88,
KMT-2021-BLG-1544,BLG22M0506.062412,17:56:32.90,-32:26:39.59,9398.06371,32.1,0.048,21.45,20.0,20.2,1,1.51,MB21224
KMT-2021-BLG-1545,BLG31T0502.025295,18:10:47.98,-26:44:32.10,9408.61066,40.56,0.371,19.85,18.9,18.9,1,1.11,
KMT-2021-BLG-1546,BLG32T0702.071946,18:07:37.05,-28:45:35.71,9396.78211,18.86,0.18,21.02,20.0,20.24,1,0.98,
KMT-2021-BLG-1547,BLG33K0708.029577,18:09:35.90,-29:05:02.18,9407.26474,39.58,0.002,20.31,19.09,19.09,1,0.83,MB21228
KMT-2021-BLG-1548,BLG33M0505.004026,18:15:12.22,-29:24:07.88,9454.39457,49.83,0.873,17.21,17.25,17.25,1,0.46,
KMT-2021-BLG-1549,SAO37K0505.002965,17:41:52.04,-34:48:09.14,9473.48858,69.99,0.723,17.13,17.18,17.18,2,1.91,
KMT-2021-BLG-1550,BLG37K0603.107501,17:41:06.36,-34:58:08.22,9455.98495,0.5,0.291,20.21,20.0,25.0,3,2.03,
KMT-2021-BLG-1551,BLG38T0801.041597,17:50:49.07,-23:34:50.38,9394.41826,17.6,0.049,22.71,20.0,20.93,2,2.3,
KMT-2021-BLG-1552,BLG41N0505.065961,17:56:36.96,-31:48:46.19,9400.04745,11.45,0.431,20.03,20.0,20.02,1,1.5,
KMT-2021-BLG-1553,BLG41N0607.039447,17:55:54.97,-31:32:07.01,9391.82804,192.99,0.015,25.1,19.41,19.41,1,1.57,
KMT-2021-BLG-1554,BLG41T0504.068851,17:51:12.82,-31:51:51.70,9394.75308,6.28,0.038,22.14,20.0,22.39,2,2.95,
KMT-2021-BLG-1555,BLG02K0301.028891,17:52:55.38,-28:51:41.29,9396.08901,8.86,0.003,21.83,19.72,19.72,2,2.7,MB21212
KMT-2021-BLG-1556,BLG03T0105.067001,18:01:41.46,-28:25:32.09,9394.07319,196.4,0.014,24.73,19.4,19.4,1,1.0,
KMT-2021-BLG-1557,BLG14M0207.082380,17:40:30.31,-27:59:15.61,9400.85371,17.18,0.017,21.46,20.0,22.6,2,3.93,
KMT-2021-BLG-1558,BLG14M0706.069269,17:37:54.81,-28:09:45.18,9336.75322,6.32,0.961,19.54,20.0,21.96,2,3.6,
KMT-2021-BLG-1559,BLG18K0406.039518,17:43:55.04,-25:59:38.69,9397.33616,45.48,0.002,22.96,20.0,20.83,2,2.99,
KMT-2021-BLG-1560,BLG21K0206.024900,17:53:11.25,-34:35:24.11,9411.5186,29.8,0.498,18.88,18.88,18.88,1,0.83,MB21251
KMT-2021-BLG-1561,BLG02M0706.052934,17:55:26.51,-28:15:15.48,9397.93173,6.57,0.14,21.05,20.0,20.64,2,2.45,
KMT-2021-BLG-1562,BLG02T0205.005710,17:53:21.76,-29:31:45.41,9411.3915,5.74,0.735,16.45,16.48,16.48,1,1.97,MB21242
KMT-2021-BLG-1563,BLG03K0708.003581,17:58:28.73,-26:54:22.21,9400.84442,121.63,0.024,23.12,18.03,18.03,2,3.0,
KMT-2021-BLG-1564,BLG03M0303.008256,18:05:19.95,-27:34:52.50,9403.71583,14.95,0.316,20.38,17.46,17.46,1,0.82,
KMT-2021-BLG-1565,BLG03M0706.018708,18:03:03.25,-27:13:59.92,9404.29858,17.72,0.066,20.53,19.46,19.46,1,2.49,MB21234
KMT-2021-BLG-1566,BLG03N0402.089119,18:04:30.57,-28:47:06.90,9407.35937,22.26,0.146,19.95,20.0,20.19,1,0.78,MB21247
KMT-2021-BLG-1567,BLG03T0403.087633,17:59:54.16,-28:40:53.80,9400.1591,4.61,0.133,20.32,19.81,19.81,1,1.27,
KMT-2021-BLG-1568,BLG04T0801.002035,17:59:19.84,-31:00:06.80,9399.62163,5.96,0.974,18.54,16.33,16.33,1,1.88,
KMT-2021-BLG-1569,BLG11K0206.051034,17:26:46.07,-29:09:43.24,9399.75649,58.49,0.143,21.0,20.0,20.73,2,1.96,
KMT-2021-BLG-1570,BLG11K0806.035411,17:23:14.98,-29:08:35.12,9396.00771,18.97,0.747,19.89,20.0,20.64,2,1.79,
KMT-2021-BLG-1571,BLG11M0203.011620,17:31:38.42,-29:31:05.56,9399.70693,8.09,0.289,20.85,19.66,19.66,2,2.87,
KMT-2021-BLG-1572,BLG11M0203.017091,17:31:32.82,-29:34:02.93,9407.18518,14.96,0.205,20.18,20.0,20.16,2,2.93,
KMT-2021-BLG-1573,BLG11M0806.032476,17:28:11.25,-29:14:34.30,9397.266,29.19,0.004,22.98,19.79,19.79,1,1.76,
KMT-2021-BLG-1574,BLG11M0806.062177,17:28:06.41,-29:09:04.54,9399.06404,11.37,0.047,20.72,20.0,20.64,2,1.72,
KMT-2021-BLG-1575,BLG11N0804.076902,17:28:02.38,-30:38:16.91,9398.61638,20.28,0.037,22.4,20.0,22.4,2,3.11,
KMT-2021-BLG-1576,BLG12N0701.003493,17:28:19.22,-28:47:27.49,9409.57698,25.14,0.494,17.5,17.4,17.4,2,1.93,
KMT-2021-BLG-1577,BLG14N0807.089833,17:37:06.61,-29:08:17.81,9400.28905,46.85,0.069,23.16,20.0,22.3,2,3.43,
KMT-2021-BLG-1578,BLG14T0307.014574,17:35:32.11,-29:07:44.69,9403.18607,17.98,0.174,21.19,20.0,20.3,2,3.3,
KMT-2021-BLG-1579,BLG14T0705.014084,17:32:44.71,-29:23:57.73,9400.29347,20.92,0.007,21.8,19.84,19.84,4,2.76,
KMT-2021-BLG-1580,BLG14T0707.043474,17:33:02.77,-29:07:50.16,9405.88202,162.53,0.002,25.35,20.0,20.81,2,2.75,
KMT-2021-BLG-1581,BLG15M0508.006286,17:38:48.82,-25:45:31.93,9411.45568,93.44,0.023,22.27,19.91,19.91,2,3.72,
KMT-2021-BLG-1582,BLG15N0206.062226,17:40:32.62,-27:06:55.87,9404.48591,15.17,0.123,20.89,20.0,21.26,2,2.99,
KMT-2021-BLG-1583,BLG15N0405.046660,17:39:37.23,-27:18:38.99,9406.48799,48.12,0.056,21.06,20.0,20.76,2,2.87,
KMT-2021-BLG-1584,BLG16M0305.033373,17:40:16.44,-24:04:31.40,9402.35198,8.96,0.262,20.04,20.0,20.41,2,1.97,
KMT-2021-BLG-1585,BLG17M0106.038107,17:49:15.38,-32:27:00.14,9410.77536,24.88,0.205,21.33,20.0,21.08,2,2.97,
KMT-2021-BLG-1586,BLG18K0602.006251,17:42:32.80,-26:30:25.45,9399.21012,6.27,0.565,19.54,18.29,18.29,2,3.09,
KMT-2021-BLG-1587,BLG18K0704.030307,17:42:26.81,-26:15:05.44,9399.3752,18.73,0.002,22.94,20.0,20.79,2,3.23,
KMT-2021-BLG-1588,BLG18K0804.059352,17:41:50.21,-26:16:20.46,9400.38368,30.84,0.077,22.4,20.0,21.67,2,3.45,
KMT-2021-BLG-1589,BLG19K0602.021062,17:43:03.03,-24:28:25.61,9403.51261,25.54,0.194,20.0,19.23,19.23,1,1.97,
KMT-2021-BLG-1590,BLG20N0701.056986,17:47:00.67,-23:33:45.00,9397.96611,10.25,0.296,20.83,20.0,20.19,1,1.71,
KMT-2021-BLG-1591,BLG22T0301.002297,17:52:58.44,-34:18:10.40,9403.70654,49.55,0.101,21.13,16.53,16.53,1,1.4,
KMT-2021-BLG-1592,BLG31N0208.010294,18:17:13.21,-25:57:04.39,9418.96218,14.37,0.684,18.17,18.16,18.16,1,0.82,MB21268
KMT-2021-BLG-1593,BLG32K0402.010427,18:08:50.27,-27:44:05.60,9421.31434,52.21,0.128,18.74,17.98,17.98,1,1.19,MB21220
KMT-2021-BLG-1594,BLG35M0202.018404,18:08:07.79,-25:35:46.90,9402.69054,11.75,0.09,21.5,18.87,18.87,1,1.5,
KMT-2021-BLG-1595,BLG35N0604.078505,18:06:10.16,-26:25:52.90,9397.85881,17.77,0.839,19.03,20.0,20.51,1,1.64,
KMT-2021-BLG-1596,BLG35N0805.058880,18:04:38.79,-26:22:18.66,9403.73954,31.89,0.131,21.36,20.0,21.07,2,1.78,
KMT-2021-BLG-1597,BLG35T0101.050503,18:04:14.26,-26:51:22.10,9400.02246,17.58,0.02,21.64,19.88,19.88,1,1.47,
KMT-2021-BLG-1598,BLG36N0107.002366,18:19:59.69,-23:58:01.09,9396.22612,23.07,0.2,20.5,16.61,16.61,1,0.73,
KMT-2021-BLG-1599,BLG36T0201.013632,18:15:04.27,-24:44:55.50,9424.1585,128.56,0.021,24.38,18.85,18.85,1,1.51,
KMT-2021-BLG-1600,BLG36T0408.018016,18:13:40.09,-23:49:20.42,9408.65205,54.86,0.097,21.33,19.98,19.98,4,2.03,
KMT-2021-BLG-1601,BLG42N0404.074938,17:57:03.24,-29:48:31.10,9409.68435,25.84,0.447,20.02,20.0,20.05,1,1.71,
KMT-2021-BLG-1602,BLG42N0604.012302,17:55:46.68,-29:47:57.70,9409.8648,21.11,0.046,20.02,17.67,17.67,1,1.4,MB21256
KMT-2021-BLG-1603,BLG42N0803.067002,17:54:18.45,-29:57:07.31,9401.00222,5.35,0.068,19.94,19.29,19.29,1,1.43,
KMT-2021-BLG-1604,BLG43M0305.037023,18:04:48.25,-27:30:07.88,9401.66229,41.85,0.163,21.5,18.9,18.9,1,0.96,
KMT-2021-BLG-1605,BLG43T0405.081172,17:59:28.89,-28:30:08.78,9398.84765,3.47,0.172,20.14,19.75,19.75,1,1.43,
KMT-2021-BLG-1606,BLG01K0502.029521,17:51:42.51,-30:53:22.60,9405.89914,15.32,0.144,19.93,19.48,19.48,1,2.35,MB21241
KMT-2021-BLG-1607,BLG02K0103.054144,17:54:10.89,-28:39:12.10,9401.37278,25.96,0.005,22.59,20.0,20.42,2,2.31,
KMT-2021-BLG-1608,BLG02T0406.026619,17:52:28.76,-29:24:13.79,9403.01252,14.76,0.16,20.79,19.12,19.12,1,2.56,
KMT-2021-BLG-1609,BLG11K0805.026270,17:22:54.18,-29:19:18.98,9410.16417,20.27,0.389,19.93,20.0,20.3,2,1.98,
KMT-2021-BLG-1610,BLG13N0706.026547,17:35:40.79,-34:47:01.82,9404.35033,24.99,0.571,20.05,20.0,21.37,2,3.12,
KMT-2021-BLG-1611,BLG14M0308.040053,17:39:58.00,-27:57:00.29,9400.18113,8.4,0.185,22.47,20.0,21.19,2,3.47,
KMT-2021-BLG-1612,BLG15K0501.032466,17:33:58.01,-26:38:36.28,9425.0539,44.15,0.059,20.72,20.0,20.48,2,2.35,
KMT-2021-BLG-1613,BLG15T0407.010075,17:34:45.69,-27:04:44.29,9398.94456,121.13,0.035,23.86,18.52,18.52,1,1.96,
KMT-2021-BLG-1614,BLG15T0701.029364,17:33:04.95,-27:48:23.44,9401.32236,50.79,0.151,22.18,20.0,20.68,2,2.66,
KMT-2021-BLG-1615,BLG32T0702.058693,18:07:13.68,-28:48:07.81,9399.8152,22.23,0.069,22.76,19.78,19.78,1,0.96,
KMT-2021-BLG-1616,BLG35T0401.012976,18:02:20.67,-26:46:24.10,9405.0941,6.87,0.734,18.85,18.92,18.92,2,2.35,
KMT-2021-BLG-1617,BLG36K0104.002109,18:15:23.75,-23:10:54.41,9417.78323,28.41,1.0,18.4,16.45,16.45,1,1.47,
KMT-2021-BLG-1618,BLG38T0507.029755,17:52:17.33,-22:48:05.18,9399.12284,34.62,0.032,20.13,19.93,19.93,1,2.07,
KMT-2021-BLG-1619,BLG41M0407.041842,17:56:57.55,-30:24:06.91,9408.0678,47.12,0.295,21.3,19.85,19.85,1,2.06,
KMT-2021-BLG-1620,BLG01N0506.000342,17:56:41.95,-31:26:31.49,9414.32406,6.63,0.107,14.25,14.26,14.26,1,1.36,MB21227
KMT-2021-BLG-1621,BLG04N0106.025115,18:08:10.56,-30:22:07.90,9404.90882,8.38,0.549,19.07,19.08,19.08,1,0.78,
KMT-2021-BLG-1622,BLG11M0601.008865,17:29:19.47,-29:51:23.98,9406.51916,9.7,0.26,18.87,18.89,18.89,2,2.12,
KMT-2021-BLG-1623,BLG12N0603.009738,17:29:20.41,-28:37:45.48,9401.14345,21.39,0.195,21.02,18.94,18.94,2,2.12,
KMT-2021-BLG-1624,BLG17K0404.015571,17:42:19.36,-32:41:46.61,9403.94811,13.24,0.013,21.85,20.0,20.65,2,4.39,
KMT-2021-BLG-1625,BLG17M0501.090147,17:46:46.50,-33:10:06.64,9421.8671,39.94,0.454,20.22,20.0,25.0,3,2.42,
KMT-2021-BLG-1626,BLG18K0303.071699,17:44:19.15,-26:21:07.49,9403.73564,24.38,0.181,21.75,20.0,21.77,2,3.19,
KMT-2021-BLG-1627,BLG19K0703.042909,17:42:18.73,-24:17:33.40,9405.13831,5.66,0.256,19.64,19.75,19.75,1,1.88,
KMT-2021-BLG-1628,BLG20T0108.010423,17:45:50.73,-22:36:03.71,9403.58087,9.71,0.064,19.49,18.8,18.8,1,1.92,
KMT-2021-BLG-1629,BLG32N0704.000764,18:12:15.22,-28:34:26.90,9401.8908,117.88,0.021,20.67,14.79,14.79,1,0.55,
KMT-2021-BLG-1630,BLG32T0108.035167,18:10:34.57,-28:03:40.00,9406.46219,8.03,0.144,19.11,18.99,18.99,1,0.72,MB21236
KMT-2021-BLG-1631,BLG37N0605.001805,17:46:25.84,-35:48:33.52,9404.49209,2.46,0.657,16.13,16.15,16.15,1,1.24,
KMT-2021-BLG-1632,BLG37N0606.038736,17:46:14.86,-35:44:46.39,9412.66666,36.23,0.049,20.09,19.81,19.81,1,1.17,
KMT-2021-BLG-1633,BLG38N0708.006948,17:55:49.40,-22:42:57.92,9407.81459,15.24,0.821,19.26,19.25,19.25,4,3.72,
KMT-2021-BLG-1634,BLG41K0602.002292,17:50:48.87,-31:01:34.36,9416.53198,31.3,0.41,19.33,17.27,17.27,2,2.97,
KMT-2021-BLG-1635,BLG41K0606.036705,17:50:38.25,-30:30:50.40,9410.20123,53.25,0.091,22.06,19.8,19.8,1,2.49,
KMT-2021-BLG-1636,BLG42K0301.012572,17:52:36.55,-29:03:53.71,9425.24267,40.62,0.695,18.22,18.03,18.03,1,2.77,
KMT-2021-BLG-1637,BLG43M0304.082530,18:04:52.39,-27:30:51.80,9401.45005,47.86,0.013,22.98,19.99,19.99,1,0.96,
KMT-2021-BLG-1638,BLG01K0407.034295,17:52:10.33,-30:15:57.89,9402.53148,21.18,0.084,22.84,19.26,19.26,1,1.94,
KMT-2021-BLG-1639,BLG02K0104.064909,17:54:08.29,-28:30:52.63,9415.80543,50.79,0.026,20.58,20.0,20.75,2,2.38,MB21260
KMT-2021-BLG-1640,SAO02T0107.078044,17:53:49.78,-29:14:37.50,9406.89992,7.39,0.106,19.66,19.69,19.69,1,1.84,MB21238
KMT-2021-BLG-1641,BLG02T0308.038020,17:53:05.15,-29:10:37.99,9414.72269,54.9,0.416,19.89,19.24,19.24,1,2.27,
KMT-2021-BLG-1642,BLG02T0508.035711,17:51:50.40,-29:07:39.40,9405.02226,19.48,0.371,20.08,20.0,20.41,1,3.35,
KMT-2021-BLG-1643,SAO04T0205.025402,18:02:32.53,-30:36:18.68,9402.28811,199.71,0.008,23.01,18.91,18.91,1,1.16,MB21229
KMT-2021-BLG-1644,BLG14M0308.016144,17:40:12.74,-27:50:20.36,9403.22569,18.45,0.193,21.91,20.0,20.1,2,3.24,
KMT-2021-BLG-1645,BLG15K0601.000781,17:33:23.33,-26:41:15.11,9405.85313,21.48,0.102,20.97,16.61,16.61,2,2.5,
KMT-2021-BLG-1646,BLG15M0106.006372,17:41:00.02,-26:00:12.71,9404.09387,9.1,0.78,19.93,18.91,18.91,2,2.93,
KMT-2021-BLG-1647,BLG15N0102.093162,17:40:57.26,-27:41:16.66,9403.3688,27.15,0.053,22.39,20.0,22.05,2,3.33,
KMT-2021-BLG-1648,BLG15N0303.096049,17:39:58.98,-27:34:30.22,9401.53491,5.89,0.72,19.94,20.0,22.1,2,2.94,
KMT-2021-BLG-1649,BLG15N0608.005484,17:38:18.17,-26:53:32.64,9410.9673,11.69,0.903,18.66,18.64,18.64,2,3.18,
KMT-2021-BLG-1650,BLG15N0704.052911,17:37:58.60,-27:22:00.16,9406.23117,19.9,0.109,21.69,20.0,21.43,2,3.18,
KMT-2021-BLG-1651,BLG16M0304.025667,17:40:10.72,-24:10:14.27,9415.14606,16.3,0.202,20.17,20.0,20.05,2,1.98,
KMT-2021-BLG-1652,SAO17K0602.024433,17:41:28.95,-33:00:23.47,9402.93663,18.61,0.07,22.72,20.0,21.38,2,3.99,
KMT-2021-BLG-1653,BLG19T0701.013712,17:42:23.72,-25:40:38.14,9403.64208,15.59,1.0,18.89,19.41,19.41,2,2.34,
KMT-2021-BLG-1654,BLG21K0305.063159,17:52:42.41,-34:47:49.42,9402.10731,14.51,0.193,21.68,20.0,20.15,1,0.83,
KMT-2021-BLG-1655,SSO22K0203.007565,17:53:15.94,-32:56:04.09,9402.0615,79.29,0.004,23.9,17.9,17.9,1,1.6,
KMT-2021-BLG-1656,SAO22T0703.002427,17:50:01.95,-33:58:10.52,9414.94827,14.43,0.271,16.68,16.67,16.67,2,1.4,MB21221
KMT-2021-BLG-1657,BLG31N0804.044106,18:13:52.57,-26:27:02.92,9407.92983,47.88,0.502,19.74,19.68,19.68,1,0.88,
KMT-2021-BLG-1658,BLG36K0605.003196,18:12:27.37,-23:03:27.76,9473.98411,89.11,0.454,18.4,18.36,18.36,4,3.12,
KMT-2021-BLG-1659,SSO42K0201.000308,17:52:50.31,-28:59:04.49,9412.63945,12.1,0.106,14.05,14.06,14.06,1,2.76,MB21226
KMT-2021-BLG-1660,BLG43K0401.013503,17:59:45.53,-27:56:20.69,9395.21711,56.62,0.209,20.82,18.17,18.17,1,1.74,
KMT-2021-BLG-1661,BLG43K0401.017102,17:59:37.23,-28:00:05.51,9438.83285,74.93,0.064,18.93,18.44,18.44,1,1.84,MB21309
KMT-2021-BLG-1662,SAO43K0406.018500,17:59:32.50,-27:22:42.89,9401.53611,0.64,0.279,20.49,18.67,18.67,1,2.22,
KMT-2021-BLG-1663,BLG02M0301.039226,17:57:48.08,-28:55:16.61,9401.9715,21.17,0.744,18.83,18.86,18.86,1,1.41,
KMT-2021-BLG-1664,BLG03N0405.006038,18:04:35.78,-28:24:16.31,9458.70755,198.58,0.256,20.02,16.99,16.99,1,0.97,
KMT-2021-BLG-1665,BLG03T0208.086609,18:01:15.19,-28:06:57.60,9403.21539,10.84,0.176,21.09,19.97,19.97,1,1.22,
KMT-2021-BLG-1666,BLG04M0703.071627,18:04:57.78,-29:41:01.90,9406.71644,69.55,0.071,21.78,19.9,19.9,1,0.83,
KMT-2021-BLG-1667,BLG04T0705.015727,17:59:56.94,-30:35:10.10,9404.61484,75.71,0.008,21.96,18.42,18.42,1,1.25,
KMT-2021-BLG-1668,SAO13M0507.046802,17:37:20.34,-33:25:51.24,9404.92894,17.78,0.013,21.34,20.0,22.1,2,3.34,
KMT-2021-BLG-1669,BLG14K0801.068499,17:32:09.96,-28:48:16.70,9407.6722,15.89,0.062,21.88,20.0,21.98,3,2.89,
KMT-2021-BLG-1670,BLG14M0305.047541,17:40:13.04,-28:18:39.02,9444.33864,70.28,0.038,20.7,20.0,21.34,2,3.89,
KMT-2021-BLG-1671,BLG15N0207.009718,17:40:41.80,-27:00:37.44,9419.61874,45.71,0.504,20.27,19.34,19.34,2,3.0,
KMT-2021-BLG-1672,BLG15T0104.024950,17:36:26.32,-27:23:54.60,9421.49349,18.03,0.177,20.01,19.68,19.68,1,2.47,
KMT-2021-BLG-1673,BLG17M0604.003538,17:46:28.74,-32:41:24.50,9428.31074,52.12,0.868,19.47,19.46,19.46,2,4.5,
KMT-2021-BLG-1674,BLG18K0403.010411,17:44:08.88,-26:24:46.12,9430.07563,52.55,0.058,19.23,19.27,19.27,2,3.4,
KMT-2021-BLG-1675,BLG18T0208.016107,17:45:01.40,-26:54:43.78,9406.89714,61.14,0.016,22.94,20.0,20.05,2,3.44,
KMT-2021-BLG-1676,BLG19K0707.024591,17:42:22.48,-23:47:58.49,9408.99155,18.37,0.031,20.34,19.61,19.61,1,1.82,
KMT-2021-BLG-1677,BLG19M0406.018534,17:48:31.59,-23:58:21.14,9402.70973,2.13,0.192,20.98,19.63,19.63,2,2.15,
KMT-2021-BLG-1678,BLG22K0604.028212,17:50:45.31,-32:48:02.20,9406.1712,15.09,0.198,21.08,19.64,19.64,1,2.12,
KMT-2021-BLG-1679,BLG22N0502.049844,17:56:28.10,-34:04:42.49,9403.81691,2.3,0.331,19.49,19.75,19.75,1,0.85,MB21237
KMT-2021-BLG-1680,BLG31N0202.038741,18:17:22.12,-26:42:04.72,9405.67786,10.44,0.387,20.22,19.66,19.66,1,0.78,
KMT-2021-BLG-1681,BLG32M0306.001350,18:14:16.25,-27:08:01.79,9432.93562,45.54,0.628,17.98,15.34,15.34,1,0.71,MB21267
KMT-2021-BLG-1682,BLG34M0503.008086,18:06:12.78,-31:47:12.88,9400.02343,56.75,0.04,23.17,18.14,18.14,2,0.79,
KMT-2021-BLG-1683,BLG35K0204.043134,18:03:30.73,-25:20:32.50,9404.77914,4.03,0.188,20.46,20.0,21.13,2,2.95,
KMT-2021-BLG-1684,BLG36K0505.009517,18:13:04.58,-23:08:19.32,9406.43144,26.37,0.27,20.37,19.55,19.55,4,2.5,
KMT-2021-BLG-1685,BLG36K0608.010432,18:12:46.65,-22:42:42.84,9428.58547,46.83,0.553,19.46,19.45,19.45,4,2.04,
KMT-2021-BLG-1686,BLG37M0703.019409,17:45:37.09,-34:56:56.40,9415.05409,11.92,0.268,18.93,18.9,18.9,1,1.32,MB21262
KMT-2021-BLG-1687,BLG41K0801.028999,17:49:49.12,-31:07:07.46,9403.66048,0.96,0.198,20.79,20.0,21.79,2,3.91,
KMT-2021-BLG-1688,BLG01K0107.024856,17:54:00.48,-30:18:39.89,9406.23933,2.81,0.538,18.69,19.01,19.01,4,1.61,
KMT-2021-BLG-1689,BLG01M0208.020054,17:58:18.62,-30:08:43.12,9409.25685,32.59,0.004,21.81,18.82,18.82,1,1.5,MB21258
KMT-2021-BLG-1690,BLG01T0204.033446,17:53:37.74,-31:44:21.59,9405.31251,4.22,0.061,21.53,19.43,19.43,1,1.85,
KMT-2021-BLG-1691,BLG02K0307.054382,17:52:45.67,-28:07:04.94,9405.97003,111.15,0.009,24.64,20.0,21.89,2,3.99,
KMT-2021-BLG-1692,BLG02M0806.001663,17:54:45.20,-28:19:39.00,9418.41246,10.52,0.707,16.5,16.51,16.51,2,2.67,MB21281
KMT-2021-BLG-1693,BLG02T0308.065517,17:52:53.32,-29:11:54.60,9412.0452,27.0,0.037,19.8,19.91,19.91,1,2.46,MB21261
KMT-2021-BLG-1694,BLG02T0808.023316,17:49:44.27,-29:05:35.20,9412.7213,103.7,0.048,21.92,20.0,21.66,3,5.44,
KMT-2021-BLG-1695,BLG03K0508.008621,17:59:18.96,-26:53:17.30,9407.34986,198.02,0.028,23.47,18.15,18.15,1,3.02,
KMT-2021-BLG-1696,SAO03K0608.047830,17:58:50.98,-26:58:25.10,9406.56935,35.41,0.003,23.12,20.0,20.57,1,2.76,
KMT-2021-BLG-1697,BLG03K0805.084136,17:57:32.21,-27:21:49.54,9413.6384,45.93,0.264,20.55,20.0,22.52,2,3.02,
KMT-2021-BLG-1698,BLG04K0504.006693,18:01:15.94,-29:32:59.32,9435.57366,21.02,0.336,17.28,17.29,17.29,1,1.44,MB21271
KMT-2021-BLG-1699,BLG11K0308.030972,17:26:11.74,-28:59:51.00,9415.88742,32.85,0.186,20.49,20.0,20.3,2,1.81,
KMT-2021-BLG-1700,SAO11M0605.061898,17:29:07.73,-29:18:40.79,9406.06337,7.54,0.062,20.46,20.0,20.74,1,2.26,
KMT-2021-BLG-1701,BLG11N0406.027291,17:30:20.31,-30:22:01.74,9418.37313,21.12,0.089,20.05,20.0,20.28,2,2.66,
KMT-2021-BLG-1702,BLG12N0701.043565,17:28:27.27,-28:51:34.27,9405.7039,15.65,0.096,21.84,20.0,20.46,2,1.91,
KMT-2021-BLG-1703,BLG12N0801.061362,17:28:02.64,-28:48:37.76,9407.41775,16.62,0.014,23.43,20.0,21.04,2,1.89,
KMT-2021-BLG-1704,BLG12T0403.001144,17:25:20.03,-28:36:01.04,9405.78429,3.85,0.998,18.3,17.11,17.11,2,2.44,
KMT-2021-BLG-1705,SAO13M0404.038113,17:37:39.08,-33:53:13.67,9404.76791,55.21,0.007,24.04,20.0,21.44,2,3.55,
KMT-2021-BLG-1706,BLG15K0702.042492,17:33:17.75,-26:30:27.29,9406.20385,9.83,0.038,22.56,20.0,21.71,2,2.99,
KMT-2021-BLG-1707,BLG15M0303.003635,17:40:15.01,-26:26:11.72,9428.32438,53.66,0.47,19.5,17.73,17.73,2,2.71,
KMT-2021-BLG-1708,BLG15N0207.033895,17:40:35.99,-26:58:19.99,9406.30078,2.98,0.28,20.17,20.0,20.95,2,3.25,
KMT-2021-BLG-1709,BLG15N0503.035504,17:39:01.75,-27:31:14.23,9404.72657,33.98,0.037,23.55,20.0,20.38,2,2.59,
KMT-2021-BLG-1710,BLG15N0603.024127,17:38:14.32,-27:34:27.26,9405.42116,35.74,0.19,22.16,20.0,20.18,2,2.75,
KMT-2021-BLG-1711,BLG18T0208.086146,17:45:05.13,-26:52:09.80,9405.11255,6.72,0.039,22.88,20.0,22.59,2,3.46,
KMT-2021-BLG-1712,BLG18T0304.009600,17:44:26.09,-27:21:04.93,9434.96719,27.52,0.063,19.66,20.0,20.32,2,4.86,
KMT-2021-BLG-1713,BLG18T0408.061725,17:43:47.20,-26:55:19.20,9421.35904,22.9,0.255,19.76,20.0,21.34,2,3.19,
KMT-2021-BLG-1714,BLG19K0103.024056,17:45:47.09,-24:17:29.90,9431.72984,50.62,0.451,20.47,19.46,19.46,1,2.56,
KMT-2021-BLG-1715,BLG19N0808.020947,17:46:15.05,-24:49:35.80,9411.07358,6.57,1.0,20.0,20.0,20.84,2,3.48,
KMT-2021-BLG-1716,BLG20K0207.015946,17:44:58.68,-21:39:57.60,9426.84384,22.2,0.208,19.76,19.55,19.55,4,1.54,
KMT-2021-BLG-1717,BLG20N0605.023609,17:47:35.47,-23:05:20.90,9406.52282,123.88,0.036,23.4,18.9,18.9,1,1.47,
KMT-2021-BLG-1718,BLG22N0408.049450,17:57:11.70,-33:24:22.39,9415.60802,66.27,0.188,22.4,19.88,19.88,1,1.02,
KMT-2021-BLG-1719,SAO32M0107.014913,18:15:32.35,-27:05:11.40,9407.49246,57.29,0.007,22.47,18.51,18.51,1,0.79,
KMT-2021-BLG-1720,BLG32N0807.013991,18:11:45.83,-28:07:29.21,9411.35159,8.72,0.411,19.75,18.13,18.13,1,0.65,
KMT-2021-BLG-1721,BLG32T0802.008025,18:06:39.43,-28:49:59.70,9421.52819,39.66,0.278,20.26,17.65,17.65,1,0.81,
KMT-2021-BLG-1722,BLG33K0605.067344,18:10:02.89,-29:27:41.18,9410.81608,32.14,0.198,21.55,20.0,20.25,1,0.72,
KMT-2021-BLG-1723,BLG33M0106.002730,18:17:33.51,-29:17:01.57,9419.48792,36.0,0.168,19.81,17.29,17.29,4,0.33,
KMT-2021-BLG-1724,BLG35M0106.040049,18:08:55.58,-25:07:19.42,9405.54534,42.32,0.072,22.7,20.0,20.2,1,2.11,
KMT-2021-BLG-1725,SAO36K0201.032213,18:14:50.91,-23:41:05.21,9404.68375,23.63,0.274,19.85,19.83,19.83,1,1.65,
KMT-2021-BLG-1726,BLG37T0304.050513,17:42:38.52,-35:58:57.18,9424.4414,65.98,0.049,21.85,20.0,21.15,2,1.95,
KMT-2021-BLG-1727,BLG42K0306.082918,17:52:32.87,-28:25:20.46,9408.04696,14.47,0.012,22.14,20.0,25.0,3,3.01,
KMT-2021-BLG-1728,BLG42K0502.069923,17:51:23.93,-28:57:53.53,9405.3993,10.79,0.047,23.01,20.0,25.0,3,4.18,
KMT-2021-BLG-1729,SAO42T0305.018986,17:52:46.05,-29:40:09.59,9412.34649,7.9,0.563,18.36,18.26,18.26,1,2.02,
KMT-2021-BLG-1730,BLG43T0301.097685,18:00:04.79,-29:04:53.51,9405.05012,14.05,0.489,19.99,20.0,20.17,1,0.99,
KMT-2021-BLG-1731,SAO02K0205.054525,17:53:30.44,-28:26:08.92,9421.38665,37.66,0.127,21.12,20.0,20.73,2,2.53,
KMT-2021-BLG-1732,BLG02M0405.029462,17:56:59.88,-28:25:55.49,9417.667,20.82,0.283,19.94,18.93,18.93,1,1.81,
KMT-2021-BLG-1733,BLG02N0603.004966,17:56:01.13,-29:46:31.30,9409.39113,3.08,0.996,17.64,16.32,16.32,1,1.53,
KMT-2021-BLG-1734,BLG03K0308.034264,18:00:36.58,-26:57:29.99,9426.29499,24.11,0.47,19.96,20.0,20.11,1,2.91,
KMT-2021-BLG-1735,BLG03K0802.011188,17:57:26.83,-27:44:45.38,9414.59794,60.04,0.056,22.38,19.55,19.55,2,3.5,
KMT-2021-BLG-1736,BLG03T0306.063196,18:00:39.24,-28:18:10.58,9405.4854,55.74,0.025,23.14,19.32,19.32,1,1.21,
KMT-2021-BLG-1737,BLG04K0701.075452,17:59:50.61,-29:55:49.51,9412.5816,42.46,0.172,21.43,19.85,19.85,1,1.25,
KMT-2021-BLG-1738,BLG04N0207.047405,18:07:45.40,-30:16:23.09,9409.20922,69.32,0.115,21.61,19.83,19.83,1,0.9,
KMT-2021-BLG-1739,BLG04T0701.032747,18:00:00.68,-31:05:11.29,9412.36504,27.55,0.29,21.33,19.67,19.67,1,1.56,
KMT-2021-BLG-1740,BLG14T0301.056874,17:35:31.63,-29:53:17.48,9410.44101,23.05,0.375,21.09,20.0,21.28,2,3.27,
KMT-2021-BLG-1741,SAO18K0106.114339,17:45:22.10,-25:57:36.11,9436.93539,46.54,0.221,19.98,20.0,25.0,3,2.53,
KMT-2021-BLG-1742,SAO19K0205.007590,17:45:15.75,-24:06:14.40,9407.25196,15.6,0.2,21.22,17.98,17.98,1,1.87,
KMT-2021-BLG-1743,BLG22T0402.024059,17:51:53.46,-34:04:07.90,9417.46684,25.34,0.129,19.44,19.2,19.2,1,1.42,MB21269
KMT-2021-BLG-1744,BLG32T0407.043137,18:09:12.88,-28:10:14.09,9408.72355,33.88,0.091,21.52,19.43,19.43,1,0.85,
KMT-2021-BLG-1745,BLG34T0602.007157,18:00:21.78,-33:01:58.58,9442.41539,29.86,0.111,18.12,18.13,18.13,1,0.98,MB21297
KMT-2021-BLG-1746,BLG37K0507.080851,17:41:42.14,-34:26:57.59,9416.23727,30.56,0.171,21.37,20.0,21.29,2,2.09,
KMT-2021-BLG-1747,BLG37M0803.013723,17:44:50.02,-34:59:38.40,9433.9183,125.84,0.009,22.71,18.84,18.84,2,1.42,MB21286
KMT-2021-BLG-1748,BLG41K0206.088976,17:53:12.70,-30:33:29.45,9407.51713,1.02,0.403,20.09,20.0,25.0,3,2.09,
KMT-2021-BLG-1749,BLG41K0801.001831,17:49:35.07,-31:09:29.02,9419.75177,13.53,1.0,18.75,18.31,18.31,2,4.54,
KMT-2021-BLG-1750,BLG41T0206.029074,17:52:52.75,-31:39:53.60,9420.4312,37.25,0.284,20.72,19.48,19.48,1,2.17,
KMT-2021-BLG-1751,BLG42N0306.062293,17:57:25.54,-29:32:28.61,9407.00298,27.45,0.072,22.26,19.58,19.58,1,1.64,
KMT-2021-BLG-1752,BLG02T0208.094427,17:53:27.82,-29:09:50.90,9411.85003,156.92,0.008,23.18,20.0,20.59,1,1.95,
KMT-2021-BLG-1753,BLG04K0604.079511,18:00:48.10,-29:33:12.49,9413.2309,17.88,0.026,20.72,20.0,20.34,1,1.57,MB21272
KMT-2021-BLG-1754,BLG17M0103.056205,17:49:23.81,-32:54:40.61,9420.5923,45.54,0.739,19.94,20.0,20.73,1,2.2,
KMT-2021-BLG-1755,BLG19T0408.033769,17:44:00.44,-24:47:33.14,9411.16543,8.14,0.825,20.01,20.0,20.74,2,2.8,
KMT-2021-BLG-1756,BLG19T0705.051404,17:42:19.66,-25:11:50.21,9417.62834,27.26,0.017,21.52,20.0,20.56,1,2.63,
KMT-2021-BLG-1757,BLG22M0304.018627,17:57:58.30,-32:45:57.89,9408.84741,18.2,0.111,21.51,18.92,18.92,1,1.33,
KMT-2021-BLG-1758,BLG32K0303.006271,18:09:55.89,-27:37:23.92,9420.03862,29.0,0.478,18.9,17.37,17.37,1,1.04,MB21266
KMT-2021-BLG-1759,BLG35K0603.010282,18:01:03.51,-25:27:45.22,9441.93071,54.96,0.137,20.43,20.0,20.63,2,4.77,
KMT-2021-BLG-1760,BLG01N0502.012286,17:56:32.15,-32:00:17.39,9421.44243,5.58,0.811,18.44,18.5,18.5,1,1.57,
KMT-2021-BLG-1761,BLG14K0805.056358,17:32:11.69,-28:16:09.80,9412.17517,65.63,0.004,24.03,20.0,21.01,2,2.43,
KMT-2021-BLG-1762,BLG14N0607.027129,17:38:11.36,-29:05:58.27,9408.72591,13.95,0.009,24.02,20.0,21.2,2,3.69,
KMT-2021-BLG-1763,BLG16M0706.061732,17:38:10.48,-23:54:05.80,9416.89008,88.9,0.038,21.63,20.0,21.03,2,1.67,
KMT-2021-BLG-1764,BLG18T0308.089731,17:44:35.33,-26:53:01.21,9409.26422,45.29,0.025,24.22,20.0,23.07,2,3.39,
KMT-2021-BLG-1765,BLG19T0703.069877,17:42:20.14,-25:26:16.19,9415.50398,14.11,0.945,19.99,20.0,21.68,2,2.65,
KMT-2021-BLG-1766,BLG21T0805.014488,17:49:41.03,-35:47:36.31,9406.74167,9.24,1.0,19.48,18.71,18.71,1,0.93,
KMT-2021-BLG-1767,BLG41M0505.012585,17:56:28.37,-30:34:50.59,9422.50488,9.12,0.192,18.33,18.39,18.39,1,1.92,MB21279
KMT-2021-BLG-1768,BLG42T0102.007626,17:53:29.62,-29:59:19.50,9409.60786,3.15,0.842,17.98,16.74,16.74,1,1.47,
KMT-2021-BLG-1769,BLG43K0506.002634,17:59:01.96,-27:20:36.31,9423.46566,42.44,0.27,18.93,16.11,16.11,1,1.86,MB21283
KMT-2021-BLG-1770,BLG03K0104.033489,18:01:45.59,-27:25:07.21,9412.20935,89.42,0.002,23.85,19.06,19.06,1,1.69,
KMT-2021-BLG-1771,BLG03N0603.045680,18:03:47.09,-28:42:07.49,9413.96064,4.75,0.408,19.14,18.93,18.93,1,0.8,
KMT-2021-BLG-1772,BLG04K0307.045693,18:02:17.05,-29:07:37.70,9410.45096,13.91,0.032,21.62,19.05,19.05,1,1.16,
KMT-2021-BLG-1773,SAO15K0707.013938,17:32:51.00,-25:52:41.02,9416.71395,24.84,0.579,20.65,20.0,21.67,2,3.92,
KMT-2021-BLG-1774,BLG16T0406.028101,17:34:58.90,-25:02:13.27,9412.23442,11.83,0.899,20.4,20.0,21.37,2,3.06,
KMT-2021-BLG-1775,BLG17M0205.017988,17:48:42.99,-32:35:51.40,9415.67306,24.78,0.047,21.25,20.0,20.91,2,3.38,
KMT-2021-BLG-1776,BLG17N0305.000861,17:47:56.03,-33:42:52.99,9410.98055,7.89,0.035,20.98,15.54,15.54,1,1.91,
KMT-2021-BLG-1777,BLG17T0608.010842,17:41:12.75,-33:21:02.05,9411.79215,88.55,0.033,23.53,19.68,19.68,2,3.1,
KMT-2021-BLG-1778,BLG18K0203.029942,17:44:58.93,-26:24:52.06,9422.59319,29.2,0.009,20.83,20.0,20.93,2,3.7,
KMT-2021-BLG-1779,BLG19K0301.039665,17:44:30.55,-24:34:22.91,9410.6513,24.85,0.006,23.14,20.0,20.33,1,2.43,
KMT-2021-BLG-1780,BLG19K0407.001889,17:44:11.53,-23:50:34.40,9426.34342,37.91,0.304,19.18,16.0,16.0,1,1.55,
KMT-2021-BLG-1781,BLG19M0607.084034,17:47:20.97,-23:50:25.37,9418.77854,76.07,0.011,22.29,20.0,21.86,2,2.34,
KMT-2021-BLG-1782,BLG19M0807.035621,17:46:13.92,-23:48:51.91,9439.27376,99.09,0.499,19.84,19.7,19.7,1,1.82,
KMT-2021-BLG-1783,BLG22M0804.026419,17:54:36.57,-32:44:09.38,9419.07791,9.87,0.217,19.54,19.17,19.17,1,1.45,MB21278
KMT-2021-BLG-1784,BLG31K0802.009324,18:09:04.87,-25:39:04.61,9442.76216,19.95,0.237,18.22,18.3,18.3,1,1.64,MB21307
KMT-2021-BLG-1785,BLG32K0102.006647,18:10:56.68,-27:40:56.50,9435.77191,44.68,0.39,18.15,17.35,17.35,1,0.6,MB21254
KMT-2021-BLG-1786,BLG35T0105.085594,18:04:13.27,-26:18:50.04,9411.42221,29.27,0.061,22.3,20.0,25.0,3,2.41,
KMT-2021-BLG-1787,BLG36M0607.014560,18:17:13.47,-22:51:45.22,9410.83732,2.35,0.323,19.26,19.08,19.08,1,1.48,
KMT-2021-BLG-1788,BLG37M0603.002733,17:46:03.60,-34:55:54.41,9495.39018,41.11,0.547,16.33,16.32,16.32,1,1.41,MB21335
KMT-2021-BLG-1789,BLG41N0807.036449,17:54:28.26,-31:28:58.19,9425.78849,45.01,0.301,20.48,19.32,19.32,1,1.53,
KMT-2021-BLG-1790,SAO42K0303.023366,17:52:28.85,-28:49:13.12,9411.6788,50.03,0.021,23.75,19.96,19.96,2,2.95,
KMT-2021-BLG-1791,BLG42M0101.032437,17:58:48.86,-29:00:01.80,9417.55169,8.54,0.525,18.77,18.61,18.61,1,0.95,
KMT-2021-BLG-1792,SAO42T0403.046423,17:51:51.63,-29:53:51.40,9410.22782,5.02,0.146,20.98,19.64,19.64,1,2.57,
KMT-2021-BLG-1793,BLG42T0804.006984,17:49:38.45,-29:47:46.61,9420.32007,12.23,0.303,18.33,18.3,18.3,1,3.71,
KMT-2021-BLG-1794,BLG43K0701.019280,17:57:59.30,-27:53:45.24,9412.7947,199.76,0.008,24.08,19.28,19.28,2,2.53,
KMT-2021-BLG-1795,BLG01K0205.008117,17:53:19.72,-30:29:35.70,9444.80584,26.4,1.0,18.01,17.27,17.27,1,1.93,
KMT-2021-BLG-1796,BLG01T0305.015829,17:52:53.44,-31:34:13.58,9422.40328,11.86,0.291,19.15,19.05,19.05,1,2.21,MB21296
KMT-2021-BLG-1797,BLG02M0201.045112,17:58:22.85,-28:52:58.91,9428.76685,29.07,0.192,19.71,18.99,18.99,1,1.4,MB21291
KMT-2021-BLG-1798,BLG02N0305.024998,17:57:35.12,-29:29:02.62,9420.67049,19.9,1.0,19.43,18.62,18.62,1,1.58,
KMT-2021-BLG-1799,BLG02T0408.008409,17:52:10.96,-29:06:22.61,9416.02015,5.28,0.188,19.96,17.62,17.62,1,2.75,MB21274
KMT-2021-BLG-1800,SAO02T0704.052964,17:50:21.60,-29:42:11.48,9412.68175,4.49,0.067,21.03,20.0,20.39,1,3.14,
KMT-2021-BLG-1801,SAO03N0102.013388,18:06:30.14,-28:51:47.02,9411.41781,5.57,0.027,22.24,18.12,18.12,1,0.83,
KMT-2021-BLG-1802,BLG03T0504.016697,17:59:29.07,-28:35:48.41,9413.64288,83.92,0.014,23.04,18.02,18.02,1,1.24,
KMT-2021-BLG-1803,BLG04K0208.040099,18:02:55.23,-29:04:45.30,9415.00319,199.92,0.01,24.47,18.93,18.93,1,0.92,
KMT-2021-BLG-1804,BLG04K0505.011958,18:01:02.26,-29:22:13.12,9414.06658,9.36,0.181,19.97,17.96,17.96,1,1.33,MB21273
KMT-2021-BLG-1805,BLG04M0507.068242,18:05:54.84,-29:10:39.50,9414.81194,6.0,0.05,19.65,19.91,19.91,1,0.85,
KMT-2021-BLG-1806,BLG04N0701.039040,18:05:03.67,-31:03:49.90,9417.55067,48.92,0.606,20.04,20.0,20.07,1,1.4,
KMT-2021-BLG-1807,BLG04T0208.002545,18:02:47.07,-30:09:47.41,9446.73089,30.18,0.783,16.47,15.84,15.84,1,1.04,MB21321
KMT-2021-BLG-1808,SAO11M0504.025465,17:29:25.63,-29:29:50.10,9412.57431,25.24,0.064,22.23,20.0,20.15,2,2.07,
KMT-2021-BLG-1809,BLG11N0306.037617,17:30:41.70,-30:21:32.76,9414.40041,41.71,0.014,21.15,20.0,20.57,2,2.58,
KMT-2021-BLG-1810,BLG12N0401.035194,17:30:13.81,-28:49:06.82,9432.61943,47.49,0.113,20.08,20.0,20.66,2,2.4,
KMT-2021-BLG-1811,SAO14K0208.091022,17:36:03.39,-27:56:59.60,9431.69399,31.46,0.244,19.69,20.0,25.0,3,3.36,
KMT-2021-BLG-1812,BLG14K0304.078087,17:35:29.77,-28:25:03.65,9412.32899,79.13,0.021,24.91,20.0,21.86,2,3.22,
KMT-2021-BLG-1813,BLG14M0107.062992,17:41:19.47,-28:01:46.42,9414.08473,131.98,0.033,24.38,20.0,21.79,2,3.85,
KMT-2021-BLG-1814,BLG14M0205.060612,17:40:34.87,-28:16:11.39,9455.2615,74.56,0.169,19.76,20.0,21.97,2,3.85,
KMT-2021-BLG-1815,BLG14N0308.017449,17:40:07.01,-29:01:28.31,9414.56012,22.74,0.034,22.73,20.0,22.04,3,6.12,
KMT-2021-BLG-1816,BLG14N0707.001610,17:37:46.18,-29:05:22.20,9411.72556,3.81,0.086,21.16,17.09,17.09,2,3.13,
KMT-2021-BLG-1817,BLG14N0808.093171,17:37:28.08,-28:57:31.86,9416.4179,59.21,0.085,22.63,20.0,22.3,2,3.38,
KMT-2021-BLG-1818,BLG14T0403.059581,17:34:47.30,-29:39:43.34,9421.81344,50.35,0.484,20.49,20.0,21.0,2,2.8,
KMT-2021-BLG-1819,BLG15M0106.079166,17:41:15.03,-26:02:21.62,9416.13119,6.3,0.107,21.05,20.0,22.01,2,2.97,
KMT-2021-BLG-1820,BLG15M0601.054314,17:38:30.12,-26:36:21.46,9415.03808,6.25,0.027,20.32,20.0,21.21,2,2.78,MB21270
KMT-2021-BLG-1821,BLG15N0503.014304,17:39:14.43,-27:30:12.31,9426.37557,58.49,0.256,20.44,19.3,19.3,2,2.52,
KMT-2021-BLG-1822,BLG16M0507.029246,17:38:50.88,-23:45:28.44,9415.08896,58.46,0.076,21.49,20.0,20.23,2,1.78,
KMT-2021-BLG-1823,BLG17M0304.010734,17:48:16.25,-32:41:43.73,9426.38585,26.59,0.63,19.52,19.59,19.59,2,2.91,
KMT-2021-BLG-1824,SAO17T0802.011387,17:40:11.52,-34:10:00.37,9414.59262,20.15,0.007,21.16,19.93,19.93,2,3.09,
KMT-2021-BLG-1825,BLG18K0105.014642,17:45:34.40,-26:04:01.24,9413.27799,9.08,0.036,21.06,19.48,19.48,4,2.65,
KMT-2021-BLG-1826,BLG19K0803.048507,17:41:42.15,-24:17:32.21,9415.57536,20.67,0.153,21.2,19.94,19.94,1,1.66,
KMT-2021-BLG-1827,BLG20N0708.044974,17:47:03.74,-22:41:01.28,9418.58993,19.52,0.203,20.47,19.82,19.82,1,1.46,
KMT-2021-BLG-1828,BLG31M0308.030286,18:16:48.52,-24:48:15.41,9425.92527,10.38,0.003,22.23,19.72,19.72,1,1.26,
KMT-2021-BLG-1829,BLG32T0801.035967,18:06:43.76,-28:53:01.28,9441.73933,40.55,0.714,19.1,19.05,19.05,1,0.88,
KMT-2021-BLG-1830,BLG33M0601.001703,18:14:43.44,-29:55:39.43,9420.88483,6.08,0.079,16.7,16.65,16.65,2,0.47,MB21289
KMT-2021-BLG-1831,BLG35N0408.070632,18:07:10.82,-25:58:33.20,9420.22539,49.47,0.241,21.25,20.0,20.52,1,1.54,
KMT-2021-BLG-1832,BLG36T0203.039527,18:14:53.27,-24:32:01.39,9416.77012,10.06,0.06,20.02,20.0,20.04,1,1.47,
KMT-2021-BLG-1833,BLG37M0104.034574,17:49:33.07,-34:52:39.50,9414.94165,5.83,0.766,19.11,19.21,19.21,1,0.9,
KMT-2021-BLG-1834,BLG41K0802.059536,17:49:45.64,-30:57:20.70,9412.07014,199.84,0.003,25.3,20.0,22.22,2,3.13,
KMT-2021-BLG-1835,BLG42N0207.071687,17:57:50.97,-29:22:22.19,9434.79301,66.3,0.689,19.86,19.79,19.79,1,1.59,
KMT-2021-BLG-1836,BLG42T0206.089977,17:53:07.75,-29:32:35.30,9412.33779,66.16,0.002,23.15,20.0,25.0,3,2.02,
KMT-2021-BLG-1837,SAO43T0207.097895,18:00:41.17,-28:16:08.90,9426.05056,181.14,0.003,21.1,20.0,20.21,1,1.28,MB21280
KMT-2021-BLG-1838,SAO03T0504.024597,17:59:27.53,-28:35:37.72,9434.84679,69.43,0.512,18.23,18.39,18.39,1,1.24,MB21300
KMT-2021-BLG-1839,BLG04K0204.015455,18:02:43.92,-29:33:33.08,9424.73915,21.65,0.199,19.04,18.25,18.25,1,0.98,MB21282
KMT-2021-BLG-1840,BLG11M0102.090408,17:32:01.23,-29:39:20.74,9413.80742,8.18,0.288,21.25,20.0,22.26,2,2.93,
KMT-2021-BLG-1841,BLG11M0604.041782,17:29:19.44,-29:29:30.70,9416.81059,18.79,0.011,21.41,19.88,19.88,1,1.98,
KMT-2021-BLG-1842,BLG14M0408.012478,17:39:27.69,-27:50:53.20,9416.7942,4.49,0.469,19.35,19.34,19.34,2,2.87,
KMT-2021-BLG-1843,BLG22K0808.063397,17:50:02.41,-32:11:48.34,9416.32793,49.75,0.087,23.05,20.0,25.0,3,4.22,
KMT-2021-BLG-1844,BLG31T0806.027867,18:09:19.76,-26:08:11.18,9418.20754,24.86,0.016,21.12,19.14,19.14,1,1.23,MB21277
KMT-2021-BLG-1845,BLG34K0302.073168,18:02:19.71,-31:58:52.79,9464.82234,109.9,0.062,21.04,20.0,20.66,1,1.03,MB21371
KMT-2021-BLG-1846,BLG34K0803.069094,17:59:26.73,-31:44:45.60,9416.20585,14.63,0.888,20.03,20.0,20.74,1,1.67,
KMT-2021-BLG-1847,BLG37M0702.002350,17:45:43.34,-35:09:31.72,9454.02534,20.8,0.426,16.11,16.12,16.12,1,1.19,
KMT-2021-BLG-1848,BLG41K0206.066096,17:53:00.36,-30:26:54.60,9417.6913,12.11,0.045,20.35,20.0,20.12,1,2.06,
KMT-2021-BLG-1849,BLG41N0601.018868,17:55:49.07,-32:13:11.32,9422.26609,34.69,0.493,20.24,19.12,19.12,1,1.55,
KMT-2021-BLG-1850,SAO42T0108.025371,17:53:46.46,-29:15:28.40,9426.0354,0.5,0.108,18.15,18.54,18.54,1,1.89,
KMT-2021-BLG-1851,SAO01K0606.050167,17:51:16.85,-30:21:00.68,9415.2632,52.3,0.105,22.72,20.0,20.22,1,2.6,
KMT-2021-BLG-1852,BLG04M0802.036193,18:04:29.95,-29:48:31.00,9416.81256,42.57,0.279,20.24,18.92,18.92,1,0.82,
KMT-2021-BLG-1853,BLG04N0304.024601,18:07:02.16,-30:42:33.01,9418.24331,4.49,0.059,19.23,19.27,19.27,1,1.04,MB21276
KMT-2021-BLG-1854,BLG04T0701.035562,17:59:39.95,-30:59:19.79,9419.62668,8.7,0.054,19.75,19.75,19.75,1,1.81,MB21275
KMT-2021-BLG-1855,BLG04T0706.041256,17:59:40.85,-30:21:42.30,9422.77708,14.34,0.333,19.49,19.33,19.33,1,1.38,
KMT-2021-BLG-1856,BLG12M0305.002778,17:30:45.36,-27:12:46.80,9438.38696,30.0,1.0,18.59,18.06,18.06,2,2.77,
KMT-2021-BLG-1857,BLG14T0706.062830,17:32:45.52,-29:16:35.83,9417.22873,28.79,0.029,23.17,20.0,21.37,2,2.85,
KMT-2021-BLG-1858,BLG19K0608.002105,17:42:49.63,-23:43:20.21,9497.04063,57.22,0.902,17.02,16.48,16.48,1,1.94,
KMT-2021-BLG-1859,BLG19T0103.043905,17:45:31.29,-25:21:57.38,9439.81395,79.1,0.021,21.6,20.0,21.23,2,3.33,
KMT-2021-BLG-1860,BLG19T0602.100432,17:43:02.45,-25:32:51.11,9416.00534,8.45,0.032,21.69,20.0,25.0,3,2.74,
KMT-2021-BLG-1861,BLG32M0205.032922,18:14:50.28,-27:16:27.91,9440.92006,153.4,0.002,24.06,19.13,19.13,1,0.71,
KMT-2021-BLG-1862,BLG37K0108.005720,17:44:15.08,-34:24:41.51,9423.64292,86.18,0.143,19.69,17.4,17.4,1,1.59,
KMT-2021-BLG-1863,BLG37T0206.073959,17:43:34.73,-35:41:54.60,9416.60644,25.54,0.087,22.8,20.0,21.99,2,1.87,
KMT-2021-BLG-1864,BLG42K0402.002374,17:51:54.33,-28:58:06.89,9417.9356,10.42,0.998,18.0,16.79,16.79,2,3.39,
KMT-2021-BLG-1865,SAO42K0505.010249,17:51:21.36,-28:32:15.83,9415.57109,30.25,0.136,21.03,18.64,18.64,2,3.54,
KMT-2021-BLG-1866,BLG42T0201.071980,17:53:16.83,-30:05:54.49,9419.95503,14.73,0.046,20.79,19.94,19.94,1,1.57,
KMT-2021-BLG-1867,BLG02T0408.070908,17:52:12.26,-29:07:55.70,9420.46951,23.77,0.251,21.62,20.0,21.99,2,2.91,
KMT-2021-BLG-1868,BLG19K0203.010847,17:45:09.07,-24:20:55.21,9423.63586,89.45,0.757,18.73,18.49,18.49,1,2.19,
KMT-2021-BLG-1869,BLG31N0807.050939,18:13:41.81,-26:07:38.71,9414.9246,16.1,0.078,22.76,19.93,19.93,1,0.97,
KMT-2021-BLG-1870,SAO35K0206.024605,18:03:38.41,-25:06:11.41,9412.8542,26.44,0.174,22.66,20.0,21.04,2,3.39,
KMT-2021-BLG-1871,BLG35T0106.028714,18:04:01.59,-26:09:12.49,9415.11254,74.67,0.018,23.04,20.0,20.96,2,4.05,
KMT-2021-BLG-1872,SAO02T0102.103435,17:53:50.41,-29:51:11.99,9423.5633,123.34,0.011,22.29,20.0,20.13,1,1.38,MB21285
KMT-2021-BLG-1873,BLG11K0404.005008,17:25:13.38,-29:31:04.91,9439.38209,34.27,0.793,18.76,17.52,17.52,1,1.82,
KMT-2021-BLG-1874,BLG21N0501.005537,17:56:37.44,-36:20:49.16,9426.74539,21.43,0.914,18.58,18.61,18.61,2,0.96,
KMT-2021-BLG-1875,BLG31M0305.002369,18:16:44.66,-25:13:11.50,9415.97296,53.24,0.666,18.75,16.65,16.65,1,1.04,
KMT-2021-BLG-1876,BLG35N0607.035434,18:06:02.08,-26:03:58.10,9437.01903,47.33,0.512,19.43,20.0,20.0,1,2.33,
KMT-2021-BLG-1877,BLG43M0402.029991,18:04:21.60,-27:50:53.30,9444.9116,48.1,0.09,19.28,18.81,18.81,1,1.18,MB21318
KMT-2021-BLG-1878,SAO43T0502.035656,17:59:10.31,-28:55:20.89,9426.15629,21.24,0.392,18.93,18.53,18.53,1,1.01,
KMT-2021-BLG-1879,BLG01M0807.004674,17:54:57.04,-30:11:54.28,9444.80718,42.08,0.899,19.03,17.01,17.01,2,1.3,
KMT-2021-BLG-1880,BLG01N0807.019035,17:54:58.33,-31:24:35.89,9424.796,52.98,0.162,22.29,18.94,18.94,1,1.74,
KMT-2021-BLG-1881,BLG02N0407.073108,17:57:07.07,-29:17:00.71,9419.51759,10.63,0.165,20.85,19.91,19.91,1,1.59,
KMT-2021-BLG-1882,BLG02T0202.080298,17:53:23.55,-29:57:22.00,9424.93924,48.62,0.015,22.01,19.67,19.67,1,1.55,MB21298
KMT-2021-BLG-1883,BLG02T0707.016618,17:50:20.78,-29:16:50.02,9430.82423,20.87,0.464,19.45,19.62,19.62,1,4.36,
KMT-2021-BLG-1884,BLG03K0607.028667,17:58:54.39,-27:05:40.42,9426.84296,19.07,0.047,21.02,20.0,20.17,1,2.73,
KMT-2021-BLG-1885,BLG03T0502.036040,17:59:24.33,-28:46:52.21,9419.87171,5.18,0.018,21.01,18.58,18.58,1,1.11,
KMT-2021-BLG-1886,BLG04M0307.053328,18:07:07.51,-29:08:22.09,9426.57801,16.84,0.035,19.97,19.67,19.67,1,0.97,MB21292
KMT-2021-BLG-1887,BLG04T0707.058783,18:00:08.48,-30:13:51.10,9424.39584,66.13,0.165,20.64,19.76,19.76,1,1.16,
KMT-2021-BLG-1888,BLG11K0301.022713,17:25:41.78,-29:51:21.28,9425.67579,21.63,0.729,19.87,19.89,19.89,2,1.82,
KMT-2021-BLG-1889,BLG12M0708.013183,17:28:42.26,-26:46:42.31,9427.4945,33.67,0.294,21.14,20.0,21.27,2,2.85,
KMT-2021-BLG-1890,BLG12N0204.021926,17:31:28.96,-28:30:48.53,9417.51553,56.83,0.025,23.4,20.0,20.03,2,2.5,
KMT-2021-BLG-1891,SAO14K0405.008821,17:34:25.69,-28:19:21.14,9443.71468,31.52,0.411,19.17,19.13,19.13,2,2.98,
KMT-2021-BLG-1892,BLG14K0606.050313,17:33:18.83,-28:10:28.52,9423.93952,17.8,0.189,20.96,20.0,20.93,2,2.55,
KMT-2021-BLG-1893,BLG14T0805.026091,17:32:21.13,-29:22:03.29,9422.99492,89.24,0.023,23.09,20.0,20.38,2,2.54,
KMT-2021-BLG-1894,BLG15K0601.002770,17:33:38.94,-26:39:56.38,9440.57447,14.72,0.308,17.78,17.68,17.68,2,2.48,MB21308
KMT-2021-BLG-1895,SAO15M0503.026431,17:38:56.25,-26:27:19.30,9419.96919,9.89,0.133,20.85,20.0,20.71,2,3.08,
KMT-2021-BLG-1896,BLG16K0208.000934,17:36:05.25,-23:39:57.06,9468.87791,58.81,0.215,19.04,16.42,16.42,2,1.65,
KMT-2021-BLG-1897,BLG16T0505.038728,17:34:06.96,-25:06:48.89,9421.22316,69.58,0.031,22.45,20.0,22.01,2,3.12,
KMT-2021-BLG-1898,SAO18T0604.025017,17:42:46.05,-27:22:33.02,9421.53307,27.72,0.012,22.43,20.0,20.64,2,3.56,
KMT-2021-BLG-1899,BLG21M0107.042172,17:58:58.22,-34:27:24.59,9395.98798,58.59,0.01,21.62,19.82,19.82,1,0.55,
KMT-2021-BLG-1900,BLG31N0807.054626,18:14:00.99,-26:04:46.81,9422.34099,138.43,0.003,24.19,20.0,20.07,1,0.99,
KMT-2021-BLG-1901,BLG32K0505.016403,18:08:22.41,-27:22:43.00,9487.97477,83.85,0.265,18.41,18.49,18.49,1,1.04,MB21339
KMT-2021-BLG-1902,BLG35M0501.003907,18:06:42.30,-25:44:38.36,9450.45915,38.22,0.666,17.4,17.42,17.42,2,1.82,MB21340
KMT-2021-BLG-1903,BLG35M0803.037343,18:04:50.46,-25:25:24.06,9428.12257,21.55,0.093,20.72,20.0,21.63,2,3.15,
KMT-2021-BLG-1904,SAO35T0702.002050,18:00:50.21,-26:42:33.66,9409.04493,28.7,0.99,18.32,17.55,17.55,2,2.84,
KMT-2021-BLG-1905,BLG43T0201.007172,18:00:41.92,-29:04:41.70,9477.12532,39.92,0.064,17.14,17.0,17.0,1,0.97,MB21331
KMT-2021-BLG-1906,BLG01T0705.037278,17:50:36.63,-31:36:08.86,9457.72923,136.22,0.077,20.33,20.0,25.0,3,4.68,
KMT-2021-BLG-1907,SAO02T0502.077757,17:51:44.66,-29:53:18.49,9422.71376,4.55,0.488,19.99,20.0,20.51,1,2.51,
KMT-2021-BLG-1908,BLG03M0705.005344,18:02:57.12,-27:19:24.89,9431.16891,17.15,0.257,18.46,17.49,17.49,1,2.04,
KMT-2021-BLG-1909,SAO04K0106.005902,18:03:42.19,-29:19:19.49,9426.1558,17.38,0.1,19.98,17.01,17.01,1,0.81,MB21287
KMT-2021-BLG-1910,SAO04K0204.023342,18:02:39.43,-29:32:08.70,9422.19352,20.34,0.09,22.96,18.61,18.61,1,1.08,
KMT-2021-BLG-1911,BLG11M0406.001826,17:30:05.15,-29:11:59.82,9443.30798,14.91,0.648,17.28,17.27,17.27,2,2.48,
KMT-2021-BLG-1912,BLG13M0204.010438,17:39:12.45,-33:53:40.49,9425.78558,18.41,0.291,20.14,19.65,19.65,2,3.53,
KMT-2021-BLG-1913,SAO14K0403.051766,17:34:26.72,-28:31:39.25,9433.58858,33.2,0.172,21.02,20.0,21.6,2,4.02,
KMT-2021-BLG-1914,BLG15K0504.025373,17:34:21.12,-26:13:22.58,9438.99073,35.98,0.457,20.62,20.0,20.83,2,2.74,
KMT-2021-BLG-1915,BLG15M0208.001344,17:40:49.69,-25:47:12.98,9428.05608,13.91,0.915,18.44,17.17,17.17,2,2.78,
KMT-2021-BLG-1916,BLG17N0808.014983,17:45:21.48,-33:19:30.29,9439.46519,106.66,0.331,18.99,19.12,19.12,1,2.55,
KMT-2021-BLG-1917,BLG20N0602.003461,17:47:31.46,-23:23:01.72,9421.53817,15.91,0.502,20.18,17.07,17.07,1,1.73,
KMT-2021-BLG-1918,BLG20T0102.012285,17:45:50.92,-23:22:59.59,9429.38162,39.38,0.077,20.65,18.38,18.38,1,1.38,
KMT-2021-BLG-1919,SAO22N0507.006245,17:56:33.70,-33:28:20.60,9422.46739,14.32,0.496,18.78,17.71,17.71,1,1.14,
KMT-2021-BLG-1920,BLG22T0108.045861,17:53:56.37,-33:20:21.59,9420.74289,34.28,0.058,22.64,19.84,19.84,1,1.48,
KMT-2021-BLG-1921,BLG31M0303.030293,18:16:34.52,-25:26:07.01,9427.87735,15.98,0.382,19.66,19.24,19.24,1,0.82,
KMT-2021-BLG-1922,BLG34K0804.013877,17:59:32.35,-31:38:33.11,9437.33527,47.07,0.192,20.84,18.89,18.89,1,1.64,
KMT-2021-BLG-1923,BLG41K0508.002779,17:51:22.65,-30:13:55.70,9427.30556,102.97,0.074,20.11,16.34,16.34,1,2.17,
KMT-2021-BLG-1924,BLG02M0407.024717,17:56:57.71,-28:12:29.92,9427.01976,15.87,0.686,19.07,18.78,18.78,1,1.95,
KMT-2021-BLG-1925,BLG03T0703.010345,17:57:54.57,-28:44:03.41,9421.99096,199.96,0.004,25.29,17.55,17.55,1,1.31,
KMT-2021-BLG-1926,BLG11M0302.074837,17:30:54.88,-29:45:04.90,9420.61286,11.51,0.743,19.95,20.0,21.57,2,2.63,
KMT-2021-BLG-1927,BLG15T0307.001562,17:35:16.76,-26:59:19.28,9487.98354,198.23,0.628,17.62,16.16,16.16,1,2.15,
KMT-2021-BLG-1928,BLG17K0805.054228,17:39:51.34,-32:38:52.40,9444.52002,35.87,0.65,20.01,20.0,22.49,3,4.54,
KMT-2021-BLG-1929,SAO18K0701.001467,17:42:22.58,-26:34:51.82,9424.52855,5.75,0.992,18.26,17.47,17.47,2,3.1,
KMT-2021-BLG-1930,SAO18M0808.014100,17:46:14.82,-25:47:28.36,9428.10985,11.86,0.148,19.41,19.41,19.41,2,2.64,
KMT-2021-BLG-1931,BLG18T0601.020391,17:42:53.82,-27:42:15.77,9441.98047,23.28,0.479,19.9,20.0,20.59,2,4.22,
KMT-2021-BLG-1932,BLG20T0608.033963,17:42:57.27,-22:37:03.50,9420.61066,9.38,0.541,19.74,19.79,19.79,1,1.55,
KMT-2021-BLG-1933,BLG22M0504.003912,17:56:44.66,-32:44:48.41,9433.67615,7.97,0.992,17.16,17.09,17.09,1,1.5,
KMT-2021-BLG-1934,SAO37M0602.004134,17:46:29.80,-35:07:55.31,9425.86889,5.8,0.921,17.1,16.93,16.93,1,1.28,
KMT-2021-BLG-1935,SAO42M0504.016565,17:56:27.86,-28:40:52.00,9430.59886,7.76,0.403,18.1,18.11,18.11,1,1.77,MB21306
KMT-2021-BLG-1936,BLG01M0202.034740,17:58:11.40,-30:51:48.60,9431.72402,15.49,0.587,19.57,19.47,19.47,1,1.55,
KMT-2021-BLG-1937,BLG01M0807.022889,17:54:39.26,-30:11:39.77,9422.62709,99.14,0.002,24.98,19.13,19.13,2,1.43,
KMT-2021-BLG-1938,BLG01N0705.002025,17:55:34.91,-31:34:12.68,9462.23234,30.48,0.998,16.57,15.77,15.77,1,1.38,MB21355
KMT-2021-BLG-1939,SAO03T0505.001127,17:59:14.00,-28:28:07.21,9451.06738,15.19,0.999,14.96,14.8,14.8,1,1.34,MB21301
KMT-2021-BLG-1940,BLG04N0605.036933,18:05:28.36,-30:32:34.51,9433.24718,20.72,0.175,19.54,19.45,19.45,1,1.09,
KMT-2021-BLG-1941,BLG11M0102.000411,17:32:03.15,-29:43:01.27,9473.37357,72.29,0.907,17.01,15.69,15.69,2,2.76,
KMT-2021-BLG-1942,BLG11N0308.020205,17:30:59.97,-30:04:41.52,9420.49227,127.76,0.003,24.8,19.81,19.81,2,2.61,
KMT-2021-BLG-1943,BLG11N0808.061559,17:28:01.71,-30:04:10.99,9425.72632,13.91,0.166,20.84,20.0,21.14,2,2.29,
KMT-2021-BLG-1944,BLG11T0206.060897,17:26:16.99,-30:16:51.49,9418.29593,12.04,0.201,21.86,20.0,21.62,2,2.54,
KMT-2021-BLG-1945,BLG11T0507.024490,17:24:35.41,-30:08:47.87,9420.50085,190.33,0.007,23.56,20.0,20.24,2,1.96,
KMT-2021-BLG-1946,BLG14K0107.023865,17:36:28.73,-28:03:34.24,9439.37655,30.17,0.302,20.48,20.0,20.73,2,3.13,
KMT-2021-BLG-1947,BLG15T0508.091385,17:34:09.85,-26:55:49.73,9419.37356,43.3,0.035,23.2,20.0,25.0,3,2.47,
KMT-2021-BLG-1948,BLG16K0601.010962,17:33:38.16,-24:29:49.13,9426.28639,53.71,0.391,21.23,20.0,20.48,2,2.74,
KMT-2021-BLG-1949,BLG17N0706.076823,17:45:32.51,-33:35:12.30,9427.696,13.53,0.064,20.88,20.0,20.33,1,1.79,MB21303
KMT-2021-BLG-1950,SAO19K0204.020152,17:45:04.34,-24:09:42.01,9428.09319,76.8,0.084,22.45,19.02,19.02,1,1.92,
KMT-2021-BLG-1951,BLG19M0406.023858,17:48:39.60,-23:53:28.57,9438.87695,28.55,0.061,19.93,19.89,19.89,2,2.16,
KMT-2021-BLG-1952,BLG19N0604.002173,17:47:32.42,-25:15:47.34,9449.29635,19.32,0.402,18.29,18.36,18.36,2,4.01,
KMT-2021-BLG-1953,BLG21K0808.043251,17:49:34.06,-34:23:59.21,9428.01409,70.0,0.088,20.05,19.87,19.87,1,1.4,MB21294
KMT-2021-BLG-1954,BLG21T0605.062076,17:50:41.52,-35:55:08.51,9423.74702,21.63,0.023,22.45,20.0,20.85,1,0.76,
KMT-2021-BLG-1955,BLG35T0205.073778,18:03:19.41,-26:22:06.49,9427.73653,28.25,0.196,21.55,20.0,21.91,2,2.46,
KMT-2021-BLG-1956,BLG38K0702.035078,17:51:24.20,-22:14:38.90,9425.3861,7.0,0.15,20.18,20.0,20.28,1,2.14,
KMT-2021-BLG-1957,BLG14T0803.000624,17:32:37.09,-29:35:30.80,9391.86316,67.48,0.533,16.65,16.22,16.22,2,3.22,
KMT-2021-BLG-1958,BLG16N0106.010536,17:41:31.62,-25:04:48.00,9423.69372,11.67,0.296,20.75,18.93,18.93,1,2.52,
KMT-2021-BLG-1959,SAO32M0604.012648,18:12:57.13,-27:22:54.08,9425.33985,82.67,0.555,17.9,17.93,17.93,1,0.49,MB21183
KMT-2021-BLG-1960,BLG35K0306.029150,18:02:48.77,-25:04:59.70,9427.37304,22.89,0.095,21.84,20.0,21.36,2,3.55,
KMT-2021-BLG-1961,BLG41K0105.007283,17:53:52.54,-30:39:05.40,9504.89901,64.52,0.17,18.38,17.41,17.41,1,2.23,MB21388
KMT-2021-BLG-1962,SAO41K0607.050025,17:50:49.86,-30:21:42.01,9426.77022,12.19,0.491,20.05,20.0,20.22,1,2.5,
KMT-2021-BLG-1963,BLG01K0501.030087,17:51:31.14,-31:00:49.00,9431.18721,107.92,0.054,23.11,19.54,19.54,1,2.51,
KMT-2021-BLG-1964,BLG01K0503.030875,17:51:29.31,-30:43:06.20,9425.53687,45.51,0.036,22.36,19.37,19.37,1,2.37,
KMT-2021-BLG-1965,BLG01M0103.024822,17:58:47.28,-30:44:10.79,9453.42853,53.6,0.1,20.03,19.17,19.17,1,1.59,MB21337
KMT-2021-BLG-1966,BLG01T0202.031057,17:53:32.59,-32:01:56.10,9426.20467,198.67,0.002,24.79,19.47,19.47,1,1.94,
KMT-2021-BLG-1967,BLG02K0101.030512,17:54:14.10,-28:56:03.91,9426.10923,199.18,0.009,24.0,18.92,18.92,1,1.71,
KMT-2021-BLG-1968,BLG02K0407.036012,17:52:25.77,-28:09:05.87,9429.87893,16.65,0.011,21.83,20.0,21.26,2,4.09,
KMT-2021-BLG-1969,SAO02M0302.037436,17:57:43.28,-28:45:05.62,9428.24046,14.09,0.228,20.19,18.76,18.76,1,1.28,
KMT-2021-BLG-1970,SAO02N0208.000513,17:58:10.72,-29:04:51.38,9434.29737,4.54,0.257,14.19,14.13,14.13,1,1.37,MB21313
KMT-2021-BLG-1971,BLG02N0506.077984,17:56:24.05,-29:27:03.71,9431.65605,51.79,0.045,22.35,19.75,19.75,1,1.77,
KMT-2021-BLG-1972,BLG02N0605.064770,17:56:12.11,-29:34:30.61,9426.99757,6.87,0.175,19.79,19.56,19.56,1,1.61,
KMT-2021-BLG-1973,SAO02N0607.033700,17:56:03.47,-29:16:50.02,9425.97755,24.66,0.003,23.18,18.87,18.87,1,2.0,MB21299
KMT-2021-BLG-1974,BLG02T0101.052305,17:53:47.33,-29:59:13.99,9430.65204,199.05,0.011,24.49,19.22,19.22,1,1.64,
KMT-2021-BLG-1975,BLG03K0304.017403,18:00:35.92,-27:28:00.30,9436.23993,28.0,0.087,20.72,18.37,18.37,1,1.51,
KMT-2021-BLG-1976,BLG03K0404.034663,18:00:04.51,-27:30:31.90,9439.5245,22.03,0.521,19.29,19.25,19.25,1,1.85,
KMT-2021-BLG-1977,SAO03N0107.002310,18:06:25.05,-28:13:28.20,9427.45939,18.97,0.019,20.56,15.6,15.6,1,0.72,MB21302
KMT-2021-BLG-1978,BLG03T0204.038900,18:00:56.15,-28:37:18.98,9448.76846,25.07,0.442,18.7,18.72,18.72,1,1.05,
KMT-2021-BLG-1979,BLG13M0106.033237,17:39:32.14,-33:32:55.57,9427.907,14.69,0.202,20.23,20.0,21.25,2,2.79,
KMT-2021-BLG-1980,BLG14T0105.020267,17:36:28.56,-29:22:13.33,9435.4213,13.64,0.225,19.97,20.0,20.25,2,3.42,
KMT-2021-BLG-1981,BLG14T0205.092562,17:35:53.87,-29:25:30.58,9431.39799,54.81,0.066,22.84,20.0,22.33,2,2.91,
KMT-2021-BLG-1982,BLG16T0705.046153,17:33:16.37,-25:10:15.10,9429.28528,23.07,0.025,22.05,20.0,22.18,2,3.19,
KMT-2021-BLG-1983,BLG17N0408.021941,17:47:14.38,-33:22:05.70,9426.36352,4.99,0.198,20.98,19.14,19.14,1,1.87,
KMT-2021-BLG-1984,BLG19K0707.038356,17:42:25.02,-23:49:29.71,9433.3437,76.76,0.143,22.34,20.0,20.09,1,1.83,
KMT-2021-BLG-1985,BLG19T0103.057223,17:45:30.24,-25:25:22.26,9429.32726,52.98,0.371,21.29,20.0,21.54,2,3.41,
KMT-2021-BLG-1986,BLG19T0707.029970,17:42:26.87,-24:56:37.00,9427.89944,12.19,0.491,19.99,19.66,19.66,1,2.16,
KMT-2021-BLG-1987,BLG21N0407.009962,17:57:39.44,-35:33:39.89,9442.04899,32.21,0.311,18.93,18.58,18.58,1,0.83,
KMT-2021-BLG-1988,BLG22K0106.053612,17:53:54.12,-32:31:36.70,9432.06837,50.07,0.019,21.76,19.7,19.7,1,1.44,MB21311
KMT-2021-BLG-1989,SAO31M0503.046195,18:15:36.42,-25:28:17.00,9428.06828,18.82,0.439,20.48,19.98,19.98,1,1.13,
KMT-2021-BLG-1990,BLG32K0301.071249,18:09:27.60,-27:46:40.91,9424.85775,69.85,0.145,21.25,20.0,20.15,1,0.98,
KMT-2021-BLG-1991,BLG32N0104.046121,18:15:41.67,-28:35:35.70,9437.34562,33.66,0.203,20.65,19.83,19.83,1,0.52,
KMT-2021-BLG-1992,BLG35N0408.063943,18:07:05.44,-25:58:59.70,9473.84312,40.61,0.108,19.77,20.0,20.3,1,1.68,MB21379
KMT-2021-BLG-1993,BLG35N0606.050771,18:05:43.71,-26:12:20.09,9431.37116,38.48,0.03,22.14,20.0,21.18,1,2.95,
KMT-2021-BLG-1994,BLG38M0707.000863,17:56:03.53,-21:42:10.33,9439.62857,48.26,0.099,20.18,15.94,15.94,4,2.39,
KMT-2021-BLG-1995,BLG42N0707.033288,17:55:03.73,-29:25:39.22,9445.66194,27.08,0.122,19.17,18.7,18.7,1,1.46,MB21332
KMT-2021-BLG-1996,SAO43T0304.079285,17:59:59.27,-28:37:39.22,9428.87032,30.74,0.105,21.76,19.53,19.53,1,1.26,
KMT-2021-BLG-1997,BLG04M0404.030324,18:06:41.50,-29:36:14.51,9427.62352,20.59,0.082,21.88,19.0,19.0,1,0.79,
KMT-2021-BLG-1998,BLG11M0102.006604,17:32:07.14,-29:39:51.73,9448.11273,55.81,0.34,20.2,18.44,18.44,2,2.83,
KMT-2021-BLG-1999,BLG16M0403.018642,17:39:37.92,-24:19:15.46,9420.26326,33.07,1.0,19.48,19.57,19.57,2,1.75,
KMT-2021-BLG-2000,BLG17T0107.006717,17:44:27.45,-33:29:51.68,9439.26845,8.48,0.179,18.09,17.83,17.83,1,2.16,MB21320
KMT-2021-BLG-2001,BLG17T0305.032391,17:43:16.68,-33:44:20.72,9435.5748,34.16,0.013,21.86,20.0,20.79,2,3.29,
KMT-2021-BLG-2002,BLG18T0603.016554,17:42:50.25,-27:30:11.56,9432.73367,49.47,0.271,21.48,19.82,19.82,2,3.45,
KMT-2021-BLG-2003,SAO19T0107.053628,17:45:48.27,-24:55:01.88,9430.20242,58.66,0.027,23.66,20.0,21.56,2,3.46,
KMT-2021-BLG-2004,BLG20M0503.013803,17:48:06.38,-22:13:13.01,9434.78465,21.85,0.119,20.72,18.91,18.91,1,1.63,
KMT-2021-BLG-2005,BLG22M0106.057248,17:59:00.26,-32:33:20.59,9433.90978,46.01,0.005,22.14,20.0,20.09,1,1.04,
KMT-2021-BLG-2006,BLG35M0104.036349,18:08:46.11,-25:19:05.81,9430.36933,13.92,0.498,20.66,19.67,19.67,1,1.61,
KMT-2021-BLG-2007,BLG35M0105.031987,18:08:39.98,-25:12:25.70,9431.97918,27.06,0.09,21.44,20.0,20.06,1,2.47,
KMT-2021-BLG-2008,BLG37T0306.092705,17:42:58.64,-35:43:07.07,9426.97328,28.27,0.032,24.26,20.0,25.0,3,2.11,
KMT-2021-BLG-2009,BLG38T0306.016734,17:53:30.78,-22:51:01.69,9428.01853,12.06,0.603,20.2,19.66,19.66,4,2.76,
KMT-2021-BLG-2010,BLG41T0401.046852,17:52:02.04,-32:16:11.10,9428.99357,23.28,0.013,23.91,20.0,20.03,1,2.08,
KMT-2021-BLG-2011,BLG01K0701.085336,17:50:38.54,-31:01:14.30,9428.30215,12.91,0.096,23.28,20.0,25.0,3,3.06,
KMT-2021-BLG-2012,SAO03K0308.002241,18:00:11.31,-26:56:30.41,9429.90042,6.6,0.102,20.26,16.75,16.75,1,2.6,MB21310
KMT-2021-BLG-2013,SAO03T0408.048984,17:59:41.17,-28:05:20.11,9429.63539,159.4,0.002,24.92,19.37,19.37,1,1.71,
KMT-2021-BLG-2014,BLG04K0207.065699,18:02:58.23,-29:07:16.28,9429.07039,33.65,0.021,23.63,19.57,19.57,1,0.97,
KMT-2021-BLG-2015,BLG11K0602.026086,17:23:52.69,-29:40:37.74,9440.92102,34.22,0.202,20.17,20.0,20.16,2,1.76,
KMT-2021-BLG-2016,BLG11K0607.041355,17:24:14.13,-29:07:24.82,9435.41882,30.64,0.07,21.27,20.0,20.11,1,1.57,
KMT-2021-BLG-2017,BLG12K0401.021564,17:25:17.51,-27:46:04.12,9429.3653,2.33,0.659,19.54,19.55,19.55,1,1.87,
KMT-2021-BLG-2018,BLG12K0603.043363,17:24:33.33,-27:27:16.99,9424.80879,12.47,0.3,20.63,20.0,20.93,1,1.93,
KMT-2021-BLG-2019,SAO15N0208.000134,17:40:46.81,-26:54:28.62,9430.35671,2.59,0.706,15.35,15.33,15.33,2,3.31,
KMT-2021-BLG-2020,BLG15T0501.006383,17:34:18.11,-27:45:12.10,9435.03734,45.31,0.144,21.71,18.69,18.69,2,2.65,
KMT-2021-BLG-2021,BLG18T0405.026592,17:43:50.49,-27:12:47.74,9443.56582,43.16,0.088,21.33,20.0,20.99,2,3.62,
KMT-2021-BLG-2022,BLG32M0403.015553,18:13:55.20,-27:30:51.91,9428.87794,16.23,0.176,20.98,18.18,18.18,1,0.46,
KMT-2021-BLG-2023,BLG42N0703.017421,17:55:07.08,-29:53:27.60,9435.62218,199.97,0.004,23.23,17.96,17.96,1,1.24,MB21314
KMT-2021-BLG-2024,BLG43T0301.082552,17:59:55.51,-29:07:14.02,9427.97916,2.47,0.358,20.67,19.66,19.66,1,1.03,
KMT-2021-BLG-2025,BLG01M0605.024833,17:56:02.46,-30:28:18.41,9435.27017,56.68,0.015,22.47,19.43,19.43,1,2.27,
KMT-2021-BLG-2026,SAO01M0607.072091,17:55:58.99,-30:13:01.88,9430.49438,5.79,0.051,21.21,19.98,19.98,1,1.56,
KMT-2021-BLG-2027,BLG01T0303.002258,17:52:47.14,-31:56:06.00,9435.18671,11.84,0.275,20.17,16.33,16.33,1,2.01,
KMT-2021-BLG-2028,BLG02M0603.036527,17:55:48.64,-28:41:46.93,9422.77729,26.26,0.597,19.64,19.11,19.11,2,1.9,
KMT-2021-BLG-2029,BLG11M0503.015790,17:29:43.86,-29:34:25.75,9431.0671,5.04,0.272,20.04,19.48,19.48,2,2.18,
KMT-2021-BLG-2030,BLG12M0801.007777,17:27:51.17,-27:42:13.18,9426.81792,31.76,0.169,22.71,19.43,19.43,2,2.14,
KMT-2021-BLG-2031,BLG14M0601.001126,17:38:15.70,-28:45:47.20,9449.34724,10.95,0.273,17.04,17.07,17.07,2,3.73,
KMT-2021-BLG-2032,BLG15N0603.039316,17:38:13.84,-27:34:35.33,9425.89957,18.73,0.739,19.96,20.0,20.68,2,2.75,
KMT-2021-BLG-2033,BLG15N0707.047802,17:37:45.64,-27:03:27.76,9437.04731,55.8,0.135,21.79,20.0,20.86,2,2.66,
KMT-2021-BLG-2034,BLG18K0505.006200,17:43:21.48,-26:10:18.44,9468.73486,124.63,0.51,19.8,18.46,18.46,2,3.1,
KMT-2021-BLG-2035,BLG19T0108.080501,17:45:31.47,-24:48:16.56,9433.43317,22.01,0.094,22.19,20.0,22.25,2,3.21,
KMT-2021-BLG-2036,BLG22N0603.063621,17:56:13.29,-34:01:25.72,9432.41377,27.32,0.095,22.44,20.0,20.16,1,0.9,
KMT-2021-BLG-2037,BLG33M0605.028440,18:14:44.03,-29:27:29.48,9427.19954,3.49,0.83,19.12,19.16,19.16,1,0.42,
KMT-2021-BLG-2038,BLG37N0403.017880,17:47:28.12,-36:05:29.29,9483.11245,47.73,0.668,18.92,18.94,18.94,1,1.08,
KMT-2021-BLG-2039,SAO41T0802.022509,17:49:38.26,-32:06:54.04,9430.58238,5.91,0.044,22.46,20.0,21.94,2,4.29,
KMT-2021-BLG-2040,SAO42M0201.006449,17:57:54.53,-28:58:39.29,9432.80518,198.23,0.005,24.62,16.84,16.84,1,1.59,
KMT-2021-BLG-2041,SAO42T0702.005628,17:50:19.33,-29:58:08.69,9430.97888,8.1,0.069,22.01,17.69,17.69,1,3.45,
KMT-2021-BLG-2042,SAO43K0208.022416,18:00:42.29,-27:01:32.09,9444.55552,11.24,0.175,19.27,19.24,19.24,1,2.39,MB21338
KMT-2021-BLG-2043,BLG02K0605.046613,17:51:07.10,-28:25:22.55,9449.90734,42.96,0.698,19.99,20.0,21.54,2,3.89,
KMT-2021-BLG-2044,BLG02T0102.093316,17:53:45.42,-29:51:20.41,9438.06867,191.61,0.05,22.89,19.86,19.86,1,1.38,
KMT-2021-BLG-2045,BLG02T0604.040735,17:51:00.07,-29:37:00.52,9435.5088,22.17,0.143,21.26,19.71,19.71,1,2.93,
KMT-2021-BLG-2046,BLG11M0606.012025,17:29:08.00,-29:15:27.61,9432.70029,31.63,0.236,21.06,18.99,18.99,1,2.19,
KMT-2021-BLG-2047,BLG13M0406.005337,17:37:53.75,-33:38:35.38,9432.46783,5.72,0.112,18.36,18.35,18.35,2,2.92,
KMT-2021-BLG-2048,BLG14K0407.056102,17:34:46.01,-28:04:36.62,9438.78972,14.94,0.077,20.49,20.0,21.17,2,3.02,
KMT-2021-BLG-2049,BLG15N0308.061542,17:39:51.31,-26:51:43.96,9431.0027,5.17,0.044,22.25,20.0,22.04,2,3.57,
KMT-2021-BLG-2050,SAO19K0102.022175,17:45:52.94,-24:26:22.34,9443.80613,29.37,0.529,19.55,19.56,19.56,2,2.42,
KMT-2021-BLG-2051,SAO33K0405.004609,18:10:50.68,-29:21:53.32,9436.35065,22.75,0.103,18.94,17.38,17.38,1,0.74,
KMT-2021-BLG-2052,BLG42N0208.025263,17:58:07.78,-29:17:20.51,9434.80514,14.44,0.898,19.31,18.57,18.57,1,1.52,
KMT-2021-BLG-2053,BLG42T0307.010600,17:52:43.65,-29:20:55.61,9430.91925,2.98,0.962,18.46,17.6,17.6,1,2.55,
KMT-2021-BLG-2054,SAO02T0201.095328,17:53:14.64,-30:02:30.01,9437.18924,8.11,0.344,19.87,20.0,20.03,1,1.55,
KMT-2021-BLG-2055,BLG02T0704.059191,17:50:37.85,-29:37:31.01,9441.97293,17.0,0.595,19.57,20.0,20.67,1,3.18,
KMT-2021-BLG-2056,SAO03K0608.018553,17:59:01.08,-26:56:44.41,9440.8978,12.56,0.445,19.24,19.31,19.31,1,2.54,
KMT-2021-BLG-2057,BLG03N0708.030167,18:02:45.21,-28:06:46.58,9434.19015,6.18,0.155,19.1,18.55,18.55,1,0.9,
KMT-2021-BLG-2058,BLG03T0303.083344,18:00:35.88,-28:39:28.58,9440.96325,58.98,0.03,20.18,19.58,19.58,1,1.18,MB21319
KMT-2021-BLG-2059,SAO03T0502.070463,17:59:20.61,-28:50:13.70,9433.90832,22.51,0.138,20.8,19.31,19.31,1,1.1,
KMT-2021-BLG-2060,SAO04K0101.077469,18:03:19.16,-29:57:04.10,9433.36904,3.5,0.054,20.77,19.93,19.93,1,0.78,
KMT-2021-BLG-2061,SAO04K0304.001890,18:02:28.38,-29:35:13.81,9436.6257,86.14,0.005,21.91,15.67,15.67,1,1.2,MB21315
KMT-2021-BLG-2062,BLG04K0804.034307,17:59:34.49,-29:30:28.58,9433.1864,2.29,0.059,19.24,19.08,19.08,1,1.62,MB21312
KMT-2021-BLG-2063,BLG12N0307.017227,17:30:53.13,-28:05:53.05,9440.29115,15.03,0.376,19.89,19.89,19.89,2,2.29,
KMT-2021-BLG-2064,BLG14M0105.054629,17:41:10.30,-28:17:11.47,9432.34101,17.58,0.039,23.37,20.0,21.89,2,4.02,
KMT-2021-BLG-2065,SAO14M0107.082007,17:41:17.89,-27:57:49.07,9434.75222,15.54,0.063,21.74,20.0,22.39,2,3.87,
KMT-2021-BLG-2066,BLG14T0601.031630,17:33:45.23,-29:52:14.02,9445.44576,96.89,0.004,22.08,20.0,20.87,2,2.92,
KMT-2021-BLG-2067,BLG15K0401.047513,17:34:41.62,-26:36:46.51,9457.40044,34.64,0.063,20.43,20.0,20.9,2,2.7,MB21349
KMT-2021-BLG-2068,SAO15N0507.001815,17:38:49.98,-27:04:01.06,9434.91153,49.82,0.054,21.82,17.21,17.21,4,3.19,
KMT-2021-BLG-2069,BLG15N0701.095998,17:38:01.02,-27:48:31.64,9434.50565,53.15,0.024,23.9,20.0,22.31,2,3.06,
KMT-2021-BLG-2070,BLG18T0404.003529,17:43:54.88,-27:25:48.50,9442.50466,126.09,0.036,22.81,18.34,18.34,2,3.97,
KMT-2021-BLG-2071,BLG19T0403.027426,17:44:08.89,-25:27:16.09,9433.94986,17.16,0.112,21.81,20.0,20.76,2,3.17,
KMT-2021-BLG-2072,BLG19T0506.022638,17:43:13.75,-25:03:15.30,9463.95247,53.52,0.534,20.07,20.0,20.81,2,3.25,
KMT-2021-BLG-2073,BLG19T0801.040292,17:41:43.50,-25:40:13.55,9440.69634,0.88,0.029,21.26,20.0,20.56,2,2.46,
KMT-2021-BLG-2074,BLG19T0808.008995,17:41:44.98,-24:45:40.21,9452.81659,36.38,0.554,20.01,18.74,18.74,1,2.42,
KMT-2021-BLG-2075,BLG22K0306.044827,17:52:41.66,-32:29:27.31,9433.88825,0.5,0.084,18.81,19.51,19.51,1,1.42,
KMT-2021-BLG-2076,BLG37M0803.046764,17:44:59.64,-34:56:37.25,9434.36517,42.03,0.798,19.36,20.0,20.08,2,1.71,
KMT-2021-BLG-2077,SAO38T0806.009892,17:50:56.29,-22:58:09.73,9431.43741,2.19,0.996,18.86,18.84,18.84,4,2.2,
KMT-2021-BLG-2078,SAO41K0407.020230,17:51:42.36,-30:22:19.88,9436.50336,4.42,0.177,19.13,18.94,18.94,1,2.41,MB21317
KMT-2021-BLG-2079,BLG41K0501.040496,17:51:18.36,-31:08:13.63,9442.32079,16.16,0.214,20.25,20.0,20.28,2,2.51,
KMT-2021-BLG-2080,SAO42N0403.032542,17:56:47.54,-29:52:56.60,9436.4214,11.61,0.213,20.87,19.21,19.21,1,1.98,
KMT-2021-BLG-2081,BLG42N0801.038547,17:54:38.76,-30:07:17.51,9438.10766,15.68,0.221,20.21,19.21,19.21,1,1.33,
KMT-2021-BLG-2082,BLG43K0104.012669,18:01:21.92,-27:30:25.99,9436.7334,5.2,0.044,19.44,17.92,17.92,1,1.35,MB21316
KMT-2021-BLG-2083,BLG43N0502.017613,18:04:03.97,-28:55:32.48,9436.94704,16.94,0.471,19.62,18.11,18.11,1,0.73,
KMT-2021-BLG-2084,BLG02T0504.031597,17:51:30.04,-29:38:35.48,9442.49225,19.0,0.095,20.32,19.21,19.21,1,2.4,
KMT-2021-BLG-2085,BLG11M0806.015188,17:28:02.55,-29:11:09.31,9439.81839,9.01,0.898,19.05,19.09,19.09,2,1.75,
KMT-2021-BLG-2086,BLG14N0604.011474,17:38:41.73,-29:30:43.16,9440.79466,55.77,0.062,22.46,20.0,20.27,2,4.48,
KMT-2021-BLG-2087,BLG43N0106.032340,18:06:11.34,-28:28:12.40,9438.44225,14.99,0.069,19.46,18.98,18.98,1,0.96,
KMT-2021-BLG-2088,BLG02K0201.041024,17:53:26.52,-28:50:48.55,9446.76916,22.65,0.09,20.12,19.71,19.71,3,2.25,MB21324
KMT-2021-BLG-2089,BLG02M0704.036141,17:55:24.21,-28:30:36.14,9435.60087,43.64,0.006,24.03,20.0,20.12,2,2.38,
KMT-2021-BLG-2090,BLG11K0405.007427,17:25:09.96,-29:16:28.49,9458.97483,199.99,0.006,21.63,18.25,18.25,1,1.74,
KMT-2021-BLG-2091,BLG14N0806.009484,17:37:02.40,-29:13:52.72,9437.39835,8.8,0.142,19.83,19.26,19.26,2,3.53,
KMT-2021-BLG-2092,BLG14T0503.082220,17:34:21.91,-29:40:08.90,9449.38891,133.69,0.493,19.87,20.0,21.56,3,2.83,
KMT-2021-BLG-2093,BLG14T0804.001075,17:32:24.88,-29:32:48.66,9443.99407,26.08,0.032,20.81,16.91,16.91,2,2.94,
KMT-2021-BLG-2094,BLG17N0503.002219,17:46:59.24,-33:58:00.19,9455.54611,18.28,0.99,17.27,16.14,16.14,1,1.67,
KMT-2021-BLG-2095,BLG17T0101.069452,17:44:03.10,-34:11:40.99,9440.33744,20.44,0.2,21.27,20.0,20.41,1,1.63,
KMT-2021-BLG-2096,SAO22M0707.062508,17:55:18.26,-32:19:21.00,9444.53937,24.21,0.339,20.0,20.0,20.41,1,1.76,
KMT-2021-BLG-2097,BLG31T0307.042656,18:11:52.11,-26:04:21.40,9454.24156,58.48,0.677,19.57,19.61,19.61,1,1.12,
KMT-2021-BLG-2098,SAO02N0203.015678,17:58:08.69,-29:43:44.87,9451.96905,30.01,0.036,18.79,17.99,17.99,2,1.14,MB21328
KMT-2021-BLG-2099,BLG03N0603.077164,18:03:33.76,-28:40:26.11,9439.64635,8.21,0.34,19.47,19.67,19.67,1,0.85,MB21322
KMT-2021-BLG-2100,BLG16M0606.037890,17:38:21.96,-23:58:03.90,9442.71707,56.32,0.144,21.52,20.0,20.22,2,1.81,
KMT-2021-BLG-2101,BLG17N0202.019336,17:48:48.87,-34:10:36.80,9438.82772,9.61,0.192,20.35,18.98,18.98,1,1.75,
KMT-2021-BLG-2102,BLG18K0404.093670,17:44:06.00,-26:14:44.02,9440.2163,27.77,0.042,22.22,20.0,21.94,2,2.9,
KMT-2021-BLG-2103,BLG19T0402.007779,17:43:48.33,-25:32:14.24,9438.51669,5.29,0.281,20.17,18.97,18.97,2,2.82,
KMT-2021-BLG-2104,SAO20K0204.013753,17:44:56.23,-22:04:07.61,9448.6338,15.94,0.107,19.94,19.22,19.22,4,1.73,
KMT-2021-BLG-2105,BLG20T0805.051391,17:41:33.77,-23:01:16.25,9426.02763,0.5,0.004,19.34,20.0,21.2,2,2.01,
KMT-2021-BLG-2106,BLG32K0403.016006,18:09:13.30,-27:33:03.60,9435.87118,9.81,0.09,21.9,18.31,18.31,1,0.9,
KMT-2021-BLG-2107,BLG33M0508.011201,18:15:34.20,-29:00:04.61,9440.30733,8.34,0.191,19.13,18.22,18.22,1,0.51,
KMT-2021-BLG-2108,BLG33T0405.065412,18:11:00.44,-30:36:22.03,9437.49815,14.31,0.013,21.18,20.0,25.0,3,0.54,
KMT-2021-BLG-2109,BLG35N0703.026405,18:05:19.53,-26:38:07.58,9439.31602,28.49,0.224,20.59,19.07,19.07,1,1.56,
KMT-2021-BLG-2110,BLG35T0808.033802,18:00:07.58,-25:56:39.73,9439.97083,72.7,0.013,23.39,20.0,21.49,2,3.67,
KMT-2021-BLG-2111,BLG37N0806.017454,17:45:09.05,-35:48:02.09,9452.42751,52.57,0.033,21.55,19.18,19.18,1,1.24,
KMT-2021-BLG-2112,BLG41N0306.021921,17:57:31.01,-31:36:05.62,9437.19677,11.81,0.294,21.33,19.07,19.07,1,1.42,
KMT-2021-BLG-2113,BLG41T0304.058880,17:52:27.72,-31:54:16.99,9436.50015,69.93,0.006,24.58,20.0,20.33,1,2.08,
KMT-2021-BLG-2114,SAO42K0501.006300,17:51:27.90,-28:59:47.11,9438.41808,26.3,0.031,22.97,18.73,18.73,2,4.11,
KMT-2021-BLG-2115,BLG42N0201.004188,17:58:14.62,-30:05:33.40,9436.22061,66.03,0.009,23.88,16.75,16.75,1,1.61,
KMT-2021-BLG-2116,BLG43N0105.017479,18:06:01.21,-28:30:06.70,9443.21849,5.73,0.081,18.5,18.41,18.41,1,0.95,
KMT-2021-BLG-2117,SAO01N0406.049338,17:57:24.24,-31:27:56.41,9433.16532,66.29,0.078,22.44,19.8,19.8,1,1.42,
KMT-2021-BLG-2118,BLG02N0604.020989,17:56:07.39,-29:37:40.19,9443.42273,12.71,0.266,18.87,18.23,18.23,1,1.47,
KMT-2021-BLG-2119,SAO14N0804.002204,17:37:13.90,-29:33:33.19,9450.4132,18.56,0.141,18.94,17.73,17.73,2,3.67,
KMT-2021-BLG-2120,SAO15N0607.075325,17:38:38.84,-27:00:51.05,9439.10614,6.79,0.038,20.6,20.0,21.79,2,3.04,
KMT-2021-BLG-2121,BLG15N0805.072689,17:37:20.15,-27:13:24.35,9437.67509,5.07,0.038,22.1,20.0,21.62,3,2.93,
KMT-2021-BLG-2122,BLG19T0102.074916,17:45:42.56,-25:33:26.39,9446.00729,36.43,0.266,21.27,20.0,21.62,2,2.65,
KMT-2021-BLG-2123,BLG34K0602.075586,18:00:32.24,-31:55:59.41,9438.23764,44.17,0.046,21.46,20.0,20.56,1,1.1,
KMT-2021-BLG-2124,BLG01T0807.008007,17:49:55.75,-31:20:46.68,9441.08336,17.02,0.002,23.11,20.0,21.58,2,5.51,
KMT-2021-BLG-2125,BLG02N0605.073012,17:56:02.57,-29:31:41.70,9433.94121,37.84,0.589,19.36,19.73,19.73,1,1.8,
KMT-2021-BLG-2126,BLG02N0701.049620,17:55:29.56,-29:59:25.91,9440.54689,4.66,0.189,21.13,19.21,19.21,1,1.5,
KMT-2021-BLG-2127,BLG02T0301.087568,17:52:52.43,-29:59:07.12,9446.44623,19.02,0.25,19.93,20.0,20.07,1,1.83,
KMT-2021-BLG-2128,BLG02T0505.016325,17:51:30.25,-29:28:25.10,9441.69584,7.34,0.175,20.2,18.41,18.41,1,3.5,
KMT-2021-BLG-2129,BLG03M0503.020163,18:04:04.43,-27:37:49.30,9463.39622,46.48,0.314,19.49,18.43,18.43,1,1.03,
KMT-2021-BLG-2130,BLG03T0305.056110,18:00:40.91,-28:22:51.10,9440.36101,19.67,0.508,20.35,19.15,19.15,1,1.21,
KMT-2021-BLG-2131,BLG11M0506.026674,17:29:50.91,-29:09:24.12,9440.83493,17.51,0.25,21.23,20.0,20.15,2,2.36,
KMT-2021-BLG-2132,SAO11T0608.002173,17:23:56.47,-30:04:13.84,9443.99088,198.85,0.005,22.83,16.9,16.9,2,1.9,
KMT-2021-BLG-2133,BLG14K0108.058777,17:36:34.04,-27:56:58.20,9444.60679,23.07,0.041,21.54,20.0,21.74,2,3.26,
KMT-2021-BLG-2134,BLG14M0206.035100,17:40:24.72,-28:08:29.44,9440.27028,1.65,0.056,20.31,20.0,21.49,2,3.83,
KMT-2021-BLG-2135,BLG14T0405.032036,17:34:46.68,-29:26:11.94,9440.0671,8.47,0.018,19.92,20.0,20.71,2,3.07,
KMT-2021-BLG-2136,BLG14T0408.072555,17:34:34.46,-28:59:20.26,9437.36006,26.78,0.088,22.52,20.0,21.72,2,3.09,
KMT-2021-BLG-2137,BLG14T0505.042377,17:34:03.06,-29:23:40.92,9439.99155,48.02,0.002,24.63,20.0,20.66,2,2.62,
KMT-2021-BLG-2138,BLG15M0102.017190,17:41:03.15,-26:32:34.58,9441.13463,14.19,0.016,21.43,20.0,20.48,2,3.4,
KMT-2021-BLG-2139,BLG15N0705.087070,17:37:47.93,-27:19:57.65,9446.41168,50.76,0.135,21.9,20.0,22.01,2,3.17,
KMT-2021-BLG-2140,BLG15T0101.014405,17:36:30.41,-27:48:45.25,9441.6573,13.09,0.841,19.75,20.0,20.36,2,3.45,
KMT-2021-BLG-2141,BLG16M0704.048116,17:37:47.35,-24:11:40.92,9439.62741,5.63,0.2,20.22,20.0,20.8,2,2.02,
KMT-2021-BLG-2142,BLG17N0302.000588,17:48:14.48,-34:07:27.80,9481.78468,19.31,0.456,15.69,15.02,15.02,1,1.54,MB21333
KMT-2021-BLG-2143,BLG17T0708.024053,17:40:18.12,-33:21:00.36,9449.42819,43.25,0.18,21.29,20.0,20.67,2,3.27,
KMT-2021-BLG-2144,BLG19K0101.023364,17:45:46.87,-24:31:18.08,9448.43756,13.81,0.104,20.02,20.0,20.02,1,2.44,
KMT-2021-BLG-2145,BLG19K0208.024823,17:45:12.90,-23:40:55.85,9458.24775,19.5,0.343,19.31,19.14,19.14,2,1.63,
KMT-2021-BLG-2146,BLG19N0804.083317,17:46:19.37,-25:15:25.45,9449.83356,27.22,0.044,21.17,20.0,22.19,2,3.24,
KMT-2021-BLG-2147,BLG19T0601.090491,17:42:54.96,-25:36:46.15,9441.16809,14.27,0.052,21.67,20.0,21.93,2,2.7,
KMT-2021-BLG-2148,BLG20K0605.006182,17:42:48.41,-21:55:45.01,9439.79418,7.04,0.278,20.44,18.25,18.25,4,1.5,
KMT-2021-BLG-2149,BLG20N0308.050959,17:49:11.80,-22:39:26.89,9447.1712,21.37,0.743,19.96,20.0,20.33,1,1.89,
KMT-2021-BLG-2150,BLG22M0703.106457,17:55:36.35,-32:50:04.20,9442.76227,12.97,0.095,21.21,20.0,25.0,3,1.29,
KMT-2021-BLG-2151,BLG22T0506.020251,17:51:19.70,-33:34:38.71,9446.0988,13.47,0.168,20.09,19.66,19.66,2,1.87,
KMT-2021-BLG-2152,BLG32T0807.005643,18:06:40.68,-28:11:54.60,9457.65512,15.54,0.905,17.29,17.27,17.27,1,1.05,MB21361
KMT-2021-BLG-2153,BLG35T0506.058689,18:01:55.99,-26:14:23.50,9443.93536,18.46,0.47,20.77,20.0,22.35,2,3.21,
KMT-2021-BLG-2154,BLG37K0508.033006,17:41:26.10,-34:22:16.07,9442.40351,96.54,0.016,22.4,20.0,20.27,2,2.02,
KMT-2021-BLG-2155,BLG41N0103.014423,17:58:30.91,-32:01:05.20,9457.56683,20.28,0.19,19.0,18.98,18.98,1,1.54,MB21357
KMT-2021-BLG-2156,BLG42K0101.069854,17:53:32.02,-29:01:08.90,9439.99028,46.31,0.009,23.9,19.61,19.61,1,2.27,
KMT-2021-BLG-2157,BLG42N0202.052470,17:58:00.45,-29:58:47.50,9443.44256,63.78,0.043,21.49,19.47,19.47,1,1.43,
KMT-2021-BLG-2158,BLG42T0301.061503,17:52:16.38,-30:09:01.12,9437.0975,80.95,0.125,23.39,19.79,19.79,1,1.87,
KMT-2021-BLG-2159,BLG42T0606.020784,17:50:58.27,-29:28:10.42,9449.6607,19.39,0.898,19.2,19.25,19.25,1,3.65,
KMT-2021-BLG-2160,BLG43N0307.017845,18:05:11.13,-28:16:40.69,9440.04083,16.46,0.003,23.53,18.2,18.2,1,0.86,
KMT-2021-BLG-2161,BLG02M0807.047915,17:54:54.91,-28:06:07.56,9443.54068,131.4,0.035,23.85,20.0,21.2,2,3.38,
KMT-2021-BLG-2162,SAO03N0202.003341,18:06:04.72,-28:45:02.70,9465.64496,81.59,0.992,16.98,16.27,16.27,1,1.03,
KMT-2021-BLG-2163,BLG17T0807.087962,17:39:52.26,-33:32:43.58,9466.06972,79.52,0.486,19.88,20.0,25.0,3,2.77,
KMT-2021-BLG-2164,BLG19M0604.008859,17:47:31.89,-24:12:24.37,9460.0601,164.83,0.369,20.17,18.77,18.77,2,2.18,
KMT-2021-BLG-2165,BLG20N0708.048400,17:46:41.16,-22:38:47.11,9439.88732,6.08,0.181,20.36,19.93,19.93,1,1.49,
KMT-2021-BLG-2166,BLG31K0802.028169,18:09:26.22,-25:33:25.20,9444.25517,64.81,0.025,22.85,19.43,19.43,1,1.54,
KMT-2021-BLG-2167,BLG35T0403.009526,18:02:00.66,-26:38:32.14,9450.06469,44.22,0.012,19.06,18.96,18.96,2,2.44,MB21323
KMT-2021-BLG-2168,BLG37N0506.013552,17:46:39.86,-35:42:26.39,9453.07693,56.51,0.579,18.84,18.73,18.73,1,1.33,
KMT-2021-BLG-2169,BLG42N0706.016519,17:55:19.51,-29:32:18.20,9446.5627,56.69,0.092,21.27,17.85,17.85,1,1.46,
KMT-2021-BLG-2170,SAO42N0801.040471,17:54:48.50,-30:06:12.10,9444.6295,16.14,0.086,21.14,19.26,19.26,1,1.35,
KMT-2021-BLG-2171,SAO42T0402.050862,17:52:06.67,-30:03:35.32,9442.72628,44.05,0.008,23.63,19.82,19.82,1,2.23,
KMT-2021-BLG-2172,BLG03K0207.006042,18:01:10.14,-27:04:26.40,9455.2862,7.67,0.999,18.78,17.44,17.44,1,2.22,
KMT-2021-BLG-2173,SAO03N0107.077754,18:06:33.51,-28:07:43.61,9431.05724,52.93,0.028,22.69,20.0,20.11,1,1.04,
KMT-2021-BLG-2174,BLG04K0402.010600,18:01:47.01,-29:45:58.28,9478.61383,49.3,0.468,18.54,17.78,17.78,1,1.03,
KMT-2021-BLG-2175,BLG04M0203.058443,18:07:48.74,-29:39:02.92,9442.38945,21.74,0.059,20.87,19.83,19.83,1,0.75,
KMT-2021-BLG-2176,SAO04T0701.045602,17:59:52.58,-31:00:00.50,9443.46878,14.47,0.055,21.31,20.0,20.03,1,1.77,
KMT-2021-BLG-2177,BLG13K0305.020143,17:33:03.41,-33:46:11.68,9468.42688,48.33,0.202,20.29,20.0,21.2,2,4.97,
KMT-2021-BLG-2178,SAO14K0807.001807,17:32:17.06,-27:58:09.59,9441.89092,16.35,0.068,20.29,17.18,17.18,2,2.38,
KMT-2021-BLG-2179,BLG14M0305.011586,17:40:18.05,-28:17:10.90,9442.771,40.8,0.084,22.99,19.33,19.33,2,3.89,
KMT-2021-BLG-2180,BLG14T0105.034666,17:36:07.59,-29:23:47.51,9283.94649,77.74,0.612,19.92,20.0,20.86,2,3.07,
KMT-2021-BLG-2181,SAO15K0303.003704,17:35:32.94,-26:21:49.90,9481.75353,36.23,0.064,18.4,18.46,18.46,2,3.1,
KMT-2021-BLG-2182,BLG19M0805.001750,17:46:24.10,-24:02:53.74,9478.22564,51.71,0.677,18.31,16.58,16.58,2,2.09,
KMT-2021-BLG-2183,BLG32K0208.004049,18:10:07.92,-26:55:37.99,9439.77,49.86,0.456,20.56,17.28,17.28,1,1.45,
KMT-2021-BLG-2184,BLG32T0603.006965,18:08:09.06,-28:38:15.22,9465.36031,20.6,0.281,18.24,17.55,17.55,1,0.88,MB21346
KMT-2021-BLG-2185,BLG37M0402.003134,17:47:40.89,-35:08:20.90,9480.43376,21.02,0.387,16.4,16.41,16.41,1,1.07,
KMT-2021-BLG-2186,BLG37M0408.068554,17:47:40.79,-34:22:51.49,9446.84645,55.7,0.157,21.5,20.0,20.73,1,1.53,
KMT-2021-BLG-2187,SAO38K0302.002051,17:53:35.91,-22:17:54.67,9489.22347,30.87,0.266,16.61,16.52,16.52,4,2.19,
KMT-2021-BLG-2188,BLG42N0106.015771,17:58:38.07,-29:33:11.70,9506.95711,107.65,0.224,19.07,18.1,18.1,1,1.14,
KMT-2021-BLG-2189,SAO42N0406.031526,17:56:53.95,-29:31:58.51,9292.69673,23.87,1.0,18.58,18.79,18.79,1,1.52,
KMT-2021-BLG-2190,SAO42N0806.047588,17:54:32.95,-29:29:46.72,9451.84527,23.57,0.013,20.6,19.0,19.0,1,1.43,
KMT-2021-BLG-2191,SAO43K0502.003302,17:59:02.37,-27:46:46.81,9445.26462,196.89,0.008,24.09,16.37,16.37,1,2.08,
KMT-2021-BLG-2192,SAO43K0803.004289,17:57:08.23,-27:43:54.80,9495.7505,47.89,0.13,18.82,18.81,18.81,2,3.9,
KMT-2021-BLG-2193,SAO43M0805.059818,18:02:08.72,-27:25:01.42,9451.62985,41.3,0.147,20.48,19.82,19.82,1,1.8,
KMT-2021-BLG-2194,SAO43T0703.020586,17:57:52.45,-28:50:26.81,9446.80447,12.54,0.08,20.41,18.25,18.25,1,1.21,MB21330
KMT-2021-BLG-2195,BLG02M0405.040689,17:57:08.17,-28:27:01.40,9446.43144,69.07,0.041,21.02,19.23,19.23,1,1.72,
KMT-2021-BLG-2196,BLG02T0503.022068,17:51:45.51,-29:48:54.22,9451.01981,68.84,0.054,21.25,18.88,18.88,1,2.48,
KMT-2021-BLG-2197,BLG14M0304.005221,17:40:08.14,-28:21:33.66,9442.57689,17.62,0.176,22.12,18.77,18.77,2,3.82,
KMT-2021-BLG-2198,SAO15M0502.000603,17:38:42.47,-26:35:58.63,9481.28161,25.12,0.22,16.43,16.46,16.46,2,2.76,
KMT-2021-BLG-2199,BLG15M0603.003269,17:38:31.35,-26:24:58.82,9448.52652,14.75,0.746,20.26,18.16,18.16,2,3.36,
KMT-2021-BLG-2200,BLG15T0601.010796,17:33:45.23,-27:45:02.34,9437.26576,33.63,0.302,22.6,19.74,19.74,2,2.77,
KMT-2021-BLG-2201,BLG19T0506.017268,17:43:10.60,-25:00:48.85,9455.02193,35.54,0.247,20.66,20.0,20.54,2,3.03,
KMT-2021-BLG-2202,BLG21M0503.027964,17:56:30.69,-35:01:11.71,9475.42699,60.52,0.09,19.02,19.3,19.3,1,0.93,
KMT-2021-BLG-2203,BLG32K0707.049534,18:07:37.69,-27:03:19.80,9444.28295,10.08,0.697,19.96,19.41,19.41,1,1.13,
KMT-2021-BLG-2204,BLG32T0101.007901,18:10:48.26,-28:58:20.71,9469.03042,48.41,0.219,18.22,17.77,17.77,1,0.73,
KMT-2021-BLG-2205,BLG34N0807.009115,18:04:32.42,-32:21:17.78,9444.32335,11.51,1.0,19.01,18.37,18.37,2,0.86,
KMT-2021-BLG-2206,BLG35N0204.046194,18:08:11.37,-26:30:28.58,9461.80203,48.28,0.381,21.51,19.66,19.66,1,1.18,
KMT-2021-BLG-2207,SAO02N0102.006078,17:58:55.10,-29:54:52.31,9444.48536,22.27,0.798,17.91,16.56,16.56,1,1.12,
KMT-2021-BLG-2208,BLG17N0206.043498,17:48:56.79,-33:34:51.89,9441.55377,35.71,0.508,19.5,19.61,19.61,1,1.58,
KMT-2021-BLG-2209,BLG21K0401.029790,17:52:20.98,-35:11:49.49,9458.93142,30.93,0.112,19.88,19.01,19.01,1,0.63,MB21364
KMT-2021-BLG-2210,BLG21K0601.019741,17:50:50.23,-35:18:13.79,9456.87042,33.85,0.903,19.61,18.6,18.6,1,0.67,
KMT-2021-BLG-2211,BLG01K0104.004034,17:53:57.67,-30:41:42.29,9466.67081,49.97,0.584,19.06,16.6,16.6,1,1.98,
KMT-2021-BLG-2212,BLG01N0701.051093,17:55:38.17,-32:07:39.00,9449.37733,37.06,0.119,21.18,19.94,19.94,1,1.57,
KMT-2021-BLG-2213,BLG02M0301.044397,17:57:31.50,-28:50:54.82,9445.67057,55.79,0.078,22.25,18.98,18.98,1,1.33,
KMT-2021-BLG-2214,BLG02N0801.097307,17:54:45.36,-30:00:49.21,9447.2066,18.22,0.118,20.91,20.0,20.2,1,1.32,
KMT-2021-BLG-2215,BLG02T0101.084769,17:54:09.81,-30:00:02.20,9448.67516,199.81,0.008,24.34,19.85,19.85,1,1.53,
KMT-2021-BLG-2216,BLG02T0607.015969,17:51:09.71,-29:12:53.39,9501.53458,140.86,0.256,20.35,19.2,19.2,1,3.92,
KMT-2021-BLG-2217,BLG03M0104.019276,18:06:29.08,-27:28:39.40,9473.22761,98.86,0.715,18.5,18.26,18.26,1,0.8,
KMT-2021-BLG-2218,BLG03T0102.020569,18:01:28.04,-28:45:58.21,9450.96621,7.86,0.189,18.43,18.24,18.24,1,1.07,
KMT-2021-BLG-2219,BLG03T0208.038451,18:00:57.40,-28:01:31.40,9449.36668,7.45,0.081,19.72,18.87,18.87,1,1.2,
KMT-2021-BLG-2220,BLG04M0307.017097,18:07:01.17,-29:07:48.50,9508.27001,70.25,0.349,18.58,18.47,18.47,1,0.98,
KMT-2021-BLG-2221,BLG04N0304.039392,18:07:14.42,-30:43:54.98,9459.32526,27.35,0.21,20.34,19.81,19.81,1,1.04,MB21376
KMT-2021-BLG-2222,SAO11M0208.031065,17:31:10.52,-28:54:04.10,9449.52096,20.92,0.295,20.1,20.0,20.96,2,2.78,
KMT-2021-BLG-2223,BLG14K0506.033053,17:34:10.99,-28:11:59.28,9447.92951,2.38,0.002,21.23,20.0,20.48,2,2.63,
KMT-2021-BLG-2224,BLG14T0303.099955,17:35:24.32,-29:37:57.94,9445.16513,12.82,0.079,21.7,20.0,22.33,3,3.03,
KMT-2021-BLG-2225,BLG15M0401.049422,17:39:36.78,-26:43:07.75,9455.13752,147.3,0.011,23.36,20.0,21.33,2,3.05,
KMT-2021-BLG-2226,BLG15T0501.031740,17:34:09.57,-27:46:03.18,9444.45234,28.81,0.282,21.57,20.0,20.65,2,2.71,
KMT-2021-BLG-2227,BLG15T0604.001465,17:33:49.22,-27:23:40.09,9446.41005,88.51,0.034,23.22,17.73,17.73,2,3.26,
KMT-2021-BLG-2228,BLG18T0302.001425,17:44:13.24,-27:34:22.37,9452.50422,12.25,0.907,18.41,18.32,18.32,2,4.56,
KMT-2021-BLG-2229,BLG21T0407.049926,17:51:56.75,-35:39:35.71,9450.76019,19.08,0.027,20.68,19.94,19.94,1,0.7,
KMT-2021-BLG-2230,BLG31M0402.015219,18:16:19.80,-25:31:41.48,9446.47415,4.72,0.275,18.62,18.55,18.55,1,0.88,MB21336
KMT-2021-BLG-2231,SAO32N0304.001178,18:14:20.39,-28:35:33.79,9463.00204,54.4,0.416,16.14,15.26,15.26,1,0.47,MB21235
KMT-2021-BLG-2232,BLG32T0407.060954,18:09:19.68,-28:14:40.42,9472.5786,57.46,0.032,19.93,19.95,19.95,1,1.13,MB21384
KMT-2021-BLG-2233,BLG33K0504.005563,18:10:29.18,-29:35:04.09,9507.11581,50.61,0.399,18.93,17.53,17.53,1,0.73,
KMT-2021-BLG-2234,BLG34T0306.011056,18:02:12.93,-32:33:50.80,9485.9504,199.98,0.003,22.17,18.67,18.67,1,1.18,
KMT-2021-BLG-2235,BLG35N0807.024560,18:04:51.36,-26:01:29.71,9450.00146,9.25,0.399,19.65,19.66,19.66,1,2.39,
KMT-2021-BLG-2236,BLG36T0205.031697,18:15:02.30,-24:16:43.79,9445.87805,26.77,0.059,21.91,20.0,20.05,1,1.87,
KMT-2021-BLG-2237,BLG42N0208.055610,17:58:11.23,-29:17:32.32,9447.53289,22.05,0.175,21.34,19.35,19.35,1,1.52,
KMT-2021-BLG-2238,BLG43K0605.032566,17:58:36.45,-27:24:04.90,9458.85967,44.36,0.201,20.92,19.31,19.31,1,2.02,
KMT-2021-BLG-2239,BLG43N0804.039211,18:02:05.68,-28:42:36.22,9460.2294,69.28,0.796,19.16,18.85,18.85,1,1.1,
KMT-2021-BLG-2240,BLG01N0204.031396,17:58:28.64,-31:45:02.02,9455.94192,20.5,0.201,20.57,19.73,19.73,1,1.79,
KMT-2021-BLG-2241,BLG02M0305.005277,17:57:47.69,-28:26:02.62,9460.54494,16.0,0.9,17.62,16.38,16.38,1,1.68,
KMT-2021-BLG-2242,SAO02M0403.003298,17:57:15.31,-28:42:02.09,9501.86332,42.97,1.0,16.92,16.14,16.14,1,1.85,
KMT-2021-BLG-2243,BLG02N0104.052361,17:58:49.09,-29:36:28.30,9454.82126,17.13,0.047,20.25,19.22,19.22,1,1.32,
KMT-2021-BLG-2244,BLG02N0105.012190,17:59:00.22,-29:30:46.69,9450.80765,30.86,0.025,20.26,17.95,17.95,1,1.63,MB21345
KMT-2021-BLG-2245,BLG03K0103.033083,18:01:32.68,-27:34:17.29,9448.78467,18.75,0.178,21.22,18.9,18.9,1,1.42,
KMT-2021-BLG-2246,BLG03M0506.077284,18:04:12.88,-27:11:49.60,9500.4897,114.08,0.13,19.62,19.87,19.87,1,0.91,
KMT-2021-BLG-2247,BLG04K0103.076073,18:03:33.01,-29:41:41.10,9459.09515,36.96,0.107,21.09,20.0,20.11,1,1.05,MB21351
KMT-2021-BLG-2248,BLG11M0801.052757,17:28:05.32,-29:47:21.77,9453.0366,15.18,0.032,20.3,20.0,20.8,2,2.1,
KMT-2021-BLG-2249,SAO11N0107.007056,17:31:43.67,-30:14:56.51,9506.93372,96.16,0.204,18.44,18.29,18.29,2,2.56,
KMT-2021-BLG-2250,BLG15K0204.039270,17:36:00.70,-26:15:39.17,9444.85313,34.08,0.099,22.7,20.0,21.54,2,3.33,
KMT-2021-BLG-2251,BLG15M0806.068667,17:37:07.53,-26:00:29.12,9449.60078,15.52,0.096,21.61,20.0,22.15,2,3.33,
KMT-2021-BLG-2252,BLG15T0203.028453,17:35:50.55,-27:34:15.31,9452.55489,22.38,0.402,20.46,20.0,20.46,2,2.57,
KMT-2021-BLG-2253,BLG17T0301.025625,17:42:45.95,-34:13:46.60,9447.79955,11.93,0.699,19.95,19.54,19.54,1,2.02,
KMT-2021-BLG-2254,BLG18T0606.049362,17:43:00.42,-27:09:04.75,9508.52112,157.21,0.059,20.14,20.0,21.78,2,3.69,
KMT-2021-BLG-2255,BLG19K0803.000443,17:41:33.85,-24:21:25.70,9501.36014,102.49,0.341,17.33,14.75,14.75,1,1.68,
KMT-2021-BLG-2256,BLG19T0107.002035,17:45:23.04,-24:51:33.66,9468.19987,67.24,0.959,18.99,17.68,17.68,2,3.22,
KMT-2021-BLG-2257,BLG19T0301.011141,17:44:32.36,-25:37:12.83,9453.88454,37.53,0.495,20.44,19.55,19.55,2,2.81,
KMT-2021-BLG-2258,BLG35T0203.085567,18:03:35.09,-26:33:47.20,9453.53445,55.08,0.076,22.28,20.0,25.0,3,2.52,
KMT-2021-BLG-2259,BLG35T0306.022260,18:02:37.32,-26:09:32.18,9450.1284,70.52,0.06,22.41,20.0,20.58,2,3.44,
KMT-2021-BLG-2260,BLG36M0401.005449,18:18:40.36,-23:36:31.61,9460.70014,12.86,0.447,17.76,17.72,17.72,1,1.07,MB21353
KMT-2021-BLG-2261,BLG36M0805.013421,18:16:26.16,-23:07:22.40,9455.35108,60.66,0.112,21.19,18.86,18.86,1,1.46,
KMT-2021-BLG-2262,BLG38K0502.043272,17:52:21.21,-22:16:56.39,9448.4961,12.46,0.033,21.47,20.0,20.07,1,2.02,
KMT-2021-BLG-2263,BLG01M0503.036717,17:56:30.91,-30:45:25.88,9451.25054,9.87,0.437,19.58,18.98,18.98,1,1.31,
KMT-2021-BLG-2264,BLG02M0801.017058,17:54:57.21,-28:56:55.28,9454.36757,5.87,0.047,18.81,18.43,18.43,1,1.86,
KMT-2021-BLG-2265,BLG02T0502.037978,17:51:46.08,-29:53:17.81,9469.80318,111.04,0.121,21.0,19.45,19.45,1,2.51,
KMT-2021-BLG-2266,BLG04K0102.030139,18:03:17.29,-29:51:09.61,9469.00309,32.92,0.275,18.94,18.61,18.61,1,0.77,
KMT-2021-BLG-2267,BLG15M0804.053825,17:37:22.30,-26:16:16.03,9451.13581,10.77,0.019,21.76,20.0,21.61,2,3.21,
KMT-2021-BLG-2268,BLG15T0206.044221,17:35:37.59,-27:12:39.60,9449.80808,4.11,0.065,21.53,20.0,20.01,1,2.18,
KMT-2021-BLG-2269,BLG15T0802.005036,17:32:24.17,-27:35:20.80,9465.91787,15.62,0.149,18.63,18.62,18.62,2,2.56,
KMT-2021-BLG-2270,BLG21N0807.022214,17:54:53.93,-35:39:26.39,9458.95423,10.98,0.053,19.33,19.06,19.06,1,0.73,
KMT-2021-BLG-2271,BLG31N0803.011617,18:13:53.07,-26:31:41.20,9489.41242,46.91,0.308,19.05,18.29,18.29,1,0.9,
KMT-2021-BLG-2272,BLG34N0302.022586,18:07:19.08,-33:05:30.41,9449.98616,28.94,0.914,19.51,19.43,19.43,1,0.58,
KMT-2021-BLG-2273,BLG35M0301.041436,18:07:34.11,-25:42:46.19,9463.95126,26.52,0.003,20.08,19.6,19.6,1,1.55,MB21372
KMT-2021-BLG-2274,SAO36N0206.018651,18:19:50.46,-24:02:48.91,9482.35057,92.16,0.069,20.18,18.78,18.78,1,0.78,MB21400
KMT-2021-BLG-2275,BLG42N0804.071858,17:54:28.84,-29:45:32.00,9450.17734,198.41,0.019,23.39,19.3,19.3,1,1.34,
KMT-2021-BLG-2276,SAO43M0303.065862,18:05:02.24,-27:39:56.70,9451.34373,10.56,0.191,20.3,19.59,19.59,1,1.06,
KMT-2021-BLG-2277,SAO02K0304.004722,17:52:42.01,-28:31:50.41,9485.94577,27.68,0.314,17.59,17.61,17.61,2,3.4,MB21392
KMT-2021-BLG-2278,BLG02N0208.030042,17:58:19.72,-29:10:01.99,9459.51998,74.25,0.943,19.56,18.56,18.56,1,1.14,
KMT-2021-BLG-2279,BLG02N0801.051550,17:54:35.88,-29:58:11.10,9450.13502,5.46,0.884,19.23,19.12,19.12,1,1.33,
KMT-2021-BLG-2280,BLG15N0405.027305,17:39:44.91,-27:20:16.33,9450.38372,23.24,0.747,20.08,20.0,20.23,2,2.8,
KMT-2021-BLG-2281,SAO18K0408.012482,17:43:41.40,-25:47:28.50,9459.87776,15.25,0.23,19.53,19.58,19.58,2,2.7,
KMT-2021-BLG-2282,SAO21N0808.037695,17:54:51.38,-35:27:38.92,9461.11745,20.93,0.8,19.75,19.77,19.77,1,0.78,
KMT-2021-BLG-2283,SAO32T0101.005481,18:10:36.32,-28:52:57.54,9482.16856,191.25,0.165,17.88,17.41,17.41,2,0.76,MB21213
KMT-2021-BLG-2284,SAO37N0805.023030,17:44:48.72,-35:52:25.28,9499.82714,199.96,0.027,20.09,19.65,19.65,2,1.64,
KMT-2021-BLG-2285,BLG37T0105.000455,17:44:02.22,-35:49:55.70,9477.16814,110.28,0.097,19.84,15.76,15.76,2,1.62,
KMT-2021-BLG-2286,BLG02N0106.021741,17:58:43.96,-29:19:25.10,9466.4237,23.9,0.399,18.49,18.32,18.32,1,1.11,MB21366
KMT-2021-BLG-2287,SAO03K0508.009231,17:59:25.08,-26:57:46.01,9460.4679,38.52,0.166,20.98,18.25,18.25,1,2.63,
KMT-2021-BLG-2288,BLG12N0204.004735,17:31:26.46,-28:30:06.48,9486.12508,46.01,0.494,18.37,17.95,17.95,2,2.41,
KMT-2021-BLG-2289,BLG22K0305.067602,17:52:33.38,-32:35:26.81,9459.77712,20.45,0.092,20.06,20.0,20.21,1,1.52,MB21350
KMT-2021-BLG-2290,BLG22M0207.008693,17:58:23.95,-32:25:53.40,9442.89762,191.23,0.234,21.11,18.31,18.31,1,1.4,
KMT-2021-BLG-2291,BLG32M0301.016699,18:14:32.69,-27:47:38.51,9463.3578,10.15,0.486,18.63,18.27,18.27,1,0.5,MB21369
KMT-2021-BLG-2292,SAO41K0706.032720,17:50:25.82,-30:33:57.38,9454.30109,9.6,0.109,20.44,19.63,19.63,1,2.37,
KMT-2021-BLG-2293,BLG42T0401.058471,17:52:04.90,-30:10:10.60,9473.29168,49.54,0.344,19.27,19.77,19.77,1,1.92,
KMT-2021-BLG-2294,SAO43T0305.032063,18:00:14.98,-28:36:44.78,9452.54938,4.91,0.01,19.76,18.59,18.59,1,1.21,
KMT-2021-BLG-2295,SAO43T0308.016984,17:59:57.38,-28:12:17.71,9453.58118,3.33,0.479,19.05,18.09,18.09,1,1.26,
KMT-2021-BLG-2296,BLG01K0308.000531,17:52:42.92,-30:05:24.90,9465.85371,12.1,1.0,15.61,14.42,14.42,1,1.59,
KMT-2021-BLG-2297,BLG01K0501.000986,17:51:50.17,-30:58:20.10,9469.47804,24.0,0.397,18.25,15.56,15.56,1,2.23,
KMT-2021-BLG-2298,BLG02M0603.022964,17:55:53.31,-28:41:59.64,9468.98854,27.82,0.704,18.6,18.65,18.65,2,1.79,
KMT-2021-BLG-2299,BLG02N0408.008738,17:57:09.38,-29:10:55.99,9491.81698,37.81,0.999,18.01,17.55,17.55,1,1.88,
KMT-2021-BLG-2300,BLG02T0303.099999,17:52:52.49,-29:45:29.81,9454.06007,162.14,0.002,25.56,20.0,20.75,1,2.1,
KMT-2021-BLG-2301,BLG04K0407.043755,18:01:55.86,-29:13:28.99,9451.81472,136.16,0.024,23.11,19.04,19.04,1,1.19,
KMT-2021-BLG-2302,BLG04K0701.016662,17:59:41.29,-29:54:33.91,9453.41891,18.16,0.904,18.82,18.3,18.3,1,1.2,
KMT-2021-BLG-2303,BLG04N0305.070052,18:07:01.19,-30:36:03.38,9468.66281,80.67,0.028,22.87,20.0,20.96,1,1.1,MB21390
KMT-2021-BLG-2304,BLG04T0708.039980,17:59:51.33,-30:08:44.81,9459.35358,39.91,0.035,21.18,19.14,19.14,1,1.26,MB21363
KMT-2021-BLG-2305,BLG11M0107.027770,17:31:47.19,-29:06:26.50,9462.80425,23.14,0.083,21.0,20.0,21.04,2,3.34,
KMT-2021-BLG-2306,BLG11T0601.039269,17:23:57.29,-30:55:14.23,9453.52494,71.93,0.041,23.89,20.0,22.13,2,3.21,
KMT-2021-BLG-2307,BLG14K0601.007621,17:33:15.29,-28:48:44.50,9483.56094,65.63,0.348,19.51,19.56,19.56,2,3.34,
KMT-2021-BLG-2308,BLG14K0803.004491,17:32:31.24,-28:29:20.72,9463.48546,13.91,0.903,18.92,18.23,18.23,2,2.77,
KMT-2021-BLG-2309,BLG14M0308.067562,17:40:02.69,-27:52:01.24,9454.70163,69.67,0.009,23.86,20.0,21.89,2,3.29,
KMT-2021-BLG-2310,BLG15N0602.009273,17:38:29.09,-27:39:13.97,9464.99083,15.29,0.131,19.47,18.95,18.95,2,2.82,
KMT-2021-BLG-2311,BLG15N0805.003709,17:37:24.64,-27:16:46.09,9468.23356,9.22,0.2,17.92,17.85,17.85,2,3.04,MB21374
KMT-2021-BLG-2312,BLG15T0602.028069,17:33:46.76,-27:39:55.33,9454.92985,33.16,0.149,21.9,20.0,20.58,2,2.73,
KMT-2021-BLG-2313,BLG16M0604.002948,17:38:24.06,-24:06:55.98,9495.91649,28.05,0.073,17.39,17.4,17.4,2,1.68,
KMT-2021-BLG-2314,BLG17M0703.049076,17:45:48.83,-32:52:11.10,9456.59763,51.72,0.076,23.69,20.0,21.67,2,3.52,
KMT-2021-BLG-2315,BLG18K0401.023531,17:43:45.71,-26:34:28.85,9453.88149,9.89,0.032,21.65,20.0,20.49,2,3.07,
KMT-2021-BLG-2316,BLG18K0804.009683,17:41:40.21,-26:13:18.26,9458.45823,42.99,0.283,20.48,19.67,19.67,2,3.18,
KMT-2021-BLG-2317,BLG19T0101.053827,17:45:47.52,-25:37:31.55,9454.23002,7.59,0.285,20.0,20.0,21.1,2,2.57,
KMT-2021-BLG-2318,BLG21K0707.023585,17:50:14.34,-34:32:44.48,9477.66991,26.55,0.215,19.11,18.92,18.92,1,1.08,MB21387
KMT-2021-BLG-2319,BLG22N0305.044392,17:57:51.34,-33:41:31.06,9456.36017,14.0,0.045,20.17,19.93,19.93,3,0.87,
KMT-2021-BLG-2320,BLG31T0704.082621,18:09:44.82,-26:28:48.00,9466.20716,24.03,0.325,19.89,20.0,20.68,1,1.18,
KMT-2021-BLG-2321,BLG32K0301.024207,18:09:24.72,-27:52:46.99,9455.65943,12.35,0.091,19.44,18.75,18.75,1,0.94,MB21352
KMT-2021-BLG-2322,BLG32K0301.030996,18:09:34.58,-27:47:20.51,9459.08969,12.83,0.035,19.86,19.0,19.0,1,0.98,MB21348
KMT-2021-BLG-2323,BLG32K0601.056792,18:07:41.38,-27:46:12.50,9454.43385,19.63,0.109,21.04,19.54,19.54,1,1.06,
KMT-2021-BLG-2324,BLG32T0604.078266,18:08:06.98,-28:31:13.51,9470.71723,59.31,0.002,19.83,20.0,20.46,1,0.9,MB21381
KMT-2021-BLG-2325,BLG32T0706.003883,18:07:37.64,-28:16:14.41,9456.35886,48.54,0.101,20.48,16.56,16.56,1,1.16,
KMT-2021-BLG-2326,BLG35N0101.037396,18:08:27.37,-26:48:26.71,9457.78452,72.19,0.019,21.03,19.36,19.36,1,1.13,MB21360
KMT-2021-BLG-2327,BLG37K0606.011695,17:41:14.49,-34:33:22.32,9477.48466,55.21,0.419,19.4,19.35,19.35,2,1.96,
KMT-2021-BLG-2328,BLG37M0607.052985,17:46:15.53,-34:31:57.90,9460.04381,15.79,0.189,19.95,20.0,20.1,1,1.63,MB21375
KMT-2021-BLG-2329,BLG37M0702.003845,17:45:35.90,-35:04:07.90,9467.44747,32.74,0.09,18.52,16.84,16.84,1,1.22,MB21365
KMT-2021-BLG-2330,BLG37M0805.013232,17:44:51.26,-34:42:39.49,9460.36129,12.83,0.088,19.86,19.08,19.08,2,1.72,MB21368
KMT-2021-BLG-2331,SAO41K0301.044913,17:52:47.09,-31:08:25.40,9450.48045,8.54,0.265,19.99,19.81,19.81,1,2.33,
KMT-2021-BLG-2332,BLG42M0607.000587,17:55:37.86,-28:13:06.53,9488.70384,51.36,0.068,17.38,15.46,15.46,2,2.71,MB21385
KMT-2021-BLG-2333,BLG42N0504.077013,17:56:10.22,-29:44:30.59,9459.58911,91.81,0.098,21.35,20.0,20.01,1,1.55,
KMT-2021-BLG-2334,BLG42T0308.028727,17:52:44.55,-29:16:11.39,9453.81877,9.18,0.293,20.88,19.39,19.39,1,2.85,
KMT-2021-BLG-2335,BLG43N0208.027960,18:05:26.02,-28:13:00.59,9452.51101,45.48,0.174,22.15,18.49,18.49,1,0.8,
KMT-2021-BLG-2336,BLG01M0401.017899,17:57:20.33,-31:00:28.40,9459.63922,13.47,0.564,19.04,18.43,18.43,1,1.12,
KMT-2021-BLG-2337,SAO02N0705.096503,17:55:16.30,-29:29:56.51,9456.39925,4.15,0.084,20.2,20.0,20.02,1,1.33,
KMT-2021-BLG-2338,BLG02N0803.021213,17:54:34.34,-29:44:41.32,9459.57172,31.89,0.285,19.55,18.13,18.13,1,1.39,
KMT-2021-BLG-2339,SAO03M0407.069633,18:04:38.03,-27:04:14.92,9456.0416,127.05,0.03,21.92,19.78,19.78,1,1.19,
KMT-2021-BLG-2340,BLG03M0608.046732,18:03:26.67,-26:56:11.29,9460.23344,11.73,0.122,20.0,19.71,19.71,1,1.57,MB21367
KMT-2021-BLG-2341,BLG03N0608.084537,18:03:46.83,-28:04:28.81,9459.19597,23.32,0.565,20.01,20.0,20.03,1,1.09,
KMT-2021-BLG-2342,BLG04N0608.003195,18:05:33.89,-30:09:22.72,9450.53185,4.86,0.821,17.93,16.79,16.79,1,1.17,
KMT-2021-BLG-2343,BLG12N0702.003494,17:28:34.90,-28:39:16.56,9469.71706,15.45,0.239,17.45,17.45,17.45,2,1.81,
KMT-2021-BLG-2344,BLG14N0608.038647,17:38:30.24,-29:01:18.48,9457.13249,63.84,0.036,23.55,20.0,21.24,2,3.86,
KMT-2021-BLG-2345,BLG14T0702.088414,17:33:00.00,-29:48:16.60,9456.88544,23.98,0.008,22.29,20.0,21.92,2,2.64,
KMT-2021-BLG-2346,BLG15M0801.055223,17:37:19.38,-26:39:33.77,9459.38897,30.32,0.006,22.3,20.0,21.59,2,3.26,
KMT-2021-BLG-2347,SSO17M0102.000007,17:49:06.04,-32:58:29.96,9465.76034,11.3,0.55,12.26,12.3,12.3,3,2.27,
KMT-2021-BLG-2348,BLG19T0105.004330,17:45:22.34,-25:09:32.04,9466.63561,31.37,0.989,18.0,17.98,17.98,2,2.77,
KMT-2021-BLG-2349,BLG32M0104.041622,18:15:51.31,-27:26:12.91,9455.29166,57.82,0.079,22.01,19.55,19.55,1,0.59,
KMT-2021-BLG-2350,BLG32N0304.036942,18:14:38.16,-28:36:09.68,9454.80885,28.1,0.069,20.66,19.33,19.33,1,0.5,
KMT-2021-BLG-2351,SAO35N0503.002502,18:06:43.71,-26:33:13.00,9481.63335,38.45,0.971,17.24,15.92,15.92,1,1.22,
KMT-2021-BLG-2352,BLG42M0306.009337,17:57:17.83,-28:23:27.71,9483.13212,28.02,0.623,18.27,17.37,17.37,1,1.68,
KMT-2021-BLG-2353,SAO42T0302.075871,17:52:29.91,-30:00:42.30,9459.73406,11.51,0.104,20.52,19.94,19.94,1,2.06,
KMT-2021-BLG-2354,BLG42T0701.028756,17:50:25.38,-30:10:18.08,9466.99469,27.17,0.26,20.22,19.73,19.73,1,2.93,
KMT-2021-BLG-2355,BLG01N0404.073125,17:57:16.85,-31:45:46.30,9462.60649,199.86,0.003,24.81,20.0,20.39,1,1.45,
KMT-2021-BLG-2356,BLG02K0204.040048,17:53:35.87,-28:29:56.65,9459.61419,17.95,0.208,21.29,20.0,20.2,2,2.43,
KMT-2021-BLG-2357,SAO02M0507.009535,17:56:36.22,-28:07:37.31,9465.54628,6.72,0.746,17.48,17.48,17.48,1,1.95,
KMT-2021-BLG-2358,BLG02N0706.051773,17:55:29.02,-29:21:53.60,9469.03759,44.87,0.012,20.4,19.09,19.09,1,1.61,MB21380
KMT-2021-BLG-2359,BLG02N0806.068015,17:54:43.69,-29:23:41.89,9456.19449,81.07,0.024,23.7,19.47,19.47,1,1.59,
KMT-2021-BLG-2360,SAO02T0104.088981,17:54:10.18,-29:36:39.20,9456.86847,199.86,0.004,24.06,19.84,19.84,1,1.67,
KMT-2021-BLG-2361,BLG02T0303.030332,17:52:34.85,-29:46:38.71,9458.55428,35.37,0.406,20.17,18.78,18.78,1,2.24,
KMT-2021-BLG-2362,BLG03N0106.066795,18:06:34.26,-28:21:11.59,9466.32083,13.0,0.328,19.88,19.88,19.88,1,1.02,
KMT-2021-BLG-2363,BLG04T0402.052858,18:01:44.82,-30:53:14.60,9458.91748,10.71,0.078,21.08,20.0,20.0,1,1.39,
KMT-2021-BLG-2364,BLG11N0302.005684,17:30:35.73,-30:48:37.44,9461.388,46.59,0.999,19.29,19.07,19.07,2,3.43,
KMT-2021-BLG-2365,BLG13M0801.012999,17:35:08.28,-34:12:44.42,9455.6597,48.32,0.002,22.9,19.77,19.77,2,15.84,
KMT-2021-BLG-2366,SAO14K0304.022211,17:35:01.65,-28:22:49.58,9457.18182,14.12,0.023,22.85,20.0,20.55,2,3.11,
KMT-2021-BLG-2367,BLG14M0505.074568,17:39:01.96,-28:12:26.82,9458.40688,15.74,0.199,21.5,20.0,21.51,2,2.82,
KMT-2021-BLG-2368,BLG15K0704.001454,17:33:01.68,-26:17:45.89,9472.31658,10.74,0.071,18.21,18.21,18.21,2,3.35,
KMT-2021-BLG-2369,BLG17M0202.051632,17:48:50.71,-32:58:23.99,9456.07579,36.87,0.007,24.13,20.0,20.6,1,2.3,
KMT-2021-BLG-2370,BLG17T0405.004737,17:42:23.95,-33:42:33.44,9465.95776,50.66,0.469,20.1,18.25,18.25,2,2.84,
KMT-2021-BLG-2371,BLG18T0705.039468,17:41:56.91,-27:10:43.28,9463.04077,54.76,0.114,21.41,20.0,21.38,2,3.7,
KMT-2021-BLG-2372,SAO31T0105.050022,18:13:22.60,-26:19:44.51,9459.74879,26.44,0.175,21.58,19.88,19.88,1,0.91,
KMT-2021-BLG-2373,BLG34M0405.005218,18:06:43.14,-31:30:39.31,9456.16144,46.72,0.479,19.89,17.73,17.73,1,0.77,
KMT-2021-BLG-2374,BLG34M0807.029502,18:04:14.14,-31:15:35.10,9470.77713,34.57,0.182,20.81,19.76,19.76,1,1.66,
KMT-2021-BLG-2375,BLG35M0401.029442,18:07:16.26,-25:45:06.41,9463.36217,13.08,0.104,19.85,19.38,19.38,1,1.63,
KMT-2021-BLG-2376,BLG35N0805.054929,18:05:04.20,-26:22:00.80,9458.3409,28.3,0.1,21.92,20.0,20.82,1,2.31,
KMT-2021-BLG-2377,BLG37M0601.029480,17:46:17.57,-35:13:55.09,9461.9252,15.9,0.594,19.4,19.23,19.23,1,1.25,
KMT-2021-BLG-2378,SAO42N0702.018180,17:55:14.29,-30:00:25.81,9458.29551,6.88,0.014,20.28,18.12,18.12,1,1.3,MB21356
KMT-2021-BLG-2379,BLG01K0703.019432,17:50:31.09,-30:46:57.11,9459.72369,5.1,0.786,19.38,18.95,18.95,1,2.69,
KMT-2021-BLG-2380,BLG02K0707.015658,17:50:45.34,-28:09:34.13,9461.49702,28.91,0.011,22.92,20.0,21.86,3,6.65,
KMT-2021-BLG-2381,BLG02N0602.024247,17:56:04.02,-29:55:58.58,9480.45073,23.96,0.046,20.21,18.74,18.74,1,1.73,MB21399
KMT-2021-BLG-2382,BLG03T0705.050242,17:57:56.91,-28:25:31.40,9477.63028,38.62,0.328,19.51,19.39,19.39,1,1.62,
KMT-2021-BLG-2383,BLG04K0503.083696,18:01:07.11,-29:43:01.42,9467.32168,21.69,0.054,20.55,20.0,20.14,1,1.26,MB21378
KMT-2021-BLG-2384,BLG11M0108.022902,17:32:09.22,-28:55:54.05,9458.85747,32.0,0.099,22.32,20.0,20.54,2,2.75,
KMT-2021-BLG-2385,SAO18K0601.086833,17:43:01.93,-26:38:07.04,9458.13267,198.98,0.012,25.46,20.0,22.2,2,3.12,
KMT-2021-BLG-2386,BLG19T0402.011790,17:44:04.48,-25:33:52.09,9475.04232,35.83,0.501,19.66,19.6,19.6,2,2.86,
KMT-2021-BLG-2387,BLG21K0508.015515,17:51:20.86,-34:21:48.38,9477.03511,41.08,0.44,19.9,18.52,18.52,1,1.03,
KMT-2021-BLG-2388,BLG35M0502.022644,18:06:35.78,-25:36:55.26,9478.94805,30.05,0.512,20.0,20.0,20.08,2,2.17,
KMT-2021-BLG-2389,BLG37M0701.032563,17:45:47.42,-35:16:10.99,9458.32673,6.25,0.274,20.76,19.3,19.3,1,1.26,
KMT-2021-BLG-2390,BLG41K0606.064265,17:50:33.44,-30:27:28.91,9466.79017,40.25,0.142,21.14,20.0,21.09,1,2.49,
KMT-2021-BLG-2391,BLG41M0303.023788,17:57:28.79,-30:49:29.32,9466.8895,43.28,0.204,20.81,18.79,18.79,1,1.47,
KMT-2021-BLG-2392,BLG42T0706.043374,17:50:16.42,-29:31:27.01,9459.85717,25.3,0.002,22.31,20.0,20.45,1,3.49,
KMT-2021-BLG-2393,BLG01T0802.046000,17:49:40.87,-32:02:58.81,9458.60918,25.88,0.031,23.44,20.0,22.5,2,4.3,
KMT-2021-BLG-2394,BLG02T0306.036991,17:52:51.44,-29:22:30.00,9484.23607,36.82,0.214,19.45,19.36,19.36,1,2.35,
KMT-2021-BLG-2395,BLG31K0501.041725,18:10:47.15,-25:40:37.70,9461.93164,15.22,0.564,19.29,19.46,19.46,1,1.18,
KMT-2021-BLG-2396,BLG31K0604.035444,18:10:23.75,-25:21:48.60,9458.39811,11.75,0.502,20.72,19.73,19.73,1,1.71,
KMT-2021-BLG-2397,BLG31N0404.016956,18:16:11.32,-26:26:27.49,9470.19758,18.63,0.083,20.12,18.56,18.56,1,0.83,
KMT-2021-BLG-2398,BLG35N0606.051225,18:05:54.87,-26:10:42.10,9462.40628,74.05,0.047,22.89,20.0,21.25,1,3.09,
KMT-2021-BLG-2399,BLG36K0401.000704,18:13:56.51,-23:40:01.99,9480.54386,31.07,0.997,16.92,15.87,15.87,4,1.63,
KMT-2021-BLG-2400,BLG41M0702.005895,17:55:10.23,-30:57:39.20,9465.75437,22.2,0.887,18.12,16.77,16.77,1,1.51,
KMT-2021-BLG-2401,BLG42M0308.053251,17:57:11.35,-28:09:23.18,9463.24225,131.15,0.012,23.33,19.58,19.58,1,1.96,
KMT-2021-BLG-2402,BLG01N0306.020422,17:57:59.81,-31:26:25.80,9476.9082,45.03,0.362,20.18,19.02,19.02,1,1.57,
KMT-2021-BLG-2403,BLG02M0406.006565,17:57:00.43,-28:14:21.80,9478.09415,8.36,0.272,16.78,16.77,16.77,1,1.94,MB21398 MB21401
KMT-2021-BLG-2404,SAO02N0806.036523,17:54:49.37,-29:24:42.01,9463.1417,4.36,0.686,18.84,18.81,18.81,1,1.5,
KMT-2021-BLG-2405,BLG02T0302.069073,17:52:33.42,-29:50:48.80,9474.15109,24.31,0.232,20.21,19.69,19.69,1,2.02,
KMT-2021-BLG-2406,SAO03K0603.010349,17:58:49.45,-27:34:14.30,9461.41932,18.19,0.295,20.77,17.73,17.73,1,1.71,
KMT-2021-BLG-2407,BLG03T0108.017615,18:01:30.88,-28:05:00.49,9466.01406,54.87,0.451,20.18,18.22,18.22,1,1.35,
KMT-2021-BLG-2408,BLG04K0402.002485,18:01:43.51,-29:52:09.30,9508.29953,48.8,0.427,17.21,15.62,15.62,1,1.02,
KMT-2021-BLG-2409,BLG04K0504.053655,18:01:02.98,-29:31:18.59,9463.73534,21.05,0.088,21.03,19.51,19.51,1,1.5,
KMT-2021-BLG-2410,BLG15N0406.066100,17:39:27.51,-27:10:20.96,9465.29913,61.75,0.096,22.9,20.0,21.11,3,2.59,
KMT-2021-BLG-2411,BLG15N0506.007301,17:38:56.52,-27:07:27.88,9464.59624,7.02,0.994,18.94,18.61,18.61,2,2.95,
KMT-2021-BLG-2412,BLG15T0306.058057,17:35:09.33,-27:11:16.19,9458.01817,25.74,0.631,19.08,20.0,20.21,1,2.08,
KMT-2021-BLG-2413,BLG15T0307.042437,17:35:00.62,-27:03:48.71,9459.32364,7.26,0.773,19.86,19.92,19.92,1,2.09,
KMT-2021-BLG-2414,BLG15T0702.003639,17:33:02.73,-27:35:28.00,9471.03388,13.82,0.413,17.98,18.03,18.03,2,2.75,MB21391
KMT-2021-BLG-2415,BLG17K0507.022208,17:41:57.38,-32:25:19.02,9467.36938,19.95,0.219,21.19,20.0,21.48,2,4.79,
KMT-2021-BLG-2416,BLG17N0403.002407,17:47:34.88,-34:02:08.20,9457.52317,13.84,0.92,17.98,16.3,16.3,1,1.55,
KMT-2021-BLG-2417,BLG17N0407.054208,17:47:40.57,-33:31:23.02,9480.30195,49.44,0.175,20.89,20.0,20.0,1,1.72,
KMT-2021-BLG-2418,BLG19N0601.060491,17:47:17.09,-25:39:28.55,9458.69521,25.93,0.065,22.56,20.0,22.93,2,3.54,
KMT-2021-BLG-2419,BLG19T0806.052992,17:41:44.98,-25:04:43.39,9460.2481,8.78,0.06,21.57,20.0,20.47,1,2.38,
KMT-2021-BLG-2420,BLG20T0207.024275,17:45:00.89,-22:50:15.97,9460.72405,29.33,0.556,20.66,20.0,20.06,3,1.82,
KMT-2021-BLG-2421,BLG22M0606.039234,17:55:59.30,-32:29:44.41,9459.90314,72.27,0.056,22.79,19.81,19.81,1,1.74,
KMT-2021-BLG-2422,BLG31T0502.034410,18:10:44.47,-26:41:26.70,9477.29246,22.43,0.316,19.18,19.22,19.22,1,1.04,
KMT-2021-BLG-2423,BLG35M0703.053142,18:05:14.00,-25:31:01.99,9469.68135,18.69,0.333,20.09,20.0,25.0,3,2.96,
KMT-2021-BLG-2424,BLG36T0402.003237,18:13:54.88,-24:39:52.31,9467.39547,33.8,0.801,18.97,17.48,17.48,1,1.8,
KMT-2021-BLG-2425,BLG37N0503.030380,17:46:43.78,-36:07:42.31,9475.68941,31.08,0.305,20.1,19.58,19.58,1,1.22,
KMT-2021-BLG-2426,BLG37T0307.007782,17:42:42.40,-35:35:39.41,9482.0308,197.87,0.024,22.48,19.09,19.09,2,1.97,
KMT-2021-BLG-2427,BLG37T0505.012601,17:41:42.03,-35:48:16.34,9465.21236,25.01,0.113,21.94,19.89,19.89,3,2.28,
KMT-2021-BLG-2428,BLG41K0307.075351,17:52:27.33,-30:24:31.39,9461.87803,81.74,0.109,22.28,20.0,20.51,1,2.36,
KMT-2021-BLG-2429,BLG41K0504.048671,17:51:17.32,-30:48:22.79,9461.54844,7.98,0.645,19.98,19.94,19.94,1,2.6,
KMT-2021-BLG-2430,SAO41K0701.005832,17:50:07.62,-31:12:05.76,9477.91308,20.18,0.023,19.33,19.37,19.37,2,4.83,
KMT-2021-BLG-2431,BLG41M0605.043088,17:55:50.79,-30:35:20.90,9471.40077,37.6,0.506,20.08,19.48,19.48,1,1.7,
KMT-2021-BLG-2432,SAO41N0508.082727,17:56:26.26,-31:21:49.50,9462.66147,6.24,0.091,20.56,20.0,20.64,1,1.51,
KMT-2021-BLG-2433,SAO42K0207.002942,17:52:58.92,-28:19:58.80,9471.55614,17.18,1.0,17.17,17.03,17.03,2,2.7,
KMT-2021-BLG-2434,SAO42K0504.024503,17:51:12.46,-28:36:39.20,9466.45406,13.41,0.517,19.37,20.0,20.66,2,4.13,
KMT-2021-BLG-2435,BLG43K0101.004973,18:01:11.13,-27:59:23.78,9460.19095,5.75,0.913,17.26,16.44,16.44,1,1.25,MB21358
KMT-2021-BLG-2436,SAO43K0105.048572,18:01:26.29,-27:25:09.19,9474.61852,26.02,0.118,19.48,19.39,19.39,1,1.6,MB21383
KMT-2021-BLG-2437,SAO43M0201.072395,18:05:34.73,-27:52:56.39,9478.52231,56.17,0.142,19.75,19.71,19.71,1,0.84,MB21395
KMT-2021-BLG-2438,BLG43M0607.028565,18:03:17.87,-27:10:04.91,9459.88976,9.11,0.276,20.82,19.61,19.61,1,2.18,
KMT-2021-BLG-2439,SAO43T0203.016523,18:00:41.66,-28:50:45.31,9462.20592,4.58,0.307,19.03,17.8,17.8,1,0.89,
KMT-2021-BLG-2440,BLG43T0406.004737,17:59:31.33,-28:28:51.89,9476.44665,11.54,0.999,16.96,16.2,16.2,1,1.43,
KMT-2021-BLG-2441,BLG02M0107.032749,17:58:49.51,-28:05:25.69,9465.6368,26.05,0.002,24.69,19.47,19.47,1,2.58,
KMT-2021-BLG-2442,BLG02M0506.009173,17:56:21.83,-28:14:06.90,9464.00145,5.76,0.2,17.47,17.41,17.41,1,2.19,
KMT-2021-BLG-2443,BLG02N0306.052328,17:57:43.36,-29:25:02.10,9462.97705,5.4,0.135,19.72,19.47,19.47,1,1.67,
KMT-2021-BLG-2444,BLG04K0706.078968,18:00:01.66,-29:15:56.59,9469.51783,17.15,0.149,20.27,19.99,19.99,1,1.3,
KMT-2021-BLG-2445,BLG04K0807.010951,17:59:19.29,-29:11:49.88,9464.50436,199.69,0.003,23.85,17.41,17.41,1,0.99,
KMT-2021-BLG-2446,BLG04T0703.012282,17:59:40.88,-30:47:56.00,9463.80558,41.54,0.005,24.43,18.65,18.65,1,1.67,
KMT-2021-BLG-2447,BLG13N0202.061383,17:39:10.25,-35:10:13.40,9473.10033,82.53,0.047,22.17,20.0,21.34,2,1.96,
KMT-2021-BLG-2448,BLG14K0804.034029,17:32:28.34,-28:27:18.47,9471.28249,42.16,0.02,22.36,20.0,20.55,2,2.71,
KMT-2021-BLG-2449,BLG14M0506.088387,17:39:02.25,-28:06:16.60,9463.61587,10.52,0.025,23.14,20.0,22.05,2,2.89,
KMT-2021-BLG-2450,BLG14N0504.002661,17:38:54.89,-29:33:38.95,9478.16054,16.5,0.334,19.14,19.15,19.15,2,5.15,
KMT-2021-BLG-2451,BLG14T0401.005622,17:34:39.54,-29:56:31.31,9465.08238,56.81,0.282,21.29,17.98,17.98,2,2.77,
KMT-2021-BLG-2452,BLG14T0403.124719,17:34:43.96,-29:37:15.53,9426.00938,0.5,0.098,19.08,20.0,25.0,3,2.77,
KMT-2021-BLG-2453,BLG14T0805.086321,17:32:28.07,-29:20:23.10,9465.65471,11.75,0.003,22.73,20.0,22.19,2,2.6,
KMT-2021-BLG-2454,BLG18K0108.091765,17:45:44.29,-25:48:38.59,9470.47565,43.12,0.086,21.54,20.0,22.53,2,2.84,
KMT-2021-BLG-2455,BLG18K0401.022740,17:43:36.52,-26:35:08.92,9463.19152,144.16,0.028,22.41,20.0,20.45,2,3.03,
KMT-2021-BLG-2456,BLG18K0807.036360,17:41:27.50,-25:55:13.84,9463.66482,12.56,0.019,22.25,20.0,20.82,2,2.75,
KMT-2021-BLG-2457,BLG42N0106.033664,17:58:35.64,-29:32:06.90,9498.51766,71.32,0.233,18.94,18.8,18.8,1,1.28,MB21377
KMT-2021-BLG-2458,BLG04M0403.022080,18:06:32.23,-29:36:58.50,9461.66557,28.51,0.997,19.52,18.64,18.64,1,0.82,
KMT-2021-BLG-2459,BLG04T0704.079331,17:59:52.13,-30:43:25.39,9465.41519,33.71,0.081,21.58,20.0,21.79,2,1.7,
KMT-2021-BLG-2460,BLG11K0806.038269,17:23:04.12,-29:13:41.34,9476.95092,51.56,0.689,21.38,20.0,20.73,2,1.87,
KMT-2021-BLG-2461,BLG14M0505.020003,17:38:54.50,-28:12:50.18,9506.94685,67.12,0.178,19.88,19.87,19.87,2,2.89,
KMT-2021-BLG-2462,BLG14M0708.089808,17:37:49.95,-27:52:20.75,9469.46218,91.34,0.042,23.26,20.0,25.0,3,3.4,
KMT-2021-BLG-2463,BLG31N0307.045000,18:16:37.35,-26:01:11.39,9465.54253,60.27,0.002,24.02,19.69,19.69,1,0.71,
KMT-2021-BLG-2464,BLG32M0104.000380,18:15:26.10,-27:24:04.72,9517.97932,166.16,0.14,17.83,14.3,14.3,1,0.6,
KMT-2021-BLG-2465,BLG01M0804.003809,17:54:48.62,-30:36:01.69,9467.58908,127.57,0.026,22.77,16.92,16.92,1,2.26,
KMT-2021-BLG-2466,BLG03N0108.000698,18:06:15.78,-28:06:39.82,9431.73095,199.77,0.999,15.5,14.72,14.72,1,0.9,
KMT-2021-BLG-2467,SAO03T0206.049695,18:01:00.95,-28:17:02.29,9466.22576,53.53,0.009,24.25,19.05,19.05,1,1.18,
KMT-2021-BLG-2468,BLG04T0708.010073,17:59:51.79,-30:09:19.80,9470.86517,9.92,0.448,19.25,17.85,17.85,1,1.24,
KMT-2021-BLG-2469,BLG14N0407.008248,17:39:23.60,-29:11:14.32,9476.93983,19.36,0.209,20.2,20.0,20.23,2,4.96,
KMT-2021-BLG-2470,BLG15M0303.002252,17:40:02.12,-26:23:58.88,9495.20217,78.63,0.127,19.34,17.34,17.34,2,2.9,
KMT-2021-BLG-2471,SAO15N0701.000658,17:37:39.78,-27:48:34.78,9467.7278,6.45,0.182,19.31,16.34,16.34,2,3.32,
KMT-2021-BLG-2472,BLG17M0708.009436,17:45:31.11,-32:12:54.79,9474.36687,38.93,0.01,21.45,20.0,21.86,2,5.99,
KMT-2021-BLG-2473,BLG20M0108.001274,17:50:17.49,-21:35:49.85,9466.70425,13.86,0.17,20.6,16.43,16.43,4,2.62,
KMT-2021-BLG-2474,BLG21T0707.057444,17:50:10.35,-35:37:19.09,9468.31435,18.75,0.039,21.1,20.0,20.3,1,0.83,
KMT-2021-BLG-2475,BLG34T0703.057010,18:00:04.88,-32:54:59.40,9472.30805,14.63,0.364,20.01,20.0,20.24,1,0.92,
KMT-2021-BLG-2476,BLG42T0108.010317,17:53:45.85,-29:14:42.50,9470.62216,146.63,0.033,23.24,17.15,17.15,1,1.89,
KMT-2021-BLG-2477,BLG01T0105.006573,17:54:15.23,-31:40:45.19,9468.39346,46.58,0.11,22.0,17.55,17.55,1,1.59,
KMT-2021-BLG-2478,SAO02N0408.011707,17:57:14.21,-29:06:07.09,9482.22853,33.76,0.09,20.55,18.0,18.0,1,1.66,
KMT-2021-BLG-2479,SAO03N0808.027670,18:02:09.92,-28:06:12.60,9471.75766,4.57,0.528,18.64,18.59,18.59,1,1.18,
KMT-2021-BLG-2480,SAO04K0104.043824,18:03:30.47,-29:33:17.60,9472.29888,34.24,0.049,21.59,19.27,19.27,1,0.95,
KMT-2021-BLG-2481,BLG04T0107.052194,18:03:32.32,-30:16:46.81,9477.97862,19.83,0.173,19.91,19.57,19.57,1,1.03,
KMT-2021-BLG-2482,BLG11K0207.043993,17:26:28.90,-29:03:42.48,9475.88911,16.69,0.287,20.09,20.0,20.46,2,1.81,
KMT-2021-BLG-2483,BLG11K0704.012785,17:23:45.89,-29:26:19.28,9508.44315,55.17,0.673,19.04,18.81,18.81,1,1.36,
KMT-2021-BLG-2484,BLG11M0305.066795,17:31:00.05,-29:21:24.98,9466.02642,91.43,0.053,22.88,20.0,21.88,2,2.76,
KMT-2021-BLG-2485,BLG11M0705.075801,17:28:40.42,-29:22:58.26,9471.20608,14.01,0.339,20.6,20.0,22.47,3,2.26,
KMT-2021-BLG-2486,BLG11N0108.010863,17:32:03.20,-30:04:39.18,9477.40585,142.52,0.048,22.88,18.65,18.65,2,1.83,
KMT-2021-BLG-2487,BLG14K0406.053211,17:34:44.88,-28:10:22.69,9471.44056,19.45,0.194,20.95,20.0,21.03,2,3.0,
KMT-2021-BLG-2488,BLG14K0602.011329,17:33:44.35,-28:41:51.50,9468.46053,25.26,0.2,21.97,20.0,20.42,3,3.7,
KMT-2021-BLG-2489,BLG14K0807.088199,17:32:10.97,-28:05:21.52,9279.43763,3.31,0.859,19.4,20.0,22.41,2,2.62,
KMT-2021-BLG-2490,BLG15K0305.019045,17:35:20.06,-26:09:08.06,9478.349,55.59,0.097,22.22,20.0,20.81,2,3.18,
KMT-2021-BLG-2491,BLG15M0301.053268,17:39:55.40,-26:40:27.70,9471.57986,73.28,0.008,23.23,20.0,21.07,2,2.74,
KMT-2021-BLG-2492,SAO15N0502.017797,17:39:13.50,-27:37:40.84,9469.85537,12.14,0.151,20.46,19.87,19.87,2,2.97,
KMT-2021-BLG-2493,BLG16M0204.022145,17:40:47.04,-24:12:40.93,9477.11763,55.48,0.009,22.1,20.0,20.03,2,1.98,
KMT-2021-BLG-2494,SAO16M0602.016643,17:38:46.91,-24:24:29.02,9480.99149,51.97,0.4,20.1,19.39,19.39,2,1.77,
KMT-2021-BLG-2495,SAO18M0504.011508,17:48:21.44,-26:13:50.52,9480.64837,26.07,0.139,20.61,20.0,21.02,2,5.69,
KMT-2021-BLG-2496,SAO18M0608.072286,17:47:18.33,-25:45:39.56,9469.05019,43.44,0.013,22.93,20.0,25.0,3,3.52,
KMT-2021-BLG-2497,BLG18M0805.041808,17:46:14.42,-26:10:22.26,9468.89736,31.4,0.091,21.94,20.0,20.95,2,3.25,
KMT-2021-BLG-2498,BLG18N0607.006121,17:47:43.07,-26:56:05.10,9472.02538,68.41,0.002,23.32,20.0,20.2,2,5.25,
KMT-2021-BLG-2499,BLG18T0303.004543,17:44:14.40,-27:30:44.89,9476.94248,17.8,0.678,19.43,19.49,19.49,2,4.47,
KMT-2021-BLG-2500,BLG19M0504.042398,17:48:03.84,-24:12:19.44,9475.33935,53.97,0.163,21.25,20.0,20.53,2,2.26,
KMT-2021-BLG-2501,BLG19N0308.021139,17:49:27.79,-24:44:01.14,9472.12992,33.83,0.113,21.19,20.0,21.4,2,3.95,
KMT-2021-BLG-2502,BLG19T0803.090415,17:41:58.20,-25:24:01.37,9466.46675,46.32,0.034,22.93,20.0,25.0,3,2.76,
KMT-2021-BLG-2503,SAO21K0505.012540,17:51:26.83,-34:45:32.69,9477.27645,13.23,0.351,18.79,18.35,18.35,1,1.01,
KMT-2021-BLG-2504,BLG21T0806.011684,17:49:49.24,-35:44:58.20,9480.36949,58.03,0.164,21.58,18.48,18.48,1,0.95,
KMT-2021-BLG-2505,BLG22M0802.007731,17:54:34.17,-32:56:30.01,9476.30769,106.55,0.067,21.45,17.9,17.9,1,1.33,
KMT-2021-BLG-2506,BLG31N0403.016420,18:16:16.32,-26:38:32.86,9466.47141,8.7,0.151,20.83,18.53,18.53,4,0.85,
KMT-2021-BLG-2507,BLG32K0802.008890,18:06:48.70,-27:39:54.79,9468.8138,19.2,0.207,18.95,17.59,17.59,1,0.87,
KMT-2021-BLG-2508,BLG32M0201.004348,18:15:19.56,-27:50:33.29,9479.41109,22.03,0.501,19.46,17.05,17.05,1,0.56,
KMT-2021-BLG-2509,BLG32N0708.040651,18:12:21.48,-28:01:04.12,9475.28954,18.62,0.386,19.33,19.24,19.24,1,0.6,
KMT-2021-BLG-2510,BLG33M0606.049146,18:14:58.63,-29:21:23.29,9486.88831,60.69,0.078,20.6,19.93,19.93,1,0.4,
KMT-2021-BLG-2511,BLG33T0706.038367,18:09:35.66,-30:25:46.81,9479.11899,33.07,0.167,19.71,19.73,19.73,1,0.79,
KMT-2021-BLG-2512,SAO34K0502.028153,18:01:09.48,-31:55:42.60,9469.78352,12.11,0.099,20.79,19.32,19.32,1,1.25,
KMT-2021-BLG-2513,SAO34K0506.059833,18:01:09.35,-31:28:03.61,9480.85372,83.07,0.032,22.1,20.0,20.12,1,1.18,
KMT-2021-BLG-2514,SAO35T0102.062493,18:04:02.75,-26:40:48.90,9467.57685,11.39,0.082,21.62,20.0,21.03,2,1.87,
KMT-2021-BLG-2515,BLG35T0305.030130,18:02:51.16,-26:21:24.08,9468.22026,0.95,0.002,21.54,20.0,20.67,2,2.68,
KMT-2021-BLG-2516,SAO36N0703.011187,18:17:04.56,-24:28:18.41,9501.78921,59.71,0.933,18.72,18.56,18.56,1,1.14,
KMT-2021-BLG-2517,BLG38M0707.005262,17:56:09.49,-21:39:58.64,9477.56421,24.09,0.122,18.69,18.03,18.03,4,2.34,
KMT-2021-BLG-2518,BLG41K0403.049196,17:51:54.52,-30:51:34.31,9468.60336,6.93,0.039,22.37,19.94,19.94,1,2.29,
KMT-2021-BLG-2519,BLG41K0507.049019,17:51:23.91,-30:21:27.79,9473.3983,15.7,0.19,20.07,20.0,20.26,1,2.55,
KMT-2021-BLG-2520,BLG41M0105.032121,17:58:31.79,-30:35:41.50,9467.89755,3.08,0.376,20.44,19.54,19.54,1,1.8,
KMT-2021-BLG-2521,BLG42M0407.010484,17:57:01.49,-28:19:57.40,9468.33076,126.59,0.002,24.54,17.6,17.6,1,1.97,
KMT-2021-BLG-2522,SAO42M0605.092663,17:55:36.75,-28:31:11.50,9471.29259,9.04,0.078,20.8,20.0,25.0,3,2.27,
KMT-2021-BLG-2523,SAO42N0808.002661,17:54:33.87,-29:15:53.21,9477.82428,7.05,0.999,16.33,15.73,15.73,1,1.7,
KMT-2021-BLG-2524,SAO42T0301.002292,17:52:30.95,-30:11:43.19,9467.60597,44.9,0.012,22.89,15.86,15.86,2,1.69,
KMT-2021-BLG-2525,BLG43N0201.012680,18:05:45.38,-29:03:39.89,9478.99019,71.98,0.952,18.57,18.13,18.13,1,0.91,
KMT-2021-BLG-2526,SAO43N0206.069479,18:05:34.11,-28:28:18.59,9470.0286,5.78,0.005,19.69,19.91,19.91,1,1.06,
KMT-2021-BLG-2527,SAO43N0308.076809,18:05:02.62,-28:09:31.50,9476.56391,62.75,0.026,21.27,19.75,19.75,1,0.84,
KMT-2021-BLG-2528,SAO43T0502.021083,17:59:00.61,-28:53:56.69,9476.72451,34.59,0.084,19.76,18.06,18.06,1,1.03,
KMT-2021-BLG-2529,BLG01K0603.046643,17:50:58.90,-30:49:07.21,9471.65268,6.13,0.304,20.38,19.93,19.93,1,2.7,
KMT-2021-BLG-2530,BLG01T0307.024191,17:52:34.22,-31:23:22.81,9524.31657,193.37,0.003,21.4,19.35,19.35,1,2.44,
KMT-2021-BLG-2531,BLG02T0206.063266,17:53:23.38,-29:27:05.80,9470.24286,6.98,0.291,19.96,19.69,19.69,1,2.09,
KMT-2021-BLG-2532,BLG11N0406.038266,17:30:05.06,-30:23:01.75,9469.99199,7.9,0.026,19.98,20.0,20.6,2,2.57,
KMT-2021-BLG-2533,BLG14M0106.014296,17:40:57.91,-28:09:05.83,9470.63369,14.89,0.445,20.01,19.96,19.96,2,4.07,
KMT-2021-BLG-2534,BLG15N0203.017739,17:40:36.10,-27:28:36.77,9470.12459,3.87,0.832,19.84,20.0,20.09,2,3.16,
KMT-2021-BLG-2535,SAO18M0706.026473,17:46:43.99,-26:01:56.10,9466.969,15.89,0.192,20.69,20.0,20.82,2,3.34,
KMT-2021-BLG-2536,BLG18T0801.027520,17:41:46.91,-27:46:29.39,9475.74358,22.69,0.102,21.2,20.0,20.69,2,3.83,
KMT-2021-BLG-2537,BLG22M0706.018952,17:55:31.91,-32:27:02.99,9474.18706,5.55,0.357,19.73,19.2,19.2,1,1.8,
KMT-2021-BLG-2538,BLG34N0706.025671,18:05:08.62,-32:36:03.49,9466.32886,0.5,0.004,21.91,19.27,19.27,1,0.91,
KMT-2021-BLG-2539,SAO02K0403.010355,17:52:27.29,-28:40:47.71,9496.17929,34.71,0.144,18.67,18.77,18.77,2,3.12,
KMT-2021-BLG-2540,BLG11T0208.004375,17:26:16.26,-30:01:00.84,9505.93235,51.9,0.48,19.23,18.1,18.1,2,2.61,
KMT-2021-BLG-2541,BLG14M0104.017378,17:41:14.39,-28:21:28.51,9475.79543,54.12,0.777,19.98,20.0,20.32,2,4.0,
KMT-2021-BLG-2542,BLG17M0307.031253,17:48:05.44,-32:18:53.42,9478.26733,56.11,0.965,19.98,20.0,22.3,2,4.66,
KMT-2021-BLG-2543,BLG17N0801.001064,17:44:48.63,-34:14:55.28,9468.89578,21.82,1.0,17.53,15.41,15.41,1,1.6,
KMT-2021-BLG-2544,BLG19K0707.018504,17:42:12.04,-23:48:31.43,9485.06126,45.45,0.373,21.09,19.34,19.34,4,1.86,
KMT-2021-BLG-2545,BLG19T0401.025556,17:43:49.17,-25:41:33.47,9485.4028,86.81,0.737,19.94,20.0,20.44,2,2.8,
KMT-2021-BLG-2546,BLG32N0306.015344,18:14:18.30,-28:17:36.60,9470.99673,0.5,0.098,18.34,18.26,18.26,1,0.42,
KMT-2021-BLG-2547,BLG34K0807.028363,17:59:16.67,-31:21:30.82,9480.05216,56.87,0.431,20.26,19.41,19.41,1,1.52,
KMT-2021-BLG-2548,SAO34M0707.011220,18:05:03.22,-31:20:51.79,9513.98148,52.4,0.046,19.47,18.69,18.69,1,1.2,
KMT-2021-BLG-2549,SAO42M0505.066527,17:56:14.17,-28:30:26.10,9468.32662,9.89,0.276,19.92,20.0,20.14,1,2.26,
KMT-2021-BLG-2550,BLG43M0601.054290,18:03:23.62,-27:59:18.60,9475.79541,52.17,0.258,21.13,19.43,19.43,1,0.94,
KMT-2021-BLG-2551,SAO43N0604.022948,18:03:02.87,-28:45:18.79,9509.46966,150.97,0.097,19.49,18.29,18.29,1,0.87,
KMT-2021-BLG-2552,BLG02N0101.001183,17:59:06.52,-30:03:49.61,9507.0777,57.25,0.558,17.88,14.99,14.99,1,1.25,MB21382
KMT-2021-BLG-2553,SAO04M0206.026184,18:07:35.34,-29:15:09.40,9491.34662,21.82,0.274,19.3,19.01,19.01,1,1.01,
KMT-2021-BLG-2554,SAO04T0604.043763,18:00:27.11,-30:43:09.91,9468.97029,60.2,0.605,19.01,19.63,19.63,1,1.49,
KMT-2021-BLG-2555,SSO15M0806.003593,17:37:30.46,-25:58:57.68,9475.77497,27.5,0.036,20.73,18.54,18.54,2,3.32,
KMT-2021-BLG-2556,BLG19K0608.004453,17:42:54.06,-23:42:47.48,9496.44674,50.25,0.88,17.83,17.71,17.71,1,1.93,
KMT-2021-BLG-2557,BLG21K0506.014103,17:51:21.53,-34:34:55.49,9508.35946,61.42,0.385,19.47,18.34,18.34,1,0.9,
KMT-2021-BLG-2558,BLG21N0604.018733,17:55:53.10,-36:01:02.50,9490.67143,120.29,0.148,21.09,19.29,19.29,1,0.84,
KMT-2021-BLG-2559,BLG32K0101.070920,18:10:45.11,-27:48:24.59,9475.1079,100.26,0.048,21.4,20.0,20.13,1,0.73,
KMT-2021-BLG-2560,SAO32K0804.007914,18:06:40.26,-27:23:50.21,9485.01143,15.98,0.037,17.63,17.41,17.41,1,0.89,MB21393
KMT-2021-BLG-2561,BLG32T0302.004183,18:09:53.69,-28:51:51.91,9497.48027,51.94,0.822,17.94,16.96,16.96,1,0.81,
KMT-2021-BLG-2562,BLG37K0707.029181,17:40:43.45,-34:26:33.94,9469.54668,22.2,0.295,21.18,20.0,20.44,2,2.27,
KMT-2021-BLG-2563,BLG01M0107.057650,17:59:01.84,-30:12:47.59,9496.80871,93.88,0.383,19.94,19.92,19.92,1,1.62,
KMT-2021-BLG-2564,BLG01N0704.071978,17:55:22.72,-31:44:00.71,9475.85155,11.09,0.039,20.7,20.0,20.08,1,1.42,MB21396
KMT-2021-BLG-2565,BLG02N0402.039659,17:57:00.57,-29:53:41.32,9474.34754,11.44,0.241,20.72,19.42,19.42,1,1.94,
KMT-2021-BLG-2566,BLG03K0305.078388,18:00:16.28,-27:21:42.52,9474.8004,132.56,0.039,22.61,20.0,20.05,1,1.69,
KMT-2021-BLG-2567,BLG04K0407.005064,18:01:33.64,-29:07:57.00,9474.29356,6.18,0.292,17.96,16.6,16.6,1,1.35,MB21389
KMT-2021-BLG-2568,BLG04N0608.047492,18:05:39.07,-30:08:35.59,9478.91278,43.24,0.11,21.34,19.81,19.81,1,1.17,
KMT-2021-BLG-2569,BLG04T0501.014990,18:01:10.26,-31:04:51.20,9477.59379,72.71,0.013,22.67,18.8,18.8,1,1.44,
KMT-2021-BLG-2570,BLG11K0402.000273,17:25:10.18,-29:40:02.96,9493.8987,59.32,0.788,16.1,15.33,15.33,2,2.15,
KMT-2021-BLG-2571,BLG11M0203.003395,17:31:19.61,-29:35:08.63,9497.10088,58.32,0.349,19.05,17.85,17.85,2,2.93,
KMT-2021-BLG-2572,BLG11M0805.023845,17:28:02.58,-29:16:31.91,9475.17838,14.14,0.098,21.34,19.39,19.39,1,1.8,
KMT-2021-BLG-2573,BLG11T0207.007075,17:26:15.75,-30:12:16.20,9474.6574,121.7,0.015,23.58,18.84,18.84,2,2.44,
KMT-2021-BLG-2574,BLG14K0103.068595,17:36:36.87,-28:30:43.56,9475.16406,14.28,0.026,20.62,20.0,21.77,2,3.32,
KMT-2021-BLG-2575,BLG14M0506.021421,17:39:00.64,-28:09:44.28,9471.8477,13.03,0.008,21.36,19.94,19.94,2,2.88,
KMT-2021-BLG-2576,BLG17M0507.005729,17:47:03.09,-32:19:43.14,9485.121,28.15,0.105,21.77,20.0,20.56,2,5.32,
KMT-2021-BLG-2577,BLG17M0801.059028,17:45:09.45,-33:05:36.96,9474.92662,63.9,0.075,22.64,20.0,21.49,2,2.78,
KMT-2021-BLG-2578,BLG17N0707.060905,17:45:54.83,-33:30:22.03,9473.97717,11.18,0.905,20.07,20.0,22.12,2,3.28,
KMT-2021-BLG-2579,BLG19T0705.062441,17:42:21.95,-25:09:31.50,9471.99625,14.06,0.077,21.64,20.0,21.18,1,2.44,
KMT-2021-BLG-2580,BLG22N0403.080810,17:57:08.29,-33:57:15.01,9473.43263,199.68,0.01,23.54,20.0,21.04,1,0.73,
KMT-2021-BLG-2581,BLG41M0503.013335,17:56:32.08,-30:56:08.48,9491.40403,24.0,0.9,18.35,17.97,17.97,1,1.33,
KMT-2021-BLG-2582,BLG42M0108.022882,17:58:31.64,-28:11:34.30,9478.05161,8.13,0.657,19.07,19.11,19.11,1,1.97,
KMT-2021-BLG-2583,BLG42T0105.006585,17:53:38.42,-29:39:37.69,9483.28669,16.03,0.696,17.57,16.41,16.41,1,1.72,
KMT-2021-BLG-2584,SAO43K0105.025622,18:01:30.91,-27:29:41.21,9507.93044,55.65,0.29,19.51,18.76,18.76,1,1.36,
KMT-2021-BLG-2585,BLG01M0101.018775,17:58:57.28,-31:01:33.60,9494.05484,26.15,0.36,19.49,19.19,19.19,1,1.73,
KMT-2021-BLG-2586,SAO03K0401.035276,17:59:50.05,-27:50:24.00,9490.16701,198.35,0.054,23.1,19.25,19.25,1,1.92,
KMT-2021-BLG-2587,BLG03N0808.013609,18:02:26.52,-28:06:17.50,9430.89018,0.5,0.999,17.62,17.92,17.92,1,1.02,
KMT-2021-BLG-2588,SAO03T0107.034889,18:01:34.86,-28:08:15.68,9475.60039,39.81,0.064,22.61,19.06,19.06,1,1.46,
KMT-2021-BLG-2589,BLG11M0304.019996,17:31:00.35,-29:23:32.60,9481.18325,24.41,0.919,20.0,20.0,20.61,2,2.89,
KMT-2021-BLG-2590,BLG13M0106.007958,17:39:23.19,-33:36:08.71,9499.45617,79.45,0.325,19.12,19.17,19.17,2,3.4,
KMT-2021-BLG-2591,BLG14M0305.040070,17:40:16.39,-28:14:20.11,9478.60948,39.3,0.033,23.79,20.0,21.13,2,3.79,
KMT-2021-BLG-2592,BLG14M0501.012669,17:39:15.38,-28:43:42.20,9488.43689,19.97,0.052,19.67,19.77,19.77,2,4.29,
KMT-2021-BLG-2593,BLG14T0704.006664,17:33:07.76,-29:27:17.82,9497.97568,21.74,0.699,18.94,18.94,18.94,2,3.11,
KMT-2021-BLG-2594,BLG15N0504.047164,17:38:41.36,-27:21:42.41,9482.0465,198.5,0.045,22.82,20.0,20.46,2,2.62,
KMT-2021-BLG-2595,BLG15T0802.080030,17:32:12.18,-27:39:15.41,9477.75327,36.62,0.022,22.62,20.0,22.03,2,2.61,
KMT-2021-BLG-2596,BLG16K0706.029758,17:33:05.39,-23:57:13.57,9479.40492,26.3,0.206,21.15,20.0,20.45,3,1.64,
KMT-2021-BLG-2597,BLG19K0401.014445,17:43:56.70,-24:31:54.80,9486.81916,197.62,0.062,23.44,19.23,19.23,1,2.13,
KMT-2021-BLG-2598,BLG19M0807.008199,17:46:27.24,-23:48:47.20,9484.36474,15.87,0.689,18.27,18.24,18.24,1,2.02,
KMT-2021-BLG-2599,BLG21M0405.046600,17:57:11.61,-34:47:46.50,9528.1139,81.86,0.242,20.01,19.93,19.93,1,0.83,
KMT-2021-BLG-2600,BLG22T0205.046047,17:53:17.69,-33:46:41.81,9483.33405,19.29,0.231,20.09,19.97,19.97,1,1.46,
KMT-2021-BLG-2601,BLG32T0801.073571,18:06:51.37,-28:54:54.40,9476.23561,59.24,0.123,22.44,20.0,20.31,1,0.88,
KMT-2021-BLG-2602,SAO33T0705.040856,18:09:10.82,-30:30:28.12,9475.99805,78.45,0.04,22.38,19.83,19.83,1,0.84,
KMT-2021-BLG-2603,BLG35N0505.067476,18:06:35.49,-26:21:47.02,9474.97978,61.98,0.025,22.87,20.0,20.58,1,1.76,
KMT-2021-BLG-2604,BLG41K0105.004401,17:53:47.32,-30:37:50.09,9510.71773,29.49,0.489,17.29,16.74,16.74,1,1.54,
KMT-2021-BLG-2605,BLG42M0801.078015,17:54:28.52,-28:58:18.98,9478.72003,6.23,0.146,19.58,19.61,19.61,1,1.81,
KMT-2021-BLG-2606,SAO42N0808.010622,17:54:27.92,-29:17:24.61,9484.83586,8.88,0.623,17.27,17.27,17.27,1,1.71,
KMT-2021-BLG-2607,BLG01N0108.062656,17:58:53.94,-31:17:07.01,9488.397,40.9,0.239,21.59,20.0,20.61,1,1.65,
KMT-2021-BLG-2608,BLG12T0808.071065,17:22:59.91,-27:54:16.52,9478.82333,31.97,0.173,21.32,20.0,22.11,2,1.71,
KMT-2021-BLG-2609,BLG15T0502.004978,17:34:04.53,-27:35:48.98,9497.50121,17.13,0.599,18.44,18.48,18.48,2,3.29,
KMT-2021-BLG-2610,BLG16M0501.029583,17:38:54.45,-24:31:31.08,9488.02967,22.02,0.184,19.96,20.0,20.0,2,1.79,
KMT-2021-BLG-2611,SAO16T0108.002895,17:36:36.81,-24:50:25.58,9478.58886,11.18,0.201,20.6,18.08,18.08,2,2.39,
KMT-2021-BLG-2612,BLG37M0605.002554,17:46:00.35,-34:42:02.41,9482.43832,20.34,0.495,19.35,16.42,16.42,1,1.59,
KMT-2021-BLG-2613,BLG42T0103.100105,17:53:56.95,-29:51:36.11,9484.7447,15.12,0.052,20.15,20.0,20.14,1,1.42,
KMT-2021-BLG-2614,SAO43K0207.037459,18:00:40.33,-27:11:12.70,9494.61027,170.63,0.071,21.32,19.41,19.41,1,1.8,
KMT-2021-BLG-2615,BLG01N0101.034947,17:58:45.28,-32:07:30.00,9481.91813,4.24,0.282,20.22,19.8,19.8,1,1.58,
KMT-2021-BLG-2616,BLG01T0303.055321,17:52:48.86,-31:55:02.50,9489.10239,42.61,0.315,21.98,20.0,20.14,1,2.01,
KMT-2021-BLG-2617,SSO02K0501.022332,17:51:44.63,-28:53:38.04,9425.99266,0.5,0.105,19.4,19.92,19.92,3,3.31,
KMT-2021-BLG-2618,SAO02N0204.056034,17:58:05.98,-29:36:15.91,9482.78928,21.37,0.028,22.08,19.22,19.22,1,1.27,
KMT-2021-BLG-2619,BLG02N0302.005641,17:57:38.86,-29:51:23.51,9497.56599,13.63,0.917,18.31,16.87,16.87,1,1.66,
KMT-2021-BLG-2620,BLG02T0405.043810,17:52:20.43,-29:32:44.20,9484.35352,10.25,0.496,20.24,19.63,19.63,1,2.44,
KMT-2021-BLG-2621,BLG03K0201.083803,18:00:56.63,-27:46:49.69,9489.90459,30.31,0.078,20.05,20.0,20.11,1,1.48,
KMT-2021-BLG-2622,SAO03K0205.046541,18:01:02.71,-27:17:04.42,9484.52069,16.15,0.025,20.76,19.55,19.55,1,1.6,
KMT-2021-BLG-2623,SAO03K0601.016379,17:58:50.72,-27:48:26.78,9484.16586,61.76,0.08,22.38,18.69,18.69,1,2.13,
KMT-2021-BLG-2624,BLG03T0406.025002,17:59:46.62,-28:16:03.11,9480.46067,18.51,0.985,18.69,18.5,18.5,1,1.42,
KMT-2021-BLG-2625,BLG03T0503.016515,17:59:07.80,-28:38:35.41,9495.83591,17.93,0.489,18.25,17.95,17.95,1,1.29,
KMT-2021-BLG-2626,BLG04K0306.091403,18:02:13.46,-29:19:34.39,9483.49384,18.29,0.489,20.06,20.0,20.5,1,1.28,
KMT-2021-BLG-2627,BLG11M0701.065752,17:28:32.95,-29:52:11.03,9481.93593,26.84,0.091,21.97,20.0,21.23,2,2.35,
KMT-2021-BLG-2628,BLG11N0102.008953,17:32:14.04,-30:45:32.36,9495.22821,28.91,0.071,19.62,19.6,19.6,2,3.15,
KMT-2021-BLG-2629,BLG14N0705.051088,17:37:57.96,-29:24:17.89,9497.13041,49.65,0.648,20.25,20.0,21.87,2,4.48,
KMT-2021-BLG-2630,BLG14T0706.007231,17:32:59.08,-29:14:23.57,9498.46484,16.04,0.521,18.62,18.6,18.6,2,2.83,
KMT-2021-BLG-2631,BLG15M0803.007343,17:37:20.35,-26:25:13.55,9479.79061,7.85,0.815,19.2,19.24,19.24,2,2.81,
KMT-2021-BLG-2632,BLG15T0501.109631,17:33:58.27,-27:43:50.77,9486.82075,34.5,0.152,20.41,20.0,25.0,3,2.7,
KMT-2021-BLG-2633,BLG17N0604.027902,17:46:21.53,-33:49:57.61,9482.67788,33.12,0.055,20.97,19.14,19.14,1,1.67,
KMT-2021-BLG-2634,BLG18T0104.007955,17:45:19.51,-27:22:01.92,9492.00612,65.36,0.111,21.48,20.0,20.34,2,5.34,
KMT-2021-BLG-2635,BLG18T0108.061290,17:45:47.42,-26:53:25.62,9482.70756,18.5,0.181,21.54,20.0,21.6,2,3.65,
KMT-2021-BLG-2636,BLG18T0702.047643,17:42:06.40,-27:40:07.21,9480.62027,6.78,0.264,20.57,20.0,21.32,2,4.22,
KMT-2021-BLG-2637,BLG19M0106.036831,17:50:29.26,-23:52:27.26,9481.98848,4.71,0.036,21.02,20.0,20.78,2,2.72,
KMT-2021-BLG-2638,BLG19T0408.003724,17:43:49.67,-24:46:02.75,9492.24703,175.2,0.009,22.53,17.97,17.97,2,2.83,
KMT-2021-BLG-2639,SAO19T0608.003674,17:42:37.29,-24:47:08.81,9512.22934,21.49,0.352,17.43,17.43,17.43,1,2.26,
KMT-2021-BLG-2640,SAO21M0608.075667,17:56:03.08,-34:19:21.50,9489.11534,36.75,0.065,20.59,20.0,21.15,1,0.8,
KMT-2021-BLG-2641,BLG22N0502.003251,17:56:48.97,-34:09:25.88,9508.36284,52.41,0.453,19.11,16.8,16.8,1,0.91,
KMT-2021-BLG-2642,BLG22N0604.009233,17:56:11.79,-33:55:07.28,9519.64828,43.04,0.078,18.93,18.08,18.08,1,0.89,
KMT-2021-BLG-2643,BLG22N0806.006646,17:55:00.78,-33:38:59.78,9499.68503,23.9,0.583,17.94,17.88,17.88,1,1.31,
KMT-2021-BLG-2644,BLG31K0103.023316,18:13:08.40,-25:26:35.99,9487.01367,50.7,0.096,21.35,19.4,19.4,1,1.71,
KMT-2021-BLG-2645,BLG31T0202.001435,18:12:29.96,-26:45:20.92,9509.53679,49.9,0.63,17.92,15.37,15.37,1,0.99,
KMT-2021-BLG-2646,BLG32K0101.064654,18:11:05.48,-27:52:03.22,9480.55597,43.63,0.027,21.77,19.93,19.93,1,0.65,
KMT-2021-BLG-2647,BLG35N0106.007318,18:08:46.10,-26:08:28.61,9485.61776,87.39,0.002,23.58,17.95,17.95,1,1.48,
KMT-2021-BLG-2648,SAO41K0105.058549,17:53:44.15,-30:34:36.41,9484.97037,9.46,0.069,20.91,20.0,20.01,1,1.52,
KMT-2021-BLG-2649,SAO41K0208.044779,17:53:09.81,-30:16:12.40,9484.23465,6.02,0.167,19.85,19.71,19.71,2,1.64,
KMT-2021-BLG-2650,BLG41K0306.006105,17:52:31.25,-30:31:06.38,9495.81406,53.37,0.608,19.91,17.26,17.26,1,2.67,
KMT-2021-BLG-2651,SAO41K0607.038545,17:50:51.61,-30:22:19.42,9483.82038,18.91,0.374,20.56,19.89,19.89,1,2.5,
KMT-2021-BLG-2652,BLG41M0103.009942,17:58:29.54,-30:54:13.39,9482.74852,4.52,0.09,20.85,18.38,18.38,1,1.51,
KMT-2021-BLG-2653,BLG41T0604.057192,17:50:52.05,-31:50:36.53,9481.37371,87.92,0.019,24.41,20.0,22.1,2,3.14,
KMT-2021-BLG-2654,BLG42M0608.030678,17:55:44.72,-28:07:37.06,9483.09183,199.56,0.008,24.09,20.0,20.43,2,2.89,
KMT-2021-BLG-2655,SAO42M0806.001362,17:54:41.84,-28:23:30.05,9482.63411,2.28,0.385,17.92,16.36,16.36,2,2.9,
KMT-2021-BLG-2656,SAO43K0207.055286,18:00:53.10,-27:11:14.10,9483.88385,23.32,0.193,21.34,19.84,19.84,1,2.0,
KMT-2021-BLG-2657,BLG43K0501.072956,17:59:09.48,-27:58:34.79,9482.67602,24.87,0.02,21.94,20.0,20.86,2,1.95,
KMT-2021-BLG-2658,SAO43M0502.001699,18:03:57.55,-27:48:00.40,9484.456,2.06,0.269,15.44,15.38,15.38,1,1.0,
KMT-2021-BLG-2659,SAO43N0304.020454,18:04:53.18,-28:42:56.09,9485.30201,9.61,0.198,19.52,18.34,18.34,1,0.91,
KMT-2021-BLG-2660,SAO43N0805.003267,18:02:16.05,-28:36:08.60,9513.38974,36.99,0.103,17.69,15.78,15.78,1,1.21,
KMT-2021-BLG-2661,SAO43T0202.012652,18:00:46.38,-28:56:33.22,9488.33966,53.34,0.035,21.48,17.63,17.63,1,0.96,
KMT-2021-BLG-2662,BLG43T0301.008151,17:59:55.36,-29:02:46.21,9493.52097,55.88,0.228,20.62,17.04,17.04,1,0.93,
KMT-2021-BLG-2663,SAO43T0301.062501,17:59:58.23,-29:05:39.01,9494.23936,22.1,0.027,19.33,19.2,19.2,1,0.95,
KMT-2021-BLG-2664,BLG01K0104.050904,17:53:59.04,-30:40:44.51,9283.05834,45.44,0.296,19.98,19.77,19.77,1,1.98,
KMT-2021-BLG-2665,BLG01K0207.064802,17:53:27.80,-30:15:20.81,9275.22756,6.98,0.427,19.89,20.0,20.03,2,1.71,
KMT-2021-BLG-2666,SAO01K0303.038644,17:52:30.16,-30:47:54.82,9496.92519,14.03,0.009,21.17,19.32,19.32,1,1.96,
KMT-2021-BLG-2667,BLG01K0303.083280,17:53:03.22,-30:45:11.30,9269.39871,19.99,0.002,22.0,20.0,20.34,1,1.97,
KMT-2021-BLG-2668,BLG01K0308.036609,17:52:48.27,-30:05:00.49,9494.05636,95.19,0.007,24.02,19.06,19.06,1,1.59,
KMT-2021-BLG-2669,SAO01K0406.012762,17:51:56.92,-30:19:31.51,9496.55303,47.97,0.116,21.28,18.24,18.24,2,2.17,
KMT-2021-BLG-2670,BLG01K0408.041748,17:52:14.11,-30:11:07.69,9492.78726,10.23,0.002,21.19,19.3,19.3,1,1.72,
KMT-2021-BLG-2671,SAO01K0501.033591,17:51:51.17,-30:58:22.30,9507.14197,11.13,0.094,19.62,19.65,19.65,1,2.23,
KMT-2021-BLG-2672,SAO01K0504.044893,17:51:24.61,-30:37:17.29,9492.95101,8.67,0.014,19.96,20.0,20.0,1,2.64,
KMT-2021-BLG-2673,BLG01K0602.045090,17:51:04.07,-30:51:03.20,9286.18289,1.19,0.423,20.0,20.0,20.63,1,2.97,
KMT-2021-BLG-2674,BLG01M0106.001324,17:59:08.67,-30:24:41.90,9510.36756,51.78,0.23,19.27,15.82,15.82,1,1.66,
KMT-2021-BLG-2675,BLG01M0605.047407,17:55:57.47,-30:29:43.30,9273.68462,9.41,0.078,20.24,20.0,20.09,1,2.12,
KMT-2021-BLG-2676,SAO01M0706.003739,17:55:22.40,-30:22:07.72,9300.65452,97.93,0.665,18.61,16.61,16.61,1,1.77,
KMT-2021-BLG-2677,BLG01M0707.072463,17:55:37.54,-30:18:28.91,9283.35934,55.83,0.148,21.06,20.0,20.14,1,1.82,
KMT-2021-BLG-2678,BLG01M0808.078594,17:54:51.04,-30:10:19.70,9510.46831,19.4,0.143,19.88,20.0,20.05,2,1.36,
KMT-2021-BLG-2679,BLG01M0808.081018,17:54:42.25,-30:07:29.71,9490.99752,32.06,0.102,20.67,20.0,20.14,1,1.33,
KMT-2021-BLG-2680,BLG01N0103.005037,17:59:07.40,-31:49:16.50,9270.69485,3.36,0.139,20.52,17.73,17.73,1,1.65,
KMT-2021-BLG-2681,BLG01N0106.029685,17:59:05.09,-31:32:18.89,9508.46797,16.71,0.174,20.62,19.42,19.42,1,1.75,
KMT-2021-BLG-2682,BLG01N0206.025677,17:58:21.88,-31:31:15.49,9495.26149,25.49,0.107,21.4,19.13,19.13,1,1.4,
KMT-2021-BLG-2683,BLG01N0303.010256,17:57:31.05,-31:50:52.40,9367.21522,44.55,0.457,20.67,18.66,18.66,1,1.6,
KMT-2021-BLG-2684,BLG01N0306.014672,17:57:46.09,-31:26:21.19,9512.42339,92.42,0.06,23.13,18.72,18.72,1,1.78,
KMT-2021-BLG-2685,BLG01N0401.077046,17:57:19.51,-32:05:54.10,9269.90036,23.49,0.037,22.04,20.0,20.89,1,1.34,
KMT-2021-BLG-2686,BLG01N0601.016817,17:56:08.42,-32:08:22.81,9282.60616,24.17,0.882,18.85,18.77,18.77,1,1.38,
KMT-2021-BLG-2687,BLG01N0602.004130,17:55:59.92,-32:02:14.50,9262.87248,62.89,0.126,20.83,16.84,16.84,1,1.53,
KMT-2021-BLG-2688,BLG01N0603.030838,17:55:45.94,-31:52:35.40,9472.23487,9.56,0.015,19.22,19.06,19.06,1,1.16,
KMT-2021-BLG-2689,BLG01N0608.006292,17:56:15.87,-31:16:08.40,9488.97898,120.16,0.049,22.2,17.3,17.3,1,1.63,
KMT-2021-BLG-2690,BLG01N0704.055631,17:55:15.06,-31:48:59.29,9268.1744,129.88,0.018,19.83,19.69,19.69,1,1.45,MB21002
KMT-2021-BLG-2691,BLG01N0708.008052,17:55:12.15,-31:14:44.92,9263.87678,27.93,0.501,17.97,17.63,17.63,1,1.52,
KMT-2021-BLG-2692,BLG01N0801.022972,17:54:40.44,-32:04:38.71,9281.19327,12.74,0.002,20.18,19.07,19.07,1,1.58,MB21015
KMT-2021-BLG-2693,BLG01N0802.007597,17:54:59.61,-32:02:32.50,9422.04097,5.1,0.904,20.25,17.88,17.88,1,1.56,
KMT-2021-BLG-2694,SAO01T0106.017302,17:53:59.53,-31:31:54.41,9502.57548,14.54,0.048,19.66,18.82,18.82,1,1.72,
KMT-2021-BLG-2695,BLG01T0107.018388,17:53:51.55,-31:19:50.48,9489.90259,38.57,0.293,20.59,18.89,18.89,1,1.89,
KMT-2021-BLG-2696,BLG01T0406.024849,17:51:58.72,-31:32:43.80,9277.34452,29.04,0.004,23.03,19.81,19.81,1,2.76,
KMT-2021-BLG-2697,BLG01T0505.000597,17:51:47.81,-31:35:36.60,9292.97866,136.63,0.311,17.9,15.92,15.92,1,3.13,MB21001
KMT-2021-BLG-2698,BLG01T0603.037398,17:50:57.93,-31:49:28.31,9505.69071,34.04,0.019,22.34,20.0,21.16,2,3.26,
KMT-2021-BLG-2699,BLG02K0103.027522,17:53:54.80,-28:40:53.65,9285.01111,7.84,0.657,19.41,19.52,19.52,2,2.39,
KMT-2021-BLG-2700,BLG02K0106.062576,17:53:55.32,-28:19:34.36,9270.03973,11.38,0.104,20.59,20.0,21.46,2,2.79,
KMT-2021-BLG-2701,BLG02K0106.065272,17:54:03.93,-28:15:33.59,9490.24383,5.81,0.157,21.17,20.0,21.58,3,3.02,
KMT-2021-BLG-2702,SAO02K0201.013281,17:53:26.50,-28:55:07.07,9269.49127,7.77,0.3,19.66,18.15,18.15,2,2.44,
KMT-2021-BLG-2703,BLG02K0305.000547,17:52:41.26,-28:24:46.22,9242.4512,38.98,0.89,15.37,15.3,15.3,2,2.78,
KMT-2021-BLG-2704,SAO02K0407.006458,17:52:08.22,-28:12:09.47,9273.07202,27.54,0.241,18.64,18.68,18.68,2,4.04,
KMT-2021-BLG-2705,BLG02K0604.047944,17:50:58.37,-28:32:57.12,9281.57848,56.26,0.1,22.33,20.0,21.51,3,4.92,
KMT-2021-BLG-2706,SAO02K0608.001915,17:51:03.94,-28:02:36.89,9254.21032,40.67,0.074,18.06,18.05,18.05,2,6.87,
KMT-2021-BLG-2707,BLG02M0201.051721,17:58:19.43,-28:54:42.91,9320.07639,60.56,0.408,20.6,19.12,19.12,1,1.22,
KMT-2021-BLG-2708,BLG02M0204.019486,17:58:15.34,-28:34:10.99,9504.17004,200.0,0.013,21.83,18.49,18.49,1,1.6,
KMT-2021-BLG-2709,BLG02M0207.022082,17:58:11.02,-28:12:06.41,9268.23965,24.53,0.821,18.91,18.98,18.98,1,2.18,
KMT-2021-BLG-2710,BLG02M0305.058307,17:57:31.39,-28:22:58.80,9497.5353,16.7,0.26,19.65,19.44,19.44,1,1.61,
KMT-2021-BLG-2711,BLG02M0308.030536,17:57:32.20,-28:00:15.01,9504.82731,31.86,0.011,22.62,19.48,19.48,1,2.32,
KMT-2021-BLG-2712,BLG02M0308.047427,17:57:44.24,-28:04:47.39,9496.33696,15.36,0.249,19.9,19.97,19.97,1,2.27,
KMT-2021-BLG-2713,BLG02M0406.001476,17:57:10.38,-28:19:31.30,9500.49718,12.42,0.999,17.81,15.36,15.36,1,1.85,
KMT-2021-BLG-2714,BLG02M0602.012700,17:56:08.89,-28:47:29.11,9500.52333,95.01,0.002,23.68,17.83,17.83,1,1.8,
KMT-2021-BLG-2715,BLG02M0606.002646,17:55:59.52,-28:14:30.01,9505.41231,3.42,0.695,16.88,16.86,16.86,2,2.52,
KMT-2021-BLG-2716,BLG02M0606.006438,17:55:51.77,-28:18:22.03,9265.95179,7.41,0.576,17.72,17.75,17.75,4,2.9,
KMT-2021-BLG-2717,BLG02M0606.028099,17:56:07.34,-28:15:36.58,9499.32132,41.76,0.049,21.64,19.88,19.88,2,2.47,
KMT-2021-BLG-2718,BLG02M0608.005031,17:55:45.00,-28:00:01.84,9245.43622,97.19,0.108,18.48,17.79,17.79,2,2.8,
KMT-2021-BLG-2719,BLG02M0804.030504,17:54:57.58,-28:32:53.56,9487.70204,199.9,0.015,23.49,19.68,19.68,2,2.22,
KMT-2021-BLG-2720,BLG02N0108.091840,17:58:57.02,-29:11:47.80,9406.94223,10.15,0.489,20.06,19.95,19.95,1,1.01,
KMT-2021-BLG-2721,SAO02N0202.088732,17:58:10.43,-29:50:39.08,9400.25438,37.68,0.1,21.75,20.0,20.1,1,1.42,
KMT-2021-BLG-2722,BLG02N0401.008476,17:57:11.39,-29:59:30.70,9496.56813,4.31,0.132,19.75,17.47,17.47,1,1.53,
KMT-2021-BLG-2723,SAO02N0401.078346,17:57:07.24,-30:03:11.70,9268.76945,17.32,0.041,20.95,20.0,20.05,1,1.47,
KMT-2021-BLG-2724,SAO02N0407.085872,17:57:20.39,-29:18:19.91,9325.56178,3.14,0.179,21.46,20.0,20.27,1,1.82,
KMT-2021-BLG-2725,BLG02N0408.033455,17:57:06.46,-29:07:44.00,9266.6738,199.97,0.011,22.24,19.11,19.11,1,1.67,
KMT-2021-BLG-2726,BLG02N0503.031995,17:56:37.26,-29:48:07.49,9297.7619,3.89,0.703,19.11,19.03,19.03,1,1.78,
KMT-2021-BLG-2727,BLG02N0503.052649,17:56:20.02,-29:43:10.70,9296.40864,3.16,0.689,19.01,19.53,19.53,1,1.68,
KMT-2021-BLG-2728,BLG02N0506.009606,17:56:35.14,-29:20:44.41,9492.47455,3.44,0.246,20.98,17.3,17.3,1,1.76,
KMT-2021-BLG-2729,BLG02N0506.013137,17:56:24.39,-29:20:02.11,9508.37797,199.9,0.026,22.52,17.8,17.8,1,1.93,
KMT-2021-BLG-2730,BLG02N0508.042013,17:56:22.06,-29:06:29.48,9277.96943,17.77,0.193,20.34,19.92,19.92,1,2.42,
KMT-2021-BLG-2731,SSO02N0508.048963,17:56:31.60,-29:09:36.79,9267.53912,21.04,0.056,20.66,20.0,20.09,1,2.69,MB21007
KMT-2021-BLG-2732,BLG02N0702.070226,17:55:19.28,-29:52:44.90,9489.82566,16.59,0.083,20.39,19.45,19.45,1,1.22,
KMT-2021-BLG-2733,BLG02N0704.077428,17:55:28.01,-29:38:32.71,9375.20503,11.02,0.615,19.58,19.56,19.56,1,1.53,
KMT-2021-BLG-2734,BLG02N0802.001529,17:54:50.03,-29:51:47.30,9246.09471,25.58,1.0,16.02,15.08,15.08,1,1.25,
KMT-2021-BLG-2735,BLG02N0806.063656,17:54:49.60,-29:20:26.20,9377.96982,16.4,0.566,20.4,19.39,19.39,1,1.83,
KMT-2021-BLG-2736,BLG02N0808.023451,17:54:55.23,-29:06:52.42,9293.99817,198.09,0.071,22.26,18.59,18.59,1,2.15,
KMT-2021-BLG-2737,BLG02N0808.082508,17:54:51.03,-29:10:18.41,9474.67117,51.19,0.011,21.34,20.0,20.19,1,2.25,
KMT-2021-BLG-2738,BLG02T0101.104857,17:53:49.30,-30:03:14.00,9497.79946,9.5,0.183,19.95,20.0,20.51,1,1.59,
KMT-2021-BLG-2739,BLG02T0104.101465,17:54:13.04,-29:36:40.21,9377.22642,23.34,0.754,19.87,20.0,20.22,1,1.51,
KMT-2021-BLG-2740,SSO02T0105.005325,17:54:05.04,-29:27:40.28,9508.66685,22.46,0.006,20.95,16.3,16.3,1,1.71,
KMT-2021-BLG-2741,BLG02T0105.008783,17:53:51.07,-29:32:09.82,9290.04887,67.22,0.865,18.01,16.93,16.93,1,1.82,
KMT-2021-BLG-2742,BLG02T0301.022569,17:53:05.55,-30:04:18.52,9518.74228,107.55,0.005,19.99,18.54,18.54,1,1.61,
KMT-2021-BLG-2743,BLG02T0405.049174,17:52:22.90,-29:31:41.99,9504.66816,12.13,0.061,20.09,19.78,19.78,1,2.56,
KMT-2021-BLG-2744,BLG02T0501.011176,17:51:49.59,-29:59:47.80,9259.51978,51.86,0.104,20.33,17.77,17.77,1,2.39,
KMT-2021-BLG-2745,BLG02T0501.044333,17:51:46.96,-30:00:19.91,9282.28382,11.58,0.23,20.36,19.64,19.64,1,2.39,
KMT-2021-BLG-2746,BLG02T0504.049810,17:51:32.06,-29:40:42.82,9508.6007,200.0,0.01,22.9,19.75,19.75,1,2.61,
KMT-2021-BLG-2747,BLG02T0505.061801,17:51:42.58,-29:32:56.18,9328.30359,89.16,0.054,22.46,20.0,20.26,1,2.42,
KMT-2021-BLG-2748,SAO02T0506.031055,17:51:54.52,-29:20:46.61,9293.8502,3.77,0.664,19.49,19.73,19.73,1,2.85,
KMT-2021-BLG-2749,BLG02T0701.021965,17:50:36.10,-30:04:19.60,9285.32529,53.01,0.012,23.43,19.31,19.31,1,3.0,
KMT-2021-BLG-2750,BLG02T0703.058443,17:50:34.90,-29:47:33.40,9513.17712,10.63,0.262,20.05,20.0,21.07,3,3.53,
KMT-2021-BLG-2751,BLG02T0804.033750,17:50:07.18,-29:39:26.10,9492.47215,17.21,0.257,20.42,20.0,20.0,1,3.31,
KMT-2021-BLG-2752,BLG03K0101.002378,18:01:38.75,-27:50:46.50,9509.26518,80.19,0.202,19.67,15.65,15.65,1,1.4,
KMT-2021-BLG-2753,BLG03K0201.076668,18:01:06.80,-27:47:45.31,9414.51724,8.09,0.042,22.87,19.88,19.88,1,1.26,
KMT-2021-BLG-2754,SSO03K0306.021466,18:00:41.17,-27:13:51.82,9507.2167,10.82,0.03,18.94,18.78,18.78,1,1.58,
KMT-2021-BLG-2755,SAO03K0608.007206,17:58:55.80,-26:54:54.22,9489.95569,34.85,0.075,21.33,17.97,17.97,1,2.54,
KMT-2021-BLG-2756,BLG03K0701.046854,17:58:11.36,-27:47:44.70,9332.51956,1.04,0.266,20.47,20.0,20.23,1,2.39,
KMT-2021-BLG-2757,BLG03K0702.036188,17:58:18.75,-27:41:26.09,9508.01721,199.9,0.014,22.73,19.44,19.44,1,1.9,
KMT-2021-BLG-2758,BLG03K0705.079575,17:58:09.29,-27:16:05.63,9496.44795,10.12,0.059,21.98,20.0,21.96,2,3.24,
KMT-2021-BLG-2759,BLG03K0805.023221,17:57:28.44,-27:20:09.85,9509.08137,52.7,0.049,22.63,20.0,20.2,2,3.08,
KMT-2021-BLG-2760,BLG03M0306.062406,18:05:22.60,-27:08:09.10,9367.23057,29.53,0.683,19.44,19.5,19.5,1,1.08,
KMT-2021-BLG-2761,SAO03M0501.095585,18:04:04.37,-27:45:51.41,9306.40731,11.1,0.23,20.28,20.0,20.45,1,1.01,
KMT-2021-BLG-2762,BLG03M0502.036825,18:04:06.12,-27:41:14.21,9265.47443,39.86,0.06,20.43,18.91,18.91,1,1.02,
KMT-2021-BLG-2763,SAO03M0503.017015,18:04:14.73,-27:31:48.50,9493.14546,3.9,0.256,18.3,18.28,18.28,1,0.99,
KMT-2021-BLG-2764,SAO03M0706.038271,18:03:13.81,-27:10:49.80,9498.37915,67.4,0.026,22.49,20.0,20.23,1,2.22,
KMT-2021-BLG-2765,BLG03M0806.003650,18:02:23.40,-27:11:33.11,9314.49519,1.06,0.057,20.31,17.19,17.19,1,2.03,
KMT-2021-BLG-2766,SAO03M0808.062478,18:02:35.21,-26:55:43.28,9312.6008,5.42,0.872,19.86,20.0,20.78,1,2.3,
KMT-2021-BLG-2767,BLG03N0103.067161,18:06:32.57,-28:43:34.72,9491.62899,1.07,0.14,19.93,20.0,20.02,1,0.91,
KMT-2021-BLG-2768,BLG03N0306.020132,18:05:10.00,-28:15:36.11,9323.48028,5.76,0.13,21.33,18.22,18.22,1,0.86,
KMT-2021-BLG-2769,BLG03N0308.009476,18:05:26.63,-28:05:49.20,9266.37726,53.4,0.405,19.18,17.52,17.52,1,0.82,
KMT-2021-BLG-2770,SAO03N0401.009433,18:04:55.05,-28:55:20.39,9315.99624,167.88,0.033,23.86,17.56,17.56,1,0.74,
KMT-2021-BLG-2771,BLG03N0401.028203,18:04:37.71,-28:53:04.60,9367.32093,12.24,0.938,18.92,18.54,18.54,1,0.7,
KMT-2021-BLG-2772,BLG03N0605.076153,18:03:43.55,-28:26:01.28,9505.98752,199.99,0.005,23.6,19.65,19.65,1,0.92,
KMT-2021-BLG-2773,BLG03N0607.072832,18:03:41.66,-28:12:22.21,9508.5942,19.35,0.078,19.83,19.67,19.67,1,1.01,
KMT-2021-BLG-2774,BLG03N0608.003505,18:03:34.25,-28:00:13.21,9499.19452,17.55,0.993,16.83,15.98,15.98,1,1.01,
KMT-2021-BLG-2775,BLG03N0707.041230,18:02:53.85,-28:13:47.32,9498.18246,77.43,0.015,22.59,18.75,18.75,1,0.81,
KMT-2021-BLG-2776,BLG03N0707.047635,18:02:56.01,-28:14:42.29,9264.4163,22.13,0.051,19.92,18.9,18.9,1,0.83,
KMT-2021-BLG-2777,BLG03N0804.032475,18:02:16.95,-28:37:02.21,9272.87304,40.38,0.049,21.34,18.71,18.71,1,1.22,
KMT-2021-BLG-2778,BLG03T0103.048897,18:01:42.71,-28:38:48.70,9284.16659,140.14,0.091,20.01,19.08,19.08,1,0.98,MB21024
KMT-2021-BLG-2779,BLG03T0104.079139,18:01:30.87,-28:34:40.91,9296.7885,12.1,0.114,21.58,19.8,19.8,1,1.12,
KMT-2021-BLG-2780,BLG03T0201.046615,18:00:51.22,-28:54:21.60,9362.12558,12.64,0.209,19.62,18.9,18.9,1,0.99,
KMT-2021-BLG-2781,BLG03T0405.034056,17:59:48.83,-28:25:46.70,9273.54036,57.78,0.621,19.25,18.77,18.77,1,1.35,
KMT-2021-BLG-2782,BLG03T0805.070847,17:57:31.56,-28:25:31.19,9499.26789,36.26,0.264,19.85,19.79,19.79,1,1.68,
KMT-2021-BLG-2783,SSO04K0107.046315,18:03:32.19,-29:12:29.70,9506.65554,16.8,0.13,19.77,19.13,19.13,1,0.86,
KMT-2021-BLG-2784,SAO04K0205.029819,18:02:38.51,-29:27:24.52,9288.5297,40.14,0.07,21.33,18.88,18.88,1,1.05,
KMT-2021-BLG-2785,BLG04K0304.055601,18:02:14.65,-29:33:46.51,9305.33153,80.47,0.402,19.49,19.62,19.62,1,1.3,
KMT-2021-BLG-2786,BLG04K0402.014969,18:01:36.51,-29:47:37.50,9497.55799,35.04,0.869,18.1,18.12,18.12,1,1.11,
KMT-2021-BLG-2787,SAO04K0503.009895,18:01:14.42,-29:42:00.11,9270.74092,67.42,0.002,21.03,17.77,17.77,1,1.15,MB21009
KMT-2021-BLG-2788,BLG04K0507.056354,18:01:14.01,-29:13:37.09,9286.877,61.92,0.002,22.44,19.41,19.41,1,1.4,MB21025
KMT-2021-BLG-2789,BLG04M0204.004821,18:07:54.72,-29:36:01.40,9514.17852,52.06,0.501,18.6,17.28,17.28,1,0.77,
KMT-2021-BLG-2790,BLG04M0404.022672,18:06:22.88,-29:34:48.29,9505.66932,198.25,0.012,22.72,18.73,18.73,1,0.85,
KMT-2021-BLG-2791,SSO04M0505.017549,18:06:16.40,-29:22:21.40,9357.08209,9.11,0.014,21.17,18.54,18.54,1,1.07,MB21132
KMT-2021-BLG-2792,BLG04M0601.047720,18:05:09.50,-29:54:33.30,9494.19427,9.9,0.124,19.42,19.5,19.5,1,0.97,
KMT-2021-BLG-2793,BLG04M0604.016008,18:05:19.64,-29:33:38.92,9497.84376,11.22,0.599,18.34,18.27,18.27,1,0.83,
KMT-2021-BLG-2794,BLG04M0705.012491,18:04:34.97,-29:23:23.39,9487.99859,116.02,0.015,22.61,18.11,18.11,1,1.03,
KMT-2021-BLG-2795,BLG04M0705.049219,18:04:56.95,-29:22:17.80,9480.33096,3.87,0.058,21.14,19.39,19.39,1,0.96,
KMT-2021-BLG-2796,BLG04M0803.075266,18:04:07.11,-29:40:49.01,9396.79067,6.38,0.253,20.29,20.0,20.07,1,0.89,
KMT-2021-BLG-2797,BLG04N0807.045990,18:04:11.21,-30:21:04.50,9261.73788,28.45,0.377,19.71,19.52,19.52,1,1.16,
KMT-2021-BLG-2798,BLG04T0406.059134,18:01:26.59,-30:22:14.30,9285.37433,34.97,0.088,19.83,19.59,19.59,1,1.08,MB21018
KMT-2021-BLG-2799,BLG04T0506.011369,18:01:02.63,-30:24:29.30,9274.2634,24.15,0.61,17.91,18.02,18.02,1,1.07,
KMT-2021-BLG-2800,SAO04T0601.014557,18:00:40.67,-30:59:43.30,9283.09851,50.77,0.149,18.81,18.83,18.83,1,1.46,MB21008
KMT-2021-BLG-2801,BLG04T0705.009506,17:59:51.60,-30:29:09.60,9277.3254,198.4,0.059,22.49,17.9,17.9,1,1.33,
KMT-2021-BLG-2802,BLG04T0705.072412,18:00:06.17,-30:29:46.39,9490.55863,109.37,0.003,22.74,20.0,20.09,1,1.22,
KMT-2021-BLG-2803,BLG04T0708.032609,17:59:55.51,-30:08:49.49,9287.79829,38.97,0.114,20.82,18.95,18.95,1,1.24,
KMT-2021-BLG-2804,BLG04T0806.035473,17:59:30.61,-30:22:32.99,9486.35938,5.64,0.155,19.58,19.46,19.46,1,1.61,
KMT-2021-BLG-2805,BLG11M0102.006708,17:31:57.62,-29:41:23.46,9507.6993,57.3,0.566,19.76,18.46,18.46,2,2.76,
KMT-2021-BLG-2806,BLG11M0103.004824,17:31:54.80,-29:34:21.58,9320.44555,65.47,0.75,19.84,18.16,18.16,2,3.0,
KMT-2021-BLG-2807,BLG11M0202.074063,17:31:21.10,-29:39:29.23,9279.82115,6.11,0.181,20.62,20.0,21.5,2,2.54,
KMT-2021-BLG-2808,BLG11M0303.008303,17:30:44.11,-29:37:05.74,9256.43036,56.07,0.078,21.63,19.07,19.07,2,2.81,
KMT-2021-BLG-2809,SAO11M0406.012757,17:30:04.21,-29:09:55.58,9268.79861,10.79,0.061,20.99,19.75,19.75,2,2.45,
KMT-2021-BLG-2810,BLG11M0607.015990,17:29:04.80,-29:03:41.51,9296.21087,67.43,0.528,19.53,19.54,19.54,2,2.07,
KMT-2021-BLG-2811,BLG11M0708.070780,17:28:17.18,-29:00:28.44,9393.39923,11.19,0.665,19.8,20.0,21.11,2,1.94,
KMT-2021-BLG-2812,BLG11M0808.001399,17:27:53.83,-28:57:33.91,9270.06323,18.38,0.666,18.68,16.72,16.72,2,1.93,
KMT-2021-BLG-2813,BLG11N0104.012704,17:31:47.53,-30:36:45.79,9351.10531,38.59,0.105,22.67,19.58,19.58,2,2.75,
KMT-2021-BLG-2814,BLG11N0105.017607,17:31:50.84,-30:27:43.63,9499.07973,47.37,0.073,21.45,20.0,20.04,2,3.09,
KMT-2021-BLG-2815,SAO11N0503.078706,17:29:50.45,-30:40:24.92,9322.16303,21.19,0.298,21.41,20.0,25.0,3,3.88,
KMT-2021-BLG-2816,BLG11T0207.001615,17:26:38.14,-30:13:31.94,9260.88851,44.52,0.35,16.97,17.0,17.0,2,2.31,
KMT-2021-BLG-2817,BLG11T0208.001196,17:26:19.77,-30:06:40.03,9361.80411,50.32,0.896,18.71,16.84,16.84,2,2.42,
KMT-2021-BLG-2818,BLG11T0508.092431,17:24:59.66,-30:07:18.77,9486.47291,12.78,0.107,20.89,20.0,25.0,3,2.12,
KMT-2021-BLG-2819,BLG11T0608.009843,17:24:04.65,-29:59:59.82,9299.45292,9.71,0.861,19.15,19.1,19.1,4,1.71,
KMT-2021-BLG-2820,BLG12K0101.050590,17:27:02.17,-27:45:32.47,9439.07422,56.47,0.519,19.93,20.0,21.03,2,1.99,
KMT-2021-BLG-2821,BLG12K0308.000967,17:25:55.63,-26:52:13.12,9299.15741,61.42,0.855,17.99,17.77,17.77,2,2.27,
KMT-2021-BLG-2822,SAO12K0607.002112,17:24:32.44,-27:00:21.17,9293.46469,93.45,0.418,18.65,18.57,18.57,2,2.82,
KMT-2021-BLG-2823,BLG12M0203.001841,17:31:08.93,-27:26:01.57,9490.37998,17.88,0.9,17.47,17.42,17.42,2,2.51,
KMT-2021-BLG-2824,BLG12M0301.052650,17:31:00.28,-27:41:24.11,9269.107,18.79,0.923,20.05,20.0,20.9,2,2.16,
KMT-2021-BLG-2825,SAO12M0601.044453,17:29:07.75,-27:41:19.86,9482.09233,17.52,0.1,21.14,20.0,21.21,2,2.68,
KMT-2021-BLG-2826,BLG12N0102.031960,17:31:45.52,-28:43:32.38,9324.523,35.54,0.147,21.35,20.0,20.74,2,2.46,
KMT-2021-BLG-2827,BLG12N0105.070761,17:31:55.14,-28:19:27.41,9245.15348,197.93,0.006,20.94,20.0,21.29,2,2.21,
KMT-2021-BLG-2828,BLG12N0206.003123,17:31:25.05,-28:13:20.57,9495.14527,73.7,0.95,18.79,17.41,17.41,2,2.32,
KMT-2021-BLG-2829,SAO12N0304.012093,17:30:58.24,-28:27:32.18,9457.98889,3.97,0.336,19.28,19.29,19.29,2,2.19,
KMT-2021-BLG-2830,BLG12N0505.005328,17:29:48.99,-28:21:40.18,9508.78516,48.39,0.305,19.24,18.32,18.32,2,2.02,
KMT-2021-BLG-2831,BLG12N0604.017510,17:29:24.96,-28:30:17.35,9474.20602,14.82,0.113,20.41,19.84,19.84,2,1.97,
KMT-2021-BLG-2832,BLG12N0607.030187,17:29:16.74,-28:07:50.63,9497.35792,98.5,0.123,21.81,20.0,20.39,2,2.33,
KMT-2021-BLG-2833,BLG12T0105.023504,17:26:58.43,-28:22:02.53,9263.12364,18.09,0.067,20.41,20.0,20.09,2,2.0,
KMT-2021-BLG-2834,BLG12T0107.000485,17:27:07.73,-28:02:22.78,9474.40445,133.84,0.092,21.26,15.89,15.89,2,2.16,
KMT-2021-BLG-2835,SAO13M0108.072218,17:39:29.23,-33:23:29.11,9327.13342,7.19,0.104,21.05,20.0,22.27,2,3.32,
KMT-2021-BLG-2836,BLG13M0202.001122,17:38:48.60,-34:06:16.24,9246.09629,46.29,0.48,18.04,17.18,17.18,2,3.55,
KMT-2021-BLG-2837,BLG13M0307.009249,17:38:09.75,-33:25:52.39,9262.91563,45.63,0.228,19.6,19.53,19.53,2,3.9,
KMT-2021-BLG-2838,SAO13M0508.088027,17:37:14.73,-33:19:07.36,9280.06171,13.95,0.034,20.88,20.0,25.0,3,10.12,
KMT-2021-BLG-2839,BLG13M0702.004880,17:36:08.40,-34:04:17.98,9249.32491,54.92,0.615,19.02,18.72,18.72,2,3.82,
KMT-2021-BLG-2840,BLG13N0107.005690,17:39:28.05,-34:34:21.47,9503.13351,78.04,0.038,20.32,18.88,18.88,2,2.63,
KMT-2021-BLG-2841,BLG13N0208.010954,17:39:09.17,-34:24:25.24,9245.45264,54.71,0.116,20.98,19.88,19.88,2,3.4,
KMT-2021-BLG-2842,BLG14K0106.000803,17:36:29.51,-28:12:02.41,9505.06191,11.3,0.782,16.89,16.91,16.91,2,3.62,
KMT-2021-BLG-2843,BLG14K0107.018244,17:36:16.80,-28:02:32.28,9423.56232,13.49,0.01,23.85,20.0,20.45,2,3.31,
KMT-2021-BLG-2844,SAO14K0302.007592,17:35:18.74,-28:36:39.38,9509.37428,11.99,0.056,18.52,18.6,18.6,2,2.89,
KMT-2021-BLG-2845,SAO14K0304.037899,17:35:15.09,-28:26:14.68,9289.19364,12.65,0.885,19.97,20.0,21.03,2,3.08,
KMT-2021-BLG-2846,SAO14K0307.083320,17:35:12.97,-28:00:19.94,9495.76803,20.63,0.056,21.43,20.0,22.24,2,3.14,
KMT-2021-BLG-2847,BLG14K0605.007721,17:33:27.17,-28:13:51.64,9263.55717,49.2,0.49,19.62,18.71,18.71,2,2.57,
KMT-2021-BLG-2848,BLG14K0605.056027,17:33:31.22,-28:17:23.32,9255.07478,85.35,0.081,21.73,20.0,20.91,2,2.55,
KMT-2021-BLG-2849,BLG14K0808.004706,17:32:25.26,-27:56:09.67,9404.63382,13.48,0.29,20.34,18.29,18.29,2,2.45,
KMT-2021-BLG-2850,BLG14M0105.018303,17:41:27.50,-28:17:32.14,9270.90531,9.65,0.31,20.03,20.0,20.36,2,4.34,
KMT-2021-BLG-2851,BLG14M0107.000312,17:41:07.18,-28:03:21.56,9438.82915,39.85,0.104,19.77,16.02,16.02,2,3.73,
KMT-2021-BLG-2852,SAO14M0108.081570,17:41:08.61,-27:57:17.50,9266.46527,37.38,0.034,20.14,20.0,22.53,2,3.47,
KMT-2021-BLG-2853,BLG14M0205.074347,17:40:34.05,-28:15:56.05,9297.96488,3.29,0.004,21.89,20.0,22.42,2,3.85,
KMT-2021-BLG-2854,BLG14M0401.009790,17:39:43.07,-28:45:58.61,9261.70127,39.79,0.698,19.94,20.0,20.14,2,5.2,
KMT-2021-BLG-2855,SAO14M0503.059111,17:38:46.61,-28:31:05.34,9426.44697,13.7,0.028,22.77,20.0,21.8,2,3.35,
KMT-2021-BLG-2856,BLG14M0505.007971,17:39:08.39,-28:13:37.92,9507.67309,64.67,0.174,20.36,18.34,18.34,2,2.86,
KMT-2021-BLG-2857,SAO14M0602.016409,17:38:28.27,-28:38:34.01,9268.58911,104.76,0.01,24.43,20.0,20.0,2,3.58,
KMT-2021-BLG-2858,BLG14M0604.047269,17:38:13.78,-28:25:15.92,9492.49226,46.71,0.039,22.26,20.0,21.15,2,3.4,
KMT-2021-BLG-2859,SAO14M0702.017282,17:37:44.60,-28:40:55.06,9460.81554,8.27,0.027,21.87,19.91,19.91,2,3.14,
KMT-2021-BLG-2860,BLG14M0801.015927,17:37:14.71,-28:47:36.78,9268.37817,8.58,0.516,19.81,19.86,19.86,2,3.13,
KMT-2021-BLG-2861,BLG14M0801.055814,17:37:09.46,-28:46:10.34,9324.95489,46.75,0.602,20.82,20.0,21.28,2,3.06,
KMT-2021-BLG-2862,BLG14M0802.041000,17:37:23.40,-28:38:05.50,9248.79107,49.43,0.257,20.75,20.0,21.04,2,3.16,
KMT-2021-BLG-2863,SAO14M0803.046848,17:36:57.06,-28:28:46.49,9338.75636,35.86,0.274,19.85,20.0,21.35,2,3.65,
KMT-2021-BLG-2864,BLG14M0806.008176,17:37:04.96,-28:06:26.42,9363.737,3.22,0.132,19.59,19.59,19.59,2,3.62,
KMT-2021-BLG-2865,BLG14N0404.009338,17:39:40.14,-29:32:49.78,9274.47641,12.25,0.269,20.38,20.0,21.03,2,6.03,
KMT-2021-BLG-2866,BLG14N0701.016134,17:37:58.68,-29:51:33.37,9429.52067,7.8,0.014,23.48,20.0,20.73,3,4.35,
KMT-2021-BLG-2867,SAO14N0807.094745,17:37:26.81,-29:12:19.33,9466.09398,9.62,0.042,22.41,20.0,22.52,2,3.65,
KMT-2021-BLG-2868,BLG14T0104.099969,17:36:31.68,-29:31:31.37,9494.31542,18.29,0.376,20.04,20.0,25.0,3,3.72,
KMT-2021-BLG-2869,SAO14T0402.004229,17:34:30.08,-29:47:24.00,9291.56299,38.14,0.702,19.51,17.93,17.93,2,3.12,
KMT-2021-BLG-2870,BLG14T0406.004760,17:34:48.82,-29:12:51.52,9404.96846,128.0,0.781,18.55,18.12,18.12,2,3.05,
KMT-2021-BLG-2871,BLG14T0502.001907,17:33:52.37,-29:43:48.14,9429.49258,194.72,0.65,18.17,16.93,16.93,4,2.5,
KMT-2021-BLG-2872,SSO14T0607.010399,17:33:34.84,-29:11:48.91,9439.14035,0.63,0.333,19.48,19.48,19.48,2,3.08,
KMT-2021-BLG-2873,BLG14T0701.003255,17:32:54.87,-29:52:49.84,9244.13428,31.0,0.718,17.62,17.63,17.63,2,2.64,
KMT-2021-BLG-2874,BLG14T0703.017726,17:33:02.14,-29:35:02.47,9402.35708,75.96,0.673,19.85,20.0,20.13,2,3.5,
KMT-2021-BLG-2875,BLG14T0801.006498,17:32:11.85,-29:50:37.54,9245.69154,87.41,0.345,18.74,18.64,18.64,2,2.92,
KMT-2021-BLG-2876,BLG15K0103.049220,17:36:20.36,-26:24:41.00,9491.22202,12.28,0.079,20.69,20.0,21.44,2,3.01,
KMT-2021-BLG-2877,BLG15K0403.018130,17:34:42.20,-26:23:07.51,9495.18499,28.22,0.481,20.51,20.0,20.56,2,2.9,
KMT-2021-BLG-2878,BLG15K0404.030536,17:34:53.78,-26:15:49.39,9493.05163,33.36,0.062,22.77,20.0,20.95,2,2.75,
KMT-2021-BLG-2879,BLG15K0404.044717,17:34:42.82,-26:16:46.60,9285.79189,45.86,0.593,20.25,20.0,21.32,2,2.94,
KMT-2021-BLG-2880,BLG15K0701.007404,17:33:07.87,-26:42:48.06,9490.43247,9.5,0.231,19.66,19.68,19.68,2,2.86,
KMT-2021-BLG-2881,SAO15K0803.066046,17:32:45.07,-26:24:47.88,9403.82333,26.88,0.283,21.78,20.0,25.0,3,3.54,
KMT-2021-BLG-2882,BLG15M0105.060933,17:41:03.69,-26:09:08.03,9281.25417,5.54,0.611,19.94,20.0,21.43,2,2.85,
KMT-2021-BLG-2883,BLG15M0202.033712,17:40:37.70,-26:28:57.40,9265.5351,54.45,0.337,19.93,20.0,20.71,2,2.69,
KMT-2021-BLG-2884,BLG15M0203.001029,17:40:30.48,-26:26:30.84,9498.00541,48.36,0.975,17.31,16.73,16.73,2,2.85,
KMT-2021-BLG-2885,BLG15M0703.006427,17:37:32.92,-26:24:49.39,9487.44686,16.56,0.493,19.21,18.99,18.99,2,2.75,
KMT-2021-BLG-2886,SAO15M0707.000225,17:37:40.03,-25:51:27.61,9500.69229,45.37,0.199,19.86,16.68,16.68,2,3.93,
KMT-2021-BLG-2887,SAO15M0806.030914,17:37:10.72,-26:01:32.05,9497.16173,109.25,0.01,24.77,20.0,21.21,2,3.22,
KMT-2021-BLG-2888,BLG15M0807.044619,17:37:08.80,-25:56:48.59,9263.9293,62.48,0.065,20.89,20.0,21.75,2,3.25,
KMT-2021-BLG-2889,BLG15N0105.015947,17:41:05.84,-27:16:07.46,9281.44757,34.21,0.056,22.29,20.0,20.13,2,3.16,
KMT-2021-BLG-2890,BLG15N0201.115437,17:40:32.43,-27:43:53.80,9305.76815,4.53,0.057,21.29,20.0,25.0,3,3.38,
KMT-2021-BLG-2891,BLG15N0204.116901,17:40:28.34,-27:21:54.36,9265.23227,5.12,0.384,19.86,20.0,25.0,3,3.11,
KMT-2021-BLG-2892,BLG15N0205.002686,17:40:42.73,-27:15:33.37,9474.91608,6.25,0.109,19.19,17.68,17.68,2,3.26,
KMT-2021-BLG-2893,BLG15N0306.010495,17:39:49.11,-27:08:37.75,9450.79816,199.87,0.01,21.79,19.22,19.22,2,2.89,
KMT-2021-BLG-2894,BLG15N0401.054310,17:39:37.67,-27:48:06.41,9484.19981,6.13,0.361,20.18,20.0,21.0,2,2.82,
KMT-2021-BLG-2895,BLG15N0404.005810,17:39:30.07,-27:21:24.34,9315.45709,8.88,0.897,21.16,17.89,17.89,2,2.74,
KMT-2021-BLG-2896,BLG15N0404.008763,17:39:17.69,-27:25:59.77,9511.75467,10.87,0.743,18.54,18.55,18.55,2,2.38,
KMT-2021-BLG-2897,BLG15N0405.026491,17:39:30.07,-27:16:10.45,9495.3709,46.06,0.401,20.87,20.0,20.2,2,2.69,
KMT-2021-BLG-2898,BLG15N0502.105909,17:38:50.82,-27:38:22.13,9268.24533,25.08,0.071,21.12,20.0,22.55,2,2.85,
KMT-2021-BLG-2899,BLG15N0704.088275,17:37:31.88,-27:24:11.66,9507.57182,51.4,0.082,21.25,20.0,22.25,2,3.08,
KMT-2021-BLG-2900,BLG15N0705.027734,17:37:55.73,-27:15:17.21,9292.72835,11.31,0.031,21.22,20.0,20.61,2,2.98,
KMT-2021-BLG-2901,BLG15N0705.056727,17:37:44.88,-27:19:34.07,9482.16404,9.49,0.019,22.63,20.0,21.33,2,3.08,
KMT-2021-BLG-2902,BLG15N0707.082549,17:37:42.14,-26:59:42.25,9271.84865,20.45,0.499,19.98,20.0,21.68,2,2.54,
KMT-2021-BLG-2903,BLG15N0801.004020,17:37:09.05,-27:46:17.26,9280.58962,73.03,0.948,18.39,18.25,18.25,2,3.29,
KMT-2021-BLG-2904,SAO15T0102.039759,17:36:32.70,-27:36:39.89,9438.50493,2.39,0.173,20.66,20.0,21.11,2,2.85,
KMT-2021-BLG-2905,BLG15T0106.010809,17:36:34.27,-27:12:47.48,9491.90799,62.32,0.211,18.78,18.63,18.63,1,2.27,
KMT-2021-BLG-2906,BLG15T0307.003188,17:35:32.06,-27:00:34.31,9245.09718,24.45,0.375,17.19,16.69,16.69,1,2.16,
KMT-2021-BLG-2907,BLG15T0403.035953,17:34:37.50,-27:35:09.60,9271.98279,14.63,0.107,21.45,20.0,20.8,2,2.75,
KMT-2021-BLG-2908,SAO15T0502.029599,17:33:56.97,-27:42:01.01,9274.63596,19.51,0.374,19.92,20.0,20.77,2,2.64,
KMT-2021-BLG-2909,BLG15T0507.068152,17:34:06.39,-26:58:23.30,9415.4867,45.45,0.023,23.72,20.0,21.77,2,2.61,
KMT-2021-BLG-2910,BLG15T0707.000988,17:33:05.13,-27:03:51.26,9495.26259,10.23,0.985,17.48,17.25,17.25,2,3.11,
KMT-2021-BLG-2911,BLG16K0104.002278,17:36:47.12,-24:09:36.90,9246.60542,199.85,0.03,21.73,17.78,17.78,2,2.52,
KMT-2021-BLG-2912,SAO16K0107.002953,17:36:21.35,-23:46:17.40,9433.81009,27.01,1.0,18.26,18.14,18.14,2,1.89,
KMT-2021-BLG-2913,BLG16K0201.003943,17:36:03.90,-24:31:00.41,9519.05256,24.08,0.194,19.0,19.04,19.04,2,2.8,
KMT-2021-BLG-2914,BLG16M0102.031891,17:41:20.91,-24:28:29.10,9266.63269,138.69,0.041,21.17,19.53,19.53,1,1.9,
KMT-2021-BLG-2915,BLG16M0106.015236,17:41:15.70,-23:55:50.41,9496.09283,42.83,0.428,20.04,19.55,19.55,2,1.81,
KMT-2021-BLG-2916,BLG16M0303.002308,17:40:00.12,-24:19:01.99,9246.26048,33.04,0.359,18.16,17.06,17.06,2,1.78,
KMT-2021-BLG-2917,SAO16M0504.002236,17:39:03.63,-24:13:22.04,9285.09779,118.82,0.354,17.41,17.47,17.47,2,2.32,
KMT-2021-BLG-2918,BLG16M0708.002912,17:37:45.03,-23:40:50.63,9258.60972,61.63,0.107,19.71,18.14,18.14,2,2.24,
KMT-2021-BLG-2919,BLG16N0104.047134,17:41:11.33,-25:19:34.79,9307.48926,18.23,0.12,21.26,20.0,20.74,2,2.5,
KMT-2021-BLG-2920,BLG16T0101.004054,17:36:33.60,-25:39:55.91,9294.82478,38.27,0.096,21.26,19.36,19.36,2,3.29,
KMT-2021-BLG-2921,BLG17K0305.012011,17:43:04.71,-32:34:40.22,9264.61264,19.99,0.197,20.23,20.0,20.64,2,4.81,
KMT-2021-BLG-2922,BLG17K0406.012565,17:42:30.95,-32:27:28.55,9269.47295,10.25,0.279,20.76,20.0,21.21,2,5.5,
KMT-2021-BLG-2923,BLG17K0504.091407,17:42:04.28,-32:44:27.82,9419.76521,8.18,0.027,21.45,20.0,25.0,3,3.62,
KMT-2021-BLG-2924,BLG17K0701.072170,17:40:44.86,-33:06:58.14,9293.8147,13.85,0.586,20.05,20.0,22.05,2,3.49,
KMT-2021-BLG-2925,BLG17K0704.034099,17:40:38.50,-32:42:27.72,9279.96184,24.13,0.355,20.78,20.0,21.74,2,4.26,
KMT-2021-BLG-2926,BLG17M0102.051885,17:49:01.86,-33:02:11.90,9383.54285,20.88,0.183,20.68,20.0,20.45,1,2.31,
KMT-2021-BLG-2927,BLG17M0106.007417,17:49:02.53,-32:33:03.06,9314.47144,12.27,0.372,18.83,19.01,19.01,2,2.95,
KMT-2021-BLG-2928,BLG17M0801.022548,17:45:21.33,-33:11:21.12,9492.78833,32.32,0.002,21.68,20.0,20.35,2,2.71,
KMT-2021-BLG-2929,SAO17N0108.041946,17:49:14.79,-33:17:44.41,9336.26277,7.35,0.01,22.44,19.98,19.98,1,1.72,
KMT-2021-BLG-2930,BLG17N0206.000319,17:48:50.76,-33:35:42.50,9266.74655,15.08,0.863,14.25,14.24,14.24,1,1.5,
KMT-2021-BLG-2931,BLG17N0304.022530,17:48:10.97,-33:52:15.89,9501.92724,22.06,0.135,19.77,19.75,19.75,1,2.77,
KMT-2021-BLG-2932,BLG17N0308.023401,17:48:02.26,-33:24:06.80,9292.50376,13.65,0.901,19.07,19.15,19.15,1,1.74,
KMT-2021-BLG-2933,BLG17N0401.003927,17:47:20.63,-34:15:06.19,9507.80843,54.54,0.59,19.06,16.9,16.9,1,1.53,
KMT-2021-BLG-2934,BLG17N0507.067872,17:47:00.32,-33:26:53.20,9307.54342,51.5,0.497,20.43,20.0,20.59,1,1.85,
KMT-2021-BLG-2935,BLG17N0602.029872,17:46:10.00,-34:09:59.62,9485.29089,49.43,0.74,19.36,19.22,19.22,1,1.48,
KMT-2021-BLG-2936,BLG17N0607.018842,17:46:34.89,-33:31:31.80,9273.22702,7.74,0.494,19.73,19.69,19.69,1,2.17,
KMT-2021-BLG-2937,BLG17N0808.009071,17:45:04.26,-33:20:52.01,9262.20071,49.89,0.339,19.94,18.45,18.45,1,2.47,
KMT-2021-BLG-2938,BLG17T0104.036347,17:44:14.34,-33:54:46.01,9298.91153,13.48,0.289,19.94,19.95,19.95,1,2.32,
KMT-2021-BLG-2939,BLG17T0406.001133,17:42:40.67,-33:36:42.77,9314.21419,59.69,0.911,17.89,16.71,16.71,2,2.79,
KMT-2021-BLG-2940,SAO17T0407.001181,17:42:23.83,-33:26:13.27,9286.80153,163.92,0.197,18.31,16.9,16.9,2,3.16,
KMT-2021-BLG-2941,BLG18K0104.020883,17:45:33.05,-26:15:15.30,9512.01443,21.49,0.1,21.45,20.0,20.32,2,3.3,
KMT-2021-BLG-2942,BLG18K0106.036679,17:45:30.59,-26:03:16.63,9267.90585,54.36,0.221,19.79,20.0,20.3,2,2.55,
KMT-2021-BLG-2943,SAO18K0303.005430,17:44:43.98,-26:21:32.26,9495.7082,40.06,0.06,18.12,18.38,18.38,2,3.49,
KMT-2021-BLG-2944,BLG18K0305.007272,17:44:13.07,-26:10:36.37,9471.4929,30.36,0.501,19.96,18.67,18.67,2,2.86,
KMT-2021-BLG-2945,SAO18K0401.082624,17:43:39.67,-26:40:09.91,9312.50791,8.08,0.712,20.01,20.0,22.19,2,3.18,
KMT-2021-BLG-2946,SAO18K0506.096447,17:43:27.51,-26:00:04.79,9321.34488,5.48,0.028,22.44,20.0,22.24,2,2.88,
KMT-2021-BLG-2947,SAO18K0701.033008,17:42:00.24,-26:36:07.20,9270.16343,2.86,0.086,20.02,20.0,21.11,2,3.47,
KMT-2021-BLG-2948,BLG18K0702.008861,17:42:03.62,-26:32:17.81,9260.15522,45.67,0.34,20.33,19.09,19.09,2,3.33,
KMT-2021-BLG-2949,BLG18K0802.000604,17:41:47.41,-26:31:03.29,9428.10998,41.14,0.826,18.94,16.63,16.63,2,3.29,
KMT-2021-BLG-2950,SAO18K0802.027659,17:41:32.09,-26:30:59.15,9501.83513,11.06,0.091,21.3,20.0,20.97,2,3.3,
KMT-2021-BLG-2951,BLG18K0805.073784,17:41:46.50,-26:11:11.44,9256.98411,109.37,0.505,19.56,20.0,21.9,2,2.95,
KMT-2021-BLG-2952,SAO18M0503.011191,17:48:13.62,-26:18:59.83,9294.45871,24.06,0.45,20.13,20.0,20.43,2,4.96,
KMT-2021-BLG-2953,BLG18T0204.016155,17:45:10.80,-27:20:12.16,9280.51008,38.85,0.177,21.61,20.0,21.54,2,5.55,
KMT-2021-BLG-2954,BLG18T0406.007730,17:43:45.05,-27:06:43.74,9314.15646,10.89,0.007,22.76,19.38,19.38,2,3.58,
KMT-2021-BLG-2955,BLG18T0407.006376,17:44:03.33,-27:01:11.24,9492.37686,22.41,0.579,19.82,18.83,18.83,2,3.62,
KMT-2021-BLG-2956,BLG18T0503.001507,17:43:18.43,-27:32:20.80,9437.36421,71.79,0.784,18.23,16.98,16.98,2,3.24,
KMT-2021-BLG-2957,SAO18T0603.002166,17:42:40.90,-27:31:21.14,9246.51554,29.9,0.059,17.41,17.45,17.45,2,3.48,
KMT-2021-BLG-2958,SAO18T0608.007710,17:42:32.68,-26:54:12.89,9498.30634,74.9,0.013,22.74,19.51,19.51,2,4.09,
KMT-2021-BLG-2959,BLG18T0804.008524,17:41:40.35,-27:24:18.00,9309.89145,46.59,0.686,19.29,19.28,19.28,2,3.52,
KMT-2021-BLG-2960,BLG19K0102.021771,17:45:39.44,-24:24:15.91,9274.38098,21.79,0.925,19.52,19.54,19.54,1,2.5,
KMT-2021-BLG-2961,BLG19K0104.041536,17:45:36.47,-24:10:27.41,9479.30575,47.22,0.381,20.21,19.84,19.84,1,2.34,
KMT-2021-BLG-2962,BLG19K0402.032592,17:44:06.02,-24:23:19.61,9515.94412,25.81,0.281,19.68,19.69,19.69,1,1.89,
KMT-2021-BLG-2963,BLG19K0703.009063,17:42:12.95,-24:19:04.19,9256.38661,26.2,0.086,19.87,18.27,18.27,1,1.78,
KMT-2021-BLG-2964,SAO19K0706.004798,17:42:24.84,-23:54:33.08,9296.3614,45.43,0.3,22.35,17.83,17.83,1,1.77,
KMT-2021-BLG-2965,BLG19M0203.057076,17:49:51.93,-24:17:28.82,9277.75975,29.76,0.226,21.48,20.0,21.86,2,3.08,
KMT-2021-BLG-2966,BLG19M0204.016512,17:49:31.49,-24:13:31.30,9277.80872,11.36,0.303,20.3,19.86,19.86,2,2.52,
KMT-2021-BLG-2967,BLG19M0205.092309,17:49:43.92,-24:01:34.97,9489.89545,78.83,0.351,19.41,20.0,25.0,3,2.54,
KMT-2021-BLG-2968,BLG19M0302.069867,17:49:07.05,-24:23:36.24,9505.62335,90.11,0.026,23.54,20.0,22.17,2,2.96,
KMT-2021-BLG-2969,BLG19M0305.014136,17:49:14.04,-24:03:27.86,9273.15115,59.79,0.182,19.35,19.29,19.29,2,2.4,
KMT-2021-BLG-2970,BLG19M0308.058518,17:49:24.48,-23:43:05.92,9459.67146,61.4,0.327,20.02,20.0,21.03,2,2.06,
KMT-2021-BLG-2971,SAO19M0404.028314,17:48:47.12,-24:08:31.16,9498.63663,3.36,0.256,19.95,20.0,20.02,2,2.18,
KMT-2021-BLG-2972,BLG19M0503.013398,17:48:15.54,-24:18:08.28,9505.70973,18.31,0.832,19.27,19.34,19.34,2,2.41,
KMT-2021-BLG-2973,BLG19M0601.027764,17:47:16.34,-24:32:52.94,9412.90838,149.66,0.065,20.71,20.0,20.57,2,2.66,
KMT-2021-BLG-2974,BLG19M0602.001821,17:47:44.69,-24:28:26.36,9251.41889,39.8,0.234,17.13,16.69,16.69,2,2.55,
KMT-2021-BLG-2975,SAO19M0604.003258,17:47:45.83,-24:08:01.82,9481.9603,4.95,0.286,18.96,17.26,17.26,2,2.31,
KMT-2021-BLG-2976,BLG19M0704.039771,17:46:54.12,-24:07:02.03,9507.09762,46.13,0.086,21.37,20.0,20.51,2,2.31,
KMT-2021-BLG-2977,BLG19M0801.010907,17:46:10.56,-24:35:19.32,9265.60729,69.37,0.134,19.7,19.66,19.66,2,2.83,
KMT-2021-BLG-2978,BLG19N0406.003263,17:48:36.69,-24:58:25.54,9313.9251,127.96,0.076,18.94,18.89,18.89,2,4.1,
KMT-2021-BLG-2979,BLG19N0601.032619,17:47:21.47,-25:42:19.91,9504.15787,125.78,0.003,24.08,20.0,21.91,3,3.91,
KMT-2021-BLG-2980,BLG19N0608.031379,17:47:28.87,-24:49:14.74,9497.1775,18.06,0.13,20.58,20.0,21.3,2,3.82,
KMT-2021-BLG-2981,BLG19N0802.095687,17:46:18.87,-25:35:18.71,9267.54336,21.5,0.202,20.06,20.0,25.0,3,2.62,
KMT-2021-BLG-2982,BLG19N0805.005423,17:46:26.39,-25:12:52.13,9276.4364,151.89,0.067,23.7,18.97,18.97,2,3.31,
KMT-2021-BLG-2983,BLG19N0808.005287,17:46:26.94,-24:47:41.24,9257.10427,11.71,0.299,19.2,18.96,18.96,2,3.41,
KMT-2021-BLG-2984,BLG19T0407.032042,17:43:41.48,-24:52:34.82,9283.72709,32.37,0.476,20.01,20.0,20.68,2,2.57,
KMT-2021-BLG-2985,SAO19T0408.097393,17:44:01.08,-24:48:35.39,9268.02652,22.01,0.158,20.4,20.0,25.0,3,2.8,
KMT-2021-BLG-2986,SAO19T0502.047063,17:43:38.34,-25:33:49.82,9285.27612,165.77,0.026,23.67,20.0,21.03,2,2.76,
KMT-2021-BLG-2987,BLG19T0503.027534,17:43:33.70,-25:21:12.38,9438.29546,25.18,0.055,22.6,20.0,20.54,2,2.79,
KMT-2021-BLG-2988,SAO19T0505.000383,17:43:21.53,-25:08:16.62,9291.05459,186.83,0.228,19.02,16.04,16.04,2,3.31,
KMT-2021-BLG-2989,BLG19T0602.010250,17:42:59.24,-25:31:45.16,9391.00521,18.48,0.109,18.89,19.25,19.25,2,2.74,
KMT-2021-BLG-2990,BLG19T0602.012919,17:42:32.62,-25:35:14.78,9358.50477,23.14,0.008,22.68,19.54,19.54,2,2.41,
KMT-2021-BLG-2991,BLG19T0701.085309,17:42:24.47,-25:35:57.48,9396.27934,49.98,0.502,20.63,20.0,21.68,2,2.41,
KMT-2021-BLG-2992,SAO19T0707.002135,17:42:30.72,-24:57:23.62,9270.37636,4.03,0.182,16.45,16.41,16.41,1,2.29,
KMT-2021-BLG-2993,BLG19T0802.081080,17:41:50.14,-25:30:54.36,9476.26483,29.78,0.016,22.99,20.0,22.06,2,2.43,
KMT-2021-BLG-2994,BLG20K0105.008083,17:45:38.40,-21:51:20.77,9341.6185,44.03,0.382,20.75,18.61,18.61,4,1.75,
KMT-2021-BLG-2995,SSO20K0307.004371,17:44:15.70,-21:40:16.50,9499.6198,72.26,0.018,21.16,17.88,17.88,1,1.48,
KMT-2021-BLG-2996,BLG20K0506.000208,17:43:40.61,-21:44:17.92,9360.63861,36.2,0.179,18.24,14.48,14.48,1,1.52,
KMT-2021-BLG-2997,BLG20M0403.023381,17:48:42.61,-22:13:21.79,9482.42267,17.99,0.022,20.81,19.75,19.75,1,1.86,
KMT-2021-BLG-2998,SAO20N0108.001107,17:50:21.15,-22:35:59.89,9305.769,101.98,0.776,18.05,15.95,15.95,1,2.09,
KMT-2021-BLG-2999,SAO20N0407.060031,17:48:47.06,-22:48:12.49,9496.39767,28.23,0.088,20.74,20.0,20.55,1,1.94,
KMT-2021-BLG-3000,BLG20T0203.026035,17:44:59.05,-23:14:52.33,9494.84864,17.71,0.193,20.3,19.54,19.54,2,1.42,
KMT-2021-BLG-3001,BLG21K0107.053515,17:54:12.43,-34:30:02.81,9502.29607,23.28,0.107,20.65,19.83,19.83,1,0.96,
KMT-2021-BLG-3002,BLG21K0406.027527,17:51:56.51,-34:37:43.21,9329.03463,21.68,0.399,19.94,18.91,18.91,1,0.77,
KMT-2021-BLG-3003,BLG21K0503.005543,17:51:30.61,-34:56:40.70,9298.81918,76.57,0.993,18.03,17.41,17.41,1,0.77,
KMT-2021-BLG-3004,BLG21K0602.013497,17:50:50.26,-35:07:50.02,9298.18266,62.75,0.841,18.32,18.31,18.31,1,0.78,
KMT-2021-BLG-3005,BLG21M0206.054267,17:58:24.22,-34:39:46.19,9489.35386,13.71,0.194,20.93,20.0,20.19,1,0.66,
KMT-2021-BLG-3006,BLG21T0407.002424,17:52:21.06,-35:35:12.19,9275.7665,122.63,0.575,19.18,16.38,16.38,1,0.83,
KMT-2021-BLG-3007,BLG21T0601.008754,17:50:47.16,-36:19:44.18,9276.7971,26.71,0.141,18.45,18.43,18.43,1,0.82,
KMT-2021-BLG-3008,SAO21T0601.012208,17:50:35.39,-36:23:56.00,9285.95709,9.68,0.08,19.57,18.72,18.72,1,0.81,
KMT-2021-BLG-3009,BLG21T0602.021974,17:50:41.13,-36:15:43.31,9280.11862,49.55,0.267,19.5,19.14,19.14,1,0.85,
KMT-2021-BLG-3010,BLG22K0106.007863,17:54:08.05,-32:30:31.21,9507.27174,51.34,0.403,19.08,17.79,17.79,1,1.29,
KMT-2021-BLG-3011,BLG22K0406.020223,17:52:14.25,-32:30:07.09,9277.15119,28.74,0.004,18.89,18.95,18.95,1,1.54,MB21013
KMT-2021-BLG-3012,BLG22K0508.025186,17:51:38.69,-32:18:16.31,9253.5688,39.6,0.092,19.49,19.56,19.56,1,2.21,
KMT-2021-BLG-3013,BLG22K0705.041043,17:50:38.77,-32:33:52.24,9267.74315,37.99,0.056,20.61,20.0,20.85,2,2.41,
KMT-2021-BLG-3014,BLG22M0205.017835,17:58:40.63,-32:35:57.30,9439.76738,14.25,0.653,19.66,18.93,18.93,1,1.22,
KMT-2021-BLG-3015,BLG22M0404.000231,17:57:10.75,-32:42:25.88,9509.29093,28.0,0.302,17.87,13.97,13.97,1,1.45,
KMT-2021-BLG-3016,SAO22M0404.003219,17:57:12.08,-32:47:52.12,9406.29516,42.05,0.904,17.92,16.71,16.71,1,1.45,MB21246
KMT-2021-BLG-3017,BLG22N0105.059364,17:59:18.68,-33:41:36.71,9467.97154,8.2,0.077,21.5,20.0,20.58,1,1.01,
KMT-2021-BLG-3018,BLG22N0305.046861,17:57:55.38,-33:47:36.17,9290.94917,8.61,0.45,19.98,20.0,20.03,4,0.86,
KMT-2021-BLG-3019,BLG22N0307.003065,17:58:03.59,-33:31:59.09,9271.70046,85.69,0.878,18.81,16.94,16.94,1,1.11,
KMT-2021-BLG-3020,BLG22T0101.022441,17:53:58.61,-34:15:56.81,9494.31335,5.34,0.792,18.88,18.89,18.89,1,0.99,
KMT-2021-BLG-3021,BLG22T0205.037803,17:53:22.79,-33:42:03.71,9299.4857,13.77,0.772,19.69,19.73,19.73,1,1.69,
KMT-2021-BLG-3022,BLG22T0305.064298,17:52:35.15,-33:45:37.30,9289.2084,52.85,0.27,19.91,20.0,21.01,1,1.82,
KMT-2021-BLG-3023,BLG22T0307.014695,17:52:51.18,-33:26:31.20,9260.66513,12.18,0.089,18.59,18.6,18.6,1,1.45,
KMT-2021-BLG-3024,BLG31K0101.019572,18:13:07.04,-25:44:13.09,9498.26671,25.28,0.142,19.56,18.99,18.99,1,1.37,
KMT-2021-BLG-3025,BLG31K0301.008808,18:11:59.24,-25:44:45.31,9491.12515,6.96,0.196,19.53,18.12,18.12,1,1.1,
KMT-2021-BLG-3026,BLG31K0604.003302,18:10:06.55,-25:21:13.61,9261.45764,59.37,0.146,18.6,16.98,16.98,1,1.68,MB21012
KMT-2021-BLG-3027,BLG31M0102.057693,18:17:40.78,-25:36:56.70,9301.91384,15.06,0.024,20.31,20.0,20.53,1,0.9,MB21057
KMT-2021-BLG-3028,BLG31N0406.002299,18:16:05.80,-26:14:29.40,9300.20106,61.98,0.94,17.47,16.38,16.38,1,0.83,
KMT-2021-BLG-3029,BLG31N0801.021948,18:14:08.40,-26:47:51.68,9364.96416,60.92,0.376,20.12,18.76,18.76,1,0.86,
KMT-2021-BLG-3030,BLG31N0805.026640,18:13:39.85,-26:22:17.80,9372.66188,19.7,0.404,19.09,19.12,19.12,1,0.84,
KMT-2021-BLG-3031,BLG31T0102.008777,18:13:11.91,-26:43:21.00,9434.57459,18.96,0.256,18.68,17.93,17.93,1,0.73,
KMT-2021-BLG-3032,BLG31T0404.074991,18:11:17.65,-26:27:36.58,9495.92498,8.69,0.268,20.08,20.0,21.58,2,1.02,
KMT-2021-BLG-3033,BLG31T0405.031720,18:11:26.24,-26:21:49.79,9489.26462,160.16,0.056,22.34,19.21,19.21,1,1.1,
KMT-2021-BLG-3034,BLG31T0408.029442,18:11:34.69,-25:59:29.69,9318.4753,101.65,0.08,22.27,18.98,18.98,1,1.07,
KMT-2021-BLG-3035,BLG31T0604.033861,18:10:25.87,-26:26:29.90,9509.99157,13.75,0.299,20.15,19.17,19.17,1,1.13,
KMT-2021-BLG-3036,BLG31T0702.012631,18:09:54.03,-26:42:53.89,9435.51279,4.71,0.059,20.97,18.5,18.5,1,1.48,
KMT-2021-BLG-3037,BLG32K0105.048573,18:10:40.90,-27:17:04.88,9439.019,20.78,0.642,19.65,19.58,19.58,1,0.97,
KMT-2021-BLG-3038,BLG32K0106.013225,18:10:43.42,-27:11:52.91,9250.52654,46.8,0.025,18.32,18.29,18.29,1,1.07,
KMT-2021-BLG-3039,BLG32K0404.040360,18:09:17.62,-27:25:27.70,9493.73954,17.15,0.048,20.99,19.1,19.1,1,0.95,
KMT-2021-BLG-3040,BLG32M0708.051784,18:12:17.33,-26:55:57.50,9287.35209,34.56,0.098,20.62,19.8,19.8,1,0.91,
KMT-2021-BLG-3041,BLG32N0602.002102,18:12:36.24,-28:51:49.21,9509.1441,36.68,0.4,17.27,16.07,16.07,1,0.56,
KMT-2021-BLG-3042,BLG32T0203.063116,18:10:26.28,-28:37:59.02,9297.56445,20.46,0.098,21.63,20.0,20.27,1,1.01,
KMT-2021-BLG-3043,BLG32T0504.075107,18:08:25.18,-28:33:54.00,9489.156,62.67,0.153,21.63,20.0,20.28,1,0.89,
KMT-2021-BLG-3044,BLG32T0704.033814,18:07:23.24,-28:31:27.01,9497.40211,20.49,0.382,18.95,19.0,19.0,1,1.03,
KMT-2021-BLG-3045,BLG33K0102.008163,18:13:01.82,-29:50:26.09,9505.97649,74.33,0.294,19.54,18.01,18.01,1,0.5,
KMT-2021-BLG-3046,BLG33K0407.060371,18:10:52.85,-29:13:56.89,9491.28212,48.35,0.027,20.63,20.0,20.12,1,0.64,
KMT-2021-BLG-3047,BLG33K0704.026771,18:09:15.25,-29:36:04.90,9473.18418,21.8,0.732,18.91,18.93,18.93,1,0.73,
KMT-2021-BLG-3048,BLG33K0705.073694,18:09:25.00,-29:29:15.29,9412.17137,25.7,0.262,21.24,20.0,20.72,1,0.79,
KMT-2021-BLG-3049,BLG33M0406.011580,18:16:08.54,-29:16:17.69,9365.95766,130.59,0.173,19.37,18.31,18.31,1,0.55,
KMT-2021-BLG-3050,BLG33M0808.044322,18:13:41.60,-29:03:42.62,9502.27004,27.49,0.147,20.32,19.9,19.9,2,0.48,
KMT-2021-BLG-3051,BLG33T0307.019595,18:11:36.54,-30:15:47.09,9285.21109,72.18,0.012,21.42,18.9,18.9,1,0.5,
KMT-2021-BLG-3052,SAO33T0403.003395,18:10:50.73,-30:50:59.39,9480.44369,199.21,0.089,20.0,17.19,17.19,1,0.46,
KMT-2021-BLG-3053,BLG33T0808.019089,18:08:55.31,-30:10:53.11,9308.65304,14.05,0.08,19.46,18.77,18.77,1,0.81,
KMT-2021-BLG-3054,SAO34K0201.003382,18:03:06.60,-32:04:14.41,9296.53655,42.0,0.344,17.02,17.01,17.01,1,1.04,MB21032
KMT-2021-BLG-3055,BLG34K0303.051262,18:02:23.02,-31:47:28.90,9475.99084,9.07,0.032,20.15,19.88,19.88,1,1.06,MB21397
KMT-2021-BLG-3056,BLG34K0705.054825,17:59:58.62,-31:32:13.42,9427.40465,121.78,0.008,25.26,20.0,20.07,1,1.47,
KMT-2021-BLG-3057,SAO34K0801.005983,17:59:40.45,-32:00:39.31,9506.15305,30.48,0.239,18.74,18.02,18.02,1,1.31,
KMT-2021-BLG-3058,BLG34M0307.017473,18:07:32.43,-31:14:36.89,9491.45714,9.88,1.0,18.78,18.75,18.75,1,0.49,
KMT-2021-BLG-3059,BLG34M0702.007216,18:05:15.53,-31:53:44.59,9370.68102,128.66,0.023,23.78,18.17,18.17,1,0.99,
KMT-2021-BLG-3060,BLG34M0805.018130,18:04:37.02,-31:35:59.78,9462.42861,50.53,0.489,19.98,18.78,18.78,1,0.95,
KMT-2021-BLG-3061,BLG34T0101.045427,18:03:19.05,-33:09:31.79,9316.23289,10.58,0.024,20.72,20.0,20.3,1,0.93,
KMT-2021-BLG-3062,BLG34T0707.030141,17:59:43.58,-32:25:16.39,9399.66049,101.97,0.028,22.82,19.45,19.45,1,1.17,
KMT-2021-BLG-3063,SAO35K0701.001637,18:00:43.49,-25:46:52.86,9264.32659,70.64,0.212,18.33,17.86,17.86,2,3.88,
KMT-2021-BLG-3064,BLG35M0207.011717,18:08:20.18,-25:00:40.00,9409.91063,90.68,0.703,18.96,18.76,18.76,4,2.24,
KMT-2021-BLG-3065,BLG35M0304.043116,18:07:48.45,-25:17:06.40,9288.52603,23.9,0.457,19.82,19.86,19.86,1,1.98,
KMT-2021-BLG-3066,BLG35M0804.000725,18:04:31.87,-25:20:57.62,9518.98024,52.34,0.6,16.61,16.64,16.64,2,3.43,
KMT-2021-BLG-3067,BLG35N0103.025689,18:08:47.12,-26:35:30.30,9507.30049,10.5,0.39,19.14,19.04,19.04,1,1.21,
KMT-2021-BLG-3068,BLG35N0106.020525,18:08:54.35,-26:09:42.98,9292.8922,17.54,0.067,19.53,19.0,19.0,1,1.51,MB21035
KMT-2021-BLG-3069,BLG35N0108.004722,18:08:30.99,-25:54:15.19,9491.09506,9.83,0.318,18.64,17.16,17.16,1,1.36,
KMT-2021-BLG-3070,BLG35N0202.013931,18:08:00.09,-26:40:22.91,9271.06086,23.17,0.668,18.25,18.29,18.29,1,1.06,
KMT-2021-BLG-3071,BLG35N0301.034935,18:07:25.02,-26:48:47.41,9353.01772,28.98,0.483,19.29,18.96,18.96,1,0.95,
KMT-2021-BLG-3072,SAO35N0308.042160,18:07:43.17,-25:56:30.19,9493.71993,106.77,0.006,24.05,19.56,19.56,1,1.43,
KMT-2021-BLG-3073,SAO35N0502.000662,18:06:30.86,-26:43:30.00,9329.37349,27.97,0.984,15.43,14.53,14.53,1,0.93,
KMT-2021-BLG-3074,BLG35N0604.016762,18:06:03.48,-26:29:08.41,9307.0273,51.27,0.884,19.01,18.54,18.54,1,1.57,
KMT-2021-BLG-3075,BLG35N0801.056782,18:04:33.27,-26:51:33.19,9282.91531,48.9,0.493,19.79,19.72,19.72,1,1.17,
KMT-2021-BLG-3076,BLG35T0104.000604,18:03:43.76,-26:28:15.78,9323.80215,70.47,0.635,15.8,15.81,15.81,2,2.45,MB21029
KMT-2021-BLG-3077,BLG35T0408.004892,18:02:07.33,-26:00:15.44,9297.78349,33.47,0.806,19.04,19.18,19.18,2,4.39,
KMT-2021-BLG-3078,BLG35T0601.013385,18:00:59.01,-26:46:58.69,9511.25455,52.72,0.181,18.92,19.05,19.05,2,2.79,
KMT-2021-BLG-3079,SAO35T0801.007208,17:59:57.10,-26:48:16.42,9250.20581,46.68,0.05,18.22,18.31,18.31,1,2.47,
KMT-2021-BLG-3080,BLG36K0402.018728,18:13:55.97,-23:26:35.16,9506.50427,56.37,0.037,22.44,20.0,20.5,4,1.93,
KMT-2021-BLG-3081,BLG36N0104.003910,18:20:06.24,-24:22:18.30,9494.95096,33.58,1.0,18.0,17.45,17.45,1,0.94,
KMT-2021-BLG-3082,BLG36T0101.008894,18:15:11.30,-24:40:28.09,9513.53395,25.02,0.177,20.16,18.62,18.62,1,1.48,
KMT-2021-BLG-3083,BLG36T0501.016285,18:13:11.93,-24:41:27.38,9283.47211,83.22,0.061,20.02,19.62,19.62,1,2.07,
KMT-2021-BLG-3084,BLG37K0201.002310,17:43:10.28,-35:16:00.55,9312.13862,93.56,0.401,16.7,16.73,16.73,2,1.56,
KMT-2021-BLG-3085,BLG37M0802.012993,17:44:48.34,-35:05:28.86,9249.26368,58.6,0.917,18.63,18.61,18.61,2,1.31,
KMT-2021-BLG-3086,BLG37N0708.001682,17:45:34.92,-35:28:47.39,9497.06492,196.3,0.702,17.94,15.88,15.88,1,1.31,
KMT-2021-BLG-3087,BLG37T0304.069530,17:42:43.29,-35:59:17.81,9272.40605,46.37,0.56,19.74,20.0,21.78,2,1.95,
KMT-2021-BLG-3088,SAO38K0506.000574,17:52:33.65,-21:44:52.40,9507.11255,93.19,0.184,19.89,15.31,15.31,4,1.95,
KMT-2021-BLG-3089,BLG38N0805.002888,17:55:22.79,-23:00:23.11,9500.82417,10.05,0.683,18.23,17.7,17.7,4,3.49,
KMT-2021-BLG-3090,BLG38T0601.000725,17:52:00.30,-23:34:57.58,9283.00614,126.54,0.561,17.83,15.72,15.72,4,2.75,
KMT-2021-BLG-3091,BLG38T0604.003518,17:51:43.62,-23:07:01.38,9270.67803,22.15,0.735,17.14,17.16,17.16,4,2.52,
KMT-2021-BLG-3092,BLG41K0101.013634,17:53:30.90,-31:05:46.61,9497.1995,10.42,0.42,18.56,18.57,18.57,1,2.11,
KMT-2021-BLG-3093,BLG41K0107.018660,17:53:38.10,-30:19:50.27,9264.16573,28.25,0.149,18.99,18.42,18.42,2,1.61,
KMT-2021-BLG-3094,SSO41K0208.055452,17:53:10.71,-30:15:47.09,9493.524,9.5,0.531,20.05,20.0,20.0,2,1.64,
KMT-2021-BLG-3095,SAO41K0403.035705,17:52:03.67,-30:51:36.22,9269.68176,11.22,0.211,19.54,19.6,19.6,1,2.27,
KMT-2021-BLG-3096,BLG41K0404.009624,17:51:51.06,-30:45:24.59,9513.99583,55.21,0.145,20.81,17.71,17.71,1,2.08,
KMT-2021-BLG-3097,BLG41K0503.057716,17:51:17.41,-30:55:47.50,9264.3093,109.52,0.037,22.01,20.0,20.61,1,2.59,
KMT-2021-BLG-3098,BLG41K0705.007128,17:49:57.27,-30:38:39.41,9258.823,107.26,0.08,18.28,17.41,17.41,1,2.67,
KMT-2021-BLG-3099,BLG41M0106.048397,17:58:50.04,-30:29:32.39,9283.72098,8.56,0.008,21.42,20.0,20.12,1,1.81,
KMT-2021-BLG-3100,BLG41M0402.003646,17:56:51.34,-31:04:26.18,9271.76298,14.77,0.268,20.11,16.08,16.08,1,1.26,
KMT-2021-BLG-3101,BLG41M0402.069060,17:56:51.26,-31:00:53.32,9269.97745,72.9,0.022,21.71,19.73,19.73,1,1.12,
KMT-2021-BLG-3102,BLG41M0404.002374,17:56:51.63,-30:47:39.19,9297.18381,38.0,0.991,17.28,15.77,15.77,1,1.34,
KMT-2021-BLG-3103,BLG41M0405.013533,17:56:55.79,-30:37:47.10,9275.86978,10.02,0.922,18.39,18.56,18.56,1,1.92,
KMT-2021-BLG-3104,BLG41M0607.004956,17:55:39.39,-30:21:21.31,9273.66667,57.14,0.464,18.02,16.91,16.91,1,1.83,
KMT-2021-BLG-3105,SAO41M0608.023964,17:55:40.13,-30:17:20.11,9321.27785,12.87,0.356,20.1,18.87,18.87,1,1.6,
KMT-2021-BLG-3106,BLG41N0305.018931,17:57:25.31,-31:45:22.21,9416.72445,9.34,0.378,20.37,19.06,19.06,1,1.64,
KMT-2021-BLG-3107,BLG41N0504.058898,17:56:11.23,-31:56:06.11,9495.52727,8.51,0.182,20.0,19.77,19.77,1,1.16,
KMT-2021-BLG-3108,BLG41N0807.019968,17:54:15.73,-31:26:30.80,9297.07363,3.33,0.084,20.77,18.78,18.78,1,1.55,MB21056
KMT-2021-BLG-3109,BLG42K0201.062226,17:53:00.48,-29:01:15.89,9493.4342,79.2,0.195,21.36,19.86,19.86,1,2.51,
KMT-2021-BLG-3110,SAO42K0201.064130,17:53:07.44,-29:04:32.02,9292.40141,37.67,0.077,21.57,19.91,19.91,1,2.48,
KMT-2021-BLG-3111,BLG42K0401.007122,17:52:06.17,-29:05:13.13,9512.48377,14.29,0.355,18.19,18.14,18.14,2,2.99,
KMT-2021-BLG-3112,BLG42K0406.009872,17:51:48.76,-28:23:48.12,9490.42878,55.74,0.005,24.74,18.47,18.47,2,3.24,
KMT-2021-BLG-3113,BLG42M0107.005577,17:58:39.06,-28:14:34.40,9491.95552,65.69,0.069,22.23,16.78,16.78,1,1.83,
KMT-2021-BLG-3114,BLG42M0202.012292,17:58:05.91,-28:56:03.91,9408.76427,26.99,0.874,19.01,17.73,17.73,1,1.34,
KMT-2021-BLG-3115,BLG42M0204.008498,17:58:00.83,-28:39:01.01,9250.46291,101.46,0.173,17.23,17.28,17.28,1,1.49,MB21005
KMT-2021-BLG-3116,BLG42M0207.032442,17:57:53.81,-28:13:18.08,9270.6829,45.44,0.121,20.34,18.95,18.95,1,1.91,
KMT-2021-BLG-3117,BLG42M0401.079255,17:56:54.95,-29:03:23.18,9466.72926,87.89,0.002,24.21,20.0,20.23,1,2.04,
KMT-2021-BLG-3118,BLG42M0404.004323,17:56:44.20,-28:40:07.00,9488.28303,6.79,1.0,17.51,16.24,16.24,1,1.75,
KMT-2021-BLG-3119,BLG42M0706.077733,17:55:02.70,-28:24:23.54,9370.69353,4.16,0.161,21.39,20.0,21.34,2,2.73,
KMT-2021-BLG-3120,BLG42M0803.055977,17:54:19.33,-28:47:10.68,9260.87411,18.57,0.184,19.94,19.91,19.91,2,1.95,
KMT-2021-BLG-3121,SAO42M0805.018509,17:54:43.88,-28:32:20.54,9502.21118,4.35,0.012,20.7,18.95,18.95,2,1.98,
KMT-2021-BLG-3122,SAO42M0805.020505,17:54:27.00,-28:28:13.66,9489.51072,5.95,0.041,20.64,19.09,19.09,4,2.49,
KMT-2021-BLG-3123,BLG42N0102.059057,17:58:35.95,-29:57:40.10,9505.16144,36.42,0.002,22.3,19.51,19.51,1,1.09,
KMT-2021-BLG-3124,BLG42N0201.038867,17:57:50.45,-30:12:05.51,9383.75702,42.96,0.31,19.8,19.52,19.52,1,1.85,
KMT-2021-BLG-3125,BLG42N0207.062327,17:58:04.49,-29:25:19.49,9497.28388,17.61,0.113,20.47,19.55,19.55,1,1.45,
KMT-2021-BLG-3126,BLG42N0502.005516,17:56:02.85,-29:58:04.19,9299.89002,27.85,0.999,18.58,16.59,16.59,1,1.7,
KMT-2021-BLG-3127,BLG42N0502.026867,17:56:34.10,-30:04:37.09,9246.66475,58.26,0.028,20.61,18.75,18.75,1,1.37,
KMT-2021-BLG-3128,BLG42N0502.041266,17:56:22.44,-30:02:48.19,9273.64939,15.6,0.703,19.12,19.15,19.15,1,1.49,
KMT-2021-BLG-3129,BLG42N0504.035809,17:56:14.05,-29:42:57.71,9241.44047,199.84,0.297,17.93,19.04,19.04,1,1.55,MB21142
KMT-2021-BLG-3130,BLG42N0606.010319,17:55:43.03,-29:28:56.50,9266.852,61.69,0.969,18.21,17.38,17.38,1,1.67,
KMT-2021-BLG-3131,BLG42N0607.058765,17:55:59.29,-29:26:11.90,9300.63499,13.86,0.058,22.25,19.28,19.28,1,1.89,
KMT-2021-BLG-3132,BLG42N0703.025928,17:55:02.32,-29:56:13.81,9445.51057,22.09,0.998,18.61,18.38,18.38,1,1.23,
KMT-2021-BLG-3133,BLG42N0708.025761,17:55:18.82,-29:17:08.48,9290.47511,28.01,0.198,21.03,18.84,18.84,1,2.11,
KMT-2021-BLG-3134,SAO42N0708.085489,17:55:17.46,-29:17:10.90,9316.57006,3.07,0.599,20.02,20.0,20.63,1,2.1,
KMT-2021-BLG-3135,BLG42T0304.083799,17:52:46.27,-29:47:11.69,9490.37336,13.29,0.035,22.43,20.0,20.17,1,2.11,
KMT-2021-BLG-3136,BLG42T0304.087355,17:52:22.20,-29:50:07.91,9281.54324,31.41,0.009,23.5,20.0,20.29,1,2.08,
KMT-2021-BLG-3137,SAO42T0503.005867,17:51:20.25,-29:54:43.81,9272.28084,13.34,0.636,17.01,17.03,17.03,1,2.73,
KMT-2021-BLG-3138,BLG42T0601.011772,17:50:35.87,-30:05:08.59,9510.2601,6.53,0.761,18.33,17.98,17.98,1,2.94,
KMT-2021-BLG-3139,BLG42T0804.000857,17:49:44.98,-29:42:23.29,9499.38784,111.09,0.453,19.4,16.11,16.11,1,3.48,
KMT-2021-BLG-3140,BLG42T0804.051446,17:49:31.16,-29:47:20.62,9490.11035,15.27,0.056,21.12,20.0,21.99,2,3.8,
KMT-2021-BLG-3141,BLG43K0107.054123,18:01:12.19,-27:08:08.02,9287.40861,38.43,0.29,21.43,20.0,20.08,1,2.25,
KMT-2021-BLG-3142,BLG43K0203.084684,18:00:46.05,-27:40:46.99,9462.52421,199.94,0.022,23.99,20.0,20.23,1,1.63,
KMT-2021-BLG-3143,BLG43K0403.003967,17:59:30.77,-27:43:01.60,9302.14617,58.15,0.865,17.1,16.47,16.47,1,1.93,MB21045
KMT-2021-BLG-3144,SAO43K0606.004526,17:58:28.85,-27:15:56.12,9423.59581,108.74,0.765,18.14,17.45,17.45,2,2.75,
KMT-2021-BLG-3145,SAO43K0803.025586,17:57:31.33,-27:42:47.09,9376.35146,9.53,0.475,20.67,20.0,21.24,2,3.37,
KMT-2021-BLG-3146,SSO43M0201.002553,18:05:50.76,-27:57:43.60,9500.52006,15.16,0.019,18.48,15.58,15.58,1,0.78,
KMT-2021-BLG-3147,BLG43M0405.095034,18:04:35.27,-27:22:46.99,9310.85293,41.95,0.069,22.19,20.0,20.45,1,0.92,
KMT-2021-BLG-3148,BLG43M0508.048673,18:03:52.97,-27:05:26.09,9269.00332,17.62,0.073,19.79,19.67,19.67,1,1.53,
KMT-2021-BLG-3149,SAO43M0603.002417,18:03:03.71,-27:41:38.29,9496.01056,67.06,0.313,15.98,15.59,15.59,2,1.12,
KMT-2021-BLG-3150,BLG43M0801.003829,18:01:53.65,-27:58:49.19,9494.92366,2.39,0.79,16.06,16.08,16.08,1,1.29,
KMT-2021-BLG-3151,BLG43M0804.070315,18:02:17.30,-27:35:42.90,9500.06722,51.58,0.575,19.82,19.88,19.88,1,1.38,
KMT-2021-BLG-3152,BLG43M0804.087492,18:01:58.49,-27:37:10.42,9486.21061,17.38,0.198,19.57,20.0,20.41,1,1.54,
KMT-2021-BLG-3153,SAO43N0108.043429,18:06:24.56,-28:13:58.80,9430.33174,0.5,0.693,18.85,19.07,19.07,1,0.72,
KMT-2021-BLG-3154,BLG43N0208.013959,18:05:28.64,-28:10:53.90,9397.01547,10.88,0.082,21.97,17.88,17.88,1,0.76,
KMT-2021-BLG-3155,BLG43N0408.071159,18:04:20.92,-28:12:54.61,9267.14392,97.59,0.026,22.61,19.63,19.63,1,0.83,
KMT-2021-BLG-3156,BLG43N0505.088969,18:03:44.01,-28:35:14.50,9276.4326,9.6,0.365,20.07,20.0,20.42,1,0.87,
KMT-2021-BLG-3157,BLG43N0706.003566,18:02:38.93,-28:27:04.90,9503.94619,12.8,0.999,16.83,15.86,15.86,1,1.0,
KMT-2021-BLG-3158,BLG43N0805.026926,18:02:03.47,-28:36:46.40,9500.07645,12.7,0.009,21.58,18.5,18.5,1,1.07,
KMT-2021-BLG-3159,BLG43T0201.026964,18:00:29.14,-29:04:02.21,9510.16777,9.05,0.584,18.44,18.43,18.43,1,1.01,
KMT-2021-BLG-3160,SAO43T0201.074280,18:00:36.47,-29:06:39.31,9291.52872,45.11,0.307,20.2,19.56,19.56,1,0.99,
KMT-2021-BLG-3161,SAO43T0401.003805,17:59:33.43,-29:07:33.89,9353.54773,115.71,0.763,17.37,15.7,15.7,1,0.99,
KMT-2021-BLG-3162,SAO43T0407.003567,17:59:41.93,-28:15:34.99,9359.92756,100.01,0.003,24.23,15.87,15.87,1,1.42,
KMT-2021-BLG-3163,SAO43T0807.015113,17:57:05.39,-28:21:10.40,9292.57594,4.88,0.21,20.59,18.13,18.13,1,1.93,
KMT-2021-BLG-3164,BLG01K0107.041543,17:54:02.23,-30:14:31.88,9303.46464,15.78,0.7,19.6,19.56,19.56,2,1.5,
KMT-2021-BLG-3165,BLG01K0401.014391,17:52:27.91,-31:04:06.38,9398.20094,15.95,0.2,21.41,18.56,18.56,1,2.18,
KMT-2021-BLG-3166,BLG01K0604.060304,17:50:50.37,-30:40:50.81,9306.98281,72.11,0.049,23.1,20.0,20.36,1,2.46,
KMT-2021-BLG-3167,BLG01K0802.049111,17:50:03.41,-30:55:18.80,9395.5726,13.19,0.706,20.04,20.0,21.52,2,2.96,
KMT-2021-BLG-3168,BLG01K0807.034404,17:49:50.49,-30:13:29.89,9423.26236,17.15,0.201,22.16,20.0,20.53,1,3.46,
KMT-2021-BLG-3169,BLG01M0603.087431,17:56:05.63,-30:43:55.09,9366.84406,4.06,0.735,19.99,20.0,20.27,1,1.86,
KMT-2021-BLG-3170,BLG01M0807.001324,17:54:34.67,-30:15:47.09,9499.92704,22.08,0.597,18.35,15.79,15.79,2,2.15,
KMT-2021-BLG-3171,BLG01N0207.023580,17:58:11.76,-31:19:25.61,9312.01622,0.98,0.908,19.61,19.19,19.19,1,1.8,
KMT-2021-BLG-3172,BLG01N0208.042470,17:58:15.06,-31:16:28.09,9449.45346,42.35,0.185,21.88,19.96,19.96,1,1.7,
KMT-2021-BLG-3173,BLG01N0307.058862,17:57:44.04,-31:22:05.09,9290.07702,23.7,0.209,21.44,20.0,20.5,1,1.9,
KMT-2021-BLG-3174,BLG01N0603.087706,17:56:09.63,-31:52:17.51,9442.63096,23.75,0.097,22.04,20.0,20.58,1,1.18,
KMT-2021-BLG-3175,BLG01N0806.032863,17:54:49.51,-31:33:12.31,9464.43747,181.37,0.037,23.53,19.17,19.17,1,1.3,
KMT-2021-BLG-3176,BLG01T0204.007306,17:53:30.12,-31:47:13.60,9506.80735,50.7,0.283,20.22,17.69,17.69,1,1.8,
KMT-2021-BLG-3177,BLG01T0306.023955,17:52:31.47,-31:31:37.42,9479.52,1.1,0.375,19.93,19.48,19.48,1,2.64,
KMT-2021-BLG-3178,BLG01T0802.006420,17:49:41.63,-31:57:40.14,9301.77048,14.67,0.724,19.95,20.0,20.03,2,5.0,
KMT-2021-BLG-3179,SAO02K0106.054286,17:53:46.20,-28:17:29.58,9313.45439,4.14,0.054,24.11,20.0,21.16,2,2.89,
KMT-2021-BLG-3180,SAO02K0203.015533,17:53:18.37,-28:40:24.20,9315.76622,29.29,0.183,21.79,18.87,18.87,2,2.69,
KMT-2021-BLG-3181,SAO02K0303.013412,17:52:40.89,-28:38:59.60,9402.4559,5.68,0.901,18.99,18.82,18.82,2,3.06,
KMT-2021-BLG-3182,BLG02M0201.019855,17:58:11.03,-28:55:48.90,9365.14997,9.68,0.39,20.79,18.24,18.24,1,1.27,
KMT-2021-BLG-3183,BLG02M0205.061016,17:58:08.71,-28:25:36.52,9368.60082,46.1,0.18,21.94,19.55,19.55,1,1.62,
KMT-2021-BLG-3184,BLG02M0302.113937,17:57:38.94,-28:49:58.69,9368.21139,20.64,0.297,21.36,20.0,20.49,1,1.27,
KMT-2021-BLG-3185,BLG02M0308.066966,17:57:27.99,-28:03:38.81,9313.98549,53.32,0.51,20.26,20.0,20.63,1,2.1,
KMT-2021-BLG-3186,SAO02M0504.050588,17:56:36.41,-28:31:46.42,9313.76605,0.63,0.063,19.19,19.25,19.25,1,1.7,
KMT-2021-BLG-3187,SAO02M0601.050646,17:55:56.89,-28:56:06.40,9356.63982,7.97,0.9,19.29,19.41,19.41,1,1.79,
KMT-2021-BLG-3188,BLG02N0101.065818,17:58:58.14,-30:00:38.81,9382.79683,15.25,0.721,19.67,19.72,19.72,1,1.23,
KMT-2021-BLG-3189,BLG02N0103.033156,17:59:05.70,-29:42:56.92,9356.14422,12.18,0.964,19.09,18.67,18.67,1,1.22,
KMT-2021-BLG-3190,SAO02N0203.041335,17:58:09.26,-29:48:22.50,9315.5847,11.92,0.817,19.25,18.88,18.88,1,1.29,
KMT-2021-BLG-3191,BLG02N0405.038858,17:56:53.79,-29:29:48.41,9457.95947,54.33,0.079,22.17,19.04,19.04,1,1.64,
KMT-2021-BLG-3192,BLG02N0504.086318,17:56:43.98,-29:41:26.41,9442.7953,46.38,0.603,19.82,20.0,20.1,1,1.67,
KMT-2021-BLG-3193,BLG02N0608.011629,17:55:56.73,-29:09:56.70,9370.38303,21.85,0.926,19.15,17.9,17.9,1,1.68,
KMT-2021-BLG-3194,SAO02N0806.008072,17:54:54.38,-29:20:56.51,9287.92443,35.82,0.559,16.63,16.8,16.8,1,1.74,
KMT-2021-BLG-3195,SAO02T0103.096191,17:53:49.87,-29:46:33.31,9375.10643,1.67,0.088,21.22,19.91,19.91,1,1.49,
KMT-2021-BLG-3196,BLG02T0105.002236,17:53:46.29,-29:33:06.52,9345.36718,112.15,0.113,21.2,15.64,15.64,1,1.82,
KMT-2021-BLG-3197,BLG02T0202.011991,17:53:34.32,-29:57:40.10,9498.57912,199.88,0.095,21.74,17.44,17.44,1,1.52,
KMT-2021-BLG-3198,BLG02T0401.072533,17:52:09.51,-30:02:29.90,9424.77737,48.07,0.438,19.87,20.0,20.21,1,2.21,
KMT-2021-BLG-3199,BLG02T0404.080391,17:52:20.06,-29:35:47.29,9482.77502,0.9,0.07,19.95,20.0,20.43,1,2.26,
KMT-2021-BLG-3200,BLG02T0406.026571,17:52:27.89,-29:25:41.20,9485.69277,33.36,0.21,22.15,19.12,19.12,1,2.56,
KMT-2021-BLG-3201,SAO03K0108.052325,18:01:31.40,-27:00:03.38,9345.72944,115.75,0.098,23.55,20.0,20.83,1,3.15,
KMT-2021-BLG-3202,BLG03K0301.073596,18:00:29.19,-27:47:24.61,9429.09545,199.55,0.004,26.37,20.0,20.03,1,1.51,
KMT-2021-BLG-3203,SAO03K0403.022152,18:00:01.10,-27:30:45.79,9293.00748,154.57,0.002,24.36,18.79,18.79,1,1.85,
KMT-2021-BLG-3204,BLG03K0705.068317,17:58:10.98,-27:19:57.68,9410.80592,71.76,0.018,24.48,20.0,21.57,2,3.06,
KMT-2021-BLG-3205,BLG03M0201.096323,18:05:53.34,-27:48:06.70,9356.45747,48.56,0.676,20.4,20.0,20.53,1,0.74,
KMT-2021-BLG-3206,BLG03M0204.072199,18:05:41.24,-27:25:44.40,9377.01345,7.22,0.773,19.7,19.67,19.67,1,0.76,
KMT-2021-BLG-3207,BLG03M0206.021480,18:05:59.44,-27:10:53.51,9308.73052,2.85,0.831,18.54,18.37,18.37,1,0.97,
KMT-2021-BLG-3208,BLG03N0202.043564,18:05:55.91,-28:47:44.48,9463.95362,51.2,0.668,19.88,19.22,19.22,1,1.02,
KMT-2021-BLG-3209,BLG03N0301.015901,18:05:08.52,-28:54:08.39,9393.52833,76.15,0.188,20.84,18.26,18.26,1,0.79,
KMT-2021-BLG-3210,SAO03N0307.029174,18:05:12.95,-28:13:21.29,9327.05512,27.85,0.356,20.92,18.47,18.47,1,0.78,
KMT-2021-BLG-3211,BLG03N0504.022627,18:04:10.13,-28:35:05.71,9336.71469,26.73,0.893,19.23,18.37,18.37,1,0.91,
KMT-2021-BLG-3212,BLG03T0207.018354,18:00:54.79,-28:07:41.09,9419.72401,40.05,0.027,23.38,18.33,18.33,1,1.22,
KMT-2021-BLG-3213,SAO03T0504.049495,17:59:23.83,-28:31:00.59,9342.30502,49.51,0.345,20.72,19.04,19.04,1,1.38,
KMT-2021-BLG-3214,BLG03T0507.063171,17:59:16.44,-28:10:48.11,9378.9789,12.45,0.918,19.65,19.76,19.76,1,1.82,
KMT-2021-BLG-3215,BLG04K0304.054832,18:02:03.12,-29:31:18.98,9321.9288,19.57,0.21,21.2,19.61,19.61,1,1.34,
KMT-2021-BLG-3216,SAO04K0707.035868,18:00:13.33,-29:14:14.78,9325.2371,7.6,0.998,18.65,18.68,18.68,1,1.19,
KMT-2021-BLG-3217,BLG04M0401.009277,18:06:26.68,-29:54:33.52,9494.38335,41.94,0.198,21.44,18.08,18.08,1,0.68,
KMT-2021-BLG-3218,BLG04M0401.069392,18:06:52.59,-29:55:34.79,9429.32346,9.25,0.49,21.28,20.0,20.49,1,0.93,
KMT-2021-BLG-3219,BLG04N0507.053295,18:06:08.13,-30:14:44.30,9335.04917,23.82,0.498,20.08,19.81,19.81,1,1.01,
KMT-2021-BLG-3220,BLG04N0508.043537,18:06:09.10,-30:13:33.71,9388.66906,25.59,0.312,21.17,19.6,19.6,1,0.95,
KMT-2021-BLG-3221,BLG04N0602.033366,18:05:33.47,-30:56:22.09,9425.43866,24.32,0.894,19.89,19.53,19.53,1,1.21,
KMT-2021-BLG-3222,BLG04N0605.008401,18:05:32.50,-30:30:45.40,9422.36302,19.31,0.999,19.4,18.09,18.09,1,1.09,
KMT-2021-BLG-3223,BLG13M0408.015920,17:37:56.14,-33:19:58.91,9274.00893,57.18,0.517,20.63,20.0,20.73,2,4.23,
KMT-2021-BLG-3224,BLG14K0607.108928,17:33:45.06,-28:02:46.75,9397.28552,15.16,0.754,19.87,20.0,25.0,3,2.66,
KMT-2021-BLG-3225,BLG14M0106.025320,17:41:24.66,-28:07:03.97,9444.6131,40.67,0.77,20.62,20.0,20.87,2,3.99,
KMT-2021-BLG-3226,BLG14M0201.017387,17:40:42.83,-28:42:53.89,9410.74428,7.43,0.472,21.25,20.0,21.36,2,4.85,
KMT-2021-BLG-3227,BLG15K0502.049016,17:34:10.39,-26:32:00.42,9352.53897,5.0,0.793,19.89,20.0,21.18,2,2.52,
KMT-2021-BLG-3228,BLG15M0203.020737,17:40:45.84,-26:25:58.91,9495.44054,34.14,0.499,20.56,20.0,20.29,2,2.87,
KMT-2021-BLG-3229,BLG15M0307.005357,17:40:09.80,-25:54:45.54,9501.67652,50.48,0.493,20.46,18.79,18.79,2,3.09,
KMT-2021-BLG-3230,BLG15M0402.011784,17:39:38.23,-26:29:34.66,9475.64817,60.94,0.745,19.74,19.72,19.72,2,2.81,
KMT-2021-BLG-3231,BLG15M0804.024016,17:37:22.36,-26:14:59.46,9318.94973,47.99,0.769,20.06,20.0,20.84,2,3.14,
KMT-2021-BLG-3232,BLG15N0102.058536,17:41:13.14,-27:36:00.54,9380.49979,38.44,0.572,20.81,20.0,21.27,2,3.21,
KMT-2021-BLG-3233,BLG15N0202.004313,17:40:37.68,-27:42:29.74,9407.79137,55.35,0.134,22.51,18.18,18.18,2,3.33,
KMT-2021-BLG-3234,BLG15N0503.062902,17:39:07.30,-27:29:14.93,9314.69045,54.7,0.031,24.1,20.0,20.98,2,2.5,
KMT-2021-BLG-3235,BLG15N0702.092228,17:37:33.82,-27:38:15.29,9356.91238,8.29,0.85,19.8,20.0,22.34,2,3.5,
KMT-2021-BLG-3236,BLG15N0708.032182,17:37:48.44,-26:56:17.81,9416.82449,58.9,0.17,22.51,20.0,20.82,2,2.81,
KMT-2021-BLG-3237,BLG15T0402.034563,17:34:59.26,-27:41:54.46,9355.39048,7.0,0.9,20.17,20.0,20.94,2,2.95,
KMT-2021-BLG-3238,BLG15T0601.030593,17:33:40.65,-27:43:22.98,9307.29808,35.84,0.797,19.77,20.0,20.77,2,2.61,
KMT-2021-BLG-3239,BLG17K0304.014900,17:42:51.76,-32:48:12.56,9269.56783,47.05,0.086,22.36,20.0,20.48,2,3.78,
KMT-2021-BLG-3240,BLG17K0607.038627,17:40:59.76,-32:22:29.39,9481.00287,48.77,0.387,21.16,20.0,22.34,2,5.34,
KMT-2021-BLG-3241,BLG17M0202.067242,17:48:57.17,-32:58:25.61,9321.19025,54.26,0.777,19.92,20.0,21.8,2,2.35,
KMT-2021-BLG-3242,BLG17M0503.004398,17:46:54.57,-32:50:46.54,9278.92401,65.94,0.108,22.62,19.19,19.19,2,4.17,
KMT-2021-BLG-3243,SAO17M0602.035061,17:46:36.13,-33:03:21.92,9401.6592,13.61,0.696,20.12,20.0,21.17,2,2.94,
KMT-2021-BLG-3244,BLG17N0402.027756,17:47:25.66,-34:06:40.00,9280.39428,41.29,0.766,19.27,19.35,19.35,1,1.64,
KMT-2021-BLG-3245,BLG17N0807.069445,17:45:22.36,-33:26:34.80,9317.95729,17.63,0.226,21.1,20.0,20.92,1,2.16,
KMT-2021-BLG-3246,SAO18K0207.055547,17:45:17.35,-25:50:22.92,9328.99846,29.54,0.402,21.99,20.0,21.5,2,2.67,
KMT-2021-BLG-3247,BLG18T0602.010867,17:42:41.29,-27:35:17.52,9421.60864,14.91,0.006,22.78,19.32,19.32,2,3.53,
KMT-2021-BLG-3248,BLG19M0108.008354,17:50:04.32,-23:40:26.58,9513.62671,47.04,0.98,19.23,18.95,18.95,2,2.33,
KMT-2021-BLG-3249,BLG19M0505.069079,17:48:04.94,-24:00:36.72,9320.47654,7.56,0.849,19.84,20.0,21.39,2,2.48,
KMT-2021-BLG-3250,BLG19N0805.052363,17:46:28.74,-25:09:57.31,9362.58265,23.42,0.282,21.56,20.0,21.87,2,3.58,
KMT-2021-BLG-3251,BLG19T0101.005126,17:45:21.10,-25:41:03.30,9271.54561,51.13,0.782,18.84,18.14,18.14,2,2.97,
KMT-2021-BLG-3252,BLG19T0102.060867,17:45:28.86,-25:31:02.75,9472.03835,48.19,0.393,21.29,20.0,21.29,2,2.75,
KMT-2021-BLG-3253,BLG20N0503.020669,17:48:14.34,-23:15:23.90,9408.63809,45.6,0.72,20.4,18.89,18.89,1,1.71,
KMT-2021-BLG-3254,BLG20T0306.010374,17:44:37.21,-22:55:07.86,9360.50604,56.03,0.368,20.9,19.26,19.26,2,1.88,
KMT-2021-BLG-3255,SAO21K0107.034555,17:54:15.65,-34:27:33.70,9379.09004,22.39,0.844,19.23,19.24,19.24,1,0.92,
KMT-2021-BLG-3256,BLG21T0107.036246,17:53:40.41,-35:35:35.02,9439.01557,52.05,0.775,19.68,19.64,19.64,1,0.87,
KMT-2021-BLG-3257,BLG22N0206.018717,17:58:19.23,-33:40:25.39,9299.16756,9.98,0.005,21.63,18.88,18.88,1,0.98,
KMT-2021-BLG-3258,BLG22N0307.007459,17:57:38.45,-33:33:10.01,9351.18176,63.9,0.292,21.2,18.17,18.17,1,1.04,
KMT-2021-BLG-3259,BLG22N0802.016206,17:55:03.81,-34:04:00.08,9422.38013,39.13,0.483,20.32,18.69,18.69,1,0.89,
KMT-2021-BLG-3260,BLG22T0101.010033,17:53:59.11,-34:13:02.50,9436.73495,16.11,0.898,19.8,18.2,18.2,1,1.02,
KMT-2021-BLG-3261,BLG22T0307.015395,17:52:39.82,-33:30:40.00,9362.62216,50.73,0.7,20.09,18.64,18.64,1,1.57,
KMT-2021-BLG-3262,BLG22T0606.068282,17:50:43.41,-33:37:06.28,9372.70877,38.47,0.495,20.9,20.0,25.0,3,1.81,
KMT-2021-BLG-3263,BLG31K0501.058147,18:10:58.47,-25:41:51.22,9452.38132,37.84,0.486,20.43,19.99,19.99,1,1.26,
KMT-2021-BLG-3264,BLG31M0105.036938,18:18:06.32,-25:15:24.98,9492.313,66.98,0.419,19.83,19.7,19.7,1,0.91,
KMT-2021-BLG-3265,BLG31M0305.051172,18:16:42.33,-25:09:46.69,9443.5005,48.23,0.884,19.88,20.0,20.2,1,1.08,
KMT-2021-BLG-3266,SAO31T0405.030517,18:11:11.15,-26:21:40.79,9291.88649,8.95,0.081,19.15,19.17,19.17,1,1.14,MB21037
KMT-2021-BLG-3267,BLG32K0303.069881,18:09:53.31,-27:37:16.10,9396.46933,7.04,0.726,19.93,20.0,20.02,1,1.04,
KMT-2021-BLG-3268,BLG32M0708.016751,18:12:04.57,-26:55:07.72,9481.54136,30.25,0.5,19.54,18.52,18.52,1,0.92,
KMT-2021-BLG-3269,BLG34M0806.064172,18:04:27.13,-31:25:07.68,9311.48848,82.9,0.232,23.08,20.0,21.51,2,1.32,
KMT-2021-BLG-3270,BLG34N0407.025421,18:07:07.39,-32:24:28.80,9361.89779,17.65,0.545,19.55,19.54,19.54,1,0.77,
KMT-2021-BLG-3271,BLG35M0107.005607,18:08:34.86,-24:57:03.24,9283.77753,66.78,0.204,22.48,17.9,17.9,4,2.29,
KMT-2021-BLG-3272,BLG35M0203.040652,18:08:06.71,-25:29:20.40,9430.25546,68.41,0.131,22.56,19.71,19.71,1,1.62,
KMT-2021-BLG-3273,BLG35M0307.001400,18:07:20.42,-24:59:51.90,9326.73719,27.47,0.464,15.83,15.91,15.91,4,2.71,
KMT-2021-BLG-3274,BLG35N0101.065932,18:08:37.07,-26:50:29.51,9398.66678,15.06,0.372,20.63,20.0,20.23,1,1.16,
KMT-2021-BLG-3275,SAO35N0502.077605,18:06:20.32,-26:43:35.29,9429.87721,15.43,0.464,20.32,20.0,20.04,1,1.03,
KMT-2021-BLG-3276,BLG37K0204.006420,17:43:38.92,-34:51:46.26,9350.17702,39.32,0.575,20.07,18.84,18.84,2,2.3,
KMT-2021-BLG-3277,BLG37K0306.049400,17:42:58.27,-34:38:01.90,9316.94833,53.61,0.698,19.9,20.0,20.41,2,1.81,
KMT-2021-BLG-3278,BLG37N0406.013128,17:47:17.99,-35:42:17.71,9385.03299,29.38,0.514,20.05,18.78,18.78,1,1.33,
KMT-2021-BLG-3279,SAO37N0801.043233,17:45:16.01,-36:18:31.90,9366.44808,44.12,0.402,20.52,20.0,21.28,1,1.84,
KMT-2021-BLG-3280,BLG37T0402.068034,17:41:55.16,-36:13:09.26,9411.35208,33.08,0.118,21.84,20.0,21.96,2,1.74,
KMT-2021-BLG-3281,BLG38N0808.005401,17:55:28.92,-22:38:48.55,9291.27425,28.35,0.996,19.18,18.48,18.48,4,3.39,
KMT-2021-BLG-3282,BLG41K0404.014172,17:51:46.62,-30:42:30.10,9498.09248,57.84,0.938,19.29,18.34,18.34,1,2.03,
KMT-2021-BLG-3283,BLG41M0303.035660,17:57:18.19,-30:51:24.30,9372.75603,48.5,0.071,23.37,19.15,19.15,1,1.27,
KMT-2021-BLG-3284,BLG41M0504.080913,17:56:19.03,-30:44:15.79,9318.07674,43.05,0.284,21.29,20.0,20.07,1,1.74,
KMT-2021-BLG-3285,BLG41M0508.063738,17:56:21.95,-30:14:44.41,9301.45199,9.52,0.721,19.72,19.84,19.84,1,1.64,
KMT-2021-BLG-3286,BLG41M0701.076431,17:55:02.72,-31:05:29.51,9431.33394,28.09,1.0,20.27,20.0,20.14,1,1.39,
KMT-2021-BLG-3287,BLG41M0703.077741,17:55:06.43,-30:53:02.80,9437.4587,42.79,0.27,22.39,20.0,20.0,1,1.44,
KMT-2021-BLG-3288,BLG41M0704.030110,17:55:04.27,-30:45:38.81,9372.18108,18.7,0.492,20.28,19.27,19.27,1,1.95,
KMT-2021-BLG-3289,BLG41N0305.063991,17:57:22.19,-31:46:35.29,9433.15775,66.6,0.205,22.32,20.0,20.37,1,1.56,
KMT-2021-BLG-3290,BLG41N0805.007891,17:54:21.65,-31:46:18.01,9447.67629,12.6,0.052,21.27,17.85,17.85,1,1.96,
KMT-2021-BLG-3291,BLG41T0102.042600,17:53:34.23,-32:04:58.91,9406.03607,14.48,0.074,20.87,19.96,19.96,1,2.2,
KMT-2021-BLG-3292,BLG41T0205.051755,17:53:05.30,-31:47:13.20,9327.90887,93.15,0.773,19.74,19.85,19.85,1,1.89,
KMT-2021-BLG-3293,BLG41T0506.024566,17:51:19.32,-31:36:05.83,9317.16828,55.06,0.031,24.12,20.0,20.81,2,3.4,
KMT-2021-BLG-3294,SAO42K0101.024648,17:53:57.98,-29:05:16.80,9441.45181,11.65,1.0,18.49,18.43,18.43,1,1.75,
KMT-2021-BLG-3295,SAO42K0206.018259,17:53:14.63,-28:20:45.74,9517.97703,65.33,0.462,19.12,19.1,19.1,2,2.66,
KMT-2021-BLG-3296,SAO42K0207.089894,17:53:05.81,-28:14:32.82,9378.60327,14.4,0.785,19.92,20.0,25.0,3,3.09,
KMT-2021-BLG-3297,SAO42K0403.004448,17:52:12.30,-28:47:31.99,9494.25754,5.64,0.024,18.8,17.74,17.74,4,3.32,
KMT-2021-BLG-3298,BLG42M0305.082756,17:57:18.78,-28:32:26.41,9317.6464,10.73,0.175,22.21,20.0,20.23,1,1.98,
KMT-2021-BLG-3299,BLG42M0407.026030,17:56:57.51,-28:19:51.89,9428.47077,31.43,0.042,23.41,18.79,18.79,1,1.97,
KMT-2021-BLG-3300,BLG42M0505.056356,17:56:26.74,-28:32:17.48,9247.17674,199.86,0.152,19.01,19.82,19.82,1,1.64,
KMT-2021-BLG-3301,BLG42M0601.088572,17:55:43.68,-29:01:12.97,9388.06559,21.51,0.501,20.39,20.0,20.72,2,1.76,
KMT-2021-BLG-3302,BLG42M0801.010815,17:54:30.25,-29:04:52.72,9449.98307,65.09,0.992,18.99,17.18,17.18,1,1.72,
KMT-2021-BLG-3303,BLG42M0801.089085,17:54:15.71,-28:58:03.90,9357.56639,15.48,0.646,19.85,19.86,19.86,1,1.75,
KMT-2021-BLG-3304,BLG42N0104.011658,17:58:32.82,-29:44:29.40,9464.03191,199.81,0.056,22.24,17.66,17.66,1,1.22,
KMT-2021-BLG-3305,BLG42N0107.041746,17:58:28.08,-29:25:12.29,9471.57402,32.85,0.217,21.32,18.93,18.93,1,1.34,
KMT-2021-BLG-3306,SAO42N0107.091168,17:58:46.45,-29:24:38.09,9322.5253,31.1,0.006,24.63,20.0,20.44,1,1.23,
KMT-2021-BLG-3307,SAO42N0108.062291,17:58:46.95,-29:11:39.59,9365.7395,9.95,0.12,20.48,19.17,19.17,1,0.98,
KMT-2021-BLG-3308,BLG42N0405.019639,17:56:57.70,-29:37:19.20,9421.0437,27.24,0.5,20.54,18.44,18.44,1,1.55,
KMT-2021-BLG-3309,BLG42N0405.074436,17:56:54.52,-29:38:22.20,9428.6979,190.77,0.053,23.16,19.82,19.82,1,1.55,
KMT-2021-BLG-3310,SAO42N0601.021540,17:55:59.04,-30:05:28.79,9314.28999,5.84,0.912,19.12,18.69,18.69,1,1.6,
KMT-2021-BLG-3311,SAO42T0106.012753,17:53:54.04,-29:32:45.60,9447.8227,134.67,0.777,17.53,17.59,17.59,1,1.88,MB21210
KMT-2021-BLG-3312,SAO42T0507.054145,17:51:20.84,-29:26:20.98,9287.93427,86.02,0.047,23.4,20.0,21.57,2,3.6,
KMT-2021-BLG-3313,SAO42T0605.022660,17:50:44.04,-29:37:36.08,9319.02434,38.81,0.164,21.75,19.08,19.08,1,3.27,
KMT-2021-BLG-3314,BLG42T0805.007285,17:49:50.46,-29:36:52.70,9429.96384,3.04,0.988,19.12,18.26,18.26,1,3.72,
KMT-2021-BLG-3315,BLG43K0702.013733,17:57:49.72,-27:49:30.61,9301.00932,199.45,0.046,23.56,19.04,19.04,2,2.81,
KMT-2021-BLG-3316,BLG43M0606.052465,18:03:10.93,-27:18:46.01,9302.73119,6.9,0.009,22.98,20.0,20.18,1,1.96,
KMT-2021-BLG-3317,BLG43M0807.021760,18:02:15.00,-27:14:00.60,9286.56848,56.08,0.446,19.36,19.31,19.31,1,1.85,
KMT-2021-BLG-3318,BLG43N0301.016475,18:04:46.72,-29:01:05.81,9276.95883,63.21,0.318,21.35,18.28,18.28,1,0.86,
KMT-2021-BLG-3319,BLG43N0707.001980,18:02:44.88,-28:15:16.31,9512.09439,49.48,1.0,17.58,15.22,15.22,1,0.84,
KMT-2021-BLG-3320,BLG43N0801.034022,18:01:54.06,-29:07:50.30,9461.03581,74.17,0.33,20.96,18.82,18.82,1,1.25,
KMT-2021-BLG-3321,BLG43T0402.029819,17:59:31.61,-28:59:53.02,9447.60091,199.98,1.0,18.33,18.44,18.44,1,1.01,
