Event,FieldStarID,RA,Dec,t_0,t_E,u_0,Isource,Ibase,Icat,Ctype,A_I,Related_event
KMT-2023-BLG-0001,SAO01M0504.011785,17:56:29.71,-30:37:12.61,60016.33245,5.22,0.495,18.34,18.35,18.35,1,1.94,MB23058
KMT-2023-BLG-0002,BLG01M0707.056807,17:55:31.10,-30:17:06.90,60015.2525,55.19,0.111,19.8,19.73,19.73,1,1.9,MB23046 OB230016
KMT-2023-BLG-0003,SAO01T0108.035310,17:53:44.13,-31:15:05.29,60018.53922,29.14,0.013,19.67,19.57,19.57,1,2.05,MB23047 OB230144
KMT-2023-BLG-0004,BLG01T0208.055144,17:53:26.17,-31:15:32.51,60012.81063,15.13,0.302,19.98,20.0,20.01,1,1.95,
KMT-2023-BLG-0005,BLG01T0302.004346,17:52:36.05,-31:59:22.60,60031.91253,12.63,0.506,16.93,16.91,16.91,1,2.03,MB23068
KMT-2023-BLG-0006,SAO02K0305.057898,17:53:06.37,-28:23:07.22,60011.70632,19.95,0.066,20.15,20.0,20.9,2,2.64,
KMT-2023-BLG-0007,BLG02K0705.011283,17:50:32.38,-28:23:31.13,60009.1091,15.25,0.479,19.64,20.0,20.34,2,5.74,
KMT-2023-BLG-0008,BLG02N0402.055996,17:57:09.84,-29:57:10.19,60012.79153,9.33,0.016,22.96,19.79,19.79,1,1.69,
KMT-2023-BLG-0009,BLG02T0303.086093,17:52:55.99,-29:47:27.89,60016.81158,10.5,0.073,20.08,20.0,20.04,1,1.92,MB23054
KMT-2023-BLG-0010,BLG03M0307.072552,18:05:00.99,-27:00:04.90,60008.35225,7.47,0.159,19.74,19.88,19.88,1,1.17,
KMT-2023-BLG-0011,BLG03M0308.058920,18:04:59.64,-26:56:50.78,60015.21016,30.14,0.276,20.05,19.55,19.55,1,1.1,
KMT-2023-BLG-0012,BLG03M0507.014315,18:04:04.61,-27:02:59.21,60000.24718,38.3,0.046,20.29,18.2,18.2,1,1.32,MB23018
KMT-2023-BLG-0013,SAO03M0808.001817,18:02:28.18,-26:57:54.50,60035.85259,34.4,0.276,16.49,16.39,16.39,1,2.42,OB230030
KMT-2023-BLG-0014,SAO03N0502.092868,18:04:01.93,-28:52:25.21,60009.42066,25.68,0.004,20.42,20.0,20.48,1,0.83,MB23034
KMT-2023-BLG-0015,BLG04N0308.001022,18:06:58.81,-30:11:35.48,60026.46932,21.25,0.376,16.88,15.2,15.2,1,0.82,MB23055 OB230137
KMT-2023-BLG-0016,SAO04T0606.037099,18:00:32.57,-30:27:08.71,60014.96509,64.16,0.02,21.36,19.1,19.1,1,1.21,MB23052
KMT-2023-BLG-0017,SAO04T0705.008952,18:00:06.76,-30:34:21.11,60010.59916,5.9,0.477,17.81,17.82,17.82,1,1.26,MB23053
KMT-2023-BLG-0018,BLG11K0102.002027,17:27:13.70,-29:41:18.49,60009.90227,18.57,0.056,16.44,16.45,16.45,1,1.99,
KMT-2023-BLG-0019,BLG11K0302.015545,17:26:08.12,-29:44:00.71,60061.10949,143.22,0.435,20.18,19.81,19.81,2,1.95,
KMT-2023-BLG-0020,BLG11K0406.053360,17:25:29.73,-29:13:58.51,60012.44033,34.18,0.105,21.85,20.0,20.26,1,1.83,
KMT-2023-BLG-0021,BLG11M0602.058142,17:28:55.73,-29:43:13.22,60013.62869,34.09,0.122,20.77,20.0,21.14,2,2.47,
KMT-2023-BLG-0022,SAO11M0705.012492,17:28:18.81,-29:17:55.00,60004.03717,36.46,0.019,20.51,18.83,18.83,1,2.1,
KMT-2023-BLG-0023,SAO11M0706.010229,17:28:34.32,-29:12:12.60,60010.21656,16.27,0.038,19.04,18.71,18.71,1,1.94,
KMT-2023-BLG-0024,BLG11M0805.023912,17:27:43.45,-29:15:49.50,60006.18326,13.38,0.097,19.98,19.39,19.39,1,1.68,
KMT-2023-BLG-0025,BLG11N0202.000482,17:31:42.61,-30:46:17.04,60096.43368,93.05,0.461,16.0,15.97,15.97,2,3.06,
KMT-2023-BLG-0026,BLG11N0305.046299,17:30:58.86,-30:24:52.45,60008.02171,80.48,0.014,24.25,20.0,20.87,2,2.63,
KMT-2023-BLG-0027,BLG11N0408.002534,17:30:14.09,-30:01:46.38,60142.47242,190.8,0.136,17.5,17.13,17.13,2,2.5,OB230172
KMT-2023-BLG-0028,BLG12M0303.000676,17:30:43.91,-27:30:04.72,60002.61767,9.77,0.662,16.38,16.38,16.38,2,2.49,OB230065
KMT-2023-BLG-0029,BLG12T0302.045066,17:26:11.99,-28:41:58.67,60005.48391,11.42,0.594,19.91,20.0,20.96,2,2.08,
KMT-2023-BLG-0030,BLG14M0607.005146,17:38:22.09,-28:02:29.11,60000.03853,14.72,0.315,18.78,17.91,17.91,2,2.91,
KMT-2023-BLG-0031,BLG14N0802.009808,17:37:19.20,-29:45:48.13,60016.41917,21.38,0.614,19.57,19.59,19.59,2,4.0,
KMT-2023-BLG-0032,BLG14T0502.002905,17:34:06.53,-29:49:59.56,60071.00627,81.48,0.018,17.5,17.36,17.36,2,2.68,OB230222
KMT-2023-BLG-0033,BLG14T0704.006705,17:33:09.96,-29:34:00.95,60011.10194,28.94,0.223,18.87,18.96,18.96,2,3.72,OB230081
KMT-2023-BLG-0034,BLG15N0402.002149,17:39:20.01,-27:38:57.59,60021.41787,30.79,0.494,17.26,17.34,17.34,2,2.96,OB230093
KMT-2023-BLG-0035,SAO15T0208.042437,17:35:50.40,-26:51:01.22,60015.90752,53.14,0.216,20.04,20.0,20.14,2,2.28,
KMT-2023-BLG-0036,BLG15T0507.044069,17:34:09.19,-27:01:45.55,60012.56495,8.43,0.112,20.57,20.0,20.76,2,2.58,
KMT-2023-BLG-0037,BLG16N0204.003536,17:40:43.11,-25:19:01.78,60044.47436,108.66,0.006,17.72,17.56,17.56,2,2.64,OB230377
KMT-2023-BLG-0038,BLG17K0303.006207,17:43:10.18,-32:52:48.72,60026.1033,77.35,0.058,18.59,18.63,18.63,2,3.2,OB230083
KMT-2023-BLG-0039,BLG17N0808.050948,17:44:53.67,-33:24:49.21,60012.05428,30.86,0.097,21.38,20.0,20.54,1,2.31,
KMT-2023-BLG-0040,BLG17T0701.002113,17:40:27.60,-34:16:06.24,60008.1714,35.92,0.286,17.14,17.16,17.16,2,2.31,OB230063
KMT-2023-BLG-0041,SAO18K0303.002759,17:44:28.58,-26:21:08.64,60015.52658,11.22,0.154,17.76,17.78,17.78,2,3.22,
KMT-2023-BLG-0042,SAO18K0503.106400,17:43:25.92,-26:24:49.75,60027.73211,200.0,0.004,19.98,20.0,25.0,3,3.05,OB230075
KMT-2023-BLG-0043,BLG18K0508.000262,17:43:09.87,-25:46:10.92,60029.62474,27.17,0.727,15.16,15.2,15.2,2,2.74,OB230078
KMT-2023-BLG-0044,SSO18T0404.003498,17:43:42.74,-27:21:16.74,60010.04486,27.53,0.094,21.31,18.33,18.33,2,3.52,
KMT-2023-BLG-0045,BLG18T0702.007953,17:42:18.65,-27:39:49.93,60006.65267,22.49,0.219,18.76,18.86,18.86,2,4.11,OB230092
KMT-2023-BLG-0046,BLG18T0703.053774,17:42:10.68,-27:31:37.38,60007.15128,42.72,0.049,22.45,20.0,21.18,2,3.29,
KMT-2023-BLG-0047,BLG19K0405.044099,17:43:50.65,-23:59:55.00,60012.54376,5.89,0.478,19.72,19.78,19.78,1,1.67,
KMT-2023-BLG-0048,BLG19N0106.006368,17:50:19.39,-24:59:49.31,60009.23532,31.65,0.187,19.43,19.43,19.43,2,3.85,
KMT-2023-BLG-0049,BLG19N0601.004813,17:47:37.30,-25:37:03.43,59999.91877,37.37,0.003,23.06,19.44,19.44,2,4.7,
KMT-2023-BLG-0050,SAO21K0807.015386,17:49:51.15,-34:30:45.40,60018.97763,58.47,0.028,19.3,18.68,18.68,1,1.05,MB23033 OB230007
KMT-2023-BLG-0051,SAO21T0603.021995,17:50:46.01,-36:04:19.31,60013.18957,24.02,0.155,19.34,19.07,19.07,1,0.81,
KMT-2023-BLG-0052,SAO22N0601.012037,17:56:08.76,-34:11:31.60,60004.06601,51.57,0.003,21.48,18.33,18.33,1,0.85,OB230024
KMT-2023-BLG-0053,BLG22T0304.005691,17:52:31.28,-33:52:09.01,60040.1896,71.26,0.134,19.54,17.85,17.85,1,1.71,MB23094 OB230107
KMT-2023-BLG-0054,BLG31N0206.015127,18:17:03.25,-26:12:13.00,60025.60268,31.14,0.307,18.55,18.45,18.45,1,0.83,MB23056 OB230196
KMT-2023-BLG-0055,BLG31T0808.021175,18:09:24.12,-25:54:33.41,60009.82954,102.42,0.002,19.1,18.49,18.49,1,1.32,
KMT-2023-BLG-0056,BLG32M0807.012224,18:11:55.25,-27:06:11.30,60008.28991,19.33,0.161,19.37,18.25,18.25,1,0.74,MB23026 OB230047
KMT-2023-BLG-0057,SSO32T0506.060303,18:08:23.47,-28:22:11.21,60007.62929,15.24,0.225,19.79,19.86,19.86,1,1.06,
KMT-2023-BLG-0058,SAO32T0606.015111,18:08:02.23,-28:19:27.52,60013.28889,34.1,0.1,19.78,18.32,18.32,1,1.0,MB23041
KMT-2023-BLG-0059,BLG41N0807.047923,17:54:20.30,-31:30:25.49,60007.38884,6.75,0.326,19.6,19.59,19.59,1,1.52,
KMT-2023-BLG-0060,BLG42M0205.003903,17:57:46.42,-28:29:37.90,60007.18336,3.47,0.803,16.35,16.33,16.33,1,1.85,MB23037
KMT-2023-BLG-0061,SAO42T0506.010572,17:51:23.36,-29:34:08.69,60034.15384,29.65,0.224,17.89,17.94,17.94,1,2.7,MB23057 OB230106
KMT-2023-BLG-0062,SAO42T0601.008530,17:50:48.85,-30:06:21.60,60028.69756,14.23,0.495,17.49,17.5,17.5,1,2.87,OB230105
KMT-2023-BLG-0063,BLG43K0803.003503,17:57:06.75,-27:43:00.05,60018.97875,7.39,0.65,18.53,18.55,18.55,2,3.9,
KMT-2023-BLG-0064,SAO43K0807.001819,17:57:08.70,-27:12:10.19,60023.4364,17.8,0.168,17.69,17.52,17.52,2,4.01,MB23048
KMT-2023-BLG-0065,SAO43M0303.025140,18:05:09.24,-27:42:24.08,60012.34398,66.79,0.002,22.21,18.55,18.55,1,0.96,
KMT-2023-BLG-0066,BLG43M0707.056799,18:02:51.48,-27:13:48.40,60008.32055,14.64,0.088,21.63,20.0,21.09,1,3.44,
KMT-2023-BLG-0067,SAO43T0601.074039,17:58:39.49,-29:04:16.10,60013.64026,6.6,0.139,20.73,19.63,19.63,1,1.16,
KMT-2023-BLG-0068,BLG01K0707.044604,17:50:29.57,-30:16:41.09,60017.4863,2.94,0.265,20.0,20.0,20.28,1,2.86,
KMT-2023-BLG-0069,BLG02T0806.024392,17:49:53.71,-29:20:04.99,60019.85935,10.21,0.425,20.02,20.0,20.32,1,5.53,
KMT-2023-BLG-0070,SAO03K0501.023895,17:59:31.94,-27:46:56.32,60014.55576,88.4,0.025,22.97,18.87,18.87,1,1.84,
KMT-2023-BLG-0071,BLG03N0603.019586,18:03:29.79,-28:38:17.59,60036.42427,37.09,0.058,18.64,18.15,18.15,1,0.86,MB23071 OB230032
KMT-2023-BLG-0072,BLG03T0705.007463,17:58:04.83,-28:26:52.69,60027.63351,7.92,0.993,17.06,17.05,17.05,1,1.73,MB23080 OB230110
KMT-2023-BLG-0073,SAO14K0102.066807,17:36:21.02,-28:41:42.76,60018.571,153.09,0.002,22.22,20.0,21.4,2,3.15,
KMT-2023-BLG-0074,BLG14T0405.006270,17:34:34.43,-29:26:03.12,60018.05179,22.12,0.693,18.31,18.38,18.38,2,2.97,OB230082
KMT-2023-BLG-0075,BLG15M0104.046190,17:41:08.57,-26:16:50.74,60017.09484,13.5,0.026,20.67,20.0,21.16,2,2.95,
KMT-2023-BLG-0076,BLG15M0408.017198,17:39:40.16,-25:49:42.20,60021.99628,33.25,0.397,20.06,20.0,20.77,2,3.11,
KMT-2023-BLG-0077,SAO42T0501.053417,17:51:38.72,-30:09:14.18,60018.44206,5.31,0.489,19.78,19.77,19.77,1,2.16,
KMT-2023-BLG-0078,BLG43T0101.001625,18:01:33.75,-29:01:16.72,60047.32384,19.93,0.486,15.37,15.31,15.31,1,1.24,MB23079 OB230122
KMT-2023-BLG-0079,SSO02N0805.032862,17:54:35.06,-29:31:32.30,60020.58356,3.49,0.293,18.76,18.62,18.62,1,1.45,
KMT-2023-BLG-0080,BLG12K0206.000453,17:26:20.24,-27:06:02.09,60049.09026,30.05,0.887,16.97,16.38,16.38,2,2.26,OB230352
KMT-2023-BLG-0081,BLG19K0205.037183,17:45:06.38,-23:58:47.71,60023.70128,10.44,0.136,19.99,19.57,19.57,1,1.87,
KMT-2023-BLG-0082,SSO19T0404.018499,17:43:48.23,-25:14:00.31,60018.93814,15.02,0.032,20.23,20.0,20.39,2,3.1,
KMT-2023-BLG-0083,SSO19T0502.084625,17:43:17.66,-25:34:48.29,60021.42765,39.48,0.053,21.16,20.0,22.1,2,2.93,
KMT-2023-BLG-0084,SSO31M0505.003279,18:15:46.06,-25:13:46.20,60039.75161,138.14,0.04,21.72,17.06,17.06,1,1.16,MB23105
KMT-2023-BLG-0085,BLG41K0606.024316,17:50:53.85,-30:33:52.99,60028.06144,42.25,0.102,20.46,19.31,19.31,1,2.72,OB230146
KMT-2023-BLG-0086,BLG41K0608.007723,17:50:50.30,-30:14:38.51,60024.71358,200.0,0.007,21.67,17.39,17.39,1,2.39,OB230429
KMT-2023-BLG-0087,SSO42M0805.011253,17:54:41.28,-28:31:10.27,60020.86342,3.85,0.246,18.08,18.14,18.14,2,1.98,MB23064
KMT-2023-BLG-0088,BLG43T0505.048396,17:59:06.70,-28:31:36.70,60021.64881,17.55,0.054,20.48,19.11,19.11,1,1.4,MB23066
KMT-2023-BLG-0089,BLG01M0305.005735,17:57:54.76,-30:32:50.39,60050.81004,26.74,0.786,17.68,17.7,17.7,1,2.3,MB23148 OB230221
KMT-2023-BLG-0090,SSO02K0104.017513,17:53:56.17,-28:34:46.42,60029.45642,56.42,0.011,21.18,18.88,18.88,2,2.7,MB23081 OB230183
KMT-2023-BLG-0091,SSO02M0408.011100,17:57:06.15,-27:58:11.53,60073.47197,69.48,0.181,18.22,18.04,18.04,2,2.42,MB23099 OB230184
KMT-2023-BLG-0092,SSO02N0303.079931,17:57:52.27,-29:44:44.70,60022.3971,26.83,0.084,20.25,19.96,19.96,1,1.3,
KMT-2023-BLG-0093,SSO02N0701.053238,17:55:21.74,-30:00:25.49,60022.35647,20.44,0.163,20.05,19.29,19.29,1,1.33,
KMT-2023-BLG-0094,BLG02N0801.013689,17:54:55.91,-29:59:31.31,60022.12393,2.29,0.207,19.04,17.78,17.78,1,1.29,MB23069
KMT-2023-BLG-0095,BLG02T0405.030883,17:52:19.06,-29:30:04.50,60023.00114,6.45,0.027,20.51,19.21,19.21,1,2.71,
KMT-2023-BLG-0096,BLG03K0307.003272,18:00:14.49,-27:01:35.69,60022.47748,5.99,0.063,20.89,16.64,16.64,1,2.57,
KMT-2023-BLG-0097,BLG04K0305.011641,18:02:07.85,-29:21:48.10,60022.24695,32.4,0.034,22.39,18.12,18.12,1,1.31,
KMT-2023-BLG-0098,SSO04N0707.016370,18:05:03.65,-30:17:17.48,60023.8808,11.4,0.494,18.78,18.68,18.68,1,1.26,OB230125
KMT-2023-BLG-0099,BLG04T0301.001521,18:02:11.86,-31:05:46.21,60078.52571,35.59,0.236,16.07,15.81,15.81,1,1.31,MB23096 OB230129
KMT-2023-BLG-0100,BLG04T0301.048894,18:02:23.97,-31:04:19.31,60022.61364,49.45,0.021,23.65,19.89,19.89,1,1.31,
KMT-2023-BLG-0101,BLG11N0305.023449,17:30:42.49,-30:24:51.12,60019.7097,21.27,0.189,21.56,20.0,20.17,2,2.58,
KMT-2023-BLG-0102,SAO12M0701.003571,17:28:47.94,-27:42:13.57,60019.84168,191.1,0.02,23.14,18.09,18.09,2,2.41,
KMT-2023-BLG-0103,BLG12N0403.033783,17:30:02.74,-28:31:22.19,60020.24606,56.76,0.025,23.66,20.0,20.19,2,1.85,
KMT-2023-BLG-0104,SAO14K0507.007720,17:34:23.77,-27:58:13.48,60031.32702,62.84,0.159,18.97,18.77,18.77,2,2.83,
KMT-2023-BLG-0105,BLG14T0308.003527,17:35:30.00,-28:59:21.23,60032.16712,11.71,0.197,18.16,18.18,18.18,2,3.32,OB230169
KMT-2023-BLG-0106,BLG15T0105.010573,17:36:34.70,-27:17:59.71,60021.23621,25.03,0.263,20.85,18.4,18.4,1,2.17,
KMT-2023-BLG-0107,BLG16N0307.036148,17:40:15.45,-24:54:05.36,60034.49457,66.73,0.296,20.58,20.0,21.39,2,3.29,
KMT-2023-BLG-0108,BLG16N0403.028797,17:39:55.50,-25:27:09.29,60030.84973,17.2,0.029,20.57,20.0,20.77,2,2.74,OB230225
KMT-2023-BLG-0109,BLG18T0202.003521,17:44:51.38,-27:34:42.85,60039.89754,60.31,0.006,20.1,20.0,20.58,2,6.03,
KMT-2023-BLG-0110,BLG19K0104.055245,17:45:45.74,-24:10:43.90,60022.6394,28.6,0.014,22.02,20.0,20.25,1,2.51,
KMT-2023-BLG-0111,SSO20T0408.010314,17:43:50.66,-22:39:50.54,60022.03639,40.05,0.063,21.38,19.45,19.45,4,1.99,
KMT-2023-BLG-0112,BLG21K0508.062226,17:51:28.60,-34:19:02.50,60026.91647,28.28,0.212,19.83,20.0,20.01,1,1.06,
KMT-2023-BLG-0113,BLG22N0203.009220,17:58:16.35,-34:02:54.38,60030.02889,14.67,0.863,18.41,18.29,18.29,1,0.92,OB230118
KMT-2023-BLG-0114,SSO22T0803.069052,17:49:47.85,-34:01:09.59,60136.19552,2.25,0.003,20.9,20.0,20.91,3,1.42,
KMT-2023-BLG-0115,SSO33K0105.040509,18:13:02.58,-29:21:59.62,60051.76731,174.59,0.261,19.9,19.51,19.51,1,0.42,
KMT-2023-BLG-0116,SSO36N0503.003158,18:18:00.23,-24:27:06.80,60029.06599,59.32,0.135,19.08,17.13,17.13,1,1.0,OB230194
KMT-2023-BLG-0117,BLG36T0102.001771,18:15:12.08,-24:39:52.31,60023.26985,34.24,0.363,16.44,16.46,16.46,1,1.5,MB23045 OB230054
KMT-2023-BLG-0118,BLG37K0702.025666,17:40:14.66,-35:04:31.01,60019.66271,9.23,0.59,19.89,19.9,19.9,2,1.83,
KMT-2023-BLG-0119,BLG37M0406.077700,17:47:15.61,-34:34:19.88,60043.20088,51.97,0.05,20.11,20.0,20.61,1,1.37,MB23104
KMT-2023-BLG-0120,BLG37M0504.005061,17:46:41.99,-34:49:37.81,60033.78864,24.6,0.106,17.97,17.26,17.26,1,1.36,MB23070
KMT-2023-BLG-0121,BLG37T0708.034913,17:40:26.17,-35:26:06.14,60026.54651,39.45,0.153,20.33,20.0,20.35,2,1.72,OB230157
KMT-2023-BLG-0122,BLG38K0501.005665,17:52:20.70,-22:23:02.00,60020.48042,14.82,0.323,19.46,17.86,17.86,1,1.94,
KMT-2023-BLG-0123,BLG41K0508.019849,17:51:23.47,-30:16:45.98,60022.64791,14.78,0.193,21.32,18.79,18.79,1,2.36,
KMT-2023-BLG-0124,BLG41T0106.073414,17:53:33.05,-31:34:05.02,60028.11758,31.46,0.051,21.0,20.0,20.77,1,2.08,
KMT-2023-BLG-0125,BLG42M0403.071932,17:56:55.63,-28:46:51.71,60034.97204,33.96,0.318,19.73,19.9,19.9,1,1.93,
KMT-2023-BLG-0126,BLG42N0606.001048,17:55:42.40,-29:29:02.40,60027.99333,3.7,0.689,14.81,14.82,14.82,1,1.67,MB23076
KMT-2023-BLG-0127,SSO43K0604.066756,17:58:22.06,-27:33:44.60,60022.94148,199.95,0.005,24.25,20.0,20.04,1,2.06,
KMT-2023-BLG-0128,BLG43T0102.015267,18:01:17.36,-28:56:33.11,60037.91651,19.43,0.302,18.42,17.93,17.93,1,1.08,MB23088
KMT-2023-BLG-0129,BLG02N0306.024722,17:57:51.52,-29:26:16.40,60034.72838,80.74,0.015,21.91,18.74,18.74,1,1.56,MB23097 OB230112
KMT-2023-BLG-0130,BLG02T0105.059955,17:54:09.14,-29:30:05.80,60024.84441,5.92,0.175,19.64,19.42,19.42,1,1.72,
KMT-2023-BLG-0131,SSO17N0603.001465,17:46:21.81,-34:00:06.80,60059.36673,75.81,0.892,16.22,15.77,15.77,1,1.44,MB23023 OB230059
KMT-2023-BLG-0132,BLG19K0507.018740,17:43:37.33,-23:48:05.29,60029.76604,19.5,0.163,20.22,18.93,18.93,1,1.56,
KMT-2023-BLG-0133,BLG31T0702.000540,18:09:37.13,-26:44:55.00,60065.41249,35.68,0.723,14.92,14.83,14.83,1,1.33,MB23086 OB230131
KMT-2023-BLG-0134,BLG32T0303.003834,18:09:48.30,-28:44:05.89,60033.41498,199.95,0.012,21.37,16.82,16.82,1,0.85,MB23073 OB230135
KMT-2023-BLG-0135,BLG34T0407.029626,18:01:32.61,-32:27:30.49,60024.40856,11.11,0.186,20.1,19.36,19.36,1,1.14,
KMT-2023-BLG-0136,BLG37M0107.036223,17:49:21.72,-34:31:54.01,60022.91817,23.35,0.105,22.08,19.41,19.41,1,1.29,
KMT-2023-BLG-0137,BLG37M0803.033269,17:44:53.76,-34:57:37.87,60032.81708,42.11,0.176,20.71,19.69,19.69,2,1.54,OB230255
KMT-2023-BLG-0138,BLG01K0308.001640,17:52:37.90,-30:06:18.00,60067.77507,49.21,0.359,15.38,15.44,15.44,1,1.67,OB230004
KMT-2023-BLG-0139,BLG01K0703.039678,17:50:40.05,-30:46:39.00,60024.57872,19.85,0.006,23.17,19.76,19.76,1,2.59,
KMT-2023-BLG-0140,BLG02N0503.016501,17:56:17.53,-29:43:59.02,60038.96425,22.55,0.666,18.5,18.38,18.38,1,1.55,OB230185
KMT-2023-BLG-0141,BLG15T0308.016046,17:35:14.60,-26:54:26.32,60036.26698,40.49,0.665,20.22,19.17,19.17,1,2.06,
KMT-2023-BLG-0142,BLG16N0503.016963,17:39:14.64,-25:28:16.14,60030.55662,36.52,0.098,20.91,20.0,20.72,2,3.01,OB230216
KMT-2023-BLG-0143,SSO20N0802.055712,17:46:11.07,-23:28:02.71,60023.25117,4.43,0.04,20.33,20.0,20.15,1,1.71,
KMT-2023-BLG-0144,BLG32N0607.037520,18:13:05.34,-28:11:50.60,60024.09673,27.52,0.181,20.22,19.15,19.15,1,0.44,OB230141
KMT-2023-BLG-0145,BLG32T0608.002167,18:07:51.29,-28:06:53.71,60047.68307,25.73,0.739,16.33,15.73,15.73,1,1.19,MB23067 OB230133
KMT-2023-BLG-0146,BLG37M0605.002265,17:45:58.64,-34:44:14.39,60045.37218,14.86,0.666,16.3,16.31,16.31,1,1.57,MB23082 OB230156
KMT-2023-BLG-0147,SAO38K0405.001546,17:52:44.56,-21:54:19.04,60034.89713,10.47,0.741,16.26,16.27,16.27,4,1.93,OB230283
KMT-2023-BLG-0148,BLG03N0804.036369,18:02:13.19,-28:34:40.51,60029.33002,9.95,0.589,18.97,18.81,18.81,1,1.14,
KMT-2023-BLG-0149,BLG11K0505.001926,17:24:44.16,-29:21:09.50,60039.85661,9.28,0.765,16.46,16.19,16.19,1,1.74,
KMT-2023-BLG-0150,BLG17T0501.058705,17:41:41.77,-34:16:17.11,60032.20261,31.82,0.238,20.25,20.0,20.74,2,2.06,
KMT-2023-BLG-0151,BLG18K0202.009265,17:44:59.56,-26:29:24.72,60024.57753,33.84,0.608,19.11,19.22,19.22,2,3.73,
KMT-2023-BLG-0152,BLG19N0308.006322,17:49:24.56,-24:50:24.22,60032.41951,18.29,0.309,19.66,19.63,19.63,2,4.54,
KMT-2023-BLG-0153,BLG22T0706.007517,17:50:06.83,-33:34:32.41,60033.84085,21.5,0.284,18.66,18.41,18.41,2,1.7,MB23092 OB230108
KMT-2023-BLG-0154,BLG02M0606.063413,17:55:47.91,-28:16:19.92,60027.28741,5.12,0.018,20.98,20.0,21.07,2,2.68,
KMT-2023-BLG-0155,BLG02N0408.084726,17:57:24.57,-29:05:52.19,60027.55682,9.38,0.132,20.63,20.0,20.27,1,1.66,
KMT-2023-BLG-0156,BLG03K0303.005283,18:00:30.65,-27:31:20.89,60035.51253,17.66,0.73,18.43,16.61,16.61,1,1.57,OB230186
KMT-2023-BLG-0157,BLG04M0603.018975,18:05:20.61,-29:39:00.22,60060.92287,65.77,0.008,19.58,18.42,18.42,1,0.84,MB23124 OB230189
KMT-2023-BLG-0158,BLG11N0804.018502,17:27:39.17,-30:31:15.02,60028.50937,199.88,0.036,24.13,20.0,20.63,3,3.14,
KMT-2023-BLG-0159,BLG12K0401.025489,17:25:36.71,-27:41:33.00,60026.38853,21.55,0.019,23.33,19.7,19.7,1,1.56,
KMT-2023-BLG-0160,BLG15N0605.028381,17:38:18.51,-27:17:56.04,60032.0349,19.6,0.198,21.12,20.0,20.74,2,3.22,
KMT-2023-BLG-0161,SAO31K0704.048911,18:09:33.88,-25:19:15.20,60027.80643,46.96,0.064,21.87,19.99,19.99,1,1.56,OB230152
KMT-2023-BLG-0162,BLG32T0204.020961,18:10:02.07,-28:30:01.19,60030.95128,24.04,0.028,20.3,18.64,18.64,1,1.02,MB23085 OB230132
KMT-2023-BLG-0163,BLG01K0402.048178,17:52:09.65,-30:52:07.28,60029.4791,7.09,0.628,19.63,19.82,19.82,1,2.27,
KMT-2023-BLG-0164,BLG01N0104.001156,17:59:11.98,-31:46:14.41,60051.29065,64.55,0.087,19.8,15.96,15.96,1,1.65,MB23107 OB230116
KMT-2023-BLG-0165,BLG02M0802.064384,17:54:51.83,-28:44:09.92,60031.83804,8.04,0.216,19.98,20.0,20.16,2,1.91,OB230182
KMT-2023-BLG-0166,BLG02T0103.047510,17:53:53.70,-29:43:47.39,60032.74214,5.26,0.695,18.89,18.92,18.92,1,1.47,
KMT-2023-BLG-0167,BLG03K0503.017300,17:59:16.73,-27:36:49.61,60031.18298,4.88,0.665,18.38,18.51,18.51,1,2.04,
KMT-2023-BLG-0168,BLG04M0501.036754,18:06:09.13,-29:54:09.50,60028.0442,12.33,0.201,20.74,19.18,19.18,1,0.85,
KMT-2023-BLG-0169,BLG11M0607.003791,17:29:14.57,-29:07:16.57,60039.38261,14.63,0.998,17.62,17.45,17.45,2,2.04,OB230159
KMT-2023-BLG-0170,BLG12N0503.056799,17:30:00.22,-28:38:11.98,60027.77944,12.58,0.084,21.5,20.0,20.8,2,2.33,
KMT-2023-BLG-0171,BLG15T0205.003743,17:35:42.42,-27:19:59.09,60036.8253,9.65,0.619,17.79,16.91,16.91,1,2.37,OB230242
KMT-2023-BLG-0172,BLG16T0104.026050,17:36:23.87,-25:14:19.21,60029.26145,19.13,0.087,22.29,20.0,21.77,2,3.15,
KMT-2023-BLG-0173,BLG18T0702.007075,17:42:20.61,-27:33:22.14,60037.48036,9.4,0.32,18.75,18.71,18.71,2,3.47,OB230259
KMT-2023-BLG-0174,BLG21M0508.049854,17:56:47.63,-34:23:44.41,60028.29244,18.04,0.2,20.8,19.85,19.85,1,0.74,
KMT-2023-BLG-0175,BLG22T0504.004955,17:51:26.86,-33:49:07.28,60053.74946,18.62,0.855,17.6,17.15,17.15,3,2.45,OB230262
KMT-2023-BLG-0176,BLG31N0505.027190,18:15:40.60,-26:18:45.00,60040.50229,42.39,0.188,20.17,19.04,19.04,1,0.79,OB230138
KMT-2023-BLG-0177,BLG32N0101.045478,18:15:26.98,-28:55:18.30,60040.31704,112.18,0.166,19.91,20.0,20.08,1,0.56,
KMT-2023-BLG-0178,BLG37N0307.038039,17:47:59.23,-35:33:26.39,60089.34155,199.87,0.286,19.95,19.46,19.46,1,0.78,
KMT-2023-BLG-0179,BLG42M0603.032414,17:55:44.66,-28:48:37.84,60029.50068,9.64,0.002,22.38,19.23,19.23,2,1.98,
KMT-2023-BLG-0180,BLG42M0708.011684,17:55:16.53,-28:10:34.86,60032.15567,14.47,0.051,20.87,19.04,19.04,2,2.76,
KMT-2023-BLG-0181,BLG42T0108.070327,17:53:39.42,-29:17:32.21,60029.70408,5.31,0.155,20.33,19.64,19.64,1,1.98,
KMT-2023-BLG-0182,BLG43N0507.052015,18:04:00.10,-28:17:15.68,60035.37424,18.87,0.201,19.65,19.08,19.08,1,0.88,
KMT-2023-BLG-0183,BLG02M0307.017384,17:57:46.18,-28:05:52.91,60057.68066,75.96,0.019,20.03,18.48,18.48,1,2.09,MB23127 OB230111
KMT-2023-BLG-0184,BLG02M0702.074656,17:55:29.92,-28:43:14.41,60031.5469,6.97,0.387,20.51,20.0,20.5,2,2.29,
KMT-2023-BLG-0185,BLG02T0108.005551,17:53:44.32,-29:05:18.49,60029.84707,10.24,0.049,19.98,16.04,16.04,1,1.9,MB23083
KMT-2023-BLG-0186,BLG02T0207.045380,17:53:24.89,-29:18:08.71,60031.5968,6.06,0.581,19.78,19.2,19.2,1,2.05,
KMT-2023-BLG-0187,BLG03M0803.032486,18:02:13.97,-27:34:03.61,60035.70005,9.86,0.372,19.13,19.05,19.05,1,1.39,MB23100 OB230245
KMT-2023-BLG-0188,BLG04M0402.069760,18:06:24.77,-29:49:30.79,60028.98089,141.95,0.033,24.13,20.0,20.16,1,0.69,
KMT-2023-BLG-0189,BLG14M0305.000606,17:40:12.26,-28:16:16.64,60100.97376,57.09,0.996,17.08,16.34,16.34,2,3.78,OB230323
KMT-2023-BLG-0190,BLG14T0805.066397,17:32:19.48,-29:23:07.87,60042.53544,32.34,0.088,20.76,20.0,21.43,2,2.65,
KMT-2023-BLG-0191,BLG15K0502.004536,17:33:56.99,-26:34:24.53,60030.79784,3.97,0.503,18.52,18.5,18.5,2,2.37,
KMT-2023-BLG-0192,BLG18K0403.079777,17:43:43.90,-26:24:03.64,60031.43239,84.57,0.027,23.3,20.0,21.8,2,3.04,
KMT-2023-BLG-0193,BLG19M0208.000838,17:49:30.21,-23:42:03.74,60033.93849,60.63,0.037,20.73,16.11,16.11,4,2.09,
KMT-2023-BLG-0194,BLG38K0301.013195,17:53:41.41,-22:25:31.22,60029.42205,21.8,0.012,21.85,19.46,19.46,4,2.54,
KMT-2023-BLG-0195,BLG38K0701.014412,17:51:22.18,-22:21:56.09,60049.1394,34.63,0.51,19.09,19.26,19.26,1,2.14,OB230212
KMT-2023-BLG-0196,BLG42T0705.030299,17:50:03.36,-29:36:12.71,60029.02774,2.74,0.6,19.53,19.61,19.61,1,3.17,
KMT-2023-BLG-0197,BLG43M0504.103701,18:03:46.32,-27:31:00.01,60031.5043,32.8,0.059,22.03,20.0,20.77,1,1.12,
KMT-2023-BLG-0198,SAO03K0808.036181,17:57:27.44,-26:59:24.86,60040.84631,73.75,0.01,23.97,20.0,21.92,2,3.63,
KMT-2023-BLG-0199,SAO03N0308.057085,18:05:06.43,-28:01:54.19,60037.77372,40.29,0.13,19.41,19.29,19.29,1,0.97,OB230124
KMT-2023-BLG-0200,BLG04T0202.057180,18:02:56.84,-30:54:57.10,60042.98725,51.17,0.112,20.59,20.0,20.45,1,1.55,MB23112 OB230248
KMT-2023-BLG-0201,BLG04T0705.001565,17:59:48.01,-30:29:59.89,60048.14186,13.26,0.189,16.07,15.54,15.54,1,1.36,MB23102 OB230263
KMT-2023-BLG-0202,BLG11K0405.001571,17:25:21.07,-29:21:34.99,60038.17897,18.3,0.288,20.32,16.16,16.16,1,1.78,OB230267
KMT-2023-BLG-0203,BLG12N0505.005919,17:29:43.88,-28:19:14.88,60061.7891,50.52,0.407,19.03,18.51,18.51,2,2.0,
KMT-2023-BLG-0204,BLG14T0208.025103,17:35:57.93,-29:03:46.84,60033.0965,8.88,0.407,20.43,20.0,20.47,2,0.0,
KMT-2023-BLG-0205,BLG15T0205.049786,17:35:41.42,-27:18:29.02,60034.46576,34.4,0.126,22.07,20.0,20.18,1,2.23,
KMT-2023-BLG-0206,SSO20N0801.001443,17:46:29.24,-23:34:21.79,60074.08223,55.21,0.958,16.83,15.94,15.94,1,1.79,OB230236
KMT-2023-BLG-0207,BLG34M0801.010771,18:04:17.10,-32:06:15.59,60034.52116,5.68,0.748,18.58,18.57,18.57,1,1.11,
KMT-2023-BLG-0208,BLG35T0203.028991,18:03:19.64,-26:38:31.52,60032.37072,7.11,0.299,20.46,20.0,20.65,2,2.68,
KMT-2023-BLG-0209,BLG37M0506.022186,17:46:41.32,-34:35:21.19,60035.80824,9.81,0.399,19.16,19.06,19.06,1,1.56,OB230254
KMT-2023-BLG-0210,BLG41K0203.011384,17:53:05.09,-30:49:53.69,60051.36394,29.33,0.232,17.92,17.76,17.76,1,1.57,MB23091 OB230145
KMT-2023-BLG-0211,BLG43M0504.053834,18:04:02.78,-27:33:29.30,60034.06901,56.04,0.039,22.94,19.36,19.36,1,1.04,
KMT-2023-BLG-0212,BLG01M0204.002450,17:58:33.56,-30:39:57.89,60146.0593,199.99,0.724,16.51,16.31,16.31,1,1.56,MB23106 OB230114
KMT-2023-BLG-0213,SAO02K0405.003499,17:52:03.75,-28:23:47.62,60035.22509,3.73,0.842,17.36,17.33,17.33,2,3.46,
KMT-2023-BLG-0214,BLG14M0205.007788,17:40:50.54,-28:16:10.96,60036.56554,6.19,0.261,18.99,19.0,19.0,2,3.85,OB230261
KMT-2023-BLG-0215,BLG15M0702.091736,17:37:47.94,-26:34:41.38,60032.67141,10.33,0.088,21.15,20.0,22.36,2,2.87,
KMT-2023-BLG-0216,BLG17M0202.066543,17:48:58.68,-33:00:56.12,60033.30126,14.39,0.075,22.54,20.0,21.61,2,2.31,
KMT-2023-BLG-0217,BLG21N0608.007094,17:55:48.52,-35:28:05.99,60040.70509,24.62,0.112,18.15,18.09,18.09,1,0.8,OB230119
KMT-2023-BLG-0218,BLG31N0406.054146,18:16:10.15,-26:10:32.02,60051.12195,48.47,0.479,19.94,20.0,20.15,1,0.86,
KMT-2023-BLG-0219,BLG38N0601.004882,17:56:18.25,-23:34:04.01,60051.52842,47.82,0.04,20.09,19.03,19.03,4,4.81,
KMT-2023-BLG-0220,BLG01K0503.053741,17:51:44.89,-30:48:20.09,60037.42709,20.6,0.084,22.61,19.98,19.98,1,2.35,
KMT-2023-BLG-0221,BLG01N0308.064278,17:57:45.30,-31:16:27.91,60035.47452,17.47,0.46,19.81,20.0,20.32,1,1.63,
KMT-2023-BLG-0222,SAO02N0706.032563,17:55:09.80,-29:26:40.81,60035.22175,40.88,0.054,20.9,18.64,18.64,1,1.46,MB23095
KMT-2023-BLG-0223,BLG02T0502.080379,17:51:35.79,-29:51:45.00,60039.93825,14.75,0.387,20.03,20.0,20.65,1,2.51,
KMT-2023-BLG-0224,SSO03K0207.015074,18:01:08.62,-27:03:33.19,60041.0394,199.81,0.029,23.17,18.78,18.78,1,2.26,
KMT-2023-BLG-0225,SSO03K0401.026381,17:59:54.59,-27:51:52.70,60037.82654,90.58,0.007,22.54,18.97,18.97,1,1.79,MB23103
KMT-2023-BLG-0226,BLG03N0101.028489,18:06:26.88,-28:55:50.81,60037.2229,12.47,0.068,20.77,18.8,18.8,1,0.84,
KMT-2023-BLG-0227,BLG03N0408.003106,18:04:32.45,-28:01:45.80,60038.12143,2.94,0.443,15.86,15.88,15.88,1,1.1,MB23093
KMT-2023-BLG-0228,BLG03N0801.038975,18:02:30.05,-28:55:48.61,60038.78865,7.1,0.63,17.85,18.9,18.9,1,0.92,
KMT-2023-BLG-0229,SAO04T0101.012439,18:03:36.42,-31:06:35.21,60035.29551,9.79,0.521,18.76,18.77,18.77,1,1.42,MB23101
KMT-2023-BLG-0230,BLG11M0105.020816,17:31:49.01,-29:16:05.12,60058.34711,199.94,0.014,20.79,20.0,20.1,2,2.63,
KMT-2023-BLG-0231,BLG11N0104.084400,17:31:49.42,-30:36:07.45,60039.30181,42.78,0.176,21.5,20.0,22.38,2,2.78,
KMT-2023-BLG-0232,SAO11N0707.035978,17:28:43.81,-30:13:55.38,60034.37204,11.14,0.075,20.14,20.0,20.43,2,2.38,
KMT-2023-BLG-0233,BLG13K0308.004081,17:33:01.38,-33:22:56.78,60066.68833,54.7,0.435,19.13,19.15,19.15,2,5.21,
KMT-2023-BLG-0234,BLG14K0107.080093,17:36:18.07,-28:01:20.53,60035.36032,155.65,0.014,24.51,20.0,22.09,2,3.39,
KMT-2023-BLG-0235,BLG14K0608.025034,17:33:20.93,-27:56:19.32,60036.26828,17.43,0.326,20.0,20.0,20.52,2,2.89,
KMT-2023-BLG-0236,BLG14M0707.007579,17:37:53.61,-28:04:20.96,60041.30495,139.87,0.031,22.84,18.96,18.96,2,3.27,
KMT-2023-BLG-0237,BLG14N0301.027664,17:39:56.69,-29:50:11.76,60042.6183,51.79,0.117,22.33,20.0,22.4,2,5.9,
KMT-2023-BLG-0238,SSO14N0705.011707,17:37:36.97,-29:27:40.03,60035.98877,9.13,0.002,19.8,19.9,19.9,2,3.81,OB230223
KMT-2023-BLG-0239,BLG14T0306.036528,17:35:19.41,-29:12:19.55,60037.00613,4.35,0.065,21.83,20.0,21.49,2,3.85,
KMT-2023-BLG-0240,BLG15N0104.027821,17:41:01.63,-27:22:09.84,60036.4756,31.6,0.186,22.45,20.0,20.76,2,3.15,
KMT-2023-BLG-0241,BLG17M0107.004660,17:49:19.54,-32:24:30.42,60062.39893,42.52,0.491,19.1,19.09,19.09,2,3.34,OB230281
KMT-2023-BLG-0242,BLG17N0203.040074,17:48:37.20,-33:58:59.09,60039.88159,37.03,0.01,22.41,19.49,19.49,1,1.43,
KMT-2023-BLG-0243,SSO17N0507.002388,17:46:55.58,-33:32:54.38,60035.40391,6.47,0.036,21.55,16.36,16.36,1,1.92,
KMT-2023-BLG-0244,BLG17T0804.021324,17:39:50.69,-33:51:31.00,60034.02912,14.22,0.829,19.93,20.0,20.57,2,2.97,
KMT-2023-BLG-0245,BLG18T0404.000499,17:43:52.19,-27:18:50.76,60053.53332,13.77,0.336,16.5,16.43,16.43,2,3.75,
KMT-2023-BLG-0246,BLG19M0503.048499,17:47:53.84,-24:19:25.10,60036.26882,18.09,0.008,21.23,20.0,20.75,2,2.24,
KMT-2023-BLG-0247,BLG19N0501.026189,17:47:53.30,-25:36:21.56,60042.52611,61.68,0.129,22.41,20.0,22.38,2,5.59,
KMT-2023-BLG-0248,BLG19T0405.076070,17:43:58.79,-25:13:17.90,60037.97483,31.16,0.083,22.06,20.0,22.45,2,3.15,
KMT-2023-BLG-0249,BLG21N0302.004334,17:57:52.29,-36:12:56.16,60061.07028,51.39,0.439,18.78,18.02,18.02,4,0.69,OB230349
KMT-2023-BLG-0250,BLG22M0303.001988,17:57:56.03,-32:52:08.29,60078.7848,20.69,0.302,16.11,16.13,16.13,1,1.36,MB23126 OB230347
KMT-2023-BLG-0251,BLG22T0607.041967,17:50:51.77,-33:29:35.66,60050.81525,29.62,0.086,19.86,20.0,20.29,2,1.77,MB23121
KMT-2023-BLG-0252,BLG31N0308.002827,18:16:38.07,-25:53:38.29,60043.95244,8.96,0.176,17.25,16.68,16.68,1,0.78,MB23110
KMT-2023-BLG-0253,SSO31N0701.000626,18:14:18.89,-26:49:25.72,60041.67606,17.86,0.541,14.83,14.84,14.84,1,0.77,MB23042 OB230139
KMT-2023-BLG-0254,SAO32K0705.001684,18:07:10.84,-27:21:37.80,60042.91575,29.51,0.379,18.0,15.39,15.39,1,0.89,MB23072 OB230193
KMT-2023-BLG-0255,BLG35K0301.057132,18:02:43.81,-25:46:03.07,60052.96751,38.93,0.711,19.33,20.0,25.0,3,3.63,OB230244
KMT-2023-BLG-0256,BLG35T0401.015638,18:02:12.33,-26:50:34.01,60043.67714,61.87,0.071,21.38,19.14,19.14,1,2.47,OB230289
KMT-2023-BLG-0257,BLG37N0106.016873,17:49:03.92,-35:44:50.10,60037.93366,28.59,0.131,19.94,18.76,18.76,1,0.91,
KMT-2023-BLG-0258,BLG41M0508.039053,17:56:15.37,-30:18:45.40,60037.16162,6.85,0.706,19.12,19.25,19.25,1,1.73,
KMT-2023-BLG-0259,BLG41M0807.035087,17:54:27.97,-30:23:33.00,60035.38065,17.88,0.047,22.63,19.88,19.88,1,2.19,
KMT-2023-BLG-0260,BLG41T0501.001758,17:51:22.55,-32:14:57.80,60040.68956,8.28,0.126,19.94,16.54,16.54,1,2.29,
KMT-2023-BLG-0261,BLG43N0602.040204,18:03:08.84,-28:58:11.21,60056.22412,39.47,0.164,18.77,18.78,18.78,1,0.79,MB23120 OB230187
KMT-2023-BLG-0262,BLG43N0802.017049,18:02:13.45,-28:58:40.19,60054.77832,24.05,0.61,18.55,18.2,18.2,1,0.99,MB23135 OB230246
KMT-2023-BLG-0263,BLG43T0301.091897,18:00:08.95,-29:02:12.91,60038.15643,12.26,0.287,20.15,19.93,19.93,1,0.96,
KMT-2023-BLG-0264,BLG43T0802.018573,17:57:06.56,-28:57:51.98,60053.87621,14.26,0.013,18.45,18.26,18.26,1,1.58,MB23118 OB230303
KMT-2023-BLG-0265,SSO03M0105.024178,18:06:30.87,-27:19:18.01,60041.3015,21.2,0.418,18.92,18.52,18.52,1,0.99,OB230291
KMT-2023-BLG-0266,BLG04M0706.003316,18:04:45.99,-29:20:26.48,60117.57079,66.5,0.944,16.39,16.1,16.1,1,0.92,MB23160 OB230128
KMT-2023-BLG-0267,BLG11N0204.051231,17:31:34.47,-30:32:35.66,60040.51683,19.59,0.193,21.07,20.0,21.24,2,2.93,
KMT-2023-BLG-0268,BLG12K0804.014387,17:22:57.94,-27:17:10.61,60037.12164,33.4,0.201,22.04,20.0,20.33,2,-9.99,
KMT-2023-BLG-0269,BLG12M0301.015541,17:30:44.73,-27:41:08.63,60033.09375,49.08,0.271,20.41,19.7,19.7,2,2.27,
KMT-2023-BLG-0270,BLG17T0703.030928,17:40:25.60,-34:01:27.30,60041.26787,91.65,0.118,22.16,20.0,20.58,2,2.55,
KMT-2023-BLG-0271,BLG18M0507.011895,17:48:20.34,-25:55:01.56,60037.84837,4.53,0.215,20.03,20.0,21.09,4,5.56,
KMT-2023-BLG-0272,BLG19T0508.029173,17:43:18.08,-24:49:55.74,60037.82828,54.9,0.439,20.5,20.0,20.66,2,2.7,
KMT-2023-BLG-0273,BLG20K0708.027563,17:42:06.89,-21:35:01.21,60045.29994,20.09,0.03,19.82,19.65,19.65,1,1.34,OB230230
KMT-2023-BLG-0274,BLG20N0505.049742,17:47:59.05,-23:05:39.19,60037.51002,28.64,0.036,21.86,20.0,20.0,1,1.8,
KMT-2023-BLG-0275,BLG20T0703.068449,17:42:31.24,-23:14:24.32,60040.47557,32.17,0.085,21.44,20.0,21.8,2,1.76,
KMT-2023-BLG-0276,BLG22M0404.001881,17:57:19.08,-32:41:21.19,60082.61645,31.12,0.83,16.46,15.98,15.98,1,1.45,MB23132 OB230326
KMT-2023-BLG-0277,BLG41K0502.015050,17:51:22.45,-31:03:45.11,60054.13205,67.65,0.072,21.3,19.04,19.04,1,2.51,MB23138
KMT-2023-BLG-0278,BLG42M0207.001096,17:57:50.28,-28:16:35.69,60036.36329,3.09,0.57,18.8,15.04,15.04,1,1.65,
KMT-2023-BLG-0279,SAO01K0206.055407,17:53:34.26,-30:24:17.78,60043.00885,11.61,0.279,19.77,19.65,19.65,1,1.64,
KMT-2023-BLG-0280,BLG01M0507.030524,17:56:40.81,-30:13:27.70,60072.57087,190.5,0.039,19.35,19.1,19.1,1,1.66,MB23151 OB230115
KMT-2023-BLG-0281,BLG01M0806.044340,17:54:57.61,-30:23:19.72,60059.9084,42.2,0.19,20.23,20.0,20.5,1,2.15,OB230392
KMT-2023-BLG-0282,SAO01N0505.021746,17:56:39.64,-31:34:52.61,60057.86383,37.73,0.206,20.05,19.04,19.04,1,1.7,OB230346
KMT-2023-BLG-0283,BLG02K0107.005638,17:54:02.82,-28:06:17.93,60042.38465,64.78,0.099,22.43,18.47,18.47,2,4.01,
KMT-2023-BLG-0284,BLG02M0305.057522,17:57:50.62,-28:20:17.48,60039.35014,11.69,0.068,20.93,19.42,19.42,1,1.61,
KMT-2023-BLG-0285,BLG02M0605.020458,17:55:56.03,-28:26:15.11,60049.23737,16.37,0.626,19.38,19.48,19.48,2,2.86,OB230298
KMT-2023-BLG-0286,SAO02T0603.010816,17:51:12.52,-29:49:36.98,60046.77909,7.02,0.525,17.89,17.98,17.98,1,3.38,OB230288
KMT-2023-BLG-0287,BLG02T0605.060452,17:51:07.30,-29:30:05.94,60044.77732,48.24,0.256,20.59,20.0,22.41,2,3.38,
KMT-2023-BLG-0288,BLG04T0404.060962,18:01:52.93,-30:42:34.81,60039.63565,4.54,0.082,21.07,19.94,19.94,1,1.25,
KMT-2023-BLG-0289,BLG04T0404.067617,18:01:34.92,-30:38:08.41,60047.3578,17.98,0.194,19.79,20.0,20.14,1,1.22,
KMT-2023-BLG-0290,BLG04T0604.015775,18:00:23.52,-30:41:34.69,60048.55319,39.12,0.957,18.65,18.69,18.69,1,1.49,
KMT-2023-BLG-0291,SAO14K0201.002518,17:36:06.78,-28:46:40.04,60038.4449,3.16,0.635,18.65,17.59,17.59,2,2.94,
KMT-2023-BLG-0292,BLG14N0502.040999,17:38:52.61,-29:44:49.63,60039.92324,12.92,0.072,22.73,20.0,22.34,2,5.07,
KMT-2023-BLG-0293,BLG15N0208.003250,17:40:53.70,-26:50:08.02,60088.56721,50.33,0.437,18.32,18.26,18.26,2,3.46,OB230296
KMT-2023-BLG-0294,BLG16K0204.001505,17:35:55.84,-24:11:55.82,60050.80539,40.74,0.998,18.45,17.15,17.15,2,2.38,OB230319
KMT-2023-BLG-0295,BLG16N0306.012048,17:40:18.70,-25:04:21.11,60039.82422,114.38,0.009,23.36,19.91,19.91,2,2.86,
KMT-2023-BLG-0296,BLG16N0608.023107,17:38:23.31,-24:44:59.50,60039.09031,46.17,0.109,22.54,20.0,20.19,2,2.16,
KMT-2023-BLG-0297,BLG17K0304.028194,17:42:59.67,-32:46:02.10,60040.07244,6.27,0.715,20.07,20.0,21.34,2,3.87,
KMT-2023-BLG-0298,BLG17K0606.017142,17:41:22.39,-32:30:11.84,60037.61929,10.26,0.151,22.21,20.0,21.04,2,4.45,
KMT-2023-BLG-0299,BLG17M0204.003468,17:48:48.98,-32:45:07.49,60046.37446,171.32,0.007,22.84,17.53,17.53,1,2.77,
KMT-2023-BLG-0300,BLG17N0408.015241,17:47:28.26,-33:19:17.29,60038.95789,2.11,0.271,19.07,18.78,18.78,1,2.04,
KMT-2023-BLG-0301,BLG18K0408.101100,17:43:56.35,-25:45:35.71,60046.99009,59.27,0.208,21.52,20.0,25.0,3,2.81,
KMT-2023-BLG-0302,SSO18K0606.010790,17:43:01.37,-26:01:00.66,60031.06523,123.01,0.002,19.75,19.3,19.3,2,2.77,OB230076
KMT-2023-BLG-0303,BLG18K0802.001163,17:41:40.72,-26:29:44.41,60040.18791,2.92,0.588,20.32,17.23,17.23,2,3.26,
KMT-2023-BLG-0304,SAO18M0503.012092,17:47:52.86,-26:24:36.97,60039.01576,11.82,0.093,23.25,20.0,20.55,3,4.69,
KMT-2023-BLG-0305,BLG18M0801.015769,17:46:27.48,-26:37:37.13,60051.0056,25.6,0.497,20.0,20.0,20.39,2,4.17,
KMT-2023-BLG-0306,BLG20M0307.013755,17:48:57.64,-21:39:08.93,60043.32363,27.62,0.362,20.53,19.73,19.73,4,2.24,
KMT-2023-BLG-0307,BLG20N0604.025818,17:47:32.34,-23:11:35.48,60037.65748,6.77,1.0,18.91,19.06,19.06,1,1.59,
KMT-2023-BLG-0308,BLG20T0608.005834,17:42:47.82,-22:42:12.31,60046.13262,26.04,0.595,19.05,18.11,18.11,1,1.58,
KMT-2023-BLG-0309,BLG31K0806.041538,18:09:24.25,-25:04:00.08,60040.96674,19.33,0.378,21.08,20.0,20.15,1,1.82,
KMT-2023-BLG-0310,BLG31N0406.041087,18:16:07.18,-26:09:05.29,60037.11622,14.05,0.716,19.53,19.62,19.62,1,0.86,
KMT-2023-BLG-0311,BLG31N0602.002138,18:15:17.71,-26:39:59.40,60038.78252,12.98,0.178,19.78,16.25,16.25,1,0.83,OB230273
KMT-2023-BLG-0312,BLG37T0208.003313,17:43:21.15,-35:31:49.80,60049.97505,24.49,0.894,17.67,17.64,17.64,2,1.97,
KMT-2023-BLG-0313,BLG01T0302.079007,17:52:59.12,-32:00:53.24,60040.44881,3.45,0.175,21.89,20.0,25.0,3,2.0,
KMT-2023-BLG-0314,BLG03T0702.096063,17:58:18.50,-28:45:28.01,60040.62969,15.42,0.627,19.39,20.0,20.12,1,1.3,
KMT-2023-BLG-0315,BLG04N0402.018469,18:06:41.76,-30:52:37.81,60059.46178,25.83,0.491,19.12,18.89,18.89,1,0.96,OB230396
KMT-2023-BLG-0316,BLG11T0107.094045,17:26:55.82,-30:12:10.19,60043.18722,10.64,0.187,20.42,20.0,25.0,3,2.61,
KMT-2023-BLG-0317,BLG12M0505.026100,17:29:41.06,-27:12:49.18,60042.4571,49.57,0.383,21.06,20.0,21.01,2,2.89,
KMT-2023-BLG-0318,BLG14T0605.094156,17:33:44.59,-29:20:20.94,60042.50405,15.55,0.296,21.13,20.0,22.54,2,2.6,
KMT-2023-BLG-0319,BLG17M0803.006647,17:44:47.94,-32:50:21.44,60058.74208,19.9,0.659,19.05,19.0,19.0,2,3.46,OB230369
KMT-2023-BLG-0320,BLG18T0604.099840,17:42:57.35,-27:24:29.23,60042.28453,4.65,0.768,19.85,20.0,25.0,3,3.65,
KMT-2023-BLG-0321,BLG32N0608.075101,18:12:47.14,-28:04:53.69,60036.20133,10.59,0.242,20.08,20.0,20.57,1,0.52,
KMT-2023-BLG-0322,SAO35N0207.011782,18:08:24.32,-26:02:01.61,60054.24082,46.16,0.79,18.33,18.46,18.46,1,1.6,MB23155 OB230151
KMT-2023-BLG-0323,BLG35N0304.005577,18:07:29.17,-26:24:18.29,60071.35163,199.58,0.019,21.8,17.4,17.4,1,1.67,MB23172 OB230272
KMT-2023-BLG-0324,BLG38T0404.013382,17:52:49.20,-23:07:52.68,60096.62058,128.2,0.195,19.21,19.22,19.22,4,2.43,OB230211
KMT-2023-BLG-0325,BLG42K0401.053588,17:52:02.25,-28:59:43.37,60044.52335,12.45,0.025,21.18,20.0,21.0,2,3.19,
KMT-2023-BLG-0326,SAO43K0205.001698,18:00:37.72,-27:22:52.10,60053.95922,63.18,0.106,21.37,15.56,15.56,1,1.58,
KMT-2023-BLG-0327,BLG43K0205.011932,18:00:52.36,-27:27:53.78,60040.96396,3.16,0.857,18.78,17.93,17.93,1,1.64,
KMT-2023-BLG-0328,SAO43K0302.021738,18:00:05.23,-27:48:08.89,60040.43753,1.22,0.405,19.41,18.68,18.68,1,1.71,
KMT-2023-BLG-0329,BLG01T0207.029769,17:53:32.57,-31:19:46.49,60042.25592,2.66,0.263,19.29,19.4,19.4,1,1.91,
KMT-2023-BLG-0330,BLG01T0404.045413,17:52:16.78,-31:49:03.50,60043.51246,9.77,0.193,21.41,20.0,20.18,1,2.35,
KMT-2023-BLG-0331,BLG02K0203.041290,17:53:28.06,-28:36:23.83,60045.58069,9.32,0.402,19.81,20.0,20.36,2,2.69,
KMT-2023-BLG-0332,BLG03M0606.030643,18:03:33.63,-27:13:20.60,60047.73762,199.1,0.029,23.37,19.33,19.33,1,1.86,OB230317
KMT-2023-BLG-0333,BLG03T0403.022266,17:59:55.27,-28:41:33.00,60050.09612,11.54,0.075,19.23,18.21,18.21,1,1.27,MB23116 OB230304
KMT-2023-BLG-0334,BLG11K0402.038829,17:25:18.53,-29:39:39.82,60043.05224,16.63,0.491,20.67,20.0,20.73,2,2.03,
KMT-2023-BLG-0335,BLG14T0306.046607,17:35:22.58,-29:14:11.47,60041.99137,25.26,0.206,21.92,20.0,21.74,2,4.0,
KMT-2023-BLG-0336,BLG15N0504.027787,17:38:59.98,-27:20:53.52,60050.67823,155.79,0.05,22.56,19.95,19.95,2,2.38,
KMT-2023-BLG-0337,BLG15T0403.037631,17:34:45.41,-27:33:47.56,60043.37054,8.41,0.099,21.71,20.0,20.85,3,2.66,
KMT-2023-BLG-0338,SAO17T0805.062389,17:40:17.49,-33:46:51.10,60041.31454,28.15,0.021,22.11,20.0,21.97,2,3.03,
KMT-2023-BLG-0339,SSO18K0504.004353,17:43:04.90,-26:13:35.00,60061.2466,33.07,0.912,17.83,17.83,17.83,2,3.01,OB230213
KMT-2023-BLG-0340,BLG18T0801.099002,17:41:43.62,-27:41:12.73,60045.33683,16.67,0.153,21.64,20.0,25.0,3,3.56,
KMT-2023-BLG-0341,BLG22M0402.059544,17:57:24.08,-32:57:59.40,60043.6137,12.15,0.002,21.71,20.0,20.1,1,1.32,
KMT-2023-BLG-0342,BLG31T0504.022728,18:10:55.48,-26:25:55.49,60044.99469,45.17,0.605,19.01,18.68,18.68,1,0.98,OB230231
KMT-2023-BLG-0343,BLG32N0401.057316,18:13:56.57,-28:52:57.86,60049.39499,17.49,0.104,19.77,20.0,20.68,3,0.45,
KMT-2023-BLG-0344,BLG35N0408.034250,18:07:02.81,-25:58:14.20,60061.3066,20.37,0.253,19.38,19.45,19.45,1,1.54,MB23145 OB230417
KMT-2023-BLG-0345,SSO41M0601.010589,17:55:48.97,-31:04:44.90,60040.88969,26.51,0.207,17.99,17.88,17.88,1,1.42,MB23087 OB230117
KMT-2023-BLG-0346,BLG43T0408.022597,17:59:33.14,-28:10:25.72,60046.29844,41.51,0.02,21.95,18.48,18.48,1,1.64,OB230299
KMT-2023-BLG-0347,BLG11K0407.051809,17:25:28.02,-29:08:10.39,60046.79879,82.92,0.002,23.93,20.0,20.4,1,1.85,
KMT-2023-BLG-0348,SSO13N0704.000381,17:35:55.98,-34:57:36.11,60066.47127,49.93,0.279,16.41,16.12,16.12,2,3.51,
KMT-2023-BLG-0349,BLG15T0306.014566,17:35:13.87,-27:10:11.71,60042.84448,84.21,0.024,23.82,18.76,18.76,1,2.09,
KMT-2023-BLG-0350,BLG18T0208.001831,17:45:07.50,-26:51:01.55,60073.92186,27.84,0.996,17.91,17.41,17.41,2,3.35,
KMT-2023-BLG-0351,BLG31N0301.000222,18:16:59.62,-26:52:52.61,60068.44143,56.4,0.575,16.0,14.04,14.04,1,0.71,OB230308
KMT-2023-BLG-0352,BLG31T0802.000178,18:09:14.77,-26:40:41.30,60078.31049,21.87,0.505,13.94,13.92,13.92,1,1.26,OB230340
KMT-2023-BLG-0353,BLG33K0307.026220,18:11:42.42,-29:11:20.11,60052.49813,15.32,0.473,18.87,18.88,18.88,1,0.54,OB230320
KMT-2023-BLG-0354,BLG35T0202.000458,18:03:37.53,-26:45:15.30,60075.60306,46.36,0.985,16.1,15.15,15.15,3,2.05,MB23129 OB230101
KMT-2023-BLG-0355,BLG42T0706.037522,17:50:18.46,-29:34:31.58,60044.51312,9.56,0.094,21.78,20.0,20.2,1,3.09,
KMT-2023-BLG-0356,BLG17N0405.053802,17:47:47.84,-33:42:23.80,60053.49116,39.94,0.153,20.78,20.0,20.96,1,1.91,OB230399
KMT-2023-BLG-0357,BLG14M0304.010646,17:40:09.16,-28:25:46.56,60088.01566,56.43,0.156,19.75,19.59,19.59,4,4.06,OB230468
KMT-2023-BLG-0358,BLG01K0101.089017,17:54:01.94,-31:03:01.22,60048.01426,27.31,0.015,21.35,20.0,25.0,3,2.17,
KMT-2023-BLG-0359,BLG01K0304.039030,17:52:54.09,-30:41:53.02,60056.70619,23.58,0.293,20.22,19.59,19.59,1,2.01,
KMT-2023-BLG-0360,BLG01M0107.042419,17:59:06.33,-30:12:31.00,60046.01373,4.61,0.091,19.54,19.5,19.5,1,1.62,
KMT-2023-BLG-0361,BLG01M0302.020074,17:57:54.81,-30:51:23.90,60050.96507,16.01,0.379,19.75,18.73,18.73,1,1.34,OB230359
KMT-2023-BLG-0362,BLG01M0502.065388,17:56:40.53,-30:55:35.11,60053.79959,30.42,0.038,21.98,19.61,19.61,1,1.33,MB23134
KMT-2023-BLG-0363,BLG01M0702.010154,17:55:22.39,-30:55:27.59,60045.72843,56.51,0.068,21.06,17.61,17.61,1,1.24,
KMT-2023-BLG-0364,BLG01N0408.023556,17:57:13.81,-31:13:03.22,60073.39029,82.15,0.255,20.13,18.85,18.85,1,1.24,OB230278
KMT-2023-BLG-0365,BLG02K0202.055813,17:53:35.88,-28:47:04.09,60102.44882,199.89,0.386,20.64,20.0,20.47,2,2.03,
KMT-2023-BLG-0366,BLG02K0204.083017,17:53:20.32,-28:33:52.63,60049.99769,12.51,0.058,21.3,20.0,21.99,2,2.65,
KMT-2023-BLG-0367,BLG02K0204.098228,17:53:39.07,-28:28:28.70,60048.64204,60.87,0.108,19.8,20.0,25.0,3,2.42,OB230104
KMT-2023-BLG-0368,BLG02K0702.008788,17:50:45.78,-28:45:08.50,60050.28505,6.2,0.008,20.06,19.96,19.96,2,5.48,OB230297
KMT-2023-BLG-0369,BLG02M0105.057787,17:58:39.78,-28:20:41.89,60084.09875,76.57,0.216,19.69,19.3,19.3,1,1.39,OB230314
KMT-2023-BLG-0370,BLG02N0605.026105,17:56:11.85,-29:30:07.70,60049.20739,18.85,0.287,20.31,18.64,18.64,1,1.81,OB230316
KMT-2023-BLG-0371,BLG02T0203.063458,17:53:35.37,-29:47:38.18,60050.88252,37.55,0.038,22.75,19.33,19.33,1,1.56,
KMT-2023-BLG-0372,BLG02T0302.021076,17:52:39.24,-29:53:53.99,60053.14116,7.23,0.643,19.16,18.42,18.42,1,2.09,OB230331
KMT-2023-BLG-0373,BLG02T0401.051397,17:52:28.92,-30:04:53.90,60046.39531,22.64,0.105,21.66,19.71,19.71,1,1.86,
KMT-2023-BLG-0374,BLG03K0304.046030,18:00:29.56,-27:22:58.58,60050.49228,8.05,0.278,19.61,19.34,19.34,1,1.61,
KMT-2023-BLG-0375,BLG03K0705.052871,17:58:13.75,-27:19:56.57,60072.8971,66.49,0.022,21.02,20.0,21.16,2,3.06,MB23174
KMT-2023-BLG-0376,BLG03M0703.020127,18:02:51.53,-27:30:12.60,60075.65025,78.68,0.079,19.55,18.55,18.55,1,1.45,MB23150 OB230226
KMT-2023-BLG-0377,SAO03T0407.066478,17:59:54.55,-28:11:42.61,60063.08087,42.15,0.003,20.52,19.43,19.43,1,1.26,MB23141 OB230345
KMT-2023-BLG-0378,BLG03T0501.039769,17:59:17.11,-28:56:38.51,60046.49591,10.57,0.107,20.52,18.66,18.66,1,1.01,OB230301
KMT-2023-BLG-0379,BLG04K0203.091355,18:03:05.12,-29:44:17.99,60051.61891,14.57,0.114,19.94,20.0,20.85,2,0.86,MB23119 MB23123 OB230363
KMT-2023-BLG-0380,SAO04M0405.054852,18:06:29.41,-29:22:33.10,60049.579,14.17,0.006,22.43,19.81,19.81,1,1.07,
KMT-2023-BLG-0381,BLG04M0706.016649,18:04:54.94,-29:17:41.39,60052.80316,22.14,0.149,18.77,18.19,18.19,1,0.87,
KMT-2023-BLG-0382,BLG04T0508.022290,18:01:13.28,-30:09:18.22,60070.04102,40.8,0.008,19.28,18.52,18.52,1,1.0,MB23147
KMT-2023-BLG-0383,BLG04T0703.000984,17:59:49.42,-30:47:24.40,60093.34304,27.42,0.999,16.22,15.54,15.54,1,1.61,MB23188 OB230485
KMT-2023-BLG-0384,SSO11K0606.036076,17:24:26.33,-29:14:06.68,60048.7252,2.49,0.113,20.07,19.68,19.68,1,1.44,
KMT-2023-BLG-0385,BLG11K0608.001406,17:23:57.78,-28:59:49.02,60073.63491,74.66,0.03,20.56,16.89,16.89,2,2.19,OB230366
KMT-2023-BLG-0386,BLG11M0802.023744,17:27:49.06,-29:44:39.41,60047.65494,198.83,0.03,23.06,19.46,19.46,1,2.06,
KMT-2023-BLG-0387,BLG12K0206.022043,17:26:44.98,-27:03:37.08,60044.97969,29.62,0.253,20.85,20.0,20.72,2,2.36,
KMT-2023-BLG-0388,SAO14K0402.014202,17:34:47.67,-28:42:57.85,60052.2537,35.09,0.123,19.91,19.92,19.92,2,3.05,OB230269
KMT-2023-BLG-0389,BLG14K0407.019598,17:34:46.30,-28:00:04.54,60052.08715,6.84,0.677,20.06,20.0,20.16,2,2.91,
KMT-2023-BLG-0390,BLG14K0705.088624,17:33:11.80,-28:13:41.45,60050.8335,6.48,0.297,21.03,20.0,21.72,2,2.44,
KMT-2023-BLG-0391,BLG14K0706.095678,17:33:14.11,-28:06:32.80,60052.28888,12.14,0.817,20.08,20.0,22.36,2,2.62,
KMT-2023-BLG-0392,BLG14N0804.019809,17:37:27.27,-29:29:32.75,60097.64873,132.3,0.076,20.82,20.0,20.45,2,3.58,OB230457
KMT-2023-BLG-0393,BLG14T0104.009142,17:36:28.89,-29:32:40.38,60042.20884,69.15,0.237,21.76,19.17,19.17,2,3.72,
KMT-2023-BLG-0394,BLG14T0105.049151,17:36:09.01,-29:27:06.30,60054.76207,16.16,0.213,20.05,20.0,21.24,2,2.96,OB230412
KMT-2023-BLG-0395,BLG14T0307.012370,17:35:26.79,-29:09:30.10,60057.01301,39.38,0.062,20.31,20.0,20.02,2,3.44,
KMT-2023-BLG-0396,BLG15K0203.016964,17:35:57.43,-26:22:38.14,60048.72622,4.5,0.724,19.95,20.0,20.46,2,3.04,
KMT-2023-BLG-0397,BLG15N0201.101464,17:40:38.00,-27:48:39.42,60050.30257,6.44,0.119,20.72,20.0,22.84,2,3.18,
KMT-2023-BLG-0398,BLG15N0306.097961,17:40:22.07,-27:12:43.70,60050.26544,9.81,0.005,21.78,20.0,22.05,2,3.03,
KMT-2023-BLG-0399,BLG15N0606.085054,17:38:07.15,-27:12:13.07,60048.59342,36.98,0.062,22.34,20.0,21.82,2,3.03,
KMT-2023-BLG-0400,SSO15N0706.011998,17:37:59.93,-27:05:34.51,60050.02098,10.5,0.236,19.46,19.44,19.44,2,2.84,
KMT-2023-BLG-0401,BLG15N0802.094190,17:37:28.48,-27:39:55.40,60049.55813,14.29,0.037,22.61,20.0,25.0,3,3.52,
KMT-2023-BLG-0402,BLG15T0203.008718,17:35:38.04,-27:30:39.35,60051.21451,82.89,0.051,22.14,19.09,19.09,2,2.6,OB230350
KMT-2023-BLG-0403,BLG16M0502.032343,17:39:12.24,-24:26:21.05,60049.24171,21.83,0.181,20.02,20.0,20.17,2,1.88,
KMT-2023-BLG-0404,BLG16N0203.060751,17:40:40.19,-25:25:38.06,60049.24594,12.49,0.012,21.38,20.0,21.37,2,2.44,
KMT-2023-BLG-0405,SSO17K0601.077284,17:40:59.76,-33:07:25.93,60051.08388,23.22,0.32,20.58,20.0,22.48,2,3.4,OB230284
KMT-2023-BLG-0406,SSO17N0705.010998,17:45:44.55,-33:44:47.18,60053.17227,50.03,0.009,21.15,18.17,18.17,1,1.63,MB23122 OB230400
KMT-2023-BLG-0407,BLG17T0604.002030,17:41:23.22,-33:49:25.54,60054.60985,16.63,0.206,20.35,17.02,17.02,2,2.17,
KMT-2023-BLG-0408,SAO18K0103.011970,17:45:48.27,-26:22:12.22,60068.12571,32.35,0.283,20.02,19.94,19.94,2,3.88,
KMT-2023-BLG-0409,BLG18M0304.015724,17:49:20.23,-26:11:41.14,60054.03468,18.21,0.012,22.03,20.0,22.25,3,6.66,
KMT-2023-BLG-0410,BLG18T0107.006582,17:45:24.05,-26:56:06.79,60050.72744,5.72,0.039,19.02,19.05,19.05,2,3.62,
KMT-2023-BLG-0411,BLG18T0202.021276,17:44:52.51,-27:37:12.22,60058.7745,72.66,0.091,22.4,20.0,22.47,3,6.67,
KMT-2023-BLG-0412,BLG18T0204.004755,17:45:15.90,-27:20:57.05,60064.41296,126.65,0.041,22.51,20.0,20.0,2,5.38,
KMT-2023-BLG-0413,BLG18T0607.027394,17:42:33.11,-27:01:34.00,60051.46265,32.35,0.183,21.61,20.0,21.04,2,3.93,
KMT-2023-BLG-0414,BLG18T0703.005246,17:42:15.40,-27:32:06.22,60080.44758,25.79,0.814,18.1,18.16,18.16,2,3.41,OB230465
KMT-2023-BLG-0415,BLG19M0602.008802,17:47:38.85,-24:22:43.54,60070.57167,22.55,0.226,18.68,18.69,18.69,2,2.3,
KMT-2023-BLG-0416,BLG19T0206.025781,17:45:17.77,-25:04:46.16,60053.83485,19.23,0.043,20.81,20.0,20.68,2,3.02,OB230402
KMT-2023-BLG-0417,SSO19T0404.081489,17:44:01.95,-25:15:34.27,60048.28296,9.58,0.017,22.39,20.0,22.21,2,3.02,
KMT-2023-BLG-0418,BLG19T0803.020695,17:41:51.59,-25:24:32.44,60051.05813,28.0,0.2,21.28,20.0,20.26,2,2.79,
KMT-2023-BLG-0419,BLG20N0401.025741,17:48:47.33,-23:34:50.09,60063.12036,71.14,0.039,20.48,20.0,20.17,2,1.83,OB230368
KMT-2023-BLG-0420,BLG20N0501.013601,17:48:00.96,-23:29:50.64,60057.94898,16.67,0.556,19.17,19.26,19.26,2,1.67,OB230419
KMT-2023-BLG-0421,BLG20N0507.027056,17:47:46.99,-22:43:34.39,60048.63708,24.7,0.398,19.62,19.35,19.35,1,1.84,OB230329
KMT-2023-BLG-0422,BLG20T0206.001591,17:44:56.69,-22:51:37.80,60079.01825,23.23,0.376,16.55,16.57,16.57,2,1.8,OB230367
KMT-2023-BLG-0423,BLG21K0306.058547,17:52:32.60,-34:40:13.51,60060.11563,34.62,0.269,20.2,19.93,19.93,1,0.8,OB230391
KMT-2023-BLG-0424,BLG21N0304.002753,17:57:54.88,-36:00:42.88,60084.66662,37.22,0.196,17.19,17.41,17.41,3,0.6,
KMT-2023-BLG-0425,BLG21T0508.045824,17:51:23.34,-35:30:09.79,60055.40271,46.86,0.266,20.83,19.73,19.73,1,0.73,OB230398
KMT-2023-BLG-0426,BLG22K0201.022742,17:53:30.11,-33:07:45.59,60076.43749,45.79,0.09,19.39,19.04,19.04,1,1.31,MB23170
KMT-2023-BLG-0427,BLG22M0506.003313,17:56:46.06,-32:32:34.12,60121.94617,98.18,0.455,16.57,16.62,16.62,1,1.43,MB23059 OB230096
KMT-2023-BLG-0428,BLG22T0103.023023,17:53:49.13,-34:01:26.90,60052.88263,10.35,0.184,18.92,19.04,19.04,1,1.28,MB23125
KMT-2023-BLG-0429,BLG31M0402.001291,18:16:05.27,-25:34:13.51,60096.8766,184.45,0.005,19.82,15.58,15.58,1,0.99,MB23108 OB230249
KMT-2023-BLG-0430,BLG32K0406.006801,18:09:16.29,-27:13:02.32,60049.00899,6.13,0.766,18.64,17.67,17.67,1,1.32,
KMT-2023-BLG-0431,BLG33M0406.012516,18:16:14.65,-29:17:57.41,60064.39141,48.98,0.26,19.62,18.38,18.38,1,0.53,OB230341
KMT-2023-BLG-0432,BLG34K0101.042635,18:03:39.32,-31:59:32.60,60061.23564,24.86,0.181,19.93,19.82,19.82,1,0.96,
KMT-2023-BLG-0433,BLG35K0102.006017,18:03:54.94,-25:39:22.25,60049.75485,50.08,0.377,20.24,18.68,18.68,2,3.33,OB230295
KMT-2023-BLG-0434,BLG35N0307.064266,18:07:22.24,-26:05:01.50,60046.83968,22.6,0.259,21.41,20.0,20.28,1,1.68,
KMT-2023-BLG-0435,BLG35T0105.053546,18:03:42.51,-26:22:17.22,60048.05362,70.82,0.044,21.84,20.0,21.46,3,2.88,
KMT-2023-BLG-0436,BLG36K0305.001950,18:14:23.33,-23:05:02.00,60068.60436,29.9,1.0,17.06,17.05,17.05,4,1.98,OB230275 OB230547
KMT-2023-BLG-0437,BLG37T0207.015077,17:43:18.66,-35:37:28.85,60064.84278,64.61,0.054,21.49,19.65,19.65,2,1.99,OB230464
KMT-2023-BLG-0438,BLG38K0305.009680,17:53:18.44,-21:56:47.26,60045.12907,16.25,0.313,20.03,18.78,18.78,4,2.17,
KMT-2023-BLG-0439,BLG38K0402.013457,17:52:51.20,-22:16:42.82,60047.43101,11.56,0.9,19.17,18.78,18.78,1,1.9,
KMT-2023-BLG-0440,BLG41K0105.017439,17:53:50.67,-30:38:30.70,60054.57549,23.39,0.015,20.83,18.7,18.7,1,1.54,MB23130
KMT-2023-BLG-0441,BLG41K0504.037867,17:51:17.62,-30:46:07.00,60052.22773,54.52,0.154,21.97,19.65,19.65,1,2.26,
KMT-2023-BLG-0442,BLG41K0702.010581,17:50:20.31,-31:01:20.21,60120.70237,110.69,0.431,19.43,19.27,19.27,2,2.89,OB230397
KMT-2023-BLG-0443,BLG41K0702.067166,17:50:23.33,-31:04:38.06,60049.53874,8.36,0.162,20.41,20.0,22.08,2,3.32,
KMT-2023-BLG-0444,BLG41M0402.010489,17:56:45.56,-31:00:43.60,60071.62011,199.99,0.002,22.58,17.8,17.8,1,1.16,MB23140 OB230360
KMT-2023-BLG-0445,BLG41N0504.024165,17:56:21.11,-31:52:22.51,60073.84954,37.54,0.075,19.23,18.88,18.88,1,1.17,OB230393
KMT-2023-BLG-0446,BLG41N0806.007102,17:54:22.29,-31:39:51.59,60102.95239,39.81,0.298,17.61,17.45,17.45,1,1.52,MB23158 OB230394
KMT-2023-BLG-0447,BLG42K0505.015694,17:51:18.02,-28:31:47.68,60081.99881,37.98,0.196,19.21,19.27,19.27,2,3.54,OB230330
KMT-2023-BLG-0448,BLG42M0305.002608,17:57:15.95,-28:31:12.50,60048.22776,7.23,0.996,18.64,15.94,15.94,1,1.84,
KMT-2023-BLG-0449,SSO42T0101.063462,17:53:57.39,-30:12:33.23,60048.05843,21.99,0.007,21.92,19.68,19.68,2,1.46,MB23115
KMT-2023-BLG-0450,BLG43M0305.028179,18:05:11.37,-27:24:07.20,60050.27678,13.35,0.707,18.4,18.65,18.65,1,0.86,OB230305
KMT-2023-BLG-0451,BLG43N0807.074589,18:02:09.32,-28:20:08.70,60051.78359,116.91,0.062,22.52,19.61,19.61,1,1.08,OB230334
KMT-2023-BLG-0452,BLG01K0203.031638,17:53:26.21,-30:47:20.40,60053.03972,19.92,0.839,19.47,19.37,19.37,1,1.84,
KMT-2023-BLG-0453,BLG02M0806.026189,17:54:40.40,-28:13:45.44,60085.50742,96.15,0.021,22.51,19.96,19.96,2,2.69,
KMT-2023-BLG-0454,BLG11K0306.016308,17:26:04.76,-29:08:37.10,60067.99202,36.76,0.13,20.3,19.2,19.2,1,1.94,OB230437
KMT-2023-BLG-0455,BLG11N0805.041204,17:28:04.55,-30:24:28.58,60052.32597,2.16,0.329,20.05,20.0,21.22,2,2.83,
KMT-2023-BLG-0456,BLG12N0301.005695,17:31:06.36,-28:52:46.24,60051.39772,1.88,0.076,18.97,18.51,18.51,2,2.65,
KMT-2023-BLG-0457,BLG14K0101.003645,17:36:16.62,-28:49:55.88,60076.46914,21.6,0.882,17.8,17.85,17.85,2,3.12,OB230438
KMT-2023-BLG-0458,BLG15N0506.001534,17:39:06.70,-27:12:12.92,60087.74802,22.39,0.78,17.07,17.05,17.05,2,2.53,OB230466
KMT-2023-BLG-0459,BLG15T0306.022515,17:35:05.62,-27:09:51.91,60050.9426,24.7,0.165,22.19,19.17,19.17,1,2.08,
KMT-2023-BLG-0460,BLG17T0605.077087,17:41:09.69,-33:48:10.30,60056.36497,29.24,0.046,21.37,20.0,21.48,2,2.15,
KMT-2023-BLG-0461,BLG19K0205.012470,17:45:11.72,-24:01:30.00,60069.56121,17.89,0.18,18.31,18.55,18.55,1,1.84,OB230401
KMT-2023-BLG-0462,BLG19N0602.018589,17:47:28.70,-25:31:41.56,60057.15779,13.84,0.289,20.91,20.0,21.51,2,4.55,
KMT-2023-BLG-0463,BLG21K0606.049108,17:50:55.55,-34:40:01.49,60063.10333,22.17,0.423,19.6,19.63,19.63,1,0.94,
KMT-2023-BLG-0464,BLG22M0202.050373,17:58:16.09,-32:58:04.91,60072.81448,41.72,0.584,19.83,20.0,20.2,1,1.39,
KMT-2023-BLG-0465,BLG22N0406.008919,17:57:06.00,-33:36:05.62,60072.58985,36.49,0.065,20.19,18.02,18.02,1,0.83,OB230432
KMT-2023-BLG-0466,BLG34T0302.057144,18:02:26.40,-33:00:10.69,60057.66247,37.16,0.175,21.07,20.0,20.57,1,0.97,
KMT-2023-BLG-0467,BLG36M0808.007444,18:16:08.20,-22:40:41.20,60061.1795,48.15,0.201,20.1,18.34,18.34,1,1.56,
KMT-2023-BLG-0468,BLG37N0505.019852,17:46:46.38,-35:48:54.00,60045.96494,45.34,0.293,20.48,19.06,19.06,1,1.18,
KMT-2023-BLG-0469,SAO42M0303.024946,17:57:37.63,-28:42:54.22,60051.96359,86.32,0.004,23.34,18.45,18.45,1,1.5,
KMT-2023-BLG-0470,BLG42N0404.003929,17:56:49.98,-29:48:58.10,60155.35555,7.66,0.995,18.62,16.25,16.25,1,1.78,
KMT-2023-BLG-0471,BLG42N0802.083456,17:54:35.09,-29:59:49.42,60063.84107,49.22,0.152,20.7,19.72,19.72,1,1.31,OB230336
KMT-2023-BLG-0472,SAO42T0502.072153,17:51:20.87,-29:58:35.62,60053.81103,6.53,0.023,20.6,20.0,20.35,1,2.74,MB23131 OB230337
KMT-2023-BLG-0473,BLG01M0501.006165,17:56:34.61,-31:02:58.42,60064.04393,10.32,0.515,17.04,17.0,17.0,1,1.29,MB23139 OB230361
KMT-2023-BLG-0474,BLG11M0104.090021,17:31:56.82,-29:27:46.44,60052.54647,197.58,0.002,25.29,20.0,22.56,3,2.98,
KMT-2023-BLG-0475,SAO13N0607.012434,17:36:42.07,-34:37:39.07,60054.15224,7.59,0.109,20.31,20.0,20.09,2,3.66,
KMT-2023-BLG-0476,BLG15N0502.070941,17:39:12.84,-27:43:14.84,60052.69767,16.27,0.051,22.41,20.0,21.37,2,2.88,
KMT-2023-BLG-0477,SAO17M0606.019754,17:46:27.04,-32:26:53.66,60053.77157,31.36,0.052,22.92,20.0,22.25,2,4.63,
KMT-2023-BLG-0478,BLG20K0805.005594,17:41:35.58,-21:55:22.76,60109.77331,53.02,0.713,18.03,18.05,18.05,4,1.34,
KMT-2023-BLG-0479,SAO22T0304.019192,17:52:44.96,-33:54:38.30,60064.26968,32.02,0.692,19.28,19.17,19.17,1,1.74,
KMT-2023-BLG-0480,BLG31M0501.033402,18:15:34.37,-25:44:36.38,60052.92351,42.39,0.036,23.2,19.49,19.49,1,0.92,
KMT-2023-BLG-0481,BLG35M0103.015353,18:08:26.31,-25:25:56.78,60054.75933,16.18,0.88,18.91,18.66,18.66,1,1.62,
KMT-2023-BLG-0482,BLG35T0401.065673,18:02:09.89,-26:47:55.97,60056.95498,17.73,0.189,20.06,20.0,21.15,2,2.54,
KMT-2023-BLG-0483,BLG01M0403.048003,17:57:17.55,-30:44:12.98,60052.92744,1.33,0.414,19.11,19.48,19.48,1,1.43,
KMT-2023-BLG-0484,BLG02K0607.031564,17:51:10.46,-28:10:09.26,60057.68228,16.33,0.279,21.64,20.0,22.05,2,5.62,
KMT-2023-BLG-0485,SAO02M0501.055385,17:56:28.58,-28:54:07.49,60051.48482,13.86,0.893,19.78,19.71,19.71,1,2.21,
KMT-2023-BLG-0486,SAO03K0608.018834,17:58:40.28,-26:54:34.60,60078.21377,91.84,0.057,21.07,19.33,19.33,1,2.84,
KMT-2023-BLG-0487,BLG03M0207.090541,18:05:45.97,-27:02:13.60,60052.58684,5.12,0.016,22.13,20.0,20.47,1,1.14,
KMT-2023-BLG-0488,BLG04T0608.080449,18:00:41.06,-30:06:20.30,60058.71535,48.3,0.033,20.17,20.0,20.08,1,1.05,MB23163
KMT-2023-BLG-0489,BLG11N0401.002873,17:30:19.97,-30:57:47.92,60167.02796,20.2,0.906,18.62,18.63,18.63,2,3.64,
KMT-2023-BLG-0490,BLG12T0108.023722,17:27:25.04,-27:57:01.94,60060.14308,15.74,0.106,20.44,20.0,20.57,2,2.24,
KMT-2023-BLG-0491,SAO14M0504.010474,17:38:55.61,-28:23:37.14,60075.86905,45.58,0.549,18.91,18.89,18.89,2,3.16,OB230469
KMT-2023-BLG-0492,BLG22K0303.075374,17:52:36.96,-32:54:07.60,60058.10622,7.78,0.049,20.16,20.0,20.45,1,1.61,MB23137
KMT-2023-BLG-0493,BLG31M0405.024074,18:16:26.59,-25:13:11.71,60078.08281,33.58,0.144,19.09,19.16,19.16,1,0.99,MB23175 OB230495
KMT-2023-BLG-0494,BLG31T0704.079946,18:09:37.33,-26:25:00.19,60052.67172,3.62,0.446,19.79,20.0,20.57,1,1.17,
KMT-2023-BLG-0495,BLG32T0507.023101,18:08:42.65,-28:12:36.50,60077.16866,40.32,0.653,18.77,18.76,18.76,1,1.03,OB230491
KMT-2023-BLG-0496,BLG37K0301.002461,17:43:04.01,-35:15:32.33,60179.63543,107.43,0.009,16.65,16.81,16.81,2,1.52,OB230061
KMT-2023-BLG-0497,BLG37K0803.076856,17:39:37.64,-35:03:00.40,60070.15843,70.28,0.152,21.49,20.0,21.53,2,1.9,
KMT-2023-BLG-0498,BLG41K0803.038903,17:49:22.62,-30:54:50.51,60054.68387,45.52,0.074,23.19,20.0,21.16,1,3.56,
KMT-2023-BLG-0499,BLG01T0702.033594,17:50:30.16,-32:01:49.76,60057.13445,19.21,0.017,22.11,20.0,21.85,2,3.4,
KMT-2023-BLG-0500,SAO02K0204.059168,17:53:31.38,-28:33:47.05,60061.69527,12.54,0.084,20.29,20.0,20.76,2,2.68,MB23152 OB230356
KMT-2023-BLG-0501,BLG02N0601.034694,17:55:51.14,-29:59:05.39,60054.46317,0.63,0.05,19.13,19.1,19.1,1,1.76,
KMT-2023-BLG-0502,BLG03M0201.016683,18:05:38.95,-27:49:07.79,60056.61133,44.49,0.105,20.27,18.06,18.06,1,0.83,
KMT-2023-BLG-0503,BLG03M0802.079958,18:02:27.40,-27:39:37.51,60054.86962,6.95,0.02,21.57,19.95,19.95,1,1.33,
KMT-2023-BLG-0504,BLG04N0508.010715,18:05:59.55,-30:12:10.69,60054.44706,0.5,0.095,18.23,18.25,18.25,1,0.94,
KMT-2023-BLG-0505,BLG11T0203.009888,17:26:14.46,-30:42:48.60,60080.61885,55.83,0.088,20.0,20.0,20.39,2,3.67,OB230458
KMT-2023-BLG-0506,BLG14K0102.035695,17:36:36.47,-28:37:59.59,60053.57727,0.81,0.255,19.98,20.0,20.77,2,3.21,
KMT-2023-BLG-0507,BLG14K0708.022820,17:33:03.53,-27:56:54.49,60059.4383,13.36,0.452,19.97,20.0,20.49,2,2.68,
KMT-2023-BLG-0508,BLG14M0606.099580,17:38:23.62,-28:09:03.42,60053.35237,25.75,0.088,22.44,20.0,23.87,2,2.98,
KMT-2023-BLG-0509,BLG15T0306.041221,17:35:03.68,-27:12:48.82,60055.46837,13.98,0.976,19.83,19.74,19.74,1,2.16,
KMT-2023-BLG-0510,BLG15T0407.040518,17:34:44.01,-27:01:56.71,60058.64492,9.84,0.03,20.86,19.88,19.88,1,2.01,
KMT-2023-BLG-0511,BLG15T0407.053533,17:34:44.15,-27:02:28.50,60055.55355,3.05,0.223,20.05,20.0,20.26,1,2.01,
KMT-2023-BLG-0512,BLG16M0108.001731,17:41:12.83,-23:41:30.30,60135.61147,50.05,0.275,16.52,16.52,16.52,2,1.6,OB230572
KMT-2023-BLG-0513,BLG16M0204.030674,17:40:57.86,-24:13:22.69,60060.12928,26.09,0.01,20.53,20.0,20.36,2,1.92,OB230411
KMT-2023-BLG-0514,BLG18T0401.022630,17:43:36.75,-27:45:47.84,60054.25972,10.63,0.074,21.82,20.0,21.29,2,4.06,
KMT-2023-BLG-0515,BLG33M0501.011429,18:15:33.99,-29:52:49.62,60065.95114,46.24,0.08,21.73,18.7,18.7,2,0.37,
KMT-2023-BLG-0516,BLG35M0102.015928,18:08:48.31,-25:38:10.72,60097.61675,92.48,0.626,18.81,18.82,18.82,1,1.79,OB230241
KMT-2023-BLG-0517,BLG35M0808.002645,18:04:36.51,-24:51:27.86,60054.00471,5.98,0.995,18.88,18.07,18.07,2,3.5,
KMT-2023-BLG-0518,BLG41K0605.039093,17:50:41.03,-30:38:53.48,60055.62008,8.61,0.071,21.0,19.71,19.71,1,2.46,
KMT-2023-BLG-0519,BLG41N0205.028091,17:57:59.02,-31:45:25.31,60055.32446,11.59,0.091,22.5,19.62,19.62,1,1.93,
KMT-2023-BLG-0520,BLG42M0105.060059,17:58:27.42,-28:30:10.80,60055.50312,87.82,0.002,24.65,19.57,19.57,1,1.64,
KMT-2023-BLG-0521,BLG02N0208.083520,17:58:07.64,-29:04:48.68,60057.58122,2.14,0.086,19.74,19.84,19.84,1,1.37,OB230353
KMT-2023-BLG-0522,BLG02N0408.036611,17:56:55.79,-29:09:46.30,60058.23741,26.81,0.117,21.68,19.2,19.2,1,2.26,
KMT-2023-BLG-0523,BLG02T0204.017248,17:53:29.95,-29:40:22.19,60066.90893,12.22,0.094,18.27,18.05,18.05,1,1.72,MB23153 OB230332
KMT-2023-BLG-0524,SSO02T0401.030712,17:52:04.68,-30:01:59.09,60056.31775,1.94,0.015,19.04,19.15,19.15,1,2.29,
KMT-2023-BLG-0525,BLG03K0702.024278,17:58:18.84,-27:40:14.09,60059.52504,23.75,0.101,21.19,19.03,19.03,1,1.9,
KMT-2023-BLG-0526,BLG04K0201.070114,18:03:01.37,-29:54:12.82,60061.63527,10.88,0.444,19.62,19.72,19.72,1,0.82,
KMT-2023-BLG-0527,BLG11M0108.004949,17:31:38.98,-28:56:41.46,60067.19862,14.11,0.491,18.41,18.36,18.36,2,2.81,OB230436
KMT-2023-BLG-0528,SSO12K0207.020442,17:26:23.82,-26:58:05.34,60065.11481,39.04,0.201,20.81,20.0,20.83,2,2.24,
KMT-2023-BLG-0529,BLG12N0404.009909,17:30:28.34,-28:25:56.39,60085.97483,65.55,0.141,20.05,18.91,18.91,2,2.09,OB230473
KMT-2023-BLG-0530,SSO12N0702.010103,17:28:37.00,-28:45:37.66,60067.31884,33.37,1.0,19.02,19.08,19.08,2,1.93,OB230365
KMT-2023-BLG-0531,BLG14K0205.066445,17:35:54.83,-28:15:08.50,60056.20679,5.12,0.2,21.85,20.0,22.04,2,3.71,
KMT-2023-BLG-0532,BLG14K0302.105663,17:35:05.04,-28:39:34.20,60064.25239,17.4,0.139,20.56,20.0,22.11,2,2.9,
KMT-2023-BLG-0533,BLG14M0107.030988,17:41:19.53,-28:04:18.44,60056.97727,44.46,0.044,23.55,20.0,20.95,2,3.7,
KMT-2023-BLG-0534,BLG14M0307.073107,17:39:49.42,-28:00:11.05,60057.71215,21.32,0.013,22.98,20.0,22.0,3,3.34,
KMT-2023-BLG-0535,BLG14M0308.051452,17:40:18.00,-27:51:56.34,60061.4987,12.91,0.025,20.92,20.0,21.48,2,3.24,
KMT-2023-BLG-0536,BLG15N0603.046576,17:38:08.98,-27:30:55.66,60060.85178,20.2,0.008,21.32,20.0,20.85,2,2.94,MB23144
KMT-2023-BLG-0537,BLG15T0305.022169,17:35:25.20,-27:16:53.11,60068.13056,41.45,0.167,20.97,19.36,19.36,1,2.26,OB230497
KMT-2023-BLG-0538,BLG18K0508.039189,17:43:25.94,-25:45:08.89,60059.51709,14.1,0.085,21.34,20.0,20.62,2,2.57,
KMT-2023-BLG-0539,SAO20N0702.042637,17:47:01.86,-23:25:57.22,60063.24423,13.76,0.326,19.5,19.68,19.68,1,1.62,OB230424
KMT-2023-BLG-0540,BLG22N0306.067378,17:57:48.37,-33:39:06.70,60061.10176,23.96,0.226,20.82,20.0,20.71,1,0.95,
KMT-2023-BLG-0541,BLG31T0104.043050,18:13:16.19,-26:29:03.98,60067.66495,84.93,0.024,21.24,19.62,19.62,1,0.87,MB23156
KMT-2023-BLG-0542,SSO33T0701.014470,18:09:09.37,-31:05:55.21,60054.83224,21.33,0.848,18.81,18.68,18.68,1,0.55,OB230294
KMT-2023-BLG-0543,BLG41K0204.003550,17:53:16.25,-30:46:51.20,60062.81471,199.0,0.013,22.6,16.42,16.42,1,1.85,MB23157
KMT-2023-BLG-0544,BLG41K0807.020301,17:49:30.42,-30:20:32.53,60057.84163,6.17,0.679,20.06,19.94,19.94,2,3.73,
KMT-2023-BLG-0545,BLG42K0402.005704,17:52:09.98,-28:54:45.29,60070.67803,198.95,0.031,22.2,17.72,17.72,2,2.87,
KMT-2023-BLG-0546,BLG42M0602.055821,17:55:42.50,-28:51:10.80,60060.4379,12.53,0.274,19.83,19.73,19.73,2,1.78,OB230354
KMT-2023-BLG-0547,BLG43K0104.005282,18:01:26.94,-27:36:21.20,60061.90455,20.92,0.205,20.64,16.57,16.57,1,1.44,OB230362
KMT-2023-BLG-0548,SSO43K0108.060711,18:01:23.43,-27:06:24.30,60056.33487,1.21,0.028,20.01,20.0,20.84,1,2.24,
KMT-2023-BLG-0549,BLG43N0407.035351,18:04:12.15,-28:14:48.52,60061.52379,199.71,0.037,20.98,18.75,18.75,1,0.92,MB23143 OB230537
KMT-2023-BLG-0550,BLG02T0106.074554,17:54:03.31,-29:24:14.29,60081.36969,62.28,0.258,19.1,19.78,19.78,1,1.83,OB230338
KMT-2023-BLG-0551,BLG03N0406.028237,18:04:46.19,-28:18:59.18,60064.81027,8.28,0.956,18.6,18.63,18.63,1,1.05,OB230348
KMT-2023-BLG-0552,BLG04M0505.016999,18:05:53.94,-29:28:05.48,60067.87382,17.39,0.201,19.91,18.51,18.51,1,0.92,OB230461
KMT-2023-BLG-0553,BLG11N0603.072475,17:29:12.92,-30:42:41.22,60059.44818,26.62,0.017,22.82,20.0,25.0,3,4.15,
KMT-2023-BLG-0554,BLG13M0204.004846,17:39:02.52,-33:51:20.59,60060.81809,11.95,0.286,19.26,18.57,18.57,2,3.5,
KMT-2023-BLG-0555,BLG14T0302.026318,17:35:28.39,-29:49:33.10,60067.99976,30.44,0.286,20.54,20.0,20.58,2,3.17,
KMT-2023-BLG-0556,BLG18M0401.002210,17:48:31.49,-26:41:16.15,60092.03301,53.94,0.743,19.07,19.01,19.01,2,5.29,
KMT-2023-BLG-0557,BLG37M0808.046957,17:44:41.25,-34:20:34.80,60069.37274,73.7,0.097,21.02,19.75,19.75,1,1.69,OB230449
KMT-2023-BLG-0558,BLG41K0701.024357,17:50:05.70,-31:08:44.30,60084.83397,196.23,0.069,22.44,20.0,21.5,2,4.58,
KMT-2023-BLG-0559,BLG42K0101.050800,17:53:32.54,-29:02:15.11,60060.13593,2.39,0.441,19.21,19.2,19.2,1,2.37,
KMT-2023-BLG-0560,BLG43M0404.045557,18:04:16.18,-27:30:39.71,60063.1207,18.41,0.444,19.9,19.16,19.16,1,0.99,OB230355
KMT-2023-BLG-0561,BLG01M0506.027929,17:56:35.90,-30:23:36.49,60061.75718,10.4,0.385,20.28,19.44,19.44,1,2.28,
KMT-2023-BLG-0562,BLG01N0802.004642,17:55:05.05,-32:02:50.32,60085.59451,52.05,0.121,19.87,17.0,17.0,1,1.56,MB23197 OB230486
KMT-2023-BLG-0563,SSO02K0504.013147,17:51:44.52,-28:32:01.32,60092.01603,2.13,0.018,20.09,18.96,18.96,2,3.32,
KMT-2023-BLG-0564,BLG03K0304.027786,18:00:16.07,-27:30:11.02,60061.55876,7.88,0.071,20.01,18.84,18.84,1,1.76,MB23142
KMT-2023-BLG-0565,BLG11N0206.061942,17:31:18.27,-30:20:16.69,60062.62146,14.75,0.082,21.73,20.0,21.08,2,2.73,
KMT-2023-BLG-0566,BLG12K0704.025979,17:23:33.36,-27:16:46.34,60070.05158,55.52,0.663,19.98,20.0,20.96,2,2.48,
KMT-2023-BLG-0567,BLG14K0202.093785,17:35:58.52,-28:40:49.19,60063.96648,23.96,0.051,22.03,20.0,21.82,2,2.88,
KMT-2023-BLG-0568,BLG14M0503.022923,17:38:53.65,-28:28:22.37,60058.639,94.09,0.026,23.89,20.0,20.65,2,3.29,
KMT-2023-BLG-0569,BLG15K0201.000858,17:36:00.14,-26:41:12.91,60098.51679,23.64,0.453,16.45,16.52,16.52,2,2.52,MB23177 OB230472
KMT-2023-BLG-0570,BLG17T0306.061202,17:42:47.54,-33:40:08.94,60064.50659,24.51,0.077,21.82,20.0,21.71,2,2.77,
KMT-2023-BLG-0571,BLG21M0607.068963,17:55:58.95,-34:30:23.80,60059.6395,4.21,0.271,19.05,20.0,20.52,1,0.72,
KMT-2023-BLG-0572,BLG35M0206.003308,18:08:15.32,-25:06:07.99,60059.97675,12.75,0.077,22.61,17.12,17.12,1,2.42,
KMT-2023-BLG-0573,BLG35T0308.002954,18:02:37.92,-25:57:40.25,60064.15907,12.87,0.305,19.06,18.14,18.14,2,3.2,OB230425
KMT-2023-BLG-0574,BLG38N0402.004970,17:57:29.49,-23:28:08.90,60122.44261,162.24,0.714,19.03,18.74,18.74,4,4.77,
KMT-2023-BLG-0575,BLG41M0803.001054,17:54:17.81,-30:55:18.80,60059.23595,14.2,0.215,18.16,15.28,15.28,1,1.7,MB23133
KMT-2023-BLG-0576,BLG42T0201.075659,17:53:02.35,-30:07:36.91,60059.82618,9.15,0.291,19.78,20.0,20.04,1,1.55,OB230357
KMT-2023-BLG-0577,BLG43N0506.010487,18:03:57.51,-28:23:49.81,60059.10535,128.99,0.005,24.96,17.56,17.56,1,0.84,
KMT-2023-BLG-0578,SAO03M0403.054847,18:04:27.74,-27:34:34.39,60064.32881,18.52,0.569,19.43,19.39,19.39,1,0.96,
KMT-2023-BLG-0579,SAO03M0703.024713,18:03:01.07,-27:31:43.28,60069.8289,13.23,0.784,18.79,18.75,18.75,1,1.31,OB230395
KMT-2023-BLG-0580,BLG04N0104.032504,18:08:34.23,-30:38:13.60,60063.16457,8.45,0.393,19.58,19.44,19.44,1,0.61,
KMT-2023-BLG-0581,SAO11K0302.084905,17:26:04.79,-29:39:10.12,60060.95204,15.6,0.168,21.65,20.0,22.01,2,2.32,
KMT-2023-BLG-0582,BLG14M0802.024961,17:37:15.95,-28:40:37.96,60061.28095,8.57,0.06,23.26,20.0,20.52,2,3.1,
KMT-2023-BLG-0583,SAO15K0807.003420,17:32:30.65,-25:56:04.02,60061.50866,5.88,0.194,21.67,20.0,20.04,2,4.01,
KMT-2023-BLG-0584,BLG15T0805.035204,17:32:12.29,-27:16:01.74,60060.56304,1.24,0.182,20.13,20.0,20.93,2,2.62,
KMT-2023-BLG-0585,BLG17T0105.035692,17:44:26.00,-33:44:21.98,60064.36692,7.84,0.3,20.14,19.88,19.88,1,1.77,
KMT-2023-BLG-0586,BLG19M0401.046968,17:48:35.12,-24:36:15.05,60060.21221,22.19,0.088,22.5,20.0,21.29,2,3.2,
KMT-2023-BLG-0587,BLG21T0502.036618,17:51:29.45,-36:13:31.58,60062.04272,48.01,0.78,19.8,19.86,19.86,1,1.02,
KMT-2023-BLG-0588,BLG22M0302.070015,17:57:43.81,-32:57:10.15,60062.21554,24.57,0.049,22.04,20.0,25.0,3,1.3,
KMT-2023-BLG-0589,BLG31T0403.029725,18:11:15.51,-26:31:03.79,60107.94884,84.83,0.03,19.08,19.03,19.03,1,0.95,MB23205
KMT-2023-BLG-0590,BLG42K0103.014710,17:53:32.45,-28:43:25.43,60067.51796,36.97,0.414,20.58,18.27,18.27,2,2.29,OB230405
KMT-2023-BLG-0591,BLG42M0708.002336,17:55:07.93,-28:11:22.81,60097.40039,22.63,0.456,17.09,17.12,17.12,2,2.73,MB23203 OB230445
KMT-2023-BLG-0592,BLG42T0407.048014,17:51:50.65,-29:26:32.78,60060.07962,1.66,0.248,21.05,20.0,20.0,1,2.93,
KMT-2023-BLG-0593,SSO43M0202.020335,18:05:42.26,-27:47:31.09,60060.17782,199.31,0.002,26.17,18.22,18.22,1,0.83,
KMT-2023-BLG-0594,BLG01K0102.047284,17:54:01.82,-30:51:14.29,60113.34561,118.76,0.178,19.62,19.6,19.6,1,1.87,OB230454
KMT-2023-BLG-0595,BLG01K0508.045670,17:51:38.00,-30:10:24.82,60066.13171,22.25,0.199,20.91,19.6,19.6,1,2.12,OB230406 OB230428
KMT-2023-BLG-0596,SAO02K0205.026376,17:53:37.98,-28:27:24.30,60061.63342,2.5,0.418,19.74,19.75,19.75,2,2.42,
KMT-2023-BLG-0597,SAO03T0602.004878,17:58:58.52,-28:52:17.11,60065.06934,11.91,0.985,17.99,16.08,16.08,1,1.13,OB230447
KMT-2023-BLG-0598,BLG03T0803.002853,17:57:38.00,-28:38:28.21,60064.12999,65.88,0.004,22.51,15.94,15.94,1,1.81,MB23162
KMT-2023-BLG-0599,BLG04M0308.058941,18:07:03.81,-29:06:24.30,60063.29388,41.53,0.085,22.18,19.78,19.78,1,0.97,
KMT-2023-BLG-0600,BLG04N0302.018712,18:07:23.28,-30:53:06.00,60084.15566,33.46,0.501,19.56,18.91,18.91,1,1.02,OB230721
KMT-2023-BLG-0601,BLG11K0104.048974,17:27:03.64,-29:28:13.30,60068.34981,16.73,0.106,20.83,20.0,20.05,1,1.86,
KMT-2023-BLG-0602,BLG11N0403.051523,17:30:22.47,-30:42:43.27,60072.40306,53.48,0.016,22.34,20.0,22.37,2,3.85,
KMT-2023-BLG-0603,SAO14K0106.040644,17:36:39.72,-28:10:55.02,60062.88773,6.41,0.216,21.43,20.0,21.32,2,3.52,
KMT-2023-BLG-0604,BLG14M0608.025847,17:38:33.46,-27:53:10.39,60064.12745,102.47,0.034,22.93,20.0,20.35,2,2.77,
KMT-2023-BLG-0605,BLG19K0106.054121,17:45:47.40,-23:56:14.71,60064.14955,39.06,0.056,22.84,19.95,19.95,1,1.74,
KMT-2023-BLG-0606,BLG20T0601.049764,17:43:01.15,-23:34:42.10,60062.94249,42.11,0.21,21.79,20.0,20.46,1,1.96,
KMT-2023-BLG-0607,BLG22N0102.011563,17:59:16.26,-34:03:18.61,60067.66904,8.7,0.359,19.05,18.46,18.46,1,0.88,OB230460
KMT-2023-BLG-0608,BLG32N0804.001820,18:11:35.85,-28:30:39.31,60098.58491,46.36,0.999,16.73,15.69,15.69,1,0.52,MB23272
KMT-2023-BLG-0609,BLG34M0605.002392,18:05:41.52,-31:31:06.10,60125.44492,72.47,0.969,17.37,16.54,16.54,1,0.95,OB230541
KMT-2023-BLG-0610,BLG35K0202.030783,18:03:33.95,-25:38:13.85,60072.1954,24.18,0.301,20.53,20.0,21.3,2,3.39,
KMT-2023-BLG-0611,BLG37M0802.003973,17:45:05.14,-35:05:30.41,60104.67282,38.92,0.263,18.71,17.06,17.06,1,1.24,MB23224 OB230647
KMT-2023-BLG-0612,BLG37N0504.013595,17:46:38.31,-35:56:16.58,60077.84696,16.6,0.587,18.73,18.69,18.69,1,1.13,OB230556
KMT-2023-BLG-0613,BLG41K0805.012640,17:49:35.00,-30:37:39.50,60065.61762,47.84,0.061,22.11,18.57,18.57,1,3.29,
KMT-2023-BLG-0614,SAO43K0801.009177,17:57:19.04,-27:55:27.19,60061.63904,27.06,0.207,21.91,18.24,18.24,2,2.49,
KMT-2023-BLG-0615,BLG01K0308.047555,17:52:40.23,-30:11:40.06,60065.1869,35.06,0.029,22.13,19.34,19.34,2,1.63,
KMT-2023-BLG-0616,BLG01K0403.028956,17:52:13.23,-30:46:36.52,60076.79791,31.61,0.383,20.27,19.09,19.09,1,1.98,
KMT-2023-BLG-0617,BLG01K0602.018752,17:50:52.76,-30:50:15.68,60078.39927,128.68,0.07,22.66,19.44,19.44,1,2.9,
KMT-2023-BLG-0618,BLG01T0302.007315,17:52:57.58,-32:03:48.82,60090.41998,42.01,0.799,19.25,17.8,17.8,1,1.94,
KMT-2023-BLG-0619,SAO02K0102.002570,17:54:09.00,-28:47:52.19,60065.55449,73.76,0.013,22.23,16.19,16.19,4,1.93,MB23164 OB230404
KMT-2023-BLG-0620,SAO02K0104.021549,17:54:00.38,-28:28:34.46,60103.87588,61.49,0.766,18.94,19.21,19.21,2,2.41,OB230324
KMT-2023-BLG-0621,BLG02K0106.022609,17:54:01.14,-28:17:03.01,60066.45718,186.6,0.002,24.87,19.89,19.89,2,2.96,
KMT-2023-BLG-0622,BLG02N0605.046403,17:56:01.06,-29:34:22.30,60067.66811,4.42,0.669,19.4,19.19,19.19,1,1.65,
KMT-2023-BLG-0623,BLG02T0203.027950,17:53:16.69,-29:45:34.88,60067.70745,17.55,0.088,20.97,18.52,18.52,1,1.61,OB230430
KMT-2023-BLG-0624,SAO02T0608.018241,17:51:03.17,-29:06:07.70,60064.63137,5.76,0.016,22.62,19.73,19.73,2,4.29,
KMT-2023-BLG-0625,BLG03K0408.051586,17:59:40.04,-26:55:44.62,60064.90468,4.57,0.122,20.47,20.0,20.18,1,2.84,
KMT-2023-BLG-0626,BLG03M0305.072089,18:05:17.96,-27:18:33.80,60073.35621,50.2,0.032,21.04,19.65,19.65,1,0.84,OB230415
KMT-2023-BLG-0627,BLG04T0305.016127,18:02:11.30,-30:36:32.90,60065.65046,11.49,0.034,22.43,18.44,18.44,1,1.16,
KMT-2023-BLG-0628,BLG04T0308.009176,18:02:27.38,-30:10:30.90,60218.92002,177.11,0.364,18.32,17.92,17.92,1,1.02,MB23351 OB230126
KMT-2023-BLG-0629,BLG11K0208.008547,17:26:32.30,-28:55:22.80,60070.38317,25.23,0.755,19.17,18.94,18.94,2,1.79,
KMT-2023-BLG-0630,BLG11K0401.011610,17:25:07.23,-29:49:01.52,60067.0941,7.46,0.224,20.73,19.36,19.36,2,1.91,
KMT-2023-BLG-0631,BLG11K0408.024119,17:25:21.32,-28:56:57.52,60094.38871,53.76,0.23,19.99,20.0,20.14,2,1.86,OB230563
KMT-2023-BLG-0632,BLG11N0503.078805,17:29:27.63,-30:40:22.15,60066.20227,22.0,0.011,22.85,20.0,25.0,3,4.01,
KMT-2023-BLG-0633,BLG12M0507.027358,17:29:28.16,-26:57:31.21,60067.489,28.8,0.189,20.65,20.0,21.27,2,2.91,
KMT-2023-BLG-0634,BLG12N0305.033184,17:30:41.09,-28:19:34.36,60068.33691,16.97,0.097,20.98,20.0,20.42,3,2.36,
KMT-2023-BLG-0635,SSO12N0701.051554,17:28:42.18,-28:48:59.04,60060.89219,49.35,0.206,22.05,20.0,20.67,2,2.01,
KMT-2023-BLG-0636,BLG14T0506.006226,17:34:00.24,-29:16:06.67,60065.68653,15.0,0.002,22.03,18.36,18.36,2,3.03,
KMT-2023-BLG-0637,BLG14T0808.016049,17:32:19.02,-29:01:50.92,60085.89552,47.16,0.241,20.38,20.0,20.39,2,3.32,
KMT-2023-BLG-0638,BLG15N0404.050427,17:39:16.24,-27:26:13.16,60068.19779,38.04,0.088,22.37,20.0,20.75,2,2.38,
KMT-2023-BLG-0639,BLG16M0804.035873,17:37:34.08,-24:11:52.37,60072.08205,11.79,0.309,20.45,20.0,20.75,2,2.28,
KMT-2023-BLG-0640,BLG16T0205.078026,17:36:12.46,-25:13:20.21,60069.4246,189.96,0.045,24.25,20.0,25.0,3,3.13,
KMT-2023-BLG-0641,BLG17T0102.015817,17:44:03.70,-34:04:16.21,60071.47984,18.33,0.305,20.69,18.71,18.71,1,1.81,
KMT-2023-BLG-0642,BLG17T0408.003346,17:42:23.20,-33:24:07.81,60206.92333,161.71,0.625,18.49,18.27,18.27,2,3.07,OB230171
KMT-2023-BLG-0643,BLG17T0804.039366,17:39:47.19,-33:52:57.43,60063.42099,14.71,0.023,23.69,20.0,21.24,2,2.97,
KMT-2023-BLG-0644,SAO17T0806.076737,17:40:04.53,-33:36:18.68,60065.45387,12.11,0.29,21.68,20.0,25.0,3,3.42,
KMT-2023-BLG-0645,SAO18K0602.025583,17:42:53.71,-26:31:42.20,60065.80686,13.38,0.301,21.14,20.0,20.3,2,2.96,
KMT-2023-BLG-0646,BLG18M0803.037506,17:46:16.86,-26:21:34.74,60059.70442,74.19,0.004,26.15,20.0,21.48,3,4.12,
KMT-2023-BLG-0647,BLG18M0807.030548,17:46:21.63,-25:49:03.72,60065.54847,3.14,0.534,19.81,20.0,20.55,2,3.01,
KMT-2023-BLG-0648,BLG18T0506.015157,17:43:09.58,-27:06:58.36,60066.09444,6.76,0.181,21.14,20.0,20.11,2,3.51,
KMT-2023-BLG-0649,SAO18T0804.014267,17:41:37.81,-27:23:17.99,60064.77083,6.31,0.008,22.82,20.0,20.13,2,4.04,
KMT-2023-BLG-0650,BLG19M0705.051212,17:47:13.27,-24:00:43.88,60069.6927,94.93,0.029,22.2,20.0,20.81,2,2.33,OB230418
KMT-2023-BLG-0651,BLG19T0102.012666,17:45:28.91,-25:30:04.82,60064.1773,2.65,0.875,19.45,19.62,19.62,2,2.75,
KMT-2023-BLG-0652,BLG20K0602.011359,17:42:40.07,-22:15:33.80,60088.08321,24.8,0.17,18.9,18.85,18.85,1,1.75,OB230573
KMT-2023-BLG-0653,BLG20T0105.038960,17:45:28.49,-23:03:23.80,60067.424,16.97,0.156,22.12,19.64,19.64,1,1.56,
KMT-2023-BLG-0654,BLG21K0306.008027,17:53:00.15,-34:38:26.99,60078.04216,51.98,0.474,18.43,17.86,17.86,1,0.81,MB23154 OB230277
KMT-2023-BLG-0655,BLG21K0705.040507,17:50:10.74,-34:41:33.61,60068.0418,26.85,0.093,20.18,19.44,19.44,1,1.04,
KMT-2023-BLG-0656,BLG31M0705.015865,18:14:31.07,-25:10:14.92,60074.28173,93.19,0.123,21.08,18.79,18.79,1,1.3,
KMT-2023-BLG-0657,BLG31M0705.018898,18:14:21.01,-25:12:29.48,60070.026,13.45,0.166,20.83,18.96,18.96,1,1.27,
KMT-2023-BLG-0658,BLG31T0303.055240,18:11:52.22,-26:35:15.40,60064.88343,5.41,0.184,20.48,19.88,19.88,1,1.0,
KMT-2023-BLG-0659,BLG31T0603.047755,18:10:18.72,-26:38:17.59,60065.12279,9.1,0.898,19.54,19.76,19.76,1,1.3,
KMT-2023-BLG-0660,BLG32K0402.086055,18:09:12.38,-27:40:49.19,60063.97837,19.73,0.103,20.51,20.0,20.61,1,1.02,MB23159
KMT-2023-BLG-0661,SAO32K0508.027903,18:08:28.54,-26:54:39.38,60072.80103,108.54,0.025,22.12,18.99,18.99,1,1.22,OB230543
KMT-2023-BLG-0662,BLG32M0501.008508,18:13:12.75,-27:47:08.81,60065.10897,34.98,0.078,22.85,17.66,17.66,1,0.48,
KMT-2023-BLG-0663,BLG32T0507.070563,18:08:31.55,-28:12:03.60,60067.25107,142.2,0.011,22.96,20.0,20.17,1,0.92,
KMT-2023-BLG-0664,BLG34K0703.064594,17:59:43.53,-31:44:13.42,60070.72897,12.49,0.203,20.3,20.0,20.25,1,1.41,
KMT-2023-BLG-0665,BLG35M0202.048555,18:08:19.84,-25:37:35.90,60068.27812,11.43,0.349,19.67,19.91,19.91,1,1.52,MB23167
KMT-2023-BLG-0666,BLG35N0103.025633,18:08:44.56,-26:33:53.89,60082.34244,25.57,0.663,18.91,19.04,19.04,1,1.24,OB230658
KMT-2023-BLG-0667,BLG35N0301.034703,18:07:40.80,-26:51:15.41,60076.58777,38.63,0.085,19.92,18.96,18.96,1,0.92,MB23180 OB230490
KMT-2023-BLG-0668,BLG36M0101.003816,18:19:55.67,-23:33:34.42,60074.95969,14.2,0.812,17.4,17.42,17.42,1,1.13,OB230453
KMT-2023-BLG-0669,BLG37M0608.063377,17:46:04.56,-34:22:12.00,60063.99095,6.7,0.215,20.61,20.0,20.29,1,1.53,
KMT-2023-BLG-0670,BLG38K0403.001019,17:53:07.88,-22:13:24.38,60081.93549,16.54,1.0,16.06,15.95,15.95,1,2.16,
KMT-2023-BLG-0671,BLG38T0802.003429,17:50:32.11,-23:22:26.26,60066.15764,60.97,0.037,21.71,17.55,17.55,4,2.35,
KMT-2023-BLG-0672,BLG41K0107.093226,17:53:42.47,-30:20:54.02,60063.37366,3.44,0.273,19.96,20.0,20.46,2,1.59,
KMT-2023-BLG-0673,BLG41N0202.077428,17:58:18.18,-32:05:25.15,60063.46759,23.25,0.038,23.57,20.0,22.14,2,1.48,
KMT-2023-BLG-0674,BLG42K0607.022735,17:50:55.53,-28:16:56.60,60077.57693,16.0,0.223,20.17,20.0,21.32,2,5.24,
KMT-2023-BLG-0675,BLG42N0605.002979,17:55:33.59,-29:41:19.28,60065.13088,4.23,0.481,17.92,15.76,15.76,1,1.57,MB23161
KMT-2023-BLG-0676,BLG42N0802.051529,17:54:26.15,-30:05:08.20,60064.26909,17.41,0.204,21.13,19.1,19.1,1,1.38,
KMT-2023-BLG-0677,SSO43K0202.005401,18:00:48.61,-27:49:06.60,60202.64998,26.04,0.925,15.66,16.64,16.64,1,1.67,
KMT-2023-BLG-0678,BLG43M0504.039304,18:03:44.47,-27:37:12.50,60066.06195,199.77,0.01,24.28,19.03,19.03,1,1.19,OB230422
KMT-2023-BLG-0679,BLG43N0105.049573,18:06:00.97,-28:31:00.91,60065.66678,4.28,0.752,19.42,19.45,19.45,1,0.92,
KMT-2023-BLG-0680,BLG01M0408.026382,17:57:14.72,-30:07:19.88,60078.02309,20.23,0.191,19.63,18.75,18.75,1,1.32,
KMT-2023-BLG-0681,BLG01N0601.078410,17:56:10.73,-32:07:17.00,60066.36237,2.91,0.7,19.99,20.0,20.64,1,1.42,
KMT-2023-BLG-0682,BLG02M0403.061201,17:56:58.20,-28:40:38.39,60090.27372,150.81,0.008,19.74,19.64,19.64,1,1.89,MB23185 OB230470
KMT-2023-BLG-0683,BLG02M0804.060401,17:54:33.48,-28:33:48.78,60078.39449,199.83,0.044,22.35,20.0,20.58,2,2.09,
KMT-2023-BLG-0684,BLG02T0504.012849,17:51:43.05,-29:36:50.69,60098.09289,33.04,0.413,17.99,17.85,17.85,1,2.48,MB23213 OB230389
KMT-2023-BLG-0685,BLG02T0701.009135,17:50:36.73,-30:03:50.90,60112.17423,39.46,0.836,17.82,17.89,17.89,1,3.0,
KMT-2023-BLG-0686,BLG13M0802.001169,17:35:22.15,-34:06:34.96,60140.55954,79.8,0.706,17.23,17.26,17.26,2,3.76,
KMT-2023-BLG-0687,SAO13M0805.029008,17:35:18.18,-33:46:11.82,60118.67065,199.86,0.2,21.07,20.0,22.17,3,5.33,
KMT-2023-BLG-0688,BLG14K0307.052790,17:35:22.12,-27:58:42.35,60071.27467,30.54,0.017,22.13,20.0,21.55,2,3.2,
KMT-2023-BLG-0689,BLG14M0208.003407,17:40:23.79,-27:55:41.48,60107.70752,62.77,0.283,18.04,17.91,17.91,2,3.72,OB230374
KMT-2023-BLG-0690,BLG15M0104.075852,17:41:17.00,-26:19:31.22,60070.88512,61.2,0.138,23.05,20.0,21.83,2,3.09,
KMT-2023-BLG-0691,BLG15N0306.068065,17:40:22.02,-27:11:59.64,60067.16226,8.97,0.045,20.95,20.0,21.39,2,3.03,
KMT-2023-BLG-0692,SAO15N0601.001102,17:38:39.63,-27:48:52.45,60106.88711,65.93,0.999,17.8,16.4,16.4,2,2.49,
KMT-2023-BLG-0693,SAO15N0706.002040,17:37:43.30,-27:12:38.45,60086.70525,12.58,0.737,17.22,17.21,17.21,2,2.92,MB23196 OB230561
KMT-2023-BLG-0694,BLG18K0407.070241,17:43:38.46,-25:50:14.03,60065.93599,5.36,0.178,21.11,20.0,21.43,2,2.83,
KMT-2023-BLG-0695,BLG18M0705.029897,17:46:58.46,-26:03:35.64,60066.89852,2.16,0.014,20.41,20.0,21.2,2,3.74,
KMT-2023-BLG-0696,BLG19N0806.059561,17:46:21.18,-25:02:09.53,60066.89985,37.97,0.021,24.06,20.0,21.91,2,3.26,
KMT-2023-BLG-0697,BLG20N0808.007375,17:46:31.51,-22:35:43.91,60076.90925,14.6,0.665,18.33,18.26,18.26,1,1.5,
KMT-2023-BLG-0698,BLG20T0706.011691,17:42:14.49,-22:51:07.70,60065.86738,19.69,0.085,22.4,19.27,19.27,2,1.48,
KMT-2023-BLG-0699,BLG22K0703.002648,17:50:11.10,-32:52:49.58,60076.16821,10.48,0.069,17.14,16.63,16.63,1,2.24,OB230455
KMT-2023-BLG-0700,BLG22K0705.024380,17:50:17.02,-32:35:08.20,60076.43548,23.65,0.275,20.53,20.0,20.34,2,2.64,
KMT-2023-BLG-0701,BLG31N0806.019272,18:13:46.90,-26:12:11.92,60096.39461,42.42,0.399,19.63,18.79,18.79,1,1.07,OB230625
KMT-2023-BLG-0702,BLG32M0601.007679,18:12:50.36,-27:45:52.81,60068.61415,11.98,0.805,19.14,17.6,17.6,1,0.54,
KMT-2023-BLG-0703,BLG33T0705.002651,18:09:05.42,-30:32:06.40,60101.48643,45.48,0.995,16.96,16.86,16.86,1,0.84,MB23247
KMT-2023-BLG-0704,BLG38K0406.003461,17:53:01.26,-21:44:08.12,60075.42397,55.85,0.07,20.44,17.11,17.11,4,1.88,
KMT-2023-BLG-0705,BLG41M0508.011519,17:56:18.63,-30:16:11.89,60110.7116,55.12,0.107,19.33,17.98,17.98,1,1.66,MB23241 OB230605
KMT-2023-BLG-0706,SSO41T0105.000016,17:53:45.11,-31:44:31.60,60130.75335,199.95,0.033,17.98,12.89,12.89,1,1.92,OB230416
KMT-2023-BLG-0707,BLG42K0201.048866,17:53:10.35,-29:02:14.78,60069.21033,23.98,0.168,21.7,19.55,19.55,1,2.72,OB230427
KMT-2023-BLG-0708,BLG42T0602.034795,17:50:46.22,-30:03:55.58,60077.33209,50.54,0.172,21.15,19.75,19.75,1,2.83,
KMT-2023-BLG-0709,SSO43K0402.084688,17:59:24.37,-27:53:23.42,60066.13158,53.76,0.018,23.79,20.0,21.62,2,1.77,
KMT-2023-BLG-0710,BLG43K0706.076027,17:57:49.54,-27:16:57.72,60067.82553,49.5,0.065,22.76,20.0,21.85,2,3.05,
KMT-2023-BLG-0711,SAO02K0105.003297,17:54:09.77,-28:26:36.53,60093.44587,18.01,0.207,16.95,16.96,16.96,2,2.49,OB230442
KMT-2023-BLG-0712,BLG02N0607.055632,17:55:51.74,-29:12:30.20,60068.12446,7.45,0.049,21.9,19.38,19.38,1,1.76,OB230451
KMT-2023-BLG-0713,BLG03M0301.093760,18:05:05.33,-27:49:20.89,60069.89048,6.56,0.479,19.85,20.0,20.34,1,0.92,
KMT-2023-BLG-0714,BLG03N0208.070819,18:05:42.66,-28:03:10.58,60147.9238,10.09,0.332,19.61,19.63,19.63,1,0.8,
KMT-2023-BLG-0715,BLG03N0306.007331,18:05:19.64,-28:16:57.50,60129.2226,95.77,0.147,18.87,17.17,17.17,1,0.82,MB23181 OB230290
KMT-2023-BLG-0716,BLG04K0607.027186,18:00:47.34,-29:06:59.18,60068.04858,3.5,0.046,20.1,18.54,18.54,1,1.08,
KMT-2023-BLG-0717,BLG04N0308.073570,18:07:12.72,-30:11:44.20,60069.13766,13.08,0.003,21.35,20.0,21.07,1,0.88,MB23171
KMT-2023-BLG-0718,BLG14M0404.071169,17:39:36.99,-28:23:03.12,60075.06288,10.92,0.084,20.23,20.0,22.08,3,3.73,
KMT-2023-BLG-0719,BLG17M0701.012556,17:45:54.03,-33:06:50.08,60068.17904,10.4,0.421,19.56,19.53,19.53,4,2.33,
KMT-2023-BLG-0720,BLG19T0701.033764,17:42:23.34,-25:37:08.69,60074.69428,17.45,0.299,20.82,20.0,20.27,2,2.32,
KMT-2023-BLG-0721,BLG21T0807.043035,17:49:27.05,-35:39:26.60,60068.60641,31.47,0.094,21.99,19.88,19.88,1,0.98,
KMT-2023-BLG-0722,BLG31N0508.058090,18:15:30.28,-25:59:55.50,60067.21354,5.81,0.201,21.84,20.0,20.39,1,1.09,
KMT-2023-BLG-0723,BLG35T0307.000826,18:02:51.77,-26:06:24.41,60082.80245,130.07,0.031,21.61,16.55,16.55,2,3.28,OB230578
KMT-2023-BLG-0724,BLG37N0401.062638,17:47:17.26,-36:20:27.10,60120.01346,115.19,0.42,20.09,20.0,20.97,1,1.06,
KMT-2023-BLG-0725,BLG41N0302.036173,17:57:26.26,-32:08:42.11,60067.80952,8.45,0.013,23.4,19.45,19.45,1,1.34,
KMT-2023-BLG-0726,BLG41T0801.036639,17:49:37.74,-32:12:34.24,60070.49486,49.27,0.193,22.55,20.0,22.23,2,3.93,
KMT-2023-BLG-0727,BLG42T0408.008535,17:51:51.90,-29:14:58.20,60071.94143,82.88,0.013,23.13,17.5,17.5,1,3.04,
KMT-2023-BLG-0728,SAO01K0403.012414,17:52:27.03,-30:42:51.08,60133.23322,71.25,0.738,18.05,18.06,18.06,1,1.84,MB23266 OB230611
KMT-2023-BLG-0729,BLG01K0705.039775,17:50:15.91,-30:33:08.39,60069.05079,23.89,0.024,23.38,19.77,19.77,1,2.31,
KMT-2023-BLG-0730,BLG01K0801.001135,17:49:48.19,-30:59:21.41,60078.91724,6.6,0.249,16.93,16.91,16.91,2,3.32,
KMT-2023-BLG-0731,BLG01T0404.005771,17:52:08.16,-31:46:28.31,60072.85175,28.13,0.136,21.21,17.56,17.56,1,2.47,
KMT-2023-BLG-0732,BLG01T0504.003589,17:51:40.28,-31:43:55.81,60096.92477,30.05,0.607,19.03,17.81,17.81,1,3.12,OB230662
KMT-2023-BLG-0733,BLG02N0307.014722,17:57:36.01,-29:12:38.02,60085.21671,29.54,0.732,18.04,18.1,18.1,1,1.5,
KMT-2023-BLG-0734,BLG02T0302.015831,17:52:36.14,-29:50:33.79,60068.68384,71.28,0.106,22.18,18.02,18.02,1,2.02,
KMT-2023-BLG-0735,SAO02T0707.018451,17:50:18.23,-29:12:10.51,60070.57646,53.69,0.006,24.08,19.79,19.79,1,5.97,
KMT-2023-BLG-0736,BLG03M0301.049201,18:05:25.92,-27:46:30.68,60079.95715,29.22,0.394,20.5,19.17,19.17,1,0.92,
KMT-2023-BLG-0737,SAO03M0703.066353,18:03:04.20,-27:34:47.89,60069.24349,1.5,0.626,19.67,19.78,19.78,1,1.24,
KMT-2023-BLG-0738,SAO03N0503.017246,18:04:04.63,-28:43:42.49,60081.8611,26.2,0.102,20.53,18.09,18.09,1,0.85,OB230488
KMT-2023-BLG-0739,SAO03T0401.007127,17:59:50.12,-28:56:46.39,60104.13703,19.59,0.693,16.8,16.8,16.8,1,1.02,MB23207 OB230484
KMT-2023-BLG-0740,BLG04K0302.013664,18:02:11.72,-29:49:03.79,60072.07119,4.72,0.765,17.92,17.98,17.98,1,0.88,
KMT-2023-BLG-0741,SAO04K0803.055599,17:59:37.88,-29:43:28.81,60078.53943,26.11,0.351,19.78,19.29,19.29,1,1.16,
KMT-2023-BLG-0742,BLG04M0801.041420,18:04:07.62,-29:52:12.90,60073.3984,36.77,0.101,21.92,19.09,19.09,1,0.81,
KMT-2023-BLG-0743,SAO04T0106.018608,18:03:08.95,-30:22:05.48,60074.46787,4.06,0.802,18.7,18.6,18.6,1,0.91,
KMT-2023-BLG-0744,BLG11K0601.000910,17:24:08.29,-29:51:14.54,60136.14429,48.86,0.989,16.79,16.11,16.11,2,1.52,
KMT-2023-BLG-0745,BLG12K0101.031231,17:27:11.52,-27:46:34.18,60083.09213,55.66,0.144,21.37,20.0,20.46,2,2.02,OB230562
KMT-2023-BLG-0746,BLG12M0101.015667,17:32:00.54,-27:43:35.29,60076.04653,41.09,0.12,22.01,19.96,19.96,2,2.45,
KMT-2023-BLG-0747,BLG12T0804.020160,17:22:55.47,-28:26:08.27,60077.59881,27.42,0.6,19.8,20.0,20.31,2,1.94,OB230565
KMT-2023-BLG-0748,BLG14K0706.052171,17:33:04.79,-28:08:52.73,60070.93366,4.01,0.668,19.76,20.0,21.08,2,2.67,
KMT-2023-BLG-0749,BLG14M0305.065714,17:40:01.34,-28:18:05.08,60074.3954,41.76,0.202,22.66,20.0,21.84,2,3.78,
KMT-2023-BLG-0750,BLG14M0406.004222,17:39:34.28,-28:06:23.29,60084.56761,26.24,0.633,18.25,17.58,17.58,2,2.8,
KMT-2023-BLG-0751,BLG15N0403.032058,17:39:37.50,-27:32:29.47,60082.05487,41.03,0.286,20.91,20.0,20.32,2,2.81,
KMT-2023-BLG-0752,BLG15N0404.003973,17:39:24.95,-27:24:49.61,60071.70833,3.0,0.554,19.62,17.53,17.53,2,2.42,
KMT-2023-BLG-0753,BLG16K0308.051342,17:35:32.43,-23:40:47.32,60069.98884,5.05,0.067,20.68,20.0,20.8,1,1.63,
KMT-2023-BLG-0754,BLG16M0107.029813,17:41:27.64,-23:47:42.11,60074.00103,50.13,0.117,20.8,20.0,20.05,2,1.69,
KMT-2023-BLG-0755,BLG17N0304.030497,17:48:03.39,-33:53:41.39,60080.88612,30.33,0.601,20.28,20.0,20.09,1,2.27,
KMT-2023-BLG-0756,SAO18K0203.009709,17:45:15.70,-26:25:15.56,60075.13933,7.04,0.013,19.26,19.34,19.34,2,3.63,
KMT-2023-BLG-0757,SAO18T0701.063135,17:41:59.52,-27:41:31.16,60068.6179,0.84,0.223,19.93,20.0,22.16,2,4.06,
KMT-2023-BLG-0758,BLG19K0501.005507,17:43:24.08,-24:30:08.21,60092.50457,17.06,0.114,18.17,18.13,18.13,1,2.43,OB230598
KMT-2023-BLG-0759,BLG19T0204.077107,17:45:03.36,-25:18:28.12,60075.47243,19.98,0.838,19.88,20.0,21.57,2,2.77,
KMT-2023-BLG-0760,BLG21M0106.049699,17:58:57.44,-34:34:57.40,60068.35827,3.23,0.684,20.04,20.0,20.2,1,0.6,
KMT-2023-BLG-0761,SAO21T0607.044431,17:51:06.67,-35:37:26.51,60081.77227,27.29,0.238,19.55,19.62,19.62,1,0.72,
KMT-2023-BLG-0762,BLG31K0406.013201,18:11:23.30,-25:02:14.60,60131.4601,49.78,0.181,18.63,19.03,19.03,1,1.85,MB23250 OB230856
KMT-2023-BLG-0763,BLG31N0104.022642,18:17:47.11,-26:29:40.42,60083.98112,15.79,0.291,19.39,19.03,19.03,1,0.82,OB230646
KMT-2023-BLG-0764,BLG33K0601.018271,18:10:09.95,-29:54:12.71,60093.61223,26.18,0.528,18.67,18.66,18.66,1,0.67,OB230609
KMT-2023-BLG-0765,BLG33T0203.021905,18:12:23.50,-30:48:24.30,60118.49974,69.14,0.372,18.97,19.03,19.03,1,0.43,OB230545
KMT-2023-BLG-0766,BLG35N0408.041749,18:07:08.32,-25:58:42.20,60073.77981,15.95,0.56,19.7,19.68,19.68,1,1.54,
KMT-2023-BLG-0767,BLG36N0202.030057,18:19:50.62,-24:37:56.78,60072.43966,175.89,0.019,24.77,19.67,19.67,1,0.85,
KMT-2023-BLG-0768,SAO37K0301.043043,17:43:09.18,-35:18:23.76,60071.73658,9.91,0.107,19.8,20.0,20.27,2,1.56,
KMT-2023-BLG-0769,BLG37T0208.028213,17:43:39.60,-35:28:48.90,60078.35566,16.18,0.178,20.3,20.0,20.24,2,1.88,
KMT-2023-BLG-0770,BLG41K0408.072332,17:51:49.54,-30:14:03.30,60068.9057,10.02,0.006,22.88,20.0,20.56,1,2.19,MB23169 OB230450
KMT-2023-BLG-0771,BLG41K0705.011364,17:49:56.46,-30:35:23.32,60095.91164,43.02,0.974,18.35,18.16,18.16,1,2.6,OB230627
KMT-2023-BLG-0772,BLG42N0203.026703,17:58:04.27,-29:51:55.91,60071.89278,5.78,0.18,19.38,18.73,18.73,1,1.5,
KMT-2023-BLG-0773,BLG42N0307.043821,17:57:10.40,-29:20:47.62,60072.48112,22.23,0.192,21.59,19.39,19.39,1,1.72,
KMT-2023-BLG-0774,BLG43M0706.078245,18:02:46.64,-27:18:29.48,60121.89077,199.86,0.433,19.65,20.0,21.09,1,2.26,OB230120
KMT-2023-BLG-0775,BLG43T0302.051140,18:00:07.54,-28:58:34.39,60077.74615,19.47,0.406,19.46,18.9,18.9,1,0.92,
KMT-2023-BLG-0776,BLG04M0403.002731,18:06:32.97,-29:41:42.00,60087.60253,16.15,0.802,17.7,16.22,16.22,1,0.82,MB23211 OB230608
KMT-2023-BLG-0777,SAO17T0303.027666,17:43:14.98,-33:58:21.90,60070.71906,36.65,0.004,23.11,19.89,19.89,1,2.63,
KMT-2023-BLG-0778,BLG31N0808.004497,18:14:10.82,-25:55:19.49,60104.50943,38.5,0.691,18.38,17.36,17.36,1,1.1,OB230626
KMT-2023-BLG-0779,BLG03N0401.004724,18:04:42.70,-28:57:41.90,60083.49963,51.43,0.997,17.17,16.62,16.62,1,0.77,
KMT-2023-BLG-0780,BLG37T0602.000358,17:40:41.53,-36:14:37.21,60165.1391,65.71,0.301,15.58,15.53,15.53,2,1.8,OB230496
KMT-2023-BLG-0781,BLG42N0802.001375,17:54:31.73,-30:01:38.60,60126.92099,43.38,0.898,16.25,15.02,15.02,1,1.33,MB23248 OB230635
KMT-2023-BLG-0782,BLG01K0607.044693,17:50:58.86,-30:14:39.19,60073.35641,30.76,0.286,21.47,19.73,19.73,1,2.32,
KMT-2023-BLG-0783,BLG01N0107.049184,17:59:10.20,-31:23:57.08,60082.0781,27.0,0.378,20.47,19.85,19.85,1,1.49,
KMT-2023-BLG-0784,SAO04K0803.013351,17:59:20.18,-29:39:54.29,60085.42115,46.37,0.375,19.95,17.92,17.92,1,1.29,
KMT-2023-BLG-0785,BLG14K0302.034027,17:35:30.52,-28:41:41.89,60080.281,28.78,0.484,19.8,20.0,20.59,2,2.99,OB230580
KMT-2023-BLG-0786,BLG14N0508.034120,17:38:52.55,-28:57:12.49,60074.88189,13.29,0.037,22.07,20.0,21.5,2,4.41,
KMT-2023-BLG-0787,BLG14N0606.007623,17:38:36.41,-29:16:17.00,60077.93944,6.67,0.218,19.59,19.57,19.57,2,4.3,
KMT-2023-BLG-0788,BLG16N0306.018832,17:40:20.54,-25:02:24.68,60078.3484,22.86,0.386,20.63,20.0,20.39,1,2.91,
KMT-2023-BLG-0789,BLG17N0104.008170,17:49:16.65,-33:50:06.50,60085.54648,51.3,0.721,18.62,18.54,18.54,1,1.71,
KMT-2023-BLG-0790,BLG20T0805.008183,17:41:55.86,-23:03:20.27,60075.03382,27.75,0.192,21.25,19.07,19.07,2,1.63,
KMT-2023-BLG-0791,SAO42T0305.022895,17:52:29.58,-29:37:45.80,60075.94842,8.18,0.092,19.5,18.51,18.51,1,2.21,MB23186 OB230481
KMT-2023-BLG-0792,BLG01M0504.041761,17:56:44.25,-30:36:55.12,60097.48442,199.09,0.023,23.19,19.59,19.59,1,1.93,MB23244 OB230604
KMT-2023-BLG-0793,BLG01N0104.021859,17:58:50.84,-31:46:35.69,60085.61047,18.1,0.589,19.76,19.38,19.38,1,1.76,
KMT-2023-BLG-0794,SAO02K0402.031723,17:52:27.49,-28:44:57.19,60076.45079,10.06,0.113,21.69,20.0,20.47,3,3.23,OB230480
KMT-2023-BLG-0795,BLG03K0601.046576,17:58:30.55,-27:52:14.09,60090.70867,35.9,0.097,20.49,19.8,19.8,1,2.59,OB230512
KMT-2023-BLG-0796,SAO03M0305.071289,18:05:11.08,-27:19:10.99,60076.88851,3.86,0.041,19.79,19.63,19.63,1,0.95,OB230487
KMT-2023-BLG-0797,BLG03N0608.029183,18:03:33.07,-28:00:43.60,60081.04003,37.85,0.313,20.51,18.66,18.66,1,1.01,OB230538
KMT-2023-BLG-0798,BLG12M0104.028036,17:31:47.15,-27:21:09.58,60079.79952,16.26,0.824,19.91,20.0,20.73,2,2.78,
KMT-2023-BLG-0799,BLG13M0406.023675,17:37:54.31,-33:37:53.40,60092.58076,49.74,0.276,20.55,20.0,20.59,2,3.01,
KMT-2023-BLG-0800,BLG15N0808.035239,17:37:20.70,-26:54:45.90,60118.2655,63.56,0.614,19.96,20.0,20.84,2,2.78,
KMT-2023-BLG-0801,BLG16N0807.018219,17:37:35.02,-24:57:50.98,60075.73089,6.41,0.684,19.97,20.0,20.36,2,2.81,
KMT-2023-BLG-0802,SAO17T0605.017695,17:41:07.48,-33:42:27.83,60078.21143,24.21,0.2,21.13,19.61,19.61,2,2.14,
KMT-2023-BLG-0803,SSO18K0601.069266,17:43:00.64,-26:37:45.52,60075.17986,22.19,0.011,22.78,20.0,21.77,2,3.12,
KMT-2023-BLG-0804,BLG19K0207.010919,17:44:56.55,-23:43:44.80,60093.056,47.83,0.264,20.31,18.31,18.31,1,1.55,OB230666
KMT-2023-BLG-0805,SAO19K0806.017429,17:41:49.79,-23:58:25.28,60074.21849,18.53,0.053,21.62,19.83,19.83,1,2.13,
KMT-2023-BLG-0806,BLG19M0107.003995,17:50:29.88,-23:44:53.38,60075.45483,3.17,0.765,17.86,17.82,17.82,2,2.5,
KMT-2023-BLG-0807,SAO19T0701.087966,17:42:11.65,-25:41:15.97,60075.09738,16.71,0.11,21.84,20.0,21.8,2,2.49,
KMT-2023-BLG-0808,BLG31M0704.001500,18:14:44.28,-25:17:09.20,60085.40996,11.87,0.515,16.44,16.2,16.2,1,1.53,MB23182
KMT-2023-BLG-0809,SAO41K0402.001705,17:52:04.01,-31:03:14.90,60083.18266,4.08,0.165,15.93,15.94,15.94,1,2.1,
KMT-2023-BLG-0810,SAO42K0101.065009,17:53:38.97,-29:04:24.71,60073.8482,18.41,0.342,20.63,19.5,19.5,1,2.11,
KMT-2023-BLG-0811,SAO42N0805.079584,17:54:34.42,-29:37:23.99,60078.46827,12.15,0.394,19.88,19.55,19.55,1,1.37,
KMT-2023-BLG-0812,BLG43M0404.014174,18:04:24.37,-27:32:07.69,60078.02284,20.93,0.398,18.21,18.09,18.09,1,0.99,OB230333
KMT-2023-BLG-0813,BLG01K0102.018249,17:53:58.76,-30:55:17.29,60079.10707,6.81,0.024,20.38,18.69,18.69,1,1.94,MB23176
KMT-2023-BLG-0814,BLG01K0105.003415,17:54:09.86,-30:30:50.69,60092.80468,15.73,0.905,17.35,16.08,16.08,1,1.46,MB23217 OB230610
KMT-2023-BLG-0815,BLG01K0601.037389,17:51:06.08,-31:01:46.88,60079.0022,8.11,0.035,21.27,20.0,20.62,2,2.63,
KMT-2023-BLG-0816,BLG01K0606.016188,17:50:55.93,-30:25:55.70,60080.30938,21.3,0.371,19.92,18.76,18.76,1,2.6,OB230503
KMT-2023-BLG-0817,BLG01M0205.052117,17:58:05.38,-30:27:35.39,60079.39986,7.81,0.059,22.19,20.0,20.37,1,2.19,
KMT-2023-BLG-0818,BLG01T0308.018750,17:52:35.24,-31:14:00.82,60085.62613,15.5,0.116,20.55,18.95,18.95,1,2.34,
KMT-2023-BLG-0819,BLG01T0505.026269,17:51:38.16,-31:38:39.41,60075.28068,182.68,0.015,23.07,20.0,20.4,1,3.45,
KMT-2023-BLG-0820,BLG02M0101.026122,17:58:42.76,-28:54:35.50,60082.59208,48.93,0.115,22.0,18.29,18.29,1,1.25,
KMT-2023-BLG-0821,BLG02M0806.022527,17:54:48.99,-28:13:02.82,60083.23606,8.33,0.078,19.81,19.75,19.75,2,3.1,OB230511
KMT-2023-BLG-0822,BLG02N0205.007454,17:58:31.11,-29:27:16.42,60095.36721,37.82,0.8,18.34,17.04,17.04,1,1.3,OB230421
KMT-2023-BLG-0823,SSO02N0605.023844,17:55:51.44,-29:29:04.60,60076.12759,0.97,0.247,18.9,18.55,18.55,1,1.79,
KMT-2023-BLG-0824,BLG02N0802.094862,17:54:40.90,-29:56:31.70,60074.22305,28.21,0.216,20.24,19.91,19.91,1,1.35,
KMT-2023-BLG-0825,BLG02T0103.040216,17:54:11.39,-29:43:46.49,60079.33363,3.4,0.098,20.18,18.76,18.76,1,1.33,MB23187
KMT-2023-BLG-0826,BLG02T0203.035665,17:53:11.42,-29:47:30.98,60090.18225,18.56,0.863,18.69,18.76,18.76,1,1.61,OB230506
KMT-2023-BLG-0827,BLG02T0401.034736,17:52:27.34,-30:02:02.18,60079.57646,10.59,0.106,20.72,19.29,19.29,1,2.06,
KMT-2023-BLG-0828,BLG03M0205.045910,18:06:00.75,-27:21:58.61,60081.47407,7.93,0.607,19.28,19.05,19.05,1,0.93,
KMT-2023-BLG-0829,BLG03M0604.073434,18:03:38.05,-27:28:07.10,60081.16217,30.46,0.092,21.61,20.0,20.29,1,1.34,
KMT-2023-BLG-0830,BLG03N0106.080166,18:06:37.91,-28:19:56.32,60082.26145,10.87,0.023,20.38,20.0,20.4,1,1.01,
KMT-2023-BLG-0831,BLG03N0407.068336,18:04:33.12,-28:13:46.20,60079.90997,7.95,0.071,19.65,19.55,19.55,1,0.9,OB230536
KMT-2023-BLG-0832,BLG03N0803.052309,18:02:34.89,-28:39:37.40,60082.41531,11.1,0.267,19.19,19.14,19.14,1,1.06,OB230489
KMT-2023-BLG-0833,BLG03N0805.060371,18:02:11.02,-28:28:57.68,60079.98054,23.9,0.019,21.49,19.25,19.25,1,1.08,MB23194 OB230535
KMT-2023-BLG-0834,SSO04T0505.063876,18:01:00.24,-30:31:14.02,60075.39506,20.23,0.074,20.79,19.75,19.75,1,1.04,MB23189
KMT-2023-BLG-0835,BLG11K0402.022210,17:25:07.49,-29:45:35.68,60091.2731,27.26,0.872,20.0,20.0,20.23,2,2.26,OB230567
KMT-2023-BLG-0836,BLG11K0604.010636,17:23:58.65,-29:25:11.71,60079.83201,45.58,0.997,19.01,18.55,18.55,1,1.44,OB230568
KMT-2023-BLG-0837,BLG11N0106.082927,17:31:50.43,-30:17:13.06,60078.69456,21.31,0.3,21.05,20.0,21.49,2,2.48,
KMT-2023-BLG-0838,BLG11T0402.058416,17:25:17.60,-30:46:55.06,60079.85502,21.13,0.098,22.27,20.0,21.98,2,2.83,
KMT-2023-BLG-0839,BLG12N0803.094696,17:27:51.97,-28:34:10.27,60077.01646,8.87,0.908,20.03,20.0,25.0,3,2.26,
KMT-2023-BLG-0840,BLG13K0205.011777,17:33:47.44,-33:43:18.12,60104.81523,46.33,0.187,19.87,20.0,20.16,2,4.41,
KMT-2023-BLG-0841,BLG13M0207.060781,17:39:00.14,-33:25:52.46,60084.20226,42.57,0.287,21.47,20.0,22.11,2,3.67,
KMT-2023-BLG-0842,BLG14K0206.049743,17:35:52.72,-28:07:14.38,60077.79351,12.06,0.002,21.57,20.0,21.43,2,3.32,
KMT-2023-BLG-0843,BLG14K0704.007836,17:32:56.84,-28:20:45.96,60074.03412,10.18,0.39,20.85,18.75,18.75,2,2.35,
KMT-2023-BLG-0844,SSO14M0507.071039,17:38:58.08,-28:01:40.44,60076.10374,5.09,0.079,21.84,20.0,21.39,2,2.89,
KMT-2023-BLG-0845,BLG14T0102.008263,17:36:10.38,-29:43:29.60,60087.65263,19.47,0.662,19.34,19.4,19.4,2,3.35,OB230583
KMT-2023-BLG-0846,BLG15M0405.000963,17:39:25.03,-26:07:07.93,60114.12097,19.74,0.749,16.48,16.45,16.45,2,2.66,OB230616
KMT-2023-BLG-0847,BLG15M0406.010831,17:39:34.88,-26:02:20.83,60083.24448,52.08,0.009,22.82,19.56,19.56,2,2.63,
KMT-2023-BLG-0848,BLG15M0502.021809,17:39:00.21,-26:34:01.34,60079.24574,14.11,0.586,20.4,20.0,20.6,3,3.03,
KMT-2023-BLG-0849,BLG15N0106.057375,17:41:00.69,-27:04:57.90,60085.88836,23.04,0.064,20.94,20.0,21.61,2,3.34,
KMT-2023-BLG-0850,BLG15N0608.027068,17:38:20.33,-26:55:21.14,60083.49127,13.39,0.308,20.12,20.0,20.82,2,2.95,
KMT-2023-BLG-0851,BLG15T0303.090725,17:35:15.66,-27:34:11.60,60079.54931,18.07,0.2,21.68,20.0,21.9,2,2.52,
KMT-2023-BLG-0852,BLG15T0801.003755,17:32:15.71,-27:47:16.04,60221.39212,109.01,0.644,18.03,17.85,17.85,2,2.4,
KMT-2023-BLG-0853,BLG16K0103.015473,17:36:26.16,-24:20:39.30,60081.8935,38.31,0.032,21.28,20.0,20.55,2,2.55,
KMT-2023-BLG-0854,BLG16N0305.076151,17:40:13.77,-25:12:30.85,60071.42697,6.48,0.946,19.87,20.0,25.0,3,2.74,
KMT-2023-BLG-0855,BLG16N0403.028792,17:39:26.73,-25:28:16.21,60078.51371,2.42,0.29,19.95,20.0,20.77,2,2.82,
KMT-2023-BLG-0856,BLG16T0706.023261,17:33:05.20,-25:00:10.76,60077.37945,15.7,0.696,20.69,20.0,21.37,2,3.01,
KMT-2023-BLG-0857,SAO17N0208.001426,17:48:32.40,-33:24:22.61,60075.11275,12.41,0.12,20.23,16.03,16.03,1,1.73,
KMT-2023-BLG-0858,BLG17N0601.033306,17:46:36.83,-34:17:08.92,60088.17509,21.27,0.517,19.41,19.46,19.46,1,1.61,OB230555
KMT-2023-BLG-0859,BLG17T0206.068306,17:43:30.51,-33:38:06.61,60078.54705,27.23,0.034,23.37,20.0,22.29,3,3.39,
KMT-2023-BLG-0860,BLG18K0704.021269,17:42:14.77,-26:12:04.57,60079.7286,29.69,0.02,23.53,20.0,20.45,2,3.47,
KMT-2023-BLG-0861,BLG18N0507.012296,17:48:03.27,-27:01:04.08,60075.03966,17.33,0.204,22.16,20.0,21.86,3,7.35,
KMT-2023-BLG-0862,BLG18T0308.035663,17:44:19.00,-26:49:09.55,60088.11481,44.77,0.003,22.16,20.0,20.95,2,3.28,
KMT-2023-BLG-0863,BLG18T0506.051978,17:43:09.54,-27:04:59.45,60080.3032,12.58,0.002,22.16,20.0,21.57,2,3.73,
KMT-2023-BLG-0864,BLG19N0808.030530,17:46:30.89,-24:44:34.26,60079.30246,13.87,0.405,21.08,20.0,21.21,2,3.14,
KMT-2023-BLG-0865,BLG21M0507.014154,17:56:30.78,-34:27:32.90,60088.98218,19.46,0.204,19.59,18.45,18.45,1,0.66,MB23210
KMT-2023-BLG-0866,BLG21M0707.073127,17:55:38.29,-34:25:29.21,60075.34269,20.12,0.015,21.66,20.0,20.71,1,0.81,
KMT-2023-BLG-0867,BLG22N0301.003355,17:57:42.69,-34:12:43.49,60104.41523,17.24,0.766,16.98,16.98,16.98,1,0.8,OB230621
KMT-2023-BLG-0868,BLG22N0401.033651,17:57:04.44,-34:15:42.91,60085.62839,105.37,0.007,22.88,19.27,19.27,1,0.77,MB23199
KMT-2023-BLG-0869,BLG31K0407.000596,18:11:28.74,-25:00:30.92,60086.23224,11.49,0.312,17.24,15.66,15.66,4,2.04,MB23191 OB230612
KMT-2023-BLG-0870,BLG31K0502.029139,18:10:38.81,-25:34:13.12,60076.20077,23.57,0.054,20.85,19.19,19.19,1,1.33,
KMT-2023-BLG-0871,BLG31M0207.031084,18:17:22.43,-24:56:11.69,60085.85896,11.25,0.13,19.76,19.52,19.52,1,1.03,MB23208
KMT-2023-BLG-0872,BLG32M0801.028501,18:11:48.29,-27:50:19.21,60085.99123,49.67,0.294,20.37,18.79,18.79,1,0.64,
KMT-2023-BLG-0873,BLG34K0705.003967,18:00:13.29,-31:30:41.11,60076.86106,2.19,0.368,19.73,17.16,17.16,1,1.34,
KMT-2023-BLG-0874,BLG34M0702.009361,18:04:58.93,-31:51:34.81,60078.13144,3.02,0.694,18.85,18.4,18.4,1,1.0,
KMT-2023-BLG-0875,BLG34T0305.012545,18:02:07.67,-32:37:42.38,60078.97156,7.36,0.101,19.67,18.61,18.61,1,0.96,MB23198
KMT-2023-BLG-0876,BLG34T0405.015496,18:01:30.92,-32:40:19.70,60090.1962,51.64,0.525,19.64,18.86,18.86,1,1.06,OB230624
KMT-2023-BLG-0877,BLG35M0808.015221,18:04:48.70,-24:52:08.76,60078.37676,11.74,0.384,20.45,20.0,25.0,3,3.53,
KMT-2023-BLG-0878,BLG36M0706.027353,18:16:36.29,-22:57:58.50,60080.06797,18.55,0.398,19.66,19.67,19.67,1,1.46,OB230546
KMT-2023-BLG-0879,SSO37K0605.028991,17:41:18.64,-34:40:51.35,60076.40554,11.58,0.012,20.94,20.0,20.41,2,2.19,
KMT-2023-BLG-0880,BLG37M0704.026006,17:45:37.52,-34:50:14.10,60075.04795,16.8,0.299,21.14,19.31,19.31,1,1.68,
KMT-2023-BLG-0881,BLG37M0705.012302,17:45:37.81,-34:46:56.50,60082.35503,12.4,0.202,19.1,18.59,18.59,1,1.57,MB23195 OB230558
KMT-2023-BLG-0882,BLG37N0508.029776,17:47:00.62,-35:31:29.10,60076.83005,3.23,0.456,19.33,19.35,19.35,1,1.11,
KMT-2023-BLG-0883,BLG41K0106.078435,17:53:51.02,-30:31:31.51,60077.73162,3.9,0.464,20.1,19.97,19.97,1,1.57,
KMT-2023-BLG-0884,BLG41M0404.035835,17:56:58.16,-30:46:34.28,60075.18856,11.9,0.578,19.9,19.06,19.06,1,1.39,
KMT-2023-BLG-0885,BLG41M0706.003798,17:55:03.83,-30:27:31.28,60083.69248,20.43,0.78,18.4,17.33,17.33,1,3.29,
KMT-2023-BLG-0886,BLG41T0104.045481,17:53:54.90,-31:52:18.30,60086.05424,13.18,0.162,19.65,19.7,19.7,1,1.84,
KMT-2023-BLG-0887,BLG41T0501.006336,17:51:09.83,-32:14:35.81,60152.426,40.99,0.278,18.01,17.99,17.99,1,2.61,MB23299 OB230772
KMT-2023-BLG-0888,BLG42M0601.018531,17:55:36.38,-29:05:06.97,60130.87436,58.14,0.494,18.75,18.65,18.65,2,1.62,
KMT-2023-BLG-0889,SAO42M0605.030778,17:55:37.87,-28:30:26.96,60075.00326,24.23,0.534,19.97,19.84,19.84,2,2.11,OB230443
KMT-2023-BLG-0890,SAO42T0707.003709,17:49:58.69,-29:21:58.72,60065.43184,33.15,0.904,18.83,17.34,17.34,1,4.84,OB230390
KMT-2023-BLG-0891,BLG01K0805.010564,17:49:51.09,-30:28:13.51,60087.66359,49.53,0.566,20.25,18.14,18.14,1,3.21,
KMT-2023-BLG-0892,BLG02N0808.009558,17:54:46.91,-29:07:53.18,60080.72739,18.28,0.065,22.28,17.32,17.32,1,2.1,
KMT-2023-BLG-0893,BLG04K0402.033020,18:01:25.46,-29:47:03.52,60080.88277,21.27,0.503,18.71,18.79,18.79,1,1.27,
KMT-2023-BLG-0894,BLG12N0502.020446,17:30:00.08,-28:41:56.15,60080.24113,16.34,0.21,20.87,19.89,19.89,2,2.34,
KMT-2023-BLG-0895,BLG15K0308.051881,17:35:33.85,-25:49:36.91,60079.85461,24.08,0.099,21.8,20.0,22.29,2,3.01,
KMT-2023-BLG-0896,BLG18T0705.024021,17:42:16.86,-27:17:12.26,60078.82935,13.02,0.073,23.19,20.0,20.86,2,3.68,
KMT-2023-BLG-0897,BLG20N0501.001415,17:47:52.35,-23:29:04.20,60223.24621,81.06,0.311,16.42,16.41,16.41,2,1.67,OB230835
KMT-2023-BLG-0898,BLG22K0106.021342,17:53:53.01,-32:27:56.81,60096.15362,19.84,0.071,18.94,18.82,18.82,1,1.37,MB23212 OB230660
KMT-2023-BLG-0899,BLG22M0801.029142,17:54:44.54,-33:08:37.79,60104.76486,33.3,1.0,19.3,19.29,19.29,1,1.34,
KMT-2023-BLG-0900,BLG22M0804.001441,17:55:01.99,-32:46:50.02,60092.99708,7.82,0.983,15.77,15.76,15.76,1,1.41,MB23201 OB230638
KMT-2023-BLG-0901,BLG33K0607.052844,18:10:08.40,-29:08:15.68,60102.03576,30.01,0.603,19.69,19.82,19.82,1,0.67,
KMT-2023-BLG-0902,BLG36M0504.043887,18:17:42.04,-23:15:56.59,60074.79346,26.99,0.195,20.1,20.0,20.28,1,1.21,
KMT-2023-BLG-0903,BLG37K0403.002864,17:42:01.29,-34:56:35.16,60236.44238,102.7,0.189,17.14,17.14,17.14,2,1.96,OB230665
KMT-2023-BLG-0904,BLG38T0508.027677,17:52:30.38,-22:42:43.20,60079.46057,4.31,0.25,19.32,19.61,19.61,1,2.23,
KMT-2023-BLG-0905,SAO02K0405.035228,17:52:16.37,-28:21:48.53,60082.49207,13.36,0.076,20.58,20.0,20.67,2,3.41,OB230502
KMT-2023-BLG-0906,BLG02M0507.012198,17:56:27.00,-28:08:42.61,60083.07015,33.67,0.134,19.87,17.88,17.88,1,1.97,OB230444 OB230483
KMT-2023-BLG-0907,SAO02N0406.053738,17:57:07.84,-29:22:29.32,60080.78118,1.0,0.246,19.5,19.5,19.5,1,1.85,
KMT-2023-BLG-0908,BLG02N0502.035936,17:56:30.76,-29:54:27.29,60081.75185,3.81,0.647,19.15,19.23,19.23,1,1.68,
KMT-2023-BLG-0909,SAO03N0402.074721,18:04:50.25,-28:46:34.00,60082.67433,18.9,0.136,21.88,19.72,19.72,1,0.84,
KMT-2023-BLG-0910,SAO11K0405.065333,17:25:34.36,-29:20:29.40,60080.96921,2.02,0.479,20.23,20.0,20.67,1,1.74,
KMT-2023-BLG-0911,SAO11K0702.015848,17:23:41.90,-29:43:49.51,60094.50685,51.4,0.05,23.03,19.66,19.66,2,1.81,
KMT-2023-BLG-0912,SAO11N0504.012727,17:29:24.09,-30:38:13.81,60082.15493,6.23,0.275,19.97,20.0,20.07,2,3.89,
KMT-2023-BLG-0913,BLG13K0105.037715,17:34:39.10,-33:42:11.88,60079.4811,19.13,0.461,20.42,20.0,22.25,2,4.57,
KMT-2023-BLG-0914,SAO14K0108.056687,17:36:08.06,-27:54:07.99,60081.38829,36.54,0.014,23.76,20.0,21.7,2,3.55,
KMT-2023-BLG-0915,BLG14K0407.003421,17:34:31.88,-28:00:40.68,60231.6032,103.75,0.098,17.68,17.72,17.72,2,2.82,
KMT-2023-BLG-0916,BLG14T0703.110572,17:32:56.56,-29:38:44.12,60128.05459,199.98,0.043,20.59,20.0,25.0,3,2.86,OB230584
KMT-2023-BLG-0917,BLG14T0803.004748,17:32:30.59,-29:38:33.61,60079.97647,27.61,0.014,23.26,18.21,18.21,2,3.07,
KMT-2023-BLG-0918,BLG16K0705.029784,17:33:17.76,-24:02:23.35,60082.55655,42.03,0.065,22.68,20.0,20.68,2,1.85,
KMT-2023-BLG-0919,SAO17N0507.022203,17:46:52.35,-33:28:20.21,60080.32494,17.21,0.034,23.17,19.21,19.21,1,1.73,
KMT-2023-BLG-0920,BLG19K0201.054382,17:45:13.59,-24:35:11.00,60080.94951,17.92,0.088,22.75,20.0,20.91,2,2.64,
KMT-2023-BLG-0921,BLG20N0107.020542,17:50:20.47,-22:47:32.10,60098.90383,30.85,0.009,20.09,19.36,19.36,1,2.06,OB230650
KMT-2023-BLG-0922,BLG22M0405.062471,17:57:27.88,-32:33:52.81,60082.87391,16.34,0.299,20.89,20.0,20.32,1,1.38,
KMT-2023-BLG-0923,BLG37M0801.058406,17:44:56.14,-35:16:29.24,60092.76097,32.67,0.186,20.87,20.0,20.69,2,1.35,OB230557
KMT-2023-BLG-0924,SAO42M0807.008188,17:54:19.99,-28:17:47.98,60084.75668,10.1,0.9,18.68,18.15,18.15,4,2.77,
KMT-2023-BLG-0925,BLG01N0603.055128,17:56:16.96,-31:54:53.60,60090.58293,14.05,0.267,19.72,19.65,19.65,1,1.16,OB230620
KMT-2023-BLG-0926,SAO03T0306.037409,18:00:41.02,-28:15:56.41,60083.74782,18.9,0.274,20.91,18.77,18.77,1,1.28,
KMT-2023-BLG-0927,BLG04T0605.044937,18:00:36.46,-30:32:28.61,60085.56445,25.82,0.003,20.96,19.27,19.27,1,1.11,MB23200
KMT-2023-BLG-0928,SAO12T0705.008016,17:23:29.85,-28:17:23.75,60087.3125,51.65,0.656,19.47,19.42,19.42,2,1.87,
KMT-2023-BLG-0929,BLG13N0808.018523,17:34:58.96,-34:26:50.75,60117.8369,177.62,0.317,20.01,20.0,20.75,2,3.92,
KMT-2023-BLG-0930,SAO14N0501.022667,17:38:51.74,-29:54:28.40,60081.14435,4.48,0.02,23.16,20.0,21.78,2,4.77,
KMT-2023-BLG-0931,SAO19N0707.005847,17:47:11.48,-24:54:38.45,60143.58144,126.18,0.132,20.3,19.0,19.0,2,3.61,OB230667
KMT-2023-BLG-0932,BLG31M0606.028706,18:15:11.73,-25:04:31.19,60194.70583,199.18,0.051,19.52,19.59,19.59,1,1.35,MB23345 OB230756
KMT-2023-BLG-0933,BLG37K0204.080496,17:43:34.02,-34:48:28.91,60091.27557,21.58,0.828,20.21,20.0,21.97,2,2.38,
KMT-2023-BLG-0934,SSO01K0503.075275,17:51:52.34,-30:44:17.81,60082.5851,2.27,0.015,20.02,20.0,20.59,1,2.01,
KMT-2023-BLG-0935,BLG02N0308.045295,17:57:51.92,-29:08:51.40,60082.31117,47.97,0.205,19.93,19.15,19.15,1,1.42,
KMT-2023-BLG-0936,BLG03K0201.029531,18:01:11.28,-27:52:35.40,60086.70846,62.11,0.16,19.43,18.74,18.74,1,1.26,MB23192
KMT-2023-BLG-0937,SAO19K0502.034796,17:43:38.69,-24:22:09.41,60083.89328,14.61,0.37,19.89,19.94,19.94,1,2.15,
KMT-2023-BLG-0938,BLG19N0802.005097,17:46:23.98,-25:32:41.14,60083.62873,53.18,0.833,19.31,18.24,18.24,2,3.04,
KMT-2023-BLG-0939,BLG22T0207.023955,17:53:39.81,-33:28:19.42,60162.13761,126.57,0.061,18.97,19.15,19.15,1,1.36,MB23227 OB230232
KMT-2023-BLG-0940,BLG02T0505.060325,17:51:37.02,-29:31:44.80,60086.00028,6.83,0.031,22.49,20.0,20.21,1,2.51,
KMT-2023-BLG-0941,BLG03K0502.010476,17:59:15.07,-27:39:15.59,60084.04197,7.96,0.128,20.84,17.86,17.86,1,2.26,OB230514
KMT-2023-BLG-0942,BLG03T0102.084628,18:01:42.02,-28:49:09.98,60087.01854,9.23,0.006,21.35,19.91,19.91,1,1.17,MB23204 OB230531
KMT-2023-BLG-0943,BLG04M0201.018063,18:07:51.40,-29:59:04.42,60084.21926,5.66,0.289,18.99,18.59,18.59,1,0.73,
KMT-2023-BLG-0944,BLG04N0806.030813,18:04:25.37,-30:28:06.49,60086.46036,8.65,0.198,21.49,19.14,19.14,1,1.22,
KMT-2023-BLG-0945,BLG11N0304.051398,17:31:04.07,-30:33:29.09,60086.5175,141.68,0.002,24.2,20.0,21.2,2,2.8,
KMT-2023-BLG-0946,BLG11N0508.011979,17:29:46.64,-30:05:30.52,60090.04441,8.39,0.006,19.41,19.2,19.2,2,2.17,
KMT-2023-BLG-0947,BLG12M0102.027328,17:32:04.07,-27:31:49.66,60094.62128,30.35,0.326,20.56,20.0,20.51,2,2.59,OB230695
KMT-2023-BLG-0948,BLG12T0201.032204,17:26:42.61,-28:47:13.67,60095.14347,48.98,0.293,20.82,20.0,20.27,2,2.08,OB230595
KMT-2023-BLG-0949,BLG14K0606.019983,17:33:40.66,-28:05:29.26,60093.38378,177.89,0.004,23.57,20.0,20.09,2,2.72,OB230581
KMT-2023-BLG-0950,BLG14N0305.039438,17:40:07.76,-29:22:42.46,60085.42962,8.32,0.075,22.53,20.0,23.28,3,6.82,
KMT-2023-BLG-0951,BLG14N0406.003903,17:39:28.46,-29:12:53.10,60084.28254,12.33,0.006,23.61,19.47,19.47,2,5.12,
KMT-2023-BLG-0952,BLG15T0701.078781,17:32:50.16,-27:44:56.36,60088.6415,6.62,0.715,19.99,20.0,21.97,2,2.53,
KMT-2023-BLG-0953,BLG17M0105.041120,17:49:22.72,-32:38:43.37,60087.49839,11.16,0.485,19.59,20.0,21.21,2,2.88,
KMT-2023-BLG-0954,BLG17T0204.034238,17:43:35.08,-33:51:16.27,60087.59045,12.56,0.051,21.84,20.0,21.0,2,3.2,
KMT-2023-BLG-0955,BLG18K0405.085026,17:43:50.12,-26:10:16.10,60083.03229,12.1,0.107,21.99,20.0,21.77,2,2.88,
KMT-2023-BLG-0956,BLG18K0503.077933,17:43:31.07,-26:21:41.29,60089.3838,18.83,0.197,20.95,20.0,21.47,2,2.84,
KMT-2023-BLG-0957,BLG18M0808.005293,17:46:29.42,-25:43:01.45,60091.62181,17.04,0.43,20.07,17.87,17.87,2,2.49,
KMT-2023-BLG-0958,BLG20K0401.016844,17:44:08.59,-22:23:44.52,60087.43945,8.85,0.068,20.93,20.0,20.21,4,1.96,
KMT-2023-BLG-0959,BLG20M0804.002308,17:46:10.02,-22:05:25.76,60080.49654,26.97,1.0,19.0,17.04,17.04,4,1.67,
KMT-2023-BLG-0960,BLG20T0503.028262,17:43:32.39,-23:17:33.36,60221.23785,55.86,0.222,19.63,20.0,20.04,2,1.77,OB231302
KMT-2023-BLG-0961,BLG21K0102.020937,17:53:49.45,-35:03:42.08,60092.70474,10.79,0.455,19.43,19.19,19.19,1,1.03,
KMT-2023-BLG-0962,BLG22T0305.001111,17:52:40.31,-33:41:57.70,60085.89509,26.3,1.0,19.99,15.96,15.96,1,1.82,
KMT-2023-BLG-0963,BLG31M0204.054891,18:17:26.81,-25:18:09.79,60088.38999,11.37,0.119,20.31,20.0,20.32,1,0.9,
KMT-2023-BLG-0964,BLG31M0404.044034,18:16:23.64,-25:17:38.40,60144.57096,85.57,0.29,19.62,19.8,19.8,1,0.93,OB230770
KMT-2023-BLG-0965,BLG32T0606.029425,18:08:00.22,-28:17:47.40,60107.79255,35.8,0.6,18.87,18.91,18.91,1,1.0,OB230720
KMT-2023-BLG-0966,BLG33T0503.035042,18:10:15.47,-30:50:25.01,60084.97201,6.07,0.113,20.51,19.58,19.58,1,0.57,
KMT-2023-BLG-0967,BLG34K0106.066338,18:03:41.10,-31:25:12.11,60085.27419,6.26,0.37,20.4,20.0,20.47,1,1.0,
KMT-2023-BLG-0968,BLG34K0702.017847,17:59:56.32,-31:51:41.18,60132.77423,46.13,0.01,19.21,18.83,18.83,1,1.25,OB230705
KMT-2023-BLG-0969,BLG37M0807.069318,17:44:44.77,-34:29:47.80,60085.91893,7.19,0.768,19.93,20.0,20.65,1,1.67,
KMT-2023-BLG-0970,BLG41M0401.021200,17:57:01.77,-31:05:28.50,60091.9539,1.61,0.014,19.17,18.65,18.65,1,1.17,
KMT-2023-BLG-0971,BLG43N0307.027331,18:05:02.42,-28:20:42.61,60086.05808,10.28,0.678,19.42,18.58,18.58,1,1.01,OB230534
KMT-2023-BLG-0972,BLG01T0301.003285,17:52:49.67,-32:07:13.58,60125.74841,22.72,0.894,16.64,16.62,16.62,1,1.82,MB23240
KMT-2023-BLG-0973,BLG02M0801.000972,17:54:54.30,-28:55:00.34,60120.06488,20.36,0.114,15.2,15.19,15.19,2,1.93,MB23218
KMT-2023-BLG-0974,SAO02N0706.005391,17:55:13.29,-29:22:28.81,60105.0064,53.02,0.727,17.93,16.19,16.19,1,1.65,MB23235 OB230517
KMT-2023-BLG-0975,BLG11K0104.002994,17:27:05.38,-29:26:05.39,60112.94341,24.93,0.999,17.45,16.65,16.65,1,1.89,OB230648
KMT-2023-BLG-0976,BLG14M0701.014418,17:37:45.95,-28:44:31.52,60118.83339,51.88,0.455,19.89,19.93,19.93,2,3.26,OB230700
KMT-2023-BLG-0977,BLG17M0703.009307,17:45:51.18,-32:50:34.48,60089.3809,43.44,0.027,21.84,19.64,19.64,3,3.83,
KMT-2023-BLG-0978,BLG17N0403.064500,17:47:22.45,-33:59:34.12,60091.76708,29.3,0.189,20.8,20.0,20.53,1,1.64,
KMT-2023-BLG-0979,SSO18M0707.010249,17:46:43.17,-25:55:29.42,60106.58272,36.4,0.417,19.5,19.39,19.39,2,3.18,OB230599
KMT-2023-BLG-0980,BLG20M0206.008246,17:49:24.09,-21:44:53.09,60098.17125,52.58,0.154,21.1,19.34,19.34,4,2.54,OB230574
KMT-2023-BLG-0981,BLG35K0404.013855,18:02:15.49,-25:18:18.72,60107.3722,42.14,0.49,19.96,20.0,20.59,2,3.78,
KMT-2023-BLG-0982,BLG42T0202.023744,17:53:10.74,-30:04:16.28,60088.9117,7.01,0.145,19.95,18.45,18.45,1,1.56,OB230504
KMT-2023-BLG-0983,BLG43N0606.058974,18:03:16.77,-28:28:43.50,60087.19507,6.08,0.257,20.36,19.27,19.27,1,0.95,
KMT-2023-BLG-0984,BLG11K0202.005028,17:26:33.97,-29:40:18.41,60123.22366,39.26,0.229,18.09,18.11,18.11,2,2.11,OB230566
KMT-2023-BLG-0985,BLG11T0202.012897,17:26:32.30,-30:49:08.08,60093.69032,91.47,0.062,22.11,20.0,20.55,2,3.35,
KMT-2023-BLG-0986,BLG15N0203.018025,17:40:53.68,-27:32:41.57,60092.22006,94.56,0.06,22.21,20.0,20.12,2,3.18,OB230586
KMT-2023-BLG-0987,BLG17K0605.002809,17:41:18.73,-32:38:02.72,60238.39998,199.98,0.233,19.1,18.27,18.27,2,3.74,
KMT-2023-BLG-0988,BLG18T0607.016150,17:42:36.18,-27:00:23.72,60110.89609,34.23,0.166,20.18,20.0,20.4,2,3.78,OB230718
KMT-2023-BLG-0989,BLG19T0702.081429,17:42:23.22,-25:28:27.23,60089.21899,12.14,0.026,21.66,20.0,21.87,2,2.64,
KMT-2023-BLG-0990,BLG31T0502.002559,18:10:50.95,-26:42:46.51,60122.41818,16.41,0.541,16.13,16.13,16.13,1,1.1,MB23236 OB230694
KMT-2023-BLG-0991,BLG33K0608.064873,18:09:44.91,-29:01:14.92,60084.64473,21.01,0.016,22.49,20.0,20.42,1,0.83,
KMT-2023-BLG-0992,BLG34K0508.007452,18:01:05.84,-31:08:16.69,60086.24894,23.87,0.219,19.16,18.02,18.02,1,1.44,MB23215 OB230542
KMT-2023-BLG-0993,BLG37N0507.003694,17:46:44.45,-35:33:48.38,60139.41835,41.24,0.999,17.93,17.16,17.16,1,1.2,
KMT-2023-BLG-0994,BLG43N0308.031230,18:04:54.30,-28:11:06.40,60087.04747,7.73,0.095,22.03,18.6,18.6,1,0.96,
KMT-2023-BLG-0995,BLG02N0503.002904,17:56:49.08,-29:50:01.21,60092.03615,1.12,0.048,21.87,16.03,16.03,1,1.98,
KMT-2023-BLG-0996,BLG04K0507.084917,18:01:19.90,-29:09:29.09,60088.89426,4.67,0.207,20.07,20.0,20.31,1,1.27,OB230529
KMT-2023-BLG-0997,SAO04M0803.002826,18:04:27.70,-29:37:39.79,60090.34897,12.44,0.992,16.89,15.93,15.93,1,0.84,MB23209 OB230540
KMT-2023-BLG-0998,BLG11T0208.016809,17:26:33.99,-30:00:44.46,60092.60732,25.16,0.057,21.8,20.0,20.03,2,2.5,
KMT-2023-BLG-0999,SAO11T0606.016270,17:24:07.75,-30:18:00.68,60088.90077,16.41,0.012,21.55,20.0,20.41,2,2.51,OB230596
KMT-2023-BLG-1000,BLG14M0601.015662,17:38:37.22,-28:48:26.78,60100.49908,22.54,0.172,20.05,20.0,20.05,2,3.9,OB230618 OB230668
KMT-2023-BLG-1001,SAO14T0701.067378,17:32:39.78,-29:51:24.01,60093.92748,58.97,0.034,21.41,20.0,21.46,2,2.74,
KMT-2023-BLG-1002,BLG15M0307.004356,17:40:13.38,-25:50:49.06,60090.85018,4.39,0.906,18.44,18.44,18.44,2,2.97,OB230587
KMT-2023-BLG-1003,BLG15N0204.035957,17:40:34.52,-27:27:40.93,60090.33244,6.44,0.865,19.97,20.0,20.82,2,3.2,
KMT-2023-BLG-1004,SAO15N0505.093258,17:38:49.20,-27:14:43.76,60088.44245,6.31,0.054,22.17,20.0,21.71,2,3.04,
KMT-2023-BLG-1005,BLG17N0401.001096,17:47:23.29,-34:13:48.61,60131.96389,38.08,0.998,16.73,15.61,15.61,1,1.51,MB23230 OB230712
KMT-2023-BLG-1006,SAO18N0708.024176,17:47:03.56,-26:54:49.07,60091.85986,56.9,0.156,21.57,20.0,21.33,2,4.72,
KMT-2023-BLG-1007,SAO18T0107.015777,17:45:50.32,-26:56:05.46,60112.25849,34.65,0.583,19.91,20.0,20.3,2,4.12,
KMT-2023-BLG-1008,SSO20T0101.007849,17:45:54.03,-23:30:09.61,,,,,18.16,18.16,1,1.72,OB230774
KMT-2023-BLG-1009,BLG21K0405.012733,17:51:58.29,-34:45:46.58,60090.59779,33.11,0.411,20.24,18.28,18.28,1,0.81,
KMT-2023-BLG-1010,BLG22K0205.002702,17:53:23.94,-32:35:03.91,60102.43922,14.36,0.672,17.97,16.3,16.3,1,1.62,MB23226 OB230661
KMT-2023-BLG-1011,BLG22T0507.006085,17:51:48.50,-33:33:03.35,60104.83093,17.57,0.029,18.53,18.2,18.2,2,1.9,MB23222 OB230619
KMT-2023-BLG-1012,BLG32K0406.012745,18:09:03.12,-27:08:20.40,60164.28772,76.28,0.397,18.3,18.32,18.32,1,1.11,MB23333 OB230656
KMT-2023-BLG-1013,SSO34K0507.020608,18:01:09.68,-31:15:59.51,60087.97952,16.18,0.046,21.57,19.02,19.02,1,1.32,
KMT-2023-BLG-1014,BLG37K0102.011642,17:44:15.96,-35:06:41.22,60101.161,35.38,0.451,19.4,18.92,18.92,2,1.41,
KMT-2023-BLG-1015,BLG37K0203.096029,17:43:37.11,-35:01:57.07,60098.20311,45.74,0.028,21.46,20.0,22.3,2,1.76,
KMT-2023-BLG-1016,BLG41K0607.045129,17:50:43.22,-30:24:53.71,60090.43358,28.9,0.103,22.48,20.0,20.08,1,2.61,
KMT-2023-BLG-1017,BLG41M0703.081113,17:55:15.97,-30:52:23.30,60090.7825,18.23,0.298,21.33,20.0,20.09,1,1.36,
KMT-2023-BLG-1018,BLG42K0101.009816,17:53:41.83,-28:59:47.18,60094.41586,19.35,0.895,17.23,17.06,17.06,1,2.19,OB230479
KMT-2023-BLG-1019,SSO42K0206.100081,17:53:13.84,-28:20:19.64,60091.30547,76.97,0.054,22.86,20.0,25.0,3,2.66,
KMT-2023-BLG-1020,BLG42M0705.020067,17:55:10.47,-28:30:48.46,60102.74566,26.38,0.111,19.78,19.32,19.32,2,2.43,MB23232 OB230509
KMT-2023-BLG-1021,BLG42N0204.002212,17:57:55.77,-29:42:30.38,60080.99767,38.27,0.999,17.87,15.48,15.48,1,1.28,
KMT-2023-BLG-1022,SAO43T0302.019749,18:00:00.86,-28:53:15.40,60090.10101,8.27,0.019,20.95,18.05,18.05,1,1.07,OB230519 OB230532 OB230533
KMT-2023-BLG-1023,BLG02M0503.101204,17:56:40.60,-28:41:16.40,60091.08972,3.51,0.303,20.01,20.0,20.24,1,1.75,OB230521
KMT-2023-BLG-1024,BLG03T0806.025936,17:57:23.13,-28:21:53.71,60102.198,17.51,1.0,18.89,18.62,18.62,1,1.69,
KMT-2023-BLG-1025,BLG12N0403.036007,17:30:25.88,-28:35:08.30,60114.12806,42.38,0.281,20.0,20.0,20.25,2,2.06,OB230687
KMT-2023-BLG-1026,BLG15M0401.041791,17:39:41.87,-26:41:15.79,60090.24333,24.01,0.03,22.52,20.0,21.16,3,3.0,
KMT-2023-BLG-1027,BLG15N0601.062917,17:38:20.13,-27:45:54.65,60090.16898,8.03,0.015,23.13,20.0,21.01,2,2.62,
KMT-2023-BLG-1028,BLG16T0102.046725,17:36:22.77,-25:31:06.92,60088.30503,115.46,0.031,24.49,20.0,22.58,2,3.91,
KMT-2023-BLG-1029,BLG19K0708.014601,17:42:25.27,-23:38:24.61,60095.26037,53.53,0.267,22.63,19.28,19.28,1,2.04,
KMT-2023-BLG-1030,BLG19M0707.003901,17:46:58.23,-23:45:47.59,60092.30041,4.71,0.113,20.03,17.32,17.32,1,2.19,
KMT-2023-BLG-1031,BLG21K0403.015334,17:52:03.29,-34:59:16.12,60109.49653,40.73,0.944,18.39,18.3,18.3,1,0.63,OB230653
KMT-2023-BLG-1032,BLG32K0501.031994,18:08:43.93,-27:48:50.62,60091.62117,26.43,0.09,21.76,18.98,18.98,1,1.1,
KMT-2023-BLG-1033,BLG32T0601.022758,18:08:11.05,-28:53:12.01,60096.18996,27.32,0.187,21.58,18.61,18.61,1,0.97,
KMT-2023-BLG-1034,SSO33T0805.036048,18:08:59.77,-30:35:23.89,60089.87204,33.05,0.213,21.07,19.52,19.52,1,0.72,
KMT-2023-BLG-1035,BLG34N0502.023554,18:06:25.75,-33:03:24.52,60088.59569,3.16,0.323,19.05,19.3,19.3,1,0.63,
KMT-2023-BLG-1036,BLG42K0607.008943,17:50:52.42,-28:18:30.31,60092.96279,6.73,0.555,19.84,19.85,19.85,2,4.93,
KMT-2023-BLG-1037,BLG42M0404.059089,17:56:58.28,-28:37:33.38,60098.02638,14.99,0.137,19.32,19.48,19.48,1,1.79,MB23225 OB230520
KMT-2023-BLG-1038,BLG42N0604.027253,17:55:35.46,-29:49:34.39,60106.54371,25.4,0.116,19.53,18.57,18.57,1,1.41,MB23229 OB230515
KMT-2023-BLG-1039,BLG42T0507.049869,17:51:26.41,-29:26:17.41,60100.8546,37.05,0.204,21.36,20.0,20.78,1,3.53,
KMT-2023-BLG-1040,SAO43M0502.003221,18:03:43.16,-27:49:04.30,60131.59639,40.9,0.845,16.99,15.95,15.95,1,1.09,MB23256 OB230607
KMT-2023-BLG-1041,BLG01M0706.067541,17:55:21.42,-30:19:48.50,60102.22424,33.02,0.326,20.03,20.0,20.35,1,1.93,OB230791
KMT-2023-BLG-1042,SAO01T0706.055782,17:50:26.05,-31:27:20.09,60095.1571,35.57,0.01,22.62,20.0,25.0,3,4.51,
KMT-2023-BLG-1043,BLG02M0807.004865,17:54:58.43,-28:10:15.64,60094.29182,10.5,0.011,21.16,17.91,17.91,2,2.91,
KMT-2023-BLG-1044,BLG02N0603.090600,17:56:00.10,-29:49:44.18,60092.18132,11.97,0.104,21.16,20.0,20.29,1,1.8,
KMT-2023-BLG-1045,SAO02N0805.023942,17:55:03.93,-29:33:37.91,60097.77507,7.57,0.269,18.44,18.31,18.31,1,1.34,MB23223
KMT-2023-BLG-1046,SAO03K0301.074128,18:00:31.01,-27:47:11.51,60093.489,7.88,0.27,20.22,20.0,20.04,1,1.62,
KMT-2023-BLG-1047,BLG03M0408.050933,18:04:51.39,-26:53:20.11,60092.30535,3.72,0.281,19.51,19.42,19.42,1,1.19,
KMT-2023-BLG-1048,BLG04N0404.042467,18:06:30.71,-30:38:34.40,60096.01024,22.44,0.092,21.3,19.87,19.87,1,1.12,
KMT-2023-BLG-1049,BLG11N0405.116215,17:30:12.71,-30:23:07.40,60098.18394,79.0,0.014,22.72,20.0,25.0,3,2.63,
KMT-2023-BLG-1050,BLG11N0606.054375,17:29:12.48,-30:16:29.86,60098.14352,17.15,0.029,20.73,20.0,21.04,2,2.3,
KMT-2023-BLG-1051,BLG12T0603.013592,17:24:17.04,-28:32:30.16,60095.40409,9.26,0.216,19.93,19.96,19.96,2,2.09,OB230614
KMT-2023-BLG-1052,BLG12T0802.010289,17:22:55.59,-28:42:03.46,60094.89653,54.43,0.089,21.69,19.96,19.96,2,2.16,
KMT-2023-BLG-1053,BLG14K0303.032843,17:35:12.97,-28:29:34.84,60096.37682,14.04,0.8,20.68,20.0,20.87,2,3.14,
KMT-2023-BLG-1054,BLG14K0607.005672,17:33:34.58,-28:02:10.21,60091.41199,20.23,0.079,22.36,18.28,18.28,2,2.73,
KMT-2023-BLG-1055,BLG14T0604.002174,17:33:23.76,-29:27:28.76,60091.98465,8.8,0.01,20.49,17.41,17.41,2,3.05,
KMT-2023-BLG-1056,SAO15M0803.046090,17:37:20.34,-26:26:54.20,60105.19563,29.2,0.388,20.16,20.0,21.12,2,2.9,
KMT-2023-BLG-1057,BLG15T0302.016627,17:35:30.12,-27:38:25.66,60093.91074,35.42,0.586,20.31,20.0,20.02,2,2.62,
KMT-2023-BLG-1058,SAO15T0501.044235,17:34:17.78,-27:43:57.76,60091.54309,1.23,0.135,19.85,20.0,20.95,2,2.67,
KMT-2023-BLG-1059,BLG16K0805.008407,17:32:51.77,-24:01:18.88,60093.65375,18.46,0.082,22.32,19.54,19.54,2,1.7,
KMT-2023-BLG-1060,BLG17K0801.014388,17:39:47.86,-33:11:29.15,60116.49949,34.61,0.095,19.85,20.0,20.0,2,3.34,OB230716
KMT-2023-BLG-1061,BLG17N0405.011587,17:47:41.65,-33:41:34.58,60091.87635,21.03,0.942,19.33,19.01,19.01,1,1.86,
KMT-2023-BLG-1062,SSO19T0208.075874,17:44:58.00,-24:49:19.67,60091.72003,23.73,0.086,21.65,20.0,21.73,2,2.72,
KMT-2023-BLG-1063,BLG19T0304.034021,17:44:20.52,-25:14:41.86,60096.37829,11.03,0.053,21.26,20.0,20.83,2,2.97,
KMT-2023-BLG-1064,BLG21M0103.046822,17:58:57.13,-34:55:54.08,60093.95328,6.13,0.139,20.02,20.0,20.23,1,0.59,
KMT-2023-BLG-1065,BLG31M0708.020472,18:14:32.57,-24:46:23.02,60100.66652,13.93,0.694,19.8,19.28,19.28,1,1.59,OB230663
KMT-2023-BLG-1066,BLG31M0803.009285,18:14:07.14,-25:27:10.19,60102.47858,32.66,0.06,20.46,18.43,18.43,1,1.42,MB23234 OB230708
KMT-2023-BLG-1067,BLG31T0508.017060,18:10:42.17,-25:54:34.42,60102.66237,14.04,0.223,18.7,18.46,18.46,1,1.01,OB230709
KMT-2023-BLG-1068,BLG32T0108.076703,18:10:52.36,-28:03:04.28,60089.52362,12.39,0.387,20.43,20.0,20.33,1,0.6,
KMT-2023-BLG-1069,BLG34M0807.004730,18:04:20.45,-31:17:55.00,60137.31304,28.58,0.263,17.93,17.95,17.95,1,1.55,MB23289 OB230781
KMT-2023-BLG-1070,BLG35T0402.014183,18:02:10.22,-26:39:51.12,60094.36096,14.62,0.104,21.13,19.34,19.34,2,2.46,
KMT-2023-BLG-1071,BLG35T0603.025064,18:01:11.40,-26:32:15.40,60091.56668,9.04,0.298,21.32,20.0,20.6,2,3.13,
KMT-2023-BLG-1072,SAO36M0706.034646,18:16:45.09,-22:58:45.19,60092.75308,38.85,0.232,21.23,20.0,20.05,1,1.49,
KMT-2023-BLG-1073,BLG36N0607.004809,18:17:20.63,-23:58:09.98,60093.87906,7.81,0.082,19.45,17.45,17.45,1,1.08,OB230644
KMT-2023-BLG-1074,SAO37T0708.003022,17:40:04.34,-35:30:46.80,60105.75976,17.37,1.0,17.27,17.25,17.25,2,1.76,OB230560
KMT-2023-BLG-1075,BLG42N0507.089842,17:56:06.63,-29:23:19.50,60092.76244,85.3,0.024,24.19,20.0,20.25,1,2.01,
KMT-2023-BLG-1076,SAO42T0107.041866,17:53:45.52,-29:23:22.42,60093.12993,2.7,0.413,19.33,19.16,19.16,1,2.03,
KMT-2023-BLG-1077,SAO43K0403.055831,17:59:23.11,-27:40:37.70,60091.95451,5.08,0.047,21.25,19.81,19.81,1,2.07,
KMT-2023-BLG-1078,SAO02K0505.016752,17:51:39.91,-28:21:10.94,60128.11281,60.73,0.694,19.28,19.25,19.25,2,3.33,
KMT-2023-BLG-1079,BLG03T0201.006950,18:00:54.87,-28:55:44.29,60098.8033,6.95,0.999,17.87,16.9,16.9,1,0.99,
KMT-2023-BLG-1080,SSO04K0307.067161,18:02:31.07,-29:08:38.69,60095.35895,7.36,0.129,19.58,19.55,19.55,1,1.02,OB230526
KMT-2023-BLG-1081,BLG11M0202.034421,17:31:13.38,-29:44:53.30,60096.17535,9.06,0.81,19.96,20.0,20.58,2,2.55,
KMT-2023-BLG-1082,SSO12T0503.024997,17:24:35.52,-28:38:36.38,60111.85788,54.3,0.362,19.74,20.0,20.6,2,2.13,OB230564
KMT-2023-BLG-1083,BLG15N0504.113528,17:39:02.28,-27:28:00.41,60092.0021,7.02,0.006,20.95,20.0,25.0,3,2.43,
KMT-2023-BLG-1084,SSO15T0501.023001,17:33:56.12,-27:49:57.79,60094.75804,3.67,0.051,19.93,20.0,20.37,2,2.71,
KMT-2023-BLG-1085,SAO18K0608.004928,17:42:47.29,-25:45:22.46,60122.63519,68.73,0.321,21.69,18.1,18.1,2,2.93,OB231036
KMT-2023-BLG-1086,BLG19N0107.005559,17:50:32.76,-24:51:16.96,60090.00443,199.99,1.0,19.58,19.36,19.36,2,4.05,
KMT-2023-BLG-1087,SSO20K0502.016034,17:43:31.19,-22:18:49.90,60093.87032,11.05,0.046,21.14,19.43,19.43,4,1.8,
KMT-2023-BLG-1088,BLG31N0105.005606,18:17:56.69,-26:19:10.60,60133.16268,24.5,0.185,17.68,17.7,17.7,1,0.85,MB23277 OB230783
KMT-2023-BLG-1089,BLG37T0204.034986,17:43:42.82,-36:00:57.13,60092.7263,109.24,0.022,24.27,20.0,20.51,2,1.53,
KMT-2023-BLG-1090,BLG38T0503.001686,17:52:18.13,-23:16:54.19,60185.00611,77.9,0.914,17.3,16.51,16.51,4,2.63,OB230699
KMT-2023-BLG-1091,BLG02M0506.088028,17:56:27.37,-28:18:19.19,60092.03893,0.5,0.098,19.42,20.0,21.05,1,2.24,
KMT-2023-BLG-1092,BLG03K0301.011543,18:00:21.45,-27:52:04.30,60096.44591,7.51,0.27,20.49,17.91,17.91,1,1.78,
KMT-2023-BLG-1093,BLG03T0506.063120,17:59:22.78,-28:18:19.30,60096.20351,22.97,0.022,22.56,19.46,19.46,1,1.46,
KMT-2023-BLG-1094,BLG04N0507.047393,18:06:17.60,-30:19:07.00,60092.00402,7.72,0.005,21.7,19.62,19.62,1,0.92,
KMT-2023-BLG-1095,BLG04T0508.089868,18:01:09.21,-30:11:10.79,60096.79248,10.49,0.445,19.83,20.0,21.0,1,1.0,
KMT-2023-BLG-1096,BLG04T0704.041700,17:59:54.50,-30:40:41.92,60096.00918,4.89,0.281,18.8,19.47,19.47,1,1.54,
KMT-2023-BLG-1097,BLG11M0808.003517,17:28:00.87,-28:59:23.17,60225.37556,199.79,0.277,19.15,17.58,17.58,2,2.0,OB230696
KMT-2023-BLG-1098,BLG14M0206.014059,17:40:52.29,-28:08:52.69,60103.92084,18.32,0.486,19.98,20.0,20.18,2,4.18,
KMT-2023-BLG-1099,BLG14N0505.051889,17:38:48.68,-29:21:29.45,60102.9203,39.05,0.028,21.92,20.0,22.54,2,4.68,
KMT-2023-BLG-1100,BLG14T0504.005901,17:34:00.96,-29:33:28.12,60109.23876,63.72,0.065,21.17,17.86,17.86,2,2.64,OB230727
KMT-2023-BLG-1101,BLG17M0404.018782,17:47:40.93,-32:45:15.80,60096.07239,5.95,0.002,21.09,20.0,20.8,2,3.18,
KMT-2023-BLG-1102,BLG18T0606.026229,17:42:39.15,-27:07:54.23,60094.36974,5.95,0.066,22.78,20.0,21.11,2,3.92,
KMT-2023-BLG-1103,BLG19K0401.071844,17:43:46.17,-24:35:35.34,60092.02032,3.53,0.002,21.95,20.0,21.91,2,2.24,
KMT-2023-BLG-1104,BLG19M0608.023754,17:47:28.23,-23:41:16.12,60097.47767,142.82,0.017,23.68,19.61,19.61,2,1.91,
KMT-2023-BLG-1105,SSO32K0706.022052,18:07:09.46,-27:12:23.51,60105.38567,54.87,0.628,18.56,18.74,18.74,1,1.04,OB230657
KMT-2023-BLG-1106,BLG37M0703.010350,17:45:24.53,-35:01:12.50,60126.68837,55.54,0.991,18.48,18.32,18.32,1,1.26,OB230824
KMT-2023-BLG-1107,BLG38T0406.028598,17:53:08.21,-22:57:49.64,60109.64752,78.06,0.425,20.18,20.0,20.91,4,2.64,
KMT-2023-BLG-1108,BLG42M0308.043665,17:57:23.87,-28:08:31.81,60097.00878,23.64,0.14,21.88,19.36,19.36,1,1.92,OB230510
KMT-2023-BLG-1109,BLG43N0407.048901,18:04:24.46,-28:15:37.01,60097.40912,17.75,0.037,21.19,19.09,19.09,1,0.85,OB230593
KMT-2023-BLG-1110,BLG03K0205.017790,18:01:11.15,-27:18:53.60,60098.24574,3.62,0.068,19.34,18.58,18.58,1,1.52,OB230642
KMT-2023-BLG-1111,SSO03N0508.048278,18:04:16.22,-28:00:59.40,60099.17855,7.25,0.546,19.0,19.18,19.18,1,1.15,
KMT-2023-BLG-1112,BLG04M0201.006481,18:07:51.78,-29:57:51.08,60234.42844,62.44,0.918,17.56,17.66,17.66,1,0.73,MB23457 OB230782
KMT-2023-BLG-1113,BLG11M0802.026228,17:28:02.37,-29:40:09.70,60097.75285,25.1,0.016,22.43,19.56,19.56,1,2.23,
KMT-2023-BLG-1114,BLG14K0301.092074,17:35:15.79,-28:44:01.61,60096.40684,4.99,0.081,21.52,20.0,22.73,2,3.21,
KMT-2023-BLG-1115,BLG15M0302.018236,17:39:58.25,-26:31:03.79,60095.79488,38.24,0.011,23.98,20.0,20.0,2,2.69,
KMT-2023-BLG-1116,BLG15T0102.075401,17:36:09.92,-27:36:31.57,60105.19219,57.94,0.253,21.59,20.0,21.93,2,2.97,
KMT-2023-BLG-1117,BLG17N0301.050153,17:48:10.38,-34:12:15.41,60111.48773,45.37,0.114,20.6,19.97,19.97,1,1.52,MB23268 OB230711
KMT-2023-BLG-1118,BLG31T0605.031548,18:10:27.44,-26:16:21.61,60106.1025,16.92,0.088,19.79,19.1,19.1,1,1.22,OB230752
KMT-2023-BLG-1119,BLG38M0807.010598,17:55:30.43,-21:39:30.02,60131.00339,56.18,0.811,19.42,19.11,19.11,4,2.48,
KMT-2023-BLG-1120,SSO43M0504.049102,18:03:56.64,-27:30:12.31,60098.54823,15.85,0.101,20.7,19.25,19.25,1,1.07,
KMT-2023-BLG-1121,BLG01M0405.025405,17:57:23.49,-30:28:13.58,60107.66652,28.16,0.219,20.18,19.66,19.66,1,2.04,OB230704
KMT-2023-BLG-1122,BLG01M0708.015353,17:55:25.66,-30:09:02.48,60110.75432,32.18,0.021,21.22,18.13,18.13,1,1.66,MB23261
KMT-2023-BLG-1123,BLG01N0805.071220,17:54:53.00,-31:41:23.71,60099.43094,7.12,0.176,20.35,20.0,20.08,1,1.49,
KMT-2023-BLG-1124,BLG01T0508.004548,17:51:37.69,-31:16:18.08,60165.09376,142.6,0.751,19.08,17.97,17.97,1,3.94,
KMT-2023-BLG-1125,SAO02K0208.047459,17:53:37.07,-28:02:43.98,60092.80233,97.74,0.055,24.3,20.0,22.13,2,4.76,
KMT-2023-BLG-1126,BLG02N0108.017599,17:58:43.20,-29:11:34.80,60096.57597,24.35,0.14,20.82,17.9,17.9,1,0.98,OB230592
KMT-2023-BLG-1127,BLG02N0606.010666,17:56:05.25,-29:21:39.89,60126.20718,21.31,0.464,18.0,17.53,17.53,1,1.98,OB230679
KMT-2023-BLG-1128,BLG02T0301.054560,17:52:54.35,-30:00:51.19,60112.0336,35.98,0.057,20.5,19.42,19.42,1,1.83,MB23265 OB230691
KMT-2023-BLG-1129,BLG03T0702.009513,17:58:00.67,-28:47:56.62,60101.22151,33.77,0.396,20.29,17.39,17.39,2,1.32,
KMT-2023-BLG-1130,BLG04K0605.073878,18:00:29.45,-29:22:46.20,60100.0333,142.6,0.02,23.77,19.96,19.96,1,1.39,OB230516
KMT-2023-BLG-1131,BLG04K0801.045976,17:59:22.05,-29:58:31.12,60112.04423,19.53,0.23,19.91,19.19,19.19,1,1.22,OB230792
KMT-2023-BLG-1132,BLG14M0102.002697,17:41:15.56,-28:36:29.95,60100.1797,8.19,0.19,21.66,18.98,18.98,2,5.24,
KMT-2023-BLG-1133,BLG14N0508.062879,17:39:05.13,-29:03:30.28,60097.41215,2.24,0.979,20.06,20.0,22.21,3,4.14,
KMT-2023-BLG-1134,BLG14T0304.004641,17:35:17.99,-29:28:58.51,60110.66783,23.02,0.301,20.35,18.02,18.02,2,3.13,
KMT-2023-BLG-1135,BLG15M0203.007335,17:40:36.49,-26:21:16.52,60121.99522,23.58,0.725,18.81,18.81,18.81,2,2.8,OB230827
KMT-2023-BLG-1136,BLG15N0202.007094,17:40:39.26,-27:37:03.76,60187.9327,51.32,0.304,20.79,18.67,18.67,2,3.45,
KMT-2023-BLG-1137,SSO15N0805.000931,17:37:12.03,-27:16:12.54,60109.87157,199.95,0.01,22.1,16.58,16.58,2,2.99,OB230760
KMT-2023-BLG-1138,BLG15T0304.017851,17:35:03.16,-27:26:23.32,60098.29935,10.52,0.095,21.72,19.28,19.28,1,2.61,
KMT-2023-BLG-1139,BLG16M0602.016122,17:38:36.69,-24:27:57.64,60096.74112,4.35,0.138,19.32,19.36,19.36,2,1.78,
KMT-2023-BLG-1140,SAO17N0305.057414,17:48:14.58,-33:47:16.58,60087.87417,12.73,0.449,19.99,20.0,20.53,1,2.26,MB23220
KMT-2023-BLG-1141,BLG18T0603.049063,17:42:42.90,-27:26:48.84,60098.07319,8.33,0.165,21.91,20.0,21.17,2,3.68,
KMT-2023-BLG-1142,BLG18T0702.007489,17:42:07.48,-27:36:37.33,60104.71318,8.48,0.18,19.27,18.78,18.78,2,3.26,OB230762
KMT-2023-BLG-1143,BLG18T0706.039172,17:42:01.31,-27:04:54.91,60099.33245,11.19,0.072,21.85,20.0,21.53,2,3.92,
KMT-2023-BLG-1144,BLG19M0407.096801,17:48:44.85,-23:44:29.47,60121.23555,198.96,0.013,24.68,20.0,22.26,2,2.01,OB230836
KMT-2023-BLG-1145,BLG19M0607.043053,17:47:25.93,-23:48:05.80,60102.94052,8.3,0.002,20.03,20.0,20.46,2,2.19,
KMT-2023-BLG-1146,BLG19N0406.003602,17:48:43.91,-25:04:25.43,60116.05849,19.14,0.307,19.04,19.02,19.02,2,4.28,OB230764
KMT-2023-BLG-1147,BLG20M0108.003847,17:50:07.98,-21:31:53.18,60094.52298,14.09,0.3,21.13,17.98,17.98,4,2.27,
KMT-2023-BLG-1148,BLG21K0604.070314,17:50:46.83,-34:54:39.60,60097.24048,13.03,0.757,20.03,20.0,20.32,1,0.89,
KMT-2023-BLG-1149,BLG22K0704.044789,17:50:38.52,-32:47:39.30,60101.79284,113.38,0.023,23.56,20.0,20.22,1,2.1,
KMT-2023-BLG-1150,BLG31T0707.004252,18:09:41.18,-26:05:29.62,60112.05102,12.17,0.998,16.96,16.96,16.96,1,1.27,MB23242 OB230759
KMT-2023-BLG-1151,BLG32T0706.031090,18:07:31.29,-28:17:41.71,60106.1245,15.09,0.083,19.13,18.9,18.9,1,1.06,MB23251 OB230832
KMT-2023-BLG-1152,BLG37K0802.009938,17:39:49.08,-35:08:53.45,60099.72048,47.42,0.466,21.02,18.87,18.87,2,1.83,
KMT-2023-BLG-1153,BLG38T0101.002886,17:54:46.01,-23:29:11.94,60118.98371,21.85,0.408,18.64,17.9,17.9,4,3.62,
KMT-2023-BLG-1154,BLG43K0106.019694,18:01:12.63,-27:22:05.41,60102.17329,13.85,0.891,19.21,18.75,18.75,1,1.56,OB230641
KMT-2023-BLG-1155,SSO43M0401.063761,18:04:21.85,-27:55:48.40,60102.91203,21.81,0.201,20.51,19.6,19.6,1,1.02,OB230606 OB230639
KMT-2023-BLG-1156,BLG43T0603.021189,17:58:30.93,-28:44:59.10,60104.97415,11.7,0.167,18.75,18.2,18.2,1,1.15,MB23233 OB230603
KMT-2023-BLG-1157,BLG01K0607.050493,17:51:05.78,-30:17:42.00,60091.96742,3.33,0.027,20.11,19.89,19.89,1,2.63,
KMT-2023-BLG-1158,BLG02K0207.014127,17:53:22.40,-28:10:35.44,60133.46558,44.76,0.601,19.36,19.34,19.34,2,3.41,OB230703
KMT-2023-BLG-1159,BLG02M0304.017316,17:57:46.10,-28:28:54.70,60114.17633,25.13,0.45,19.85,18.4,18.4,1,1.85,OB230508
KMT-2023-BLG-1160,BLG02M0601.004484,17:55:58.51,-28:56:37.79,60156.39922,46.3,0.998,17.05,16.35,16.35,1,1.85,MB23310 OB230518
KMT-2023-BLG-1161,SAO02M0802.067652,17:54:35.10,-28:50:28.93,60101.72617,17.29,0.107,20.86,20.0,20.25,2,1.81,OB230676
KMT-2023-BLG-1162,BLG03N0507.013876,18:04:00.66,-28:11:02.62,60109.88266,13.88,0.899,18.38,17.93,17.93,1,0.96,OB230623
KMT-2023-BLG-1163,SAO04K0601.002500,18:00:39.64,-29:54:28.30,60105.22628,19.3,0.13,15.77,15.68,15.68,1,1.11,MB23190 OB230539
KMT-2023-BLG-1164,SAO14M0805.011499,17:37:01.57,-28:14:46.07,60102.40433,11.37,0.158,20.86,20.0,20.3,2,4.02,
KMT-2023-BLG-1165,BLG15K0301.004378,17:35:17.49,-26:39:08.86,60112.93013,53.09,0.186,21.19,18.03,18.03,2,2.46,
KMT-2023-BLG-1166,BLG16M0207.001433,17:40:44.47,-23:47:06.72,60239.51627,163.53,0.996,17.64,16.42,16.42,2,1.74,
KMT-2023-BLG-1167,BLG18T0406.033380,17:43:37.48,-27:08:46.25,60102.53881,11.8,0.034,21.77,20.0,21.38,2,3.46,
KMT-2023-BLG-1168,BLG32M0408.049802,18:13:51.11,-26:55:56.50,60112.70499,37.4,0.442,20.08,19.75,19.75,1,0.78,OB230754
KMT-2023-BLG-1169,BLG41N0102.028880,17:58:30.00,-32:10:58.01,60136.02362,44.71,0.141,19.22,19.53,19.53,1,1.46,MB23293 OB230732
KMT-2023-BLG-1170,BLG41T0306.063226,17:52:36.17,-31:37:04.80,60100.41563,4.95,0.09,20.0,20.0,21.83,2,2.52,
KMT-2023-BLG-1171,SAO42N0405.003427,17:56:44.93,-29:41:00.49,60129.68501,19.4,0.499,16.02,16.03,16.03,1,1.67,MB23255 OB230654
KMT-2023-BLG-1172,BLG01M0103.016556,17:58:50.23,-30:44:24.11,60178.35612,72.9,0.27,18.89,18.82,18.82,1,1.59,MB23353 OB230847
KMT-2023-BLG-1173,BLG02M0703.031366,17:55:15.15,-28:36:42.95,60107.00717,10.37,0.022,19.79,19.66,19.66,2,2.32,MB23257 OB230682 OB230693
KMT-2023-BLG-1174,BLG03K0105.033717,18:01:28.22,-27:19:13.30,60117.54204,15.71,0.326,19.35,19.39,19.39,1,1.74,OB230706
KMT-2023-BLG-1175,SAO03K0708.004591,17:58:09.51,-26:54:11.41,60114.73107,41.29,1.0,18.85,18.33,18.33,2,3.28,
KMT-2023-BLG-1176,BLG04N0308.019717,18:07:20.68,-30:12:58.14,60115.57873,16.54,0.092,18.84,18.73,18.73,2,0.87,MB23269 OB230753
KMT-2023-BLG-1177,BLG16K0202.062477,17:36:07.15,-24:28:17.72,60109.82276,36.8,0.461,20.2,20.0,22.1,2,2.67,
KMT-2023-BLG-1178,BLG16M0203.055151,17:40:38.67,-24:14:54.35,60104.59803,20.38,0.11,21.51,20.0,20.69,2,2.05,
KMT-2023-BLG-1179,BLG17N0602.065387,17:46:06.98,-34:09:40.10,60110.23443,21.3,0.345,19.77,20.0,20.22,1,1.45,MB23239
KMT-2023-BLG-1180,BLG17N0604.026326,17:46:33.01,-33:53:21.41,60103.80333,40.44,0.172,22.08,19.08,19.08,1,1.48,
KMT-2023-BLG-1181,BLG17T0705.018887,17:40:45.29,-33:46:42.28,60139.67992,159.74,0.3,20.18,20.0,20.13,2,2.61,OB230777
KMT-2023-BLG-1182,BLG18K0105.022098,17:45:43.31,-26:05:27.35,60102.36312,43.13,0.061,23.22,20.0,20.03,2,2.6,
KMT-2023-BLG-1183,BLG19K0603.011476,17:42:35.39,-24:14:25.01,60109.53427,28.08,0.009,21.27,18.6,18.6,1,1.82,OB230735
KMT-2023-BLG-1184,BLG19K0807.006416,17:41:52.86,-23:50:07.51,60110.67968,16.76,0.032,20.02,18.78,18.78,2,2.05,
KMT-2023-BLG-1185,BLG21M0302.013659,17:58:15.96,-35:05:52.80,60112.50382,26.93,0.268,18.98,18.61,18.61,1,0.59,OB230655
KMT-2023-BLG-1186,BLG22K0201.038465,17:53:07.05,-33:08:31.60,60106.3223,133.9,0.025,22.75,19.51,19.51,1,1.47,
KMT-2023-BLG-1187,BLG22M0108.031252,17:59:08.89,-32:16:38.50,60104.28289,55.39,0.014,22.98,19.46,19.46,1,1.31,MB23252
KMT-2023-BLG-1188,BLG31K0505.059365,18:10:56.40,-25:09:38.20,60100.7425,55.23,0.191,21.82,20.0,20.6,1,1.87,
KMT-2023-BLG-1189,BLG33K0507.010390,18:10:34.91,-29:07:22.12,60102.64285,10.85,0.196,19.73,17.96,17.96,1,0.64,MB23237
KMT-2023-BLG-1190,BLG35N0603.006928,18:06:06.76,-26:35:51.79,60124.7979,20.18,0.006,17.87,17.62,17.62,1,1.58,MB23278 OB230751
KMT-2023-BLG-1191,BLG41T0201.008778,17:53:04.95,-32:14:30.59,60101.88633,45.42,0.5,21.16,18.24,18.24,1,1.91,
KMT-2023-BLG-1192,BLG42K0106.088985,17:53:42.84,-28:25:55.20,60103.83114,5.7,0.093,20.59,20.0,25.0,3,2.45,
KMT-2023-BLG-1193,BLG42N0808.024590,17:54:20.28,-29:16:17.80,60114.01564,33.32,0.319,20.01,18.46,18.46,1,1.71,OB230692
KMT-2023-BLG-1194,BLG43N0603.051608,18:03:24.55,-28:46:23.30,60103.05347,32.86,0.039,22.43,19.04,19.04,1,0.79,
KMT-2023-BLG-1195,BLG01K0605.006557,17:50:55.17,-30:28:34.79,60141.6731,20.96,0.279,17.47,17.5,17.5,1,2.64,OB230819
KMT-2023-BLG-1196,BLG01M0608.014275,17:55:52.84,-30:07:17.80,60107.91206,21.31,0.102,21.55,18.24,18.24,1,1.61,
KMT-2023-BLG-1197,BLG01N0302.079144,17:57:37.77,-31:59:59.50,60108.31335,22.16,0.307,20.45,20.0,21.02,1,1.47,
KMT-2023-BLG-1198,BLG01N0502.021090,17:56:30.33,-32:04:06.10,60101.69566,82.33,0.051,23.43,18.99,18.99,1,1.36,
KMT-2023-BLG-1199,BLG01T0604.038802,17:50:52.75,-31:47:59.14,60106.85581,14.03,0.067,21.33,20.0,25.0,3,3.81,
KMT-2023-BLG-1200,BLG02M0802.083632,17:54:55.27,-28:48:58.10,60106.48672,11.44,0.298,20.53,20.0,20.97,2,2.03,OB230675
KMT-2023-BLG-1201,BLG02M0805.059015,17:54:57.69,-28:24:23.94,60110.11028,15.83,0.163,20.98,20.0,20.96,2,2.73,
KMT-2023-BLG-1202,SAO03M0505.062601,18:04:24.45,-27:19:36.52,60105.83919,30.41,0.027,20.83,19.5,19.5,1,0.85,MB23228 OB230683
KMT-2023-BLG-1203,BLG03N0807.073480,18:02:27.65,-28:09:55.69,60109.04424,26.15,0.415,20.42,19.53,19.53,1,1.05,OB230750
KMT-2023-BLG-1204,BLG03T0204.037671,18:01:06.27,-28:32:53.41,60146.00411,110.56,0.262,18.91,18.69,18.69,1,1.04,MB23304 OB230684
KMT-2023-BLG-1205,BLG03T0503.023108,17:59:14.60,-28:39:03.20,60106.0078,3.29,0.89,18.28,18.27,18.27,1,1.27,
KMT-2023-BLG-1206,BLG11M0408.090914,17:30:06.28,-28:57:25.67,60100.36727,13.2,0.928,19.93,20.0,22.5,2,2.75,
KMT-2023-BLG-1207,BLG11N0106.021648,17:32:14.08,-30:19:27.19,60108.02026,46.46,0.03,20.9,19.94,19.94,2,2.45,
KMT-2023-BLG-1208,BLG11N0508.082682,17:29:37.25,-30:04:07.54,60107.86749,30.9,0.095,22.89,20.0,21.76,3,2.36,
KMT-2023-BLG-1209,SSO11T0604.015161,17:24:06.92,-30:34:05.52,60107.08527,4.94,0.14,20.07,20.0,20.66,2,3.07,
KMT-2023-BLG-1210,BLG12N0601.078088,17:28:56.25,-28:48:09.68,60105.61914,7.02,0.333,20.11,20.0,21.78,2,2.15,
KMT-2023-BLG-1211,BLG14N0805.096790,17:37:12.64,-29:26:04.49,60107.7466,6.68,0.7,20.0,20.0,22.8,2,3.67,
KMT-2023-BLG-1212,BLG14N0807.035846,17:37:15.63,-29:07:15.78,60117.27811,14.95,0.373,19.85,20.0,21.0,2,3.38,
KMT-2023-BLG-1213,BLG14T0307.020439,17:35:31.61,-29:07:23.92,60105.47738,11.25,0.068,22.34,20.0,20.74,2,3.3,
KMT-2023-BLG-1214,BLG15K0106.026442,17:36:19.87,-26:00:14.22,60111.7902,46.82,0.475,20.87,20.0,21.06,2,2.94,
KMT-2023-BLG-1215,BLG15N0202.027395,17:40:32.78,-27:39:16.52,60107.37511,13.8,0.072,21.49,20.0,20.66,2,3.47,
KMT-2023-BLG-1216,BLG15T0803.014593,17:32:29.65,-27:32:09.06,60106.96288,65.96,0.033,23.66,20.0,20.18,2,2.7,
KMT-2023-BLG-1217,BLG16K0104.005990,17:36:20.11,-24:13:37.49,60110.77118,20.46,0.192,19.76,19.25,19.25,2,2.11,OB230701
KMT-2023-BLG-1218,BLG16N0102.090847,17:41:26.33,-25:33:43.60,60109.60025,23.23,0.198,20.59,20.0,25.0,3,2.51,
KMT-2023-BLG-1219,BLG16N0208.041838,17:40:52.67,-24:47:29.11,60107.41081,23.58,0.999,20.01,20.0,20.47,1,2.63,
KMT-2023-BLG-1220,BLG16T0406.004975,17:34:56.32,-25:01:46.81,60114.86372,15.27,0.8,19.63,19.66,19.66,2,3.0,
KMT-2023-BLG-1221,BLG17K0505.088571,17:41:40.00,-32:35:54.74,60104.43346,42.83,0.099,21.33,20.0,25.0,3,3.68,
KMT-2023-BLG-1222,BLG17M0506.036415,17:46:54.32,-32:31:29.60,60106.66727,14.0,0.012,23.08,20.0,22.25,2,3.95,
KMT-2023-BLG-1223,SSO18K0201.078505,17:44:51.95,-26:37:46.60,60106.27557,23.88,0.015,23.04,20.0,22.01,3,3.46,
KMT-2023-BLG-1224,BLG19N0201.002049,17:49:30.27,-25:36:19.22,60187.51836,151.91,0.085,19.57,19.58,19.58,2,6.17,
KMT-2023-BLG-1225,BLG20M0105.008629,17:50:21.08,-21:53:52.26,60140.99246,41.56,0.768,19.16,19.23,19.23,4,2.65,
KMT-2023-BLG-1226,SSO21K0504.073180,17:51:46.53,-34:50:09.38,60107.06149,15.2,0.033,21.22,20.0,20.52,1,0.82,
KMT-2023-BLG-1227,BLG22N0807.054205,17:54:51.85,-33:26:57.70,60116.06735,21.33,0.277,19.93,19.95,19.95,1,1.32,
KMT-2023-BLG-1228,BLG32M0707.020620,18:12:11.43,-26:59:58.09,60107.1486,8.94,0.308,19.37,18.58,18.58,1,0.82,MB23258
KMT-2023-BLG-1229,BLG32M0801.054158,18:11:33.61,-27:50:22.60,60110.03692,12.51,0.794,19.61,19.72,19.72,1,0.67,
KMT-2023-BLG-1230,BLG32N0803.020137,18:11:51.44,-28:42:10.01,60103.31913,6.3,0.872,18.47,18.51,18.51,1,0.58,
KMT-2023-BLG-1231,BLG34T0305.037037,18:02:34.35,-32:42:18.79,60102.84024,15.14,0.126,20.44,19.67,19.67,1,0.92,MB23245
KMT-2023-BLG-1232,BLG34T0502.056677,18:01:01.49,-33:05:59.39,60108.95913,18.8,0.278,20.44,20.0,20.54,1,1.2,
KMT-2023-BLG-1233,BLG35N0601.016339,18:05:52.58,-26:52:14.70,60104.76331,8.02,0.016,19.7,18.34,18.34,1,1.14,MB23254
KMT-2023-BLG-1234,BLG36K0206.006082,18:15:00.57,-22:58:27.91,60102.63612,11.46,0.9,18.57,18.23,18.23,1,1.8,
KMT-2023-BLG-1235,BLG37K0804.037765,17:39:55.10,-34:52:03.00,60122.19739,41.5,0.075,21.09,20.0,20.7,2,2.22,OB230810
KMT-2023-BLG-1236,SAO41K0405.004972,17:52:12.33,-30:38:43.40,60102.86266,30.14,0.998,18.34,16.86,16.86,1,2.0,
KMT-2023-BLG-1237,BLG41N0105.036612,17:58:41.08,-31:47:22.60,60116.59039,14.51,0.274,19.89,19.88,19.88,1,1.78,OB230815
KMT-2023-BLG-1238,BLG41T0104.019666,17:53:51.63,-31:55:58.01,60118.92354,23.96,0.51,19.48,18.93,18.93,1,1.74,
KMT-2023-BLG-1239,BLG42N0107.015707,17:58:49.60,-29:20:13.31,60103.92882,15.39,0.101,18.85,18.0,18.0,1,1.1,MB23238 OB230602
KMT-2023-BLG-1240,BLG43T0401.092304,17:59:33.32,-29:04:05.59,60112.19155,15.76,0.201,19.82,19.86,19.86,1,1.04,OB230680
KMT-2023-BLG-1241,BLG03T0503.055991,17:59:34.10,-28:44:36.60,60143.71988,45.51,0.124,19.17,19.11,19.11,1,1.1,MB23300 OB230681
KMT-2023-BLG-1242,BLG16M0604.033545,17:38:26.79,-24:09:49.64,60126.05584,67.04,0.154,21.06,20.0,20.17,2,1.65,OB230843
KMT-2023-BLG-1243,BLG35N0106.058344,18:08:46.61,-26:08:02.00,60110.91645,16.19,0.301,21.44,20.0,20.24,1,1.48,
KMT-2023-BLG-1244,SSO42M0503.063437,17:56:16.65,-28:44:48.19,60117.81926,45.8,0.155,21.17,19.57,19.57,1,1.74,OB230731
KMT-2023-BLG-1245,BLG03T0802.065373,17:57:22.69,-28:51:32.29,60104.61443,14.32,0.965,19.31,19.37,19.37,1,1.46,
KMT-2023-BLG-1246,BLG15T0502.026856,17:34:11.98,-27:40:04.40,60112.32004,13.21,0.044,22.05,20.0,20.68,2,2.67,MB23271
KMT-2023-BLG-1247,BLG18K0405.069303,17:43:50.56,-26:04:15.13,60107.56037,28.5,0.03,22.76,20.0,21.39,2,3.03,
KMT-2023-BLG-1248,BLG19M0803.062578,17:46:19.32,-24:17:15.79,60108.13794,9.51,0.099,22.16,20.0,21.22,3,2.3,
KMT-2023-BLG-1249,BLG19N0806.063593,17:46:20.50,-24:59:15.04,60115.75456,10.39,0.459,20.0,20.0,22.03,2,3.1,
KMT-2023-BLG-1250,BLG41K0202.008181,17:52:58.35,-31:01:01.09,60127.39179,45.24,0.503,20.1,17.58,17.58,1,2.01,
KMT-2023-BLG-1251,BLG41K0407.034449,17:52:01.13,-30:23:03.70,60113.03842,17.2,0.316,20.18,19.52,19.52,1,2.22,OB230729
KMT-2023-BLG-1252,BLG41K0604.066305,17:50:49.98,-30:44:59.32,60107.9386,3.21,0.325,20.28,20.0,20.52,1,2.44,
KMT-2023-BLG-1253,BLG43K0502.031126,17:59:08.20,-27:50:49.81,60117.96058,27.86,0.293,20.44,19.23,19.23,1,2.02,OB230745
KMT-2023-BLG-1254,BLG43T0401.038346,17:59:31.78,-29:01:02.21,60125.11121,30.92,0.422,18.94,18.6,18.6,1,1.08,OB230719
KMT-2023-BLG-1255,BLG01N0506.027129,17:56:47.79,-31:30:25.42,60134.54974,25.84,0.274,19.05,19.06,19.06,1,1.48,
KMT-2023-BLG-1256,BLG02T0106.044758,17:53:59.91,-29:22:45.98,60119.15346,16.42,0.286,19.31,19.17,19.17,1,1.9,OB230765
KMT-2023-BLG-1257,BLG03N0408.087045,18:04:44.10,-28:04:10.99,60109.89532,16.84,0.021,23.04,20.0,20.31,1,1.03,OB230733
KMT-2023-BLG-1258,BLG12N0602.050088,17:28:51.99,-28:39:17.21,60107.43522,21.85,0.086,21.14,20.0,20.86,2,2.14,
KMT-2023-BLG-1259,BLG12T0104.025039,17:27:00.44,-28:29:33.43,60119.10678,24.16,0.018,20.14,20.0,20.17,2,2.07,
KMT-2023-BLG-1260,SSO14K0104.081425,17:36:40.91,-28:21:54.90,60105.97917,28.19,0.508,20.81,20.0,22.48,2,3.85,
KMT-2023-BLG-1261,SSO14N0703.007731,17:38:00.35,-29:40:42.06,60178.86129,10.25,0.245,19.02,19.1,19.1,2,3.79,OB231171
KMT-2023-BLG-1262,BLG14T0302.068135,17:35:15.52,-29:45:47.56,60110.4546,4.83,0.202,21.23,20.0,21.66,2,3.04,
KMT-2023-BLG-1263,BLG14T0703.013111,17:32:55.39,-29:40:26.76,60110.0609,24.76,0.06,22.37,19.74,19.74,2,2.71,
KMT-2023-BLG-1264,BLG16N0208.037043,17:40:53.33,-24:47:38.69,60112.31394,15.47,0.354,21.63,20.0,20.3,1,2.63,
KMT-2023-BLG-1265,BLG17T0305.080969,17:43:01.45,-33:47:55.25,60108.2054,14.28,0.07,22.63,20.0,22.09,2,2.53,
KMT-2023-BLG-1266,BLG18N0608.049182,17:47:40.65,-26:52:57.76,60111.9817,33.93,0.1,22.28,20.0,22.24,2,5.19,
KMT-2023-BLG-1267,BLG19T0401.015475,17:43:42.31,-25:40:13.76,60108.13491,3.85,0.732,19.58,19.92,19.92,2,2.69,
KMT-2023-BLG-1268,BLG21N0801.030064,17:54:42.92,-36:21:08.50,60127.69406,33.65,0.103,19.91,19.86,19.86,1,0.74,
KMT-2023-BLG-1269,BLG22K0106.012561,17:54:01.13,-32:32:48.08,60110.40612,41.37,0.203,21.71,18.35,18.35,1,1.43,OB230771
KMT-2023-BLG-1270,BLG22K0601.060621,17:51:05.38,-33:04:59.48,60109.23247,2.89,0.386,20.21,20.0,20.19,1,1.79,
KMT-2023-BLG-1271,BLG31K0804.026672,18:09:11.20,-25:19:12.29,60114.80202,39.71,0.002,23.75,19.24,19.24,1,1.51,
KMT-2023-BLG-1272,BLG31T0107.033653,18:13:15.64,-26:01:26.90,60109.32349,17.43,0.002,24.04,19.43,19.43,1,1.15,
KMT-2023-BLG-1273,SSO35T0803.008681,18:00:18.69,-26:34:44.26,60112.38726,10.99,0.495,19.38,19.4,19.4,2,3.79,
KMT-2023-BLG-1274,BLG37M0503.018632,17:46:37.49,-35:00:18.79,60108.25999,197.64,0.003,23.83,18.76,18.76,1,1.33,MB23262
KMT-2023-BLG-1275,BLG38K0606.007993,17:51:53.07,-21:44:15.22,60139.14181,32.49,0.603,18.8,18.81,18.81,4,2.4,OB230788
KMT-2023-BLG-1276,BLG41T0108.075010,17:53:48.11,-31:25:14.30,60108.82785,26.13,0.012,24.55,20.0,20.54,1,1.97,
KMT-2023-BLG-1277,BLG41T0401.077235,17:51:50.48,-32:18:26.71,60111.95762,10.19,0.663,20.04,20.0,21.09,1,2.2,
KMT-2023-BLG-1278,SSO42K0305.001817,17:52:29.95,-28:34:44.65,60127.55806,17.62,0.449,16.66,16.64,16.64,2,3.67,MB23270
KMT-2023-BLG-1279,BLG01M0401.083992,17:57:06.51,-31:03:58.10,60115.43941,20.05,0.203,21.68,20.0,20.35,1,1.12,
KMT-2023-BLG-1280,BLG01M0602.064188,17:56:11.27,-30:53:04.81,60114.05091,25.81,0.005,21.53,19.45,19.45,1,1.37,MB23274
KMT-2023-BLG-1281,BLG01M0801.091965,17:54:42.20,-31:01:10.70,60114.48901,4.48,0.443,19.81,20.0,20.71,1,1.25,
KMT-2023-BLG-1282,BLG01T0502.003633,17:51:30.78,-31:57:36.68,60114.9669,199.21,0.235,20.34,17.07,17.07,1,2.37,OB230985
KMT-2023-BLG-1283,BLG02K0104.034786,17:53:49.22,-28:28:50.23,60110.40556,9.6,0.379,20.59,19.87,19.87,2,2.5,
KMT-2023-BLG-1284,BLG02N0308.019189,17:57:53.65,-29:06:01.51,60113.32053,7.83,0.16,20.08,18.34,18.34,1,1.41,OB230730
KMT-2023-BLG-1285,BLG03K0302.053500,18:00:22.21,-27:40:37.31,60112.54383,4.5,0.682,19.36,19.45,19.45,1,1.7,
KMT-2023-BLG-1286,BLG03M0301.042847,18:05:28.46,-27:52:11.32,60118.88675,7.85,0.3,20.08,19.01,19.01,1,0.83,OB230803
KMT-2023-BLG-1287,SAO03T0506.013707,17:59:19.11,-28:19:28.88,60115.14745,74.38,0.046,22.39,17.89,17.89,1,1.46,OB230766
KMT-2023-BLG-1288,BLG04K0504.024725,18:01:08.70,-29:31:49.91,60115.93919,8.09,0.573,18.8,18.77,18.77,1,1.46,
KMT-2023-BLG-1289,BLG04K0601.080873,18:00:38.96,-29:54:29.20,60114.33526,10.15,0.15,19.96,20.0,20.04,1,1.11,
KMT-2023-BLG-1290,BLG11M0504.057715,17:29:49.60,-29:25:28.70,60115.60616,8.74,0.318,19.99,20.0,21.05,2,2.59,
KMT-2023-BLG-1291,BLG11N0202.017378,17:31:14.71,-30:46:44.08,60116.16003,22.31,0.002,20.87,20.0,20.18,2,3.15,
KMT-2023-BLG-1292,BLG11N0308.005408,17:30:36.73,-30:06:36.61,60132.32529,23.75,0.82,18.67,17.97,17.97,2,2.37,
KMT-2023-BLG-1293,BLG11N0408.004596,17:30:26.94,-30:05:09.85,60171.64514,47.97,0.523,18.52,17.72,17.72,2,2.33,OB231052
KMT-2023-BLG-1294,BLG11T0304.070901,17:25:46.05,-30:36:54.32,60112.29194,14.52,0.019,22.46,20.0,22.33,2,3.27,
KMT-2023-BLG-1295,BLG11T0703.036846,17:23:37.13,-30:43:44.51,60116.98673,11.82,0.302,21.08,20.0,21.66,2,2.84,
KMT-2023-BLG-1296,BLG12N0303.058902,17:31:06.15,-28:35:25.80,60146.52044,51.29,0.371,19.91,20.0,20.84,2,2.37,OB230987
KMT-2023-BLG-1297,BLG12N0604.027696,17:29:05.64,-28:29:16.15,60178.19752,29.37,0.002,20.34,20.0,20.24,2,1.91,OB231132
KMT-2023-BLG-1298,BLG12N0804.033103,17:28:14.17,-28:27:33.19,60130.64792,51.12,0.039,21.09,20.0,20.42,2,2.04,
KMT-2023-BLG-1299,BLG12T0203.071916,17:26:34.73,-28:34:21.43,60115.38281,23.46,0.292,23.18,20.0,21.59,2,1.94,
KMT-2023-BLG-1300,BLG13M0202.019963,17:39:01.02,-34:05:52.62,60110.48226,125.54,0.113,23.76,20.0,20.93,2,3.5,
KMT-2023-BLG-1301,BLG13T0105.051123,17:34:05.82,-34:50:32.06,60114.31237,22.89,0.063,21.95,20.0,22.41,2,4.18,
KMT-2023-BLG-1302,SSO14K0108.010081,17:36:41.95,-27:52:03.29,60133.1912,21.06,0.294,20.81,19.8,19.8,2,3.76,
KMT-2023-BLG-1303,SSO14K0206.004381,17:35:48.13,-28:09:56.20,60128.67207,27.71,0.989,19.04,18.36,18.36,2,3.33,OB230726
KMT-2023-BLG-1304,BLG14K0304.081844,17:35:07.85,-28:24:46.30,60115.34882,46.43,0.093,22.69,20.0,21.93,2,2.99,
KMT-2023-BLG-1305,BLG14K0705.057111,17:33:07.35,-28:16:47.32,60123.04927,21.4,0.545,19.92,20.0,20.92,2,2.48,
KMT-2023-BLG-1306,BLG14M0303.037548,17:40:19.11,-28:30:38.34,60110.32414,3.37,0.012,21.76,20.0,21.81,2,4.73,
KMT-2023-BLG-1307,SSO15K0103.103030,17:36:10.16,-26:26:09.06,60129.45013,41.57,0.143,20.06,20.0,25.0,3,2.74,
KMT-2023-BLG-1308,BLG15K0106.027354,17:36:23.94,-26:03:27.29,60111.85951,2.81,0.346,19.89,20.0,21.09,2,3.09,
KMT-2023-BLG-1309,BLG15K0201.115815,17:36:02.56,-26:38:02.51,60105.35095,37.44,0.038,22.73,20.0,25.0,3,2.54,
KMT-2023-BLG-1310,BLG15N0108.069645,17:41:14.52,-26:50:57.34,60112.95307,26.07,0.059,21.88,20.0,22.5,3,3.99,
KMT-2023-BLG-1311,BLG15T0707.003848,17:33:04.53,-26:58:53.54,60135.53073,49.61,0.109,20.12,18.63,18.63,2,2.98,OB230872
KMT-2023-BLG-1312,BLG16K0805.006601,17:32:55.30,-23:59:13.60,60127.12435,23.65,0.046,20.06,19.32,19.32,4,-9.99,OB230858
KMT-2023-BLG-1313,BLG16T0305.006295,17:35:32.71,-25:08:41.14,60114.35306,3.0,0.592,20.11,20.0,20.19,2,3.26,
KMT-2023-BLG-1314,BLG17K0603.016232,17:41:08.21,-32:53:35.92,60120.84112,15.7,0.204,20.17,20.0,20.86,2,4.02,
KMT-2023-BLG-1315,BLG17T0304.065167,17:42:44.31,-33:49:38.53,60110.40966,10.52,0.011,23.01,20.0,21.71,2,2.82,
KMT-2023-BLG-1316,BLG17T0507.011494,17:41:38.23,-33:27:49.86,60113.23177,21.82,0.015,24.15,19.45,19.45,2,2.91,
KMT-2023-BLG-1317,SAO18K0206.015007,17:45:19.02,-26:02:44.81,60113.06019,3.51,0.465,19.45,19.55,19.55,2,2.52,
KMT-2023-BLG-1318,BLG18K0503.001860,17:43:09.18,-26:23:55.64,60112.2898,71.53,0.018,23.81,17.05,17.05,2,2.91,
KMT-2023-BLG-1319,BLG18K0505.027433,17:43:17.94,-26:03:59.04,60125.56668,19.21,0.434,19.93,20.0,20.49,2,2.88,OB230936
KMT-2023-BLG-1320,BLG18M0707.058483,17:47:08.78,-25:53:24.50,60113.14664,32.46,0.274,21.6,20.0,21.66,2,3.59,
KMT-2023-BLG-1321,BLG18T0605.006662,17:42:38.67,-27:17:20.58,60121.54516,10.53,0.395,18.93,18.88,18.88,2,3.62,OB230838
KMT-2023-BLG-1322,BLG19M0203.058469,17:49:54.60,-24:16:09.70,60114.27714,5.14,0.165,21.11,20.0,21.9,2,2.93,
KMT-2023-BLG-1323,BLG19T0204.065027,17:44:56.46,-25:17:52.66,60117.89584,14.13,0.044,20.66,20.0,21.29,2,2.76,
KMT-2023-BLG-1324,BLG21M0106.051358,17:59:04.47,-34:36:09.79,60104.80508,25.85,0.489,19.65,20.0,20.27,1,0.6,
KMT-2023-BLG-1325,BLG21T0804.005168,17:49:48.38,-35:57:55.01,60123.54723,12.09,0.775,17.62,17.63,17.63,1,0.84,OB230822
KMT-2023-BLG-1326,BLG22K0704.008001,17:50:14.13,-32:47:14.21,60119.49557,4.41,0.55,18.38,18.38,18.38,1,2.15,
KMT-2023-BLG-1327,SAO32M0503.001691,18:13:37.45,-27:34:41.30,60117.68095,8.03,0.401,16.53,15.53,15.53,1,0.49,MB23263 OB230804
KMT-2023-BLG-1328,SSO33T0605.000738,18:09:50.89,-30:34:23.41,60184.55373,30.64,0.186,15.75,15.04,15.04,1,0.74,OB231092
KMT-2023-BLG-1329,BLG34M0406.008926,18:06:58.84,-31:26:17.59,60169.08849,67.79,0.324,18.23,18.2,18.2,1,0.73,MB23330 OB230893
KMT-2023-BLG-1330,BLG34T0105.011637,18:03:33.64,-32:37:48.11,60140.77473,26.12,0.525,18.48,18.39,18.39,1,0.9,MB23303
KMT-2023-BLG-1331,BLG35M0402.009984,18:07:15.90,-25:36:17.89,60108.93212,20.38,0.937,18.23,18.4,18.4,1,1.7,OB230710
KMT-2023-BLG-1332,BLG36N0507.019446,18:17:57.65,-23:56:14.21,60142.63739,46.21,0.381,19.36,18.88,18.88,1,0.87,
KMT-2023-BLG-1333,BLG37K0802.014567,17:39:52.68,-35:10:36.08,60149.57275,47.49,0.012,19.39,19.33,19.33,2,1.83,OB230852
KMT-2023-BLG-1334,BLG38K0102.012337,17:54:50.34,-22:17:12.26,60106.69105,49.79,0.667,20.79,19.43,19.43,4,3.03,
KMT-2023-BLG-1335,BLG41K0202.019357,17:53:01.10,-31:02:14.60,60132.07453,62.26,0.346,20.78,18.79,18.79,1,2.1,OB230869
KMT-2023-BLG-1336,BLG41K0401.007608,17:51:51.28,-31:08:20.00,60110.98176,2.94,0.127,20.57,17.56,17.56,1,2.22,
KMT-2023-BLG-1337,BLG42K0202.027831,17:53:00.49,-28:57:32.90,60109.1672,99.94,0.044,23.56,19.47,19.47,1,2.56,OB230739
KMT-2023-BLG-1338,BLG42M0105.078692,17:58:43.57,-28:32:46.10,60111.66037,153.94,0.02,23.62,20.0,20.06,1,1.54,OB230744
KMT-2023-BLG-1339,BLG42N0106.067427,17:58:37.18,-29:34:28.49,60115.48181,25.08,0.347,20.42,19.58,19.58,1,1.14,OB230779
KMT-2023-BLG-1340,SAO43N0206.001956,18:05:30.79,-28:24:28.69,60111.9444,0.92,0.061,17.57,15.54,15.54,1,0.98,MB23273
KMT-2023-BLG-1341,BLG01K0406.005184,17:52:16.79,-30:25:46.49,60115.8702,14.15,0.599,19.37,16.93,16.93,1,2.23,
KMT-2023-BLG-1342,BLG01N0502.044178,17:56:34.73,-32:02:53.92,60114.38259,5.7,0.2,22.47,19.68,19.68,1,1.55,
KMT-2023-BLG-1343,SSO14T0804.025294,17:32:37.38,-29:27:35.28,60117.39436,23.89,0.282,20.02,20.0,20.75,2,2.95,OB230800
KMT-2023-BLG-1344,BLG18T0401.013161,17:43:44.66,-27:43:15.92,60114.10402,3.08,0.094,22.34,20.0,20.45,2,4.38,
KMT-2023-BLG-1345,BLG20N0302.034988,17:49:24.36,-23:24:38.88,60120.68257,36.58,0.199,20.1,20.0,20.17,2,1.84,OB230776
KMT-2023-BLG-1346,BLG22T0104.066165,17:54:09.57,-33:50:34.30,60118.04346,45.57,0.301,20.62,20.0,20.36,1,1.15,
KMT-2023-BLG-1347,BLG32K0705.042416,18:07:34.67,-27:18:00.11,60118.1081,36.2,0.076,21.68,19.18,19.18,1,1.13,OB230831
KMT-2023-BLG-1348,BLG41T0507.035585,17:51:09.62,-31:29:37.54,60122.45185,76.31,0.065,22.75,20.0,20.9,2,3.18,
KMT-2023-BLG-1349,SSO42K0103.002184,17:53:46.53,-28:47:18.46,60114.67859,34.72,0.035,21.97,16.1,16.1,2,1.91,
KMT-2023-BLG-1350,BLG42M0302.003965,17:57:30.92,-28:56:26.09,60158.33266,30.02,0.999,15.97,15.92,15.92,1,1.5,OB230797
KMT-2023-BLG-1351,SSO42M0407.007677,17:57:02.92,-28:16:59.99,60124.95558,200.0,0.102,17.91,17.06,17.06,1,1.91,MB23214
KMT-2023-BLG-1352,SSO42N0702.002618,17:55:21.80,-30:03:49.72,60121.72792,6.96,0.727,15.66,15.66,15.66,1,1.49,MB23275 OB230793
KMT-2023-BLG-1353,BLG11K0605.037418,17:23:59.54,-29:20:40.70,60126.987,48.0,0.464,19.76,19.55,19.55,1,1.3,OB230853
KMT-2023-BLG-1354,BLG15N0601.001762,17:38:22.03,-27:43:28.06,60215.58058,55.63,0.994,17.32,16.92,16.92,2,2.69,
KMT-2023-BLG-1355,BLG17N0506.013300,17:47:04.55,-33:33:51.98,60193.37385,80.24,0.595,18.85,19.07,19.07,1,1.83,OB230986
KMT-2023-BLG-1356,BLG02M0302.025074,17:57:37.01,-28:47:22.88,60120.4497,96.62,0.107,22.64,18.39,18.39,1,1.26,OB230748
KMT-2023-BLG-1357,BLG03N0108.056068,18:06:13.47,-28:00:29.59,60129.51938,36.92,0.032,19.22,19.49,19.49,1,0.74,MB23285 OB230833
KMT-2023-BLG-1358,BLG11N0307.011664,17:31:03.48,-30:10:42.89,60141.57147,66.81,0.607,18.94,19.08,19.08,2,2.3,OB230789
KMT-2023-BLG-1359,BLG16N0606.040546,17:38:26.40,-25:03:45.94,60141.41379,52.97,0.252,20.88,20.0,21.21,2,2.67,
KMT-2023-BLG-1360,BLG34T0605.050595,18:00:43.69,-32:42:22.28,60128.35198,17.63,0.098,20.21,19.94,19.94,1,1.05,OB230841
KMT-2023-BLG-1361,BLG41K0607.017301,17:50:51.63,-30:21:58.61,60118.02637,15.3,0.002,20.8,18.87,18.87,1,2.5,
KMT-2023-BLG-1362,BLG42M0404.005347,17:56:45.36,-28:38:08.92,60136.74294,12.39,0.999,16.61,16.46,16.46,1,1.66,MB23306 OB230802
KMT-2023-BLG-1363,SAO43K0608.047040,17:58:32.24,-27:02:33.04,60118.36616,23.43,0.06,21.71,20.0,21.44,2,3.09,
KMT-2023-BLG-1364,SAO01T0107.016455,17:54:10.75,-31:24:06.70,60118.23935,12.12,0.046,21.97,18.78,18.78,1,1.61,
KMT-2023-BLG-1365,SAO03T0308.014003,18:00:39.23,-28:01:01.60,60118.12708,6.46,0.042,21.41,18.1,18.1,1,1.46,
KMT-2023-BLG-1366,BLG04M0503.001690,18:05:44.15,-29:40:43.28,60133.04825,12.42,0.526,15.3,15.33,15.33,1,0.75,MB23259
KMT-2023-BLG-1367,BLG13M0504.049186,17:36:59.92,-33:47:21.70,60116.66889,16.13,0.105,21.66,20.0,21.94,2,3.54,
KMT-2023-BLG-1368,BLG16K0603.025434,17:33:46.02,-24:19:00.05,60128.64322,50.06,0.28,21.66,20.0,20.9,2,2.53,
KMT-2023-BLG-1369,BLG32M0204.017362,18:15:10.52,-27:28:32.81,60125.94381,51.99,0.027,21.54,18.38,18.38,1,0.56,
KMT-2023-BLG-1370,BLG32N0801.003447,18:11:34.66,-28:53:38.11,60128.9652,11.95,0.998,16.86,16.86,16.86,1,0.58,MB23287
KMT-2023-BLG-1371,BLG35M0201.016353,18:08:04.37,-25:42:38.99,60204.08559,104.58,1.0,18.5,18.56,18.56,1,1.33,
KMT-2023-BLG-1372,SAO41K0601.046143,17:50:55.56,-31:07:43.21,60117.69758,17.19,0.018,21.67,20.0,21.91,2,4.21,MB23281
KMT-2023-BLG-1373,SAO43N0804.052396,18:02:05.84,-28:42:02.59,60121.59366,18.07,0.208,19.68,19.16,19.16,1,1.1,MB23282
KMT-2023-BLG-1374,BLG01N0601.059212,17:56:15.35,-32:09:36.90,60134.54693,108.6,0.055,22.43,20.0,20.04,1,1.38,
KMT-2023-BLG-1375,BLG02M0301.015128,17:57:38.36,-28:52:07.90,60120.26767,3.07,0.891,19.14,17.93,17.93,1,1.29,
KMT-2023-BLG-1376,BLG02M0801.090098,17:54:45.91,-28:55:26.29,60120.67565,1.55,0.263,19.93,20.0,20.85,2,1.9,
KMT-2023-BLG-1377,SAO02N0706.031930,17:55:25.18,-29:21:27.61,60115.75067,14.02,0.972,18.38,18.62,18.62,1,1.61,
KMT-2023-BLG-1378,BLG02N0801.041763,17:54:48.15,-29:58:27.80,60120.51664,20.84,0.046,22.26,18.91,18.91,1,1.32,
KMT-2023-BLG-1379,BLG02T0102.054016,17:54:10.04,-29:51:14.51,60123.89249,198.51,0.002,23.69,19.12,19.12,1,1.43,MB23288
KMT-2023-BLG-1380,BLG02T0206.036598,17:53:35.02,-29:21:22.50,60130.81737,23.35,0.351,19.25,19.09,19.09,1,2.11,OB230813
KMT-2023-BLG-1381,BLG02T0408.018974,17:52:08.86,-29:09:38.09,60118.83066,43.46,0.162,21.69,18.86,18.86,1,3.33,
KMT-2023-BLG-1382,BLG02T0702.053405,17:50:41.64,-29:53:31.70,60123.23423,10.36,0.176,20.44,20.0,20.58,1,3.21,
KMT-2023-BLG-1383,SAO03M0102.091286,18:06:38.09,-27:41:20.80,60121.40767,15.65,0.13,21.08,20.0,20.54,1,0.83,
KMT-2023-BLG-1384,BLG03M0104.052742,18:06:26.23,-27:24:38.70,60130.99221,37.37,0.044,20.95,19.3,19.3,1,0.84,MB23292 OB230867
KMT-2023-BLG-1385,BLG03N0403.000809,18:04:32.71,-28:42:32.18,60160.62893,44.75,1.0,16.4,14.7,14.7,1,0.88,OB231057
KMT-2023-BLG-1386,BLG03T0505.012370,17:59:06.92,-28:29:23.71,60134.02218,50.26,0.205,19.62,17.64,17.64,1,1.38,OB230743
KMT-2023-BLG-1387,BLG04T0406.009945,18:01:48.83,-30:23:17.92,60125.88594,7.2,0.748,17.9,17.85,17.85,1,1.07,OB230848
KMT-2023-BLG-1388,BLG04T0507.023071,18:00:54.40,-30:18:25.81,60125.01256,18.15,0.908,19.66,18.59,18.59,1,1.04,
KMT-2023-BLG-1389,BLG04T0508.053723,18:01:13.92,-30:08:30.59,60121.45654,17.22,0.034,20.35,19.39,19.39,1,1.0,MB23286
KMT-2023-BLG-1390,BLG11M0108.032146,17:31:40.42,-28:56:59.68,60125.40847,18.84,0.112,21.08,20.0,20.85,2,2.81,
KMT-2023-BLG-1391,BLG11M0401.051222,17:30:10.68,-29:52:40.91,60119.1677,12.37,0.863,19.96,20.0,20.51,2,2.46,
KMT-2023-BLG-1392,SAO11M0504.022929,17:29:24.93,-29:24:56.70,60121.86467,18.53,0.561,19.63,20.0,20.05,2,2.32,OB230842
KMT-2023-BLG-1393,SAO13M0302.057784,17:38:26.93,-34:02:58.13,60119.89524,16.61,0.026,22.02,20.0,22.37,2,3.54,
KMT-2023-BLG-1394,BLG13N0106.084598,17:39:20.16,-34:42:52.49,60114.87777,43.11,0.25,21.61,20.0,25.0,3,3.02,
KMT-2023-BLG-1395,SSO14M0702.053818,17:37:33.93,-28:41:59.75,60119.88026,20.67,0.013,21.49,20.0,21.26,2,3.11,
KMT-2023-BLG-1396,BLG14N0502.016095,17:38:48.91,-29:48:21.78,60120.42466,123.87,0.022,24.62,20.0,21.23,2,4.55,
KMT-2023-BLG-1397,SAO15M0501.023250,17:39:01.84,-26:38:53.48,60124.3709,16.01,0.096,20.96,20.0,20.74,2,3.95,
KMT-2023-BLG-1398,BLG16M0101.061866,17:41:06.12,-24:36:06.01,60124.20605,14.91,0.119,20.46,20.0,20.89,2,2.02,OB230859
KMT-2023-BLG-1399,BLG17K0402.015779,17:42:21.30,-33:01:53.22,60124.44775,6.0,0.642,20.02,20.0,20.18,2,3.69,
KMT-2023-BLG-1400,BLG17K0605.006278,17:41:19.02,-32:35:50.06,60186.58528,62.37,0.186,19.12,19.11,19.11,2,3.89,
KMT-2023-BLG-1401,BLG17M0303.041752,17:48:10.87,-32:53:32.82,60130.95518,67.47,0.181,21.79,20.0,21.01,2,2.53,
KMT-2023-BLG-1402,BLG17N0202.066874,17:48:39.95,-34:10:02.60,60121.72106,111.12,0.022,22.26,20.0,20.55,1,1.75,OB230823
KMT-2023-BLG-1403,SAO18T0307.032639,17:44:43.96,-26:57:02.99,60119.24799,9.62,0.112,20.87,20.0,21.07,2,3.4,
KMT-2023-BLG-1404,BLG19K0108.016036,17:45:49.14,-23:37:45.70,60118.38189,15.65,0.999,19.64,18.83,18.83,1,1.74,
KMT-2023-BLG-1405,SAO19M0508.005508,17:47:49.30,-23:42:15.23,60135.60827,31.01,0.84,18.09,18.04,18.04,4,1.84,OB230873
KMT-2023-BLG-1406,SAO20M0101.008980,17:50:18.56,-22:25:07.10,60124.54712,77.64,0.024,22.52,18.78,18.78,1,2.3,
KMT-2023-BLG-1407,BLG20N0501.010738,17:47:51.24,-23:31:14.05,60184.42791,198.78,0.032,21.22,19.0,19.0,2,1.75,OB231032
KMT-2023-BLG-1408,SSO20N0603.001267,17:47:46.36,-23:16:07.28,60202.22389,34.91,0.994,15.65,15.68,15.68,1,1.7,OB231049
KMT-2023-BLG-1409,BLG21K0403.025399,17:51:59.95,-35:03:11.70,60113.9584,47.84,0.826,18.99,18.74,18.74,1,0.66,OB230795
KMT-2023-BLG-1410,BLG21K0704.007204,17:50:08.37,-34:49:53.00,60146.76896,33.47,1.0,18.72,17.82,17.82,1,1.08,OB231071
KMT-2023-BLG-1411,BLG31M0206.053297,18:17:09.02,-25:07:45.98,60120.45146,24.56,0.388,20.86,20.0,20.37,1,1.11,
KMT-2023-BLG-1412,BLG32N0401.037685,18:13:50.98,-28:58:21.61,60129.6306,37.22,0.534,19.29,19.48,19.48,1,0.49,OB230892
KMT-2023-BLG-1413,BLG33K0502.034310,18:10:21.10,-29:50:53.99,60130.65825,22.49,0.088,20.32,19.43,19.43,1,0.7,OB230850
KMT-2023-BLG-1414,BLG34M0506.059977,18:06:08.15,-31:27:09.68,60127.92912,30.13,0.042,20.23,20.0,20.55,1,0.89,MB23290 OB230851
KMT-2023-BLG-1415,BLG35M0302.072998,18:07:45.53,-25:34:07.10,60123.09705,41.79,0.002,22.07,20.0,20.6,1,1.56,
KMT-2023-BLG-1416,SAO35N0704.028116,18:05:36.97,-26:24:39.60,60120.71911,23.3,0.07,20.91,18.98,18.98,1,1.33,OB230854
KMT-2023-BLG-1417,BLG36M0803.000991,18:16:11.27,-23:21:33.01,60223.99572,62.05,0.488,15.66,15.56,15.56,1,1.39,MB23307 OB230805
KMT-2023-BLG-1418,SAO37N0303.015152,17:48:13.84,-36:04:53.18,60125.42063,36.48,0.271,19.2,18.72,18.72,1,0.92,OB230834
KMT-2023-BLG-1419,BLG37N0804.033391,17:45:00.84,-35:58:55.92,60172.55895,104.63,0.543,20.03,20.0,20.19,2,1.42,
KMT-2023-BLG-1420,SAO41K0107.061116,17:53:58.40,-30:24:30.10,60119.13748,5.41,0.203,19.58,19.62,19.62,1,1.57,MB23280 OB230794
KMT-2023-BLG-1421,SAO41K0203.047460,17:52:53.88,-30:56:05.71,60127.25191,11.38,0.531,19.4,19.34,19.34,1,1.67,
KMT-2023-BLG-1422,SAO41K0501.006533,17:51:21.34,-31:06:41.40,60121.43924,2.98,0.997,18.2,17.84,17.84,1,2.42,
KMT-2023-BLG-1423,BLG41K0707.054974,17:50:18.41,-30:20:12.12,60116.2278,70.41,0.055,22.82,20.0,21.13,2,2.96,
KMT-2023-BLG-1424,SSO42M0804.063248,17:54:39.88,-28:36:22.93,60132.04809,79.03,0.183,21.44,20.0,20.26,2,2.03,
KMT-2023-BLG-1425,BLG42M0805.021159,17:54:23.78,-28:32:15.00,60128.23866,10.29,0.232,19.16,19.13,19.13,2,2.36,OB230812
KMT-2023-BLG-1426,SAO43M0304.029086,18:04:54.45,-27:35:47.11,60118.43582,57.5,0.026,23.25,18.69,18.69,1,1.03,
KMT-2023-BLG-1427,BLG43M0507.065196,18:03:46.71,-27:11:36.49,60123.42238,13.36,0.125,20.58,19.79,19.79,1,1.38,OB230816
KMT-2023-BLG-1428,BLG02K0302.047782,17:52:52.78,-28:44:06.43,60114.73903,8.66,0.228,21.73,20.0,20.75,2,2.81,
KMT-2023-BLG-1429,BLG02N0503.077154,17:56:32.37,-29:44:53.99,60130.52716,53.58,0.095,21.65,20.0,20.14,1,1.9,
KMT-2023-BLG-1430,SAO03M0807.034287,18:02:36.24,-27:05:31.31,60124.19772,11.91,0.995,19.85,20.0,20.07,1,2.37,
KMT-2023-BLG-1431,BLG04M0702.002167,18:04:44.05,-29:44:38.11,60138.73439,32.63,0.011,18.85,15.54,15.54,1,0.82,MB23291 OB230879
KMT-2023-BLG-1432,BLG15M0801.069613,17:36:59.77,-26:39:54.22,60124.4975,12.47,0.21,21.24,20.0,21.92,2,2.99,
KMT-2023-BLG-1433,BLG16M0107.067939,17:41:15.94,-23:47:45.96,60123.39092,8.82,0.056,21.31,20.0,21.52,3,1.62,
KMT-2023-BLG-1434,BLG18K0404.040388,17:43:51.92,-26:15:35.39,60115.34606,3.2,0.367,20.21,20.0,20.58,2,2.85,
KMT-2023-BLG-1435,SSO41K0205.047635,17:53:23.52,-30:39:14.00,60122.23412,10.12,0.194,21.21,19.9,19.9,1,2.21,
KMT-2023-BLG-1436,SSO41K0504.016168,17:51:02.49,-30:46:04.01,60123.54373,74.1,0.034,22.33,18.68,18.68,1,2.44,
KMT-2023-BLG-1437,SSO41K0504.024131,17:51:02.28,-30:43:19.60,60126.35426,53.44,0.089,21.65,19.17,19.17,1,2.3,OB230880
KMT-2023-BLG-1438,SSO41N0104.040991,17:58:47.19,-31:53:00.10,60122.432,31.44,0.042,23.29,19.96,19.96,1,1.62,
KMT-2023-BLG-1439,BLG02K0105.014705,17:54:07.16,-28:26:08.20,60123.75207,18.6,0.115,20.96,18.78,18.78,2,2.48,OB230830
KMT-2023-BLG-1440,BLG02M0301.097636,17:57:42.83,-28:54:03.31,60126.29097,80.63,0.054,22.31,20.0,20.04,1,1.4,
KMT-2023-BLG-1441,BLG03N0208.090722,18:06:02.15,-28:03:40.72,60128.27714,25.03,0.085,21.28,20.0,20.27,1,0.83,
KMT-2023-BLG-1442,SAO04K0606.009692,18:00:44.47,-29:15:55.01,60155.39813,62.35,0.004,19.06,17.68,17.68,1,1.44,MB23338 OB230780
KMT-2023-BLG-1443,SAO14K0204.023381,17:35:48.44,-28:21:07.88,60135.77496,32.43,0.09,21.21,20.0,20.8,2,3.55,OB230874
KMT-2023-BLG-1444,BLG14M0208.014294,17:40:48.79,-27:56:37.32,60159.72799,68.05,0.589,19.25,19.7,19.7,4,3.56,OB230669
KMT-2023-BLG-1445,BLG14M0807.040641,17:37:23.95,-27:59:06.04,60121.97744,5.0,0.193,21.93,20.0,21.4,2,3.61,
KMT-2023-BLG-1446,BLG16K0202.045548,17:36:13.12,-24:25:59.63,60121.45685,40.83,0.126,22.03,20.0,21.45,2,2.57,
KMT-2023-BLG-1447,BLG18K0407.034857,17:44:04.53,-25:50:16.87,60121.00227,12.26,0.039,20.93,20.0,20.61,2,2.95,
KMT-2023-BLG-1448,BLG19K0707.002840,17:42:11.25,-23:45:18.83,60129.8204,9.78,0.999,18.2,17.04,17.04,2,1.91,
KMT-2023-BLG-1449,BLG19T0606.056847,17:42:41.52,-25:04:11.78,60120.78699,12.4,0.564,20.13,20.0,21.14,1,2.63,
KMT-2023-BLG-1450,BLG42T0501.028424,17:51:22.80,-30:07:41.99,60126.37219,20.12,0.067,18.84,19.09,19.09,1,2.28,
KMT-2023-BLG-1451,BLG01T0207.004808,17:53:23.08,-31:22:51.20,60126.27132,7.37,0.067,19.79,16.97,16.97,1,2.02,
KMT-2023-BLG-1452,BLG02N0802.059052,17:54:50.49,-29:54:04.50,60132.74957,14.8,0.236,19.64,19.18,19.18,1,1.29,OB230861
KMT-2023-BLG-1453,BLG02T0504.039803,17:51:35.75,-29:35:15.29,60125.70781,13.75,0.051,21.17,19.48,19.48,1,2.37,
KMT-2023-BLG-1454,BLG02T0704.009758,17:50:28.82,-29:37:21.90,60125.77995,7.0,0.034,18.5,17.75,17.75,1,3.09,
KMT-2023-BLG-1455,BLG03K0302.061119,18:00:28.78,-27:44:37.10,60127.58044,20.79,0.221,21.0,19.62,19.62,1,1.62,
KMT-2023-BLG-1456,BLG04T0703.001351,18:00:03.62,-30:46:39.00,60149.98816,50.03,0.112,19.27,15.82,15.82,1,1.57,OB230958
KMT-2023-BLG-1457,BLG14N0606.001065,17:38:38.14,-29:17:44.38,60124.90575,24.9,0.076,21.49,17.55,17.55,2,4.4,
KMT-2023-BLG-1458,BLG15M0105.113013,17:41:10.20,-26:07:50.45,60124.12817,26.79,0.079,22.54,20.0,25.0,3,2.74,
KMT-2023-BLG-1459,BLG15N0807.004425,17:37:18.56,-27:02:12.59,60122.99374,104.96,0.015,24.14,17.86,17.86,2,2.6,
KMT-2023-BLG-1460,BLG17N0305.014709,17:48:24.49,-33:41:06.79,60135.48208,25.64,0.179,19.26,19.04,19.04,1,2.01,MB23305 OB230855
KMT-2023-BLG-1461,BLG19K0208.052570,17:44:54.71,-23:42:45.90,60135.53693,129.91,0.002,23.78,20.0,20.03,1,1.57,
KMT-2023-BLG-1462,BLG19M0706.005009,17:46:46.03,-23:56:12.80,60133.62644,10.63,0.151,17.87,17.74,17.74,1,2.35,OB230877
KMT-2023-BLG-1463,BLG22T0305.065733,17:52:32.64,-33:41:45.67,60123.61451,9.41,0.401,20.97,20.0,21.77,2,1.81,
KMT-2023-BLG-1464,BLG32T0108.019505,18:10:53.78,-28:03:20.81,60126.87867,5.27,0.393,18.49,18.4,18.4,1,0.6,OB230866
KMT-2023-BLG-1465,BLG33T0207.057281,18:12:10.00,-30:16:29.89,60122.52631,16.38,0.556,19.86,20.0,20.52,1,0.55,
KMT-2023-BLG-1466,BLG36T0606.007611,18:12:37.83,-24:09:24.41,60136.45428,21.34,0.62,19.11,19.11,19.11,4,2.2,OB230931
KMT-2023-BLG-1467,BLG38T0702.005170,17:51:33.16,-23:25:16.03,60160.00765,34.21,0.325,17.63,17.66,17.66,4,2.04,OB230826
KMT-2023-BLG-1468,BLG41K0804.015538,17:49:18.87,-30:48:11.48,60123.65752,10.06,0.053,21.42,19.33,19.33,1,3.41,
KMT-2023-BLG-1469,BLG43N0306.085151,18:05:10.42,-28:24:02.59,60140.53006,51.05,0.331,20.48,20.0,20.35,1,1.02,OB230903
KMT-2023-BLG-1470,BLG01K0502.034715,17:51:38.58,-30:57:01.01,60128.28349,15.95,0.104,20.18,19.64,19.64,1,2.38,OB230870
KMT-2023-BLG-1471,BLG02T0502.032483,17:51:41.03,-29:50:15.68,60132.202,199.96,0.011,23.2,19.28,19.28,1,2.49,
KMT-2023-BLG-1472,BLG04K0706.010574,17:59:54.05,-29:14:41.71,60124.10655,5.01,0.253,19.05,17.75,17.75,1,1.13,OB230829
KMT-2023-BLG-1473,BLG14M0701.005978,17:37:50.18,-28:46:17.62,60132.40984,22.48,0.591,19.52,18.6,18.6,2,3.52,OB230897
KMT-2023-BLG-1474,BLG17T0407.032640,17:42:25.99,-33:26:13.52,60130.9039,12.17,0.479,20.28,20.0,20.85,2,3.16,
KMT-2023-BLG-1475,BLG19M0808.035162,17:46:32.81,-23:38:41.10,60125.26171,6.54,0.649,19.68,19.67,19.67,1,1.83,
KMT-2023-BLG-1476,BLG32T0201.037703,18:10:05.87,-28:53:51.00,60127.07441,17.25,0.246,21.1,19.27,19.27,1,0.8,
KMT-2023-BLG-1477,BLG33N0604.009479,18:14:40.64,-30:39:57.85,60150.55896,22.3,0.283,18.85,18.38,18.38,4,0.5,OB230982
KMT-2023-BLG-1478,BLG37K0607.018301,17:40:53.09,-34:30:11.38,60126.1245,4.98,0.223,19.61,19.64,19.64,2,2.05,
KMT-2023-BLG-1479,BLG41T0107.013742,17:53:57.09,-31:31:28.99,60127.47565,45.75,0.151,21.03,18.73,18.73,1,1.82,OB230818
KMT-2023-BLG-1480,BLG42N0403.018569,17:56:38.16,-29:55:55.70,60138.27916,43.15,0.769,19.7,18.69,18.69,1,1.79,
KMT-2023-BLG-1481,BLG03K0505.010553,17:59:16.00,-27:17:56.29,60136.31167,12.06,0.827,18.1,17.93,17.93,1,2.18,
KMT-2023-BLG-1482,BLG11N0405.090318,17:30:27.89,-30:29:09.74,60125.27306,7.2,0.083,22.15,20.0,21.86,2,2.54,
KMT-2023-BLG-1483,BLG14N0506.089219,17:38:42.57,-29:13:09.55,60127.10195,14.85,0.056,23.04,20.0,25.0,3,4.43,
KMT-2023-BLG-1484,BLG15M0207.031985,17:40:34.53,-25:54:47.52,60141.47663,19.39,0.179,20.0,20.0,20.89,2,3.0,OB230963 OB230988
KMT-2023-BLG-1485,BLG17T0501.087148,17:41:46.97,-34:16:20.28,60125.21144,3.67,0.047,21.21,20.0,21.54,2,2.06,
KMT-2023-BLG-1486,BLG20M0302.001684,17:49:16.36,-22:18:32.62,60136.15007,2.98,0.007,22.1,16.43,16.43,1,2.16,
KMT-2023-BLG-1487,BLG21K0608.022747,17:50:38.15,-34:24:43.31,60138.71163,23.42,0.209,19.25,18.99,18.99,1,1.03,OB230878
KMT-2023-BLG-1488,BLG22M0102.003012,17:58:55.04,-33:01:37.42,60146.70134,9.9,0.913,17.08,16.87,16.87,1,1.22,OB230978
KMT-2023-BLG-1489,BLG31N0608.017770,18:15:07.78,-25:53:48.41,60155.44067,34.23,0.893,18.65,18.67,18.67,1,0.96,OB231101
KMT-2023-BLG-1490,BLG33T0707.004192,18:09:08.05,-30:20:20.11,60127.21749,5.02,0.07,18.75,17.31,17.31,1,0.79,
KMT-2023-BLG-1491,BLG35T0504.088908,18:01:30.79,-26:26:14.75,60121.82168,10.14,0.997,29.75,20.0,25.0,3,2.8,
KMT-2023-BLG-1492,BLG36T0206.031703,18:15:03.95,-24:07:41.20,60133.46564,147.22,0.055,21.74,19.82,19.82,1,1.49,
KMT-2023-BLG-1493,BLG37K0506.055320,17:41:26.79,-34:34:42.82,60129.26215,12.16,0.033,20.66,20.0,20.68,2,1.98,
KMT-2023-BLG-1494,BLG38K0801.007559,17:50:52.07,-22:28:19.42,60131.86322,18.82,0.481,20.61,18.67,18.67,1,2.44,
KMT-2023-BLG-1495,BLG43N0403.020237,18:04:23.90,-28:47:23.78,60134.56526,35.77,0.12,20.06,18.24,18.24,1,0.83,MB23298 OB230840
KMT-2023-BLG-1496,SAO03K0101.003361,18:01:47.28,-27:53:04.60,60153.99977,52.57,0.998,16.58,15.92,15.92,1,1.39,MB23276 OB230768
KMT-2023-BLG-1497,BLG04T0604.006008,18:00:41.45,-30:43:56.39,60158.49183,34.31,0.461,18.59,17.58,17.58,1,1.29,OB230922
KMT-2023-BLG-1498,BLG17K0801.010675,17:40:01.96,-33:04:12.18,60119.12442,65.43,0.264,20.57,19.46,19.46,2,3.43,OB230717
KMT-2023-BLG-1499,BLG17N0805.001160,17:45:17.46,-33:47:16.51,60190.89809,74.51,0.79,15.51,15.54,15.54,1,1.63,MB23284
KMT-2023-BLG-1500,BLG17T0107.000916,17:44:31.86,-33:32:25.12,60117.30005,68.27,0.484,18.64,15.61,15.61,1,2.13,OB230798
KMT-2023-BLG-1501,BLG19M0602.001045,17:47:20.03,-24:27:34.67,60147.33752,84.32,0.998,17.54,16.18,16.18,2,2.29,
KMT-2023-BLG-1502,BLG31T0606.033872,18:10:24.67,-26:13:41.41,60138.49762,54.86,0.9,19.28,19.25,19.25,1,1.27,
KMT-2023-BLG-1503,BLG32K0704.005732,18:07:17.26,-27:30:07.49,60197.76801,37.81,0.393,17.12,17.13,17.13,1,1.37,MB23373 OB230945
KMT-2023-BLG-1504,BLG42N0202.068322,17:58:05.48,-30:04:01.99,60139.5512,75.52,0.028,21.54,19.85,19.85,1,1.61,
KMT-2023-BLG-1505,SSO43K0601.000225,17:58:35.93,-27:56:29.62,60124.48617,10.63,1.0,14.78,14.26,14.26,1,2.5,
KMT-2023-BLG-1506,BLG01M0807.015064,17:54:34.90,-30:14:10.36,60151.09887,33.39,0.996,18.6,18.68,18.68,2,1.97,
KMT-2023-BLG-1507,SSO03N0407.002345,18:04:46.64,-28:08:06.40,60220.19341,45.39,0.701,15.44,15.45,15.45,1,0.96,MB23332 OB230956
KMT-2023-BLG-1508,BLG04K0403.006732,18:01:30.72,-29:37:16.90,60209.13005,107.55,0.664,18.35,17.11,17.11,1,1.27,MB23350 OB230930
KMT-2023-BLG-1509,BLG12M0802.001562,17:28:10.14,-27:38:06.90,60166.69027,109.66,0.997,18.0,17.14,17.14,2,2.26,
KMT-2023-BLG-1510,BLG19T0107.027945,17:45:39.82,-24:57:04.72,60136.71139,22.58,0.26,20.82,20.0,20.89,2,3.17,
KMT-2023-BLG-1511,BLG20N0501.012635,17:48:02.87,-23:31:29.35,60135.26667,38.26,0.3,20.57,19.18,19.18,2,1.86,
KMT-2023-BLG-1512,BLG33T0708.040605,18:09:10.55,-30:08:58.88,60113.84812,32.53,0.998,19.13,19.63,19.63,1,0.74,
KMT-2023-BLG-1513,SAO34K0801.001523,17:59:15.85,-32:02:25.69,60149.77537,49.58,0.407,18.8,16.08,16.08,1,1.68,OB231004
KMT-2023-BLG-1514,BLG41M0405.003653,17:56:46.21,-30:41:27.38,60148.53596,11.26,0.594,16.56,16.57,16.57,1,1.67,MB23309 OB230940
KMT-2023-BLG-1515,BLG01K0607.034792,17:51:08.91,-30:15:46.69,60150.83805,35.84,0.159,19.79,19.44,19.44,1,2.26,OB230882
KMT-2023-BLG-1516,BLG01K0705.018325,17:50:27.11,-30:31:13.80,60136.30817,24.98,0.291,20.79,18.81,18.81,1,2.49,
KMT-2023-BLG-1517,BLG01M0707.049132,17:55:36.03,-30:18:05.11,60134.30862,29.32,0.052,21.24,19.55,19.55,1,1.82,
KMT-2023-BLG-1518,BLG01N0407.010997,17:57:05.91,-31:24:57.71,60155.93335,21.78,0.333,18.29,18.2,18.2,1,1.39,MB23327 MB23328 OB230941
KMT-2023-BLG-1519,BLG01T0601.000451,17:50:58.89,-32:04:18.59,60134.26526,4.24,0.67,15.79,15.8,15.8,2,3.0,MB23297
KMT-2023-BLG-1520,BLG02N0307.081304,17:57:35.80,-29:12:25.31,60130.37883,7.72,0.121,20.75,20.0,20.14,2,1.5,OB230863
KMT-2023-BLG-1521,BLG11N0207.007542,17:31:24.55,-30:14:39.01,60126.57703,6.13,0.865,19.63,18.44,18.44,2,2.51,
KMT-2023-BLG-1522,BLG14M0202.020380,17:40:34.29,-28:36:22.86,60130.94982,3.61,0.068,21.13,20.0,20.95,3,4.41,
KMT-2023-BLG-1523,BLG14M0204.016482,17:40:31.92,-28:21:15.66,60138.50946,20.84,0.577,20.11,20.0,20.43,2,4.18,
KMT-2023-BLG-1524,BLG14N0608.075466,17:38:28.41,-28:57:34.02,60131.45456,22.52,0.07,21.73,20.0,22.21,2,3.87,
KMT-2023-BLG-1525,BLG14T0105.004829,17:36:14.39,-29:27:09.07,60160.07974,27.38,0.289,18.27,18.26,18.26,2,2.96,OB231037
KMT-2023-BLG-1526,BLG15K0401.011230,17:34:33.74,-26:42:53.60,60137.16092,42.48,0.28,20.85,19.56,19.56,2,2.3,
KMT-2023-BLG-1527,BLG15M0805.000227,17:37:15.94,-26:06:15.41,60195.17243,200.0,1.0,15.98,15.81,15.81,2,3.05,
KMT-2023-BLG-1528,BLG15N0408.023855,17:39:18.91,-26:57:04.97,60130.55688,6.14,0.289,20.74,20.0,20.8,2,3.02,
KMT-2023-BLG-1529,BLG18K0808.022380,17:41:54.21,-25:43:43.46,60135.82023,26.07,0.686,20.0,20.0,20.18,2,2.6,
KMT-2023-BLG-1530,BLG18T0308.021524,17:44:17.40,-26:53:02.00,60143.70234,25.01,0.057,20.01,20.0,20.38,2,3.13,
KMT-2023-BLG-1531,BLG18T0604.033748,17:42:56.29,-27:20:57.30,60133.19886,20.34,0.484,20.31,20.0,20.99,2,3.45,
KMT-2023-BLG-1532,BLG19N0803.001566,17:46:24.89,-25:24:08.60,60171.36707,199.9,0.096,20.44,17.35,17.35,2,3.3,OB231041
KMT-2023-BLG-1533,BLG21K0305.000703,17:52:27.65,-34:42:06.19,60136.31681,34.48,0.904,18.29,14.93,14.93,1,0.8,
KMT-2023-BLG-1534,BLG41K0304.010503,17:52:20.34,-30:45:39.71,60141.38675,26.75,0.653,18.42,17.72,17.72,1,1.92,MB23296
KMT-2023-BLG-1535,BLG41M0207.050977,17:58:00.87,-30:23:20.00,60132.73677,27.79,0.1,21.81,20.0,20.05,1,1.91,
KMT-2023-BLG-1536,BLG42N0108.040072,17:58:38.08,-29:16:38.10,60142.61823,28.04,0.312,18.79,18.66,18.66,1,1.01,OB230862
KMT-2023-BLG-1537,BLG02M0802.000814,17:54:55.32,-28:50:17.20,60212.7841,46.29,0.993,16.76,15.11,15.11,2,2.03,
KMT-2023-BLG-1538,BLG02N0802.073883,17:54:50.82,-29:52:30.29,60142.32813,90.96,0.084,21.56,19.45,19.45,1,1.25,OB230906
KMT-2023-BLG-1539,BLG03K0205.043582,18:01:03.26,-27:19:13.30,60130.43173,1.19,0.035,19.33,19.47,19.47,1,1.6,
KMT-2023-BLG-1540,BLG04K0204.040272,18:02:58.68,-29:34:52.50,60137.30723,10.45,0.437,19.14,19.11,19.11,1,1.0,OB230943
KMT-2023-BLG-1541,SAO04K0704.000661,18:00:03.35,-29:30:48.71,60142.08018,6.91,0.979,15.02,14.68,14.68,1,1.36,OB230902
KMT-2023-BLG-1542,SAO04M0703.001707,18:05:07.58,-29:42:27.11,60148.32739,24.09,0.998,15.63,15.32,15.32,1,0.83,MB23302
KMT-2023-BLG-1543,BLG04T0107.011867,18:03:14.65,-30:18:37.80,60131.65381,8.19,0.195,20.27,18.13,18.13,1,1.02,
KMT-2023-BLG-1544,BLG12T0105.008221,17:27:04.27,-28:18:51.52,60169.30195,48.03,0.277,19.49,19.09,19.09,2,1.81,
KMT-2023-BLG-1545,BLG14K0101.002225,17:36:14.22,-28:45:10.55,60158.82367,21.79,0.666,17.43,17.44,17.44,4,3.03,OB230898
KMT-2023-BLG-1546,BLG14K0706.070107,17:33:12.77,-28:07:07.07,60133.29896,47.22,0.041,22.73,20.0,21.5,2,2.56,
KMT-2023-BLG-1547,BLG14M0405.000257,17:39:47.37,-28:15:39.96,60130.1492,33.85,0.039,21.32,15.24,15.24,4,2.99,
KMT-2023-BLG-1548,BLG15N0501.012764,17:39:08.32,-27:44:57.62,60131.06437,20.64,0.046,22.0,19.18,19.18,2,2.76,
KMT-2023-BLG-1549,SAO16M0703.013385,17:38:13.38,-24:13:56.75,60131.43178,20.26,0.28,19.49,19.53,19.53,2,1.63,OB230844
KMT-2023-BLG-1550,SAO17T0502.110269,17:41:52.04,-34:07:26.47,60124.28844,26.92,0.769,19.39,20.0,25.0,3,2.35,
KMT-2023-BLG-1551,BLG22N0105.013996,17:59:09.89,-33:47:40.81,60129.65639,12.33,0.476,20.26,18.65,18.65,1,0.94,
KMT-2023-BLG-1552,BLG35T0204.027584,18:03:33.35,-26:28:27.37,60128.25873,24.17,0.02,22.24,20.0,20.31,2,2.31,
KMT-2023-BLG-1553,BLG37K0204.001571,17:43:26.77,-34:52:14.05,60048.88689,53.48,0.999,17.94,17.06,17.06,2,2.35,
KMT-2023-BLG-1554,BLG41M0605.046788,17:55:54.44,-30:41:27.31,60140.7134,43.61,0.21,20.18,19.57,19.57,1,1.67,OB230923
KMT-2023-BLG-1555,BLG01T0803.002183,17:49:58.87,-31:55:27.73,60137.17868,15.86,0.705,19.83,19.78,19.78,2,4.95,
KMT-2023-BLG-1556,BLG02M0107.019341,17:58:37.16,-28:12:06.19,60133.38052,4.63,0.101,22.28,18.95,18.95,1,1.97,
KMT-2023-BLG-1557,BLG02M0702.081356,17:55:25.42,-28:45:49.97,60133.6028,37.59,0.074,21.59,20.0,20.76,2,2.06,
KMT-2023-BLG-1558,BLG02T0102.063873,17:54:04.08,-29:51:15.52,60140.43331,11.59,0.239,20.22,19.3,19.3,1,1.39,OB230900
KMT-2023-BLG-1559,BLG02T0608.043117,17:51:04.65,-29:05:57.88,60138.36882,44.9,0.151,21.31,20.0,21.75,2,4.29,
KMT-2023-BLG-1560,BLG02T0701.053399,17:50:46.86,-30:02:47.40,60135.38703,8.82,0.248,20.23,20.0,20.58,1,2.97,
KMT-2023-BLG-1561,BLG03K0802.004493,17:57:37.63,-27:39:56.59,60230.29138,199.91,0.25,20.43,18.22,18.22,2,3.07,OB230916
KMT-2023-BLG-1562,BLG04K0501.023522,18:01:09.72,-29:52:18.01,60139.96224,17.24,0.124,19.16,18.5,18.5,1,1.03,MB23317 OB230942
KMT-2023-BLG-1563,BLG11K0304.030412,17:25:44.58,-29:29:21.41,60008.07645,4.73,0.066,21.04,19.54,19.54,1,1.8,
KMT-2023-BLG-1564,BLG14K0203.056459,17:35:54.30,-28:28:41.52,60135.79574,8.49,0.463,20.58,20.0,21.4,2,3.37,
KMT-2023-BLG-1565,BLG14M0201.015894,17:40:55.90,-28:47:33.72,60144.67642,27.03,0.388,20.62,20.0,21.22,2,5.57,
KMT-2023-BLG-1566,BLG14M0604.012491,17:38:30.93,-28:24:03.38,60124.14007,42.19,0.885,19.32,19.39,19.39,2,3.08,
KMT-2023-BLG-1567,BLG15N0305.028501,17:40:12.78,-27:19:18.05,60155.46476,30.43,0.216,19.95,20.0,20.45,2,3.04,OB231040
KMT-2023-BLG-1568,BLG15T0306.018485,17:35:03.96,-27:07:42.71,60147.15492,197.07,0.012,22.35,18.99,18.99,1,2.11,MB23320 OB230960
KMT-2023-BLG-1569,BLG15T0505.003709,17:34:15.92,-27:14:38.51,60149.46452,11.4,0.209,18.5,18.0,18.0,1,2.93,MB23321 OB231028
KMT-2023-BLG-1570,BLG16N0107.004042,17:41:08.80,-24:57:41.00,60160.73927,17.54,0.593,17.56,17.41,17.41,1,2.38,OB231042
KMT-2023-BLG-1571,BLG17M0402.021921,17:47:39.41,-33:01:57.97,60137.50951,41.24,0.315,21.56,20.0,20.99,2,3.01,
KMT-2023-BLG-1572,BLG18K0105.012490,17:45:36.82,-26:08:35.41,60150.76978,97.22,0.956,19.29,19.24,19.24,2,2.82,
KMT-2023-BLG-1573,BLG18T0701.060364,17:41:56.49,-27:42:42.44,60134.67583,14.45,0.052,21.12,20.0,22.06,3,4.06,
KMT-2023-BLG-1574,BLG18T0703.053694,17:42:12.74,-27:28:04.08,60135.27446,3.92,0.881,19.91,20.0,21.18,2,3.48,
KMT-2023-BLG-1575,BLG19K0606.011863,17:43:00.18,-23:57:41.29,60148.7153,30.56,0.287,19.86,18.67,18.67,1,1.69,
KMT-2023-BLG-1576,BLG19T0205.079643,17:44:52.70,-25:07:06.92,60134.88144,38.77,0.088,22.13,20.0,21.64,3,2.57,
KMT-2023-BLG-1577,BLG21K0308.015386,17:52:27.98,-34:19:40.30,60134.79369,22.16,0.228,20.14,18.67,18.67,1,1.2,OB230939
KMT-2023-BLG-1578,BLG21K0704.004650,17:50:05.28,-34:53:09.71,60214.34398,50.98,0.778,17.5,17.21,17.21,1,1.08,OB231176
KMT-2023-BLG-1579,BLG22K0104.015639,17:53:56.11,-32:42:42.41,60135.93796,7.77,0.166,20.18,18.68,18.68,1,1.46,
KMT-2023-BLG-1580,BLG22K0505.068664,17:51:50.99,-32:35:09.49,60135.22459,30.21,0.099,20.5,20.0,20.5,1,1.59,
KMT-2023-BLG-1581,BLG22K0705.010288,17:50:38.60,-32:34:58.84,60162.6869,44.01,0.047,19.39,19.38,19.38,2,2.41,
KMT-2023-BLG-1582,BLG22M0807.047833,17:54:47.79,-32:23:56.69,60135.04924,21.06,0.167,21.08,19.87,19.87,1,1.62,
KMT-2023-BLG-1583,BLG31K0205.025237,18:12:38.59,-25:14:49.81,60135.22016,24.59,0.883,19.6,19.55,19.55,1,1.67,
KMT-2023-BLG-1584,BLG32N0201.020750,18:15:05.12,-28:56:36.38,60149.49269,18.38,0.048,18.72,18.87,18.87,1,0.53,MB23319 OB231058
KMT-2023-BLG-1585,BLG32T0707.045351,18:07:35.11,-28:07:52.61,60143.83159,26.16,0.186,19.49,19.58,19.58,1,1.38,OB230959
KMT-2023-BLG-1586,BLG34K0506.007993,18:00:59.85,-31:23:49.49,60202.32967,1.94,0.757,19.27,18.05,18.05,1,1.29,
KMT-2023-BLG-1587,BLG37K0406.030925,17:42:18.22,-34:36:36.90,60135.43756,54.35,0.168,22.02,19.87,19.87,2,1.79,
KMT-2023-BLG-1588,BLG38K0105.002898,17:54:37.30,-21:56:17.52,60136.02533,6.2,0.986,17.75,17.26,17.26,4,2.43,
KMT-2023-BLG-1589,BLG38M0804.005814,17:55:09.56,-22:00:31.43,60209.9753,64.54,0.471,18.64,18.58,18.58,4,2.81,
KMT-2023-BLG-1590,BLG41N0801.073857,17:54:19.62,-32:12:52.70,60136.2218,8.48,0.068,21.55,20.0,20.63,1,1.69,
KMT-2023-BLG-1591,SAO42K0105.011105,17:53:36.69,-28:28:51.78,60136.62109,6.19,0.566,18.03,18.11,18.11,2,2.42,MB23312 OB230860
KMT-2023-BLG-1592,BLG42M0801.082062,17:54:42.88,-29:00:30.31,60134.26721,13.54,0.002,21.14,19.7,19.7,1,1.84,
KMT-2023-BLG-1593,BLG42M0806.093845,17:54:34.33,-28:24:47.12,60136.55558,32.84,0.19,21.37,20.0,25.0,3,3.01,
KMT-2023-BLG-1594,BLG42N0207.062451,17:57:53.07,-29:22:34.79,60135.7714,4.95,0.161,19.52,19.55,19.55,1,1.59,MB23301 OB230884
KMT-2023-BLG-1595,BLG42T0702.026930,17:50:18.45,-30:00:59.00,60136.82333,31.51,0.027,21.99,19.9,19.9,1,3.46,OB230890
KMT-2023-BLG-1596,BLG43N0608.027000,18:03:08.49,-28:08:00.89,60133.72973,61.29,0.015,23.76,18.48,18.48,1,0.82,OB230886
KMT-2023-BLG-1597,BLG43T0501.017669,17:59:09.81,-29:06:53.35,60139.66262,8.1,0.369,18.2,17.9,17.9,2,0.95,MB23315 OB230885
KMT-2023-BLG-1598,BLG03N0108.024421,18:06:40.61,-28:05:32.89,60166.92527,43.49,0.438,18.96,18.58,18.58,1,1.07,OB230981
KMT-2023-BLG-1599,BLG03T0707.059417,17:58:19.63,-28:11:52.30,60153.36456,199.89,0.008,22.13,19.96,19.96,1,2.24,MB23339 OB230901
KMT-2023-BLG-1600,BLG11N0104.004010,17:31:53.84,-30:30:20.12,60162.62227,54.67,0.912,18.8,17.93,17.93,2,2.94,OB231038
KMT-2023-BLG-1601,BLG14N0608.010813,17:38:20.05,-29:00:05.69,60220.85356,78.81,0.511,19.36,19.37,19.37,2,3.48,
KMT-2023-BLG-1602,BLG15T0204.046014,17:35:50.92,-27:23:55.21,60151.07119,37.31,0.053,20.38,20.0,20.29,1,2.44,MB23325 OB231027
KMT-2023-BLG-1603,SSO17N0706.078525,17:45:58.18,-33:36:18.29,60139.10481,19.6,0.009,20.19,20.0,20.38,1,1.52,MB23313
KMT-2023-BLG-1604,SAO20K0205.002172,17:45:18.04,-21:54:02.99,60136.72021,50.47,0.856,18.95,16.8,16.8,4,1.7,
KMT-2023-BLG-1605,BLG42N0803.025533,17:54:16.50,-29:56:33.79,60142.70898,23.09,0.136,19.64,18.35,18.35,1,1.43,OB230883
KMT-2023-BLG-1606,BLG02K0601.007409,17:50:50.58,-28:55:49.22,60137.56916,18.35,0.673,19.01,19.12,19.12,2,6.03,
KMT-2023-BLG-1607,SAO02N0402.086430,17:57:21.92,-29:53:49.78,60142.04993,35.53,0.02,21.95,20.0,21.4,2,1.9,
KMT-2023-BLG-1608,BLG02N0807.002783,17:55:04.91,-29:15:41.11,60196.27177,33.6,0.336,16.17,15.95,15.95,1,2.42,MB23352 OB230920
KMT-2023-BLG-1609,SSO04T0601.007807,18:00:46.35,-31:00:57.71,60134.80195,28.3,0.02,21.93,18.19,18.19,1,1.46,MB23308
KMT-2023-BLG-1610,BLG11M0802.034042,17:28:06.39,-29:45:49.10,60142.28129,38.6,0.199,21.34,19.81,19.81,1,2.14,
KMT-2023-BLG-1611,SAO14M0708.068887,17:38:01.50,-27:50:55.03,60137.27751,27.55,0.002,22.6,20.0,22.23,2,3.37,
KMT-2023-BLG-1612,BLG17N0202.058192,17:48:34.15,-34:05:59.60,60140.92709,24.32,0.084,21.05,20.0,20.2,1,1.6,MB23314
KMT-2023-BLG-1613,SAO19M0706.020144,17:47:12.31,-23:53:40.60,60146.28984,30.81,0.083,19.45,19.43,19.43,1,2.39,OB230896
KMT-2023-BLG-1614,BLG20N0503.060778,17:48:19.75,-23:18:45.61,60138.69807,23.76,0.291,20.15,20.0,20.19,1,1.72,
KMT-2023-BLG-1615,BLG38T0705.014684,17:51:26.28,-22:59:51.72,60142.89318,11.12,0.741,19.12,19.2,19.2,4,2.13,OB231034
KMT-2023-BLG-1616,SAO02M0805.100618,17:54:57.72,-28:21:11.99,60139.65776,9.74,0.178,20.77,20.0,25.0,3,2.59,
KMT-2023-BLG-1617,SAO02N0204.020969,17:58:04.86,-29:37:10.09,60139.91614,2.94,0.117,18.47,18.28,18.28,1,1.27,MB23316 OB230918
KMT-2023-BLG-1618,SAO03K0608.034759,17:58:41.16,-26:55:37.60,60137.57755,1.09,0.07,20.05,20.0,20.06,1,2.65,
KMT-2023-BLG-1619,SAO04T0501.017131,18:01:14.10,-31:02:35.30,60146.93837,44.98,0.2,21.11,18.91,18.91,1,1.44,OB231026
KMT-2023-BLG-1620,BLG12N0107.076962,17:31:47.82,-28:07:15.31,60146.36801,73.55,0.137,21.53,20.0,21.74,2,2.56,
KMT-2023-BLG-1621,SAO12N0707.015679,17:28:28.08,-28:08:23.03,60135.63091,19.78,0.2,20.41,19.86,19.86,2,2.21,OB230961
KMT-2023-BLG-1622,SAO14K0202.074549,17:35:32.70,-28:39:53.71,60145.44475,48.21,0.184,21.09,20.0,21.43,2,2.98,
KMT-2023-BLG-1623,SAO14K0506.020883,17:34:18.46,-28:06:34.09,60144.29347,22.9,0.006,21.43,20.0,20.07,2,2.69,
KMT-2023-BLG-1624,SAO14M0506.024429,17:39:03.88,-28:10:47.82,60143.37805,24.92,0.169,21.48,20.0,20.1,2,2.88,
KMT-2023-BLG-1625,BLG15N0406.006070,17:39:45.07,-27:11:25.04,60174.04557,51.54,0.995,19.01,18.11,18.11,2,2.76,OB231199
KMT-2023-BLG-1626,SAO16K0304.015496,17:35:39.98,-24:13:09.80,60142.73522,55.14,0.242,21.2,20.0,20.34,2,2.23,
KMT-2023-BLG-1627,SAO17N0307.076484,17:48:22.92,-33:31:01.60,60138.09424,31.68,0.003,23.01,20.0,20.8,1,1.59,
KMT-2023-BLG-1628,SAO17N0705.008489,17:45:47.90,-33:48:15.01,60147.35892,17.76,0.992,18.59,17.81,17.81,1,1.89,OB231077
KMT-2023-BLG-1629,SAO18T0704.004516,17:41:58.80,-27:22:23.81,60136.47366,12.58,0.66,19.89,18.5,18.5,2,3.98,
KMT-2023-BLG-1630,BLG19N0204.015360,17:49:51.40,-25:14:52.48,60150.36545,63.55,0.236,21.81,20.0,21.25,2,4.36,
KMT-2023-BLG-1631,SAO19T0806.002499,17:41:48.59,-25:03:57.49,60152.06237,10.51,0.661,16.65,16.65,16.65,1,2.34,OB230989
KMT-2023-BLG-1632,SAO20T0106.026041,17:45:44.15,-22:52:34.28,60157.78723,40.01,0.381,19.84,19.4,19.4,1,1.74,OB231050
KMT-2023-BLG-1633,SAO22K0406.054805,17:52:10.84,-32:28:39.50,60142.22695,25.33,0.073,20.87,19.91,19.91,1,1.74,
KMT-2023-BLG-1634,SAO22K0507.012767,17:51:42.46,-32:19:00.52,60153.08857,18.09,0.146,18.97,18.96,18.96,1,2.21,MB23326 OB230984
KMT-2023-BLG-1635,SAO32T0607.026719,18:07:58.27,-28:07:49.19,60141.87116,7.69,0.284,18.94,18.94,18.94,1,1.18,
KMT-2023-BLG-1636,BLG35T0101.060754,18:04:13.32,-26:49:26.11,60151.74316,31.29,0.428,20.15,20.0,20.17,1,1.57,OB230925
KMT-2023-BLG-1637,SAO42N0308.066770,17:57:15.45,-29:12:59.80,60138.21366,15.06,0.044,21.87,19.86,19.86,1,1.83,
KMT-2023-BLG-1638,SAO02M0405.065608,17:56:55.51,-28:26:22.31,60137.84927,17.84,0.033,22.78,19.77,19.77,1,1.89,
KMT-2023-BLG-1639,SAO02N0205.018775,17:58:29.00,-29:33:33.59,60142.11681,19.36,0.323,20.58,18.25,18.25,1,1.16,
KMT-2023-BLG-1640,BLG04K0601.000318,18:00:37.45,-29:53:28.10,60181.35798,28.3,0.373,14.3,13.96,13.96,1,1.11,OB231091
KMT-2023-BLG-1641,SAO04T0703.024873,17:59:54.95,-30:46:08.18,60150.76365,19.85,0.611,19.27,19.26,19.26,1,1.69,
KMT-2023-BLG-1642,SSO11K0407.019426,17:25:27.84,-29:03:30.49,60138.5722,5.92,0.106,19.47,19.34,19.34,1,1.87,
KMT-2023-BLG-1643,BLG11K0504.062739,17:24:28.18,-29:29:41.06,60140.41466,24.93,0.274,20.29,20.0,20.84,2,1.73,OB230973
KMT-2023-BLG-1644,SAO11T0706.013169,17:23:28.09,-30:22:39.79,60139.2104,8.49,0.485,20.58,20.0,20.22,2,2.28,
KMT-2023-BLG-1645,SAO14K0208.018034,17:35:33.97,-27:52:32.88,60137.28292,7.26,0.084,21.96,20.0,20.75,2,3.27,
KMT-2023-BLG-1646,SAO14N0705.040756,17:37:49.34,-29:20:54.49,60138.13616,2.14,0.408,19.96,20.0,21.61,2,4.12,
KMT-2023-BLG-1647,SAO15M0505.023060,17:38:51.00,-26:11:49.74,60147.01937,21.22,0.173,20.67,20.0,20.52,2,3.07,OB231035
KMT-2023-BLG-1648,SAO16K0107.060445,17:36:45.50,-23:44:58.70,60137.68722,19.26,0.019,22.13,20.0,21.81,2,2.03,
KMT-2023-BLG-1649,SAO16N0402.044761,17:39:43.04,-25:34:20.32,60140.96245,50.59,0.009,23.5,20.0,21.43,2,3.1,
KMT-2023-BLG-1650,BLG16T0608.018206,17:33:54.85,-24:43:30.50,60137.84309,10.93,0.002,20.45,20.0,21.05,2,2.85,
KMT-2023-BLG-1651,SAO17M0202.011468,17:48:53.51,-32:56:46.90,60137.91769,6.99,0.201,21.14,18.96,18.96,1,2.16,
KMT-2023-BLG-1652,SAO18T0804.001997,17:41:46.14,-27:19:39.11,60142.26574,4.56,0.911,17.77,17.77,17.77,2,3.86,
KMT-2023-BLG-1653,BLG19K0808.003157,17:41:47.52,-23:39:03.35,60166.46394,21.11,0.556,17.75,17.72,17.72,4,1.87,OB231030
KMT-2023-BLG-1654,BLG22T0606.002708,17:50:58.48,-33:37:57.47,60222.30351,57.05,0.643,17.14,17.12,17.12,4,1.8,MB23459 OB231070
KMT-2023-BLG-1655,SAO22T0704.034257,17:50:33.23,-33:55:43.61,60142.72697,33.47,0.088,21.82,20.0,20.96,2,1.89,
KMT-2023-BLG-1656,SAO31K0502.075295,18:10:56.16,-25:33:39.71,60140.893,10.69,0.254,20.06,20.0,21.22,1,1.37,
KMT-2023-BLG-1657,SAO31T0803.056424,18:09:22.77,-26:37:45.52,60142.25817,19.8,0.18,20.4,19.99,19.99,1,1.17,
KMT-2023-BLG-1658,SAO32N0707.041580,18:12:26.22,-28:14:20.80,60136.10314,27.95,0.103,21.44,19.21,19.21,1,0.66,
KMT-2023-BLG-1659,SAO33T0402.030380,18:10:46.56,-30:52:31.80,60138.41135,16.29,0.146,19.96,19.45,19.45,1,0.55,
KMT-2023-BLG-1660,SAO34M0608.022221,18:05:38.26,-31:12:10.12,60135.87211,12.56,0.638,19.12,19.2,19.2,1,1.1,OB230957
KMT-2023-BLG-1661,SAO35N0107.055182,18:08:27.73,-26:01:02.71,60141.07882,64.82,0.035,22.06,20.0,20.04,1,1.35,
KMT-2023-BLG-1662,SAO35N0706.016627,18:05:14.93,-26:14:41.10,60142.11156,40.23,0.326,19.63,19.31,19.31,1,2.26,OB230962
KMT-2023-BLG-1663,BLG36K0403.000757,18:14:01.94,-23:25:09.80,60218.10352,53.88,0.049,16.37,16.34,16.34,4,1.96,OB231014
KMT-2023-BLG-1664,BLG37K0601.016201,17:40:50.82,-35:18:21.28,60139.53655,14.25,0.511,19.89,19.54,19.54,2,1.8,
KMT-2023-BLG-1665,BLG37K0706.004234,17:40:37.38,-34:40:12.04,60156.89216,24.58,0.999,19.02,18.15,18.15,2,2.59,
KMT-2023-BLG-1666,BLG38T0208.008805,17:54:05.23,-22:39:06.70,60141.32084,11.9,0.915,19.34,18.76,18.76,4,2.8,
KMT-2023-BLG-1667,SAO42K0707.015210,17:50:07.41,-28:15:48.74,60138.8546,20.5,0.023,24.35,20.0,21.64,2,8.26,
KMT-2023-BLG-1668,SAO42T0107.056748,17:53:52.36,-29:23:30.08,60140.68964,24.81,0.004,21.95,19.49,19.49,1,2.03,OB230912
KMT-2023-BLG-1669,SAO43K0405.039395,17:59:42.91,-27:23:48.91,60153.08418,22.45,0.324,19.58,19.5,19.5,1,2.15,OB230914
KMT-2023-BLG-1670,SAO43T0302.065070,18:00:04.56,-28:53:03.52,60145.214,14.99,0.288,19.25,19.19,19.19,1,1.03,OB230928
KMT-2023-BLG-1671,SAO43T0701.094072,17:57:47.78,-29:00:58.61,60143.22427,14.32,0.114,20.69,20.0,20.44,1,1.68,OB230921
KMT-2023-BLG-1672,BLG01K0408.048269,17:52:04.06,-30:05:53.59,60152.76635,107.36,0.056,22.03,19.47,19.47,1,2.25,OB230910
KMT-2023-BLG-1673,BLG01N0103.022843,17:59:04.65,-31:49:54.08,60163.6192,25.35,0.087,19.45,19.34,19.34,1,1.61,MB23354 OB231006
KMT-2023-BLG-1674,SAO01N0501.036715,17:56:37.42,-32:07:38.50,60140.9593,8.57,0.159,21.46,19.43,19.43,1,1.41,
KMT-2023-BLG-1675,BLG01T0608.052073,17:51:09.26,-31:12:15.23,60139.93784,10.69,0.939,20.05,20.0,21.26,2,2.69,
KMT-2023-BLG-1676,BLG02T0106.024268,17:54:14.91,-29:26:13.99,60140.11426,43.35,0.042,23.37,18.54,18.54,1,1.7,
KMT-2023-BLG-1677,BLG03M0405.066408,18:04:34.49,-27:19:13.19,60133.74908,23.28,0.443,20.12,19.53,19.53,1,0.91,OB230924
KMT-2023-BLG-1678,BLG04K0703.041373,17:59:46.06,-29:41:31.88,60139.10246,18.83,0.898,19.32,19.09,19.09,1,1.23,
KMT-2023-BLG-1679,BLG11M0105.010814,17:32:11.35,-29:21:05.54,60151.0774,86.99,0.858,19.32,19.31,19.31,2,2.46,
KMT-2023-BLG-1680,BLG11M0301.049504,17:31:06.71,-29:46:19.16,60144.44443,10.88,0.085,19.99,20.0,20.51,2,2.48,
KMT-2023-BLG-1681,BLG11M0502.072154,17:29:47.82,-29:41:34.66,60147.91087,19.91,0.292,20.38,20.0,21.16,2,2.08,
KMT-2023-BLG-1682,BLG11M0603.103072,17:29:14.06,-29:32:56.18,60144.30182,21.32,0.532,20.23,20.0,25.0,3,1.76,
KMT-2023-BLG-1683,BLG11N0404.045476,17:30:28.02,-30:34:43.68,60163.9614,43.32,0.017,20.77,20.0,21.24,2,2.98,
KMT-2023-BLG-1684,BLG13N0802.007942,17:35:25.77,-35:16:52.68,60197.98318,144.36,0.029,20.91,20.0,20.38,2,5.41,
KMT-2023-BLG-1685,BLG14N0608.016452,17:38:10.04,-29:00:39.96,60151.0296,18.38,0.221,20.32,20.0,20.08,2,3.5,
KMT-2023-BLG-1686,BLG14T0405.024732,17:34:40.79,-29:23:01.90,60144.28859,16.92,0.12,21.72,20.0,20.44,2,3.07,
KMT-2023-BLG-1687,BLG14T0407.014126,17:34:39.32,-29:11:58.02,60146.76613,33.64,0.057,22.26,19.95,19.95,2,3.12,
KMT-2023-BLG-1688,BLG15M0803.035411,17:37:26.80,-26:24:45.94,60139.35239,8.53,0.205,21.57,20.0,20.88,2,2.64,
KMT-2023-BLG-1689,BLG15N0402.004425,17:39:29.16,-27:36:22.21,60171.71895,52.05,0.676,19.31,17.94,17.94,2,2.77,
KMT-2023-BLG-1690,BLG16M0803.048993,17:37:33.55,-24:15:55.33,60149.90759,22.79,0.174,20.28,20.0,21.44,2,2.1,
KMT-2023-BLG-1691,BLG16N0301.024406,17:40:20.20,-25:40:16.10,60145.99224,29.39,0.29,21.31,20.0,20.53,2,2.56,
KMT-2023-BLG-1692,BLG16N0506.074713,17:38:57.23,-25:00:52.34,60150.90774,48.91,0.073,21.78,20.0,22.54,2,2.75,
KMT-2023-BLG-1693,BLG18K0401.086309,17:43:51.37,-26:40:07.28,60151.55352,92.44,0.009,22.08,20.0,22.37,2,3.29,
KMT-2023-BLG-1694,BLG18T0208.103573,17:44:58.69,-26:48:22.79,60139.81052,38.91,0.149,23.45,20.0,25.0,3,3.59,
KMT-2023-BLG-1695,BLG18T0302.002645,17:44:23.68,-27:38:53.23,60147.7943,10.59,0.255,19.53,19.0,19.0,2,5.22,
KMT-2023-BLG-1696,SAO19M0605.008418,17:47:24.06,-24:06:05.54,60169.93492,43.16,0.002,19.01,18.98,18.98,2,2.5,
KMT-2023-BLG-1697,SAO19M0804.017227,17:46:35.95,-24:09:53.10,60158.87601,50.66,0.034,19.97,19.73,19.73,2,2.35,OB231051
KMT-2023-BLG-1698,BLG19N0802.007177,17:46:23.68,-25:33:09.86,60183.90299,79.53,0.83,19.78,18.72,18.72,2,2.83,
KMT-2023-BLG-1699,BLG19N0802.080828,17:46:15.76,-25:36:15.80,60141.68018,12.87,0.11,22.19,20.0,22.04,2,2.62,
KMT-2023-BLG-1700,SAO20N0507.058525,17:48:04.15,-22:47:34.30,60140.56407,31.37,0.094,21.83,20.0,20.54,1,1.73,
KMT-2023-BLG-1701,BLG20T0401.026951,17:44:08.68,-23:35:26.99,60136.83237,11.15,0.2,20.76,19.41,19.41,1,1.8,
KMT-2023-BLG-1702,BLG22K0107.039824,17:53:47.01,-32:19:18.19,60137.67674,60.74,0.162,21.34,19.5,19.5,1,1.59,
KMT-2023-BLG-1703,BLG22T0402.009505,17:51:56.66,-34:06:58.28,60151.39413,18.4,0.898,18.89,18.37,18.37,1,1.42,
KMT-2023-BLG-1704,BLG33K0706.019538,18:09:09.15,-29:21:37.40,60156.42121,38.89,0.183,20.35,18.66,18.66,1,0.88,MB23355 OB231011
KMT-2023-BLG-1705,BLG33M0305.011241,18:16:46.40,-29:28:26.80,60154.84213,18.24,0.776,18.45,18.52,18.52,2,0.48,OB231074
KMT-2023-BLG-1706,SAO36K0407.006910,18:13:45.36,-22:48:54.68,60143.49143,7.13,0.932,18.92,18.96,18.96,4,2.01,
KMT-2023-BLG-1707,BLG37T0105.019747,17:44:19.39,-35:55:32.81,60147.40579,36.11,0.093,21.35,20.0,20.16,2,1.65,
KMT-2023-BLG-1708,BLG37T0307.006381,17:42:58.01,-35:37:45.23,60143.86161,31.3,0.081,21.53,18.82,18.82,2,2.22,
KMT-2023-BLG-1709,BLG41N0807.004906,17:54:39.67,-31:31:34.00,60160.3998,46.14,0.799,19.17,16.76,16.76,1,1.32,
KMT-2023-BLG-1710,SAO42T0201.085696,17:53:12.70,-30:06:30.38,60145.43526,36.09,0.08,21.25,20.0,20.42,1,1.62,OB230908
KMT-2023-BLG-1711,BLG01M0303.032424,17:57:50.62,-30:47:07.80,60154.38412,29.85,0.291,20.38,19.26,19.26,1,1.46,
KMT-2023-BLG-1712,BLG01T0101.008582,17:53:51.07,-32:09:46.19,60135.18181,50.75,0.473,20.91,18.23,18.23,1,1.99,
KMT-2023-BLG-1713,SAO02T0604.054795,17:51:05.08,-29:36:38.48,60142.82179,22.93,0.603,20.05,20.0,20.12,1,2.93,OB230911
KMT-2023-BLG-1714,BLG02T0706.042737,17:50:35.25,-29:20:42.40,60147.96463,18.77,0.014,21.51,20.0,20.64,1,3.87,OB230950
KMT-2023-BLG-1715,BLG03K0307.007604,18:00:39.19,-27:00:48.71,60153.74734,106.96,0.943,18.84,17.72,17.72,1,2.46,
KMT-2023-BLG-1716,BLG03K0703.017627,17:58:15.78,-27:36:55.40,60148.43882,32.39,0.319,20.13,18.75,18.75,1,1.98,OB230915
KMT-2023-BLG-1717,BLG03M0204.062363,18:05:52.05,-27:24:18.61,60142.55594,16.91,0.085,21.04,19.42,19.42,1,0.8,OB230951
KMT-2023-BLG-1718,BLG04T0301.009763,18:02:06.04,-31:05:29.40,60171.59143,30.43,0.162,18.72,18.33,18.33,1,1.16,MB23370
KMT-2023-BLG-1719,BLG11M0408.100933,17:30:12.27,-28:57:58.64,60144.46881,47.13,0.083,21.95,20.0,25.0,3,2.7,
KMT-2023-BLG-1720,BLG14K0603.066076,17:33:18.43,-28:32:09.46,60148.31609,49.17,0.039,22.0,20.0,21.69,2,3.33,
KMT-2023-BLG-1721,BLG14T0402.009458,17:34:40.51,-29:44:38.76,60147.54979,14.92,0.277,20.52,18.95,18.95,2,2.97,
KMT-2023-BLG-1722,BLG18T0405.028575,17:43:45.52,-27:15:29.88,60147.6653,34.79,0.093,22.12,20.0,21.08,2,3.61,
KMT-2023-BLG-1723,BLG22M0302.028714,17:57:45.30,-33:00:16.42,60154.47502,20.94,0.421,19.74,19.38,19.38,1,1.29,
KMT-2023-BLG-1724,BLG31N0304.009679,18:16:52.17,-26:29:42.50,60149.27479,19.72,0.156,20.38,18.11,18.11,1,0.8,
KMT-2023-BLG-1725,BLG31T0302.025293,18:11:57.48,-26:43:28.09,60232.96292,199.99,0.008,18.82,18.93,18.93,1,0.99,MB23402 OB231130
KMT-2023-BLG-1726,BLG36T0207.004867,18:15:02.53,-24:01:40.58,60176.47841,84.18,0.494,19.13,17.68,17.68,1,1.44,OB230755
KMT-2023-BLG-1727,BLG37K0304.042394,17:42:46.38,-34:49:45.84,60146.53603,26.93,0.461,20.35,20.0,20.5,2,2.04,
KMT-2023-BLG-1728,BLG37M0108.004931,17:49:09.04,-34:19:58.19,60163.91043,23.74,0.411,17.91,17.54,17.54,1,1.56,MB23348 OB230999
KMT-2023-BLG-1729,BLG37T0708.046713,17:40:29.74,-35:30:13.75,60159.23461,35.77,0.005,20.88,20.0,20.7,2,1.76,
KMT-2023-BLG-1730,BLG42K0306.058647,17:52:34.49,-28:23:05.10,60153.94864,52.57,0.229,20.74,20.0,21.3,2,3.27,OB230904
KMT-2023-BLG-1731,BLG42M0302.008097,17:57:20.09,-28:57:03.31,60151.6918,22.58,0.216,19.77,16.98,16.98,1,1.52,
KMT-2023-BLG-1732,BLG42M0708.038392,17:55:17.07,-28:09:20.95,60142.26797,1.36,0.249,19.79,20.0,20.77,2,2.87,
KMT-2023-BLG-1733,BLG43T0201.022151,18:00:40.46,-29:05:26.99,60154.50296,37.46,0.405,20.15,18.27,18.27,1,1.03,OB230971
KMT-2023-BLG-1734,BLG01K0103.015811,17:54:11.29,-30:47:50.21,60145.44199,8.58,0.112,20.3,18.66,18.66,1,1.8,
KMT-2023-BLG-1735,BLG02M0306.045374,17:57:31.65,-28:12:44.32,60155.15253,17.85,0.084,19.25,19.16,19.16,1,1.83,MB23341 OB230913
KMT-2023-BLG-1736,BLG02T0201.072151,17:53:20.23,-29:59:11.40,60151.12424,39.6,0.4,20.29,19.54,19.54,1,1.59,
KMT-2023-BLG-1737,BLG13N0307.074043,17:38:21.30,-34:39:11.41,60145.4119,57.4,0.035,22.26,20.0,25.0,3,3.82,
KMT-2023-BLG-1738,BLG15T0502.006357,17:34:10.50,-27:39:02.59,60166.62309,51.06,0.087,21.26,18.91,18.91,2,2.88,OB231079
KMT-2023-BLG-1739,BLG17T0205.033685,17:43:46.20,-33:46:41.48,60143.35111,96.73,0.015,24.17,20.0,21.48,2,2.99,
KMT-2023-BLG-1740,BLG18T0404.038341,17:43:44.90,-27:25:01.88,60144.14909,5.19,0.29,20.62,20.0,21.34,2,3.54,
KMT-2023-BLG-1741,BLG19T0106.027225,17:45:36.63,-25:01:50.27,60142.86305,10.36,0.037,22.66,20.0,20.7,2,3.08,
KMT-2023-BLG-1742,BLG19T0806.008206,17:41:46.17,-24:58:35.11,60147.45962,9.0,0.121,20.6,18.45,18.45,1,2.22,
KMT-2023-BLG-1743,BLG22M0801.006973,17:54:53.73,-33:10:50.99,60149.26628,7.22,0.068,18.31,17.89,17.89,1,1.4,MB23324
KMT-2023-BLG-1744,BLG22T0308.064096,17:52:40.87,-33:22:04.19,60154.63364,29.71,0.558,20.24,20.0,20.28,1,1.39,
KMT-2023-BLG-1745,SSO32K0505.008120,18:08:46.12,-27:20:34.69,60133.4131,13.88,0.9,18.67,17.8,17.8,1,1.05,
KMT-2023-BLG-1746,BLG37M0201.018404,17:48:38.60,-35:17:53.09,60199.73678,142.71,0.035,20.42,18.64,18.64,1,0.9,
KMT-2023-BLG-1747,BLG43T0403.007294,17:59:23.84,-28:50:15.22,60159.33988,88.41,0.963,17.89,16.76,16.76,1,1.11,OB230747
KMT-2023-BLG-1748,SAO02N0206.023346,17:58:29.98,-29:26:08.81,60152.11566,101.45,0.017,22.18,18.49,18.49,1,1.34,MB23342 OB230919
KMT-2023-BLG-1749,BLG18K0603.030943,17:42:51.11,-26:24:25.31,60147.66371,33.8,1.0,20.21,20.0,20.38,3,2.97,
KMT-2023-BLG-1750,BLG21K0507.045203,17:51:14.68,-34:30:31.72,60149.17479,26.69,0.082,20.16,19.48,19.48,1,0.95,MB23323 OB230998
KMT-2023-BLG-1751,BLG43K0401.008402,17:59:31.10,-27:53:58.09,60188.11411,60.73,0.909,17.89,17.48,17.48,1,1.65,OB230839
KMT-2023-BLG-1752,BLG01K0808.048944,17:49:48.57,-30:09:17.14,60149.36775,18.79,0.178,21.55,20.0,21.85,2,3.85,
KMT-2023-BLG-1753,SSO01M0303.004402,17:57:37.72,-30:43:38.32,60144.37371,2.06,0.593,17.86,16.75,16.75,1,1.68,
KMT-2023-BLG-1754,BLG01M0401.034166,17:57:10.14,-31:04:09.30,60189.22985,3.05,0.002,24.22,18.98,18.98,1,1.12,
KMT-2023-BLG-1755,SSO01M0807.035026,17:54:55.60,-30:13:35.94,60145.46143,20.0,0.021,21.8,19.6,19.6,2,1.65,
KMT-2023-BLG-1756,SAO01N0508.085633,17:56:45.60,-31:15:09.40,60150.48612,7.41,0.003,20.31,20.0,20.67,1,1.43,MB23329
KMT-2023-BLG-1757,BLG01N0801.026087,17:54:45.14,-32:07:00.98,60151.15635,40.33,0.461,20.4,19.18,19.18,1,1.48,
KMT-2023-BLG-1758,SAO02N0303.013955,17:57:36.79,-29:43:02.78,60150.01175,4.71,0.553,18.09,17.96,17.96,1,1.39,MB23334 OB230967
KMT-2023-BLG-1759,SAO02N0604.010662,17:56:00.62,-29:37:13.69,60148.61762,10.19,0.089,21.45,17.34,17.34,1,1.51,OB230976
KMT-2023-BLG-1760,BLG02T0206.021040,17:53:10.53,-29:22:25.61,60155.04295,22.97,0.214,20.0,18.47,18.47,1,2.34,OB230974
KMT-2023-BLG-1761,SAO02T0701.002664,17:50:35.30,-30:01:06.10,60148.86609,111.78,0.024,23.93,16.68,16.68,1,3.08,
KMT-2023-BLG-1762,SAO03K0306.070813,18:00:32.27,-27:09:56.59,60142.85809,2.02,0.516,20.2,20.0,20.11,1,1.91,
KMT-2023-BLG-1763,BLG03K0408.002884,17:59:56.05,-26:55:23.48,60167.80086,13.59,0.532,16.57,16.58,16.58,1,2.45,MB23343
KMT-2023-BLG-1764,SSO03M0502.010875,18:04:20.57,-27:40:14.99,60158.27136,8.7,0.13,17.9,17.76,17.76,1,1.0,OB230965
KMT-2023-BLG-1765,BLG03N0306.040675,18:05:16.25,-28:19:33.20,60158.39665,14.98,0.336,18.84,18.86,18.86,1,0.83,OB230972
KMT-2023-BLG-1766,SAO03T0306.026157,18:00:39.08,-28:18:27.50,60141.53648,5.48,0.835,18.41,18.45,18.45,1,1.21,
KMT-2023-BLG-1767,SSO04K0607.005825,18:00:17.67,-29:08:40.31,60145.79602,8.29,0.002,20.13,16.69,16.69,1,1.07,MB23318
KMT-2023-BLG-1768,BLG04N0303.022829,18:07:10.31,-30:47:03.59,60167.09607,25.39,0.273,19.04,19.12,19.12,1,1.01,OB231100
KMT-2023-BLG-1769,BLG13M0508.034365,17:37:04.31,-33:19:10.45,60150.26481,49.23,0.162,21.3,20.0,21.35,2,3.72,
KMT-2023-BLG-1770,SAO14K0208.040390,17:36:05.56,-27:52:39.40,60151.3417,18.74,0.362,20.97,20.0,21.5,2,3.55,
KMT-2023-BLG-1771,BLG14K0805.001979,17:32:19.21,-28:19:27.41,60233.46612,50.61,0.79,17.37,17.1,17.1,2,2.4,OB231280
KMT-2023-BLG-1772,BLG14N0307.005556,17:40:00.31,-29:06:10.84,60160.18748,22.2,0.384,19.9,20.0,20.2,2,4.9,
KMT-2023-BLG-1773,BLG14T0504.025929,17:33:54.14,-29:27:27.83,60157.38777,39.52,0.086,20.96,20.0,20.04,2,2.66,OB231064
KMT-2023-BLG-1774,BLG15M0401.011105,17:39:45.79,-26:41:20.87,60151.76012,12.08,0.331,19.59,19.79,19.79,2,2.9,
KMT-2023-BLG-1775,BLG15T0101.087006,17:36:25.36,-27:48:44.86,60146.79846,37.04,0.766,20.0,20.0,22.8,2,3.4,
KMT-2023-BLG-1776,SAO15T0805.016986,17:32:32.73,-27:13:43.61,60148.88693,5.23,0.366,20.01,20.0,20.3,2,2.6,
KMT-2023-BLG-1777,BLG17T0308.000382,17:42:49.03,-33:25:25.68,60159.99742,10.25,0.306,16.12,16.09,16.09,2,2.99,
KMT-2023-BLG-1778,SSO18K0104.007864,17:45:48.93,-26:16:50.99,60145.48222,10.13,0.054,21.81,18.8,18.8,2,3.26,
KMT-2023-BLG-1779,SAO18K0308.060859,17:44:13.94,-25:48:37.73,60156.46349,186.54,0.004,24.16,20.0,21.57,2,2.81,
KMT-2023-BLG-1780,SAO18T0701.015948,17:42:24.60,-27:48:11.56,60147.07984,2.74,0.609,19.78,20.0,20.27,2,4.04,
KMT-2023-BLG-1781,SAO19K0304.004248,17:44:41.98,-24:07:31.30,60166.77656,10.34,0.082,17.18,17.16,17.16,1,1.84,
KMT-2023-BLG-1782,BLG19K0404.063569,17:44:08.44,-24:11:33.90,60153.59282,24.77,0.279,21.21,20.0,20.26,1,1.75,
KMT-2023-BLG-1783,SAO20N0105.017398,17:50:18.17,-23:02:40.31,60147.79427,80.13,0.023,22.99,19.52,19.52,1,2.1,
KMT-2023-BLG-1784,BLG20T0203.028579,17:45:17.71,-23:19:14.09,60148.509,9.89,0.27,20.33,19.64,19.64,1,1.52,
KMT-2023-BLG-1785,BLG21K0404.061081,17:52:07.23,-34:51:15.98,60156.30608,23.2,0.086,19.88,20.0,20.0,1,0.74,MB23347 OB231022
KMT-2023-BLG-1786,SAO22M0705.062268,17:55:39.35,-32:35:49.31,60147.16654,17.36,0.085,22.1,20.0,20.29,1,1.48,
KMT-2023-BLG-1787,SAO31M0204.022504,18:17:02.06,-25:21:40.61,60148.62707,4.16,0.265,19.56,18.99,18.99,1,0.92,
KMT-2023-BLG-1788,BLG32K0801.004011,18:06:53.03,-27:52:50.20,60185.15113,22.66,0.391,16.44,16.44,16.44,1,0.91,MB23361
KMT-2023-BLG-1789,BLG32M0308.058562,18:14:32.75,-26:57:06.70,60147.00699,20.62,0.113,21.97,20.0,20.15,1,0.65,
KMT-2023-BLG-1790,SSO32T0805.000621,18:06:44.28,-28:27:54.50,60177.12667,14.05,0.535,14.66,14.66,14.66,1,0.95,MB23344
KMT-2023-BLG-1791,SAO35M0202.050230,18:07:55.01,-25:32:51.22,60147.96856,37.28,0.011,21.42,19.95,19.95,1,1.61,
KMT-2023-BLG-1792,BLG35T0505.004606,18:01:46.93,-26:18:51.30,60181.40076,30.96,0.997,18.12,18.1,18.1,2,2.76,OB231062
KMT-2023-BLG-1793,BLG36N0806.002499,18:16:03.54,-24:04:37.49,60229.05724,73.39,0.812,17.55,16.75,16.75,1,1.27,MB23481
KMT-2023-BLG-1794,BLG37N0301.003908,17:48:22.65,-36:20:24.90,60148.53335,19.53,0.321,20.37,17.62,17.62,1,1.13,
KMT-2023-BLG-1795,BLG37N0602.040542,17:46:04.91,-36:12:47.81,60205.4907,80.77,0.273,19.79,20.0,20.18,1,1.38,
KMT-2023-BLG-1796,BLG37T0508.046365,17:41:51.38,-35:26:46.72,60157.20254,63.14,0.011,20.73,20.0,20.67,2,1.73,
KMT-2023-BLG-1797,BLG38T0706.005118,17:51:09.13,-22:54:19.30,60211.77926,51.92,0.455,18.64,17.55,17.55,4,2.01,
KMT-2023-BLG-1798,BLG41M0103.006985,17:58:38.19,-30:51:00.11,60176.55981,44.18,0.675,18.78,17.88,17.88,1,1.52,OB231089
KMT-2023-BLG-1799,SAO42K0304.009310,17:52:22.64,-28:36:44.86,60171.87318,20.83,0.035,18.31,18.33,18.33,2,3.42,MB23368
KMT-2023-BLG-1800,SAO42N0105.025697,17:58:30.27,-29:37:13.51,60149.37583,3.27,0.317,19.12,18.48,18.48,1,1.07,
KMT-2023-BLG-1801,SAO42T0307.073893,17:52:27.79,-29:26:40.31,60148.56163,7.96,0.325,20.85,20.0,20.43,1,2.56,
KMT-2023-BLG-1802,SAO43K0201.043174,18:01:01.35,-28:00:49.28,60142.37071,8.34,0.838,19.24,19.25,19.25,1,1.2,OB230929
KMT-2023-BLG-1803,SAO43K0502.060456,17:58:56.22,-27:51:02.09,60171.09148,44.9,0.221,20.05,19.98,19.98,1,2.17,OB230975
KMT-2023-BLG-1804,SSO43K0606.070732,17:58:27.75,-27:21:36.29,60146.05874,10.18,0.129,21.76,20.0,21.26,2,2.54,
KMT-2023-BLG-1805,SAO43M0205.063343,18:05:44.27,-27:25:37.99,60146.96009,199.64,0.006,23.37,19.4,19.4,1,0.76,OB230954
KMT-2023-BLG-1806,BLG01K0705.040028,17:50:22.76,-30:29:47.69,60148.79714,4.27,0.284,19.83,19.77,19.77,1,2.53,
KMT-2023-BLG-1807,BLG01T0302.013466,17:52:51.61,-32:00:15.41,60164.10275,57.01,0.487,20.07,18.68,18.68,1,2.03,
KMT-2023-BLG-1808,SAO03M0103.060595,18:06:34.70,-27:37:40.51,60157.46977,23.62,0.129,19.21,19.58,19.58,1,1.08,MB23349 OB231099
KMT-2023-BLG-1809,BLG04N0805.050368,18:04:30.95,-30:29:26.30,60182.17207,105.35,0.09,20.33,19.89,19.89,1,1.22,MB23396 OB231008
KMT-2023-BLG-1810,BLG04T0307.066297,18:02:27.53,-30:16:39.40,60151.90684,42.79,0.198,21.07,19.82,19.82,1,0.97,
KMT-2023-BLG-1811,BLG14M0306.056879,17:40:04.99,-28:11:57.16,60151.09364,27.52,0.08,22.26,20.0,21.49,2,3.17,
KMT-2023-BLG-1812,BLG14M0802.001315,17:37:12.01,-28:39:31.21,60163.28159,62.44,0.989,19.39,17.03,17.03,2,3.1,OB231169
KMT-2023-BLG-1813,BLG14T0507.045270,17:34:02.01,-29:05:13.70,60152.9407,35.64,0.027,22.52,20.0,21.3,2,3.23,
KMT-2023-BLG-1814,BLG14T0804.010841,17:32:16.23,-29:29:43.33,60151.56708,5.95,0.472,19.63,19.67,19.67,2,3.26,
KMT-2023-BLG-1815,BLG15M0306.017891,17:39:47.50,-26:02:42.68,60154.29532,10.29,0.519,20.0,20.0,20.15,2,2.52,
KMT-2023-BLG-1816,BLG19M0403.012490,17:48:42.79,-24:19:28.31,60150.50387,26.31,0.289,21.11,19.4,19.4,2,2.83,
KMT-2023-BLG-1817,BLG41M0205.064967,17:58:10.22,-30:38:25.37,60160.98169,29.53,0.108,21.04,20.0,21.66,2,1.88,
KMT-2023-BLG-1818,BLG41T0102.009640,17:53:43.38,-32:04:16.10,60164.1509,21.73,0.128,19.98,18.48,18.48,1,2.0,MB23374 OB231120
KMT-2023-BLG-1819,BLG43M0503.086131,18:03:53.20,-27:39:08.10,60150.16913,8.71,0.149,19.65,20.0,20.03,1,1.05,MB23331 OB230970
KMT-2023-BLG-1820,BLG43N0408.071026,18:04:35.22,-28:10:02.50,60160.92862,25.24,0.603,19.61,19.63,19.63,1,0.89,OB230980
KMT-2023-BLG-1821,SAO02M0204.067028,17:58:19.24,-28:31:14.41,60152.3621,104.83,0.017,23.87,19.79,19.79,1,1.62,OB231000
KMT-2023-BLG-1822,BLG02N0506.023477,17:56:34.78,-29:20:09.60,60150.27167,10.55,0.191,19.9,18.48,18.48,1,1.76,
KMT-2023-BLG-1823,BLG03T0206.094788,18:00:47.19,-28:22:04.01,60147.16334,22.54,0.562,19.69,20.0,20.12,1,1.21,OB230955
KMT-2023-BLG-1824,SAO03T0301.069720,18:00:42.88,-28:58:58.58,60163.4178,59.92,0.24,20.13,19.32,19.32,1,0.94,
KMT-2023-BLG-1825,SAO04K0102.014365,18:03:10.38,-29:51:55.40,60150.09417,13.15,0.065,20.77,17.98,17.98,1,0.78,
KMT-2023-BLG-1826,BLG04M0206.074698,18:07:57.37,-29:17:22.49,60152.37152,59.12,0.184,21.54,20.0,20.76,1,0.99,
KMT-2023-BLG-1827,BLG14N0508.031562,17:38:42.61,-28:59:17.27,60149.97941,9.55,0.028,21.99,20.0,21.41,2,4.17,
KMT-2023-BLG-1828,SAO14N0602.018937,17:38:29.23,-29:45:30.82,60149.4253,5.2,0.551,20.55,20.0,20.73,2,4.14,
KMT-2023-BLG-1829,BLG16M0606.093329,17:38:19.39,-23:58:17.22,60138.56586,27.41,0.601,19.91,20.0,25.0,3,1.81,
KMT-2023-BLG-1830,BLG21K0607.027785,17:50:50.08,-34:32:15.68,60165.808,49.5,0.04,19.57,18.98,18.98,1,1.1,MB23357
KMT-2023-BLG-1831,BLG21N0305.015369,17:58:04.62,-35:55:14.84,60218.91754,75.76,0.058,19.47,19.47,19.47,3,0.58,OB231128
KMT-2023-BLG-1832,BLG22M0308.039892,17:57:30.79,-32:11:31.31,60156.72799,14.38,0.304,19.76,19.71,19.71,1,1.45,OB231024
KMT-2023-BLG-1833,BLG22M0708.006004,17:55:28.32,-32:11:38.00,60196.25756,56.97,0.41,17.88,17.82,17.82,1,1.66,MB23386 OB231005
KMT-2023-BLG-1834,BLG35M0605.001825,18:05:58.02,-25:08:44.41,60172.87528,199.61,0.009,20.96,17.06,17.06,4,3.82,MB23366
KMT-2023-BLG-1835,BLG36N0206.045300,18:19:26.44,-24:08:03.52,60167.97753,81.59,0.203,20.27,20.0,20.14,1,0.75,
KMT-2023-BLG-1836,BLG02M0306.003829,17:57:31.87,-28:16:52.50,60154.45257,5.87,0.899,18.21,16.09,16.09,1,1.67,
KMT-2023-BLG-1837,SAO11M0407.007583,17:29:59.52,-29:02:49.42,60161.94439,19.64,0.373,18.72,18.71,18.71,2,2.04,OB231080
KMT-2023-BLG-1838,BLG12N0105.043075,17:32:00.16,-28:16:32.52,60149.16331,29.11,0.079,22.39,20.0,20.6,2,2.27,
KMT-2023-BLG-1839,BLG14T0507.108295,17:33:52.75,-29:05:48.62,60155.80473,48.98,0.049,21.94,20.0,25.0,3,2.98,
KMT-2023-BLG-1840,BLG15T0302.017142,17:35:27.12,-27:37:48.61,60155.47053,6.74,0.238,20.0,20.0,20.06,2,2.53,
KMT-2023-BLG-1841,BLG17N0206.007162,17:48:44.35,-33:36:53.21,60150.51119,25.35,0.014,21.79,17.7,17.7,1,1.58,
KMT-2023-BLG-1842,BLG19K0306.056127,17:44:35.89,-23:55:01.09,60147.99477,97.61,0.084,22.57,20.0,20.14,1,1.74,
KMT-2023-BLG-1843,BLG32K0101.059628,18:10:50.23,-27:48:56.41,60155.24142,76.23,0.037,22.95,19.77,19.77,1,0.73,
KMT-2023-BLG-1844,BLG33T0404.001280,18:11:01.84,-30:41:47.69,60193.98227,39.77,0.21,17.14,15.73,15.73,1,0.51,OB230946
KMT-2023-BLG-1845,BLG42N0208.081705,17:58:05.29,-29:12:24.01,60154.58691,10.73,0.479,19.87,20.0,20.13,1,1.29,
KMT-2023-BLG-1846,BLG42N0105.001963,17:58:45.65,-29:41:58.09,60149.61377,30.28,0.002,23.54,15.43,15.43,1,1.27,
KMT-2023-BLG-1847,SSO42N0701.017803,17:55:04.85,-30:11:35.41,60152.12171,12.24,0.04,21.57,18.24,18.24,1,1.3,
KMT-2023-BLG-1848,SSO43M0107.019661,18:05:59.44,-27:10:53.51,60155.50708,4.45,0.709,18.41,18.37,18.37,1,0.97,
KMT-2023-BLG-1849,SSO43T0402.059091,17:59:39.76,-28:56:34.69,60151.83185,35.84,0.061,21.21,19.11,19.11,1,1.14,
KMT-2023-BLG-1850,SSO02M0602.109597,17:55:45.55,-28:45:23.15,60155.45104,3.75,0.083,19.64,20.0,25.0,3,1.9,
KMT-2023-BLG-1851,BLG02T0603.047151,17:51:13.49,-29:43:15.89,60153.60162,106.74,0.085,22.79,20.0,20.16,1,2.79,
KMT-2023-BLG-1852,SSO03K0707.014491,17:58:14.16,-27:06:37.51,60154.77071,7.97,0.07,21.57,20.0,20.02,2,3.19,
KMT-2023-BLG-1853,BLG03M0802.002942,18:02:37.24,-27:38:32.60,60165.41971,19.85,0.999,17.25,15.83,15.83,1,1.33,
KMT-2023-BLG-1854,SSO03N0405.072856,18:04:29.54,-28:29:10.21,60154.99694,33.5,0.107,21.43,19.74,19.74,1,0.94,OB231002
KMT-2023-BLG-1855,BLG04K0305.062730,18:02:04.04,-29:24:59.80,60168.7021,30.41,0.367,19.87,19.81,19.81,1,1.39,
KMT-2023-BLG-1856,BLG04K0605.069776,18:00:15.74,-29:25:40.58,60155.05839,4.51,0.263,19.92,19.84,19.84,1,1.26,
KMT-2023-BLG-1857,BLG14K0503.030188,17:33:57.88,-28:34:19.16,60154.02485,24.35,0.385,21.14,20.0,21.02,2,3.52,
KMT-2023-BLG-1858,BLG14M0308.068970,17:40:10.98,-27:57:11.23,60165.49032,58.46,0.04,21.61,20.0,21.94,3,3.67,OB231082
KMT-2023-BLG-1859,SAO14T0301.013814,17:35:22.42,-29:54:36.43,60228.63983,84.48,0.703,19.4,19.58,19.58,2,3.18,
KMT-2023-BLG-1860,BLG18K0202.002160,17:45:12.85,-26:31:33.10,60159.75124,42.94,0.096,21.19,17.67,17.67,2,3.23,
KMT-2023-BLG-1861,BLG18K0307.003607,17:44:31.59,-25:54:31.72,60155.74172,10.96,0.174,20.21,17.98,17.98,2,3.04,
KMT-2023-BLG-1862,BLG18T0506.086652,17:43:10.61,-27:06:33.77,60154.28264,13.32,0.02,22.43,20.0,22.48,3,3.51,
KMT-2023-BLG-1863,BLG19M0103.019451,17:50:04.07,-24:14:52.01,60154.44108,24.89,0.12,21.44,20.0,20.79,2,2.99,
KMT-2023-BLG-1864,BLG22T0804.000161,17:49:54.06,-33:54:49.46,60174.35262,13.73,0.034,15.13,15.12,15.12,2,1.76,MB23358
KMT-2023-BLG-1865,SSO31M0801.032773,18:13:45.77,-25:45:16.88,60151.4124,20.77,0.095,21.67,19.64,19.64,1,1.31,
KMT-2023-BLG-1866,BLG32N0405.013782,18:13:55.74,-28:26:50.60,60228.70728,67.68,0.037,18.37,18.19,18.19,1,0.46,MB23438 OB231093
KMT-2023-BLG-1867,BLG32N0804.005785,18:11:46.95,-28:36:35.89,60196.69817,112.87,0.098,17.48,17.34,17.34,1,0.61,MB23336
KMT-2023-BLG-1868,BLG32T0504.018835,18:08:22.58,-28:33:04.28,60184.2256,36.37,0.072,19.07,18.41,18.41,1,0.89,MB23379 OB231098
KMT-2023-BLG-1869,SSO35N0708.029366,18:05:11.63,-25:54:53.89,60154.52402,132.28,0.014,24.12,19.7,19.7,1,2.15,
KMT-2023-BLG-1870,BLG36T0103.033540,18:15:37.24,-24:32:31.31,60162.75656,45.96,0.389,20.47,19.78,19.78,1,1.53,
KMT-2023-BLG-1871,SSO41K0406.048857,17:51:50.14,-30:30:07.99,60156.61737,10.98,0.866,19.79,20.0,20.07,1,2.39,
KMT-2023-BLG-1872,SSO41K0701.012220,17:50:18.06,-31:04:58.80,60159.10254,43.93,0.133,21.67,20.0,20.55,2,3.13,
KMT-2023-BLG-1873,BLG41K0807.026487,17:49:42.43,-30:25:46.42,60153.37623,9.5,0.1,22.48,20.0,20.38,1,3.5,
KMT-2023-BLG-1874,SSO42M0301.017029,17:57:29.05,-28:58:41.92,60165.97371,14.08,0.398,18.82,18.14,18.14,1,1.42,MB23371 OB231023
KMT-2023-BLG-1875,SSO42T0208.019635,17:53:01.06,-29:14:12.91,60157.34176,7.66,0.605,18.7,18.43,18.43,1,2.24,OB231054
KMT-2023-BLG-1876,BLG01M0807.071863,17:54:56.51,-30:12:51.26,60156.093,49.51,0.065,23.59,20.0,20.92,2,1.65,
KMT-2023-BLG-1877,BLG12M0301.075423,17:30:43.23,-27:45:29.34,60153.45831,25.66,0.07,21.49,20.0,21.58,2,1.97,
KMT-2023-BLG-1878,BLG12M0303.108550,17:30:53.47,-27:24:00.00,60162.3553,34.83,0.302,20.63,20.0,25.0,3,2.26,
KMT-2023-BLG-1879,BLG14M0405.008036,17:39:26.40,-28:14:51.79,60183.15078,26.24,0.53,19.04,18.23,18.23,2,3.02,OB231227
KMT-2023-BLG-1880,SSO16T0304.045056,17:35:18.00,-25:21:05.72,60153.01357,22.06,0.091,22.92,20.0,22.37,3,4.31,
KMT-2023-BLG-1881,BLG20N0507.034900,17:47:50.89,-22:43:34.79,60159.92816,40.34,0.217,22.34,19.62,19.62,1,1.84,
KMT-2023-BLG-1882,BLG34T0208.000607,18:03:08.76,-32:13:31.30,60238.21644,50.97,0.678,16.04,14.99,14.99,1,1.05,MB23494 OB231084
KMT-2023-BLG-1883,SSO03N0504.076775,18:03:58.01,-28:36:14.11,60164.3322,17.4,0.113,19.75,19.82,19.82,1,0.95,MB23362 OB231025
KMT-2023-BLG-1884,SSO04K0202.051587,18:03:04.15,-29:49:48.61,60162.07942,28.0,0.245,20.29,19.18,19.18,2,0.77,
KMT-2023-BLG-1885,BLG14M0508.001319,17:38:51.54,-27:51:50.36,60144.8363,152.04,0.696,18.28,16.59,16.59,2,2.66,
KMT-2023-BLG-1886,SSO15M0602.015923,17:38:16.00,-26:32:37.21,60158.18793,15.33,0.037,21.17,20.0,20.12,2,2.91,
KMT-2023-BLG-1887,BLG15N0806.061036,17:37:08.37,-27:12:34.52,60162.90231,21.64,0.066,21.06,20.0,21.18,2,2.7,OB231103
KMT-2023-BLG-1888,SSO15T0604.048541,17:33:29.08,-27:27:16.02,60159.28376,14.74,0.182,20.99,20.0,21.79,2,3.1,
KMT-2023-BLG-1889,BLG18K0704.006805,17:42:05.12,-26:16:32.81,60170.7875,13.82,0.453,18.84,18.89,18.89,2,3.42,OB231108
KMT-2023-BLG-1890,BLG19K0802.025084,17:41:34.52,-24:28:04.58,60163.6614,20.15,0.135,19.58,19.2,19.2,1,1.76,
KMT-2023-BLG-1891,BLG21T0404.003026,17:52:04.68,-36:02:36.89,60165.45022,0.72,0.002,20.94,16.91,16.91,1,0.8,
KMT-2023-BLG-1892,SSO42M0703.077114,17:55:08.11,-28:46:50.66,60157.65849,15.72,0.061,21.45,20.0,20.6,2,2.07,OB231045
KMT-2023-BLG-1893,BLG01K0703.051155,17:50:12.30,-30:48:35.39,60167.99042,28.77,0.12,21.19,20.0,20.06,1,2.43,OB231119
KMT-2023-BLG-1894,SAO01K0805.050645,17:49:50.36,-30:30:10.69,60160.45901,12.08,0.091,19.9,20.0,20.48,1,2.77,
KMT-2023-BLG-1895,BLG01M0703.089712,17:55:20.54,-30:45:03.71,60165.6069,36.93,0.196,20.65,20.0,20.62,1,1.7,
KMT-2023-BLG-1896,SSO03M0508.062983,18:04:07.62,-26:57:32.11,60159.11937,21.66,0.005,22.27,19.91,19.91,1,1.33,
KMT-2023-BLG-1897,SAO03N0306.029700,18:05:22.65,-28:16:47.21,60158.42679,0.64,0.056,18.3,18.56,18.56,1,0.81,
KMT-2023-BLG-1898,SSO03N0503.024384,18:04:08.39,-28:40:22.30,60166.40961,13.67,0.51,18.82,18.39,18.39,1,0.83,
KMT-2023-BLG-1899,BLG11K0607.020156,17:24:20.34,-29:05:41.21,60210.04764,52.36,0.012,19.44,19.37,19.37,1,1.67,OB231256
KMT-2023-BLG-1900,BLG11T0801.029537,17:22:49.46,-30:55:49.69,60196.83631,107.41,0.059,20.39,20.0,21.47,2,3.04,
KMT-2023-BLG-1901,BLG17N0508.031673,17:46:55.29,-33:24:24.19,60156.35634,6.23,0.663,19.79,19.77,19.77,1,1.98,
KMT-2023-BLG-1902,SSO18N0703.004780,17:47:16.06,-27:28:35.69,60176.94434,70.37,0.277,20.22,20.0,21.41,2,9.4,
KMT-2023-BLG-1903,BLG18T0503.005966,17:43:24.58,-27:33:15.44,60162.42996,66.6,0.074,22.01,18.34,18.34,2,3.28,
KMT-2023-BLG-1904,BLG19K0405.029680,17:43:47.18,-24:03:06.30,60189.77758,50.91,0.346,19.44,19.36,19.36,1,1.77,OB231106
KMT-2023-BLG-1905,BLG22M0201.013454,17:58:16.53,-33:04:20.50,60236.90647,92.37,0.231,18.82,18.91,18.91,1,1.36,MB23450 OB231257
KMT-2023-BLG-1906,SAO32K0303.078658,18:09:44.69,-27:35:47.62,60165.81799,56.87,0.096,21.46,20.0,20.28,1,0.97,
KMT-2023-BLG-1907,SAO32N0707.015490,18:12:04.14,-28:07:23.81,60187.86796,32.71,0.216,18.3,18.2,18.2,1,0.65,MB23381 OB231073
KMT-2023-BLG-1908,BLG41N0405.044325,17:56:52.77,-31:42:18.79,60158.97257,16.25,0.053,20.73,19.6,19.6,1,1.49,
KMT-2023-BLG-1909,SSO42M0203.106798,17:57:57.12,-28:44:50.32,60157.98038,0.76,0.03,20.24,20.0,20.38,1,1.42,
KMT-2023-BLG-1910,SSO42T0203.010001,17:53:07.51,-29:52:08.11,60168.49591,9.05,0.311,17.42,17.12,17.12,1,1.66,MB23363 OB231020
KMT-2023-BLG-1911,SAO01K0102.037273,17:54:14.83,-30:55:56.50,60162.91287,11.12,0.161,20.36,19.36,19.36,1,1.7,
KMT-2023-BLG-1912,BLG01K0105.023359,17:54:08.46,-30:31:18.91,60159.69167,13.94,0.138,20.15,18.63,18.63,1,1.46,
KMT-2023-BLG-1913,BLG01K0704.005560,17:50:19.03,-30:35:22.49,60196.22629,20.23,0.086,17.04,17.04,17.04,1,2.49,OB231158
KMT-2023-BLG-1914,SAO02K0203.001543,17:53:31.01,-28:37:26.87,60159.52923,194.39,0.003,23.99,16.14,16.14,3,2.68,MB23356 OB231019 OB231044
KMT-2023-BLG-1915,BLG02T0104.030971,17:54:12.23,-29:39:32.51,60163.00017,11.63,0.034,19.7,18.61,18.61,1,1.43,MB23359 OB231021
KMT-2023-BLG-1916,SAO03K0708.005700,17:58:25.41,-26:54:44.96,60184.19204,28.14,0.987,19.29,18.63,18.63,2,2.94,
KMT-2023-BLG-1917,SSO14K0706.008441,17:32:43.75,-28:09:31.18,60160.28345,16.67,0.359,20.27,19.13,19.13,2,2.82,
KMT-2023-BLG-1918,SAO15K0605.005937,17:33:47.52,-26:08:32.17,60161.62962,7.23,0.058,19.98,20.0,20.27,2,3.31,
KMT-2023-BLG-1919,SAO15T0503.011830,17:34:21.27,-27:34:14.12,60159.65962,4.92,0.552,19.92,20.0,20.45,2,3.24,
KMT-2023-BLG-1920,BLG18K0704.070816,17:42:19.88,-26:15:32.54,60162.75279,22.3,0.263,21.17,20.0,21.76,2,3.19,
KMT-2023-BLG-1921,SAO19K0507.023638,17:43:39.80,-23:49:33.71,60156.95801,7.63,0.675,19.15,19.13,19.13,1,1.53,
KMT-2023-BLG-1922,BLG19M0406.002024,17:48:38.37,-23:51:44.17,60165.15604,79.75,0.028,22.7,16.84,16.84,4,2.08,
KMT-2023-BLG-1923,SAO20N0305.057145,17:49:17.86,-23:01:35.18,60161.3656,10.59,0.289,20.01,20.0,20.43,1,1.82,
KMT-2023-BLG-1924,SAO21T0407.003815,17:52:11.34,-35:34:30.00,60169.96941,23.56,0.435,19.56,17.1,17.1,1,0.81,OB231189
KMT-2023-BLG-1925,BLG22N0407.028560,17:57:12.55,-33:26:45.20,60166.16499,14.05,0.149,19.22,19.16,19.16,1,1.0,MB23369 OB231118
KMT-2023-BLG-1926,BLG22T0201.072935,17:53:09.38,-34:15:22.10,60160.49878,10.63,0.069,20.98,20.0,20.68,1,1.36,
KMT-2023-BLG-1927,SSO37N0206.015577,17:48:36.68,-35:47:07.30,60158.66777,6.51,0.263,20.36,18.7,18.7,1,0.96,
KMT-2023-BLG-1928,SSO43K0807.006672,17:57:09.97,-27:14:17.27,60191.72052,34.38,0.381,19.05,19.1,19.1,2,3.74,
KMT-2023-BLG-1929,SAO02N0406.047609,17:57:04.80,-29:21:59.18,60171.62782,18.99,0.075,20.11,19.38,19.38,1,1.7,MB23376 MB23378 OB231072
KMT-2023-BLG-1930,SAO02T0102.109450,17:53:50.62,-29:52:16.28,60164.94374,10.49,0.287,20.12,20.0,20.41,1,1.42,
KMT-2023-BLG-1931,SAO03K0201.006112,18:01:06.71,-27:47:46.00,60192.6181,18.62,0.797,16.74,16.76,16.76,1,1.26,MB23389 OB231055
KMT-2023-BLG-1932,SAO03M0406.077478,18:04:50.88,-27:15:02.30,60169.85266,29.76,0.285,19.45,19.83,19.83,1,0.92,OB231047
KMT-2023-BLG-1933,SAO04T0406.042631,18:01:45.42,-30:24:36.00,60166.17855,11.75,0.323,19.19,19.18,19.18,1,1.06,
KMT-2023-BLG-1934,SAO15M0807.022269,17:37:25.78,-25:50:43.76,60165.04137,8.54,0.259,20.44,20.0,21.11,2,3.7,
KMT-2023-BLG-1935,SAO15N0801.023663,17:37:11.54,-27:48:47.77,60162.42342,78.33,0.036,23.83,20.0,20.69,2,3.01,
KMT-2023-BLG-1936,SAO15T0505.008228,17:34:21.91,-27:13:35.90,60174.40913,42.66,0.202,21.18,19.24,19.24,1,2.37,OB231104
KMT-2023-BLG-1937,SAO16K0602.038863,17:33:48.16,-24:27:07.85,60159.02708,8.99,0.722,19.96,20.0,21.7,3,2.93,
KMT-2023-BLG-1938,BLG17N0205.049443,17:48:55.10,-33:45:51.80,60168.18142,20.57,0.184,19.98,20.0,20.01,1,1.76,OB231137
KMT-2023-BLG-1939,SAO17N0407.041257,17:47:48.19,-33:27:09.90,60168.13823,13.22,0.365,19.5,19.67,19.67,1,1.9,
KMT-2023-BLG-1940,SAO17T0407.054104,17:42:17.10,-33:29:01.46,60163.37075,28.34,0.182,21.7,20.0,21.4,2,3.23,
KMT-2023-BLG-1941,SAO19K0101.025778,17:45:50.70,-24:29:22.81,60162.96792,42.61,0.004,22.9,20.0,20.12,1,2.45,
KMT-2023-BLG-1942,BLG22T0702.092413,17:50:31.62,-34:06:18.68,60162.60129,59.04,0.04,22.68,20.0,25.0,3,1.54,
KMT-2023-BLG-1943,SAO32K0604.004509,18:08:06.32,-27:29:15.61,60171.65497,44.24,0.175,19.93,16.74,16.74,1,0.98,MB23372 OB231085
KMT-2023-BLG-1944,BLG33M0704.021544,18:14:22.06,-29:32:08.09,60181.619,62.33,0.025,20.74,18.76,18.76,1,0.39,MB23391
KMT-2023-BLG-1945,BLG35N0501.045502,18:06:38.93,-26:51:35.32,60171.46476,38.97,0.053,19.69,19.17,19.17,1,0.96,MB23375
KMT-2023-BLG-1946,SAO35T0107.023580,18:03:55.23,-26:05:05.06,60163.41801,20.6,0.101,21.78,20.0,21.63,2,3.81,
KMT-2023-BLG-1947,SAO36M0708.036452,18:16:43.04,-22:45:02.99,60166.94558,24.7,0.122,20.84,20.0,20.2,1,1.48,OB231147
KMT-2023-BLG-1948,SAO41K0203.018575,17:53:08.94,-30:50:46.61,60167.82815,8.45,0.061,19.02,18.42,18.42,1,1.57,MB23367
KMT-2023-BLG-1949,SAO43M0204.096891,18:05:37.05,-27:34:45.80,60165.87148,16.11,0.066,20.08,20.0,20.35,1,0.75,MB23364 OB231056
KMT-2023-BLG-1950,SSO43T0205.028162,18:00:37.51,-28:37:08.40,60168.51072,17.64,0.638,18.61,18.46,18.46,1,1.25,
KMT-2023-BLG-1951,SAO02K0201.048008,17:53:38.45,-28:53:51.61,60181.48551,41.3,0.165,19.89,19.92,19.92,2,1.99,MB23395 OB231043
KMT-2023-BLG-1952,SAO04K0703.008703,17:59:43.75,-29:41:06.29,60210.06795,196.65,0.331,19.95,17.49,17.49,1,1.23,OB230991
KMT-2023-BLG-1953,SAO14M0502.039322,17:39:02.25,-28:37:17.62,60164.82857,10.21,0.189,21.26,20.0,21.5,3,4.11,
KMT-2023-BLG-1954,SAO14M0702.100231,17:37:39.62,-28:36:25.16,60163.99637,28.3,0.017,22.26,20.0,25.0,3,3.28,
KMT-2023-BLG-1955,SAO17M0401.007509,17:47:35.79,-33:08:02.58,60181.55546,19.11,0.622,18.87,18.86,18.86,2,2.68,
KMT-2023-BLG-1956,BLG17N0802.005488,17:45:00.56,-34:07:54.59,60171.77711,55.32,0.948,18.69,17.31,17.31,1,1.84,
KMT-2023-BLG-1957,SAO20N0501.090518,17:47:54.78,-23:33:27.40,60167.4787,45.16,0.19,21.31,20.0,25.0,3,1.94,
KMT-2023-BLG-1958,BLG21K0802.011804,17:49:49.78,-35:05:19.00,60173.08386,55.63,0.547,19.87,18.38,18.38,1,1.01,
KMT-2023-BLG-1959,SAO22N0806.030394,17:54:51.54,-33:38:47.62,60165.5,17.37,0.192,20.74,19.3,19.3,1,1.27,
KMT-2023-BLG-1960,SAO32N0704.030968,18:12:15.92,-28:31:10.60,60177.73432,53.0,0.023,20.67,18.95,18.95,1,0.53,MB23384
KMT-2023-BLG-1961,SAO35N0705.053305,18:05:26.13,-26:17:36.82,60167.51181,12.78,0.467,19.69,20.0,20.04,1,1.85,OB231135
KMT-2023-BLG-1962,BLG35T0302.001937,18:02:41.08,-26:39:37.51,60166.74615,76.45,0.299,20.73,16.61,16.61,2,2.2,
KMT-2023-BLG-1963,SAO35T0704.001133,18:00:32.76,-26:30:28.62,60153.05493,114.06,0.389,21.07,17.19,17.19,2,4.02,
KMT-2023-BLG-1964,SAO36T0604.001831,18:12:30.76,-24:24:38.20,60197.55289,31.89,0.448,17.15,17.16,17.16,4,2.02,OB231166
KMT-2023-BLG-1965,SAO01M0607.054378,17:56:03.24,-30:14:18.31,60170.0612,14.77,0.309,19.68,19.57,19.57,1,1.63,MB23365
KMT-2023-BLG-1966,BLG03T0103.003629,18:01:48.99,-28:38:46.39,60173.96639,26.28,0.999,16.94,15.91,15.91,1,0.98,OB231001
KMT-2023-BLG-1967,SAO03T0603.057860,17:58:39.38,-28:41:08.81,60171.86331,53.55,0.829,19.17,19.21,19.21,1,1.26,
KMT-2023-BLG-1968,SAO04N0101.016751,18:08:13.46,-31:02:09.82,60170.16074,26.54,0.193,20.36,18.74,18.74,1,0.67,
KMT-2023-BLG-1969,SAO11K0103.014256,17:26:50.44,-29:37:55.49,60186.27861,22.96,0.071,19.91,18.91,18.91,1,1.96,OB231196
KMT-2023-BLG-1970,SAO13N0306.007322,17:38:39.66,-34:45:39.60,60168.11381,16.95,0.066,19.29,19.25,19.25,2,2.85,
KMT-2023-BLG-1971,SAO15T0303.053287,17:35:14.03,-27:34:10.34,60176.30324,24.71,0.482,19.85,20.0,20.93,2,2.52,
KMT-2023-BLG-1972,SAO18K0501.012284,17:43:13.38,-26:40:49.76,60167.58546,5.42,0.173,19.43,19.44,19.44,2,3.33,
KMT-2023-BLG-1973,SAO18K0806.076706,17:41:52.40,-26:03:12.10,60163.4704,30.12,0.043,23.75,20.0,21.91,3,2.84,
KMT-2023-BLG-1974,BLG21T0508.002690,17:51:27.58,-35:27:43.09,60224.78441,63.01,0.397,18.29,16.6,16.6,1,0.69,OB231017
KMT-2023-BLG-1975,BLG34M0804.021251,18:04:28.11,-31:36:59.90,60193.43636,25.54,1.0,18.8,18.92,18.92,1,0.9,
KMT-2023-BLG-1976,SSO43K0304.006853,18:00:00.62,-27:32:44.48,60184.08325,65.57,0.208,21.32,17.11,17.11,1,1.95,OB231096
KMT-2023-BLG-1977,SSO03M0708.010303,18:02:57.95,-26:58:40.40,60197.60259,48.18,0.836,18.35,18.39,18.39,1,2.15,OB230926
KMT-2023-BLG-1978,SSO11K0603.003844,17:24:10.18,-29:37:08.00,60197.7751,47.64,0.447,18.78,17.22,17.22,1,1.88,OB231197
KMT-2023-BLG-1979,SAO22K0106.040286,17:53:59.78,-32:32:13.49,60163.84876,151.57,0.035,24.07,19.39,19.39,1,1.43,
KMT-2023-BLG-1980,SAO22K0504.006378,17:51:28.62,-32:46:10.81,60187.27171,26.94,0.392,18.88,17.67,17.67,1,1.7,MB23403 OB231159
KMT-2023-BLG-1981,SSO32T0604.031516,18:07:54.59,-28:33:55.58,60156.88106,117.87,0.077,22.21,18.88,18.88,1,0.89,
KMT-2023-BLG-1982,SAO35M0502.007860,18:06:25.07,-25:33:15.19,60167.56274,34.27,0.023,21.83,18.28,18.28,4,2.03,
KMT-2023-BLG-1983,SAO02T0305.060248,17:52:38.19,-29:32:57.80,60166.37484,199.93,0.002,24.78,19.82,19.82,1,2.27,
KMT-2023-BLG-1984,SSO16T0405.002345,17:34:47.92,-25:06:58.39,60167.94106,29.86,0.031,22.46,18.76,18.76,2,3.32,
KMT-2023-BLG-1985,SAO36M0307.014883,18:18:51.69,-22:52:48.00,60166.23601,133.45,0.032,22.38,19.05,19.05,1,1.41,
KMT-2023-BLG-1986,SAO43T0401.002267,17:59:52.67,-29:02:02.40,60165.94971,14.64,0.097,20.45,15.28,15.28,1,0.93,
KMT-2023-BLG-1987,SSO02M0602.032464,17:55:47.64,-28:44:55.68,60178.27573,23.39,0.218,20.04,18.93,18.93,2,1.89,MB23399 OB231095
KMT-2023-BLG-1988,SSO02N0404.000345,17:57:10.08,-29:40:51.31,60210.10194,25.59,0.133,14.06,13.98,13.98,1,1.54,MB23487
KMT-2023-BLG-1989,SAO03K0108.038605,18:01:33.39,-26:59:02.69,60211.83539,199.88,0.024,23.46,20.0,20.32,1,3.06,
KMT-2023-BLG-1990,SAO03K0506.007571,17:59:23.44,-27:08:09.20,60171.19676,30.66,0.076,20.9,17.38,17.38,1,2.29,
KMT-2023-BLG-1991,SAO03K0804.038179,17:57:47.90,-27:26:45.60,60169.64829,2.49,0.057,20.07,20.0,20.79,2,2.62,
KMT-2023-BLG-1992,SSO11M0208.069806,17:31:05.58,-28:57:30.17,60170.89897,16.0,0.203,20.13,20.0,21.94,2,2.93,
KMT-2023-BLG-1993,SSO11T0806.016676,17:22:55.41,-30:20:43.19,60179.55912,24.1,0.142,21.81,20.0,20.36,2,2.28,OB231195 OB231210
KMT-2023-BLG-1994,BLG14K0602.077698,17:33:29.34,-28:39:01.76,60177.97318,48.86,0.592,20.55,20.0,22.47,2,3.75,
KMT-2023-BLG-1995,SAO18K0402.034455,17:43:42.98,-26:26:56.83,60166.83001,93.38,0.018,24.03,20.0,20.73,2,2.96,
KMT-2023-BLG-1996,SSO18K0407.020251,17:43:59.48,-25:49:35.22,60172.84889,43.6,0.095,20.74,20.0,20.06,2,2.62,
KMT-2023-BLG-1997,SAO19K0402.009454,17:43:52.73,-24:28:14.92,60198.53485,28.78,0.487,18.91,18.51,18.51,1,2.06,OB231276
KMT-2023-BLG-1998,SAO19K0407.065085,17:44:06.04,-23:46:40.30,60177.32884,139.23,0.073,22.87,20.0,20.38,1,1.56,
KMT-2023-BLG-1999,SAO19M0301.085086,17:49:12.30,-24:29:09.24,60169.49599,30.04,0.022,23.99,20.0,25.0,3,3.18,
KMT-2023-BLG-2000,SSO22N0103.015895,17:59:19.16,-33:58:36.98,60171.23816,10.37,0.315,19.71,18.75,18.75,1,0.88,
KMT-2023-BLG-2001,SAO32K0101.017471,18:10:46.07,-27:47:54.10,60178.69077,30.36,0.39,20.02,18.34,18.34,1,0.73,
KMT-2023-BLG-2002,SAO32T0704.024112,18:07:09.37,-28:36:29.02,60172.64688,16.3,0.113,19.75,18.67,18.67,1,0.96,MB23377
KMT-2023-BLG-2003,SAO35T0103.088989,18:04:13.16,-26:34:28.88,60167.78312,20.76,0.187,21.73,20.0,25.0,3,2.39,
KMT-2023-BLG-2004,SSO35T0506.005342,18:01:51.52,-26:10:17.29,60168.24598,4.67,0.622,18.87,18.8,18.8,2,3.71,
KMT-2023-BLG-2005,SSO37K0201.038370,17:43:24.33,-35:13:14.45,60168.39443,191.07,0.034,22.82,20.0,20.12,2,1.53,
KMT-2023-BLG-2006,SAO37M0505.002882,17:46:35.21,-34:47:55.10,60169.57848,154.65,0.72,16.02,16.44,16.44,1,1.49,
KMT-2023-BLG-2007,SAO41K0805.005238,17:49:27.91,-30:40:51.49,60169.51105,3.83,0.303,18.99,17.43,17.43,1,3.28,
KMT-2023-BLG-2008,SAO43N0102.050075,18:06:09.77,-28:56:24.90,60172.06121,18.15,0.036,20.89,19.38,19.38,1,0.84,
KMT-2023-BLG-2009,SAO03K0304.074404,18:00:20.97,-27:25:51.71,60187.78057,48.01,0.972,19.97,20.0,20.02,1,1.73,
KMT-2023-BLG-2010,SSO03K0408.016674,17:59:55.24,-26:59:13.60,60175.02194,11.46,0.134,20.45,18.87,18.87,1,2.37,
KMT-2023-BLG-2011,SAO03M0105.072134,18:06:19.88,-27:18:47.48,60174.29773,199.91,0.011,23.75,19.9,19.9,1,1.01,
KMT-2023-BLG-2012,SAO14T0205.009450,17:35:45.87,-29:24:52.13,60182.52896,15.5,0.185,18.94,18.95,18.95,2,3.05,OB231226
KMT-2023-BLG-2013,SAO17M0302.080682,17:48:04.99,-33:01:20.75,60177.01496,12.59,0.089,19.9,20.0,25.0,3,2.77,OB231172
KMT-2023-BLG-2014,SAO19K0108.016666,17:45:28.42,-23:41:01.00,60200.86419,53.86,0.174,19.31,18.86,18.86,1,1.58,OB231107
KMT-2023-BLG-2015,SAO19K0802.021016,17:41:53.54,-24:24:55.19,60168.13168,14.32,0.305,21.96,19.05,19.05,1,1.87,
KMT-2023-BLG-2016,SAO19N0504.033005,17:48:04.25,-25:14:52.08,60169.14353,7.88,0.711,20.16,20.0,21.73,2,4.29,
KMT-2023-BLG-2017,SAO38N0504.005897,17:57:11.05,-23:09:14.26,60219.44867,61.31,0.024,18.68,18.86,18.86,4,4.23,
KMT-2023-BLG-2018,SAO43K0703.035389,17:57:52.96,-27:39:08.82,60173.60143,148.79,0.02,23.7,20.0,20.02,2,2.32,OB231113
KMT-2023-BLG-2019,SAO01K0603.063234,17:50:49.86,-30:48:11.92,60170.60525,9.36,0.034,21.04,20.0,20.38,1,2.65,
KMT-2023-BLG-2020,BLG02K0704.007378,17:50:33.99,-28:30:19.15,60176.96145,44.99,0.753,19.51,19.48,19.48,2,5.6,OB231053
KMT-2023-BLG-2021,BLG14K0208.021624,17:35:57.33,-27:56:46.18,60159.74836,45.73,0.638,21.23,20.0,20.93,2,3.56,
KMT-2023-BLG-2022,SAO14M0707.020482,17:37:43.74,-28:03:17.17,60181.3677,15.89,0.319,19.97,20.0,20.49,2,3.16,
KMT-2023-BLG-2023,SAO14T0704.004840,17:32:40.32,-29:33:28.62,60172.59766,9.83,0.32,19.55,18.52,18.52,2,3.45,
KMT-2023-BLG-2024,SSO15N0408.002460,17:39:42.00,-26:55:08.11,60195.7197,61.52,0.289,18.06,17.88,17.88,2,3.56,
KMT-2023-BLG-2025,SAO19K0106.010677,17:45:25.65,-23:53:51.90,60171.65257,19.45,0.01,21.56,18.29,18.29,1,1.52,
KMT-2023-BLG-2026,SSO32T0305.001000,18:09:37.34,-28:25:47.21,60174.26315,4.05,0.894,16.84,15.29,15.29,1,1.14,
KMT-2023-BLG-2027,SSO42K0203.067350,17:53:18.81,-28:42:57.42,60173.5394,43.73,0.016,21.9,20.0,21.04,2,2.57,
KMT-2023-BLG-2028,SAO42N0104.031144,17:58:30.90,-29:44:53.30,60175.38137,34.09,0.701,19.15,18.62,18.62,1,1.22,OB231114
KMT-2023-BLG-2029,SSO02M0602.027964,17:56:08.36,-28:46:49.12,60172.90322,53.51,0.004,23.75,18.78,18.78,1,1.8,MB23380 OB231117
KMT-2023-BLG-2030,SSO03N0302.059814,18:05:15.75,-28:50:49.70,60178.27946,10.93,0.329,19.63,19.5,19.5,1,0.87,OB231145
KMT-2023-BLG-2031,SSO11K0504.041383,17:24:58.98,-29:23:49.27,60171.65039,9.43,0.638,20.02,20.0,20.26,2,1.87,
KMT-2023-BLG-2032,SSO15M0401.061902,17:39:39.44,-26:39:45.97,60174.15928,22.74,0.168,21.51,20.0,21.59,2,2.91,
KMT-2023-BLG-2033,SSO19M0404.001703,17:48:35.86,-24:10:43.46,60230.44422,55.85,0.96,17.69,16.56,16.56,2,2.49,OB231139
KMT-2023-BLG-2034,SSO22M0405.068375,17:57:14.24,-32:34:45.80,60172.82984,20.03,0.29,20.75,20.0,20.57,1,1.47,
KMT-2023-BLG-2035,SSO31K0806.023974,18:09:24.19,-25:08:25.91,60175.06316,9.46,0.65,19.52,19.49,19.49,1,2.12,
KMT-2023-BLG-2036,SSO33K0607.014614,18:10:03.78,-29:13:14.70,60175.88264,69.41,0.328,20.63,18.34,18.34,1,0.76,OB231146
KMT-2023-BLG-2037,BLG33T0501.006417,18:10:40.72,-31:02:45.20,60217.97383,43.76,0.575,18.45,17.93,17.93,1,0.54,OB231288
KMT-2023-BLG-2038,BLG38T0205.016090,17:54:07.26,-23:04:31.19,60226.13523,87.64,0.481,19.78,19.75,19.75,4,2.9,
KMT-2023-BLG-2039,SSO04T0205.078432,18:02:58.47,-30:29:15.50,60176.20728,12.05,0.122,20.49,20.0,20.46,1,1.16,
KMT-2023-BLG-2040,SSO04T0701.021391,17:59:50.20,-31:00:00.50,60182.09259,15.37,0.128,19.58,19.29,19.29,1,1.77,MB23405 OB231202
KMT-2023-BLG-2041,BLG11M0301.004243,17:30:47.84,-29:51:32.76,60158.19376,44.08,0.203,22.04,17.38,17.38,2,2.15,
KMT-2023-BLG-2042,SAO13N0201.002345,17:39:10.17,-35:20:24.65,60170.81642,16.25,1.0,18.06,17.18,17.18,2,1.98,
KMT-2023-BLG-2043,SAO16T0307.000712,17:35:37.23,-24:53:35.41,60183.2932,54.2,0.993,18.27,17.15,17.15,2,2.99,
KMT-2023-BLG-2044,SSO18T0801.094480,17:41:40.55,-27:43:11.24,60182.77807,35.66,0.107,20.79,20.0,25.0,3,3.62,
KMT-2023-BLG-2045,BLG19M0806.002762,17:46:29.89,-23:52:33.10,60164.41069,22.63,0.901,19.07,16.57,16.57,1,2.11,
KMT-2023-BLG-2046,SAO19T0403.022806,17:43:45.25,-25:26:51.68,60205.18747,66.73,0.509,19.96,20.0,20.6,2,3.01,
KMT-2023-BLG-2047,SAO34M0107.042897,18:08:22.48,-31:20:35.81,60170.3245,4.85,0.771,20.04,20.0,20.02,1,0.63,
KMT-2023-BLG-2048,SSO38T0704.018310,17:51:15.11,-23:08:31.13,60168.57684,145.66,0.049,22.62,19.71,19.71,4,2.33,
KMT-2023-BLG-2049,SSO43N0801.005111,18:02:24.22,-29:04:08.62,60177.24195,6.57,0.71,16.84,16.71,16.71,1,1.03,
KMT-2023-BLG-2050,SSO01K0301.058946,17:52:34.60,-30:59:27.60,60182.01468,22.13,0.048,20.02,19.9,19.9,1,2.23,MB23397 OB231185
KMT-2023-BLG-2051,BLG01K0407.022740,17:52:19.42,-30:14:03.19,60210.30009,48.12,0.398,18.7,18.8,18.8,1,1.83,
KMT-2023-BLG-2052,SSO02N0503.064589,17:56:39.30,-29:43:23.41,60176.09183,14.86,0.057,21.87,19.8,19.8,1,1.75,OB231143
KMT-2023-BLG-2053,SSO03K0601.025408,17:58:34.82,-27:47:31.20,60209.62199,69.84,0.126,20.02,19.16,19.16,1,2.26,OB231213
KMT-2023-BLG-2054,SSO03N0608.063475,18:03:17.81,-28:04:33.60,60191.72334,38.71,0.195,19.46,19.5,19.5,1,0.81,MB23408 OB231090
KMT-2023-BLG-2055,SSO03N0706.015335,18:02:57.52,-28:18:45.22,60178.96243,4.04,0.233,19.46,17.87,17.87,1,0.82,OB231163
KMT-2023-BLG-2056,SSO03T0704.017582,17:57:57.18,-28:34:09.30,60180.53529,10.46,0.152,19.84,18.43,18.43,1,1.77,OB231154
KMT-2023-BLG-2057,SAO04K0402.066762,18:01:27.08,-29:51:06.19,60179.76895,199.85,0.038,21.46,19.6,19.6,1,1.16,MB23388
KMT-2023-BLG-2058,SSO11M0208.023336,17:31:33.20,-28:53:35.77,60182.23118,12.6,0.382,19.98,20.0,20.7,2,2.52,
KMT-2023-BLG-2059,SSO14M0506.079391,17:38:55.38,-28:09:31.43,60177.16357,85.81,0.009,24.04,20.0,21.62,2,2.87,
KMT-2023-BLG-2060,SAO14T0805.039859,17:32:20.34,-29:23:02.80,60181.69239,25.55,0.51,19.96,20.0,20.78,2,2.65,
KMT-2023-BLG-2061,SSO16T0604.008865,17:33:48.87,-25:20:30.59,60177.37302,14.05,0.293,20.99,20.0,21.25,2,4.62,
KMT-2023-BLG-2062,SSO20T0301.037530,17:44:23.99,-23:36:12.10,60182.0719,43.73,0.512,19.2,19.7,19.7,1,1.58,OB231138
KMT-2023-BLG-2063,SSO22T0701.004463,17:50:20.08,-34:11:59.86,60182.89628,24.1,0.185,20.24,18.02,18.02,2,1.84,
KMT-2023-BLG-2064,SSO42K0202.013148,17:53:05.49,-28:51:45.94,60185.7438,23.16,0.086,18.21,18.33,18.33,2,2.66,MB23392
KMT-2023-BLG-2065,SSO42T0505.069033,17:51:20.83,-29:36:37.40,60188.89005,46.41,0.11,20.68,20.0,20.29,1,2.59,OB231193
KMT-2023-BLG-2066,SSO01K0305.016838,17:52:39.17,-30:29:26.09,60189.52011,22.65,0.481,19.55,18.78,18.78,1,2.51,OB231246
KMT-2023-BLG-2067,SSO01T0204.064004,17:53:28.34,-31:42:03.31,60180.86722,21.57,0.021,20.31,20.0,20.16,1,1.95,MB23394 OB231186
KMT-2023-BLG-2068,SSO02M0103.047309,17:58:57.86,-28:40:15.38,60196.25696,31.7,0.093,19.34,19.04,19.04,1,1.3,MB23413 OB231127
KMT-2023-BLG-2069,SSO14M0505.015858,17:38:56.10,-28:17:42.90,60203.79034,42.44,0.173,19.51,19.52,19.52,2,3.05,
KMT-2023-BLG-2070,SSO15K0107.028534,17:36:13.61,-25:56:01.00,60182.7538,15.3,0.041,20.65,20.0,21.19,2,3.05,
KMT-2023-BLG-2071,SSO15N0705.034102,17:37:44.85,-27:19:04.44,60187.04033,21.27,0.351,19.98,20.0,20.81,2,3.08,
KMT-2023-BLG-2072,SSO19M0601.008213,17:47:44.98,-24:34:01.92,60197.58405,20.55,0.436,19.04,19.02,19.02,2,3.13,
KMT-2023-BLG-2073,SSO41T0503.040183,17:51:19.22,-32:03:21.78,60193.12754,49.69,0.07,20.76,20.0,20.66,2,2.24,OB231205
KMT-2023-BLG-2074,SSO42M0605.013147,17:55:43.68,-28:30:52.85,60178.96105,17.22,0.009,22.81,18.65,18.65,2,2.32,
KMT-2023-BLG-2075,SAO43N0602.001406,18:03:17.18,-28:59:50.21,60177.3344,1.52,0.936,15.02,15.01,15.01,1,0.75,MB23390 OB231162
KMT-2023-BLG-2076,SSO16N0207.003147,17:40:54.05,-24:53:58.42,60180.72977,50.15,0.412,20.21,17.2,17.2,1,2.41,
KMT-2023-BLG-2077,SSO31M0401.020184,18:16:16.84,-25:40:36.52,60196.10792,19.73,0.766,18.75,18.8,18.8,1,0.91,
KMT-2023-BLG-2078,SSO42T0101.049992,17:53:57.86,-30:11:39.23,60177.14873,3.11,0.061,19.39,19.37,19.37,2,1.4,OB231152
KMT-2023-BLG-2079,SSO02T0301.001974,17:52:54.92,-30:00:27.50,60192.67386,8.38,0.564,16.16,15.6,15.6,1,1.83,MB23407 OB231174
KMT-2023-BLG-2080,SSO14M0108.049969,17:41:23.11,-27:52:35.22,60182.54777,20.49,0.034,21.51,20.0,21.3,2,3.74,
KMT-2023-BLG-2081,SAO37K0101.075513,17:43:53.46,-35:15:27.29,60177.62853,45.01,0.561,20.51,20.0,21.26,2,1.45,
KMT-2023-BLG-2082,SSO42M0402.081701,17:56:37.75,-28:50:43.51,60181.41119,54.37,0.009,22.93,20.0,20.01,1,2.1,MB23404
KMT-2023-BLG-2083,SSO43M0408.024559,18:04:32.71,-27:02:16.69,60186.71537,15.96,0.493,19.04,18.62,18.62,1,1.2,OB231161
KMT-2023-BLG-2084,SSO02K0104.007938,17:54:08.95,-28:29:13.34,60182.55515,1.38,0.353,17.57,17.59,17.59,2,2.34,MB23401
KMT-2023-BLG-2085,SSO02N0607.047138,17:56:13.99,-29:19:27.70,60181.4076,47.14,0.054,22.0,19.21,19.21,1,2.03,
KMT-2023-BLG-2086,SSO03M0806.007938,18:02:09.14,-27:10:05.92,60184.45015,5.29,0.488,18.35,18.26,18.26,1,2.45,OB231179
KMT-2023-BLG-2087,SSO18T0308.055548,17:44:21.96,-26:50:18.92,60180.71004,45.03,0.058,22.67,20.0,21.44,2,3.16,
KMT-2023-BLG-2088,SAO34T0203.014439,18:03:12.50,-32:56:07.12,60206.65157,49.83,0.445,19.08,18.86,18.86,1,1.08,OB231245
KMT-2023-BLG-2089,SSO42M0504.111417,17:56:21.13,-28:37:51.38,60183.13993,30.71,0.013,22.19,20.0,21.02,1,1.67,
KMT-2023-BLG-2090,SSO03N0708.004422,18:02:54.14,-28:00:09.22,60197.41955,54.95,1.0,17.88,16.19,16.19,1,1.08,OB231149
KMT-2023-BLG-2091,SAO03T0403.002187,17:59:53.84,-28:40:05.99,60194.01466,19.76,0.186,18.87,15.34,15.34,1,1.26,MB23414 OB231229
KMT-2023-BLG-2092,SSO15K0601.111212,17:33:40.31,-26:38:26.48,60190.38598,38.79,0.066,21.45,20.0,25.01,2,2.51,
KMT-2023-BLG-2093,SAO19T0403.000836,17:44:04.34,-25:28:19.92,60201.39885,34.48,0.999,17.72,16.81,16.81,2,3.24,
KMT-2023-BLG-2094,SAO33M0602.004149,18:14:56.24,-29:45:17.78,60237.255,56.09,0.504,19.15,17.45,17.45,1,0.47,OB231259
KMT-2023-BLG-2095,SSO42N0705.010013,17:55:09.03,-29:41:52.30,60204.05249,18.54,0.604,17.1,17.08,17.08,1,1.44,MB23417 OB231155
KMT-2023-BLG-2096,SSO03M0406.040169,18:04:28.72,-27:10:18.30,60188.73063,22.58,0.302,20.74,18.92,18.92,1,0.97,
KMT-2023-BLG-2097,SSO03T0501.037233,17:59:26.76,-28:59:01.79,60193.23088,30.84,0.13,19.17,18.6,18.6,1,1.01,OB231115
KMT-2023-BLG-2098,SAO35T0505.060274,18:01:51.48,-26:21:20.30,60185.6994,52.72,0.027,22.35,20.0,21.52,2,2.8,
KMT-2023-BLG-2099,SAO41N0508.033762,17:56:25.97,-31:19:49.19,60186.25558,49.04,0.003,22.93,19.22,19.22,1,1.5,MB23412
KMT-2023-BLG-2100,SSO42K0101.004661,17:53:35.91,-29:01:07.79,60187.87925,11.7,0.897,17.38,16.2,16.2,1,2.27,OB231148
KMT-2023-BLG-2101,SSO03K0602.042542,17:58:50.13,-27:45:07.31,60186.38693,20.28,0.025,22.97,19.22,19.22,1,1.93,OB231201
KMT-2023-BLG-2102,SSO11T0403.002023,17:25:20.63,-30:42:18.94,60206.18431,19.62,0.084,18.08,18.09,18.09,2,3.09,
KMT-2023-BLG-2103,SSO11T0703.065864,17:23:25.76,-30:41:49.67,60180.37026,12.53,0.398,21.22,20.0,22.75,2,2.74,
KMT-2023-BLG-2104,SAO13N0108.014327,17:39:28.23,-34:27:48.17,60184.83786,19.17,0.202,19.87,19.72,19.72,2,2.47,
KMT-2023-BLG-2105,SSO18K0303.003456,17:44:25.39,-26:25:53.65,60205.61037,25.64,0.007,18.03,17.98,17.98,2,3.43,
KMT-2023-BLG-2106,SAO22K0306.003026,17:53:00.56,-32:30:50.18,60185.6715,11.92,0.045,20.83,16.18,16.18,1,1.49,MB23411
KMT-2023-BLG-2107,BLG32K0103.032879,18:10:52.94,-27:35:40.09,60189.39909,27.8,0.686,18.88,18.89,18.89,1,0.71,
KMT-2023-BLG-2108,SSO32M0802.036479,18:11:53.70,-27:44:11.80,60192.33302,30.35,0.053,19.23,19.01,19.01,1,0.63,MB23409 OB231181
KMT-2023-BLG-2109,SAO35N0803.002701,18:04:42.17,-26:36:28.48,60193.62624,7.62,0.306,16.74,16.79,16.79,2,2.18,
KMT-2023-BLG-2110,SSO37M0802.034643,17:45:15.99,-35:04:47.60,60230.89905,93.49,0.073,20.19,19.58,19.58,1,1.14,MB23435
KMT-2023-BLG-2111,SSO41N0507.029428,17:56:14.66,-31:27:11.70,60193.89626,16.05,0.111,19.39,19.13,19.13,1,1.56,MB23415
KMT-2023-BLG-2112,SSO42M0605.006280,17:55:41.77,-28:29:15.18,60191.5356,17.56,0.906,17.57,17.52,17.52,2,2.11,OB231165
KMT-2023-BLG-2113,SSO42M0704.006241,17:55:12.49,-28:36:32.98,60191.48825,7.01,0.792,18.22,17.16,17.16,2,2.32,OB231215 OB231220
KMT-2023-BLG-2114,SSO42N0204.008333,17:58:08.22,-29:43:42.71,60210.97237,67.85,0.017,19.83,17.17,17.17,1,1.14,MB23424 OB231221
KMT-2023-BLG-2115,SSO42N0408.081146,17:56:54.69,-29:19:17.80,60195.42119,29.04,0.277,20.2,20.0,20.21,1,1.57,
KMT-2023-BLG-2116,SSO43M0501.065283,18:04:04.29,-27:58:16.10,60163.77342,74.39,0.996,20.45,19.67,19.67,1,1.05,
KMT-2023-BLG-2117,BLG43T0201.003285,18:00:44.08,-29:07:00.30,60223.96775,72.3,0.929,17.74,15.72,15.72,1,1.08,
KMT-2023-BLG-2118,SSO01K0603.017950,17:51:02.89,-30:44:25.40,60192.65433,14.0,0.26,19.61,18.84,18.84,1,2.3,
KMT-2023-BLG-2119,SSO02N0202.005839,17:58:35.83,-29:51:38.09,60187.03998,16.27,0.02,22.16,16.67,16.67,1,1.23,
KMT-2023-BLG-2120,BLG03K0101.014664,18:01:35.34,-27:51:05.69,60199.12552,51.37,0.881,18.37,18.03,18.03,1,1.27,OB230968 OB230969 OB231046
KMT-2023-BLG-2121,SSO04K0802.045769,17:59:37.00,-29:46:11.71,60188.27203,33.49,0.107,20.78,18.99,18.99,1,1.16,
KMT-2023-BLG-2122,SSO11M0603.003587,17:29:01.17,-29:32:50.35,60203.31533,111.41,0.033,20.73,17.17,17.17,2,1.88,
KMT-2023-BLG-2123,SAO19T0402.012812,17:44:08.56,-25:30:45.25,60187.70882,48.4,0.475,19.92,19.7,19.7,2,3.14,
KMT-2023-BLG-2124,SSO32K0502.009588,18:08:31.87,-27:40:45.98,60190.00728,7.18,0.496,17.9,17.89,17.89,1,1.17,MB23410
KMT-2023-BLG-2125,SSO01M0303.051126,17:57:50.34,-30:47:38.29,60190.78272,24.84,0.252,20.54,19.74,19.74,1,1.46,
KMT-2023-BLG-2126,SSO02K0505.088816,17:51:45.42,-28:23:57.19,60196.32401,22.97,0.039,20.96,20.0,25.0,3,3.13,
KMT-2023-BLG-2127,SSO02N0206.030065,17:58:09.41,-29:23:35.70,60192.44775,52.38,0.007,22.46,18.71,18.71,1,1.43,
KMT-2023-BLG-2128,SAO02T0308.006538,17:53:04.49,-29:08:07.19,60216.34439,25.39,0.192,17.05,16.82,16.82,1,2.53,MB23432 OB231231
KMT-2023-BLG-2129,SSO04N0607.009397,18:05:41.47,-30:20:47.18,60190.76232,46.48,0.155,20.27,18.1,18.1,1,1.19,
KMT-2023-BLG-2130,SSO04T0405.007464,18:01:39.34,-30:30:53.39,60195.36326,47.08,0.479,20.04,17.58,17.58,1,1.11,OB231204
KMT-2023-BLG-2131,SSO18K0506.007625,17:43:36.08,-26:03:29.84,60192.38393,14.11,0.213,19.12,18.77,18.77,2,2.99,
KMT-2023-BLG-2132,BLG20N0403.007372,17:48:21.37,-23:18:20.81,60203.70069,197.6,0.015,21.91,17.93,17.93,1,1.72,
KMT-2023-BLG-2133,SSO22K0601.045500,17:50:45.28,-33:10:27.08,60192.58589,24.6,0.196,20.04,19.82,19.82,1,1.65,OB231244
KMT-2023-BLG-2134,SSO34K0606.008366,18:00:47.15,-31:28:09.70,60204.12289,30.88,0.377,19.2,18.04,18.04,1,1.22,OB231277
KMT-2023-BLG-2135,SSO36K0106.013913,18:15:42.96,-22:55:38.71,60189.12236,13.83,0.247,19.75,18.89,18.89,1,1.34,
KMT-2023-BLG-2136,SSO36K0404.006754,18:13:37.13,-23:15:13.43,60191.02897,21.46,0.208,20.2,19.23,19.23,4,2.42,
KMT-2023-BLG-2137,SSO37M0204.039538,17:48:40.16,-34:52:48.11,60197.80305,28.74,0.397,19.61,19.49,19.49,1,1.19,
KMT-2023-BLG-2138,SSO04N0101.011813,18:08:31.49,-31:01:31.69,60194.94352,25.92,0.01,21.14,18.42,18.42,1,0.69,MB23418
KMT-2023-BLG-2139,SSO11M0201.031161,17:31:21.78,-29:46:31.73,60191.11957,77.41,0.019,23.55,20.0,20.49,2,2.85,
KMT-2023-BLG-2140,SSO14K0205.007298,17:35:51.91,-28:20:02.58,60203.66311,18.44,0.165,19.28,19.25,19.25,2,3.55,
KMT-2023-BLG-2141,SSO14N0402.025433,17:39:31.51,-29:48:03.49,60189.39871,10.07,0.202,20.89,20.0,22.08,2,5.69,
KMT-2023-BLG-2142,SSO16M0304.026158,17:40:06.19,-24:13:31.76,60192.16326,14.5,0.14,20.1,20.0,20.07,2,1.84,
KMT-2023-BLG-2143,SSO16M0505.020385,17:39:10.28,-24:04:55.09,60190.92134,19.52,0.534,19.55,19.77,19.77,2,1.69,
KMT-2023-BLG-2144,SSO18K0608.010880,17:42:51.12,-25:47:24.72,60238.3493,69.99,0.127,19.37,19.36,19.36,2,2.96,
KMT-2023-BLG-2145,SSO18T0103.012243,17:45:37.88,-27:28:13.33,60189.77989,9.15,0.101,21.0,20.0,21.39,2,5.34,
KMT-2023-BLG-2146,SSO20T0602.002399,17:42:41.34,-23:27:20.02,60201.77783,11.77,0.89,17.09,16.8,16.8,1,1.79,
KMT-2023-BLG-2147,SSO22K0405.066339,17:52:24.34,-32:34:18.01,60189.99966,28.16,0.034,21.32,20.0,20.13,1,1.45,
KMT-2023-BLG-2148,SSO32T0804.079471,18:06:50.00,-28:35:00.31,60189.94411,28.98,0.07,21.44,20.0,20.74,1,0.92,
KMT-2023-BLG-2149,SSO33N0501.008981,18:15:11.01,-31:03:16.31,60194.5618,28.5,0.074,20.78,18.53,18.53,4,0.41,
KMT-2023-BLG-2150,SSO42K0201.052387,17:53:02.52,-28:58:16.61,60195.82734,0.5,0.139,18.98,19.23,19.23,1,2.56,MB23422
KMT-2023-BLG-2151,SSO01T0206.030039,17:53:23.27,-31:29:24.68,60201.8769,37.98,0.329,19.48,19.6,19.6,1,2.14,
KMT-2023-BLG-2152,SSO02M0404.018267,17:56:54.34,-28:34:37.42,60200.85493,38.8,0.203,19.95,18.44,18.44,1,1.76,
KMT-2023-BLG-2153,SSO15N0202.074415,17:40:29.97,-27:41:47.87,60193.02691,23.85,0.04,22.1,20.0,21.73,2,3.38,
KMT-2023-BLG-2154,SSO15N0804.067920,17:37:18.45,-27:25:58.04,60195.54242,24.15,0.021,21.23,20.0,21.59,2,3.2,MB23420
KMT-2023-BLG-2155,SSO15T0504.045448,17:33:54.51,-27:23:55.32,60190.97993,10.69,0.179,20.35,20.0,21.77,2,3.25,
KMT-2023-BLG-2156,SSO21K0707.035692,17:50:34.10,-34:27:13.00,60192.59911,154.85,0.01,21.63,19.33,19.33,1,1.03,
KMT-2023-BLG-2157,SSO35M0502.000770,18:06:16.96,-25:33:09.40,60216.24332,53.01,0.552,17.82,15.53,15.53,4,1.93,OB231295
KMT-2023-BLG-2158,SSO35M0602.000353,18:05:39.19,-25:35:07.04,60204.66469,47.47,1.0,16.97,14.96,14.96,2,1.81,
KMT-2023-BLG-2159,SAO37T0408.003637,17:42:07.51,-35:29:21.05,60240.9087,38.49,0.169,17.48,17.47,17.47,2,1.67,OB231254
KMT-2023-BLG-2160,SSO02T0205.047176,17:53:24.62,-29:34:49.40,60194.56575,30.91,0.135,20.89,19.28,19.28,1,1.87,
KMT-2023-BLG-2161,SSO14M0306.017818,17:39:56.08,-28:06:59.76,60194.92052,14.5,0.407,20.08,20.0,20.02,2,3.02,
KMT-2023-BLG-2162,SSO18K0102.028734,17:45:29.17,-26:27:08.35,60193.95829,12.1,0.084,20.53,20.0,20.78,2,3.73,
KMT-2023-BLG-2163,SSO18K0505.034068,17:43:15.66,-26:09:38.16,60209.13416,34.57,0.408,19.87,20.0,20.7,2,3.02,
KMT-2023-BLG-2164,SSO19K0601.018960,17:42:37.97,-24:34:01.81,60195.42845,51.21,0.183,21.44,19.34,19.34,1,2.17,
KMT-2023-BLG-2165,SSO22M0206.029184,17:58:39.94,-32:26:16.30,60195.47113,26.39,0.203,20.22,19.33,19.33,1,1.18,
KMT-2023-BLG-2166,SSO35N0307.006076,18:07:50.53,-26:04:31.30,60190.18879,18.1,0.252,20.91,17.57,17.57,1,1.57,
KMT-2023-BLG-2167,SSO35N0703.004338,18:05:38.21,-26:34:01.70,60195.39811,22.14,0.106,19.88,16.78,16.78,1,1.56,MB23425
KMT-2023-BLG-2168,SSO37M0406.005353,17:47:27.07,-34:38:00.10,60207.72312,34.2,0.989,18.13,17.42,17.42,1,1.21,
KMT-2023-BLG-2169,SSO42T0502.003415,17:51:25.29,-30:03:06.70,60208.63532,8.71,0.013,16.5,16.49,16.49,1,2.35,MB23430 OB231234
KMT-2023-BLG-2170,SSO42T0804.058513,17:49:28.59,-29:48:58.97,60193.30234,16.48,0.013,22.22,20.0,25.0,3,3.64,
KMT-2023-BLG-2171,SSO43T0502.002685,17:58:59.02,-28:58:18.70,60205.28359,8.13,0.372,15.43,15.39,15.39,1,1.06,MB23426 OB231238
KMT-2023-BLG-2172,SSO19M0403.013506,17:48:35.09,-24:14:55.46,60199.9653,19.28,0.079,20.22,19.5,19.5,2,2.34,
KMT-2023-BLG-2173,SSO20T0703.004018,17:42:11.35,-23:18:54.68,60195.32041,12.39,0.029,20.6,17.99,17.99,4,1.83,
KMT-2023-BLG-2174,SSO22K0305.059909,17:52:34.80,-32:38:49.49,60193.59315,9.02,0.168,20.07,20.0,20.03,1,1.6,
KMT-2023-BLG-2175,SSO22K0407.004006,17:52:08.53,-32:21:10.19,60193.58325,20.28,0.027,22.65,17.0,17.0,1,2.18,
KMT-2023-BLG-2176,SSO31K0303.025016,18:12:14.51,-25:27:56.81,60193.88971,23.9,0.089,21.9,19.49,19.49,1,1.47,
KMT-2023-BLG-2177,SSO32K0101.001634,18:10:54.55,-27:46:36.01,60224.73125,22.9,0.58,16.31,15.38,15.38,1,0.71,MB23421
KMT-2023-BLG-2178,SSO32T0707.078375,18:07:23.71,-28:10:01.09,60191.60506,14.27,0.532,20.07,20.0,21.27,2,1.29,
KMT-2023-BLG-2179,SSO35T0501.005975,18:01:30.17,-26:52:43.50,60201.27892,12.44,0.884,17.99,18.01,18.01,1,3.32,OB231230
KMT-2023-BLG-2180,SSO38T0706.019225,17:51:35.06,-22:54:09.79,60199.36042,19.48,0.034,19.4,19.32,19.32,4,2.33,
KMT-2023-BLG-2181,SAO42N0302.023464,17:57:22.96,-30:00:56.92,60199.85352,33.1,0.112,21.29,18.73,18.73,1,1.47,
KMT-2023-BLG-2182,SAO01K0207.039935,17:53:34.87,-30:17:06.47,60197.18596,17.22,0.388,19.78,19.4,19.4,2,1.59,OB231212
KMT-2023-BLG-2183,SAO01M0504.008400,17:56:26.72,-30:37:07.90,60196.74803,199.96,0.004,23.99,17.87,17.87,1,1.89,
KMT-2023-BLG-2184,SSO01T0201.005889,17:53:15.45,-32:10:16.90,60238.76937,134.78,0.107,21.23,17.69,17.69,1,1.86,MB23454 OB231260
KMT-2023-BLG-2185,SAO01T0202.024486,17:53:20.72,-31:57:50.18,60201.88221,12.91,0.287,19.54,19.25,19.25,1,1.92,
KMT-2023-BLG-2186,SAO02K0504.015600,17:51:40.75,-28:29:44.92,60231.72573,60.03,0.026,19.22,19.25,19.25,2,3.37,MB23461 OB231249
KMT-2023-BLG-2187,SAO02T0103.041155,17:54:03.27,-29:45:18.11,60200.14889,10.67,0.204,18.83,18.79,18.79,1,1.36,OB231235
KMT-2023-BLG-2188,SAO02T0406.014306,17:52:24.53,-29:26:20.18,60202.01644,6.1,0.581,18.19,18.19,18.19,1,2.56,OB231236 OB231237
KMT-2023-BLG-2189,SAO02T0408.018546,17:52:05.72,-29:07:03.29,60203.70573,10.27,0.45,18.89,18.82,18.82,1,3.21,OB231232
KMT-2023-BLG-2190,SSO11M0108.042054,17:31:52.98,-28:55:06.92,60193.83999,24.32,0.124,21.42,20.0,21.11,2,2.8,
KMT-2023-BLG-2191,SSO11N0704.025466,17:28:22.80,-30:34:22.19,60193.70463,16.93,0.187,21.14,20.0,20.81,2,2.88,
KMT-2023-BLG-2192,SSO11T0301.003023,17:25:45.36,-30:54:56.45,60227.22628,27.46,0.312,18.21,18.24,18.24,2,3.04,OB231320
KMT-2023-BLG-2193,SSO11T0308.076235,17:25:39.68,-30:03:39.56,60200.0113,19.86,0.054,22.79,20.0,21.88,2,2.53,
KMT-2023-BLG-2194,SAO14K0203.010657,17:35:46.40,-28:29:31.78,60196.33496,13.82,0.345,20.87,19.49,19.49,2,3.37,
KMT-2023-BLG-2195,SAO15K0503.024323,17:34:00.67,-26:21:45.18,60197.64936,10.53,0.498,20.0,20.0,20.81,2,2.77,
KMT-2023-BLG-2196,SSO16M0407.047120,17:39:36.39,-23:50:26.88,60195.77638,44.31,0.284,20.53,20.0,20.93,2,1.82,
KMT-2023-BLG-2197,SSO17N0701.005750,17:45:50.35,-34:17:28.79,60202.40663,30.04,0.699,18.33,17.34,17.34,1,1.39,OB231274
KMT-2023-BLG-2198,SAO19K0206.028716,17:45:16.29,-23:53:53.92,60196.25772,27.44,0.147,20.08,19.26,19.26,1,1.53,
KMT-2023-BLG-2199,SAO19T0305.094082,17:44:19.32,-25:10:43.32,60200.04746,49.81,0.107,22.01,20.0,22.33,2,2.73,
KMT-2023-BLG-2200,SAO35N0204.019325,18:08:21.73,-26:25:07.79,60208.39625,20.99,0.037,19.17,18.78,18.78,1,1.25,MB23433 OB231294
KMT-2023-BLG-2201,SSO36T0606.006510,18:12:28.84,-24:05:18.60,60188.01553,50.57,0.292,20.29,18.91,18.91,4,2.23,OB231187
KMT-2023-BLG-2202,SAO41K0402.041098,17:52:05.10,-31:04:26.51,60195.25862,54.62,0.182,21.52,19.66,19.66,1,2.1,
KMT-2023-BLG-2203,SAO43K0504.072589,17:58:49.83,-27:37:49.40,60195.88185,23.86,0.082,22.54,20.0,20.27,1,1.86,
KMT-2023-BLG-2204,SSO43M0602.022216,18:03:23.19,-27:46:36.70,60205.33801,18.36,0.097,19.29,18.53,18.53,1,1.01,MB23428
KMT-2023-BLG-2205,SAO43N0805.077296,18:02:05.48,-28:35:58.99,60197.55782,68.52,0.026,23.16,19.73,19.73,1,1.0,
KMT-2023-BLG-2206,SSO01K0403.075252,17:52:24.43,-30:43:14.81,60201.88405,7.6,0.047,20.24,20.0,20.16,1,1.81,
KMT-2023-BLG-2207,SSO02M0104.028003,17:58:35.81,-28:28:21.00,60200.54659,8.15,0.178,19.25,18.65,18.65,1,1.64,
KMT-2023-BLG-2208,SAO02M0706.022624,17:55:24.43,-28:16:17.72,60210.83685,53.48,0.153,19.69,19.55,19.55,2,2.33,OB231177
KMT-2023-BLG-2209,SSO02N0607.039201,17:55:58.61,-29:18:20.41,60204.68147,88.41,0.022,22.75,19.02,19.02,1,1.94,
KMT-2023-BLG-2210,SAO02T0403.014506,17:52:05.90,-29:49:18.80,60199.40584,15.78,0.998,18.45,18.0,18.0,1,2.41,
KMT-2023-BLG-2211,SSO03T0401.040013,18:00:08.60,-28:56:49.31,60201.64796,13.88,0.002,20.22,18.71,18.71,1,0.93,
KMT-2023-BLG-2212,SSO04M0208.080169,18:07:47.90,-29:03:37.58,60207.79558,39.17,0.213,20.02,20.0,20.64,1,0.71,
KMT-2023-BLG-2213,SSO04T0601.064059,18:00:38.29,-30:59:09.71,60200.56283,51.17,0.149,22.03,20.0,20.53,1,1.41,
KMT-2023-BLG-2214,SSO04T0703.006386,17:59:47.05,-30:48:25.99,60235.59515,50.79,0.57,18.69,17.85,17.85,1,1.56,
KMT-2023-BLG-2215,SSO13N0206.005280,17:39:08.86,-34:45:06.37,60199.33748,20.02,0.206,19.01,19.0,19.0,2,2.81,
KMT-2023-BLG-2216,SSO14K0602.047821,17:33:36.71,-28:37:34.50,60203.1542,61.69,0.333,20.62,20.0,21.87,2,3.67,
KMT-2023-BLG-2217,SSO14M0208.071865,17:40:24.62,-27:50:08.92,60191.98665,53.49,0.016,23.32,20.0,21.9,2,3.27,
KMT-2023-BLG-2218,SSO14N0707.010189,17:37:57.05,-29:06:52.63,60233.11289,57.92,0.212,18.9,18.94,18.94,2,3.32,OB231291
KMT-2023-BLG-2219,SSO14N0804.000513,17:37:11.81,-29:29:58.96,60204.85731,21.57,0.055,16.26,16.31,16.31,2,3.6,
KMT-2023-BLG-2220,SSO16K0605.001765,17:34:01.49,-24:04:04.51,60212.3982,27.51,1.0,18.02,17.2,17.2,2,1.76,OB231310
KMT-2023-BLG-2221,SSO16M0201.003713,17:40:37.58,-24:30:31.39,60242.87576,31.38,0.135,17.58,17.59,17.59,2,1.99,OB231290
KMT-2023-BLG-2222,SSO17M0501.002168,17:47:11.25,-33:09:07.09,60236.84315,56.43,0.356,18.51,17.34,17.34,2,2.42,OB231303
KMT-2023-BLG-2223,SSO18K0203.087346,17:45:14.36,-26:21:01.26,60199.95679,47.44,0.291,21.8,20.0,22.5,2,3.41,
KMT-2023-BLG-2224,SSO18T0604.083331,17:42:34.74,-27:23:59.32,60200.09101,11.36,0.094,21.73,20.0,22.18,2,3.65,
KMT-2023-BLG-2225,SSO19M0807.027005,17:46:18.08,-23:47:59.10,60197.05308,31.73,0.042,22.28,19.42,19.42,1,1.87,
KMT-2023-BLG-2226,SSO22K0401.010765,17:51:56.18,-33:07:46.42,60221.37628,57.71,0.826,18.33,18.37,18.37,1,1.61,OB231175
KMT-2023-BLG-2227,SSO22N0706.043250,17:55:36.97,-33:35:12.95,60205.51146,28.58,0.043,19.9,19.66,19.66,2,1.26,MB23429
KMT-2023-BLG-2228,SSO22T0703.007020,17:50:31.11,-34:01:01.56,60198.33827,6.38,0.028,21.03,18.33,18.33,2,1.53,
KMT-2023-BLG-2229,SSO36K0108.006954,18:15:26.29,-22:44:22.20,60204.72748,8.14,0.279,18.48,18.47,18.47,1,1.86,
KMT-2023-BLG-2230,SSO41K0401.021248,17:52:11.94,-31:08:11.90,60199.40587,198.95,0.009,23.82,19.1,19.1,1,2.28,
KMT-2023-BLG-2231,BLG16M0207.003123,17:40:37.82,-23:49:07.18,60230.34627,56.68,0.725,17.78,17.43,17.43,2,1.73,OB231263
KMT-2023-BLG-2232,SSO18M0401.005979,17:48:40.21,-26:37:20.46,60208.96903,199.99,0.002,25.13,20.0,20.23,2,6.39,
KMT-2023-BLG-2233,BLG22M0201.010939,17:58:27.21,-33:05:15.79,60164.48436,26.62,0.669,20.08,18.73,18.73,1,1.38,
KMT-2023-BLG-2234,SSO32K0208.022078,18:10:10.25,-26:54:40.72,60203.06852,5.4,0.596,19.17,19.13,19.13,1,1.48,
KMT-2023-BLG-2235,SSO33M0208.036066,18:16:57.71,-28:59:19.72,60201.24364,24.84,0.155,21.45,19.77,19.77,1,0.57,
KMT-2023-BLG-2236,SSO43T0403.024734,17:59:36.40,-28:49:25.61,60199.90499,46.41,0.194,21.33,18.28,18.28,1,1.1,
KMT-2023-BLG-2237,BLG01K0201.033099,17:53:23.91,-30:59:43.91,59989.8389,199.97,0.018,21.05,19.34,19.34,1,1.93,MB23016 OB230050
KMT-2023-BLG-2238,BLG01K0303.004967,17:52:57.43,-30:49:04.01,60001.67389,70.14,0.95,18.49,16.63,16.63,1,1.57,
KMT-2023-BLG-2239,SSO01K0304.069545,17:53:04.60,-30:41:39.59,60208.30427,13.26,0.206,20.13,20.0,20.37,1,2.16,
KMT-2023-BLG-2240,BLG01K0305.052793,17:52:38.64,-30:27:02.99,60221.45293,23.68,0.415,20.65,20.0,20.04,1,2.2,
KMT-2023-BLG-2241,BLG01K0404.010706,17:52:18.66,-30:36:55.58,60207.13789,36.45,0.184,19.26,17.86,17.86,1,2.44,MB23431
KMT-2023-BLG-2242,BLG01K0406.034314,17:52:08.48,-30:20:22.78,60177.69644,53.55,0.367,20.46,19.48,19.48,2,2.13,OB231086
KMT-2023-BLG-2243,BLG01K0502.029918,17:51:45.26,-30:54:17.60,60002.78767,199.72,0.011,24.65,19.49,19.49,1,2.44,
KMT-2023-BLG-2244,SSO01K0503.024147,17:51:45.71,-30:49:21.50,60209.29591,12.94,0.002,23.8,19.12,19.12,1,2.35,
KMT-2023-BLG-2245,BLG01K0506.041442,17:51:36.40,-30:24:45.90,60231.61291,17.27,0.065,20.84,19.96,19.96,1,2.79,
KMT-2023-BLG-2246,BLG01K0601.037318,17:50:45.38,-31:03:22.25,60041.15861,1.44,0.197,20.93,20.0,20.61,2,3.2,
KMT-2023-BLG-2247,BLG01K0601.091635,17:51:00.21,-30:59:46.39,60043.50153,4.52,0.104,21.23,20.0,25.0,3,2.75,
KMT-2023-BLG-2248,BLG01K0603.027295,17:50:47.09,-30:42:21.49,60246.4284,64.81,0.507,19.47,19.35,19.35,1,2.49,
KMT-2023-BLG-2249,BLG01K0604.028843,17:50:55.92,-30:37:47.71,59992.92945,41.82,0.062,21.07,19.44,19.44,1,2.43,
KMT-2023-BLG-2250,BLG01K0606.033913,17:51:04.21,-30:24:41.51,60000.25594,24.03,0.06,22.19,19.73,19.73,1,2.58,
KMT-2023-BLG-2251,SAO01K0606.045777,17:51:15.81,-30:25:05.02,60229.49066,33.58,0.015,20.93,20.0,20.09,1,2.66,MB23467
KMT-2023-BLG-2252,BLG01K0704.061678,17:50:23.21,-30:40:30.11,60237.4226,20.49,0.17,20.22,20.0,20.36,1,2.55,
KMT-2023-BLG-2253,BLG01K0705.006425,17:50:15.84,-30:32:26.99,60238.65537,49.38,0.689,19.17,17.2,17.2,1,2.31,
KMT-2023-BLG-2254,BLG01M0108.011599,17:58:39.52,-30:09:39.82,60232.42807,49.58,0.402,20.24,18.15,18.15,1,1.68,
KMT-2023-BLG-2255,BLG01M0206.004459,17:58:30.04,-30:19:18.91,60185.0534,22.37,0.905,18.63,17.1,17.1,1,1.58,
KMT-2023-BLG-2256,BLG01M0206.007516,17:58:15.82,-30:21:04.61,60203.42044,6.7,0.357,20.62,17.98,17.98,1,2.11,
KMT-2023-BLG-2257,BLG01M0207.003147,17:58:07.53,-30:11:41.21,60236.87782,68.21,0.117,20.53,16.25,16.25,1,1.63,
KMT-2023-BLG-2258,BLG01M0301.015773,17:57:44.18,-30:59:22.81,59987.88419,24.24,0.492,19.51,18.51,18.51,1,1.35,
KMT-2023-BLG-2259,BLG01M0306.005901,17:57:52.00,-30:22:50.30,60237.69568,3.21,0.281,17.35,17.36,17.36,1,1.88,MB23478
KMT-2023-BLG-2260,BLG01M0401.000329,17:57:18.72,-31:03:41.00,59997.61022,194.56,0.005,21.62,14.01,14.01,1,1.19,
KMT-2023-BLG-2261,BLG01M0401.058874,17:57:29.37,-31:00:02.70,60008.9987,18.39,0.551,19.43,19.58,19.58,1,1.17,
KMT-2023-BLG-2262,SSO01M0605.017294,17:56:08.92,-30:27:42.80,60234.10297,27.13,0.195,19.08,19.08,19.08,1,2.47,
KMT-2023-BLG-2263,BLG01M0607.005342,17:55:48.22,-30:12:40.61,60234.26636,55.39,0.945,17.97,16.68,16.68,1,1.66,
KMT-2023-BLG-2264,BLG01M0704.044416,17:55:27.29,-30:38:25.51,60169.27086,1.82,0.271,19.57,19.58,19.58,1,1.74,
KMT-2023-BLG-2265,BLG01M0706.006525,17:55:35.39,-30:26:25.58,59987.22392,29.91,0.199,18.2,17.37,17.37,1,2.33,
KMT-2023-BLG-2266,BLG01M0708.069461,17:55:27.44,-30:09:38.20,60019.5234,25.71,0.349,19.79,19.72,19.72,1,1.66,
KMT-2023-BLG-2267,BLG01M0801.081323,17:54:56.49,-31:03:33.52,60030.85162,0.56,0.107,21.28,20.0,20.08,1,1.31,
KMT-2023-BLG-2268,BLG01M0804.052559,17:54:59.23,-30:40:55.20,60224.72802,199.98,0.005,23.81,20.0,20.24,1,2.22,MB23460
KMT-2023-BLG-2269,BLG01N0105.048824,17:59:05.02,-31:40:54.91,60231.89702,16.71,0.027,22.69,20.0,20.12,1,1.77,
KMT-2023-BLG-2270,BLG01N0201.011092,17:58:21.25,-32:09:50.29,60185.78655,19.14,0.069,22.21,18.6,18.6,1,1.44,
KMT-2023-BLG-2271,BLG01N0306.039139,17:57:46.75,-31:31:56.71,60179.34691,96.54,0.893,19.99,19.62,19.62,1,1.41,
KMT-2023-BLG-2272,BLG01N0306.057815,17:57:37.35,-31:29:47.29,60240.96675,64.36,0.132,21.49,20.0,20.12,1,1.58,
KMT-2023-BLG-2273,BLG01N0408.066866,17:57:12.60,-31:13:31.69,60005.31137,16.53,0.217,21.06,20.0,20.04,1,1.25,
KMT-2023-BLG-2274,BLG01N0502.032764,17:56:43.09,-32:02:39.70,60004.82426,31.44,0.206,19.42,19.38,19.38,1,1.55,OB230019
KMT-2023-BLG-2275,BLG01N0503.061402,17:56:44.51,-31:52:01.99,60054.82794,55.94,0.015,24.75,19.94,19.94,1,1.34,
KMT-2023-BLG-2276,BLG01N0508.005653,17:56:40.63,-31:13:04.51,59987.40988,33.48,0.114,20.16,17.14,17.14,1,1.15,MB23009
KMT-2023-BLG-2277,BLG01N0601.022670,17:56:13.29,-32:08:38.90,59986.86268,199.93,0.09,21.01,19.02,19.02,1,1.38,OB230020
KMT-2023-BLG-2278,BLG01N0603.056754,17:56:00.70,-31:56:42.40,59989.09797,48.38,0.12,19.96,19.69,19.69,1,1.24,OB230021
KMT-2023-BLG-2279,BLG01N0604.084695,17:55:57.67,-31:48:12.82,60032.89987,1.75,0.934,19.81,20.0,20.5,1,1.22,
KMT-2023-BLG-2280,BLG01N0605.062223,17:56:15.87,-31:36:49.61,60017.86233,32.71,0.302,20.46,19.94,19.94,1,1.65,
KMT-2023-BLG-2281,BLG01N0608.012360,17:56:08.24,-31:17:57.91,60209.69949,52.11,0.868,18.65,18.3,18.3,1,1.59,
KMT-2023-BLG-2282,BLG01N0807.030329,17:55:02.97,-31:20:20.51,60169.28767,30.52,0.01,23.44,19.36,19.36,1,1.74,
KMT-2023-BLG-2283,BLG01N0808.049656,17:54:37.99,-31:15:08.60,60010.40524,10.58,0.261,21.41,19.76,19.76,1,1.94,
KMT-2023-BLG-2284,BLG01T0101.011534,17:54:08.40,-32:11:01.00,60213.9479,194.75,0.007,23.76,18.6,18.6,1,1.82,
KMT-2023-BLG-2285,BLG01T0103.068692,17:54:04.77,-31:52:37.09,60226.60767,15.88,0.094,21.55,20.0,20.26,1,1.79,
KMT-2023-BLG-2286,BLG01T0104.060511,17:53:56.03,-31:46:27.19,60008.36123,30.49,0.627,19.85,20.0,20.13,1,1.79,
KMT-2023-BLG-2287,BLG01T0203.016768,17:53:16.47,-31:53:26.81,60224.52931,7.93,0.219,20.1,18.79,18.79,1,1.75,
KMT-2023-BLG-2288,SSO01T0208.007764,17:53:23.25,-31:12:48.20,60236.28982,50.71,0.266,20.11,17.66,17.66,1,2.07,
KMT-2023-BLG-2289,BLG01T0303.063804,17:52:58.58,-31:50:46.21,60232.68607,68.31,0.044,22.66,20.0,20.37,1,1.91,
KMT-2023-BLG-2290,BLG01T0304.004326,17:52:49.01,-31:47:56.90,60011.38036,56.6,0.266,16.79,16.8,16.8,1,2.0,MB23001 OB230264
KMT-2023-BLG-2291,BLG01T0402.019894,17:52:11.92,-31:59:04.70,60174.96768,11.92,0.095,21.97,19.13,19.13,1,1.94,
KMT-2023-BLG-2292,BLG01T0404.032116,17:52:09.53,-31:45:29.92,59993.78612,83.72,0.199,20.4,19.79,19.79,1,2.47,OB230051
KMT-2023-BLG-2293,BLG01T0602.033105,17:50:47.50,-32:00:21.82,60121.77284,121.42,0.005,25.17,20.0,20.92,2,3.15,
KMT-2023-BLG-2294,BLG01T0603.003768,17:50:53.22,-31:49:52.79,59979.0776,37.68,0.325,18.47,18.19,18.19,2,3.14,OB230052
KMT-2023-BLG-2295,SSO01T0703.057155,17:50:26.54,-31:54:18.25,60201.40183,22.26,0.024,23.06,20.0,25.0,3,4.53,
KMT-2023-BLG-2296,BLG01T0706.005537,17:50:30.69,-31:26:39.95,60213.34328,12.0,0.097,20.03,20.0,20.08,2,3.93,
KMT-2023-BLG-2297,SSO01T0807.010317,17:50:00.65,-31:19:22.44,60225.49249,149.8,0.052,22.79,20.0,21.85,3,5.51,
KMT-2023-BLG-2298,BLG02K0102.056974,17:54:05.95,-28:50:27.74,59995.17872,31.91,0.43,19.82,20.0,20.07,2,1.91,
KMT-2023-BLG-2299,SSO02K0103.097746,17:54:07.75,-28:36:04.00,60203.8498,43.21,0.074,22.59,20.0,25.0,3,2.53,
KMT-2023-BLG-2300,BLG02K0105.024710,17:54:01.37,-28:26:56.04,59999.17399,32.96,0.144,19.41,19.64,19.64,2,2.54,OB230002
KMT-2023-BLG-2301,SAO02K0106.034493,17:53:52.79,-28:16:36.26,60215.26,7.8,0.098,20.72,20.0,20.5,2,2.96,
KMT-2023-BLG-2302,BLG02K0107.011058,17:53:53.19,-28:11:49.52,60059.51512,2.33,0.807,18.96,19.49,19.49,2,3.16,
KMT-2023-BLG-2303,BLG02K0207.010625,17:53:20.32,-28:08:30.34,60010.18286,82.32,0.012,23.42,18.86,18.86,4,3.76,
KMT-2023-BLG-2304,SSO02K0207.085816,17:53:17.12,-28:05:12.19,60213.38388,67.26,0.024,23.28,20.0,25.0,3,3.97,
KMT-2023-BLG-2305,BLG02K0303.007588,17:52:53.36,-28:39:11.84,60113.19586,77.14,0.208,21.65,18.06,18.06,2,2.98,
KMT-2023-BLG-2306,SSO02K0303.087380,17:52:42.79,-28:39:32.08,60188.68208,22.51,0.024,21.54,20.0,25.0,3,3.1,OB231211
KMT-2023-BLG-2307,BLG02K0401.068922,17:52:11.72,-28:52:20.68,60021.05339,14.82,0.533,19.94,20.0,21.45,2,2.85,
KMT-2023-BLG-2308,BLG02K0405.010713,17:52:22.77,-28:25:41.74,60202.07756,88.89,0.786,19.43,18.64,18.64,2,3.13,OB231248
KMT-2023-BLG-2309,BLG02K0405.019642,17:52:12.87,-28:23:34.55,60235.01146,199.76,0.008,23.52,19.66,19.66,2,3.13,
KMT-2023-BLG-2310,BLG02K0406.005966,17:52:29.42,-28:17:16.15,59980.3735,46.09,1.0,18.75,18.27,18.27,2,3.72,
KMT-2023-BLG-2311,BLG02K0502.035222,17:51:44.35,-28:45:18.29,60057.15504,12.95,1.0,19.82,20.0,21.1,3,4.16,
KMT-2023-BLG-2312,SAO02M0101.055313,17:58:49.20,-28:51:57.71,60235.69274,3.25,0.269,19.01,19.0,19.0,1,1.13,MB23479
KMT-2023-BLG-2313,BLG02M0105.010719,17:58:58.45,-28:20:52.01,60234.95328,45.67,0.103,21.53,17.49,17.49,1,1.44,
KMT-2023-BLG-2314,BLG02M0105.041189,17:58:44.67,-28:20:35.20,60098.74824,8.08,0.999,18.83,18.93,18.93,1,1.39,
KMT-2023-BLG-2315,BLG02M0201.077668,17:58:27.26,-28:51:45.79,60237.58437,191.83,0.109,21.2,19.63,19.63,1,1.25,
KMT-2023-BLG-2316,BLG02M0202.079866,17:58:06.92,-28:45:52.88,60019.89388,30.23,0.402,19.49,19.66,19.66,1,1.38,OB230113
KMT-2023-BLG-2317,BLG02M0401.021188,17:57:16.26,-28:55:02.78,60241.2079,8.21,0.555,18.98,18.41,18.41,1,1.6,
KMT-2023-BLG-2318,BLG02M0402.004857,17:56:59.29,-28:48:32.69,60220.17632,6.37,0.734,16.36,16.37,16.37,1,1.91,MB23444 MB23445
KMT-2023-BLG-2319,BLG02M0406.076557,17:57:09.65,-28:15:51.08,60236.87671,10.2,0.296,19.99,19.95,19.95,1,1.9,
KMT-2023-BLG-2320,BLG02M0408.020375,17:57:11.03,-28:04:49.80,60214.22076,43.98,0.015,22.9,18.84,18.84,1,1.8,
KMT-2023-BLG-2321,BLG02M0601.083446,17:56:08.94,-28:53:40.09,60005.0212,18.46,0.04,22.33,20.0,20.13,1,1.89,
KMT-2023-BLG-2322,BLG02M0606.010856,17:55:53.08,-28:14:54.96,60174.44062,8.43,0.087,21.11,18.55,18.55,2,2.57,
KMT-2023-BLG-2323,BLG02M0801.036578,17:54:41.31,-28:57:22.10,60214.76011,3.04,0.132,20.35,19.29,19.29,1,1.81,
KMT-2023-BLG-2324,SSO02M0803.024460,17:54:56.03,-28:37:44.69,60225.13402,56.96,0.334,20.39,19.1,19.1,4,2.12,
KMT-2023-BLG-2325,SSO02M0804.097185,17:54:49.29,-28:27:37.04,60237.75085,44.81,0.326,20.18,20.0,25.0,3,2.48,
KMT-2023-BLG-2326,BLG02M0808.016069,17:54:54.31,-27:57:59.26,60044.82198,20.11,0.067,21.3,20.0,20.05,2,3.34,
KMT-2023-BLG-2327,BLG02N0105.080225,17:58:52.01,-29:31:43.72,60166.72952,17.61,0.42,19.92,20.0,20.28,1,1.55,
KMT-2023-BLG-2328,BLG02N0106.040709,17:59:00.57,-29:22:01.09,60003.50718,41.72,0.232,19.64,18.89,18.89,1,1.14,OB230012
KMT-2023-BLG-2329,BLG02N0107.011376,17:59:05.93,-29:16:21.22,60045.04124,10.4,0.015,19.76,17.39,17.39,1,1.01,OB230300
KMT-2023-BLG-2330,BLG02N0305.064714,17:57:48.54,-29:34:13.80,60003.54696,129.11,0.002,22.84,19.59,19.59,1,1.41,
KMT-2023-BLG-2331,BLG02N0306.058752,17:57:57.39,-29:22:48.90,60103.13716,26.24,0.098,22.17,19.61,19.61,1,1.59,
KMT-2023-BLG-2332,BLG02N0307.021137,17:57:51.26,-29:15:19.12,60010.89797,199.94,0.187,20.54,18.48,18.48,1,1.51,OB230013
KMT-2023-BLG-2333,BLG02N0307.041739,17:57:47.35,-29:13:31.40,60013.90588,196.93,0.215,21.35,19.12,19.12,1,1.42,
KMT-2023-BLG-2334,BLG02N0308.030312,17:57:45.01,-29:09:25.99,60029.16239,69.8,0.051,22.8,18.77,18.77,1,1.42,
KMT-2023-BLG-2335,BLG02N0308.041951,17:57:31.18,-29:09:23.62,60234.97831,75.59,0.221,20.3,19.07,19.07,1,1.58,
KMT-2023-BLG-2336,SSO02N0308.090426,17:57:36.11,-29:06:37.12,60139.85838,1.57,0.016,21.03,20.0,20.21,1,1.61,
KMT-2023-BLG-2337,BLG02N0405.090943,17:57:20.73,-29:29:37.61,60223.5556,84.58,0.017,23.06,20.0,20.24,1,1.63,
KMT-2023-BLG-2338,BLG02N0507.009694,17:56:23.02,-29:15:41.51,60221.58842,10.91,0.856,17.57,17.58,17.58,1,1.79,OB231314
KMT-2023-BLG-2339,BLG02N0601.005638,17:55:59.62,-29:59:14.60,60224.35417,144.17,0.407,19.7,16.72,16.72,1,1.7,
KMT-2023-BLG-2340,SSO02N0601.080507,17:55:58.12,-30:01:53.29,60222.03401,74.31,0.05,21.28,20.0,20.24,1,1.76,
KMT-2023-BLG-2341,BLG02N0607.040202,17:56:09.66,-29:13:59.30,60228.18828,41.01,0.016,22.63,19.04,19.04,1,2.05,
KMT-2023-BLG-2342,SSO02N0702.052177,17:55:25.78,-29:50:34.58,60009.42217,33.3,0.086,19.48,19.07,19.07,1,1.27,MB23039 OB230017
KMT-2023-BLG-2343,SAO02N0702.062192,17:55:23.31,-29:57:30.60,60050.77114,48.48,0.09,21.8,19.28,19.28,1,1.34,
KMT-2023-BLG-2344,SAO02N0707.046070,17:55:24.41,-29:14:27.31,60001.13179,23.9,0.284,20.68,19.22,19.22,1,1.94,
KMT-2023-BLG-2345,BLG02N0801.099723,17:54:41.64,-30:03:26.60,60171.21974,0.57,0.065,19.87,20.0,20.31,1,1.37,
KMT-2023-BLG-2346,BLG02N0802.038904,17:54:46.59,-29:57:05.69,60053.09556,48.31,0.878,19.38,18.76,18.76,1,1.32,
KMT-2023-BLG-2347,BLG02N0804.032281,17:54:51.43,-29:37:45.41,60009.16429,119.65,0.03,23.66,18.58,18.58,1,1.32,
KMT-2023-BLG-2348,BLG02N0806.067958,17:55:00.42,-29:25:21.90,60042.81594,39.81,0.367,20.44,19.47,19.47,1,1.46,
KMT-2023-BLG-2349,BLG02T0102.070798,17:53:53.62,-29:53:41.39,60180.71264,59.61,0.04,22.91,19.43,19.43,1,1.48,OB231173
KMT-2023-BLG-2350,BLG02T0201.082995,17:53:36.34,-30:04:39.61,60190.97714,24.36,0.212,21.04,19.75,19.75,1,1.58,
KMT-2023-BLG-2351,BLG02T0206.010284,17:53:29.03,-29:20:55.10,60212.67604,35.95,0.084,22.23,17.3,17.3,1,2.11,
KMT-2023-BLG-2352,SSO02T0301.054809,17:53:05.49,-30:00:20.41,60203.59594,0.5,0.18,19.33,19.43,19.43,1,1.82,
KMT-2023-BLG-2353,BLG02T0303.085668,17:52:59.06,-29:43:46.49,60031.10493,6.18,0.432,19.59,20.0,20.03,1,1.89,
KMT-2023-BLG-2354,SSO02T0308.002230,17:52:57.06,-29:05:45.31,60221.87901,199.94,0.017,21.29,15.85,15.85,1,2.45,MB23442
KMT-2023-BLG-2355,BLG02T0403.008594,17:52:19.90,-29:45:56.02,60224.98632,23.26,0.178,20.85,17.12,17.12,1,2.31,
KMT-2023-BLG-2356,SSO02T0403.012123,17:52:08.54,-29:48:50.90,60207.0933,3.35,0.175,21.05,17.68,17.68,1,2.41,
KMT-2023-BLG-2357,BLG02T0403.048112,17:52:25.95,-29:48:49.28,60219.41352,6.22,0.281,19.47,19.5,19.5,1,2.08,
KMT-2023-BLG-2358,SSO02T0405.012526,17:52:03.53,-29:33:49.21,60213.88985,49.53,0.162,21.15,17.9,17.9,1,2.54,
KMT-2023-BLG-2359,BLG02T0407.012916,17:52:26.63,-29:16:23.41,60047.28635,19.64,0.812,19.81,18.07,18.07,1,3.14,
KMT-2023-BLG-2360,BLG02T0504.080111,17:51:46.68,-29:37:18.55,60070.52338,2.89,0.534,19.99,20.0,21.88,2,2.48,
KMT-2023-BLG-2361,BLG02T0601.030219,17:50:55.81,-30:03:20.09,60011.40622,198.42,0.008,24.62,19.45,19.45,1,2.82,
KMT-2023-BLG-2362,BLG02T0702.013966,17:50:32.99,-29:52:51.31,60174.05679,38.58,0.997,19.24,18.47,18.47,1,3.32,OB231125
KMT-2023-BLG-2363,BLG02T0706.041944,17:50:38.55,-29:21:18.11,60221.61353,1.28,0.098,19.98,20.0,20.6,1,3.76,
KMT-2023-BLG-2364,BLG02T0803.052814,17:49:46.26,-29:49:17.47,60004.93534,17.33,0.015,23.3,20.0,22.32,2,3.65,
KMT-2023-BLG-2365,BLG03K0103.036414,18:01:38.72,-27:37:39.61,60022.77081,9.94,0.109,21.91,18.99,18.99,1,1.53,
KMT-2023-BLG-2366,SSO03K0103.045784,18:01:32.79,-27:33:15.08,60144.14304,18.13,0.011,23.76,19.21,19.21,1,1.42,
KMT-2023-BLG-2367,BLG03K0408.032168,17:59:58.24,-26:58:13.12,60037.53647,6.25,0.575,20.35,19.6,19.6,1,2.37,
KMT-2023-BLG-2368,SSO03K0503.060745,17:59:10.30,-27:32:49.60,60208.40434,113.76,0.015,24.0,19.89,19.89,1,2.06,
KMT-2023-BLG-2369,BLG03K0603.020562,17:58:35.37,-27:32:02.80,60179.02796,7.15,0.798,18.7,18.62,18.62,1,1.7,OB231178
KMT-2023-BLG-2370,BLG03K0702.070346,17:58:16.42,-27:40:57.50,60034.03603,14.78,0.212,21.38,20.0,20.5,1,1.9,
KMT-2023-BLG-2371,BLG03K0705.015640,17:58:01.18,-27:18:29.34,60008.556,33.77,0.399,20.98,19.71,19.71,2,3.12,
KMT-2023-BLG-2372,BLG03M0101.012705,18:06:38.00,-27:49:16.61,60181.48534,128.73,0.018,23.44,17.8,17.8,1,0.78,
KMT-2023-BLG-2373,SSO03M0107.001596,18:06:29.78,-27:00:56.59,60179.35632,55.4,0.128,20.86,15.3,15.3,1,0.94,
KMT-2023-BLG-2374,BLG03M0202.026284,18:05:37.26,-27:41:30.08,60007.44768,27.62,0.144,20.84,18.57,18.57,1,0.97,
KMT-2023-BLG-2375,BLG03M0202.067255,18:05:48.40,-27:44:06.11,60207.84762,42.06,0.382,19.66,19.67,19.67,1,0.76,
KMT-2023-BLG-2376,BLG03M0204.099722,18:05:39.83,-27:26:06.61,60015.5804,54.98,0.082,21.98,20.0,20.81,1,0.76,
KMT-2023-BLG-2377,SSO03M0206.038975,18:05:32.52,-27:07:52.90,60229.51309,29.02,0.377,18.97,18.93,18.93,1,1.03,MB23473
KMT-2023-BLG-2378,SSO03M0303.014551,18:05:12.44,-27:32:14.89,60221.57825,3.7,0.696,17.81,18.06,18.06,1,0.84,
KMT-2023-BLG-2379,BLG03M0303.022111,18:05:25.89,-27:37:00.01,60232.74202,21.49,0.237,19.13,18.44,18.44,1,1.05,
KMT-2023-BLG-2380,BLG03M0303.067253,18:05:26.05,-27:31:04.12,60194.8545,8.89,0.62,19.53,19.64,19.64,1,0.75,
KMT-2023-BLG-2381,SAO03M0402.014968,18:04:52.93,-27:40:27.91,60162.16913,0.91,0.282,19.62,18.11,18.11,1,0.97,
KMT-2023-BLG-2382,BLG03M0402.073067,18:04:46.66,-27:44:42.50,60033.25529,18.07,0.463,19.97,19.78,19.78,1,0.97,
KMT-2023-BLG-2383,BLG03M0405.064900,18:04:34.22,-27:16:36.52,59993.90374,41.99,0.12,19.3,19.49,19.49,1,0.88,MB23005 OB230029
KMT-2023-BLG-2384,BLG03M0406.013045,18:04:56.44,-27:11:22.70,59993.84513,9.8,0.926,17.89,17.86,17.86,1,0.84,
KMT-2023-BLG-2385,SSO03M0406.015131,18:04:33.20,-27:13:20.10,60205.408,5.51,0.072,20.62,18.0,18.0,1,0.92,
KMT-2023-BLG-2386,BLG03M0407.059961,18:04:46.40,-27:00:09.68,60240.4099,22.38,0.065,20.51,19.55,19.55,1,1.18,
KMT-2023-BLG-2387,BLG03M0602.073492,18:03:20.90,-27:38:31.60,60079.91553,3.92,0.595,19.62,19.78,19.78,1,1.13,
KMT-2023-BLG-2388,BLG03M0703.019953,18:02:52.70,-27:33:48.49,60008.00164,35.52,0.163,21.48,18.54,18.54,1,1.38,
KMT-2023-BLG-2389,BLG03M0703.048768,18:02:59.52,-27:32:30.41,60230.46568,18.21,0.084,20.59,19.39,19.39,1,1.38,
KMT-2023-BLG-2390,SSO03M0807.019007,18:02:14.34,-27:05:21.30,60230.08044,198.72,0.013,24.26,19.45,19.45,1,2.59,
KMT-2023-BLG-2391,SSO03N0203.027600,18:05:51.23,-28:43:48.90,60211.6455,17.19,0.192,19.88,18.83,18.83,1,0.99,
KMT-2023-BLG-2392,BLG03N0305.012540,18:05:20.33,-28:25:53.40,60053.01128,20.68,0.279,21.41,18.06,18.06,1,1.22,
KMT-2023-BLG-2393,BLG03N0502.030444,18:03:59.80,-28:50:56.80,60072.38944,23.41,0.506,19.95,18.61,18.61,1,0.83,OB230433
KMT-2023-BLG-2394,BLG03N0504.071624,18:04:17.77,-28:35:19.00,60230.93345,52.13,0.078,22.11,19.67,19.67,1,0.82,
KMT-2023-BLG-2395,BLG03N0602.051108,18:03:35.18,-28:51:03.71,60023.00692,5.86,0.81,19.64,19.03,19.03,1,0.72,
KMT-2023-BLG-2396,BLG03N0603.034444,18:03:48.91,-28:43:23.99,60204.87234,29.56,0.049,21.0,18.64,18.64,1,0.78,OB231241
KMT-2023-BLG-2397,BLG03N0605.050179,18:03:41.41,-28:30:07.99,59998.76733,78.74,0.184,21.41,19.04,19.04,1,1.02,
KMT-2023-BLG-2398,SAO03N0607.037494,18:03:27.54,-28:14:17.70,60148.2705,116.4,0.002,25.08,18.86,18.86,1,0.92,
KMT-2023-BLG-2399,SSO03N0608.038365,18:03:48.04,-28:05:16.91,60200.2201,3.7,0.113,21.05,18.91,18.91,1,1.07,OB231242
KMT-2023-BLG-2400,SSO03N0708.055951,18:02:53.44,-28:02:21.59,60233.41101,36.39,0.019,19.85,19.17,19.17,1,0.83,MB23463
KMT-2023-BLG-2401,BLG03N0805.039625,18:02:40.14,-28:29:47.00,60238.77288,11.06,0.499,18.68,18.77,18.77,1,1.33,
KMT-2023-BLG-2402,SSO03N0806.015890,18:02:26.20,-28:22:30.00,60231.47556,18.88,0.101,17.9,17.93,17.93,1,1.17,OB231324
KMT-2023-BLG-2403,BLG03N0808.037010,18:02:11.63,-28:01:40.69,60090.42175,47.22,0.068,22.8,18.85,18.85,1,1.2,
KMT-2023-BLG-2404,BLG03N0808.069697,18:02:21.07,-28:01:49.12,60024.62044,47.31,0.083,22.46,19.62,19.62,1,1.19,
KMT-2023-BLG-2405,BLG03N0808.091910,18:02:15.83,-28:03:29.30,60014.59058,35.85,0.036,22.38,20.0,20.46,1,1.11,
KMT-2023-BLG-2406,SSO03T0103.001229,18:01:26.64,-28:45:14.11,60239.37394,54.21,0.24,16.36,15.05,15.05,1,1.07,OB231323
KMT-2023-BLG-2407,SSO03T0105.005184,18:01:51.84,-28:26:09.60,59995.8953,170.11,0.108,20.39,16.37,16.37,1,1.05,MB23013
KMT-2023-BLG-2408,BLG03T0107.043126,18:01:42.80,-28:07:14.99,60225.69533,66.5,0.054,21.99,19.27,19.27,1,1.46,
KMT-2023-BLG-2409,BLG03T0202.018737,18:00:57.89,-28:51:01.58,59996.77937,114.13,0.125,19.88,17.96,17.96,1,0.95,MB23022 OB230035
KMT-2023-BLG-2410,SSO03T0303.001773,18:00:38.44,-28:43:23.81,60236.77196,29.58,0.788,18.08,15.11,15.11,1,1.0,
KMT-2023-BLG-2411,BLG03T0308.034025,18:00:37.09,-28:04:04.91,60010.18287,17.43,0.291,18.94,18.97,18.97,1,1.27,
KMT-2023-BLG-2412,SSO03T0408.079330,17:59:34.66,-28:05:27.49,60206.45158,70.33,0.042,22.68,20.0,20.14,1,1.96,
KMT-2023-BLG-2413,SAO03T0506.077665,17:59:27.47,-28:22:16.79,60163.21236,34.7,0.021,23.89,19.79,19.79,1,1.39,
KMT-2023-BLG-2414,BLG04K0103.002285,18:03:23.43,-29:39:43.31,60001.76015,35.88,0.081,20.39,15.69,15.69,1,1.01,MB23028
KMT-2023-BLG-2415,BLG04K0205.005601,18:02:49.37,-29:27:20.92,60025.09517,15.17,0.353,17.15,17.08,17.08,1,1.15,MB23050 OB230038
KMT-2023-BLG-2416,SSO04K0305.040092,18:02:11.99,-29:21:52.81,60200.761,10.57,0.287,20.36,19.28,19.28,1,1.31,
KMT-2023-BLG-2417,BLG04K0403.093442,18:01:43.36,-29:39:15.30,60220.85101,23.89,0.073,20.95,20.0,20.4,1,1.28,MB23453
KMT-2023-BLG-2418,BLG04K0404.000961,18:01:26.64,-29:33:25.20,60228.53476,54.59,0.158,19.19,15.19,15.19,1,1.38,MB23462
KMT-2023-BLG-2419,SSO04K0406.007853,18:01:47.30,-29:19:31.40,60182.50865,22.29,0.692,19.3,17.61,17.61,1,1.32,
KMT-2023-BLG-2420,BLG04K0406.036205,18:01:32.01,-29:21:41.69,60025.81816,9.28,0.866,19.47,19.12,19.12,1,1.28,
KMT-2023-BLG-2421,BLG04K0407.013725,18:01:49.58,-29:10:41.20,60007.92576,33.46,0.108,21.05,17.98,17.98,1,1.23,
KMT-2023-BLG-2422,BLG04K0407.017709,18:01:55.35,-29:09:10.51,60078.18009,28.99,0.478,20.62,18.23,18.23,1,1.25,OB230528
KMT-2023-BLG-2423,BLG04K0407.051340,18:01:44.21,-29:09:02.81,60034.87962,41.49,0.203,20.42,19.22,19.22,1,1.3,
KMT-2023-BLG-2424,BLG04K0502.025821,18:01:01.05,-29:48:16.31,60224.47702,54.08,0.267,20.77,18.57,18.57,1,1.19,
KMT-2023-BLG-2425,SSO04K0506.040499,18:01:17.29,-29:19:40.51,60211.80987,13.91,0.167,19.67,19.17,19.17,1,1.4,MB23439
KMT-2023-BLG-2426,BLG04K0507.025128,18:01:19.78,-29:14:05.50,60209.90368,19.48,0.362,20.02,18.6,18.6,1,1.4,
KMT-2023-BLG-2427,BLG04K0603.048905,18:00:14.75,-29:40:21.79,60058.51086,51.16,0.382,20.61,19.34,19.34,1,1.26,
KMT-2023-BLG-2428,BLG04K0604.021424,18:00:16.61,-29:32:57.91,60035.9069,24.72,0.075,21.85,18.71,18.71,1,1.42,
KMT-2023-BLG-2429,BLG04K0606.056979,18:00:22.78,-29:21:25.81,60224.13979,26.48,0.512,19.45,19.46,19.46,1,1.3,
KMT-2023-BLG-2430,SSO04K0607.013890,18:00:35.72,-29:13:24.10,60023.56892,44.54,0.034,20.24,17.93,17.93,1,1.24,MB23065
KMT-2023-BLG-2431,BLG04K0701.066954,17:59:49.64,-29:55:14.09,60229.72626,152.69,0.027,22.89,19.66,19.66,1,1.25,
KMT-2023-BLG-2432,BLG04K0701.072845,17:59:50.50,-29:54:29.30,60045.76662,54.43,0.265,21.19,19.79,19.79,1,1.25,
KMT-2023-BLG-2433,SSO04K0702.027927,18:00:12.00,-29:47:51.90,60215.31928,42.27,0.002,22.27,18.7,18.7,1,1.17,
KMT-2023-BLG-2434,SAO04K0707.005872,18:00:05.36,-29:11:02.29,60041.34016,2.04,0.957,18.59,16.6,16.6,1,1.08,
KMT-2023-BLG-2435,BLG04K0707.023183,17:59:48.29,-29:10:38.10,60013.54645,69.53,0.179,19.68,18.31,18.31,1,1.1,MB23038 OB230014
KMT-2023-BLG-2436,BLG04K0707.056218,18:00:02.71,-29:07:39.61,60016.31326,13.2,0.724,19.01,19.14,19.14,1,1.03,
KMT-2023-BLG-2437,BLG04K0708.073685,18:00:10.67,-29:00:46.19,60058.20175,2.76,0.236,20.42,19.45,19.45,1,0.92,
KMT-2023-BLG-2438,SSO04K0805.026070,17:59:16.84,-29:25:06.49,60234.72739,153.65,0.022,21.49,18.81,18.81,1,1.51,OB231287
KMT-2023-BLG-2439,SSO04K0805.059624,17:59:37.89,-29:26:53.02,60017.54473,120.15,0.452,19.5,19.68,19.68,1,1.55,OB230011
KMT-2023-BLG-2440,SAO04K0807.058936,17:59:11.26,-29:13:57.79,60022.92996,12.58,0.6,18.98,19.09,19.09,1,1.02,MB23077
KMT-2023-BLG-2441,SAO04K0807.080123,17:59:10.83,-29:14:13.70,60214.34234,20.61,0.028,19.71,19.58,19.58,1,1.05,MB23434
KMT-2023-BLG-2442,BLG04M0103.006508,18:08:27.93,-29:38:33.11,59999.59102,62.24,0.396,20.07,17.66,17.66,1,0.81,
KMT-2023-BLG-2443,SSO04M0106.003513,18:08:26.29,-29:19:09.59,60166.04424,0.91,0.427,17.87,16.79,16.79,1,0.9,
KMT-2023-BLG-2444,SSO04M0407.000358,18:06:49.98,-29:13:34.72,60239.38523,52.6,0.456,17.33,14.14,14.14,1,0.93,
KMT-2023-BLG-2445,BLG04M0408.006993,18:06:42.52,-29:03:56.99,60247.68829,14.73,0.557,17.45,17.44,17.44,1,0.81,
KMT-2023-BLG-2446,BLG04M0802.045757,18:04:04.85,-29:51:14.69,60106.45246,11.62,0.807,19.12,19.19,19.19,1,0.83,
KMT-2023-BLG-2447,BLG04M0803.062634,18:04:22.59,-29:43:08.69,60022.92085,35.0,0.424,19.56,19.69,19.69,1,0.82,OB230127
KMT-2023-BLG-2448,SSO04M0807.020523,18:04:06.86,-29:11:50.89,60218.06232,36.98,0.074,21.89,18.41,18.41,1,0.82,
KMT-2023-BLG-2449,BLG04N0108.018665,18:08:14.33,-30:12:09.50,60001.69416,33.53,0.566,19.29,18.73,18.73,1,0.87,
KMT-2023-BLG-2450,BLG04N0202.007921,18:07:40.15,-30:58:19.49,60005.36269,14.44,0.4,19.93,18.16,18.16,1,0.77,
KMT-2023-BLG-2451,BLG04N0308.023507,18:07:10.66,-30:10:30.90,60170.8365,26.31,0.994,19.64,18.89,18.89,1,0.85,
KMT-2023-BLG-2452,BLG04N0403.007158,18:06:37.74,-30:51:20.70,60117.09822,23.11,0.995,19.5,18.01,18.01,1,0.93,
KMT-2023-BLG-2453,BLG04N0406.019041,18:06:24.95,-30:22:56.60,60020.02322,27.04,0.531,19.79,18.83,18.83,1,0.91,
KMT-2023-BLG-2454,SSO04T0104.012074,18:03:18.09,-30:43:29.89,60229.15569,3.14,0.729,18.73,18.73,18.73,1,1.34,
KMT-2023-BLG-2455,BLG04T0105.019316,18:03:16.41,-30:30:27.61,60226.03696,18.78,0.067,19.82,18.96,18.96,1,1.31,MB23456
KMT-2023-BLG-2456,BLG04T0107.030007,18:03:14.14,-30:19:39.61,60240.86359,88.06,0.101,20.65,18.93,18.93,1,1.02,MB23491
KMT-2023-BLG-2457,SSO04T0206.024498,18:02:48.37,-30:24:06.70,60217.43482,19.49,0.223,18.92,18.67,18.67,1,0.92,MB23440 OB231298
KMT-2023-BLG-2458,BLG04T0303.048894,18:02:00.30,-30:47:45.31,59994.65596,23.07,0.188,20.24,19.99,19.99,1,1.41,
KMT-2023-BLG-2459,BLG04T0304.022884,18:02:31.47,-30:44:04.60,60007.644,22.49,0.412,18.95,18.97,18.97,1,1.41,MB23032
KMT-2023-BLG-2460,BLG04T0402.035256,18:01:40.05,-30:56:55.72,60022.43194,48.8,0.298,20.23,19.48,19.48,1,1.4,OB230130
KMT-2023-BLG-2461,BLG04T0407.054509,18:01:51.12,-30:20:34.91,60070.67732,22.47,0.43,19.55,19.46,19.46,1,1.08,
KMT-2023-BLG-2462,BLG04T0408.035535,18:01:42.54,-30:07:35.80,60040.43481,11.11,0.733,18.94,18.98,18.98,1,1.28,OB230271
KMT-2023-BLG-2463,SAO04T0501.040232,18:01:00.47,-31:03:42.98,59990.30069,15.54,0.137,19.71,19.69,19.69,1,1.51,
KMT-2023-BLG-2464,BLG04T0506.055244,18:00:59.32,-30:26:02.18,60039.82303,8.08,0.694,19.79,19.52,19.52,1,1.05,
KMT-2023-BLG-2465,BLG04T0608.074314,18:00:26.50,-30:10:10.60,60014.44656,4.09,0.397,20.15,19.89,19.89,1,1.02,
KMT-2023-BLG-2466,BLG11K0101.007177,17:27:13.72,-29:49:44.90,60238.83959,19.83,0.173,18.59,18.6,18.6,2,2.13,
KMT-2023-BLG-2467,SAO11K0207.004303,17:26:42.48,-29:03:45.86,60011.45512,50.3,0.962,18.14,17.78,17.78,2,1.87,OB230098
KMT-2023-BLG-2468,SSO11K0502.008897,17:24:40.22,-29:44:22.67,60233.57887,17.99,0.002,19.33,19.29,19.29,2,2.1,
KMT-2023-BLG-2469,BLG11K0506.043553,17:24:39.59,-29:11:25.12,59990.96859,35.59,0.091,20.4,19.84,19.84,1,1.49,
KMT-2023-BLG-2470,BLG11K0704.016415,17:23:47.24,-29:28:58.69,59970.77847,64.75,0.544,19.03,19.03,19.03,2,1.49,
KMT-2023-BLG-2471,SSO11K0704.026786,17:23:49.84,-29:25:00.52,60226.64125,61.78,0.184,21.54,19.46,19.46,1,1.39,
KMT-2023-BLG-2472,BLG11M0102.048830,17:32:06.20,-29:39:53.82,60022.9412,52.99,0.013,23.14,20.0,21.06,2,2.83,
KMT-2023-BLG-2473,BLG11M0105.006080,17:31:50.77,-29:18:00.94,60020.63159,79.11,1.0,18.31,18.3,18.3,2,2.63,
KMT-2023-BLG-2474,BLG11M0201.062045,17:31:39.46,-29:50:58.63,59997.17348,25.91,0.091,21.44,20.0,21.23,3,2.83,
KMT-2023-BLG-2475,BLG11M0203.002947,17:31:40.41,-29:36:47.59,60007.30634,27.85,1.0,18.25,17.73,17.73,2,2.82,
KMT-2023-BLG-2476,BLG11M0302.005822,17:30:52.38,-29:44:27.24,59978.63131,56.53,0.321,18.29,18.23,18.23,2,2.62,OB230066
KMT-2023-BLG-2477,SSO11M0401.002699,17:30:07.17,-29:49:26.98,60011.97417,95.67,0.017,17.1,17.0,17.0,2,2.23,OB230067
KMT-2023-BLG-2478,BLG11M0708.005179,17:28:19.62,-28:59:30.01,59993.65051,14.01,0.482,18.09,18.07,18.07,2,1.91,
KMT-2023-BLG-2479,SSO11M0802.012023,17:27:52.60,-29:42:42.52,60237.67254,50.36,0.298,20.2,18.75,18.75,1,2.12,
KMT-2023-BLG-2480,BLG11N0106.030961,17:32:02.38,-30:21:53.32,59980.51146,51.97,0.551,20.03,20.0,20.3,2,2.5,
KMT-2023-BLG-2481,BLG11N0203.013513,17:31:13.62,-30:41:37.72,60053.92778,198.27,0.399,19.38,19.7,19.7,2,3.12,OB230088
KMT-2023-BLG-2482,BLG11N0303.018417,17:31:06.26,-30:39:01.04,60001.37821,82.55,0.059,22.52,20.0,20.58,2,3.09,
KMT-2023-BLG-2483,BLG11N0303.020829,17:31:02.17,-30:43:42.20,60002.94817,46.25,0.205,20.73,20.0,20.72,2,3.42,OB230089
KMT-2023-BLG-2484,BLG11N0303.021107,17:31:08.23,-30:38:52.94,60030.11871,5.9,0.055,20.44,20.0,20.73,2,3.09,
KMT-2023-BLG-2485,BLG11N0305.000279,17:30:48.57,-30:28:11.60,60229.74967,58.42,0.908,17.05,15.28,15.28,2,2.51,
KMT-2023-BLG-2486,BLG11N0405.023015,17:30:09.80,-30:25:18.95,60078.81845,13.55,0.892,20.42,20.0,20.05,2,2.57,
KMT-2023-BLG-2487,BLG11N0508.000950,17:29:51.45,-30:00:47.52,59997.74805,32.96,0.569,16.21,16.19,16.19,2,2.56,OB230090
KMT-2023-BLG-2488,SSO11N0607.013063,17:29:22.55,-30:09:34.27,60201.09617,8.75,0.199,19.02,19.13,19.13,2,2.05,
KMT-2023-BLG-2489,BLG11N0808.054365,17:28:06.67,-30:01:33.46,59995.26923,92.99,0.288,20.52,20.0,20.95,2,2.31,
KMT-2023-BLG-2490,BLG11T0601.058009,17:24:13.07,-30:54:27.72,60175.16643,19.35,0.022,22.51,20.0,22.62,3,3.86,
KMT-2023-BLG-2491,BLG12M0303.052007,17:30:38.09,-27:27:47.20,60192.46032,13.61,0.197,20.11,20.0,21.23,2,2.48,
KMT-2023-BLG-2492,BLG12M0305.042580,17:30:52.05,-27:15:18.65,60041.09371,56.45,0.161,21.13,20.0,21.35,2,2.62,
KMT-2023-BLG-2493,BLG12M0402.024191,17:30:33.43,-27:33:55.98,59997.90651,18.78,0.418,20.05,20.0,20.43,2,2.41,
KMT-2023-BLG-2494,BLG12M0406.083394,17:30:31.74,-27:06:36.97,60000.18289,14.59,0.612,20.07,20.0,25.0,3,2.68,
KMT-2023-BLG-2495,BLG12M0501.042401,17:29:57.92,-27:43:16.50,60024.8577,76.39,0.018,23.43,20.0,21.02,2,2.42,
KMT-2023-BLG-2496,SAO12M0604.079452,17:29:21.70,-27:23:01.86,60074.02142,14.76,0.03,21.47,20.0,25.0,3,2.81,
KMT-2023-BLG-2497,BLG12M0606.015281,17:29:19.72,-27:04:37.92,60005.24797,40.51,0.417,20.05,20.0,20.35,2,2.46,
KMT-2023-BLG-2498,BLG12M0806.064601,17:28:02.54,-27:07:20.28,60016.78428,25.01,0.023,21.74,20.0,22.51,2,2.53,
KMT-2023-BLG-2499,SSO12N0101.012725,17:32:02.54,-28:48:04.07,60147.50786,12.88,0.057,21.75,19.85,19.85,2,2.71,
KMT-2023-BLG-2500,BLG12N0103.044500,17:32:06.68,-28:31:50.92,59987.92704,96.29,0.008,19.92,20.0,21.04,2,2.59,OB230064
KMT-2023-BLG-2501,BLG12N0203.001413,17:31:18.38,-28:36:45.61,60032.79312,56.95,1.0,16.98,16.84,16.84,2,2.4,OB230068
KMT-2023-BLG-2502,BLG12N0407.042465,17:30:12.81,-28:07:22.33,60188.8686,9.51,0.222,19.95,20.0,20.64,2,2.04,
KMT-2023-BLG-2503,BLG12N0804.018585,17:28:03.93,-28:28:59.84,60173.94871,16.84,0.618,19.9,19.91,19.91,2,2.23,
KMT-2023-BLG-2504,BLG12T0204.004241,17:26:44.93,-28:28:05.63,60212.91588,29.66,0.8,19.1,18.27,18.27,2,2.09,
KMT-2023-BLG-2505,BLG12T0204.008067,17:26:35.13,-28:25:15.78,60052.558,5.19,1.0,19.22,19.25,19.25,2,2.08,
KMT-2023-BLG-2506,BLG12T0501.032462,17:24:58.08,-28:49:50.56,59986.63203,75.71,0.107,20.08,20.0,20.59,2,1.99,
KMT-2023-BLG-2507,BLG13M0302.080617,17:38:17.75,-34:04:51.28,60238.05141,38.48,0.287,19.97,20.0,25.0,3,3.57,
KMT-2023-BLG-2508,BLG13M0308.017493,17:38:09.65,-33:17:38.65,60006.91277,44.11,0.187,20.94,20.0,20.95,2,4.42,
KMT-2023-BLG-2509,BLG13M0402.001366,17:38:00.74,-34:07:38.14,59989.96005,83.1,0.679,17.24,17.23,17.23,2,3.93,OB230086
KMT-2023-BLG-2510,BLG13M0407.000979,17:37:32.96,-33:30:41.26,60228.94506,38.14,0.999,17.6,16.85,16.85,2,6.72,OB231292
KMT-2023-BLG-2511,BLG13M0602.083328,17:36:29.00,-34:04:01.92,60216.74681,62.19,0.915,19.9,20.0,25.0,3,3.48,
KMT-2023-BLG-2512,BLG13N0301.026028,17:38:20.27,-35:22:07.18,60039.22056,81.72,0.178,21.86,20.0,20.45,2,2.29,
KMT-2023-BLG-2513,BLG13T0106.026362,17:34:12.99,-34:45:38.48,60223.81115,100.74,0.688,19.9,20.0,21.8,2,4.41,
KMT-2023-BLG-2514,BLG14K0101.000466,17:36:22.29,-28:47:47.65,60005.165,20.89,0.581,16.86,15.93,15.93,2,3.08,OB230080
KMT-2023-BLG-2515,BLG14K0103.057519,17:36:41.51,-28:31:50.02,60142.90791,13.94,0.006,23.52,20.0,21.52,2,3.37,
KMT-2023-BLG-2516,SAO14K0108.049294,17:36:27.43,-27:55:19.27,60016.62505,3.35,0.104,20.79,20.0,21.53,2,3.15,
KMT-2023-BLG-2517,BLG14K0207.028683,17:36:03.91,-28:02:37.72,59987.2567,11.99,0.202,20.41,20.0,21.11,2,3.37,
KMT-2023-BLG-2518,BLG14K0302.005654,17:35:18.83,-28:42:23.18,60229.64141,21.85,0.041,21.25,18.16,18.16,2,3.08,
KMT-2023-BLG-2519,BLG14K0308.001780,17:35:02.92,-27:51:02.81,60235.88788,30.22,0.038,19.65,17.57,17.57,2,2.92,
KMT-2023-BLG-2520,SAO14K0402.038032,17:34:52.30,-28:36:34.67,60023.19127,19.29,0.009,20.19,20.0,20.95,2,2.87,
KMT-2023-BLG-2521,SAO14K0501.008448,17:34:01.16,-28:47:51.79,60068.43003,23.43,0.996,19.7,19.58,19.58,2,3.6,
KMT-2023-BLG-2522,BLG14K0502.102216,17:34:12.32,-28:39:17.10,60229.80084,17.51,0.007,20.85,20.0,25.0,3,3.9,
KMT-2023-BLG-2523,BLG14K0503.057060,17:33:57.67,-28:34:44.83,60036.45116,65.09,0.369,21.7,20.0,21.67,3,3.52,
KMT-2023-BLG-2524,BLG14K0604.066651,17:33:28.91,-28:23:11.18,60023.12109,10.38,0.172,21.44,20.0,21.35,2,2.87,
KMT-2023-BLG-2525,BLG14K0605.021072,17:33:28.36,-28:14:37.14,60038.68548,17.01,0.517,20.02,19.99,19.99,2,2.57,
KMT-2023-BLG-2526,BLG14K0607.113432,17:33:21.18,-27:59:11.15,60009.7484,24.7,0.363,20.04,20.0,25.0,3,2.85,
KMT-2023-BLG-2527,SSO14K0702.013917,17:32:55.30,-28:36:36.97,60039.0288,76.58,0.004,25.17,20.0,20.76,2,3.52,
KMT-2023-BLG-2528,SSO14K0703.056783,17:32:45.55,-28:34:03.76,60000.75825,24.07,0.002,23.06,20.0,21.46,2,3.35,
KMT-2023-BLG-2529,BLG14K0704.005752,17:33:03.39,-28:25:19.45,60007.11613,27.26,0.887,18.19,18.2,18.2,2,2.61,
KMT-2023-BLG-2530,BLG14K0704.049333,17:33:06.96,-28:22:52.82,60025.25153,45.29,0.276,21.96,20.0,20.83,2,2.51,
KMT-2023-BLG-2531,BLG14K0705.085174,17:32:41.59,-28:13:39.07,60016.21755,9.5,0.078,21.59,20.0,21.61,2,2.72,
KMT-2023-BLG-2532,BLG14K0705.099802,17:33:06.46,-28:19:54.26,60043.72951,11.05,0.27,21.57,20.0,22.23,2,2.43,
KMT-2023-BLG-2533,BLG14K0803.106725,17:32:20.99,-28:31:24.60,60024.15785,14.49,0.061,21.99,20.0,25.0,3,2.83,
KMT-2023-BLG-2534,BLG14M0103.043929,17:41:09.65,-28:34:59.05,60006.9875,16.28,0.217,21.17,20.0,21.99,2,4.98,
KMT-2023-BLG-2535,BLG14M0107.020751,17:41:05.34,-28:00:38.95,60221.22676,71.54,0.022,23.48,20.0,20.45,2,3.76,
KMT-2023-BLG-2536,BLG14M0202.063383,17:40:37.58,-28:36:51.91,60054.58217,79.06,0.05,23.94,20.0,22.46,2,4.41,
KMT-2023-BLG-2537,BLG14M0206.050289,17:40:43.51,-28:06:13.82,60233.57497,8.12,0.263,20.32,20.0,21.91,2,4.17,
KMT-2023-BLG-2538,BLG14M0207.000551,17:40:31.69,-28:00:03.42,60025.24953,2.81,0.702,18.91,16.47,16.47,2,3.9,
KMT-2023-BLG-2539,BLG14M0207.053005,17:40:23.22,-28:03:44.53,60111.89714,8.63,0.031,22.88,20.0,21.66,2,3.73,
KMT-2023-BLG-2540,BLG14M0208.011003,17:40:27.16,-27:51:44.64,60049.85232,7.06,0.023,23.52,19.24,19.24,2,3.24,
KMT-2023-BLG-2541,BLG14M0301.000445,17:40:12.53,-28:44:22.45,60022.43091,73.18,0.827,17.78,17.31,17.31,2,5.19,
KMT-2023-BLG-2542,BLG14M0305.028095,17:39:49.65,-28:16:38.39,60180.48201,24.06,0.679,19.7,20.0,20.7,2,2.99,
KMT-2023-BLG-2543,BLG14M0305.090968,17:40:07.59,-28:14:47.36,60186.7261,10.3,0.02,21.95,20.0,25.0,3,3.31,
KMT-2023-BLG-2544,BLG14M0306.043616,17:40:11.56,-28:09:10.26,60020.46881,136.51,0.043,23.76,20.0,21.13,2,3.32,
KMT-2023-BLG-2545,BLG14M0307.083720,17:40:21.10,-27:59:16.69,60005.137,5.36,0.259,20.94,20.0,22.43,2,3.93,
KMT-2023-BLG-2546,BLG14M0403.009130,17:39:32.85,-28:32:06.54,60222.79807,52.14,0.517,20.05,19.66,19.66,2,4.48,
KMT-2023-BLG-2547,BLG14M0404.000540,17:39:19.24,-28:21:08.39,59975.41411,66.71,0.275,16.16,16.2,16.2,2,3.19,
KMT-2023-BLG-2548,BLG14M0404.054089,17:39:48.49,-28:22:20.03,60035.7136,42.51,0.035,23.65,20.0,21.55,2,3.78,
KMT-2023-BLG-2549,BLG14M0407.098107,17:39:33.77,-28:03:20.77,60065.11975,12.78,0.946,19.94,20.0,25.0,3,2.85,
KMT-2023-BLG-2550,BLG14M0506.004150,17:39:13.64,-28:08:19.86,59998.09347,95.04,0.04,21.2,17.7,17.7,2,2.87,
KMT-2023-BLG-2551,BLG14M0506.044607,17:38:53.40,-28:09:07.78,60004.07493,8.32,0.026,21.31,20.0,20.74,2,2.87,
KMT-2023-BLG-2552,BLG14M0507.064308,17:39:06.43,-27:59:19.90,60228.39335,34.39,0.007,20.7,20.0,21.22,2,3.03,
KMT-2023-BLG-2553,BLG14M0601.008554,17:38:32.13,-28:46:08.87,60233.75719,4.76,0.647,18.99,19.02,19.02,2,3.93,
KMT-2023-BLG-2554,BLG14M0601.057775,17:38:35.23,-28:43:21.97,60026.28665,37.99,0.01,22.85,20.0,21.75,2,3.62,
KMT-2023-BLG-2555,SSO14M0603.001800,17:38:38.42,-28:30:37.55,60235.80388,54.14,0.348,19.83,17.51,17.51,2,3.55,
KMT-2023-BLG-2556,BLG14M0604.032067,17:38:18.41,-28:20:54.31,60004.04217,63.22,0.005,24.47,20.0,20.72,2,3.21,
KMT-2023-BLG-2557,BLG14M0607.010486,17:38:17.59,-28:02:34.94,60222.99746,115.28,0.021,23.4,18.94,18.94,2,3.06,
KMT-2023-BLG-2558,SSO14M0608.019476,17:38:33.24,-27:50:34.73,60200.22506,24.77,0.539,20.01,20.0,20.06,2,2.52,
KMT-2023-BLG-2559,BLG14M0702.017837,17:37:54.10,-28:39:00.72,60211.91288,16.24,0.303,20.32,19.95,19.95,2,3.17,
KMT-2023-BLG-2560,BLG14M0704.088121,17:37:48.04,-28:21:47.34,60110.37068,5.75,0.017,22.8,20.0,25.0,3,3.94,
KMT-2023-BLG-2561,BLG14M0706.095583,17:37:41.74,-28:10:54.41,60082.33848,62.18,0.132,22.64,20.0,23.05,2,3.8,
KMT-2023-BLG-2562,SAO14M0804.001366,17:37:30.34,-28:25:07.18,60232.20666,11.45,0.215,17.75,17.77,17.77,2,3.92,
KMT-2023-BLG-2563,SSO14N0307.009532,17:39:51.85,-29:09:23.47,60201.12804,17.68,0.456,20.7,20.0,20.86,2,4.86,
KMT-2023-BLG-2564,BLG14N0402.003676,17:39:45.08,-29:48:37.12,60173.90669,3.45,0.341,19.65,19.7,19.7,2,5.57,
KMT-2023-BLG-2565,SAO14N0508.058317,17:38:59.90,-28:57:47.56,60158.03398,141.21,0.002,25.7,20.0,22.11,2,4.41,
KMT-2023-BLG-2566,BLG14N0508.082394,17:38:47.81,-29:00:37.37,60026.07348,87.31,0.017,23.43,20.0,24.72,3,4.3,
KMT-2023-BLG-2567,BLG14N0604.004313,17:38:29.56,-29:30:40.36,59997.65147,32.99,0.61,19.61,19.17,19.17,2,4.72,
KMT-2023-BLG-2568,BLG14N0605.049882,17:38:20.05,-29:22:35.87,60163.09505,9.99,0.065,22.62,20.0,22.44,2,4.61,
KMT-2023-BLG-2569,SAO14N0704.019197,17:37:52.28,-29:28:09.77,60086.0598,15.1,0.135,21.95,20.0,20.52,2,4.15,
KMT-2023-BLG-2570,BLG14N0804.039382,17:37:15.26,-29:33:47.34,60242.0318,25.62,0.31,19.96,20.0,21.25,3,3.67,
KMT-2023-BLG-2571,BLG14N0804.069546,17:37:02.90,-29:34:14.09,60036.05395,61.69,0.013,24.81,20.0,21.88,2,3.65,
KMT-2023-BLG-2572,SSO14T0102.026557,17:36:24.16,-29:43:57.83,60228.33803,158.97,0.014,22.6,20.0,21.13,2,4.0,
KMT-2023-BLG-2573,BLG14T0108.002307,17:36:39.82,-29:01:45.73,60011.47902,34.8,0.87,18.0,17.39,17.39,2,2.97,
KMT-2023-BLG-2574,BLG14T0205.013632,17:35:59.88,-29:25:15.38,60239.30776,13.71,0.03,19.49,19.57,19.57,2,2.91,
KMT-2023-BLG-2575,BLG14T0304.011796,17:35:25.94,-29:30:31.79,60210.63055,10.52,0.866,19.26,19.28,19.28,2,3.04,
KMT-2023-BLG-2576,BLG14T0307.011243,17:35:22.62,-29:04:51.89,60232.95546,69.94,0.77,19.78,19.86,19.86,2,3.19,
KMT-2023-BLG-2577,BLG14T0402.088220,17:34:39.07,-29:44:52.12,60008.29629,9.17,0.097,21.72,20.0,21.92,2,2.97,
KMT-2023-BLG-2578,SSO14T0403.063838,17:34:36.42,-29:39:40.79,60201.64493,9.41,0.736,20.08,20.0,21.08,2,2.82,
KMT-2023-BLG-2579,BLG14T0407.002684,17:34:29.71,-29:04:40.26,60052.73897,191.22,0.035,23.76,17.9,17.9,2,3.38,
KMT-2023-BLG-2580,BLG14T0408.054383,17:34:39.85,-28:58:54.70,60213.11881,59.39,0.033,22.47,20.0,21.33,2,3.02,
KMT-2023-BLG-2581,SSO14T0504.011269,17:33:48.00,-29:31:02.28,60244.10414,42.01,0.203,19.33,18.93,18.93,2,2.64,
KMT-2023-BLG-2582,BLG14T0602.071899,17:33:25.41,-29:47:52.19,60227.4836,44.61,0.037,22.36,20.0,21.46,2,2.66,
KMT-2023-BLG-2583,SSO14T0604.002919,17:33:47.21,-29:30:55.19,60236.70506,60.17,0.251,19.97,17.68,17.68,2,2.64,
KMT-2023-BLG-2584,SSO14T0606.029763,17:33:14.15,-29:16:26.22,60201.77976,45.85,0.276,20.47,20.0,20.53,2,2.82,
KMT-2023-BLG-2585,BLG14T0801.031966,17:32:20.79,-29:55:35.15,60020.4685,48.45,0.312,20.84,20.0,20.8,2,3.03,
KMT-2023-BLG-2586,SSO14T0804.094799,17:32:15.23,-29:30:29.27,60223.39819,81.46,0.355,19.97,20.0,25.0,3,3.26,
KMT-2023-BLG-2587,BLG15K0207.001370,17:35:42.36,-25:51:52.88,60018.34746,52.86,0.439,18.15,17.65,17.65,2,3.08,
KMT-2023-BLG-2588,BLG15K0302.047197,17:35:14.62,-26:30:57.64,60049.1565,76.15,0.128,23.41,20.0,21.18,2,2.75,
KMT-2023-BLG-2589,SAO15K0403.084311,17:34:59.15,-26:24:46.15,60221.62538,1.64,0.003,20.01,20.0,22.41,2,2.8,
KMT-2023-BLG-2590,BLG15K0507.006769,17:34:23.42,-25:57:48.82,60003.21781,115.21,0.025,22.32,20.0,21.28,2,3.52,
KMT-2023-BLG-2591,BLG15K0604.070790,17:33:20.60,-26:18:19.87,60063.49751,50.7,0.205,22.32,20.0,22.38,2,3.14,
KMT-2023-BLG-2592,SSO15K0701.036115,17:33:01.57,-26:41:55.75,60204.09658,40.97,0.099,22.69,20.0,21.24,2,2.86,
KMT-2023-BLG-2593,BLG15K0702.017684,17:33:00.35,-26:36:01.66,59991.05918,19.67,0.099,20.81,20.0,20.91,2,2.95,
KMT-2023-BLG-2594,BLG15M0104.069585,17:41:13.84,-26:18:03.56,59997.50499,37.95,0.044,21.7,20.0,21.68,2,3.09,
KMT-2023-BLG-2595,BLG15M0202.004682,17:40:40.92,-26:34:03.97,60239.13674,44.54,0.601,19.81,18.06,18.06,2,3.04,
KMT-2023-BLG-2596,BLG15M0203.020737,17:40:45.84,-26:25:58.91,60012.29273,26.3,0.379,20.03,20.0,20.29,2,2.87,
KMT-2023-BLG-2597,BLG15M0204.033087,17:40:47.54,-26:19:50.48,60213.60686,28.71,0.102,21.26,20.0,20.7,2,2.95,
KMT-2023-BLG-2598,BLG15M0206.015305,17:40:28.46,-25:59:39.26,60027.50938,15.32,0.518,19.73,20.0,20.09,2,2.89,
KMT-2023-BLG-2599,SSO15M0208.046689,17:40:22.88,-25:47:54.46,60206.52814,28.03,0.041,22.92,20.0,21.2,2,2.88,
KMT-2023-BLG-2600,BLG15M0304.014715,17:39:56.74,-26:15:31.25,60064.97663,14.45,0.406,20.95,19.67,19.67,2,2.39,
KMT-2023-BLG-2601,BLG15M0308.005336,17:39:56.14,-25:50:31.52,60114.38215,44.85,1.0,18.84,18.89,18.89,2,3.09,
KMT-2023-BLG-2602,BLG15M0401.064441,17:39:37.25,-26:42:46.94,60223.20567,27.68,0.086,21.94,20.0,21.65,2,3.05,
KMT-2023-BLG-2603,BLG15M0402.005630,17:39:45.62,-26:34:24.02,60240.8611,30.57,0.197,20.16,18.48,18.48,4,2.72,
KMT-2023-BLG-2604,SSO15M0405.004302,17:39:19.92,-26:12:54.43,60218.65186,11.88,0.554,17.79,17.83,17.83,2,2.6,
KMT-2023-BLG-2605,BLG15M0601.077290,17:38:26.77,-26:37:54.73,60007.57814,60.82,0.025,22.82,20.0,21.72,2,2.76,
KMT-2023-BLG-2606,BLG15M0802.019976,17:37:06.99,-26:30:54.32,59988.93352,53.25,0.042,20.94,20.0,20.66,2,3.14,
KMT-2023-BLG-2607,BLG15N0106.020619,17:41:05.87,-27:07:40.98,60238.45171,50.2,0.726,20.04,20.0,20.57,2,3.24,
KMT-2023-BLG-2608,BLG15N0202.042612,17:40:28.62,-27:42:20.88,59983.66978,56.43,0.82,19.96,20.0,21.1,2,3.38,
KMT-2023-BLG-2609,BLG15N0202.064223,17:40:53.60,-27:36:43.60,60011.30496,51.23,0.14,21.32,20.0,21.53,2,3.2,
KMT-2023-BLG-2610,BLG15N0205.028479,17:40:39.44,-27:15:35.60,60025.47502,3.24,0.004,20.85,20.0,20.64,2,3.26,
KMT-2023-BLG-2611,BLG15N0302.011135,17:40:11.13,-27:37:05.59,60235.58143,52.59,0.591,19.85,19.37,19.37,2,3.34,
KMT-2023-BLG-2612,BLG15N0303.048604,17:39:58.41,-27:34:46.31,60138.24148,4.35,0.011,22.27,20.0,21.03,2,2.94,
KMT-2023-BLG-2613,SSO15N0303.064167,17:39:56.10,-27:31:10.52,60202.35465,121.07,0.017,24.08,20.0,21.34,2,2.9,
KMT-2023-BLG-2614,BLG15N0304.031622,17:40:06.27,-27:26:36.89,60044.09767,16.94,0.022,22.44,20.0,20.5,2,2.94,
KMT-2023-BLG-2615,BLG15N0305.102778,17:40:16.95,-27:17:00.74,60230.72089,66.34,0.011,24.0,20.0,22.25,2,2.91,
KMT-2023-BLG-2616,BLG15N0308.027745,17:39:49.83,-26:51:53.93,60082.40363,20.86,0.275,21.44,20.0,21.22,2,3.57,
KMT-2023-BLG-2617,BLG15N0308.063975,17:40:07.02,-26:57:00.00,60050.07336,61.55,0.166,23.04,20.0,22.1,3,3.51,
KMT-2023-BLG-2618,BLG15N0406.068097,17:39:33.52,-27:07:33.56,60021.73703,4.28,0.137,21.19,20.0,21.15,2,2.88,
KMT-2023-BLG-2619,BLG15N0501.032603,17:38:44.81,-27:46:12.65,59989.32276,26.14,0.285,20.21,20.0,20.32,2,2.83,
KMT-2023-BLG-2620,BLG15N0502.001355,17:38:53.13,-27:37:55.63,60221.38378,2.97,0.9,17.3,16.78,16.78,2,2.79,
KMT-2023-BLG-2621,BLG15N0503.066389,17:39:14.81,-27:34:59.92,59999.59212,53.85,0.35,20.23,20.0,21.05,2,2.82,
KMT-2023-BLG-2622,BLG15N0505.008535,17:39:00.94,-27:18:35.75,59980.12255,11.27,0.82,18.58,18.58,18.58,2,2.46,
KMT-2023-BLG-2623,BLG15N0507.005532,17:38:57.95,-26:57:59.15,60228.1006,4.31,0.332,18.19,18.24,18.24,2,2.9,
KMT-2023-BLG-2624,SSO15N0507.061681,17:38:46.15,-27:03:39.92,60176.44291,24.08,0.06,23.01,20.0,21.33,3,3.19,
KMT-2023-BLG-2625,BLG15N0601.078163,17:38:15.59,-27:49:37.63,60223.93027,25.24,0.458,20.33,20.0,21.33,2,2.73,
KMT-2023-BLG-2626,BLG15N0602.026232,17:38:23.12,-27:42:04.82,60164.31839,19.8,0.196,21.85,20.0,20.34,2,2.69,
KMT-2023-BLG-2627,BLG15N0608.013846,17:38:33.66,-26:54:57.20,60034.37859,5.15,0.093,21.14,20.0,20.11,2,2.94,
KMT-2023-BLG-2628,BLG15N0608.034587,17:38:36.16,-26:52:38.60,60221.21128,37.36,0.179,21.29,20.0,21.04,2,3.15,
KMT-2023-BLG-2629,SSO15N0702.007022,17:38:02.45,-27:36:00.25,60213.86435,39.66,0.191,20.57,18.97,18.97,2,3.15,
KMT-2023-BLG-2630,BLG15N0801.036391,17:37:05.12,-27:44:00.74,60236.72767,16.13,0.081,21.04,20.0,21.08,2,3.57,
KMT-2023-BLG-2631,BLG15N0802.030581,17:37:05.42,-27:39:25.34,60221.22477,14.28,0.388,20.04,20.0,21.39,2,3.76,
KMT-2023-BLG-2632,BLG15T0103.010045,17:36:09.24,-27:28:34.93,60009.46492,64.5,0.375,19.4,19.48,19.48,2,2.86,
KMT-2023-BLG-2633,BLG15T0104.040685,17:36:17.80,-27:26:42.61,60157.27514,23.42,0.025,21.74,20.0,20.21,1,2.81,
KMT-2023-BLG-2634,BLG15T0303.042444,17:35:21.95,-27:29:58.49,60169.05453,15.67,0.022,22.72,20.0,20.69,2,2.39,
KMT-2023-BLG-2635,BLG15T0304.033322,17:35:29.95,-27:23:54.71,60226.30091,18.05,0.069,20.51,19.87,19.87,1,2.34,
KMT-2023-BLG-2636,BLG15T0305.022118,17:35:28.79,-27:20:14.50,59993.34814,53.73,0.479,20.42,19.36,19.36,1,2.28,
KMT-2023-BLG-2637,BLG15T0306.026734,17:35:23.23,-27:09:31.50,59979.88357,12.91,0.724,19.25,19.32,19.32,1,2.0,
KMT-2023-BLG-2638,BLG15T0406.056699,17:34:51.44,-27:11:37.00,59988.3806,29.85,0.412,20.89,20.0,20.28,1,2.19,
KMT-2023-BLG-2639,BLG15T0406.058278,17:34:30.51,-27:12:50.40,60042.62064,4.51,0.006,20.68,20.0,20.33,1,2.13,MB23114
KMT-2023-BLG-2640,BLG15T0408.021661,17:34:29.29,-26:53:22.49,60219.91082,50.98,0.239,19.7,19.72,19.72,1,2.51,
KMT-2023-BLG-2641,BLG15T0502.005177,17:34:11.47,-27:36:10.26,60035.64042,1.1,0.215,19.71,18.54,18.54,2,3.03,
KMT-2023-BLG-2642,BLG15T0601.002789,17:33:24.49,-27:45:04.86,60023.10518,20.88,0.75,19.83,17.7,17.7,2,2.78,
KMT-2023-BLG-2643,BLG15T0702.002710,17:32:55.92,-27:39:19.69,60000.53277,57.44,0.364,20.78,17.69,17.69,2,2.85,
KMT-2023-BLG-2644,BLG15T0802.018818,17:32:16.93,-27:37:08.33,59997.72993,17.93,0.303,19.94,20.0,20.28,2,2.5,
KMT-2023-BLG-2645,BLG15T0805.041457,17:32:18.06,-27:15:50.26,60039.03378,5.51,0.906,19.93,20.0,21.1,2,2.62,
KMT-2023-BLG-2646,BLG16M0105.041268,17:41:25.40,-24:02:54.49,60188.81489,16.67,0.096,20.29,20.0,20.16,1,2.05,
KMT-2023-BLG-2647,SSO16M0203.021091,17:40:50.51,-24:20:27.31,60162.66826,15.65,0.026,22.34,19.46,19.46,1,1.69,
KMT-2023-BLG-2648,BLG16M0308.058244,17:40:01.08,-23:40:41.63,60022.05003,124.91,0.707,19.86,20.0,21.23,2,1.67,
KMT-2023-BLG-2649,BLG16M0402.059069,17:39:38.35,-24:24:26.35,60020.06031,43.03,0.11,22.29,20.0,20.96,2,1.89,
KMT-2023-BLG-2650,BLG16M0404.006567,17:39:52.11,-24:12:56.45,60210.9788,9.0,0.464,18.49,18.56,18.56,2,1.74,
KMT-2023-BLG-2651,BLG16M0405.044679,17:39:34.15,-23:59:37.21,60194.37539,43.92,0.408,19.98,20.0,20.63,2,1.81,
KMT-2023-BLG-2652,BLG16M0801.089729,17:37:17.24,-24:32:20.29,59997.93971,199.93,0.089,19.97,20.0,25.0,3,2.19,OB230094
KMT-2023-BLG-2653,BLG16N0101.044590,17:41:06.07,-25:36:38.48,60047.1337,44.99,0.303,20.65,20.0,20.86,2,2.52,
KMT-2023-BLG-2654,BLG16N0101.065755,17:41:19.46,-25:38:40.99,60021.28733,27.93,0.199,21.25,20.0,21.48,3,2.55,
KMT-2023-BLG-2655,BLG16N0104.004913,17:41:08.80,-25:20:33.04,59995.29016,30.49,0.844,19.42,17.99,17.99,2,2.53,
KMT-2023-BLG-2656,BLG16N0204.001445,17:40:45.81,-25:18:49.68,60184.31374,65.22,0.82,19.01,16.66,16.66,2,2.58,
KMT-2023-BLG-2657,BLG16N0607.031107,17:38:43.05,-24:57:33.37,60228.50513,28.96,0.014,20.11,20.0,20.57,2,2.5,
KMT-2023-BLG-2658,SAO16N0707.003002,17:38:06.00,-24:51:04.61,60015.34488,44.65,0.207,19.44,17.83,17.83,2,2.24,OB230378
KMT-2023-BLG-2659,BLG16T0105.033680,17:36:42.82,-25:06:42.59,60003.52587,23.21,0.183,21.58,20.0,21.36,2,2.88,
KMT-2023-BLG-2660,BLG16T0305.019756,17:35:16.67,-25:12:20.88,60199.02036,51.23,0.444,21.02,20.0,21.31,2,3.65,
KMT-2023-BLG-2661,BLG17K0704.014486,17:40:30.49,-32:43:31.08,60009.56522,9.54,0.852,19.94,20.0,20.64,2,4.66,
KMT-2023-BLG-2662,SSO17K0706.004644,17:40:34.95,-32:27:55.37,60216.90161,49.54,0.801,19.49,19.52,19.52,2,4.93,
KMT-2023-BLG-2663,BLG17K0801.005541,17:39:50.47,-33:07:33.10,60214.0328,16.76,0.73,18.45,18.51,18.51,2,3.35,
KMT-2023-BLG-2664,BLG17K0801.007608,17:39:59.18,-33:07:53.72,60045.37543,14.44,0.998,19.04,18.91,18.91,2,3.35,
KMT-2023-BLG-2665,BLG17M0101.067928,17:49:20.93,-33:09:04.79,60229.53,5.32,0.002,20.08,20.0,20.81,1,1.95,
KMT-2023-BLG-2666,BLG17M0105.002122,17:49:27.37,-32:34:35.98,60158.05599,75.65,0.958,18.06,17.56,17.56,2,2.64,
KMT-2023-BLG-2667,SSO17M0408.004844,17:47:41.75,-32:14:57.44,60232.01511,10.28,0.306,19.98,20.0,20.29,2,5.21,
KMT-2023-BLG-2668,BLG17M0601.021623,17:46:22.53,-33:06:24.41,60029.15635,4.14,0.177,19.95,20.0,20.32,2,2.72,
KMT-2023-BLG-2669,SAO17M0803.004470,17:44:59.43,-32:49:30.65,60137.69298,0.61,0.281,18.51,18.52,18.52,2,3.77,
KMT-2023-BLG-2670,BLG17N0102.030362,17:49:20.46,-34:06:33.80,60131.54582,12.89,0.516,19.78,19.44,19.44,1,1.55,
KMT-2023-BLG-2671,BLG17N0302.039534,17:48:11.77,-34:07:05.48,60234.41246,25.93,0.157,20.35,19.7,19.7,1,1.54,
KMT-2023-BLG-2672,SAO17N0501.014358,17:46:59.40,-34:15:51.80,60081.81747,18.15,0.868,19.5,18.7,18.7,1,1.53,
KMT-2023-BLG-2673,BLG17N0603.039087,17:46:30.14,-33:58:22.69,60202.99452,49.83,0.406,20.31,19.51,19.51,1,1.41,
KMT-2023-BLG-2674,SSO17N0605.052595,17:46:25.29,-33:44:43.30,60233.46596,12.93,0.108,19.99,20.0,20.21,1,1.84,
KMT-2023-BLG-2675,BLG17N0607.023220,17:46:32.60,-33:33:18.40,60216.92487,22.87,0.049,21.01,19.9,19.9,1,2.34,
KMT-2023-BLG-2676,SAO17N0706.018980,17:45:25.03,-33:36:32.40,60208.76082,15.91,0.017,20.73,18.73,18.73,1,1.75,
KMT-2023-BLG-2677,BLG17T0101.076414,17:44:17.99,-34:16:08.62,60225.58393,21.28,0.105,21.08,20.0,20.73,1,1.64,
KMT-2023-BLG-2678,BLG17T0301.010659,17:43:06.34,-34:14:21.98,60226.28568,43.6,0.062,19.94,18.61,18.61,1,2.05,
KMT-2023-BLG-2679,BLG17T0304.021081,17:43:02.49,-33:49:49.62,59993.59294,72.63,0.142,20.0,20.0,20.13,2,2.53,
KMT-2023-BLG-2680,BLG17T0304.065745,17:43:12.53,-33:51:06.34,60226.04777,144.13,0.009,23.96,20.0,21.73,2,3.05,
KMT-2023-BLG-2681,SSO17T0306.004823,17:43:17.03,-33:34:12.18,60215.77697,28.54,0.387,20.78,18.42,18.42,2,3.27,
KMT-2023-BLG-2682,BLG17T0402.056082,17:42:07.18,-34:10:31.40,60144.00915,26.78,0.311,20.37,20.0,20.59,2,2.09,
KMT-2023-BLG-2683,BLG17T0405.003161,17:42:12.07,-33:41:52.76,59998.88283,67.72,0.241,20.74,17.84,17.84,2,2.81,
KMT-2023-BLG-2684,BLG17T0501.069592,17:41:46.45,-34:17:22.45,59999.01794,108.08,0.079,21.96,20.0,21.01,2,2.03,
KMT-2023-BLG-2685,SSO17T0601.037783,17:41:05.51,-34:16:21.76,60201.84973,167.18,0.032,24.43,20.0,20.24,2,2.0,
KMT-2023-BLG-2686,BLG17T0606.101648,17:41:12.70,-33:34:27.80,60007.02625,17.6,0.197,21.28,20.0,25.0,3,2.78,
KMT-2023-BLG-2687,BLG17T0703.002707,17:40:49.37,-34:02:03.01,59993.99139,10.9,0.376,17.58,17.58,17.58,2,2.82,OB230085
KMT-2023-BLG-2688,SSO17T0805.035238,17:40:07.01,-33:47:45.89,60225.89386,148.55,0.026,23.4,20.0,21.14,2,3.1,
KMT-2023-BLG-2689,BLG18K0101.023339,17:45:22.29,-26:36:55.15,60059.70705,9.05,0.689,21.01,20.0,20.3,3,2.97,
KMT-2023-BLG-2690,SAO18K0203.019376,17:45:13.10,-26:19:24.53,60071.247,30.71,0.653,19.92,20.0,20.43,2,3.3,
KMT-2023-BLG-2691,BLG18K0307.015226,17:44:12.51,-25:54:45.29,60237.93723,37.25,0.014,20.1,20.0,20.02,2,2.95,
KMT-2023-BLG-2692,BLG18K0308.020789,17:44:38.06,-25:48:25.67,59992.19476,27.68,0.393,20.27,20.0,20.41,2,3.25,
KMT-2023-BLG-2693,BLG18K0405.037375,17:43:41.65,-26:08:39.77,60161.44514,10.76,0.008,22.72,20.0,20.68,2,2.87,
KMT-2023-BLG-2694,BLG18K0603.036018,17:42:42.52,-26:22:32.95,60221.83744,58.38,0.139,21.41,20.0,20.52,2,2.97,
KMT-2023-BLG-2695,SAO18K0701.028180,17:42:11.40,-26:39:38.66,60000.10169,23.99,0.008,21.61,20.0,20.96,2,3.68,
KMT-2023-BLG-2696,BLG18K0701.040623,17:42:11.63,-26:35:40.20,60043.25573,2.1,0.033,19.81,20.0,21.31,2,3.37,
KMT-2023-BLG-2697,BLG18K0702.001221,17:42:06.30,-26:33:48.49,59999.88692,89.27,0.565,17.21,16.94,16.94,2,3.3,
KMT-2023-BLG-2698,BLG18K0705.022773,17:42:04.20,-26:04:44.15,60004.80587,34.34,0.292,21.61,20.0,20.49,2,2.97,
KMT-2023-BLG-2699,BLG18K0705.038768,17:42:09.65,-26:05:43.48,60141.54365,1.05,0.092,22.91,20.0,21.0,2,3.0,
KMT-2023-BLG-2700,BLG18K0807.009316,17:41:37.86,-25:56:20.98,59999.91273,34.99,0.479,19.28,19.32,19.32,2,2.78,OB230077
KMT-2023-BLG-2701,BLG18M0107.001218,17:50:16.96,-25:53:18.64,60031.55824,112.72,0.98,18.58,18.54,18.54,2,6.33,
KMT-2023-BLG-2702,BLG18M0302.008252,17:49:23.04,-26:29:53.66,60172.82335,4.49,0.435,20.39,20.0,21.05,2,6.18,
KMT-2023-BLG-2703,BLG18M0804.023926,17:46:21.94,-26:15:42.84,60015.85822,73.66,0.706,19.9,20.0,20.66,2,3.71,
KMT-2023-BLG-2704,SAO18M0804.027417,17:46:11.73,-26:14:40.45,60101.64139,10.3,0.04,21.58,20.0,20.82,3,3.38,
KMT-2023-BLG-2705,BLG18N0806.003648,17:46:18.11,-27:06:53.39,60003.07433,56.46,0.804,19.16,19.2,19.2,4,5.42,
KMT-2023-BLG-2706,BLG18T0107.012999,17:45:36.46,-26:59:07.48,60227.17178,55.12,0.582,19.74,19.97,19.97,2,4.04,
KMT-2023-BLG-2707,BLG18T0108.072257,17:45:36.29,-26:52:09.01,60216.16654,52.03,0.038,22.91,20.0,21.89,2,3.49,
KMT-2023-BLG-2708,BLG18T0206.001281,17:45:12.30,-27:09:55.26,60171.47353,6.46,0.047,21.83,17.33,17.33,2,4.25,
KMT-2023-BLG-2709,SAO18T0308.057306,17:44:31.45,-26:51:19.58,60227.92426,76.37,0.011,20.09,20.0,21.48,3,3.29,
KMT-2023-BLG-2710,BLG18T0404.041369,17:43:52.63,-27:24:16.42,60053.05304,16.16,0.201,22.29,20.0,21.43,2,3.63,
KMT-2023-BLG-2711,SSO18T0408.079422,17:44:01.04,-26:52:35.33,60202.73825,39.72,0.18,21.63,20.0,21.77,2,3.09,
KMT-2023-BLG-2712,BLG18T0506.003786,17:43:16.81,-27:06:26.24,60217.10509,14.24,0.071,22.13,18.31,18.31,2,3.64,
KMT-2023-BLG-2713,BLG18T0605.012682,17:42:37.22,-27:11:23.68,59984.13585,58.59,0.174,21.35,19.88,19.88,2,3.96,
KMT-2023-BLG-2714,BLG18T0801.067519,17:41:33.45,-27:40:44.69,60031.49562,24.63,0.003,22.62,20.0,21.78,2,3.44,
KMT-2023-BLG-2715,BLG18T0802.040443,17:41:36.07,-27:37:25.18,59998.63186,43.65,0.278,20.91,20.0,20.84,2,3.28,
KMT-2023-BLG-2716,BLG19K0105.025310,17:45:45.85,-24:00:48.49,60179.8124,27.42,0.302,20.75,19.19,19.19,1,1.8,
KMT-2023-BLG-2717,BLG19K0105.054592,17:45:38.03,-24:02:50.39,60015.72024,17.19,0.312,20.51,20.0,20.08,1,1.86,
KMT-2023-BLG-2718,SAO19K0107.049965,17:45:46.50,-23:50:26.02,60068.72608,168.95,0.005,26.37,19.85,19.85,1,1.61,
KMT-2023-BLG-2719,BLG19K0301.054521,17:44:13.34,-24:34:45.34,60004.14153,16.88,0.126,20.04,20.0,20.91,2,2.35,
KMT-2023-BLG-2720,BLG19K0408.029411,17:43:54.71,-23:37:04.01,59976.20464,61.33,0.083,20.49,19.4,19.4,1,1.66,
KMT-2023-BLG-2721,BLG19K0504.018744,17:43:20.84,-24:11:41.39,60019.87446,54.62,0.494,20.04,18.94,18.94,1,1.77,
KMT-2023-BLG-2722,BLG19K0606.003950,17:42:35.11,-23:54:04.21,60236.41472,60.01,0.399,19.15,17.25,17.25,1,1.73,
KMT-2023-BLG-2723,BLG19M0204.015673,17:49:28.92,-24:12:00.50,60054.76,6.39,0.29,20.48,19.79,19.79,4,2.52,
KMT-2023-BLG-2724,BLG19M0205.044473,17:49:31.33,-24:03:21.60,60019.9716,47.57,0.204,21.67,20.0,20.97,2,2.5,
KMT-2023-BLG-2725,BLG19M0302.011190,17:49:21.08,-24:27:17.53,60019.43332,28.13,0.907,19.57,19.66,19.66,2,3.26,
KMT-2023-BLG-2726,BLG19M0308.095716,17:49:11.44,-23:36:45.47,60113.5981,3.29,0.905,20.01,20.0,25.0,3,1.9,
KMT-2023-BLG-2727,BLG19M0605.040380,17:47:46.51,-24:04:30.76,60032.98166,22.95,0.131,20.6,20.0,20.74,2,2.39,OB230237
KMT-2023-BLG-2728,BLG19M0706.007113,17:46:52.37,-23:57:27.22,60102.7868,40.91,0.319,19.04,18.28,18.28,1,2.35,OB230597
KMT-2023-BLG-2729,BLG19M0706.007350,17:46:49.38,-23:56:22.20,60208.89822,29.93,0.999,18.88,18.33,18.33,1,2.35,
KMT-2023-BLG-2730,BLG19N0107.011761,17:50:13.72,-24:54:05.11,60229.00888,16.89,0.28,20.03,20.0,20.57,2,4.4,
KMT-2023-BLG-2731,BLG19N0401.001658,17:48:40.05,-25:37:50.30,60056.37005,52.26,0.908,19.66,19.28,19.28,2,5.95,
KMT-2023-BLG-2732,BLG19N0605.003652,17:47:20.27,-25:13:30.29,60236.34513,37.49,0.908,18.83,18.86,18.86,2,4.0,
KMT-2023-BLG-2733,BLG19N0608.012555,17:47:44.83,-24:49:21.43,60228.45229,37.4,0.681,19.83,20.0,20.26,2,3.84,
KMT-2023-BLG-2734,SSO19N0708.011406,17:46:50.03,-24:43:24.10,60218.53166,13.39,0.078,20.88,19.96,19.96,2,2.98,
KMT-2023-BLG-2735,SAO19N0801.008927,17:46:27.28,-25:39:16.38,60222.6961,13.48,0.538,18.93,18.68,18.68,2,2.42,
KMT-2023-BLG-2736,BLG19N0804.034385,17:46:18.91,-25:18:20.70,60214.48694,13.84,0.126,20.59,20.0,21.0,2,3.0,
KMT-2023-BLG-2737,BLG19T0103.019315,17:45:46.30,-25:28:40.87,59990.79887,147.51,0.006,22.09,20.0,20.41,2,3.04,
KMT-2023-BLG-2738,BLG19T0201.009752,17:45:05.00,-25:40:29.06,60036.64851,60.2,0.965,19.54,19.47,19.47,2,3.06,
KMT-2023-BLG-2739,BLG19T0203.014159,17:45:02.34,-25:21:39.06,60035.81028,3.33,0.106,21.71,19.94,19.94,2,2.9,
KMT-2023-BLG-2740,BLG19T0203.030165,17:44:58.77,-25:25:31.19,60217.08167,199.76,0.006,22.8,20.0,20.71,2,3.27,
KMT-2023-BLG-2741,BLG19T0208.047857,17:45:01.73,-24:46:35.65,60245.58314,73.74,0.003,21.03,20.0,21.05,2,2.71,
KMT-2023-BLG-2742,BLG19T0301.009532,17:44:39.62,-25:39:06.88,60210.91922,49.33,0.181,21.27,19.32,19.32,2,2.82,
KMT-2023-BLG-2743,BLG19T0301.078643,17:44:31.73,-25:39:05.11,60215.45152,32.77,0.147,20.76,20.0,21.84,2,2.9,
KMT-2023-BLG-2744,SSO19T0502.038812,17:43:37.62,-25:31:11.28,60201.61978,25.17,0.069,22.71,20.0,20.82,2,2.75,
KMT-2023-BLG-2745,BLG19T0503.033076,17:43:32.70,-25:22:17.69,60109.09319,17.28,0.797,19.99,20.0,20.72,2,2.79,
KMT-2023-BLG-2746,BLG19T0503.040103,17:43:07.21,-25:26:30.95,60207.41592,26.36,0.06,21.26,20.0,20.91,2,2.94,
KMT-2023-BLG-2747,SSO19T0507.059164,17:43:08.83,-24:54:38.88,60001.02906,18.81,0.029,20.76,20.0,21.47,2,3.0,
KMT-2023-BLG-2748,BLG19T0705.048180,17:42:31.19,-25:05:57.30,60106.08847,28.62,0.567,20.05,20.0,20.45,1,2.42,
KMT-2023-BLG-2749,BLG19T0707.038248,17:42:17.59,-24:54:35.39,59998.29294,40.4,0.183,20.97,19.9,19.9,1,2.13,
KMT-2023-BLG-2750,BLG19T0801.014654,17:41:50.44,-25:41:58.96,59999.98349,31.74,0.124,19.8,19.55,19.55,2,2.51,OB230079
KMT-2023-BLG-2751,SAO20M0402.032820,17:48:20.81,-22:18:20.30,59999.09059,28.24,0.1,20.86,19.89,19.89,1,1.82,
KMT-2023-BLG-2752,BLG20M0702.003535,17:46:52.93,-22:14:07.69,60237.38173,23.96,0.999,17.53,17.27,17.27,1,1.95,
KMT-2023-BLG-2753,BLG20N0107.037161,17:50:11.22,-22:49:53.69,60026.47423,23.64,0.285,21.12,20.0,20.05,1,2.2,
KMT-2023-BLG-2754,BLG20N0204.029897,17:49:51.37,-23:10:38.60,60219.197,45.7,0.395,20.19,19.66,19.66,1,1.98,
KMT-2023-BLG-2755,BLG20N0204.042465,17:49:45.74,-23:06:08.71,60032.57589,49.35,0.153,22.03,20.0,20.08,1,2.15,
KMT-2023-BLG-2756,BLG20N0207.007002,17:49:30.99,-22:43:18.80,60179.78385,67.89,0.028,21.97,18.2,18.2,1,1.89,OB231208
KMT-2023-BLG-2757,SSO20N0306.007940,17:49:08.04,-22:50:49.20,60122.11961,1.18,0.309,18.7,18.21,18.21,1,1.97,
KMT-2023-BLG-2758,SSO20N0307.042499,17:49:03.57,-22:45:16.31,60219.04227,38.59,0.405,19.49,19.99,19.99,1,1.95,
KMT-2023-BLG-2759,SSO20N0407.001381,17:48:48.36,-22:47:16.19,60236.27165,7.04,0.896,16.28,15.94,15.94,1,1.94,
KMT-2023-BLG-2760,BLG20N0506.007706,17:48:16.95,-22:57:36.29,60223.93265,94.4,0.687,19.5,18.04,18.04,1,1.85,
KMT-2023-BLG-2761,SSO20N0806.005689,17:46:34.11,-22:58:32.41,60235.65013,15.89,0.244,19.31,17.6,17.6,1,1.43,
KMT-2023-BLG-2762,BLG20N0807.050442,17:46:18.47,-22:43:46.70,60045.68702,56.75,0.349,21.08,20.0,20.1,1,1.73,
KMT-2023-BLG-2763,BLG20T0103.060301,17:45:31.06,-23:16:09.41,60021.57873,39.07,0.11,21.33,20.0,20.26,1,1.62,
KMT-2023-BLG-2764,SSO20T0205.006461,17:45:13.76,-22:59:41.10,60228.8446,30.33,0.498,18.33,18.3,18.3,1,1.64,
KMT-2023-BLG-2765,BLG20T0702.024917,17:42:21.63,-23:22:33.02,60021.19636,33.36,0.528,19.64,19.67,19.67,2,1.87,OB230243
KMT-2023-BLG-2766,BLG21K0601.059764,17:50:41.26,-35:11:53.30,60014.7045,35.93,0.577,20.25,20.0,20.06,1,0.82,
KMT-2023-BLG-2767,BLG21K0806.022384,17:49:25.76,-34:34:48.61,60034.26932,23.58,0.025,20.98,18.94,18.94,1,1.07,MB23089
KMT-2023-BLG-2768,BLG21M0404.055341,17:57:20.29,-34:50:40.81,60077.66704,110.01,0.431,19.9,20.0,20.33,1,0.79,
KMT-2023-BLG-2769,BLG21N0108.007490,17:59:29.67,-35:27:55.66,60001.08295,26.88,0.27,18.63,18.43,18.43,4,0.58,OB230100
KMT-2023-BLG-2770,BLG21N0602.004187,17:55:54.58,-36:15:07.42,59994.42741,35.69,0.128,20.86,18.0,18.0,1,0.98,
KMT-2023-BLG-2771,BLG21T0201.002482,17:53:34.16,-36:20:42.50,60234.48617,19.88,0.9,18.12,17.05,17.05,1,0.63,
KMT-2023-BLG-2772,BLG21T0204.048712,17:53:11.42,-35:58:39.50,60042.05014,124.4,0.341,20.17,20.0,20.15,1,0.64,
KMT-2023-BLG-2773,BLG21T0205.047026,17:53:20.69,-35:55:18.41,60010.39019,175.87,0.06,21.58,19.92,19.92,1,0.64,OB230154
KMT-2023-BLG-2774,BLG21T0305.005835,17:52:33.42,-35:53:49.09,60023.21719,157.0,0.391,19.68,17.68,17.68,1,0.62,
KMT-2023-BLG-2775,SSO21T0403.012626,17:52:21.22,-36:08:49.99,60230.79401,56.77,0.178,20.71,18.61,18.61,1,0.78,OB231300
KMT-2023-BLG-2776,SAO22K0101.043588,17:54:02.17,-33:06:07.60,60102.72076,16.19,0.037,21.7,19.69,19.69,1,1.41,
KMT-2023-BLG-2777,BLG22K0102.049737,17:53:58.30,-33:04:05.59,60179.73546,3.67,0.29,19.8,19.74,19.74,1,1.41,
KMT-2023-BLG-2778,BLG22K0105.011810,17:53:54.65,-32:38:48.52,60002.47393,54.3,0.661,19.38,18.29,18.29,1,1.31,
KMT-2023-BLG-2779,BLG22K0105.056724,17:53:48.14,-32:37:21.50,60203.43878,20.14,0.118,21.69,19.82,19.82,1,1.34,
KMT-2023-BLG-2780,BLG22K0205.014590,17:53:29.84,-32:41:17.30,60233.44293,25.89,0.11,20.35,18.7,18.7,1,1.77,
KMT-2023-BLG-2781,BLG22K0306.084713,17:52:31.04,-32:31:44.40,60196.57936,51.43,0.61,20.05,20.0,20.43,1,1.4,
KMT-2023-BLG-2782,SSO22K0407.069504,17:52:10.29,-32:23:33.22,60230.85833,47.17,0.041,20.76,20.0,20.64,1,1.95,MB23465
KMT-2023-BLG-2783,SSO22K0506.078366,17:51:17.75,-32:29:13.20,60218.63099,141.37,0.026,22.16,20.0,21.11,1,2.66,
KMT-2023-BLG-2784,SSO22K0705.061011,17:50:34.66,-32:37:21.29,60205.43816,42.61,0.596,20.5,20.0,21.39,2,2.35,
KMT-2023-BLG-2785,BLG22M0304.047252,17:57:58.59,-32:48:34.99,60012.7888,23.36,0.653,19.89,19.86,19.86,1,1.35,
KMT-2023-BLG-2786,SAO22M0502.003073,17:56:54.19,-32:58:39.68,59996.97046,23.93,0.054,19.43,16.56,16.56,1,1.28,MB23002 MB23011 OB230023
KMT-2023-BLG-2787,BLG22N0203.038114,17:58:27.35,-34:01:35.40,60090.62073,96.14,0.101,22.35,19.61,19.61,1,0.92,
KMT-2023-BLG-2788,BLG22N0301.039947,17:57:51.56,-34:17:41.39,59992.79229,34.58,0.208,20.84,19.57,19.57,1,0.77,
KMT-2023-BLG-2789,BLG22N0306.036509,17:57:49.80,-33:39:46.01,60042.12701,33.06,0.64,20.38,19.5,19.5,1,0.95,
KMT-2023-BLG-2790,SSO22N0408.028975,17:57:01.85,-33:18:16.70,60231.23128,25.69,0.024,19.75,19.25,19.25,1,1.11,MB23466
KMT-2023-BLG-2791,BLG22N0501.047485,17:56:54.98,-34:13:03.00,60220.21292,39.98,0.692,19.81,19.73,19.73,1,0.86,
KMT-2023-BLG-2792,BLG22N0601.020020,17:55:51.97,-34:15:42.98,60018.34751,35.94,0.102,21.09,18.76,18.76,1,0.85,
KMT-2023-BLG-2793,BLG22N0605.002811,17:55:58.39,-33:46:36.19,60021.4544,71.07,0.917,18.34,16.57,16.57,1,1.04,
KMT-2023-BLG-2794,SSO22N0705.004701,17:55:43.64,-33:43:23.02,60031.15111,33.54,0.963,17.43,17.39,17.39,1,1.08,OB230025
KMT-2023-BLG-2795,SSO22N0706.031211,17:55:40.40,-33:41:00.89,60231.25046,22.89,0.274,19.52,19.31,19.31,1,1.13,
KMT-2023-BLG-2796,BLG22N0804.014486,17:54:47.45,-33:52:46.49,60209.10011,11.07,0.101,19.29,18.61,18.61,1,1.13,
KMT-2023-BLG-2797,BLG22N0805.015518,17:54:53.29,-33:43:58.19,60013.82656,16.67,0.477,19.97,18.71,18.71,1,1.25,
KMT-2023-BLG-2798,BLG22T0501.026980,17:51:31.70,-34:14:41.32,60231.85261,19.25,0.078,19.62,19.67,19.67,2,1.27,
KMT-2023-BLG-2799,BLG22T0607.079113,17:50:59.72,-33:28:12.40,60216.71178,34.5,0.011,20.47,20.0,25.0,3,1.56,MB23441 OB231297
KMT-2023-BLG-2800,BLG22T0708.052672,17:50:35.30,-33:18:42.66,60114.67961,139.62,0.003,23.85,20.0,20.59,2,1.72,OB230814
KMT-2023-BLG-2801,BLG31K0303.036003,18:12:05.61,-25:26:22.42,60042.74415,61.63,0.014,23.37,19.89,19.89,1,1.55,
KMT-2023-BLG-2802,BLG31K0401.009566,18:11:20.29,-25:42:11.09,60000.91602,49.04,0.377,19.53,18.12,18.12,1,1.25,OB230056
KMT-2023-BLG-2803,SSO31M0201.004382,18:17:24.76,-25:39:17.78,60240.39897,53.83,0.285,19.4,17.42,17.42,1,0.9,
KMT-2023-BLG-2804,BLG31M0506.002260,18:15:45.57,-25:01:33.10,60006.01425,37.77,0.443,19.24,16.49,16.49,1,1.11,MB23025 OB230053
KMT-2023-BLG-2805,SSO31M0806.019173,18:13:59.45,-25:01:54.98,60231.4523,16.84,0.054,19.28,19.06,19.06,1,1.38,MB23464
KMT-2023-BLG-2806,BLG31N0104.019835,18:17:38.11,-26:29:26.20,60209.1608,7.2,0.096,20.92,18.88,18.88,1,0.82,
KMT-2023-BLG-2807,BLG31N0404.004498,18:16:11.31,-26:26:46.28,60014.01411,81.99,0.445,19.9,17.33,17.33,1,0.83,
KMT-2023-BLG-2808,BLG31N0407.018963,18:15:55.77,-26:07:32.30,60227.26776,7.51,0.167,21.17,18.61,18.61,1,0.89,
KMT-2023-BLG-2809,BLG31N0604.031676,18:15:01.75,-26:30:07.88,60010.07134,22.91,0.026,20.98,19.22,19.22,1,0.83,
KMT-2023-BLG-2810,SAO31N0706.013577,18:14:31.71,-26:09:00.22,60045.1701,12.32,0.385,19.03,18.56,18.56,1,0.99,OB230292
KMT-2023-BLG-2811,BLG31T0303.028555,18:12:09.20,-26:37:14.70,60222.67838,13.65,0.18,20.51,19.0,19.0,1,1.01,
KMT-2023-BLG-2812,BLG31T0303.074105,18:11:55.35,-26:37:32.45,60000.39479,16.67,0.527,19.8,20.0,20.95,2,1.0,
KMT-2023-BLG-2813,BLG31T0403.012365,18:11:20.75,-26:35:31.81,60227.81113,55.47,0.25,20.17,18.22,18.22,1,1.04,
KMT-2023-BLG-2814,BLG31T0408.072385,18:11:14.02,-25:53:37.39,60041.74061,35.44,0.005,21.83,20.0,20.4,1,1.11,MB23113
KMT-2023-BLG-2815,SSO31T0505.003982,18:10:40.33,-26:22:54.01,60229.28778,20.67,0.285,19.37,16.9,16.9,1,1.21,
KMT-2023-BLG-2816,SAO31T0505.018039,18:11:06.44,-26:21:17.89,60072.19884,35.12,0.401,19.43,18.62,18.62,1,1.25,OB230492
KMT-2023-BLG-2817,SSO31T0508.036587,18:10:37.15,-25:57:56.92,60203.17307,22.7,0.081,21.04,19.2,19.2,1,1.11,
KMT-2023-BLG-2818,BLG31T0806.050697,18:09:07.01,-26:13:37.20,60000.21647,19.13,0.36,19.61,19.85,19.85,1,1.46,MB23029 OB230041
KMT-2023-BLG-2819,BLG32K0305.067379,18:09:34.72,-27:21:17.39,60204.01323,105.99,0.545,19.93,20.0,20.14,1,0.92,
KMT-2023-BLG-2820,BLG32K0707.009577,18:07:15.30,-27:03:03.89,60002.28634,43.06,0.169,20.8,17.79,17.79,1,0.95,
KMT-2023-BLG-2821,SSO32K0802.000301,18:06:52.84,-27:39:03.71,60001.05577,52.17,0.635,15.91,13.9,13.9,1,0.92,OB230134
KMT-2023-BLG-2822,BLG32K0803.006190,18:06:56.00,-27:31:13.91,60180.44667,6.98,0.676,18.72,17.36,17.36,1,1.02,
KMT-2023-BLG-2823,BLG32M0504.027449,18:13:23.57,-27:27:07.60,60007.87675,49.86,0.793,19.04,18.75,18.75,1,0.47,
KMT-2023-BLG-2824,BLG32M0508.005113,18:13:31.35,-26:53:46.79,59990.8902,71.03,0.41,17.37,17.38,17.38,1,0.81,MB23007 OB230048
KMT-2023-BLG-2825,SSO32M0701.001503,18:12:02.25,-27:46:55.99,60236.09077,130.14,0.145,18.71,15.31,15.31,1,0.62,OB231305
KMT-2023-BLG-2826,BLG32N0104.004893,18:15:28.97,-28:30:23.62,60192.95154,51.25,0.401,19.23,17.43,17.43,1,0.53,OB231258
KMT-2023-BLG-2827,BLG32N0206.012906,18:15:16.34,-28:17:39.19,60022.48825,47.14,0.797,18.47,18.19,18.19,1,0.53,
KMT-2023-BLG-2828,BLG32N0207.058798,18:14:59.83,-28:13:34.10,60015.56594,12.7,0.319,20.01,20.0,20.12,1,0.5,
KMT-2023-BLG-2829,BLG32N0303.061584,18:14:40.62,-28:44:22.42,60176.99746,146.34,0.487,20.02,20.0,20.48,1,0.51,
KMT-2023-BLG-2830,BLG32N0306.028838,18:14:19.84,-28:21:03.89,60175.01567,65.95,0.022,22.76,18.9,18.9,1,0.47,
KMT-2023-BLG-2831,BLG32N0403.022882,18:14:12.02,-28:42:38.41,60219.66073,62.43,0.317,20.13,18.64,18.64,1,0.5,
KMT-2023-BLG-2832,BLG32N0404.007444,18:13:56.34,-28:33:58.50,60225.26098,51.56,0.401,20.06,17.62,17.62,1,0.44,
KMT-2023-BLG-2833,BLG32T0305.007046,18:09:36.74,-28:23:58.31,60220.51834,24.72,0.7,18.9,17.85,17.85,1,1.18,
KMT-2023-BLG-2834,SSO32T0403.000877,18:08:54.65,-28:41:01.10,60236.85391,27.74,1.0,15.89,14.9,14.9,1,0.81,MB23471
KMT-2023-BLG-2835,BLG32T0407.038656,18:09:06.09,-28:09:28.58,60062.53437,46.03,0.39,20.56,19.29,19.29,1,0.85,
KMT-2023-BLG-2836,BLG33K0302.022585,18:11:35.73,-29:46:18.30,60206.18166,22.26,0.013,23.08,18.82,18.82,1,0.57,
KMT-2023-BLG-2837,BLG33K0303.016668,18:11:46.09,-29:37:45.91,60222.29688,10.11,0.347,18.47,18.51,18.51,1,0.61,MB23448
KMT-2023-BLG-2838,BLG33K0501.017932,18:10:36.39,-29:56:31.88,60010.81569,55.96,0.23,20.48,18.68,18.68,1,0.64,OB230043
KMT-2023-BLG-2839,BLG33K0801.028884,18:08:38.64,-29:55:33.49,60215.56213,34.84,0.189,18.87,19.03,19.03,1,0.73,MB23437 OB231289
KMT-2023-BLG-2840,BLG33K0804.019631,18:08:43.68,-29:33:08.60,60182.59522,32.24,0.019,22.07,18.68,18.68,1,0.89,
KMT-2023-BLG-2841,BLG33M0305.019173,18:16:50.00,-29:22:34.79,60190.75104,50.39,0.106,20.37,19.09,19.09,2,0.45,OB231223
KMT-2023-BLG-2842,SSO33N0202.000015,18:17:08.49,-30:58:41.74,60203.49202,91.71,0.677,15.44,13.34,13.34,4,0.34,
KMT-2023-BLG-2843,BLG33N0306.024905,18:16:48.10,-30:25:01.24,60063.1913,25.14,0.562,19.99,20.0,20.87,2,0.47,
KMT-2023-BLG-2844,BLG33N0808.000184,18:13:55.42,-30:10:01.13,60237.02963,5.8,1.0,14.09,14.07,14.07,2,0.62,
KMT-2023-BLG-2845,SSO33T0207.046560,18:12:31.08,-30:20:38.90,60201.50381,16.94,0.099,22.35,20.0,20.04,1,0.54,
KMT-2023-BLG-2846,SAO33T0308.018035,18:11:39.76,-30:10:26.90,60161.41998,3.86,0.059,19.23,18.75,18.75,1,0.5,
KMT-2023-BLG-2847,BLG33T0507.006091,18:10:16.21,-30:20:16.91,60212.47219,53.92,0.083,21.64,17.83,17.83,1,0.81,
KMT-2023-BLG-2848,BLG33T0508.041919,18:10:38.76,-30:07:21.29,60025.61681,82.74,0.44,19.95,19.84,19.84,1,0.76,
KMT-2023-BLG-2849,BLG33T0704.027820,18:09:16.97,-30:36:47.02,60031.48861,127.84,0.308,19.41,19.23,19.23,1,0.69,OB230136
KMT-2023-BLG-2850,SSO33T0805.007104,18:08:53.23,-30:35:42.61,60007.5419,62.86,0.029,19.72,17.95,17.95,1,0.64,MB23004
KMT-2023-BLG-2851,BLG34K0108.035048,18:03:41.57,-31:13:08.69,60210.45356,47.13,0.095,20.93,19.65,19.65,1,1.47,
KMT-2023-BLG-2852,BLG34K0205.003343,18:03:00.28,-31:35:24.61,60230.21587,57.79,0.934,17.39,16.74,16.74,1,0.94,MB23490 MB23492 OB231180
KMT-2023-BLG-2853,BLG34K0306.016733,18:02:23.43,-31:23:08.99,60206.40671,7.06,0.132,19.26,18.76,18.76,1,1.19,
KMT-2023-BLG-2854,BLG34K0806.037178,17:59:21.42,-31:27:20.02,60184.32236,37.1,0.876,19.57,19.63,19.63,1,1.61,
KMT-2023-BLG-2855,BLG34M0804.001384,18:04:14.25,-31:42:37.30,60239.99735,26.57,0.805,16.34,15.62,15.62,1,0.92,MB23436
KMT-2023-BLG-2856,BLG34T0403.014952,18:01:31.21,-32:54:43.99,60052.98285,42.7,0.19,21.36,18.83,18.83,1,1.07,
KMT-2023-BLG-2857,BLG34T0604.019635,18:00:36.08,-32:43:30.00,60002.19071,20.31,0.828,18.78,18.84,18.84,1,1.04,
KMT-2023-BLG-2858,BLG35K0602.008643,18:01:16.28,-25:37:52.50,60229.20304,51.65,0.391,20.62,20.0,20.54,2,4.64,
KMT-2023-BLG-2859,BLG35M0107.004922,18:08:40.83,-24:54:02.95,60216.06528,40.41,0.091,20.89,17.72,17.72,4,2.5,
KMT-2023-BLG-2860,BLG35M0304.057048,18:07:50.68,-25:18:15.08,60244.54785,52.91,0.089,20.42,20.0,20.3,1,1.66,MB23486
KMT-2023-BLG-2861,SAO35M0602.037669,18:05:40.12,-25:36:30.28,60223.06342,30.64,0.062,21.19,20.0,20.4,2,1.81,
KMT-2023-BLG-2862,SAO35M0605.003931,18:05:55.03,-25:12:05.47,60000.34596,10.77,0.842,18.0,17.98,17.98,4,3.49,
KMT-2023-BLG-2863,BLG35M0607.014437,18:05:52.44,-24:57:01.51,60014.77649,9.95,0.446,20.88,19.79,19.79,4,2.89,
KMT-2023-BLG-2864,BLG35N0107.051526,18:08:30.32,-26:04:51.49,60211.79352,10.43,0.281,19.96,19.93,19.93,1,1.39,
KMT-2023-BLG-2865,BLG35N0108.023072,18:08:52.65,-25:54:46.51,59994.73375,55.18,0.574,19.51,18.89,18.89,1,1.49,
KMT-2023-BLG-2866,BLG35N0303.008235,18:07:51.13,-26:35:26.81,60241.12644,31.81,0.176,18.59,17.7,17.7,1,1.08,MB23485 OB231326
KMT-2023-BLG-2867,BLG35N0405.004462,18:07:17.07,-26:21:38.70,59994.62092,180.34,0.073,22.08,17.13,17.13,1,1.63,
KMT-2023-BLG-2868,BLG35N0502.067873,18:06:23.77,-26:41:19.39,60083.85226,9.2,0.377,20.4,19.76,19.76,1,0.99,
KMT-2023-BLG-2869,BLG35N0608.028299,18:06:03.55,-25:57:25.20,60208.96547,11.72,0.021,20.3,19.57,19.57,1,2.08,
KMT-2023-BLG-2870,BLG35N0802.072306,18:04:36.19,-26:43:19.74,60214.03558,10.65,0.183,21.24,20.0,21.23,2,1.71,
KMT-2023-BLG-2871,BLG35N0805.024823,18:04:34.46,-26:19:15.85,60239.72789,29.62,0.319,19.74,19.67,19.67,2,2.07,
KMT-2023-BLG-2872,BLG35N0808.015752,18:04:52.13,-26:00:01.58,60012.8854,32.49,0.305,19.87,19.6,19.6,1,2.5,
KMT-2023-BLG-2873,BLG35T0104.031918,18:03:58.54,-26:24:26.75,60188.95491,45.96,0.205,21.44,20.0,20.78,3,2.94,
KMT-2023-BLG-2874,SAO35T0403.003664,18:02:33.95,-26:37:46.88,60078.29795,170.0,0.728,18.43,17.63,17.63,2,2.48,
KMT-2023-BLG-2875,BLG36K0307.015133,18:14:15.00,-22:54:33.66,60035.9614,1.22,0.042,19.87,20.0,20.22,4,2.0,
KMT-2023-BLG-2876,BLG36M0105.010048,18:19:58.02,-23:07:47.32,60237.93388,23.2,0.19,20.23,18.51,18.51,1,1.15,
KMT-2023-BLG-2877,SAO36M0703.018432,18:17:00.79,-23:23:34.80,60214.8183,49.92,0.174,20.79,18.83,18.83,1,1.21,
KMT-2023-BLG-2878,BLG36N0108.026562,18:20:04.77,-23:53:52.91,60223.78958,12.64,0.521,19.35,19.3,19.3,1,0.69,
KMT-2023-BLG-2879,BLG36N0503.040903,18:18:05.21,-24:32:17.59,60032.88807,88.35,0.406,20.21,19.99,19.99,1,0.97,
KMT-2023-BLG-2880,BLG36N0604.046430,18:17:32.80,-24:21:35.50,60144.3729,16.11,0.031,20.78,20.0,20.32,1,1.06,
KMT-2023-BLG-2881,SSO36N0802.027538,18:16:12.65,-24:35:58.20,60227.01691,44.95,0.1,20.5,19.8,19.8,1,1.6,
KMT-2023-BLG-2882,BLG36T0206.021389,18:14:48.95,-24:04:29.89,60226.7064,63.32,0.74,19.13,19.33,19.33,1,1.47,
KMT-2023-BLG-2883,SSO36T0403.002597,18:13:33.51,-24:28:57.29,60143.95058,19.91,1.0,17.31,17.25,17.25,1,1.84,OB230881
KMT-2023-BLG-2884,BLG36T0404.014950,18:13:43.56,-24:20:06.83,60015.13264,13.92,0.098,19.68,19.77,19.77,4,1.9,
KMT-2023-BLG-2885,BLG36T0501.004398,18:13:26.71,-24:45:31.61,60044.9075,6.76,0.896,18.36,18.23,18.23,1,1.79,
KMT-2023-BLG-2886,BLG37K0104.005475,17:43:55.49,-34:55:17.04,60194.09005,57.83,0.013,21.71,18.25,18.25,4,1.85,OB231243
KMT-2023-BLG-2887,BLG37K0203.080560,17:43:30.41,-35:02:30.26,60226.71453,15.91,0.391,20.01,20.0,21.56,2,1.9,
KMT-2023-BLG-2888,BLG37K0405.011590,17:42:13.14,-34:47:33.72,59983.83649,49.25,0.158,21.11,19.2,19.2,2,2.25,
KMT-2023-BLG-2889,SSO37K0607.055143,17:41:01.23,-34:27:15.37,60236.12521,50.09,0.322,20.6,20.0,20.75,2,2.17,
KMT-2023-BLG-2890,BLG37K0802.065639,17:39:57.94,-35:09:57.02,60215.19154,28.43,0.2,19.86,20.0,21.19,3,1.79,
KMT-2023-BLG-2891,BLG37K0807.012564,17:39:54.02,-34:28:45.08,60016.23329,48.02,0.088,19.93,19.52,19.52,2,2.42,OB230062
KMT-2023-BLG-2892,BLG37M0103.009793,17:49:17.65,-35:02:22.81,60218.30471,10.74,0.371,19.35,18.16,18.16,1,1.08,
KMT-2023-BLG-2893,BLG37M0402.040782,17:47:23.42,-35:04:07.61,60220.80877,28.29,0.6,19.44,19.43,19.43,1,0.87,
KMT-2023-BLG-2894,BLG37M0501.013372,17:46:49.31,-35:15:36.22,59984.20095,10.22,0.16,19.34,18.5,18.5,1,1.08,
KMT-2023-BLG-2895,SSO37M0506.005065,17:47:05.69,-34:36:34.99,60004.8592,63.03,0.855,17.33,17.38,17.38,1,1.42,MB23003 OB230058
KMT-2023-BLG-2896,BLG37M0604.054101,17:46:12.45,-34:53:17.20,60224.76169,40.11,0.133,20.87,20.0,20.04,1,1.41,
KMT-2023-BLG-2897,BLG37M0606.020558,17:45:59.56,-34:36:50.11,60050.29877,51.71,0.723,19.09,19.09,19.09,1,1.62,
KMT-2023-BLG-2898,SSO37M0707.001628,17:45:22.88,-34:26:01.90,60226.50038,55.04,0.444,18.89,15.96,15.96,1,1.47,
KMT-2023-BLG-2899,BLG37M0708.063818,17:45:27.91,-34:23:36.89,60003.92318,46.8,0.175,20.4,20.0,20.19,1,1.4,
KMT-2023-BLG-2900,BLG37M0803.018471,17:45:05.48,-34:55:51.38,60179.43497,85.14,0.458,20.08,19.13,19.13,1,1.69,OB231316
KMT-2023-BLG-2901,BLG37M0804.050309,17:44:50.07,-34:51:02.63,60006.84864,63.84,0.623,19.95,20.0,20.55,2,1.81,
KMT-2023-BLG-2902,SSO37N0407.000396,17:47:37.29,-35:36:01.80,60069.87513,10.01,0.68,18.08,14.55,14.55,1,0.99,
KMT-2023-BLG-2903,BLG37N0506.029153,17:46:37.54,-35:46:39.11,60219.72071,18.83,0.157,19.35,19.43,19.43,1,1.18,OB231282
KMT-2023-BLG-2904,BLG37N0605.014601,17:46:27.09,-35:48:24.30,60174.02899,20.62,0.134,21.18,18.83,18.83,1,1.23,
KMT-2023-BLG-2905,BLG37N0805.003808,17:44:58.68,-35:53:40.99,59999.81326,21.04,1.0,17.57,17.59,17.59,2,1.5,
KMT-2023-BLG-2906,BLG37T0104.023059,17:44:18.16,-35:59:19.46,60018.75628,25.23,0.601,19.97,20.0,20.11,2,1.53,
KMT-2023-BLG-2907,BLG37T0107.003844,17:44:23.00,-35:35:18.78,60239.38383,76.42,0.174,20.13,17.63,17.63,2,1.44,OB231301
KMT-2023-BLG-2908,BLG37T0204.018660,17:43:35.08,-35:59:09.20,60236.17762,64.52,0.415,20.23,19.89,19.89,2,1.75,
KMT-2023-BLG-2909,SSO37T0702.009154,17:40:12.05,-36:14:17.34,60217.87791,48.62,0.195,21.16,19.52,19.52,2,2.1,
KMT-2023-BLG-2910,SSO37T0706.029580,17:40:14.93,-35:42:31.43,60210.3935,48.56,0.128,21.31,20.0,20.63,2,2.13,
KMT-2023-BLG-2911,BLG38K0105.004230,17:54:49.71,-21:56:58.06,60184.22569,43.73,0.245,20.91,17.81,17.81,4,2.81,
KMT-2023-BLG-2912,SSO38K0202.002040,17:54:19.54,-22:21:48.56,60237.56391,199.94,0.065,20.04,16.92,16.92,4,2.28,
KMT-2023-BLG-2913,BLG38K0801.048377,17:50:53.34,-22:28:16.21,60198.53241,193.92,0.018,22.63,20.0,20.92,1,2.4,
KMT-2023-BLG-2914,BLG38M0501.001722,17:57:11.71,-22:22:02.21,60005.4561,50.04,0.593,18.81,18.67,18.67,4,5.82,
KMT-2023-BLG-2915,BLG38M0808.006816,17:55:16.86,-21:35:10.61,60229.22262,5.34,0.632,18.54,18.6,18.6,4,2.53,
KMT-2023-BLG-2916,BLG38T0701.002726,17:51:34.74,-23:31:41.02,60003.91803,57.7,0.608,18.87,17.0,17.0,4,2.35,OB230071
KMT-2023-BLG-2917,BLG38T0704.005389,17:51:08.54,-23:06:16.67,60037.51291,7.98,0.072,21.12,17.83,17.83,4,2.22,
KMT-2023-BLG-2918,BLG41K0101.004240,17:53:54.54,-31:06:57.49,59999.82287,6.68,0.532,16.88,16.74,16.74,1,1.9,MB23019
KMT-2023-BLG-2919,SSO41K0207.082948,17:53:02.95,-30:23:50.21,60179.0638,41.02,0.028,22.71,20.0,20.44,1,1.99,
KMT-2023-BLG-2920,SSO41K0304.044753,17:52:36.02,-30:46:50.02,60229.07025,23.17,0.235,19.41,19.44,19.44,1,1.92,
KMT-2023-BLG-2921,BLG41K0307.002847,17:52:41.10,-30:21:59.51,59983.38766,18.22,0.059,16.7,16.39,16.39,1,1.96,MB23008 OB230003
KMT-2023-BLG-2922,SSO41K0307.010072,17:52:32.44,-30:24:18.68,60217.40571,198.96,0.006,24.54,17.83,17.83,1,2.36,
KMT-2023-BLG-2923,SSO41K0308.008718,17:52:29.00,-30:15:54.97,60224.84369,11.93,0.895,17.82,17.48,17.48,2,1.78,
KMT-2023-BLG-2924,SSO41K0406.003906,17:51:58.20,-30:30:19.69,60237.14378,56.19,0.66,18.86,16.83,16.83,1,2.29,
KMT-2023-BLG-2925,BLG41K0407.009789,17:51:58.58,-30:22:15.38,59995.67145,6.72,0.22,20.12,17.82,17.82,1,2.22,
KMT-2023-BLG-2926,BLG41K0603.035760,17:50:52.91,-30:54:42.41,60224.1976,44.94,0.276,20.77,20.0,20.34,1,3.19,
KMT-2023-BLG-2927,SAO41K0607.021901,17:50:50.19,-30:21:59.90,60222.44208,5.85,0.022,21.83,19.22,19.22,1,2.5,
KMT-2023-BLG-2928,BLG41K0607.079421,17:50:50.76,-30:20:55.79,60011.92244,8.71,0.239,19.93,20.0,25.0,3,2.5,
KMT-2023-BLG-2929,BLG41K0801.002803,17:49:32.51,-31:05:47.08,60013.99716,22.1,0.996,18.81,18.75,18.75,2,3.83,
KMT-2023-BLG-2930,BLG41M0105.064587,17:58:50.08,-30:36:50.80,60221.93747,8.5,0.042,20.56,20.0,20.53,1,1.7,
KMT-2023-BLG-2931,BLG41M0107.007430,17:58:40.28,-30:22:31.12,60221.54886,12.41,0.236,18.78,18.0,18.0,1,2.03,MB23451
KMT-2023-BLG-2932,BLG41M0402.015363,17:56:52.47,-31:04:14.81,60019.90014,46.08,0.087,19.25,18.22,18.22,1,1.2,MB23036 OB230022 OB230239
KMT-2023-BLG-2933,BLG41M0601.018462,17:55:33.78,-31:09:40.61,60212.40049,6.88,0.107,20.77,18.54,18.54,1,1.48,
KMT-2023-BLG-2934,SSO41M0606.069301,17:55:53.38,-30:33:31.10,60230.12508,46.69,0.058,21.65,20.0,21.92,2,1.8,
KMT-2023-BLG-2935,BLG41M0703.011047,17:55:07.90,-30:51:46.69,59996.19661,17.32,0.17,20.53,17.85,17.85,1,1.43,
KMT-2023-BLG-2936,BLG41M0804.030888,17:54:32.81,-30:44:04.99,59984.99412,37.29,0.511,19.27,19.25,19.25,1,1.8,
KMT-2023-BLG-2937,SSO41M0805.023613,17:54:43.19,-30:35:41.39,60242.1729,74.8,0.121,21.2,19.53,19.53,1,2.6,
KMT-2023-BLG-2938,BLG41N0104.061052,17:58:42.96,-31:51:17.32,60237.83097,5.17,0.089,21.05,20.0,20.54,1,1.63,
KMT-2023-BLG-2939,BLG41N0206.022276,17:58:14.72,-31:38:32.39,60095.2785,27.93,0.436,20.71,19.06,19.06,1,1.56,
KMT-2023-BLG-2940,BLG41N0206.036111,17:57:55.14,-31:33:38.48,60223.74295,7.71,0.044,19.87,19.49,19.49,1,1.33,
KMT-2023-BLG-2941,BLG41N0401.001008,17:56:45.69,-32:14:59.10,60223.25724,59.62,0.087,22.84,15.43,15.43,1,1.53,
KMT-2023-BLG-2942,BLG41N0405.034649,17:57:05.66,-31:48:11.81,60216.98763,22.6,0.686,19.69,19.36,19.36,1,1.29,
KMT-2023-BLG-2943,BLG41N0501.001274,17:56:13.71,-32:15:21.10,60225.37383,18.16,0.472,15.75,15.75,15.75,1,1.52,MB23475 OB231304
KMT-2023-BLG-2944,SAO41N0606.055901,17:55:55.18,-31:38:07.40,60162.12635,1.09,0.206,19.78,19.69,19.69,1,1.46,
KMT-2023-BLG-2945,BLG41T0107.055402,17:53:44.96,-31:27:24.98,60017.42187,198.98,0.112,20.14,20.0,20.12,1,1.97,MB23027 OB230049
KMT-2023-BLG-2946,BLG41T0302.047096,17:52:44.83,-32:11:45.20,60205.39912,25.22,0.122,20.86,19.86,19.86,1,2.04,
KMT-2023-BLG-2947,BLG41T0402.062149,17:51:49.77,-32:06:56.41,60039.12559,6.07,0.798,20.05,20.0,20.4,1,2.1,
KMT-2023-BLG-2948,SSO41T0406.050910,17:51:49.66,-31:39:58.21,60233.10548,53.25,0.007,21.69,20.0,21.25,2,2.74,
KMT-2023-BLG-2949,BLG41T0708.020500,17:50:06.32,-31:18:51.05,60064.25114,64.49,0.242,22.29,20.0,21.98,2,5.06,
KMT-2023-BLG-2950,SSO41T0801.041378,17:49:45.56,-32:12:38.34,60234.25321,37.3,0.076,22.89,20.0,22.38,2,4.41,
KMT-2023-BLG-2951,SAO42K0105.081673,17:53:48.48,-28:30:35.89,60041.48018,10.32,0.012,22.69,20.0,21.89,2,2.46,
KMT-2023-BLG-2952,SSO42K0201.050592,17:52:58.65,-29:04:30.11,60011.19964,24.36,0.517,19.58,19.59,19.59,1,2.45,MB23043
KMT-2023-BLG-2953,SSO42K0205.037287,17:53:21.16,-28:30:35.03,60220.15816,29.24,0.059,21.49,20.0,20.4,2,2.56,
KMT-2023-BLG-2954,BLG42K0301.025567,17:52:39.34,-29:04:03.90,60214.92609,5.34,0.085,20.28,19.14,19.14,1,2.55,
KMT-2023-BLG-2955,SSO42K0301.051948,17:52:44.49,-29:05:03.91,60208.81258,9.6,0.198,20.74,20.0,20.07,1,2.55,
KMT-2023-BLG-2956,BLG42K0304.050903,17:52:25.92,-28:35:30.66,60140.39665,3.79,0.032,23.39,20.0,21.07,2,3.67,OB230905
KMT-2023-BLG-2957,BLG42K0506.003594,17:51:36.36,-28:26:39.84,60056.97449,200.0,0.998,19.59,17.49,17.49,2,3.53,MB23476
KMT-2023-BLG-2958,SSO42M0302.068542,17:57:16.63,-28:57:27.29,60205.21053,55.66,0.353,20.57,19.44,19.44,1,1.52,
KMT-2023-BLG-2959,BLG42M0304.028093,17:57:22.91,-28:40:45.80,60012.78627,16.86,0.276,19.81,18.9,18.9,1,1.81,
KMT-2023-BLG-2960,BLG42M0307.040197,17:57:22.76,-28:19:51.38,60026.43787,45.49,0.064,22.19,19.1,19.1,1,1.85,
KMT-2023-BLG-2961,BLG42M0402.038663,17:56:46.44,-28:57:05.40,60225.21445,9.52,0.024,20.86,19.17,19.17,1,2.05,
KMT-2023-BLG-2962,SSO42M0405.087071,17:56:48.74,-28:27:37.58,60210.19948,14.01,0.133,20.01,20.0,20.33,1,1.87,
KMT-2023-BLG-2963,SSO42M0406.025733,17:56:44.23,-28:22:16.28,60227.00011,20.3,0.574,18.84,18.84,18.84,1,2.17,
KMT-2023-BLG-2964,BLG42M0601.042476,17:55:26.47,-29:02:46.32,60005.61714,28.44,0.358,19.5,19.53,19.53,2,1.94,OB230015
KMT-2023-BLG-2965,BLG42M0704.015132,17:55:05.54,-28:38:02.80,60045.33974,27.27,0.089,22.21,18.53,18.53,4,2.12,
KMT-2023-BLG-2966,SSO42M0705.011037,17:55:04.39,-28:28:52.10,60212.23235,10.25,0.347,18.82,18.35,18.35,2,2.38,
KMT-2023-BLG-2967,BLG42M0802.039189,17:54:30.10,-28:54:25.67,60209.4015,3.06,0.654,19.53,19.27,19.27,2,1.97,
KMT-2023-BLG-2968,BLG42M0803.019128,17:54:24.43,-28:50:15.76,60002.3137,94.22,0.028,22.82,18.58,18.58,2,1.88,
KMT-2023-BLG-2969,SSO42M0807.086381,17:54:24.92,-28:16:07.21,60210.96519,26.42,0.483,20.31,20.0,25.0,3,2.83,
KMT-2023-BLG-2970,BLG42M0808.054952,17:54:43.88,-28:07:34.97,60040.65271,4.14,0.101,21.82,20.0,21.66,2,3.95,
KMT-2023-BLG-2971,BLG42N0308.071627,17:57:23.43,-29:16:18.80,60223.2009,39.51,0.211,20.08,19.98,19.98,1,1.82,
KMT-2023-BLG-2972,BLG42N0501.034186,17:56:24.17,-30:06:39.31,60216.32064,18.51,0.3,20.66,18.96,18.96,1,1.4,
KMT-2023-BLG-2973,BLG42N0502.078868,17:56:21.35,-29:59:39.01,60041.15371,16.25,0.789,19.94,20.0,20.0,1,1.66,
KMT-2023-BLG-2974,BLG42N0503.045825,17:56:22.40,-29:55:01.81,60038.09469,2.95,0.035,22.41,19.44,19.44,1,1.63,
KMT-2023-BLG-2975,BLG42N0503.055446,17:56:14.30,-29:57:35.32,60118.72972,22.38,0.901,19.59,19.66,19.66,1,1.7,
KMT-2023-BLG-2976,BLG42N0607.049490,17:55:31.06,-29:22:05.99,60212.83548,45.3,0.297,21.11,19.09,19.09,1,1.61,
KMT-2023-BLG-2977,SSO42N0701.026487,17:55:19.31,-30:06:12.38,60215.53696,15.43,0.258,18.56,18.65,18.65,1,1.41,MB23443
KMT-2023-BLG-2978,SSO42N0707.005039,17:55:03.78,-29:22:32.99,60022.29943,4.94,0.959,18.61,16.15,16.15,1,1.63,
KMT-2023-BLG-2979,BLG42N0801.052039,17:54:45.37,-30:07:08.18,59998.52342,12.78,0.162,19.97,19.55,19.55,1,1.33,
KMT-2023-BLG-2980,BLG42N0804.019622,17:54:27.23,-29:45:06.91,60232.90799,17.8,0.031,19.87,17.99,17.99,1,1.34,MB23477
KMT-2023-BLG-2981,SSO42N0804.024768,17:54:25.93,-29:48:53.10,60220.54723,47.57,0.577,18.51,18.23,18.23,1,1.34,
KMT-2023-BLG-2982,SSO42N0805.026267,17:54:26.29,-29:36:54.29,60238.1459,132.19,0.133,20.98,18.4,18.4,1,1.43,
KMT-2023-BLG-2983,BLG42N0806.021662,17:54:21.85,-29:34:47.71,60229.68477,3.95,0.62,18.24,18.23,18.23,1,1.53,
KMT-2023-BLG-2984,BLG42T0102.046616,17:53:50.18,-29:59:43.51,60009.35892,52.81,0.203,20.85,19.06,19.06,1,1.64,
KMT-2023-BLG-2985,SSO42T0104.007071,17:53:57.32,-29:50:13.60,60209.05711,5.9,0.009,18.38,16.47,16.47,1,1.39,
KMT-2023-BLG-2986,BLG42T0108.007326,17:53:30.61,-29:17:39.70,59983.98373,13.62,0.567,16.68,16.63,16.63,1,2.05,MB23010 OB230006
KMT-2023-BLG-2987,BLG42T0203.011803,17:53:19.60,-29:53:42.79,60231.43796,0.92,0.522,18.91,17.42,17.42,1,1.53,
KMT-2023-BLG-2988,BLG42T0206.085046,17:52:53.86,-29:33:49.00,60209.89886,79.77,0.011,22.55,20.0,20.44,1,2.07,
KMT-2023-BLG-2989,BLG42T0208.086197,17:52:59.21,-29:18:23.69,60051.84412,21.93,0.402,20.9,20.0,20.52,1,2.43,
KMT-2023-BLG-2990,BLG42T0301.007316,17:52:23.96,-30:09:52.60,60171.53526,3.08,0.523,18.39,16.93,16.93,1,1.84,
KMT-2023-BLG-2991,BLG42T0301.040481,17:52:29.72,-30:12:20.27,60003.64185,45.25,0.009,24.49,19.27,19.27,2,1.7,
KMT-2023-BLG-2992,BLG42T0302.054843,17:52:28.02,-30:00:29.59,60227.69331,33.23,0.607,19.56,19.52,19.52,1,2.06,
KMT-2023-BLG-2993,BLG42T0306.001587,17:52:33.67,-29:32:26.30,59990.70911,189.65,0.111,20.02,15.47,15.47,1,2.4,
KMT-2023-BLG-2994,BLG42T0306.010403,17:52:29.65,-29:30:46.91,60028.89206,55.11,0.999,18.31,17.51,17.51,1,2.56,
KMT-2023-BLG-2995,BLG42T0307.063066,17:52:22.79,-29:25:37.60,60171.69463,16.69,0.015,23.39,20.0,20.1,1,2.56,
KMT-2023-BLG-2996,SSO42T0605.054875,17:50:41.90,-29:36:18.40,60230.89984,29.07,0.02,22.17,20.0,20.34,1,3.27,
KMT-2023-BLG-2997,BLG42T0707.029591,17:50:16.10,-29:25:36.80,60028.70125,5.64,0.065,21.36,20.0,20.12,1,3.71,
KMT-2023-BLG-2998,BLG43K0103.087293,18:01:12.62,-27:40:25.10,60058.98506,24.09,0.304,20.68,20.0,20.23,1,1.34,
KMT-2023-BLG-2999,SSO43K0106.074660,18:01:22.22,-27:22:44.00,60204.29702,38.68,0.059,22.8,20.0,20.32,1,1.6,
KMT-2023-BLG-3000,BLG43K0306.071605,18:00:14.04,-27:21:49.79,60030.68078,20.99,0.133,21.09,19.96,19.96,1,1.69,
KMT-2023-BLG-3001,SSO43K0404.036510,17:59:40.71,-27:33:31.61,60219.73138,36.29,0.047,23.15,19.26,19.26,1,1.95,
KMT-2023-BLG-3002,BLG43K0407.060700,17:59:49.34,-27:10:54.98,59995.45067,58.76,0.251,21.6,20.0,20.05,1,2.15,
KMT-2023-BLG-3003,BLG43K0503.006072,17:59:00.88,-27:39:01.40,60004.82975,22.64,0.586,17.71,16.84,16.84,1,1.93,MB23020 OB230010
KMT-2023-BLG-3004,SSO43K0505.015662,17:59:07.91,-27:23:42.11,60214.36334,35.22,0.191,21.11,18.32,18.32,1,1.81,
KMT-2023-BLG-3005,SSO43K0602.016468,17:58:30.62,-27:47:36.10,60232.38263,76.71,0.034,22.48,18.78,18.78,1,2.26,
KMT-2023-BLG-3006,SSO43K0605.021098,17:58:37.18,-27:25:37.60,60233.34064,20.23,0.561,18.87,18.86,18.86,1,1.95,
KMT-2023-BLG-3007,BLG43K0606.024545,17:58:33.63,-27:22:10.56,60234.85336,103.97,0.208,21.87,19.73,19.73,2,2.04,
KMT-2023-BLG-3008,SSO43K0607.002932,17:58:38.12,-27:13:12.40,60247.37691,199.79,0.073,21.32,17.2,17.2,2,2.49,
KMT-2023-BLG-3009,SAO43K0808.010893,17:57:19.16,-27:05:46.97,60063.40925,58.0,0.872,19.82,19.88,19.88,2,3.89,
KMT-2023-BLG-3010,BLG43M0302.062565,18:05:04.54,-27:51:13.72,60013.01184,26.38,0.773,19.44,19.52,19.52,1,0.98,OB230027
KMT-2023-BLG-3011,SSO43M0303.089904,18:04:49.74,-27:43:22.91,60224.63436,8.37,0.302,20.32,20.0,20.18,1,0.97,
KMT-2023-BLG-3012,SSO43M0307.078501,18:05:12.72,-27:09:36.90,60150.97218,5.71,0.088,21.22,19.88,19.88,1,1.07,
KMT-2023-BLG-3013,BLG43M0308.009395,18:04:56.51,-27:06:11.09,60018.82635,63.95,0.043,22.98,17.6,17.6,1,1.0,
KMT-2023-BLG-3014,BLG43M0402.085832,18:04:32.95,-27:50:37.61,59983.21857,80.21,0.005,19.84,20.0,20.17,1,1.27,OB230028
KMT-2023-BLG-3015,BLG43M0602.049997,18:03:09.12,-27:45:35.21,59996.75856,32.85,0.025,20.6,19.34,19.34,1,1.02,
KMT-2023-BLG-3016,BLG43M0604.011205,18:03:18.46,-27:36:32.90,60014.79621,22.75,0.286,20.49,17.98,17.98,1,1.13,
KMT-2023-BLG-3017,BLG43M0703.037387,18:02:31.63,-27:39:50.80,60219.38531,10.04,0.175,18.99,19.01,19.01,1,1.29,
KMT-2023-BLG-3018,SAO43M0705.005596,18:02:45.90,-27:23:11.18,59998.02079,25.78,0.51,16.94,17.01,17.01,1,1.66,
KMT-2023-BLG-3019,BLG43M0708.026153,18:02:50.33,-27:03:27.90,59996.06176,16.98,0.228,19.39,19.56,19.56,1,2.0,
KMT-2023-BLG-3020,BLG43M0801.007832,18:02:04.03,-27:56:58.49,60158.90614,9.46,0.999,18.37,17.25,17.25,1,1.24,
KMT-2023-BLG-3021,SSO43M0804.061766,18:02:02.55,-27:34:51.60,60203.84172,16.8,0.047,21.91,19.68,19.68,1,1.49,
KMT-2023-BLG-3022,SSO43N0107.005919,18:06:18.65,-28:15:43.88,60226.38896,13.84,0.384,17.78,17.21,17.21,1,0.81,MB23447
KMT-2023-BLG-3023,BLG43N0202.049911,18:05:32.62,-28:58:25.79,59999.98153,22.1,0.33,19.54,19.45,19.45,1,0.96,
KMT-2023-BLG-3024,BLG43N0308.046780,18:04:57.41,-28:09:34.31,60027.92181,15.67,0.114,20.59,19.01,19.01,1,0.96,
KMT-2023-BLG-3025,SSO43N0501.000317,18:03:49.75,-29:05:25.80,60004.66483,23.53,0.493,13.88,13.92,13.92,1,0.87,OB230031
KMT-2023-BLG-3026,BLG43N0502.008276,18:03:49.07,-28:56:00.49,60037.21341,11.68,0.992,18.02,17.35,17.35,1,0.73,
KMT-2023-BLG-3027,SSO43N0502.030745,18:03:49.03,-28:58:14.92,60230.21055,34.27,0.166,18.79,18.58,18.58,1,0.79,MB23446 OB231315
KMT-2023-BLG-3028,SSO43N0504.009543,18:03:50.67,-28:41:24.29,60227.51408,26.62,0.157,20.18,17.48,17.48,1,0.8,
KMT-2023-BLG-3029,BLG43N0504.051230,18:04:08.28,-28:41:20.90,60032.69594,5.72,0.873,18.96,19.07,19.07,1,0.83,
KMT-2023-BLG-3030,BLG43N0603.051336,18:03:10.34,-28:48:09.68,60000.43971,22.98,0.071,19.14,19.03,19.03,1,0.83,MB23017 OB230033
KMT-2023-BLG-3031,BLG43N0606.006352,18:03:18.79,-28:25:37.81,59998.61378,16.95,0.624,16.89,16.89,16.89,1,0.87,OB230036
KMT-2023-BLG-3032,SSO43N0606.016404,18:03:21.89,-28:23:06.50,60233.86138,55.6,0.097,21.27,18.03,18.03,1,0.87,
KMT-2023-BLG-3033,BLG43N0802.004263,18:02:07.21,-28:53:20.40,59985.64424,17.12,0.998,16.25,16.3,16.3,1,1.01,OB230034
KMT-2023-BLG-3034,BLG43N0807.005625,18:02:01.00,-28:16:58.01,60085.72861,57.71,0.998,17.61,16.56,16.56,1,1.21,
KMT-2023-BLG-3035,SSO43T0102.069905,18:01:24.86,-28:59:44.30,60233.92707,76.82,0.002,21.9,19.46,19.46,1,1.15,
KMT-2023-BLG-3036,SSO43T0304.085797,18:00:13.33,-28:44:25.40,60229.34247,4.46,0.078,19.6,19.68,19.68,1,1.07,MB23469
KMT-2023-BLG-3037,SSO43T0401.027236,17:59:45.81,-29:02:21.08,60230.32602,5.36,0.146,18.54,18.3,18.3,1,1.0,MB23468
KMT-2023-BLG-3038,BLG43T0402.050165,17:59:23.14,-28:54:53.60,60232.94481,11.47,0.234,18.67,18.92,18.92,1,1.12,
KMT-2023-BLG-3039,BLG43T0405.035671,17:59:45.71,-28:37:30.40,60001.29438,49.18,0.462,20.01,18.73,18.73,1,1.3,
KMT-2023-BLG-3040,SSO43T0406.001743,17:59:35.02,-28:29:20.90,60007.37578,35.35,1.0,15.38,15.32,15.32,1,1.43,MB23012 OB230109
KMT-2023-BLG-3041,BLG43T0408.020473,17:59:38.54,-28:07:50.09,60017.77898,34.16,0.581,19.37,18.39,18.39,1,1.7,
KMT-2023-BLG-3042,BLG43T0501.039385,17:59:12.51,-29:02:17.59,60005.91045,20.96,0.237,19.5,18.62,18.62,1,0.98,
KMT-2023-BLG-3043,BLG43T0607.093185,17:58:21.76,-28:15:55.91,60020.93356,26.8,0.111,21.9,20.0,20.55,1,1.68,
KMT-2023-BLG-3044,SSO43T0801.050290,17:57:21.57,-29:04:30.61,60232.70668,47.07,0.054,19.31,19.27,19.27,1,1.54,MB23452 OB231272
KMT-2023-BLG-3045,BLG01K0302.063167,17:52:45.26,-30:51:05.62,60089.83518,47.1,0.399,21.03,19.7,19.7,1,1.66,
KMT-2023-BLG-3046,BLG01K0308.000543,17:52:48.72,-30:08:24.83,60088.13226,85.07,0.786,17.55,14.44,14.44,4,1.68,
KMT-2023-BLG-3047,BLG01K0601.008214,17:51:01.44,-31:01:53.87,59995.3474,7.03,0.066,20.36,18.5,18.5,2,2.83,
KMT-2023-BLG-3048,BLG01K0607.040815,17:51:07.06,-30:17:36.60,60034.03532,11.62,0.002,22.7,19.62,19.62,1,2.44,MB23090
KMT-2023-BLG-3049,BLG01M0508.031052,17:56:32.48,-30:05:18.20,60117.58451,17.61,0.422,19.64,18.84,18.84,1,1.37,
KMT-2023-BLG-3050,BLG01M0702.009278,17:55:34.04,-30:56:00.38,60037.34506,2.9,0.802,19.01,17.48,17.48,1,1.31,
KMT-2023-BLG-3051,BLG01N0107.050471,17:59:09.40,-31:22:35.90,60056.77893,37.71,0.173,22.25,19.89,19.89,1,1.52,
KMT-2023-BLG-3052,BLG01N0206.072954,17:58:33.48,-31:33:16.49,60101.92259,17.01,0.852,19.75,20.0,20.55,1,1.55,
KMT-2023-BLG-3053,BLG01T0108.001253,17:54:13.46,-31:14:07.91,60033.7148,70.89,0.877,17.26,15.67,15.67,1,1.85,MB23060
KMT-2023-BLG-3054,BLG01T0302.032314,17:52:52.67,-32:01:59.92,60171.37723,3.9,0.303,19.81,19.52,19.52,1,1.92,
KMT-2023-BLG-3055,SSO02K0105.068194,17:54:13.27,-28:22:24.74,60121.55055,8.24,0.06,22.91,20.0,21.12,2,2.98,
KMT-2023-BLG-3056,SAO02K0505.084301,17:51:34.21,-28:26:01.93,60145.89066,8.55,0.591,19.85,20.0,25.0,3,3.53,
KMT-2023-BLG-3057,BLG02M0201.116358,17:58:14.23,-28:51:30.89,60010.97382,9.46,0.284,21.33,20.0,20.99,1,1.49,
KMT-2023-BLG-3058,SSO02M0505.069557,17:56:42.75,-28:27:14.40,60144.55541,14.38,0.036,22.74,19.95,19.95,1,1.98,OB230953
KMT-2023-BLG-3059,BLG02M0801.001485,17:54:50.12,-28:51:00.72,60082.84755,161.0,0.03,22.33,15.62,15.62,2,1.99,
KMT-2023-BLG-3060,BLG02M0806.057420,17:54:44.44,-28:16:43.93,60078.83886,26.08,0.104,22.94,20.0,21.0,2,2.72,
KMT-2023-BLG-3061,BLG02N0107.001430,17:58:52.26,-29:13:45.70,59998.26278,0.71,0.032,21.98,14.92,14.92,1,1.04,
KMT-2023-BLG-3062,BLG02N0205.088350,17:58:24.35,-29:30:18.61,60017.76635,5.2,0.459,20.04,20.0,20.2,1,1.31,
KMT-2023-BLG-3063,BLG02N0302.050988,17:57:58.76,-29:53:49.88,59999.76445,60.51,0.091,22.19,19.53,19.53,1,1.56,
KMT-2023-BLG-3064,BLG02N0303.078140,17:57:40.99,-29:48:51.70,60088.99883,25.06,0.196,21.6,19.9,19.9,1,1.56,
KMT-2023-BLG-3065,SSO02N0407.039722,17:57:20.07,-29:15:47.20,60249.09952,46.2,0.106,20.74,19.17,19.17,1,1.82,
KMT-2023-BLG-3066,BLG02N0507.071578,17:56:33.47,-29:18:57.89,60047.02026,12.71,0.83,19.82,19.91,19.91,1,1.87,
KMT-2023-BLG-3067,BLG02N0806.036912,17:54:39.99,-29:26:08.09,60019.48881,55.01,0.006,24.41,18.82,18.82,1,1.41,
KMT-2023-BLG-3068,BLG02T0204.045067,17:53:13.78,-29:42:07.88,60040.2034,26.42,0.099,22.48,19.12,19.12,1,1.78,
KMT-2023-BLG-3069,SAO02T0401.053161,17:52:31.53,-29:58:37.31,60186.22724,1.4,0.085,21.21,19.75,19.75,1,2.13,
KMT-2023-BLG-3070,BLG02T0402.025915,17:52:23.75,-29:52:57.79,60205.51366,30.74,0.048,21.3,18.87,18.87,1,2.17,
KMT-2023-BLG-3071,SAO02T0505.032467,17:51:53.67,-29:34:32.59,60092.37068,1.33,0.353,19.61,19.39,19.39,1,2.55,OB230507
KMT-2023-BLG-3072,BLG02T0703.015437,17:50:40.55,-29:46:05.20,60244.50363,60.89,0.069,21.76,18.62,18.62,1,3.41,
KMT-2023-BLG-3073,BLG02T0703.038456,17:50:26.67,-29:43:48.22,60124.82007,42.38,0.613,19.91,20.0,20.02,1,3.05,OB230741
KMT-2023-BLG-3074,BLG03K0101.024036,18:01:35.97,-27:50:12.98,59994.00724,199.92,0.016,23.2,18.53,18.53,1,1.29,
KMT-2023-BLG-3075,SAO03K0306.088037,18:00:31.55,-27:07:54.98,60031.54611,45.75,0.665,19.99,20.0,20.7,1,2.24,
KMT-2023-BLG-3076,BLG03K0506.048485,17:59:16.02,-27:13:06.60,60094.89274,5.89,0.584,19.92,19.73,19.73,1,2.02,
KMT-2023-BLG-3077,BLG03K0704.011032,17:58:25.48,-27:28:53.11,60193.41235,189.14,0.311,20.51,18.27,18.27,1,1.85,
KMT-2023-BLG-3078,BLG03K0705.006928,17:58:10.48,-27:20:39.98,59991.86371,51.56,0.099,21.58,18.43,18.43,2,2.86,
KMT-2023-BLG-3079,BLG03M0105.078284,18:06:27.23,-27:21:56.48,60137.33174,38.2,0.588,20.78,20.0,20.11,1,0.96,
KMT-2023-BLG-3080,BLG03N0103.033251,18:06:34.94,-28:37:19.60,60151.10256,27.78,0.263,21.58,19.02,19.02,1,0.92,
KMT-2023-BLG-3081,BLG03N0207.001073,18:05:50.69,-28:13:18.59,60230.79025,53.53,0.278,20.2,14.86,14.86,1,0.72,
KMT-2023-BLG-3082,BLG03N0301.013350,18:05:18.57,-28:56:07.40,60210.83109,57.73,0.95,18.69,18.11,18.11,1,1.0,
KMT-2023-BLG-3083,BLG03N0402.063416,18:04:48.89,-28:50:26.41,59989.39549,53.77,0.085,21.13,19.43,19.43,1,0.85,
KMT-2023-BLG-3084,BLG03N0602.047298,18:03:22.25,-28:47:08.92,59998.08986,198.66,0.016,24.45,18.94,18.94,1,0.79,
KMT-2023-BLG-3085,BLG03N0807.021405,18:02:36.30,-28:09:05.00,60220.92797,50.14,0.999,18.38,18.22,18.22,1,0.93,
KMT-2023-BLG-3086,BLG03T0707.030645,17:58:17.52,-28:08:51.79,59998.09498,146.74,0.011,24.45,19.24,19.24,1,2.34,
KMT-2023-BLG-3087,BLG04K0403.004156,18:01:57.27,-29:42:00.61,60053.95115,120.36,0.379,19.13,16.28,16.28,1,0.98,
KMT-2023-BLG-3088,BLG04N0604.048502,18:05:39.11,-30:41:50.89,60189.81631,38.2,0.081,22.21,19.81,19.81,1,0.99,
KMT-2023-BLG-3089,BLG11M0103.005790,17:31:58.08,-29:36:49.86,60207.37975,197.54,0.198,21.34,18.4,18.4,2,3.01,
KMT-2023-BLG-3090,BLG11T0507.040091,17:24:51.07,-30:11:32.68,59986.84425,47.06,0.083,22.0,20.0,20.72,2,2.3,
KMT-2023-BLG-3091,SSO12K0802.027577,17:23:18.66,-27:31:59.34,60185.65716,97.26,0.996,19.83,20.0,20.57,2,1.84,
KMT-2023-BLG-3092,BLG13K0502.010228,17:31:46.73,-34:03:48.10,60059.04949,14.29,1.0,19.98,20.0,21.01,2,5.59,
KMT-2023-BLG-3093,BLG14K0403.046372,17:34:50.82,-28:33:23.51,60105.28177,12.03,0.291,20.72,20.0,21.48,2,3.07,
KMT-2023-BLG-3094,BLG14K0804.065523,17:32:19.01,-28:23:22.78,59996.33879,35.14,0.225,21.88,20.0,21.28,2,2.48,
KMT-2023-BLG-3095,BLG14M0104.019181,17:41:26.37,-28:24:15.48,60047.06688,7.9,0.853,19.94,20.0,20.5,2,4.16,
KMT-2023-BLG-3096,BLG14M0202.016505,17:40:49.68,-28:37:25.86,60173.1152,14.25,0.671,20.17,20.0,20.57,2,4.48,
KMT-2023-BLG-3097,BLG15M0103.004715,17:41:12.18,-26:25:10.56,60165.38596,42.52,0.289,21.26,18.37,18.37,2,3.06,
KMT-2023-BLG-3098,BLG15N0807.008993,17:37:26.07,-26:59:36.42,60058.6054,34.4,0.689,20.33,19.08,19.08,2,2.59,
KMT-2023-BLG-3099,BLG15T0208.023314,17:36:06.37,-26:57:24.30,60068.90519,3.01,0.801,19.68,19.53,19.53,1,2.12,
KMT-2023-BLG-3100,SAO16N0506.018154,17:39:12.26,-25:00:14.76,60194.10599,5.92,0.844,19.98,20.0,20.48,2,2.69,
KMT-2023-BLG-3101,BLG17N0603.037905,17:46:27.21,-33:56:19.50,60184.39335,45.79,0.518,20.24,19.48,19.48,1,1.49,
KMT-2023-BLG-3102,BLG17T0508.048463,17:41:52.43,-33:18:49.39,59986.50954,11.55,0.998,19.98,20.0,21.85,2,3.81,
KMT-2023-BLG-3103,BLG17T0602.019237,17:41:20.46,-34:07:53.58,60054.45571,21.02,0.558,20.59,20.0,20.04,2,2.31,
KMT-2023-BLG-3104,BLG17T0605.010145,17:41:23.83,-33:44:46.68,60030.37333,27.91,0.2,21.72,18.81,18.81,4,2.21,
KMT-2023-BLG-3105,BLG18K0802.005039,17:41:46.49,-26:27:40.00,60090.36955,50.96,0.671,20.43,18.56,18.56,2,3.41,
KMT-2023-BLG-3106,BLG18M0702.011955,17:47:02.32,-26:27:54.32,60133.01292,57.51,0.703,20.57,20.0,20.29,2,4.48,
KMT-2023-BLG-3107,BLG19K0306.014459,17:44:32.61,-23:58:27.08,60084.00788,21.94,1.0,19.46,18.74,18.74,1,1.74,
KMT-2023-BLG-3108,BLG19K0605.035066,17:42:54.06,-24:00:04.10,59996.28841,14.66,0.829,19.48,19.57,19.57,1,1.69,
KMT-2023-BLG-3109,BLG19K0605.068006,17:43:04.48,-24:03:38.59,59995.76177,35.3,0.075,21.81,20.0,20.7,1,1.75,
KMT-2023-BLG-3110,BLG19K0705.069289,17:42:02.33,-24:01:59.23,60180.39349,35.53,0.102,21.52,20.0,21.75,2,1.88,
KMT-2023-BLG-3111,BLG19M0802.059969,17:46:32.53,-24:25:19.85,59985.20712,197.69,0.038,23.17,20.0,21.49,2,2.68,
KMT-2023-BLG-3112,BLG19M0807.045599,17:46:13.10,-23:45:38.59,60061.53861,68.33,0.333,21.77,20.0,20.0,1,1.77,
KMT-2023-BLG-3113,BLG19M0808.005327,17:46:32.63,-23:40:52.61,60053.4112,13.85,0.601,20.89,17.68,17.68,1,1.8,
KMT-2023-BLG-3114,BLG20K0405.001858,17:44:11.22,-21:53:21.95,60196.14117,111.83,0.998,18.0,16.34,16.34,4,1.31,
KMT-2023-BLG-3115,SSO20N0207.000043,17:49:48.11,-22:48:37.30,59994.57702,65.16,0.196,16.55,13.43,13.43,1,2.19,
KMT-2023-BLG-3116,BLG20N0301.016213,17:48:53.15,-23:34:13.22,60056.42175,55.15,0.262,21.59,19.42,19.42,2,1.73,
KMT-2023-BLG-3117,SSO21M0807.030655,17:55:08.17,-34:27:36.00,60012.92245,83.91,0.639,19.24,19.21,19.21,1,0.9,
KMT-2023-BLG-3118,BLG22K0403.017548,17:52:08.55,-32:52:02.60,60104.35444,58.35,0.507,19.92,18.86,18.86,1,1.71,
KMT-2023-BLG-3119,BLG22K0704.026077,17:50:25.09,-32:46:15.20,60061.16388,12.39,0.575,20.6,19.67,19.67,1,2.06,
KMT-2023-BLG-3120,BLG22M0206.001649,17:58:13.55,-32:33:18.00,60178.08529,34.02,0.392,19.78,15.89,15.89,1,1.35,
KMT-2023-BLG-3121,BLG22M0407.038388,17:57:13.48,-32:20:44.70,60158.75643,53.03,0.457,20.86,19.5,19.5,1,1.41,
KMT-2023-BLG-3122,BLG22N0302.035882,17:57:50.33,-34:06:59.69,60064.16314,34.37,0.8,19.94,19.38,19.38,1,0.78,
KMT-2023-BLG-3123,BLG22T0202.037347,17:53:05.37,-34:08:03.30,60103.19078,16.92,0.571,20.11,19.61,19.61,1,1.56,
KMT-2023-BLG-3124,BLG22T0405.066161,17:52:21.43,-33:43:53.72,60066.88051,46.23,0.599,20.77,20.0,25.0,3,2.05,
KMT-2023-BLG-3125,SSO22T0708.077069,17:50:06.20,-33:23:14.93,60179.24841,6.89,0.141,20.9,20.0,21.33,2,1.81,
KMT-2023-BLG-3126,SSO32T0303.037356,18:09:26.85,-28:42:48.82,60197.33584,42.27,0.395,19.93,19.16,19.16,1,0.81,
KMT-2023-BLG-3127,BLG33M0704.028680,18:14:17.33,-29:34:48.00,60076.91018,5.17,0.596,19.12,19.11,19.11,1,0.35,
KMT-2023-BLG-3128,BLG33N0801.014969,18:13:31.92,-31:03:30.85,60062.9256,7.41,0.789,18.94,18.83,18.83,4,0.36,
KMT-2023-BLG-3129,BLG34N0408.020634,18:06:42.97,-32:14:49.88,60202.91902,64.69,0.983,19.21,19.12,19.12,1,0.77,OB231307
KMT-2023-BLG-3130,BLG35N0102.001603,18:08:29.45,-26:42:31.72,60009.4995,48.5,0.711,17.94,15.85,15.85,1,1.33,
KMT-2023-BLG-3131,SSO35T0201.089466,18:03:16.45,-26:50:21.80,60207.85348,199.93,0.338,16.88,20.0,25.0,3,2.07,
KMT-2023-BLG-3132,SSO35T0602.021166,18:00:58.72,-26:40:52.14,60226.98729,185.59,0.027,22.63,20.0,20.07,2,2.77,
KMT-2023-BLG-3133,BLG36M0404.012134,18:18:42.15,-23:14:20.18,60021.85423,59.27,0.96,19.02,18.63,18.63,1,1.39,
KMT-2023-BLG-3134,SSO37K0405.000339,17:42:03.63,-34:43:54.48,60041.04571,101.1,0.933,18.05,15.23,15.23,2,2.19,
KMT-2023-BLG-3135,BLG41K0106.052723,17:53:55.81,-30:27:12.38,60031.08542,3.83,0.323,20.42,19.44,19.44,1,1.48,
KMT-2023-BLG-3136,BLG41K0106.077941,17:53:44.13,-30:29:06.90,60041.75587,181.34,0.091,22.36,19.96,19.96,1,1.58,
KMT-2023-BLG-3137,BLG41K0608.002939,17:50:39.49,-30:15:14.00,59995.25244,61.9,0.137,20.63,16.42,16.42,1,2.55,
KMT-2023-BLG-3138,SSO41K0808.039365,17:49:33.84,-30:12:27.32,60198.62075,27.21,0.008,23.46,20.0,21.13,3,3.74,
KMT-2023-BLG-3139,BLG41M0402.002857,17:57:09.05,-31:04:19.31,59985.85308,199.98,0.072,20.48,15.83,15.83,1,1.12,
KMT-2023-BLG-3140,SSO41M0408.016091,17:56:55.80,-30:18:17.78,60231.53037,127.8,0.042,23.32,18.68,18.68,1,2.0,
KMT-2023-BLG-3141,SSO41M0706.010988,17:55:05.53,-30:29:39.70,60202.9549,20.67,0.569,19.85,18.89,18.89,1,2.71,
KMT-2023-BLG-3142,SAO41M0808.068513,17:54:34.22,-30:14:43.08,60087.78084,12.14,0.493,20.36,20.0,21.53,2,1.97,
KMT-2023-BLG-3143,BLG41N0504.044744,17:56:12.61,-31:56:16.58,60166.14541,98.56,0.066,22.55,19.45,19.45,1,1.16,
KMT-2023-BLG-3144,BLG41T0705.007145,17:49:59.08,-31:48:04.21,60067.92976,27.15,0.199,22.44,20.0,21.85,3,5.71,
KMT-2023-BLG-3145,SSO42K0508.043147,17:51:28.67,-28:12:37.15,60228.05439,11.52,0.026,23.29,20.0,22.18,2,4.5,
KMT-2023-BLG-3146,SAO42M0502.004134,17:56:14.22,-28:55:20.78,60010.09424,18.62,0.998,18.43,16.37,16.37,1,2.12,
KMT-2023-BLG-3147,BLG42M0602.082794,17:55:44.07,-28:57:13.10,60020.8125,23.21,0.819,19.87,20.0,20.5,2,1.76,
KMT-2023-BLG-3148,BLG42M0606.028904,17:55:37.61,-28:25:01.42,60010.90459,24.65,0.202,22.03,19.78,19.78,2,2.13,
KMT-2023-BLG-3149,BLG42N0107.066849,17:58:41.69,-29:26:15.79,60144.94209,5.39,0.214,20.81,19.49,19.49,1,1.24,
KMT-2023-BLG-3150,BLG42N0506.035173,17:56:27.39,-29:29:55.79,60098.75298,3.84,0.377,20.35,18.85,18.85,1,1.59,
KMT-2023-BLG-3151,BLG42N0507.075032,17:56:05.96,-29:26:39.19,60219.76129,46.1,0.61,20.06,19.82,19.82,1,1.9,
KMT-2023-BLG-3152,SSO42N0706.075176,17:55:10.37,-29:32:20.00,60110.91087,15.5,0.3,21.18,19.45,19.45,1,1.29,
KMT-2023-BLG-3153,BLG42N0801.022958,17:54:36.67,-30:08:15.72,60217.53414,2.52,0.016,21.85,18.69,18.69,3,1.29,
KMT-2023-BLG-3154,BLG42T0208.045576,17:53:10.00,-29:18:54.29,60027.02116,3.1,0.981,19.41,19.4,19.4,1,2.29,
KMT-2023-BLG-3155,BLG43K0105.029745,18:01:27.92,-27:26:34.30,60043.86799,19.78,0.2,21.92,18.89,18.89,1,1.59,
KMT-2023-BLG-3156,BLG43K0506.062154,17:59:06.12,-27:22:11.32,60028.23179,50.51,0.37,20.65,20.0,20.01,1,1.92,
KMT-2023-BLG-3157,BLG43M0307.063094,18:05:00.02,-27:14:47.90,59999.0636,11.83,0.384,20.03,19.49,19.49,1,0.94,
KMT-2023-BLG-3158,BLG43M0404.060675,18:04:29.60,-27:34:14.41,60040.60372,24.5,0.211,21.36,19.52,19.52,1,0.96,
KMT-2023-BLG-3159,BLG43M0805.054804,18:02:16.10,-27:25:05.41,60083.77423,9.1,0.93,19.76,19.7,19.7,1,1.72,
KMT-2023-BLG-3160,BLG43N0404.007446,18:04:30.41,-28:42:04.21,60050.07784,149.29,0.057,23.11,17.27,17.27,1,0.88,
KMT-2023-BLG-3161,BLG43T0101.039388,18:01:11.38,-29:02:15.11,60178.72569,22.9,0.01,23.28,18.95,18.95,1,1.22,
KMT-2023-BLG-3162,BLG43T0402.013060,17:59:30.56,-28:59:53.02,60016.12017,39.08,0.472,20.34,17.64,17.64,1,1.01,
