Event,FieldStarID,RA,Dec,t_0,t_E,u_0,Isource,Ibase,Icat,Ctype,A_I,Related_event
KMT-2017-BLG-0001,SAO01K0102.050195,17:53:50.81,-30:54:33.19,7812.2982,14.28,0.092,20.8,19.68,19.68,1,1.93,MB17068
KMT-2017-BLG-0002,SAO01K0103.056513,17:54:12.10,-30:44:55.61,7861.1674,7.37,0.269,20.64,19.96,19.96,1,1.81,
KMT-2017-BLG-0003,BLG01K0104.027511,17:54:01.12,-30:36:58.72,7879.64283,38.6,0.577,18.94,19.14,19.14,1,1.54,OB170411
KMT-2017-BLG-0004,BLG01K0104.069745,17:53:57.38,-30:40:08.62,7959.30411,49.85,0.184,20.78,20.0,20.27,1,2.23,
KMT-2017-BLG-0005,SAO01K0106.001021,17:54:00.08,-30:20:13.96,7884.17742,56.95,0.053,21.15,15.32,15.32,2,1.54,OB170627
KMT-2017-BLG-0006,BLG01K0106.003437,17:53:49.36,-30:22:01.20,7966.26909,51.69,0.997,16.47,16.04,16.04,1,1.5,OB170910
KMT-2017-BLG-0007,BLG01K0106.011476,17:54:07.71,-30:21:30.89,7830.95654,59.93,0.175,20.77,17.71,17.71,1,1.74,OB170215
KMT-2017-BLG-0008,BLG01K0106.028600,17:54:13.11,-30:22:58.12,7995.31296,16.62,0.132,19.61,18.81,18.81,1,1.74,OB171603 MB17443
KMT-2017-BLG-0009,SAO01K0108.006124,17:54:06.83,-30:10:41.63,7827.26751,67.19,0.014,16.49,16.5,16.5,2,1.43,OB170005 MB17025
KMT-2017-BLG-0010,SAO01K0201.055701,17:53:25.20,-30:59:57.59,7886.23135,20.56,0.103,20.45,19.87,19.87,1,1.93,MB17248
KMT-2017-BLG-0011,BLG01K0205.009288,17:53:15.16,-30:32:30.70,7877.5595,14.01,0.494,17.41,17.51,17.51,1,2.09,OB170605 MB17222
KMT-2017-BLG-0012,BLG01K0205.036719,17:53:22.94,-30:32:28.50,7874.88874,15.1,0.033,21.53,19.25,19.25,1,1.81,OB170756
KMT-2017-BLG-0013,BLG01K0205.087747,17:53:25.98,-30:29:23.50,7844.61498,8.85,0.274,19.84,20.0,20.44,1,1.7,OB171025
KMT-2017-BLG-0014,BLG01K0207.003910,17:53:24.98,-30:14:13.96,7885.79392,11.71,0.999,18.4,16.56,16.56,2,1.62,OB170628
KMT-2017-BLG-0015,SAO01K0207.005603,17:53:19.30,-30:12:38.59,7929.41648,17.48,0.176,16.72,16.76,16.76,2,1.4,OB170924 MB17304
KMT-2017-BLG-0016,SSO01K0207.007321,17:53:07.14,-30:14:45.85,7984.71582,82.46,0.037,20.04,17.2,17.2,2,1.67,OB171392 OB171434 MB17425
KMT-2017-BLG-0017,BLG01K0207.027166,17:53:30.23,-30:13:06.24,7885.58691,43.05,0.578,18.9,18.84,18.84,2,1.62,OB170629
KMT-2017-BLG-0018,BLG01K0208.006495,17:53:17.46,-30:11:00.92,7927.96399,19.96,0.666,17.05,17.08,17.08,2,1.56,OB171040 MB17341
KMT-2017-BLG-0019,SAO01K0208.019551,17:53:39.41,-30:07:46.42,7900.36393,16.91,0.046,19.93,18.25,18.25,1,1.6,
KMT-2017-BLG-0020,BLG01K0302.022768,17:52:30.06,-30:50:46.79,7844.19336,17.48,0.015,22.39,18.69,18.69,1,1.91,
KMT-2017-BLG-0021,BLG01K0303.006549,17:53:00.79,-30:46:18.08,8029.04318,63.5,0.154,21.08,17.0,17.0,1,1.64,OB171798
KMT-2017-BLG-0022,BLG01K0304.010197,17:52:52.93,-30:38:02.00,7836.7023,13.86,0.415,18.48,17.95,17.95,1,2.27,OB170321
KMT-2017-BLG-0023,SAO01K0306.038932,17:52:34.71,-30:26:28.50,7855.82208,21.01,0.051,20.74,19.49,19.49,1,2.31,OB170471
KMT-2017-BLG-0024,SAO01K0307.018877,17:52:50.21,-30:13:01.24,8028.77308,13.58,0.169,18.9,18.94,18.94,2,1.56,OB171776
KMT-2017-BLG-0025,SAO01K0307.019992,17:52:34.06,-30:16:46.60,7947.31918,11.38,0.014,20.76,19.03,19.03,2,1.77,OB171368
KMT-2017-BLG-0026,BLG01K0307.021976,17:52:42.61,-30:14:13.27,7983.12653,23.94,0.164,19.99,19.57,19.57,2,1.67,OB171539
KMT-2017-BLG-0027,BLG01K0401.017067,17:52:16.08,-31:03:15.19,7993.61458,6.95,0.23,20.68,18.79,18.79,1,2.08,OB171660
KMT-2017-BLG-0028,BLG01K0401.046999,17:51:56.73,-31:03:36.79,7822.40085,12.88,0.349,20.32,19.82,19.82,1,2.15,
KMT-2017-BLG-0029,SAO01K0403.025111,17:52:02.64,-30:45:02.70,7997.65448,11.75,0.028,20.91,18.96,18.96,1,1.92,
KMT-2017-BLG-0030,SAO01K0404.031734,17:52:16.10,-30:36:43.49,7951.14594,4.87,0.104,20.45,19.21,19.21,1,2.44,
KMT-2017-BLG-0031,BLG01K0404.063467,17:52:17.06,-30:41:07.58,7833.05909,8.64,0.588,19.95,20.0,20.02,1,1.79,
KMT-2017-BLG-0032,SAO01K0405.030988,17:52:06.87,-30:30:15.52,7976.71009,16.38,0.495,20.42,19.48,19.48,1,2.29,
KMT-2017-BLG-0033,BLG01K0407.024170,17:52:06.03,-30:19:11.10,8033.35604,15.16,0.071,20.51,19.34,19.34,2,2.13,
KMT-2017-BLG-0034,BLG01K0407.038993,17:52:00.30,-30:14:29.29,7867.88908,40.94,0.038,22.47,19.43,19.43,1,1.97,OB170579
KMT-2017-BLG-0035,SAO01K0407.040319,17:52:20.69,-30:13:24.82,7955.33455,17.95,0.146,19.47,19.47,19.47,1,1.87,OB171274
KMT-2017-BLG-0036,BLG01K0407.063255,17:51:56.78,-30:16:56.39,7933.20102,17.91,0.064,22.09,20.0,20.51,1,2.15,
KMT-2017-BLG-0037,BLG01K0408.063103,17:52:22.97,-30:08:51.00,7856.84258,7.19,0.186,20.52,19.88,19.88,1,1.77,
KMT-2017-BLG-0038,BLG01K0503.035448,17:51:45.15,-30:45:51.01,8040.40269,10.04,0.32,19.93,19.52,19.52,1,2.07,
KMT-2017-BLG-0039,BLG01K0507.003688,17:51:31.99,-30:18:00.86,7852.19501,11.57,1.0,17.54,17.0,17.0,2,2.46,OB170463
KMT-2017-BLG-0040,BLG01K0507.046361,17:51:43.01,-30:14:44.20,7856.45834,2.53,0.21,19.65,19.73,19.73,1,2.2,OB170534
KMT-2017-BLG-0041,BLG01K0508.004277,17:51:34.41,-30:04:31.40,7953.16483,14.81,0.402,16.6,16.6,16.6,1,2.18,OB171226 MB17361
KMT-2017-BLG-0042,BLG01K0508.040195,17:51:35.41,-30:10:49.58,7825.81289,26.83,0.283,19.35,19.47,19.47,1,2.12,OB170196
KMT-2017-BLG-0043,SAO01K0603.030304,17:50:55.97,-30:46:56.89,7896.3825,30.33,0.189,20.94,19.47,19.47,1,2.65,OB170879
KMT-2017-BLG-0044,BLG01K0603.064797,17:50:56.16,-30:47:43.51,7808.91407,29.04,0.098,21.83,20.0,20.44,1,2.65,
KMT-2017-BLG-0045,SAO01K0607.053464,17:51:09.78,-30:18:09.47,7846.70728,12.32,0.108,20.41,20.0,20.0,4,2.44,
KMT-2017-BLG-0046,BLG01K0608.005758,17:51:21.62,-30:05:44.70,7934.69426,17.77,0.261,16.99,16.97,16.97,1,2.29,OB170926 MB17313
KMT-2017-BLG-0047,BLG01K0608.029754,17:50:48.68,-30:05:08.92,7864.98208,16.18,0.863,19.18,19.27,19.27,1,2.73,OB170473
KMT-2017-BLG-0048,BLG01K0707.015865,17:50:28.94,-30:12:58.61,7921.78619,20.94,0.815,18.67,18.75,18.75,1,2.96,OB170998
KMT-2017-BLG-0049,SAO01K0708.003898,17:50:16.63,-30:08:37.61,8039.80298,12.24,0.906,16.99,16.96,16.96,1,2.85,
KMT-2017-BLG-0050,BLG01K0801.007718,17:50:02.26,-31:02:59.10,7810.33962,9.99,0.504,19.2,19.02,19.02,2,3.34,
KMT-2017-BLG-0051,SAO01K0803.025599,17:49:50.22,-30:44:24.40,8026.80915,42.92,0.012,20.86,19.71,19.71,1,3.1,
KMT-2017-BLG-0052,SAO01K0804.002779,17:50:02.80,-30:39:06.41,8024.59309,15.44,0.997,17.4,16.69,16.69,1,2.67,
KMT-2017-BLG-0053,BLG01K0804.002861,17:50:00.17,-30:36:22.61,7810.83752,33.84,0.015,18.57,16.71,16.71,1,2.6,OB170070
KMT-2017-BLG-0054,SAO01K0805.039044,17:49:54.87,-30:29:13.88,7972.74562,11.59,0.005,21.37,20.0,20.06,1,2.99,
KMT-2017-BLG-0055,BLG01K0808.022137,17:50:10.21,-30:05:13.20,7815.90155,59.02,0.069,20.16,19.77,19.77,1,3.37,OB170104
KMT-2017-BLG-0056,BLG01M0103.048474,17:59:08.95,-30:45:00.90,7944.00284,199.91,0.006,23.89,19.87,19.87,1,1.54,OB170936
KMT-2017-BLG-0057,BLG01M0108.007486,17:58:38.91,-30:06:33.08,8042.74107,3.39,0.307,18.59,17.56,17.56,1,1.46,
KMT-2017-BLG-0058,BLG01M0201.015386,17:58:35.57,-30:57:07.42,7832.20335,64.24,0.164,20.76,18.82,18.82,1,1.68,
KMT-2017-BLG-0059,SAO01M0207.011754,17:58:23.89,-30:14:01.72,7963.07016,9.42,0.024,21.24,18.27,18.27,1,1.6,
KMT-2017-BLG-0060,BLG01M0208.004654,17:58:15.68,-30:09:31.61,7956.83188,14.28,0.081,20.36,16.89,16.89,1,1.45,
KMT-2017-BLG-0061,BLG01M0302.033805,17:57:50.71,-30:52:05.70,7986.78539,3.99,0.991,19.18,19.2,19.2,1,1.34,
KMT-2017-BLG-0062,BLG01M0302.039266,17:57:41.52,-30:50:25.58,7988.76285,24.71,0.289,20.22,19.35,19.35,1,1.36,
KMT-2017-BLG-0063,SSO01M0303.002647,17:57:40.88,-30:48:22.90,8005.41572,65.27,0.009,22.68,16.12,16.12,1,1.41,
KMT-2017-BLG-0064,BLG01M0307.022954,17:57:54.25,-30:15:39.82,7921.59942,2.25,0.291,19.02,19.08,19.08,1,1.69,OB171164
KMT-2017-BLG-0065,BLG01M0307.034061,17:58:00.43,-30:14:59.39,8017.36384,5.96,0.036,21.28,19.44,19.44,1,1.54,OB171763
KMT-2017-BLG-0066,BLG01M0403.053121,17:56:56.49,-30:42:09.90,7893.40599,8.7,0.015,20.46,19.61,19.61,1,1.57,OB170856 MB17259
KMT-2017-BLG-0067,BLG01M0403.065224,17:57:04.44,-30:43:10.42,8006.47152,10.88,0.135,20.36,19.91,19.91,1,1.36,
KMT-2017-BLG-0068,BLG01M0405.005077,17:57:25.81,-30:28:26.69,7879.13062,8.98,0.899,18.1,17.57,17.57,1,2.03,OB170675
KMT-2017-BLG-0069,BLG01M0405.044456,17:57:09.40,-30:31:55.49,7844.14802,33.12,0.162,21.32,20.0,20.33,1,2.51,
KMT-2017-BLG-0070,SAO01M0406.059765,17:57:09.18,-30:19:11.60,7932.4003,37.65,0.533,19.92,20.0,20.25,1,1.87,
KMT-2017-BLG-0071,BLG01M0501.008126,17:56:46.83,-30:58:18.98,7907.84452,26.53,0.938,17.42,17.48,17.48,1,1.21,OB170670
KMT-2017-BLG-0072,SAO01M0501.042007,17:56:40.61,-31:00:44.50,7946.08491,2.94,0.369,19.17,19.17,19.17,1,1.16,OB171280
KMT-2017-BLG-0073,BLG01M0503.019505,17:56:42.67,-30:41:43.12,8021.96381,43.55,0.893,18.4,18.43,18.43,1,1.5,OB171560
KMT-2017-BLG-0074,BLG01M0503.062092,17:56:39.00,-30:46:16.21,7813.62304,199.5,0.208,19.54,19.56,19.56,1,1.19,MB17050
KMT-2017-BLG-0075,BLG01M0504.053299,17:56:47.40,-30:38:16.51,8019.76394,8.34,0.03,20.72,19.87,19.87,1,1.87,
KMT-2017-BLG-0076,SAO01M0506.038742,17:56:19.91,-30:20:17.48,7953.51456,30.71,0.073,20.37,19.77,19.77,1,1.89,OB171282
KMT-2017-BLG-0077,SAO01M0507.068650,17:56:48.28,-30:17:58.81,7884.52003,63.04,0.054,20.88,20.0,20.07,1,2.0,OB170588
KMT-2017-BLG-0078,BLG01M0507.069185,17:56:37.19,-30:18:40.28,7969.4796,198.72,0.015,22.24,20.0,20.08,1,2.04,OB171375
KMT-2017-BLG-0079,SAO01M0508.020286,17:56:21.88,-30:05:00.38,7953.67646,25.52,0.316,19.5,18.46,18.46,1,1.4,OB171248 OB171487
KMT-2017-BLG-0080,SAO01M0602.052870,17:56:10.19,-30:52:43.50,7938.31223,9.39,0.61,19.26,19.23,19.23,1,1.37,
KMT-2017-BLG-0081,BLG01M0603.084452,17:55:45.86,-30:45:57.71,8013.81628,16.4,0.855,20.02,20.0,20.2,1,1.45,
KMT-2017-BLG-0082,BLG01M0604.012837,17:55:59.11,-30:40:58.40,8009.37881,7.91,0.064,20.15,18.31,18.31,1,1.74,
KMT-2017-BLG-0083,BLG01M0604.044705,17:56:02.54,-30:35:12.59,7864.28309,26.15,0.446,19.4,19.52,19.52,1,1.66,OB170997
KMT-2017-BLG-0084,SAO01M0605.043904,17:56:11.70,-30:31:41.70,7873.91391,38.05,0.063,19.9,20.0,20.0,1,1.93,OB170482 MB17209
KMT-2017-BLG-0085,BLG01M0702.077478,17:55:12.23,-30:52:50.02,7841.96066,22.98,0.103,21.6,19.86,19.86,1,1.43,OB170405
KMT-2017-BLG-0086,BLG01M0702.085615,17:55:20.22,-30:50:02.00,7872.94893,20.11,0.015,23.5,20.0,20.08,1,1.44,OB170672
KMT-2017-BLG-0087,BLG01M0703.021976,17:55:29.20,-30:43:49.30,7996.2434,19.0,0.446,18.73,18.79,18.79,1,1.65,OB171543
KMT-2017-BLG-0088,BLG01M0705.007100,17:55:37.22,-30:28:14.09,7955.41159,9.12,0.886,19.09,17.98,17.98,1,2.58,OB171338
KMT-2017-BLG-0089,SAO01M0708.019393,17:55:15.57,-30:04:22.80,7967.32739,16.57,0.277,18.1,18.39,18.39,1,1.49,OB171304
KMT-2017-BLG-0090,BLG01M0801.006617,17:54:40.48,-31:01:54.91,7880.49447,42.0,0.924,17.71,16.98,16.98,1,1.27,OB170448
KMT-2017-BLG-0091,BLG01M0801.066041,17:54:48.06,-30:57:39.89,7915.98921,6.64,0.126,19.71,19.69,19.69,1,1.58,OB171096
KMT-2017-BLG-0092,BLG01M0807.006326,17:54:38.56,-30:12:05.69,7873.87565,8.72,0.195,19.67,17.45,17.45,2,1.43,OB170677
KMT-2017-BLG-0093,BLG01M0808.004437,17:54:45.38,-30:10:39.14,7947.44893,39.37,0.31,19.22,16.65,16.65,2,1.35,OB171260
KMT-2017-BLG-0094,BLG01N0103.034441,17:59:01.60,-31:55:50.70,7883.34826,18.6,0.059,20.46,19.73,19.73,1,1.53,OB170681
KMT-2017-BLG-0095,BLG01N0207.021166,17:58:11.80,-31:25:14.92,7825.92592,12.83,0.612,19.16,19.11,19.11,1,1.35,
KMT-2017-BLG-0096,BLG01N0208.038900,17:58:14.83,-31:13:28.09,7856.23802,44.39,0.279,19.57,19.86,19.86,1,1.8,OB170360
KMT-2017-BLG-0097,BLG01N0303.057686,17:57:44.22,-31:52:25.72,7825.93542,15.83,0.086,21.24,20.0,20.42,1,1.72,
KMT-2017-BLG-0098,BLG01N0304.011409,17:57:36.05,-31:47:33.22,7801.75442,23.28,0.529,18.76,18.79,18.79,1,1.63,OB170031
KMT-2017-BLG-0099,BLG01N0401.042684,17:57:15.39,-32:06:43.09,7985.13152,28.38,0.243,20.59,19.64,19.64,1,1.34,OB171579
KMT-2017-BLG-0100,SAO01N0505.023006,17:56:37.84,-31:36:43.20,7995.83401,15.56,0.016,18.99,19.09,19.09,1,1.71,OB171584 MB17439
KMT-2017-BLG-0101,BLG01N0505.051555,17:56:47.60,-31:40:45.41,8008.78632,22.38,0.39,19.88,19.88,19.88,1,1.51,OB171725
KMT-2017-BLG-0102,BLG01N0508.065652,17:56:47.11,-31:18:37.01,7887.0739,11.58,0.055,19.9,19.96,19.96,1,1.45,OB170684 MB17254
KMT-2017-BLG-0103,SSO01N0601.027892,17:56:01.51,-32:09:19.19,7839.30256,3.89,0.036,19.21,19.22,19.22,1,1.35,OB170382
KMT-2017-BLG-0104,BLG01N0604.016897,17:55:46.85,-31:42:31.28,7795.64601,28.74,0.143,18.53,18.59,18.59,1,1.41,OB170032 MB17021
KMT-2017-BLG-0105,SAO01N0607.034534,17:56:11.04,-31:21:24.80,7928.67936,17.88,0.044,20.7,19.29,19.29,1,1.53,OB171165
KMT-2017-BLG-0106,SAO01N0608.007850,17:55:52.27,-31:17:02.11,7886.47851,44.05,0.224,20.28,17.71,17.71,1,1.62,OB170685
KMT-2017-BLG-0107,SAO01N0701.021472,17:55:31.79,-32:06:15.70,7975.62509,11.99,0.996,19.42,19.1,19.1,1,1.56,OB171494
KMT-2017-BLG-0108,BLG01N0701.055326,17:55:17.15,-32:04:34.79,7963.06044,29.75,0.056,19.61,20.0,20.07,1,1.51,MB17404
KMT-2017-BLG-0109,BLG01N0703.032136,17:55:30.31,-31:51:40.61,7829.21985,16.75,0.025,22.06,19.14,19.14,1,1.24,
KMT-2017-BLG-0110,SAO01N0703.047390,17:55:25.48,-31:51:29.81,7958.30768,95.46,0.016,22.74,19.52,19.52,1,1.39,OB171369
KMT-2017-BLG-0111,SAO01N0704.031032,17:55:37.42,-31:43:37.60,7919.49155,6.21,0.727,19.04,19.1,19.1,1,1.4,
KMT-2017-BLG-0112,BLG01N0705.017318,17:55:28.46,-31:34:19.88,7876.17406,38.51,0.195,21.12,18.55,18.55,1,1.33,
KMT-2017-BLG-0113,BLG01N0707.077267,17:55:36.23,-31:19:20.10,8020.1787,26.03,0.07,21.83,20.0,20.3,1,1.59,
KMT-2017-BLG-0114,SSO01N0708.010284,17:55:39.45,-31:18:30.71,7966.99458,58.35,0.092,17.92,18.02,18.02,1,1.59,OB170686 MB17316
KMT-2017-BLG-0115,SAO01N0802.023371,17:54:59.16,-31:57:54.79,7824.11601,12.15,0.341,19.11,19.1,19.1,1,1.48,OB170298 MB17079
KMT-2017-BLG-0116,BLG01N0803.010111,17:54:37.79,-31:50:15.68,7825.65874,7.12,0.259,18.1,18.13,18.13,1,1.54,OB170246 MB17087
KMT-2017-BLG-0117,BLG01N0804.007304,17:54:34.74,-31:45:44.50,7971.70301,46.16,0.153,21.43,17.68,17.68,1,1.84,
KMT-2017-BLG-0118,SAO01N0808.045690,17:54:56.47,-31:13:19.42,7921.38185,17.64,0.071,20.94,19.67,19.67,1,1.66,MB17318
KMT-2017-BLG-0119,BLG01T0103.006225,17:53:59.44,-31:55:42.71,7813.52589,76.35,0.12,20.65,17.44,17.44,1,1.71,OB170072
KMT-2017-BLG-0120,BLG01T0103.047235,17:53:58.74,-31:55:18.91,7869.58333,37.71,0.031,23.36,19.72,19.72,1,1.76,
KMT-2017-BLG-0121,BLG01T0106.010350,17:53:59.63,-31:31:56.78,7874.79744,14.05,0.25,18.22,18.21,18.21,1,1.72,OB170749
KMT-2017-BLG-0122,SAO01T0106.045441,17:53:51.48,-31:31:34.72,7834.71804,81.41,0.007,23.54,19.74,19.74,1,1.82,
KMT-2017-BLG-0123,SAO01T0202.007997,17:53:18.42,-31:57:33.98,7989.54128,118.06,0.304,18.11,17.82,17.82,1,1.92,OB170322 MB17388
KMT-2017-BLG-0124,BLG01T0204.027690,17:53:36.25,-31:47:55.10,8024.21837,28.32,0.23,19.21,19.26,19.26,1,1.8,OB171744
KMT-2017-BLG-0125,BLG01T0204.062542,17:53:09.73,-31:48:48.71,7851.29087,6.15,0.558,19.9,20.0,20.14,1,1.87,
KMT-2017-BLG-0126,SAO01T0205.003983,17:53:16.35,-31:36:31.28,7993.99719,8.75,0.542,16.81,16.82,16.82,1,2.06,OB171565 MB17435
KMT-2017-BLG-0127,BLG01T0208.003032,17:53:38.93,-31:11:08.70,7874.74233,20.18,0.02,22.04,16.47,16.47,1,2.08,
KMT-2017-BLG-0128,SAO01T0307.066794,17:52:56.76,-31:23:03.19,7980.16175,25.48,0.262,20.75,20.0,20.49,1,2.3,
KMT-2017-BLG-0129,BLG01T0308.025536,17:52:49.65,-31:18:09.61,7853.54495,27.47,0.002,24.07,19.27,19.27,1,2.11,
KMT-2017-BLG-0130,BLG01T0402.049079,17:52:10.87,-32:01:00.59,7806.23637,9.42,0.173,19.97,20.0,20.02,1,1.94,OB170178
KMT-2017-BLG-0131,BLG01T0403.030389,17:52:23.14,-31:50:48.80,7905.97869,19.37,0.095,21.07,19.75,19.75,1,2.17,OB170916
KMT-2017-BLG-0132,BLG01T0403.030739,17:52:09.57,-31:49:13.40,7850.97308,22.77,0.002,19.7,19.76,19.76,1,2.35,OB170504 MB17147
KMT-2017-BLG-0133,BLG01T0403.036300,17:52:06.05,-31:56:06.50,7906.08162,20.13,0.221,20.91,19.93,19.93,1,2.12,
KMT-2017-BLG-0134,SSO01T0404.050958,17:52:04.65,-31:45:44.78,8029.88959,17.0,0.047,21.32,20.0,20.34,1,2.49,
KMT-2017-BLG-0135,SAO01T0405.011849,17:52:06.93,-31:41:03.80,8009.56914,34.33,0.279,20.95,18.97,18.97,1,2.57,OB171740
KMT-2017-BLG-0136,SSO01T0406.004599,17:52:06.17,-31:31:09.19,8026.40828,17.82,0.035,19.19,17.5,17.5,1,2.6,OB171741
KMT-2017-BLG-0137,SAO01T0407.015936,17:52:13.95,-31:24:20.81,7868.39388,13.32,0.365,19.23,19.4,19.4,1,2.61,OB170751
KMT-2017-BLG-0138,BLG01T0408.036865,17:52:19.66,-31:15:55.01,7989.34051,9.77,0.182,20.24,19.95,19.95,1,2.56,
KMT-2017-BLG-0139,BLG01T0501.014141,17:51:38.38,-32:06:28.01,8027.31901,9.84,0.5,19.01,19.01,19.01,1,2.21,OB171799
KMT-2017-BLG-0140,BLG01T0502.005187,17:51:19.96,-32:02:29.69,7871.2638,15.96,0.774,18.21,17.73,17.73,2,2.24,OB170543
KMT-2017-BLG-0141,SSO01T0502.056221,17:51:44.94,-32:00:33.19,7931.41575,23.66,0.236,20.95,20.0,20.8,1,2.38,
KMT-2017-BLG-0142,BLG01T0506.005313,17:51:27.48,-31:26:58.70,7948.60866,33.28,0.275,17.94,17.99,17.99,1,2.87,OB170876 MB17355
KMT-2017-BLG-0143,SAO01T0508.003612,17:51:49.37,-31:15:46.01,7777.34872,26.18,0.144,17.8,17.62,17.62,1,2.88,OB170067 MB17017
KMT-2017-BLG-0144,SAO01T0808.000298,17:49:47.83,-31:12:10.19,8047.80827,26.1,0.5,17.06,16.98,16.98,2,4.14,OB171742
KMT-2017-BLG-0145,BLG02K0103.006407,17:54:06.45,-28:36:02.27,8041.96886,12.37,0.793,17.43,17.44,17.44,2,2.53,OB171812
KMT-2017-BLG-0146,SAO02K0103.010555,17:54:05.85,-28:39:32.40,7890.34241,43.26,0.781,19.16,17.23,17.23,2,2.31,OB170836
KMT-2017-BLG-0147,SAO02K0105.023958,17:53:46.67,-28:22:07.18,7892.34104,199.42,0.003,25.27,20.0,25.0,3,2.69,
KMT-2017-BLG-0148,SAO02K0201.040273,17:53:12.34,-28:57:43.60,7915.21548,27.04,0.134,20.31,20.0,20.47,1,2.5,
KMT-2017-BLG-0149,SAO02K0202.019373,17:53:36.93,-28:44:26.63,7924.5258,22.15,0.635,19.42,19.41,19.41,2,2.02,OB171142
KMT-2017-BLG-0150,BLG02K0203.014711,17:53:29.50,-28:39:27.32,8010.92297,14.5,0.758,18.76,18.69,18.69,2,2.67,OB171713
KMT-2017-BLG-0151,BLG02K0204.012036,17:53:34.01,-28:33:43.67,7945.12781,20.86,0.064,18.34,18.41,18.41,2,2.68,OB171143 MB17356
KMT-2017-BLG-0152,SAO02K0207.007437,17:53:40.47,-28:12:29.74,7895.74198,8.59,0.2,20.9,18.48,18.48,2,3.27,OB170837
KMT-2017-BLG-0153,SAO02K0303.013422,17:52:49.05,-28:40:56.93,7940.61282,82.43,0.058,22.55,18.74,18.74,2,2.98,OB171203
KMT-2017-BLG-0154,SAO02K0303.019255,17:52:32.89,-28:41:32.93,7833.89314,38.38,0.138,19.95,19.88,19.88,2,3.12,OB170309
KMT-2017-BLG-0155,SAO02K0304.007799,17:52:52.92,-28:32:08.45,7878.74772,0.93,0.725,18.19,18.23,18.23,2,2.99,OB170626
KMT-2017-BLG-0156,SAO02K0304.009477,17:53:00.45,-28:29:36.13,8027.4076,57.11,0.136,21.21,18.15,18.15,2,2.84,OB171755
KMT-2017-BLG-0157,BLG02K0306.004631,17:52:51.94,-28:15:27.04,7827.56405,200.0,0.01,22.32,17.75,17.75,2,3.75,
KMT-2017-BLG-0158,SAO02K0306.010865,17:52:49.04,-28:18:06.52,7972.85503,2.16,0.174,18.07,18.09,18.09,4,3.04,
KMT-2017-BLG-0159,SAO02K0503.011746,17:51:38.81,-28:36:53.28,7979.58529,23.8,0.03,20.43,19.51,19.51,2,4.02,
KMT-2017-BLG-0160,SAO02K0604.007716,17:51:22.58,-28:27:56.12,8000.57042,21.1,0.212,17.88,17.98,17.98,4,3.68,OB171371
KMT-2017-BLG-0161,SAO02K0606.004545,17:50:57.08,-28:19:04.44,7846.48241,2.72,0.947,18.54,18.65,18.65,2,4.93,
KMT-2017-BLG-0162,BLG02M0102.047041,17:58:41.65,-28:46:00.52,7844.45519,14.09,0.178,20.21,18.85,18.85,1,1.04,OB171019
KMT-2017-BLG-0163,SAO02M0102.097597,17:58:41.45,-28:45:38.99,8000.34559,50.36,0.158,20.8,20.0,20.29,1,1.04,
KMT-2017-BLG-0164,SAO02M0107.015589,17:58:58.32,-28:06:58.79,7995.95504,7.07,0.095,20.12,18.74,18.74,1,2.28,OB171653
KMT-2017-BLG-0165,SAO02M0107.050049,17:58:35.92,-28:08:01.21,7853.74846,49.4,0.027,21.64,19.97,19.97,1,2.24,
KMT-2017-BLG-0166,BLG02M0201.077708,17:58:29.78,-28:51:16.20,7991.83691,34.7,0.177,21.18,19.68,19.68,1,1.25,OB171613
KMT-2017-BLG-0167,SAO02M0203.009854,17:58:28.27,-28:39:45.61,7829.41898,199.83,0.002,23.36,17.56,17.56,1,1.36,OB170331 MB17103
KMT-2017-BLG-0168,SSO02M0203.062657,17:58:09.00,-28:41:13.09,8009.25148,137.95,0.105,19.41,19.52,19.52,1,1.42,OB171420 MB17459
KMT-2017-BLG-0169,BLG02M0207.014961,17:58:23.50,-28:05:16.30,7932.80476,40.98,0.475,18.77,18.54,18.54,1,2.23,OB170845
KMT-2017-BLG-0170,SAO02M0208.011271,17:58:09.02,-28:01:04.80,7883.58358,18.16,0.29,18.4,18.39,18.39,1,2.38,OB170583
KMT-2017-BLG-0171,SSO02M0301.003901,17:57:38.67,-28:52:10.49,8004.84216,8.09,0.308,18.79,16.0,16.0,1,1.29,OB171704
KMT-2017-BLG-0172,SSO02M0302.001959,17:57:37.21,-28:45:22.50,7922.09128,98.87,0.729,15.45,15.47,15.47,1,1.33,OB170028 MB17031
KMT-2017-BLG-0173,BLG02M0306.004740,17:57:42.30,-28:13:47.78,7861.11672,61.31,0.963,18.81,16.31,16.31,1,1.73,OB161919
KMT-2017-BLG-0174,BLG02M0308.006839,17:57:52.80,-27:58:19.09,7895.93511,17.16,0.17,19.61,17.9,17.9,2,2.69,OB170847
KMT-2017-BLG-0175,BLG02M0308.026915,17:57:40.45,-28:01:09.08,7844.13383,8.24,0.643,19.14,19.34,19.34,1,2.4,OB170401
KMT-2017-BLG-0176,SAO02M0402.031535,17:57:05.83,-28:48:14.51,7927.42298,47.71,0.045,19.77,18.9,18.9,1,1.75,OB170934 MB17322
KMT-2017-BLG-0177,SAO02M0402.048492,17:57:19.56,-28:47:07.30,7902.25929,12.15,0.031,23.4,19.31,19.31,1,1.46,
KMT-2017-BLG-0178,SAO02M0403.067155,17:57:00.34,-28:38:43.69,7840.8373,18.15,0.086,20.13,19.78,19.78,1,1.91,OB170984
KMT-2017-BLG-0179,BLG02M0404.010747,17:56:58.27,-28:31:08.18,7856.32691,9.05,0.448,18.27,17.73,17.73,1,2.08,MB17175
KMT-2017-BLG-0180,BLG02M0406.046180,17:56:58.97,-28:18:10.40,7955.7193,12.78,0.998,19.29,19.31,19.31,1,1.91,
KMT-2017-BLG-0181,SAO02M0407.001748,17:56:58.85,-28:06:21.71,7870.60039,19.35,0.208,15.58,15.62,15.62,1,1.9,OB170372 MB17148
KMT-2017-BLG-0182,BLG02M0408.052670,17:57:20.10,-28:01:01.20,7841.00601,8.86,0.354,21.79,19.97,19.97,1,2.19,OB170402
KMT-2017-BLG-0183,SSO02M0501.043956,17:56:49.51,-28:51:15.19,7967.43464,25.84,0.304,19.99,19.49,19.49,1,1.97,
KMT-2017-BLG-0184,SAO02M0501.062822,17:56:42.92,-28:53:44.20,7847.17246,6.74,0.158,19.77,19.87,19.87,1,2.17,
KMT-2017-BLG-0185,SSO02M0504.066476,17:56:44.70,-28:29:21.19,7953.57838,16.27,0.204,19.5,19.59,19.59,1,1.81,OB171300
KMT-2017-BLG-0186,SAO02M0505.008076,17:56:27.20,-28:27:15.01,7891.217,21.31,0.063,20.48,17.25,17.25,1,1.94,OB170843
KMT-2017-BLG-0187,BLG02M0506.017562,17:56:47.75,-28:15:37.80,7871.56882,199.97,0.026,22.2,18.41,18.41,1,2.03,OB170537
KMT-2017-BLG-0188,SAO02M0506.020824,17:56:46.96,-28:17:46.50,7923.43688,8.28,0.038,19.05,18.61,18.61,1,2.03,
KMT-2017-BLG-0189,SAO02M0506.025662,17:56:28.80,-28:19:04.80,7895.07413,20.7,0.892,18.85,18.83,18.83,1,2.35,
KMT-2017-BLG-0190,BLG02M0506.031251,17:56:48.31,-28:19:32.99,7974.0598,20.87,0.558,19.0,19.03,19.03,1,2.04,OB171395
KMT-2017-BLG-0191,BLG02M0507.038168,17:56:37.78,-28:12:13.50,7834.29803,21.43,0.406,20.07,19.23,19.23,1,2.08,OB170330
KMT-2017-BLG-0192,SAO02M0508.002390,17:56:23.83,-28:01:36.98,7827.07816,91.72,0.395,16.06,16.06,16.06,1,2.13,OB161556
KMT-2017-BLG-0193,BLG02M0602.006277,17:55:43.77,-28:48:10.12,7883.8353,27.01,0.607,18.39,16.61,16.61,4,1.98,OB170668
KMT-2017-BLG-0194,BLG02M0602.006891,17:55:52.43,-28:43:31.94,7926.82162,10.1,0.134,17.18,17.2,17.2,2,1.92,OB171090
KMT-2017-BLG-0195,SAO02M0603.023914,17:55:47.27,-28:38:54.17,7885.95781,21.07,0.175,21.09,19.01,19.01,2,1.94,
KMT-2017-BLG-0196,BLG02M0604.001233,17:56:01.85,-28:32:59.42,7924.20164,10.06,0.062,19.19,15.99,15.99,2,2.18,OB171126
KMT-2017-BLG-0197,BLG02M0606.010946,17:56:08.53,-28:12:50.62,8005.05041,16.77,0.517,18.66,18.64,18.64,2,2.49,OB171609
KMT-2017-BLG-0198,BLG02M0608.008408,17:55:44.16,-28:03:34.20,7853.64849,28.96,0.269,18.15,18.16,18.16,2,3.51,OB170312 MB17158
KMT-2017-BLG-0199,SAO02M0702.014940,17:55:30.50,-28:48:54.76,7969.19267,51.03,0.035,22.83,18.41,18.41,2,2.02,
KMT-2017-BLG-0200,BLG02M0702.019470,17:55:24.86,-28:43:09.37,7891.08056,16.34,0.058,21.9,19.22,19.22,2,2.29,OB170853
KMT-2017-BLG-0201,BLG02M0702.024330,17:55:29.78,-28:45:33.12,7994.46211,10.05,0.892,19.4,19.36,19.36,2,1.97,
KMT-2017-BLG-0202,BLG02M0703.015555,17:55:25.83,-28:36:07.45,7845.23247,50.89,0.342,20.52,18.91,18.91,2,2.55,OB170399
KMT-2017-BLG-0203,SSO02M0706.025096,17:55:34.58,-28:14:18.31,7851.79743,24.19,0.015,21.23,20.0,20.96,3,2.71,OB170977
KMT-2017-BLG-0204,SSO02M0707.012326,17:55:06.86,-28:09:01.40,7830.33819,27.93,0.002,19.38,19.21,19.21,2,2.83,OB170313 MB17107
KMT-2017-BLG-0205,BLG02M0801.007385,17:54:34.11,-28:53:08.52,7988.26057,12.05,0.859,17.32,17.35,17.35,2,1.97,OB171528
KMT-2017-BLG-0206,SAO02M0802.001253,17:54:53.88,-28:48:24.41,7975.12408,75.09,0.05,19.87,15.67,15.67,2,2.03,OB171433 MB17419
KMT-2017-BLG-0207,BLG02M0802.014804,17:54:33.62,-28:49:50.20,7942.24276,12.66,0.625,18.75,18.4,18.4,2,1.81,OB171223
KMT-2017-BLG-0208,SAO02M0802.022770,17:54:59.74,-28:47:34.48,7933.87348,14.91,0.354,20.63,18.69,18.69,4,2.1,OB171222
KMT-2017-BLG-0209,BLG02M0803.008192,17:55:04.44,-28:42:47.34,7971.06896,9.96,0.999,17.65,17.45,17.45,2,1.95,OB171505
KMT-2017-BLG-0210,BLG02M0803.032309,17:54:43.22,-28:35:46.18,7954.28176,8.97,0.075,19.38,19.73,19.73,2,2.03,OB171370
KMT-2017-BLG-0211,SAO02M0805.003030,17:54:53.59,-28:21:20.27,7885.88206,10.14,0.374,18.74,17.21,17.21,2,2.8,OB170625
KMT-2017-BLG-0212,BLG02M0805.012825,17:54:44.41,-28:24:43.38,8020.172,129.0,0.017,23.39,18.86,18.86,2,3.01,
KMT-2017-BLG-0213,SAO02M0805.016096,17:54:58.96,-28:26:22.02,7998.9534,124.26,0.271,19.55,19.29,19.29,2,2.65,OB171323 MB17431
KMT-2017-BLG-0214,BLG02M0806.018062,17:54:51.16,-28:17:42.40,7982.90547,23.43,0.12,19.47,19.59,19.59,2,2.64,
KMT-2017-BLG-0215,BLG02M0807.000715,17:54:41.50,-28:11:46.82,7967.37693,15.94,0.035,20.75,16.12,16.12,2,2.89,
KMT-2017-BLG-0216,BLG02M0807.003437,17:54:49.93,-28:10:52.57,8046.00435,11.01,0.002,20.72,17.64,17.64,2,3.05,
KMT-2017-BLG-0217,SSO02N0101.029195,17:58:42.86,-30:01:06.49,7909.45159,4.38,0.529,18.66,18.82,18.82,1,1.24,
KMT-2017-BLG-0218,SAO02N0101.059796,17:59:03.42,-29:59:53.99,7822.05549,41.68,0.209,19.92,19.59,19.59,1,1.3,OB170188
KMT-2017-BLG-0219,BLG02N0105.025983,17:59:01.56,-29:27:48.71,7906.47784,17.71,0.568,18.66,18.72,18.72,1,1.71,OB170850 MB17290
KMT-2017-BLG-0220,SAO02N0106.081410,17:58:51.40,-29:25:35.80,7964.91948,2.97,0.553,19.82,19.89,19.89,1,1.43,
KMT-2017-BLG-0221,SSO02N0106.091224,17:58:40.56,-29:23:57.91,8036.92851,12.99,0.255,19.85,20.0,20.74,1,1.23,
KMT-2017-BLG-0222,SAO02N0202.005429,17:58:24.46,-29:55:34.28,7862.75949,62.97,0.014,23.86,16.57,16.57,1,1.12,
KMT-2017-BLG-0223,SAO02N0202.018060,17:58:24.59,-29:52:32.41,7825.05834,9.87,0.153,21.02,18.21,18.21,1,1.19,OB170315
KMT-2017-BLG-0224,SAO02N0205.077013,17:58:02.93,-29:29:16.51,7968.57758,93.74,0.06,22.23,19.8,19.8,1,1.39,OB171474
KMT-2017-BLG-0225,SAO02N0206.009774,17:58:20.13,-29:25:23.59,7791.22581,82.41,0.788,19.15,17.49,17.49,1,1.41,OB161645
KMT-2017-BLG-0226,BLG02N0206.056753,17:58:27.55,-29:20:30.41,7864.67521,3.95,0.148,19.29,19.34,19.34,1,1.31,OB170586 MB17186
KMT-2017-BLG-0227,SAO02N0207.000151,17:58:09.15,-29:13:12.61,7891.83922,197.72,0.061,21.94,13.35,13.35,1,1.36,
KMT-2017-BLG-0228,SAO02N0208.063475,17:58:14.94,-29:07:58.51,7955.22724,11.1,0.357,19.93,19.39,19.39,1,1.27,OB171374
KMT-2017-BLG-0229,SAO02N0301.004693,17:57:46.43,-30:01:33.38,7907.11156,67.85,0.95,17.14,16.68,16.68,1,1.38,OB170200 MB17206
KMT-2017-BLG-0230,SSO02N0302.031857,17:57:45.95,-29:57:00.90,7918.14589,19.41,0.013,21.5,19.07,19.07,1,1.69,OB171092 MB17312
KMT-2017-BLG-0231,SSO02N0307.004249,17:57:31.89,-29:15:54.50,8030.91688,29.98,0.057,17.89,16.23,16.23,1,1.82,MB17490
KMT-2017-BLG-0232,SAO02N0403.024996,17:57:11.31,-29:49:34.50,7900.20977,1.81,0.715,19.06,18.73,18.73,1,1.64,
KMT-2017-BLG-0233,BLG02N0404.016037,17:57:05.32,-29:42:27.29,7825.1237,16.45,0.192,20.0,18.25,18.25,1,1.66,
KMT-2017-BLG-0234,SAO02N0404.027866,17:56:52.95,-29:40:16.50,7968.60992,37.62,0.198,20.12,18.79,18.79,1,1.55,OB171437
KMT-2017-BLG-0235,BLG02N0406.023554,17:57:01.62,-29:26:06.79,7833.93749,3.84,0.74,19.23,18.73,18.73,1,1.83,
KMT-2017-BLG-0236,SAO02N0406.030316,17:57:15.90,-29:25:40.01,8038.69628,130.16,0.083,21.01,18.95,18.95,1,1.87,
KMT-2017-BLG-0237,SAO02N0407.079345,17:57:20.94,-29:18:33.80,7897.89651,24.13,0.138,22.28,20.0,20.14,1,1.82,
KMT-2017-BLG-0238,SSO02N0502.058825,17:56:51.41,-29:54:08.78,7818.11154,17.74,0.019,21.51,19.76,19.76,1,1.98,OB170227
KMT-2017-BLG-0239,SAO02N0503.049649,17:56:30.40,-29:44:27.71,7886.40067,5.18,0.391,19.69,19.47,19.47,1,1.9,
KMT-2017-BLG-0240,BLG02N0506.017538,17:56:22.26,-29:26:54.10,8004.04714,20.22,0.764,18.67,18.18,18.18,1,1.98,OB171700
KMT-2017-BLG-0241,SAO02N0506.084007,17:56:50.68,-29:21:12.71,7854.14939,7.8,0.194,19.73,19.91,19.91,1,1.64,OB170981
KMT-2017-BLG-0242,SAO02N0601.007799,17:56:00.22,-29:58:51.20,7953.05481,65.63,0.082,19.72,17.32,17.32,1,1.7,OB171194 MB17370
KMT-2017-BLG-0243,SAO02N0602.008682,17:55:59.92,-29:51:47.30,7908.79098,39.05,0.01,17.43,17.46,17.46,1,1.76,OB170406 MB17233
KMT-2017-BLG-0244,SAO02N0602.024601,17:55:47.88,-29:55:36.08,7980.07618,45.67,0.021,22.58,18.76,18.76,1,1.5,OB171562
KMT-2017-BLG-0245,BLG02N0604.066994,17:56:03.00,-29:35:14.10,7985.8779,200.0,0.012,22.58,19.42,19.42,1,1.55,OB171556
KMT-2017-BLG-0246,SAO02N0606.014539,17:55:59.43,-29:24:13.90,7877.79233,43.85,0.337,19.66,18.02,18.02,1,2.01,OB170982
KMT-2017-BLG-0247,BLG02N0606.023275,17:56:15.51,-29:26:13.42,7983.1328,42.05,0.026,21.02,18.56,18.56,1,1.98,OB171558
KMT-2017-BLG-0248,BLG02N0607.054733,17:56:12.20,-29:13:24.31,8016.42699,151.12,0.036,22.97,19.38,19.38,1,2.05,
KMT-2017-BLG-0249,BLG02N0608.007050,17:55:41.57,-29:09:35.64,7874.03506,33.26,0.192,20.48,17.37,17.37,2,1.69,OB170664
KMT-2017-BLG-0250,SAO02N0608.018050,17:56:08.44,-29:06:07.49,7995.82256,13.61,0.446,18.35,18.32,18.32,1,1.93,OB171571
KMT-2017-BLG-0251,SAO02N0701.062601,17:55:18.54,-29:58:27.08,7874.59295,26.71,0.087,21.62,19.5,19.5,1,1.25,OB170679
KMT-2017-BLG-0252,SSO02N0704.045137,17:55:37.24,-29:36:09.40,7973.92352,8.53,0.127,19.97,18.94,18.94,1,1.61,OB171507
KMT-2017-BLG-0253,SAO02N0705.057261,17:55:39.03,-29:32:37.90,7881.61015,66.32,0.057,23.29,19.16,19.16,1,1.64,
KMT-2017-BLG-0254,BLG02N0705.071036,17:55:25.08,-29:29:35.92,7849.00139,7.31,0.664,19.37,19.42,19.42,1,1.56,OB170479
KMT-2017-BLG-0255,BLG02N0705.079455,17:55:31.80,-29:34:24.31,7915.74174,4.86,0.197,19.54,19.59,19.59,1,1.53,OB171089
KMT-2017-BLG-0256,SAO02N0706.078331,17:55:28.64,-29:25:03.90,7900.19607,15.05,0.768,19.62,19.63,19.63,1,1.48,OB170852
KMT-2017-BLG-0257,SAO02N0707.001592,17:55:38.19,-29:15:51.59,7962.16001,17.23,0.759,15.36,15.4,15.4,1,1.83,OB171182 MB17359
KMT-2017-BLG-0258,SAO02N0708.008965,17:55:24.37,-29:05:46.90,8003.75976,5.55,0.049,19.58,17.73,17.73,2,1.8,OB171695 MB17467
KMT-2017-BLG-0259,SAO02N0708.012969,17:55:39.66,-29:09:58.00,7982.19323,10.05,0.479,18.98,18.29,18.29,2,1.69,
KMT-2017-BLG-0260,BLG02N0708.015193,17:55:38.05,-29:09:06.66,7874.13855,4.98,0.496,19.03,18.49,18.49,2,1.69,OB170665
KMT-2017-BLG-0261,SAO02N0708.021210,17:55:23.79,-29:08:06.07,7845.70899,9.08,0.072,20.02,20.0,25.0,3,1.92,OB170444
KMT-2017-BLG-0262,BLG02N0708.028502,17:55:10.47,-29:11:26.70,7947.60113,19.42,0.238,20.05,19.66,19.66,2,2.1,OB171278
KMT-2017-BLG-0263,SAO02N0802.004851,17:54:38.22,-29:53:45.10,7952.75447,29.47,0.194,20.7,16.02,16.02,1,1.45,
KMT-2017-BLG-0264,SSO02N0802.054297,17:54:45.87,-29:51:33.52,8007.32257,6.31,0.099,21.06,19.1,19.1,1,1.28,
KMT-2017-BLG-0265,SAO02N0803.034495,17:54:54.07,-29:45:22.50,8020.27155,15.0,0.315,18.65,18.61,18.61,1,1.43,
KMT-2017-BLG-0266,BLG02N0804.017231,17:54:56.67,-29:35:50.10,8025.34812,78.08,0.137,20.12,17.94,17.94,1,1.31,OB171583
KMT-2017-BLG-0267,SAO02N0805.085851,17:55:02.69,-29:32:40.70,7886.83782,4.37,0.13,19.83,19.78,19.78,1,1.43,MB17255
KMT-2017-BLG-0268,SAO02N0806.028220,17:54:39.50,-29:27:38.59,7865.57963,169.32,0.049,22.52,18.57,18.57,1,1.38,OB170549
KMT-2017-BLG-0269,BLG02N0806.034681,17:55:00.32,-29:24:03.49,7911.89146,8.49,0.074,20.48,18.77,18.77,1,1.63,MB17299
KMT-2017-BLG-0270,BLG02N0808.007414,17:54:32.81,-29:09:34.20,7957.2943,29.05,0.999,17.57,16.87,16.87,1,1.79,OB171192
KMT-2017-BLG-0271,BLG02N0808.081560,17:54:55.88,-29:06:43.70,8014.85453,37.82,0.143,20.35,20.0,20.33,1,2.15,
KMT-2017-BLG-0272,SSO02T0101.005542,17:54:07.81,-29:58:45.30,8033.67849,35.16,0.085,20.51,16.35,16.35,1,1.53,
KMT-2017-BLG-0273,SAO02T0101.076620,17:54:09.86,-30:05:12.08,7917.10775,12.55,0.292,19.8,19.69,19.69,1,1.4,
KMT-2017-BLG-0274,BLG02T0102.023514,17:54:10.50,-29:54:28.30,7808.95665,66.29,0.004,21.1,18.34,18.34,1,1.42,
KMT-2017-BLG-0275,SSO02T0103.011492,17:54:06.00,-29:48:17.78,8016.41694,20.31,0.371,17.65,17.29,17.29,1,1.35,OB171604 MB17484
KMT-2017-BLG-0276,SAO02T0105.028082,17:54:17.11,-29:33:48.10,7880.09082,1.87,0.502,19.95,18.67,18.67,1,1.67,
KMT-2017-BLG-0277,SAO02T0105.069815,17:54:02.49,-29:32:58.70,8035.24974,7.42,0.166,20.51,19.62,19.62,1,1.84,
KMT-2017-BLG-0278,SAO02T0108.107576,17:53:49.80,-29:11:15.68,7896.74042,25.78,0.094,20.3,20.0,20.47,1,1.68,OB170974 MB17266
KMT-2017-BLG-0279,SAO02T0201.002449,17:53:28.38,-29:58:15.89,7822.8789,18.16,0.905,17.75,15.68,15.68,1,1.52,
KMT-2017-BLG-0280,BLG02T0201.009492,17:53:32.00,-30:03:37.01,7823.55879,2.02,0.791,17.7,17.13,17.13,1,1.54,
KMT-2017-BLG-0281,BLG02T0201.100770,17:53:33.52,-29:59:07.58,7966.02891,18.47,0.155,20.32,20.0,20.23,1,1.55,OB171486
KMT-2017-BLG-0282,SSO02T0202.050016,17:53:23.25,-29:54:36.00,8041.13732,57.63,0.01,19.92,19.13,19.13,1,1.54,OB171777
KMT-2017-BLG-0283,SSO02T0203.039428,17:53:25.81,-29:46:11.39,7830.21558,21.15,0.032,20.52,18.86,18.86,1,1.55,OB170350
KMT-2017-BLG-0284,SAO02T0203.065274,17:53:21.10,-29:44:15.90,7816.2409,31.24,0.183,18.93,19.38,19.38,1,1.61,OB170092 MB17042
KMT-2017-BLG-0285,SSO02T0204.011172,17:53:11.35,-29:42:20.81,8033.96158,8.11,0.587,17.37,17.34,17.34,1,1.88,OB171780
KMT-2017-BLG-0286,BLG02T0204.040572,17:53:23.78,-29:35:14.10,7905.20479,25.28,0.199,21.23,19.03,19.03,1,1.87,OB170953
KMT-2017-BLG-0287,SAO02T0205.040568,17:53:40.70,-29:31:03.40,8027.15787,197.19,0.009,22.88,19.13,19.13,1,1.86,
KMT-2017-BLG-0288,SAO02T0205.042391,17:53:29.72,-29:32:50.50,8024.03409,33.35,0.101,20.19,19.18,19.18,1,1.88,OB171717
KMT-2017-BLG-0289,SAO02T0205.061750,17:53:28.00,-29:31:45.70,7931.61178,14.54,0.198,19.95,19.6,19.6,1,1.97,
KMT-2017-BLG-0290,SAO02T0206.049853,17:53:32.27,-29:25:56.10,7876.95995,24.85,0.163,20.94,19.42,19.42,1,2.08,OB170638
KMT-2017-BLG-0291,SAO02T0207.094451,17:53:39.85,-29:15:11.48,7882.58495,23.57,0.172,20.5,20.0,20.61,1,1.82,
KMT-2017-BLG-0292,SAO02T0208.031832,17:53:17.14,-29:08:30.19,7992.25574,13.1,0.862,18.73,18.77,18.77,1,2.35,OB171602
KMT-2017-BLG-0293,BLG02T0208.032790,17:53:12.50,-29:12:05.90,7974.32164,44.36,0.219,19.28,18.8,18.8,1,2.17,OB171221 MB17410
KMT-2017-BLG-0294,SAO02T0208.034798,17:53:21.03,-29:11:22.42,7890.906,6.33,0.932,18.82,18.86,18.86,1,2.26,OB170835
KMT-2017-BLG-0295,SAO02T0301.041178,17:53:01.33,-30:03:45.68,7994.21144,44.1,0.156,19.59,19.14,19.14,1,1.61,
KMT-2017-BLG-0296,SAO02T0302.069026,17:53:03.01,-29:57:41.90,7888.30123,2.58,0.619,19.58,19.7,19.7,1,1.94,
KMT-2017-BLG-0297,SAO02T0303.012900,17:53:06.83,-29:44:57.70,7972.04685,21.91,0.194,20.62,17.64,17.64,1,1.72,
KMT-2017-BLG-0298,SAO02T0303.052700,17:53:02.86,-29:48:47.59,7930.92019,7.44,0.561,19.3,19.35,19.35,1,1.8,OB171163
KMT-2017-BLG-0299,SAO02T0304.041390,17:52:40.88,-29:39:27.90,7917.36989,68.43,0.128,21.08,19.14,19.14,1,2.02,OB170928
KMT-2017-BLG-0300,SSO02T0306.052373,17:53:06.35,-29:24:31.00,7873.76527,5.07,0.009,19.61,19.77,19.77,1,2.4,OB170639
KMT-2017-BLG-0301,SAO02T0306.078639,17:52:58.74,-29:23:57.52,7991.3136,73.73,0.167,20.72,20.0,20.54,1,2.26,
KMT-2017-BLG-0302,SAO02T0307.049040,17:52:53.37,-29:13:30.79,7893.78675,19.37,0.3,21.27,19.81,19.81,1,2.48,
KMT-2017-BLG-0303,SAO02T0308.001963,17:52:47.80,-29:05:25.12,7844.03719,38.24,0.98,17.05,15.73,15.73,1,2.45,OB170349
KMT-2017-BLG-0304,SAO02T0308.063963,17:52:50.01,-29:09:57.10,7962.94006,18.04,0.022,22.6,19.89,19.89,1,2.55,OB171453
KMT-2017-BLG-0305,SSO02T0402.082954,17:52:32.00,-29:55:32.30,7975.19322,9.87,0.073,19.98,20.0,20.45,1,2.12,
KMT-2017-BLG-0306,SAO02T0403.051852,17:52:29.16,-29:48:34.60,7931.52115,17.45,0.291,21.28,19.6,19.6,1,2.1,OB171205
KMT-2017-BLG-0307,SAO02T0404.051630,17:52:22.66,-29:39:18.79,7832.73362,32.59,0.013,21.13,19.56,19.56,1,2.29,OB170357 MB17118
KMT-2017-BLG-0308,SAO02T0405.026505,17:52:17.89,-29:34:43.10,7963.65897,11.49,0.211,19.94,19.04,19.04,1,2.36,
KMT-2017-BLG-0309,SAO02T0408.019710,17:52:07.85,-29:07:45.19,7916.11485,15.78,0.974,18.85,18.88,18.88,1,2.91,OB170949
KMT-2017-BLG-0310,SAO02T0501.051683,17:51:46.10,-30:02:38.51,7897.95946,55.63,0.202,21.41,19.83,19.83,1,2.42,OB170839
KMT-2017-BLG-0311,SAO02T0502.009546,17:51:29.31,-29:50:35.70,7893.28734,57.05,0.035,21.05,17.46,17.46,1,2.7,OB170994
KMT-2017-BLG-0312,BLG02T0502.058252,17:51:32.21,-29:51:46.69,7913.78281,5.21,0.105,20.42,19.97,19.97,1,2.7,
KMT-2017-BLG-0313,SAO02T0503.051956,17:51:53.55,-29:45:42.70,7906.173,21.42,0.053,22.33,19.93,19.93,1,2.57,
KMT-2017-BLG-0314,SAO02T0505.027007,17:51:39.70,-29:29:52.69,7949.81818,15.85,0.322,19.31,19.17,19.17,1,2.81,OB171275
KMT-2017-BLG-0315,SAO02T0505.041064,17:51:51.52,-29:32:47.90,8000.1026,11.19,0.262,20.66,19.68,19.68,1,2.42,
KMT-2017-BLG-0316,SSO02T0507.001826,17:51:38.60,-29:18:34.60,7829.96047,10.3,0.195,16.18,16.23,16.23,1,2.88,OB170197 MB17076
KMT-2017-BLG-0317,BLG02T0507.036129,17:51:23.59,-29:16:54.98,8040.35491,21.02,0.03,21.74,19.92,19.92,1,3.65,
KMT-2017-BLG-0318,BLG02T0507.046326,17:51:24.11,-29:17:27.71,7978.59072,24.28,0.127,19.9,20.0,20.29,1,3.59,OB171471 MB17423
KMT-2017-BLG-0319,SSO02T0508.033586,17:51:25.79,-29:05:50.28,8001.5579,31.42,0.057,21.25,20.0,20.7,2,3.82,OB171670
KMT-2017-BLG-0320,SAO02T0606.004400,17:51:02.46,-29:27:08.50,7958.05079,15.58,0.35,20.09,17.42,17.42,1,3.58,
KMT-2017-BLG-0321,BLG02T0606.026360,17:51:11.38,-29:26:28.39,7836.80348,38.12,0.038,22.9,19.8,19.8,1,3.53,
KMT-2017-BLG-0322,SAO02T0607.008406,17:51:14.99,-29:17:11.51,7852.11211,4.82,0.048,20.82,18.31,18.31,1,3.7,OB170522
KMT-2017-BLG-0323,SAO02T0608.000658,17:51:01.12,-29:09:12.60,7964.97728,96.08,0.927,16.42,15.73,15.73,1,3.95,MB17314
KMT-2017-BLG-0324,SAO02T0702.005811,17:50:32.94,-29:56:07.91,7881.12271,1.88,0.588,20.77,17.47,17.47,1,3.3,
KMT-2017-BLG-0325,SAO02T0704.039971,17:50:39.57,-29:35:50.39,7841.63358,16.41,0.275,19.45,19.96,19.96,1,3.11,OB170390
KMT-2017-BLG-0326,SAO02T0705.043901,17:50:30.06,-29:34:38.32,7918.11045,30.93,0.182,21.16,20.0,20.41,1,3.13,
KMT-2017-BLG-0327,SSO02T0805.006774,17:50:08.57,-29:30:21.82,7818.10697,13.83,0.112,18.08,18.07,18.07,1,4.02,
KMT-2017-BLG-0328,SSO02T0806.003322,17:50:02.83,-29:22:53.11,8056.42903,18.42,0.572,18.2,17.61,17.61,1,4.26,
KMT-2017-BLG-0329,SAO02T0806.012633,17:50:04.40,-29:23:13.99,7853.77262,12.28,0.272,19.32,19.25,19.25,1,4.26,OB170475
KMT-2017-BLG-0330,BLG03K0102.032555,18:01:36.92,-27:39:56.81,7948.55547,38.26,0.215,18.73,18.92,18.92,1,1.37,OB171130
KMT-2017-BLG-0331,BLG03K0103.009930,18:01:32.89,-27:37:50.09,7967.42805,8.69,0.44,17.58,17.62,17.62,1,1.44,OB171414 MB17406
KMT-2017-BLG-0332,SAO03K0103.023255,18:01:27.32,-27:33:19.19,7985.42477,6.08,0.506,18.58,18.59,18.59,1,1.41,OB171563
KMT-2017-BLG-0333,BLG03K0103.083571,18:01:46.30,-27:35:32.50,8014.9298,86.01,0.033,23.08,20.0,20.15,1,1.5,OB171729
KMT-2017-BLG-0334,SAO03K0105.046118,18:01:44.11,-27:17:54.20,7857.95078,138.5,0.019,19.77,19.73,19.73,1,1.81,OB170202 MB17096
KMT-2017-BLG-0335,SAO03K0105.085040,18:01:30.44,-27:21:48.89,8045.91024,11.77,0.002,19.9,20.0,20.95,1,1.7,
KMT-2017-BLG-0336,BLG03K0204.002084,18:00:59.92,-27:23:14.39,7829.3179,21.84,0.598,19.7,15.74,15.74,1,1.46,
KMT-2017-BLG-0337,SSO03K0205.004504,18:00:47.23,-27:16:09.91,8014.78191,21.83,0.398,19.53,16.59,16.59,1,1.61,
KMT-2017-BLG-0338,SAO03K0301.034212,18:00:13.05,-27:51:28.51,7904.29805,12.72,0.146,20.55,19.05,19.05,1,1.78,OB170912
KMT-2017-BLG-0339,SAO03K0303.057677,18:00:24.46,-27:32:41.21,8008.57357,26.93,0.557,19.55,19.61,19.61,1,1.61,
KMT-2017-BLG-0340,SAO03K0304.027532,18:00:25.11,-27:23:11.18,7880.87468,27.82,0.61,19.51,18.84,18.84,1,1.61,
KMT-2017-BLG-0341,SAO03K0305.023002,18:00:20.09,-27:18:50.40,7941.15873,33.84,0.886,18.66,18.63,18.63,1,1.67,OB171167
KMT-2017-BLG-0342,SAO03K0307.032668,18:00:27.95,-27:07:00.70,7894.31839,3.28,0.164,20.78,19.58,19.58,1,2.24,
KMT-2017-BLG-0343,BLG03K0308.006276,18:00:41.93,-26:54:45.50,7836.94929,48.25,0.308,19.25,17.96,17.96,1,2.85,OB170181
KMT-2017-BLG-0344,BLG03K0402.028193,18:00:02.64,-27:41:34.58,7954.12949,12.86,0.318,20.6,19.06,19.06,1,1.7,
KMT-2017-BLG-0345,SAO03K0403.004428,17:59:56.67,-27:34:56.10,7905.91034,41.33,0.53,16.76,16.55,16.55,1,1.95,OB170442 OB170456 MB17244
KMT-2017-BLG-0346,SAO03K0404.057567,17:59:54.98,-27:30:16.20,7887.14847,7.48,0.119,20.72,19.83,19.83,1,1.85,
KMT-2017-BLG-0347,SAO03K0405.084160,18:00:01.48,-27:19:50.70,7898.13216,5.33,0.173,21.25,20.0,20.54,1,1.78,
KMT-2017-BLG-0348,SAO03K0406.020546,17:59:45.21,-27:10:41.20,7973.99076,2.32,0.811,18.89,18.89,18.89,1,2.15,
KMT-2017-BLG-0349,BLG03K0406.053348,18:00:00.26,-27:13:47.89,7865.28183,16.82,0.215,21.51,19.89,19.89,1,2.03,
KMT-2017-BLG-0350,BLG03K0408.063100,17:59:57.45,-26:52:50.70,7956.12273,57.63,0.016,21.02,20.0,20.59,1,2.59,
KMT-2017-BLG-0351,SAO03K0501.022907,17:59:26.73,-27:49:35.11,7821.67063,52.41,0.288,19.59,18.84,18.84,1,1.88,OB170147
KMT-2017-BLG-0352,SAO03K0501.035099,17:59:24.09,-27:50:14.21,7920.1334,61.19,0.297,19.25,19.25,19.25,1,1.9,OB170913 MB17294
KMT-2017-BLG-0353,SSO03K0501.052669,17:59:07.70,-27:50:11.51,7940.70224,17.17,0.004,20.07,19.68,19.68,1,2.02,OB171228 OB171321 MB17354
KMT-2017-BLG-0354,SSO03K0502.000387,17:59:22.27,-27:45:10.80,8011.40951,94.44,0.055,20.22,14.31,14.31,1,1.88,
KMT-2017-BLG-0355,SAO03K0503.012238,17:59:24.51,-27:35:10.10,7988.45254,8.17,0.5,19.73,18.07,18.07,1,1.99,
KMT-2017-BLG-0356,BLG03K0508.005682,17:59:33.55,-26:57:00.11,8051.62191,9.41,0.651,17.53,17.53,17.53,1,2.61,
KMT-2017-BLG-0357,SSO03K0602.000391,17:58:46.95,-27:39:03.82,7955.23867,14.64,0.139,14.11,14.12,14.12,1,1.75,OB171186 MB17396
KMT-2017-BLG-0358,BLG03K0602.053575,17:58:39.99,-27:41:13.60,7827.36993,85.0,0.05,21.53,19.48,19.48,1,1.67,MB17091
KMT-2017-BLG-0359,SAO03K0603.010900,17:58:49.01,-27:33:50.11,7968.6955,13.54,0.912,18.08,17.82,17.82,1,1.71,OB171435
KMT-2017-BLG-0360,BLG03K0603.052709,17:58:56.52,-27:36:43.20,7794.03812,50.45,0.221,19.47,19.62,19.62,1,2.06,OB170020 MB17005
KMT-2017-BLG-0361,BLG03K0604.021191,17:58:27.77,-27:24:38.48,7831.15243,21.83,0.042,20.02,18.71,18.71,1,2.02,MB17090
KMT-2017-BLG-0362,SAO03K0604.024523,17:58:42.19,-27:22:57.50,7889.99755,28.78,0.837,18.85,18.86,18.86,1,1.96,OB170585 OB171073
KMT-2017-BLG-0363,BLG03K0605.003314,17:58:36.54,-27:18:58.75,7929.03055,29.53,0.035,18.48,16.87,16.87,2,2.47,OB171038
KMT-2017-BLG-0364,BLG03K0605.015702,17:58:50.30,-27:18:42.41,7918.76953,35.93,0.023,22.04,18.6,18.6,1,2.14,
KMT-2017-BLG-0365,SAO03K0605.050615,17:58:41.15,-27:16:30.22,7887.96413,7.77,0.017,21.89,20.0,20.16,1,2.47,
KMT-2017-BLG-0366,SSO03K0607.017300,17:58:49.83,-27:06:33.98,7829.70087,121.66,0.002,24.34,19.45,19.45,1,3.0,
KMT-2017-BLG-0367,BLG03K0607.018049,17:59:00.80,-27:07:47.50,7991.02228,15.61,0.039,21.07,19.51,19.51,1,2.4,
KMT-2017-BLG-0368,SAO03K0702.004061,17:58:16.66,-27:39:10.80,7859.11558,42.98,1.0,16.55,16.55,16.55,1,1.99,OB170097 MB17129
KMT-2017-BLG-0369,BLG03K0703.062606,17:58:18.87,-27:32:44.48,7820.98826,8.87,0.246,21.82,20.0,20.93,1,2.01,
KMT-2017-BLG-0370,SSO03K0706.003389,17:58:08.10,-27:08:39.01,7906.2704,9.57,1.0,17.69,17.67,17.67,2,3.16,OB171049
KMT-2017-BLG-0371,SAO03K0707.009715,17:58:19.84,-27:01:12.65,7954.12385,8.78,0.468,19.35,19.41,19.41,2,3.4,OB171362
KMT-2017-BLG-0372,SAO03K0708.000716,17:58:16.76,-26:57:40.57,8028.1833,14.17,0.385,16.34,16.34,16.34,2,3.17,OB171807
KMT-2017-BLG-0373,SAO03K0804.009014,17:57:41.76,-27:27:24.55,7991.01785,25.57,0.28,18.67,18.7,18.7,2,2.71,OB171436 MB17436
KMT-2017-BLG-0374,SAO03K0806.006920,17:57:23.56,-27:13:13.73,7952.29823,25.38,0.005,19.04,19.0,19.0,2,3.39,OB171254 MB17373
KMT-2017-BLG-0375,BLG03K0806.016227,17:57:48.49,-27:13:54.16,7840.85765,3.92,0.151,19.78,20.0,20.3,2,3.13,OB170453
KMT-2017-BLG-0376,BLG03K0807.016405,17:57:42.74,-27:01:49.30,7911.67648,39.28,0.102,22.23,20.0,21.7,2,3.58,
KMT-2017-BLG-0377,SSO03M0101.025096,18:06:39.54,-27:51:32.11,7962.15212,16.81,0.154,19.11,18.39,18.39,1,0.79,OB171382 MB17392
KMT-2017-BLG-0378,BLG03M0105.024128,18:06:19.00,-27:20:57.30,7955.05141,31.78,0.145,20.83,18.52,18.52,1,0.98,OB171366
KMT-2017-BLG-0379,SAO03M0105.051268,18:06:28.44,-27:20:43.51,7908.84168,59.65,0.387,19.14,19.33,19.33,1,0.99,OB170498 MB17298
KMT-2017-BLG-0380,BLG03M0107.017176,18:06:18.44,-27:05:48.19,7803.42685,27.7,0.129,19.07,18.23,18.23,1,1.1,OB170058 MB17024
KMT-2017-BLG-0381,SAO03M0107.090544,18:06:20.85,-27:04:48.50,7877.60365,6.49,0.264,19.99,20.0,20.69,1,1.1,
KMT-2017-BLG-0382,BLG03M0201.005481,18:05:40.84,-27:45:40.79,7912.38626,26.27,0.027,21.5,16.88,16.88,1,0.82,
KMT-2017-BLG-0383,BLG03M0203.012435,18:05:53.68,-27:34:43.90,7866.16683,93.76,0.06,21.32,17.85,17.85,1,0.78,OB170418 MB17184
KMT-2017-BLG-0384,BLG03M0205.012803,18:05:51.08,-27:22:24.82,7914.6115,43.39,0.448,18.69,17.85,17.85,1,0.83,OB170698 MB17275
KMT-2017-BLG-0385,SAO03M0206.091882,18:05:35.56,-27:13:10.49,8031.12733,5.44,0.101,20.21,20.0,20.43,1,1.0,
KMT-2017-BLG-0386,SAO03M0208.071673,18:05:35.40,-26:55:35.29,7903.9947,3.49,0.368,19.42,19.93,19.93,1,1.12,
KMT-2017-BLG-0387,BLG03M0208.073657,18:05:56.85,-26:52:45.59,7813.4814,33.89,0.08,19.92,19.99,19.99,1,1.14,OB170236 MB17057
KMT-2017-BLG-0388,BLG03M0301.009485,18:05:04.68,-27:51:57.31,7963.37296,15.53,0.727,18.23,17.57,17.57,1,1.03,OB171329
KMT-2017-BLG-0389,SAO03M0301.036838,18:05:15.70,-27:48:13.28,7883.696,7.35,0.719,18.84,18.85,18.85,1,0.89,OB170693
KMT-2017-BLG-0390,BLG03M0303.012094,18:05:30.36,-27:36:23.40,7829.36569,83.23,0.048,19.89,17.88,17.88,1,0.84,OB170161 MB17073
KMT-2017-BLG-0391,SAO03M0303.042961,18:05:13.97,-27:33:18.61,7847.44347,34.66,0.142,18.96,19.06,19.06,1,0.84,OB170228 MB17120
KMT-2017-BLG-0392,SAO03M0303.060544,18:05:21.81,-27:35:29.18,7876.6027,15.22,0.046,21.1,19.48,19.48,1,0.82,OB170697 MB17234
KMT-2017-BLG-0393,BLG03M0305.009511,18:05:28.47,-27:20:57.70,7849.31157,23.72,0.403,18.5,17.46,17.46,1,0.87,MB17132
KMT-2017-BLG-0394,SSO03M0403.002919,18:04:55.46,-27:34:46.31,7955.45504,2.77,0.736,18.13,15.94,15.94,1,1.03,
KMT-2017-BLG-0395,BLG03M0403.023650,18:04:41.42,-27:33:42.70,7995.35354,47.04,0.698,18.84,18.55,18.55,1,0.9,OB171398
KMT-2017-BLG-0396,SAO03M0403.089858,18:04:40.32,-27:32:39.08,7881.62789,10.81,0.14,21.38,20.0,20.25,1,0.91,MB17237
KMT-2017-BLG-0397,BLG03M0406.011928,18:04:47.24,-27:10:44.80,7940.62922,34.79,0.29,20.49,17.77,17.77,1,0.86,OB171330
KMT-2017-BLG-0398,BLG03M0406.053203,18:04:35.00,-27:08:16.12,7858.39094,4.55,0.589,19.27,19.24,19.24,1,0.99,
KMT-2017-BLG-0399,BLG03M0408.036851,18:04:47.03,-26:55:35.29,7854.21051,4.64,0.738,18.92,19.05,19.05,1,1.21,
KMT-2017-BLG-0400,BLG03M0501.079790,18:04:16.92,-27:48:10.30,7855.21253,5.73,0.642,19.91,19.98,19.98,1,1.07,
KMT-2017-BLG-0401,SAO03M0506.023726,18:03:58.77,-27:11:02.40,7891.43322,29.52,0.672,18.41,18.45,18.45,1,1.2,OB170594
KMT-2017-BLG-0402,SAO03M0508.014083,18:03:49.76,-26:58:15.49,7873.38819,68.64,0.204,19.1,18.29,18.29,1,1.59,OB170409 OB170488
KMT-2017-BLG-0403,BLG03M0601.095415,18:03:32.01,-27:47:01.10,7959.97208,7.19,0.303,19.97,20.0,20.56,1,1.08,OB171485
KMT-2017-BLG-0404,SAO03M0604.035737,18:03:49.18,-27:23:46.10,7912.17103,76.05,0.07,19.66,19.31,19.31,1,1.26,OB170486
KMT-2017-BLG-0405,SAO03M0605.047311,18:03:36.51,-27:15:23.18,7886.02311,42.29,0.615,19.56,19.72,19.72,1,1.61,OB170595
KMT-2017-BLG-0406,SAO03M0701.081376,18:02:49.59,-27:48:37.91,7882.4431,8.69,0.049,20.08,20.0,20.54,1,1.21,OB171021 MB17243
KMT-2017-BLG-0407,SAO03M0702.032616,18:02:52.43,-27:45:23.69,7865.7107,167.08,0.002,24.3,18.84,18.84,1,1.39,OB170592
KMT-2017-BLG-0408,BLG03M0708.049814,18:02:55.90,-26:56:13.88,7876.36554,20.64,0.372,20.44,20.0,20.15,1,2.1,OB170701
KMT-2017-BLG-0409,SAO03M0708.053968,18:02:45.08,-26:55:37.49,7918.30757,12.87,0.661,20.07,20.0,20.26,1,2.2,
KMT-2017-BLG-0410,SAO03M0802.034400,18:02:16.90,-27:39:33.19,7916.94425,46.87,0.152,20.9,18.92,18.92,1,1.38,
KMT-2017-BLG-0411,BLG03M0802.081703,18:02:35.00,-27:39:29.81,7993.79168,32.54,0.036,22.21,20.0,20.01,1,1.33,OB171655
KMT-2017-BLG-0412,BLG03M0803.034714,18:02:31.98,-27:30:49.50,7932.4951,16.14,0.202,19.83,19.11,19.11,1,1.51,OB171258
KMT-2017-BLG-0413,SAO03M0803.041289,18:02:24.42,-27:35:16.58,8002.31754,199.15,0.037,23.09,19.27,19.27,1,1.4,
KMT-2017-BLG-0414,BLG03M0805.001055,18:02:14.86,-27:19:12.22,7809.48402,57.5,0.007,18.46,15.77,15.77,1,2.04,
KMT-2017-BLG-0415,SAO03M0808.019791,18:02:27.78,-26:53:06.00,7894.26996,4.6,0.304,20.37,19.34,19.34,1,2.31,OB170863
KMT-2017-BLG-0416,BLG03N0102.025375,18:06:36.44,-28:47:33.50,7932.0216,51.66,0.008,22.01,18.68,18.68,1,0.81,OB171239 MB17340
KMT-2017-BLG-0417,BLG03N0102.042607,18:06:20.63,-28:49:45.01,7828.5813,44.92,0.5,19.89,19.23,19.23,1,0.87,OB170301
KMT-2017-BLG-0418,SSO03N0103.007201,18:06:12.81,-28:41:48.08,7866.40068,10.24,0.606,18.11,17.6,17.6,1,1.01,MB17179
KMT-2017-BLG-0419,SSO03N0104.018371,18:06:31.91,-28:33:18.79,8006.50705,21.05,0.466,18.72,18.41,18.41,1,0.93,OB171658
KMT-2017-BLG-0420,BLG03N0104.035646,18:06:34.44,-28:33:47.09,7874.70449,28.34,0.499,18.89,19.03,19.03,1,0.93,OB170602
KMT-2017-BLG-0421,SAO03N0105.031042,18:06:10.21,-28:25:48.79,7814.76832,10.66,0.034,20.39,18.94,18.94,1,1.06,OB170249
KMT-2017-BLG-0422,SSO03N0106.002485,18:06:35.99,-28:19:43.79,7935.60714,107.86,0.004,22.81,15.88,15.88,1,1.01,OB171237
KMT-2017-BLG-0423,SAO03N0108.078559,18:06:42.63,-28:02:27.31,7948.7724,15.79,0.019,20.53,20.0,20.16,1,0.94,MB17377
KMT-2017-BLG-0424,BLG03N0202.073502,18:05:41.83,-28:46:14.09,8003.80185,15.19,0.093,20.15,20.0,20.06,1,0.95,
KMT-2017-BLG-0425,BLG03N0205.023673,18:06:08.53,-28:27:18.11,8033.66697,51.46,0.345,18.9,18.67,18.67,1,0.98,OB171738
KMT-2017-BLG-0426,BLG03N0208.069451,18:05:44.77,-28:00:46.51,7846.55676,13.94,0.446,19.55,19.61,19.61,1,0.79,OB170447
KMT-2017-BLG-0427,BLG03N0304.005787,18:05:06.91,-28:35:12.91,7826.52139,199.82,0.027,22.9,17.07,17.07,1,0.84,OB170289
KMT-2017-BLG-0428,BLG03N0305.072891,18:05:32.46,-28:29:25.01,7944.06034,45.97,0.191,20.11,20.0,20.03,1,1.06,
KMT-2017-BLG-0429,BLG03N0308.003577,18:05:01.70,-28:03:57.49,7962.23711,60.82,0.629,17.2,16.09,16.09,1,0.91,OB170709 MB17240
KMT-2017-BLG-0430,SSO03N0408.089294,18:04:31.16,-28:06:01.51,7996.88631,40.86,0.208,19.94,20.0,20.84,1,1.05,OB171656
KMT-2017-BLG-0431,BLG03N0502.065551,18:04:24.45,-28:52:43.21,7909.78075,9.14,0.012,20.42,19.52,19.52,1,0.69,OB171081
KMT-2017-BLG-0432,SSO03N0504.058205,18:04:20.28,-28:30:19.58,8048.02665,28.22,0.115,19.33,19.35,19.35,1,0.96,OB171823
KMT-2017-BLG-0433,BLG03N0504.077968,18:04:15.91,-28:35:05.89,7827.85238,47.79,0.378,20.26,19.9,19.9,1,0.82,OB170299
KMT-2017-BLG-0434,SSO03N0505.061575,18:04:20.72,-28:24:30.71,7936.75657,17.56,0.021,21.39,19.39,19.39,1,0.88,OB171259
KMT-2017-BLG-0435,BLG03N0506.023990,18:04:11.38,-28:17:58.99,7808.24834,3.26,0.104,19.24,18.34,18.34,1,0.83,MB17046
KMT-2017-BLG-0436,BLG03N0506.059139,18:04:22.63,-28:18:51.08,7833.73293,6.88,0.397,19.27,19.28,19.28,1,0.89,
KMT-2017-BLG-0437,SAO03N0508.067028,18:04:00.77,-28:03:17.39,7862.67715,5.64,0.794,19.69,19.65,19.65,1,1.11,
KMT-2017-BLG-0438,SSO03N0605.000733,18:03:17.21,-28:25:01.42,7850.21092,51.36,0.142,14.68,14.5,14.5,1,0.92,OB170047 MB17252
KMT-2017-BLG-0439,SAO03N0605.076471,18:03:47.90,-28:24:54.68,7838.28712,53.75,0.087,21.02,19.69,19.69,1,0.92,OB170290
KMT-2017-BLG-0440,BLG03N0606.070114,18:03:42.11,-28:21:13.50,7993.73926,31.47,0.369,19.7,19.5,19.5,1,0.9,
KMT-2017-BLG-0441,BLG03N0606.089726,18:03:39.42,-28:18:40.61,8024.94097,11.73,0.507,19.76,20.0,20.05,1,0.88,
KMT-2017-BLG-0442,SSO03N0608.020365,18:03:18.00,-28:03:01.30,7874.16811,7.13,0.302,18.32,18.36,18.36,1,0.84,OB170597
KMT-2017-BLG-0443,SAO03N0608.049855,18:03:39.65,-28:02:54.31,7825.3555,13.46,0.723,19.21,19.2,19.2,1,1.09,OB170271
KMT-2017-BLG-0444,SAO03N0702.071842,18:03:07.75,-28:51:55.40,7853.80145,21.19,0.058,20.63,19.56,19.56,1,0.77,OB170491
KMT-2017-BLG-0445,BLG03N0706.002666,18:03:01.16,-28:15:53.89,8043.74811,47.94,0.581,17.94,15.46,15.46,1,0.88,OB171824
KMT-2017-BLG-0446,SAO03N0806.082152,18:02:19.77,-28:19:11.60,7838.47785,24.65,0.3,20.56,19.78,19.78,1,0.91,OB170391
KMT-2017-BLG-0447,BLG03N0808.030295,18:02:12.98,-28:03:21.10,7808.825,29.22,0.146,18.67,18.68,18.68,1,1.11,OB170051 MB17038
KMT-2017-BLG-0448,BLG03T0101.032793,18:01:38.85,-28:57:59.80,7827.44126,51.79,0.431,18.84,18.76,18.76,1,1.29,OB170148
KMT-2017-BLG-0449,SAO03T0102.028574,18:01:51.80,-28:48:26.60,7835.89734,28.52,0.531,18.42,18.54,18.54,1,1.09,OB170162 MB17084
KMT-2017-BLG-0450,SSO03T0103.001780,18:01:37.38,-28:44:51.22,7895.35262,13.12,0.404,15.27,15.34,15.34,1,1.17,OB170704 MB17223
KMT-2017-BLG-0451,BLG03T0104.073167,18:01:33.76,-28:33:36.90,7938.52461,39.98,0.065,20.62,19.65,19.65,1,0.97,OB171210
KMT-2017-BLG-0452,SAO03T0105.040574,18:01:49.70,-28:25:53.51,7998.01891,20.14,0.132,19.43,18.81,18.81,1,1.02,OB171619
KMT-2017-BLG-0453,SAO03T0105.047266,18:01:43.56,-28:23:53.59,7796.13562,100.08,0.002,17.2,18.97,18.97,1,1.03,OB170048
KMT-2017-BLG-0454,BLG03T0106.041098,18:01:27.29,-28:19:44.69,7942.46587,12.64,0.661,18.87,18.92,18.92,1,1.05,OB171211
KMT-2017-BLG-0455,SAO03T0108.070504,18:01:18.49,-28:03:44.71,7890.31769,10.29,0.452,19.38,19.71,19.71,1,1.22,OB170710
KMT-2017-BLG-0456,SAO03T0202.027813,18:01:03.77,-28:51:36.68,7963.30091,2.05,0.4,19.33,18.32,18.32,1,0.95,OB171476
KMT-2017-BLG-0457,SAO03T0203.004351,18:01:01.42,-28:42:12.31,7905.97715,14.37,0.443,17.89,16.0,16.0,1,1.07,OB170898
KMT-2017-BLG-0458,SAO03T0203.009502,18:00:59.37,-28:43:01.88,7854.59554,5.77,0.124,18.62,17.29,17.29,1,1.07,OB170493
KMT-2017-BLG-0459,BLG03T0204.044100,18:01:04.53,-28:35:18.49,7824.06193,137.9,0.064,21.81,18.86,18.86,1,1.02,OB170233
KMT-2017-BLG-0460,BLG03T0205.008091,18:01:16.65,-28:27:43.09,7971.59146,9.94,0.023,21.92,17.12,17.12,1,1.07,OB171522
KMT-2017-BLG-0461,SSO03T0205.030725,18:00:50.96,-28:23:34.30,8014.16577,21.34,0.408,19.96,18.57,18.57,1,1.16,OB171730
KMT-2017-BLG-0462,BLG03T0207.066752,18:01:07.72,-28:09:00.90,7970.40253,26.18,0.602,19.67,19.63,19.63,1,1.27,OB171422
KMT-2017-BLG-0463,SAO03T0208.028735,18:00:52.02,-28:04:44.00,7932.14133,15.44,0.631,18.39,18.62,18.62,1,1.13,OB171132
KMT-2017-BLG-0464,SAO03T0208.076667,18:01:06.85,-28:04:59.48,7953.25897,8.12,0.383,21.03,19.73,19.73,1,1.1,OB171377
KMT-2017-BLG-0465,SSO03T0303.005133,18:00:17.11,-28:39:28.12,8009.3576,8.13,0.783,17.27,16.23,16.23,1,1.18,OB171710 MB17470
KMT-2017-BLG-0466,SAO03T0305.038274,18:00:24.33,-28:27:48.82,7939.76084,22.94,0.507,18.74,18.76,18.76,1,1.24,OB171131
KMT-2017-BLG-0467,SAO03T0307.042650,18:00:22.97,-28:10:32.30,7967.17734,20.32,0.487,20.32,19.05,19.05,1,1.46,OB171473
KMT-2017-BLG-0468,BLG03T0307.046992,18:00:10.18,-28:12:49.50,7857.11051,58.9,0.241,19.59,19.15,19.15,1,1.37,OB170400
KMT-2017-BLG-0469,SAO03T0307.087020,18:00:30.83,-28:08:23.32,8003.47346,20.05,0.033,21.45,20.0,20.06,1,1.47,OB171699
KMT-2017-BLG-0470,SAO03T0307.091600,18:00:34.42,-28:08:43.12,7816.14384,7.76,0.227,20.59,20.0,20.23,1,1.31,
KMT-2017-BLG-0471,BLG03T0402.079316,17:59:39.51,-28:45:48.10,7993.93081,28.1,0.214,19.57,19.58,19.58,1,1.05,OB171559
KMT-2017-BLG-0472,BLG03T0403.074031,17:59:45.09,-28:38:21.01,7818.08203,28.09,0.078,21.29,19.49,19.49,1,1.3,OB170223
KMT-2017-BLG-0473,BLG03T0403.087847,18:00:01.80,-28:41:39.01,8011.21028,21.48,0.103,19.78,19.86,19.86,1,1.16,OB171714
KMT-2017-BLG-0474,SAO03T0404.083577,18:00:02.87,-28:31:09.91,8026.08946,32.77,0.158,19.87,19.88,19.88,1,1.29,OB171731
KMT-2017-BLG-0475,SAO03T0405.010756,17:59:41.44,-28:24:25.09,7927.53662,46.46,0.29,17.52,17.59,17.59,1,1.39,OB170581 MB17305
KMT-2017-BLG-0476,BLG03T0405.018546,17:59:42.69,-28:24:03.82,7800.67341,20.36,0.087,19.42,18.22,18.22,1,1.39,OB170105
KMT-2017-BLG-0477,BLG03T0405.081725,18:00:03.86,-28:23:25.51,7790.57935,68.07,0.144,19.71,19.89,19.89,1,1.25,
KMT-2017-BLG-0478,SSO03T0406.016439,17:59:48.91,-28:19:57.68,7908.96409,8.79,0.995,18.05,18.1,18.1,1,1.33,OB170920
KMT-2017-BLG-0479,BLG03T0406.021258,18:00:08.76,-28:16:28.70,7804.54955,5.5,0.774,18.34,18.36,18.36,1,1.49,OB170124
KMT-2017-BLG-0480,SAO03T0406.083727,18:00:01.14,-28:19:09.01,7977.41964,102.09,0.121,19.95,19.91,19.91,1,1.37,OB171233
KMT-2017-BLG-0481,BLG03T0501.028834,17:59:20.46,-28:55:10.70,7830.01059,44.8,0.024,21.38,18.39,18.39,1,1.07,MB17115
KMT-2017-BLG-0482,SAO03T0502.061627,17:59:00.63,-28:50:08.30,7881.88871,24.41,0.997,23.19,19.15,19.15,1,1.08,
KMT-2017-BLG-0483,SAO03T0503.073002,17:59:11.67,-28:41:20.69,7891.30454,3.29,0.904,19.46,19.5,19.5,1,1.24,
KMT-2017-BLG-0484,SAO03T0504.016053,17:59:08.41,-28:31:26.69,7826.86533,52.84,0.937,19.12,18.0,18.0,1,1.4,OB170174
KMT-2017-BLG-0485,SAO03T0504.074004,17:59:22.57,-28:31:11.39,7853.2832,37.26,0.296,20.72,19.6,19.6,1,1.38,OB170535
KMT-2017-BLG-0486,BLG03T0505.024638,17:59:07.77,-28:29:14.50,7840.72004,9.48,0.156,20.21,18.4,18.4,1,1.38,OB170976
KMT-2017-BLG-0487,SAO03T0505.044919,17:59:26.61,-28:27:58.90,7898.76783,24.59,0.234,20.38,18.95,18.95,1,1.38,OB170841
KMT-2017-BLG-0488,SAO03T0505.067890,17:59:12.11,-28:24:17.39,7933.0581,4.32,0.212,19.4,19.43,19.43,1,1.34,OB171185
KMT-2017-BLG-0489,SAO03T0506.055761,17:59:33.18,-28:21:06.70,8043.72476,34.09,0.119,20.58,19.32,19.32,1,1.38,
KMT-2017-BLG-0490,SSO03T0506.069981,17:59:33.32,-28:20:52.91,7982.33832,44.08,0.009,23.81,19.63,19.63,1,1.38,OB171569
KMT-2017-BLG-0491,BLG03T0506.080683,17:59:16.79,-28:18:08.60,7877.40331,1.8,0.238,19.79,19.9,19.9,1,1.46,
KMT-2017-BLG-0492,SAO03T0507.033102,17:59:13.46,-28:12:57.49,8041.51426,179.71,0.173,27.3,19.06,19.06,1,1.84,
KMT-2017-BLG-0493,BLG03T0507.042949,17:59:20.92,-28:11:54.20,7918.8253,14.12,0.885,19.25,19.31,19.31,1,1.54,
KMT-2017-BLG-0494,SAO03T0601.086047,17:58:43.25,-28:53:34.12,7931.03318,54.7,0.049,23.14,19.79,19.79,1,1.18,
KMT-2017-BLG-0495,SAO03T0602.005536,17:58:28.30,-28:49:50.81,7883.47168,30.7,0.05,16.28,16.35,16.35,1,1.15,OB170377 OB170567 MB17154
KMT-2017-BLG-0496,BLG03T0602.074868,17:58:54.81,-28:47:52.30,7841.29759,12.01,0.159,21.28,19.45,19.45,1,1.03,
KMT-2017-BLG-0497,SAO03T0604.058230,17:58:59.67,-28:36:02.02,7966.61072,20.05,0.38,19.45,19.47,19.47,1,1.36,
KMT-2017-BLG-0498,SAO03T0605.079123,17:58:47.61,-28:26:05.78,7823.88042,39.81,0.032,19.86,19.82,19.82,1,1.3,OB170198
KMT-2017-BLG-0499,SAO03T0607.038701,17:58:25.81,-28:12:29.70,7813.02202,61.59,0.2,20.84,19.49,19.49,1,2.24,OB170218
KMT-2017-BLG-0500,SAO03T0608.014714,17:58:30.06,-28:06:15.80,7887.35648,29.31,0.055,22.92,18.71,18.71,1,2.28,
KMT-2017-BLG-0501,SAO03T0608.051061,17:58:37.99,-28:05:41.32,7893.45014,4.04,0.574,19.98,20.0,20.06,1,2.32,OB170844
KMT-2017-BLG-0502,SAO03T0702.030601,17:57:56.52,-28:50:32.89,7886.77214,6.59,0.215,19.72,18.73,18.73,1,1.21,
KMT-2017-BLG-0503,BLG03T0704.038604,17:58:07.50,-28:30:59.69,7867.21287,13.18,0.002,24.43,19.2,19.2,1,1.77,
KMT-2017-BLG-0504,SAO03T0705.004230,17:58:15.20,-28:25:29.10,7972.57838,14.82,1.0,17.09,16.24,16.24,1,1.65,OB171461
KMT-2017-BLG-0505,SAO03T0705.029791,17:58:17.20,-28:26:44.20,7816.49137,42.18,0.266,21.29,18.88,18.88,1,1.69,OB170186
KMT-2017-BLG-0506,SAO03T0708.006969,17:58:11.79,-28:05:55.10,7947.49612,58.32,0.206,17.44,17.43,17.43,1,2.17,OB170651 MB17293
KMT-2017-BLG-0507,SAO03T0708.058104,17:58:19.09,-27:59:58.31,7925.65376,30.23,0.327,21.56,20.0,20.12,1,2.59,OB171147
KMT-2017-BLG-0508,BLG03T0802.009076,17:57:36.62,-28:45:50.00,7878.67145,10.8,0.294,17.28,17.3,17.3,1,1.33,OB170587 MB17213
KMT-2017-BLG-0509,SAO03T0802.010885,17:57:37.35,-28:46:20.89,7845.36265,12.88,0.466,17.55,17.56,17.56,1,1.3,OB170332 MB17122
KMT-2017-BLG-0510,SSO03T0803.009626,17:57:40.09,-28:40:52.50,7891.05524,1.6,0.9,17.63,17.63,17.63,1,1.61,
KMT-2017-BLG-0511,BLG03T0803.025381,17:57:33.57,-28:40:47.32,7870.59394,7.98,0.104,20.55,18.77,18.77,1,1.61,OB170666
KMT-2017-BLG-0512,SAO03T0803.028440,17:57:47.52,-28:38:28.90,7950.38449,28.38,0.085,20.7,18.87,18.87,1,1.74,
KMT-2017-BLG-0513,SAO03T0805.030126,17:57:24.43,-28:28:18.08,7978.77164,6.4,0.429,19.58,18.85,18.85,1,1.71,OB171542
KMT-2017-BLG-0514,SAO03T0805.087000,17:57:35.64,-28:26:57.70,7879.23544,175.56,0.003,24.75,20.0,20.34,1,1.68,OB170649
KMT-2017-BLG-0515,SAO03T0807.023679,17:57:36.63,-28:11:19.28,8040.16148,25.61,0.034,19.5,18.74,18.74,1,1.85,OB171783
KMT-2017-BLG-0516,SAO03T0808.005098,17:57:32.77,-28:02:37.61,8019.03398,26.4,0.81,17.33,16.89,16.89,1,2.34,OB171608
KMT-2017-BLG-0517,BLG04K0101.025735,18:03:21.63,-29:57:04.00,8049.02057,73.25,0.207,18.42,18.5,18.5,1,0.78,OB171415 OB171791
KMT-2017-BLG-0518,BLG04K0101.032792,18:03:41.08,-29:56:52.69,7827.5176,19.03,0.038,21.1,18.71,18.71,1,0.77,OB170344 MB17097
KMT-2017-BLG-0519,BLG04K0102.043953,18:03:25.95,-29:51:32.18,7990.81028,19.89,0.118,19.45,19.01,19.01,1,0.77,
KMT-2017-BLG-0520,BLG04K0202.022318,18:02:58.29,-29:47:40.81,7877.62615,11.65,0.116,18.29,18.37,18.37,1,0.75,OB170599 MB17214 MB17217
KMT-2017-BLG-0521,SAO04K0203.008033,18:02:58.55,-29:37:14.70,7949.23077,37.92,0.176,18.77,17.51,17.51,1,1.03,OB171007 MB17345 MB17374
KMT-2017-BLG-0522,SAO04K0203.015742,18:02:53.35,-29:40:48.11,7954.95691,37.01,0.082,18.42,18.22,18.22,1,0.92,OB171188 MB17366
KMT-2017-BLG-0523,BLG04K0204.018280,18:02:56.25,-29:34:38.10,7811.67756,37.94,0.107,18.43,18.4,18.4,1,0.95,OB170056 MB17023
KMT-2017-BLG-0524,BLG04K0207.026613,18:02:35.36,-29:06:57.31,7858.85914,120.44,0.002,24.03,18.58,18.58,1,0.99,OB171022 MB17169
KMT-2017-BLG-0525,BLG04K0304.072743,18:02:14.70,-29:34:10.31,7833.92733,12.08,0.118,19.94,20.0,20.06,1,1.3,
KMT-2017-BLG-0526,SAO04K0307.005210,18:02:09.29,-29:10:09.52,7887.58119,16.12,0.753,17.16,16.69,16.69,1,1.18,OB170703 MB17226
KMT-2017-BLG-0527,BLG04K0402.018125,18:01:40.54,-29:51:52.88,7887.65991,25.51,0.105,20.18,18.3,18.3,1,1.02,
KMT-2017-BLG-0528,BLG04K0402.068226,18:01:30.59,-29:47:14.71,7826.21002,53.0,0.366,19.77,19.66,19.66,1,1.15,MB17116
KMT-2017-BLG-0529,BLG04K0404.083316,18:01:49.57,-29:35:26.48,7950.26277,15.33,0.136,20.03,20.0,20.58,1,1.49,MB17383
KMT-2017-BLG-0530,SAO04K0408.001903,18:01:47.57,-29:05:44.02,7955.90258,23.31,0.192,18.63,15.52,15.52,1,1.45,OB171284 MB17371
KMT-2017-BLG-0531,BLG04K0501.010504,18:00:50.90,-29:53:11.00,7859.06887,29.74,0.169,20.3,17.77,17.77,1,1.06,OB170445 MB17164
KMT-2017-BLG-0532,BLG04K0504.007389,18:01:12.30,-29:34:58.58,7830.56314,15.54,0.537,17.4,17.46,17.46,1,1.41,OB170234 MB17139
KMT-2017-BLG-0533,BLG04K0504.057310,18:00:48.89,-29:34:32.59,7987.3902,130.72,0.038,22.69,19.61,19.61,1,1.57,
KMT-2017-BLG-0534,BLG04K0504.070699,18:00:56.84,-29:34:41.20,7822.99618,8.98,0.21,20.56,19.92,19.92,1,1.5,
KMT-2017-BLG-0535,SSO04K0505.016077,18:00:52.57,-29:28:47.60,7844.0058,26.61,0.069,19.8,18.27,18.27,1,1.35,MB17123
KMT-2017-BLG-0536,BLG04K0601.016930,18:00:42.21,-29:55:28.70,7835.22555,73.48,0.02,22.66,18.27,18.27,1,0.99,OB170379
KMT-2017-BLG-0537,SAO04K0601.040207,18:00:24.71,-29:58:46.88,7884.33349,28.15,0.507,19.37,19.04,19.04,1,1.14,OB170713
KMT-2017-BLG-0538,BLG04K0602.038759,18:00:27.04,-29:50:04.31,7851.50437,68.43,0.521,19.02,18.92,18.92,1,1.14,OB170108 MB17094
KMT-2017-BLG-0539,BLG04K0604.051892,18:00:25.77,-29:33:08.89,7896.2698,11.12,0.07,19.67,19.55,19.55,1,1.41,MB17265
KMT-2017-BLG-0540,BLG04K0606.053851,18:00:20.34,-29:14:18.71,7965.52136,67.74,0.197,20.42,19.4,19.4,1,1.21,OB171229
KMT-2017-BLG-0541,SAO04K0607.002162,18:00:15.67,-29:11:14.71,7860.3251,8.77,0.201,18.35,15.46,15.46,1,1.16,OB170550 MB17170
KMT-2017-BLG-0542,BLG04K0607.024056,18:00:25.45,-29:10:39.29,7961.37702,199.21,0.012,22.12,18.44,18.44,1,1.07,MB17402
KMT-2017-BLG-0543,SAO04K0702.077979,17:59:59.03,-29:45:59.51,7882.39618,58.83,0.01,23.16,19.94,19.94,1,1.2,
KMT-2017-BLG-0544,SAO04K0704.007308,17:59:51.19,-29:33:31.10,7847.1908,16.77,0.129,21.1,17.39,17.39,1,1.39,OB170443
KMT-2017-BLG-0545,BLG04K0704.030805,17:59:58.65,-29:35:51.40,8007.71099,63.65,0.036,20.38,18.94,18.94,1,1.4,OB171610 OB171623 OB171709 MB17468
KMT-2017-BLG-0546,BLG04K0704.062761,17:59:39.84,-29:31:48.90,7910.41497,31.43,0.281,19.71,19.71,19.71,1,1.56,
KMT-2017-BLG-0547,BLG04K0705.030908,18:00:02.04,-29:26:30.59,8023.58068,4.63,0.309,18.9,18.86,18.86,1,1.25,
KMT-2017-BLG-0548,SAO04K0705.068656,17:59:56.78,-29:25:56.89,7992.63678,3.81,0.131,19.85,19.76,19.76,1,1.28,OB171612
KMT-2017-BLG-0549,BLG04K0706.031240,18:00:01.47,-29:14:47.18,7830.87654,42.22,0.024,20.2,18.82,18.82,1,1.2,OB170221
KMT-2017-BLG-0550,BLG04K0706.085069,17:59:51.91,-29:18:33.41,7844.77997,21.94,0.396,20.67,20.0,20.28,1,1.37,
KMT-2017-BLG-0551,BLG04K0707.004716,18:00:00.66,-29:09:37.12,7989.13985,17.86,0.918,16.48,16.25,16.25,1,1.08,OB171519
KMT-2017-BLG-0552,BLG04K0707.005298,17:59:54.92,-29:11:13.31,7953.41177,11.44,0.909,17.66,16.46,16.46,1,1.11,OB171302
KMT-2017-BLG-0553,SAO04K0708.095172,18:00:03.65,-29:05:48.98,8004.8673,15.55,0.039,21.12,20.0,20.21,1,0.99,
KMT-2017-BLG-0554,BLG04K0802.010556,17:59:19.71,-29:47:20.80,7978.79408,49.77,0.999,18.14,17.6,17.6,1,1.12,
KMT-2017-BLG-0555,SSO04K0805.061609,17:59:34.68,-29:27:09.61,8045.57106,16.02,0.064,19.61,19.74,19.74,1,1.55,
KMT-2017-BLG-0556,BLG04M0102.023856,18:08:24.63,-29:44:57.59,7890.97083,23.96,0.6,19.08,18.87,18.87,1,0.82,OB170732
KMT-2017-BLG-0557,BLG04M0108.068431,18:08:09.43,-29:05:15.40,7833.17358,13.17,0.134,19.81,20.0,20.24,1,0.6,MB17113
KMT-2017-BLG-0558,SAO04M0206.002275,18:07:55.70,-29:21:11.02,7959.2087,9.86,0.874,16.15,16.14,16.14,1,0.96,OB171285 MB17375
KMT-2017-BLG-0559,BLG04M0206.017834,18:07:58.11,-29:19:29.78,7921.48674,57.4,0.32,19.26,18.68,18.68,1,0.95,OB170733 MB17303
KMT-2017-BLG-0560,SAO04M0206.043205,18:07:46.29,-29:19:02.39,7888.50527,11.69,0.542,20.9,19.59,19.59,1,0.99,
KMT-2017-BLG-0561,BLG04M0307.034995,18:07:23.13,-29:13:19.88,7856.55759,17.71,0.38,19.45,19.14,19.14,1,1.03,OB170558
KMT-2017-BLG-0562,SSO04M0404.004140,18:06:48.38,-29:35:26.30,7970.27145,14.34,0.998,17.15,16.97,16.97,1,0.79,
KMT-2017-BLG-0563,BLG04M0406.008004,18:06:29.49,-29:20:17.09,8033.57778,24.79,0.159,18.99,17.74,17.74,1,1.08,OB171769
KMT-2017-BLG-0564,BLG04M0408.029772,18:06:25.51,-29:06:20.48,7912.71166,7.05,0.003,20.92,18.8,18.8,1,0.88,
KMT-2017-BLG-0565,BLG04M0408.060751,18:06:18.63,-29:01:36.19,7899.42224,35.04,0.1,19.72,19.74,19.74,1,0.86,OB171057 MB17267
KMT-2017-BLG-0566,SAO04M0501.077346,18:06:04.50,-29:55:55.60,7983.99238,22.8,0.023,20.73,20.0,20.79,1,0.82,
KMT-2017-BLG-0567,BLG04M0507.039186,18:05:42.05,-29:09:01.12,7991.2787,20.73,0.053,21.41,19.1,19.1,1,0.94,
KMT-2017-BLG-0568,SSO04M0602.000069,18:05:10.80,-29:45:45.61,7884.47343,56.6,0.383,13.11,13.24,13.24,1,0.78,OB170055
KMT-2017-BLG-0569,BLG04M0602.026066,18:05:33.08,-29:51:15.19,7895.95691,7.33,0.14,18.63,18.67,18.67,1,0.87,OB170865 MB17278
KMT-2017-BLG-0570,SAO04M0603.013375,18:05:26.47,-29:37:43.90,8039.7266,199.86,0.005,22.25,18.14,18.14,1,0.84,
KMT-2017-BLG-0571,BLG04M0605.026598,18:05:09.79,-29:26:05.10,7852.05135,14.8,0.399,18.87,18.82,18.82,1,1.01,OB170421 MB17151
KMT-2017-BLG-0572,BLG04M0702.012516,18:04:47.29,-29:44:31.31,7932.36416,2.77,0.46,18.02,18.0,18.0,1,0.82,OB171195
KMT-2017-BLG-0573,SAO04M0708.075010,18:04:51.77,-29:04:10.20,7903.05679,5.57,0.295,19.86,19.94,19.94,1,0.91,
KMT-2017-BLG-0574,BLG04M0807.041228,18:04:12.76,-29:08:53.30,7846.56094,49.28,0.055,21.6,19.06,19.06,1,0.91,OB170490
KMT-2017-BLG-0575,SSO04N0106.005627,18:08:22.51,-30:24:53.89,8050.84186,8.43,0.066,17.76,17.75,17.75,1,0.73,MB17510
KMT-2017-BLG-0576,SSO04N0306.001853,18:07:26.11,-30:27:50.11,8008.12508,26.18,0.641,16.04,16.05,16.05,1,0.93,OB171523
KMT-2017-BLG-0577,BLG04N0307.026402,18:07:05.99,-30:17:59.78,7988.82882,43.63,0.021,22.18,19.07,19.07,1,0.91,
KMT-2017-BLG-0578,SAO04N0404.003494,18:06:44.51,-30:39:06.52,7908.5174,31.66,0.058,18.47,17.29,17.29,1,1.08,OB170737 MB17271
KMT-2017-BLG-0579,SAO04N0404.010979,18:06:45.16,-30:37:35.40,8040.19455,31.71,0.302,18.46,18.52,18.52,1,1.17,
KMT-2017-BLG-0580,SSO04N0503.001175,18:06:13.80,-30:48:49.50,7877.75933,14.01,0.855,15.63,15.66,15.66,1,1.04,OB170541 OB170736
KMT-2017-BLG-0581,SAO04N0601.057760,18:05:25.67,-30:59:47.18,7876.05268,4.57,0.343,19.65,20.0,20.61,1,1.22,
KMT-2017-BLG-0582,SSO04N0605.047367,18:05:41.02,-30:33:54.40,7986.08776,13.96,0.05,19.71,19.79,19.79,1,1.09,OB171595 MB17427
KMT-2017-BLG-0583,SAO04N0706.042718,18:04:46.86,-30:25:05.30,7870.28977,28.35,0.629,19.48,19.68,19.68,1,1.22,OB170495
KMT-2017-BLG-0584,BLG04N0707.007258,18:05:06.80,-30:16:07.90,7898.4387,13.54,0.57,17.93,17.94,17.94,1,1.26,OB170711
KMT-2017-BLG-0585,BLG04N0804.011051,18:04:14.08,-30:43:29.89,7827.03534,24.78,0.113,18.52,18.48,18.48,1,1.15,OB170203 MB17077
KMT-2017-BLG-0586,SAO04N0806.058513,18:04:03.63,-30:23:06.40,7900.71146,44.23,0.084,21.78,19.95,19.95,1,1.16,
KMT-2017-BLG-0587,BLG04N0806.075480,18:04:28.87,-30:26:57.30,7797.77795,53.12,0.178,19.94,20.0,20.51,1,1.22,OB170052
KMT-2017-BLG-0588,BLG04N0808.037022,18:04:29.39,-30:10:57.40,7866.00901,18.6,0.065,19.06,19.15,19.15,1,1.01,OB170523 MB17199
KMT-2017-BLG-0589,SSO04T0106.007900,18:03:32.59,-30:21:50.80,8019.30752,8.4,0.299,17.86,17.8,17.8,1,1.03,OB171732
KMT-2017-BLG-0590,BLG04T0107.053335,18:03:24.35,-30:14:40.60,7905.04784,9.08,0.113,21.68,19.62,19.62,1,1.03,
KMT-2017-BLG-0591,BLG04T0205.000779,18:02:36.98,-30:35:44.81,7987.56453,38.53,0.771,15.08,15.06,15.06,1,1.26,OB171196 MB17349
KMT-2017-BLG-0592,BLG04T0208.057976,18:02:46.68,-30:09:44.32,7988.38431,50.03,0.061,19.6,19.67,19.67,1,1.04,
KMT-2017-BLG-0593,BLG04T0303.020584,18:02:25.48,-30:48:01.51,7889.24925,20.55,0.564,19.1,19.12,19.12,1,1.46,OB170720
KMT-2017-BLG-0594,SAO04T0306.008362,18:02:26.01,-30:24:38.20,7890.83201,29.47,0.712,18.35,17.65,17.65,1,0.94,
KMT-2017-BLG-0595,SAO04T0307.002013,18:02:19.49,-30:20:00.38,7871.80913,37.32,0.488,15.56,15.59,15.59,1,0.98,OB170175 MB17071
KMT-2017-BLG-0596,SAO04T0401.056919,18:01:32.32,-31:03:45.61,7862.16531,25.86,0.102,20.83,20.0,20.06,1,1.27,OB170721 MB17194
KMT-2017-BLG-0597,SAO04T0404.000471,18:01:49.50,-30:42:45.61,8043.00705,50.07,0.582,15.47,14.62,14.62,1,1.23,OB171544 MB17485
KMT-2017-BLG-0598,SAO04T0405.014323,18:01:30.74,-30:34:57.61,7934.14811,20.14,0.908,18.71,18.29,18.29,1,1.15,
KMT-2017-BLG-0599,SAO04T0405.042147,18:01:40.67,-30:31:18.91,7998.05967,150.01,0.023,22.34,19.27,19.27,1,1.11,OB171594
KMT-2017-BLG-0600,BLG04T0504.051312,18:00:53.27,-30:38:40.42,7831.12254,11.91,0.484,19.6,19.63,19.63,1,1.16,OB170361
KMT-2017-BLG-0601,SAO04T0504.063004,18:00:55.62,-30:39:07.09,7885.37636,12.91,0.879,19.8,19.94,19.94,1,1.16,
KMT-2017-BLG-0602,BLG04T0605.007794,18:00:17.62,-30:32:21.59,7835.77152,16.49,0.177,17.59,17.56,17.56,1,1.14,OB170225 MB17119
KMT-2017-BLG-0603,SAO04T0608.001993,18:00:11.79,-30:06:55.91,7850.0489,17.04,0.72,15.77,15.53,15.53,1,1.11,OB170345
KMT-2017-BLG-0604,BLG04T0703.026610,17:59:54.06,-30:47:10.39,8040.37715,21.41,0.207,19.98,19.33,19.33,1,1.61,
KMT-2017-BLG-0605,SAO04T0704.002747,18:00:10.91,-30:42:16.20,7981.18218,19.91,0.939,16.15,16.18,16.18,1,1.52,OB171355 MB17389
KMT-2017-BLG-0606,SAO04T0704.026219,18:00:06.31,-30:38:09.20,7913.03666,20.97,0.359,19.03,19.04,19.04,1,1.43,OB170855
KMT-2017-BLG-0607,BLG04T0704.033688,17:59:57.46,-30:41:36.82,7850.54507,12.17,0.664,19.24,19.26,19.26,1,1.54,OB170417
KMT-2017-BLG-0608,BLG04T0802.003264,17:59:23.35,-30:55:24.38,7856.05363,14.5,0.673,17.67,16.92,16.92,1,1.95,OB170404 MB17153
KMT-2017-BLG-0609,SAO04T0804.066295,17:59:10.27,-30:39:21.20,7892.38512,17.37,0.091,22.0,20.0,20.39,1,1.64,
KMT-2017-BLG-0610,BLG11K0103.036679,17:27:16.97,-29:38:43.12,7860.53654,20.37,0.194,20.34,19.77,19.77,1,1.83,OB170574
KMT-2017-BLG-0611,BLG11K0208.005523,17:26:20.16,-28:56:44.02,7968.74292,48.76,0.31,19.82,18.26,18.26,2,1.73,
KMT-2017-BLG-0612,BLG11K0403.000653,17:25:24.36,-29:32:13.31,7840.12092,20.08,0.909,17.18,15.49,15.49,1,1.69,
KMT-2017-BLG-0613,BLG11K0508.010813,17:24:30.60,-28:56:13.60,7836.91763,22.47,0.156,19.95,20.0,20.7,2,1.87,
KMT-2017-BLG-0614,SAO11K0603.038981,17:24:17.36,-29:36:33.52,7875.26908,10.97,0.05,19.94,19.9,19.9,1,1.95,
KMT-2017-BLG-0615,SSO11K0605.013305,17:23:56.24,-29:18:54.68,7886.59357,30.26,0.112,19.31,18.6,18.6,1,1.35,OB170785
KMT-2017-BLG-0616,BLG11K0606.002262,17:23:54.03,-29:12:33.30,8038.25948,23.62,0.127,16.42,16.32,16.32,1,1.68,OB171702
KMT-2017-BLG-0617,SAO11K0702.010873,17:23:36.57,-29:44:08.63,7917.20306,15.13,0.306,19.05,19.06,19.06,2,1.81,OB171070
KMT-2017-BLG-0618,SSO11K0704.005089,17:23:29.00,-29:30:18.90,7964.52022,7.94,0.049,18.34,17.65,17.65,1,1.6,OB171432
KMT-2017-BLG-0619,BLG11K0704.025824,17:23:45.54,-29:25:51.31,7867.66496,18.22,0.351,19.16,19.41,19.41,1,1.36,OB170615
KMT-2017-BLG-0620,BLG11M0102.009149,17:32:03.23,-29:39:13.79,7921.01551,18.64,0.602,19.97,20.0,20.37,2,2.93,
KMT-2017-BLG-0621,BLG11M0204.004367,17:31:37.71,-29:25:51.71,8047.96137,23.99,0.514,18.39,18.26,18.26,2,3.14,OB171804
KMT-2017-BLG-0622,BLG11M0305.011664,17:30:38.24,-29:20:49.63,8042.3991,43.25,0.211,20.55,20.0,20.11,2,3.02,
KMT-2017-BLG-0623,SAO11M0405.000778,17:30:18.92,-29:20:24.90,7947.40648,16.09,0.429,16.35,16.4,16.4,2,2.58,OB171170
KMT-2017-BLG-0624,BLG11M0408.002005,17:30:03.98,-28:54:29.88,7959.85477,8.04,0.471,17.31,17.34,17.34,2,2.4,
KMT-2017-BLG-0625,BLG11M0602.022309,17:28:49.12,-29:42:08.50,7866.6749,38.81,0.292,20.05,19.29,19.29,2,2.5,OB170611
KMT-2017-BLG-0626,SSO11M0606.001183,17:29:10.05,-29:11:21.26,7943.10139,54.8,0.151,16.37,16.44,16.44,2,2.12,OB170573
KMT-2017-BLG-0627,BLG11M0805.059414,17:28:06.27,-29:15:55.91,7995.45644,19.26,0.14,20.7,20.0,20.46,1,1.78,OB171663
KMT-2017-BLG-0628,BLG11M0806.007839,17:28:00.17,-29:14:51.61,7998.27134,33.67,0.901,19.18,18.18,18.18,1,1.8,OB171650
KMT-2017-BLG-0629,SSO11N0108.003884,17:32:06.40,-29:59:58.56,7890.4933,31.11,0.009,21.04,17.24,17.24,2,2.22,
KMT-2017-BLG-0630,BLG11N0202.005858,17:31:10.53,-30:48:43.06,7981.41295,31.11,0.504,18.88,18.82,18.82,2,3.27,OB171219
KMT-2017-BLG-0631,BLG11N0208.002392,17:31:30.50,-30:03:08.82,7915.98162,65.58,0.878,17.15,16.7,16.7,2,2.52,OB170160
KMT-2017-BLG-0632,BLG11N0302.008974,17:30:37.21,-30:46:39.36,7813.23302,10.01,0.129,20.73,19.58,19.58,2,3.28,
KMT-2017-BLG-0633,BLG11N0306.002867,17:31:00.44,-30:18:07.31,7995.36966,29.5,0.212,20.0,17.51,17.51,2,2.64,
KMT-2017-BLG-0634,SAO11N0404.000853,17:30:32.20,-30:33:23.65,7885.89216,31.57,0.539,16.13,16.16,16.16,2,2.98,OB170380
KMT-2017-BLG-0635,BLG11N0407.022189,17:30:05.10,-30:13:52.46,7877.77267,11.96,0.053,21.56,20.0,25.0,3,2.35,OB170823
KMT-2017-BLG-0636,SAO11N0507.019598,17:29:43.94,-30:12:43.88,7831.88671,49.63,0.17,21.31,19.61,19.61,2,2.1,
KMT-2017-BLG-0637,SSO11N0508.008342,17:29:23.74,-30:03:07.42,7999.56841,7.7,0.529,18.68,18.7,18.7,2,2.49,OB171693
KMT-2017-BLG-0638,BLG11N0508.008550,17:29:36.91,-30:03:53.53,7959.3411,26.49,0.717,18.62,18.71,18.71,2,2.36,OB171297
KMT-2017-BLG-0639,BLG11N0606.016995,17:28:54.09,-30:17:20.15,7828.66902,19.17,0.419,19.86,19.92,19.92,2,2.65,OB170341
KMT-2017-BLG-0640,SAO11N0703.011494,17:28:17.90,-30:46:00.70,7962.28249,39.97,0.105,21.17,20.0,21.19,2,3.19,
KMT-2017-BLG-0641,SAO11N0707.026692,17:28:24.94,-30:12:34.52,7949.61182,16.68,0.133,20.34,20.0,20.43,2,2.7,
KMT-2017-BLG-0642,BLG11N0708.008834,17:28:20.68,-30:06:31.50,7837.3228,24.84,0.059,21.88,18.88,18.88,2,2.12,
KMT-2017-BLG-0643,BLG11T0301.001486,17:26:05.20,-30:55:27.77,7851.29392,24.51,0.162,19.98,17.55,17.55,2,2.81,
KMT-2017-BLG-0644,SAO11T0303.007904,17:26:05.11,-30:38:35.74,7903.50551,22.08,0.057,21.9,20.0,20.3,2,3.25,
KMT-2017-BLG-0645,SAO11T0304.010825,17:25:52.84,-30:36:08.93,7904.27536,4.53,0.827,19.99,20.0,20.89,2,3.1,
KMT-2017-BLG-0646,SAO11T0305.004284,17:25:46.12,-30:26:08.59,7933.65283,32.11,0.46,18.37,18.46,18.46,2,2.7,OB170887
KMT-2017-BLG-0647,BLG11T0308.000644,17:25:59.41,-30:06:56.88,7951.99267,196.6,0.071,20.14,19.91,19.91,2,2.41,OB171110
KMT-2017-BLG-0648,BLG11T0408.021824,17:25:07.71,-30:05:31.67,7944.17614,199.76,0.025,22.27,20.0,20.22,2,2.18,OB171063
KMT-2017-BLG-0649,SAO11T0408.027525,17:25:33.15,-30:05:21.34,7925.74658,33.77,0.099,22.58,20.0,20.38,2,2.3,OB171154
KMT-2017-BLG-0650,SAO11T0605.014724,17:23:58.06,-30:26:56.40,7970.98227,17.88,0.631,20.0,20.0,20.54,2,2.91,OB171466
KMT-2017-BLG-0651,BLG11T0704.001130,17:23:22.20,-30:31:46.78,7842.71669,16.79,0.72,17.31,17.43,17.43,2,2.64,
KMT-2017-BLG-0652,SAO11T0804.001106,17:22:56.66,-30:34:03.90,7888.84637,1.92,0.773,17.54,17.52,17.52,2,2.87,
KMT-2017-BLG-0653,SAO12K0804.003214,17:23:14.94,-27:19:18.23,7795.73021,57.68,0.196,18.66,18.62,18.62,2,2.2,
KMT-2017-BLG-0654,SAO12M0102.006776,17:31:52.44,-27:32:46.10,7904.61369,18.59,0.158,19.8,19.89,19.89,2,2.5,OB170903
KMT-2017-BLG-0655,BLG12M0202.002827,17:31:08.47,-27:33:43.70,7962.82652,55.2,0.282,17.34,17.46,17.46,2,2.33,OB170886
KMT-2017-BLG-0656,BLG12M0506.002024,17:29:37.71,-27:04:30.79,7842.42551,50.65,0.172,20.95,20.0,20.71,3,2.62,
KMT-2017-BLG-0657,SSO12M0601.002100,17:29:03.99,-27:40:17.33,8020.11436,21.98,0.135,17.55,17.55,17.55,2,2.78,
KMT-2017-BLG-0658,BLG12M0804.005041,17:28:05.94,-27:23:11.36,8037.42023,65.26,0.224,19.84,19.29,19.29,2,2.6,OB171803
KMT-2017-BLG-0659,SAO12N0107.015378,17:32:13.84,-28:00:36.29,7865.58379,7.18,0.195,19.0,18.4,18.4,2,2.36,OB170610
KMT-2017-BLG-0660,BLG12N0201.007948,17:31:16.25,-28:47:41.64,7825.11372,43.52,0.09,20.33,19.16,19.16,2,2.43,
KMT-2017-BLG-0661,SAO12N0305.002366,17:30:50.93,-28:18:00.83,7885.9185,5.18,0.995,19.06,17.12,17.12,2,2.23,
KMT-2017-BLG-0662,BLG12N0306.014416,17:30:34.81,-28:14:48.52,7907.84459,73.35,0.056,21.97,19.68,19.68,3,1.98,
KMT-2017-BLG-0663,SAO12N0502.011907,17:29:56.48,-28:41:40.96,7868.55615,29.27,0.145,20.45,19.28,19.28,2,2.34,
KMT-2017-BLG-0664,BLG12N0503.004328,17:29:30.52,-28:33:27.68,7891.0907,199.65,0.003,22.36,18.68,18.68,2,1.81,OB170784
KMT-2017-BLG-0665,SAO12N0506.008667,17:29:36.43,-28:08:27.74,7931.18726,14.82,0.466,19.2,19.24,19.24,2,2.08,OB171138
KMT-2017-BLG-0666,SAO12N0507.019004,17:29:40.28,-28:04:11.17,7899.64112,144.24,0.003,20.65,20.0,20.68,3,2.07,
KMT-2017-BLG-0667,SAO12T0205.003609,17:26:31.06,-28:19:29.60,7946.0931,11.88,0.202,17.78,17.81,17.81,2,1.86,OB171268
KMT-2017-BLG-0668,SAO12T0708.008003,17:23:34.93,-27:58:46.81,7816.1819,17.17,0.145,18.81,18.97,18.97,2,1.64,
KMT-2017-BLG-0669,SAO13K0101.002610,17:34:28.69,-34:13:50.77,7867.82439,16.57,0.382,20.29,18.24,18.24,2,4.25,
KMT-2017-BLG-0670,BLG13K0105.004829,17:34:23.10,-33:40:04.51,7830.31215,60.77,0.298,18.72,18.85,18.85,2,5.29,
KMT-2017-BLG-0671,BLG13M0103.009310,17:39:39.77,-33:55:47.89,7993.71804,38.16,0.294,19.47,19.49,19.49,2,2.99,OB171589
KMT-2017-BLG-0672,BLG13M0107.003907,17:39:26.69,-33:31:35.54,7899.78892,9.95,0.433,18.34,18.33,18.33,2,2.93,OB170908
KMT-2017-BLG-0673,BLG13M0204.003121,17:39:01.69,-33:48:28.91,7972.71126,27.64,0.099,18.17,18.21,18.21,2,3.12,
KMT-2017-BLG-0674,BLG13M0304.009712,17:38:11.14,-33:52:43.32,7875.1168,9.67,0.367,19.93,20.0,21.81,2,3.86,OB170818
KMT-2017-BLG-0675,SAO13M0307.001969,17:38:24.27,-33:28:39.18,7864.31529,198.02,0.004,21.46,16.71,16.71,2,3.41,
KMT-2017-BLG-0676,BLG13M0307.002109,17:38:26.07,-33:31:15.78,7994.57378,49.37,0.376,18.77,17.87,17.87,2,3.6,OB171460
KMT-2017-BLG-0677,SAO13M0501.012443,17:37:03.60,-34:15:17.93,7893.25843,37.23,0.402,19.9,20.0,20.21,2,3.48,
KMT-2017-BLG-0678,BLG13M0505.005801,17:37:13.14,-33:42:55.66,7819.62706,47.52,0.134,18.4,18.49,18.49,2,9.78,OB170213
KMT-2017-BLG-0679,SAO13M0602.005321,17:36:36.58,-34:07:29.42,7939.25729,61.54,0.199,18.88,18.77,18.77,2,3.56,
KMT-2017-BLG-0680,SAO13N0101.022847,17:39:23.50,-35:16:53.15,7949.54177,21.68,0.308,19.87,20.0,21.79,2,2.02,
KMT-2017-BLG-0681,BLG13N0102.005082,17:39:39.24,-35:09:43.60,8012.6267,41.13,0.497,18.76,17.84,17.84,2,1.87,OB171645
KMT-2017-BLG-0682,BLG13N0303.002617,17:38:25.97,-35:03:47.27,7944.27953,14.62,0.894,17.57,17.59,17.59,2,2.52,OB171175
KMT-2017-BLG-0683,BLG13N0406.003597,17:37:35.21,-34:45:20.99,7978.10447,49.57,0.631,18.2,18.2,18.2,2,3.2,OB171097
KMT-2017-BLG-0684,BLG13N0406.018315,17:37:38.03,-34:42:14.54,7999.80403,46.08,0.112,19.88,20.0,20.73,2,2.92,OB171588
KMT-2017-BLG-0685,BLG13N0501.002937,17:36:56.95,-35:23:25.66,8053.99708,134.97,0.203,19.97,20.0,25.0,3,3.29,
KMT-2017-BLG-0686,SAO13N0707.000858,17:35:56.94,-34:36:50.08,7791.73302,47.59,0.072,19.75,16.84,16.84,2,3.68,
KMT-2017-BLG-0687,SAO13N0807.005967,17:35:03.43,-34:32:02.76,7844.73165,25.78,0.093,18.86,18.72,18.72,2,3.79,
KMT-2017-BLG-0688,BLG13T0108.014464,17:34:29.41,-34:28:48.22,7989.5825,31.72,0.241,19.91,20.0,20.72,2,3.86,
KMT-2017-BLG-0689,BLG14K0101.005628,17:36:12.17,-28:47:43.01,7895.38842,14.64,0.016,21.64,18.3,18.3,2,2.98,
KMT-2017-BLG-0690,SAO14K0102.012767,17:36:12.23,-28:39:50.11,7886.29092,5.01,0.236,19.63,19.67,19.67,2,3.15,
KMT-2017-BLG-0691,BLG14K0103.006437,17:36:38.68,-28:34:48.72,7899.42454,45.73,0.82,18.63,18.48,18.48,2,3.26,OB170810
KMT-2017-BLG-0692,BLG14K0105.011479,17:36:25.20,-28:18:38.92,7850.91411,72.9,0.086,22.21,20.0,20.04,2,3.89,
KMT-2017-BLG-0693,BLG14K0107.006650,17:36:20.71,-28:01:55.88,7921.46818,60.2,0.003,22.38,18.9,18.9,2,3.29,
KMT-2017-BLG-0694,SAO14K0205.010605,17:35:59.76,-28:13:42.49,7956.77665,3.24,0.029,19.93,19.96,19.96,2,3.71,OB171431
KMT-2017-BLG-0695,BLG14K0208.002328,17:36:05.63,-27:52:28.56,7918.59988,51.77,0.369,17.76,17.91,17.91,2,3.55,MB17272
KMT-2017-BLG-0696,BLG14K0208.002927,17:35:43.18,-27:57:05.26,7932.73185,36.3,0.802,18.24,18.25,18.25,2,3.66,
KMT-2017-BLG-0697,BLG14K0302.004833,17:35:09.89,-28:37:19.02,7830.08901,55.14,0.048,21.22,18.1,18.1,2,2.89,OB170387
KMT-2017-BLG-0698,BLG14K0303.004180,17:35:12.28,-28:33:40.36,7980.59461,59.53,0.15,21.55,18.18,18.18,2,2.88,
KMT-2017-BLG-0699,BLG14K0307.001873,17:35:06.93,-27:59:16.08,7830.51311,48.9,0.465,19.45,17.58,17.58,2,2.96,
KMT-2017-BLG-0700,SAO14K0307.013443,17:35:12.63,-28:01:42.64,7945.65324,12.48,0.031,21.82,20.0,20.74,2,3.14,OB171336
KMT-2017-BLG-0701,BLG14K0401.004416,17:34:28.99,-28:47:55.82,7835.90017,15.01,0.458,18.37,18.39,18.39,2,3.35,
KMT-2017-BLG-0702,SAO14K0401.009475,17:34:44.93,-28:44:35.81,7888.77104,5.43,0.857,19.03,19.03,19.03,4,3.26,
KMT-2017-BLG-0703,SAO14K0406.000644,17:34:40.85,-28:06:53.35,7952.15614,33.67,0.111,21.04,16.16,16.16,2,2.98,OB171348
KMT-2017-BLG-0704,BLG14K0408.005488,17:34:52.02,-27:53:45.71,7785.52251,38.07,0.153,18.39,18.36,18.36,2,2.79,
KMT-2017-BLG-0705,SAO14K0506.005739,17:34:16.57,-28:12:09.36,7888.47137,57.42,0.623,17.69,17.76,17.76,2,2.72,OB170168
KMT-2017-BLG-0706,SAO14K0601.009831,17:33:22.75,-28:48:21.38,7958.99085,42.0,0.256,19.95,20.0,20.3,2,3.48,OB171245
KMT-2017-BLG-0707,SAO14K0707.001398,17:32:59.90,-27:59:37.75,7997.06228,21.22,0.512,17.38,17.19,17.19,2,2.83,
KMT-2017-BLG-0708,BLG14K0804.010428,17:32:23.49,-28:22:17.94,7816.85768,199.93,0.021,21.09,20.0,25.0,3,2.38,
KMT-2017-BLG-0709,BLG14M0103.009486,17:41:10.63,-28:32:48.77,7821.96669,66.85,0.002,22.63,19.77,19.77,2,4.65,
KMT-2017-BLG-0710,BLG14M0105.004332,17:40:59.20,-28:14:45.46,7956.55245,31.95,0.03,22.79,18.55,18.55,2,3.89,
KMT-2017-BLG-0711,BLG14M0107.009862,17:41:00.85,-27:59:34.44,7808.92684,31.55,0.587,19.24,19.24,19.24,2,3.88,OB170101
KMT-2017-BLG-0712,SSO14M0107.017907,17:41:29.48,-28:04:58.62,7948.76247,30.07,0.006,20.96,20.0,21.9,2,3.75,
KMT-2017-BLG-0713,BLG14M0205.015654,17:40:30.69,-28:17:22.42,7850.3883,11.97,0.689,19.89,20.0,20.16,2,3.85,
KMT-2017-BLG-0714,SAO14M0206.001637,17:40:31.50,-28:12:08.17,7949.46349,16.13,0.072,17.97,17.87,17.87,2,3.94,
KMT-2017-BLG-0715,SSO14M0301.007990,17:39:59.65,-28:44:05.64,8010.96967,16.87,0.042,20.3,20.0,20.2,2,4.95,
KMT-2017-BLG-0716,BLG14M0302.006921,17:39:52.23,-28:39:24.08,7806.19512,84.29,0.377,20.05,19.42,19.42,2,5.23,
KMT-2017-BLG-0717,SAO14M0305.004906,17:39:57.68,-28:20:00.89,7940.8193,21.16,0.086,20.57,18.22,18.22,2,3.71,
KMT-2017-BLG-0718,BLG14M0307.000105,17:39:59.15,-28:02:22.02,8043.82858,162.45,0.058,17.01,14.93,14.93,2,3.1,
KMT-2017-BLG-0719,BLG14M0402.001972,17:39:48.91,-28:41:15.25,7846.56276,3.89,0.754,18.6,18.43,18.43,2,5.12,
KMT-2017-BLG-0720,BLG14M0402.003522,17:39:19.46,-28:40:03.04,7806.93614,21.86,0.2,19.97,19.06,19.06,2,4.37,
KMT-2017-BLG-0721,SAO14M0502.001283,17:38:54.92,-28:37:14.59,8001.03179,12.09,0.795,19.56,18.97,18.97,2,4.11,
KMT-2017-BLG-0722,BLG14M0506.005007,17:39:00.39,-28:08:18.85,8017.60065,10.97,0.17,17.85,17.85,17.85,2,2.87,
KMT-2017-BLG-0723,BLG14M0604.011945,17:38:39.43,-28:23:46.25,7910.01258,8.04,0.936,19.32,19.34,19.34,2,3.09,OB171050
KMT-2017-BLG-0724,SSO14M0702.009274,17:37:47.37,-28:39:13.07,7902.91099,9.96,0.022,19.95,18.79,18.79,2,3.17,OB170944
KMT-2017-BLG-0725,BLG14M0707.002119,17:38:00.06,-27:58:22.80,7933.53004,13.9,0.392,18.08,17.66,17.66,2,3.37,MB17321
KMT-2017-BLG-0726,SAO14M0804.009171,17:37:05.12,-28:25:46.49,7807.27577,73.98,0.007,19.72,19.72,19.72,2,3.98,OB170084
KMT-2017-BLG-0727,BLG14M0806.000955,17:37:00.10,-28:08:06.79,7902.60172,10.21,0.999,17.83,17.36,17.36,2,3.54,OB171016
KMT-2017-BLG-0728,BLG14M0806.009954,17:37:08.47,-28:06:15.77,7826.23098,47.54,0.466,19.78,19.79,19.79,2,3.74,OB170167
KMT-2017-BLG-0729,SAO14N0302.006508,17:39:55.48,-29:42:56.23,7883.36642,8.86,0.279,20.04,20.0,20.82,2,5.79,
KMT-2017-BLG-0730,BLG14N0401.006276,17:39:28.08,-29:54:25.92,8007.902,3.12,0.312,19.99,20.0,20.35,2,5.83,
KMT-2017-BLG-0731,BLG14N0408.008128,17:39:40.32,-29:03:23.87,8005.384,71.61,0.167,20.04,20.0,20.2,2,4.91,
KMT-2017-BLG-0732,BLG14N0503.002225,17:38:43.66,-29:37:54.05,7984.11523,52.0,0.486,19.08,19.09,19.09,2,4.68,
KMT-2017-BLG-0733,BLG14N0506.014388,17:38:51.74,-29:19:43.07,7835.19118,4.93,0.55,19.98,20.0,20.65,2,4.44,
KMT-2017-BLG-0734,BLG14N0508.002819,17:38:55.54,-28:57:50.18,7939.60327,38.04,0.203,21.61,18.37,18.37,2,4.41,
KMT-2017-BLG-0735,SAO14N0601.012475,17:38:32.09,-29:53:02.33,7861.78863,12.74,0.295,20.52,20.0,20.23,2,4.8,OB170620
KMT-2017-BLG-0736,SAO14N0703.002723,17:37:33.06,-29:38:54.02,7822.23484,25.08,0.248,18.01,18.1,18.1,2,3.85,OB170085
KMT-2017-BLG-0737,BLG14N0707.008746,17:37:38.24,-29:06:04.57,7865.61774,47.24,0.284,20.28,18.34,18.34,2,3.22,
KMT-2017-BLG-0738,BLG14N0801.006908,17:37:17.40,-29:56:16.76,7851.80559,48.79,0.488,19.05,19.03,19.03,2,4.78,OB170296
KMT-2017-BLG-0739,BLG14N0805.010701,17:37:23.20,-29:26:17.48,7799.8882,19.15,0.173,19.27,19.34,19.34,2,3.48,
KMT-2017-BLG-0740,SSO14N0808.011795,17:37:01.65,-28:59:31.96,7931.48292,41.22,0.076,20.34,20.0,21.38,2,3.24,OB171064
KMT-2017-BLG-0741,BLG14T0106.006557,17:36:22.50,-29:12:29.48,8020.76239,20.26,0.995,18.92,18.94,18.94,2,3.47,
KMT-2017-BLG-0742,BLG14T0107.011951,17:36:32.80,-29:04:37.45,7777.68542,62.59,0.374,18.9,18.89,18.89,4,2.95,OB170082
KMT-2017-BLG-0743,BLG14T0108.001032,17:36:14.94,-28:59:52.55,7847.30913,10.0,1.0,17.5,16.71,16.71,2,3.07,
KMT-2017-BLG-0744,BLG14T0108.007442,17:36:31.62,-29:04:15.46,8024.81349,22.46,0.216,18.42,18.49,18.49,2,2.95,OB171689
KMT-2017-BLG-0745,BLG14T0201.009088,17:35:44.13,-29:50:24.43,8017.7753,34.45,0.214,19.53,19.63,19.63,2,3.65,OB171753
KMT-2017-BLG-0746,BLG14T0204.007965,17:36:05.43,-29:33:41.04,8010.811,42.54,0.051,22.07,18.55,18.55,2,3.18,
KMT-2017-BLG-0747,BLG14T0205.008030,17:35:45.38,-29:25:23.45,7806.04425,53.0,0.292,19.44,18.63,18.63,2,3.0,OB170087
KMT-2017-BLG-0748,BLG14T0205.021880,17:35:38.76,-29:24:01.76,7853.2704,57.0,0.055,21.13,20.0,20.83,2,3.2,
KMT-2017-BLG-0749,BLG14T0208.012722,17:35:35.30,-28:58:59.41,8049.40771,101.18,0.088,20.33,19.55,19.55,2,3.23,OB171827
KMT-2017-BLG-0750,BLG14T0301.007315,17:35:20.44,-29:55:20.53,7954.55019,11.76,0.282,18.53,18.55,18.55,2,2.9,OB171295
KMT-2017-BLG-0751,BLG14T0401.006161,17:34:39.50,-29:52:15.64,7987.91042,48.7,0.197,18.13,18.14,18.14,2,2.77,
KMT-2017-BLG-0752,SSO14T0406.021757,17:34:22.52,-29:17:05.39,8002.60253,15.27,0.078,19.8,20.0,20.23,2,3.0,OB171691
KMT-2017-BLG-0753,BLG14T0407.008076,17:34:26.21,-29:08:56.22,7830.49496,33.75,0.652,18.74,18.81,18.81,2,3.37,OB170083
KMT-2017-BLG-0754,BLG14T0502.001673,17:34:03.63,-29:45:43.49,7981.92863,21.39,0.4,19.91,16.8,16.8,2,2.48,
KMT-2017-BLG-0755,SAO14T0503.004457,17:34:19.13,-29:41:05.93,7861.32408,9.94,0.698,18.07,17.69,17.69,2,2.83,OB170576
KMT-2017-BLG-0756,SAO14T0503.007808,17:33:56.18,-29:36:50.58,7970.49863,68.47,0.231,18.64,18.56,18.56,2,2.9,OB171039
KMT-2017-BLG-0757,BLG14T0504.008484,17:33:53.76,-29:28:08.36,7871.55829,8.76,0.38,19.77,18.75,18.75,2,2.59,OB170813
KMT-2017-BLG-0758,BLG14T0504.011635,17:34:16.62,-29:31:15.56,7856.63542,10.49,0.307,18.65,18.73,18.73,2,2.64,
KMT-2017-BLG-0759,SAO14T0604.005090,17:33:35.37,-29:34:19.92,7945.43206,19.17,0.19,20.78,18.21,18.21,2,3.2,
KMT-2017-BLG-0760,SAO14T0606.002131,17:33:37.08,-29:16:37.34,8006.41242,3.89,0.825,17.34,17.33,17.33,2,2.91,OB171697
KMT-2017-BLG-0761,BLG14T0607.013274,17:33:32.77,-29:08:44.88,7887.83395,37.74,0.066,20.56,20.0,20.47,2,3.09,OB170890
KMT-2017-BLG-0762,BLG14T0701.005849,17:33:03.91,-29:50:40.70,7979.38625,120.27,0.003,18.27,18.16,18.16,2,2.68,
KMT-2017-BLG-0763,SAO14T0701.015521,17:32:57.39,-29:56:42.54,7842.33506,25.41,0.183,20.95,19.83,19.83,2,2.6,
KMT-2017-BLG-0764,SAO14T0702.001840,17:32:59.37,-29:47:23.24,7927.88503,70.91,0.432,16.81,16.87,16.87,2,2.64,OB170326
KMT-2017-BLG-0765,SAO14T0702.011047,17:33:07.68,-29:48:34.99,7870.85127,23.32,0.089,21.74,19.22,19.22,2,2.61,
KMT-2017-BLG-0766,SAO14T0705.002972,17:32:41.24,-29:20:44.99,7828.81786,27.62,0.576,17.62,17.64,17.64,2,2.72,OB170079
KMT-2017-BLG-0767,BLG14T0803.007655,17:32:21.31,-29:34:45.84,7950.79224,16.83,0.038,19.0,19.02,19.02,2,2.95,OB171317
KMT-2017-BLG-0768,BLG15K0105.002138,17:36:19.46,-26:06:16.85,7851.18292,125.33,0.01,23.06,17.95,17.95,2,3.04,
KMT-2017-BLG-0769,BLG15K0206.006619,17:36:08.36,-26:00:44.14,7933.72692,29.84,0.098,20.49,20.0,20.35,2,2.98,
KMT-2017-BLG-0770,SAO15K0207.006464,17:35:59.72,-25:55:36.55,7849.04856,15.11,0.11,19.23,19.45,19.45,2,3.15,OB170462
KMT-2017-BLG-0771,SAO15K0208.009911,17:35:52.41,-25:45:06.84,7977.73867,10.29,0.286,20.0,20.0,20.16,2,3.27,OB171590
KMT-2017-BLG-0772,BLG15K0401.005527,17:34:41.96,-26:41:23.71,7825.789,62.94,0.279,17.89,18.01,18.01,2,2.4,OB170078
KMT-2017-BLG-0773,BLG15K0502.017927,17:34:07.25,-26:35:07.73,7832.49263,59.58,0.112,20.97,20.0,20.41,2,2.4,OB170990
KMT-2017-BLG-0774,SAO15K0504.015461,17:34:10.62,-26:17:45.56,7883.78373,3.97,0.149,21.21,20.0,20.38,2,2.84,
KMT-2017-BLG-0775,BLG15K0603.002490,17:33:42.26,-26:22:09.16,8027.62802,4.7,0.853,18.14,17.85,17.85,2,2.79,
KMT-2017-BLG-0776,SAO15K0603.004972,17:33:35.61,-26:26:09.60,7947.43872,43.05,0.031,23.19,19.01,19.01,2,2.68,OB171365
KMT-2017-BLG-0777,BLG15M0108.021186,17:40:55.83,-25:48:13.32,7981.49143,50.93,0.106,21.15,20.0,20.44,2,2.79,OB171574
KMT-2017-BLG-0778,BLG15M0203.006112,17:40:50.99,-26:26:42.72,7858.11091,7.48,0.161,20.42,18.51,18.51,2,2.88,
KMT-2017-BLG-0779,BLG15M0204.016634,17:40:51.72,-26:13:36.73,7893.898,7.31,0.081,21.14,20.0,20.47,2,2.72,
KMT-2017-BLG-0780,BLG15M0205.009758,17:40:20.52,-26:07:33.96,7822.17357,16.76,0.271,20.83,19.6,19.6,2,2.77,
KMT-2017-BLG-0781,SAO15M0501.000464,17:38:47.66,-26:43:13.51,7880.2168,50.84,0.402,15.55,15.41,15.41,2,3.05,OB170211
KMT-2017-BLG-0782,BLG15M0506.002982,17:39:12.42,-26:02:06.61,7895.69375,10.52,0.575,18.34,18.41,18.41,2,3.01,OB170889
KMT-2017-BLG-0783,BLG15M0506.007534,17:39:02.18,-25:58:07.25,8005.39458,118.2,0.124,21.39,19.81,19.81,2,3.58,OB171450
KMT-2017-BLG-0784,BLG15M0601.006125,17:38:08.55,-26:42:44.89,7844.46296,72.05,0.563,18.16,18.16,18.16,2,2.81,MB17149
KMT-2017-BLG-0785,BLG15M0602.005237,17:38:31.53,-26:28:25.93,7960.84605,30.32,0.176,18.45,18.48,18.48,2,3.23,
KMT-2017-BLG-0786,BLG15N0104.008311,17:41:28.14,-27:21:12.17,8062.3201,39.0,0.382,18.95,18.99,18.99,2,3.87,OB171811
KMT-2017-BLG-0787,BLG15N0202.019577,17:40:47.43,-27:36:16.31,7950.69842,68.1,0.025,22.12,20.0,25.0,3,3.29,
KMT-2017-BLG-0788,SAO15N0203.002838,17:40:35.99,-27:28:15.06,7887.06276,10.74,0.205,17.77,17.78,17.78,2,3.16,OB170828
KMT-2017-BLG-0789,BLG15N0205.001570,17:40:34.45,-27:18:14.47,7942.86098,10.45,0.279,19.37,18.15,18.15,2,3.17,OB171298
KMT-2017-BLG-0790,SSO15N0207.004447,17:40:33.89,-26:59:00.82,7971.45176,91.15,0.014,20.4,18.25,18.25,2,3.14,OB171299
KMT-2017-BLG-0791,BLG15N0303.017104,17:39:59.05,-27:29:38.80,7951.68214,1.85,0.123,19.68,19.97,19.97,2,2.92,OB170827
KMT-2017-BLG-0792,BLG15N0304.004925,17:40:04.42,-27:27:57.56,7911.69617,12.62,0.982,19.31,17.92,17.92,2,2.96,OB171076
KMT-2017-BLG-0793,BLG15N0306.006684,17:40:10.74,-27:11:55.25,7849.51634,6.99,0.992,18.91,18.42,18.42,2,2.84,
KMT-2017-BLG-0794,BLG15N0307.008867,17:40:09.24,-27:03:21.60,7810.7749,31.82,0.071,20.43,19.05,19.05,2,3.12,
KMT-2017-BLG-0795,SAO15N0307.011830,17:40:13.49,-27:02:18.02,8004.08045,38.53,0.196,20.4,19.71,19.71,2,3.14,OB171669
KMT-2017-BLG-0796,BLG15N0307.015709,17:40:16.35,-26:59:15.61,7955.49945,121.99,0.002,24.48,20.0,20.41,2,3.19,
KMT-2017-BLG-0797,BLG15N0401.011531,17:39:34.66,-27:45:14.40,7848.74355,50.02,0.268,20.88,19.05,19.05,2,2.85,
KMT-2017-BLG-0798,BLG15N0402.014616,17:39:16.19,-27:40:56.96,7921.99028,39.13,0.162,20.34,19.81,19.81,2,2.94,
KMT-2017-BLG-0799,SAO15N0405.007056,17:39:30.98,-27:17:51.36,7910.9519,23.73,0.01,18.3,18.37,18.37,2,2.85,OB170896
KMT-2017-BLG-0800,SAO15N0406.000330,17:39:47.51,-27:11:44.27,8029.31563,17.87,0.85,15.46,15.46,15.46,2,2.81,OB171708
KMT-2017-BLG-0801,BLG15N0408.006014,17:39:34.34,-26:54:42.23,7990.05798,24.71,0.424,18.81,18.91,18.91,2,3.38,OB171483
KMT-2017-BLG-0802,BLG15N0501.022751,17:39:00.47,-27:45:13.86,7946.02171,3.33,0.207,20.36,20.0,20.7,3,2.85,
KMT-2017-BLG-0803,SSO15N0501.027040,17:38:48.78,-27:46:56.28,7876.69127,19.42,0.013,20.14,20.0,20.29,2,2.88,
KMT-2017-BLG-0804,BLG15N0503.014283,17:39:02.95,-27:33:06.34,7951.87049,6.74,0.359,19.95,19.38,19.38,2,2.54,
KMT-2017-BLG-0805,SSO15N0504.004918,17:39:04.78,-27:25:08.40,7935.32867,39.04,0.247,17.08,17.27,17.27,2,2.31,OB170829
KMT-2017-BLG-0806,BLG15N0603.006598,17:38:18.61,-27:34:02.39,7960.32815,36.86,0.202,18.24,18.26,18.26,2,2.75,OB171116 MB17365
KMT-2017-BLG-0807,BLG15N0605.002994,17:38:08.27,-27:19:46.24,7879.35224,24.19,0.936,17.65,17.68,17.68,2,2.98,OB170562 OB170577
KMT-2017-BLG-0808,BLG15N0702.005225,17:37:43.08,-27:41:19.43,7991.52395,43.73,0.215,21.1,18.55,18.55,2,3.11,
KMT-2017-BLG-0809,BLG15N0707.000694,17:37:44.04,-27:04:00.52,7798.2338,10.19,0.901,15.71,15.5,15.5,4,2.66,OB170076 MB17016
KMT-2017-BLG-0810,BLG15N0801.014674,17:37:15.83,-27:49:14.30,8011.96145,7.49,0.331,19.93,20.0,20.08,2,3.04,
KMT-2017-BLG-0811,SAO15N0807.007042,17:37:06.35,-26:59:05.68,7929.22773,28.13,0.416,18.64,18.69,18.69,2,2.8,OB170885
KMT-2017-BLG-0812,BLG15T0102.009269,17:36:18.08,-27:39:09.18,7818.42203,43.1,0.226,20.46,19.52,19.52,2,2.98,OB170169
KMT-2017-BLG-0813,BLG15T0103.009674,17:36:31.82,-27:29:52.30,7936.13618,11.47,0.464,19.96,20.0,21.09,2,2.77,
KMT-2017-BLG-0814,SSO15T0103.012173,17:36:42.03,-27:33:23.54,8006.91651,18.13,0.072,21.38,20.0,20.07,2,3.09,OB171712
KMT-2017-BLG-0815,BLG15T0104.037723,17:36:12.59,-27:26:43.40,7962.10037,13.35,0.054,21.03,20.0,20.11,1,2.81,OB171465
KMT-2017-BLG-0816,BLG15T0104.041323,17:36:30.37,-27:24:00.22,7823.0186,18.81,0.141,21.94,20.0,20.23,1,2.47,OB170292
KMT-2017-BLG-0817,BLG15T0106.008961,17:36:27.41,-27:06:47.09,8020.83245,94.3,0.281,19.78,18.38,18.38,1,2.49,OB171316
KMT-2017-BLG-0818,BLG15T0107.001334,17:36:14.79,-27:02:36.10,7883.48402,1.9,0.298,16.3,16.3,16.3,1,2.4,OB170776 MB17241
KMT-2017-BLG-0819,BLG15T0108.003541,17:36:24.38,-26:57:05.00,7863.17885,12.35,0.761,17.22,17.2,17.2,1,2.46,OB170509
KMT-2017-BLG-0820,BLG15T0108.017222,17:36:13.79,-26:55:30.90,7873.54641,22.1,0.192,20.95,19.43,19.43,1,2.16,OB170777 OB170988
KMT-2017-BLG-0821,BLG15T0204.029308,17:36:05.32,-27:21:34.31,7867.28266,19.18,0.012,22.54,19.76,19.76,1,2.35,OB170609 MB17204
KMT-2017-BLG-0822,BLG15T0208.004373,17:35:48.99,-26:55:12.40,7891.35711,8.75,0.404,17.27,17.23,17.23,1,2.08,OB170778 MB17258
KMT-2017-BLG-0823,BLG15T0208.023832,17:36:04.91,-26:52:21.61,8012.67634,10.66,0.696,19.52,19.5,19.5,1,2.34,OB171749
KMT-2017-BLG-0824,BLG15T0303.014355,17:35:17.19,-27:35:31.67,7871.0869,11.06,0.258,19.97,19.61,19.61,2,2.54,OB170985
KMT-2017-BLG-0825,BLG15T0304.031354,17:35:19.44,-27:23:22.42,7947.41866,53.08,0.095,22.31,19.82,19.82,1,2.38,OB171315
KMT-2017-BLG-0826,BLG15T0305.039757,17:35:18.04,-27:14:21.59,8043.65209,23.06,0.183,20.14,19.95,19.95,1,2.17,OB171826
KMT-2017-BLG-0827,BLG15T0404.045725,17:34:43.98,-27:21:59.51,7824.0453,25.6,0.052,20.46,20.0,21.17,1,2.99,OB170987 MB17105
KMT-2017-BLG-0828,SAO15T0407.009135,17:34:40.53,-26:59:24.61,7946.41077,14.06,0.576,18.56,18.4,18.4,1,2.24,OB171199
KMT-2017-BLG-0829,SAO15T0408.013124,17:34:37.51,-26:55:33.82,7886.09357,8.16,0.394,19.16,19.18,19.18,1,2.61,OB170779
KMT-2017-BLG-0830,BLG15T0501.008220,17:34:12.49,-27:48:19.30,7865.77755,36.66,0.198,21.6,18.91,18.91,2,2.67,
KMT-2017-BLG-0831,SAO15T0504.019642,17:34:15.29,-27:27:32.51,8004.99074,9.76,0.707,20.0,20.0,20.46,1,3.28,
KMT-2017-BLG-0832,SAO15T0507.012286,17:34:22.89,-27:00:52.42,8006.53813,7.4,0.837,19.7,19.21,19.21,1,2.48,OB171750
KMT-2017-BLG-0833,SAO15T0602.014026,17:33:26.68,-27:37:54.26,7940.36568,16.17,0.313,19.51,20.0,20.38,2,2.53,
KMT-2017-BLG-0834,SAO15T0702.009684,17:32:54.46,-27:35:36.24,7976.92088,33.79,0.197,20.71,19.65,19.65,2,2.73,
KMT-2017-BLG-0835,SAO15T0703.012279,17:32:46.95,-27:35:10.25,7928.0956,19.65,0.291,20.35,20.0,20.24,2,2.73,
KMT-2017-BLG-0836,SAO15T0803.009498,17:32:40.92,-27:31:37.45,7873.64311,21.98,0.147,19.85,20.0,20.36,2,2.77,
KMT-2017-BLG-0837,BLG15T0804.009247,17:32:36.98,-27:20:39.05,7832.9869,56.49,0.016,20.08,19.65,19.65,2,2.74,OB170179
KMT-2017-BLG-0838,SAO15T0806.005155,17:32:16.21,-27:05:36.53,7958.70907,22.48,0.022,22.84,19.06,19.06,2,2.94,
KMT-2017-BLG-0839,BLG16K0202.014030,17:36:13.90,-24:27:14.72,7828.96516,195.69,0.013,23.68,20.0,20.88,2,2.65,OB170366
KMT-2017-BLG-0840,BLG16K0507.036505,17:34:14.25,-23:50:37.10,7810.47763,11.09,0.088,20.41,20.0,20.63,1,1.97,
KMT-2017-BLG-0841,BLG16K0708.006179,17:33:19.26,-23:42:16.06,8027.42926,34.98,0.242,20.04,20.0,25.0,3,-9.99,
KMT-2017-BLG-0842,SAO16M0102.020873,17:41:15.78,-24:26:36.49,7878.88756,21.9,0.076,21.86,19.16,19.16,1,1.81,OB170791
KMT-2017-BLG-0843,BLG16M0106.024221,17:41:15.21,-23:57:27.72,7872.55894,11.64,0.104,20.28,19.49,19.49,2,1.83,OB170793
KMT-2017-BLG-0844,BLG16M0303.015093,17:40:04.80,-24:16:52.86,7942.0061,29.67,0.188,20.23,19.41,19.41,2,1.83,OB171156
KMT-2017-BLG-0845,BLG16M0506.003731,17:39:11.39,-23:52:57.61,7956.12843,8.0,0.489,17.78,17.8,17.8,2,1.72,OB171407
KMT-2017-BLG-0846,SAO16M0801.003713,17:37:30.02,-24:34:37.24,7903.41298,28.59,0.556,18.65,18.62,18.62,2,2.06,OB170834
KMT-2017-BLG-0847,BLG16M0803.011124,17:37:17.63,-24:18:40.10,7969.25907,31.49,0.07,21.14,20.0,20.33,2,2.7,
KMT-2017-BLG-0848,BLG16M0804.012636,17:37:07.67,-24:10:00.16,7855.89394,49.35,0.987,19.57,19.45,19.45,2,2.16,OB170342
KMT-2017-BLG-0849,BLG16N0104.005060,17:41:26.27,-25:16:52.39,7969.19323,28.25,1.0,17.84,17.85,17.85,1,2.7,
KMT-2017-BLG-0850,BLG16N0205.003034,17:40:59.11,-25:12:50.00,7816.70033,24.19,0.899,18.48,17.11,17.11,1,2.59,
KMT-2017-BLG-0851,BLG16N0302.001814,17:40:10.85,-25:33:42.66,7859.28037,26.64,0.779,17.19,16.98,16.98,2,2.77,
KMT-2017-BLG-0852,BLG16N0302.003967,17:40:07.58,-25:33:21.46,7936.36842,27.76,0.751,18.85,18.12,18.12,2,2.77,OB171218
KMT-2017-BLG-0853,SAO16T0108.008118,17:36:40.74,-24:43:49.80,7887.54569,26.21,0.161,20.76,19.68,19.68,2,2.39,
KMT-2017-BLG-0854,SAO17K0101.000582,17:44:01.08,-33:09:50.69,7958.0114,27.25,0.649,16.18,16.2,16.2,2,3.32,OB171172
KMT-2017-BLG-0855,BLG17K0102.008983,17:44:17.68,-33:01:06.71,7916.32883,119.71,0.012,23.72,19.04,19.04,2,2.66,OB171114
KMT-2017-BLG-0856,BLG17K0103.009219,17:44:00.40,-32:56:27.60,7862.1102,123.65,0.005,20.23,20.0,25.0,3,3.58,OB170307
KMT-2017-BLG-0857,SSO17K0203.007462,17:43:25.12,-32:49:45.23,7966.46043,8.25,0.202,18.88,18.96,18.96,2,3.55,OB171480
KMT-2017-BLG-0858,BLG17K0203.013235,17:43:46.68,-32:53:40.06,7898.02036,14.82,0.131,19.72,19.7,19.7,2,3.62,OB170907
KMT-2017-BLG-0859,BLG17K0207.004428,17:43:49.73,-32:23:40.31,8040.49774,147.45,0.074,21.47,20.0,20.05,2,5.32,OB171828
KMT-2017-BLG-0860,SSO17K0207.007048,17:43:56.52,-32:18:51.62,7979.00744,16.45,0.418,19.99,20.0,20.7,2,5.38,
KMT-2017-BLG-0861,BLG17K0302.007032,17:42:59.01,-32:57:02.63,7831.83188,35.24,0.424,18.45,18.47,18.47,2,3.09,OB170262
KMT-2017-BLG-0862,BLG17K0401.006780,17:42:12.17,-33:05:27.31,7910.31504,11.46,0.349,19.78,19.89,19.89,2,4.16,OB171051
KMT-2017-BLG-0863,BLG17K0402.010130,17:42:32.72,-33:00:36.86,7918.50081,16.12,0.483,19.21,19.26,19.26,2,3.15,OB171100
KMT-2017-BLG-0864,BLG17K0403.009119,17:42:32.04,-32:51:34.31,7904.35597,13.45,0.824,19.46,19.46,19.46,2,3.66,
KMT-2017-BLG-0865,BLG17K0601.001598,17:41:12.48,-33:09:15.48,7843.48902,9.36,0.648,17.53,17.56,17.56,2,3.29,
KMT-2017-BLG-0866,SAO17K0605.007941,17:41:01.39,-32:38:35.09,7848.052,14.04,0.049,19.72,19.28,19.28,2,3.78,
KMT-2017-BLG-0867,SAO17K0704.007862,17:40:23.20,-32:45:58.21,7853.97154,33.14,0.052,19.6,19.79,19.79,2,4.18,
KMT-2017-BLG-0868,SAO17K0805.010392,17:40:01.42,-32:33:58.32,7882.48247,10.12,0.027,21.42,20.0,20.29,2,4.56,
KMT-2017-BLG-0869,SSO17M0102.003093,17:49:33.06,-33:00:05.90,7973.92215,199.61,0.007,23.26,16.93,16.93,1,2.4,OB171526
KMT-2017-BLG-0870,SAO17M0102.048503,17:49:27.23,-32:59:44.70,7971.60191,23.06,0.196,20.77,20.0,20.38,1,2.27,
KMT-2017-BLG-0871,BLG17M0203.012971,17:48:39.16,-32:51:23.90,7897.51582,54.79,0.277,19.48,18.87,18.87,1,2.03,OB170817
KMT-2017-BLG-0872,SAO17M0303.000620,17:48:17.75,-32:52:39.36,7827.68337,68.27,0.619,15.97,15.95,15.95,2,2.42,OB170140
KMT-2017-BLG-0873,BLG17M0605.009334,17:46:31.64,-32:36:19.40,7998.58835,79.16,0.23,20.41,20.0,21.13,2,4.47,
KMT-2017-BLG-0874,SAO17M0803.003868,17:45:05.35,-32:52:27.66,7924.98502,21.73,0.541,18.29,18.29,18.29,2,3.25,OB171066
KMT-2017-BLG-0875,BLG17N0101.038387,17:49:26.29,-34:15:44.60,7842.41424,49.44,0.222,21.08,19.85,19.85,1,1.62,
KMT-2017-BLG-0876,BLG17N0103.011381,17:49:27.94,-34:01:18.91,8016.80598,19.17,0.293,18.51,18.44,18.44,1,1.49,OB171718
KMT-2017-BLG-0877,BLG17N0202.026298,17:48:48.75,-34:08:41.89,7933.9151,4.86,0.191,20.05,19.25,19.25,1,1.63,
KMT-2017-BLG-0878,BLG17N0207.021880,17:48:29.30,-33:29:35.48,7859.13718,47.8,0.328,18.95,19.02,19.02,1,1.61,OB170398 OB170519
KMT-2017-BLG-0879,SAO17N0207.053272,17:48:26.84,-33:25:37.88,7865.15871,106.51,0.216,19.85,19.93,19.93,1,1.72,OB170264 OB170327
KMT-2017-BLG-0880,BLG17N0207.068100,17:48:32.07,-33:28:16.10,7941.43837,48.47,0.362,19.96,20.0,20.36,1,1.63,
KMT-2017-BLG-0881,SAO17N0303.031206,17:48:19.98,-33:58:06.49,7965.10716,17.41,0.921,19.32,19.42,19.42,1,1.52,
KMT-2017-BLG-0882,BLG17N0304.015424,17:48:16.53,-33:54:13.61,7957.92913,138.13,0.09,21.03,19.38,19.38,1,1.77,OB171060
KMT-2017-BLG-0883,SAO17N0304.021091,17:48:03.18,-33:53:50.32,7863.86675,18.81,0.043,21.41,19.69,19.69,1,2.27,MB17193
KMT-2017-BLG-0884,BLG17N0304.045194,17:47:56.23,-33:53:59.10,7891.48964,49.8,0.199,20.75,20.0,20.77,1,2.0,OB170763
KMT-2017-BLG-0885,BLG17N0306.047680,17:48:08.32,-33:36:52.09,7837.22443,18.13,0.19,20.44,19.8,19.8,1,1.69,OB170412
KMT-2017-BLG-0886,BLG17N0307.064764,17:48:04.98,-33:32:48.08,7828.0149,24.65,0.049,21.69,20.0,20.31,1,1.6,
KMT-2017-BLG-0887,BLG17N0308.018439,17:48:04.83,-33:21:18.68,7873.38455,7.93,0.954,18.9,18.93,18.93,1,1.72,OB170814
KMT-2017-BLG-0888,BLG17N0308.051236,17:47:57.55,-33:21:32.18,7858.64987,43.1,0.008,22.6,19.95,19.95,1,1.63,
KMT-2017-BLG-0889,BLG17N0401.026248,17:47:48.56,-34:15:57.71,7919.03054,6.44,0.055,19.18,19.24,19.24,1,1.41,OB171137 MB17307
KMT-2017-BLG-0890,SAO17N0407.035107,17:47:26.98,-33:27:47.92,7975.46522,13.22,0.119,19.57,19.52,19.52,1,1.71,OB171537
KMT-2017-BLG-0891,SSO17N0407.040577,17:47:27.88,-33:26:28.72,7963.99332,26.46,0.018,20.15,19.66,19.66,1,1.76,MB17403
KMT-2017-BLG-0892,SAO17N0408.014741,17:47:33.66,-33:24:58.28,7909.33803,10.18,0.016,18.68,18.75,18.75,1,1.85,OB170971
KMT-2017-BLG-0893,BLG17N0503.033957,17:46:58.64,-33:58:50.81,7939.6851,18.05,0.588,19.47,19.45,19.45,1,1.67,OB170967 MB17385
KMT-2017-BLG-0894,BLG17N0504.008872,17:46:50.85,-33:56:11.11,7816.82135,110.89,0.029,22.85,18.66,18.66,1,1.69,OB170184
KMT-2017-BLG-0895,SSO17N0505.004164,17:46:39.65,-33:44:47.51,7900.78384,4.07,0.744,18.35,18.3,18.3,1,3.27,
KMT-2017-BLG-0896,BLG17N0601.038767,17:46:20.32,-34:16:47.39,8030.84029,27.01,0.118,19.62,19.62,19.62,1,1.51,OB171801
KMT-2017-BLG-0897,BLG17N0602.022907,17:46:04.64,-34:04:52.21,7903.30765,13.42,0.106,21.13,18.99,18.99,1,1.67,OB170942
KMT-2017-BLG-0898,BLG17N0602.031529,17:46:36.63,-34:04:32.59,7820.7956,8.15,0.062,19.09,19.27,19.27,1,1.55,OB170240
KMT-2017-BLG-0899,BLG17N0603.001019,17:46:26.34,-34:03:19.01,7830.34129,43.17,0.168,20.9,15.46,15.46,1,1.63,
KMT-2017-BLG-0900,SAO17N0605.014212,17:46:20.10,-33:42:12.82,7966.05182,15.45,0.279,19.35,18.77,18.77,1,1.65,OB171447
KMT-2017-BLG-0901,BLG17N0605.029090,17:46:16.76,-33:45:07.88,7783.07308,76.91,0.111,19.45,19.47,19.47,1,1.84,OB170158
KMT-2017-BLG-0902,BLG17N0608.013394,17:46:27.71,-33:25:35.00,7830.33865,16.04,0.506,19.85,19.11,19.11,1,2.48,
KMT-2017-BLG-0903,SSO17N0703.030661,17:45:40.85,-34:00:24.59,7835.51474,58.42,0.055,19.26,19.35,19.35,1,1.76,OB170164 MB17075
KMT-2017-BLG-0904,BLG17N0703.052359,17:45:50.41,-34:01:55.20,8002.82052,49.57,0.02,21.42,19.95,19.95,1,1.81,MB17462
KMT-2017-BLG-0905,SAO17N0704.065294,17:45:41.01,-33:53:32.50,7962.39785,48.43,0.252,20.05,20.0,20.42,1,1.8,OB171416
KMT-2017-BLG-0906,SAO17N0706.016673,17:45:42.61,-33:35:55.10,7960.11546,20.55,0.977,18.98,18.61,18.61,1,1.74,OB171464
KMT-2017-BLG-0907,SAO17N0706.066714,17:45:24.15,-33:33:37.58,7854.20885,60.69,0.141,20.04,20.0,20.07,1,1.9,
KMT-2017-BLG-0908,SSO17N0707.022435,17:45:32.43,-33:27:42.70,7880.852,56.2,0.01,21.52,19.54,19.54,1,2.01,OB170815 MB17245
KMT-2017-BLG-0909,SAO17N0803.042474,17:45:14.92,-33:58:49.51,7891.31721,6.33,0.298,19.6,19.68,19.68,1,1.81,OB170884
KMT-2017-BLG-0910,SAO17N0806.009738,17:44:50.05,-33:38:56.90,7879.31892,61.31,0.242,20.59,18.05,18.05,1,1.84,
KMT-2017-BLG-0911,BLG17N0808.028076,17:45:08.08,-33:20:43.30,7846.32481,44.07,0.111,20.15,19.77,19.77,1,2.47,OB170434
KMT-2017-BLG-0912,BLG17N0808.040579,17:45:09.71,-33:21:51.59,7988.94091,23.82,0.298,21.99,20.0,20.2,1,2.21,
KMT-2017-BLG-0913,BLG17T0102.057298,17:44:25.82,-34:09:37.58,8034.51499,55.0,0.183,21.47,20.0,20.04,1,1.68,
KMT-2017-BLG-0914,BLG17T0103.067463,17:44:13.08,-34:02:14.21,7915.09677,28.19,0.121,20.43,20.0,20.69,1,2.02,
KMT-2017-BLG-0915,BLG17T0201.038461,17:43:23.03,-34:14:52.58,7850.12465,38.06,0.054,19.42,19.62,19.62,1,1.89,OB170393
KMT-2017-BLG-0916,BLG17T0201.074520,17:43:21.01,-34:15:26.60,7968.52095,28.55,0.028,21.69,20.0,21.17,1,1.98,
KMT-2017-BLG-0917,BLG17T0202.050276,17:43:44.18,-34:07:24.31,7823.99023,58.2,0.105,21.11,20.0,20.17,1,1.91,OB170206
KMT-2017-BLG-0918,SAO17T0203.030200,17:43:44.03,-34:00:36.40,7952.86255,17.22,0.231,20.15,19.89,19.89,1,2.27,OB171312
KMT-2017-BLG-0919,SAO17T0204.004076,17:43:49.62,-33:54:49.10,8050.70907,52.39,0.225,17.79,17.81,17.81,1,2.96,OB171642
KMT-2017-BLG-0920,BLG17T0301.005321,17:42:45.44,-34:15:27.22,7894.16564,7.76,0.983,17.6,17.57,17.57,1,2.04,
KMT-2017-BLG-0921,BLG17T0304.004753,17:43:06.76,-33:53:14.64,7905.20381,51.63,0.191,18.64,18.19,18.19,2,2.79,OB170764
KMT-2017-BLG-0922,SAO17T0306.013073,17:43:14.46,-33:36:20.09,7961.67614,21.2,0.081,19.17,19.9,19.9,2,3.27,OB171313 OB171350
KMT-2017-BLG-0923,SAO17T0401.008175,17:42:20.64,-34:16:50.48,7995.23521,54.63,0.025,19.67,18.2,18.2,1,2.32,
KMT-2017-BLG-0924,BLG17T0402.003967,17:42:32.26,-34:06:13.39,7878.81463,61.68,0.138,16.96,17.04,17.04,1,2.2,OB170157 OB170212
KMT-2017-BLG-0925,BLG17T0404.009367,17:42:38.16,-33:50:51.65,7947.0303,11.59,0.202,20.6,19.1,19.1,2,2.65,
KMT-2017-BLG-0926,BLG17T0502.015891,17:41:52.04,-34:04:28.96,7874.19497,6.43,0.044,20.35,19.7,19.7,2,2.44,
KMT-2017-BLG-0927,BLG17T0503.022435,17:41:36.57,-34:01:03.65,7857.56061,20.58,0.428,19.51,19.45,19.45,2,2.41,
KMT-2017-BLG-0928,BLG17T0505.013767,17:41:55.40,-33:42:04.57,7902.30043,14.9,0.014,20.19,19.63,19.63,2,2.9,OB170945
KMT-2017-BLG-0929,SAO17T0606.002757,17:40:55.43,-33:33:54.14,7857.56951,32.04,0.646,17.04,17.06,17.06,2,2.88,OB170242
KMT-2017-BLG-0930,SAO17T0607.011174,17:41:16.14,-33:31:15.60,8012.01575,199.91,0.029,22.28,20.0,20.57,2,2.92,OB171364
KMT-2017-BLG-0931,BLG17T0608.016547,17:41:18.17,-33:23:49.02,7889.34047,23.91,0.059,21.27,20.0,20.43,2,3.17,
KMT-2017-BLG-0932,SAO17T0701.012586,17:40:52.70,-34:16:43.00,7898.38006,33.11,0.296,19.41,19.3,19.3,2,1.98,OB170773
KMT-2017-BLG-0933,SAO17T0703.027255,17:40:31.01,-33:58:56.71,7851.01883,26.14,0.5,19.75,19.74,19.74,2,2.41,
KMT-2017-BLG-0934,SAO17T0706.012326,17:40:46.71,-33:33:42.08,7961.23522,7.68,0.552,20.01,19.9,19.9,2,2.89,
KMT-2017-BLG-0935,BLG17T0707.013792,17:40:34.50,-33:26:01.36,8008.92417,8.95,0.889,20.12,20.0,20.03,2,2.82,
KMT-2017-BLG-0936,SAO17T0801.002093,17:40:16.88,-34:16:13.12,8047.11463,20.82,0.09,18.18,18.16,18.16,2,2.91,OB171825
KMT-2017-BLG-0937,BLG17T0804.000977,17:39:48.51,-33:48:39.85,7788.28571,77.11,0.948,17.44,16.61,16.61,2,3.01,OB161299
KMT-2017-BLG-0938,BLG17T0806.009899,17:39:46.59,-33:33:54.43,7866.92698,13.63,0.459,19.43,19.39,19.39,2,2.94,
KMT-2017-BLG-0939,SSO17T0807.001641,17:39:48.96,-33:32:22.96,8044.8722,18.48,0.758,17.44,17.06,17.06,2,2.77,
KMT-2017-BLG-0940,SAO17T0807.008259,17:40:15.01,-33:29:46.25,7937.55705,6.64,0.353,18.91,18.89,18.89,2,2.85,OB171272
KMT-2017-BLG-0941,SAO17T0807.012679,17:39:59.52,-33:30:58.07,8025.18281,17.2,0.327,20.05,19.57,19.57,2,2.92,OB171810
KMT-2017-BLG-0942,SAO18K0101.005642,17:45:50.89,-26:34:36.91,7845.79566,3.96,0.171,18.24,18.2,18.2,2,3.33,OB170454
KMT-2017-BLG-0943,BLG18K0105.004084,17:45:48.26,-26:06:54.14,7929.82851,38.93,0.58,19.01,17.65,17.65,2,2.7,
KMT-2017-BLG-0944,BLG18K0105.004482,17:45:35.24,-26:11:09.46,7878.94611,6.69,0.506,18.63,17.9,17.9,2,2.9,
KMT-2017-BLG-0945,BLG18K0105.012398,17:45:42.21,-26:09:29.77,8011.82335,43.74,0.139,19.51,19.33,19.33,2,2.95,OB171668
KMT-2017-BLG-0946,BLG18K0202.003842,17:45:13.09,-26:33:02.23,8013.55863,9.04,0.584,18.19,18.2,18.2,2,3.23,OB171751
KMT-2017-BLG-0947,SAO18K0303.002946,17:44:28.49,-26:21:30.67,7893.71582,9.47,0.462,20.06,17.86,17.86,2,3.22,
KMT-2017-BLG-0948,BLG18K0405.007225,17:44:00.86,-26:08:13.20,7842.45367,6.96,0.781,18.58,18.59,18.59,2,2.92,OB170427
KMT-2017-BLG-0949,SAO18K0506.009282,17:43:35.62,-26:02:33.47,7949.94793,9.36,0.137,19.71,19.05,19.05,2,2.99,
KMT-2017-BLG-0950,BLG18K0605.006147,17:42:43.01,-26:06:55.94,7944.99154,9.29,0.683,18.53,18.59,18.59,2,2.9,OB171293
KMT-2017-BLG-0951,BLG18K0606.003600,17:42:58.10,-26:02:36.24,7917.73004,18.22,0.048,20.92,17.77,17.77,2,2.85,
KMT-2017-BLG-0952,SSO18K0608.007279,17:42:48.83,-25:44:16.08,7922.71974,5.24,0.086,20.32,18.88,18.88,2,2.7,OB171162
KMT-2017-BLG-0953,SAO18K0701.007312,17:42:21.58,-26:41:46.97,7861.21916,4.93,0.306,18.81,18.81,18.81,2,3.63,OB170618
KMT-2017-BLG-0954,BLG18K0701.007504,17:41:55.27,-26:36:06.37,7897.35291,199.91,0.01,21.98,16.6,16.6,3,3.46,OB170619
KMT-2017-BLG-0955,BLG18K0703.004721,17:42:11.00,-26:22:56.75,7849.8247,199.98,0.027,22.92,18.16,18.16,2,3.13,OB170455
KMT-2017-BLG-0956,SSO18K0704.004749,17:42:01.30,-26:12:27.32,7841.32005,25.3,0.028,18.09,18.23,18.23,2,3.4,OB170286
KMT-2017-BLG-0957,BLG18K0704.005005,17:42:08.79,-26:15:03.02,7871.3824,2.88,0.798,18.13,17.43,17.43,2,3.29,OB170805
KMT-2017-BLG-0958,BLG18M0408.004813,17:48:46.65,-25:44:31.20,7982.96423,68.8,0.042,23.5,20.0,20.57,4,6.06,
KMT-2017-BLG-0959,BLG18M0507.007528,17:48:02.95,-25:53:58.56,7915.3315,11.01,0.327,20.01,20.0,20.53,2,5.05,
KMT-2017-BLG-0960,BLG18M0606.004373,17:47:24.89,-26:01:00.70,7832.5554,5.64,0.041,19.05,19.02,19.02,2,4.19,
KMT-2017-BLG-0961,BLG18M0703.005199,17:46:45.53,-26:19:25.25,8053.28107,21.96,0.301,18.86,18.79,18.79,2,3.53,
KMT-2017-BLG-0962,SAO18M0705.005420,17:46:48.54,-26:10:48.07,7872.55743,19.91,0.036,21.53,18.84,18.84,2,3.9,
KMT-2017-BLG-0963,SSO18M0708.012039,17:47:13.82,-25:44:44.66,7958.31714,199.94,0.02,20.58,19.77,19.77,4,3.28,
KMT-2017-BLG-0964,SAO18M0802.006119,17:46:29.85,-26:29:52.08,8003.15282,22.66,0.62,18.89,18.91,18.91,2,3.91,OB171667
KMT-2017-BLG-0965,BLG18M0803.009110,17:46:13.58,-26:22:15.46,7853.8332,22.01,0.792,19.6,19.41,19.41,2,3.93,
KMT-2017-BLG-0966,SAO18M0806.008655,17:46:30.79,-25:59:45.06,7998.37821,64.52,0.099,20.31,18.93,18.93,2,3.31,
KMT-2017-BLG-0967,SAO18M0807.003794,17:46:31.19,-25:48:58.50,7885.19935,28.79,0.843,17.5,17.51,17.51,2,2.89,
KMT-2017-BLG-0968,SAO18M0808.004303,17:46:27.34,-25:44:47.04,8050.89341,28.83,0.304,19.67,17.6,17.6,4,2.64,
KMT-2017-BLG-0969,BLG18M0808.011920,17:46:11.29,-25:48:06.37,7802.24147,45.41,0.142,19.51,18.53,18.53,2,2.71,
KMT-2017-BLG-0970,BLG18T0106.002809,17:45:51.73,-27:04:04.48,7911.11501,23.07,0.48,18.56,18.52,18.52,2,4.09,
KMT-2017-BLG-0971,SSO18T0308.002839,17:44:11.39,-26:49:31.98,8001.24002,7.44,0.292,17.79,17.81,17.81,2,3.2,
KMT-2017-BLG-0972,BLG18T0404.013698,17:43:57.07,-27:23:02.65,7838.06434,199.54,0.01,23.37,19.82,19.82,2,3.79,
KMT-2017-BLG-0973,SSO18T0405.006898,17:43:40.09,-27:11:42.68,7976.46444,3.29,0.354,19.02,19.01,19.01,2,3.4,OB171551
KMT-2017-BLG-0974,BLG18T0405.008288,17:43:40.35,-27:11:18.31,7861.54185,24.4,0.487,18.57,18.58,18.58,2,3.4,OB170388
KMT-2017-BLG-0975,SSO18T0408.002321,17:43:38.20,-26:54:39.10,7989.26318,12.98,0.128,17.94,17.96,17.96,2,3.19,OB171600
KMT-2017-BLG-0976,BLG18T0501.001672,17:43:16.32,-27:46:35.90,7915.08837,10.12,0.894,17.86,17.61,17.61,2,3.92,OB170946
KMT-2017-BLG-0977,SAO18T0502.011379,17:43:35.07,-27:39:46.69,7801.74364,23.7,0.647,19.24,19.3,19.3,2,3.97,OB170088
KMT-2017-BLG-0978,BLG18T0503.001155,17:43:24.19,-27:26:48.66,7840.70829,6.13,0.801,16.89,16.84,16.84,2,3.41,
KMT-2017-BLG-0979,SAO18T0702.004447,17:42:11.23,-27:33:51.73,7942.36071,6.85,0.593,18.02,18.05,18.05,2,3.23,OB160234 OB171220
KMT-2017-BLG-0980,SAO18T0703.016625,17:42:06.66,-27:32:58.45,7830.93267,10.52,0.257,20.09,19.73,19.73,2,3.1,
KMT-2017-BLG-0981,BLG18T0706.008265,17:42:22.43,-27:09:58.61,8038.8923,26.1,0.572,19.39,19.37,19.37,2,3.81,OB171818
KMT-2017-BLG-0982,BLG19K0102.018470,17:45:41.45,-24:24:02.20,7935.56268,53.87,0.425,19.49,19.38,19.38,1,2.45,OB171158
KMT-2017-BLG-0983,SAO19K0102.020099,17:45:50.80,-24:27:47.59,7959.73182,39.77,0.997,19.38,19.46,19.46,1,2.47,
KMT-2017-BLG-0984,BLG19K0104.050691,17:45:42.75,-24:11:39.59,7816.77597,32.33,0.114,20.07,20.0,20.14,1,2.34,OB170241
KMT-2017-BLG-0985,BLG19K0106.048109,17:45:46.10,-23:54:32.11,8008.38574,45.67,0.242,20.77,19.8,19.8,1,1.68,
KMT-2017-BLG-0986,SSO19K0108.007922,17:45:52.79,-23:40:15.20,7973.28696,52.25,0.198,20.29,18.16,18.16,1,1.97,OB171408
KMT-2017-BLG-0987,BLG19K0203.045736,17:45:13.86,-24:15:10.58,7853.52452,73.82,0.154,20.56,19.89,19.89,1,2.13,OB170575
KMT-2017-BLG-0988,BLG19K0204.000641,17:44:55.01,-24:09:46.40,7894.0433,101.33,0.012,20.52,15.21,15.21,1,1.84,OB170888
KMT-2017-BLG-0989,SAO19K0205.026224,17:45:16.32,-24:04:33.71,7929.24929,27.31,0.064,20.4,19.24,19.24,1,1.87,OB171159
KMT-2017-BLG-0990,BLG19K0206.065604,17:45:08.53,-23:56:51.50,7914.84029,40.05,0.063,21.05,20.0,20.46,1,1.76,OB171071
KMT-2017-BLG-0991,BLG19K0306.008018,17:44:25.89,-23:55:41.99,8038.75895,41.46,0.171,20.49,18.14,18.14,1,1.68,
KMT-2017-BLG-0992,SAO19K0401.029059,17:44:07.06,-24:32:28.79,7980.15075,11.81,0.182,20.89,19.88,19.88,1,2.39,OB171599
KMT-2017-BLG-0993,SAO19K0401.044211,17:43:49.23,-24:32:55.28,7923.80322,24.22,0.399,20.79,20.0,20.55,1,2.18,
KMT-2017-BLG-0994,SAO19K0402.012349,17:43:57.38,-24:24:51.19,7893.32832,28.14,0.208,21.08,18.81,18.81,1,2.17,
KMT-2017-BLG-0995,BLG19K0404.027336,17:44:11.53,-24:13:17.11,7839.75964,26.6,0.19,20.3,19.21,19.21,1,1.76,
KMT-2017-BLG-0996,BLG19K0407.012605,17:43:43.98,-23:50:26.81,8025.62,18.75,0.21,18.98,18.57,18.57,1,1.53,
KMT-2017-BLG-0997,BLG19K0407.074928,17:44:03.43,-23:46:45.19,8029.01029,4.11,0.06,19.92,20.0,20.97,1,1.58,
KMT-2017-BLG-0998,BLG19K0408.010321,17:44:02.38,-23:40:48.68,7844.34717,33.16,0.418,18.6,18.47,18.47,1,1.63,OB170306
KMT-2017-BLG-0999,SSO19K0503.001678,17:43:07.68,-24:15:47.70,8031.47784,59.35,0.11,16.09,16.16,16.16,1,1.9,OB171216
KMT-2017-BLG-1000,SAO19K0504.017712,17:43:29.09,-24:12:27.90,7809.39314,15.83,0.106,18.87,18.89,18.89,1,1.75,OB170137
KMT-2017-BLG-1001,BLG19K0507.044341,17:43:30.45,-23:51:12.31,7801.25539,30.0,0.1,20.82,19.8,19.8,1,1.54,
KMT-2017-BLG-1002,BLG19K0708.004413,17:42:22.57,-23:39:06.30,8047.6134,60.06,0.248,20.4,17.88,17.88,1,2.06,
KMT-2017-BLG-1003,BLG19K0802.013930,17:41:38.76,-24:22:26.18,7872.49121,26.53,0.173,18.97,18.7,18.7,1,1.64,
KMT-2017-BLG-1004,SAO19K0802.068271,17:41:36.16,-24:28:10.99,7917.60463,31.64,0.01,22.29,20.0,20.59,1,1.76,
KMT-2017-BLG-1005,SAO19K0806.017111,17:41:38.07,-23:57:17.24,7836.84077,28.69,0.018,21.2,19.95,19.95,2,2.13,OB170386
KMT-2017-BLG-1006,SAO19K0808.008300,17:41:41.29,-23:41:20.90,8013.91938,11.7,0.241,19.94,19.09,19.09,2,1.74,
KMT-2017-BLG-1007,BLG19K0808.011880,17:41:58.86,-23:43:50.38,7856.74086,9.42,0.211,19.45,19.47,19.47,2,1.85,OB170532
KMT-2017-BLG-1008,SAO19M0104.002711,17:50:10.88,-24:07:17.11,7909.52768,22.3,0.781,18.65,17.63,17.63,2,2.73,OB170918
KMT-2017-BLG-1009,SAO19M0106.000531,17:50:08.08,-23:51:22.25,8034.68561,16.83,0.574,16.01,16.03,16.03,2,2.36,
KMT-2017-BLG-1010,BLG19M0208.011592,17:49:38.52,-23:37:24.85,7872.44663,3.94,0.248,19.63,19.95,19.95,2,2.17,OB170799
KMT-2017-BLG-1011,BLG19M0303.003128,17:49:20.23,-24:20:56.51,8004.77823,96.28,0.12,20.81,17.74,17.74,2,2.97,
KMT-2017-BLG-1012,BLG19M0305.002508,17:49:20.50,-24:03:57.53,7828.67216,16.76,0.082,19.94,17.07,17.07,2,2.35,
KMT-2017-BLG-1013,SAO19M0305.007304,17:49:07.61,-24:05:20.51,7906.93316,6.96,0.045,19.3,18.5,18.5,2,2.33,OB171036
KMT-2017-BLG-1014,BLG19M0405.000385,17:48:39.82,-24:03:42.08,8048.36006,35.32,0.48,17.78,15.39,15.39,2,1.97,
KMT-2017-BLG-1015,BLG19M0408.015809,17:48:44.60,-23:36:45.68,7926.95257,20.46,0.163,19.62,19.37,19.37,2,1.83,OB171160
KMT-2017-BLG-1016,BLG19M0506.002697,17:48:17.46,-23:54:54.83,7880.44407,10.21,0.201,17.16,17.17,17.17,2,2.51,OB170798
KMT-2017-BLG-1017,BLG19M0506.003466,17:47:58.26,-23:57:48.85,8037.03982,55.84,0.791,17.73,17.77,17.77,2,2.56,
KMT-2017-BLG-1018,SSO19M0601.004271,17:47:31.92,-24:31:22.08,7940.75981,14.96,0.261,17.56,17.58,17.58,4,2.55,OB171140
KMT-2017-BLG-1019,BLG19M0604.011366,17:47:36.50,-24:13:43.00,7805.79777,28.83,0.071,19.52,19.18,19.18,2,2.17,OB170118
KMT-2017-BLG-1020,SAO19M0605.006362,17:47:38.34,-24:05:03.91,7927.05692,13.74,0.114,20.72,18.61,18.61,2,2.42,
KMT-2017-BLG-1021,SSO19M0803.008102,17:46:29.58,-24:16:20.17,8024.34402,109.67,0.016,21.67,18.86,18.86,2,2.3,OB171806
KMT-2017-BLG-1022,SSO19M0804.000044,17:46:24.96,-24:10:40.37,7895.67471,10.65,0.154,13.86,14.03,14.03,2,2.48,OB170905
KMT-2017-BLG-1023,BLG19M0805.004994,17:46:34.80,-24:02:59.32,7933.06615,8.2,0.862,18.04,18.03,18.03,2,2.08,
KMT-2017-BLG-1024,SAO19M0806.018145,17:46:14.61,-23:51:41.11,7895.2722,21.04,0.201,19.22,19.05,19.05,1,1.73,OB170904
KMT-2017-BLG-1025,BLG19M0808.004401,17:46:30.55,-23:36:14.80,7827.75648,42.25,1.0,17.81,17.39,17.39,1,1.8,OB170305
KMT-2017-BLG-1026,BLG19N0207.009848,17:49:56.75,-24:54:35.86,7855.0632,19.57,0.299,19.9,20.0,20.23,2,4.07,
KMT-2017-BLG-1027,BLG19N0306.006393,17:49:25.43,-25:04:42.64,7858.77731,24.02,0.686,19.67,19.5,19.5,2,4.46,
KMT-2017-BLG-1028,BLG19N0407.009924,17:48:32.24,-24:51:39.35,7834.8638,20.98,0.456,20.51,20.0,20.34,2,3.87,
KMT-2017-BLG-1029,BLG19N0606.008148,17:47:40.66,-25:01:13.87,7796.31925,135.16,0.241,19.54,19.44,19.44,4,4.08,OB170116
KMT-2017-BLG-1030,SAO19N0704.002261,17:46:46.36,-25:19:57.07,7951.87157,127.85,0.063,20.34,20.0,21.32,3,3.31,
KMT-2017-BLG-1031,SAO19N0802.012687,17:46:11.82,-25:34:54.26,7871.32242,27.34,0.506,18.84,18.75,18.75,2,2.65,
KMT-2017-BLG-1032,BLG19N0803.004181,17:46:35.88,-25:25:35.90,8056.28887,28.12,0.199,18.97,18.27,18.27,2,3.09,
KMT-2017-BLG-1033,SAO19N0803.010258,17:46:34.12,-25:28:07.79,7973.18671,12.85,0.97,19.78,19.77,19.77,2,3.14,
KMT-2017-BLG-1034,SAO19T0101.000401,17:45:46.16,-25:39:07.34,8006.95012,3.07,0.648,15.68,15.69,15.69,2,2.62,
KMT-2017-BLG-1035,SAO19T0101.008853,17:45:53.58,-25:42:29.20,8044.3418,34.47,0.176,20.4,19.04,19.04,2,2.7,
KMT-2017-BLG-1036,SAO19T0204.011784,17:45:04.25,-25:18:06.91,7923.0886,25.0,0.281,19.88,19.48,19.48,2,2.77,OB171139
KMT-2017-BLG-1037,SAO19T0206.019411,17:45:11.34,-25:02:23.64,7818.61651,91.58,0.022,21.53,20.0,20.96,2,3.1,
KMT-2017-BLG-1038,SAO19T0305.018791,17:44:41.02,-25:08:34.91,7992.70618,19.07,0.202,20.81,20.0,21.36,2,2.44,
KMT-2017-BLG-1039,SAO19T0306.013603,17:44:18.13,-25:01:13.66,7933.42236,54.46,0.335,19.95,20.0,20.02,2,2.68,OB171035
KMT-2017-BLG-1040,BLG19T0405.015548,17:43:58.74,-25:09:34.85,7922.17575,5.77,0.315,20.02,20.0,20.32,2,2.86,
KMT-2017-BLG-1041,BLG19T0408.010859,17:43:48.66,-24:48:09.22,8040.48494,80.95,0.004,22.14,19.71,19.71,2,2.66,OB171816
KMT-2017-BLG-1042,SAO19T0505.000712,17:43:36.03,-25:08:43.22,7932.33035,59.54,0.067,20.27,16.73,16.73,2,3.39,OB171157
KMT-2017-BLG-1043,SSO19T0507.016077,17:43:10.56,-24:56:29.11,7978.728,10.2,0.282,20.28,20.0,20.95,2,3.0,
KMT-2017-BLG-1044,BLG19T0601.004704,17:42:48.02,-25:37:03.79,7947.09148,17.52,0.498,19.09,17.98,17.98,2,2.53,OB171271
KMT-2017-BLG-1045,BLG19T0605.018822,17:42:54.92,-25:10:40.80,7927.13136,36.67,0.421,19.51,19.48,19.48,1,2.53,
KMT-2017-BLG-1046,SAO19T0701.019721,17:42:21.61,-25:37:59.48,7952.64105,20.92,0.217,19.88,20.0,20.05,2,2.31,OB171479
KMT-2017-BLG-1047,SAO19T0702.008263,17:42:14.70,-25:32:54.46,7810.55031,18.33,0.347,18.93,18.99,18.99,2,2.53,OB170138
KMT-2017-BLG-1048,BLG19T0707.007060,17:42:20.68,-24:56:18.10,7916.74651,91.6,0.081,19.84,18.17,18.17,1,2.16,
KMT-2017-BLG-1049,SAO19T0804.008514,17:41:37.50,-25:14:35.48,7969.22309,37.56,0.162,18.85,18.7,18.7,1,2.63,
KMT-2017-BLG-1050,BLG19T0807.001760,17:41:42.90,-24:51:49.00,7896.16494,51.85,0.528,17.56,16.31,16.31,1,2.24,
KMT-2017-BLG-1051,SAO19T0808.027505,17:41:28.66,-24:44:10.79,8012.01973,23.09,0.14,19.64,19.81,19.81,1,2.5,
KMT-2017-BLG-1052,SAO19T0808.036797,17:41:53.09,-24:45:10.91,7939.18103,13.38,0.309,20.08,20.0,20.1,1,2.29,
KMT-2017-BLG-1053,BLG20K0206.002196,17:45:00.72,-21:48:35.75,7861.04968,30.57,0.983,17.24,16.79,16.79,4,1.68,
KMT-2017-BLG-1054,BLG20K0404.018933,17:44:08.63,-22:03:59.40,7940.84266,44.85,0.016,19.96,19.75,19.75,4,1.58,
KMT-2017-BLG-1055,SAO20K0602.017087,17:42:54.88,-22:15:46.40,7865.3034,10.72,0.538,19.78,19.2,19.2,1,1.63,
KMT-2017-BLG-1056,SAO20K0701.051944,17:42:21.01,-22:28:02.10,7844.90469,16.9,0.272,21.03,20.0,20.76,1,1.45,
KMT-2017-BLG-1057,BLG20K0802.046962,17:41:56.64,-22:20:06.40,7967.37713,39.02,0.033,21.8,20.0,20.45,1,1.45,
KMT-2017-BLG-1058,BLG20M0106.000608,17:50:09.84,-21:45:24.26,7959.91449,51.15,0.496,18.25,16.12,16.12,4,2.77,
KMT-2017-BLG-1059,BLG20M0202.012180,17:49:30.54,-22:16:28.09,7955.25571,23.69,0.055,21.18,18.98,18.98,1,2.1,
KMT-2017-BLG-1060,BLG20M0702.001454,17:47:03.46,-22:20:10.72,7916.23587,27.58,1.0,17.57,16.03,16.03,1,1.7,
KMT-2017-BLG-1061,SAO20M0706.007428,17:46:55.88,-21:50:22.06,7920.16062,16.8,0.621,18.53,18.57,18.57,4,1.74,
KMT-2017-BLG-1062,BLG20M0801.000712,17:46:14.33,-22:26:12.19,8007.53775,111.54,0.224,18.96,15.35,15.35,1,1.6,
KMT-2017-BLG-1063,SAO20N0205.017232,17:49:26.28,-23:04:53.00,7872.12889,46.13,0.048,21.76,19.14,19.14,1,1.91,
KMT-2017-BLG-1064,SAO20N0208.008098,17:49:45.37,-22:42:47.09,7869.57977,12.94,0.453,19.08,18.34,18.34,1,1.95,
KMT-2017-BLG-1065,BLG20N0208.013750,17:49:52.74,-22:42:19.51,7862.90588,13.22,0.299,21.48,18.89,18.89,1,1.95,
KMT-2017-BLG-1066,SAO20N0303.016434,17:49:03.60,-23:17:50.89,7852.67744,46.93,0.199,20.54,19.06,19.06,1,2.1,
KMT-2017-BLG-1067,SAO20N0504.016236,17:47:58.77,-23:08:12.19,7905.30044,16.28,0.399,20.86,18.79,18.79,1,1.74,
KMT-2017-BLG-1068,SAO20N0507.044586,17:48:14.29,-22:50:03.08,7916.7454,32.35,0.102,21.83,19.93,19.93,1,1.76,
KMT-2017-BLG-1069,BLG20N0702.053918,17:46:54.82,-23:28:26.11,7942.05038,17.32,0.154,20.14,20.0,20.03,1,1.56,OB171269
KMT-2017-BLG-1070,SAO20N0706.009532,17:46:51.70,-22:51:49.00,7864.66318,44.88,0.421,18.95,18.15,18.15,1,1.47,OB170452
KMT-2017-BLG-1071,SAO20N0803.040423,17:46:40.26,-23:16:18.70,7935.33866,65.18,0.196,20.35,19.56,19.56,1,1.46,OB171098
KMT-2017-BLG-1072,SSO20N0805.001429,17:46:09.39,-23:03:19.91,8004.84328,16.26,0.26,15.71,15.72,15.72,1,1.42,OB171598
KMT-2017-BLG-1073,SAO20T0103.011750,17:45:39.09,-23:15:20.02,7891.92119,29.07,0.336,18.65,18.45,18.45,1,1.5,OB170563
KMT-2017-BLG-1074,SAO20T0104.002286,17:45:42.45,-23:06:21.60,7871.4883,52.93,0.093,20.78,16.18,16.18,1,1.43,OB170796
KMT-2017-BLG-1075,SAO20T0402.043797,17:44:02.91,-23:27:54.90,7928.86809,9.01,0.987,20.55,20.0,20.17,1,1.73,
KMT-2017-BLG-1076,SAO20T0605.014668,17:42:51.78,-23:03:12.71,7883.62504,2.87,0.13,19.41,19.39,19.39,2,1.78,
KMT-2017-BLG-1077,SAO20T0701.014473,17:42:17.40,-23:30:58.90,7835.96076,199.16,0.051,20.78,19.14,19.14,1,1.95,OB170258
KMT-2017-BLG-1078,SAO20T0702.040365,17:42:14.27,-23:28:02.78,7883.71385,23.57,0.197,20.52,20.0,20.75,1,1.79,
KMT-2017-BLG-1079,SAO20T0802.001799,17:42:01.64,-23:21:09.14,7918.86758,22.28,0.58,16.9,16.7,16.7,2,1.93,
KMT-2017-BLG-1080,SAO20T0806.002520,17:41:40.44,-22:52:05.23,8004.18454,63.32,0.688,17.39,17.39,17.39,2,1.67,
KMT-2017-BLG-1081,BLG21K0203.013921,17:53:10.87,-34:56:58.70,8014.71255,50.37,0.255,19.18,18.54,18.54,1,0.84,OB171606
KMT-2017-BLG-1082,BLG21K0303.016277,17:52:36.14,-35:01:05.70,7832.67931,31.49,0.385,19.03,18.41,18.41,1,0.57,OB170311
KMT-2017-BLG-1083,SAO21K0406.063482,17:52:14.21,-34:35:12.41,8023.92799,198.85,0.002,19.68,20.0,20.08,1,0.75,OB171554 MB17433
KMT-2017-BLG-1084,BLG21K0504.044970,17:51:46.19,-34:51:32.51,7865.10178,16.83,0.407,19.45,19.53,19.53,1,0.82,OB170566
KMT-2017-BLG-1085,BLG21K0605.009115,17:50:38.79,-34:45:17.78,8044.57358,41.79,0.11,18.66,18.01,18.01,1,0.96,OB171782
KMT-2017-BLG-1086,SSO21K0703.017280,17:50:21.35,-34:58:04.69,8008.87003,15.46,0.116,18.97,18.65,18.65,1,0.89,OB171719
KMT-2017-BLG-1087,SAO21K0705.013674,17:50:28.25,-34:42:59.80,7986.25006,14.04,0.92,18.39,18.45,18.45,1,1.0,OB171555
KMT-2017-BLG-1088,SAO21K0707.013277,17:50:26.18,-34:26:22.60,7979.69794,19.78,0.218,18.38,18.45,18.45,1,1.12,MB17421
KMT-2017-BLG-1089,SAO21K0801.001910,17:49:40.81,-35:17:48.70,7810.23628,26.71,0.786,16.83,16.05,16.05,1,1.02,
KMT-2017-BLG-1090,BLG21K0806.002449,17:49:45.03,-34:37:27.98,7822.25727,30.51,0.439,16.17,16.19,16.19,1,1.09,OB170143 MB17032
KMT-2017-BLG-1091,BLG21M0102.006622,17:59:04.03,-35:05:05.89,7855.5031,11.72,0.653,18.07,18.06,18.06,1,0.6,
KMT-2017-BLG-1092,BLG21M0307.006430,17:57:41.53,-34:27:12.89,7839.31572,53.11,0.561,17.95,17.87,17.87,1,0.72,
KMT-2017-BLG-1093,BLG21M0704.018050,17:55:40.17,-34:51:57.38,7855.87162,12.39,0.975,18.96,18.96,18.96,1,0.86,
KMT-2017-BLG-1094,BLG21M0706.000977,17:55:11.28,-34:34:16.39,7989.00562,45.77,0.417,18.68,15.28,15.28,1,0.78,
KMT-2017-BLG-1095,SAO21M0708.057099,17:55:27.88,-34:19:57.11,7964.34116,111.79,0.049,19.65,20.0,20.11,1,0.89,OB170540 MB17320
KMT-2017-BLG-1096,SSO21N0201.001640,17:58:24.86,-36:24:06.08,7910.7073,64.51,0.042,20.4,17.21,17.21,2,0.59,
KMT-2017-BLG-1097,BLG21N0801.026865,17:54:58.16,-36:20:00.31,7837.0195,38.0,0.402,19.85,19.73,19.73,1,0.91,
KMT-2017-BLG-1098,BLG21N0802.014112,17:54:51.42,-36:13:59.70,7945.94797,34.74,0.115,21.83,18.92,18.92,1,0.8,
KMT-2017-BLG-1099,SAO21N0803.001043,17:55:10.42,-36:04:06.49,7888.03908,16.72,0.968,17.69,15.73,15.73,1,0.92,
KMT-2017-BLG-1100,BLG21T0107.005330,17:53:48.40,-35:39:30.20,8041.10845,20.86,0.011,18.07,17.77,17.77,1,0.77,
KMT-2017-BLG-1101,BLG21T0203.010968,17:53:21.55,-36:08:36.89,8026.76626,27.38,0.908,18.42,18.43,18.43,1,0.81,
KMT-2017-BLG-1102,SAO21T0206.017795,17:53:15.13,-35:43:36.30,7993.06656,8.88,0.343,18.92,18.71,18.71,1,0.78,
KMT-2017-BLG-1103,BLG21T0208.044410,17:53:11.22,-35:30:50.62,7935.69902,13.28,0.101,21.62,19.77,19.77,1,0.92,
KMT-2017-BLG-1104,BLG21T0603.043043,17:51:06.03,-36:08:00.71,7961.96661,30.74,0.029,19.83,19.95,19.95,1,0.93,
KMT-2017-BLG-1105,BLG22K0103.001613,17:53:43.20,-32:55:27.52,7910.72385,53.53,0.256,15.9,15.9,15.9,1,1.51,OB170329
KMT-2017-BLG-1106,SAO22K0105.012953,17:53:56.90,-32:37:10.20,7905.65005,198.9,0.003,23.93,18.41,18.41,1,1.28,
KMT-2017-BLG-1107,BLG22K0106.002441,17:54:05.14,-32:33:28.12,7981.05905,9.05,0.277,16.03,16.04,16.04,1,1.33,OB171497
KMT-2017-BLG-1108,SAO22K0204.046637,17:53:06.20,-32:42:17.60,7920.20308,7.29,0.149,19.82,19.84,19.84,1,1.71,OB171106 MB17311
KMT-2017-BLG-1109,BLG22K0205.003491,17:53:37.78,-32:39:47.81,7904.31285,51.54,0.696,16.58,16.61,16.61,1,1.66,OB170237 MB17126
KMT-2017-BLG-1110,BLG22K0205.019955,17:53:25.79,-32:35:04.09,7864.12347,39.48,0.291,20.27,19.0,19.0,1,1.62,OB170526
KMT-2017-BLG-1111,SAO22K0206.078120,17:53:09.27,-32:27:29.92,8032.40927,26.69,0.026,20.55,20.0,20.34,1,1.47,MB17496
KMT-2017-BLG-1112,SSO22K0207.006968,17:53:16.64,-32:23:57.98,7934.26601,13.02,0.552,17.8,17.81,17.81,1,1.53,OB171118 MB17335
KMT-2017-BLG-1113,BLG22K0207.007894,17:53:12.06,-32:24:31.21,7838.89421,74.88,0.227,17.92,17.99,17.99,1,1.58,OB170071 MB17028
KMT-2017-BLG-1114,BLG22K0208.000389,17:53:12.56,-32:13:26.69,8009.49179,69.94,0.769,16.38,14.65,14.65,1,1.77,OB171524
KMT-2017-BLG-1115,SAO22K0301.037115,17:52:31.05,-33:08:20.69,7966.47374,7.92,0.233,19.8,19.62,19.62,1,1.63,OB171472
KMT-2017-BLG-1116,BLG22K0306.003966,17:52:28.77,-32:31:18.70,7886.24947,20.36,0.649,17.5,16.62,16.62,1,1.4,OB170503 MB17174
KMT-2017-BLG-1117,BLG22K0306.013389,17:52:45.86,-32:32:45.49,7898.74746,21.19,0.2,18.98,18.43,18.43,1,1.5,OB170881 MB17264
KMT-2017-BLG-1118,SAO22K0307.062403,17:52:50.93,-32:19:13.80,7966.84625,8.89,0.175,19.79,20.0,20.12,1,1.94,
KMT-2017-BLG-1119,SAO22K0402.039238,17:52:10.63,-33:01:05.30,7969.76178,3.74,0.037,19.88,19.68,19.68,1,1.8,
KMT-2017-BLG-1120,SAO22K0403.048504,17:52:15.37,-32:55:05.92,7995.87859,7.96,0.08,20.01,19.84,19.84,1,1.73,OB171662 OB171673
KMT-2017-BLG-1121,BLG22K0403.074830,17:52:09.82,-32:51:47.92,7873.89622,27.53,0.135,21.23,20.0,20.67,1,1.73,
KMT-2017-BLG-1122,BLG22K0405.061029,17:52:03.49,-32:40:50.70,7859.61278,17.48,0.627,20.0,20.0,20.02,1,1.65,
KMT-2017-BLG-1123,BLG22K0501.020585,17:51:27.95,-33:08:06.90,7890.75466,121.17,0.018,18.89,17.53,17.53,2,1.57,OB170095 MB17160
KMT-2017-BLG-1124,BLG22K0505.017514,17:51:38.00,-32:40:21.61,7934.49198,12.66,0.53,19.53,19.05,19.05,1,1.82,OB171197
KMT-2017-BLG-1125,SAO22K0506.072735,17:51:32.13,-32:29:40.42,7887.4948,37.11,0.1,20.28,20.0,20.82,1,2.05,
KMT-2017-BLG-1126,SSO22K0607.002530,17:51:07.36,-32:19:57.79,7966.33109,4.91,0.002,20.23,17.36,17.36,1,2.73,OB171490 MB17413
KMT-2017-BLG-1127,BLG22K0607.006596,17:50:45.15,-32:24:56.38,7932.5424,38.08,0.197,20.67,18.69,18.69,2,2.71,OB171169
KMT-2017-BLG-1128,SAO22K0608.038973,17:50:57.44,-32:15:12.49,7931.96684,11.57,0.299,20.5,20.0,21.07,1,3.14,
KMT-2017-BLG-1129,BLG22K0703.021496,17:50:35.78,-32:56:26.99,7859.49254,102.54,0.007,23.08,19.41,19.41,1,2.02,
KMT-2017-BLG-1130,SAO22K0703.039828,17:50:31.55,-32:51:22.90,7962.7296,54.02,0.17,19.85,19.97,19.97,1,2.1,OB171240
KMT-2017-BLG-1131,BLG22K0802.004466,17:49:59.19,-32:56:41.21,7842.14036,12.92,0.324,17.47,17.48,17.48,1,2.33,
KMT-2017-BLG-1132,BLG22K0803.044771,17:49:33.17,-32:53:44.30,7862.81969,2.92,0.901,18.89,20.0,20.48,1,2.38,
KMT-2017-BLG-1133,BLG22M0102.000128,17:59:13.74,-33:02:29.40,7946.7889,37.17,0.994,14.41,14.07,14.07,1,1.12,OB170687
KMT-2017-BLG-1134,BLG22M0102.016270,17:59:09.03,-32:57:38.48,7810.21377,33.42,0.224,18.88,18.9,18.9,1,1.27,OB170126 MB17062
KMT-2017-BLG-1135,BLG22M0103.004011,17:59:17.94,-32:53:55.50,8017.64994,42.86,0.864,17.44,17.45,17.45,1,1.31,OB171439 MB17476
KMT-2017-BLG-1136,SSO22M0106.015540,17:58:51.93,-32:26:59.89,7852.95781,91.6,0.012,20.49,18.7,18.7,1,1.18,OB170288 MB17150
KMT-2017-BLG-1137,BLG22M0106.021952,17:58:48.55,-32:30:14.29,7879.84881,28.26,0.904,19.82,18.99,18.99,1,1.08,OB170691
KMT-2017-BLG-1138,BLG22M0106.054390,17:58:46.50,-32:29:23.89,7886.41439,28.48,0.599,19.98,20.0,20.03,1,1.18,
KMT-2017-BLG-1139,BLG22M0205.001137,17:58:28.10,-32:36:02.59,7811.30435,4.74,0.279,15.64,15.65,15.65,1,1.29,MB17054
KMT-2017-BLG-1140,BLG22M0205.027873,17:58:40.59,-32:39:53.78,7904.26168,16.85,0.451,19.24,19.32,19.32,1,1.21,OB170861
KMT-2017-BLG-1141,BLG22M0304.002568,17:58:03.22,-32:41:47.80,7968.70791,24.47,0.505,16.44,16.51,16.51,1,1.36,OB171166 MB17362
KMT-2017-BLG-1142,BLG22M0304.009676,17:57:42.23,-32:45:49.00,8017.79747,26.67,0.886,18.36,18.37,18.37,1,1.34,OB171726
KMT-2017-BLG-1143,BLG22M0305.012753,17:57:53.11,-32:36:02.41,7856.13445,51.89,0.568,18.99,18.55,18.55,1,1.34,
KMT-2017-BLG-1144,BLG22M0307.042868,17:57:31.93,-32:21:06.08,7923.1388,31.45,0.065,20.12,19.58,19.58,1,1.38,OB171093 MB17328
KMT-2017-BLG-1145,BLG22M0402.041141,17:57:18.23,-32:59:16.91,7887.92769,15.26,0.219,20.43,19.57,19.57,1,1.25,OB170688
KMT-2017-BLG-1146,BLG22M0501.038350,17:56:25.40,-33:08:32.89,7924.53053,33.87,0.202,20.47,19.52,19.52,1,1.23,
KMT-2017-BLG-1147,BLG22M0503.036389,17:56:34.33,-32:49:29.89,7863.34698,5.02,0.832,19.42,19.44,19.44,1,1.32,
KMT-2017-BLG-1148,BLG22M0604.018961,17:56:19.98,-32:46:33.31,7955.95569,15.54,0.219,20.08,18.95,18.95,1,1.42,OB171305 MB17393
KMT-2017-BLG-1149,BLG22M0604.024570,17:56:05.79,-32:48:03.60,7887.38216,169.86,0.002,23.49,19.17,19.17,1,1.43,OB170690 MB17257
KMT-2017-BLG-1150,SAO22M0606.046922,17:55:56.44,-32:27:29.30,8032.89812,43.04,0.04,21.33,20.0,20.03,1,1.77,
KMT-2017-BLG-1151,BLG22M0701.001668,17:55:14.39,-33:07:20.71,8028.46969,13.2,0.713,15.85,15.86,15.86,1,1.25,OB171765 MB17483
KMT-2017-BLG-1152,BLG22M0704.019373,17:55:17.15,-32:47:30.19,7912.20454,26.57,0.002,18.85,18.82,18.82,1,1.27,OB170915 MB17301
KMT-2017-BLG-1153,SAO22M0707.019887,17:55:28.16,-32:20:41.78,7849.9943,30.07,0.2,19.5,19.23,19.23,1,1.76,OB170484
KMT-2017-BLG-1154,SAO22M0707.070703,17:55:34.29,-32:19:30.68,7964.94538,7.38,0.101,20.61,20.0,20.68,1,1.76,
KMT-2017-BLG-1155,SAO22M0806.014794,17:54:47.25,-32:27:39.60,7866.09464,35.03,0.152,20.7,18.64,18.64,1,1.4,OB170542 MB17189
KMT-2017-BLG-1156,BLG22N0201.049152,17:58:46.03,-34:15:04.50,7818.29489,26.11,0.022,20.18,19.98,19.98,1,0.74,
KMT-2017-BLG-1157,BLG22N0202.054912,17:58:29.05,-34:03:19.12,7897.93499,38.12,0.221,20.3,20.0,20.16,1,0.88,OB171068
KMT-2017-BLG-1158,BLG22N0203.031843,17:58:46.81,-33:58:47.78,8012.86181,14.71,0.317,19.32,19.41,19.41,1,0.94,OB171727
KMT-2017-BLG-1159,BLG22N0204.048432,17:58:32.76,-33:55:18.41,7836.46875,47.76,0.154,19.9,19.94,19.94,1,1.0,OB170269
KMT-2017-BLG-1160,BLG22N0302.048255,17:57:37.63,-34:10:57.11,7913.21963,199.57,0.009,21.59,19.8,19.8,1,0.76,OB170862
KMT-2017-BLG-1161,SSO22N0306.026470,17:58:04.44,-33:37:11.21,7912.21856,24.86,0.045,19.88,19.18,19.18,1,1.04,OB171006
KMT-2017-BLG-1162,BLG22N0401.028927,17:57:03.60,-34:11:58.20,7938.18185,10.22,0.388,20.35,19.15,19.15,1,0.86,OB171261
KMT-2017-BLG-1163,BLG22N0407.074626,17:57:09.79,-33:27:32.90,7844.92376,21.28,0.099,20.97,20.0,20.75,1,1.0,
KMT-2017-BLG-1164,SAO22N0502.003953,17:56:30.91,-34:08:22.20,7923.37212,18.83,0.492,18.36,17.17,17.17,1,0.9,OB171069 MB17325
KMT-2017-BLG-1165,BLG22N0605.008250,17:55:49.74,-33:43:36.80,7969.67969,34.53,0.037,20.6,18.12,18.12,1,1.08,OB171496
KMT-2017-BLG-1166,BLG22N0702.004400,17:55:37.91,-34:08:16.30,8007.14109,22.23,0.799,18.11,17.24,17.24,1,0.93,
KMT-2017-BLG-1167,BLG22N0702.019639,17:55:38.10,-34:08:34.91,8005.64771,23.71,0.497,18.82,18.75,18.75,1,0.93,
KMT-2017-BLG-1168,BLG22N0706.050321,17:55:24.84,-33:37:53.80,7905.65627,28.42,0.305,20.46,19.89,19.89,1,1.21,
KMT-2017-BLG-1169,BLG22N0707.015783,17:55:27.25,-33:32:24.11,7849.91157,19.96,0.108,19.75,18.62,18.62,1,1.26,
KMT-2017-BLG-1170,BLG22T0102.050725,17:53:47.58,-34:04:50.09,7896.77938,11.31,0.208,20.54,19.93,19.93,1,1.29,
KMT-2017-BLG-1171,SAO22T0104.061876,17:54:01.86,-33:51:17.39,7954.35131,14.41,0.15,21.09,20.0,20.23,1,1.13,
KMT-2017-BLG-1172,BLG22T0201.025658,17:53:05.24,-34:11:20.62,7904.93085,31.3,0.213,19.07,19.15,19.15,1,1.5,OB170647 MB17281
KMT-2017-BLG-1173,BLG22T0201.027710,17:53:27.56,-34:17:37.28,7934.28063,9.91,0.428,19.09,19.22,19.22,1,1.11,
KMT-2017-BLG-1174,BLG22T0202.028077,17:53:34.61,-34:05:46.28,7914.42246,16.93,0.61,19.23,19.33,19.33,1,1.35,OB170999
KMT-2017-BLG-1175,SAO22T0203.005736,17:53:10.49,-33:57:59.62,7959.34524,18.25,0.867,19.17,17.92,17.92,1,1.65,
KMT-2017-BLG-1176,BLG22T0301.012166,17:52:27.48,-34:12:53.50,7867.11409,63.4,0.219,21.11,18.85,18.85,1,1.62,OB170648
KMT-2017-BLG-1177,BLG22T0304.004365,17:52:48.80,-33:50:30.19,7986.67364,10.74,0.718,17.56,17.44,17.44,1,1.65,
KMT-2017-BLG-1178,BLG22T0305.020171,17:52:34.32,-33:48:20.92,8017.44145,29.07,0.231,19.21,19.34,19.34,1,1.83,OB171672
KMT-2017-BLG-1179,BLG22T0308.038000,17:52:33.64,-33:21:19.12,7925.62773,3.95,0.481,19.94,19.54,19.54,1,1.44,
KMT-2017-BLG-1180,SAO22T0401.032995,17:52:24.17,-34:12:55.40,7947.57712,9.21,0.191,19.6,19.65,19.65,1,1.57,OB171324
KMT-2017-BLG-1181,SSO22T0407.025395,17:51:51.32,-33:29:58.20,7901.40711,37.99,0.071,19.89,20.0,25.0,3,1.92,OB170643 MB17277
KMT-2017-BLG-1182,SAO22T0501.004008,17:51:39.52,-34:15:52.88,7890.62048,55.32,0.901,17.83,17.39,17.39,2,1.25,OB170358
KMT-2017-BLG-1183,SAO22T0502.015961,17:51:50.10,-34:04:31.48,7982.82297,36.02,0.433,19.12,19.35,19.35,2,1.48,OB171419
KMT-2017-BLG-1184,BLG22T0605.012020,17:51:07.76,-33:47:20.87,7817.87498,17.42,0.407,19.92,19.94,19.94,4,2.43,OB170216
KMT-2017-BLG-1185,SAO22T0803.021010,17:49:42.01,-33:57:05.08,7893.34376,20.21,0.098,21.71,19.84,19.84,2,1.66,
KMT-2017-BLG-1186,BLG22T0806.007016,17:49:47.18,-33:38:53.92,7924.49367,26.84,0.721,18.7,19.14,19.14,2,1.67,
KMT-2017-BLG-1187,SAO31K0105.020312,18:13:08.68,-25:12:45.29,7927.07971,29.15,0.41,20.39,19.59,19.59,1,1.83,OB171198
KMT-2017-BLG-1188,BLG31K0208.001561,18:12:21.41,-24:47:40.78,8000.29382,49.77,0.469,17.84,16.61,16.61,4,2.4,OB171310
KMT-2017-BLG-1189,SAO31K0405.001628,18:11:17.93,-25:12:20.59,7992.64188,56.24,0.63,16.85,16.31,16.31,1,1.72,OB171107
KMT-2017-BLG-1190,SAO31K0503.021888,18:11:03.72,-25:24:45.61,7942.42152,9.79,0.301,19.72,19.3,19.3,1,1.89,OB171264
KMT-2017-BLG-1191,SAO31K0704.006059,18:09:59.01,-25:22:45.30,7963.64031,29.52,1.0,18.04,17.73,17.73,1,1.6,OB171265
KMT-2017-BLG-1192,SAO31K0704.039487,18:09:35.57,-25:23:40.31,7893.47314,17.82,0.196,20.03,19.69,19.69,1,1.38,OB170883
KMT-2017-BLG-1193,BLG31M0108.001599,18:17:31.00,-24:46:21.68,7919.75443,38.97,0.396,18.48,16.27,16.27,1,1.08,
KMT-2017-BLG-1194,BLG31M0204.037309,18:17:17.31,-25:19:26.18,7942.23125,46.0,0.263,20.12,19.64,19.64,1,0.99,
KMT-2017-BLG-1195,BLG31M0404.012306,18:16:16.21,-25:20:17.59,8030.28577,29.35,0.322,18.31,18.35,18.35,1,0.88,
KMT-2017-BLG-1196,BLG31M0501.021760,18:15:52.50,-25:46:05.59,8051.87611,44.05,0.087,19.33,19.0,19.0,1,0.97,MB17506
KMT-2017-BLG-1197,SSO31M0502.007597,18:15:38.32,-25:36:21.10,7894.61476,3.07,0.23,18.02,17.94,17.94,1,0.98,OB170875 MB17263
KMT-2017-BLG-1198,SAO31M0503.004110,18:15:26.41,-25:28:23.92,7971.12487,45.75,0.351,17.39,17.35,17.35,1,1.18,OB171189 MB17382
KMT-2017-BLG-1199,BLG31M0504.058707,18:15:27.76,-25:20:51.50,7921.16441,22.9,0.301,20.39,20.0,20.54,1,1.3,
KMT-2017-BLG-1200,BLG31M0602.045105,18:15:14.47,-25:34:19.81,7896.96845,26.96,0.15,20.06,19.86,19.86,1,1.05,
KMT-2017-BLG-1201,BLG31M0806.011552,18:13:47.13,-25:07:01.20,8023.15772,26.66,0.491,19.15,18.59,18.59,1,1.32,OB171800
KMT-2017-BLG-1202,SAO31N0401.013259,18:15:56.05,-26:48:51.70,7928.9447,3.45,0.286,18.41,18.41,18.41,1,0.79,OB171173
KMT-2017-BLG-1203,SAO31N0402.003938,18:16:15.30,-26:41:40.88,7909.32494,32.79,0.263,19.21,17.15,17.15,1,0.78,
KMT-2017-BLG-1204,BLG31N0407.010403,18:16:25.09,-26:01:41.59,8037.35441,46.47,0.198,19.92,18.07,18.07,1,0.72,OB171815
KMT-2017-BLG-1205,SAO31N0504.006531,18:15:44.15,-26:29:46.39,7943.47546,8.25,0.644,17.67,17.67,17.67,1,0.78,
KMT-2017-BLG-1206,BLG31N0505.000489,18:15:27.30,-26:22:32.99,7985.08709,15.76,1.0,15.77,14.6,14.6,1,0.81,OB171572
KMT-2017-BLG-1207,BLG31N0602.038490,18:14:51.11,-26:46:18.59,7867.59797,20.98,0.283,19.51,19.55,19.55,1,0.86,OB170748
KMT-2017-BLG-1208,SSO31N0606.001308,18:15:11.46,-26:14:47.29,8040.40785,7.45,0.529,16.07,15.6,15.6,1,0.92,
KMT-2017-BLG-1209,BLG31N0608.000292,18:15:14.91,-25:54:46.40,7803.49265,44.64,0.278,17.23,14.37,14.37,1,1.02,OB170255 MB17052
KMT-2017-BLG-1210,BLG31N0802.047633,18:14:02.25,-26:45:09.90,7996.59786,65.5,0.275,20.06,19.78,19.78,1,0.83,OB171682
KMT-2017-BLG-1211,BLG31N0803.034289,18:13:42.64,-26:31:30.90,7846.08774,32.82,0.614,19.27,19.36,19.36,1,0.9,OB170335
KMT-2017-BLG-1212,BLG31N0805.058040,18:13:43.15,-26:16:18.59,7814.80286,29.75,0.09,19.87,20.0,20.29,1,0.95,OB170253
KMT-2017-BLG-1213,BLG31N0807.000460,18:14:06.85,-26:07:36.08,8041.9109,16.1,0.89,15.96,14.74,14.74,1,1.0,MB17505
KMT-2017-BLG-1214,SAO31N0808.041075,18:13:59.50,-25:55:04.80,7878.65685,11.9,0.086,19.61,19.62,19.62,1,1.1,OB170739
KMT-2017-BLG-1215,SAO31T0108.040632,18:13:04.31,-26:00:20.48,7933.21669,31.3,0.013,19.7,19.75,19.75,1,1.26,OB171135 MB17331
KMT-2017-BLG-1216,BLG31T0303.043885,18:12:00.05,-26:31:18.98,7878.9895,9.75,0.347,19.4,19.53,19.53,1,1.06,OB170738
KMT-2017-BLG-1217,BLG31T0306.010702,18:12:07.30,-26:14:27.89,7822.37421,32.55,0.202,18.73,18.16,18.16,1,1.08,OB170254 MB17081
KMT-2017-BLG-1218,BLG31T0308.005328,18:12:08.54,-25:58:40.51,8044.29058,17.87,0.07,19.54,17.4,17.4,1,1.25,MB17503
KMT-2017-BLG-1219,BLG31T0402.045992,18:11:27.79,-26:41:40.49,7951.21136,22.79,0.084,19.82,19.69,19.69,1,1.05,OB171286 MB17387
KMT-2017-BLG-1220,SAO31T0405.055524,18:11:33.65,-26:21:10.69,7935.44529,17.56,0.119,19.02,20.0,20.01,1,1.12,OB171181
KMT-2017-BLG-1221,BLG31T0408.010303,18:11:13.91,-25:57:33.80,8046.00601,20.02,0.398,18.01,18.01,18.01,1,1.05,OB171795 MB17502
KMT-2017-BLG-1222,BLG31T0507.031227,18:11:03.06,-26:04:42.60,8016.24056,41.76,0.427,19.17,19.17,19.17,1,1.26,OB171586
KMT-2017-BLG-1223,SAO31T0507.050803,18:11:00.92,-26:01:21.61,7891.91189,21.64,0.196,20.02,19.78,19.78,1,1.2,
KMT-2017-BLG-1224,SAO31T0601.001188,18:10:10.87,-26:51:28.12,8004.63685,93.64,0.581,16.12,15.69,15.69,1,1.51,MB17315
KMT-2017-BLG-1225,SAO31T0601.028655,18:10:34.45,-26:50:25.80,7853.69464,72.63,0.256,19.17,19.36,19.36,1,1.32,OB170192
KMT-2017-BLG-1226,SAO31T0603.030832,18:10:16.29,-26:35:57.98,7916.49362,61.21,0.597,19.11,19.24,19.24,1,1.24,
KMT-2017-BLG-1227,BLG31T0603.056886,18:10:09.63,-26:35:19.79,7835.33855,23.58,0.098,19.88,20.0,20.07,1,1.33,OB170300
KMT-2017-BLG-1228,BLG31T0705.003702,18:09:32.80,-26:15:42.08,7851.15151,57.19,0.775,16.84,16.76,16.76,1,1.1,OB170060
KMT-2017-BLG-1229,SAO31T0705.040577,18:09:38.05,-26:18:54.68,7921.2231,7.34,0.279,19.26,19.38,19.38,1,1.08,
KMT-2017-BLG-1230,SAO31T0707.070418,18:09:37.90,-26:07:38.89,7867.39633,15.84,0.1,19.82,20.0,20.34,1,1.3,OB170607 MB17200
KMT-2017-BLG-1231,SAO31T0801.025840,18:09:28.64,-26:52:15.82,7903.2804,29.35,0.242,19.24,19.23,19.23,1,1.65,
KMT-2017-BLG-1232,BLG31T0802.008321,18:09:22.58,-26:39:23.51,7843.86,199.99,0.085,20.42,18.11,18.11,1,1.28,OB170204
KMT-2017-BLG-1233,BLG31T0802.028533,18:09:10.26,-26:44:47.51,7968.51777,11.81,0.413,19.51,19.3,19.3,1,1.37,OB171512
KMT-2017-BLG-1234,BLG31T0808.015145,18:09:23.30,-25:56:27.60,7942.60264,59.28,0.601,18.16,18.16,18.16,1,1.42,OB171108
KMT-2017-BLG-1235,BLG32K0107.003900,18:11:05.47,-27:00:40.79,8020.00407,35.73,0.681,17.16,17.16,17.16,1,1.15,OB171458 MB17482
KMT-2017-BLG-1236,BLG32K0202.000954,18:10:13.45,-27:42:24.41,8044.70817,52.97,0.861,15.97,15.11,15.11,1,0.83,OB171629 MB17440
KMT-2017-BLG-1237,BLG32K0302.016736,18:09:31.86,-27:43:20.89,8000.90141,20.27,0.017,18.4,18.45,18.45,1,0.93,OB171630 MB17441
KMT-2017-BLG-1238,BLG32K0305.024411,18:09:55.75,-27:22:32.30,7825.77477,9.95,0.203,19.51,18.87,18.87,1,0.89,OB170274 MB17100
KMT-2017-BLG-1239,SAO32K0308.018139,18:09:58.93,-26:57:29.92,7956.31226,20.27,0.259,18.75,18.96,18.96,1,1.46,OB171236
KMT-2017-BLG-1240,SAO32K0405.060448,18:08:56.22,-27:18:27.29,7897.26126,17.99,0.108,19.87,19.92,19.92,1,1.15,OB170867
KMT-2017-BLG-1241,BLG32K0601.007985,18:07:44.20,-27:51:00.11,7994.28593,18.06,0.393,18.35,17.64,17.64,1,0.87,OB171564
KMT-2017-BLG-1242,BLG32K0603.010608,18:07:52.70,-27:31:59.30,7999.30749,21.64,0.275,19.18,18.03,18.03,1,1.14,OB171631 MB17453
KMT-2017-BLG-1243,BLG32K0605.044288,18:07:54.96,-27:16:59.30,7857.45402,41.31,0.499,19.61,19.55,19.55,1,1.31,OB170422
KMT-2017-BLG-1244,SAO32K0701.003297,18:07:39.04,-27:47:33.79,7848.55031,40.37,0.06,20.01,16.48,16.48,1,0.87,MB17127
KMT-2017-BLG-1245,BLG32K0701.069340,18:07:33.59,-27:47:19.21,7961.81805,48.17,0.109,21.05,19.96,19.96,1,1.06,OB171445
KMT-2017-BLG-1246,BLG32K0702.035859,18:07:20.92,-27:44:14.78,7816.64779,37.92,0.184,19.33,19.02,19.02,1,0.94,OB170149 MB17058
KMT-2017-BLG-1247,BLG32K0705.013903,18:07:19.89,-27:15:26.21,7961.47237,13.55,0.107,18.98,18.15,18.15,1,1.11,OB171379 MB17397
KMT-2017-BLG-1248,SAO32K0705.044411,18:07:26.29,-27:19:43.61,7876.96925,80.9,0.007,21.14,19.25,19.25,1,1.06,OB170600 MB17219
KMT-2017-BLG-1249,BLG32K0707.059792,18:07:23.61,-27:03:37.91,7886.69579,40.02,0.003,19.91,19.68,19.68,1,0.9,MB17250
KMT-2017-BLG-1250,SAO32K0801.059019,18:06:42.84,-27:48:52.49,7956.35716,6.63,0.326,19.49,19.57,19.57,1,0.78,OB171401
KMT-2017-BLG-1251,SAO32K0803.017800,18:06:40.87,-27:36:06.80,7882.53418,199.81,0.002,24.04,18.47,18.47,1,1.1,OB170731
KMT-2017-BLG-1252,SAO32K0806.025597,18:07:03.86,-27:12:55.19,7941.55974,8.02,0.291,18.92,18.61,18.61,1,0.95,OB171235
KMT-2017-BLG-1253,BLG32M0104.020575,18:15:47.66,-27:30:03.60,7917.08419,38.72,0.696,18.48,18.65,18.65,1,0.5,OB170745
KMT-2017-BLG-1254,BLG32M0105.015664,18:15:50.70,-27:22:18.52,7922.53354,24.64,1.0,18.36,18.41,18.41,1,0.62,OB171030
KMT-2017-BLG-1255,BLG32M0303.015058,18:14:37.45,-27:36:28.01,7847.14605,6.14,0.732,18.17,18.2,18.2,1,0.51,OB170460
KMT-2017-BLG-1256,SAO32M0402.025902,18:14:08.92,-27:43:51.71,7931.79472,12.72,0.053,20.07,18.68,18.68,1,0.53,MB17342
KMT-2017-BLG-1257,BLG32M0503.057998,18:13:22.76,-27:30:51.80,7951.60637,26.5,0.044,20.01,20.0,20.21,1,0.51,OB171308
KMT-2017-BLG-1258,BLG32M0508.014532,18:13:30.25,-26:59:03.08,8008.78587,26.55,0.432,18.63,18.41,18.41,1,0.79,OB171596 MB17474
KMT-2017-BLG-1259,SSO32M0508.049292,18:13:29.75,-26:55:17.11,8005.49618,34.43,0.027,19.93,19.79,19.79,1,0.82,OB171683 MB17464
KMT-2017-BLG-1260,SAO32M0605.006225,18:13:01.15,-27:21:40.72,7907.75042,5.8,0.363,18.29,17.42,17.42,1,0.6,OB170965
KMT-2017-BLG-1261,BLG32M0605.038355,18:12:37.08,-27:20:21.08,7837.09126,17.26,0.587,19.16,19.18,19.18,1,0.65,OB170426
KMT-2017-BLG-1262,BLG32M0802.034941,18:11:51.18,-27:39:21.20,7809.60526,25.57,0.299,19.72,18.99,18.99,1,0.59,OB170257 MB17043
KMT-2017-BLG-1263,BLG32M0803.060321,18:11:41.72,-27:37:43.90,7984.77761,27.97,0.143,19.98,20.0,20.06,1,0.62,OB171587
KMT-2017-BLG-1264,SSO32M0805.055956,18:11:35.35,-27:21:42.41,7958.85312,109.55,0.113,19.41,19.7,19.7,1,0.7,MB17372
KMT-2017-BLG-1265,SAO32N0308.028708,18:14:29.70,-28:04:29.39,7978.3097,12.86,0.049,18.89,18.92,18.92,1,0.53,MB17422
KMT-2017-BLG-1266,BLG32N0404.043785,18:13:56.06,-28:35:20.62,8031.86961,18.61,0.212,19.57,19.53,19.53,1,0.44,
KMT-2017-BLG-1267,SSO32N0801.004063,18:11:34.29,-28:56:54.49,8048.22357,9.69,0.727,17.01,17.09,17.09,1,0.58,OB171834 MB17501
KMT-2017-BLG-1268,BLG32N0803.032075,18:11:49.35,-28:38:58.09,8028.29314,16.93,0.524,19.03,19.03,19.03,1,0.62,
KMT-2017-BLG-1269,BLG32N0804.009691,18:11:52.64,-28:32:16.80,8024.5242,37.3,0.296,19.18,17.86,17.86,1,0.58,
KMT-2017-BLG-1270,BLG32N0807.010699,18:11:45.06,-28:09:11.81,7883.2365,49.75,0.533,18.31,17.92,17.92,1,0.63,
KMT-2017-BLG-1271,SAO32T0101.011981,18:10:47.96,-28:55:05.09,8003.94515,19.74,0.724,18.27,18.13,18.13,1,0.78,MB17455
KMT-2017-BLG-1272,BLG32T0202.024498,18:10:08.42,-28:51:14.11,7909.6023,30.87,0.682,18.82,18.8,18.8,1,0.81,OB170941
KMT-2017-BLG-1273,BLG32T0204.047161,18:10:02.20,-28:34:07.39,7955.7126,45.17,0.283,20.53,19.58,19.58,1,1.0,
KMT-2017-BLG-1274,SSO32T0301.017502,18:09:50.75,-28:55:59.30,7937.49703,2.23,0.195,18.4,18.45,18.45,1,0.73,OB171251 MB17348
KMT-2017-BLG-1275,BLG32T0304.055701,18:09:49.02,-28:33:51.59,8018.95713,40.0,0.154,21.08,19.78,19.78,1,0.89,
KMT-2017-BLG-1276,BLG32T0304.061709,18:09:24.88,-28:33:10.69,7886.03654,36.29,0.099,20.58,20.0,20.0,1,0.9,OB170729
KMT-2017-BLG-1277,SAO32T0305.007376,18:09:50.08,-28:25:14.59,7978.63766,9.23,0.726,17.9,17.91,17.91,1,1.18,OB171513
KMT-2017-BLG-1278,SAO32T0307.021832,18:09:47.01,-28:10:36.01,7984.13973,31.81,0.467,18.78,18.64,18.64,1,0.89,OB171400
KMT-2017-BLG-1279,SAO32T0308.031060,18:09:51.08,-28:04:33.49,7856.30056,15.37,0.314,18.88,18.98,18.98,1,0.9,OB170499
KMT-2017-BLG-1280,BLG32T0402.008704,18:09:19.21,-28:47:45.10,7890.00439,37.64,0.6,19.07,17.75,17.75,1,0.78,OB170735
KMT-2017-BLG-1281,SAO32T0404.033048,18:09:01.18,-28:35:07.69,8036.57542,26.05,0.189,19.27,19.05,19.05,1,0.81,OB171794
KMT-2017-BLG-1282,SAO32T0504.019463,18:08:26.70,-28:36:29.48,7925.62699,19.32,0.858,18.47,18.46,18.46,1,0.89,OB171078 OB171151
KMT-2017-BLG-1283,BLG32T0505.010169,18:08:31.79,-28:23:14.21,7837.45056,43.65,0.218,19.07,18.01,18.01,1,1.12,OB170061
KMT-2017-BLG-1284,BLG32T0505.020927,18:08:24.49,-28:23:45.89,7873.16527,11.05,0.083,20.77,18.65,18.65,1,1.05,
KMT-2017-BLG-1285,SAO32T0506.010463,18:08:25.33,-28:15:44.71,7965.79606,7.23,0.335,18.01,18.06,18.06,1,0.92,OB171428 MB17408
KMT-2017-BLG-1286,BLG32T0701.000995,18:07:18.25,-28:56:48.70,8004.80035,33.0,0.452,17.57,15.08,15.08,1,0.85,OB171659 MB17451
KMT-2017-BLG-1287,BLG32T0704.048956,18:07:37.34,-28:35:24.50,7996.06998,10.79,0.4,19.39,19.47,19.47,1,0.98,OB171628
KMT-2017-BLG-1288,SAO32T0707.030033,18:07:35.04,-28:13:17.18,7847.28301,17.3,0.014,19.62,19.13,19.13,1,1.17,OB170424 MB17143
KMT-2017-BLG-1289,SAO32T0804.020561,18:06:59.07,-28:32:51.61,7955.12716,9.29,0.182,19.54,18.46,18.46,1,0.97,OB171380
KMT-2017-BLG-1290,SAO32T0807.000806,18:06:50.41,-28:08:17.92,7930.58944,30.69,0.768,15.53,14.99,14.99,1,1.2,OB170872 MB17268
KMT-2017-BLG-1291,BLG33K0307.044326,18:11:32.69,-29:07:08.51,7989.25844,37.92,0.098,21.07,19.61,19.61,1,0.68,
KMT-2017-BLG-1292,BLG33K0405.000890,18:11:21.33,-29:26:57.91,8032.8397,54.97,0.999,16.35,15.17,15.17,1,0.67,OB171632 MB17471
KMT-2017-BLG-1293,SAO33K0604.035815,18:10:09.60,-29:33:54.11,7928.62388,55.09,0.127,19.74,19.29,19.29,1,0.73,OB170874 MB17334
KMT-2017-BLG-1294,BLG33K0605.074850,18:09:51.37,-29:23:15.79,8002.91539,46.52,0.291,20.3,20.0,20.71,1,0.71,OB171633
KMT-2017-BLG-1295,BLG33K0704.015201,18:09:30.96,-29:36:07.31,7847.94472,21.53,0.242,18.36,18.42,18.42,1,0.63,OB170277 MB17146
KMT-2017-BLG-1296,BLG33M0106.010015,18:17:37.29,-29:15:38.59,7985.00836,39.51,0.454,18.5,18.52,18.52,2,0.33,
KMT-2017-BLG-1297,SAO33M0604.059674,18:14:50.94,-29:30:23.18,7900.21397,41.99,0.18,20.92,20.0,20.61,1,0.52,
KMT-2017-BLG-1298,BLG33M0708.002512,18:14:18.22,-28:59:40.99,7904.62134,21.29,0.253,18.41,16.67,16.67,1,0.48,MB17269
KMT-2017-BLG-1299,SAO33M0801.036299,18:13:25.06,-29:55:32.81,7862.29598,12.97,0.171,19.94,19.83,19.83,1,0.51,
KMT-2017-BLG-1300,BLG33N0606.022000,18:14:46.03,-30:22:13.44,7872.90025,51.38,0.085,20.32,18.33,18.33,2,0.59,
KMT-2017-BLG-1301,SAO33N0706.012365,18:14:18.54,-30:23:52.98,7983.71564,13.71,0.11,19.47,18.97,18.97,2,0.61,
KMT-2017-BLG-1302,SAO33N0801.009964,18:13:50.56,-31:01:54.98,7976.24495,87.16,0.1,18.47,18.35,18.35,4,0.43,
KMT-2017-BLG-1303,BLG33T0201.016107,18:11:58.21,-31:02:26.41,7854.99124,62.61,0.05,21.59,18.83,18.83,1,0.44,
KMT-2017-BLG-1304,SAO33T0502.007038,18:10:41.17,-30:52:33.60,8027.85449,40.18,0.43,18.04,18.0,18.0,1,0.56,OB171582
KMT-2017-BLG-1305,SAO33T0704.007978,18:09:24.65,-30:36:43.81,7968.17315,69.75,0.379,19.04,18.08,18.08,1,0.71,OB171168
KMT-2017-BLG-1306,BLG33T0707.042115,18:09:16.20,-30:18:39.49,7850.68196,57.86,0.209,20.37,19.7,19.7,1,0.73,
KMT-2017-BLG-1307,SSO33T0708.000296,18:09:11.78,-30:09:25.42,7895.14912,14.04,0.033,19.05,14.38,14.38,1,0.71,
KMT-2017-BLG-1308,SAO34K0206.000996,18:02:53.06,-31:26:45.38,7869.16752,79.17,0.996,15.56,15.24,15.24,1,0.96,OB170127 MB17018
KMT-2017-BLG-1309,BLG34K0407.010714,18:01:42.99,-31:16:59.20,8045.70073,9.26,0.019,18.38,18.41,18.41,1,1.2,OB171832 MB17499
KMT-2017-BLG-1310,SAO34K0507.042081,18:01:15.16,-31:14:46.28,7961.64338,20.76,0.033,21.07,19.73,19.73,1,1.36,OB171443
KMT-2017-BLG-1311,SAO34K0508.001457,18:01:12.12,-31:07:23.41,7985.57398,27.13,0.877,16.88,15.76,15.76,1,1.44,OB171534 MB17432
KMT-2017-BLG-1312,SAO34K0607.038367,18:00:32.27,-31:19:49.80,7998.99804,71.8,0.101,20.23,19.52,19.52,1,1.23,OB171510 MB17445
KMT-2017-BLG-1313,BLG34K0702.033598,18:00:08.40,-31:55:59.41,8013.30654,27.83,0.072,19.62,19.41,19.41,1,1.14,OB171676
KMT-2017-BLG-1314,SAO34K0705.015613,18:00:12.32,-31:34:53.69,7925.46183,14.04,0.351,18.78,18.82,18.82,1,1.32,OB171103 MB17329
KMT-2017-BLG-1315,BLG34K0707.064650,18:00:01.18,-31:15:00.61,8047.0384,131.22,0.011,22.38,20.0,20.27,1,1.36,
KMT-2017-BLG-1316,BLG34K0802.006837,17:59:38.38,-31:58:18.30,7875.39347,45.34,0.547,18.14,18.21,18.21,1,1.31,OB170316
KMT-2017-BLG-1317,SAO34K0804.009699,17:59:17.87,-31:43:48.40,7880.75996,7.63,0.544,18.54,18.57,18.57,1,1.67,OB170680
KMT-2017-BLG-1318,BLG34K0807.010106,17:59:44.88,-31:16:41.02,8006.61417,29.15,0.345,18.72,18.51,18.51,1,1.51,OB171580 MB17446
KMT-2017-BLG-1319,BLG34M0108.001223,18:08:20.21,-31:12:57.10,7832.52839,27.93,0.136,18.52,15.78,15.78,1,0.66,MB17112
KMT-2017-BLG-1320,SAO34M0308.063039,18:07:09.11,-31:07:00.59,7975.19576,56.23,0.083,21.66,20.0,20.84,1,0.73,
KMT-2017-BLG-1321,BLG34M0507.000490,18:06:20.77,-31:14:19.79,7992.62024,13.72,0.698,14.95,14.98,14.98,1,0.95,OB171533 MB17416
KMT-2017-BLG-1322,SAO34M0603.026263,18:05:40.40,-31:45:11.92,7891.0243,10.33,0.897,19.12,19.16,19.16,1,0.69,
KMT-2017-BLG-1323,BLG34M0605.002858,18:05:30.03,-31:33:01.58,8044.9726,50.46,0.911,19.07,16.91,16.91,1,0.95,OB171768
KMT-2017-BLG-1324,SAO34M0801.041066,18:04:24.73,-32:01:47.78,7897.74454,36.36,0.116,21.2,19.94,19.94,1,1.11,
KMT-2017-BLG-1325,SAO34M0803.009188,18:04:17.52,-31:50:51.61,8029.00096,199.92,0.059,19.87,18.11,18.11,1,0.88,MB17481
KMT-2017-BLG-1326,BLG34M0806.006432,18:04:10.27,-31:27:41.29,7863.28705,10.45,0.769,18.11,18.19,18.19,1,1.15,OB170529
KMT-2017-BLG-1327,SSO34N0206.012478,18:08:07.28,-32:34:37.99,7999.11035,71.41,0.017,18.71,18.88,18.88,1,0.89,
KMT-2017-BLG-1328,SAO34N0503.000585,18:06:21.23,-32:54:17.39,8024.26622,8.03,0.901,15.4,15.09,15.09,1,0.66,MB17491
KMT-2017-BLG-1329,SAO34N0601.021062,18:05:39.78,-33:06:45.22,7995.13801,53.28,0.399,19.11,19.33,19.33,1,0.72,
KMT-2017-BLG-1330,SAO34N0707.049639,18:05:08.87,-32:22:24.89,7850.70025,163.5,0.033,20.47,20.0,20.31,1,0.89,
KMT-2017-BLG-1331,SAO34N0804.013204,18:04:26.06,-32:47:34.40,7984.60294,20.32,0.572,18.68,18.72,18.72,1,0.85,OB171545
KMT-2017-BLG-1332,BLG34T0108.052718,18:03:32.90,-32:14:32.32,7858.55832,35.29,0.198,20.47,20.0,20.32,1,1.06,OB170497
KMT-2017-BLG-1333,BLG34T0403.031754,18:01:40.29,-32:55:40.19,7869.97149,32.12,0.214,19.96,19.59,19.59,1,1.06,
KMT-2017-BLG-1334,SAO34T0408.000588,18:01:41.25,-32:15:47.41,8048.23898,41.12,0.323,17.49,15.04,15.04,1,1.05,OB171833 MB17494
KMT-2017-BLG-1335,BLG34T0601.000918,18:00:21.41,-33:08:35.02,7883.74443,15.68,0.476,16.11,15.63,15.63,1,1.22,OB170554 MB17165
KMT-2017-BLG-1336,BLG34T0602.022593,18:00:29.74,-33:03:00.22,7851.53227,30.65,0.764,19.42,19.15,19.15,1,0.92,OB170432
KMT-2017-BLG-1337,BLG34T0603.026439,18:00:26.98,-32:56:55.21,7842.89171,8.53,0.166,19.49,19.27,19.27,1,0.9,OB170435 MB17135
KMT-2017-BLG-1338,SAO34T0607.015935,18:00:16.53,-32:23:33.90,7844.27829,7.4,0.766,18.68,18.66,18.66,1,1.02,OB170458
KMT-2017-BLG-1339,SSO34T0706.000883,17:59:44.18,-32:34:48.22,7981.44249,22.13,0.038,19.67,15.52,15.52,1,1.2,OB171585 MB17424
KMT-2017-BLG-1340,BLG34T0707.013935,18:00:13.92,-32:23:09.71,7927.33852,45.81,0.013,18.37,18.77,18.77,1,1.02,OB170722 MB17289
KMT-2017-BLG-1341,SAO34T0806.019921,17:59:18.54,-32:35:21.98,7929.72765,15.08,0.026,21.32,18.96,18.96,1,1.09,MB17337
KMT-2017-BLG-1342,BLG35K0308.001150,18:02:49.10,-24:48:07.67,7806.29312,63.5,0.457,18.19,17.39,17.39,2,4.09,
KMT-2017-BLG-1343,BLG35M0104.000821,18:08:37.95,-25:17:58.31,7939.80295,15.18,0.725,15.49,15.38,15.38,1,1.76,OB171136 MB17317
KMT-2017-BLG-1344,BLG35M0201.030077,18:08:18.16,-25:44:54.60,7812.49758,28.88,0.253,19.05,19.14,19.14,1,1.56,OB170110 MB17059
KMT-2017-BLG-1345,SSO35M0202.027801,18:08:07.62,-25:34:03.90,7874.55595,40.86,0.013,21.09,19.27,19.27,1,1.63,
KMT-2017-BLG-1346,BLG35M0302.052527,18:07:36.91,-25:34:00.30,7954.22106,29.55,0.102,20.09,19.9,19.9,1,1.53,OB171311
KMT-2017-BLG-1347,BLG35M0608.003968,18:05:47.71,-24:50:58.60,7826.25301,49.97,0.588,18.56,18.05,18.05,4,3.51,
KMT-2017-BLG-1348,SAO35N0102.040320,18:08:51.95,-26:41:29.80,7932.97378,25.85,0.068,21.14,19.7,19.7,1,1.36,
KMT-2017-BLG-1349,SSO35N0103.019958,18:08:53.73,-26:36:04.72,8015.36985,72.54,0.078,18.82,18.82,18.82,1,1.16,OB171332
KMT-2017-BLG-1350,SAO35N0108.053162,18:08:29.69,-25:54:05.51,7827.00909,22.38,0.066,19.7,19.88,19.88,1,1.36,OB170239 MB17086
KMT-2017-BLG-1351,SAO35N0202.003428,18:08:11.96,-26:43:17.11,7912.52545,12.0,0.197,16.62,16.62,16.62,1,1.08,OB170870 MB17296
KMT-2017-BLG-1352,BLG35N0206.019991,18:08:14.66,-26:12:19.12,7827.74035,28.8,0.547,18.96,19.07,19.07,1,1.54,OB170193
KMT-2017-BLG-1353,SAO35N0208.033699,18:08:18.26,-25:55:56.71,7972.45607,40.39,0.083,20.65,19.29,19.29,1,1.32,OB171514
KMT-2017-BLG-1354,BLG35N0303.005129,18:07:36.03,-26:36:07.49,7898.25906,12.12,0.731,17.14,17.12,17.12,1,1.21,OB170832
KMT-2017-BLG-1355,SSO35N0305.003306,18:07:49.82,-26:21:29.48,7919.77947,20.29,0.064,16.69,16.75,16.75,1,1.47,OB170727 MB17280
KMT-2017-BLG-1356,SAO35N0402.071702,18:06:48.67,-26:42:46.12,7975.62878,83.96,0.064,21.0,19.93,19.93,1,0.88,
KMT-2017-BLG-1357,SAO35N0403.032604,18:07:11.49,-26:35:56.11,7891.14497,47.16,0.382,19.69,18.99,18.99,1,1.24,
KMT-2017-BLG-1358,BLG35N0501.030561,18:06:45.00,-26:52:03.11,8029.10935,18.7,0.309,18.78,18.77,18.77,1,0.93,OB171736
KMT-2017-BLG-1359,SSO35N0503.056558,18:06:16.42,-26:38:22.88,8002.85448,36.27,0.042,20.69,19.72,19.72,1,1.17,OB171627 MB17463
KMT-2017-BLG-1360,BLG35N0603.053826,18:05:56.16,-26:33:26.21,7916.74459,20.59,0.045,21.37,19.9,19.9,1,1.6,
KMT-2017-BLG-1361,SAO35N0605.011690,18:05:49.69,-26:16:35.80,7998.38148,12.88,0.096,20.29,18.43,18.43,1,2.04,
KMT-2017-BLG-1362,SSO35N0702.022493,18:05:05.33,-26:39:38.20,7881.21227,22.96,0.034,18.79,18.97,18.97,1,1.56,OB170616 MB17218
KMT-2017-BLG-1363,BLG35N0801.023270,18:04:43.76,-26:49:34.72,8015.14424,36.73,0.41,19.05,18.72,18.72,1,1.42,
KMT-2017-BLG-1364,BLG35T0101.001794,18:03:44.98,-26:46:56.10,8021.90217,20.31,0.751,16.33,16.34,16.34,2,1.97,OB171681 MB17487
KMT-2017-BLG-1365,BLG35T0104.000632,18:03:59.91,-26:28:44.54,8038.57945,37.11,0.467,16.15,16.16,16.16,2,2.54,OB171808 MB17469
KMT-2017-BLG-1366,BLG35T0104.007787,18:04:14.12,-26:24:32.80,8041.90377,53.64,0.265,19.65,19.02,19.02,2,2.56,OB171809
KMT-2017-BLG-1367,BLG35T0201.001861,18:03:28.22,-26:51:23.51,7830.99213,12.14,0.567,16.37,16.1,16.1,1,1.68,OB170230 MB17078
KMT-2017-BLG-1368,BLG35T0202.005472,18:03:30.30,-26:40:32.34,7806.67541,59.47,0.248,19.88,18.06,18.06,2,2.23,OB170119
KMT-2017-BLG-1369,BLG35T0301.019465,18:02:40.65,-26:49:44.40,7945.26506,11.02,0.513,19.23,19.26,19.26,1,2.07,
KMT-2017-BLG-1370,SAO35T0703.000627,18:00:22.46,-26:36:17.57,7859.31422,27.98,0.729,17.89,16.73,16.73,2,4.06,
KMT-2017-BLG-1371,SAO35T0807.007861,18:00:11.93,-26:07:03.18,7895.60765,86.26,0.119,19.22,18.59,18.59,2,3.81,OB170441
KMT-2017-BLG-1372,SAO36K0401.000875,18:13:48.87,-23:37:59.16,8003.31065,27.38,0.699,16.05,16.06,16.06,4,1.61,
KMT-2017-BLG-1373,SAO36M0202.039568,18:19:34.19,-23:31:48.40,7918.07477,23.99,0.11,19.74,20.0,20.25,1,1.15,MB17310
KMT-2017-BLG-1374,SAO36M0304.009172,18:18:53.78,-23:10:29.89,7906.89062,13.2,0.364,18.72,18.56,18.56,1,1.33,
KMT-2017-BLG-1375,SAO36M0505.008667,18:17:43.05,-23:08:41.50,8000.67624,14.75,0.073,19.89,18.29,18.29,1,1.2,MB17458
KMT-2017-BLG-1376,BLG36M0603.021015,18:17:34.86,-23:20:27.71,7985.29779,15.56,0.262,20.44,19.02,19.02,1,1.12,
KMT-2017-BLG-1377,BLG36N0102.000695,18:20:08.66,-24:33:47.02,7887.07994,35.49,0.876,15.74,15.23,15.23,1,0.93,MB17144
KMT-2017-BLG-1378,BLG36N0103.026329,18:20:06.52,-24:27:00.11,7902.97932,14.5,0.342,19.49,19.6,19.6,1,0.92,
KMT-2017-BLG-1379,BLG36N0202.015215,18:19:20.33,-24:34:55.09,7943.31632,54.85,0.307,18.83,18.78,18.78,1,1.03,MB17364
KMT-2017-BLG-1380,SAO36N0402.003977,18:18:16.16,-24:37:34.28,7819.24381,29.51,0.085,19.47,17.36,17.36,1,0.87,
KMT-2017-BLG-1381,BLG36N0501.004119,18:17:49.26,-24:45:26.10,7952.35697,31.07,0.836,17.39,17.47,17.47,1,0.98,
KMT-2017-BLG-1382,SAO36N0604.001067,18:17:31.65,-24:22:00.80,7840.07775,28.45,0.493,15.5,15.53,15.53,1,1.06,MB17041
KMT-2017-BLG-1383,BLG36N0701.000759,18:16:57.22,-24:43:37.81,7807.13245,52.34,0.833,17.35,15.44,15.44,1,1.36,OB161400 MB16514
KMT-2017-BLG-1384,SAO36T0603.006410,18:12:52.92,-24:31:32.56,7946.84676,52.81,0.319,19.1,19.03,19.03,4,1.99,OB170922
KMT-2017-BLG-1385,BLG36T0605.007679,18:12:51.60,-24:15:15.98,7833.11466,23.76,0.192,20.16,19.33,19.33,4,2.1,
KMT-2017-BLG-1386,SAO36T0608.010680,18:12:36.93,-23:49:36.48,7949.00921,48.91,0.239,19.77,19.71,19.71,4,2.28,
KMT-2017-BLG-1387,SSO37K0304.001580,17:42:47.99,-34:48:50.58,8006.34824,108.32,0.084,20.43,16.72,16.72,2,2.04,OB171686
KMT-2017-BLG-1388,BLG37K0304.002171,17:42:40.42,-34:54:40.28,8022.74581,11.38,0.483,17.0,17.02,17.02,2,2.15,OB171770
KMT-2017-BLG-1389,SSO37K0305.011152,17:43:09.59,-34:41:31.60,7865.01772,17.21,0.035,21.21,17.84,17.84,2,1.57,
KMT-2017-BLG-1390,SSO37K0307.012082,17:42:52.72,-34:26:43.91,7992.34822,64.59,0.007,19.42,18.62,18.62,1,1.88,
KMT-2017-BLG-1391,BLG37K0307.039697,17:42:35.74,-34:28:09.70,7829.24836,68.46,0.107,20.16,20.0,20.09,1,1.84,
KMT-2017-BLG-1392,SAO37K0402.002928,17:42:29.44,-35:06:48.35,7947.39719,51.01,0.028,19.94,16.97,16.97,2,1.49,OB171242
KMT-2017-BLG-1393,BLG37K0402.005095,17:42:05.96,-35:03:49.93,7843.16639,5.72,0.247,19.72,17.66,17.66,2,1.62,
KMT-2017-BLG-1394,BLG37K0405.008083,17:42:14.12,-34:43:02.68,7804.19969,44.66,0.274,20.27,19.14,19.14,2,1.86,
KMT-2017-BLG-1395,BLG37K0601.007050,17:40:54.82,-35:16:23.92,8024.27627,58.45,0.461,19.61,18.57,18.57,2,1.82,OB171706
KMT-2017-BLG-1396,BLG37K0606.015806,17:40:54.63,-34:37:03.50,7831.26262,28.12,0.036,21.13,19.88,19.88,2,2.54,OB170364
KMT-2017-BLG-1397,BLG37K0607.001443,17:40:49.43,-34:26:16.30,7805.7265,49.36,0.442,17.57,16.55,16.55,2,2.25,OB170207
KMT-2017-BLG-1398,BLG37K0704.009249,17:40:11.04,-34:54:56.23,7837.18534,26.67,0.334,19.85,19.76,19.76,2,2.22,OB170363
KMT-2017-BLG-1399,BLG37K0801.015389,17:39:43.72,-35:11:05.93,7847.41415,25.18,0.257,19.56,19.77,19.77,2,1.91,
KMT-2017-BLG-1400,BLG37K0803.007403,17:40:00.82,-35:01:17.18,8000.23408,23.52,0.356,19.11,18.62,18.62,2,1.94,OB171646
KMT-2017-BLG-1401,BLG37K0806.002511,17:40:06.71,-34:36:01.66,7905.28017,24.97,0.94,17.99,17.96,17.96,2,2.7,OB170772
KMT-2017-BLG-1402,BLG37K0806.005042,17:40:03.04,-34:35:36.74,7892.41404,89.39,0.152,18.66,18.33,18.33,2,2.7,OB170303
KMT-2017-BLG-1403,BLG37M0104.026898,17:49:26.33,-34:53:49.99,7914.54694,14.81,0.102,20.51,18.99,18.99,1,0.9,OB171067
KMT-2017-BLG-1404,SSO37M0204.001865,17:48:40.27,-34:51:14.69,8047.37203,51.64,0.719,17.27,15.88,15.88,1,1.12,OB171720 MB17508
KMT-2017-BLG-1405,BLG37M0303.014957,17:48:19.80,-34:57:20.92,7996.6582,34.86,0.201,18.57,18.48,18.48,1,1.08,OB171607 MB17438
KMT-2017-BLG-1406,BLG37M0306.026675,17:48:06.60,-34:40:02.78,7947.01621,18.53,0.179,20.03,19.2,19.2,1,1.25,OB171287 MB17367
KMT-2017-BLG-1407,BLG37M0403.070767,17:47:25.01,-34:56:29.00,7929.06458,19.53,0.037,20.22,20.0,20.24,1,0.96,OB171174 MB17332
KMT-2017-BLG-1408,SAO37M0404.077322,17:47:23.57,-34:49:49.12,7867.7046,29.69,0.024,19.98,20.0,20.35,1,0.96,OB170768 MB17190
KMT-2017-BLG-1409,SAO37M0603.012809,17:46:19.63,-35:00:51.52,8007.80536,67.46,0.076,19.14,18.53,18.53,1,1.35,OB171448 MB17466
KMT-2017-BLG-1410,BLG37M0604.036806,17:46:04.91,-34:50:46.61,7945.06418,19.82,0.396,20.28,19.57,19.57,1,1.47,OB171359
KMT-2017-BLG-1411,BLG37M0607.012657,17:46:22.90,-34:25:58.40,8012.80749,137.07,0.038,20.68,18.66,18.66,1,1.63,OB171267
KMT-2017-BLG-1412,BLG37M0607.017665,17:46:10.41,-34:27:24.70,7787.87461,26.61,0.11,18.93,18.99,18.99,1,1.8,MB17003
KMT-2017-BLG-1413,BLG37M0701.023400,17:45:22.11,-35:11:59.78,7907.14852,29.94,0.295,19.02,18.98,18.98,1,1.22,OB170900
KMT-2017-BLG-1414,BLG37M0807.035540,17:45:04.36,-34:25:24.10,7861.68925,54.12,0.375,19.58,19.59,19.59,1,1.5,OB170449
KMT-2017-BLG-1415,BLG37N0102.037221,17:49:27.53,-36:10:32.20,7990.0769,71.01,0.065,20.4,19.95,19.95,1,1.01,
KMT-2017-BLG-1416,BLG37N0104.043290,17:49:08.63,-36:01:14.30,7850.81914,27.89,0.487,20.46,19.89,19.89,1,0.93,
KMT-2017-BLG-1417,SAO37N0105.014668,17:49:25.64,-35:54:04.00,7894.26928,9.78,0.5,19.87,18.7,18.7,1,0.85,
KMT-2017-BLG-1418,BLG37N0108.025812,17:49:19.31,-35:27:42.59,8000.26256,25.16,0.2,21.56,19.43,19.43,1,1.17,
KMT-2017-BLG-1419,SSO37N0302.001458,17:48:18.10,-36:16:48.68,7840.33882,10.0,0.437,15.88,15.9,15.9,1,1.03,
KMT-2017-BLG-1420,BLG37N0304.001135,17:48:06.93,-35:59:15.50,8017.48344,50.9,0.262,20.37,15.6,15.6,1,0.95,
KMT-2017-BLG-1421,SAO37N0306.015390,17:47:58.68,-35:44:09.38,7923.6825,19.78,0.509,18.83,18.7,18.7,1,1.0,OB171061
KMT-2017-BLG-1422,BLG37N0608.043521,17:45:58.56,-35:27:55.30,7970.16049,13.46,0.212,19.95,20.0,20.03,1,1.27,
KMT-2017-BLG-1423,SAO37N0701.018224,17:45:35.62,-36:25:18.98,8010.62676,27.36,0.187,19.74,19.44,19.44,1,1.67,
KMT-2017-BLG-1424,BLG37T0307.011676,17:42:36.63,-35:38:28.21,7997.30434,33.08,0.163,20.74,19.46,19.46,2,2.1,OB171644
KMT-2017-BLG-1425,SAO37T0401.007906,17:42:12.70,-36:19:26.87,7980.33795,52.78,0.159,19.22,19.31,19.31,2,1.72,
KMT-2017-BLG-1426,SAO37T0701.009686,17:40:36.72,-36:22:35.15,7889.57713,44.88,0.142,21.29,20.0,20.88,2,2.28,
KMT-2017-BLG-1427,BLG37T0807.002440,17:39:57.50,-35:35:10.46,8016.41937,199.2,0.059,21.57,17.13,17.13,2,2.05,
KMT-2017-BLG-1428,BLG37T0807.017021,17:39:30.51,-35:32:48.05,7908.19459,24.74,0.353,19.99,20.0,20.35,2,2.07,
KMT-2017-BLG-1429,BLG38K0105.012952,17:54:29.84,-21:58:27.80,7843.74902,63.08,0.16,20.55,19.59,19.59,4,2.3,
KMT-2017-BLG-1430,SAO38K0208.000655,17:54:20.34,-21:32:00.78,7869.85162,19.46,0.995,15.55,15.56,15.56,4,2.02,
KMT-2017-BLG-1431,BLG38K0401.015892,17:53:05.02,-22:24:58.72,7946.96116,48.91,0.072,21.36,19.08,19.08,1,2.22,
KMT-2017-BLG-1432,SAO38K0504.004895,17:52:39.90,-22:04:35.54,7956.62834,110.16,0.089,20.56,18.03,18.03,4,2.36,
KMT-2017-BLG-1433,BLG38M0505.002682,17:57:09.11,-21:52:48.00,7867.95693,27.06,0.692,17.68,17.7,17.7,4,3.6,
KMT-2017-BLG-1434,SAO38M0804.012423,17:55:18.01,-22:03:02.20,7975.19775,26.86,0.261,20.43,19.61,19.61,4,2.75,
KMT-2017-BLG-1435,BLG38N0402.007440,17:57:40.70,-23:25:29.78,8010.04943,52.4,0.553,19.3,19.34,19.34,4,4.8,
KMT-2017-BLG-1436,BLG38N0608.004218,17:56:14.38,-22:38:55.14,7834.88807,23.41,0.101,20.55,19.61,19.61,4,4.72,
KMT-2017-BLG-1437,SSO38T0105.002079,17:54:29.67,-23:01:18.41,8043.58583,90.02,0.178,19.42,17.0,17.0,4,3.13,
KMT-2017-BLG-1438,BLG38T0407.001153,17:53:00.62,-22:47:40.81,8027.92508,37.52,0.816,16.01,16.01,16.01,1,2.3,
KMT-2017-BLG-1439,SAO38T0606.005997,17:52:03.62,-22:52:20.86,7965.93554,61.06,0.686,17.81,17.86,17.86,4,2.03,
KMT-2017-BLG-1440,SAO38T0606.018386,17:51:49.62,-22:57:52.78,7985.32547,184.48,0.011,22.82,19.55,19.55,4,2.3,
KMT-2017-BLG-1441,BLG38T0607.021666,17:51:39.27,-22:46:11.32,7966.1084,46.77,0.088,20.08,19.35,19.35,1,1.9,
KMT-2017-BLG-1442,SAO38T0702.001803,17:51:16.19,-23:21:15.66,7919.9023,33.42,0.337,19.0,16.29,16.29,4,2.25,
KMT-2017-BLG-1443,SAO38T0704.013699,17:51:24.56,-23:10:08.15,7910.94779,32.09,0.372,19.97,19.15,19.15,4,2.51,
KMT-2017-BLG-1444,BLG38T0706.011387,17:51:34.67,-22:50:50.82,7834.86171,41.19,0.179,18.9,18.66,18.66,4,2.09,
KMT-2017-BLG-1445,BLG38T0806.013975,17:50:44.00,-22:55:50.16,7848.20265,24.59,0.178,19.56,19.31,19.31,4,2.19,
KMT-2017-BLG-1446,BLG38T0807.004573,17:50:37.16,-22:45:10.19,8007.97443,33.27,0.881,17.78,17.79,17.79,1,2.19,
KMT-2017-BLG-1447,BLG41K0101.065940,17:53:45.23,-31:05:34.19,7981.94406,25.52,0.095,20.03,20.0,20.26,1,1.97,OB171546
KMT-2017-BLG-1448,SAO41K0101.070219,17:53:37.10,-31:08:50.71,7972.9098,6.49,0.478,19.99,20.0,20.37,1,2.04,
KMT-2017-BLG-1449,BLG41K0102.007055,17:53:28.96,-30:58:17.51,7913.33584,45.94,0.749,17.34,17.32,17.32,1,1.85,OB170525 MB17235
KMT-2017-BLG-1450,BLG41K0102.011210,17:53:28.36,-31:02:25.69,8028.91228,10.11,0.79,19.57,18.11,18.11,1,2.02,
KMT-2017-BLG-1451,BLG41K0102.011465,17:53:34.88,-31:04:38.10,7888.7626,33.26,0.715,18.58,18.14,18.14,1,2.11,
KMT-2017-BLG-1452,SSO41K0103.072901,17:53:51.91,-30:52:06.38,8023.67465,9.14,0.03,19.85,20.0,20.32,1,1.9,OB171796
KMT-2017-BLG-1453,BLG41K0104.078557,17:53:38.69,-30:48:03.71,7912.84918,48.78,0.199,21.66,20.0,20.79,1,1.96,
KMT-2017-BLG-1454,BLG41K0105.019181,17:53:50.51,-30:36:55.19,7942.3939,18.14,0.274,20.62,18.82,18.82,1,1.54,
KMT-2017-BLG-1455,BLG41K0202.006377,17:53:17.78,-30:57:18.00,7937.30479,36.45,0.099,22.02,17.18,17.18,1,1.83,
KMT-2017-BLG-1456,BLG41K0202.033211,17:53:15.58,-31:03:27.68,8030.22008,9.58,0.142,19.62,19.31,19.31,1,2.24,OB171797
KMT-2017-BLG-1457,BLG41K0203.025784,17:53:22.06,-30:52:18.41,8026.4884,13.77,0.031,18.64,18.77,18.77,1,1.64,OB171743 MB17489
KMT-2017-BLG-1458,BLG41K0203.084838,17:53:07.26,-30:51:14.69,8018.82885,10.13,0.225,20.04,20.0,20.17,1,1.57,
KMT-2017-BLG-1459,BLG41K0204.004980,17:52:51.24,-30:45:02.48,7907.87829,40.61,0.267,19.78,16.77,16.77,1,1.84,
KMT-2017-BLG-1460,SAO41K0204.065245,17:53:22.49,-30:48:15.80,7886.43187,12.79,0.281,20.26,20.0,20.06,1,1.84,
KMT-2017-BLG-1461,BLG41K0301.005302,17:52:46.12,-31:04:50.20,8047.19855,55.59,0.294,19.77,17.0,17.0,1,2.11,
KMT-2017-BLG-1462,BLG41K0302.033622,17:52:46.06,-30:59:56.29,8006.39875,13.4,0.196,19.68,19.39,19.39,1,1.98,OB171701
KMT-2017-BLG-1463,BLG41K0303.019074,17:52:36.33,-30:55:39.00,7970.17017,21.14,0.015,20.03,18.67,18.67,1,1.88,OB171478 MB17415
KMT-2017-BLG-1464,SAO41K0303.029359,17:52:32.34,-30:49:54.30,7890.33718,75.56,0.211,19.97,19.1,19.1,1,1.91,OB170603
KMT-2017-BLG-1465,BLG41K0304.069404,17:52:45.43,-30:45:49.61,7871.00634,9.14,0.153,21.02,19.97,19.97,1,1.84,
KMT-2017-BLG-1466,SAO41K0305.009479,17:52:22.76,-30:41:03.01,7968.24663,20.92,0.065,18.42,17.81,17.81,1,1.79,OB171309 MB17405
KMT-2017-BLG-1467,BLG41K0305.014402,17:52:31.51,-30:40:51.71,7959.6192,25.7,0.274,19.85,18.44,18.44,1,1.79,OB171383
KMT-2017-BLG-1468,BLG41K0305.016180,17:52:29.86,-30:38:55.50,8000.18162,61.7,0.302,20.54,18.6,18.6,1,1.95,OB171638
KMT-2017-BLG-1469,SAO41K0306.038550,17:52:34.45,-30:30:51.59,7975.33108,27.22,0.029,22.71,19.78,19.78,1,2.69,OB171536
KMT-2017-BLG-1470,SAO41K0307.006317,17:52:26.66,-30:21:22.61,7975.72071,26.99,0.56,17.33,17.0,17.0,1,2.27,OB171273
KMT-2017-BLG-1471,BLG41K0307.025763,17:52:27.01,-30:22:22.58,7859.39865,21.96,0.132,20.87,19.15,19.15,1,2.27,OB170472
KMT-2017-BLG-1472,SAO41K0307.040077,17:52:30.76,-30:22:47.39,7881.11435,20.19,0.295,19.86,19.69,19.69,1,2.25,OB170630
KMT-2017-BLG-1473,BLG41K0307.047614,17:52:24.00,-30:26:02.18,7834.86267,8.05,0.314,20.77,19.93,19.93,1,2.44,OB170371
KMT-2017-BLG-1474,SAO41K0401.012211,17:51:47.66,-31:10:29.50,7950.84386,5.6,0.159,18.49,18.4,18.4,1,2.36,OB171340
KMT-2017-BLG-1475,BLG41K0401.025807,17:51:37.55,-31:06:08.78,7822.29139,6.61,0.611,19.31,19.31,19.31,1,2.26,OB170291
KMT-2017-BLG-1476,SAO41K0401.059926,17:51:46.09,-31:11:39.70,7960.13231,18.13,0.164,21.14,20.0,20.23,1,2.61,OB171424
KMT-2017-BLG-1477,SAO41K0403.067848,17:52:07.12,-30:55:57.50,7893.70902,32.91,0.554,19.83,20.0,20.42,1,2.41,OB170753
KMT-2017-BLG-1478,BLG41K0406.011252,17:51:50.46,-30:31:26.11,7874.7004,8.05,0.622,18.9,18.23,18.23,1,3.01,OB170757
KMT-2017-BLG-1479,BLG41K0406.015241,17:52:06.38,-30:27:59.00,7835.49527,17.71,0.008,23.01,18.7,18.7,1,2.2,
KMT-2017-BLG-1480,BLG41K0406.066823,17:51:48.04,-30:34:02.89,7852.63783,26.95,0.294,20.87,20.0,20.66,1,2.95,
KMT-2017-BLG-1481,BLG41K0505.034849,17:51:07.19,-30:35:08.59,7835.86487,19.33,0.672,19.71,19.76,19.76,1,2.66,OB170336
KMT-2017-BLG-1482,BLG41K0507.050354,17:51:30.83,-30:21:27.29,8009.7221,15.83,0.115,20.89,20.0,20.53,1,2.57,OB171716
KMT-2017-BLG-1483,BLG41K0605.004380,17:50:49.48,-30:35:53.48,7814.51314,26.87,0.266,20.57,16.81,16.81,1,2.52,OB170177
KMT-2017-BLG-1484,SAO41K0606.053183,17:50:58.42,-30:27:56.09,7925.59994,41.28,0.278,19.94,20.0,20.31,1,2.59,OB170921
KMT-2017-BLG-1485,BLG41K0607.047007,17:50:44.04,-30:22:38.10,7846.96916,32.34,0.108,22.33,20.0,20.24,1,2.69,
KMT-2017-BLG-1486,BLG41K0705.011672,17:50:06.43,-30:38:37.28,8001.79379,7.85,0.672,18.22,18.22,18.22,1,2.67,OB171661
KMT-2017-BLG-1487,BLG41K0706.014170,17:50:15.84,-30:32:15.50,7909.86627,114.64,0.096,21.58,18.48,18.48,1,2.52,OB170880
KMT-2017-BLG-1488,SAO41K0706.042736,17:49:59.97,-30:31:25.28,7899.76586,22.33,0.199,21.67,19.95,19.95,1,2.77,
KMT-2017-BLG-1489,BLG41K0707.031323,17:50:13.24,-30:24:04.39,7935.97241,142.27,0.029,20.19,19.98,19.98,1,2.99,OB170631
KMT-2017-BLG-1490,BLG41K0804.004456,17:49:50.19,-30:44:35.92,8043.94558,13.02,0.534,18.98,17.63,17.63,1,2.98,
KMT-2017-BLG-1491,SAO41K0804.039696,17:49:20.52,-30:46:21.11,7925.54491,1.61,0.5,19.95,20.0,20.75,1,3.69,
KMT-2017-BLG-1492,SAO41K0805.029201,17:49:45.20,-30:38:38.51,7888.31242,2.73,0.296,19.78,19.86,19.86,1,2.77,
KMT-2017-BLG-1493,SAO41K0807.025860,17:49:39.16,-30:26:21.98,7920.32399,22.67,0.203,21.14,20.0,20.33,1,3.5,OB171123
KMT-2017-BLG-1494,BLG41K0808.003052,17:49:42.73,-30:14:27.31,7845.33341,24.0,0.606,17.27,17.29,17.29,1,3.43,OB170172
KMT-2017-BLG-1495,BLG41M0101.017357,17:58:25.06,-31:05:09.82,7839.71783,12.69,0.204,19.61,19.03,19.03,1,1.55,OB170378 MB17125
KMT-2017-BLG-1496,BLG41M0107.007867,17:58:34.92,-30:25:02.71,8004.40691,50.93,0.041,20.98,18.12,18.12,1,2.19,OB171614
KMT-2017-BLG-1497,BLG41M0108.033512,17:58:21.44,-30:18:45.11,7818.45562,32.64,0.346,19.06,19.31,19.31,1,1.66,OB170125
KMT-2017-BLG-1498,BLG41M0202.045818,17:58:00.53,-30:58:12.68,7812.5814,37.09,0.031,22.24,19.66,19.66,1,1.58,OB170180
KMT-2017-BLG-1499,BLG41M0206.001647,17:58:10.84,-30:32:27.89,7777.09394,56.07,0.842,17.64,16.38,16.38,1,2.16,OB161765
KMT-2017-BLG-1500,BLG41M0206.033705,17:57:54.46,-30:33:05.51,7821.70227,8.19,0.196,19.89,19.99,19.99,1,2.3,
KMT-2017-BLG-1501,BLG41M0206.040878,17:57:59.85,-30:27:12.31,7831.70034,14.82,0.4,20.0,20.0,20.21,1,2.19,OB170333
KMT-2017-BLG-1502,BLG41M0301.008748,17:57:20.93,-31:10:21.50,7984.05968,3.17,0.496,19.68,17.76,17.76,1,1.35,
KMT-2017-BLG-1503,SAO41M0306.033482,17:57:18.45,-30:28:44.11,8043.80798,42.74,0.106,21.15,19.85,19.85,1,2.17,
KMT-2017-BLG-1504,BLG41M0307.005767,17:57:37.22,-30:20:53.02,7853.27047,32.85,0.115,20.65,17.34,17.34,1,1.77,OB170107
KMT-2017-BLG-1505,BLG41M0401.047584,17:56:49.24,-31:05:21.80,7948.66479,5.99,0.401,19.44,19.4,19.4,1,1.2,OB171328
KMT-2017-BLG-1506,BLG41M0402.049223,17:56:53.49,-31:01:26.18,7906.51076,6.92,0.374,19.22,19.3,19.3,1,1.12,OB170935
KMT-2017-BLG-1507,BLG41M0502.008870,17:56:28.55,-31:02:42.61,7856.01236,9.93,1.0,17.65,17.66,17.66,1,1.36,OB170481
KMT-2017-BLG-1508,SAO41M0502.025642,17:56:16.59,-31:01:58.51,7988.47525,9.08,0.045,18.8,18.79,18.79,1,1.51,OB171578 MB17430
KMT-2017-BLG-1509,BLG41M0503.061668,17:56:06.17,-30:54:46.69,7879.77796,4.25,0.472,20.06,19.48,19.48,1,1.4,
KMT-2017-BLG-1510,SAO41M0504.080162,17:56:11.35,-30:42:06.70,7908.97485,2.72,0.005,19.78,20.0,20.07,1,1.78,OB171082
KMT-2017-BLG-1511,BLG41M0507.053206,17:56:23.71,-30:19:33.10,7841.2528,11.36,0.618,19.87,20.0,20.14,1,1.89,
KMT-2017-BLG-1512,BLG41M0602.022115,17:55:50.87,-31:03:21.82,7928.46625,29.08,0.606,18.2,18.57,18.57,1,1.42,OB171091
KMT-2017-BLG-1513,BLG41M0607.009737,17:55:48.31,-30:22:22.51,7828.90178,50.32,0.156,21.49,18.06,18.06,1,1.91,OB170226
KMT-2017-BLG-1514,BLG41M0608.052402,17:55:26.01,-30:13:17.80,7845.81245,45.91,0.009,20.34,19.63,19.63,1,1.73,OB170359
KMT-2017-BLG-1515,BLG41M0703.015532,17:55:11.28,-30:51:50.51,7841.38962,5.7,0.052,18.22,18.3,18.3,1,1.43,OB170368 MB17136
KMT-2017-BLG-1516,BLG41M0703.021753,17:55:20.80,-30:49:53.11,7949.56304,199.93,0.008,22.97,18.63,18.63,1,1.53,OB171281
KMT-2017-BLG-1517,BLG41M0703.088700,17:55:24.82,-30:49:18.91,7872.81219,4.85,0.066,20.08,20.0,20.38,1,1.45,OB170673
KMT-2017-BLG-1518,BLG41M0704.020051,17:55:19.02,-30:47:22.99,7950.72637,8.19,0.019,19.69,18.89,18.89,1,1.54,OB171354 MB17381
KMT-2017-BLG-1519,BLG41M0802.013270,17:54:17.95,-31:02:36.60,7828.68142,27.12,0.371,18.34,18.1,18.1,1,1.58,OB170176 MB17092
KMT-2017-BLG-1520,BLG41M0803.054524,17:54:16.46,-30:52:18.52,8020.64925,5.21,0.72,19.73,19.73,19.73,1,1.81,
KMT-2017-BLG-1521,BLG41M0804.066767,17:54:35.48,-30:48:07.99,7855.88889,16.72,0.715,19.91,20.0,20.12,1,1.91,OB170502
KMT-2017-BLG-1522,BLG41M0805.011882,17:54:32.08,-30:37:16.72,7983.75493,11.99,0.789,19.9,18.79,18.79,1,3.04,
KMT-2017-BLG-1523,BLG41M0805.041879,17:54:31.83,-30:36:09.68,7823.23537,79.25,0.112,inf,20.0,20.24,1,3.21,
KMT-2017-BLG-1524,SAO41M0805.055602,17:54:34.83,-30:36:13.90,7891.37095,24.04,0.392,21.89,20.0,20.87,1,2.86,
KMT-2017-BLG-1525,BLG41M0806.055868,17:54:23.17,-30:27:55.51,7858.1928,27.26,0.517,19.95,20.0,20.27,1,1.55,
KMT-2017-BLG-1526,SAO41M0807.020914,17:54:28.24,-30:26:02.29,7942.23123,3.75,0.175,19.17,19.2,19.2,1,1.97,
KMT-2017-BLG-1527,BLG41N0106.030384,17:58:47.06,-31:35:00.71,7810.9167,8.0,0.472,19.46,19.48,19.48,1,1.68,OB170189
KMT-2017-BLG-1528,BLG41N0106.031476,17:58:44.59,-31:35:42.61,7873.65141,24.16,0.218,19.94,19.52,19.52,1,1.68,OB170590
KMT-2017-BLG-1529,SAO41N0303.005729,17:57:19.06,-31:57:06.19,7839.83098,10.28,0.656,18.56,17.75,17.75,1,1.57,OB170373
KMT-2017-BLG-1530,SAO41N0304.034134,17:57:42.35,-31:55:30.68,7884.21669,57.72,0.072,22.99,19.68,19.68,1,1.65,
KMT-2017-BLG-1531,SAO41N0405.037194,17:56:46.38,-31:42:27.29,7900.76787,17.63,0.768,19.31,19.44,19.44,1,1.52,OB170859
KMT-2017-BLG-1532,BLG41N0504.011119,17:56:09.06,-31:51:18.22,7925.22136,41.25,0.074,19.56,18.17,18.17,1,1.19,OB170957
KMT-2017-BLG-1533,SAO41N0504.059322,17:56:19.09,-31:50:58.88,7957.95053,12.76,0.607,19.93,19.79,19.79,1,1.18,OB171397
KMT-2017-BLG-1534,BLG41N0507.021053,17:56:02.59,-31:29:36.10,7936.27063,2.85,0.8,19.44,18.85,18.85,1,1.56,
KMT-2017-BLG-1535,BLG41N0507.056454,17:56:20.35,-31:27:54.61,7824.45091,3.7,0.138,19.85,19.83,19.83,1,1.56,OB170317
KMT-2017-BLG-1536,BLG41N0606.073179,17:55:37.76,-31:41:03.70,7847.09499,1.59,0.115,20.04,20.0,20.12,1,1.41,
KMT-2017-BLG-1537,SAO41N0607.075950,17:55:35.37,-31:29:33.50,7882.19219,32.0,0.017,20.3,20.0,20.43,1,1.54,MB17232
KMT-2017-BLG-1538,SAO41N0703.049977,17:55:06.65,-32:01:14.81,7892.56979,10.17,0.375,20.31,19.75,19.75,1,1.51,OB170858
KMT-2017-BLG-1539,BLG41N0703.050225,17:54:58.37,-31:57:23.00,7870.2065,31.16,0.007,21.37,19.76,19.76,1,1.5,OB170682
KMT-2017-BLG-1540,SAO41N0703.053054,17:54:54.74,-31:59:53.30,7949.23033,12.28,0.444,19.85,19.83,19.83,1,1.54,
KMT-2017-BLG-1541,SAO41N0705.003149,17:55:13.94,-31:46:44.51,8056.79091,64.97,0.216,16.72,16.21,16.21,1,1.47,OB171495 MB17493
KMT-2017-BLG-1542,BLG41N0705.019170,17:55:24.48,-31:41:48.30,7869.70085,22.51,0.182,19.19,18.75,18.75,1,1.37,OB170589 MB17208
KMT-2017-BLG-1543,BLG41N0707.008288,17:55:20.39,-31:31:28.99,7999.0457,17.29,0.028,21.5,17.67,17.67,1,1.47,OB171678
KMT-2017-BLG-1544,SAO41N0707.029913,17:55:12.89,-31:29:02.69,7898.55182,15.7,0.352,19.92,19.06,19.06,1,1.53,OB170860
KMT-2017-BLG-1545,BLG41N0707.035288,17:55:19.11,-31:27:24.41,7839.22654,137.56,0.044,24.93,19.21,19.21,1,1.66,
KMT-2017-BLG-1546,SAO41N0801.000687,17:54:19.94,-32:17:21.70,7959.64309,25.5,0.038,21.44,15.29,15.29,1,1.7,
KMT-2017-BLG-1547,BLG41N0804.022731,17:54:27.94,-31:52:09.52,7890.88,20.5,0.683,19.9,18.95,18.95,1,1.65,
KMT-2017-BLG-1548,SAO41N0804.082965,17:54:29.64,-31:53:20.29,7972.3108,24.28,0.2,20.92,20.0,20.82,1,1.67,
KMT-2017-BLG-1549,BLG41N0808.064931,17:54:40.04,-31:24:56.70,7837.18576,36.57,0.055,22.11,20.0,20.28,1,1.77,
KMT-2017-BLG-1550,BLG41T0104.006595,17:53:28.07,-31:53:28.00,7823.15506,19.8,0.621,17.51,17.53,17.53,1,1.73,OB170132 MB17108
KMT-2017-BLG-1551,BLG41T0106.027205,17:53:50.33,-31:37:37.20,7857.61722,52.5,0.984,19.92,19.43,19.43,1,2.05,OB170392
KMT-2017-BLG-1552,BLG41T0204.026718,17:52:53.08,-31:54:15.52,7933.02243,12.4,0.736,19.29,19.3,19.3,1,1.99,
KMT-2017-BLG-1553,SAO41T0207.001908,17:53:00.55,-31:28:45.52,7798.05082,39.69,0.743,16.4,16.39,16.39,1,2.23,OB170065 MB17019
KMT-2017-BLG-1554,SAO41T0207.069837,17:53:08.45,-31:26:50.78,7936.82408,12.86,0.124,21.98,20.0,20.78,1,2.39,
KMT-2017-BLG-1555,BLG41T0208.050474,17:52:59.05,-31:24:48.89,7857.77201,20.18,0.151,22.03,19.99,19.99,1,2.3,
KMT-2017-BLG-1556,SAO41T0301.043945,17:52:45.45,-32:14:09.49,7977.65894,50.37,0.081,22.42,19.98,19.98,1,2.12,
KMT-2017-BLG-1557,BLG41T0302.028809,17:52:17.44,-32:09:58.00,8037.9364,21.58,0.319,20.01,19.39,19.39,1,1.95,
KMT-2017-BLG-1558,SAO41T0305.033086,17:52:21.50,-31:41:34.40,7900.37971,25.89,0.002,20.07,19.59,19.59,1,2.23,OB170882 MB17283
KMT-2017-BLG-1559,SAO41T0305.059277,17:52:38.09,-31:45:04.21,7965.87503,37.11,0.23,20.81,20.0,20.28,1,2.0,OB171425
KMT-2017-BLG-1560,SAO41T0404.014509,17:52:11.75,-31:53:53.41,8015.30807,7.16,0.303,19.79,19.12,19.12,1,2.24,OB171745
KMT-2017-BLG-1561,BLG41T0404.057875,17:51:55.36,-31:49:37.70,7838.27811,30.64,0.048,22.11,20.0,20.77,1,2.54,
KMT-2017-BLG-1562,BLG41T0405.029770,17:51:58.79,-31:44:39.19,7944.40799,63.71,0.015,22.12,20.0,20.02,1,2.49,
KMT-2017-BLG-1563,BLG41T0507.023671,17:51:20.99,-31:28:41.56,7920.92417,27.46,0.187,21.9,20.0,20.87,2,3.06,
KMT-2017-BLG-1564,SAO41T0508.007564,17:51:28.60,-31:21:02.99,7902.16814,12.23,0.002,22.93,18.23,18.23,1,2.93,
KMT-2017-BLG-1565,SAO41T0508.032735,17:51:32.09,-31:24:49.79,7855.54898,7.84,0.11,19.88,20.0,20.42,1,2.89,
KMT-2017-BLG-1566,SAO42K0107.001796,17:53:52.93,-28:14:55.82,7931.77691,38.53,0.085,18.86,16.75,16.75,2,2.97,OB170923 MB17336
KMT-2017-BLG-1567,BLG42K0201.031187,17:53:14.32,-29:00:02.02,7879.27745,196.81,0.059,22.94,19.05,19.05,1,2.72,OB170623
KMT-2017-BLG-1568,SAO42K0205.007976,17:53:10.15,-28:31:07.32,7927.08624,30.61,0.5,19.77,18.05,18.05,2,2.78,OB171085
KMT-2017-BLG-1569,SAO42K0306.009189,17:52:32.78,-28:27:20.48,7903.61612,8.68,0.064,20.35,18.37,18.37,2,2.88,
KMT-2017-BLG-1570,SAO42K0306.022833,17:52:35.17,-28:24:39.49,7861.85843,9.42,0.172,20.98,20.0,20.41,2,3.01,
KMT-2017-BLG-1571,SAO42K0307.011606,17:52:34.59,-28:19:07.46,7823.96575,6.49,0.046,21.35,19.0,19.0,2,3.49,
KMT-2017-BLG-1572,SSO42K0308.013395,17:52:18.82,-28:11:18.28,7858.85592,18.3,0.005,22.83,19.88,19.88,2,3.95,
KMT-2017-BLG-1573,BLG42K0401.011925,17:52:07.15,-29:02:42.43,7801.61768,10.86,0.931,18.85,18.83,18.83,2,3.0,OB170002 MB17009
KMT-2017-BLG-1574,SAO42K0404.003769,17:52:04.27,-28:37:54.34,7999.19957,2.0,0.795,19.19,17.42,17.42,4,4.13,
KMT-2017-BLG-1575,SSO42K0501.007741,17:51:37.89,-29:02:38.54,8039.33027,25.15,0.103,19.02,19.05,19.05,2,3.85,MB17497
KMT-2017-BLG-1576,SSO42M0101.028509,17:58:29.78,-29:03:27.61,8044.29492,27.35,0.069,20.81,18.53,18.53,1,1.26,OB171822
KMT-2017-BLG-1577,BLG42M0101.042983,17:58:41.58,-29:02:03.70,7804.45201,45.52,0.002,20.14,18.91,18.91,1,1.01,OB170983 MB17037
KMT-2017-BLG-1578,BLG42M0101.080317,17:58:28.83,-29:01:10.81,8005.80994,13.05,0.21,19.73,19.74,19.74,1,1.08,
KMT-2017-BLG-1579,BLG42M0105.055562,17:58:27.08,-28:27:59.40,7815.28086,7.37,0.377,19.44,19.5,19.5,1,1.65,OB170217
KMT-2017-BLG-1580,BLG42M0202.012127,17:58:14.62,-28:57:07.60,7986.59406,18.41,0.658,18.37,17.76,17.76,1,1.16,OB171520
KMT-2017-BLG-1581,BLG42M0301.004386,17:57:31.23,-29:03:17.32,7875.85635,33.02,0.552,16.16,16.19,16.19,1,1.41,OB170244
KMT-2017-BLG-1582,BLG42M0306.044032,17:57:37.46,-28:23:14.32,7948.70483,10.94,0.186,20.29,19.21,19.21,1,1.66,OB171353
KMT-2017-BLG-1583,BLG42M0401.000617,17:56:55.21,-29:02:48.59,7819.78274,20.12,0.068,17.7,14.9,14.9,1,2.17,OB170199 MB17072
KMT-2017-BLG-1584,SAO42M0401.080426,17:56:50.49,-29:01:57.11,7877.03087,14.97,0.274,20.32,20.0,20.29,1,2.17,OB170661
KMT-2017-BLG-1585,BLG42M0402.031575,17:56:51.97,-28:51:06.08,7826.17131,4.59,0.542,18.99,19.0,19.0,1,1.97,OB170314
KMT-2017-BLG-1586,BLG42M0402.035263,17:56:55.85,-28:57:42.52,7851.76711,18.77,0.91,19.08,19.1,19.1,1,1.88,OB170480
KMT-2017-BLG-1587,BLG42M0402.060202,17:56:56.21,-28:56:06.61,7863.47785,5.27,0.641,19.51,19.63,19.63,1,1.65,
KMT-2017-BLG-1588,BLG42M0403.031614,17:56:56.43,-28:43:56.21,7908.2871,12.2,0.101,21.03,19.06,19.06,1,1.87,OB170956
KMT-2017-BLG-1589,BLG42M0405.002800,17:56:46.01,-28:33:07.31,7952.2651,37.82,0.8,18.4,15.99,15.99,1,1.71,
KMT-2017-BLG-1590,SSO42M0405.004137,17:56:57.55,-28:28:06.31,7976.19414,190.99,0.024,21.61,16.28,16.28,1,1.89,OB171527
KMT-2017-BLG-1591,BLG42M0406.010153,17:56:45.40,-28:25:20.10,7958.75813,4.06,0.794,18.56,17.62,17.62,1,2.02,
KMT-2017-BLG-1592,SAO42M0406.017811,17:56:49.02,-28:25:37.70,7958.33203,5.32,0.123,20.83,18.44,18.44,1,1.89,
KMT-2017-BLG-1593,BLG42M0407.012342,17:56:54.52,-28:13:18.01,7913.23647,12.58,0.109,19.67,17.87,17.87,1,2.02,OB171080
KMT-2017-BLG-1594,SAO42M0501.000581,17:56:32.18,-29:00:56.92,7888.21566,7.65,0.557,15.59,15.06,15.06,1,2.32,OB170662 MB17236
KMT-2017-BLG-1595,SAO42M0501.004979,17:56:18.55,-29:04:19.20,7921.74567,12.17,0.912,17.92,16.99,16.99,1,2.38,OB171042
KMT-2017-BLG-1596,SAO42M0501.035919,17:56:25.05,-29:03:47.41,7970.4902,6.95,0.163,19.5,19.51,19.51,1,2.38,OB171500
KMT-2017-BLG-1597,SAO42M0503.041681,17:56:20.32,-28:43:10.09,7993.44878,24.82,0.085,20.14,19.16,19.16,1,1.76,
KMT-2017-BLG-1598,BLG42M0601.023314,17:55:24.46,-29:02:11.44,7875.64471,6.16,0.563,18.85,18.99,18.99,2,1.94,OB170663
KMT-2017-BLG-1599,SAO42M0602.013980,17:55:40.35,-28:52:54.66,7867.49714,14.52,0.026,22.8,18.3,18.3,2,1.83,OB170669
KMT-2017-BLG-1600,SSO42M0602.017732,17:55:45.35,-28:55:01.16,7996.79357,11.05,0.27,20.41,18.4,18.4,2,1.75,
KMT-2017-BLG-1601,BLG42M0605.011158,17:55:39.70,-28:34:03.68,7943.57349,11.9,0.894,18.4,18.45,18.45,2,2.73,OB171227
KMT-2017-BLG-1602,SAO42M0608.001368,17:55:39.13,-28:05:43.98,7870.5354,65.59,0.026,21.75,16.74,16.74,2,3.22,OB170978
KMT-2017-BLG-1603,SAO42M0701.048453,17:55:14.73,-29:05:04.42,7998.06985,15.31,0.413,19.91,20.0,20.05,2,2.04,OB171654
KMT-2017-BLG-1604,SSO42M0706.020469,17:55:14.49,-28:26:59.35,8015.40492,9.98,0.133,19.91,19.52,19.52,2,2.25,OB171721
KMT-2017-BLG-1605,SAO42M0801.031185,17:54:22.48,-28:59:36.82,7838.72245,5.97,0.411,18.65,18.61,18.61,1,1.79,OB170370
KMT-2017-BLG-1606,BLG42M0802.018698,17:54:26.83,-28:56:46.90,7928.97492,6.14,0.896,18.52,18.26,18.26,1,1.81,
KMT-2017-BLG-1607,SAO42M0803.005093,17:54:23.53,-28:43:50.88,7883.73534,2.63,0.521,16.79,16.78,16.78,2,2.0,OB170624 MB17246
KMT-2017-BLG-1608,SAO42M0804.031421,17:54:29.89,-28:40:23.81,7849.96782,20.52,0.212,19.9,19.33,19.33,2,2.06,OB170469
KMT-2017-BLG-1609,BLG42M0805.015306,17:54:18.20,-28:30:41.26,7872.07608,18.29,0.66,18.38,18.41,18.41,2,2.38,OB170470
KMT-2017-BLG-1610,SAO42N0102.001820,17:58:48.64,-29:58:54.91,7835.51224,54.43,0.988,16.85,15.51,15.51,1,1.17,MB17117
KMT-2017-BLG-1611,SAO42N0106.007299,17:58:47.70,-29:29:54.10,7908.19086,85.9,0.044,21.97,17.04,17.04,1,1.45,OB170955
KMT-2017-BLG-1612,SAO42N0107.061063,17:58:35.92,-29:22:03.50,7872.46007,8.64,0.066,21.39,19.36,19.36,1,1.32,
KMT-2017-BLG-1613,SAO42N0108.004328,17:58:32.43,-29:13:55.31,7815.82699,30.91,0.212,15.89,15.91,15.91,1,1.02,OB170023 MB17012
KMT-2017-BLG-1614,BLG42N0108.006986,17:58:32.28,-29:16:58.19,7936.49701,10.14,0.909,17.16,16.73,16.73,1,1.06,OB171148
KMT-2017-BLG-1615,SSO42N0108.012488,17:58:42.55,-29:11:45.38,8014.46419,3.66,0.635,17.54,17.57,17.57,1,0.98,OB171723 MB17478
KMT-2017-BLG-1616,SAO42N0108.019188,17:58:38.41,-29:15:33.19,7911.53808,19.94,0.082,19.02,18.02,18.02,1,1.05,OB170931 MB17302
KMT-2017-BLG-1617,BLG42N0202.059309,17:58:04.37,-30:02:14.21,7833.24316,7.22,0.741,19.6,19.64,19.64,1,1.43,
KMT-2017-BLG-1618,SAO42N0203.084656,17:57:45.92,-29:50:27.60,7829.59582,5.99,0.257,19.95,20.0,20.31,1,1.62,
KMT-2017-BLG-1619,SAO42N0204.047007,17:57:58.30,-29:43:48.50,7927.77784,1.93,0.354,19.04,19.06,19.06,1,1.18,OB171180
KMT-2017-BLG-1620,SAO42N0205.011117,17:58:02.12,-29:38:12.08,7937.26088,21.77,0.104,17.78,17.61,17.61,1,1.27,OB160966 OB161013 MB16309
KMT-2017-BLG-1621,SAO42N0205.065650,17:57:47.18,-29:38:21.59,7974.68693,42.96,0.048,21.41,19.47,19.47,1,1.27,OB171506
KMT-2017-BLG-1622,BLG42N0207.034100,17:58:08.20,-29:26:21.80,7822.08195,45.55,0.005,22.33,18.91,18.91,1,1.45,OB171018
KMT-2017-BLG-1623,SAO42N0303.081338,17:57:32.25,-29:51:13.72,7890.17449,14.29,0.299,20.11,20.0,20.47,1,1.68,OB170857
KMT-2017-BLG-1624,BLG42N0304.049520,17:57:41.57,-29:46:22.01,7854.27639,10.71,0.655,19.16,19.28,19.28,1,1.34,
KMT-2017-BLG-1625,SAO42N0305.004165,17:57:33.63,-29:40:38.89,7816.19156,30.71,0.995,18.52,16.22,16.22,1,1.4,
KMT-2017-BLG-1626,BLG42N0306.025546,17:57:17.39,-29:34:08.18,7953.30765,159.5,0.002,23.3,18.7,18.7,1,1.62,OB171277 MB17363
KMT-2017-BLG-1627,SAO42N0307.044312,17:57:25.76,-29:26:34.01,7905.64469,12.33,0.371,19.9,19.41,19.41,1,1.65,OB170914
KMT-2017-BLG-1628,BLG42N0402.014149,17:56:38.05,-30:04:45.91,7834.738,39.2,0.022,23.28,18.11,18.11,1,1.37,
KMT-2017-BLG-1629,BLG42N0402.073857,17:56:55.14,-29:59:53.99,7941.33713,42.09,0.098,21.56,19.82,19.82,1,1.5,
KMT-2017-BLG-1630,SAO42N0403.002411,17:56:43.01,-29:52:39.11,7987.50005,3.93,0.995,17.31,16.09,16.09,1,1.98,
KMT-2017-BLG-1631,BLG42N0404.004310,17:56:46.16,-29:43:21.00,7792.07313,17.79,0.979,17.75,16.34,16.34,1,1.8,OB170106
KMT-2017-BLG-1632,SAO42N0404.026186,17:57:08.86,-29:45:40.61,7817.77241,89.89,0.678,18.99,18.85,18.85,1,1.71,OB170021
KMT-2017-BLG-1633,SSO42N0405.003600,17:56:40.45,-29:39:43.20,7959.34521,9.22,0.48,17.34,16.07,16.07,1,1.59,OB171372 MB17394
KMT-2017-BLG-1634,SAO42N0405.015382,17:57:09.30,-29:40:24.10,7834.00406,14.88,0.051,21.37,18.18,18.18,1,1.6,
KMT-2017-BLG-1635,SAO42N0503.015090,17:56:09.14,-29:54:17.10,7923.63459,8.1,0.1,21.12,18.38,18.38,1,1.77,OB171128
KMT-2017-BLG-1636,SAO42N0504.025515,17:56:30.87,-29:44:20.62,7957.51891,4.22,0.996,19.01,18.73,18.73,1,1.9,
KMT-2017-BLG-1637,SAO42N0506.019357,17:56:25.59,-29:30:06.59,7940.25322,19.37,0.128,19.28,18.28,18.28,1,1.67,OB171187 MB17344
KMT-2017-BLG-1638,BLG42N0507.008684,17:56:20.75,-29:21:00.40,7870.22204,1.98,0.798,18.21,17.2,17.2,1,1.99,
KMT-2017-BLG-1639,SAO42N0507.028743,17:56:06.53,-29:19:50.70,7971.78587,13.47,0.188,20.52,18.78,18.78,1,1.98,
KMT-2017-BLG-1640,BLG42N0508.054080,17:56:09.27,-29:14:53.02,7950.17433,37.03,0.041,21.94,19.51,19.51,1,2.05,OB171301
KMT-2017-BLG-1641,BLG42N0508.056345,17:56:08.67,-29:17:04.20,8010.30808,5.96,0.292,19.49,19.57,19.57,1,2.03,OB171722
KMT-2017-BLG-1642,SAO42N0603.006901,17:55:37.26,-29:55:38.39,7853.64651,23.83,0.707,16.87,16.79,16.79,1,1.32,MB17134
KMT-2017-BLG-1643,BLG42N0603.041810,17:55:59.67,-29:51:42.01,7910.45203,33.97,0.002,28.0,19.01,19.01,1,1.76,
KMT-2017-BLG-1644,SAO42N0603.071014,17:55:55.73,-29:52:04.40,7864.28207,3.61,0.995,19.62,19.65,19.65,1,1.65,
KMT-2017-BLG-1645,SAO42N0604.011739,17:55:35.17,-29:50:20.90,7874.95209,7.15,0.147,20.84,17.62,17.62,1,1.41,
KMT-2017-BLG-1646,BLG42N0604.077099,17:55:31.65,-29:49:38.39,7826.69631,13.69,0.787,19.72,19.7,19.7,1,1.44,
KMT-2017-BLG-1647,SSO42N0604.088471,17:55:58.57,-29:46:21.00,8043.06709,45.65,0.039,20.11,20.0,20.0,1,1.53,OB171784
KMT-2017-BLG-1648,BLG42N0606.002504,17:55:33.72,-29:30:10.01,7959.0022,30.14,0.49,18.58,15.74,15.74,1,1.63,OB171396
KMT-2017-BLG-1649,SSO42N0606.011700,17:55:27.47,-29:31:51.71,8011.14145,4.88,0.398,19.41,17.61,17.61,1,1.5,
KMT-2017-BLG-1650,SAO42N0606.055275,17:55:56.83,-29:28:15.31,7893.6304,22.57,0.24,21.17,19.27,19.27,1,1.84,
KMT-2017-BLG-1651,SAO42N0607.017771,17:55:50.62,-29:24:03.89,7901.21915,19.24,0.18,18.09,18.08,18.08,1,1.81,OB170851 MB17287
KMT-2017-BLG-1652,BLG42N0608.031447,17:55:26.01,-29:19:34.61,7868.96943,2.76,0.872,18.76,18.75,18.75,1,1.92,
KMT-2017-BLG-1653,SAO42N0701.023456,17:54:51.01,-30:10:20.50,7986.81864,63.31,0.145,19.21,19.57,19.57,2,1.36,
KMT-2017-BLG-1654,SAO42N0701.028792,17:55:08.09,-30:09:25.31,7898.21921,16.99,0.204,19.65,18.72,18.72,1,1.33,
KMT-2017-BLG-1655,BLG42N0702.084984,17:54:54.92,-30:02:09.20,7839.1737,13.25,0.032,21.14,19.85,19.85,1,1.29,OB170389
KMT-2017-BLG-1656,SAO42N0704.008193,17:55:14.51,-29:46:15.49,7819.46158,48.69,0.18,17.04,16.84,16.84,1,1.39,OB170022
KMT-2017-BLG-1657,SAO42N0704.019216,17:55:02.13,-29:50:11.11,7857.06523,94.99,0.026,21.76,18.11,18.11,1,1.27,MB17173
KMT-2017-BLG-1658,BLG42N0706.026774,17:55:07.02,-29:31:30.22,7824.44736,16.43,0.178,19.39,18.39,18.39,1,1.36,MB17102
KMT-2017-BLG-1659,SAO42N0706.040795,17:55:08.34,-29:33:28.58,7896.33363,50.97,0.101,19.94,18.78,18.78,1,1.34,
KMT-2017-BLG-1660,BLG42N0708.033892,17:55:05.48,-29:19:11.32,7852.70975,32.67,0.441,19.63,19.11,19.11,1,1.83,
KMT-2017-BLG-1661,BLG42N0801.005153,17:54:29.65,-30:08:48.26,7804.73757,29.62,0.471,18.27,16.36,16.36,4,1.35,
KMT-2017-BLG-1662,SAO42N0801.021940,17:54:29.91,-30:07:12.90,7921.81252,15.7,0.998,18.77,18.52,18.52,1,1.35,OB171102
KMT-2017-BLG-1663,BLG42N0801.022166,17:54:17.72,-30:05:46.10,7824.81301,20.04,0.195,20.37,18.53,18.53,1,1.4,OB170263
KMT-2017-BLG-1664,BLG42N0802.013397,17:54:23.40,-29:59:27.82,7869.59008,9.94,0.795,17.96,17.71,17.71,1,1.39,OB170564
KMT-2017-BLG-1665,SAO42N0804.060080,17:54:28.79,-29:46:53.11,7858.8243,13.72,0.002,19.15,19.1,19.1,1,1.37,OB170474 MB17166
KMT-2017-BLG-1666,SSO42N0805.003516,17:54:22.30,-29:35:42.40,7900.05257,2.25,0.514,16.66,15.82,15.82,1,1.56,OB170897 MB17282
KMT-2017-BLG-1667,SAO42N0805.021616,17:54:26.53,-29:37:21.40,7878.71656,30.3,0.073,20.91,18.21,18.21,1,1.43,OB170634 MB17224
KMT-2017-BLG-1668,SAO42N0805.066197,17:54:26.10,-29:37:34.28,7921.0497,10.76,0.059,19.15,19.32,19.32,1,1.43,MB17308
KMT-2017-BLG-1669,SSO42N0805.090336,17:54:19.82,-29:41:31.99,8017.25111,18.26,0.172,19.96,19.81,19.81,1,1.33,
KMT-2017-BLG-1670,SAO42N0805.102770,17:54:21.69,-29:40:04.19,7926.75189,9.43,0.194,20.26,20.0,20.18,1,1.38,
KMT-2017-BLG-1671,SAO42N0806.010290,17:54:18.94,-29:33:01.30,7896.9636,19.71,0.079,22.37,17.18,17.18,1,1.67,
KMT-2017-BLG-1672,BLG42N0806.023326,17:54:16.80,-29:34:58.58,7944.85795,10.13,0.592,18.73,18.32,18.32,1,1.56,
KMT-2017-BLG-1673,SAO42N0806.082813,17:54:37.39,-29:33:12.10,7871.83862,77.1,0.183,21.69,19.71,19.71,1,1.47,OB170397 MB17205
KMT-2017-BLG-1674,SAO42N0806.095590,17:54:17.22,-29:33:01.58,7893.90635,49.83,0.416,20.12,20.0,20.04,1,1.67,OB170635
KMT-2017-BLG-1675,SAO42N0807.029125,17:54:26.43,-29:20:34.40,7921.40794,17.97,0.082,21.3,18.64,18.64,1,1.74,
KMT-2017-BLG-1676,BLG42N0807.043381,17:54:42.54,-29:20:05.39,7952.55993,21.11,0.025,23.24,19.02,19.02,1,1.86,
KMT-2017-BLG-1677,SAO42N0808.014306,17:54:35.10,-29:19:02.39,7930.46494,12.09,0.204,21.42,17.78,17.78,1,1.75,
KMT-2017-BLG-1678,SAO42N0808.098865,17:54:26.30,-29:15:23.00,7882.08283,2.55,0.033,20.27,20.0,20.35,1,1.71,
KMT-2017-BLG-1679,BLG42T0102.022300,17:53:50.68,-29:59:46.21,7914.91063,66.72,0.138,20.84,18.36,18.36,1,1.64,OB170951
KMT-2017-BLG-1680,SSO42T0102.036050,17:53:47.69,-30:00:56.81,7826.58053,33.96,0.028,19.99,18.83,18.83,1,1.64,OB170992 MB17114
KMT-2017-BLG-1681,SAO42T0103.063137,17:53:43.50,-29:50:17.41,7840.32885,61.99,0.04,20.11,19.37,19.37,1,1.46,MB17093
KMT-2017-BLG-1682,SAO42T0104.011069,17:53:48.48,-29:44:52.12,7862.62318,14.65,0.647,17.22,17.24,17.24,1,1.53,OB170415
KMT-2017-BLG-1683,SAO42T0104.046333,17:53:37.06,-29:46:06.82,7889.72058,16.38,0.324,18.83,18.99,18.99,1,1.56,OB170636 OB170637
KMT-2017-BLG-1684,SAO42T0105.009445,17:53:45.38,-29:38:20.29,7912.9533,52.95,0.334,20.1,16.99,16.99,1,1.71,OB171053
KMT-2017-BLG-1685,SAO42T0105.014056,17:53:45.46,-29:39:20.09,7995.82244,22.38,0.348,17.64,17.7,17.7,1,1.61,OB171517 MB17437
KMT-2017-BLG-1686,SAO42T0107.005052,17:53:46.26,-29:20:33.68,7867.33454,5.45,0.303,16.39,16.4,16.4,1,1.96,OB170548 MB17172
KMT-2017-BLG-1687,SAO42T0107.061520,17:53:43.38,-29:22:49.40,7922.24222,48.76,0.05,20.96,19.6,19.6,1,2.1,MB17319
KMT-2017-BLG-1688,SAO42T0108.081985,17:53:41.91,-29:16:05.20,7949.92248,29.68,0.195,21.01,19.91,19.91,1,1.89,
KMT-2017-BLG-1689,SAO42T0202.031641,17:53:03.74,-30:01:43.50,7914.52626,38.19,0.836,18.71,18.75,18.75,1,1.68,OB170633
KMT-2017-BLG-1690,SAO42T0202.040769,17:53:09.39,-30:00:18.29,7911.06301,91.3,0.11,21.61,18.99,18.99,1,1.72,OB170838
KMT-2017-BLG-1691,SAO42T0202.084628,17:53:06.20,-30:04:35.40,8003.55456,29.58,0.11,21.57,19.82,19.82,1,1.61,
KMT-2017-BLG-1692,SAO42T0204.003293,17:53:09.04,-29:47:44.30,7919.59661,21.28,0.936,15.95,15.89,15.89,1,1.74,OB170833 MB17279
KMT-2017-BLG-1693,SAO42T0204.039416,17:53:11.28,-29:46:40.69,7973.76816,9.87,0.118,20.06,18.91,18.91,1,1.72,OB171518
KMT-2017-BLG-1694,SAO42T0207.035500,17:53:22.61,-29:22:25.50,8029.66305,61.72,0.12,21.98,19.19,19.19,1,2.16,
KMT-2017-BLG-1695,SAO42T0207.081947,17:53:17.24,-29:23:55.28,7925.5606,8.77,0.011,22.33,20.0,20.36,1,2.23,
KMT-2017-BLG-1696,SAO42T0208.007354,17:53:07.89,-29:16:55.88,7824.90204,26.83,1.0,16.92,16.92,16.92,1,2.29,OB170011 MB17069
KMT-2017-BLG-1697,SAO42T0301.009262,17:52:38.66,-30:09:13.64,7813.54498,41.38,0.397,19.71,17.98,17.98,3,1.67,
KMT-2017-BLG-1698,SAO42T0302.046344,17:52:31.36,-30:00:44.21,7829.90168,86.58,0.083,19.61,19.35,19.35,1,2.13,OB170103 MB17089
KMT-2017-BLG-1699,SAO42T0302.087810,17:52:49.69,-30:00:31.90,7865.81492,13.76,0.642,19.91,20.0,20.25,1,1.83,
KMT-2017-BLG-1700,BLG42T0304.004718,17:52:32.31,-29:47:13.81,7936.73279,24.37,0.158,21.17,16.43,16.43,1,2.1,
KMT-2017-BLG-1701,BLG42T0304.037137,17:52:28.09,-29:45:30.60,7844.56017,6.89,0.065,21.88,19.12,19.12,1,2.3,
KMT-2017-BLG-1702,SAO42T0304.083247,17:52:36.70,-29:50:03.08,7965.01603,22.75,0.014,20.63,20.0,20.18,1,2.02,MB17409
KMT-2017-BLG-1703,SAO42T0306.021842,17:52:32.71,-29:34:42.60,7956.53782,199.58,0.059,21.13,18.7,18.7,1,2.2,OB171124
KMT-2017-BLG-1704,SAO42T0308.006554,17:52:36.59,-29:15:16.09,7882.78999,140.81,0.002,24.31,17.28,17.28,1,3.06,OB170521 MB17247
KMT-2017-BLG-1705,BLG42T0406.059619,17:51:47.21,-29:28:04.30,7895.55905,33.56,0.04,21.54,20.0,20.12,1,2.87,
KMT-2017-BLG-1706,SAO42T0407.021485,17:51:50.62,-29:20:46.10,8037.57804,107.13,0.125,20.23,18.97,18.97,1,3.01,OB171605
KMT-2017-BLG-1707,SAO42T0408.009157,17:51:52.95,-29:16:16.79,7838.21563,49.61,0.433,18.59,17.59,17.59,1,3.04,OB170173
KMT-2017-BLG-1708,SAO42T0408.021519,17:52:02.84,-29:15:44.10,7924.02243,5.9,0.48,19.92,18.96,18.96,1,2.75,OB171145
KMT-2017-BLG-1709,SAO42T0502.049935,17:51:24.35,-30:02:08.81,7883.19216,61.54,0.149,20.0,19.79,19.79,1,2.49,OB170993
KMT-2017-BLG-1710,SAO42T0502.068250,17:51:39.71,-30:04:03.90,7866.57066,38.36,0.17,22.08,20.0,20.25,1,2.18,
KMT-2017-BLG-1711,SAO42T0502.077419,17:51:17.00,-30:03:14.18,7897.88652,30.13,0.064,22.67,20.0,20.58,1,2.49,
KMT-2017-BLG-1712,SAO42T0505.007023,17:51:35.24,-29:34:55.70,7997.62802,34.37,0.517,17.35,17.09,17.09,1,2.57,OB171541 MB17444
KMT-2017-BLG-1713,BLG42T0506.004060,17:51:09.68,-29:33:28.19,7874.1878,27.66,0.379,16.99,16.95,16.95,1,2.9,OB170343 MB17176
KMT-2017-BLG-1714,SAO42T0507.048860,17:51:25.81,-29:21:29.02,7969.44888,197.94,0.008,23.22,20.0,20.73,1,3.45,OB171488
KMT-2017-BLG-1715,SAO42T0602.011986,17:51:04.46,-30:04:10.70,7886.31381,15.1,0.066,20.8,18.12,18.12,1,2.66,
KMT-2017-BLG-1716,SSO42T0602.055070,17:50:58.85,-30:04:00.59,8029.51134,6.04,0.122,20.34,20.0,20.43,1,2.82,
KMT-2017-BLG-1717,SAO42T0605.008426,17:50:47.81,-29:36:41.51,7887.79702,13.94,0.7,19.82,17.54,17.54,1,3.27,
KMT-2017-BLG-1718,SAO42T0605.009189,17:50:56.78,-29:40:23.41,7981.19122,14.15,0.28,17.57,17.63,17.63,1,2.9,OB171394
KMT-2017-BLG-1719,BLG42T0606.015051,17:50:56.60,-29:30:45.11,7891.46085,198.96,0.003,25.17,18.7,18.7,1,3.37,
KMT-2017-BLG-1720,SAO42T0607.023703,17:50:45.02,-29:22:39.29,7953.06791,0.55,0.129,19.57,19.64,19.64,1,3.89,
KMT-2017-BLG-1721,SAO42T0607.028202,17:50:58.44,-29:22:09.91,7955.47698,39.19,0.289,20.18,19.92,19.92,1,3.69,OB171418
KMT-2017-BLG-1722,BLG42T0701.035265,17:50:23.24,-30:09:05.62,7946.47293,7.13,0.648,19.97,20.0,20.02,1,2.85,
KMT-2017-BLG-1723,SSO42T0704.006536,17:50:11.27,-29:42:37.51,8002.76638,5.21,0.381,18.77,17.64,17.64,1,3.14,OB171671
KMT-2017-BLG-1724,BLG42T0704.032956,17:50:22.93,-29:42:57.82,7927.86843,14.35,0.598,19.89,19.94,19.94,1,3.05,
KMT-2017-BLG-1725,SSO42T0706.017807,17:49:56.21,-29:32:21.80,7992.39689,59.7,0.002,18.82,18.99,18.99,1,3.84,
KMT-2017-BLG-1726,SAO42T0806.007275,17:49:51.63,-29:27:41.40,7887.62982,20.22,0.383,19.72,18.68,18.68,1,4.69,OB170640
KMT-2017-BLG-1727,SAO42T0808.005916,17:49:31.77,-29:15:34.78,7796.35373,74.83,0.009,21.28,19.89,19.89,2,6.25,OB170013
KMT-2017-BLG-1728,BLG43K0101.011312,18:01:04.52,-27:53:48.19,7820.92516,98.42,0.029,23.04,17.73,17.73,1,1.4,
KMT-2017-BLG-1729,SAO43K0101.048612,18:01:31.86,-27:58:42.82,7881.23584,7.1,0.737,19.13,19.17,19.17,1,1.22,
KMT-2017-BLG-1730,SAO43K0101.078290,18:01:24.30,-28:00:43.99,7887.40984,20.86,0.047,21.26,19.9,19.9,1,1.22,
KMT-2017-BLG-1731,SAO43K0103.070176,18:01:19.67,-27:41:10.00,7977.47393,20.01,0.328,19.63,19.75,19.75,1,1.38,
KMT-2017-BLG-1732,BLG43K0105.058209,18:01:28.90,-27:25:26.62,7849.52618,36.64,0.645,19.46,19.62,19.62,1,1.6,OB170383
KMT-2017-BLG-1733,SAO43K0201.044822,18:00:36.18,-27:59:38.90,7945.01285,20.51,0.997,inf,19.3,19.3,1,1.48,
KMT-2017-BLG-1734,BLG43K0205.014795,18:00:30.04,-27:26:06.11,7874.97695,48.87,0.183,21.1,18.22,18.22,1,1.6,OB170593
KMT-2017-BLG-1735,SAO43K0205.024490,18:00:44.76,-27:27:18.22,7964.75623,4.44,0.024,18.7,18.74,18.74,1,1.64,OB171456 MB17407
KMT-2017-BLG-1736,SAO43K0205.076005,18:00:46.18,-27:27:15.59,7857.50036,9.67,0.403,20.37,20.0,20.14,1,1.64,
KMT-2017-BLG-1737,BLG43K0207.021680,18:00:51.48,-27:14:18.89,7915.40658,9.91,0.613,19.12,18.89,18.89,1,1.73,OB171046
KMT-2017-BLG-1738,BLG43K0302.085322,18:00:01.65,-27:50:25.12,7855.20734,86.52,0.043,22.86,20.0,20.75,1,1.8,
KMT-2017-BLG-1739,BLG43K0304.077970,18:00:18.14,-27:33:35.10,7960.1328,17.85,0.505,19.82,20.0,20.32,1,1.65,
KMT-2017-BLG-1740,BLG43K0306.080683,18:00:11.33,-27:16:28.81,8036.89085,39.53,0.109,19.9,20.0,20.23,1,1.63,MB17492
KMT-2017-BLG-1741,BLG43K0307.067022,18:00:06.85,-27:13:12.50,7842.81357,3.84,0.299,20.35,20.0,20.15,1,2.1,
KMT-2017-BLG-1742,SAO43K0401.005956,17:59:49.29,-27:59:11.11,8017.83666,9.41,0.814,16.9,16.91,16.91,1,1.81,OB171674 MB17479
KMT-2017-BLG-1743,BLG43K0401.036628,17:59:48.54,-27:57:20.02,8041.2065,23.73,0.114,20.63,19.19,19.19,1,1.74,
KMT-2017-BLG-1744,SAO43K0401.054431,17:59:38.23,-27:59:29.00,7883.38205,7.8,0.471,19.45,19.61,19.61,1,1.84,MB17238
KMT-2017-BLG-1745,SAO43K0401.065074,17:59:23.87,-27:59:47.51,7875.74229,22.28,0.337,19.81,19.88,19.88,1,1.81,OB170650
KMT-2017-BLG-1746,BLG43K0406.012799,17:59:32.05,-27:18:46.91,7793.66777,54.98,0.125,18.45,18.22,18.22,1,2.05,OB170210
KMT-2017-BLG-1747,SAO43K0408.059789,17:59:43.87,-27:07:13.51,7900.41466,62.85,0.132,19.95,20.0,20.3,1,2.06,OB170800 MB17270
KMT-2017-BLG-1748,SAO43K0501.015246,17:59:08.37,-27:59:29.80,7925.73182,39.18,0.041,20.84,18.6,18.6,1,1.95,
KMT-2017-BLG-1749,SSO43K0501.020624,17:58:47.02,-27:57:45.22,8006.41205,9.0,0.994,19.02,18.94,18.94,1,2.43,
KMT-2017-BLG-1750,SAO43K0503.069865,17:59:17.39,-27:39:38.02,7824.86021,33.24,0.073,20.49,20.0,20.01,1,2.26,
KMT-2017-BLG-1751,BLG43K0507.037819,17:58:54.53,-27:14:17.09,7909.44988,30.83,0.041,21.77,19.66,19.66,1,2.33,OB171037
KMT-2017-BLG-1752,BLG43K0507.040500,17:58:48.05,-27:08:33.29,7824.95208,5.63,0.928,19.72,19.73,19.73,1,2.79,
KMT-2017-BLG-1753,BLG43K0705.022692,17:58:07.85,-27:27:45.29,8028.93706,45.7,0.083,22.19,19.47,19.47,1,2.35,OB171759
KMT-2017-BLG-1754,SAO43K0804.009701,17:57:08.41,-27:36:53.86,7884.93091,66.66,0.144,21.45,19.66,19.66,2,3.94,OB170654
KMT-2017-BLG-1755,SAO43M0103.042615,18:05:58.69,-27:38:36.20,7874.28485,157.04,0.047,22.94,19.1,19.1,1,0.91,OB170696
KMT-2017-BLG-1756,BLG43M0106.006433,18:06:02.25,-27:20:23.78,7869.49593,18.86,0.914,17.21,17.15,17.15,1,0.93,
KMT-2017-BLG-1757,SSO43M0108.013081,18:05:50.00,-27:04:38.50,8012.31233,37.84,0.005,20.13,18.02,18.02,1,1.15,MB17477
KMT-2017-BLG-1758,SSO43M0201.029529,18:05:32.05,-27:56:06.79,8019.00953,30.09,0.192,18.5,18.62,18.62,1,0.86,MB17472
KMT-2017-BLG-1759,BLG43M0205.074388,18:05:43.10,-27:27:58.72,7986.00083,10.0,0.282,20.63,19.72,19.72,1,0.75,OB171617
KMT-2017-BLG-1760,BLG43M0206.052391,18:05:47.54,-27:17:16.69,7865.10763,59.61,0.291,20.36,19.15,19.15,1,0.89,OB170568
KMT-2017-BLG-1761,BLG43M0206.077018,18:05:47.90,-27:18:54.61,7955.5748,21.46,0.021,22.04,19.78,19.78,1,0.85,
KMT-2017-BLG-1762,BLG43M0207.034558,18:05:26.37,-27:13:09.59,7900.2192,199.23,0.022,23.69,18.8,18.8,1,1.09,
KMT-2017-BLG-1763,SSO43M0301.009502,18:04:48.20,-27:57:42.30,7885.35511,12.6,0.088,19.74,17.66,17.66,1,1.11,
KMT-2017-BLG-1764,BLG43M0301.041342,18:05:17.30,-27:59:14.10,7909.67587,23.68,0.325,20.33,19.04,19.04,1,0.88,OB170960
KMT-2017-BLG-1765,BLG43M0303.072904,18:05:00.21,-27:43:24.49,7808.5417,33.98,0.062,21.19,19.79,19.79,1,0.93,MB17045
KMT-2017-BLG-1766,SSO43M0305.005560,18:04:52.43,-27:29:23.89,7861.5666,4.81,0.013,20.57,16.94,16.94,1,0.99,MB17180
KMT-2017-BLG-1767,SAO43M0306.027985,18:04:59.84,-27:18:18.00,8004.27627,14.06,0.079,20.57,18.56,18.56,1,0.94,
KMT-2017-BLG-1768,BLG43M0401.005971,18:04:28.91,-27:58:53.00,7855.9797,33.33,0.701,18.58,17.1,17.1,1,1.24,OB170407
KMT-2017-BLG-1769,BLG43M0402.026973,18:04:35.63,-27:49:13.91,7867.98027,9.01,0.435,19.35,18.74,18.74,1,1.23,OB170591
KMT-2017-BLG-1770,BLG43M0403.037213,18:04:38.77,-27:43:35.40,8030.27992,11.65,0.601,18.95,18.94,18.94,1,1.07,OB171787
KMT-2017-BLG-1771,BLG43M0405.027269,18:04:28.42,-27:29:07.01,7874.3123,6.83,0.025,19.99,18.59,18.59,1,0.93,
KMT-2017-BLG-1772,BLG43M0407.048960,18:04:28.43,-27:08:59.60,7799.74959,14.49,0.779,19.15,19.14,19.14,1,0.97,
KMT-2017-BLG-1773,SAO43M0501.088473,18:04:03.36,-27:55:48.50,7886.43467,18.99,0.414,20.06,20.0,20.38,1,1.04,OB170694
KMT-2017-BLG-1774,SAO43M0501.091557,18:03:42.58,-27:58:28.09,7886.1529,43.7,0.008,21.28,20.0,20.52,1,1.22,MB17253
KMT-2017-BLG-1775,BLG43M0505.060532,18:03:41.07,-27:25:51.49,7838.36465,17.26,0.189,21.6,19.71,19.71,1,1.34,
KMT-2017-BLG-1776,BLG43M0506.085775,18:03:42.63,-27:17:17.70,7948.27507,1.12,0.312,20.06,20.0,20.34,1,1.44,
KMT-2017-BLG-1777,SAO43M0508.071340,18:03:35.60,-27:05:29.00,7843.52512,11.28,0.576,19.83,20.0,20.3,1,1.76,OB170408
KMT-2017-BLG-1778,SAO43M0601.011555,18:03:11.95,-27:53:19.50,7834.77869,15.96,0.029,20.71,17.91,17.91,1,1.27,OB170369
KMT-2017-BLG-1779,SAO43M0601.031683,18:03:14.47,-27:56:11.40,7885.10575,16.11,0.396,20.75,18.86,18.86,1,1.39,
KMT-2017-BLG-1780,SAO43M0606.051061,18:03:16.54,-27:16:44.69,7896.98145,66.42,0.023,23.92,20.0,20.16,1,1.92,
KMT-2017-BLG-1781,SAO43M0703.016413,18:02:35.99,-27:39:56.59,7977.43105,21.13,0.178,18.9,18.27,18.27,1,1.33,OB171521
KMT-2017-BLG-1782,SAO43M0704.015201,18:02:50.36,-27:32:30.59,7959.91766,7.13,0.028,19.91,18.32,18.32,1,1.38,OB171413 MB17401
KMT-2017-BLG-1783,BLG43M0708.065967,18:02:39.51,-27:01:45.80,7870.47793,9.0,0.44,20.02,20.0,20.8,1,2.27,
KMT-2017-BLG-1784,BLG43M0801.047739,18:02:08.53,-27:57:24.52,7821.10316,29.1,0.118,20.03,19.2,19.2,1,1.28,OB170190
KMT-2017-BLG-1785,SAO43M0802.024103,18:02:04.18,-27:46:23.99,7992.43289,8.41,0.374,18.71,18.63,18.63,1,1.43,OB171616
KMT-2017-BLG-1786,SAO43M0804.047627,18:02:03.56,-27:37:24.60,7966.70298,48.07,0.102,21.46,19.38,19.38,1,1.46,OB171442
KMT-2017-BLG-1787,BLG43M0805.055835,18:02:11.18,-27:28:07.28,7849.7065,9.67,0.275,21.18,19.74,19.74,1,1.51,OB170487
KMT-2017-BLG-1788,BLG43M0806.027962,18:02:17.59,-27:16:56.71,7870.81161,10.59,0.64,19.39,19.4,19.4,1,1.93,OB170699
KMT-2017-BLG-1789,BLG43M0806.069623,18:02:18.24,-27:15:14.18,7846.81628,20.19,0.019,23.47,20.0,20.53,1,1.93,
KMT-2017-BLG-1790,SAO43M0807.017931,18:01:58.57,-27:14:50.39,7891.39905,12.2,0.778,19.12,19.12,19.12,1,2.0,
KMT-2017-BLG-1791,SAO43N0103.041924,18:06:21.52,-28:48:57.20,8008.91848,109.29,0.224,19.69,19.2,19.2,1,0.83,OB171423 MB17450
KMT-2017-BLG-1792,BLG43N0206.015452,18:05:46.93,-28:23:08.70,7792.3191,26.39,0.383,18.29,18.29,18.29,1,1.03,OB170044
KMT-2017-BLG-1793,SSO43N0206.070049,18:05:41.42,-28:23:16.19,7829.55769,199.05,0.009,23.87,19.95,19.95,1,1.03,OB170352
KMT-2017-BLG-1794,BLG43N0207.030014,18:05:27.01,-28:15:36.22,7791.98709,23.4,0.013,18.6,18.6,18.6,1,0.82,OB170049 OB170062 MB17007
KMT-2017-BLG-1795,SAO43N0208.075744,18:05:49.10,-28:10:17.11,7876.22432,7.89,0.421,19.75,19.77,19.77,1,0.68,
KMT-2017-BLG-1796,SAO43N0302.024661,18:05:02.56,-28:58:29.50,7848.65258,2.96,0.133,20.76,18.5,18.5,1,0.87,OB170489
KMT-2017-BLG-1797,BLG43N0303.003746,18:04:44.46,-28:49:41.09,7855.68087,22.98,0.11,20.33,16.22,16.22,1,0.85,OB170555
KMT-2017-BLG-1798,SAO43N0303.048501,18:05:07.19,-28:45:43.70,7942.20376,35.95,0.12,20.1,19.15,19.15,1,0.92,OB170961 MB17353
KMT-2017-BLG-1799,BLG43N0306.045556,18:04:54.50,-28:27:41.29,7870.22256,16.76,0.094,21.96,19.21,19.21,1,0.9,OB170707
KMT-2017-BLG-1800,SAO43N0306.058321,18:05:09.28,-28:28:37.09,7877.87252,2.92,0.528,19.44,19.53,19.53,1,1.0,OB170706
KMT-2017-BLG-1801,SAO43N0307.053889,18:05:14.11,-28:21:49.79,7891.43342,28.72,0.086,21.41,19.3,19.3,1,0.92,
KMT-2017-BLG-1802,BLG43N0308.012401,18:04:59.16,-28:09:46.80,7851.12092,199.59,0.003,23.91,17.79,17.79,1,0.96,OB170494
KMT-2017-BLG-1803,SAO43N0402.000550,18:04:14.18,-28:54:29.20,7962.77486,16.63,0.724,14.34,14.35,14.35,1,0.69,OB171250 MB17351
KMT-2017-BLG-1804,BLG43N0405.013083,18:04:24.81,-28:30:08.71,7828.30256,13.26,0.279,18.04,17.88,17.88,1,0.94,OB170231
KMT-2017-BLG-1805,BLG43N0405.045664,18:04:38.13,-28:34:33.60,7929.83285,11.49,0.625,19.0,19.0,19.0,1,0.8,OB171150
KMT-2017-BLG-1806,SAO43N0405.086673,18:04:10.06,-28:31:58.30,7814.35465,28.38,0.066,21.25,20.0,20.14,1,1.02,OB170232
KMT-2017-BLG-1807,BLG43N0501.049470,18:03:39.03,-29:02:08.92,7892.06331,11.39,0.32,19.34,19.26,19.26,1,0.87,MB17260
KMT-2017-BLG-1808,BLG43N0502.006849,18:04:07.44,-28:59:36.49,7997.21098,15.12,0.18,20.35,17.13,17.13,1,0.69,
KMT-2017-BLG-1809,SAO43N0503.049703,18:03:59.12,-28:50:56.80,7921.86931,19.76,0.102,21.15,19.07,19.07,1,0.83,OB171117
KMT-2017-BLG-1810,SAO43N0504.046191,18:03:43.47,-28:44:01.10,7836.00221,16.86,0.055,18.81,18.97,18.97,1,0.75,OB170334
KMT-2017-BLG-1811,BLG43N0507.003865,18:03:40.51,-28:18:22.21,7844.97112,21.94,0.31,16.05,16.07,16.07,1,0.88,MB17085
KMT-2017-BLG-1812,BLG43N0607.020760,18:03:11.62,-28:18:49.21,7936.02905,31.91,0.084,21.92,18.18,18.18,1,0.86,OB171209
KMT-2017-BLG-1813,BLG43N0608.012291,18:03:21.33,-28:09:29.59,7952.43913,25.15,0.613,18.71,17.77,17.77,1,0.95,OB171212
KMT-2017-BLG-1814,BLG43N0701.029652,18:02:47.45,-29:03:05.90,7836.30785,28.76,0.16,21.38,18.67,18.67,1,0.96,OB170374
KMT-2017-BLG-1815,SSO43N0705.011620,18:02:29.79,-28:32:28.79,7857.33501,1.98,0.403,19.52,17.75,17.75,1,1.15,
KMT-2017-BLG-1816,SAO43N0707.093619,18:02:55.09,-28:22:15.71,7882.05859,60.74,0.068,22.37,20.0,20.05,1,0.96,
KMT-2017-BLG-1817,SAO43N0802.021981,18:02:00.34,-29:00:25.81,7908.54776,5.99,0.898,18.66,18.43,18.43,1,1.44,
KMT-2017-BLG-1818,BLG43N0802.028957,18:02:11.14,-28:57:34.99,7955.99698,10.08,0.387,19.49,18.67,18.67,1,1.14,OB171376
KMT-2017-BLG-1819,SAO43N0803.039300,18:01:55.86,-28:47:43.12,7845.26891,29.58,0.497,18.74,18.74,18.74,1,1.08,OB170492
KMT-2017-BLG-1820,SAO43N0805.002120,18:02:08.52,-28:34:32.81,7932.38476,199.39,0.991,18.69,15.42,15.42,1,1.0,
KMT-2017-BLG-1821,SAO43N0806.009184,18:02:22.30,-28:26:06.50,7875.1497,8.58,0.137,17.37,17.35,17.35,1,1.11,OB170557 MB17212
KMT-2017-BLG-1822,SAO43N0806.066909,18:02:14.24,-28:22:46.81,7909.47488,94.86,0.04,20.36,19.39,19.39,1,1.16,OB170708
KMT-2017-BLG-1823,SSO43N0807.009501,18:01:57.90,-28:19:03.40,7947.54661,1.42,0.158,17.43,17.42,17.42,1,1.22,OB171307
KMT-2017-BLG-1824,SAO43N0808.018944,18:02:01.70,-28:14:45.89,7988.6464,162.82,0.037,22.8,18.23,18.23,1,1.08,OB171621
KMT-2017-BLG-1825,SAO43N0808.031451,18:02:17.64,-28:11:04.31,7815.18263,55.24,0.033,20.57,18.68,18.68,1,1.04,OB170050 MB17055
KMT-2017-BLG-1826,SSO43T0102.015633,18:01:21.93,-28:54:55.40,7975.72196,19.54,0.017,22.56,17.97,17.97,1,1.07,
KMT-2017-BLG-1827,BLG43T0102.049312,18:01:18.73,-28:59:53.70,7986.73737,6.68,0.51,18.92,19.02,19.02,1,1.15,
KMT-2017-BLG-1828,BLG43T0102.086512,18:01:29.74,-28:53:03.80,7909.67199,6.11,0.488,19.88,19.95,19.95,1,1.11,
KMT-2017-BLG-1829,SAO43T0103.008754,18:01:15.25,-28:52:41.59,7898.30492,15.71,0.899,18.97,17.26,17.26,1,0.97,OB170864
KMT-2017-BLG-1830,SAO43T0104.079891,18:01:11.25,-28:39:40.00,7935.83923,20.31,0.073,21.39,19.77,19.77,1,1.04,OB171232
KMT-2017-BLG-1831,SAO43T0204.009060,18:00:46.25,-28:40:05.99,8005.77651,2.84,0.811,17.47,17.15,17.15,1,1.1,OB171696
KMT-2017-BLG-1832,BLG43T0204.014573,18:00:37.24,-28:37:59.59,7990.51544,5.72,0.377,19.3,17.75,17.75,1,1.25,OB171618
KMT-2017-BLG-1833,BLG43T0206.057835,18:00:57.04,-28:25:10.20,7916.05786,23.03,0.125,19.56,19.18,19.18,1,1.13,OB171047
KMT-2017-BLG-1834,SSO43T0208.013927,18:00:36.78,-28:08:38.18,7893.10104,26.57,0.35,18.07,18.04,18.04,1,1.31,OB170582 MB17225
KMT-2017-BLG-1835,SAO43T0208.083659,18:00:51.03,-28:11:30.01,7971.25709,44.59,0.072,20.02,20.0,20.03,1,1.38,OB171378
KMT-2017-BLG-1836,SAO43T0302.001859,18:00:03.32,-28:52:55.42,7944.50712,4.32,0.651,15.18,15.18,15.18,1,1.03,OB171262
KMT-2017-BLG-1837,SAO43T0302.088541,18:00:10.60,-28:54:50.40,7905.54129,75.58,0.234,19.94,19.71,19.71,1,0.93,MB17276
KMT-2017-BLG-1838,SAO43T0403.047407,17:59:45.01,-28:47:42.00,7948.14074,2.38,1.0,18.91,18.89,18.89,1,1.1,
KMT-2017-BLG-1839,SAO43T0407.030971,17:59:37.64,-28:19:04.40,7955.29285,12.23,0.462,18.85,18.7,18.7,1,1.36,
KMT-2017-BLG-1840,SAO43T0503.087432,17:58:43.10,-28:50:02.80,7953.5892,6.33,0.092,21.9,19.7,19.7,1,1.09,
KMT-2017-BLG-1841,SAO43T0504.076298,17:59:06.77,-28:41:59.71,7934.74843,10.03,0.127,20.09,19.55,19.55,1,1.22,OB171193
KMT-2017-BLG-1842,BLG43T0504.086533,17:58:50.76,-28:44:58.88,7971.20007,30.96,0.226,19.62,19.83,19.83,1,0.99,OB171454 OB171502 MB17411
KMT-2017-BLG-1843,SAO43T0507.029009,17:59:03.60,-28:17:21.59,7908.35907,17.41,0.062,19.85,18.68,18.68,1,1.48,OB170954
KMT-2017-BLG-1844,SAO43T0508.012444,17:59:12.91,-28:09:34.88,7835.33555,199.96,0.026,22.98,18.22,18.22,1,1.85,OB170367
KMT-2017-BLG-1845,SAO43T0508.021996,17:59:01.98,-28:09:58.10,7925.96375,44.39,0.656,18.97,18.86,18.86,1,2.0,OB170929
KMT-2017-BLG-1846,SAO43T0601.086550,17:58:30.89,-29:01:25.61,7906.45641,2.63,0.559,19.8,20.0,20.02,1,1.08,
KMT-2017-BLG-1847,SAO43T0602.028763,17:58:24.43,-28:57:41.11,7895.5642,34.37,0.261,21.26,18.53,18.53,1,1.16,OB170659
KMT-2017-BLG-1848,SAO43T0605.059696,17:58:25.56,-28:36:33.19,7901.4823,57.78,0.781,19.54,19.57,19.57,1,1.52,OB171003
KMT-2017-BLG-1849,SAO43T0605.087372,17:58:29.18,-28:35:46.00,7820.91625,3.63,0.128,19.92,20.0,20.32,1,1.56,
KMT-2017-BLG-1850,SAO43T0608.048652,17:58:35.22,-28:13:30.61,8003.16246,12.34,0.09,21.87,19.79,19.79,1,1.83,
KMT-2017-BLG-1851,SAO43T0703.030056,17:58:05.03,-28:50:50.78,7892.15015,5.09,0.658,21.09,18.64,18.64,1,1.47,
KMT-2017-BLG-1852,SAO43T0703.040839,17:57:52.55,-28:48:16.09,7949.25736,20.84,0.575,19.6,18.91,18.91,1,1.37,OB171279
KMT-2017-BLG-1853,SAO43T0802.068872,17:57:29.82,-28:52:41.48,7970.37032,16.95,0.392,19.59,19.59,19.59,1,1.41,
KMT-2017-BLG-1854,BLG43T0804.035243,17:57:20.08,-28:42:30.20,7842.95575,32.11,0.184,20.89,19.17,19.17,1,1.79,
KMT-2017-BLG-1855,SAO43T0805.032300,17:57:08.27,-28:34:03.79,7951.42192,28.83,0.246,20.19,19.1,19.1,1,1.99,OB171276
KMT-2017-BLG-1856,SSO43T0806.046106,17:57:29.90,-28:22:47.10,7975.7864,3.13,0.189,19.3,19.29,19.29,1,1.61,OB171530
KMT-2017-BLG-1857,SAO43T0807.059514,17:57:11.55,-28:21:28.12,7978.56448,21.29,0.114,19.48,19.58,19.58,1,1.99,
KMT-2017-BLG-1858,BLG01K0101.072796,17:53:50.90,-31:00:45.11,8042.66268,170.85,0.026,22.67,20.0,20.25,1,2.03,
KMT-2017-BLG-1859,BLG01K0105.001916,17:53:54.52,-30:28:38.10,8032.80766,48.89,0.999,16.69,15.68,15.68,1,1.46,
KMT-2017-BLG-1860,BLG01K0106.073610,17:54:08.62,-30:23:36.49,7908.28458,25.51,0.182,21.96,20.0,20.19,1,1.6,
KMT-2017-BLG-1861,SSO01K0108.008253,17:54:13.40,-30:04:44.80,8041.21666,23.14,0.72,17.0,16.99,16.99,1,1.4,
KMT-2017-BLG-1862,SSO01K0108.035543,17:54:16.30,-30:05:30.41,7920.22769,24.73,0.416,18.89,18.95,18.95,1,1.4,OB170925
KMT-2017-BLG-1863,BLG01K0202.020256,17:53:31.19,-30:50:56.40,7870.76104,33.87,1.0,19.25,18.69,18.69,1,1.97,OB170752
KMT-2017-BLG-1864,SAO01K0206.014069,17:53:27.17,-30:22:31.80,7901.85606,0.73,0.22,18.8,18.11,18.11,1,1.67,
KMT-2017-BLG-1865,BLG01K0305.053392,17:52:42.71,-30:34:14.02,7823.21385,199.98,0.061,22.57,20.0,20.06,1,2.61,OB170279
KMT-2017-BLG-1866,SAO01K0405.025426,17:52:03.57,-30:30:50.51,7949.57469,16.69,0.088,21.88,19.27,19.27,1,2.29,
KMT-2017-BLG-1867,BLG01K0407.010342,17:51:58.78,-30:18:34.70,7830.57711,4.9,0.896,18.75,17.5,17.5,4,2.17,
KMT-2017-BLG-1868,BLG01K0606.038407,17:51:15.69,-30:25:03.22,7775.48129,69.95,0.263,20.04,19.92,19.92,1,2.66,OB170091
KMT-2017-BLG-1869,SAO01K0703.024981,17:50:17.37,-30:46:15.10,7893.69092,5.01,0.997,19.64,19.26,19.26,1,2.53,
KMT-2017-BLG-1870,BLG01K0705.029852,17:50:37.19,-30:29:44.59,7789.1747,62.51,0.261,21.7,19.45,19.45,1,2.67,
KMT-2017-BLG-1871,SSO01K0707.007859,17:50:22.42,-30:16:33.10,8054.37114,29.13,0.07,19.55,17.65,17.65,1,3.1,OB171830
KMT-2017-BLG-1872,SAO01K0808.037964,17:49:41.26,-30:07:03.79,7926.66442,92.92,0.032,22.99,20.0,20.61,1,3.9,OB171144
KMT-2017-BLG-1873,BLG01M0208.063525,17:58:03.63,-30:07:49.30,7984.89161,25.9,0.472,20.0,20.0,20.08,1,1.63,
KMT-2017-BLG-1874,BLG01M0301.009647,17:57:44.59,-30:58:25.39,8046.90326,29.98,0.793,20.64,17.99,17.99,1,1.45,
KMT-2017-BLG-1875,SAO01M0401.011286,17:57:08.48,-31:00:03.89,7866.4255,66.57,0.272,21.07,17.98,17.98,1,1.11,
KMT-2017-BLG-1876,BLG01M0402.037426,17:57:26.67,-30:56:32.89,7819.12297,44.76,0.131,21.28,19.12,19.12,1,1.22,
KMT-2017-BLG-1877,BLG01M0606.011389,17:55:50.72,-30:25:06.20,7978.65934,52.01,0.465,20.35,18.39,18.39,1,2.26,OB171489
KMT-2017-BLG-1878,BLG01M0702.056610,17:55:14.32,-30:54:31.28,7807.64964,8.26,0.999,19.38,19.4,19.4,1,1.34,
KMT-2017-BLG-1879,BLG01M0703.018819,17:55:13.20,-30:47:38.11,7776.63298,48.29,0.857,18.73,18.64,18.64,1,1.69,OB170029
KMT-2017-BLG-1880,BLG01N0205.000644,17:58:13.64,-31:38:32.50,8041.28237,199.99,0.23,17.66,15.21,15.21,1,1.56,OB170958 MB17343
KMT-2017-BLG-1881,BLG01N0308.062802,17:57:43.21,-31:18:03.89,7891.76636,24.25,0.501,20.39,20.0,20.28,1,1.96,
KMT-2017-BLG-1882,BLG01N0504.084436,17:56:36.97,-31:48:44.39,7858.00191,7.2,0.597,19.97,20.0,20.91,1,1.5,
KMT-2017-BLG-1883,BLG01N0801.002127,17:54:56.74,-32:06:52.31,7791.96353,56.39,0.999,18.42,16.11,16.11,1,1.51,
KMT-2017-BLG-1884,BLG01T0104.016037,17:53:54.96,-31:47:47.11,7787.18582,34.08,0.074,20.26,18.79,18.79,1,1.87,OB170073
KMT-2017-BLG-1885,BLG01T0105.002612,17:54:13.85,-31:34:48.90,7835.30665,60.14,0.094,20.96,16.36,16.36,1,1.55,
KMT-2017-BLG-1886,SAO01T0303.001381,17:52:58.63,-31:55:29.89,8028.0371,74.29,0.964,19.4,15.9,15.9,1,1.99,
KMT-2017-BLG-1887,SAO02K0305.020349,17:52:59.45,-28:25:48.50,8038.83402,36.97,0.115,21.15,19.45,19.45,2,2.73,
KMT-2017-BLG-1888,BLG02M0302.047454,17:57:37.51,-28:47:26.59,7803.78134,48.45,0.035,21.81,19.01,19.01,1,1.26,
KMT-2017-BLG-1889,BLG02M0406.083289,17:56:55.09,-28:12:45.29,7955.86756,18.45,0.722,19.88,20.0,20.15,1,1.95,
KMT-2017-BLG-1890,BLG02M0702.024011,17:55:09.75,-28:45:45.86,7821.00281,12.75,0.854,18.92,18.92,18.92,2,2.02,
KMT-2017-BLG-1891,BLG02N0103.034848,17:58:56.86,-29:42:20.99,8034.90756,199.57,0.039,23.0,18.72,18.72,1,1.29,
KMT-2017-BLG-1892,BLG02N0203.061394,17:58:15.13,-29:45:49.00,7810.18783,27.93,0.652,20.02,19.34,19.34,1,1.16,
KMT-2017-BLG-1893,SAO02N0303.061215,17:57:44.79,-29:49:00.01,8014.85719,19.83,0.317,21.0,19.46,19.46,1,1.57,
KMT-2017-BLG-1894,SAO02N0408.005777,17:57:09.20,-29:06:07.31,7901.95202,16.08,0.984,19.24,16.87,16.87,1,1.67,
KMT-2017-BLG-1895,SAO02N0702.008484,17:55:12.11,-29:51:16.60,7885.30919,15.82,0.617,19.34,16.95,16.95,1,1.27,
KMT-2017-BLG-1896,BLG02T0104.070049,17:54:00.34,-29:41:54.38,8001.52618,78.57,0.002,23.98,19.46,19.46,1,1.4,
KMT-2017-BLG-1897,BLG02T0201.072106,17:53:23.36,-29:58:42.31,7846.77557,30.86,0.193,22.02,19.55,19.55,1,1.47,
KMT-2017-BLG-1898,SAO02T0203.078639,17:53:27.32,-29:45:19.19,7863.00365,65.17,0.008,24.51,19.63,19.63,1,1.55,
KMT-2017-BLG-1899,BLG02T0204.040410,17:53:25.56,-29:40:38.50,8034.78218,19.32,0.567,19.04,19.03,19.03,1,1.81,
KMT-2017-BLG-1900,SAO02T0304.014657,17:52:55.03,-29:38:29.11,7900.45145,146.32,0.027,24.05,17.88,17.88,1,2.04,
KMT-2017-BLG-1901,SAO02T0405.047097,17:52:19.43,-29:33:03.10,7923.03395,25.84,0.303,21.62,19.73,19.73,1,2.44,
KMT-2017-BLG-1902,SAO03K0403.061468,18:00:00.65,-27:31:54.98,7905.59507,30.99,0.284,20.62,19.89,19.89,1,1.85,
KMT-2017-BLG-1903,SAO03K0606.001925,17:58:36.19,-27:08:40.92,7864.90054,84.54,0.067,22.02,16.68,16.68,2,2.91,
KMT-2017-BLG-1904,SAO03M0206.022657,18:05:46.77,-27:07:51.71,7901.11137,16.58,0.214,20.74,18.42,18.42,1,1.05,
KMT-2017-BLG-1905,BLG03M0305.023721,18:05:20.47,-27:19:26.18,7961.2819,45.71,0.013,25.27,18.37,18.37,1,0.84,
KMT-2017-BLG-1906,BLG03M0608.080791,18:03:21.20,-26:57:32.69,8048.96951,54.07,0.18,20.5,20.0,20.59,1,1.74,
KMT-2017-BLG-1907,BLG03N0308.055519,18:05:15.63,-28:07:01.49,8039.88494,13.77,0.915,19.31,19.28,19.28,1,0.84,
KMT-2017-BLG-1908,BLG03N0503.000709,18:04:02.58,-28:40:22.40,7972.55249,86.95,0.888,19.2,14.58,14.58,1,0.83,
KMT-2017-BLG-1909,SAO03N0703.025032,18:03:05.57,-28:41:00.20,7919.6205,17.54,0.348,21.56,18.43,18.43,1,0.88,
KMT-2017-BLG-1910,SAO03N0707.023415,18:03:09.45,-28:09:19.58,7881.77153,93.3,0.045,24.03,18.26,18.26,1,0.88,
KMT-2017-BLG-1911,SAO03N0708.038996,18:02:42.01,-27:59:51.90,7875.00389,7.49,0.002,21.14,18.8,18.8,1,1.21,OB171020 OB171024
KMT-2017-BLG-1912,SSO03N0805.090531,18:02:32.19,-28:24:00.29,7999.92534,6.74,0.216,20.38,20.0,20.1,1,1.07,
KMT-2017-BLG-1913,SAO03T0201.043714,18:00:46.27,-28:57:24.08,7943.72526,69.96,0.008,28.0,18.85,18.85,1,0.96,
KMT-2017-BLG-1914,SAO03T0302.004347,18:00:32.66,-28:52:02.39,7807.98637,115.67,0.021,22.1,15.94,15.94,1,0.89,
KMT-2017-BLG-1915,SAO03T0404.075006,18:00:02.80,-28:36:10.69,7843.80894,27.71,0.374,20.28,19.64,19.64,1,1.21,
KMT-2017-BLG-1916,SAO03T0505.063792,17:59:12.78,-28:27:29.09,7897.21989,13.83,0.686,19.52,19.35,19.35,1,1.34,
KMT-2017-BLG-1917,SSO03T0706.048601,17:57:53.67,-28:21:06.98,8025.06452,21.61,0.321,21.06,19.34,19.34,1,1.65,
KMT-2017-BLG-1918,SAO03T0706.076943,17:58:11.53,-28:21:31.61,7964.54004,199.53,0.033,23.73,19.96,19.96,1,1.47,
KMT-2017-BLG-1919,BLG04K0405.076240,18:01:42.02,-29:28:50.30,7804.74035,55.54,0.409,20.34,20.0,20.04,1,1.59,
KMT-2017-BLG-1920,SAO04K0508.030638,18:00:56.31,-29:03:27.22,8042.16286,83.66,0.148,20.31,18.66,18.66,1,1.01,OB171788
KMT-2017-BLG-1921,SAO04K0601.076377,18:00:39.03,-29:54:58.39,7968.05797,37.68,0.16,20.97,19.94,19.94,1,1.05,
KMT-2017-BLG-1922,BLG04K0804.046877,17:59:38.26,-29:35:18.49,8001.12632,35.21,0.68,19.39,19.4,19.4,1,1.35,OB171611
KMT-2017-BLG-1923,BLG04K0808.056358,17:59:26.67,-29:01:56.71,7874.84231,12.14,0.801,19.25,19.09,19.09,1,1.08,OB170658
KMT-2017-BLG-1924,BLG04M0105.017727,18:08:02.97,-29:24:59.40,7866.11506,58.96,0.931,19.3,18.59,18.59,1,0.97,
KMT-2017-BLG-1925,BLG04M0105.045148,18:08:09.63,-29:26:02.40,7906.85897,21.98,0.331,19.63,19.59,19.59,1,0.97,OB170940
KMT-2017-BLG-1926,BLG04M0303.035062,18:07:17.29,-29:40:16.10,7812.01126,48.05,0.48,19.75,19.09,19.09,1,0.71,OB170150
KMT-2017-BLG-1927,BLG04M0505.012766,18:05:46.45,-29:21:54.22,7823.57657,19.96,0.974,18.35,18.28,18.28,1,1.02,OB170353
KMT-2017-BLG-1928,BLG04M0608.004260,18:05:39.74,-29:03:46.01,7896.48358,25.33,0.442,19.66,16.85,16.85,1,0.91,
KMT-2017-BLG-1929,BLG04M0608.032585,18:05:10.10,-29:01:16.79,7972.29621,39.12,0.279,21.08,18.98,18.98,1,0.98,
KMT-2017-BLG-1930,BLG04M0705.085847,18:04:39.23,-29:25:28.99,7960.36576,50.92,0.359,20.15,20.0,20.7,1,1.05,
KMT-2017-BLG-1931,BLG04M0708.021702,18:05:03.09,-29:04:50.30,7957.82284,22.05,0.797,19.15,18.45,18.45,1,0.97,OB171462
KMT-2017-BLG-1932,BLG04M0802.000992,18:04:28.66,-29:48:58.28,7790.30502,76.12,0.987,16.93,14.97,14.97,1,0.8,OB161396
KMT-2017-BLG-1933,BLG04M0805.061151,18:04:04.80,-29:23:11.51,7876.84961,6.75,0.468,19.58,19.53,19.53,1,0.82,
KMT-2017-BLG-1934,BLG04T0103.009100,18:03:12.16,-30:44:48.52,8047.03467,20.74,1.0,18.44,18.45,18.45,1,1.33,
KMT-2017-BLG-1935,SAO04T0303.039229,18:02:17.61,-30:48:09.68,7862.70195,24.54,0.782,19.65,19.73,19.73,1,1.46,OB170719
KMT-2017-BLG-1936,BLG04T0402.017119,18:01:41.07,-30:54:44.21,7946.75637,39.51,0.176,20.1,18.84,18.84,1,1.4,OB171263
KMT-2017-BLG-1937,BLG04T0502.014062,18:01:07.63,-30:53:19.21,7807.18693,38.86,0.494,19.91,18.73,18.73,1,1.54,OB170191
KMT-2017-BLG-1938,BLG04T0602.007717,18:00:37.68,-30:51:32.11,7899.72263,16.3,0.982,19.18,18.01,18.01,1,1.46,
KMT-2017-BLG-1939,BLG04T0603.005131,18:00:18.69,-30:44:04.42,7930.80981,101.84,0.34,19.64,17.44,17.44,1,1.52,OB170674 MB17330
KMT-2017-BLG-1940,SAO04T0701.025857,18:00:04.07,-31:05:40.88,7876.21056,28.89,0.677,19.39,19.46,19.46,1,1.46,
KMT-2017-BLG-1941,SAO04T0702.008111,17:59:44.07,-30:51:22.28,8046.23952,63.68,0.769,18.57,18.35,18.35,1,1.64,OB170854
KMT-2017-BLG-1942,BLG11K0102.009786,17:27:17.47,-29:41:02.80,7793.4095,43.52,0.245,19.67,18.62,18.62,1,1.9,OB170113
KMT-2017-BLG-1943,BLG11K0104.061282,17:27:08.03,-29:26:17.41,7806.10973,35.54,0.184,20.92,20.0,20.48,1,1.89,
KMT-2017-BLG-1944,BLG11K0205.002717,17:26:27.41,-29:22:31.01,7788.05698,83.45,0.863,18.27,18.36,18.36,2,1.67,OB170115
KMT-2017-BLG-1945,BLG11K0402.012991,17:25:08.92,-29:43:09.30,7815.52251,27.3,0.155,19.84,20.0,20.41,2,2.21,
KMT-2017-BLG-1946,BLG11M0403.008019,17:30:15.96,-29:37:45.95,8001.90676,41.12,0.681,18.61,18.68,18.68,2,2.17,OB171405
KMT-2017-BLG-1947,BLG11M0406.002362,17:30:29.84,-29:11:49.67,7958.6234,73.68,0.389,19.72,20.0,20.7,2,2.69,OB171153
KMT-2017-BLG-1948,SAO11M0501.022443,17:29:47.10,-29:51:05.47,7938.92368,45.47,0.16,21.64,19.81,19.81,2,2.15,OB171247
KMT-2017-BLG-1949,BLG11M0705.064738,17:28:22.85,-29:21:09.79,7834.40823,74.14,0.15,21.79,20.0,20.68,1,2.02,
KMT-2017-BLG-1950,SAO11M0806.000315,17:27:56.20,-29:13:50.70,8044.81802,44.04,0.579,18.01,14.63,14.63,1,1.74,
KMT-2017-BLG-1951,BLG11T0705.012224,17:23:39.29,-30:25:27.23,7812.38704,90.92,0.162,19.3,19.28,19.28,2,2.53,OB170111
KMT-2017-BLG-1952,SAO12K0105.001288,17:26:57.53,-27:12:35.53,7902.59833,10.0,0.994,17.83,17.1,17.1,2,2.27,
KMT-2017-BLG-1953,BLG12K0604.011687,17:24:16.22,-27:21:07.99,7805.65543,25.25,0.427,19.79,19.86,19.86,2,1.99,
KMT-2017-BLG-1954,BLG12M0107.008099,17:32:08.86,-26:58:32.38,7777.81702,67.47,0.416,19.83,20.0,20.44,2,3.27,
KMT-2017-BLG-1955,BLG12N0103.018948,17:32:08.01,-28:35:15.97,8037.27038,90.61,0.415,19.94,20.0,20.67,2,2.83,
KMT-2017-BLG-1956,BLG12N0501.013187,17:29:33.45,-28:52:11.64,7824.82191,199.97,0.187,19.21,20.0,20.69,2,2.4,
KMT-2017-BLG-1957,SAO13K0406.004018,17:32:16.46,-33:38:36.71,7989.82562,82.68,0.38,20.29,20.0,20.56,2,6.88,
KMT-2017-BLG-1958,BLG14K0701.001313,17:32:39.82,-28:47:51.58,7798.28078,81.2,0.578,18.13,17.67,17.67,2,3.54,
KMT-2017-BLG-1959,SAO14K0803.001060,17:32:21.64,-28:30:19.66,7933.13573,56.9,0.267,21.0,16.9,16.9,2,2.57,
KMT-2017-BLG-1960,BLG14M0306.006521,17:40:02.38,-28:10:02.32,7845.4468,29.06,0.282,20.7,18.47,18.47,2,3.17,
KMT-2017-BLG-1961,BLG14M0801.001147,17:37:24.26,-28:46:31.87,7853.13484,61.63,0.154,22.08,16.83,16.83,2,3.29,
KMT-2017-BLG-1962,BLG14N0203.004209,17:40:30.46,-29:38:54.56,7958.61286,78.75,0.506,19.95,20.0,20.48,2,7.37,
KMT-2017-BLG-1963,BLG14N0408.000682,17:39:21.32,-29:00:06.55,7913.0815,26.82,0.995,18.92,17.61,17.61,2,4.34,
KMT-2017-BLG-1964,BLG14N0503.006003,17:38:59.97,-29:42:26.06,7791.54656,47.04,0.963,19.9,19.89,19.89,2,5.24,
KMT-2017-BLG-1965,SSO14N0601.008092,17:38:27.44,-29:54:12.85,7864.7109,54.15,0.27,19.41,19.8,19.8,2,4.8,OB170324
KMT-2017-BLG-1966,BLG14N0802.008754,17:37:24.24,-29:43:52.64,8024.94217,16.33,0.616,19.4,19.41,19.41,2,3.93,
KMT-2017-BLG-1967,BLG14N0805.002323,17:37:09.30,-29:21:16.06,8046.94672,61.36,0.279,20.2,17.69,17.69,2,3.53,
KMT-2017-BLG-1968,BLG14N0808.001497,17:37:17.36,-29:00:43.02,8047.42514,47.58,0.828,19.45,17.07,17.07,2,3.37,
KMT-2017-BLG-1969,BLG14T0106.017167,17:36:35.52,-29:17:04.96,8048.50129,37.27,0.391,21.02,20.0,20.43,2,3.83,
KMT-2017-BLG-1970,SAO14T0702.014649,17:32:46.00,-29:46:28.02,7977.7862,37.29,0.909,19.81,19.86,19.86,2,2.95,OB171550
KMT-2017-BLG-1971,BLG14T0808.014364,17:32:30.17,-29:03:58.86,7888.65163,53.95,0.139,21.92,20.0,20.89,2,3.02,
KMT-2017-BLG-1972,SAO15K0101.006218,17:36:27.58,-26:39:53.50,7955.85255,12.09,0.67,20.07,18.88,18.88,2,2.72,
KMT-2017-BLG-1973,BLG15M0204.006730,17:40:23.13,-26:13:29.28,7860.25501,45.08,0.151,21.44,18.66,18.66,2,2.7,
KMT-2017-BLG-1974,BLG15M0401.003805,17:39:37.96,-26:37:29.06,7875.50231,27.91,0.196,21.81,18.04,18.04,2,2.79,
KMT-2017-BLG-1975,BLG15M0808.001924,17:37:20.30,-25:48:26.68,8046.87881,60.32,0.159,20.75,18.43,18.43,2,3.54,
KMT-2017-BLG-1976,BLG15N0304.010197,17:40:19.83,-27:22:31.37,8019.84283,56.32,0.253,21.09,19.12,19.12,2,3.17,
KMT-2017-BLG-1977,BLG15N0406.010135,17:39:19.81,-27:07:22.98,8046.23283,50.24,0.505,19.83,19.07,19.07,2,2.72,
KMT-2017-BLG-1978,BLG15N0406.018547,17:39:23.62,-27:12:12.96,7992.56023,39.59,0.392,20.36,19.93,19.93,2,2.46,OB171575
KMT-2017-BLG-1979,SAO15N0407.004173,17:39:26.55,-27:01:48.29,7876.63627,19.78,0.994,19.11,17.82,17.82,2,2.77,
KMT-2017-BLG-1980,BLG15N0504.007243,17:38:49.28,-27:28:04.62,7908.24252,43.39,0.276,21.62,18.57,18.57,2,2.38,
KMT-2017-BLG-1981,BLG15T0205.002722,17:35:42.76,-27:15:44.78,8006.89843,17.84,0.999,18.78,16.65,16.65,1,2.25,
KMT-2017-BLG-1982,SAO15T0602.002537,17:33:33.40,-27:36:16.27,8035.82646,46.71,0.098,18.8,17.45,17.45,2,2.65,OB171647 MB17495
KMT-2017-BLG-1983,BLG16T0208.001950,17:36:02.32,-24:46:44.87,7986.11797,49.69,0.964,17.72,17.67,17.67,2,2.44,
KMT-2017-BLG-1984,BLG16T0307.008908,17:35:26.94,-24:54:13.64,7909.91838,18.17,0.909,19.94,20.0,20.17,2,2.85,
KMT-2017-BLG-1985,BLG17K0106.002043,17:44:20.63,-32:30:11.59,7806.39254,51.33,0.666,20.88,18.92,18.92,2,5.19,
KMT-2017-BLG-1986,BLG17K0804.001434,17:40:00.56,-32:41:48.59,7809.02837,57.13,0.947,19.15,17.9,17.9,2,4.26,
KMT-2017-BLG-1987,BLG17N0107.052319,17:49:05.10,-33:32:52.91,7882.47103,24.85,0.427,20.03,20.0,20.13,1,1.53,OB170642
KMT-2017-BLG-1988,BLG17N0707.027568,17:45:31.25,-33:30:24.59,7864.75081,6.84,0.786,19.69,19.76,19.76,1,1.86,
KMT-2017-BLG-1989,BLG17T0102.009009,17:44:32.35,-34:06:05.62,7776.26685,56.07,0.34,19.55,18.02,18.02,1,1.7,OB170156
KMT-2017-BLG-1990,BLG17T0305.015366,17:42:44.87,-33:41:30.88,7934.49478,14.67,0.623,19.94,20.0,20.67,2,2.7,
KMT-2017-BLG-1991,SAO18K0202.005124,17:45:15.18,-26:32:53.95,8047.61446,77.73,0.158,20.55,18.47,18.47,2,3.04,
KMT-2017-BLG-1992,SAO18K0508.002391,17:43:19.82,-25:47:07.19,7941.29467,23.59,0.359,21.02,17.28,17.28,2,2.63,
KMT-2017-BLG-1993,BLG18K0605.002530,17:42:30.21,-26:11:25.62,7952.04798,92.81,0.411,17.66,17.61,17.61,2,3.4,
KMT-2017-BLG-1994,BLG18K0704.009631,17:42:17.62,-26:11:34.19,7977.4513,45.1,0.162,21.12,19.39,19.39,2,3.43,
KMT-2017-BLG-1995,SAO18K0806.008923,17:41:52.03,-25:58:11.71,7928.69468,29.62,0.084,21.99,20.0,21.21,2,3.1,
KMT-2017-BLG-1996,SAO18K0807.008645,17:41:39.41,-25:50:50.82,7934.48216,2.87,0.895,19.31,19.24,19.24,2,2.7,
KMT-2017-BLG-1997,BLG18M0601.011693,17:47:43.16,-26:38:07.55,7793.85166,29.38,0.458,19.94,20.0,20.58,2,4.76,
KMT-2017-BLG-1998,BLG18T0802.009470,17:41:31.85,-27:35:29.04,7850.9931,18.47,0.956,18.94,18.82,18.82,2,3.18,
KMT-2017-BLG-1999,BLG19K0104.003031,17:45:39.84,-24:08:37.28,8060.15847,46.89,0.068,19.02,16.68,16.68,1,2.1,OB171817
KMT-2017-BLG-2000,BLG19K0104.030129,17:45:34.93,-24:10:05.59,7811.25944,15.91,1.0,19.76,19.5,19.5,1,2.12,
KMT-2017-BLG-2001,SAO19K0203.050715,17:45:01.27,-24:20:42.50,7881.85413,7.12,0.537,20.0,20.0,20.03,1,2.1,
KMT-2017-BLG-2002,BLG19K0206.005532,17:45:11.87,-23:55:22.91,7811.42234,29.58,1.0,18.1,17.55,17.55,1,1.63,OB170355
KMT-2017-BLG-2003,BLG19K0303.009644,17:44:42.63,-24:16:47.78,7984.753,56.1,0.279,20.82,18.26,18.26,1,1.81,OB171665
KMT-2017-BLG-2004,BLG19K0305.004786,17:44:45.22,-24:00:43.42,7864.77984,29.47,0.653,18.9,17.34,17.34,1,1.79,OB170513
KMT-2017-BLG-2005,BLG19K0704.068404,17:42:02.39,-24:08:31.99,7909.51461,162.52,0.004,24.39,20.0,20.6,1,1.77,
KMT-2017-BLG-2006,BLG19K0804.000471,17:41:44.83,-24:11:14.78,7909.37468,24.61,0.397,19.4,14.99,14.99,1,1.78,
KMT-2017-BLG-2007,SAO19K0804.023369,17:41:54.06,-24:13:25.79,7930.90511,27.06,0.107,21.36,19.3,19.3,1,1.77,
KMT-2017-BLG-2008,BLG19M0708.039471,17:46:44.29,-23:39:54.00,7947.78672,16.51,0.372,19.82,19.9,19.9,1,1.86,OB171360
KMT-2017-BLG-2009,BLG19M0708.042172,17:47:10.87,-23:40:59.70,7860.96203,16.25,0.538,19.62,19.98,19.98,1,2.18,OB170514
KMT-2017-BLG-2010,SAO19N0807.013215,17:46:28.82,-24:54:51.48,7806.18479,49.68,0.782,20.23,19.91,19.91,2,2.97,
KMT-2017-BLG-2011,BLG19T0508.018518,17:43:37.49,-24:49:01.16,7986.97113,14.89,0.197,21.23,20.0,21.79,2,2.84,
KMT-2017-BLG-2012,BLG19T0602.000407,17:43:01.78,-25:29:06.83,7826.84898,100.18,0.053,21.28,15.82,15.82,2,2.9,
KMT-2017-BLG-2013,SAO19T0703.013285,17:42:23.10,-25:23:43.15,7935.79789,77.13,0.023,24.03,19.8,19.8,2,2.84,
KMT-2017-BLG-2014,BLG20K0208.005260,17:44:59.55,-21:35:28.32,7818.85712,37.55,0.491,18.2,18.17,18.17,4,1.46,
KMT-2017-BLG-2015,BLG20N0108.003060,17:50:24.48,-22:36:17.10,7908.76519,30.22,0.775,18.76,17.09,17.09,1,2.06,
KMT-2017-BLG-2016,SAO20N0201.004707,17:49:43.87,-23:32:05.46,7810.63638,166.49,0.13,17.98,17.31,17.31,4,1.94,
KMT-2017-BLG-2017,SAO20N0201.008103,17:49:39.41,-23:34:41.70,7832.12738,71.35,0.788,18.11,18.14,18.14,2,1.9,OB170261
KMT-2017-BLG-2018,BLG20N0503.038090,17:48:10.28,-23:19:00.59,7950.33437,41.76,0.109,20.94,19.49,19.49,1,1.65,OB171361
KMT-2017-BLG-2019,SAO21K0603.064172,17:51:03.54,-34:57:58.61,7860.86083,33.46,0.189,20.75,20.0,20.17,1,0.91,OB170477
KMT-2017-BLG-2020,BLG21K0702.002644,17:49:57.82,-35:08:13.31,7957.29005,45.58,1.0,17.31,16.37,16.37,1,1.04,OB171125
KMT-2017-BLG-2021,SAO21K0705.011276,17:50:18.52,-34:44:26.70,7905.73841,13.64,0.916,18.26,18.27,18.27,1,1.05,
KMT-2017-BLG-2022,SAO21N0606.014285,17:56:05.34,-35:43:29.39,7874.91369,54.9,0.338,20.28,18.81,18.81,1,0.8,
KMT-2017-BLG-2023,BLG21T0606.040370,17:51:07.45,-35:41:40.81,8049.4805,52.77,0.469,19.58,19.53,19.53,1,0.73,
KMT-2017-BLG-2024,SSO22K0306.002787,17:52:38.74,-32:29:22.42,7812.9996,65.61,0.912,17.21,16.15,16.15,1,1.42,OB160293 MB16147
KMT-2017-BLG-2025,BLG22K0602.024855,17:50:46.18,-32:57:54.79,7866.91731,14.3,0.398,20.41,19.4,19.4,1,1.96,OB170645
KMT-2017-BLG-2026,SAO22K0701.067961,17:50:11.21,-33:08:15.61,7909.51497,27.53,0.731,20.06,20.0,20.58,1,1.93,
KMT-2017-BLG-2027,SAO22K0703.018526,17:50:15.84,-32:54:56.70,7880.67574,36.11,0.717,19.3,19.27,19.27,1,2.23,OB170758
KMT-2017-BLG-2028,BLG22K0802.025253,17:49:35.48,-33:01:17.00,7938.50712,48.3,0.139,22.34,19.73,19.73,1,2.31,
KMT-2017-BLG-2029,BLG22M0201.022193,17:58:27.00,-33:05:05.21,7870.22513,51.74,0.066,21.2,19.36,19.36,1,1.38,
KMT-2017-BLG-2030,BLG22M0401.014401,17:56:59.92,-33:04:06.89,7866.69905,5.4,0.74,18.59,18.64,18.64,1,1.14,OB170689
KMT-2017-BLG-2031,BLG22N0302.006728,17:58:07.46,-34:03:37.58,8045.51549,29.16,0.888,18.45,17.88,17.88,1,0.85,
KMT-2017-BLG-2032,BLG22T0103.001261,17:53:52.38,-34:02:34.30,8044.86598,64.49,0.367,19.41,15.66,15.66,1,1.29,
KMT-2017-BLG-2033,BLG22T0105.011194,17:54:04.55,-33:41:59.21,7809.97481,51.6,0.57,19.18,18.59,18.59,1,1.48,OB170016
KMT-2017-BLG-2034,BLG22T0401.054338,17:51:52.74,-34:14:15.22,7933.51823,21.24,0.052,21.44,20.0,20.31,1,1.27,OB171206
KMT-2017-BLG-2035,SAO22T0405.000879,17:52:14.80,-33:47:12.23,7947.53264,11.93,0.888,16.71,16.59,16.59,2,2.11,OB171191
KMT-2017-BLG-2036,SSO22T0508.001383,17:51:17.49,-33:19:37.81,7998.89671,51.58,0.766,18.63,16.12,16.12,2,1.59,
KMT-2017-BLG-2037,BLG31K0205.003499,18:12:25.30,-25:13:53.00,7915.16339,53.62,0.765,18.94,17.4,17.4,1,1.73,MB17323
KMT-2017-BLG-2038,BLG31K0206.019029,18:12:38.54,-25:02:52.91,7838.76306,19.73,0.764,19.59,19.66,19.66,1,2.08,
KMT-2017-BLG-2039,SAO31K0405.016193,18:11:29.83,-25:10:52.10,7945.42636,29.77,0.606,19.73,19.2,19.2,1,1.93,
KMT-2017-BLG-2040,BLG31M0202.000773,18:17:10.99,-25:32:27.49,8028.12156,64.76,0.995,16.95,15.2,15.2,1,1.02,MB17461
KMT-2017-BLG-2041,BLG31M0303.035850,18:16:28.92,-25:30:50.69,7965.81515,33.31,0.302,20.06,19.46,19.46,1,0.86,
KMT-2017-BLG-2042,BLG31M0407.026489,18:15:57.28,-25:00:19.12,7826.98886,99.58,0.525,19.2,19.48,19.48,1,1.25,
KMT-2017-BLG-2043,BLG31N0106.049443,18:18:02.21,-26:13:07.00,7866.43972,56.64,0.218,21.14,20.0,20.08,1,0.81,
KMT-2017-BLG-2044,BLG31N0601.037746,18:14:49.13,-26:47:20.18,7922.39446,32.04,0.41,19.4,19.45,19.45,1,0.84,OB171012
KMT-2017-BLG-2045,BLG31T0102.002968,18:13:08.78,-26:45:46.19,7855.99505,46.07,0.902,17.49,16.6,16.6,1,0.81,OB170354
KMT-2017-BLG-2046,BLG31T0105.050112,18:12:56.34,-26:18:21.20,7885.30606,71.55,0.291,19.85,19.89,19.89,1,1.05,OB170559
KMT-2017-BLG-2047,SSO32K0204.023925,18:10:28.25,-27:29:58.99,7877.71927,199.89,0.179,14.98,18.68,18.68,1,0.98,OB170063 MB17145
KMT-2017-BLG-2048,SAO32K0503.038777,18:08:38.44,-27:32:54.31,7926.98911,62.48,0.087,21.33,19.28,19.28,1,1.23,OB171105
KMT-2017-BLG-2049,BLG32M0107.002631,18:15:41.69,-27:04:33.10,8047.76892,49.87,0.583,19.76,16.67,16.67,1,0.79,
KMT-2017-BLG-2050,BLG32N0807.011730,18:11:47.89,-28:08:59.60,7998.2243,52.81,0.769,18.57,18.0,18.0,1,0.63,
KMT-2017-BLG-2051,BLG33K0103.003904,18:12:58.88,-29:38:40.60,7809.82167,6.14,0.167,18.18,17.21,17.21,1,0.43,MB17060
KMT-2017-BLG-2052,BLG33K0602.014277,18:10:07.87,-29:47:39.98,7873.74981,22.65,0.955,18.38,18.41,18.41,1,0.9,
KMT-2017-BLG-2053,BLG33T0202.030921,18:12:05.83,-30:51:59.62,7872.56681,15.72,0.916,19.55,19.58,19.58,1,0.41,
KMT-2017-BLG-2054,BLG34M0504.012245,18:06:21.93,-31:41:26.02,8035.10449,66.15,0.47,18.47,18.46,18.46,1,0.78,
KMT-2017-BLG-2055,BLG34M0607.017378,18:05:27.92,-31:20:44.48,7807.78188,64.55,0.305,20.22,18.94,18.94,1,1.04,OB170128
KMT-2017-BLG-2056,BLG34M0801.004716,18:04:30.44,-31:59:46.10,7912.07107,81.06,0.408,19.88,17.79,17.79,1,1.01,
KMT-2017-BLG-2057,BLG34N0308.006059,18:07:15.78,-32:16:10.42,7954.11816,39.39,0.169,21.38,18.09,18.09,1,0.68,
KMT-2017-BLG-2058,SSO34N0603.010890,18:05:43.75,-32:53:11.69,7919.00104,53.44,0.455,18.83,18.5,18.5,1,0.81,OB171008
KMT-2017-BLG-2059,BLG34N0802.034283,18:04:30.93,-33:05:38.00,8018.06252,35.2,0.827,19.58,19.68,19.68,1,0.78,
KMT-2017-BLG-2060,BLG35K0204.009387,18:03:42.15,-25:22:41.70,8044.5712,60.07,0.401,19.21,19.24,19.24,2,2.6,
KMT-2017-BLG-2061,BLG35M0204.007934,18:08:18.17,-25:23:29.29,7874.37574,26.28,0.591,19.95,18.05,18.05,1,1.59,
KMT-2017-BLG-2062,BLG35N0102.016083,18:08:35.50,-26:42:31.39,7852.83314,30.54,0.898,18.85,18.79,18.79,1,1.33,OB170423
KMT-2017-BLG-2063,BLG35N0302.022663,18:07:41.56,-26:41:26.99,8048.23625,46.25,0.409,19.36,18.59,18.59,1,1.1,
KMT-2017-BLG-2064,BLG35N0703.005705,18:05:17.25,-26:31:31.80,7900.60243,26.9,0.675,17.32,17.25,17.25,1,1.48,OB170802
KMT-2017-BLG-2065,SAO35T0106.000307,18:03:55.04,-26:11:29.69,7915.94742,53.33,0.867,15.88,15.62,15.62,2,3.16,OB170285 MB17138
KMT-2017-BLG-2066,BLG35T0301.010850,18:02:42.24,-26:52:46.20,7790.66908,58.33,0.865,18.51,18.48,18.48,1,2.23,
KMT-2017-BLG-2067,BLG35T0707.011164,18:00:47.80,-26:01:04.37,7872.92472,34.0,0.638,19.87,20.0,20.09,2,4.67,
KMT-2017-BLG-2068,BLG36K0502.012589,18:13:13.87,-23:32:44.74,7994.77891,53.93,0.149,20.89,19.69,19.69,4,1.95,
KMT-2017-BLG-2069,SAO37K0107.002420,17:43:59.53,-34:32:05.75,8043.2922,28.19,0.998,17.44,16.65,16.65,2,1.57,
KMT-2017-BLG-2070,BLG37M0705.009934,17:45:18.50,-34:40:39.61,7977.29878,35.96,0.458,18.51,18.37,18.37,1,1.75,OB171386
KMT-2017-BLG-2071,BLG37M0705.014688,17:45:28.45,-34:47:04.88,8035.69349,46.1,0.781,18.76,18.77,18.77,1,1.57,OB171746
KMT-2017-BLG-2072,BLG37N0507.009049,17:47:08.32,-35:36:23.40,7931.62406,65.34,0.354,19.85,18.35,18.35,1,1.19,OB171079
KMT-2017-BLG-2073,BLG37N0508.009181,17:46:33.61,-35:25:16.10,7966.04704,68.51,0.125,19.26,18.29,18.29,1,1.18,OB171214
KMT-2017-BLG-2074,BLG37N0603.022155,17:46:27.72,-36:07:00.01,8011.67724,29.71,0.485,19.58,19.57,19.57,1,1.43,
KMT-2017-BLG-2075,BLG37T0103.006342,17:43:58.09,-36:05:02.08,7802.68443,60.99,0.497,20.05,18.62,18.62,2,1.57,
KMT-2017-BLG-2076,BLG37T0104.000628,17:44:13.74,-35:57:15.98,7868.35095,112.21,0.066,22.23,16.01,16.01,2,1.57,
KMT-2017-BLG-2077,BLG37T0407.000978,17:41:56.89,-35:34:03.79,8010.03614,95.75,0.616,16.34,15.72,15.72,2,1.7,
KMT-2017-BLG-2078,BLG38K0302.005375,17:53:14.04,-22:19:40.51,7994.15722,24.06,0.904,19.06,17.76,17.76,1,2.01,
KMT-2017-BLG-2079,SSO38T0101.004701,17:54:47.88,-23:29:52.51,7958.22377,30.7,0.282,18.61,18.5,18.5,4,3.62,
KMT-2017-BLG-2080,BLG38T0507.004281,17:52:26.15,-22:43:47.60,7818.94941,49.63,0.599,18.83,17.42,17.42,1,2.16,
KMT-2017-BLG-2081,SAO41K0105.073231,17:53:51.38,-30:36:06.08,7949.99631,6.21,0.559,20.1,20.0,20.41,1,1.49,
KMT-2017-BLG-2082,SAO41K0201.011796,17:52:59.79,-31:10:50.30,7961.28573,27.89,0.189,21.97,18.48,18.48,1,2.19,
KMT-2017-BLG-2083,SAO41K0301.048627,17:52:16.74,-31:05:18.82,8043.19969,24.75,0.504,19.84,19.9,19.9,1,2.14,
KMT-2017-BLG-2084,BLG41K0302.009452,17:52:24.45,-30:59:39.41,7773.18524,89.0,0.323,19.91,17.79,17.79,1,2.23,OB170069
KMT-2017-BLG-2085,BLG41M0107.019245,17:58:29.75,-30:20:41.50,7954.75763,30.45,0.286,20.89,19.14,19.14,1,1.88,
KMT-2017-BLG-2086,BLG41M0206.017560,17:58:08.36,-30:33:23.00,7928.31797,5.32,0.948,19.38,19.36,19.36,1,2.16,
KMT-2017-BLG-2087,BLG41M0308.036314,17:57:25.18,-30:17:29.69,7855.38009,38.84,0.494,21.03,19.55,19.55,1,1.88,
KMT-2017-BLG-2088,SAO41M0705.065767,17:55:06.88,-30:36:14.29,7919.44482,52.59,0.372,20.64,20.0,20.27,1,1.92,
KMT-2017-BLG-2089,SAO41N0602.003600,17:55:50.89,-32:07:16.39,7890.31352,54.51,0.144,21.72,16.69,16.69,1,1.39,
KMT-2017-BLG-2090,BLG41N0702.003723,17:55:22.43,-32:05:38.18,7969.81091,3.03,0.91,18.3,16.71,16.71,1,1.55,
KMT-2017-BLG-2091,BLG41T0101.005110,17:53:37.18,-32:12:09.61,8020.19855,25.36,0.999,19.02,17.35,17.35,1,1.85,
KMT-2017-BLG-2092,SAO41T0302.025493,17:52:35.53,-32:08:38.18,7975.12191,3.82,0.832,20.12,19.29,19.29,1,2.04,
KMT-2017-BLG-2093,BLG41T0402.049085,17:51:48.66,-32:11:20.51,7829.3595,72.47,0.234,20.04,20.0,20.05,1,2.03,
KMT-2017-BLG-2094,SAO41T0601.005515,17:50:41.91,-32:16:20.28,7948.97915,25.88,0.177,21.99,19.18,19.18,2,3.23,
KMT-2017-BLG-2095,BLG41T0608.018450,17:50:45.05,-31:23:16.37,7917.76646,22.27,0.036,23.14,20.0,21.13,2,3.7,
KMT-2017-BLG-2096,SSO42K0102.047223,17:53:28.62,-28:57:24.19,7884.12156,0.53,0.383,20.82,20.0,20.58,1,2.36,
KMT-2017-BLG-2097,SAO42K0201.019075,17:53:08.45,-29:03:39.31,8046.70882,56.35,0.217,21.21,18.42,18.42,1,2.48,
KMT-2017-BLG-2098,SAO42K0201.073249,17:53:17.35,-29:00:11.41,7815.84913,134.74,0.018,23.76,20.0,20.17,1,2.72,
KMT-2017-BLG-2099,BLG42M0701.005942,17:55:00.10,-29:04:07.39,8039.52218,199.76,0.313,20.34,16.58,16.58,1,2.16,OB171785
KMT-2017-BLG-2100,SAO42M0702.005082,17:55:06.20,-28:53:21.91,7879.87004,7.84,0.9,18.95,16.86,16.86,2,1.9,
KMT-2017-BLG-2101,SSO42M0801.008623,17:54:19.73,-28:58:41.09,8051.33726,18.43,0.368,18.61,16.82,16.82,1,1.79,
KMT-2017-BLG-2102,SAO42N0405.035762,17:56:38.39,-29:37:55.42,7952.14914,3.89,1.0,18.94,18.99,18.99,1,1.57,
KMT-2017-BLG-2103,SAO42N0406.001785,17:57:08.41,-29:32:35.99,7897.87291,21.97,0.998,18.42,15.5,15.5,1,1.51,
KMT-2017-BLG-2104,SAO42N0407.077625,17:56:37.39,-29:21:12.82,7859.22105,5.72,0.295,20.52,19.81,19.81,1,1.76,
KMT-2017-BLG-2105,SAO42N0704.008476,17:54:57.40,-29:49:41.70,7990.00216,33.25,0.048,22.49,16.9,16.9,1,1.28,
KMT-2017-BLG-2106,SAO42N0803.014297,17:54:20.39,-29:56:55.00,8006.14559,25.75,0.51,18.93,17.7,17.7,1,1.43,OB171592
KMT-2017-BLG-2107,SAO42N0808.019420,17:54:24.10,-29:14:43.01,7801.87224,83.95,0.14,20.17,18.2,18.2,1,1.68,OB170025 MB17010
KMT-2017-BLG-2108,SAO42N0808.056144,17:54:20.88,-29:14:17.09,7910.6694,27.49,0.284,20.44,19.3,19.3,1,1.68,
KMT-2017-BLG-2109,SAO42T0303.034276,17:52:37.91,-29:53:21.30,8018.98501,22.51,1.0,19.48,19.06,19.06,1,2.09,
KMT-2017-BLG-2110,SSO42T0508.013209,17:51:27.83,-29:16:20.50,7844.47155,65.51,0.021,23.38,18.72,18.72,1,3.65,
KMT-2017-BLG-2111,BLG42T0603.028879,17:50:59.28,-29:50:39.98,7935.94127,41.51,0.027,23.94,19.57,19.57,1,3.28,
KMT-2017-BLG-2112,BLG42T0707.012105,17:50:05.01,-29:23:40.70,7821.17421,33.48,0.086,22.94,18.65,18.65,1,4.39,
KMT-2017-BLG-2113,SSO43K0302.065115,18:00:12.50,-27:49:42.10,7975.7391,28.44,0.021,22.31,19.86,19.86,1,1.7,
KMT-2017-BLG-2114,BLG43K0603.033061,17:58:38.56,-27:40:36.59,8045.5048,30.86,0.56,19.08,19.08,19.08,1,1.67,
KMT-2017-BLG-2115,BLG43M0504.021906,18:03:55.14,-27:33:31.79,7823.83883,59.67,0.279,19.51,18.52,18.52,1,1.07,OB170037 MB17063
KMT-2017-BLG-2116,BLG43M0504.080042,18:03:38.83,-27:35:42.11,7911.22505,5.79,0.077,22.18,19.99,19.99,1,1.24,
KMT-2017-BLG-2117,BLG43M0703.002994,18:02:46.05,-27:39:47.41,7917.86069,60.3,0.018,23.85,15.87,15.87,1,1.29,
KMT-2017-BLG-2118,BLG43N0105.050778,18:06:17.74,-28:30:16.99,7844.25407,1.93,0.612,19.83,19.5,19.5,1,0.95,
KMT-2017-BLG-2119,BLG43N0404.042141,18:04:25.50,-28:43:09.91,7821.41348,18.96,0.868,18.93,18.95,18.95,1,0.81,
KMT-2017-BLG-2120,SAO43N0405.028234,18:04:35.76,-28:33:29.99,7882.53509,4.95,0.993,19.22,18.53,18.53,1,0.87,
KMT-2017-BLG-2121,SAO43N0501.027924,18:03:59.29,-29:03:57.31,7885.45757,17.81,0.718,20.53,18.66,18.66,1,0.86,OB170702
KMT-2017-BLG-2122,SAO43N0502.025309,18:03:57.32,-28:53:26.99,7777.56334,71.4,0.071,20.45,18.43,18.43,1,0.79,OB170042
KMT-2017-BLG-2123,SAO43N0702.087255,18:02:31.50,-28:54:42.01,7917.17338,4.27,0.299,19.98,20.0,20.02,1,0.96,
KMT-2017-BLG-2124,SAO43N0806.011717,18:02:12.74,-28:28:28.88,7940.1731,3.1,0.998,18.41,17.64,17.64,1,1.08,
KMT-2017-BLG-2125,SAO43T0107.079083,18:01:25.80,-28:19:43.21,7942.72285,191.97,0.006,25.69,19.76,19.76,1,1.09,
KMT-2017-BLG-2126,SAO43T0505.074995,17:59:14.60,-28:34:48.00,8003.49632,10.58,0.375,19.91,19.72,19.72,1,1.3,OB171694
KMT-2017-BLG-2127,SAO43T0506.058994,17:59:15.26,-28:27:50.18,7962.61425,7.14,0.44,19.46,19.24,19.24,1,1.34,
KMT-2017-BLG-2128,BLG01K0107.073725,17:54:16.21,-30:15:53.64,7872.20338,31.51,0.7,20.08,20.0,20.62,2,2.27,
KMT-2017-BLG-2129,SSO01K0208.038820,17:53:23.14,-30:08:01.14,7935.64685,34.1,0.013,22.93,19.06,19.06,2,1.56,
KMT-2017-BLG-2130,BLG01K0506.069228,17:51:33.31,-30:19:22.55,7865.477,19.54,0.047,23.1,20.0,20.83,2,2.59,
KMT-2017-BLG-2131,BLG01K0701.024804,17:50:17.24,-31:02:00.60,7871.06295,8.18,0.052,21.87,20.0,20.44,2,2.97,OB170754
KMT-2017-BLG-2132,BLG01M0808.080624,17:54:41.72,-30:10:46.78,7863.97699,50.96,0.237,21.53,20.0,20.13,2,1.43,
KMT-2017-BLG-2133,SAO01T0601.030175,17:51:02.10,-32:05:34.94,7909.2739,27.11,0.087,21.91,20.0,20.64,2,2.61,
KMT-2017-BLG-2134,BLG01T0602.043662,17:50:48.59,-32:03:36.32,7871.87704,51.97,0.006,24.37,20.0,21.24,2,3.39,
KMT-2017-BLG-2135,SAO01T0606.020863,17:50:57.84,-31:33:03.74,7924.00311,22.41,0.429,19.92,20.0,20.73,2,3.42,OB171094
KMT-2017-BLG-2136,SSO01T0607.026628,17:51:15.20,-31:24:50.22,8044.82493,57.28,0.007,21.82,20.0,20.86,2,2.87,
KMT-2017-BLG-2137,BLG02K0101.054555,17:53:59.07,-28:50:56.65,8001.7685,25.41,0.114,20.55,19.58,19.58,2,1.88,OB171652
KMT-2017-BLG-2138,SAO02K0102.007281,17:53:53.40,-28:49:10.20,7928.91433,63.12,0.192,20.88,17.1,17.1,2,1.93,OB171201
KMT-2017-BLG-2139,SAO02K0203.069691,17:53:26.90,-28:35:43.08,8006.19675,34.57,0.099,21.61,20.0,21.24,2,2.69,
KMT-2017-BLG-2140,SAO02K0302.035137,17:52:49.16,-28:43:20.75,7941.1613,15.56,0.247,20.13,20.0,20.32,2,3.04,OB171202
KMT-2017-BLG-2141,SAO02K0304.048897,17:52:51.58,-28:30:12.53,7952.90699,56.13,0.526,19.97,20.0,21.01,2,2.98,
KMT-2017-BLG-2142,BLG02K0305.026925,17:52:52.43,-28:24:25.34,7841.37783,14.08,0.081,20.58,19.78,19.78,2,2.69,OB170975
KMT-2017-BLG-2143,BLG02K0308.067651,17:52:42.64,-28:00:58.36,8019.28937,74.93,0.005,24.07,20.0,25.0,3,4.81,
KMT-2017-BLG-2144,BLG02K0408.008390,17:52:21.00,-28:01:00.95,7984.21591,36.56,0.099,20.73,19.48,19.48,2,4.39,OB171553
KMT-2017-BLG-2145,SAO02K0502.045260,17:51:46.04,-28:44:02.54,7937.77793,27.99,0.143,21.01,20.0,21.5,2,4.37,OB171190
KMT-2017-BLG-2146,SSO02K0502.049961,17:51:47.58,-28:46:11.06,8047.61475,47.57,0.01,21.75,20.0,21.68,3,4.16,
KMT-2017-BLG-2147,SSO02K0503.021318,17:51:40.97,-28:39:30.20,8013.70873,199.9,0.002,23.75,20.0,20.4,2,4.22,OB171698
KMT-2017-BLG-2148,SAO02K0802.026522,17:49:44.47,-28:49:38.96,7952.24842,2.78,0.067,22.14,20.0,25.0,3,14.0,
KMT-2017-BLG-2149,SSO02K0807.019143,17:49:53.95,-28:11:31.27,8008.22496,10.73,0.247,inf,20.0,22.57,2,9.15,
KMT-2017-BLG-2150,SAO02M0605.021598,17:55:55.82,-28:20:05.32,7861.41736,12.45,0.626,19.52,19.55,19.55,2,3.1,OB170536
KMT-2017-BLG-2151,BLG02M0606.072493,17:55:41.08,-28:12:54.18,7917.50565,19.27,0.094,21.24,20.0,21.45,2,2.77,OB171141
KMT-2017-BLG-2152,SAO02M0608.023572,17:56:00.78,-27:58:44.98,7896.58666,1.58,0.629,20.02,20.0,20.03,2,2.67,
KMT-2017-BLG-2153,SAO02M0702.043033,17:55:25.86,-28:46:13.12,7997.74291,113.34,0.083,21.65,19.66,19.66,2,2.06,OB171675
KMT-2017-BLG-2154,BLG02M0705.029699,17:55:26.61,-28:20:49.02,7845.25597,20.55,0.621,19.63,19.7,19.7,2,2.36,
KMT-2017-BLG-2155,SAO02M0706.047177,17:55:22.26,-28:13:03.90,7905.40067,7.81,0.028,20.9,20.0,20.48,3,2.57,OB170930
KMT-2017-BLG-2156,SSO02N0102.096323,17:58:49.84,-29:50:14.46,7855.83012,11.24,0.297,19.78,20.0,21.82,2,1.14,OB170980
KMT-2017-BLG-2157,SAO02T0608.038743,17:51:04.05,-29:10:35.54,7980.12135,3.35,0.146,20.93,20.0,21.42,3,3.85,
KMT-2017-BLG-2158,SAO02T0801.037523,17:49:51.27,-29:58:04.98,7983.30169,35.16,0.002,24.02,20.0,21.23,3,4.04,
KMT-2017-BLG-2159,BLG03K0704.067770,17:57:58.90,-27:30:11.59,7965.80662,35.93,0.002,23.26,20.0,21.15,2,2.53,
KMT-2017-BLG-2160,BLG03K0707.018666,17:58:11.90,-27:03:29.99,7828.26741,64.65,0.033,22.9,20.0,20.4,2,3.59,
KMT-2017-BLG-2161,SAO03K0803.093674,17:57:32.43,-27:32:51.00,7974.7362,200.0,0.007,24.22,20.0,25.0,3,3.63,
KMT-2017-BLG-2162,BLG11K0107.001962,17:27:02.91,-29:01:02.68,7793.92622,19.1,0.067,18.95,16.91,16.91,2,1.9,OB170081
KMT-2017-BLG-2163,BLG11K0206.005387,17:26:20.63,-29:11:15.65,7854.81003,20.2,0.12,18.95,18.21,18.21,2,2.06,
KMT-2017-BLG-2164,BLG11K0502.052458,17:24:42.00,-29:45:16.60,7824.27565,169.72,0.014,21.72,20.0,21.0,2,1.98,
KMT-2017-BLG-2165,BLG11K0504.071762,17:24:38.22,-29:29:46.75,7832.65521,47.47,0.093,21.51,20.0,21.12,3,1.76,
KMT-2017-BLG-2166,BLG11K0706.062214,17:23:21.09,-29:14:53.02,7960.71072,43.45,0.035,21.26,20.0,20.98,2,1.82,
KMT-2017-BLG-2167,SAO11K0804.020977,17:23:07.92,-29:25:50.92,7840.67634,168.35,0.005,24.33,19.95,19.95,2,1.86,OB170440
KMT-2017-BLG-2168,BLG11M0101.057595,17:31:55.48,-29:50:56.87,7962.13506,24.82,0.035,23.36,20.0,21.45,2,2.73,
KMT-2017-BLG-2169,BLG11M0103.031117,17:32:05.31,-29:37:19.02,7891.31016,19.02,0.055,20.39,20.0,20.77,2,3.02,
KMT-2017-BLG-2170,BLG11M0203.040560,17:31:12.57,-29:36:21.71,7824.85407,9.41,0.043,23.12,20.0,21.0,2,2.8,
KMT-2017-BLG-2171,BLG11M0208.061427,17:31:16.88,-28:56:34.19,7873.2119,63.98,0.085,22.5,20.0,21.72,2,2.94,
KMT-2017-BLG-2172,BLG11M0402.018257,17:30:21.11,-29:41:06.79,7820.39775,38.13,0.177,20.15,19.42,19.42,2,2.24,
KMT-2017-BLG-2173,BLG11M0407.044788,17:30:11.96,-29:02:11.26,7864.57212,10.66,0.77,19.86,20.0,20.62,2,2.2,
KMT-2017-BLG-2174,BLG11M0408.008880,17:30:28.28,-28:58:32.52,7869.21179,14.56,0.398,19.98,19.32,19.32,2,2.73,OB170613
KMT-2017-BLG-2175,SAO11M0502.094591,17:29:31.33,-29:42:23.47,7925.28894,34.43,0.133,22.13,20.0,22.43,2,2.45,
KMT-2017-BLG-2176,SAO11M0505.014189,17:29:43.84,-29:19:57.07,7863.72346,67.19,0.048,22.7,19.58,19.58,2,2.33,OB170612
KMT-2017-BLG-2177,BLG11M0506.074720,17:29:54.05,-29:08:48.08,7925.86883,15.41,0.025,20.52,20.0,21.44,3,2.36,
KMT-2017-BLG-2178,SSO11M0508.016211,17:29:51.89,-28:58:34.39,7923.87728,29.34,0.191,21.97,19.77,19.77,2,2.22,
KMT-2017-BLG-2179,BLG11M0508.056883,17:29:38.90,-28:54:16.81,7953.44637,27.43,0.373,20.12,20.0,20.99,2,2.29,
KMT-2017-BLG-2180,SAO11M0601.038430,17:29:11.06,-29:50:11.90,8024.2545,52.94,0.181,21.02,20.0,20.51,2,2.29,
KMT-2017-BLG-2181,BLG11M0603.038984,17:29:02.53,-29:31:03.32,7862.2472,40.48,0.087,21.86,20.0,20.16,2,1.81,
KMT-2017-BLG-2182,BLG11M0701.019783,17:28:35.90,-29:49:55.92,7872.93871,6.33,0.873,19.84,19.9,19.9,2,2.16,
KMT-2017-BLG-2183,BLG11M0701.059893,17:28:28.44,-29:52:05.12,7853.8027,25.44,0.202,21.07,20.0,21.06,2,2.35,
KMT-2017-BLG-2184,SAO11M0708.030124,17:28:29.52,-28:59:43.01,7881.22909,7.5,0.275,19.71,20.0,20.08,2,1.87,
KMT-2017-BLG-2185,BLG11N0107.036693,17:32:02.10,-30:07:33.64,7887.88136,7.4,0.081,20.34,20.0,20.34,2,2.05,
KMT-2017-BLG-2186,SAO11N0107.047091,17:31:58.31,-30:08:23.42,7973.7311,39.78,0.013,21.98,20.0,20.6,2,2.17,
KMT-2017-BLG-2187,BLG11N0108.108955,17:32:00.70,-30:04:50.23,7814.27686,37.13,0.088,20.97,20.0,25.0,3,1.83,
KMT-2017-BLG-2188,SSO11N0205.043225,17:31:10.73,-30:25:20.50,7881.10061,8.48,0.022,20.63,20.0,21.06,2,2.83,
KMT-2017-BLG-2189,BLG11N0208.095085,17:31:42.01,-30:07:27.55,7927.45598,19.82,0.02,21.71,20.0,22.15,2,2.65,
KMT-2017-BLG-2190,SSO11N0302.056702,17:30:34.91,-30:47:23.32,7961.80373,46.25,0.044,21.47,20.0,22.02,2,3.28,
KMT-2017-BLG-2191,SAO11N0304.029625,17:30:54.21,-30:31:31.76,7873.3473,36.29,0.189,21.68,20.0,20.61,2,2.62,
KMT-2017-BLG-2192,BLG11N0305.060740,17:31:01.81,-30:29:50.35,7958.10145,40.33,0.099,21.5,20.0,21.22,2,2.85,
KMT-2017-BLG-2193,BLG11N0307.038655,17:30:55.68,-30:11:10.61,7912.30459,33.16,0.299,20.76,20.0,20.4,2,2.3,OB170973
KMT-2017-BLG-2194,SAO11N0403.013829,17:30:07.76,-30:42:32.51,7890.01827,20.85,0.184,20.36,20.0,20.79,2,4.32,OB170893
KMT-2017-BLG-2195,BLG11N0405.053436,17:30:27.42,-30:26:15.04,7942.25217,10.06,0.172,20.2,20.0,20.87,2,2.43,OB171320
KMT-2017-BLG-2196,BLG11N0406.089531,17:30:23.00,-30:17:01.18,7838.60335,8.51,0.075,22.55,20.0,21.97,2,2.7,
KMT-2017-BLG-2197,BLG11N0407.023002,17:30:26.72,-30:09:33.52,7857.35813,150.34,0.01,22.74,19.91,19.91,2,2.67,
KMT-2017-BLG-2198,BLG11N0604.056005,17:28:54.44,-30:33:04.75,8005.79361,138.87,0.07,23.37,20.0,21.88,2,3.43,
KMT-2017-BLG-2199,BLG11N0607.028035,17:29:20.61,-30:15:12.10,7972.29474,51.9,0.151,21.04,19.91,19.91,2,2.06,OB171504
KMT-2017-BLG-2200,BLG11N0804.015287,17:27:44.73,-30:33:43.81,7811.44231,14.89,0.475,19.95,20.0,20.43,2,3.13,
KMT-2017-BLG-2201,SAO11N0807.073293,17:27:57.32,-30:13:24.67,8001.90194,14.87,0.002,20.63,20.0,21.56,2,2.44,
KMT-2017-BLG-2202,SAO11T0107.008428,17:26:58.30,-30:11:21.95,8029.51058,30.82,0.021,19.35,19.27,19.27,3,2.64,OB171774
KMT-2017-BLG-2203,BLG11T0202.007262,17:26:34.27,-30:46:47.32,7825.16211,6.86,0.691,19.91,19.75,19.75,2,3.68,
KMT-2017-BLG-2204,SAO11T0203.030292,17:26:19.33,-30:41:52.69,7923.52085,51.3,0.146,22.17,20.0,21.58,2,3.78,
KMT-2017-BLG-2205,BLG11T0206.032934,17:26:46.19,-30:21:06.62,7843.07742,8.08,0.888,20.23,20.0,20.9,2,2.71,
KMT-2017-BLG-2206,BLG11T0206.050318,17:26:16.11,-30:22:53.94,7951.23875,23.85,0.041,23.25,20.0,21.36,2,2.89,
KMT-2017-BLG-2207,SAO11T0301.043202,17:26:06.24,-30:55:01.78,8001.50629,26.35,0.016,23.28,20.0,21.51,2,2.72,
KMT-2017-BLG-2208,BLG11T0303.016472,17:25:53.65,-30:42:16.74,7902.15259,15.25,0.019,21.7,20.0,20.81,2,3.47,
KMT-2017-BLG-2209,BLG11T0306.050296,17:26:08.08,-30:17:46.14,7864.20281,11.57,0.172,20.11,20.0,21.45,2,2.82,OB170614
KMT-2017-BLG-2210,SAO11T0307.085742,17:26:04.60,-30:10:37.56,7849.22256,18.67,0.098,22.02,20.0,22.34,2,2.41,
KMT-2017-BLG-2211,SSO11T0403.055888,17:25:25.52,-30:40:25.03,7839.14502,29.96,0.034,21.61,20.0,22.06,2,3.01,
KMT-2017-BLG-2212,BLG11T0406.054821,17:25:17.97,-30:20:18.31,7982.58244,3.21,0.058,19.91,20.0,21.43,2,2.55,
KMT-2017-BLG-2213,BLG11T0604.028234,17:24:04.77,-30:31:16.43,7862.97893,15.82,0.037,21.66,20.0,21.26,2,2.87,
KMT-2017-BLG-2214,BLG12K0102.034669,17:27:05.55,-27:39:18.47,7878.87856,14.45,0.049,20.82,20.0,20.67,2,1.87,
KMT-2017-BLG-2215,SAO12K0104.010292,17:27:10.91,-27:17:53.05,7878.64434,35.88,0.587,19.82,19.96,19.96,2,2.62,
KMT-2017-BLG-2216,SAO12K0606.006262,17:24:07.70,-27:02:25.76,7810.65977,11.58,0.141,19.85,19.86,19.86,2,2.33,
KMT-2017-BLG-2217,SAO12K0708.016804,17:23:34.05,-26:53:51.58,7923.25469,6.21,0.259,20.41,20.0,21.06,2,-9.99,
KMT-2017-BLG-2218,BLG12M0102.020560,17:31:51.17,-27:35:14.57,7821.6076,23.24,0.644,19.74,20.0,20.27,2,2.43,OB170283
KMT-2017-BLG-2219,BLG12M0201.016903,17:31:30.08,-27:40:19.99,7874.74356,62.77,0.165,21.21,19.9,19.9,2,2.27,
KMT-2017-BLG-2220,BLG12M0505.002939,17:29:52.21,-27:13:57.32,8019.88393,18.97,0.892,18.54,18.39,18.39,2,2.65,
KMT-2017-BLG-2221,SAO12M0602.031722,17:29:14.26,-27:36:19.33,7968.22831,30.41,0.289,20.86,20.0,20.94,2,2.8,
KMT-2017-BLG-2222,BLG12M0605.008342,17:29:21.83,-27:10:05.99,7859.01349,41.49,0.201,20.76,20.0,20.13,2,2.72,
KMT-2017-BLG-2223,BLG12M0707.030466,17:28:42.45,-27:00:15.91,7834.25009,19.96,0.09,21.05,20.0,21.57,2,2.97,
KMT-2017-BLG-2224,SAO12M0801.006841,17:27:43.94,-27:39:59.08,7882.14134,14.45,0.202,20.42,19.27,19.27,2,2.12,
KMT-2017-BLG-2225,SAO12M0802.061037,17:27:57.40,-27:37:32.16,7866.84612,9.71,0.352,20.11,20.0,21.47,2,2.15,
KMT-2017-BLG-2226,BLG12N0102.063481,17:31:59.92,-28:44:04.27,7962.36913,14.74,0.424,19.86,20.0,21.54,2,2.54,
KMT-2017-BLG-2227,BLG12N0108.014282,17:31:58.89,-27:53:08.99,7850.34067,48.29,0.021,20.76,19.89,19.89,2,2.66,
KMT-2017-BLG-2228,BLG12N0304.009162,17:30:52.85,-28:30:13.82,7994.50356,60.77,0.093,21.78,18.95,18.95,2,2.24,OB171649
KMT-2017-BLG-2229,BLG12N0307.024027,17:30:53.61,-28:00:35.64,7952.81378,6.02,0.377,19.91,20.0,20.18,2,2.18,OB171404
KMT-2017-BLG-2230,SSO12N0308.094771,17:31:08.32,-27:58:46.24,7957.96983,31.79,0.038,21.79,20.0,22.27,2,2.41,
KMT-2017-BLG-2231,SAO12N0503.082761,17:29:55.78,-28:35:28.64,7846.79434,17.54,0.076,21.38,20.0,21.64,2,2.06,
KMT-2017-BLG-2232,SAO12N0604.048009,17:29:01.37,-28:28:29.06,7881.23986,7.15,0.509,19.92,20.0,20.8,2,2.09,OB170783
KMT-2017-BLG-2233,BLG12N0705.004378,17:28:26.64,-28:23:05.53,7838.36321,8.11,0.899,18.67,17.98,17.98,2,1.93,OB170385
KMT-2017-BLG-2234,SAO12N0706.009086,17:28:41.52,-28:09:42.70,7859.63259,35.41,0.286,19.63,19.31,19.31,2,2.1,OB170466
KMT-2017-BLG-2235,BLG12N0706.051973,17:28:34.10,-28:13:26.72,7852.17658,18.24,0.498,20.26,20.0,21.02,2,2.3,
KMT-2017-BLG-2236,SAO12T0107.088005,17:27:19.71,-28:06:52.34,7913.67539,37.93,0.097,21.04,20.0,25.0,3,2.04,
KMT-2017-BLG-2237,SAO12T0108.046111,17:27:02.64,-27:54:44.64,7919.63941,28.11,0.269,21.25,20.0,21.25,2,2.4,
KMT-2017-BLG-2238,SSO12T0201.007822,17:26:35.07,-28:46:24.64,7957.34926,24.03,0.051,21.19,18.91,18.91,2,2.07,
KMT-2017-BLG-2239,BLG12T0203.094792,17:26:30.27,-28:33:26.68,7840.52556,11.0,0.099,20.29,20.0,25.0,3,1.95,OB170439
KMT-2017-BLG-2240,BLG12T0204.001301,17:26:34.85,-28:29:01.54,7962.14554,10.01,0.201,20.31,16.89,16.89,2,2.06,
KMT-2017-BLG-2241,BLG12T0502.005827,17:24:58.77,-28:40:09.77,7868.89255,2.77,0.855,18.86,18.86,18.86,2,2.09,
KMT-2017-BLG-2242,SAO12T0503.031599,17:24:53.04,-28:35:01.25,7951.28324,22.14,0.405,20.06,20.0,20.83,2,2.36,OB171344
KMT-2017-BLG-2243,SAO12T0507.064772,17:25:07.62,-28:08:00.42,7903.15468,20.41,0.103,21.67,20.0,21.74,2,1.87,
KMT-2017-BLG-2244,SAO12T0602.045585,17:24:14.17,-28:42:10.40,8017.14227,25.52,0.289,20.06,20.0,21.13,2,2.11,
KMT-2017-BLG-2245,SSO12T0705.085250,17:23:52.37,-28:16:08.15,7918.75382,7.96,0.087,20.05,20.0,25.0,3,2.11,OB171119
KMT-2017-BLG-2246,BLG13K0101.018228,17:34:20.98,-34:14:16.26,7865.97019,27.54,0.069,22.33,20.0,20.9,2,4.21,
KMT-2017-BLG-2247,BLG13K0207.036290,17:33:51.26,-33:27:19.91,7945.17094,31.07,0.08,21.26,20.0,21.72,2,5.38,
KMT-2017-BLG-2248,SAO13M0304.015741,17:38:08.04,-33:49:40.08,7896.37721,53.76,0.08,20.56,20.0,20.59,2,3.64,
KMT-2017-BLG-2249,BLG13M0304.045024,17:38:06.76,-33:50:15.29,7809.28902,21.84,0.202,20.8,20.0,21.88,2,3.64,
KMT-2017-BLG-2250,BLG13M0305.041018,17:38:25.40,-33:44:09.60,7832.98471,24.22,0.056,21.23,20.0,21.23,2,3.05,
KMT-2017-BLG-2251,SAO13M0702.042546,17:35:49.78,-34:09:12.31,7897.79583,20.98,0.093,21.61,20.0,21.74,2,3.54,
KMT-2017-BLG-2252,BLG13N0201.011704,17:38:58.14,-35:20:29.65,7830.88547,83.68,0.03,21.55,19.39,19.39,2,2.08,OB170337
KMT-2017-BLG-2253,SAO13N0201.030708,17:38:55.97,-35:18:12.35,7887.3939,14.5,0.5,21.19,20.0,20.45,2,1.99,
KMT-2017-BLG-2254,SAO13N0303.004008,17:38:34.97,-35:02:41.96,7885.02282,40.56,0.002,19.97,18.0,18.0,2,2.52,OB170770
KMT-2017-BLG-2255,BLG13N0308.035262,17:38:28.85,-34:28:08.69,7879.95573,8.0,0.398,19.8,20.0,21.06,2,3.06,
KMT-2017-BLG-2256,SAO13N0308.071787,17:38:14.61,-34:29:01.14,7896.26282,47.81,0.032,22.29,20.0,22.1,2,2.82,
KMT-2017-BLG-2257,BLG13N0407.025360,17:37:29.29,-34:36:30.31,7832.03891,34.37,0.11,21.58,20.0,20.66,2,2.99,OB170384
KMT-2017-BLG-2258,SAO13N0807.034872,17:35:27.33,-34:36:05.33,7997.83884,50.35,0.169,21.54,20.0,21.58,2,3.77,
KMT-2017-BLG-2259,BLG13T0405.010308,17:32:42.27,-34:49:07.10,7857.42501,24.85,0.398,21.04,20.0,21.77,2,6.08,
KMT-2017-BLG-2260,BLG14K0101.053839,17:36:34.06,-28:48:13.43,8019.83975,29.22,0.115,20.68,20.0,21.2,3,3.06,
KMT-2017-BLG-2261,BLG14K0103.075581,17:36:10.95,-28:28:38.93,7807.97457,41.21,0.007,21.19,20.0,21.93,2,3.5,
KMT-2017-BLG-2262,SAO14K0105.049479,17:36:40.76,-28:19:18.55,7883.39708,7.03,0.109,21.61,20.0,21.93,2,3.96,
KMT-2017-BLG-2263,SAO14K0106.080867,17:36:18.90,-28:05:21.19,7928.87799,27.04,0.028,23.02,20.0,22.17,2,3.31,
KMT-2017-BLG-2264,BLG14K0201.027217,17:35:35.67,-28:49:58.87,7864.55194,15.4,0.109,22.08,20.0,20.54,2,3.59,
KMT-2017-BLG-2265,BLG14K0205.074386,17:36:00.78,-28:16:16.54,8017.49467,20.16,0.195,20.8,20.0,22.2,2,3.95,
KMT-2017-BLG-2266,BLG14K0208.043936,17:35:37.87,-27:53:18.78,7987.91543,20.8,0.014,22.92,20.0,21.58,3,3.27,
KMT-2017-BLG-2267,BLG14K0305.090874,17:35:18.43,-28:18:53.32,7935.78255,10.5,0.03,22.63,20.0,22.17,2,3.1,
KMT-2017-BLG-2268,BLG14K0306.094196,17:35:28.19,-28:12:35.78,7935.22093,23.46,0.296,21.48,20.0,22.38,2,3.2,
KMT-2017-BLG-2269,SAO14K0402.053016,17:34:45.15,-28:36:03.78,7879.58196,62.28,0.011,23.53,20.0,21.27,2,3.2,
KMT-2017-BLG-2270,SAO14K0404.062663,17:34:38.47,-28:22:36.12,7889.53745,31.45,0.033,21.51,20.0,21.37,2,2.94,
KMT-2017-BLG-2271,BLG14K0407.060228,17:34:55.40,-28:05:04.85,7911.67282,9.16,0.989,20.08,20.0,21.26,2,3.12,
KMT-2017-BLG-2272,SSO14K0408.061297,17:34:27.47,-27:51:32.83,7804.78237,21.51,0.064,20.8,20.0,21.39,2,2.68,
KMT-2017-BLG-2273,BLG14K0408.093202,17:34:55.48,-27:54:19.98,7991.39586,22.05,0.174,21.06,20.0,22.36,2,2.87,
KMT-2017-BLG-2274,BLG14K0501.014325,17:34:08.60,-28:43:54.05,7994.03619,25.27,0.045,23.08,20.0,20.44,2,3.58,
KMT-2017-BLG-2275,SSO14K0507.028279,17:34:15.48,-28:01:57.25,8017.4134,9.36,0.262,19.88,20.0,20.34,2,2.64,
KMT-2017-BLG-2276,BLG14K0602.033477,17:33:44.65,-28:37:28.70,7838.02548,56.13,0.183,21.87,20.0,21.54,2,3.7,
KMT-2017-BLG-2277,BLG14K0606.076727,17:33:39.08,-28:07:34.68,7813.92422,15.0,0.086,21.1,20.0,21.52,2,2.74,
KMT-2017-BLG-2278,BLG14K0608.052418,17:33:44.82,-27:51:22.54,7834.06557,15.94,0.169,20.25,20.0,21.24,2,2.74,
KMT-2017-BLG-2279,SAO14K0701.018063,17:32:45.87,-28:43:16.79,7885.99921,10.08,0.102,20.51,20.0,20.99,2,3.49,
KMT-2017-BLG-2280,BLG14K0703.016051,17:32:59.76,-28:31:55.67,7828.70966,18.58,0.01,21.35,20.0,20.26,2,3.03,OB170356
KMT-2017-BLG-2281,BLG14K0703.113190,17:32:55.51,-28:29:54.56,7992.38504,61.4,0.102,20.95,20.0,25.0,3,2.84,
KMT-2017-BLG-2282,BLG14K0704.074105,17:32:40.25,-28:26:51.54,7913.71852,30.18,0.038,22.48,20.0,21.38,2,2.69,
KMT-2017-BLG-2283,SAO14K0707.068358,17:32:48.39,-27:58:56.89,7905.74977,15.22,0.192,21.58,20.0,21.63,2,2.85,
KMT-2017-BLG-2284,SAO14K0804.016603,17:32:14.73,-28:20:31.13,7878.44011,40.3,0.176,20.12,19.89,19.89,2,2.35,
KMT-2017-BLG-2285,SAO14K0806.007904,17:32:34.20,-28:10:25.18,7860.11616,18.47,0.149,20.98,19.32,19.32,2,3.05,OB170572
KMT-2017-BLG-2286,SAO14K0806.077444,17:32:14.68,-28:07:00.55,7809.47149,51.11,0.005,21.87,20.0,22.07,2,2.62,
KMT-2017-BLG-2287,SAO14K0807.081569,17:32:40.04,-27:59:19.00,7884.68985,7.27,0.478,20.0,20.0,22.06,2,2.85,
KMT-2017-BLG-2288,SSO14M0103.042205,17:41:06.77,-28:28:26.80,7962.09782,4.6,0.006,21.76,20.0,21.94,2,4.39,
KMT-2017-BLG-2289,BLG14M0105.059679,17:41:25.19,-28:13:01.81,7995.8646,18.25,0.09,21.95,20.0,22.03,2,4.07,
KMT-2017-BLG-2290,BLG14M0106.025425,17:41:10.60,-28:09:13.72,7898.91131,30.32,0.121,20.49,20.0,20.88,2,4.11,
KMT-2017-BLG-2291,BLG14M0107.005345,17:41:15.06,-28:04:46.60,7844.60065,10.88,0.021,20.93,18.53,18.53,2,3.7,
KMT-2017-BLG-2292,SAO14M0107.027931,17:41:03.31,-28:04:58.15,7871.4595,15.05,0.01,21.82,20.0,20.84,2,3.69,
KMT-2017-BLG-2293,SAO14M0107.088498,17:40:56.41,-28:04:44.62,7939.48322,19.89,0.029,21.52,20.0,25.0,3,3.74,
KMT-2017-BLG-2294,BLG14M0108.087640,17:41:14.50,-27:55:08.58,7916.65889,10.71,0.062,21.17,20.0,25.0,3,3.34,
KMT-2017-BLG-2295,BLG14M0201.012519,17:40:42.85,-28:44:07.51,7856.04913,97.21,0.032,23.49,20.0,20.84,2,5.14,
KMT-2017-BLG-2296,BLG14M0202.016659,17:40:31.12,-28:35:58.09,7862.25417,8.56,0.113,21.18,20.0,20.59,2,4.39,
KMT-2017-BLG-2297,BLG14M0203.019885,17:40:48.65,-28:28:58.26,7973.02695,34.71,0.294,21.36,20.0,20.87,2,4.24,
KMT-2017-BLG-2298,SAO14M0203.025827,17:40:32.36,-28:27:46.12,7903.28647,13.04,0.119,21.32,20.0,21.25,2,4.44,
KMT-2017-BLG-2299,SSO14M0204.005899,17:40:38.77,-28:26:13.06,7874.37631,5.67,0.03,19.9,19.02,19.02,2,4.27,
KMT-2017-BLG-2300,SSO14M0302.045203,17:39:53.23,-28:40:31.98,7898.68824,23.34,0.168,21.73,20.0,22.08,2,5.0,
KMT-2017-BLG-2301,BLG14M0306.034583,17:39:52.76,-28:05:34.37,7819.53246,21.96,0.163,20.73,20.0,20.86,2,3.04,
KMT-2017-BLG-2302,BLG14M0404.024835,17:39:19.30,-28:20:21.08,7939.11167,37.45,0.078,22.46,20.0,20.55,2,2.93,
KMT-2017-BLG-2303,BLG14M0404.054250,17:39:33.20,-28:22:23.92,7964.53648,6.12,0.948,19.98,20.0,21.56,3,3.34,
KMT-2017-BLG-2304,BLG14M0405.064133,17:39:17.43,-28:17:32.78,7957.65076,199.93,0.003,24.74,20.0,21.19,2,2.79,
KMT-2017-BLG-2305,SAO14M0505.097064,17:38:54.88,-28:16:40.87,7990.96114,5.4,0.107,21.22,20.0,25.0,3,2.9,
KMT-2017-BLG-2306,BLG14M0601.077667,17:38:36.82,-28:44:22.45,8039.05817,30.7,0.203,21.08,20.0,22.36,2,3.92,
KMT-2017-BLG-2307,BLG14M0602.039818,17:38:26.68,-28:41:20.80,7923.98347,32.15,0.024,23.4,20.0,21.13,2,3.54,
KMT-2017-BLG-2308,BLG14M0603.036912,17:38:23.67,-28:32:05.17,7958.85391,12.58,0.091,20.25,20.0,21.17,2,3.48,OB171469
KMT-2017-BLG-2309,BLG14M0604.021012,17:38:09.97,-28:26:31.78,7863.5655,18.46,0.552,19.83,20.0,20.23,2,3.4,OB170809
KMT-2017-BLG-2310,BLG14M0604.030294,17:38:37.22,-28:20:54.60,7817.93853,12.3,0.61,19.89,20.0,20.66,2,3.09,
KMT-2017-BLG-2311,BLG14M0605.063848,17:38:10.28,-28:16:40.66,7988.85079,4.36,0.09,21.34,20.0,22.14,2,4.13,
KMT-2017-BLG-2312,SAO14M0606.107353,17:38:13.64,-28:08:29.26,7950.37998,8.77,0.076,21.64,20.0,25.0,3,3.12,
KMT-2017-BLG-2313,BLG14M0608.042925,17:38:31.49,-27:54:40.21,7913.54066,32.37,0.31,20.49,20.0,20.85,2,3.0,
KMT-2017-BLG-2314,SAO14M0702.014499,17:37:54.13,-28:40:12.04,7858.03042,196.27,0.03,21.65,19.61,19.61,2,3.19,
KMT-2017-BLG-2315,BLG14M0704.014965,17:37:37.47,-28:26:31.92,7911.01234,39.28,0.814,19.9,20.0,20.3,2,3.6,OB171065
KMT-2017-BLG-2316,BLG14M0705.018209,17:37:33.53,-28:19:21.18,7867.3962,56.52,0.011,23.12,20.0,21.03,2,4.2,
KMT-2017-BLG-2317,SAO14M0708.038798,17:37:41.14,-27:52:05.45,7966.30875,5.89,0.926,19.95,20.0,21.39,2,3.38,
KMT-2017-BLG-2318,BLG14M0708.044773,17:37:33.13,-27:50:40.99,7911.65195,12.65,0.066,21.24,20.0,21.55,2,3.28,
KMT-2017-BLG-2319,SAO14M0801.087083,17:37:25.65,-28:48:13.36,7947.88724,14.48,0.197,21.6,20.0,22.15,2,3.24,
KMT-2017-BLG-2320,SAO14M0801.101578,17:37:22.19,-28:46:36.26,7960.34595,36.2,0.002,22.69,20.0,25.0,3,3.13,
KMT-2017-BLG-2321,BLG14M0806.027619,17:37:08.55,-28:07:04.37,7857.16769,40.36,0.101,22.94,20.0,21.27,2,3.79,
KMT-2017-BLG-2322,BLG14N0104.004716,17:41:16.40,-29:32:36.89,7853.8984,5.27,0.558,19.97,20.0,21.5,2,9.29,
KMT-2017-BLG-2323,SAO14N0206.005880,17:40:28.54,-29:12:32.33,7918.20797,9.99,0.358,20.46,20.0,21.92,2,7.12,
KMT-2017-BLG-2324,SAO14N0304.014331,17:40:15.14,-29:34:03.61,7948.93349,4.07,0.466,19.99,20.0,21.92,2,6.61,
KMT-2017-BLG-2325,SSO14N0306.010517,17:40:01.92,-29:18:16.60,7974.57833,17.73,0.046,21.18,20.0,21.68,2,6.48,
KMT-2017-BLG-2326,BLG14N0401.017069,17:39:35.29,-29:53:09.96,7903.87296,39.72,0.1,22.75,20.0,21.74,3,5.97,
KMT-2017-BLG-2327,SSO14N0506.021118,17:39:02.40,-29:17:20.76,8031.86437,13.46,0.105,20.26,20.0,21.18,2,4.35,
KMT-2017-BLG-2328,SAO14N0606.029327,17:38:37.97,-29:13:03.94,7881.17109,46.23,0.197,21.82,20.0,21.54,2,4.43,
KMT-2017-BLG-2329,SAO14N0703.062612,17:37:49.01,-29:36:07.99,7809.17645,11.12,0.067,21.28,20.0,21.93,2,3.79,
KMT-2017-BLG-2330,BLG14N0704.032062,17:38:05.48,-29:29:44.74,7827.84407,13.6,0.373,20.01,20.0,21.18,2,4.11,
KMT-2017-BLG-2331,BLG14N0705.078801,17:37:37.73,-29:27:40.36,8005.78067,69.43,0.018,22.83,20.0,22.54,3,3.81,
KMT-2017-BLG-2332,SAO14T0104.071535,17:36:39.31,-29:28:50.30,7955.496,30.56,0.096,22.53,20.0,22.0,2,4.03,
KMT-2017-BLG-2333,SAO14T0105.025961,17:36:22.65,-29:26:19.39,7951.44177,7.1,0.017,21.99,20.0,20.55,2,3.33,
KMT-2017-BLG-2334,SAO14T0106.044312,17:36:14.56,-29:13:37.88,7905.44043,11.4,0.109,22.51,20.0,21.51,2,3.5,
KMT-2017-BLG-2335,BLG14T0203.022491,17:35:37.20,-29:41:40.42,7937.69811,43.38,0.382,19.91,20.0,20.21,2,3.04,OB171113
KMT-2017-BLG-2336,BLG14T0203.033424,17:35:51.42,-29:35:09.10,7917.34797,7.91,0.003,21.78,20.0,20.65,2,3.07,OB171099
KMT-2017-BLG-2337,BLG14T0301.116460,17:35:02.50,-29:51:07.81,7890.68362,1.43,0.24,19.93,20.0,25.0,3,3.07,
KMT-2017-BLG-2338,SAO14T0304.045477,17:34:58.25,-29:33:00.36,7972.85769,31.01,0.162,20.43,20.0,20.95,2,2.57,OB171492
KMT-2017-BLG-2339,SAO14T0307.078906,17:35:15.17,-29:10:18.16,8026.85821,113.09,0.046,22.39,20.0,22.27,3,3.69,
KMT-2017-BLG-2340,SSO14T0401.089617,17:34:46.73,-29:51:07.81,8045.35213,39.97,0.021,21.34,20.0,21.77,2,2.94,
KMT-2017-BLG-2341,BLG14T0402.041939,17:34:41.50,-29:45:42.01,7822.2477,24.63,0.389,20.32,20.0,20.88,2,3.04,OB170325
KMT-2017-BLG-2342,BLG14T0403.085623,17:34:40.19,-29:40:14.38,7812.78975,10.21,0.196,21.45,20.0,21.53,2,2.82,
KMT-2017-BLG-2343,SAO14T0404.112091,17:34:23.05,-29:30:03.28,7948.22059,13.17,0.013,22.42,20.0,25.0,3,2.73,OB171349
KMT-2017-BLG-2344,SAO14T0405.042685,17:34:35.23,-29:26:48.26,7938.59504,13.41,0.062,20.84,20.0,21.0,2,2.97,
KMT-2017-BLG-2345,BLG14T0407.055444,17:34:38.01,-29:06:57.28,7852.55712,46.16,0.088,22.61,20.0,21.47,2,3.45,
KMT-2017-BLG-2346,BLG14T0501.025404,17:34:03.28,-29:51:34.31,7830.92486,5.0,0.097,21.95,20.0,20.5,2,3.16,
KMT-2017-BLG-2347,BLG14T0501.112733,17:34:16.51,-29:51:43.92,7816.39006,10.15,0.166,20.89,20.0,25.0,3,2.72,
KMT-2017-BLG-2348,SSO14T0503.067722,17:34:09.85,-29:37:19.27,7860.54647,26.02,0.019,23.69,20.0,21.25,2,2.65,
KMT-2017-BLG-2349,BLG14T0504.041613,17:33:59.02,-29:30:08.96,7876.55059,9.7,0.258,20.87,20.0,20.51,3,2.52,
KMT-2017-BLG-2350,BLG14T0505.054688,17:34:14.73,-29:22:03.83,7863.07345,54.52,0.013,24.23,20.0,20.93,2,2.89,
KMT-2017-BLG-2351,BLG14T0505.073220,17:34:04.17,-29:23:23.24,8005.42372,21.87,0.098,22.61,20.0,21.36,2,2.62,
KMT-2017-BLG-2352,BLG14T0602.076525,17:33:30.90,-29:45:43.38,7841.90684,11.81,0.411,20.92,20.0,21.57,2,2.74,
KMT-2017-BLG-2353,SAO14T0604.035237,17:33:38.77,-29:27:25.74,7867.38374,6.13,0.489,21.1,20.0,20.8,2,2.74,
KMT-2017-BLG-2354,BLG14T0605.069385,17:33:20.32,-29:20:22.45,7838.64554,4.73,0.213,19.82,20.0,21.5,2,2.89,
KMT-2017-BLG-2355,SAO14T0702.041448,17:32:56.76,-29:45:51.88,7808.64163,108.19,0.002,23.76,20.0,20.8,2,2.7,OB170120
KMT-2017-BLG-2356,BLG14T0707.010904,17:32:55.65,-29:06:00.50,7873.01318,15.26,0.055,21.43,19.29,19.29,2,2.61,
KMT-2017-BLG-2357,SAO14T0707.033964,17:33:00.48,-29:04:46.27,7881.55434,7.53,0.162,20.63,20.0,20.58,2,2.77,
KMT-2017-BLG-2358,BLG14T0803.043109,17:32:12.81,-29:34:38.60,7837.08297,23.68,0.175,21.98,20.0,21.11,2,2.96,
KMT-2017-BLG-2359,BLG14T0806.009394,17:32:36.32,-29:17:59.64,7849.82142,24.73,0.028,21.75,19.08,19.08,2,2.78,OB170510
KMT-2017-BLG-2360,BLG15K0101.048807,17:36:16.30,-26:38:36.13,7824.35828,10.37,0.37,20.19,20.0,21.22,2,2.67,
KMT-2017-BLG-2361,BLG15K0102.042534,17:36:20.50,-26:30:48.13,8036.32135,11.69,0.037,20.02,20.0,21.14,2,2.78,
KMT-2017-BLG-2362,SAO15K0102.069167,17:36:30.98,-26:34:34.32,7900.46113,14.4,0.013,21.8,20.0,21.73,2,2.82,OB170901
KMT-2017-BLG-2363,SAO15K0106.069890,17:36:12.47,-26:00:46.55,7977.06816,11.81,0.201,21.1,20.0,22.23,2,2.98,
KMT-2017-BLG-2364,SAO15K0401.082252,17:34:53.18,-26:39:27.97,7958.50527,6.52,0.55,20.28,20.0,21.77,2,2.38,
KMT-2017-BLG-2365,BLG15K0402.044929,17:34:35.52,-26:34:17.54,7841.80095,23.2,0.054,22.1,20.0,21.24,2,2.77,OB170413
KMT-2017-BLG-2366,SAO15K0406.018465,17:34:32.61,-26:04:21.00,7917.87325,19.8,0.301,21.53,20.0,21.5,2,3.95,
KMT-2017-BLG-2367,BLG15K0701.068622,17:32:51.02,-26:38:06.25,7812.70756,38.84,0.094,22.94,20.0,22.13,2,3.03,
KMT-2017-BLG-2368,BLG15M0101.022697,17:40:56.12,-26:36:53.64,7834.05635,9.35,0.782,19.99,20.0,20.94,2,3.29,
KMT-2017-BLG-2369,SSO15M0102.018775,17:40:59.39,-26:29:44.84,7859.30893,18.78,0.022,21.74,20.0,20.58,2,2.9,
KMT-2017-BLG-2370,BLG15M0102.069315,17:41:11.91,-26:32:32.10,7979.68665,24.64,0.083,21.96,20.0,21.97,2,3.4,
KMT-2017-BLG-2371,BLG15M0108.066131,17:41:15.79,-25:49:55.49,7983.70665,34.93,0.024,22.57,20.0,21.52,2,2.59,
KMT-2017-BLG-2372,BLG15M0202.032594,17:40:22.32,-26:29:53.92,7891.33101,54.2,0.014,22.65,20.0,20.68,2,2.73,
KMT-2017-BLG-2373,BLG15M0203.050477,17:40:34.20,-26:27:52.06,7777.33351,61.85,0.235,19.96,20.0,21.12,2,2.69,
KMT-2017-BLG-2374,BLG15M0208.018755,17:40:18.70,-25:48:29.59,7871.27333,8.55,0.462,20.9,20.0,20.33,2,2.93,
KMT-2017-BLG-2375,SAO15M0303.048100,17:40:10.71,-26:26:46.03,7844.49194,7.14,0.008,21.2,20.0,20.96,2,2.71,
KMT-2017-BLG-2376,BLG15M0306.027042,17:39:57.68,-26:01:43.25,7840.83829,29.76,0.184,22.4,20.0,20.53,2,2.51,
KMT-2017-BLG-2377,BLG15M0405.060378,17:39:18.47,-26:11:16.08,7963.25493,27.97,0.177,21.11,20.0,21.02,2,2.55,OB171498
KMT-2017-BLG-2378,SSO15M0406.037383,17:39:31.31,-25:59:43.04,7823.29782,13.01,0.018,19.78,20.0,20.76,2,2.67,OB170340
KMT-2017-BLG-2379,BLG15M0406.056791,17:39:17.96,-25:58:06.02,7839.94139,4.22,0.03,20.45,20.0,21.21,2,3.15,
KMT-2017-BLG-2380,SAO15M0504.066174,17:38:57.10,-26:15:23.98,7880.08792,10.6,0.133,21.13,20.0,21.56,2,2.77,
KMT-2017-BLG-2381,BLG15M0504.073680,17:39:03.77,-26:13:08.69,7951.29088,32.5,0.09,21.75,20.0,21.72,2,2.57,
KMT-2017-BLG-2382,BLG15M0601.057546,17:38:16.03,-26:37:26.65,7980.56944,18.92,0.205,21.04,20.0,21.28,2,2.83,
KMT-2017-BLG-2383,BLG15M0603.029204,17:38:31.52,-26:27:55.01,7863.21394,33.27,0.08,22.74,20.0,20.95,2,3.23,
KMT-2017-BLG-2384,SAO15M0804.020349,17:37:16.82,-26:16:05.41,7967.15464,48.72,0.111,21.5,20.0,20.7,2,3.21,OB171481
KMT-2017-BLG-2385,SAO15M0805.024545,17:37:11.76,-26:10:18.16,7879.41304,27.18,0.167,22.37,20.0,20.88,2,3.15,
KMT-2017-BLG-2386,BLG15N0102.094851,17:41:07.24,-27:41:04.74,7969.12671,26.32,0.079,21.6,20.0,22.1,2,3.3,
KMT-2017-BLG-2387,BLG15N0103.013773,17:41:10.83,-27:34:56.42,8021.99142,15.78,0.002,20.74,19.57,19.57,2,3.21,OB171775
KMT-2017-BLG-2388,BLG15N0105.063959,17:41:04.13,-27:18:34.20,7987.6508,118.07,0.034,23.03,20.0,21.72,2,3.19,
KMT-2017-BLG-2389,SAO15N0105.070053,17:41:15.08,-27:15:18.18,7864.4915,0.67,0.288,20.13,20.0,21.85,3,3.54,
KMT-2017-BLG-2390,BLG15N0105.082024,17:41:04.97,-27:16:30.18,7990.72509,8.63,0.053,22.02,20.0,22.13,2,3.16,
KMT-2017-BLG-2391,SAO15N0202.026238,17:40:49.02,-27:40:37.60,7841.90013,199.33,0.025,22.65,20.0,20.62,2,3.31,
KMT-2017-BLG-2392,SAO15N0202.055136,17:40:44.11,-27:40:18.26,8003.46881,4.85,0.071,21.35,20.0,21.36,2,3.31,
KMT-2017-BLG-2393,SAO15N0203.014856,17:40:23.72,-27:31:38.89,7829.62595,200.0,0.136,20.43,19.83,19.83,2,3.32,
KMT-2017-BLG-2394,SAO15N0203.047463,17:40:39.96,-27:30:45.43,7873.91317,125.7,0.017,24.58,20.0,21.18,2,3.28,
KMT-2017-BLG-2395,BLG15N0203.058036,17:40:31.09,-27:33:22.28,7848.83023,8.8,0.263,21.13,20.0,21.39,2,3.44,
KMT-2017-BLG-2396,BLG15N0203.077824,17:40:28.59,-27:32:47.69,7908.47939,88.57,0.054,23.1,20.0,21.79,2,3.34,
KMT-2017-BLG-2397,SSO15N0203.081976,17:40:48.62,-27:29:32.93,7930.30989,13.11,0.016,22.94,20.0,21.88,2,3.27,
KMT-2017-BLG-2398,BLG15N0204.051686,17:40:24.49,-27:25:56.35,7956.68596,34.19,0.01,23.92,20.0,21.18,2,3.21,
KMT-2017-BLG-2399,BLG15N0207.023075,17:40:39.55,-27:00:46.37,7816.4409,199.83,0.196,20.32,20.0,20.57,2,3.0,
KMT-2017-BLG-2400,BLG15N0207.098723,17:40:48.27,-27:01:25.90,7993.83485,7.9,0.024,22.35,20.0,22.73,2,3.38,
KMT-2017-BLG-2401,BLG15N0306.033942,17:40:07.24,-27:10:17.26,7910.7575,1.96,0.024,21.89,20.0,20.68,2,2.9,
KMT-2017-BLG-2402,BLG15N0307.110211,17:39:53.62,-26:59:27.20,7818.58842,103.46,0.026,22.89,20.0,25.0,3,3.36,
KMT-2017-BLG-2403,SAO15N0402.088143,17:39:24.20,-27:42:36.76,7922.38515,7.22,0.095,20.92,20.0,21.74,2,2.9,
KMT-2017-BLG-2404,SAO15N0403.046210,17:39:41.46,-27:33:46.40,7968.20569,21.38,0.176,20.46,20.0,20.68,2,2.78,OB171482
KMT-2017-BLG-2405,BLG15N0404.043708,17:39:26.35,-27:22:55.13,7816.51781,15.69,0.084,21.2,20.0,20.6,2,2.55,
KMT-2017-BLG-2406,BLG15N0405.081247,17:39:27.27,-27:15:58.82,7817.32807,12.43,0.136,20.29,20.0,21.45,2,2.69,
KMT-2017-BLG-2407,SAO15N0503.088182,17:38:56.71,-27:34:31.94,7895.3091,29.02,0.212,20.23,20.0,21.56,2,2.61,OB170895
KMT-2017-BLG-2408,SSO15N0505.060496,17:39:00.77,-27:17:18.49,7918.20596,16.37,0.027,21.48,20.0,20.95,2,2.59,
KMT-2017-BLG-2409,SSO15N0604.004420,17:38:16.98,-27:22:32.02,7908.35621,6.41,0.028,21.44,17.71,17.71,2,2.85,OB171032 OB171052
KMT-2017-BLG-2410,SAO15N0608.060059,17:38:10.87,-26:52:13.40,7957.54126,56.67,0.153,22.22,20.0,21.63,2,3.18,OB171403
KMT-2017-BLG-2411,SAO15N0707.082095,17:37:53.75,-27:02:58.60,8001.70094,21.54,0.035,22.37,20.0,21.67,2,2.73,
KMT-2017-BLG-2412,BLG15N0802.048719,17:37:13.66,-27:41:38.44,7944.76002,24.28,0.028,21.45,20.0,21.84,2,3.75,OB171322
KMT-2017-BLG-2413,SAO15N0802.087985,17:37:01.79,-27:43:32.63,7862.7012,20.78,0.002,21.96,20.0,25.0,3,3.57,OB170570
KMT-2017-BLG-2414,BLG15N0805.013342,17:36:58.79,-27:13:55.74,7859.28605,40.36,0.012,21.42,19.8,19.8,2,2.61,OB170986 MB17171
KMT-2017-BLG-2415,SAO15N0805.041418,17:37:21.05,-27:17:55.72,7940.61242,35.14,0.183,21.56,20.0,20.94,2,3.0,
KMT-2017-BLG-2416,BLG15T0101.026912,17:36:20.93,-27:43:38.57,7943.53707,23.74,0.079,22.0,20.0,20.99,2,3.07,OB171289
KMT-2017-BLG-2417,SSO15T0103.069736,17:36:24.42,-27:33:15.80,8008.25232,4.65,0.349,19.94,20.0,21.65,2,2.97,OB171748
KMT-2017-BLG-2418,BLG15T0202.054076,17:35:54.28,-27:39:59.62,7873.76034,16.89,0.062,22.98,20.0,21.24,2,2.87,
KMT-2017-BLG-2419,SAO15T0203.048638,17:36:01.40,-27:32:02.62,7894.81736,6.15,0.069,22.61,20.0,20.98,2,2.67,
KMT-2017-BLG-2420,BLG15T0303.025858,17:35:05.79,-27:29:12.01,7984.31424,2.78,0.353,19.93,20.0,20.24,2,2.5,OB171597
KMT-2017-BLG-2421,SSO15T0305.064240,17:35:11.98,-27:18:38.66,8010.08326,24.5,0.469,19.93,20.0,21.04,2,2.58,
KMT-2017-BLG-2422,BLG15T0508.053524,17:34:04.07,-26:52:12.58,7842.48082,31.52,0.068,21.5,20.0,20.98,2,2.33,OB170989
KMT-2017-BLG-2423,SAO15T0706.097201,17:32:59.31,-27:07:59.05,7928.40572,17.78,0.035,21.19,20.0,25.0,3,3.09,
KMT-2017-BLG-2424,BLG15T0707.017968,17:32:46.18,-26:57:34.81,7991.97919,14.03,0.116,21.06,20.0,20.69,2,3.1,OB171648
KMT-2017-BLG-2425,BLG15T0804.042376,17:32:37.11,-27:24:33.44,7851.64883,9.97,0.18,21.73,20.0,21.36,2,3.07,OB170508
KMT-2017-BLG-2426,BLG15T0807.007817,17:32:42.30,-27:04:42.31,7952.39906,17.97,0.188,20.67,20.0,20.09,2,2.98,OB171333
KMT-2017-BLG-2427,BLG15T0807.080350,17:32:38.46,-27:01:27.77,7827.66177,5.19,0.083,22.13,20.0,25.0,3,3.12,
KMT-2017-BLG-2428,SAO16K0203.063959,17:36:17.12,-24:18:51.12,7905.81325,12.78,0.059,21.79,20.0,22.34,2,2.43,
KMT-2017-BLG-2429,BLG16K0304.022975,17:35:39.43,-24:07:55.45,7954.04622,80.57,0.056,22.93,20.0,20.7,2,2.31,OB171410
KMT-2017-BLG-2430,BLG16K0505.017093,17:34:16.00,-24:00:33.66,7980.74687,46.46,0.375,20.46,19.97,19.97,2,1.87,
KMT-2017-BLG-2431,SAO16K0706.039620,17:33:18.35,-23:51:34.13,7848.77168,12.26,0.203,20.43,20.0,20.85,2,1.69,
KMT-2017-BLG-2432,BLG16K0706.069868,17:33:19.22,-23:54:59.90,7831.42189,29.21,0.06,21.03,20.0,22.11,2,1.69,
KMT-2017-BLG-2433,BLG16M0502.088896,17:39:00.88,-24:23:32.39,7959.76373,28.01,0.283,20.83,20.0,21.99,3,1.93,
KMT-2017-BLG-2434,BLG16M0602.080968,17:38:15.21,-24:22:23.12,7956.13566,24.11,0.191,20.56,20.0,21.34,2,1.67,
KMT-2017-BLG-2435,BLG16M0603.004776,17:38:33.41,-24:14:21.30,7873.19237,74.04,0.008,22.31,18.15,18.15,2,1.78,OB170792
KMT-2017-BLG-2436,BLG16M0606.050042,17:38:37.25,-23:55:44.58,7937.11043,21.64,0.168,20.15,20.0,20.58,2,1.63,
KMT-2017-BLG-2437,BLG16M0607.018908,17:38:33.99,-23:46:09.52,7870.63946,24.11,0.219,20.33,19.86,19.86,2,1.92,
KMT-2017-BLG-2438,SAO16N0108.061212,17:41:09.70,-24:48:50.04,7910.61695,38.15,0.012,23.84,20.0,21.92,2,2.65,
KMT-2017-BLG-2439,SAO16N0201.040953,17:40:37.21,-25:39:25.27,7882.48625,9.66,0.044,20.3,20.0,20.93,2,2.63,
KMT-2017-BLG-2440,SSO16N0402.033430,17:39:33.48,-25:33:23.51,8011.88512,30.93,0.161,20.26,20.0,21.1,2,3.12,
KMT-2017-BLG-2441,BLG16N0405.038582,17:39:28.45,-25:10:40.91,7819.87016,14.32,0.047,22.59,20.0,21.3,2,2.65,
KMT-2017-BLG-2442,BLG16N0504.016756,17:39:17.86,-25:20:52.33,7995.31376,27.27,0.517,20.04,20.0,20.43,2,2.77,
KMT-2017-BLG-2443,SAO16N0606.037084,17:38:48.04,-25:03:24.30,7880.51936,17.47,0.15,21.82,20.0,21.11,2,2.82,
KMT-2017-BLG-2444,SSO16N0707.051375,17:37:50.03,-24:51:49.00,7983.05051,16.01,0.064,21.09,20.0,21.2,2,2.22,OB171591
KMT-2017-BLG-2445,SAO16N0805.015457,17:37:38.12,-25:10:18.70,7876.61689,29.08,0.021,22.3,20.0,20.69,2,3.1,
KMT-2017-BLG-2446,SAO16N0806.016730,17:37:31.41,-24:59:42.97,7815.11481,2.31,0.16,19.92,20.0,20.48,2,3.0,
KMT-2017-BLG-2447,SAO16N0807.006540,17:37:38.41,-24:54:37.48,7818.93267,7.66,0.12,20.83,19.32,19.32,2,2.28,
KMT-2017-BLG-2448,SSO16T0101.004250,17:36:39.16,-25:42:21.17,7923.02621,23.71,0.011,23.41,19.44,19.44,2,3.51,
KMT-2017-BLG-2449,BLG16T0106.020622,17:36:35.40,-25:04:12.68,7819.89248,29.46,0.134,20.02,20.0,20.61,2,2.8,OB170287
KMT-2017-BLG-2450,BLG16T0301.009119,17:35:42.56,-25:38:47.08,8025.72781,18.43,0.263,19.99,20.0,20.63,2,3.63,
KMT-2017-BLG-2451,BLG16T0401.012320,17:35:03.38,-25:41:27.24,7830.29489,36.3,0.037,23.48,20.0,21.9,2,3.95,
KMT-2017-BLG-2452,BLG16T0607.020980,17:33:42.99,-24:57:06.73,7947.20199,15.18,0.455,21.5,20.0,20.93,2,2.78,
KMT-2017-BLG-2453,SAO17K0102.028990,17:44:30.98,-32:59:50.10,7974.37017,1.94,0.288,19.9,20.0,20.62,2,2.33,
KMT-2017-BLG-2454,BLG17K0102.055609,17:44:10.85,-33:02:06.50,7848.45912,13.97,0.056,21.16,20.0,21.45,2,3.09,OB170520
KMT-2017-BLG-2455,BLG17K0201.033936,17:43:46.70,-33:06:00.25,7907.53938,199.6,0.003,24.56,20.0,21.43,2,3.5,OB170972
KMT-2017-BLG-2456,SAO17K0204.013192,17:43:34.50,-32:48:38.23,7962.61416,9.58,0.67,20.01,20.0,20.67,2,3.22,
KMT-2017-BLG-2457,BLG17K0402.002764,17:42:42.74,-32:59:18.49,8010.27082,60.0,0.33,19.85,17.91,17.91,2,3.23,OB171707
KMT-2017-BLG-2458,SAO17K0403.039038,17:42:41.32,-32:51:55.80,8003.42606,31.15,0.155,21.71,20.0,21.38,2,3.57,
KMT-2017-BLG-2459,SSO17K0403.077581,17:42:37.24,-32:52:04.30,7990.06376,17.53,0.02,22.82,20.0,22.48,2,3.66,
KMT-2017-BLG-2460,SAO17K0407.030848,17:42:29.29,-32:23:42.47,7922.31697,78.64,0.041,23.78,20.0,22.55,2,5.58,
KMT-2017-BLG-2461,BLG17K0503.071153,17:41:50.10,-32:51:00.22,7909.45979,56.94,0.066,22.75,20.0,22.38,2,4.06,
KMT-2017-BLG-2462,BLG17K0504.024030,17:41:57.65,-32:43:54.34,7826.14169,51.84,0.035,23.06,20.0,20.79,2,3.62,
KMT-2017-BLG-2463,SAO17K0507.019347,17:41:43.08,-32:18:46.94,7820.92973,197.21,0.003,24.67,20.0,21.3,2,4.37,
KMT-2017-BLG-2464,BLG17K0601.016703,17:41:11.67,-33:05:25.04,8014.70742,42.65,0.048,23.31,20.0,20.47,2,3.84,
KMT-2017-BLG-2465,SAO17K0607.066405,17:41:23.41,-32:19:19.92,7900.21825,33.37,0.042,22.45,20.0,25.0,3,4.84,
KMT-2017-BLG-2466,BLG17K0703.050090,17:40:34.49,-32:51:16.88,7832.06711,18.32,0.047,23.32,20.0,22.48,2,4.65,
KMT-2017-BLG-2467,BLG17M0303.049308,17:47:59.05,-32:55:40.44,7964.63597,45.87,0.067,21.71,20.0,21.2,2,2.87,
KMT-2017-BLG-2468,BLG17M0308.007924,17:48:14.96,-32:16:45.91,8001.96488,6.79,0.999,20.01,20.0,21.01,2,4.73,
KMT-2017-BLG-2469,BLG17M0407.014686,17:47:26.88,-32:20:36.56,7980.57593,11.2,0.252,20.98,20.0,21.69,2,4.21,
KMT-2017-BLG-2470,BLG17M0602.013340,17:46:27.14,-32:56:27.24,7853.30806,21.27,0.182,21.4,20.0,20.09,2,3.29,
KMT-2017-BLG-2471,BLG17M0701.022123,17:45:56.48,-33:04:21.94,7830.25551,12.15,0.106,20.08,20.0,20.2,2,2.64,OB170365
KMT-2017-BLG-2472,BLG17M0703.017475,17:45:44.29,-32:55:24.67,7869.93527,30.84,0.203,21.64,20.0,20.54,2,2.81,
KMT-2017-BLG-2473,SAO17M0801.021854,17:44:54.84,-33:04:43.32,7884.67851,24.72,0.51,19.98,20.0,20.32,2,2.48,OB170816
KMT-2017-BLG-2474,SAO17M0808.019636,17:45:02.01,-32:16:17.98,7901.76273,20.0,0.027,23.15,20.0,22.2,3,4.71,
KMT-2017-BLG-2475,SAO17T0407.074662,17:42:30.15,-33:28:32.16,7986.64637,20.02,0.104,21.29,20.0,21.9,2,3.08,
KMT-2017-BLG-2476,BLG17T0603.014745,17:40:58.67,-34:00:27.32,7866.16502,186.5,0.005,23.66,19.8,19.8,2,2.92,
KMT-2017-BLG-2477,SAO17T0605.064012,17:40:55.21,-33:47:08.56,7900.45165,9.56,0.434,20.38,20.0,21.11,2,2.23,
KMT-2017-BLG-2478,SAO17T0607.093316,17:41:09.85,-33:29:17.56,7885.79192,33.2,0.07,22.39,20.0,23.04,3,2.94,
KMT-2017-BLG-2479,SSO17T0703.055893,17:40:36.69,-33:57:34.60,7960.88406,52.84,0.005,22.88,20.0,21.21,2,2.41,
KMT-2017-BLG-2480,SAO17T0705.076364,17:40:39.29,-33:40:50.09,7953.31442,15.66,0.309,21.44,20.0,21.99,2,2.98,
KMT-2017-BLG-2481,SAO17T0706.058379,17:40:32.70,-33:36:35.82,7903.52293,10.75,0.273,20.89,20.0,21.86,2,3.18,
KMT-2017-BLG-2482,SAO17T0806.052508,17:40:16.92,-33:36:34.99,7903.84643,10.78,0.03,21.79,20.0,22.09,2,3.7,
KMT-2017-BLG-2483,BLG17T0808.072858,17:39:53.33,-33:23:06.00,7853.35586,68.17,0.01,24.2,20.0,22.38,2,3.32,
KMT-2017-BLG-2484,SAO18K0104.047139,17:45:38.61,-26:13:27.12,7999.14761,30.17,0.041,20.59,20.0,21.25,2,3.15,
KMT-2017-BLG-2485,SAO18K0106.055709,17:45:44.62,-25:56:16.98,7857.23448,25.56,0.786,19.92,20.0,20.74,2,2.79,
KMT-2017-BLG-2486,SAO18K0107.014572,17:45:33.06,-25:51:27.94,7925.21158,14.08,0.036,19.57,19.62,19.62,2,2.76,
KMT-2017-BLG-2487,SAO18K0107.066218,17:45:30.94,-25:52:53.44,7965.82745,14.57,0.043,22.54,20.0,21.43,2,2.93,
KMT-2017-BLG-2488,BLG18K0206.030112,17:44:51.47,-25:59:27.24,7859.17461,13.66,0.243,20.11,20.0,20.36,2,2.72,
KMT-2017-BLG-2489,BLG18K0207.019961,17:44:53.85,-25:50:50.28,7998.17854,14.25,0.039,22.8,20.0,20.38,2,3.2,
KMT-2017-BLG-2490,SAO18K0208.023371,17:44:54.77,-25:42:26.14,7962.83351,10.99,0.191,20.0,20.0,20.43,2,2.98,
KMT-2017-BLG-2491,SAO18K0304.030202,17:44:26.49,-26:13:07.25,8001.62601,7.41,0.015,20.84,20.0,20.44,2,2.82,
KMT-2017-BLG-2492,BLG18K0305.051558,17:44:42.16,-26:06:31.07,8017.62955,43.99,0.278,20.32,20.0,21.23,2,3.01,
KMT-2017-BLG-2493,BLG18K0401.012210,17:43:44.43,-26:36:46.22,7876.7181,33.19,0.239,19.45,19.6,19.6,2,3.14,OB170617
KMT-2017-BLG-2494,BLG18K0401.039575,17:43:37.91,-26:38:13.42,7961.6621,131.79,0.021,23.57,20.0,21.05,2,3.13,
KMT-2017-BLG-2495,BLG18K0402.101547,17:43:40.83,-26:34:19.81,7834.04483,15.11,0.149,21.49,20.0,25.0,3,3.07,
KMT-2017-BLG-2496,SAO18K0403.052691,17:44:05.47,-26:22:00.77,7958.03884,188.57,0.967,20.13,20.0,21.18,2,3.23,
KMT-2017-BLG-2497,BLG18K0404.003367,17:43:57.98,-26:15:35.68,7820.36086,9.83,0.099,22.45,17.47,17.47,2,2.93,
KMT-2017-BLG-2498,SAO18K0404.063191,17:43:47.05,-26:15:59.90,7866.65642,4.63,0.011,20.71,20.0,21.08,2,2.85,
KMT-2017-BLG-2499,BLG18K0502.042064,17:43:32.34,-26:31:53.94,7819.94522,10.84,0.077,22.14,20.0,20.68,2,3.06,
KMT-2017-BLG-2500,BLG18K0502.115688,17:43:17.60,-26:29:46.21,7839.28148,53.87,0.435,20.67,20.0,25.0,3,2.88,
KMT-2017-BLG-2501,BLG18K0506.026568,17:43:29.82,-25:58:47.46,7877.30037,16.25,0.057,22.97,20.0,20.41,2,2.88,OB170807
KMT-2017-BLG-2502,SAO18K0506.091894,17:43:31.30,-26:02:33.54,7892.19579,26.44,0.064,22.39,20.0,22.05,2,2.99,
KMT-2017-BLG-2503,SAO18K0601.093051,17:42:48.92,-26:36:44.46,7903.72517,9.95,0.173,21.67,20.0,22.42,2,3.28,
KMT-2017-BLG-2504,SAO18K0603.083982,17:42:55.78,-26:22:34.28,7910.58976,13.99,0.111,20.4,20.0,21.57,2,2.94,
KMT-2017-BLG-2505,SAO18K0604.072839,17:42:57.25,-26:12:38.92,7890.83054,13.44,0.01,24.02,20.0,21.51,2,3.05,
KMT-2017-BLG-2506,SAO18K0608.077405,17:43:01.21,-25:43:36.12,7932.78047,45.74,0.102,21.65,20.0,21.7,2,2.58,
KMT-2017-BLG-2507,SAO18K0701.018975,17:42:20.02,-26:37:24.10,7864.16627,9.72,0.244,21.74,20.0,20.55,2,3.28,
KMT-2017-BLG-2508,BLG18K0702.079953,17:42:00.01,-26:30:42.66,7906.51017,50.29,0.148,21.96,20.0,21.76,2,3.24,
KMT-2017-BLG-2509,BLG18K0703.119154,17:42:21.57,-26:19:01.74,7872.15027,119.02,0.023,23.67,20.0,25.0,3,3.05,
KMT-2017-BLG-2510,BLG18K0706.042250,17:42:30.51,-25:58:50.34,7813.6071,18.27,0.06,21.1,20.0,20.92,2,2.91,
KMT-2017-BLG-2511,BLG18K0706.042614,17:42:17.76,-25:59:48.30,7870.14694,4.81,0.78,19.9,20.0,20.93,2,2.97,
KMT-2017-BLG-2512,SAO18K0802.106540,17:41:46.98,-26:26:42.36,7860.27427,33.6,0.401,20.81,20.0,25.0,3,3.41,OB170806
KMT-2017-BLG-2513,SAO18M0306.013738,17:49:09.07,-26:02:13.34,7891.79053,13.66,0.31,21.08,20.0,21.91,2,6.38,
KMT-2017-BLG-2514,BLG18M0501.032346,17:48:11.97,-26:39:25.78,8021.84578,19.53,0.207,20.86,20.0,21.9,2,4.87,
KMT-2017-BLG-2515,SAO18M0601.053773,17:47:41.01,-26:34:57.04,7962.14465,32.9,0.419,19.89,20.0,22.39,2,4.58,
KMT-2017-BLG-2516,SSO18M0602.017602,17:47:27.59,-26:32:40.09,7829.26207,3.05,0.278,20.2,20.0,21.02,2,4.92,
KMT-2017-BLG-2517,BLG18M0607.031883,17:47:25.37,-25:48:30.17,7946.5779,73.48,0.011,22.86,20.0,21.57,2,3.95,
KMT-2017-BLG-2518,SSO18M0706.099397,17:46:41.17,-25:59:11.04,7981.53491,83.86,0.039,23.02,20.0,25.0,3,3.44,
KMT-2017-BLG-2519,BLG18M0708.010810,17:46:54.30,-25:45:49.14,7876.11764,26.01,0.146,22.53,19.32,19.32,2,3.13,
KMT-2017-BLG-2520,SAO18M0803.027487,17:46:08.13,-26:19:37.42,7882.32851,14.77,0.28,20.57,20.0,21.13,2,3.5,
KMT-2017-BLG-2521,BLG18M0806.077941,17:46:15.44,-26:01:51.17,7936.78914,6.69,0.002,23.69,20.0,21.87,2,3.14,
KMT-2017-BLG-2522,SAO18M0807.052209,17:46:33.10,-25:55:28.31,7925.35111,8.78,0.127,20.72,20.0,21.15,2,3.2,
KMT-2017-BLG-2523,BLG18N0608.029927,17:47:26.38,-26:50:09.31,7840.07249,0.81,0.311,19.99,20.0,21.7,2,4.77,
KMT-2017-BLG-2524,SAO18N0608.039098,17:47:48.53,-26:48:07.60,7816.0872,56.54,0.01,23.84,20.0,21.98,2,4.71,
KMT-2017-BLG-2525,SAO18N0705.041179,17:46:59.27,-27:12:49.57,7945.18156,15.55,0.014,22.95,20.0,25.0,3,5.48,
KMT-2017-BLG-2526,BLG18N0706.009669,17:46:56.91,-27:04:59.77,7877.16764,54.11,0.032,21.82,20.0,20.54,2,5.24,
KMT-2017-BLG-2527,BLG18T0103.017062,17:45:47.45,-27:27:58.03,7993.9966,13.48,0.105,20.87,20.0,21.79,3,5.36,
KMT-2017-BLG-2528,BLG18T0103.032946,17:45:27.89,-27:31:01.45,7835.88264,123.1,0.019,23.09,20.0,22.61,2,6.18,
KMT-2017-BLG-2529,BLG18T0105.017938,17:45:36.29,-27:11:43.51,7836.10198,38.6,0.071,22.13,20.0,21.22,2,5.01,
KMT-2017-BLG-2530,BLG18T0107.024676,17:45:46.89,-26:57:10.87,7875.09414,9.67,0.283,21.1,20.0,20.95,2,4.33,
KMT-2017-BLG-2531,BLG18T0205.084973,17:45:09.26,-27:13:30.22,7882.60066,63.87,0.006,23.48,20.0,25.0,3,4.46,
KMT-2017-BLG-2532,SAO18T0305.021145,17:44:36.59,-27:15:05.36,7903.73885,43.31,0.176,21.41,20.0,21.05,2,4.29,OB171014
KMT-2017-BLG-2533,BLG18T0305.069655,17:44:18.74,-27:18:10.04,7999.15836,51.72,0.15,22.5,20.0,22.52,2,4.65,
KMT-2017-BLG-2534,SAO18T0306.094898,17:44:41.53,-27:03:50.29,7884.60379,38.42,0.398,21.27,20.0,25.0,3,3.74,
KMT-2017-BLG-2535,SAO18T0405.058665,17:43:45.30,-27:16:54.26,7955.50131,3.73,0.097,22.09,20.0,21.91,2,3.83,
KMT-2017-BLG-2536,BLG18T0406.011480,17:43:43.29,-27:03:38.05,7960.25668,3.57,0.431,20.01,19.98,19.98,2,3.55,
KMT-2017-BLG-2537,SSO18T0503.102116,17:43:03.54,-27:32:16.37,7935.00155,19.54,0.011,21.15,20.0,25.0,3,3.34,
KMT-2017-BLG-2538,SAO18T0508.015979,17:43:11.03,-26:53:51.22,7873.62302,199.26,0.004,24.89,20.0,20.06,2,3.36,OB170830
KMT-2017-BLG-2539,SAO18T0603.056366,17:42:41.21,-27:32:43.26,7917.81232,6.03,0.782,19.93,20.0,21.32,2,3.46,
KMT-2017-BLG-2540,SAO18T0606.032086,17:42:32.13,-27:10:21.00,7934.50371,8.41,0.276,20.97,20.0,21.32,2,3.71,
KMT-2017-BLG-2541,BLG18T0606.036403,17:42:55.25,-27:03:37.48,7829.34148,35.48,0.068,22.47,20.0,21.45,2,4.37,
KMT-2017-BLG-2542,BLG18T0702.054181,17:42:10.43,-27:36:28.30,8015.36404,18.0,0.091,21.44,20.0,21.49,2,3.54,
KMT-2017-BLG-2543,SAO18T0706.030510,17:42:16.08,-27:10:13.73,7975.0113,16.14,0.022,22.11,20.0,21.27,2,4.05,OB171540
KMT-2017-BLG-2544,BLG18T0803.033224,17:41:42.17,-27:29:19.39,7874.60644,11.91,0.07,22.97,20.0,20.68,2,3.17,
KMT-2017-BLG-2545,SAO18T0804.015809,17:41:44.78,-27:24:10.44,7918.79643,12.04,0.485,19.96,20.0,20.3,2,4.25,OB171075
KMT-2017-BLG-2546,BLG18T0804.023713,17:41:42.50,-27:24:01.04,7876.1567,7.2,0.182,21.16,20.0,20.82,2,4.25,OB170825
KMT-2017-BLG-2547,BLG18T0805.018768,17:41:31.39,-27:12:36.94,7904.07179,9.24,0.073,21.61,20.0,20.39,2,3.23,OB170948
KMT-2017-BLG-2548,SAO18T0805.029852,17:41:27.41,-27:13:13.87,7879.83616,5.1,0.867,19.93,20.0,20.92,2,3.31,
KMT-2017-BLG-2549,BLG18T0806.044296,17:41:38.17,-27:06:54.14,7901.7078,6.75,0.069,22.13,20.0,21.51,2,3.53,
KMT-2017-BLG-2550,SAO19M0105.023845,17:50:17.32,-24:02:51.54,7897.6353,25.35,0.199,20.25,20.0,20.57,2,2.94,OB170906
KMT-2017-BLG-2551,BLG19M0208.063787,17:49:49.25,-23:43:19.52,7871.43983,3.68,0.417,19.9,20.0,21.45,2,2.18,
KMT-2017-BLG-2552,BLG19M0303.031662,17:48:56.70,-24:14:25.48,7924.1525,25.67,0.367,20.18,20.0,20.66,2,2.56,
KMT-2017-BLG-2553,BLG19M0306.059579,17:49:10.77,-23:53:07.40,7855.1657,38.96,0.298,21.18,20.0,21.14,2,2.37,
KMT-2017-BLG-2554,BLG19M0307.010376,17:49:23.74,-23:48:00.86,7821.46877,80.68,0.019,22.66,19.04,19.04,2,2.11,
KMT-2017-BLG-2555,BLG19M0308.024921,17:49:11.91,-23:36:17.06,7817.92495,30.06,0.735,19.8,19.9,19.9,2,1.9,
KMT-2017-BLG-2556,BLG19M0402.054263,17:48:21.33,-24:23:29.33,7852.1481,9.28,0.166,20.26,20.0,21.3,2,2.6,
KMT-2017-BLG-2557,BLG19M0404.023019,17:48:34.20,-24:08:38.76,7979.65162,18.56,0.183,20.88,19.8,19.8,2,2.36,
KMT-2017-BLG-2558,BLG19M0405.058516,17:48:48.02,-23:59:10.43,7928.07587,17.91,0.026,21.84,20.0,20.82,2,2.2,
KMT-2017-BLG-2559,BLG19M0408.076137,17:48:35.54,-23:40:38.64,7986.77165,30.12,0.172,21.0,20.0,21.64,2,1.88,
KMT-2017-BLG-2560,BLG19M0501.030461,17:47:56.60,-24:29:16.76,8004.54226,26.25,0.284,20.68,20.0,20.82,2,2.82,OB171687
KMT-2017-BLG-2561,SAO19M0507.103800,17:47:49.08,-23:48:24.23,7855.704,11.79,0.013,20.82,20.0,25.0,3,2.34,
KMT-2017-BLG-2562,BLG19M0603.029415,17:47:20.01,-24:15:30.38,7948.71073,13.02,0.043,19.89,20.0,20.03,2,2.32,OB171319
KMT-2017-BLG-2563,BLG19M0605.065190,17:47:36.78,-24:04:05.34,7868.01915,29.6,0.035,23.21,20.0,21.46,2,2.51,
KMT-2017-BLG-2564,SAO19M0607.009357,17:47:29.10,-23:50:28.25,7887.04755,18.02,0.172,18.43,18.84,18.84,2,2.34,OB170794
KMT-2017-BLG-2565,BLG19M0702.066560,17:46:42.78,-24:24:38.92,7859.81177,23.85,0.079,21.64,20.0,21.43,2,2.6,
KMT-2017-BLG-2566,BLG19M0705.044871,17:46:44.48,-24:01:09.44,7858.30774,12.63,0.381,20.28,20.0,20.63,2,2.23,
KMT-2017-BLG-2567,BLG19M0804.009919,17:46:25.56,-24:10:39.72,7940.66918,23.02,0.995,21.97,19.12,19.12,2,2.48,
KMT-2017-BLG-2568,BLG19N0106.030663,17:50:21.98,-25:04:54.70,8016.64151,12.24,0.562,20.3,20.0,21.72,2,4.07,
KMT-2017-BLG-2569,BLG19N0306.046837,17:48:57.37,-25:03:50.87,7987.54331,198.9,0.002,24.42,20.0,22.37,2,4.34,
KMT-2017-BLG-2570,BLG19N0404.012517,17:48:52.79,-25:21:01.12,8013.97865,3.99,0.383,20.37,20.0,21.43,2,5.62,
KMT-2017-BLG-2571,SAO19N0604.033327,17:47:22.88,-25:14:51.83,7966.70219,18.59,0.078,20.81,20.0,21.67,2,4.04,
KMT-2017-BLG-2572,BLG19N0701.106187,17:46:55.15,-25:39:38.02,7821.77944,9.01,0.172,19.97,20.0,25.0,3,2.64,
KMT-2017-BLG-2573,BLG19N0801.014642,17:46:11.80,-25:37:18.12,7870.11524,14.1,0.012,20.31,19.39,19.39,2,2.62,
KMT-2017-BLG-2574,SAO19N0802.017479,17:46:36.64,-25:32:11.58,7894.72455,37.27,0.301,20.09,19.98,19.98,2,3.26,
KMT-2017-BLG-2575,SAO19N0803.032975,17:46:26.32,-25:25:35.90,7922.17269,17.43,0.349,20.36,20.0,20.97,2,3.2,
KMT-2017-BLG-2576,BLG19T0101.043473,17:45:44.45,-25:39:46.01,7993.46472,4.07,0.486,19.9,20.0,20.86,2,2.67,
KMT-2017-BLG-2577,SAO19T0102.104408,17:45:38.01,-25:33:19.04,7948.65017,3.08,0.97,19.91,20.0,25.0,3,2.69,
KMT-2017-BLG-2578,BLG19T0108.069755,17:45:34.40,-24:48:26.89,7934.82157,5.11,0.861,19.98,20.0,21.92,2,3.21,
KMT-2017-BLG-2579,BLG19T0204.079221,17:44:56.07,-25:15:49.72,7907.97048,48.1,0.104,21.81,20.0,21.63,2,2.59,OB171034
KMT-2017-BLG-2580,BLG19T0205.061449,17:44:54.11,-25:08:19.90,7989.82143,14.84,0.154,20.93,20.0,21.16,2,2.63,
KMT-2017-BLG-2581,BLG19T0207.069671,17:45:11.27,-24:54:14.58,7832.30144,8.84,0.927,19.92,20.0,21.84,2,3.12,
KMT-2017-BLG-2582,BLG19T0302.070739,17:44:15.00,-25:35:34.37,7994.96661,14.6,0.284,20.45,20.0,21.68,2,2.78,
KMT-2017-BLG-2583,BLG19T0303.018047,17:44:13.06,-25:27:27.32,7985.29506,47.62,0.198,21.3,20.0,20.59,2,3.4,
KMT-2017-BLG-2584,BLG19T0307.068333,17:44:22.90,-24:50:45.42,7891.42794,5.18,0.144,19.89,20.0,21.69,3,2.78,
KMT-2017-BLG-2585,BLG19T0401.016092,17:43:48.12,-25:36:18.25,7821.97452,9.24,0.583,19.89,19.97,19.97,2,2.73,
KMT-2017-BLG-2586,BLG19T0401.046159,17:43:46.34,-25:36:33.41,7851.65654,43.78,0.11,22.0,20.0,21.02,2,2.73,
KMT-2017-BLG-2587,SAO19T0401.053673,17:43:54.74,-25:37:01.67,7884.116,51.49,0.182,22.13,20.0,21.19,2,2.78,
KMT-2017-BLG-2588,SAO19T0403.093615,17:43:48.14,-25:24:35.39,7983.06638,3.06,0.006,21.02,20.0,25.0,3,3.04,
KMT-2017-BLG-2589,BLG19T0406.049093,17:44:07.60,-25:03:24.34,7829.64196,13.95,0.144,20.67,20.0,21.28,2,2.6,
KMT-2017-BLG-2590,SAO19T0408.039056,17:43:44.46,-24:45:17.78,7855.70186,14.76,0.026,22.16,20.0,20.88,3,2.83,
KMT-2017-BLG-2591,SAO19T0504.092230,17:43:15.78,-25:20:37.00,7969.72057,61.47,0.088,21.29,20.0,25.0,3,3.07,
KMT-2017-BLG-2592,SSO19T0505.023749,17:43:35.63,-25:09:25.56,7998.31982,11.84,0.707,19.9,20.0,20.79,2,3.39,
KMT-2017-BLG-2593,SSO19T0505.086361,17:43:16.16,-25:07:16.68,7977.10277,36.19,0.009,22.28,20.0,25.0,3,3.19,
KMT-2017-BLG-2594,BLG19T0505.086935,17:43:07.72,-25:06:55.40,7866.95177,10.53,0.002,22.91,20.0,25.0,3,2.99,
KMT-2017-BLG-2595,SAO19T0601.021446,17:42:41.75,-25:40:19.85,7893.59911,35.63,0.325,21.28,19.92,19.92,2,2.48,
KMT-2017-BLG-2596,SAO19T0701.017732,17:42:19.41,-25:41:21.41,7952.06574,34.0,0.067,22.62,19.67,19.67,3,2.56,
KMT-2017-BLG-2597,SSO19T0801.060783,17:41:39.62,-25:40:54.95,8010.21132,7.66,0.359,20.04,20.0,21.13,2,2.41,
KMT-2017-BLG-2598,SAO19T0803.055145,17:41:56.98,-25:25:49.66,7840.10799,14.66,0.041,22.68,20.0,21.34,2,2.71,
KMT-2017-BLG-2599,BLG20N0301.031741,17:48:53.32,-23:35:00.85,8017.84164,21.22,0.217,20.1,20.0,20.13,2,1.76,
KMT-2017-BLG-2600,SAO20N0501.063953,17:48:07.38,-23:30:08.60,7901.12818,45.58,0.248,21.8,20.0,21.24,2,1.84,
KMT-2017-BLG-2601,SAO20T0203.063743,17:45:01.04,-23:15:38.88,7942.85324,27.33,0.102,22.24,20.0,21.02,2,1.45,OB171291
KMT-2017-BLG-2602,BLG20T0208.029536,17:45:13.42,-22:40:30.29,7964.05201,16.13,0.014,20.47,20.0,21.3,2,2.01,
KMT-2017-BLG-2603,SAO20T0605.018239,17:43:01.54,-22:58:49.69,7804.69525,51.47,0.105,21.59,19.75,19.75,2,1.74,
KMT-2017-BLG-2604,SAO20T0705.032423,17:42:05.57,-22:59:46.79,8024.43773,56.84,0.217,19.94,20.0,20.3,2,1.75,
KMT-2017-BLG-2605,SAO20T0706.055985,17:42:10.67,-22:51:06.70,7890.86463,52.33,0.184,21.92,20.0,21.0,2,1.48,
KMT-2017-BLG-2606,SSO21N0405.015713,17:57:34.37,-35:51:12.35,8011.23968,46.13,0.115,19.43,19.44,19.44,3,0.6,
KMT-2017-BLG-2607,BLG21N0505.045465,17:56:56.03,-35:51:39.85,8039.43235,33.67,0.044,20.92,20.0,20.99,3,0.87,
KMT-2017-BLG-2608,BLG22K0606.064553,17:51:05.85,-32:26:45.92,8015.66028,23.57,0.538,19.93,20.0,22.23,2,2.65,
KMT-2017-BLG-2609,SAO22K0707.017598,17:50:33.23,-32:25:30.40,7884.97797,35.19,0.061,20.4,20.0,20.84,2,3.12,
KMT-2017-BLG-2610,SAO22K0707.020864,17:50:23.19,-32:25:34.25,7940.35665,10.5,0.247,20.41,20.0,21.02,2,3.4,OB171252
KMT-2017-BLG-2611,BLG22K0805.048680,17:49:40.38,-32:39:44.10,8000.42949,30.6,0.284,21.62,20.0,21.21,2,2.78,
KMT-2017-BLG-2612,SAO22K0805.048983,17:49:54.17,-32:35:57.26,7856.4932,33.69,0.039,22.03,20.0,21.22,2,2.57,
KMT-2017-BLG-2613,BLG22M0505.067475,17:56:52.34,-32:40:59.12,7848.82273,7.04,0.059,21.37,20.0,20.48,2,1.51,
KMT-2017-BLG-2614,SAO22M0601.011456,17:56:11.33,-33:05:33.58,7864.74104,60.81,0.032,21.95,18.57,18.57,2,1.46,MB17188
KMT-2017-BLG-2615,BLG22M0703.021864,17:55:13.50,-32:49:35.40,7937.89684,48.46,0.017,21.88,19.18,19.18,3,1.23,OB171230
KMT-2017-BLG-2616,SSO22T0406.061984,17:52:02.31,-33:40:33.67,7941.11874,9.67,0.061,20.72,20.0,25.0,3,1.87,
KMT-2017-BLG-2617,SAO22T0506.007391,17:51:33.18,-33:34:35.87,7974.48829,89.83,0.069,22.85,18.53,18.53,3,1.82,
KMT-2017-BLG-2618,SAO22T0601.006975,17:50:45.21,-34:14:41.17,7846.72183,50.47,0.16,30.5,18.55,18.55,2,1.6,OB170145 MB17095
KMT-2017-BLG-2619,BLG22T0602.044378,17:50:48.66,-34:05:35.38,7964.59612,52.45,0.459,21.39,20.0,20.33,2,1.65,OB171337
KMT-2017-BLG-2620,BLG22T0603.043747,17:50:49.79,-34:00:11.30,7848.01228,16.72,0.204,19.89,20.0,20.23,2,1.67,OB170476
KMT-2017-BLG-2621,SAO22T0608.095263,17:51:04.24,-33:22:20.68,7934.12379,7.18,0.449,19.86,20.0,25.0,3,1.82,
KMT-2017-BLG-2622,SSO22T0802.001936,17:49:50.11,-34:06:41.47,8007.79514,5.25,0.168,16.95,16.63,16.63,3,1.62,
KMT-2017-BLG-2623,SAO22T0806.084957,17:49:60.00,-33:36:56.27,7918.83199,29.53,0.004,21.33,20.0,25.0,3,1.64,OB171146 MB17306
KMT-2017-BLG-2624,BLG22T0807.040493,17:49:52.07,-33:26:19.03,7904.70916,13.0,0.341,19.95,20.0,20.11,2,1.67,
KMT-2017-BLG-2625,SAO22T0807.089809,17:49:45.38,-33:31:42.06,7918.27666,29.01,0.404,19.92,20.0,25.0,3,1.63,OB171087
KMT-2017-BLG-2626,SAO31T0605.072509,18:10:06.29,-26:21:40.97,7930.76851,28.37,0.297,19.72,20.0,21.08,2,1.07,
KMT-2017-BLG-2627,BLG32M0306.077912,18:14:41.17,-27:09:21.13,7908.01984,7.65,0.271,20.08,20.0,21.5,2,0.78,OB171011
KMT-2017-BLG-2628,BLG32N0307.077450,18:14:32.44,-28:09:16.24,7801.49175,40.33,0.014,19.93,20.0,21.72,2,0.49,
KMT-2017-BLG-2629,SAO32T0601.083069,18:08:02.27,-28:54:46.15,7932.75291,28.19,0.03,21.69,20.0,22.18,2,0.77,MB17339
KMT-2017-BLG-2630,SAO32T0801.067892,18:07:06.35,-28:52:56.46,7939.89926,16.6,0.002,20.05,20.0,20.06,2,0.89,OB171238 MB17350
KMT-2017-BLG-2631,BLG33M0106.023685,18:17:46.18,-29:20:09.78,7906.0514,5.83,0.467,19.56,19.59,19.59,2,0.33,
KMT-2017-BLG-2632,SAO33N0804.024832,18:13:49.09,-30:41:15.40,7959.63972,65.95,0.063,22.04,19.79,19.79,2,0.52,
KMT-2017-BLG-2633,SAO34T0303.015357,18:02:37.64,-32:54:58.36,7843.99897,30.51,0.165,21.01,18.89,18.89,3,1.07,OB170457
KMT-2017-BLG-2634,BLG35K0203.025048,18:03:12.31,-25:25:40.15,7957.10619,35.78,0.057,22.26,20.0,20.46,2,3.11,
KMT-2017-BLG-2635,BLG35K0204.014656,18:03:16.61,-25:17:53.02,7869.36176,12.11,0.897,20.3,19.76,19.76,2,3.29,
KMT-2017-BLG-2636,SAO35K0605.030817,18:01:00.90,-25:12:38.59,8003.72128,15.91,0.036,21.32,20.0,22.04,2,5.0,
KMT-2017-BLG-2637,BLG35M0601.014879,18:05:51.31,-25:44:44.30,7868.5733,18.87,0.795,19.16,19.18,19.18,2,1.98,OB170608
KMT-2017-BLG-2638,SAO35M0602.023508,18:05:45.89,-25:38:40.27,7938.86322,18.31,0.778,19.62,19.67,19.67,2,1.7,
KMT-2017-BLG-2639,BLG35M0801.065096,18:04:44.23,-25:42:27.14,7948.05028,2.22,0.402,19.84,20.0,25.0,3,3.2,
KMT-2017-BLG-2640,BLG35T0102.010121,18:03:52.74,-26:44:56.54,7991.83181,42.32,0.078,21.57,18.58,18.58,3,1.97,
KMT-2017-BLG-2641,SAO35T0202.010091,18:03:16.14,-26:44:27.02,7971.36369,13.72,0.936,19.47,18.77,18.77,2,2.17,
KMT-2017-BLG-2642,BLG35T0207.062421,18:03:29.98,-26:07:00.52,7935.86612,18.49,0.044,22.4,20.0,25.0,3,3.31,
KMT-2017-BLG-2643,SAO35T0301.039455,18:02:53.67,-26:46:40.98,7908.19915,11.21,0.095,20.05,20.0,20.0,2,1.97,OB170938
KMT-2017-BLG-2644,SSO35T0304.056793,18:02:53.66,-26:28:27.23,7995.14999,17.4,0.016,20.48,20.0,21.35,2,2.65,
KMT-2017-BLG-2645,SAO35T0305.014951,18:02:45.40,-26:22:45.73,7935.43506,13.23,0.698,19.84,19.88,19.88,2,2.77,
KMT-2017-BLG-2646,BLG35T0504.056535,18:01:52.18,-26:30:42.73,7984.49323,8.7,0.032,21.49,20.0,21.42,2,2.61,
KMT-2017-BLG-2647,SAO35T0604.046230,18:01:06.33,-26:30:01.73,7888.87175,13.4,0.835,19.93,20.0,21.55,2,3.2,
KMT-2017-BLG-2648,BLG35T0702.036740,18:00:40.51,-26:45:28.12,7969.3688,12.82,0.109,21.44,20.0,21.32,2,3.01,
KMT-2017-BLG-2649,SAO35T0703.039439,18:00:34.09,-26:35:34.84,7952.45969,20.62,0.02,23.23,20.0,21.7,2,3.95,
KMT-2017-BLG-2650,SAO35T0801.032940,17:59:56.75,-26:53:02.62,7887.14068,23.14,0.274,20.11,20.0,20.21,2,2.59,
KMT-2017-BLG-2651,BLG35T0808.004598,18:00:05.29,-25:58:21.14,7988.5951,52.41,0.372,20.1,18.65,18.65,2,3.67,OB171549
KMT-2017-BLG-2652,SSO35T0808.038411,18:00:05.59,-25:57:16.38,7890.85873,27.88,0.062,21.96,20.0,21.65,2,3.73,
KMT-2017-BLG-2653,BLG37K0105.041587,17:43:53.95,-34:42:29.05,7915.19705,16.56,0.175,20.31,20.0,20.69,2,1.85,
KMT-2017-BLG-2654,BLG37K0106.050878,17:44:11.96,-34:37:28.88,7938.8769,18.75,0.104,21.21,20.0,20.51,2,1.65,OB171266
KMT-2017-BLG-2655,BLG37K0207.060115,17:43:29.65,-34:31:05.95,8003.15858,16.33,0.042,20.32,20.0,20.41,2,1.74,OB171684
KMT-2017-BLG-2656,SAO37K0301.075105,17:42:43.81,-35:13:46.24,7816.72639,42.84,0.023,22.5,20.0,21.19,2,1.53,
KMT-2017-BLG-2657,BLG37K0302.102672,17:42:45.10,-35:10:57.76,7913.11225,22.71,0.006,20.79,20.0,25.0,3,1.45,
KMT-2017-BLG-2658,SAO37K0303.015093,17:43:09.15,-34:56:33.25,7952.02797,12.22,0.092,21.45,19.36,19.36,2,1.99,OB171387 OB171402
KMT-2017-BLG-2659,BLG37K0306.015509,17:43:04.86,-34:37:13.40,7862.11302,18.82,0.366,19.41,19.27,19.27,2,1.85,OB170561
KMT-2017-BLG-2660,BLG37K0403.012665,17:42:29.96,-35:03:29.34,7910.72962,33.23,0.202,20.04,19.24,19.24,2,1.61,
KMT-2017-BLG-2661,BLG37K0404.030935,17:42:03.86,-34:54:05.62,7837.23821,8.57,0.581,20.0,20.0,20.2,2,2.13,
KMT-2017-BLG-2662,SAO37K0406.040325,17:42:26.23,-34:37:42.17,7931.27947,24.15,0.111,20.15,20.0,20.12,2,1.69,
KMT-2017-BLG-2663,SAO37K0504.024772,17:41:47.20,-34:50:55.25,7962.14159,53.11,0.191,21.42,19.98,19.98,2,1.92,
KMT-2017-BLG-2664,SSO37K0506.011703,17:41:35.93,-34:33:19.33,8033.10069,199.99,0.067,18.83,19.1,19.1,2,1.95,OB170302
KMT-2017-BLG-2665,SAO37K0602.024483,17:41:17.68,-35:04:27.05,7884.31903,43.99,0.572,19.78,20.0,20.0,2,1.98,
KMT-2017-BLG-2666,SSO37K0701.023942,17:40:16.66,-35:17:50.50,7887.30852,11.53,0.012,20.11,19.89,19.89,2,1.86,OB170769
KMT-2017-BLG-2667,SAO37K0803.031064,17:39:46.64,-35:00:39.10,7941.35121,17.88,0.877,20.18,20.0,20.15,2,1.89,OB171288
KMT-2017-BLG-2668,BLG37N0507.056006,17:46:42.05,-35:36:42.48,7821.67322,14.12,0.296,21.14,20.0,21.3,2,1.29,
KMT-2017-BLG-2669,SAO37T0101.013170,17:43:55.27,-36:22:16.93,7976.61459,43.15,0.206,20.55,19.86,19.86,2,1.71,
KMT-2017-BLG-2670,SAO37T0205.005427,17:43:38.46,-35:48:00.29,7996.31448,18.09,0.027,18.45,18.58,18.58,2,1.63,OB171643
KMT-2017-BLG-2671,SAO37T0205.037956,17:43:15.72,-35:52:25.32,7903.00635,12.71,0.047,23.0,20.0,20.79,2,1.85,
KMT-2017-BLG-2672,BLG37T0208.016246,17:43:37.30,-35:26:08.81,7992.12368,30.68,0.373,20.51,19.74,19.74,2,1.79,
KMT-2017-BLG-2673,SAO37T0304.029562,17:42:46.46,-36:00:21.64,7961.46953,23.64,0.202,21.09,20.0,20.48,2,1.8,
KMT-2017-BLG-2674,SAO37T0504.040069,17:41:25.24,-35:58:17.54,7879.01639,16.91,0.049,21.25,20.0,21.32,2,2.62,
KMT-2017-BLG-2675,BLG38T0601.015364,17:51:43.37,-23:34:58.40,7875.0344,14.64,0.108,21.52,20.0,20.07,2,2.68,
KMT-2017-BLG-2676,SAO41K0502.083115,17:51:13.15,-31:01:01.02,7992.98452,11.97,0.066,21.65,20.0,25.0,3,2.63,
KMT-2017-BLG-2677,SAO41K0701.012099,17:50:02.64,-31:05:20.54,7931.07231,7.46,0.321,20.46,20.0,20.54,2,3.75,
KMT-2017-BLG-2678,BLG41K0802.030846,17:49:39.43,-31:02:45.13,7854.68353,4.68,0.239,19.99,20.0,21.13,2,3.57,
KMT-2017-BLG-2679,SAO41K0808.034555,17:49:27.96,-30:16:33.71,7873.9627,7.29,0.481,20.7,20.0,20.87,2,3.46,
KMT-2017-BLG-2680,SAO41M0306.060550,17:57:16.18,-30:31:05.41,7884.5459,5.16,0.088,20.08,20.0,21.44,2,2.53,
KMT-2017-BLG-2681,SAO41M0807.074669,17:54:18.38,-30:19:04.73,7901.3337,33.47,0.07,21.62,20.0,25.0,3,1.95,OB170909
KMT-2017-BLG-2682,BLG41M0808.021959,17:54:17.90,-30:16:37.99,7827.75031,67.49,0.331,19.45,19.41,19.41,2,2.27,OB170121
KMT-2017-BLG-2683,BLG41T0502.018935,17:51:12.45,-32:05:04.31,8027.83217,38.28,0.301,21.0,19.56,19.56,2,2.47,
KMT-2017-BLG-2684,BLG41T0507.060974,17:51:06.76,-31:29:08.09,7952.34616,11.26,0.19,21.89,20.0,21.88,2,3.18,
KMT-2017-BLG-2685,BLG41T0508.036907,17:51:15.09,-31:20:58.92,7980.22091,13.04,0.249,20.51,20.0,20.75,2,3.08,
KMT-2017-BLG-2686,BLG41T0606.010480,17:50:34.67,-31:35:03.62,7872.27574,15.59,0.009,22.07,20.0,20.84,2,3.87,OB170991
KMT-2017-BLG-2687,SAO42K0104.052019,17:53:42.30,-28:37:22.91,7813.87032,19.01,0.633,19.84,20.0,20.6,2,2.72,
KMT-2017-BLG-2688,SAO42K0107.054642,17:53:29.68,-28:13:41.30,7976.06507,128.26,0.038,23.31,20.0,21.12,2,3.03,OB171529
KMT-2017-BLG-2689,SAO42K0108.023014,17:53:54.23,-28:10:29.96,7818.46416,9.17,0.077,21.3,20.0,20.52,2,3.63,
KMT-2017-BLG-2690,SAO42K0304.035187,17:52:47.16,-28:42:15.34,7811.97855,70.03,0.009,23.87,20.0,20.53,2,3.04,OB170170
KMT-2017-BLG-2691,SAO42K0401.030198,17:52:10.73,-28:59:06.47,7861.98365,13.17,0.027,22.09,20.0,20.25,2,2.98,
KMT-2017-BLG-2692,SAO42K0501.041039,17:51:34.67,-29:02:42.04,7889.89278,16.34,0.041,21.73,20.0,21.46,2,3.92,
KMT-2017-BLG-2693,BLG42K0501.056003,17:51:29.75,-29:02:54.78,7950.79301,199.48,0.011,24.42,20.0,21.95,2,3.92,
KMT-2017-BLG-2694,SAO42K0503.014319,17:51:36.27,-28:43:43.14,7874.9829,78.05,0.022,21.95,19.68,19.68,2,4.2,OB170578
KMT-2017-BLG-2695,SAO42M0507.081124,17:56:09.95,-28:16:15.06,7811.07077,38.52,0.005,21.61,20.0,21.67,2,2.47,OB171017
KMT-2017-BLG-2696,BLG42M0601.059240,17:55:35.72,-29:02:02.72,7822.9837,20.8,0.331,19.88,19.91,19.91,2,1.76,OB170245
KMT-2017-BLG-2697,BLG42M0607.076200,17:55:35.90,-28:17:07.76,7892.49714,14.02,0.021,21.03,20.0,21.7,3,2.31,OB170846
KMT-2017-BLG-2698,BLG42M0701.092931,17:55:14.18,-29:04:20.82,7830.8686,9.74,0.103,21.1,20.0,21.11,3,2.04,
KMT-2017-BLG-2699,SAO42M0805.054766,17:54:27.53,-28:34:08.15,7824.56532,10.03,0.137,21.38,20.0,20.35,2,2.21,
KMT-2017-BLG-2700,BLG42M0806.039336,17:54:27.57,-28:25:53.98,7838.53255,16.31,0.216,21.12,20.0,20.45,3,2.62,
KMT-2017-BLG-2701,SAO42M0806.068045,17:54:41.33,-28:24:01.66,7847.93184,23.78,0.099,21.13,20.0,21.24,2,3.01,
KMT-2017-BLG-2702,BLG42M0806.095682,17:54:35.34,-28:23:48.48,7841.52925,10.21,0.078,21.46,20.0,25.0,3,3.09,
KMT-2017-BLG-2703,SAO42T0606.054371,17:50:45.77,-29:27:38.45,7889.94164,9.23,0.887,20.0,20.0,21.58,2,3.86,
KMT-2017-BLG-2704,SAO42T0608.045568,17:50:53.95,-29:12:42.98,7909.66223,33.72,0.196,21.31,20.0,22.3,2,3.87,
KMT-2017-BLG-2705,SAO42T0801.051949,17:49:27.50,-30:11:50.32,7958.39344,0.77,0.379,19.76,20.0,22.26,2,3.83,
KMT-2017-BLG-2706,SAO42T0802.045231,17:49:30.69,-29:57:54.86,7879.1554,18.52,0.088,22.59,20.0,22.25,2,3.91,
KMT-2017-BLG-2707,SAO42T0803.024315,17:49:36.27,-29:54:26.03,7862.58448,198.39,0.006,23.42,20.0,20.07,2,3.75,OB170546
KMT-2017-BLG-2708,SAO42T0805.052995,17:49:28.44,-29:38:44.52,7925.98485,46.53,0.037,22.55,20.0,22.22,2,4.35,
KMT-2017-BLG-2709,SAO43K0701.019432,17:57:40.82,-27:58:47.78,7864.58444,9.12,0.032,21.37,19.29,19.29,2,2.49,OB170584
KMT-2017-BLG-2710,SAO43K0701.056223,17:57:44.53,-27:54:05.65,7861.68319,49.21,0.678,20.05,20.0,20.61,2,2.68,OB170653
KMT-2017-BLG-2711,BLG43K0702.061200,17:57:58.92,-27:47:56.33,7992.63893,12.02,0.047,22.97,20.0,21.13,2,2.49,
KMT-2017-BLG-2712,SAO43K0706.071571,17:57:56.59,-27:16:46.56,7896.17323,11.16,0.558,19.97,20.0,21.68,2,3.04,
KMT-2017-BLG-2713,BLG43K0806.086541,17:57:14.65,-27:15:44.60,7943.2423,13.52,0.05,21.43,20.0,25.0,3,4.32,
KMT-2017-BLG-2714,SAO01T0608.021342,17:51:05.26,-31:13:19.85,7939.20239,32.8,0.036,23.45,20.0,20.26,2,2.69,
KMT-2017-BLG-2715,SAO02K0404.045226,17:52:20.01,-28:31:45.88,7986.32055,93.95,0.114,22.65,20.0,21.35,2,3.79,
KMT-2017-BLG-2716,SSO02K0504.032734,17:51:30.82,-28:31:58.22,8051.38414,69.15,0.675,19.95,20.0,20.53,3,3.28,
KMT-2017-BLG-2717,BLG03K0605.041843,17:58:33.31,-27:21:19.37,7846.71172,13.3,0.007,22.65,19.76,19.76,2,2.54,
KMT-2017-BLG-2718,BLG03K0804.011012,17:57:48.99,-27:29:21.26,7827.79865,90.35,0.002,24.84,19.24,19.24,2,2.59,MB17098
KMT-2017-BLG-2719,BLG11K0204.011273,17:26:17.06,-29:31:07.93,7826.83685,200.0,0.195,19.19,19.1,19.1,2,2.01,
KMT-2017-BLG-2720,BLG11K0308.010697,17:26:00.18,-28:54:43.56,7821.37278,124.05,0.328,19.57,19.36,19.36,2,1.88,
KMT-2017-BLG-2721,BLG11M0807.057426,17:28:03.83,-29:01:25.39,7975.58858,43.55,0.286,20.84,20.0,20.84,2,2.01,OB171515
KMT-2017-BLG-2722,BLG11N0407.028328,17:30:00.34,-30:14:59.82,7805.07969,82.0,0.052,22.69,20.0,20.11,2,2.3,OB170195
KMT-2017-BLG-2723,BLG11N0507.063679,17:29:34.10,-30:11:15.47,7828.56057,47.7,0.666,19.85,20.0,20.8,2,2.15,
KMT-2017-BLG-2724,BLG11N0702.004153,17:28:43.89,-30:49:12.04,7788.77173,45.21,0.164,19.65,18.67,18.67,2,3.65,OB170159
KMT-2017-BLG-2725,BLG11T0201.008936,17:26:43.08,-30:55:11.86,7888.32788,26.75,0.785,19.85,20.0,20.15,2,3.31,
KMT-2017-BLG-2726,BLG11T0205.014871,17:26:12.74,-30:23:44.66,7908.15766,26.94,0.156,23.28,20.0,20.41,2,2.89,
KMT-2017-BLG-2727,BLG11T0207.015648,17:26:25.26,-30:14:14.42,7786.82793,132.09,0.185,19.97,19.89,19.89,2,2.25,OB170293
KMT-2017-BLG-2728,BLG11T0508.041689,17:24:41.08,-30:07:22.04,7807.63234,86.95,0.412,20.46,20.0,20.38,2,1.93,
KMT-2017-BLG-2729,SAO11T0508.052099,17:24:47.57,-30:03:12.92,8001.04686,146.48,0.355,20.16,20.0,20.05,2,1.95,OB171335
KMT-2017-BLG-2730,BLG12M0302.007191,17:30:34.45,-27:33:17.17,8039.00896,29.09,0.338,19.03,19.04,19.04,2,2.41,OB171802
KMT-2017-BLG-2731,SAO12M0305.079191,17:30:56.97,-27:14:42.54,7895.50865,34.63,0.199,21.66,20.0,22.44,2,2.74,
KMT-2017-BLG-2732,SAO12M0508.005073,17:29:46.75,-26:52:31.69,7825.91889,199.91,0.229,19.31,19.6,19.6,2,2.92,
KMT-2017-BLG-2733,BLG12N0201.012312,17:31:38.28,-28:47:46.86,8019.73385,59.4,0.57,19.5,19.54,19.54,2,2.35,
KMT-2017-BLG-2734,BLG12N0301.002868,17:30:59.72,-28:49:00.01,7951.58464,10.0,0.69,18.37,17.63,17.63,2,2.46,OB171334
KMT-2017-BLG-2735,SSO12T0103.043930,17:27:26.67,-28:38:26.95,7847.05377,1.54,0.245,19.98,20.0,20.73,2,2.09,
KMT-2017-BLG-2736,BLG12T0208.082666,17:26:37.91,-27:55:54.16,7807.35339,46.53,0.187,21.03,20.0,22.52,2,2.14,
KMT-2017-BLG-2737,SSO12T0604.033086,17:24:06.76,-28:24:24.01,7794.59633,37.11,0.581,20.02,20.0,20.79,3,2.07,
KMT-2017-BLG-2738,SAO12T0705.038528,17:23:31.93,-28:22:31.33,8019.81168,69.44,0.489,19.96,20.0,20.9,2,2.01,OB171805
KMT-2017-BLG-2739,BLG13M0208.042228,17:38:51.42,-33:18:37.44,7875.07471,17.73,0.176,21.73,20.0,21.57,2,3.78,
KMT-2017-BLG-2740,BLG13N0202.067291,17:39:03.00,-35:10:47.10,7808.68255,20.38,0.493,20.0,20.0,21.55,2,2.16,
KMT-2017-BLG-2741,SAO13T0304.010159,17:33:13.12,-35:00:41.00,7936.41394,6.95,0.203,20.08,20.0,20.96,2,5.48,
KMT-2017-BLG-2742,SAO14K0201.031555,17:35:46.89,-28:46:00.84,7913.59367,45.76,0.086,22.93,20.0,20.68,2,3.11,
KMT-2017-BLG-2743,BLG14K0504.031601,17:34:10.56,-28:22:07.50,7862.82351,2.08,0.083,21.29,20.0,20.58,2,2.87,
KMT-2017-BLG-2744,SAO14K0504.100358,17:34:12.59,-28:27:15.88,7928.37953,20.87,0.2,21.91,20.0,22.26,2,3.43,
KMT-2017-BLG-2745,SAO14K0807.033142,17:32:20.76,-28:04:38.50,7928.74903,27.61,0.122,22.17,20.0,20.68,2,2.55,
KMT-2017-BLG-2746,SAO14M0103.053927,17:41:19.20,-28:34:47.96,7901.60099,16.34,0.011,23.46,20.0,22.26,2,5.31,
KMT-2017-BLG-2747,BLG14M0506.038279,17:38:49.87,-28:08:02.69,7987.63598,60.32,0.242,21.37,20.0,20.57,2,2.73,
KMT-2017-BLG-2748,SAO14T0101.080087,17:36:40.17,-29:56:56.15,7864.57862,0.5,0.073,20.59,20.0,25.0,3,4.75,
KMT-2017-BLG-2749,BLG14T0103.044435,17:36:19.63,-29:40:02.28,7869.33612,34.54,0.299,21.62,20.0,21.42,2,3.65,
KMT-2017-BLG-2750,BLG14T0306.035623,17:35:30.62,-29:16:46.20,7821.04365,66.93,0.057,23.02,20.0,21.46,2,3.65,
KMT-2017-BLG-2751,BLG14T0502.011674,17:34:19.18,-29:48:58.32,7907.56371,24.33,0.002,22.92,19.11,19.11,2,2.56,OB170892
KMT-2017-BLG-2752,BLG15K0501.043372,17:33:55.26,-26:40:00.62,7848.96798,19.91,0.793,20.37,20.0,20.76,2,2.37,
KMT-2017-BLG-2753,SSO15K0505.083137,17:33:58.30,-26:11:17.30,7884.14348,0.63,0.425,21.09,20.0,25.0,3,2.78,
KMT-2017-BLG-2754,BLG15M0106.025960,17:41:15.62,-25:59:52.04,7929.00618,19.61,0.285,20.48,20.0,20.7,2,2.88,OB171171
KMT-2017-BLG-2755,BLG15M0302.040390,17:40:03.84,-26:33:45.25,7946.82611,29.17,0.101,22.38,20.0,20.75,2,2.63,
KMT-2017-BLG-2756,BLG15M0401.008449,17:39:29.82,-26:36:34.92,7943.2641,22.32,0.026,22.18,19.37,19.37,2,2.84,
KMT-2017-BLG-2757,BLG15M0407.042894,17:39:20.51,-25:57:50.83,7971.46539,54.31,0.162,22.39,20.0,21.31,2,2.9,
KMT-2017-BLG-2758,BLG15M0502.017692,17:38:56.86,-26:30:12.20,7813.37713,16.93,0.784,19.96,20.0,20.39,2,3.16,
KMT-2017-BLG-2759,SAO15M0502.081623,17:38:56.30,-26:34:26.36,7927.28074,19.08,0.065,22.39,20.0,22.18,2,3.03,
KMT-2017-BLG-2760,BLG15M0508.037565,17:38:42.47,-25:48:59.04,8010.46933,2.83,0.085,20.89,20.0,21.82,2,3.5,
KMT-2017-BLG-2761,SAO15M0602.060133,17:38:39.58,-26:29:30.19,7894.78901,21.18,0.162,22.32,20.0,21.4,3,3.19,
KMT-2017-BLG-2762,BLG15M0704.067427,17:37:43.92,-26:20:11.15,7853.61425,51.01,0.273,21.65,20.0,21.65,2,2.77,
KMT-2017-BLG-2763,BLG15N0207.083010,17:40:49.32,-26:59:35.38,7987.23461,24.33,0.325,21.35,20.0,22.04,2,3.14,
KMT-2017-BLG-2764,BLG15N0303.086665,17:39:50.66,-27:30:05.11,7945.87507,40.71,0.157,21.4,20.0,21.82,2,2.91,
KMT-2017-BLG-2765,SAO15N0401.042575,17:39:46.56,-27:46:44.04,7849.81433,53.26,0.31,21.69,20.0,20.73,2,2.98,
KMT-2017-BLG-2766,BLG15N0707.026261,17:38:02.98,-27:05:22.02,7983.40398,27.39,0.012,24.03,20.0,20.29,2,2.91,OB171567
KMT-2017-BLG-2767,SAO15T0606.050702,17:33:49.37,-27:12:45.04,7914.1496,15.53,0.523,20.6,20.0,21.38,2,2.93,
KMT-2017-BLG-2768,SAO15T0803.024737,17:32:25.20,-27:30:09.25,7920.94118,20.59,0.482,20.52,20.0,20.64,2,2.91,
KMT-2017-BLG-2769,BLG16M0204.014453,17:40:57.02,-24:11:36.17,7903.62365,31.09,0.291,20.05,19.64,19.64,2,1.95,OB170917
KMT-2017-BLG-2770,SAO16N0305.020455,17:40:19.02,-25:11:24.65,7939.46872,6.52,0.931,19.86,20.0,20.18,2,2.64,
KMT-2017-BLG-2771,BLG16T0205.012350,17:35:58.71,-25:08:14.42,8020.91638,53.5,0.953,20.02,20.0,20.41,2,2.84,
KMT-2017-BLG-2772,SAO17K0404.040288,17:42:37.05,-32:43:01.27,7866.76842,43.63,0.093,23.33,20.0,21.81,2,4.63,
KMT-2017-BLG-2773,SSO17K0508.020816,17:41:50.04,-32:18:13.72,7975.89543,1.9,0.161,19.98,20.0,21.66,3,4.37,
KMT-2017-BLG-2774,BLG17K0705.029239,17:40:26.87,-32:37:13.12,7804.29564,103.29,0.509,20.21,20.0,21.88,2,5.0,
KMT-2017-BLG-2775,BLG17K0706.016824,17:40:42.09,-32:26:16.26,7831.36169,169.95,0.199,20.61,20.0,21.27,2,5.12,
KMT-2017-BLG-2776,SSO17M0303.059233,17:48:01.13,-32:55:22.40,8004.251,44.88,0.53,20.83,20.0,21.45,2,2.78,
KMT-2017-BLG-2777,BLG17T0207.010194,17:43:47.33,-33:27:59.54,7826.04017,64.41,0.315,21.37,19.7,19.7,2,3.35,
KMT-2017-BLG-2778,BLG17T0402.051390,17:42:10.05,-34:03:37.19,7902.22159,39.37,0.182,21.25,20.0,20.43,2,2.44,
KMT-2017-BLG-2779,SAO18K0101.034887,17:45:45.48,-26:40:17.04,7877.27069,13.7,0.911,20.07,20.0,20.76,2,3.34,
KMT-2017-BLG-2780,BLG18K0104.025902,17:45:22.31,-26:12:34.38,8048.80928,56.11,0.289,20.49,20.0,20.59,2,3.26,
KMT-2017-BLG-2781,SSO18K0402.032488,17:43:57.83,-26:28:26.00,7884.51762,48.39,0.012,inf,20.0,20.67,3,3.15,
KMT-2017-BLG-2782,SAO18K0706.044444,17:42:06.51,-26:01:05.56,7889.63639,26.41,0.522,20.89,20.0,20.98,2,2.89,
KMT-2017-BLG-2783,BLG18M0306.025875,17:49:01.80,-26:01:00.19,7813.6224,37.42,0.179,21.32,20.0,22.57,2,6.29,
KMT-2017-BLG-2784,BLG18N0707.078630,17:46:50.48,-27:01:38.53,7987.99855,48.64,0.085,23.06,20.0,25.0,3,4.7,
KMT-2017-BLG-2785,SAO18T0405.064313,17:43:57.68,-27:11:29.44,7878.28658,5.9,0.022,21.78,20.0,22.04,3,3.75,
KMT-2017-BLG-2786,BLG18T0501.031932,17:43:30.58,-27:47:19.75,7875.63705,30.23,0.082,23.01,20.0,21.19,2,4.06,
KMT-2017-BLG-2787,BLG19M0204.035022,17:49:29.10,-24:07:42.49,7968.61533,19.0,0.573,20.04,20.0,20.72,2,2.48,
KMT-2017-BLG-2788,BLG19M0407.061287,17:48:33.22,-23:45:23.40,8046.54861,56.09,0.357,20.01,20.0,20.85,2,1.95,
KMT-2017-BLG-2789,SAO19M0604.031837,17:47:32.08,-24:10:35.94,7895.76428,3.77,0.689,24.9,20.0,20.22,2,2.18,
KMT-2017-BLG-2790,BLG19M0605.068903,17:47:17.15,-24:01:10.78,7782.58413,58.41,0.652,20.09,20.0,21.58,2,2.52,
KMT-2017-BLG-2791,BLG19M0803.038590,17:46:19.63,-24:15:18.14,8037.31262,90.59,0.638,19.87,20.0,20.56,2,2.4,
KMT-2017-BLG-2792,SAO19T0108.045566,17:45:26.45,-24:45:58.82,7942.17383,81.72,0.118,22.25,20.0,21.33,2,3.12,
KMT-2017-BLG-2793,BLG19T0206.071749,17:45:09.60,-25:03:22.00,7850.92928,20.3,0.924,19.94,20.0,21.93,2,3.1,
KMT-2017-BLG-2794,SAO19T0802.054938,17:41:41.53,-25:31:13.22,7932.8024,28.38,0.399,20.69,20.0,21.11,2,2.53,
KMT-2017-BLG-2795,SAO20T0703.019529,17:42:04.50,-23:13:54.08,7889.55022,15.29,0.704,19.76,19.74,19.74,2,1.67,
KMT-2017-BLG-2796,BLG22K0402.078907,17:52:18.43,-33:00:11.09,7852.5203,24.13,0.999,21.08,20.0,21.79,2,1.77,
KMT-2017-BLG-2797,SAO22K0402.080158,17:52:18.76,-33:00:50.62,7926.58039,10.66,0.656,19.96,20.0,25.42,2,1.77,
KMT-2017-BLG-2798,BLG22T0601.038107,17:50:59.77,-34:15:32.36,7844.11977,55.0,0.49,20.62,20.0,20.21,2,1.26,
KMT-2017-BLG-2799,SAO22T0608.034012,17:50:47.08,-33:19:06.10,7894.26147,35.63,0.672,19.87,19.95,19.95,2,1.53,
KMT-2017-BLG-2800,SAO22T0708.045625,17:50:14.20,-33:24:45.14,7815.28757,14.11,0.484,20.11,20.0,20.41,2,1.79,OB170243
KMT-2017-BLG-2801,BLG33M0302.011274,18:16:42.59,-29:47:53.12,8035.99001,49.84,0.613,19.01,18.64,18.64,2,0.4,
KMT-2017-BLG-2802,BLG35M0802.029988,18:04:49.17,-25:36:43.06,8023.06985,31.6,0.073,23.67,20.0,21.24,2,3.24,
KMT-2017-BLG-2803,SAO35N0804.065639,18:04:32.80,-26:29:14.89,7949.35218,27.91,0.311,22.38,20.0,21.19,2,2.18,
KMT-2017-BLG-2804,BLG35T0406.017450,18:02:18.89,-26:14:05.86,7830.35561,49.11,0.267,21.17,20.0,20.33,2,2.77,
KMT-2017-BLG-2805,BLG35T0603.002254,18:01:07.80,-26:31:43.46,7810.22891,128.88,0.265,17.21,17.41,17.41,2,3.47,
KMT-2017-BLG-2806,BLG35T0806.033156,17:59:51.50,-26:12:11.27,7800.00135,45.35,0.026,21.37,20.0,21.49,3,3.54,
KMT-2017-BLG-2807,BLG37K0705.027120,17:40:41.95,-34:43:53.98,7855.12265,59.89,0.534,19.87,20.0,20.47,2,2.46,
KMT-2017-BLG-2808,SAO37K0805.043579,17:39:36.71,-34:44:46.86,7930.97194,121.16,0.118,22.96,20.0,21.19,2,2.54,
KMT-2017-BLG-2809,SAO37N0806.017102,17:44:45.78,-35:42:05.65,7962.33148,53.95,0.632,19.61,19.16,19.16,2,1.29,
KMT-2017-BLG-2810,SAO41K0803.040558,17:49:24.89,-30:56:16.87,7882.5188,71.99,0.088,22.69,20.0,21.34,2,3.58,
KMT-2017-BLG-2811,SAO42K0305.071431,17:52:32.85,-28:34:52.28,7834.76979,170.57,0.563,20.04,20.0,22.1,2,3.24,
KMT-2017-BLG-2812,BLG42K0403.009887,17:51:58.77,-28:45:12.28,7949.34756,131.12,0.663,18.55,18.65,18.65,2,3.76,
KMT-2017-BLG-2813,BLG42K0408.019289,17:52:03.12,-28:07:28.24,7776.51011,58.74,0.291,20.47,20.0,20.49,2,4.15,
KMT-2017-BLG-2814,SAO42M0708.066896,17:54:57.78,-28:11:25.01,7923.55132,21.43,0.201,20.93,20.0,21.79,2,2.91,
KMT-2017-BLG-2815,SAO43K0702.037142,17:57:42.08,-27:47:04.13,7971.86083,14.51,0.667,19.96,20.0,20.32,2,2.79,
KMT-2017-BLG-2816,SAO43K0802.021106,17:57:19.93,-27:47:55.90,8018.74666,25.7,0.291,20.86,20.0,20.38,2,3.72,
KMT-2017-BLG-2817,BLG43M0205.056826,18:05:33.52,-27:23:07.76,7988.58477,44.65,0.28,19.57,19.25,19.25,2,0.78,
