Event,FieldStarID,RA,Dec,t_0,t_E,u_0,Isource,Ibase,Icat,Ctype,A_I,Related_event
KMT-2025-BLG-0001,BLG01K0303.006782,17:52:40.01,-30:42:01.51,60748.35834,9.99,0.839,17.03,17.04,17.04,1,1.86,MB250060 OB250100
KMT-2025-BLG-0002,BLG01K0506.001741,17:51:52.00,-30:24:32.62,60759.52139,33.64,0.157,16.18,16.17,16.17,1,2.46,MB250002 OB250012 PB250007
KMT-2025-BLG-0003,BLG01M0508.029728,17:56:34.03,-30:11:16.51,60754.7215,41.5,0.266,19.28,18.8,18.8,1,1.6,OB250044
KMT-2025-BLG-0004,BLG01N0207.042917,17:58:11.43,-31:23:59.10,60741.30147,7.2,0.388,19.98,19.77,19.77,1,1.45,
KMT-2025-BLG-0005,SAO01T0201.022200,17:53:35.70,-32:09:57.82,60749.16546,44.48,0.114,19.39,19.39,19.39,1,1.98,MB250046
KMT-2025-BLG-0006,BLG01T0307.043377,17:52:35.01,-31:22:15.31,60744.35171,6.55,0.108,21.52,19.91,19.91,1,2.27,
KMT-2025-BLG-0007,BLG02K0102.077192,17:53:59.88,-28:46:45.70,60747.87465,7.1,0.436,19.85,20.0,20.71,2,2.01,
KMT-2025-BLG-0008,BLG02M0106.007420,17:59:01.00,-28:13:19.42,60755.56607,20.0,0.289,17.1,17.17,17.17,1,1.61,MB250039 OB250036
KMT-2025-BLG-0009,BLG02M0503.021012,17:56:47.16,-28:40:40.12,60750.32434,7.84,0.721,18.33,18.37,18.37,1,1.75,
KMT-2025-BLG-0010,BLG02N0108.064263,17:58:38.08,-29:09:05.62,60744.54598,19.36,0.398,19.13,19.18,19.18,1,1.04,
KMT-2025-BLG-0011,BLG02T0103.080066,17:54:03.01,-29:45:44.50,60745.80036,16.97,0.083,19.79,19.54,19.54,1,1.36,OB250021
KMT-2025-BLG-0012,BLG02T0105.007049,17:53:45.15,-29:27:47.41,60756.03895,13.64,0.449,16.67,16.6,16.6,1,1.77,MB250048 OB250310 PB250024
KMT-2025-BLG-0013,BLG02T0203.032144,17:53:27.13,-29:47:58.81,60747.22564,12.91,0.026,18.98,18.66,18.66,1,1.64,MB250049 OB250023 PB250008
KMT-2025-BLG-0014,BLG02T0206.046866,17:53:20.00,-29:23:25.12,60747.67559,37.57,0.143,20.63,19.35,19.35,1,2.23,OB250026
KMT-2025-BLG-0015,BLG02T0208.043481,17:53:30.85,-29:07:41.70,60744.82433,14.59,0.1,20.45,19.09,19.09,1,2.03,
KMT-2025-BLG-0016,BLG02T0702.008278,17:50:27.29,-29:57:01.58,60771.78381,33.55,0.357,17.72,17.75,17.75,1,3.15,OB250017 PB250028
KMT-2025-BLG-0017,SAO03K0102.042020,18:01:32.64,-27:41:58.99,60745.32018,199.94,0.016,23.14,19.16,19.16,1,1.41,
KMT-2025-BLG-0018,BLG03K0105.023273,18:01:35.25,-27:18:19.91,60736.70191,14.31,0.061,21.09,19.04,19.04,1,1.91,
KMT-2025-BLG-0019,SAO03K0302.008035,18:00:32.78,-27:38:59.71,60742.86956,18.48,0.009,20.59,17.29,17.29,1,1.67,MB250040
KMT-2025-BLG-0020,BLG03K0304.017859,18:00:20.96,-27:28:28.99,60750.60414,8.7,0.239,18.34,18.4,18.4,1,1.6,MB250056 OB250295
KMT-2025-BLG-0021,BLG03K0305.072832,18:00:26.74,-27:16:14.41,60752.49264,34.15,0.012,20.1,19.91,19.91,1,1.46,MB250066 OB250296 PB250004
KMT-2025-BLG-0022,BLG03K0406.003396,17:59:41.42,-27:13:36.59,60760.38473,46.85,0.475,16.42,16.42,16.42,1,2.15,MB250011
KMT-2025-BLG-0023,BLG03K0702.055510,17:58:01.49,-27:40:15.89,60745.54755,199.84,0.007,23.59,19.99,19.99,1,2.14,
KMT-2025-BLG-0024,BLG03M0108.040161,18:06:25.53,-26:58:17.80,60749.51192,13.44,0.321,19.44,19.09,19.09,1,1.02,OB250261
KMT-2025-BLG-0025,BLG03T0404.075066,17:59:55.68,-28:34:14.92,60746.20389,36.82,0.026,22.4,19.62,19.62,1,1.29,
KMT-2025-BLG-0026,BLG11K0105.001037,17:27:03.96,-29:16:26.69,60786.47584,22.69,0.087,15.76,15.76,15.76,1,1.81,OB250156
KMT-2025-BLG-0027,BLG11K0506.023517,17:24:48.78,-29:13:16.72,60742.58903,6.05,0.28,20.72,19.23,19.23,1,1.46,
KMT-2025-BLG-0028,BLG11K0606.000787,17:24:09.30,-29:15:35.89,60782.67019,97.53,0.047,18.75,15.43,15.43,1,1.34,OB250164
KMT-2025-BLG-0029,SAO11K0706.048760,17:23:20.05,-29:11:22.45,60737.82894,16.36,0.057,22.27,20.0,20.45,2,1.79,
KMT-2025-BLG-0030,BLG11M0404.003453,17:30:20.82,-29:28:54.23,60753.97988,43.7,0.054,17.97,17.81,17.81,2,2.94,OB250153 PB250041
KMT-2025-BLG-0031,BLG11M0502.006313,17:29:48.27,-29:44:31.31,60743.33543,46.52,0.278,20.34,18.19,18.19,2,1.97,
KMT-2025-BLG-0032,BLG11M0605.053869,17:29:20.25,-29:22:00.80,60748.13358,43.61,0.002,20.06,20.0,20.48,1,2.35,OB250155
KMT-2025-BLG-0033,BLG11N0301.025849,17:30:58.77,-30:58:31.33,60735.20939,3.84,0.043,19.91,20.0,20.96,2,3.21,
KMT-2025-BLG-0034,BLG11N0606.001702,17:28:53.21,-30:20:00.96,60775.63597,199.99,0.004,22.44,17.06,17.06,2,2.98,OB250213 PB250074
KMT-2025-BLG-0035,BLG11T0607.020398,17:24:00.06,-30:15:07.70,60766.95674,57.5,0.042,19.98,19.91,19.91,2,2.5,OB250162
KMT-2025-BLG-0036,BLG12K0102.066863,17:27:18.23,-27:38:19.57,60737.90838,43.85,0.101,22.28,20.0,21.55,2,2.03,
KMT-2025-BLG-0037,BLG12M0206.002987,17:31:37.43,-27:02:24.07,60817.71547,93.87,0.101,18.61,18.68,18.68,2,3.22,
KMT-2025-BLG-0038,BLG12N0401.103447,17:30:27.60,-28:47:42.36,60741.31909,25.77,0.278,20.87,20.0,25.0,3,2.65,
KMT-2025-BLG-0039,BLG12T0106.023323,17:27:22.95,-28:12:46.12,60743.08418,49.75,0.163,20.68,20.0,20.12,2,1.96,OB250152
KMT-2025-BLG-0040,BLG12T0202.005490,17:26:21.29,-28:43:38.71,60785.16263,48.49,0.45,18.34,18.58,18.58,2,1.97,OB250159
KMT-2025-BLG-0041,BLG12T0204.021716,17:26:44.13,-28:28:19.16,60741.00135,9.9,0.401,19.99,20.0,20.19,2,2.09,OB250160
KMT-2025-BLG-0042,BLG13M0108.012159,17:39:43.54,-33:21:11.59,60739.24845,74.68,0.07,19.91,19.94,19.94,2,3.35,
KMT-2025-BLG-0043,BLG13T0103.005376,17:34:36.64,-35:07:53.44,60748.7228,77.82,0.127,19.85,19.83,19.83,2,4.68,
KMT-2025-BLG-0044,BLG14K0302.044318,17:35:28.77,-28:37:28.27,60744.79127,9.25,0.169,20.86,20.0,20.83,2,2.95,
KMT-2025-BLG-0045,BLG14K0605.117512,17:33:42.27,-28:12:43.56,60743.80683,19.34,0.187,19.72,20.0,25.0,3,2.7,
KMT-2025-BLG-0046,BLG14M0304.010302,17:40:12.12,-28:26:37.46,60766.75516,57.91,0.088,19.6,19.53,19.53,2,4.27,OB250220 PB250461
KMT-2025-BLG-0047,BLG14M0406.017962,17:39:18.39,-28:06:32.62,60742.96849,17.77,0.285,19.49,19.52,19.52,2,2.8,OB250221
KMT-2025-BLG-0048,SAO14M0802.010965,17:37:19.62,-28:35:46.75,60733.83581,14.15,0.904,19.69,19.33,19.33,2,3.23,
KMT-2025-BLG-0049,BLG14T0401.021796,17:34:36.19,-29:52:10.96,60745.32455,7.18,0.342,20.01,20.0,20.01,2,2.77,
KMT-2025-BLG-0050,SAO14T0801.018537,17:32:19.32,-29:55:53.40,60735.71314,8.96,0.165,19.99,20.0,20.25,2,2.88,
KMT-2025-BLG-0051,BLG15K0501.044740,17:34:21.65,-26:37:02.78,60745.48635,13.7,0.547,19.97,20.0,20.8,2,2.56,
KMT-2025-BLG-0052,BLG15M0302.076551,17:40:03.89,-26:32:37.90,60743.36967,25.61,0.118,21.72,20.0,21.53,2,2.64,
KMT-2025-BLG-0053,BLG15M0303.038323,17:39:57.90,-26:21:26.35,60742.98596,9.73,0.033,21.63,20.0,20.73,2,2.67,
KMT-2025-BLG-0054,BLG15N0202.044662,17:40:31.90,-27:35:42.68,60738.11608,3.01,0.499,19.28,20.0,21.14,2,3.55,
KMT-2025-BLG-0055,BLG15N0205.021007,17:40:32.77,-27:16:19.49,60755.96938,26.25,0.197,20.16,20.0,20.31,2,3.17,OB250282
KMT-2025-BLG-0056,BLG15T0301.000959,17:35:13.04,-27:45:11.45,60755.2602,11.18,0.335,16.92,16.94,16.94,2,2.93,PB250055
KMT-2025-BLG-0057,BLG15T0406.003351,17:34:50.18,-27:10:45.30,60740.35203,6.05,0.562,17.55,16.7,16.7,1,2.19,MB250058 OB250149
KMT-2025-BLG-0058,BLG15T0505.004572,17:34:10.56,-27:19:10.20,60736.52873,7.03,0.667,19.38,18.3,18.3,1,3.19,
KMT-2025-BLG-0059,BLG15T0808.001862,17:32:34.08,-26:55:22.37,60767.10751,28.29,0.689,19.11,18.35,18.35,2,3.52,OB250273
KMT-2025-BLG-0060,BLG16M0608.059029,17:38:21.59,-23:41:31.27,60748.0193,37.49,0.108,21.4,20.0,21.59,2,1.7,
KMT-2025-BLG-0061,BLG16M0805.016316,17:37:22.28,-24:01:36.80,60744.87816,23.01,0.107,20.01,19.91,19.91,2,2.14,OB250174
KMT-2025-BLG-0062,BLG16N0303.002018,17:40:04.18,-25:26:06.72,60846.28513,197.66,0.693,17.06,17.29,17.29,2,2.68,
KMT-2025-BLG-0063,BLG16N0403.023840,17:39:54.38,-25:26:28.72,60753.89625,29.46,0.139,20.83,20.0,20.61,2,2.8,
KMT-2025-BLG-0064,BLG16T0504.008191,17:34:20.20,-25:14:55.07,60737.4436,9.01,0.023,20.86,20.0,21.16,2,3.66,
KMT-2025-BLG-0065,BLG17K0601.017263,17:41:20.98,-33:09:42.23,60751.24631,10.68,0.451,19.98,20.0,20.52,2,3.57,
KMT-2025-BLG-0066,BLG17M0703.031549,17:45:53.47,-32:52:36.23,60740.36626,25.99,0.144,20.79,20.0,21.17,2,3.12,OB250210
KMT-2025-BLG-0067,BLG17N0806.002567,17:45:18.87,-33:34:40.01,60741.31049,16.67,0.829,16.21,16.21,16.21,1,1.86,MB250068 OB250132 PB250036
KMT-2025-BLG-0068,BLG17T0107.068436,17:44:28.97,-33:27:23.36,60747.05813,16.72,0.284,20.91,20.0,22.3,2,2.25,
KMT-2025-BLG-0069,BLG18K0204.055592,17:44:52.07,-26:12:55.51,60747.64261,19.09,0.091,20.71,20.0,21.32,2,2.85,
KMT-2025-BLG-0070,BLG18K0502.013057,17:43:13.24,-26:28:23.88,60754.4132,28.66,0.197,19.72,19.37,19.37,2,2.92,
KMT-2025-BLG-0071,BLG18T0407.042157,17:44:00.49,-27:01:16.32,60746.62072,42.51,0.073,22.36,20.0,21.36,2,3.97,
KMT-2025-BLG-0072,BLG19N0803.030301,17:46:18.50,-25:25:51.53,60742.44469,39.68,0.029,19.9,20.0,20.88,2,3.16,PB250016
KMT-2025-BLG-0073,SAO19N0808.033197,17:46:28.95,-24:45:12.78,60742.56499,34.88,0.011,21.51,20.0,21.29,2,3.42,OB250183
KMT-2025-BLG-0074,BLG19T0208.005789,17:44:47.52,-24:43:11.39,60743.2418,10.01,0.107,18.7,18.61,18.61,2,2.95,OB250184 PB250014
KMT-2025-BLG-0075,BLG19T0404.006896,17:43:48.91,-25:18:58.57,60757.01341,30.02,0.088,19.09,19.12,19.12,2,3.25,OB250225 PB250012
KMT-2025-BLG-0076,BLG20M0203.011840,17:49:26.99,-22:09:56.23,60741.0815,29.13,0.165,18.95,18.95,18.95,4,2.04,OB250190
KMT-2025-BLG-0077,SAO21N0308.001534,17:58:06.16,-35:29:29.11,60760.20421,20.02,0.667,16.27,16.27,16.27,1,0.79,OB250050
KMT-2025-BLG-0078,BLG22T0204.000536,17:53:31.15,-33:55:47.60,60765.8654,23.35,0.788,15.0,15.01,15.01,1,1.39,MB250033
KMT-2025-BLG-0079,SAO34K0602.012989,18:00:36.19,-31:55:08.00,60753.07169,27.8,0.513,18.21,18.5,18.5,1,1.12,MB250103
KMT-2025-BLG-0080,SAO35N0103.019573,18:08:53.79,-26:34:46.49,60744.1214,10.74,0.376,18.75,18.78,18.78,1,1.22,OB250071
KMT-2025-BLG-0081,BLG37K0306.010536,17:42:45.02,-34:38:15.25,60740.49858,6.34,0.391,18.88,18.84,18.84,2,1.77,
KMT-2025-BLG-0082,BLG37K0503.010966,17:41:29.29,-34:58:19.81,60749.09745,27.67,0.386,19.86,19.28,19.28,2,2.23,OB250146
KMT-2025-BLG-0083,BLG37M0404.019084,17:47:36.67,-34:50:38.62,60753.80608,50.65,0.455,19.64,18.55,18.55,1,0.89,OB250139
KMT-2025-BLG-0084,BLG37T0103.005632,17:44:06.71,-36:03:42.05,60733.6928,34.68,0.106,19.44,18.48,18.48,4,1.65,OB250143
KMT-2025-BLG-0085,BLG37T0605.058476,17:41:00.50,-35:54:19.44,60741.62453,44.68,0.046,22.01,20.0,21.78,3,2.22,
KMT-2025-BLG-0086,BLG41K0407.023227,17:51:56.69,-30:22:20.50,60749.45063,16.81,0.149,20.95,19.1,19.1,1,2.22,
KMT-2025-BLG-0087,BLG41K0407.065062,17:52:04.66,-30:25:30.50,60748.87573,13.99,0.209,20.46,20.0,20.34,1,2.27,OB250287
KMT-2025-BLG-0088,BLG41T0606.007988,17:50:44.04,-31:36:36.94,60747.51144,24.7,0.074,21.87,20.0,20.47,2,4.58,
KMT-2025-BLG-0089,BLG42K0401.012621,17:51:50.27,-29:02:56.04,60748.94805,17.23,0.347,19.53,18.8,18.8,2,3.35,OB250254 PB250022
KMT-2025-BLG-0090,BLG42M0201.041622,17:57:49.08,-29:04:09.98,60749.55133,18.07,0.089,21.12,19.13,19.13,1,1.5,
KMT-2025-BLG-0091,BLG42N0401.017789,17:57:00.42,-30:05:15.90,60747.94439,28.7,0.085,22.25,18.4,18.4,1,1.4,
KMT-2025-BLG-0092,BLG42N0501.076384,17:56:24.13,-30:09:19.40,60742.27438,18.86,0.036,20.26,19.93,19.93,1,1.4,
KMT-2025-BLG-0093,BLG42N0502.057827,17:56:24.41,-30:05:00.49,60744.09923,18.8,0.009,20.57,19.5,19.5,1,1.4,MB250050
KMT-2025-BLG-0094,BLG42N0504.076857,17:56:17.77,-29:48:56.20,60757.15816,31.04,0.167,19.93,20.0,20.0,1,1.8,OB250291
KMT-2025-BLG-0095,BLG42N0608.071357,17:55:40.52,-29:12:40.79,60744.83374,24.31,0.182,20.88,19.64,19.64,1,1.72,OB250040
KMT-2025-BLG-0096,BLG42N0805.110138,17:54:27.00,-29:36:48.49,60744.86897,18.94,0.024,22.29,20.0,20.72,1,1.43,
KMT-2025-BLG-0097,BLG42T0803.001700,17:49:38.35,-29:55:26.62,60778.79219,99.05,0.135,17.61,16.73,16.73,1,3.62,OB250020 PB250019
KMT-2025-BLG-0098,BLG43N0505.005238,18:04:04.74,-28:33:03.20,60741.79814,44.26,0.057,19.57,16.66,16.66,1,1.0,MB250032 OB250057
KMT-2025-BLG-0099,SAO43T0206.071272,18:00:33.72,-28:24:56.02,60743.99944,4.87,0.123,20.24,19.45,19.45,1,1.23,
KMT-2025-BLG-0100,SAO01K0204.014840,17:53:25.52,-30:36:37.69,60734.75218,20.6,0.601,18.67,18.61,18.61,1,2.07,MB250059 OB250099
KMT-2025-BLG-0101,BLG01K0802.031321,17:49:47.75,-30:51:56.02,60769.52015,57.34,0.115,20.11,20.0,20.15,1,3.18,OB250301 PB250063
KMT-2025-BLG-0102,BLG01M0303.008857,17:57:53.09,-30:44:05.21,60754.80188,11.61,0.493,18.04,17.92,17.92,1,1.74,MB250067
KMT-2025-BLG-0103,BLG01N0102.003818,17:59:11.51,-31:58:12.50,60780.70917,72.88,0.208,17.37,17.38,17.38,1,1.81,MB250100 OB250046
KMT-2025-BLG-0104,BLG02K0608.032857,17:50:58.75,-28:02:35.74,60749.58783,1.83,0.595,19.93,20.0,22.66,2,7.21,
KMT-2025-BLG-0105,BLG02T0102.096108,17:54:17.13,-29:54:22.28,60753.17236,7.1,0.434,19.11,19.93,19.93,1,1.4,
KMT-2025-BLG-0106,BLG02T0406.051754,17:52:08.57,-29:20:06.61,60753.42475,23.45,0.064,21.1,19.91,19.91,1,2.75,
KMT-2025-BLG-0107,BLG02T0608.032470,17:51:10.17,-29:04:25.93,60762.84078,103.42,0.053,21.35,20.0,20.79,2,4.28,OB250255 PB250021
KMT-2025-BLG-0108,BLG03K0605.012010,17:58:55.92,-27:19:17.51,60749.89546,3.11,0.677,19.47,18.32,18.32,1,2.02,
KMT-2025-BLG-0109,BLG03K0801.008925,17:57:22.68,-27:50:15.22,60763.84432,31.42,0.27,19.39,18.82,18.82,2,3.33,OB250290 PB250125
KMT-2025-BLG-0110,BLG03N0605.044123,18:03:25.84,-28:22:50.59,60757.47326,50.12,0.174,20.43,18.89,18.89,1,0.86,
KMT-2025-BLG-0111,BLG03N0608.040177,18:03:19.40,-28:04:39.40,60761.79723,57.02,0.122,19.82,18.95,18.95,1,0.87,MB250087 OB250347 OB250472
KMT-2025-BLG-0112,BLG03N0808.088281,18:02:19.34,-28:05:41.21,60749.41387,9.84,0.51,19.97,20.0,20.21,1,1.03,
KMT-2025-BLG-0113,SAO11T0706.046287,17:23:25.17,-30:18:23.58,60749.0834,6.84,0.215,21.09,20.0,21.5,2,2.71,
KMT-2025-BLG-0114,BLG14K0108.098706,17:36:29.94,-27:53:42.58,60748.60911,4.52,0.131,20.57,20.0,25.0,3,3.22,
KMT-2025-BLG-0115,BLG14K0705.076293,17:32:41.57,-28:18:29.02,60749.61718,33.67,0.038,21.49,20.0,21.36,2,2.45,
KMT-2025-BLG-0116,BLG16M0706.090304,17:37:40.25,-23:53:24.68,60751.01292,23.17,0.002,21.64,20.0,22.48,2,1.66,
KMT-2025-BLG-0117,SAO18K0503.007930,17:43:15.21,-26:23:54.17,60746.0418,41.0,0.116,18.58,18.57,18.57,2,2.9,OB250198
KMT-2025-BLG-0118,BLG18M0806.060968,17:46:31.86,-26:01:16.25,60748.26362,67.21,0.053,22.88,20.0,21.45,3,3.39,
KMT-2025-BLG-0119,BLG18T0404.004915,17:43:44.05,-27:21:18.83,60787.47509,199.99,0.097,19.36,18.62,18.62,2,3.59,PB250045
KMT-2025-BLG-0120,BLG19K0506.036806,17:43:18.57,-23:57:33.59,60761.60724,37.92,0.494,19.56,19.52,19.52,1,1.6,OB250331
KMT-2025-BLG-0121,BLG19M0405.002923,17:48:38.01,-23:59:55.68,60755.13708,9.17,0.115,18.62,16.97,16.97,2,2.09,
KMT-2025-BLG-0122,BLG19M0802.026932,17:46:35.09,-24:24:42.77,60748.18486,191.35,0.023,23.91,20.0,20.53,2,2.68,
KMT-2025-BLG-0123,BLG19T0303.078145,17:44:26.75,-25:26:58.88,60747.02341,26.68,0.045,22.68,20.0,22.44,2,3.42,
KMT-2025-BLG-0124,BLG19T0502.004707,17:43:29.71,-25:29:40.06,60803.91888,60.81,0.23,18.13,18.2,18.2,2,2.67,PB250068
KMT-2025-BLG-0125,BLG20M0406.003821,17:48:24.33,-21:45:26.46,60753.21387,6.16,0.685,17.9,17.78,17.78,4,1.97,OB250280
KMT-2025-BLG-0126,BLG20N0501.001841,17:47:50.73,-23:29:33.79,60752.75505,32.94,0.045,16.96,16.65,16.65,2,1.75,OB250180
KMT-2025-BLG-0127,BLG21K0106.021021,17:54:08.83,-34:38:55.00,60752.30271,20.48,0.196,19.19,18.92,18.92,1,1.03,OB250033
KMT-2025-BLG-0128,BLG31N0806.051161,18:13:48.93,-26:13:10.88,60751.53543,49.0,0.024,22.29,19.99,19.99,1,1.07,
KMT-2025-BLG-0129,SAO31T0304.053519,18:11:53.05,-26:23:38.29,60759.96206,22.18,0.497,20.09,19.95,19.95,1,1.17,OB250299
KMT-2025-BLG-0130,BLG31T0504.013573,18:11:02.67,-26:29:34.91,60751.05829,4.86,0.598,18.2,18.22,18.22,1,0.92,
KMT-2025-BLG-0131,BLG34K0807.041802,17:59:28.41,-31:18:32.11,60773.83319,158.96,0.039,20.03,19.81,19.81,1,1.54,MB250062 OB250294
KMT-2025-BLG-0132,SAO34T0201.004087,18:03:13.96,-33:08:48.41,60752.81654,5.76,0.014,18.24,17.57,17.57,1,0.9,MB250074 MB250077 OB250297
KMT-2025-BLG-0133,BLG37K0806.047326,17:39:43.04,-34:38:56.11,60751.93119,8.27,0.059,21.78,20.0,21.59,2,2.76,
KMT-2025-BLG-0134,BLG41K0403.008830,17:51:59.47,-30:52:53.00,60768.39739,58.89,0.11,20.94,17.79,17.79,1,2.5,OB250300
KMT-2025-BLG-0135,BLG41K0407.006513,17:52:08.65,-30:23:04.70,60751.0634,16.47,0.988,17.73,17.21,17.21,1,2.22,OB250288 OB250355
KMT-2025-BLG-0136,BLG41T0106.066902,17:53:42.32,-31:38:39.19,60748.61231,14.55,0.228,20.9,20.0,20.5,1,2.04,
KMT-2025-BLG-0137,SAO42K0101.011246,17:53:38.29,-29:03:20.48,60764.01122,57.38,0.468,17.3,17.27,17.27,1,2.11,MB250073 OB250007
KMT-2025-BLG-0138,BLG42K0405.023439,17:52:02.77,-28:29:56.87,60762.09593,27.51,0.183,20.02,20.0,20.3,2,3.62,OB250286 PB250023
KMT-2025-BLG-0139,BLG42M0406.077657,17:57:04.36,-28:24:32.80,60752.382,21.33,0.164,21.29,20.0,20.14,1,1.86,
KMT-2025-BLG-0140,BLG42M0502.038807,17:56:18.83,-28:50:46.72,60752.9093,12.46,0.011,20.92,19.21,19.21,1,2.07,MB250076
KMT-2025-BLG-0141,SAO42N0106.015534,17:58:31.95,-29:27:40.28,60749.10572,88.27,0.027,20.34,18.08,18.08,1,1.3,MB250061
KMT-2025-BLG-0142,SAO42N0806.042897,17:54:35.72,-29:29:07.58,60750.8373,18.13,0.186,18.95,18.9,18.9,1,1.43,MB250055 OB250259
KMT-2025-BLG-0143,BLG43K0502.044994,17:58:58.05,-27:46:52.00,60751.98043,10.34,0.01,21.11,19.6,19.6,1,2.05,
KMT-2025-BLG-0144,BLG43T0307.067159,17:59:57.89,-28:15:32.69,60749.74362,24.76,0.177,20.86,19.45,19.45,1,1.4,
KMT-2025-BLG-0145,BLG43T0602.084294,17:58:19.37,-28:58:22.69,60751.41777,7.15,0.189,19.8,19.71,19.71,1,1.16,
KMT-2025-BLG-0146,BLG43T0806.055429,17:57:21.41,-28:25:10.88,60756.75678,12.38,0.539,19.59,19.49,19.49,1,1.63,
KMT-2025-BLG-0147,BLG02T0802.011209,17:49:50.25,-29:51:24.08,60762.62449,58.77,0.402,19.39,18.4,18.4,1,3.59,OB250019 PB250083
KMT-2025-BLG-0148,SAO03M0205.050045,18:05:33.79,-27:15:46.58,60755.15279,5.52,0.076,19.19,19.15,19.15,1,0.9,MB250078
KMT-2025-BLG-0149,SAO17N0706.002987,17:45:34.88,-33:40:47.39,60763.7802,76.39,0.117,18.26,16.18,16.18,1,1.55,MB250038 OB250131 PB250066
KMT-2025-BLG-0150,BLG21M0704.020051,17:55:36.23,-34:55:10.81,60781.20297,60.83,0.153,19.11,19.04,19.04,1,1.01,MB250088 OB250051
KMT-2025-BLG-0151,SAO37M0303.001133,17:48:09.41,-35:02:09.82,60751.38224,13.28,0.063,19.29,15.36,15.36,1,0.97,MB250065
KMT-2025-BLG-0152,BLG37M0305.022892,17:47:59.39,-34:42:26.71,60762.6383,29.67,0.47,19.64,18.92,18.92,1,1.2,OB250327
KMT-2025-BLG-0153,BLG41K0106.035729,17:53:52.11,-30:31:00.52,60753.90739,19.2,0.004,22.24,19.06,19.06,1,1.57,MB250081
KMT-2025-BLG-0154,SAO42T0401.017326,17:52:12.48,-30:10:41.30,60752.27146,95.75,0.003,24.31,18.34,18.34,1,1.72,
KMT-2025-BLG-0155,BLG02T0303.070089,17:52:53.82,-29:47:43.19,60761.15537,29.6,0.1,20.76,19.68,19.68,1,1.96,OB250341
KMT-2025-BLG-0156,BLG04K0406.072278,18:01:35.94,-29:15:31.90,60753.10896,39.5,0.038,22.86,19.99,19.99,1,1.34,
KMT-2025-BLG-0157,SAO04M0805.001638,18:04:20.88,-29:22:51.31,60769.3809,22.75,0.568,16.35,15.28,15.28,1,0.88,MB250057 OB250063
KMT-2025-BLG-0158,BLG04N0406.006333,18:06:39.88,-30:23:53.20,60765.39162,16.54,0.744,17.79,17.83,17.83,1,0.94,OB250317
KMT-2025-BLG-0159,BLG11K0104.032812,17:26:58.47,-29:30:42.91,60752.36309,41.71,0.114,20.37,19.61,19.61,1,1.85,OB250157
KMT-2025-BLG-0160,BLG11K0806.027639,17:22:56.69,-29:15:41.94,60760.02937,35.06,0.19,20.92,20.0,20.39,2,2.05,
KMT-2025-BLG-0161,BLG13M0603.010064,17:36:25.18,-33:58:26.26,60761.95637,7.74,0.923,19.38,20.0,20.13,2,4.27,
KMT-2025-BLG-0162,BLG13N0106.003618,17:39:44.97,-34:42:11.88,60799.21937,37.75,0.15,17.87,18.12,18.12,2,2.51,OB250408
KMT-2025-BLG-0163,BLG16M0406.003442,17:39:28.29,-23:55:22.91,60794.04111,37.73,0.234,17.68,17.86,17.86,2,1.8,OB250173
KMT-2025-BLG-0164,BLG16N0406.002555,17:39:54.01,-25:00:56.84,60773.45171,28.99,0.501,18.39,18.33,18.33,2,3.25,OB250455
KMT-2025-BLG-0165,BLG17T0305.009372,17:42:42.99,-33:45:38.59,60766.5781,35.88,0.19,19.28,19.35,19.35,2,2.94,OB250551
KMT-2025-BLG-0166,BLG37N0107.018004,17:49:31.29,-35:38:06.61,60751.67215,72.12,0.084,22.71,18.94,18.94,1,1.06,
KMT-2025-BLG-0167,BLG41M0208.008200,17:58:02.41,-30:13:15.38,60754.95054,13.27,0.167,21.21,17.84,17.84,1,1.66,
KMT-2025-BLG-0168,BLG41N0207.070697,17:58:06.94,-31:31:43.90,60755.16893,7.67,0.564,19.92,20.0,20.4,1,1.33,
KMT-2025-BLG-0169,BLG41N0306.074770,17:57:38.09,-31:38:04.81,60761.72784,16.53,0.257,19.95,20.0,20.54,1,1.49,OB250375
KMT-2025-BLG-0170,BLG42T0206.021144,17:53:15.29,-29:29:58.49,60754.12046,1.08,0.399,18.4,18.46,18.46,1,2.07,
KMT-2025-BLG-0171,BLG01M0207.003977,17:58:36.57,-30:18:46.40,60789.15672,23.84,0.403,16.54,16.55,16.55,1,1.51,MB250102 PB250096
KMT-2025-BLG-0172,BLG04T0606.012514,18:00:16.74,-30:28:04.51,60758.49235,133.02,0.007,22.06,18.14,18.14,1,1.2,OB250313
KMT-2025-BLG-0173,BLG11M0306.067256,17:31:00.63,-29:14:25.48,60754.10215,10.98,0.811,19.97,20.0,21.75,2,3.19,
KMT-2025-BLG-0174,BLG11N0407.020417,17:30:09.86,-30:09:33.48,60765.71527,39.75,0.417,19.56,19.78,19.78,2,2.09,
KMT-2025-BLG-0175,BLG14K0202.074560,17:35:44.26,-28:37:57.29,60753.53851,15.77,0.497,20.89,20.0,21.43,2,3.0,
KMT-2025-BLG-0176,BLG15K0102.093605,17:36:21.00,-26:34:16.97,60755.70318,12.51,0.075,21.62,20.0,22.42,2,2.78,
KMT-2025-BLG-0177,BLG15T0502.009784,17:33:57.69,-27:41:32.78,60755.41888,7.37,0.835,19.27,19.61,19.61,2,2.7,
KMT-2025-BLG-0178,BLG17T0606.006831,17:40:55.88,-33:38:48.95,60781.58973,36.11,0.443,18.58,18.62,18.62,2,2.88,OB250350
KMT-2025-BLG-0179,BLG18M0801.006343,17:46:25.20,-26:38:12.16,60772.04054,21.79,0.033,18.99,19.02,19.02,2,4.17,PB250043
KMT-2025-BLG-0180,BLG19M0406.052294,17:48:32.72,-23:54:46.26,60755.62199,7.05,0.714,19.66,20.0,20.8,2,2.28,
KMT-2025-BLG-0181,BLG22K0302.026137,17:52:54.21,-33:04:06.31,60754.8722,18.09,0.073,21.32,19.29,19.29,1,1.5,MB250085
KMT-2025-BLG-0182,BLG32N0604.018122,18:12:36.24,-28:32:49.60,60757.89734,8.81,0.13,18.39,18.4,18.4,1,0.48,MB250079 OB250319
KMT-2025-BLG-0183,BLG41M0108.069380,17:58:43.39,-30:14:03.01,60754.42063,6.31,0.02,22.12,20.0,20.29,1,1.68,
KMT-2025-BLG-0184,BLG01M0406.009359,17:57:11.62,-30:25:44.62,60778.17267,27.94,0.693,18.4,18.14,18.14,1,1.97,OB250492
KMT-2025-BLG-0185,BLG01N0406.004300,17:57:08.24,-31:27:54.79,60788.13852,62.89,0.756,16.8,16.84,16.84,1,1.39,MB250072 MB250089 OB250293
KMT-2025-BLG-0186,BLG01T0206.051182,17:53:06.89,-31:29:00.89,60772.97441,199.94,0.005,23.43,20.0,20.15,1,2.33,OB250396
KMT-2025-BLG-0187,BLG02M0804.039779,17:54:53.30,-28:33:27.86,60752.99027,18.35,0.541,19.98,19.99,19.99,2,2.22,
KMT-2025-BLG-0188,BLG02N0405.080693,17:56:56.32,-29:30:40.21,60760.48325,9.41,0.149,19.81,19.94,19.94,1,1.53,MB250096 OB250343
KMT-2025-BLG-0189,BLG02N0807.001710,17:55:04.89,-29:12:55.58,60827.15491,130.5,0.685,18.48,15.51,15.51,1,2.3,
KMT-2025-BLG-0190,BLG03T0207.068933,18:00:50.51,-28:11:52.30,60747.30606,19.92,0.516,19.35,19.67,19.67,1,1.38,OB250059
KMT-2025-BLG-0191,BLG04K0307.005649,18:02:09.31,-29:12:18.11,60761.75102,29.11,0.052,20.68,16.81,16.81,1,1.08,MB250097 OB250345
KMT-2025-BLG-0192,BLG04M0404.006224,18:06:51.20,-29:33:47.59,60757.19253,3.32,0.477,18.69,17.51,17.51,1,0.78,MB250090
KMT-2025-BLG-0193,BLG20N0102.022392,17:50:24.97,-23:27:43.74,60756.7509,12.26,0.126,20.16,20.0,20.02,2,2.15,
KMT-2025-BLG-0194,BLG20T0401.034642,17:44:10.68,-23:34:58.51,60756.55241,31.0,0.086,21.22,19.67,19.67,1,1.8,
KMT-2025-BLG-0195,BLG41N0208.032692,17:58:01.05,-31:19:48.50,60759.72586,5.25,0.838,19.72,19.64,19.64,1,1.92,
KMT-2025-BLG-0196,BLG42K0603.005150,17:50:51.45,-28:49:09.95,60757.61927,63.44,0.002,23.45,18.6,18.6,2,4.63,
KMT-2025-BLG-0197,BLG42M0708.012728,17:55:14.76,-28:07:32.84,60759.00952,9.84,0.499,20.31,19.19,19.19,2,2.94,
KMT-2025-BLG-0198,SAO02K0302.013477,17:52:42.91,-28:43:27.77,60759.17341,4.71,0.052,19.35,18.74,18.74,2,3.23,
KMT-2025-BLG-0199,BLG02M0406.087354,17:57:05.79,-28:18:47.20,60760.32467,7.83,0.279,20.55,20.0,20.27,1,1.91,
KMT-2025-BLG-0200,BLG02M0601.026808,17:55:52.51,-28:54:38.52,60770.02468,21.23,0.692,18.82,18.78,18.78,2,1.75,
KMT-2025-BLG-0201,BLG02N0801.005137,17:54:57.11,-30:01:49.01,60769.46626,45.66,0.008,20.18,16.21,16.21,1,1.29,MB250104 OB250340
KMT-2025-BLG-0202,BLG02T0308.014700,17:52:51.21,-29:09:49.10,60788.87763,63.2,0.662,17.94,17.94,17.94,1,2.52,OB250009
KMT-2025-BLG-0203,SAO02T0507.037911,17:51:48.19,-29:16:19.81,60769.15318,16.4,0.717,19.72,19.98,19.98,1,2.88,OB250490
KMT-2025-BLG-0204,BLG04K0506.067144,18:00:52.66,-29:15:09.40,60760.24732,9.95,0.168,19.8,19.78,19.78,1,1.36,MB250179
KMT-2025-BLG-0205,BLG04N0104.014176,18:08:28.93,-30:41:16.80,60764.71393,9.14,0.354,18.7,18.57,18.57,1,0.62,OB250316
KMT-2025-BLG-0206,SAO14K0106.038827,17:36:39.14,-28:06:53.86,60757.58406,19.22,0.062,21.84,20.0,21.27,2,3.3,
KMT-2025-BLG-0207,SAO14K0705.069870,17:32:55.76,-28:15:42.80,60760.42413,21.42,0.004,21.2,20.0,21.2,2,2.57,
KMT-2025-BLG-0208,BLG19K0202.029711,17:44:49.56,-24:22:31.40,60767.77115,21.56,0.06,20.06,19.73,19.73,1,2.06,
KMT-2025-BLG-0209,BLG19M0801.000884,17:46:32.96,-24:29:49.67,60766.25149,20.45,0.165,18.7,16.62,16.62,2,2.83,OB250415
KMT-2025-BLG-0210,SAO20N0801.019627,17:46:18.47,-23:31:31.69,60757.5376,5.3,0.056,19.09,19.1,19.1,1,1.82,
KMT-2025-BLG-0211,BLG37M0602.041145,17:46:07.46,-35:10:19.31,60759.19561,2.96,0.065,19.65,19.59,19.59,1,1.18,
KMT-2025-BLG-0212,BLG42M0306.050694,17:57:18.98,-28:22:36.98,60758.20113,3.83,0.651,19.3,19.35,19.35,1,1.69,
KMT-2025-BLG-0213,SAO42M0606.000719,17:55:23.84,-28:20:39.41,60767.59305,13.85,0.032,15.62,15.63,15.63,2,2.36,MB250101
KMT-2025-BLG-0214,BLG15N0307.036278,17:39:49.81,-27:01:53.69,60774.32443,45.64,0.136,20.81,20.0,21.03,2,2.98,PB250070
KMT-2025-BLG-0215,BLG16M0504.046964,17:39:02.52,-24:06:47.81,60764.34742,46.99,0.264,20.17,20.0,21.1,2,2.13,OB250277
KMT-2025-BLG-0216,BLG17N0308.012431,17:48:03.13,-33:20:27.89,60775.03306,18.82,0.329,18.98,18.53,18.53,1,1.72,OB250452
KMT-2025-BLG-0217,BLG17T0201.038089,17:43:41.41,-34:17:35.41,60766.51481,38.24,0.289,20.04,19.6,19.6,1,1.75,OB250404
KMT-2025-BLG-0218,BLG21K0307.005141,17:52:34.08,-34:31:57.22,60767.34277,15.3,0.125,17.57,17.32,17.32,1,0.86,MB250080 OB250312
KMT-2025-BLG-0219,SAO36K0801.005446,18:11:42.73,-23:34:48.94,60764.01631,58.94,0.138,20.89,19.23,19.23,4,2.63,
KMT-2025-BLG-0220,SSO38T0503.001345,17:52:14.17,-23:13:47.17,60966.77176,169.67,0.003,26.25,16.31,16.31,4,2.58,
KMT-2025-BLG-0221,BLG43T0302.100201,18:00:10.79,-28:58:30.00,60762.14334,10.18,0.238,20.07,20.0,20.04,1,0.9,
KMT-2025-BLG-0222,BLG01K0104.052775,17:54:03.06,-30:37:14.41,60772.7939,49.23,0.067,20.84,19.81,19.81,1,1.54,OB250442
KMT-2025-BLG-0223,BLG02T0105.020497,17:53:47.69,-29:31:26.80,60776.50619,53.0,0.616,18.27,18.3,18.3,1,1.82,
KMT-2025-BLG-0224,BLG03T0302.010605,18:00:27.70,-28:50:43.51,60776.45548,49.88,0.498,18.49,17.33,17.33,1,0.89,
KMT-2025-BLG-0225,BLG15T0603.065767,17:33:49.17,-27:29:27.10,60759.25106,51.85,0.169,22.58,20.0,21.89,2,3.45,
KMT-2025-BLG-0226,BLG17N0506.014231,17:46:56.65,-33:36:44.10,60764.44322,22.07,0.108,21.42,19.14,19.14,1,2.29,
KMT-2025-BLG-0227,BLG17T0407.022632,17:42:12.06,-33:32:35.77,60775.8249,61.84,0.325,20.06,20.0,20.48,3,3.06,
KMT-2025-BLG-0228,BLG18K0405.000639,17:43:55.67,-26:09:15.70,60763.64889,19.91,0.915,17.71,16.06,16.06,2,2.88,
KMT-2025-BLG-0229,BLG18T0703.003562,17:42:08.34,-27:27:27.83,60769.0112,20.69,0.997,17.97,17.84,17.84,2,3.58,OB250335
KMT-2025-BLG-0230,BLG20N0801.003005,17:46:28.43,-23:33:59.62,60818.3257,73.17,0.27,16.97,16.7,16.7,1,1.79,OB250181
KMT-2025-BLG-0231,BLG22K0802.011407,17:49:46.36,-33:02:45.60,60762.32551,6.54,0.883,18.91,18.93,18.93,1,2.4,
KMT-2025-BLG-0232,BLG34K0608.004527,18:00:44.55,-31:11:01.50,60772.20947,200.0,0.003,21.8,17.27,17.27,1,1.32,MB250092 OB250066
KMT-2025-BLG-0233,BLG35M0105.014998,18:08:27.58,-25:13:39.11,60762.41552,10.11,0.418,18.96,19.29,19.29,1,2.24,
KMT-2025-BLG-0234,BLG42M0804.018607,17:54:33.07,-28:37:07.46,60789.40612,37.21,0.473,18.69,18.7,18.7,2,2.08,OB250353 PB250051
KMT-2025-BLG-0235,BLG42N0503.022919,17:56:04.96,-29:57:08.71,60786.45873,53.8,0.445,18.8,18.8,18.8,1,1.73,OB250292
KMT-2025-BLG-0236,BLG03T0201.056618,18:01:05.68,-28:57:32.29,60763.34405,21.02,0.022,21.81,19.12,19.12,1,0.97,MB250120 OB250346
KMT-2025-BLG-0237,BLG11N0307.011709,17:30:42.53,-30:09:50.69,60776.97691,30.42,0.599,19.72,19.08,19.08,2,2.4,OB250507
KMT-2025-BLG-0238,BLG12T0808.001748,17:23:04.94,-27:56:08.27,60772.2311,12.25,0.909,17.41,17.14,17.14,2,1.69,OB250351 OB250458
KMT-2025-BLG-0239,BLG13K0201.039778,17:33:47.27,-34:11:53.70,60762.92087,30.7,0.194,21.11,20.0,22.12,2,4.56,
KMT-2025-BLG-0240,BLG15N0306.002430,17:40:16.48,-27:10:09.55,60796.63357,34.23,0.753,17.49,17.5,17.5,2,2.87,OB250420
KMT-2025-BLG-0241,BLG15T0408.003642,17:34:42.41,-26:55:40.91,60786.98018,17.41,0.552,17.4,17.41,17.41,1,2.4,MB250240 OB250410
KMT-2025-BLG-0242,BLG15T0801.002012,17:32:24.64,-27:44:24.22,60813.40981,39.7,0.163,17.27,17.17,17.17,2,2.49,OB250411
KMT-2025-BLG-0243,BLG17T0703.005608,17:40:37.16,-33:56:38.47,60824.17837,62.32,0.101,18.31,18.36,18.36,2,2.41,OB250419
KMT-2025-BLG-0244,BLG18T0605.030597,17:42:35.99,-27:14:01.90,60766.53881,18.84,0.386,20.55,20.0,21.12,2,3.79,
KMT-2025-BLG-0245,BLG19T0203.018528,17:45:05.26,-25:28:45.84,60762.97051,9.86,0.299,20.74,20.0,20.24,2,2.79,
KMT-2025-BLG-0246,BLG41K0304.042754,17:52:28.10,-30:47:15.50,60761.41548,41.17,0.186,21.47,19.4,19.4,1,1.96,
KMT-2025-BLG-0247,BLG01K0501.028647,17:51:38.39,-31:02:51.61,60764.64339,20.62,0.016,21.27,19.49,19.49,1,2.4,
KMT-2025-BLG-0248,BLG01M0201.003610,17:58:35.00,-30:58:57.00,60820.18713,74.71,0.998,17.09,16.71,16.71,1,1.8,MB250086 OB250468
KMT-2025-BLG-0249,BLG01M0304.064782,17:57:43.35,-30:37:53.26,60762.12777,6.98,0.397,20.57,20.0,22.0,2,2.05,
KMT-2025-BLG-0250,BLG01M0703.002847,17:55:20.13,-30:48:42.19,60764.84089,34.88,0.03,21.61,16.1,16.1,1,1.53,
KMT-2025-BLG-0251,BLG02M0301.114070,17:57:45.28,-28:52:01.42,60766.11232,11.05,0.046,20.51,20.0,20.65,1,1.29,
KMT-2025-BLG-0252,BLG02M0307.038374,17:57:41.35,-28:08:39.41,60763.62108,18.07,0.188,21.61,19.29,19.29,1,1.96,OB250365
KMT-2025-BLG-0253,BLG02N0204.035459,17:58:18.03,-29:40:49.12,60767.29206,4.55,0.947,18.74,18.75,18.75,1,1.12,
KMT-2025-BLG-0254,BLG02N0802.004972,17:54:44.49,-29:55:13.51,60764.63004,143.65,0.023,22.77,16.02,16.02,1,1.4,
KMT-2025-BLG-0255,BLG02T0307.010033,17:52:51.57,-29:12:47.81,60785.33275,19.62,0.255,18.1,17.59,17.59,1,2.48,MB250128 OB250352 OB250361 PB250095
KMT-2025-BLG-0256,BLG02T0408.038734,17:52:28.64,-29:09:42.91,60773.31825,23.16,0.011,20.75,19.85,19.85,1,2.54,MB250114 PB250050
KMT-2025-BLG-0257,BLG02T0803.020737,17:50:01.52,-29:46:58.91,60767.08514,6.14,0.146,19.69,19.48,19.48,1,3.72,OB250360
KMT-2025-BLG-0258,BLG03N0608.011710,18:03:49.76,-28:04:43.79,60766.63933,12.5,0.014,21.24,17.82,17.82,1,1.09,OB250385
KMT-2025-BLG-0259,BLG04K0404.015221,18:01:49.98,-29:35:12.52,60762.60909,4.07,0.492,19.09,18.42,18.42,1,1.49,
KMT-2025-BLG-0260,BLG04N0801.004209,18:04:20.92,-31:05:14.71,60766.53316,32.15,0.712,19.36,17.94,17.94,1,1.69,OB250434
KMT-2025-BLG-0261,BLG04T0202.059972,18:03:00.00,-30:57:50.11,60763.28833,10.73,0.149,21.12,20.0,20.57,2,1.6,
KMT-2025-BLG-0262,BLG11K0407.002324,17:25:12.34,-29:02:21.30,60817.52679,34.0,0.6,16.86,16.58,16.58,1,1.76,OB250447
KMT-2025-BLG-0263,BLG11N0103.080600,17:32:03.25,-30:38:09.71,60763.43235,33.28,0.075,23.29,20.0,22.07,2,2.73,
KMT-2025-BLG-0264,BLG11N0207.101087,17:31:31.33,-30:11:02.69,60778.39166,46.24,0.161,21.16,20.0,22.31,2,2.83,
KMT-2025-BLG-0265,BLG11N0508.009941,17:29:27.28,-30:03:55.08,60886.19507,199.96,0.19,19.19,18.95,18.95,2,2.49,OB250214 PB250101
KMT-2025-BLG-0266,BLG11N0804.010382,17:27:55.76,-30:32:28.43,60765.50844,6.12,0.815,19.93,19.95,19.95,2,3.1,
KMT-2025-BLG-0267,BLG12M0602.065483,17:29:15.57,-27:37:44.76,60762.75413,22.62,0.567,20.06,20.0,21.82,2,2.65,
KMT-2025-BLG-0268,BLG12M0703.008382,17:28:37.44,-27:26:27.96,60772.65065,21.85,0.506,19.9,19.89,19.89,2,2.75,OB250446
KMT-2025-BLG-0269,BLG12N0301.038360,17:30:53.85,-28:46:40.69,60771.82026,46.52,0.004,21.94,20.0,20.83,2,2.44,
KMT-2025-BLG-0270,BLG13M0506.084668,17:37:15.23,-33:35:38.72,60762.16581,16.03,0.866,19.74,20.0,25.0,3,3.54,
KMT-2025-BLG-0271,BLG14K0706.001668,17:33:03.25,-28:08:39.30,60794.55146,20.89,0.563,17.13,17.16,17.16,2,2.67,
KMT-2025-BLG-0272,BLG14T0501.005705,17:33:56.97,-29:55:45.77,60803.58627,71.74,0.117,18.96,18.38,18.38,2,3.16,OB250205 PB250075
KMT-2025-BLG-0273,BLG14T0507.084008,17:34:10.38,-29:06:02.09,60763.03256,13.47,0.034,22.89,20.0,22.17,2,3.43,
KMT-2025-BLG-0274,BLG15K0503.011183,17:34:07.00,-26:27:49.28,60764.39685,3.3,0.068,21.81,20.0,20.12,2,2.78,
KMT-2025-BLG-0275,BLG15N0301.002866,17:40:00.71,-27:47:45.46,60774.3235,15.81,0.999,18.66,17.71,17.71,2,3.12,
KMT-2025-BLG-0276,BLG15N0408.012753,17:39:37.03,-26:54:20.30,60787.14853,38.84,0.314,19.85,20.0,20.08,2,3.38,OB250453
KMT-2025-BLG-0277,BLG15N0504.001058,17:38:58.62,-27:27:07.20,60779.56758,29.25,0.994,17.36,16.08,16.08,2,2.36,
KMT-2025-BLG-0278,BLG15T0106.005544,17:36:32.89,-27:06:40.61,60775.93287,52.25,0.041,21.14,17.58,17.58,1,2.5,MB250112 OB250478
KMT-2025-BLG-0279,BLG15T0606.061096,17:33:48.48,-27:07:01.06,60770.40084,25.79,0.032,21.34,20.0,21.62,2,2.89,
KMT-2025-BLG-0280,BLG16N0608.000578,17:38:34.31,-24:47:36.17,60765.0374,1.98,0.671,17.12,16.08,16.08,2,2.21,
KMT-2025-BLG-0281,BLG17T0102.040260,17:44:22.79,-34:08:09.82,60763.90507,6.83,0.898,19.55,19.6,19.6,1,1.62,
KMT-2025-BLG-0282,BLG17T0803.100878,17:39:48.05,-33:58:26.69,60802.43062,46.03,0.127,20.2,20.0,25.0,3,2.87,OB250550
KMT-2025-BLG-0283,BLG18K0107.006015,17:45:45.73,-25:55:38.82,60777.061,19.63,0.805,18.22,18.22,18.22,2,2.81,OB250422
KMT-2025-BLG-0284,BLG18K0606.050934,17:42:34.60,-26:01:39.47,60766.51773,27.56,0.199,21.59,20.0,20.97,2,2.78,
KMT-2025-BLG-0285,BLG18T0604.099800,17:42:50.13,-27:24:30.85,60764.59681,43.91,0.011,23.46,20.0,25.0,3,3.74,
KMT-2025-BLG-0286,SAO19K0108.066359,17:45:25.15,-23:41:27.06,60764.57901,11.85,0.31,20.39,20.0,21.14,2,1.58,
KMT-2025-BLG-0287,BLG19T0605.029205,17:42:44.94,-25:08:55.39,60794.01113,99.93,0.061,19.7,19.92,19.92,1,2.47,OB250229 PB250058
KMT-2025-BLG-0288,SAO20N0706.000725,17:46:55.84,-22:54:47.99,60773.70637,32.84,0.993,15.15,15.19,15.19,1,1.46,OB250182
KMT-2025-BLG-0289,BLG21M0708.058078,17:55:38.06,-34:20:48.98,60778.02621,53.19,0.114,20.28,20.0,20.09,1,0.84,MB250111
KMT-2025-BLG-0290,BLG21T0306.009316,17:52:52.22,-35:45:55.80,60763.62,21.68,0.029,20.1,18.08,18.08,1,0.66,OB250403
KMT-2025-BLG-0291,BLG22T0707.046507,17:50:20.12,-33:28:05.27,60768.47959,10.27,0.05,20.49,20.0,20.34,2,1.65,
KMT-2025-BLG-0292,BLG32K0707.012163,18:07:33.73,-27:01:15.20,60773.95263,14.06,0.003,18.33,18.04,18.04,1,1.01,MB250107 OB250387
KMT-2025-BLG-0293,BLG33T0201.015665,18:11:59.50,-31:02:48.59,60776.54982,22.56,0.174,19.48,18.78,18.78,1,0.44,OB250394
KMT-2025-BLG-0294,BLG35N0806.023165,18:04:41.44,-26:14:49.52,60763.74052,5.9,0.249,19.64,19.7,19.7,3,2.25,
KMT-2025-BLG-0295,BLG37K0405.009187,17:42:23.35,-34:44:50.75,60772.51487,27.79,0.982,18.93,18.91,18.91,2,2.25,
KMT-2025-BLG-0296,BLG37T0805.004904,17:39:29.16,-35:54:20.56,60769.16431,6.55,0.325,18.6,18.59,18.59,2,2.29,OB250409
KMT-2025-BLG-0297,BLG38K0307.006163,17:53:23.92,-21:38:15.11,60783.99309,24.4,0.548,18.36,17.88,17.88,4,1.78,OB250416
KMT-2025-BLG-0298,BLG41K0801.006389,17:49:17.93,-31:11:50.06,60765.84979,5.79,0.021,19.52,19.61,19.61,2,4.6,
KMT-2025-BLG-0299,BLG41M0403.004949,17:57:07.83,-30:54:54.68,60880.24975,87.95,0.115,16.53,16.56,16.56,1,1.16,MB250116 MB250126 OB250260 PB250154
KMT-2025-BLG-0300,BLG42N0801.015388,17:54:40.33,-30:12:40.07,60951.27677,0.5,0.05,17.01,18.24,18.24,2,1.68,
KMT-2025-BLG-0301,BLG42N0801.063043,17:54:38.73,-30:08:18.10,60823.532,180.69,0.005,19.87,19.83,19.83,2,1.29,PB250142
KMT-2025-BLG-0302,SAO42T0103.027300,17:53:47.37,-29:52:28.49,60762.34228,2.07,0.629,18.66,18.53,18.53,1,1.41,
KMT-2025-BLG-0303,BLG42T0501.056987,17:51:26.28,-30:12:00.22,60764.37466,24.44,0.011,23.49,19.86,19.86,1,2.18,
KMT-2025-BLG-0304,BLG43M0705.010264,18:02:40.20,-27:26:55.21,60778.3971,36.1,0.155,20.3,17.93,17.93,1,1.52,OB250380
KMT-2025-BLG-0305,BLG02N0505.066158,17:56:43.15,-29:33:27.00,60768.53715,31.74,0.07,22.1,19.48,19.48,1,1.56,OB250369
KMT-2025-BLG-0306,BLG03K0106.021488,18:01:38.60,-27:11:25.30,60791.16861,44.63,0.1,20.39,19.32,19.32,1,2.19,MB250131 OB250381 PB250113
KMT-2025-BLG-0307,BLG04K0705.023486,17:59:44.07,-29:25:01.42,60774.75528,14.4,0.125,18.85,18.62,18.62,1,1.37,OB250342
KMT-2025-BLG-0308,BLG11N0307.105123,17:30:52.63,-30:10:15.46,60766.44136,20.76,0.173,21.3,20.0,25.0,3,2.3,
KMT-2025-BLG-0309,BLG14T0708.004002,17:33:00.32,-29:03:26.50,60787.49269,22.49,0.887,18.23,18.03,18.03,2,2.85,PB250072
KMT-2025-BLG-0310,BLG15M0406.007074,17:39:42.19,-25:58:31.55,60774.66367,34.14,0.807,20.24,18.94,18.94,2,2.62,
KMT-2025-BLG-0311,BLG15T0406.064042,17:34:45.88,-27:07:26.80,60762.15512,18.16,0.457,20.01,20.0,20.55,1,2.07,
KMT-2025-BLG-0312,BLG19N0608.023692,17:47:29.98,-24:48:07.20,60782.27354,31.57,0.255,19.85,20.0,21.02,2,3.62,PB250067
KMT-2025-BLG-0313,BLG21K0703.016325,17:50:02.62,-34:59:22.31,60781.18765,36.76,0.404,19.82,18.59,18.59,1,1.02,OB250362
KMT-2025-BLG-0314,BLG22T0101.010701,17:54:12.07,-34:14:40.70,60768.11977,4.56,0.206,18.49,18.26,18.26,1,0.9,OB250432
KMT-2025-BLG-0315,BLG41K0105.009627,17:53:56.21,-30:36:54.22,60864.85338,96.72,0.209,17.83,17.88,17.88,1,1.49,MB250227 OB250266 PB250174
KMT-2025-BLG-0316,BLG42N0106.047923,17:58:44.37,-29:33:11.41,60773.17491,15.89,0.907,19.28,19.14,19.14,1,1.34,
KMT-2025-BLG-0317,BLG42T0601.058659,17:50:38.70,-30:08:47.51,60766.68245,196.77,0.008,25.12,20.0,20.31,1,2.76,
KMT-2025-BLG-0318,BLG01K0803.023249,17:49:49.72,-30:46:05.30,60766.09583,21.11,0.05,22.76,19.59,19.59,1,3.03,
KMT-2025-BLG-0319,BLG01T0505.061571,17:51:39.29,-31:34:57.94,60766.36948,14.48,0.064,23.25,20.0,25.0,3,3.29,
KMT-2025-BLG-0320,BLG03K0308.048637,18:00:30.85,-26:53:51.11,60766.1982,193.82,0.003,25.87,20.0,20.61,1,3.0,
KMT-2025-BLG-0321,BLG03T0503.075639,17:59:18.92,-28:38:19.28,60771.63807,6.29,0.255,19.09,19.53,19.53,1,1.27,MB250117 OB250373
KMT-2025-BLG-0322,BLG12T0306.011081,17:25:44.94,-28:11:58.49,60775.15768,102.84,0.006,21.83,19.75,19.75,2,2.09,OB250479
KMT-2025-BLG-0323,BLG13N0501.001599,17:37:13.54,-35:20:04.60,60783.34477,11.56,0.457,17.68,17.79,17.79,2,3.28,OB250476
KMT-2025-BLG-0324,BLG17N0207.017512,17:48:58.96,-33:29:02.51,60774.69483,17.88,0.807,18.76,18.8,18.8,1,1.56,OB250462
KMT-2025-BLG-0325,BLG18T0406.003550,17:43:51.91,-27:04:50.38,60783.9869,30.43,1.0,18.78,18.55,18.55,2,3.77,
KMT-2025-BLG-0326,BLG18T0606.048098,17:42:46.87,-27:05:29.40,60769.29721,28.79,0.269,21.22,20.0,21.75,2,3.82,
KMT-2025-BLG-0327,BLG20T0108.002861,17:45:37.74,-22:35:56.04,60779.11146,29.95,0.611,18.48,17.07,17.07,4,1.92,OB250412
KMT-2025-BLG-0328,BLG22M0506.065589,17:56:38.86,-32:31:17.80,60774.85196,29.66,0.482,19.97,20.0,20.3,1,1.46,
KMT-2025-BLG-0329,BLG22T0205.017996,17:53:26.81,-33:46:33.71,60778.97612,43.54,0.025,20.58,19.05,19.05,1,1.45,MB250121
KMT-2025-BLG-0330,BLG31T0304.002194,18:12:06.58,-26:28:29.71,60783.29984,27.92,0.304,16.87,16.18,16.18,1,1.18,MB250158
KMT-2025-BLG-0331,BLG33M0704.030573,18:14:01.07,-29:29:00.38,60776.82413,18.65,0.064,19.33,19.19,19.19,1,0.45,MB250109 OB250393
KMT-2025-BLG-0332,BLG35N0603.007275,18:05:48.65,-26:34:12.50,60784.9441,80.52,0.057,20.16,17.68,17.68,1,1.65,MB250136 OB250388
KMT-2025-BLG-0333,BLG36N0506.021363,18:17:57.86,-24:09:51.80,60766.38275,33.08,0.04,20.61,18.98,18.98,1,0.88,MB250099 OB250395
KMT-2025-BLG-0334,BLG41M0308.002785,17:57:40.39,-30:14:51.00,60766.44522,7.87,0.209,20.23,16.36,16.36,1,1.83,
KMT-2025-BLG-0335,BLG42M0303.005280,17:57:28.63,-28:46:14.48,60804.90086,44.37,0.045,17.32,16.28,16.28,1,1.39,MB250129 OB250374
KMT-2025-BLG-0336,BLG43N0601.044527,18:03:30.32,-29:04:30.61,60768.50404,5.19,0.047,19.98,19.08,19.08,1,0.81,OB250382
KMT-2025-BLG-0337,BLG04K0706.089899,17:59:49.77,-29:17:44.48,60769.3302,58.52,0.051,22.36,20.0,25.0,3,1.37,
KMT-2025-BLG-0338,BLG14T0803.041601,17:32:12.04,-29:34:50.88,60774.01796,47.92,0.168,21.45,20.0,21.08,2,2.96,
KMT-2025-BLG-0339,BLG17T0505.067462,17:41:48.43,-33:44:36.46,60767.38035,199.78,0.038,22.76,20.0,21.34,3,2.4,
KMT-2025-BLG-0340,SAO22N0404.009100,17:56:59.57,-33:52:23.09,60774.00634,9.94,0.904,18.13,17.91,17.91,1,0.69,OB250469
KMT-2025-BLG-0341,BLG22T0802.001447,17:49:38.90,-34:08:33.36,60778.88163,67.82,1.0,16.82,16.42,16.42,2,1.71,MB250152 OB250516
KMT-2025-BLG-0342,BLG33K0307.059932,18:11:50.61,-29:11:49.88,60773.36695,44.79,0.09,21.42,20.0,20.21,1,0.54,OB250439
KMT-2025-BLG-0343,BLG41K0202.043331,17:53:06.86,-31:02:48.08,60774.1797,21.87,0.26,20.78,19.56,19.56,1,2.1,
KMT-2025-BLG-0344,BLG41M0605.004121,17:55:48.31,-30:38:37.61,60769.8729,13.78,0.004,21.23,16.51,16.51,1,1.73,
KMT-2025-BLG-0345,BLG42N0501.079529,17:56:06.63,-30:09:03.10,60770.21711,6.45,0.014,20.36,20.0,20.02,1,1.47,
KMT-2025-BLG-0346,SSO42N0605.001633,17:55:43.24,-29:40:41.20,60811.75198,132.0,0.746,15.78,15.29,15.29,1,1.58,MB250024 OB250038
KMT-2025-BLG-0347,BLG42T0403.044785,17:51:56.24,-29:56:57.98,60771.38011,7.68,0.052,20.1,19.6,19.6,1,2.39,MB250115 OB250359
KMT-2025-BLG-0348,BLG02M0604.090980,17:55:48.05,-28:32:19.97,60769.12698,9.52,0.025,23.12,20.0,25.0,3,2.32,
KMT-2025-BLG-0349,BLG02T0501.005405,17:51:32.57,-29:58:42.10,60842.32298,95.03,0.993,17.11,16.86,16.86,1,2.59,OB250016
KMT-2025-BLG-0350,BLG02T0706.045473,17:50:19.95,-29:19:53.51,60767.88861,3.66,0.512,19.82,20.0,20.87,1,4.06,
KMT-2025-BLG-0351,BLG03T0408.055560,17:59:55.19,-28:02:44.99,60775.34235,34.24,0.104,21.24,19.51,19.51,1,1.66,
KMT-2025-BLG-0352,BLG12N0608.005658,17:29:03.87,-27:54:50.76,60784.36709,17.6,0.656,18.71,18.7,18.7,2,2.4,OB250504
KMT-2025-BLG-0353,BLG18K0101.013609,17:45:43.74,-26:34:35.47,60811.47304,70.05,0.546,19.52,19.52,19.52,2,3.33,PB250110
KMT-2025-BLG-0354,BLG20T0801.004029,17:41:37.66,-23:31:11.89,60805.56396,40.33,0.712,18.04,18.03,18.03,2,1.65,OB250449
KMT-2025-BLG-0355,BLG21K0104.049600,17:54:00.43,-34:53:12.70,60777.55359,21.04,0.656,19.91,20.0,20.13,1,1.08,
KMT-2025-BLG-0356,BLG22N0506.056014,17:56:25.05,-33:35:17.20,60770.04889,32.79,0.051,22.04,20.0,20.0,1,1.16,
KMT-2025-BLG-0357,BLG43M0406.010885,18:04:26.29,-27:19:43.28,60775.46493,15.97,0.781,18.43,17.61,17.61,1,0.85,OB250344
KMT-2025-BLG-0358,BLG01M0607.012654,17:55:55.08,-30:14:21.59,60778.64096,53.88,0.077,21.49,18.1,18.1,1,1.63,OB250525
KMT-2025-BLG-0359,BLG01T0304.076635,17:52:53.97,-31:42:43.88,60768.04179,7.78,0.675,19.8,20.0,20.71,1,1.99,
KMT-2025-BLG-0360,BLG02M0305.036613,17:57:29.04,-28:22:31.19,60775.46659,7.29,0.727,18.84,18.96,18.96,1,1.61,OB250363
KMT-2025-BLG-0361,BLG02T0604.005744,17:51:08.27,-29:36:18.11,60785.75892,19.1,0.116,16.98,17.09,17.09,1,2.93,MB250124
KMT-2025-BLG-0362,BLG11K0707.062831,17:23:25.57,-29:07:46.96,60857.02304,35.85,0.634,20.39,20.0,21.25,2,1.7,
KMT-2025-BLG-0363,BLG11K0803.077668,17:23:04.02,-29:35:25.66,60771.06725,20.77,0.088,22.82,20.0,21.76,2,1.8,
KMT-2025-BLG-0364,SAO13K0305.031013,17:33:15.77,-33:42:04.68,60767.48653,13.0,0.27,20.95,20.0,21.8,2,4.92,
KMT-2025-BLG-0365,BLG13N0404.038959,17:37:38.49,-35:00:38.99,60786.09699,69.9,0.187,20.08,20.0,20.8,2,2.36,OB250445
KMT-2025-BLG-0366,BLG14M0206.055125,17:40:55.08,-28:06:59.00,60769.63532,21.11,0.003,24.44,20.0,22.03,2,3.81,
KMT-2025-BLG-0367,BLG14T0502.010865,17:34:03.72,-29:44:09.64,60780.43015,15.78,0.67,18.95,18.99,18.99,4,2.48,
KMT-2025-BLG-0368,BLG15K0307.005929,17:35:01.67,-25:57:58.36,60796.03362,37.06,0.265,19.51,20.0,20.23,2,3.95,
KMT-2025-BLG-0369,BLG15M0107.015276,17:41:16.91,-25:57:06.62,60776.21739,6.89,0.109,19.88,19.93,19.93,2,2.72,OB250506
KMT-2025-BLG-0370,BLG15M0402.047045,17:39:14.33,-26:29:48.12,60772.78057,17.7,0.013,20.9,20.0,21.14,2,3.03,
KMT-2025-BLG-0371,BLG15N0201.062996,17:40:28.57,-27:46:17.08,60771.5457,10.39,0.392,20.88,20.0,21.4,2,3.31,
KMT-2025-BLG-0372,BLG15N0401.062563,17:39:40.07,-27:44:08.56,60772.93055,61.07,0.655,19.95,20.0,21.18,2,3.01,
KMT-2025-BLG-0373,BLG15T0402.097343,17:35:00.34,-27:43:08.76,60776.01049,11.01,0.691,19.9,20.0,25.0,3,2.95,
KMT-2025-BLG-0374,BLG17K0206.022654,17:43:38.80,-32:26:23.03,60769.41249,199.94,0.015,24.44,20.0,21.91,2,5.16,
KMT-2025-BLG-0375,BLG17M0206.006125,17:48:46.98,-32:33:09.83,60805.21165,34.12,0.605,19.14,19.09,19.09,2,3.17,OB250597 PB250098
KMT-2025-BLG-0376,BLG18K0104.038247,17:45:52.36,-26:16:00.19,60772.62412,11.73,0.417,20.62,20.0,21.02,2,3.26,
KMT-2025-BLG-0377,BLG18K0401.067904,17:43:56.23,-26:39:29.02,60787.79978,77.96,0.047,21.34,20.0,21.74,2,3.36,PB250069
KMT-2025-BLG-0378,BLG18K0504.002734,17:43:21.88,-26:16:36.48,60779.16325,35.54,0.999,18.94,17.48,17.48,2,2.88,
KMT-2025-BLG-0379,BLG20K0701.012393,17:42:20.18,-22:29:08.30,60779.44143,10.82,0.036,18.9,18.95,18.95,1,1.38,OB250448
KMT-2025-BLG-0380,BLG21M0705.036335,17:55:31.34,-34:42:20.20,60777.00082,20.04,0.499,19.53,19.55,19.55,1,0.71,OB250431
KMT-2025-BLG-0381,BLG31K0301.007689,18:12:02.45,-25:39:57.49,60800.23692,51.34,0.199,19.39,17.98,17.98,1,1.29,OB250438
KMT-2025-BLG-0382,BLG31T0806.002367,18:09:10.57,-26:09:33.41,60789.27788,37.7,0.901,16.48,16.17,16.17,1,1.33,MB250110 OB250262
KMT-2025-BLG-0383,BLG32K0102.003299,18:11:05.35,-27:43:45.08,60931.51179,199.99,0.999,16.93,16.38,16.38,1,0.69,MB250064
KMT-2025-BLG-0384,BLG32N0806.008823,18:11:53.86,-28:20:02.90,60773.95153,8.83,0.5,19.08,17.73,17.73,1,0.57,
KMT-2025-BLG-0385,BLG32T0304.014946,18:09:37.73,-28:35:39.52,60771.24815,34.69,0.107,21.02,18.28,18.28,1,0.88,
KMT-2025-BLG-0386,BLG35K0604.006773,18:01:17.31,-25:21:23.26,60775.30301,18.94,0.635,20.06,20.0,20.17,2,4.8,
KMT-2025-BLG-0387,BLG36K0106.000175,18:15:36.98,-22:58:09.52,60788.61385,22.35,0.915,14.51,13.88,13.88,1,1.27,OB250398
KMT-2025-BLG-0388,BLG37K0508.014742,17:41:55.27,-34:24:28.94,60821.83533,199.89,0.268,18.88,19.47,19.47,2,2.28,OB250147
KMT-2025-BLG-0389,BLG37T0805.000574,17:39:47.20,-35:47:33.68,60795.94311,18.06,0.678,16.16,16.14,16.14,2,2.2,OB250477
KMT-2025-BLG-0390,BLG41K0304.028685,17:52:28.08,-30:45:26.10,60776.72121,199.89,0.032,23.45,19.02,19.02,1,1.92,
KMT-2025-BLG-0391,BLG41K0501.073583,17:51:01.65,-31:10:17.98,60775.07023,55.92,0.024,21.6,20.0,21.58,3,2.79,
KMT-2025-BLG-0392,BLG41K0607.022513,17:50:32.82,-30:24:56.30,60769.68042,2.8,0.432,19.39,19.25,19.25,1,2.65,OB250357
KMT-2025-BLG-0393,BLG41M0707.060132,17:55:07.58,-30:24:02.41,60772.19247,47.13,0.004,22.66,20.0,20.65,1,2.27,MB250113
KMT-2025-BLG-0394,BLG42K0508.064472,17:51:18.63,-28:09:52.99,60771.00666,6.42,0.09,22.55,20.0,25.0,3,5.43,PB250054
KMT-2025-BLG-0395,SAO42N0701.061515,17:55:09.61,-30:07:58.58,60799.2845,72.02,0.041,19.54,19.52,19.52,1,1.35,MB250144 PB250117
KMT-2025-BLG-0396,SAO42T0206.007416,17:53:14.26,-29:29:35.99,60894.69998,95.31,0.906,18.05,16.82,16.82,1,2.12,
KMT-2025-BLG-0397,BLG01K0104.027461,17:53:59.76,-30:35:25.01,60774.57913,4.72,0.414,19.93,19.13,19.13,1,1.49,
KMT-2025-BLG-0398,BLG02N0808.056574,17:54:43.02,-29:11:56.40,60767.53229,33.1,0.3,21.16,19.53,19.53,1,1.87,
KMT-2025-BLG-0399,BLG03N0101.062141,18:06:22.12,-28:54:12.89,60773.0097,122.43,0.026,24.17,19.81,19.81,1,0.83,
KMT-2025-BLG-0400,BLG04K0204.009563,18:02:53.01,-29:34:18.91,60773.58505,9.62,0.185,20.63,17.77,17.77,1,0.95,
KMT-2025-BLG-0401,BLG04K0407.001483,18:01:51.28,-29:12:00.22,60779.02106,4.14,0.032,15.23,15.24,15.24,1,1.21,MB250119 OB250433
KMT-2025-BLG-0402,BLG11N0108.088777,17:32:07.91,-30:02:00.74,60772.83493,10.61,0.235,20.83,20.0,21.44,2,2.07,
KMT-2025-BLG-0403,BLG16K0402.031399,17:34:49.00,-24:28:37.06,60772.13144,6.99,0.025,21.71,20.0,25.0,3,3.82,
KMT-2025-BLG-0404,BLG18K0601.046034,17:42:39.02,-26:37:33.64,60772.9647,3.6,0.049,21.78,20.0,21.27,3,3.3,
KMT-2025-BLG-0405,BLG19M0207.003510,17:49:27.98,-23:44:01.00,60809.44045,28.64,0.687,17.57,17.36,17.36,2,2.06,OB250549
KMT-2025-BLG-0406,BLG35N0504.006580,18:06:23.14,-26:25:52.21,60805.48465,27.83,0.39,17.69,17.67,17.67,1,1.65,OB250473
KMT-2025-BLG-0407,BLG35T0605.017523,18:01:25.20,-26:18:21.31,60769.8203,33.66,0.052,19.64,20.0,20.45,2,3.11,
KMT-2025-BLG-0408,BLG43T0802.107228,17:57:05.10,-28:55:17.51,60773.45363,5.88,0.398,20.03,20.0,20.81,1,1.67,
KMT-2025-BLG-0409,BLG02K0305.083962,17:52:41.54,-28:27:15.95,60773.44766,42.12,0.031,23.84,20.0,25.0,3,2.88,
KMT-2025-BLG-0410,BLG02M0401.053770,17:57:11.90,-28:54:43.70,60776.93312,8.94,0.399,20.35,19.28,19.28,1,1.58,
KMT-2025-BLG-0411,BLG03N0401.007041,18:04:36.69,-28:55:19.99,60853.7298,200.0,0.025,20.43,17.22,17.22,1,0.71,MB250185
KMT-2025-BLG-0412,BLG12K0608.003875,17:24:24.87,-26:50:18.42,60774.18879,13.75,0.065,21.16,19.73,19.73,2,-9.99,
KMT-2025-BLG-0413,BLG15M0304.055431,17:40:10.61,-26:16:02.28,60774.82041,17.32,0.018,22.58,20.0,20.98,2,2.58,
KMT-2025-BLG-0414,BLG15N0302.020687,17:40:08.78,-27:39:25.09,60777.30867,13.98,0.22,20.24,20.0,20.3,2,3.19,OB250483
KMT-2025-BLG-0415,BLG32K0308.018737,18:09:53.23,-26:53:25.40,60780.52942,13.24,0.245,20.01,18.98,18.98,1,1.51,OB250498
KMT-2025-BLG-0416,BLG33N0106.004266,18:17:51.81,-30:26:51.00,60793.26579,29.95,0.442,17.93,18.05,18.05,4,0.45,OB250418
KMT-2025-BLG-0417,BLG35N0206.007293,18:08:23.98,-26:13:23.30,60857.17898,71.78,0.202,18.07,17.98,17.98,1,1.9,MB250157 OB250499
KMT-2025-BLG-0418,BLG37K0103.000615,17:44:10.58,-35:00:29.92,60855.12634,75.34,0.929,15.98,15.63,15.63,2,1.6,OB250603
KMT-2025-BLG-0419,BLG42T0205.079554,17:53:03.19,-29:38:22.20,60773.96888,35.96,0.043,23.56,19.94,19.94,1,1.96,
KMT-2025-BLG-0420,BLG02K0506.085974,17:51:42.48,-28:18:09.11,60784.09594,18.67,0.02,20.86,20.0,25.0,3,3.45,
KMT-2025-BLG-0421,BLG02M0701.007302,17:55:17.66,-28:51:06.70,60775.44941,19.72,0.21,21.75,17.19,17.19,2,2.03,
KMT-2025-BLG-0422,BLG03K0705.044767,17:58:18.54,-27:21:37.12,60776.41831,8.27,0.209,20.45,20.0,20.95,2,2.71,
KMT-2025-BLG-0423,BLG03M0303.011204,18:05:22.62,-27:32:19.00,60776.99207,113.34,0.002,23.23,17.81,17.81,1,0.77,MB250106 OB250470
KMT-2025-BLG-0424,BLG04N0204.050547,18:07:56.18,-30:39:22.21,60793.72562,45.64,0.22,20.18,20.0,20.1,1,0.86,OB250532
KMT-2025-BLG-0425,BLG12N0205.058092,17:31:33.29,-28:18:23.44,60774.29783,96.76,0.029,23.91,20.0,20.89,2,2.19,
KMT-2025-BLG-0426,BLG12N0306.039350,17:30:52.29,-28:12:02.59,60779.59001,21.0,0.029,20.74,20.0,20.5,2,2.24,OB250502
KMT-2025-BLG-0427,BLG15K0101.105771,17:36:17.29,-26:40:19.20,60814.20218,65.53,0.195,20.17,20.0,25.0,3,2.69,
KMT-2025-BLG-0428,BLG17T0105.009552,17:44:28.53,-33:45:53.39,60785.54902,14.71,0.469,19.13,18.39,18.39,1,1.77,OB250602
KMT-2025-BLG-0429,BLG17T0605.033186,17:41:22.59,-33:48:13.46,60781.24737,47.71,0.704,19.86,20.0,20.3,2,2.2,
KMT-2025-BLG-0430,BLG42K0408.013959,17:52:01.13,-28:06:25.78,60775.23231,6.3,0.031,22.33,19.96,19.96,2,4.52,
KMT-2025-BLG-0431,BLG42N0104.042630,17:58:28.65,-29:42:22.61,60775.279,6.0,0.033,20.7,18.91,18.91,1,1.18,MB250118
KMT-2025-BLG-0432,BLG42N0108.053297,17:58:46.35,-29:16:40.69,60775.77917,199.02,0.03,23.17,18.97,18.97,1,1.01,
KMT-2025-BLG-0433,BLG42N0802.082809,17:54:43.22,-29:58:44.00,60835.81033,143.84,0.284,19.85,19.7,19.7,1,1.32,OB250358
KMT-2025-BLG-0434,BLG02M0407.013742,17:57:18.05,-28:06:38.92,60783.29834,21.64,0.215,20.06,18.09,18.09,1,1.95,
KMT-2025-BLG-0435,BLG02N0405.017903,17:57:13.82,-29:28:29.39,60793.68633,58.73,0.173,20.85,18.3,18.3,1,1.6,OB250523
KMT-2025-BLG-0436,BLG02N0805.061626,17:54:45.03,-29:28:24.31,60782.16778,6.22,0.261,18.89,19.25,19.25,1,1.34,OB250466
KMT-2025-BLG-0437,BLG03M0807.035221,18:02:22.14,-27:00:34.31,60774.73497,12.24,0.386,20.83,20.0,20.1,1,2.58,
KMT-2025-BLG-0438,BLG03N0504.024726,18:04:10.74,-28:34:18.98,60792.64622,49.89,0.573,19.78,18.44,18.44,1,0.91,OB250384
KMT-2025-BLG-0439,SAO03N0704.071162,18:02:57.29,-28:33:28.40,60775.50664,2.0,0.645,19.46,19.56,19.56,1,1.0,
KMT-2025-BLG-0440,BLG14M0308.019000,17:39:58.31,-27:52:03.54,60777.24938,24.23,0.142,22.66,20.0,20.33,2,3.23,
KMT-2025-BLG-0441,BLG14N0602.027171,17:38:17.42,-29:43:07.68,60777.03139,11.91,0.101,22.02,20.0,21.26,2,3.9,
KMT-2025-BLG-0442,BLG20N0203.017226,17:49:48.11,-23:20:26.30,60779.42546,33.89,0.294,21.14,19.09,19.09,1,2.09,
KMT-2025-BLG-0443,BLG22N0802.070129,17:54:42.33,-34:11:24.68,60784.04216,29.67,0.463,20.24,20.0,20.53,1,0.97,
KMT-2025-BLG-0444,BLG32N0503.002308,18:13:28.37,-28:39:06.59,60805.74772,30.48,0.032,16.18,16.17,16.17,1,0.46,MB250108 OB250392
KMT-2025-BLG-0445,BLG41M0803.043254,17:54:22.59,-30:51:11.99,60783.4461,14.77,0.332,19.75,19.47,19.47,1,1.85,
KMT-2025-BLG-0446,BLG01K0205.007188,17:53:32.91,-30:33:31.39,60776.95955,14.57,0.18,21.53,17.06,17.06,1,1.69,
KMT-2025-BLG-0447,BLG01N0805.086441,17:54:46.27,-31:41:31.67,60784.00922,9.86,0.467,20.0,20.0,25.0,3,1.56,
KMT-2025-BLG-0448,BLG02N0108.037405,17:58:53.03,-29:11:29.18,60780.13293,6.75,0.413,19.04,18.58,18.58,1,1.01,OB250467
KMT-2025-BLG-0449,BLG02N0406.079076,17:57:24.98,-29:21:57.49,60782.12902,22.01,0.109,21.05,20.0,20.08,1,2.06,
KMT-2025-BLG-0450,BLG02T0201.037267,17:53:40.90,-29:58:25.79,60777.90186,26.31,0.022,22.57,18.85,18.85,1,1.55,OB250461
KMT-2025-BLG-0451,SAO02T0202.093710,17:53:27.94,-29:57:31.21,60778.79659,4.94,0.456,19.97,19.96,19.96,1,1.52,
KMT-2025-BLG-0452,SSO02T0306.014130,17:52:44.11,-29:23:25.80,60779.04856,2.51,0.028,20.81,18.03,18.03,1,2.44,
KMT-2025-BLG-0453,SAO04K0107.006584,18:03:42.95,-29:08:31.31,60777.19004,9.93,0.078,21.01,17.14,17.14,1,0.85,OB250471
KMT-2025-BLG-0454,BLG04M0204.064403,18:07:33.08,-29:35:45.71,60784.68267,19.66,0.114,20.26,20.0,20.12,1,0.8,
KMT-2025-BLG-0455,SSO04T0704.002306,17:59:52.16,-30:42:21.10,60775.29971,145.8,0.457,16.32,15.97,15.97,1,1.7,MB250026
KMT-2025-BLG-0456,BLG11K0302.028112,17:25:56.25,-29:43:45.23,60778.0599,10.56,0.815,19.92,20.0,20.33,2,2.2,
KMT-2025-BLG-0457,BLG13K0301.011532,17:33:12.55,-34:14:09.10,60788.17361,25.76,0.203,21.64,20.0,21.04,2,5.34,
KMT-2025-BLG-0458,BLG14M0108.028553,17:41:25.83,-27:56:35.84,60781.94845,14.36,0.406,20.81,20.0,20.65,2,3.9,
KMT-2025-BLG-0459,BLG14M0407.003276,17:39:19.92,-27:59:47.90,60784.07423,9.07,0.9,18.12,17.66,17.66,2,3.09,OB250552 OB250554 PB250071
KMT-2025-BLG-0460,BLG14N0602.017131,17:38:09.52,-29:44:20.54,60780.79464,16.77,0.076,20.89,20.0,20.56,2,3.74,
KMT-2025-BLG-0461,BLG14T0204.010184,17:35:51.53,-29:33:13.54,60781.71592,5.98,0.492,18.86,18.9,18.9,2,3.07,PB250073
KMT-2025-BLG-0462,BLG15K0301.119787,17:35:14.71,-26:37:11.14,60777.95552,21.39,0.197,21.97,20.0,25.0,3,2.36,
KMT-2025-BLG-0463,BLG15M0507.007136,17:38:49.25,-25:56:39.23,60804.05561,38.2,0.424,19.94,19.99,19.99,2,3.88,OB250618
KMT-2025-BLG-0464,BLG15N0301.023814,17:40:00.62,-27:44:09.67,60778.70704,7.45,0.016,22.37,20.0,20.34,2,3.03,
KMT-2025-BLG-0465,BLG17M0201.071456,17:48:35.71,-33:08:46.79,60780.12338,22.51,0.087,21.79,20.0,20.85,1,2.07,
KMT-2025-BLG-0466,BLG17T0308.008403,17:42:48.12,-33:22:12.68,60786.46814,45.08,0.824,19.47,19.47,19.47,2,3.32,
KMT-2025-BLG-0467,BLG18K0306.008710,17:44:26.15,-25:57:01.55,60814.82171,41.81,0.825,18.76,18.8,18.8,2,2.76,OB250627
KMT-2025-BLG-0468,SSO18T0505.021204,17:43:10.80,-27:13:53.18,60777.18241,11.3,0.018,23.18,20.0,20.53,2,3.83,
KMT-2025-BLG-0469,SAO19T0706.000153,17:42:09.30,-25:05:08.30,60794.45373,74.83,0.811,14.09,14.05,14.05,1,2.37,
KMT-2025-BLG-0470,BLG21N0308.002080,17:57:54.67,-35:28:27.19,60826.78426,32.84,0.105,16.83,16.79,16.79,1,0.75,
KMT-2025-BLG-0471,BLG22T0506.013063,17:51:29.98,-33:33:23.18,60778.0595,23.82,0.061,22.65,19.2,19.2,3,1.89,
KMT-2025-BLG-0472,BLG31K0406.012055,18:11:17.83,-25:04:24.82,60794.09424,21.68,0.696,18.87,18.94,18.94,1,1.86,OB250537
KMT-2025-BLG-0473,BLG31K0604.026662,18:10:11.60,-25:22:53.11,60778.93418,23.52,0.3,21.1,19.42,19.42,1,1.78,
KMT-2025-BLG-0474,SSO31K0604.061312,18:10:17.78,-25:23:22.70,60778.26707,3.03,0.32,20.02,20.0,20.57,1,1.73,
KMT-2025-BLG-0475,BLG32K0204.039840,18:10:32.91,-27:23:01.72,60781.84683,12.6,0.4,18.98,19.19,19.19,1,1.04,OB250496 OB250500
KMT-2025-BLG-0476,BLG32K0403.037897,18:09:23.07,-27:32:06.50,60781.44693,36.4,0.356,19.6,19.11,19.11,1,0.89,OB250436
KMT-2025-BLG-0477,BLG32K0805.010074,18:06:49.55,-27:21:32.90,60812.28325,38.42,0.117,17.67,17.58,17.58,1,0.84,MB250134 OB250497 PB250141
KMT-2025-BLG-0478,BLG32M0501.013871,18:13:17.89,-27:48:49.39,60810.4822,105.09,0.007,20.12,18.09,18.09,1,0.42,OB250391
KMT-2025-BLG-0479,BLG34K0304.020103,18:02:16.61,-31:40:46.20,60776.73543,6.49,0.358,19.76,18.79,18.79,1,1.03,
KMT-2025-BLG-0480,BLG36K0804.011705,18:11:32.12,-23:10:28.02,60777.26253,12.46,0.928,19.53,19.8,19.8,4,2.55,
KMT-2025-BLG-0481,BLG37K0508.103724,17:41:25.44,-34:22:18.30,60783.86769,20.86,0.183,19.93,20.0,25.0,3,2.02,OB250543
KMT-2025-BLG-0482,BLG41K0301.047368,17:52:24.02,-31:10:12.11,60776.79944,5.66,0.188,21.44,19.87,19.87,1,2.16,
KMT-2025-BLG-0483,BLG41N0101.004963,17:58:37.21,-32:11:17.30,60826.37827,29.4,0.049,18.61,17.62,17.62,1,1.48,
KMT-2025-BLG-0484,BLG42K0207.016564,17:53:03.66,-28:13:44.58,60777.4456,22.92,0.297,21.4,19.15,19.15,2,3.54,
KMT-2025-BLG-0485,SAO42K0306.028117,17:52:43.54,-28:25:47.60,60777.0811,8.6,0.081,22.22,20.0,20.1,3,2.78,
KMT-2025-BLG-0486,BLG42M0405.068692,17:56:45.61,-28:34:17.69,60797.17097,28.74,0.411,19.69,19.79,19.79,1,1.71,OB250518
KMT-2025-BLG-0487,BLG43K0405.012247,17:59:28.74,-27:28:34.00,60778.39938,5.1,0.021,20.91,18.2,18.2,1,1.9,MB250123 OB250464
KMT-2025-BLG-0488,BLG43M0403.038942,18:04:32.87,-27:41:39.41,60859.73755,89.73,0.51,19.14,18.96,18.96,1,1.07,MB250226
KMT-2025-BLG-0489,BLG43N0107.037066,18:06:15.14,-28:17:58.60,60784.17262,49.52,0.512,19.13,19.06,19.06,1,0.94,
KMT-2025-BLG-0490,SSO01T0208.003192,17:53:28.78,-31:16:28.70,60829.77755,10.58,0.998,18.68,16.51,16.51,1,2.0,
KMT-2025-BLG-0491,BLG02K0403.015306,17:52:20.90,-28:37:06.02,60820.25658,71.22,0.405,18.78,19.38,19.38,3,3.42,
KMT-2025-BLG-0492,BLG02K0502.022231,17:51:33.47,-28:46:33.28,60782.84373,7.49,0.051,19.58,20.0,20.31,2,4.41,OB250489
KMT-2025-BLG-0493,BLG11M0601.007699,17:28:54.91,-29:52:48.04,60806.99046,30.68,0.967,18.71,18.68,18.68,2,2.17,OB250825
KMT-2025-BLG-0494,BLG15N0404.014910,17:39:27.89,-27:25:18.16,60789.24099,33.66,0.908,19.46,19.42,19.42,2,2.58,
KMT-2025-BLG-0495,BLG15N0501.116198,17:38:58.13,-27:43:48.11,60780.95914,25.03,0.175,21.52,20.0,25.0,3,2.91,
KMT-2025-BLG-0496,BLG16M0604.006094,17:38:16.26,-24:11:51.04,60779.54662,9.4,0.377,20.13,18.56,18.56,2,1.64,
KMT-2025-BLG-0497,BLG18K0706.069197,17:42:10.14,-25:58:14.16,60779.39282,34.68,0.014,23.95,20.0,21.54,2,3.15,
KMT-2025-BLG-0498,BLG19M0307.094673,17:49:06.68,-23:49:31.26,60786.52718,194.01,0.028,23.66,20.0,22.62,2,2.29,
KMT-2025-BLG-0499,BLG22M0403.020547,17:57:26.00,-32:55:39.00,60783.4688,19.68,0.21,19.66,18.92,18.92,1,1.32,OB250526
KMT-2025-BLG-0500,BLG22N0403.064794,17:57:16.66,-34:03:21.60,60778.09531,7.01,0.932,19.41,20.0,20.13,1,0.75,
KMT-2025-BLG-0501,BLG32M0703.016289,18:12:29.26,-27:30:24.01,60792.39951,11.31,0.301,18.11,18.18,18.18,1,0.63,MB250161 OB250501
KMT-2025-BLG-0502,BLG34K0608.000326,18:00:23.94,-31:10:23.02,60827.94031,23.35,0.448,14.36,14.36,14.36,1,1.43,OB250585
KMT-2025-BLG-0503,BLG35N0107.026380,18:08:43.39,-26:07:18.70,60795.52838,20.37,0.33,19.09,19.16,19.16,1,1.48,OB250680
KMT-2025-BLG-0504,BLG35T0602.002999,18:00:53.58,-26:40:45.34,60779.64993,8.19,0.876,18.03,17.42,17.42,2,2.77,
KMT-2025-BLG-0505,BLG36N0203.036821,18:19:41.49,-24:29:22.70,60779.85768,25.07,0.299,20.55,20.0,20.05,1,0.91,OB250440
KMT-2025-BLG-0506,BLG38K0706.000656,17:51:06.56,-21:49:09.41,60779.8476,33.93,0.91,16.98,15.76,15.76,4,2.45,OB250279
KMT-2025-BLG-0507,SAO38N0502.002582,17:56:51.36,-23:25:23.23,60804.2125,34.42,0.522,18.39,18.34,18.34,4,5.38,
KMT-2025-BLG-0508,BLG42K0108.007274,17:53:51.40,-28:12:33.70,60781.39792,67.1,0.044,23.65,18.63,18.63,2,3.16,
KMT-2025-BLG-0509,BLG02K0205.029561,17:53:19.68,-28:25:10.52,60780.87025,0.5,0.07,20.13,19.91,19.91,2,2.49,
KMT-2025-BLG-0510,BLG02N0507.086403,17:56:28.83,-29:13:36.59,60780.90159,15.6,0.012,23.55,20.0,20.38,1,1.85,
KMT-2025-BLG-0511,BLG03T0801.099722,17:57:38.19,-28:56:45.10,60783.55446,13.05,0.471,20.07,20.0,20.32,1,1.4,
KMT-2025-BLG-0512,BLG04N0507.007662,18:06:11.41,-30:14:08.41,60819.45001,35.31,0.656,17.71,17.72,17.72,1,0.88,OB250533
KMT-2025-BLG-0513,BLG11T0607.051622,17:24:04.69,-30:14:00.85,60862.08036,199.89,0.039,20.44,20.0,20.84,2,2.07,OB250690
KMT-2025-BLG-0514,BLG16N0508.000688,17:38:52.66,-24:44:03.77,60797.87731,22.27,1.0,17.84,16.38,16.38,2,2.21,
KMT-2025-BLG-0515,BLG17T0301.059144,17:42:49.26,-34:13:36.01,60803.63921,175.56,0.002,21.99,20.0,20.6,1,2.02,OB250685
KMT-2025-BLG-0516,BLG19K0708.065425,17:42:26.89,-23:41:51.72,60781.09282,26.48,0.057,22.91,20.0,22.58,2,1.98,
KMT-2025-BLG-0517,BLG20T0202.026195,17:45:12.03,-23:28:03.50,60785.53548,11.94,0.859,19.28,19.28,19.28,1,1.53,
KMT-2025-BLG-0518,BLG34K0502.041750,18:01:12.32,-31:55:04.19,60798.68075,46.2,0.063,20.6,19.74,19.74,1,1.25,OB250588
KMT-2025-BLG-0519,BLG01K0103.022798,17:54:13.77,-30:49:41.09,60796.0544,123.08,0.057,22.24,19.05,19.05,1,1.78,OB250596
KMT-2025-BLG-0520,BLG01N0204.028212,17:58:20.36,-31:42:23.90,60784.48468,36.38,0.181,22.24,19.63,19.63,1,1.7,
KMT-2025-BLG-0521,SAO01N0708.065007,17:55:30.14,-31:14:27.38,60782.97741,11.72,0.197,20.14,19.93,19.93,1,1.46,
KMT-2025-BLG-0522,BLG01T0105.015010,17:54:13.94,-31:40:44.90,60780.93968,2.65,0.966,18.57,18.76,18.76,1,1.59,
KMT-2025-BLG-0523,SAO02K0101.053626,17:54:02.49,-28:54:13.61,60786.33982,20.94,0.031,20.45,19.56,19.56,2,1.83,OB250488
KMT-2025-BLG-0524,SAO02K0108.054473,17:53:44.91,-27:58:57.32,60782.56051,0.5,0.117,20.36,20.0,25.0,3,5.04,
KMT-2025-BLG-0525,SAO02T0302.067606,17:52:51.90,-29:53:30.08,60795.09758,32.71,0.513,19.63,19.66,19.66,1,1.94,OB250513
KMT-2025-BLG-0526,BLG03M0201.094258,18:05:52.17,-27:48:20.02,60786.86643,48.04,0.058,21.54,20.0,20.42,1,0.74,
KMT-2025-BLG-0527,BLG03M0303.057697,18:05:25.65,-27:33:22.72,60783.72478,26.65,0.565,20.14,19.41,19.41,1,0.77,
KMT-2025-BLG-0528,BLG03T0402.032970,17:59:55.52,-28:49:23.20,60783.27628,38.91,0.006,23.03,18.55,18.55,1,1.08,
KMT-2025-BLG-0529,BLG13M0306.049842,17:38:13.58,-33:39:02.88,60779.14733,9.7,0.713,20.02,20.0,21.55,2,3.04,
KMT-2025-BLG-0530,BLG14M0303.004744,17:40:24.16,-28:34:36.30,60790.56776,144.37,0.015,23.31,19.15,19.15,2,4.41,OB250626 PB250080
KMT-2025-BLG-0531,BLG14N0506.027974,17:38:45.73,-29:15:19.48,60781.32736,33.99,0.061,22.96,20.0,21.55,2,4.38,
KMT-2025-BLG-0532,BLG17N0607.003107,17:46:04.68,-33:27:20.41,60782.43516,4.08,0.889,19.68,17.24,17.24,1,2.81,
KMT-2025-BLG-0533,BLG18T0208.066134,17:44:45.23,-26:55:35.94,60793.56237,42.11,0.465,19.88,20.0,21.79,2,3.4,
KMT-2025-BLG-0534,BLG19T0206.013630,17:45:04.20,-25:01:04.55,60783.95544,15.88,0.188,21.8,20.0,20.04,2,3.06,
KMT-2025-BLG-0535,BLG20N0101.042331,17:50:19.38,-23:29:51.86,60787.03034,22.66,0.38,20.28,20.0,20.82,2,2.14,
KMT-2025-BLG-0536,SAO21N0706.010236,17:55:21.71,-35:40:34.28,60787.05658,22.36,0.254,19.24,18.48,18.48,1,0.73,OB250494
KMT-2025-BLG-0537,BLG37M0505.016747,17:46:54.31,-34:43:39.61,60789.9434,37.68,0.404,20.3,18.74,18.74,1,1.31,
KMT-2025-BLG-0538,BLG41M0701.062514,17:55:18.30,-31:08:14.39,60792.76342,20.31,0.398,19.76,19.8,19.8,1,1.63,
KMT-2025-BLG-0539,BLG42K0406.027989,17:52:11.93,-28:23:15.25,60782.03551,40.71,0.036,23.17,20.0,20.2,2,3.13,
KMT-2025-BLG-0540,BLG42N0801.036557,17:54:37.00,-30:12:03.56,60790.51442,13.62,0.125,19.24,19.15,19.15,2,1.43,MB250143 OB250574 PB250114
KMT-2025-BLG-0541,BLG42T0402.032331,17:52:10.48,-30:01:08.40,60782.08894,2.94,0.747,18.86,19.33,19.33,1,2.29,
KMT-2025-BLG-0542,BLG43K0606.064938,17:58:23.49,-27:17:39.59,60783.46026,4.5,0.121,21.39,20.0,21.08,2,2.85,
KMT-2025-BLG-0543,BLG01M0505.012305,17:56:26.22,-30:27:09.79,60789.31042,4.28,0.567,18.77,18.7,18.7,1,2.25,
KMT-2025-BLG-0544,BLG01T0408.030190,17:52:08.46,-31:12:31.61,60789.97748,136.39,0.008,23.47,19.74,19.74,1,2.45,MB250145
KMT-2025-BLG-0545,BLG02T0402.021511,17:52:22.73,-29:52:03.29,60784.3842,79.84,0.037,22.24,18.64,18.64,1,2.15,
KMT-2025-BLG-0546,BLG03N0602.001537,18:03:24.80,-28:48:59.80,60785.78098,149.41,0.015,22.26,15.08,15.08,1,0.74,MB250127
KMT-2025-BLG-0547,BLG03T0205.059122,18:00:56.44,-28:23:56.40,60787.93369,38.26,0.195,20.7,19.22,19.22,1,1.13,
KMT-2025-BLG-0548,BLG04K0103.012316,18:03:09.92,-29:40:01.70,60791.22905,9.07,0.543,17.94,18.06,18.06,1,0.92,MB250133 OB250531
KMT-2025-BLG-0549,BLG04M0802.015209,18:04:08.75,-29:49:46.99,60817.20411,31.4,0.361,18.39,18.16,18.16,1,0.83,OB250583
KMT-2025-BLG-0550,BLG04T0508.086144,18:01:08.45,-30:07:30.22,60786.30949,7.72,0.476,19.84,20.0,20.36,1,0.97,
KMT-2025-BLG-0551,BLG11K0402.001098,17:25:14.48,-29:38:44.88,60787.33068,47.51,0.369,20.46,16.7,16.7,2,2.01,OB250544
KMT-2025-BLG-0552,BLG13N0405.002932,17:37:40.32,-34:51:24.12,60780.97227,59.69,0.994,18.76,17.72,17.72,2,2.74,OB250328
KMT-2025-BLG-0553,BLG14T0307.041244,17:35:21.25,-29:11:10.86,60786.02781,12.24,0.199,21.69,20.0,21.46,2,3.61,
KMT-2025-BLG-0554,BLG14T0503.046880,17:34:19.10,-29:36:16.31,60786.15146,37.98,0.206,22.58,20.0,20.82,2,2.61,
KMT-2025-BLG-0555,BLG15T0708.057728,17:33:04.10,-26:50:34.91,60786.80124,11.71,0.082,21.02,20.0,21.74,2,2.8,
KMT-2025-BLG-0556,BLG18K0201.021672,17:45:12.09,-26:36:48.24,60784.78221,15.82,0.078,21.69,20.0,20.41,2,3.17,
KMT-2025-BLG-0557,BLG18T0801.065571,17:41:46.33,-27:43:50.74,60820.35082,57.75,0.373,19.74,20.0,21.73,2,3.62,PB250289
KMT-2025-BLG-0558,BLG19K0602.038818,17:42:48.44,-24:25:37.09,60785.94005,8.78,0.462,19.7,19.79,19.79,1,2.07,
KMT-2025-BLG-0559,SSO20K0504.001816,17:43:15.14,-22:03:03.53,60782.04537,16.22,0.51,19.33,16.49,16.49,4,1.56,
KMT-2025-BLG-0560,BLG20N0606.002104,17:47:37.59,-22:54:37.51,60805.58467,49.27,0.789,17.96,16.05,16.05,1,1.51,OB250547
KMT-2025-BLG-0561,BLG22N0206.000432,17:58:23.83,-33:38:02.90,60792.9848,5.07,0.569,14.8,14.6,14.6,1,0.98,OB250576
KMT-2025-BLG-0562,BLG32K0606.077036,18:07:46.47,-27:10:00.70,60784.03417,11.37,0.149,20.76,20.0,20.54,1,1.33,
KMT-2025-BLG-0563,BLG38K0107.010560,17:54:38.68,-21:38:14.89,60796.18312,38.75,0.181,20.7,19.1,19.1,4,2.29,
KMT-2025-BLG-0564,BLG41K0705.045717,17:50:05.45,-30:36:05.40,60797.96482,37.68,0.499,20.62,20.0,20.05,1,2.51,
KMT-2025-BLG-0565,BLG43K0308.014714,17:59:56.34,-27:03:09.29,60800.68958,22.62,0.412,19.39,18.64,18.64,1,2.35,
KMT-2025-BLG-0566,BLG43M0806.036862,18:02:17.78,-27:19:51.82,60788.1881,75.95,0.024,23.36,19.66,19.66,1,2.26,OB250530
KMT-2025-BLG-0567,BLG01K0507.008048,17:51:35.92,-30:18:39.49,60785.63553,7.58,0.023,19.51,17.28,17.28,4,2.47,
KMT-2025-BLG-0568,BLG02K0207.013140,17:53:22.82,-28:09:18.68,60827.04217,73.5,0.525,19.22,19.21,19.21,2,3.41,OB250511 PB250149
KMT-2025-BLG-0569,BLG02T0208.003347,17:53:38.68,-29:09:10.69,60807.60401,11.96,0.604,15.93,15.98,15.98,1,1.95,MB250146 OB250508 PB250120
KMT-2025-BLG-0570,BLG11T0706.064851,17:23:29.83,-30:17:36.17,60787.58351,31.27,0.199,22.29,20.0,22.14,2,2.79,
KMT-2025-BLG-0571,BLG15M0501.003102,17:38:41.32,-26:42:15.41,60794.26882,17.03,0.64,18.05,18.1,18.1,2,3.05,PB250100
KMT-2025-BLG-0572,BLG15N0304.115853,17:40:06.72,-27:23:32.35,60860.13523,200.0,0.073,19.99,20.0,25.0,3,3.06,OB250553
KMT-2025-BLG-0573,BLG17M0505.050339,17:46:49.31,-32:34:59.52,60789.68986,47.95,0.181,21.77,20.0,22.67,2,4.1,
KMT-2025-BLG-0574,BLG18M0802.037433,17:46:34.77,-26:27:37.26,60786.81044,6.2,0.102,21.23,20.0,21.5,2,4.08,
KMT-2025-BLG-0575,BLG18T0806.012175,17:41:45.02,-27:08:08.74,60797.14109,23.38,0.178,19.92,19.97,19.97,2,3.58,OB250625 PB250119
KMT-2025-BLG-0576,BLG20N0405.028816,17:48:46.57,-23:00:55.80,60788.32201,27.69,0.202,20.9,19.33,19.33,1,1.78,OB250615
KMT-2025-BLG-0577,BLG21K0404.014317,17:51:52.19,-34:54:37.91,60865.7217,200.0,0.016,20.42,18.35,18.35,1,0.7,MB250141 OB250032
KMT-2025-BLG-0578,BLG31N0306.044122,18:16:49.52,-26:09:08.50,60817.29427,49.96,0.327,19.72,19.77,19.77,1,0.81,
KMT-2025-BLG-0579,BLG37M0702.001595,17:45:20.21,-35:08:04.88,60792.46237,47.36,0.288,18.91,15.78,15.78,1,1.15,OB250405
KMT-2025-BLG-0580,BLG41K0806.034682,17:49:27.10,-30:32:25.80,60787.75579,7.89,0.042,21.34,20.0,20.11,1,3.25,
KMT-2025-BLG-0581,BLG42N0406.002496,17:56:40.20,-29:32:48.19,60814.345,25.4,0.611,16.97,15.73,15.73,1,1.56,PB250127
KMT-2025-BLG-0582,BLG42T0701.011343,17:50:02.68,-30:06:38.48,60797.3695,60.62,0.084,18.44,18.25,18.25,1,3.39,
KMT-2025-BLG-0583,BLG02M0601.063365,17:55:43.50,-28:50:47.80,60788.87103,33.98,0.015,22.29,19.67,19.67,2,1.78,MB250160 OB250524
KMT-2025-BLG-0584,BLG02T0507.049647,17:51:45.25,-29:13:11.10,60788.33479,3.78,0.371,19.79,20.0,20.41,1,3.31,
KMT-2025-BLG-0585,BLG03M0805.069529,18:02:29.56,-27:16:08.62,60791.13382,21.08,0.03,21.14,20.0,20.72,1,2.39,
KMT-2025-BLG-0586,BLG13T0405.016476,17:32:23.95,-34:50:23.86,60810.67686,65.41,0.746,19.72,20.0,22.29,2,7.13,
KMT-2025-BLG-0587,BLG14T0404.064943,17:34:40.06,-29:31:20.28,60790.34313,193.88,0.003,24.55,20.0,21.16,2,2.72,
KMT-2025-BLG-0588,BLG16T0407.001954,17:34:45.26,-24:55:46.34,60803.60752,38.82,0.599,19.67,17.85,17.85,2,2.99,OB250628
KMT-2025-BLG-0589,BLG17M0502.017656,17:46:52.32,-33:03:34.78,60797.07694,68.42,0.1,21.84,20.0,20.88,2,2.68,OB250623
KMT-2025-BLG-0590,BLG17M0601.039372,17:46:27.61,-33:05:24.32,60789.10637,9.18,0.494,20.44,20.0,20.97,2,2.72,
KMT-2025-BLG-0591,BLG17N0507.029147,17:46:51.24,-33:27:08.10,60822.50048,66.28,0.362,19.43,19.46,19.46,1,1.95,OB250622
KMT-2025-BLG-0592,BLG18K0602.066786,17:42:44.07,-26:30:43.16,60789.2159,6.06,0.019,21.34,20.0,21.3,2,2.97,
KMT-2025-BLG-0593,BLG18M0701.037082,17:46:53.02,-26:35:26.38,60811.45389,58.78,0.171,20.95,20.0,21.63,2,4.13,PB250159
KMT-2025-BLG-0594,BLG18T0703.080122,17:42:01.97,-27:29:40.52,60788.0689,12.89,0.273,20.92,20.0,21.73,2,3.31,
KMT-2025-BLG-0595,BLG19K0808.055892,17:41:37.37,-23:42:02.41,60788.77363,5.18,0.014,20.87,20.0,21.28,2,1.74,
KMT-2025-BLG-0596,BLG19N0204.007557,17:49:57.74,-25:20:09.64,60797.01248,24.27,0.311,20.22,20.0,20.22,2,5.37,PB250078
KMT-2025-BLG-0597,BLG19T0507.006329,17:43:11.14,-24:52:32.84,60821.96738,35.56,0.021,19.33,18.92,18.92,2,2.74,OB250698 PB250158
KMT-2025-BLG-0598,BLG22K0503.069483,17:51:42.06,-32:53:30.98,60789.47433,37.92,0.015,22.84,20.0,20.7,1,1.86,
KMT-2025-BLG-0599,BLG31T0202.031718,18:12:31.58,-26:44:40.31,60790.97729,18.98,0.101,20.81,19.06,19.06,1,0.99,OB250590
KMT-2025-BLG-0600,BLG32T0708.034050,18:07:27.96,-28:06:26.39,60800.25719,39.21,0.042,20.25,19.21,19.21,1,1.39,
KMT-2025-BLG-0601,BLG35K0404.014492,18:02:16.64,-25:19:51.13,60820.49338,57.57,0.146,19.98,20.0,20.65,2,3.78,
KMT-2025-BLG-0602,BLG42M0805.056209,17:54:21.86,-28:33:18.97,60792.72079,18.63,0.096,21.28,20.0,20.39,2,2.32,OB250510
KMT-2025-BLG-0603,BLG42T0804.008841,17:49:45.38,-29:42:26.60,60791.62796,69.96,0.002,22.46,18.59,18.59,1,3.48,
KMT-2025-BLG-0604,BLG01N0601.028714,17:56:07.88,-32:04:54.30,60791.76109,17.01,0.035,21.4,19.23,19.23,1,1.42,
KMT-2025-BLG-0605,BLG12N0607.080973,17:29:08.29,-28:03:26.64,60793.94952,25.8,0.192,21.19,20.0,21.83,2,2.08,
KMT-2025-BLG-0606,BLG14K0202.100201,17:35:53.84,-28:39:36.07,60798.15075,30.36,0.203,21.37,20.0,21.98,2,2.96,
KMT-2025-BLG-0607,BLG14M0107.003391,17:41:16.06,-28:00:59.26,60801.58594,41.14,0.192,20.03,18.17,18.17,2,3.8,OB250714 PB250118
KMT-2025-BLG-0608,BLG15T0206.075607,17:35:38.51,-27:05:25.40,60798.25455,72.04,0.279,21.25,20.0,25.0,3,2.24,
KMT-2025-BLG-0609,BLG15T0705.010923,17:32:48.47,-27:17:12.70,60804.60097,34.76,0.035,19.7,19.82,19.82,2,2.59,OB250604
KMT-2025-BLG-0610,BLG17K0104.038884,17:44:23.41,-32:47:40.88,60789.53487,12.08,0.192,21.51,20.0,22.18,2,4.17,
KMT-2025-BLG-0611,BLG18M0803.074640,17:46:20.69,-26:19:29.53,60789.31892,23.85,0.024,22.9,20.0,22.58,3,3.77,
KMT-2025-BLG-0612,BLG20T0604.058884,17:42:57.85,-23:08:51.36,60790.31837,118.73,0.005,24.45,20.0,21.3,2,1.85,
KMT-2025-BLG-0613,BLG31N0306.050987,18:16:49.92,-26:08:50.21,60796.4978,47.19,0.189,20.93,20.0,20.05,1,0.81,
KMT-2025-BLG-0614,BLG32K0207.003119,18:10:20.58,-27:04:56.50,60874.3834,90.99,0.951,17.2,16.75,16.75,1,1.26,MB250138
KMT-2025-BLG-0615,BLG34N0103.004670,18:08:36.33,-32:55:54.59,60822.21121,27.41,0.283,17.93,17.96,17.96,1,0.54,OB250600
KMT-2025-BLG-0616,BLG37M0706.016584,17:45:41.94,-34:35:11.29,60792.26485,11.73,0.026,20.58,18.89,18.89,1,1.57,
KMT-2025-BLG-0617,BLG41M0308.015283,17:57:33.00,-30:16:16.00,60793.58026,53.34,0.841,18.71,18.75,18.75,1,1.87,
KMT-2025-BLG-0618,BLG42M0801.003056,17:54:29.61,-29:01:17.40,60907.95955,37.84,0.002,25.25,15.78,15.78,1,1.75,
KMT-2025-BLG-0619,BLG43M0608.071944,18:03:14.77,-27:05:46.50,60791.90291,37.16,0.103,22.24,20.0,20.61,1,1.98,OB250529
KMT-2025-BLG-0620,BLG03T0204.091633,18:00:43.63,-28:32:19.00,60792.94455,13.7,0.568,18.81,20.0,20.09,1,1.33,
KMT-2025-BLG-0621,BLG03T0301.020749,18:00:24.90,-28:58:02.39,60824.16149,128.19,0.783,18.17,18.1,18.1,1,0.88,
KMT-2025-BLG-0622,BLG12T0202.005880,17:26:48.64,-28:42:54.72,60818.18578,28.92,0.703,18.5,18.69,18.69,2,2.05,OB250606
KMT-2025-BLG-0623,BLG14K0105.013001,17:36:26.95,-28:13:09.12,60808.64218,23.89,0.105,20.03,20.0,20.5,2,3.71,OB250709 PB250088
KMT-2025-BLG-0624,BLG14N0602.037230,17:38:23.50,-29:47:54.85,60789.87824,12.0,1.0,19.96,20.0,21.64,2,4.36,
KMT-2025-BLG-0625,BLG18T0208.065280,17:44:51.02,-26:50:14.93,60788.50679,32.43,0.089,23.02,20.0,21.76,2,3.64,
KMT-2025-BLG-0626,BLG18T0408.073994,17:43:46.96,-26:52:31.73,60790.8067,1.79,0.107,19.73,20.0,21.63,2,3.05,
KMT-2025-BLG-0627,BLG20N0508.059246,17:47:57.03,-22:36:05.29,60808.40175,35.04,0.379,20.14,20.0,20.59,1,1.54,
KMT-2025-BLG-0628,BLG22K0205.016472,17:53:20.13,-32:40:29.50,60823.24353,55.94,0.016,19.6,18.82,18.82,1,1.71,OB250669 OB250670 PB250168
KMT-2025-BLG-0629,BLG22K0604.057454,17:51:04.60,-32:45:31.50,60792.52467,11.94,0.088,21.06,20.0,20.47,1,2.12,
KMT-2025-BLG-0630,BLG34K0308.053657,18:02:37.64,-31:08:27.82,60791.79325,16.87,0.018,21.69,20.0,20.0,1,1.28,
KMT-2025-BLG-0631,BLG34T0406.024835,18:01:49.82,-32:28:45.91,60795.54716,11.63,0.863,19.32,19.5,19.5,1,1.37,OB250663
KMT-2025-BLG-0632,BLG38M0606.005211,17:56:42.83,-21:47:33.61,60806.15438,68.32,0.023,21.82,17.89,17.89,4,2.84,
KMT-2025-BLG-0633,BLG42K0102.039460,17:53:43.82,-28:56:54.10,60791.66622,34.15,0.016,22.15,19.36,19.36,1,2.1,
KMT-2025-BLG-0634,BLG42N0101.007707,17:58:37.29,-30:05:11.69,60793.12633,5.94,0.903,18.33,17.71,17.71,1,1.46,
KMT-2025-BLG-0635,BLG42T0402.053135,17:51:49.45,-30:04:18.59,60795.24749,10.78,0.172,20.37,19.88,19.88,1,2.42,OB250514
KMT-2025-BLG-0636,BLG43M0605.036966,18:03:06.58,-27:30:01.01,60789.69925,7.32,0.809,19.37,19.42,19.42,1,1.44,OB250527
KMT-2025-BLG-0637,BLG01K0607.053260,17:51:01.53,-30:13:18.01,60790.84777,4.55,0.143,21.73,19.97,19.97,1,2.34,
KMT-2025-BLG-0638,BLG01K0607.068776,17:51:06.07,-30:15:15.19,60809.09119,44.7,0.216,20.17,20.0,20.54,1,2.27,
KMT-2025-BLG-0639,BLG01M0601.019085,17:55:57.68,-30:58:42.82,60801.66183,11.71,0.293,18.58,18.52,18.52,1,1.32,OB250572 PB250128
KMT-2025-BLG-0640,BLG01N0803.041840,17:54:47.50,-31:52:58.40,60792.1439,2.1,0.847,18.35,19.48,19.48,1,1.55,
KMT-2025-BLG-0641,BLG02K0306.026548,17:52:45.67,-28:19:49.76,60790.0495,106.77,0.522,20.09,20.0,20.13,2,3.0,OB250354
KMT-2025-BLG-0642,BLG02N0203.003502,17:58:14.68,-29:48:52.88,60794.3637,198.75,0.007,22.83,15.79,15.79,1,1.29,OB250521 OB250567 PB250124
KMT-2025-BLG-0643,BLG02N0305.033267,17:57:55.61,-29:30:22.10,60800.6007,34.04,0.401,20.29,18.87,18.87,1,1.38,
KMT-2025-BLG-0644,SAO02N0607.002005,17:55:54.77,-29:19:15.10,60792.75839,31.35,0.025,22.96,15.62,15.62,1,1.94,
KMT-2025-BLG-0645,BLG02N0608.020390,17:55:44.67,-29:07:22.91,60797.76438,7.16,0.248,19.52,18.62,18.62,4,1.63,OB250570
KMT-2025-BLG-0646,BLG02T0201.066145,17:53:26.73,-29:58:45.70,60792.11976,13.99,0.499,19.89,19.43,19.43,1,1.47,
KMT-2025-BLG-0647,SAO02T0604.039435,17:51:21.79,-29:41:12.52,60799.84768,12.52,0.509,19.43,19.67,19.67,1,2.65,OB250565
KMT-2025-BLG-0648,SAO02T0701.012969,17:50:46.59,-29:58:16.79,60795.03076,18.7,0.072,21.47,18.42,18.42,1,3.19,OB250515 PB250122
KMT-2025-BLG-0649,BLG03K0608.060201,17:58:34.70,-26:55:20.14,60791.10331,4.09,0.018,22.61,20.0,21.39,2,2.84,
KMT-2025-BLG-0650,SAO03N0402.076996,18:04:59.39,-28:48:14.29,60794.50995,66.98,0.048,22.16,19.78,19.78,1,0.86,
KMT-2025-BLG-0651,SAO04K0501.049220,18:01:21.45,-29:59:32.32,60787.68391,18.86,0.895,19.05,19.2,19.2,1,1.18,
KMT-2025-BLG-0652,BLG04K0504.051788,18:01:04.71,-29:33:00.79,60799.30786,13.86,0.276,19.84,19.47,19.47,1,1.48,OB250584
KMT-2025-BLG-0653,BLG04M0806.066805,18:04:21.05,-29:20:53.20,60812.66971,33.34,0.315,19.61,19.61,19.61,1,0.87,OB250662
KMT-2025-BLG-0654,BLG11K0306.003292,17:25:48.06,-29:13:41.09,60843.2052,42.83,0.899,18.18,17.05,17.05,1,1.9,OB250749 OB250805
KMT-2025-BLG-0655,BLG11N0602.076816,17:29:08.99,-30:47:36.89,60790.33193,23.33,0.09,23.3,20.0,25.0,3,4.3,
KMT-2025-BLG-0656,BLG12M0402.021090,17:30:31.05,-27:32:57.52,60790.61862,10.94,0.836,19.3,20.0,20.31,2,2.54,
KMT-2025-BLG-0657,BLG12N0204.082267,17:31:26.33,-28:28:30.79,60821.53646,32.32,0.958,19.6,20.0,21.59,2,2.44,
KMT-2025-BLG-0658,BLG12T0808.041696,17:23:16.60,-27:57:27.97,60786.29902,61.05,0.093,22.35,20.0,20.91,2,1.69,
KMT-2025-BLG-0659,BLG14K0508.028131,17:33:58.96,-27:51:57.96,60791.29424,26.29,0.883,19.95,20.0,20.57,2,2.76,
KMT-2025-BLG-0660,BLG14M0408.003525,17:39:42.74,-27:52:11.68,60880.36044,66.31,0.795,17.72,17.72,17.72,2,3.35,OB250756
KMT-2025-BLG-0661,SAO14N0705.024269,17:37:39.60,-29:24:58.43,60791.55777,2.75,0.049,19.82,20.0,21.01,2,3.63,
KMT-2025-BLG-0662,BLG15N0304.005775,17:40:07.87,-27:23:23.96,60807.64183,26.43,1.0,18.31,18.09,18.09,2,3.06,OB250757
KMT-2025-BLG-0663,BLG15T0706.010779,17:32:57.54,-27:08:20.33,60806.55283,56.15,0.221,21.04,20.0,20.16,2,3.09,
KMT-2025-BLG-0664,BLG17K0202.047393,17:43:35.64,-33:00:36.07,60816.38517,43.95,0.27,20.69,20.0,21.65,2,3.33,
KMT-2025-BLG-0665,BLG17T0701.026445,17:40:43.54,-34:16:18.66,60806.84885,45.26,0.04,21.41,20.0,20.25,2,1.97,OB250687
KMT-2025-BLG-0666,BLG17T0808.017460,17:40:00.06,-33:23:28.64,60807.97621,30.14,0.462,19.98,20.0,20.37,2,3.27,OB250711
KMT-2025-BLG-0667,BLG18K0202.016705,17:44:47.18,-26:34:04.91,60790.68492,22.64,0.185,21.19,20.0,20.19,2,3.85,PB250103
KMT-2025-BLG-0668,BLG18K0301.006544,17:44:13.68,-26:34:38.46,60791.14416,85.77,0.055,23.17,18.76,18.76,2,3.39,PB250099
KMT-2025-BLG-0669,BLG18K0508.051078,17:43:12.62,-25:43:52.32,60794.80036,12.1,0.165,21.51,20.0,20.91,2,2.52,
KMT-2025-BLG-0670,BLG18K0602.032197,17:42:50.16,-26:32:24.00,60792.57267,6.72,0.184,21.14,20.0,20.53,2,2.96,
KMT-2025-BLG-0671,SAO19K0703.023205,17:42:20.11,-24:18:02.59,60791.91302,7.15,0.082,23.64,19.16,19.16,1,1.88,
KMT-2025-BLG-0672,BLG19K0807.003845,17:41:43.04,-23:46:44.80,60855.11755,49.47,0.227,18.11,18.05,18.05,2,1.84,OB250692
KMT-2025-BLG-0673,BLG19M0105.034260,17:50:13.09,-23:59:33.07,60794.2206,20.84,0.186,21.98,20.0,20.98,2,2.96,
KMT-2025-BLG-0674,BLG19T0306.008948,17:44:24.28,-25:03:34.52,60793.31279,25.05,0.137,21.98,19.21,19.21,2,2.65,
KMT-2025-BLG-0675,BLG19T0807.035972,17:41:53.94,-24:56:01.39,60789.34147,4.65,0.69,19.84,19.83,19.83,1,2.17,
KMT-2025-BLG-0676,BLG20K0403.004366,17:43:58.51,-22:10:10.27,60828.36163,63.21,0.932,18.24,17.95,17.95,4,1.81,OB251123
KMT-2025-BLG-0677,BLG21N0206.039484,17:58:23.88,-35:41:43.15,60804.00224,39.45,0.002,20.42,20.0,20.88,3,0.7,
KMT-2025-BLG-0678,BLG21N0403.049707,17:57:19.71,-36:07:56.03,60793.48017,12.42,0.302,21.41,20.0,21.56,2,0.94,
KMT-2025-BLG-0679,BLG22K0405.050852,17:52:03.91,-32:40:32.59,60790.1917,3.83,0.267,20.56,19.77,19.77,1,1.65,
KMT-2025-BLG-0680,BLG22N0204.007464,17:58:21.70,-33:54:16.99,60793.40232,37.91,0.035,22.86,18.05,18.05,1,0.89,
KMT-2025-BLG-0681,BLG31K0305.011994,18:12:05.68,-25:14:20.90,60813.48523,18.31,0.082,18.92,18.74,18.74,1,1.61,
KMT-2025-BLG-0682,SAO31K0402.012942,18:11:10.88,-25:35:35.30,60800.23586,23.41,0.413,19.19,18.58,18.58,1,1.44,OB250539
KMT-2025-BLG-0683,BLG31K0406.016767,18:11:22.49,-25:08:03.70,60791.33072,43.91,0.066,22.79,19.26,19.26,1,1.93,
KMT-2025-BLG-0684,BLG31N0105.017221,18:17:44.60,-26:21:14.69,60795.96187,8.37,0.154,19.22,18.74,18.74,1,0.85,
KMT-2025-BLG-0685,BLG32K0406.048564,18:09:04.45,-27:13:44.11,60790.42247,24.21,0.125,22.46,19.65,19.65,1,1.32,
KMT-2025-BLG-0686,BLG34K0405.081697,18:01:53.34,-31:32:06.79,60787.77135,10.33,0.865,19.98,20.0,20.92,1,0.97,
KMT-2025-BLG-0687,BLG35M0301.019891,18:07:49.45,-25:42:44.89,60795.08932,48.2,0.163,20.29,18.86,18.86,1,1.36,
KMT-2025-BLG-0688,BLG36K0403.014502,18:13:32.95,-23:24:20.30,60790.52635,98.49,0.22,20.06,20.0,20.04,4,2.13,OB250302
KMT-2025-BLG-0689,BLG36M0803.045498,18:16:20.53,-23:20:24.50,60793.43779,8.8,0.318,19.55,20.0,20.73,1,1.21,
KMT-2025-BLG-0690,BLG36N0506.018935,18:17:46.72,-24:03:29.92,60786.61244,29.59,0.565,20.1,18.84,18.84,1,0.97,
KMT-2025-BLG-0691,SAO37N0808.040035,17:45:16.50,-35:31:04.80,60796.89051,23.4,0.378,19.95,19.97,19.97,1,1.25,OB250686
KMT-2025-BLG-0692,BLG38T0702.003045,17:51:30.81,-23:25:32.34,60802.27786,6.92,0.907,17.37,16.87,16.87,4,2.04,OB250703
KMT-2025-BLG-0693,BLG41M0602.036537,17:55:49.82,-31:00:15.70,60794.40788,60.08,0.028,23.71,19.0,19.0,1,1.42,
KMT-2025-BLG-0694,BLG41T0301.020004,17:52:18.05,-32:16:05.30,60795.61442,9.06,0.366,19.76,19.25,19.25,1,2.07,
KMT-2025-BLG-0695,SAO42K0101.054809,17:53:35.85,-29:01:20.39,60795.20245,38.29,0.076,21.03,19.29,19.29,1,2.27,OB250509
KMT-2025-BLG-0696,BLG42K0205.017456,17:53:13.08,-28:28:50.59,60796.10394,17.58,0.993,19.2,19.2,19.2,2,2.6,
KMT-2025-BLG-0697,BLG42K0207.049447,17:53:16.95,-28:16:53.51,60794.33096,34.15,0.386,21.68,20.0,20.84,2,2.87,
KMT-2025-BLG-0698,BLG42M0407.077552,17:57:01.23,-28:16:22.80,60793.19694,25.15,0.161,21.44,20.0,20.06,1,1.94,
KMT-2025-BLG-0699,BLG42M0408.051432,17:56:49.60,-28:08:53.02,60793.01435,21.89,0.19,21.4,19.54,19.54,1,1.92,OB250519
KMT-2025-BLG-0700,SAO42M0504.041142,17:56:26.92,-28:38:30.01,60791.54991,94.44,0.006,24.63,19.02,19.02,1,1.65,
KMT-2025-BLG-0701,BLG42M0801.034390,17:54:29.75,-29:00:15.19,60793.06217,2.11,0.008,20.42,18.69,18.69,1,1.75,
KMT-2025-BLG-0702,BLG42N0108.059234,17:58:43.31,-29:16:06.10,60800.14474,14.68,0.148,19.46,19.1,19.1,1,1.01,OB250522
KMT-2025-BLG-0703,BLG43K0104.033631,18:01:16.49,-27:36:37.51,60803.78166,15.28,0.309,18.91,18.9,18.9,1,1.39,OB250579 PB250153
KMT-2025-BLG-0704,BLG43K0301.069068,18:00:13.83,-27:54:51.59,60793.16216,16.95,0.276,20.92,19.98,19.98,1,1.64,
KMT-2025-BLG-0705,BLG43K0601.007635,17:58:38.22,-27:57:12.20,60818.01311,44.79,0.412,18.55,17.77,17.77,1,2.44,OB250520 PB250126
KMT-2025-BLG-0706,BLG43K0606.072328,17:58:31.36,-27:20:00.28,60796.2192,5.91,0.327,20.31,20.0,21.32,2,2.43,
KMT-2025-BLG-0707,SAO43K0704.049165,17:58:00.72,-27:32:50.10,60792.51849,2.94,0.707,20.03,20.0,20.4,1,2.37,
KMT-2025-BLG-0708,BLG43M0408.079666,18:04:22.33,-27:00:20.92,60793.87679,29.42,0.306,20.38,20.0,20.16,1,1.2,
KMT-2025-BLG-0709,BLG43T0801.078435,17:57:23.40,-29:02:19.61,60792.5951,16.24,0.019,22.27,19.86,19.86,1,1.33,
KMT-2025-BLG-0710,SAO02N0702.042522,17:55:14.38,-29:54:13.00,60800.95494,10.22,0.484,18.78,18.87,18.87,1,1.19,OB250657
KMT-2025-BLG-0711,SAO03T0702.059410,17:57:55.99,-28:46:35.62,60794.87649,4.67,0.709,19.15,19.34,19.34,1,1.41,
KMT-2025-BLG-0712,SAO11K0405.037152,17:25:03.94,-29:17:18.31,60804.20767,58.71,0.446,19.71,19.81,19.81,1,1.69,OB250480
KMT-2025-BLG-0713,BLG12M0105.025682,17:31:44.99,-27:09:05.04,60795.92458,80.33,0.099,23.01,20.0,20.85,2,3.12,
KMT-2025-BLG-0714,BLG14K0404.066126,17:34:41.82,-28:24:48.38,60796.12287,10.04,0.19,21.46,20.0,21.44,2,2.93,
KMT-2025-BLG-0715,BLG14K0608.078526,17:33:44.16,-27:54:50.69,60798.73674,18.21,0.074,21.53,20.0,21.93,2,2.74,
KMT-2025-BLG-0716,SAO14N0705.063088,17:38:04.75,-29:25:17.00,60796.80005,63.38,0.053,23.34,20.0,22.14,3,4.6,
KMT-2025-BLG-0717,BLG14T0101.030742,17:36:27.19,-29:50:57.23,60888.68741,98.93,0.479,19.84,20.0,21.61,2,4.17,OB251133
KMT-2025-BLG-0718,BLG16N0201.039354,17:40:48.09,-25:40:01.38,60793.79621,7.82,0.059,22.46,20.0,20.88,2,2.6,
KMT-2025-BLG-0719,BLG16N0804.002082,17:37:16.15,-25:19:23.52,60799.16178,24.24,0.998,19.6,18.93,18.93,2,4.28,
KMT-2025-BLG-0720,BLG16T0408.020529,17:35:02.00,-24:49:52.86,60794.75902,30.01,0.221,22.81,20.0,20.91,2,2.65,
KMT-2025-BLG-0721,BLG19M0304.025653,17:49:20.08,-24:09:50.87,60799.71411,11.95,0.452,19.92,20.0,20.02,2,2.44,OB250705
KMT-2025-BLG-0722,BLG19N0508.036598,17:47:52.62,-24:50:05.96,60794.5431,8.06,0.296,21.1,20.0,21.72,3,3.91,
KMT-2025-BLG-0723,BLG19N0808.000644,17:46:07.66,-24:43:38.75,60806.51123,30.35,0.474,16.73,16.74,16.74,2,3.17,OB250414
KMT-2025-BLG-0724,BLG20M0305.002983,17:48:56.69,-21:57:09.83,60809.65647,14.63,0.045,17.66,17.58,17.58,4,2.01,OB250614
KMT-2025-BLG-0725,BLG20T0306.037285,17:44:29.05,-22:56:47.69,60816.62685,135.4,0.036,22.57,20.0,20.5,2,1.84,OB250816
KMT-2025-BLG-0726,BLG22N0506.052408,17:56:48.22,-33:37:17.51,60797.49922,23.4,0.605,19.96,19.9,19.9,1,1.04,
KMT-2025-BLG-0727,BLG32M0402.066234,18:13:58.95,-27:41:33.36,60794.48337,21.09,0.091,22.1,20.0,25.0,3,0.54,
KMT-2025-BLG-0728,BLG36K0703.009143,18:11:59.34,-23:22:29.28,60818.37226,83.34,0.06,22.13,19.99,19.99,4,3.24,
KMT-2025-BLG-0729,BLG41K0407.049327,17:51:57.59,-30:23:40.20,60793.97716,199.45,0.002,25.13,19.93,19.93,1,2.22,OB250356
KMT-2025-BLG-0730,BLG42M0604.073644,17:55:36.49,-28:37:07.75,60797.15166,10.22,0.201,20.19,20.0,21.02,2,2.47,OB250571
KMT-2025-BLG-0731,BLG42T0108.031657,17:53:36.53,-29:14:34.30,60795.02107,8.83,0.05,21.13,18.77,18.77,1,1.82,
KMT-2025-BLG-0732,BLG02M0605.006301,17:55:53.78,-28:21:55.26,60798.63871,28.64,0.105,21.76,17.84,17.84,2,2.75,OB250566
KMT-2025-BLG-0733,BLG02N0401.072897,17:57:14.17,-30:01:44.62,60794.80266,148.3,0.003,25.52,19.9,19.9,1,1.51,
KMT-2025-BLG-0734,SAO03M0702.065091,18:03:05.80,-27:39:57.49,60800.59758,19.0,0.312,18.58,19.59,19.59,1,1.06,
KMT-2025-BLG-0735,BLG14K0503.029531,17:34:17.75,-28:30:14.72,60804.45044,16.84,0.361,20.8,20.0,21.0,2,3.79,
KMT-2025-BLG-0736,BLG14M0305.003615,17:39:58.96,-28:17:17.66,60806.74107,9.11,0.427,17.95,18.02,18.02,2,3.25,
KMT-2025-BLG-0737,BLG15M0706.018012,17:37:54.46,-26:05:01.82,60797.02448,11.57,0.292,21.17,20.0,21.02,2,3.65,
KMT-2025-BLG-0738,BLG16N0406.056936,17:39:47.90,-24:59:09.71,60804.67241,27.01,0.062,21.68,20.0,22.37,3,3.56,
KMT-2025-BLG-0739,BLG19K0806.033443,17:41:31.31,-23:55:03.65,60813.72086,42.36,0.201,21.13,20.0,20.47,2,2.13,OB250611
KMT-2025-BLG-0740,BLG21K0201.060051,17:53:21.70,-35:17:42.11,60796.4189,25.75,0.092,21.71,20.0,20.25,1,0.71,
KMT-2025-BLG-0741,BLG22M0205.014526,17:58:18.75,-32:37:21.90,60793.82018,63.28,0.026,21.53,18.76,18.76,1,1.31,
KMT-2025-BLG-0742,BLG32K0404.000292,18:08:50.52,-27:23:21.52,60812.1145,25.65,0.497,15.82,13.95,13.95,1,1.03,OB250664 OB250666
KMT-2025-BLG-0743,BLG32T0107.033724,18:11:03.50,-28:10:39.11,60811.52256,22.26,0.9,19.25,19.05,19.05,1,0.81,OB250781
KMT-2025-BLG-0744,BLG32T0603.050203,18:07:57.50,-28:43:36.91,60843.20688,66.9,0.868,19.11,19.52,19.52,1,1.04,OB250437
KMT-2025-BLG-0745,BLG35T0504.028122,18:01:33.31,-26:30:42.16,60818.1844,39.89,0.068,20.02,20.0,20.5,2,2.94,OB250818 PB250148
KMT-2025-BLG-0746,BLG37N0608.006404,17:46:14.13,-35:27:01.69,60876.8185,53.63,0.927,17.96,17.93,17.93,1,1.19,
KMT-2025-BLG-0747,BLG37N0806.037477,17:45:07.66,-35:40:52.00,60812.74308,32.33,0.074,20.92,20.0,20.05,1,1.21,
KMT-2025-BLG-0748,BLG37T0201.025832,17:43:31.52,-36:22:23.27,60813.03921,41.13,0.16,21.46,20.0,20.51,2,1.96,
KMT-2025-BLG-0749,BLG41M0803.052651,17:54:23.48,-30:55:34.90,60797.91975,9.85,0.015,20.46,19.68,19.68,1,1.65,
KMT-2025-BLG-0750,SAO42K0103.092875,17:53:54.89,-28:47:21.44,60796.00892,10.1,0.094,21.3,20.0,25.0,3,1.92,OB250562
KMT-2025-BLG-0751,BLG42K0502.063202,17:51:23.42,-28:54:30.17,60795.21217,27.31,0.104,23.24,20.0,22.19,2,3.95,
KMT-2025-BLG-0752,BLG42K0505.089303,17:51:13.92,-28:29:55.68,60796.24764,7.01,0.369,20.83,20.0,25.0,3,3.79,
KMT-2025-BLG-0753,BLG43K0401.046859,17:59:47.32,-27:59:07.12,60799.94779,15.04,0.356,19.97,19.43,19.43,1,1.81,OB250647
KMT-2025-BLG-0754,BLG43M0205.068988,18:05:22.66,-27:24:56.41,60803.18697,16.2,0.059,19.47,19.54,19.54,1,0.79,OB250577
KMT-2025-BLG-0755,BLG01K0304.014281,17:52:56.59,-30:38:18.10,60810.96173,46.35,0.273,20.54,18.47,18.47,1,2.27,
KMT-2025-BLG-0756,BLG01K0606.024226,17:51:06.27,-30:24:45.22,60796.47387,17.35,0.032,22.62,19.33,19.33,1,2.58,
KMT-2025-BLG-0757,BLG01M0502.083631,17:56:48.33,-30:50:53.48,60802.25703,14.66,0.049,21.37,20.0,20.1,1,1.3,OB250656
KMT-2025-BLG-0758,BLG02K0103.055607,17:54:14.39,-28:39:32.80,60797.92075,5.34,0.031,20.98,20.0,20.46,2,2.31,OB250561
KMT-2025-BLG-0759,BLG02M0304.083464,17:57:51.16,-28:28:12.00,60801.44365,12.35,0.334,19.41,20.0,20.35,1,1.69,
KMT-2025-BLG-0760,BLG02M0701.066385,17:55:18.48,-28:55:16.21,60799.62041,24.52,0.4,20.56,20.0,20.25,2,1.95,OB250652
KMT-2025-BLG-0761,BLG02M0805.076620,17:54:36.15,-28:26:28.68,60800.44226,7.31,0.484,20.09,20.0,21.54,2,2.6,
KMT-2025-BLG-0762,BLG02N0504.041584,17:56:32.50,-29:36:49.00,60804.785,14.99,0.079,20.14,19.09,19.09,1,1.61,OB250649
KMT-2025-BLG-0763,BLG02N0802.021974,17:54:35.00,-29:54:24.59,60805.25526,22.2,0.028,19.94,18.23,18.23,1,1.45,OB250512 PB250146
KMT-2025-BLG-0764,BLG02T0202.101096,17:53:09.58,-29:56:49.81,60803.97426,11.19,0.097,19.5,20.0,20.18,1,1.83,OB250564 PB250139
KMT-2025-BLG-0765,BLG03M0803.016624,18:02:37.61,-27:30:17.89,60799.49203,10.3,0.284,20.3,18.43,18.43,1,1.65,OB250578
KMT-2025-BLG-0766,BLG03N0307.073199,18:05:09.72,-28:12:53.89,60799.24338,27.36,0.093,21.98,19.57,19.57,1,0.85,OB250581
KMT-2025-BLG-0767,BLG03T0206.008353,18:01:17.85,-28:15:34.81,60805.73506,46.35,0.028,20.99,17.17,17.17,1,1.33,OB250582
KMT-2025-BLG-0768,SAO03T0302.062939,18:00:31.59,-28:45:52.81,60800.19844,7.08,0.155,19.28,19.11,19.11,1,1.0,OB250580
KMT-2025-BLG-0769,BLG03T0504.020754,17:59:19.59,-28:36:46.51,60825.46432,27.63,0.543,18.17,18.24,18.24,1,1.29,OB250654
KMT-2025-BLG-0770,BLG04K0103.002909,18:03:31.29,-29:39:13.00,60804.45343,4.91,0.934,16.96,16.0,16.0,1,1.06,OB250661
KMT-2025-BLG-0771,BLG04N0405.024029,18:06:29.22,-30:35:00.10,60799.87335,9.29,0.083,20.5,19.31,19.31,1,1.22,
KMT-2025-BLG-0772,BLG04T0503.006195,18:01:02.10,-30:47:59.60,60827.99607,55.43,0.737,18.6,17.65,17.65,1,1.24,OB250586
KMT-2025-BLG-0773,SAO11M0403.006790,17:30:16.78,-29:36:13.64,60861.65621,61.26,0.079,18.39,18.3,18.3,2,2.17,OB250689 PB250201
KMT-2025-BLG-0774,BLG11N0208.053099,17:31:21.11,-30:04:39.32,60808.12694,19.62,0.582,20.04,20.0,20.76,2,2.59,
KMT-2025-BLG-0775,BLG12K0401.051820,17:25:28.34,-27:46:17.51,60796.11008,9.31,0.483,20.66,20.0,20.66,1,1.93,
KMT-2025-BLG-0776,BLG12K0702.004449,17:23:54.73,-27:38:13.60,60929.77897,199.5,0.999,18.85,18.54,18.54,1,1.98,
KMT-2025-BLG-0777,BLG12M0602.002978,17:28:56.74,-27:37:49.58,60795.14017,9.61,0.161,20.8,18.05,18.05,2,2.58,
KMT-2025-BLG-0778,BLG12N0204.021790,17:31:39.45,-28:26:48.55,60810.45119,44.36,0.107,21.59,20.0,20.02,2,2.47,
KMT-2025-BLG-0779,BLG12N0601.017091,17:29:16.91,-28:47:15.90,60801.74489,42.89,0.088,22.29,19.85,19.85,2,2.37,
KMT-2025-BLG-0780,BLG13M0102.064231,17:39:39.95,-34:07:54.48,60803.41951,32.45,0.094,22.25,20.0,22.45,2,3.93,
KMT-2025-BLG-0781,BLG14M0708.067538,17:37:51.90,-27:57:20.23,60799.09002,9.28,0.078,21.78,20.0,22.19,2,3.79,
KMT-2025-BLG-0782,BLG14T0405.021418,17:34:33.82,-29:26:06.65,60795.23401,44.02,0.009,24.32,20.0,20.28,2,2.97,
KMT-2025-BLG-0783,BLG15K0803.028799,17:32:18.11,-26:28:35.36,60798.74766,17.01,0.217,22.4,20.0,21.91,2,3.75,
KMT-2025-BLG-0784,BLG15M0407.001583,17:39:43.33,-25:55:51.56,60799.28977,16.03,0.005,22.97,17.47,17.47,2,2.77,
KMT-2025-BLG-0785,BLG15M0802.004769,17:37:24.26,-26:31:39.25,60814.17781,11.97,0.498,18.71,18.65,18.65,2,3.14,
KMT-2025-BLG-0786,BLG15N0102.065613,17:41:14.62,-27:41:02.62,60802.89776,33.15,0.095,22.4,20.0,21.41,2,3.42,
KMT-2025-BLG-0787,SAO15N0302.005731,17:40:15.88,-27:39:37.94,60799.69199,3.37,0.079,20.1,18.37,18.37,2,3.37,
KMT-2025-BLG-0788,BLG15N0403.016380,17:39:22.09,-27:35:31.16,60799.5896,4.4,0.107,21.7,19.54,19.54,2,2.67,
KMT-2025-BLG-0789,BLG15N0505.003398,17:39:02.10,-27:19:23.16,60800.52996,89.74,0.014,24.11,17.41,17.41,2,2.46,
KMT-2025-BLG-0790,BLG15N0807.010826,17:37:27.95,-27:01:45.48,60797.50616,6.32,0.008,20.97,19.36,19.36,2,2.62,
KMT-2025-BLG-0791,BLG15T0105.039933,17:36:32.83,-27:17:40.42,60799.96628,18.34,0.392,20.85,19.8,19.8,1,2.17,
KMT-2025-BLG-0792,BLG15T0401.053024,17:34:33.33,-27:43:37.70,60839.15757,65.43,0.464,19.98,20.0,21.18,2,2.62,OB250902
KMT-2025-BLG-0793,BLG15T0405.012408,17:34:28.62,-27:14:57.19,60807.32515,17.29,0.186,19.72,19.03,19.03,1,2.36,OB250688
KMT-2025-BLG-0794,BLG15T0508.010938,17:34:19.52,-26:52:51.20,60797.51663,5.03,0.801,19.86,19.28,19.28,1,2.45,
KMT-2025-BLG-0795,BLG15T0607.013458,17:33:22.76,-26:59:51.54,60802.99674,27.99,0.005,24.87,20.0,20.2,2,2.99,
KMT-2025-BLG-0796,BLG16N0804.022046,17:37:23.91,-25:13:50.12,60808.28064,39.62,0.087,21.65,20.0,21.84,2,4.06,
KMT-2025-BLG-0797,BLG16T0806.026753,17:32:39.44,-25:04:50.45,60806.84075,15.91,0.213,20.82,20.0,21.37,2,2.75,
KMT-2025-BLG-0798,BLG17K0805.006820,17:40:04.31,-32:40:38.75,60845.43383,67.84,0.1,19.87,19.68,19.68,2,4.43,
KMT-2025-BLG-0799,BLG17M0201.011637,17:48:52.06,-33:05:42.61,60807.06647,31.5,0.071,21.18,18.71,18.71,1,2.14,
KMT-2025-BLG-0800,BLG17M0305.058543,17:48:06.19,-32:34:32.12,60801.50582,14.83,0.372,21.15,20.0,22.34,2,3.75,
KMT-2025-BLG-0801,BLG17M0405.009698,17:47:31.36,-32:39:52.45,60816.34376,48.73,0.206,21.42,19.76,19.76,2,2.95,OB250822
KMT-2025-BLG-0802,BLG17N0506.045645,17:46:46.07,-33:33:29.02,60802.34087,58.33,0.042,22.79,20.0,20.44,1,2.29,
KMT-2025-BLG-0803,BLG17N0602.021972,17:46:15.26,-34:10:03.68,60815.80641,20.77,0.051,19.21,18.95,18.95,1,1.48,OB250684
KMT-2025-BLG-0804,BLG17T0603.014027,17:41:24.12,-34:02:03.37,60837.42726,65.58,0.238,19.74,19.74,19.74,2,2.51,OB250754
KMT-2025-BLG-0805,BLG18K0402.044481,17:44:02.86,-26:29:39.62,60800.57272,11.76,0.831,19.83,20.0,20.98,2,3.15,
KMT-2025-BLG-0806,BLG18K0406.010129,17:43:50.15,-26:00:39.10,60881.29712,193.66,0.561,19.4,19.21,19.21,2,2.99,
KMT-2025-BLG-0807,BLG18K0508.051628,17:43:32.07,-25:46:14.05,60807.13226,21.32,0.062,20.49,20.0,20.93,2,2.65,OB250708
KMT-2025-BLG-0808,BLG18M0502.019096,17:47:58.95,-26:27:13.79,60799.31835,29.55,0.391,21.27,20.0,21.27,2,4.83,
KMT-2025-BLG-0809,BLG18T0101.003272,17:45:35.71,-27:47:08.38,60818.06012,21.89,0.522,19.95,20.0,21.2,3,8.62,
KMT-2025-BLG-0810,BLG18T0403.050795,17:44:01.73,-27:27:33.98,60800.78274,8.33,0.376,20.77,20.0,21.74,2,4.1,
KMT-2025-BLG-0811,BLG19K0602.014970,17:42:55.87,-24:29:09.20,60804.65784,84.89,0.002,23.25,18.92,18.92,1,1.95,
KMT-2025-BLG-0812,BLG19M0205.079997,17:49:39.07,-23:59:25.12,60798.66185,6.85,0.069,21.63,20.0,22.18,2,2.52,
KMT-2025-BLG-0813,BLG19M0208.079392,17:49:31.79,-23:39:24.52,60799.45443,6.99,0.155,21.69,20.0,22.45,2,2.18,
KMT-2025-BLG-0814,BLG19M0403.021769,17:48:41.69,-24:19:59.48,60806.21874,12.86,0.374,19.73,20.0,20.03,2,2.83,OB250706
KMT-2025-BLG-0815,BLG19N0606.012860,17:47:29.75,-25:04:24.35,60815.85121,25.02,0.171,20.15,20.0,20.76,2,4.08,OB250758 OB250817 PB250145
KMT-2025-BLG-0816,BLG19T0203.104347,17:45:07.71,-25:21:13.21,60799.65438,11.15,0.075,22.43,20.0,25.0,3,2.9,
KMT-2025-BLG-0817,BLG19T0605.002257,17:42:35.09,-25:08:36.89,60834.55241,48.62,0.598,18.21,16.76,16.76,1,2.43,OB250759
KMT-2025-BLG-0818,SSO20N0706.064796,17:46:59.76,-22:52:37.20,60801.10339,26.33,0.105,20.42,20.0,20.51,1,1.47,OB250697
KMT-2025-BLG-0819,BLG20N0807.002285,17:46:09.92,-22:49:02.71,60834.62264,16.29,0.882,16.45,16.31,16.31,1,1.55,OB250814
KMT-2025-BLG-0820,BLG20T0307.019199,17:44:15.37,-22:48:49.97,60842.31569,72.22,0.034,20.08,20.0,20.11,2,2.25,OB250815
KMT-2025-BLG-0821,BLG21M0607.006234,17:55:50.89,-34:27:18.79,60795.77779,7.14,0.045,21.42,17.7,17.7,1,0.78,
KMT-2025-BLG-0822,BLG21N0603.023073,17:55:52.09,-36:05:39.70,60808.96719,19.15,0.078,19.89,19.51,19.51,1,0.9,OB250671
KMT-2025-BLG-0823,BLG21T0402.014168,17:51:51.72,-36:12:45.79,60820.24319,69.02,0.328,20.5,18.8,18.8,1,1.0,
KMT-2025-BLG-0824,BLG22N0501.042878,17:56:28.43,-34:17:43.12,60802.68239,24.63,0.222,20.79,19.58,19.58,1,0.9,
KMT-2025-BLG-0825,BLG31N0508.038252,18:15:20.59,-25:54:26.21,60822.49049,67.14,0.207,20.52,19.65,19.65,1,1.02,OB250668
KMT-2025-BLG-0826,BLG32N0801.051466,18:11:29.03,-28:58:33.31,60811.81821,41.44,0.402,20.52,19.86,19.86,1,0.59,
KMT-2025-BLG-0827,BLG33K0501.035322,18:10:14.87,-29:58:12.22,60799.84931,157.23,0.008,23.55,19.43,19.43,1,0.68,OB250667
KMT-2025-BLG-0828,BLG33M0604.009856,18:14:55.12,-29:35:26.09,60813.74262,26.58,0.991,18.72,18.09,18.09,1,0.45,
KMT-2025-BLG-0829,BLG34K0803.002984,17:59:37.99,-31:50:05.57,60816.38378,40.39,0.166,18.98,16.83,16.83,2,1.56,OB250575
KMT-2025-BLG-0830,BLG35M0401.001748,18:07:16.95,-25:42:18.79,60835.16648,63.47,0.688,18.54,15.99,15.99,1,1.49,OB250896
KMT-2025-BLG-0831,BLG35N0504.008468,18:06:37.79,-26:24:20.20,60803.58,6.22,0.555,18.02,18.02,18.02,1,1.77,OB250665
KMT-2025-BLG-0832,BLG37K0703.101168,17:40:30.50,-34:59:22.60,60805.94645,52.06,0.269,21.73,20.0,25.0,3,1.94,
KMT-2025-BLG-0833,BLG37K0805.004541,17:39:44.26,-34:41:12.80,60928.44752,199.99,0.026,20.51,18.19,18.19,2,2.55,OB251031
KMT-2025-BLG-0834,BLG37M0108.016737,17:49:10.11,-34:21:59.18,60802.70258,9.67,0.236,19.3,18.91,18.91,1,1.41,OB250645
KMT-2025-BLG-0835,BLG38K0703.003688,17:51:12.06,-22:06:40.25,60861.73458,5.48,0.765,17.26,17.36,17.36,4,1.95,OB250702
KMT-2025-BLG-0836,BLG38T0801.004894,17:50:58.95,-23:34:37.24,60922.03475,96.3,0.465,18.08,18.08,18.08,2,2.37,OB250617
KMT-2025-BLG-0837,BLG41M0803.035358,17:54:45.74,-30:54:38.99,60803.4703,65.71,0.046,22.24,19.28,19.28,1,1.66,
KMT-2025-BLG-0838,BLG41N0206.064729,17:58:08.73,-31:36:00.68,60806.92251,17.59,0.03,20.64,20.0,20.24,1,1.37,
KMT-2025-BLG-0839,BLG41N0301.008933,17:57:38.76,-32:12:34.20,60804.50424,13.61,0.256,20.96,18.27,18.27,1,1.52,
KMT-2025-BLG-0840,BLG41N0808.005106,17:54:38.85,-31:19:46.99,60834.68897,42.58,0.908,18.86,17.05,17.05,1,1.8,
KMT-2025-BLG-0841,BLG41T0206.041094,17:53:02.24,-31:37:08.51,60797.44491,7.86,0.19,21.7,19.81,19.81,1,2.03,
KMT-2025-BLG-0842,BLG41T0307.028241,17:52:28.54,-31:29:45.31,60798.16748,199.7,0.041,23.97,19.76,19.76,1,2.52,
KMT-2025-BLG-0843,BLG42K0503.050486,17:51:34.97,-28:43:43.46,60799.26526,1.64,0.351,19.87,20.0,21.91,2,4.2,
KMT-2025-BLG-0844,BLG42N0108.026575,17:58:38.25,-29:15:13.00,60845.58938,61.79,0.325,18.79,18.3,18.3,1,1.05,OB250569
KMT-2025-BLG-0845,BLG42N0603.026616,17:55:35.71,-29:51:27.68,60803.62829,100.78,0.065,21.36,18.58,18.58,1,1.41,
KMT-2025-BLG-0846,BLG42N0608.041417,17:55:32.63,-29:13:41.20,60796.21889,17.57,0.008,22.82,19.0,19.0,1,1.85,
KMT-2025-BLG-0847,SSO42N0704.002401,17:55:11.90,-29:46:13.40,60807.99528,7.91,0.509,17.17,15.54,15.54,1,1.39,OB250650 PB250175
KMT-2025-BLG-0848,BLG42T0305.063882,17:52:34.59,-29:40:00.80,60802.45492,20.82,0.053,21.47,19.65,19.65,1,2.14,
KMT-2025-BLG-0849,SSO42T0601.003455,17:50:49.88,-30:07:25.39,60808.5967,5.91,0.033,17.22,16.64,16.64,1,2.78,PB250136
KMT-2025-BLG-0850,BLG43K0104.028791,18:01:24.35,-27:36:28.58,60812.89916,50.37,0.295,21.0,18.76,18.76,1,1.44,
KMT-2025-BLG-0851,SAO43K0202.045342,18:00:38.28,-27:46:05.41,60801.20414,16.67,0.022,21.8,19.24,19.24,1,1.65,
KMT-2025-BLG-0852,BLG43K0402.014363,17:59:26.01,-27:46:15.71,60798.99305,67.42,0.007,25.34,18.28,18.28,1,1.85,
KMT-2025-BLG-0853,BLG43K0508.062586,17:59:13.76,-27:06:29.92,60799.41612,12.23,0.032,23.33,20.0,21.83,1,2.19,
KMT-2025-BLG-0854,BLG01K0302.052227,17:52:55.18,-30:51:36.90,60799.34636,28.84,0.577,20.28,19.47,19.47,1,1.56,
KMT-2025-BLG-0855,BLG01T0108.000594,17:53:59.80,-31:13:27.59,60838.20619,19.32,0.742,14.99,14.87,14.87,1,1.99,OB250789
KMT-2025-BLG-0856,BLG02N0207.026838,17:58:20.09,-29:15:36.68,60808.55623,23.14,0.046,20.25,18.46,18.46,1,1.11,OB250651 PB250155
KMT-2025-BLG-0857,BLG12N0507.010284,17:29:40.73,-28:02:48.95,60806.16055,6.95,0.708,19.2,19.22,19.22,2,2.07,
KMT-2025-BLG-0858,BLG12N0607.099775,17:28:59.02,-28:05:40.67,60804.68088,14.71,0.153,20.04,20.0,25.0,3,2.15,
KMT-2025-BLG-0859,BLG13M0608.015510,17:36:27.63,-33:17:53.95,60811.26896,22.45,0.672,19.69,20.0,21.69,2,6.85,
KMT-2025-BLG-0860,BLG14K0404.064751,17:34:28.44,-28:24:11.92,60803.02588,3.08,0.124,20.54,20.0,21.41,2,2.95,
KMT-2025-BLG-0861,BLG15K0202.080474,17:35:57.71,-26:31:08.22,60794.08078,10.64,0.915,19.96,20.0,21.95,2,2.78,
KMT-2025-BLG-0862,BLG15N0404.055738,17:39:45.45,-27:22:05.20,60802.98116,6.86,0.503,20.69,20.0,20.85,2,2.8,
KMT-2025-BLG-0863,BLG16T0606.027909,17:33:45.49,-25:00:23.58,60807.46244,28.44,0.1,22.12,20.0,21.36,2,2.92,
KMT-2025-BLG-0864,BLG18T0303.050289,17:44:20.62,-27:29:23.35,60803.91961,25.11,0.077,23.0,20.0,22.43,3,4.58,
KMT-2025-BLG-0865,BLG18T0508.017508,17:43:18.14,-26:54:27.47,60809.70884,58.13,0.082,22.2,20.0,20.19,2,3.28,PB250164
KMT-2025-BLG-0866,BLG32M0205.060887,18:14:53.81,-27:18:51.41,60805.20697,100.49,0.119,21.82,20.0,20.12,1,0.69,
KMT-2025-BLG-0867,BLG34K0306.051137,18:02:12.90,-31:23:06.00,60804.13612,19.28,0.401,20.82,19.92,19.92,1,1.24,
KMT-2025-BLG-0868,BLG37M0408.030084,17:47:28.27,-34:25:20.21,60803.95622,43.55,0.01,22.49,19.43,19.43,1,1.52,OB250683
KMT-2025-BLG-0869,SAO37N0805.016429,17:45:09.83,-35:49:24.10,60802.1848,11.64,0.046,21.59,19.3,19.3,1,1.24,
KMT-2025-BLG-0870,BLG41M0703.003838,17:55:06.27,-30:52:18.01,60814.96581,7.95,0.511,16.73,16.18,16.18,1,1.43,OB250733
KMT-2025-BLG-0871,BLG41N0808.000499,17:54:34.90,-31:22:31.19,60837.02645,16.41,0.566,14.73,14.64,14.64,1,1.76,MB250177
KMT-2025-BLG-0872,SAO42T0301.000913,17:52:30.19,-30:08:34.01,60818.85218,10.59,0.789,14.97,14.97,14.97,4,1.77,
KMT-2025-BLG-0873,BLG01K0703.001017,17:50:21.14,-30:42:56.92,60837.99972,18.6,0.142,15.69,15.43,15.43,1,2.59,OB250791
KMT-2025-BLG-0874,BLG02M0505.029435,17:56:36.36,-28:23:49.09,60803.41917,17.37,0.082,22.08,18.97,18.97,1,2.1,
KMT-2025-BLG-0875,SAO03K0501.058955,17:59:29.60,-27:48:13.10,60793.2613,188.77,0.149,20.11,19.83,19.83,1,1.9,
KMT-2025-BLG-0876,BLG04K0204.014321,18:02:41.39,-29:30:54.90,60819.54571,48.82,0.265,20.59,18.18,18.18,1,1.11,
KMT-2025-BLG-0877,BLG11N0304.025944,17:30:54.18,-30:34:58.08,60830.24807,118.93,0.023,23.92,20.0,20.48,2,2.85,
KMT-2025-BLG-0878,BLG11N0606.033671,17:29:22.61,-30:19:10.06,60814.86039,27.68,0.025,20.95,20.0,20.52,2,2.42,OB250823 PB250165
KMT-2025-BLG-0879,BLG14N0304.019617,17:39:53.77,-29:29:06.25,60802.82766,1.01,0.2,21.06,20.0,22.18,3,6.98,PB250121
KMT-2025-BLG-0880,BLG14T0208.037550,17:35:47.80,-29:04:01.85,60810.15166,23.38,0.201,21.19,20.0,20.89,2,2.94,
KMT-2025-BLG-0881,BLG15M0808.073731,17:37:21.71,-25:46:05.27,60802.98869,6.07,0.097,21.92,20.0,25.0,3,3.82,
KMT-2025-BLG-0882,BLG15N0506.005810,17:39:07.70,-27:10:54.59,60821.14531,42.27,0.276,20.46,18.25,18.25,2,2.53,OB250828
KMT-2025-BLG-0883,BLG15N0507.004922,17:38:57.95,-26:58:41.77,60835.36541,96.19,0.992,18.66,18.07,18.07,2,2.84,OB250914
KMT-2025-BLG-0884,BLG19K0708.025861,17:42:26.60,-23:37:17.80,60818.01637,22.42,0.6,19.91,19.8,19.8,1,2.07,OB250813
KMT-2025-BLG-0885,BLG20N0607.002808,17:47:30.06,-22:47:13.99,60851.94919,26.82,0.665,16.75,16.62,16.62,1,1.53,OB250753
KMT-2025-BLG-0886,BLG20T0806.067243,17:41:44.07,-22:55:52.28,60802.37168,13.86,0.014,22.5,20.0,21.75,3,1.66,
KMT-2025-BLG-0887,BLG32K0505.046791,18:08:33.26,-27:22:07.10,60805.93165,22.15,0.194,21.15,19.55,19.55,1,0.92,
KMT-2025-BLG-0888,BLG37K0602.029813,17:40:46.95,-35:07:48.29,60814.51545,24.69,0.918,19.97,20.0,20.19,2,1.73,
KMT-2025-BLG-0889,BLG37N0603.036833,17:46:09.95,-36:09:58.39,60833.65302,33.72,0.858,19.82,20.0,20.16,1,1.38,
KMT-2025-BLG-0890,BLG41M0605.014576,17:55:48.99,-30:35:23.50,60811.1116,34.35,0.704,19.7,18.44,18.44,1,1.78,OB250573
KMT-2025-BLG-0891,BLG42N0203.070963,17:57:59.39,-29:50:39.01,60802.87253,18.51,0.002,23.59,19.82,19.82,1,1.54,
KMT-2025-BLG-0892,BLG43M0804.008217,18:02:04.56,-27:36:17.89,60807.51325,16.08,0.18,20.05,17.45,17.45,1,1.49,OB250659
KMT-2025-BLG-0893,BLG01N0606.018125,17:56:01.99,-31:27:16.20,60818.14341,63.43,0.111,22.82,18.75,18.75,1,1.54,OB250734
KMT-2025-BLG-0894,BLG02M0702.039728,17:55:29.37,-28:49:29.50,60830.79714,53.87,0.18,20.01,19.57,19.57,2,2.02,OB250655
KMT-2025-BLG-0895,BLG02T0703.012304,17:50:24.88,-29:45:59.62,60803.68718,197.75,0.004,25.24,18.23,18.23,1,3.24,
KMT-2025-BLG-0896,SAO03K0704.047310,17:58:19.52,-27:27:53.71,60805.38596,26.07,0.635,20.19,20.0,20.09,1,1.9,
KMT-2025-BLG-0897,SAO03M0103.062692,18:06:33.72,-27:34:19.70,60808.16967,16.24,0.476,19.53,19.63,19.63,1,0.98,OB250744
KMT-2025-BLG-0898,BLG03T0208.039962,18:00:56.65,-28:06:01.91,60812.17638,64.12,0.183,22.1,18.91,18.91,1,1.13,
KMT-2025-BLG-0899,BLG04K0407.008763,18:01:40.35,-29:12:54.90,60809.98677,4.81,0.488,17.44,17.45,17.45,1,1.34,OB250660
KMT-2025-BLG-0900,BLG14K0605.089421,17:33:38.54,-28:14:22.20,60807.1854,30.09,0.591,20.57,20.0,21.73,2,2.64,
KMT-2025-BLG-0901,BLG14K0607.071395,17:33:35.78,-28:04:00.95,60806.0544,4.28,0.006,20.01,20.0,21.37,2,2.62,
KMT-2025-BLG-0902,BLG17T0108.015114,17:44:29.96,-33:22:33.60,60811.48441,20.0,0.097,21.28,19.2,19.2,1,2.4,
KMT-2025-BLG-0903,BLG20N0105.001157,17:50:24.85,-23:04:39.83,60805.33287,8.01,0.887,17.63,16.19,16.19,4,1.91,
KMT-2025-BLG-0904,BLG21M0602.011573,17:56:07.69,-35:09:54.00,60803.75594,4.08,0.953,18.34,18.51,18.51,1,0.91,
KMT-2025-BLG-0905,BLG22N0104.014862,17:59:00.93,-33:52:54.01,60833.18339,39.47,0.44,19.07,18.75,18.75,1,1.03,OB250658
KMT-2025-BLG-0906,BLG36M0604.031003,18:17:28.30,-23:12:46.80,60806.32918,9.37,0.85,19.39,19.55,19.55,1,1.07,
KMT-2025-BLG-0907,SSO36N0707.001468,18:16:56.24,-23:56:23.78,60801.95473,11.49,0.162,19.52,15.86,15.86,1,1.22,
KMT-2025-BLG-0908,BLG01K0601.032825,17:51:12.19,-31:02:43.76,60805.86181,2.63,0.138,20.35,20.0,20.47,2,2.63,
KMT-2025-BLG-0909,BLG01T0108.035080,17:54:11.08,-31:14:34.58,60806.70732,6.4,0.132,20.85,19.56,19.56,1,1.85,
KMT-2025-BLG-0910,BLG01T0802.057554,17:49:41.49,-32:00:53.24,60810.88522,22.27,0.181,20.69,20.0,25.0,3,4.54,
KMT-2025-BLG-0911,BLG03M0702.054626,18:03:07.89,-27:40:16.28,60804.98874,72.59,0.036,22.23,19.36,19.36,1,1.06,
KMT-2025-BLG-0912,SAO03T0502.052871,17:59:23.33,-28:48:43.09,60813.47322,15.63,0.013,19.77,18.95,18.95,1,1.11,OB250653
KMT-2025-BLG-0913,SAO04K0304.057875,18:01:58.56,-29:35:31.49,60799.49491,17.36,0.392,19.76,19.67,19.67,1,1.5,
KMT-2025-BLG-0914,BLG04K0701.097536,17:59:54.87,-29:53:26.99,60805.93861,4.27,0.054,20.81,20.0,20.77,1,1.22,
KMT-2025-BLG-0915,BLG04K0703.061452,17:59:53.19,-29:38:53.81,60805.77091,4.91,0.403,19.23,19.57,19.57,1,1.29,
KMT-2025-BLG-0916,BLG11M0207.036523,17:31:35.08,-29:02:18.38,60812.10857,19.54,0.103,21.71,20.0,21.32,2,3.1,
KMT-2025-BLG-0917,BLG11N0101.004279,17:32:03.94,-30:59:02.76,60819.18526,25.99,0.159,18.86,18.94,18.94,2,3.82,OB250712 PB250143
KMT-2025-BLG-0918,BLG14K0702.011945,17:32:54.77,-28:39:38.45,60809.93607,11.57,0.813,20.04,20.0,20.58,2,3.69,
KMT-2025-BLG-0919,BLG14M0107.001070,17:41:02.00,-28:04:55.88,60814.23809,6.2,0.085,20.11,16.91,16.91,2,3.69,
KMT-2025-BLG-0920,BLG14M0507.015541,17:39:10.35,-28:04:18.59,60809.1535,3.53,0.052,19.5,19.54,19.54,2,2.96,PB250151
KMT-2025-BLG-0921,BLG14T0807.028303,17:32:18.77,-29:04:49.62,60828.83826,30.09,0.019,20.04,20.0,20.69,2,3.24,OB250804 PB250190
KMT-2025-BLG-0922,BLG15M0302.004385,17:39:49.94,-26:32:36.74,60809.61105,11.59,0.005,21.37,17.83,17.83,2,2.67,PB250156
KMT-2025-BLG-0923,BLG15N0507.002044,17:38:55.59,-26:58:37.34,60840.5423,38.47,0.984,18.02,17.33,17.33,2,2.9,OB250829
KMT-2025-BLG-0924,BLG16N0608.021591,17:38:30.19,-24:44:15.11,60806.24864,5.2,0.285,20.74,20.0,20.13,2,2.06,
KMT-2025-BLG-0925,SAO17M0801.074040,17:45:13.42,-33:08:55.61,60805.53515,3.93,0.848,19.92,20.0,22.04,2,2.75,
KMT-2025-BLG-0926,BLG17T0202.049516,17:43:29.71,-34:09:01.51,60806.28132,2.03,0.577,20.08,20.0,20.14,1,1.93,
KMT-2025-BLG-0927,BLG17T0303.027783,17:43:13.92,-33:57:52.20,60815.83288,13.26,0.1,19.86,19.89,19.89,1,2.63,OB250797
KMT-2025-BLG-0928,BLG18K0102.025476,17:45:33.23,-26:32:54.17,60803.87872,14.64,0.071,22.34,20.0,20.64,2,3.13,
KMT-2025-BLG-0929,BLG18K0301.002025,17:44:29.76,-26:34:37.56,60807.84035,8.49,0.1,20.73,17.63,17.63,2,3.41,
KMT-2025-BLG-0930,BLG19T0707.033400,17:42:17.77,-24:54:13.21,60812.12389,16.29,0.083,20.32,19.76,19.76,1,2.13,
KMT-2025-BLG-0931,BLG22T0108.007635,17:53:53.41,-33:24:27.50,60823.14493,128.84,0.021,22.3,18.1,18.1,1,1.43,OB250725
KMT-2025-BLG-0932,BLG31T0504.075281,18:10:41.63,-26:25:51.60,60802.52002,3.14,0.605,19.96,20.0,20.7,1,1.03,
KMT-2025-BLG-0933,BLG33T0403.040385,18:11:01.49,-30:46:53.80,60811.80313,30.21,0.785,19.95,19.83,19.83,1,0.45,
KMT-2025-BLG-0934,BLG34K0804.016827,17:59:19.30,-31:39:07.49,60832.57445,199.37,0.013,23.25,19.06,19.06,1,1.77,
KMT-2025-BLG-0935,SAO35N0804.011220,18:04:35.82,-26:31:04.98,60825.09694,50.59,0.867,18.86,18.57,18.57,2,2.29,OB250908
KMT-2025-BLG-0936,BLG41K0208.028399,17:53:18.77,-30:13:43.46,60815.81976,10.32,0.268,19.09,19.21,19.21,2,1.4,OB250641
KMT-2025-BLG-0937,BLG41K0505.068456,17:51:23.29,-30:38:43.22,60809.37759,43.82,0.097,22.12,20.0,21.72,2,2.45,
KMT-2025-BLG-0938,BLG41N0406.049974,17:56:44.52,-31:41:00.38,60804.71675,5.26,0.113,21.06,19.82,19.82,1,1.51,
KMT-2025-BLG-0939,SAO42N0205.017766,17:58:17.29,-29:39:02.09,60815.42005,10.75,0.783,18.15,18.14,18.14,1,1.17,OB250648
KMT-2025-BLG-0940,SAO42N0502.002926,17:56:22.15,-30:03:08.21,60805.84041,7.64,0.003,20.65,15.93,15.93,1,1.49,
KMT-2025-BLG-0941,BLG01N0804.004086,17:54:54.83,-31:46:56.50,60830.35738,16.4,0.908,17.27,16.64,16.64,1,1.59,OB250771
KMT-2025-BLG-0942,BLG03M0108.024393,18:06:27.28,-26:55:22.19,60815.56949,14.07,0.898,18.89,18.6,18.6,1,1.04,
KMT-2025-BLG-0943,BLG11T0607.020913,17:24:18.97,-30:14:04.24,60808.12241,9.14,0.299,23.06,19.93,19.93,2,1.95,
KMT-2025-BLG-0944,BLG14K0601.029097,17:33:13.37,-28:46:43.64,60818.3469,62.75,0.733,20.17,20.0,21.26,2,3.49,
KMT-2025-BLG-0945,BLG14T0705.032853,17:33:05.90,-29:20:05.06,60814.2295,14.28,0.272,20.69,20.0,20.77,2,3.11,
KMT-2025-BLG-0946,BLG16T0201.014219,17:36:17.39,-25:40:44.29,60810.76921,24.04,0.089,21.54,20.0,20.95,2,3.09,
KMT-2025-BLG-0947,BLG17K0602.027724,17:41:13.09,-33:02:52.84,60837.92278,45.08,0.836,19.93,20.0,21.51,2,4.01,
KMT-2025-BLG-0948,BLG19T0702.042804,17:42:06.23,-25:34:58.91,60810.42524,8.49,0.029,20.51,20.0,20.7,2,2.49,
KMT-2025-BLG-0949,BLG31M0806.034353,18:13:44.24,-25:05:52.30,60826.44745,27.72,0.162,19.72,19.69,19.69,1,1.32,OB250792
KMT-2025-BLG-0950,BLG32K0308.040836,18:09:52.12,-26:57:57.71,60819.45628,57.23,0.035,21.01,19.77,19.77,1,1.46,
KMT-2025-BLG-0951,SAO32K0501.042107,18:08:34.27,-27:53:19.28,60808.03225,22.74,0.171,21.39,19.29,19.29,1,1.13,
KMT-2025-BLG-0952,BLG35K0405.006514,18:02:08.02,-25:10:25.54,60852.42452,59.45,0.411,19.82,19.79,19.79,2,4.92,
KMT-2025-BLG-0953,BLG35M0608.003486,18:06:07.56,-24:49:56.93,60826.92816,31.53,0.942,18.01,17.88,17.88,4,3.55,
KMT-2025-BLG-0954,BLG41M0801.083636,17:54:16.04,-31:09:08.21,60808.01884,2.78,0.267,19.94,20.0,20.61,1,1.75,
KMT-2025-BLG-0955,BLG42M0607.057821,17:55:35.47,-28:13:04.33,60810.23376,5.11,0.295,19.91,20.0,20.93,2,2.85,OB250646
KMT-2025-BLG-0956,BLG42N0604.017218,17:55:30.41,-29:45:30.60,60814.33431,28.02,0.046,21.18,18.1,18.1,1,1.54,OB250727
KMT-2025-BLG-0957,BLG42T0304.084200,17:52:40.19,-29:46:22.30,60821.05451,198.08,0.008,22.96,20.0,20.18,1,2.24,
KMT-2025-BLG-0958,BLG42T0503.054174,17:51:13.01,-29:51:42.01,60809.62445,35.79,0.2,22.26,19.99,19.99,1,2.83,
KMT-2025-BLG-0959,BLG42T0706.048529,17:50:20.63,-29:29:47.62,60813.94956,35.52,0.046,22.15,20.0,20.74,1,3.5,OB250724 PB250170
KMT-2025-BLG-0960,BLG02N0508.032116,17:56:43.98,-29:08:37.28,60806.29108,13.3,0.411,20.77,19.64,19.64,1,2.52,
KMT-2025-BLG-0961,BLG03T0508.071609,17:59:03.97,-28:00:48.71,60810.55492,17.35,0.068,22.09,20.0,20.5,1,2.08,
KMT-2025-BLG-0962,BLG14M0503.046421,17:38:52.73,-28:32:41.75,60807.76079,12.22,0.409,21.12,20.0,21.48,2,3.69,
KMT-2025-BLG-0963,BLG14T0407.038511,17:34:30.27,-29:09:21.78,60810.00159,5.41,0.932,19.94,20.0,21.1,2,3.36,
KMT-2025-BLG-0964,BLG15T0106.024307,17:36:40.30,-27:11:52.01,60812.68151,17.04,0.158,20.55,19.49,19.49,1,2.36,OB250799
KMT-2025-BLG-0965,BLG17K0702.003649,17:40:37.26,-33:00:13.97,60818.06506,93.79,0.053,22.89,19.1,19.1,2,4.82,PB250172
KMT-2025-BLG-0966,BLG37K0503.016727,17:41:35.80,-35:00:43.96,60821.08525,47.47,0.081,20.72,19.75,19.75,2,2.3,OB250747
KMT-2025-BLG-0967,BLG37T0803.009400,17:39:56.81,-36:09:41.36,60810.39368,58.95,0.028,22.51,19.7,19.7,2,2.33,
KMT-2025-BLG-0968,BLG41K0303.024127,17:52:22.85,-30:54:44.78,60828.90331,20.35,0.202,18.85,18.9,18.9,1,2.14,OB250790 PB250192
KMT-2025-BLG-0969,BLG43K0105.006726,18:01:21.78,-27:26:07.12,60863.06977,33.98,0.624,17.2,17.07,17.07,1,1.6,MB250155 OB250737
KMT-2025-BLG-0970,BLG43K0707.010131,17:57:46.34,-27:10:22.98,60840.53752,42.28,0.899,19.27,19.26,19.26,2,3.33,
KMT-2025-BLG-0971,SAO02N0802.001423,17:54:44.76,-29:52:34.79,60862.11376,28.71,0.999,15.68,15.01,15.01,1,1.3,MB250194 OB250851
KMT-2025-BLG-0972,SAO03T0703.062824,17:58:20.06,-28:42:45.50,60829.27568,50.27,0.536,18.81,19.47,19.47,1,1.41,
KMT-2025-BLG-0973,BLG19T0205.006459,17:45:09.46,-25:09:30.71,60807.89675,26.78,0.187,22.65,18.52,18.52,3,2.61,
KMT-2025-BLG-0974,BLG35N0102.004605,18:08:51.00,-26:40:37.49,60836.6246,58.88,0.983,17.89,17.34,17.34,1,1.35,OB250779
KMT-2025-BLG-0975,BLG01K0704.033597,17:50:17.84,-30:35:15.00,60815.50393,8.86,0.581,19.14,19.58,19.58,1,2.49,
KMT-2025-BLG-0976,BLG01T0306.057208,17:52:50.70,-31:29:11.29,60795.50487,24.64,0.879,19.44,20.0,20.45,1,2.26,
KMT-2025-BLG-0977,BLG02M0307.010846,17:57:47.27,-28:11:20.00,60915.86086,104.68,0.849,17.77,17.84,17.84,1,1.89,MB250232 OB250430
KMT-2025-BLG-0978,SAO02M0501.000639,17:56:38.58,-28:57:40.00,60819.97749,4.95,0.61,14.81,14.8,14.8,1,2.21,OB250730
KMT-2025-BLG-0979,BLG03K0801.058257,17:57:31.56,-27:52:32.23,60817.43109,24.31,0.132,21.5,20.0,21.3,3,2.77,
KMT-2025-BLG-0980,SAO03N0602.054919,18:03:47.64,-28:48:59.29,60887.50847,199.82,0.192,20.03,19.12,19.12,1,0.75,MB250276 OB250741
KMT-2025-BLG-0981,BLG04K0306.085424,18:02:12.96,-29:17:58.88,60812.02927,10.32,0.187,21.88,20.0,20.25,1,1.22,
KMT-2025-BLG-0982,BLG15M0201.015094,17:40:37.02,-26:40:01.31,60812.37164,8.79,0.05,21.44,20.0,20.13,2,3.24,
KMT-2025-BLG-0983,BLG15M0708.006381,17:37:34.42,-25:44:36.53,60843.36833,20.81,0.998,19.99,20.0,20.52,3,4.11,
KMT-2025-BLG-0984,BLG15N0301.004903,17:40:03.69,-27:46:14.95,60834.70529,52.63,0.993,18.88,18.11,18.11,2,2.89,
KMT-2025-BLG-0985,SAO17K0604.097835,17:41:10.64,-32:41:52.19,60814.44179,35.38,0.018,22.38,20.0,25.0,3,3.52,
KMT-2025-BLG-0986,BLG19M0206.097694,17:49:39.67,-23:52:18.44,60819.56111,19.49,0.64,19.18,20.0,25.0,3,2.25,
KMT-2025-BLG-0987,BLG22T0607.011838,17:50:49.00,-33:26:27.56,60845.18057,46.79,0.13,20.18,18.91,18.91,3,1.69,OB250860
KMT-2025-BLG-0988,BLG32T0601.011390,18:08:08.06,-28:54:27.00,60809.77046,79.63,0.049,21.81,18.02,18.02,1,0.97,
KMT-2025-BLG-0989,BLG42M0801.013538,17:54:20.61,-29:00:00.61,60825.92352,13.25,0.049,17.7,17.56,17.56,1,1.79,OB250640 PB250181
KMT-2025-BLG-0990,BLG43T0201.003658,18:00:59.21,-29:03:16.09,60838.37337,18.07,0.534,16.43,15.88,15.88,1,1.14,OB250740
KMT-2025-BLG-0991,BLG04T0205.023665,18:02:44.21,-30:35:41.10,60816.1174,38.46,0.099,21.0,18.85,18.85,1,1.26,
KMT-2025-BLG-0992,SAO04T0507.013316,18:01:19.22,-30:13:36.52,60824.82824,27.04,0.282,18.09,18.11,18.11,1,0.95,
KMT-2025-BLG-0993,BLG04T0805.012899,17:59:20.59,-30:29:54.20,60815.16774,4.56,0.239,18.54,18.52,18.52,1,1.57,
KMT-2025-BLG-0994,BLG11K0303.024482,17:25:57.30,-29:31:29.78,60823.16056,25.24,1.0,20.13,19.84,19.84,1,1.94,
KMT-2025-BLG-0995,BLG14K0201.061693,17:35:59.85,-28:43:52.21,60812.96008,6.38,0.633,19.84,20.0,21.41,2,2.95,
KMT-2025-BLG-0996,BLG15K0801.056308,17:32:16.70,-26:42:57.82,60817.37479,18.76,0.006,21.97,20.0,22.63,2,3.82,
KMT-2025-BLG-0997,BLG15N0304.053214,17:39:50.32,-27:22:42.31,60812.81849,7.6,0.839,20.0,20.0,21.02,2,2.89,
KMT-2025-BLG-0998,BLG15N0602.013960,17:38:11.04,-27:39:03.92,60829.24183,21.19,0.289,19.59,19.61,19.61,2,3.06,OB250826 OB250827 PB250189
KMT-2025-BLG-0999,BLG20N0803.001143,17:46:26.17,-23:14:34.19,60967.98397,63.94,0.737,15.49,15.53,15.53,1,1.46,OB250970
KMT-2025-BLG-1000,BLG32M0802.036656,18:11:27.92,-27:38:02.90,60817.46899,23.75,0.499,19.49,19.02,19.02,1,0.68,
KMT-2025-BLG-1001,BLG35N0202.035541,18:08:16.46,-26:42:32.00,60818.8042,45.7,0.183,20.54,19.18,19.18,1,1.08,
KMT-2025-BLG-1002,BLG41T0301.007398,17:52:16.24,-32:15:15.70,60816.34013,22.26,0.879,19.55,18.07,18.07,1,1.96,
KMT-2025-BLG-1003,BLG42M0802.023878,17:54:34.73,-28:56:42.79,60849.28408,57.62,0.081,19.85,18.75,18.75,1,1.81,OB250731
KMT-2025-BLG-1004,BLG01N0508.020533,17:56:31.30,-31:13:16.79,60816.81704,12.7,0.04,21.61,18.75,18.75,1,1.44,
KMT-2025-BLG-1005,BLG04K0106.056118,18:03:35.70,-29:16:32.99,60815.71968,70.28,0.025,23.66,19.35,19.35,1,0.9,
KMT-2025-BLG-1006,BLG04M0706.027688,18:04:34.42,-29:15:49.39,60817.87049,8.98,0.134,18.83,18.62,18.62,1,0.88,OB250775
KMT-2025-BLG-1007,BLG11T0207.008014,17:26:31.60,-30:14:32.86,60842.63042,62.54,0.24,20.43,19.05,19.05,2,2.25,OB250807
KMT-2025-BLG-1008,BLG12M0602.017052,17:28:52.88,-27:38:13.67,60815.10018,11.31,0.126,20.18,20.0,20.42,2,2.58,OB250803
KMT-2025-BLG-1009,BLG13N0405.013742,17:37:45.35,-34:53:39.84,60813.30852,30.95,0.03,22.21,19.88,19.88,4,2.55,
KMT-2025-BLG-1010,BLG14K0404.073768,17:34:42.69,-28:23:00.64,60815.80999,20.61,0.024,23.44,20.0,21.59,2,2.94,
KMT-2025-BLG-1011,BLG14M0405.082419,17:39:23.27,-28:14:55.72,60817.00322,35.22,0.069,21.76,20.0,21.79,3,2.93,
KMT-2025-BLG-1012,BLG14T0403.056004,17:34:38.28,-29:39:18.07,60813.87539,20.88,0.054,22.66,20.0,20.93,2,2.8,
KMT-2025-BLG-1013,BLG14T0703.024803,17:33:01.83,-29:37:28.45,60810.66797,34.06,0.072,23.26,20.0,20.5,2,3.17,
KMT-2025-BLG-1014,BLG15T0502.061047,17:34:18.15,-27:39:07.70,60819.2377,11.49,0.423,20.49,20.0,21.54,2,2.66,
KMT-2025-BLG-1015,BLG15T0508.036817,17:34:01.82,-26:57:02.41,60818.60052,14.07,0.676,20.46,20.0,20.46,2,2.41,OB250801
KMT-2025-BLG-1016,SAO17T0106.018078,17:44:10.83,-33:35:04.49,60815.84604,1.52,0.037,19.25,19.17,19.17,1,2.44,
KMT-2025-BLG-1017,BLG18T0106.005084,17:45:22.45,-27:03:21.13,60822.96195,9.55,0.406,19.15,19.18,19.18,2,3.78,PB250173
KMT-2025-BLG-1018,SAO19K0502.057198,17:43:07.65,-24:23:18.49,60815.47559,7.54,0.02,21.58,20.0,20.73,1,2.03,
KMT-2025-BLG-1019,BLG19N0501.021570,17:48:17.62,-25:39:56.45,60816.37338,10.57,0.68,20.21,20.0,22.19,3,5.73,PB250171
KMT-2025-BLG-1020,BLG19T0405.066859,17:44:01.50,-25:09:51.98,60817.05412,38.72,0.399,21.87,20.0,22.02,2,2.86,
KMT-2025-BLG-1021,BLG20N0307.058237,17:49:04.45,-22:47:59.89,60812.03187,12.36,0.414,19.97,20.0,20.57,1,1.92,
KMT-2025-BLG-1022,BLG20T0803.073844,17:41:55.08,-23:19:56.89,60816.15344,23.25,0.088,21.99,20.0,25.0,3,1.81,
KMT-2025-BLG-1023,BLG22T0101.064697,17:53:44.35,-34:15:24.52,60814.47366,5.72,0.405,20.02,20.0,20.22,1,1.0,
KMT-2025-BLG-1024,SAO32T0607.069686,18:08:11.94,-28:12:41.00,60814.00808,16.89,0.278,20.13,20.0,20.22,1,1.11,OB250782
KMT-2025-BLG-1025,BLG35N0603.010988,18:06:00.10,-26:32:47.80,60817.78187,192.97,0.023,22.21,18.22,18.22,1,1.6,
KMT-2025-BLG-1026,BLG37K0802.016103,17:39:40.06,-35:05:59.75,60819.68235,8.72,0.312,19.5,19.44,19.44,2,1.88,OB250798
KMT-2025-BLG-1027,BLG42K0501.014952,17:51:20.82,-28:59:15.61,60834.3274,33.86,0.197,19.78,19.87,19.87,2,4.66,OB250720 PB250167
KMT-2025-BLG-1028,BLG42N0808.029961,17:54:18.70,-29:18:07.49,60818.51517,7.06,0.083,18.67,18.66,18.66,1,1.74,OB250722 PB250176
KMT-2025-BLG-1029,BLG04K0806.007016,17:59:18.92,-29:14:41.60,60866.91998,62.47,0.98,17.41,16.94,16.94,1,1.08,OB250568
KMT-2025-BLG-1030,BLG04N0102.018352,18:08:29.26,-30:53:22.09,60818.44859,19.24,0.18,21.38,18.87,18.87,1,0.67,
KMT-2025-BLG-1031,BLG04N0607.036203,18:05:36.64,-30:15:53.32,60821.54737,21.76,0.348,20.95,19.33,19.33,1,1.12,
KMT-2025-BLG-1032,BLG04T0305.045185,18:02:09.74,-30:30:23.00,60820.127,4.33,0.101,20.06,19.4,19.4,1,1.06,
KMT-2025-BLG-1033,BLG12N0807.017377,17:28:08.31,-28:02:58.96,60817.04559,23.92,0.079,22.1,19.99,19.99,2,2.13,
KMT-2025-BLG-1034,BLG12T0306.079136,17:25:45.15,-28:15:01.33,60817.89238,55.8,0.021,22.4,20.0,22.69,2,2.15,
KMT-2025-BLG-1035,BLG12T0405.024985,17:25:28.69,-28:19:57.90,60817.92078,10.05,0.542,19.91,20.0,20.31,2,2.12,
KMT-2025-BLG-1036,BLG12T0507.027098,17:24:52.25,-28:02:01.10,60816.43041,12.08,0.384,20.09,20.0,20.24,1,1.85,
KMT-2025-BLG-1037,BLG17N0206.006275,17:48:48.97,-33:37:03.40,60833.45659,22.3,0.895,18.41,17.48,17.48,1,1.58,
KMT-2025-BLG-1038,BLG19K0604.031859,17:42:52.78,-24:13:32.59,60837.96587,28.97,0.558,19.41,19.4,19.4,1,1.77,OB250904
KMT-2025-BLG-1039,BLG31N0506.038702,18:15:29.40,-26:12:27.61,60818.5323,199.86,0.002,24.15,19.5,19.5,1,0.83,
KMT-2025-BLG-1040,BLG34K0801.024968,17:59:34.24,-32:03:45.29,60822.3311,13.32,0.808,19.39,19.44,19.44,1,1.48,
KMT-2025-BLG-1041,BLG34M0507.034063,18:06:21.69,-31:18:24.30,60817.74442,3.65,0.14,19.89,19.51,19.51,1,0.95,
KMT-2025-BLG-1042,BLG43M0404.012644,18:04:20.16,-27:33:03.89,60824.31531,10.43,0.999,18.09,17.97,17.97,1,1.03,
KMT-2025-BLG-1043,BLG03M0602.008893,18:03:40.88,-27:38:53.20,60820.71405,23.19,0.099,19.6,17.5,17.5,1,1.17,OB250736
KMT-2025-BLG-1044,BLG04T0602.021019,18:00:21.70,-30:57:53.60,60862.97817,56.24,0.346,18.86,18.99,18.99,1,1.62,MB250150 OB250886
KMT-2025-BLG-1045,BLG11M0507.043397,17:29:44.47,-29:00:39.42,60820.48189,4.96,0.431,20.11,20.0,20.51,2,2.07,
KMT-2025-BLG-1046,BLG13N0602.042835,17:36:28.10,-35:16:23.84,60814.28267,93.49,0.131,23.48,20.0,21.94,2,3.52,
KMT-2025-BLG-1047,BLG14N0407.014696,17:39:40.24,-29:07:12.14,60826.35775,11.88,0.138,20.09,20.0,21.05,2,4.84,PB250177
KMT-2025-BLG-1048,BLG16N0303.010334,17:40:22.21,-25:26:34.55,60826.83264,53.03,0.977,19.56,19.6,19.6,2,2.63,
KMT-2025-BLG-1049,BLG16T0505.006919,17:34:30.31,-25:07:20.57,60823.66436,10.57,0.437,19.98,20.0,20.45,2,3.48,OB250832
KMT-2025-BLG-1050,BLG19M0402.086678,17:48:29.53,-24:23:10.32,60821.80947,18.22,0.021,22.04,20.0,22.66,2,2.86,
KMT-2025-BLG-1051,BLG32K0705.006216,18:07:32.37,-27:22:44.29,60817.80346,8.24,0.293,20.09,17.23,17.23,1,1.05,
KMT-2025-BLG-1052,BLG35K0308.019002,18:02:45.77,-24:49:41.52,60823.69305,54.22,0.046,21.1,20.0,21.2,3,4.11,
KMT-2025-BLG-1053,BLG37N0405.018553,17:47:32.31,-35:50:08.59,60830.57612,28.54,0.574,19.47,19.03,19.03,1,1.1,
KMT-2025-BLG-1054,BLG41K0808.039353,17:49:26.91,-30:19:03.97,60819.60213,69.95,0.05,23.01,20.0,21.13,2,3.53,
KMT-2025-BLG-1055,BLG41N0804.002932,17:54:28.83,-31:51:46.01,60833.24623,12.13,1.0,16.65,16.18,16.18,1,1.65,OB250772 PB250199
KMT-2025-BLG-1056,BLG42T0805.011456,17:49:40.66,-29:40:24.89,60819.50157,12.51,0.011,21.78,18.91,18.91,1,3.84,OB250764
KMT-2025-BLG-1057,BLG43K0304.070601,18:00:10.66,-27:31:47.21,60818.36263,19.66,0.51,20.59,20.0,20.04,1,1.8,
KMT-2025-BLG-1058,BLG01K0108.020650,17:54:10.77,-30:09:29.02,60818.87728,37.37,0.06,22.14,18.41,18.41,2,1.44,OB250721
KMT-2025-BLG-1059,BLG01M0506.032853,17:56:45.38,-30:21:09.00,60824.87585,42.67,0.111,22.27,19.59,19.59,1,2.14,
KMT-2025-BLG-1060,BLG01T0306.042667,17:52:46.36,-31:27:19.40,60825.67483,14.74,0.37,20.17,20.0,20.06,1,2.22,
KMT-2025-BLG-1061,BLG02M0102.075732,17:58:50.70,-28:45:27.22,60819.71743,20.44,0.088,21.94,19.43,19.43,1,0.99,OB250770
KMT-2025-BLG-1062,BLG02M0104.062132,17:58:40.36,-28:27:41.29,60821.03074,5.07,0.507,19.61,19.48,19.48,1,1.56,
KMT-2025-BLG-1063,BLG02N0208.081823,17:58:18.71,-29:07:15.20,60826.62751,20.88,0.69,19.52,19.8,19.8,1,1.34,OB250729
KMT-2025-BLG-1064,SAO02T0302.000531,17:52:56.60,-29:51:36.40,60853.24117,16.19,0.004,21.65,14.37,14.37,1,1.85,
KMT-2025-BLG-1065,BLG03M0103.014341,18:06:26.42,-27:33:49.90,60828.70749,13.23,0.365,19.2,18.1,18.1,1,0.86,OB250888
KMT-2025-BLG-1066,BLG03N0306.009808,18:05:21.50,-28:18:45.11,60847.12378,16.4,0.855,17.48,17.54,17.54,1,0.83,OB250881
KMT-2025-BLG-1067,BLG03N0505.019604,18:04:03.83,-28:23:55.10,60825.68591,6.3,0.273,18.18,18.2,18.2,1,0.85,OB250742
KMT-2025-BLG-1068,BLG03T0308.063202,18:00:20.67,-28:03:04.61,60827.33503,33.17,0.222,20.07,19.62,19.62,1,1.58,OB250726
KMT-2025-BLG-1069,SSO03T0801.009872,17:57:37.76,-28:58:10.31,60821.56077,3.06,0.899,19.02,17.49,17.49,1,1.42,
KMT-2025-BLG-1070,BLG04M0105.004767,18:08:10.81,-29:26:35.99,60825.97661,14.53,0.989,18.32,17.28,17.28,1,0.97,OB250889
KMT-2025-BLG-1071,SAO04N0705.019176,18:04:43.46,-30:34:51.20,60826.27589,21.82,0.4,18.9,18.77,18.77,1,1.15,OB250777
KMT-2025-BLG-1072,BLG11K0504.103477,17:24:45.15,-29:25:47.82,60845.18507,65.46,0.039,21.03,20.0,25.0,3,1.87,
KMT-2025-BLG-1073,BLG11K0705.043205,17:23:25.40,-29:19:58.76,60821.71345,16.49,0.036,21.84,20.0,20.07,2,1.73,
KMT-2025-BLG-1074,BLG11T0205.066789,17:26:21.46,-30:25:19.34,60824.10025,21.29,0.078,22.57,20.0,21.99,2,2.95,
KMT-2025-BLG-1075,BLG12N0204.000824,17:31:23.48,-28:24:08.60,60830.67631,11.7,0.11,16.33,16.28,16.28,2,2.36,OB250802
KMT-2025-BLG-1076,BLG14K0303.007596,17:35:31.03,-28:28:48.29,60844.0394,66.84,0.74,19.08,18.93,18.93,2,3.29,OB250911
KMT-2025-BLG-1077,BLG14K0707.058539,17:33:03.14,-28:04:20.68,60819.81955,27.91,0.191,21.48,20.0,21.39,2,2.69,
KMT-2025-BLG-1078,BLG14M0801.005449,17:36:59.54,-28:47:59.78,60853.09221,24.49,0.526,18.2,18.2,18.2,2,3.06,OB250910
KMT-2025-BLG-1079,BLG14N0502.060997,17:39:05.11,-29:47:35.38,60818.72052,0.86,0.276,21.07,20.0,25.0,3,5.64,
KMT-2025-BLG-1080,BLG14T0303.098099,17:35:28.23,-29:39:42.44,60821.0516,10.3,0.045,22.87,20.0,22.25,2,3.22,
KMT-2025-BLG-1081,BLG14T0708.018198,17:32:57.29,-28:59:18.60,60820.30816,7.75,0.143,22.08,20.0,20.25,2,2.94,
KMT-2025-BLG-1082,BLG15N0405.003133,17:39:47.75,-27:19:08.69,60852.57547,20.24,0.081,17.51,17.46,17.46,2,2.77,OB250912
KMT-2025-BLG-1083,BLG16M0701.026265,17:38:08.21,-24:31:39.32,60821.10477,10.2,0.658,19.97,20.0,20.18,2,1.99,
KMT-2025-BLG-1084,BLG16T0208.043459,17:35:59.68,-24:45:12.71,60822.97019,14.58,0.199,21.84,20.0,21.39,2,2.64,
KMT-2025-BLG-1085,BLG17K0301.039512,17:42:56.84,-33:11:13.45,60825.26931,29.46,0.1,22.07,20.0,21.97,2,4.09,
KMT-2025-BLG-1086,BLG17M0101.063381,17:49:29.41,-33:08:33.40,60831.70127,51.51,0.163,21.74,20.0,20.64,1,1.98,
KMT-2025-BLG-1087,BLG17T0102.004474,17:44:01.83,-34:10:54.52,60820.58603,9.4,0.096,22.01,16.88,16.88,1,1.63,
KMT-2025-BLG-1088,BLG17T0705.051412,17:40:50.79,-33:47:17.66,60820.12852,14.34,0.041,21.83,20.0,21.27,2,2.61,
KMT-2025-BLG-1089,BLG18K0304.015444,17:44:39.99,-26:14:40.45,60824.73496,8.91,0.313,19.59,19.65,19.65,3,2.79,
KMT-2025-BLG-1090,BLG18T0505.066946,17:43:32.29,-27:13:32.12,60819.77901,1.24,0.177,20.06,20.0,21.88,3,3.29,
KMT-2025-BLG-1091,BLG19M0701.037008,17:47:07.43,-24:32:39.41,60828.53059,16.96,0.621,19.94,20.0,21.02,2,2.78,
KMT-2025-BLG-1092,BLG19T0501.052512,17:43:25.94,-25:38:14.21,60820.81743,5.89,0.132,21.41,20.0,21.06,2,2.88,
KMT-2025-BLG-1093,BLG19T0801.063185,17:41:45.54,-25:40:54.66,60823.81891,10.47,0.015,20.82,20.0,21.21,2,2.46,PB250193
KMT-2025-BLG-1094,BLG20N0108.016315,17:50:21.12,-22:41:35.48,60825.67185,34.87,0.044,21.95,19.16,19.16,1,2.06,OB250906
KMT-2025-BLG-1095,BLG20N0802.064126,17:46:18.37,-23:23:59.39,60821.97274,17.8,0.048,21.79,20.0,20.48,1,1.56,
KMT-2025-BLG-1096,BLG20T0404.060137,17:44:06.29,-23:08:15.61,60818.83626,31.0,0.117,22.96,20.0,21.18,2,1.73,
KMT-2025-BLG-1097,BLG21T0403.037699,17:52:15.92,-36:06:53.60,60827.91768,22.5,0.514,20.01,19.8,19.8,1,0.78,
KMT-2025-BLG-1098,BLG22T0207.027872,17:53:21.79,-33:28:46.49,60828.81751,17.81,0.391,19.57,19.28,19.28,1,1.49,OB250859
KMT-2025-BLG-1099,BLG32K0705.008248,18:07:13.54,-27:21:56.81,60839.55846,20.13,0.815,17.22,17.59,17.59,1,0.89,
KMT-2025-BLG-1100,BLG32M0306.055760,18:14:28.26,-27:08:00.20,60828.31414,20.56,0.125,20.0,19.93,19.93,1,0.74,OB250785
KMT-2025-BLG-1101,BLG32T0204.062638,18:10:26.16,-28:32:19.39,60822.42276,6.01,0.53,19.99,20.0,20.08,1,0.96,
KMT-2025-BLG-1102,BLG34K0805.069510,17:59:38.80,-31:33:37.40,60814.69926,23.56,0.004,21.5,20.0,21.31,1,1.74,
KMT-2025-BLG-1103,BLG35K0406.003378,18:02:08.98,-25:02:48.48,60890.47266,83.03,0.589,19.03,19.07,19.07,2,5.18,
KMT-2025-BLG-1104,BLG35K0603.036899,18:01:04.34,-25:31:16.43,60817.8,6.37,0.19,21.89,20.0,22.15,2,4.92,
KMT-2025-BLG-1105,BLG36T0103.020356,18:15:16.78,-24:29:00.38,60819.52549,7.21,0.802,19.18,19.2,19.2,1,1.39,
KMT-2025-BLG-1106,BLG37K0703.106019,17:40:23.18,-34:56:31.63,60819.49835,16.35,0.37,21.99,20.0,25.0,3,2.24,
KMT-2025-BLG-1107,BLG37K0806.055994,17:39:59.00,-34:36:34.38,60829.12607,52.27,0.169,21.5,20.0,21.86,2,2.83,
KMT-2025-BLG-1108,BLG37M0601.004257,17:46:18.97,-35:16:13.40,60873.92664,42.23,0.901,17.58,17.04,17.04,1,1.24,OB250900
KMT-2025-BLG-1109,BLG37T0704.041084,17:40:23.33,-35:59:55.18,60848.66603,51.96,0.594,20.01,20.0,21.04,2,1.9,
KMT-2025-BLG-1110,BLG41K0401.034815,17:52:04.40,-31:07:48.79,60821.29334,2.12,0.931,19.64,19.59,19.59,1,2.25,
KMT-2025-BLG-1111,BLG41N0501.023150,17:56:12.04,-32:12:10.51,60823.21833,6.87,0.382,20.01,19.13,19.13,1,1.48,
KMT-2025-BLG-1112,BLG42K0306.045217,17:52:35.71,-28:25:49.08,60821.40463,2.31,0.451,20.04,20.0,20.81,2,2.78,
KMT-2025-BLG-1113,BLG42T0607.027085,17:50:37.96,-29:20:39.01,60841.08328,55.85,0.223,19.74,19.84,19.84,1,3.87,OB250723 PB250150
KMT-2025-BLG-1114,BLG43M0601.044707,18:03:26.91,-27:54:03.82,60836.22261,35.35,0.218,19.34,19.2,19.2,1,1.32,OB250735
KMT-2025-BLG-1115,BLG01T0603.054294,17:50:55.98,-31:55:32.38,60821.97878,8.89,0.089,22.81,20.0,21.6,2,2.78,
KMT-2025-BLG-1116,BLG02K0102.080972,17:53:51.59,-28:45:35.75,60825.6311,199.89,0.009,24.17,20.0,20.91,2,1.92,OB250763
KMT-2025-BLG-1117,BLG02T0208.094771,17:53:13.36,-29:07:05.70,60829.16459,20.67,0.077,19.81,20.0,20.68,1,2.35,OB250762
KMT-2025-BLG-1118,BLG11K0207.054579,17:26:21.98,-29:02:34.51,60863.09395,50.92,0.242,19.93,20.0,20.74,2,1.76,OB251032
KMT-2025-BLG-1119,SAO12K0102.023234,17:26:56.80,-27:37:35.69,60830.32658,21.61,0.121,19.92,20.0,20.31,2,1.89,
KMT-2025-BLG-1120,BLG12N0202.026799,17:31:32.20,-28:42:56.41,60829.81368,12.02,0.11,19.84,20.0,20.39,2,2.71,OB250903
KMT-2025-BLG-1121,BLG15N0503.006098,17:38:46.07,-27:31:14.38,60834.83347,27.86,0.999,19.33,17.93,17.93,2,2.59,
KMT-2025-BLG-1122,BLG19T0407.047226,17:44:08.04,-24:56:09.92,60827.43019,33.51,0.499,20.36,20.0,21.07,2,2.68,
KMT-2025-BLG-1123,BLG21K0106.020423,17:53:54.64,-34:35:52.30,60829.30937,102.1,0.234,21.61,18.89,18.89,1,0.89,
KMT-2025-BLG-1124,BLG35T0303.007141,18:03:03.52,-26:36:32.36,60887.53373,55.57,0.691,18.95,18.69,18.69,2,2.64,OB251039
KMT-2025-BLG-1125,BLG37M0801.003347,17:45:16.24,-35:12:11.59,60895.8395,75.57,0.191,17.64,16.94,16.94,1,1.18,OB250137 OB250138
KMT-2025-BLG-1126,BLG41K0107.061532,17:53:38.06,-30:25:00.19,60844.05224,32.07,0.298,19.7,19.63,19.63,1,1.54,OB250847
KMT-2025-BLG-1127,SAO03T0505.035932,17:59:20.81,-28:27:32.29,60838.0774,69.07,0.524,18.77,18.72,18.72,1,1.34,OB250517
KMT-2025-BLG-1128,BLG11N0802.076542,17:28:04.50,-30:51:57.20,60825.17381,25.66,0.054,22.69,20.0,22.47,2,3.12,
KMT-2025-BLG-1129,BLG19K0707.069516,17:42:01.52,-23:50:15.61,60821.966,8.46,0.084,22.97,20.0,22.25,2,1.98,
KMT-2025-BLG-1130,BLG22K0102.001761,17:54:08.99,-33:01:26.80,60837.12153,38.56,0.987,16.97,15.84,15.84,1,1.43,OB250766
KMT-2025-BLG-1131,BLG35T0301.014877,18:02:39.26,-26:49:12.50,60815.83709,24.22,0.977,19.64,18.94,18.94,1,2.06,
KMT-2025-BLG-1132,BLG42T0203.016303,17:52:51.58,-29:56:44.81,60824.77447,9.96,0.797,17.93,17.94,17.94,1,2.03,PB250288
KMT-2025-BLG-1133,BLG01K0705.037316,17:50:19.09,-30:33:54.50,60825.21193,14.43,0.007,22.29,19.7,19.7,1,2.31,
KMT-2025-BLG-1134,BLG02K0507.004157,17:51:45.52,-28:06:40.28,60825.5048,2.68,0.699,18.21,18.48,18.48,2,4.86,
KMT-2025-BLG-1135,BLG02N0403.052058,17:57:14.71,-29:49:40.91,60825.54483,15.41,0.04,21.92,19.41,19.41,1,1.64,
KMT-2025-BLG-1136,BLG02T0407.028224,17:52:18.68,-29:17:56.62,60825.16218,5.1,0.399,20.8,19.32,19.32,1,2.75,
KMT-2025-BLG-1137,SAO03K0102.024069,18:01:26.66,-27:43:06.82,60831.3676,138.97,0.012,21.72,18.64,18.64,1,1.46,OB250875
KMT-2025-BLG-1138,BLG03M0504.000699,18:04:02.39,-27:27:48.60,60864.56433,52.53,0.521,17.14,14.73,14.73,1,1.03,MB250171 OB250876
KMT-2025-BLG-1139,SAO04K0603.084082,18:00:46.45,-29:40:18.01,60845.399,30.42,0.243,19.41,20.0,20.4,1,1.34,
KMT-2025-BLG-1140,BLG11M0704.000504,17:28:31.45,-29:30:44.35,60929.80601,66.62,0.177,15.36,15.36,15.36,2,1.87,OB250966
KMT-2025-BLG-1141,BLG14K0507.056079,17:34:07.15,-28:04:26.80,60826.73579,18.26,0.189,21.92,20.0,21.01,2,2.63,
KMT-2025-BLG-1142,BLG14N0503.025459,17:38:50.61,-29:38:49.49,60834.09536,27.95,0.008,21.22,20.0,21.77,2,5.08,
KMT-2025-BLG-1143,SAO14T0107.082406,17:36:37.24,-29:05:52.01,60823.53377,4.15,0.037,22.19,20.0,21.8,2,2.95,
KMT-2025-BLG-1144,BLG14T0304.017229,17:35:28.71,-29:28:26.22,60907.79478,199.6,0.36,20.18,19.87,19.87,2,2.93,
KMT-2025-BLG-1145,BLG15T0406.032044,17:34:59.43,-27:12:33.98,60825.76611,24.81,0.052,22.15,19.58,19.58,1,2.16,
KMT-2025-BLG-1146,BLG15T0407.029804,17:34:27.80,-27:02:11.18,60853.07211,63.25,0.118,19.65,19.57,19.57,2,2.27,MB250191 OB250800
KMT-2025-BLG-1147,BLG17N0602.002665,17:46:23.96,-34:07:19.20,60826.60278,12.96,0.186,20.81,16.2,16.2,1,1.62,
KMT-2025-BLG-1148,BLG19M0806.063997,17:46:22.73,-23:50:57.98,60823.68086,7.82,0.076,22.73,20.0,20.66,1,1.93,
KMT-2025-BLG-1149,BLG19N0802.080012,17:46:18.18,-25:33:58.07,60822.54536,41.95,0.075,22.77,20.0,22.0,2,2.8,
KMT-2025-BLG-1150,BLG19T0301.020671,17:44:40.19,-25:42:02.27,60824.64233,12.22,0.057,23.29,20.0,20.27,2,2.95,
KMT-2025-BLG-1151,BLG19T0503.037857,17:43:18.41,-25:24:52.67,60850.71052,199.88,0.01,22.73,20.0,20.85,2,2.82,OB250916
KMT-2025-BLG-1152,BLG22K0605.015409,17:51:07.60,-32:37:45.80,60824.93229,7.1,0.034,22.52,19.26,19.26,1,2.13,
KMT-2025-BLG-1153,BLG22K0606.013396,17:51:05.81,-32:28:10.88,60841.54002,38.55,0.899,19.99,19.39,19.39,1,2.67,
KMT-2025-BLG-1154,BLG32N0402.037077,18:13:59.33,-28:50:15.61,60826.0119,5.97,0.396,19.4,19.31,19.31,1,0.4,
KMT-2025-BLG-1155,BLG34M0508.010750,18:06:27.06,-31:11:48.70,60852.44246,58.2,0.086,19.51,18.49,18.49,1,0.91,MB250170 OB250795 OB251012
KMT-2025-BLG-1156,BLG41M0604.085630,17:55:42.86,-30:48:33.59,60825.97565,25.0,0.042,21.79,20.0,20.24,1,1.35,
KMT-2025-BLG-1157,SAO43K0802.042863,17:57:18.26,-27:48:56.74,60823.49607,16.1,0.094,21.83,20.0,21.22,2,3.62,OB250767
KMT-2025-BLG-1158,BLG43N0401.074240,18:04:16.78,-29:05:27.38,60828.61772,16.06,0.42,19.72,19.81,19.81,1,0.78,
KMT-2025-BLG-1159,SAO43T0301.041847,18:00:23.03,-29:06:33.98,60848.80546,32.92,0.199,17.69,18.74,18.74,1,1.01,MB250180
KMT-2025-BLG-1160,BLG01M0703.033712,17:55:26.51,-30:43:29.71,60835.34127,27.69,0.007,20.91,19.16,19.16,1,1.73,OB250941
KMT-2025-BLG-1161,BLG02T0101.003445,17:53:54.35,-29:59:30.70,60916.37371,42.11,0.148,15.92,15.93,15.93,1,1.63,MB250148 OB250924 PB250379
KMT-2025-BLG-1162,BLG02T0303.093178,17:52:34.01,-29:48:42.70,60826.3471,2.25,0.122,19.87,20.0,20.26,1,2.1,OB250854
KMT-2025-BLG-1163,SAO02T0603.018376,17:51:02.91,-29:44:17.02,60749.93657,43.28,0.392,19.11,18.88,18.88,1,2.95,
KMT-2025-BLG-1164,BLG03K0803.055581,17:57:39.30,-27:32:17.38,60833.33611,33.86,0.225,21.45,20.0,21.38,2,2.68,
KMT-2025-BLG-1165,BLG03N0304.027581,18:05:11.48,-28:31:50.30,60828.56724,9.04,0.89,19.25,18.64,18.64,1,0.88,
KMT-2025-BLG-1166,BLG04K0401.016015,18:01:42.88,-29:58:17.29,60853.04679,29.35,0.222,18.7,18.27,18.27,1,1.12,MB250151 OB250883
KMT-2025-BLG-1167,BLG04M0308.060715,18:07:05.33,-29:02:47.11,60829.35745,16.79,0.088,21.31,19.83,19.83,1,0.86,
KMT-2025-BLG-1168,BLG04T0107.004421,18:03:31.75,-30:19:06.89,60921.98084,54.01,0.735,16.87,16.89,16.89,1,1.02,OB251090 OB251091
KMT-2025-BLG-1169,BLG11K0803.008719,17:22:53.74,-29:31:42.64,60853.76624,58.62,0.229,20.36,19.2,19.2,2,1.91,
KMT-2025-BLG-1170,BLG11M0701.044152,17:28:34.32,-29:52:25.03,60852.64338,49.94,0.428,19.97,20.0,20.67,2,2.35,
KMT-2025-BLG-1171,BLG11T0406.042658,17:25:36.14,-30:17:50.53,60835.68302,64.21,0.021,21.93,20.0,21.11,2,2.68,
KMT-2025-BLG-1172,BLG12M0408.061746,17:30:28.15,-26:46:18.91,60825.22835,21.67,0.06,22.76,20.0,25.0,3,3.59,
KMT-2025-BLG-1173,BLG14K0705.030880,17:32:51.84,-28:15:29.02,60831.099,17.15,0.089,21.82,20.0,20.32,2,2.53,
KMT-2025-BLG-1174,BLG14T0102.026361,17:36:38.68,-29:46:49.44,60823.48279,34.13,0.187,22.15,20.0,21.12,2,3.9,
KMT-2025-BLG-1175,BLG15K0201.096080,17:35:47.77,-26:43:29.24,60831.07205,39.26,0.007,22.53,20.0,22.24,2,2.53,
KMT-2025-BLG-1176,BLG15N0506.004732,17:38:41.09,-27:09:36.40,60843.38499,12.27,0.183,18.04,17.98,17.98,2,3.09,OB250913
KMT-2025-BLG-1177,BLG15T0108.041400,17:36:40.42,-26:51:22.68,60827.39328,10.51,1.0,19.86,20.0,20.43,2,2.73,
KMT-2025-BLG-1178,BLG15T0802.076760,17:32:37.41,-27:37:09.62,60837.09175,40.62,0.161,21.03,20.0,21.92,2,2.64,
KMT-2025-BLG-1179,BLG16M0701.021038,17:38:04.57,-24:30:21.92,60847.14974,61.35,0.065,21.61,19.98,19.98,2,2.07,
KMT-2025-BLG-1180,BLG17M0701.020361,17:45:58.57,-33:04:32.59,60825.09613,18.57,0.149,20.68,20.0,20.11,2,2.39,
KMT-2025-BLG-1181,BLG17T0108.024391,17:44:16.40,-33:24:02.81,60835.12522,52.11,0.13,21.8,19.72,19.72,1,2.41,
KMT-2025-BLG-1182,BLG18K0104.062377,17:45:27.53,-26:13:07.68,60828.35087,11.66,0.032,22.31,20.0,21.63,3,3.25,
KMT-2025-BLG-1183,BLG19M0104.002385,17:50:06.89,-24:08:31.24,60826.88633,2.08,0.499,19.02,17.44,17.44,2,2.62,
KMT-2025-BLG-1184,BLG19M0407.030707,17:48:48.90,-23:47:17.77,60833.93164,22.54,0.295,19.84,20.0,20.02,2,1.98,OB250907
KMT-2025-BLG-1185,BLG20K0206.007240,17:45:13.70,-21:48:52.34,60828.59645,6.11,0.683,19.5,18.45,18.45,4,1.69,
KMT-2025-BLG-1186,BLG20K0607.040597,17:42:51.85,-21:38:43.58,60842.27676,41.95,0.291,21.2,20.0,20.43,1,1.6,
KMT-2025-BLG-1187,BLG20N0606.059005,17:47:36.12,-22:58:14.41,60827.34041,11.81,1.0,19.76,20.0,20.23,1,1.6,
KMT-2025-BLG-1188,BLG20T0601.055281,17:42:39.97,-23:28:43.50,60828.81011,9.07,0.391,20.52,20.0,20.69,1,1.79,
KMT-2025-BLG-1189,BLG22N0307.018583,17:58:05.38,-33:30:18.11,60865.46837,40.61,0.273,18.99,18.98,18.98,1,1.16,MB250168 OB250943
KMT-2025-BLG-1190,BLG31N0305.051014,18:16:40.89,-26:16:56.50,60825.28368,81.34,0.103,23.06,20.0,20.28,1,0.85,
KMT-2025-BLG-1191,BLG34K0703.025127,18:00:17.68,-31:50:57.59,60841.62766,24.32,0.007,19.81,19.14,19.14,1,1.1,OB250872
KMT-2025-BLG-1192,BLG34K0706.042087,18:00:13.20,-31:24:03.60,60856.45329,52.04,0.484,20.17,19.69,19.69,1,1.32,
KMT-2025-BLG-1193,BLG34K0708.078328,18:00:02.05,-31:09:38.48,60828.54539,17.06,0.004,22.34,20.0,21.17,2,1.44,
KMT-2025-BLG-1194,BLG34T0104.058133,18:03:18.45,-32:51:00.40,60822.96277,23.07,0.276,21.69,20.0,20.83,1,1.23,
KMT-2025-BLG-1195,BLG34T0801.035368,17:59:36.95,-33:09:57.31,60829.91872,12.31,0.144,20.02,19.96,19.96,1,1.16,OB250873
KMT-2025-BLG-1196,BLG35M0501.006171,18:06:36.81,-25:43:32.56,60855.8908,50.19,0.547,20.01,18.09,18.09,2,1.91,OB251026
KMT-2025-BLG-1197,BLG36T0102.029030,18:15:13.95,-24:35:00.60,60849.01214,33.02,0.331,19.72,19.78,19.78,1,1.41,OB250958
KMT-2025-BLG-1198,BLG36T0305.002004,18:14:29.18,-24:14:57.66,60951.69798,100.07,0.152,17.16,17.2,17.2,4,1.99,OB250894
KMT-2025-BLG-1199,BLG37T0302.064416,17:42:46.03,-36:10:54.05,60826.46484,58.59,0.881,20.13,20.0,21.92,2,1.94,
KMT-2025-BLG-1200,BLG38N0604.014395,17:56:42.14,-23:11:04.99,60903.8063,51.25,0.486,30.5,20.0,20.16,4,3.91,
KMT-2025-BLG-1201,BLG41N0608.003460,17:55:32.00,-31:22:58.19,60841.64317,8.11,0.018,16.31,16.3,16.3,1,1.51,
KMT-2025-BLG-1202,BLG41T0307.035988,17:52:27.87,-31:33:14.80,60829.57663,29.83,0.406,20.89,20.0,20.01,1,2.71,
KMT-2025-BLG-1203,BLG42K0106.097506,17:53:43.98,-28:21:28.44,60826.59302,19.2,0.006,22.86,20.0,25.0,3,2.69,
KMT-2025-BLG-1204,BLG42M0704.046724,17:55:05.72,-28:37:17.47,60826.60134,27.39,0.369,20.21,19.94,19.94,2,2.12,
KMT-2025-BLG-1205,BLG42N0308.034904,17:57:36.34,-29:18:05.80,60830.72005,14.43,0.154,21.25,19.12,19.12,1,1.88,OB250865
KMT-2025-BLG-1206,BLG42N0601.072798,17:55:57.47,-30:10:14.48,60845.67532,44.9,0.219,20.16,20.0,20.02,1,1.52,OB250942
KMT-2025-BLG-1207,SAO42N0703.037261,17:55:12.50,-29:56:48.41,60833.05485,18.31,0.193,19.88,18.71,18.71,1,1.23,OB250871
KMT-2025-BLG-1208,BLG42T0302.049772,17:52:26.78,-30:02:33.68,60837.63466,18.14,0.127,19.77,19.42,19.42,1,2.07,OB250852
KMT-2025-BLG-1209,BLG42T0603.037489,17:50:54.76,-29:54:17.60,60826.8456,22.23,0.008,23.81,19.91,19.91,1,3.22,
KMT-2025-BLG-1210,SAO42T0604.030479,17:50:42.16,-29:49:37.20,60832.37469,6.44,0.09,19.62,19.67,19.67,1,3.43,OB250856
KMT-2025-BLG-1211,BLG42T0607.017545,17:50:57.98,-29:22:20.10,60831.01107,25.57,0.087,21.97,19.1,19.1,1,3.69,
KMT-2025-BLG-1212,BLG43N0207.081191,18:05:38.80,-28:21:50.40,60844.61978,199.64,0.097,21.87,19.95,19.95,1,0.98,
KMT-2025-BLG-1213,SAO43T0504.085767,17:59:16.42,-28:38:59.10,60827.55552,17.37,0.009,24.13,19.76,19.76,1,1.27,OB250867
KMT-2025-BLG-1214,SAO02K0306.051841,17:53:01.51,-28:16:39.83,60828.92446,3.12,0.576,20.0,20.0,21.2,2,3.0,
KMT-2025-BLG-1215,SAO02M0802.013095,17:54:51.54,-28:49:39.36,60830.92598,5.92,0.902,18.43,18.06,18.06,2,1.86,OB250843
KMT-2025-BLG-1216,BLG02N0503.038690,17:56:35.70,-29:44:17.09,60835.00018,20.73,0.032,21.21,19.21,19.21,1,1.9,
KMT-2025-BLG-1217,BLG03K0501.001263,17:59:15.23,-27:51:21.49,60913.30454,73.33,0.968,17.2,15.43,15.43,1,1.91,MB250332 OB251226
KMT-2025-BLG-1218,SAO03T0306.037794,18:00:28.70,-28:20:55.21,60831.77543,5.23,0.586,18.72,18.78,18.78,1,1.24,
KMT-2025-BLG-1219,BLG03T0403.001852,17:59:53.74,-28:38:59.50,60836.69845,15.65,0.998,18.64,15.22,15.22,1,1.3,
KMT-2025-BLG-1220,BLG04K0106.047585,18:03:23.81,-29:21:37.58,60853.10995,123.6,0.017,19.79,19.13,19.13,1,0.79,MB250132 OB250776 OB250884
KMT-2025-BLG-1221,SAO04K0606.043969,18:00:23.75,-29:21:45.90,60829.17991,8.2,0.149,20.6,19.16,19.16,1,1.3,
KMT-2025-BLG-1222,BLG04K0702.061649,17:59:47.00,-29:48:21.60,60835.60747,50.69,0.167,22.07,19.52,19.52,1,1.25,
KMT-2025-BLG-1223,BLG04M0605.058416,18:05:24.43,-29:22:45.08,60831.78352,7.42,0.37,19.8,19.7,19.7,1,1.05,
KMT-2025-BLG-1224,BLG11T0804.036077,17:22:51.06,-30:34:16.86,60828.61931,33.16,0.053,24.15,20.0,21.65,2,3.0,
KMT-2025-BLG-1225,SAO14N0702.103856,17:37:41.04,-29:44:48.55,60827.23489,5.01,0.842,19.95,20.0,25.0,3,4.02,PB250197
KMT-2025-BLG-1226,BLG18M0502.055015,17:47:59.93,-26:27:53.82,60832.24904,7.36,0.067,21.74,20.0,22.59,2,4.83,
KMT-2025-BLG-1227,BLG31K0103.001589,18:13:21.43,-25:29:18.38,60830.8601,22.52,0.903,18.89,16.16,16.16,1,1.44,
KMT-2025-BLG-1228,BLG31K0405.044054,18:11:29.22,-25:10:28.20,60830.42496,3.91,0.949,19.97,20.0,20.29,1,1.93,
KMT-2025-BLG-1229,BLG31M0203.067589,18:17:07.43,-25:26:11.80,60835.30105,13.79,0.51,19.98,20.0,21.2,1,0.92,
KMT-2025-BLG-1230,BLG33M0305.057205,18:16:44.61,-29:25:49.19,60832.61528,12.37,0.191,21.11,20.0,21.71,3,0.48,
KMT-2025-BLG-1231,BLG34K0205.012100,18:02:50.22,-31:32:12.08,60832.02876,7.99,0.5,19.15,18.33,18.33,1,0.94,
KMT-2025-BLG-1232,BLG35M0101.006483,18:08:52.29,-25:40:03.29,60905.78424,46.14,0.747,17.9,17.88,17.88,1,1.75,OB251107
KMT-2025-BLG-1233,BLG36T0202.032330,18:14:45.39,-24:33:24.19,60839.94841,28.37,0.854,19.55,19.79,19.79,1,1.63,
KMT-2025-BLG-1234,BLG37K0404.009748,17:42:07.97,-34:52:08.26,60836.27337,9.38,0.266,19.83,19.05,19.05,2,2.15,
KMT-2025-BLG-1235,BLG37M0808.068770,17:45:06.59,-34:24:35.71,60838.47992,17.86,0.168,20.24,20.0,20.42,1,1.5,
KMT-2025-BLG-1236,BLG38T0808.004786,17:50:40.47,-22:41:25.91,60833.13521,18.14,0.999,19.56,17.9,17.9,1,2.27,
KMT-2025-BLG-1237,BLG41K0607.018136,17:50:49.45,-30:22:26.29,60834.22771,11.42,0.03,19.89,18.95,18.95,1,2.5,OB250849
KMT-2025-BLG-1238,BLG41K0808.015080,17:49:48.67,-30:17:17.81,60842.20853,17.5,0.313,19.89,19.54,19.54,1,3.7,OB250850 PB250210
KMT-2025-BLG-1239,BLG41T0206.063856,17:52:54.81,-31:35:04.81,60839.10355,83.97,0.098,22.2,20.0,20.37,1,2.21,
KMT-2025-BLG-1240,SAO43N0506.078306,18:03:52.97,-28:24:14.29,60831.70276,10.16,0.082,18.63,19.76,19.76,1,0.91,
KMT-2025-BLG-1241,BLG02K0101.066111,17:54:08.75,-28:57:03.10,60832.79072,7.69,0.025,20.61,19.86,19.86,1,1.84,OB250842 PB250208
KMT-2025-BLG-1242,BLG02N0202.025381,17:58:26.26,-29:51:43.31,60837.2932,44.37,0.273,21.8,18.5,18.5,1,1.21,
KMT-2025-BLG-1243,BLG03K0304.043777,18:00:26.75,-27:30:23.62,60832.66352,5.4,1.0,18.8,19.28,19.28,1,1.57,
KMT-2025-BLG-1244,BLG03T0405.087408,17:59:46.48,-28:25:57.61,60833.28306,11.54,0.233,19.61,20.0,20.03,1,1.43,OB250861
KMT-2025-BLG-1245,BLG14M0706.029078,17:38:00.04,-28:07:19.63,60837.61497,49.89,0.006,21.85,20.0,21.0,2,3.31,
KMT-2025-BLG-1246,BLG14T0407.024998,17:34:51.06,-29:10:03.61,60832.53923,5.11,0.879,20.04,20.0,20.69,2,3.6,
KMT-2025-BLG-1247,BLG15T0602.035128,17:33:48.61,-27:42:12.85,60833.57099,8.72,0.295,20.06,20.0,20.78,2,2.59,
KMT-2025-BLG-1248,BLG16K0406.018947,17:35:01.27,-23:57:40.90,60833.47694,7.98,0.597,19.86,20.0,20.03,2,1.98,
KMT-2025-BLG-1249,BLG19T0202.042951,17:45:17.22,-25:35:37.28,60834.85191,45.58,0.012,23.37,20.0,21.03,2,3.21,
KMT-2025-BLG-1250,BLG21N0206.004614,17:58:46.37,-35:40:40.12,60833.13736,14.23,0.394,20.51,18.15,18.15,1,0.68,
KMT-2025-BLG-1251,BLG22M0407.002700,17:56:59.54,-32:20:14.60,60958.10423,116.96,0.578,17.56,16.28,16.28,1,1.41,MB250178 MB250203 OB250493
KMT-2025-BLG-1252,BLG31T0506.013002,18:10:53.25,-26:12:05.62,60951.41079,5.68,0.002,21.48,18.31,18.31,1,1.26,
KMT-2025-BLG-1253,BLG41K0602.036427,17:50:39.68,-31:02:01.43,60830.88049,34.99,0.01,23.46,20.0,20.78,2,3.2,
KMT-2025-BLG-1254,BLG41M0205.031212,17:58:17.55,-30:36:46.80,60845.5809,23.13,0.296,19.96,19.61,19.61,1,1.95,OB250940
KMT-2025-BLG-1255,BLG42T0208.013449,17:53:04.71,-29:14:34.01,60831.45193,2.05,0.192,19.49,17.83,17.83,1,2.13,OB250858
KMT-2025-BLG-1256,BLG01K0207.046058,17:53:21.68,-30:13:49.58,60848.71293,44.88,0.21,20.48,19.56,19.56,2,1.4,OB250848
KMT-2025-BLG-1257,BLG01K0301.025581,17:52:36.65,-31:00:45.22,60838.59633,11.23,0.46,18.72,19.05,19.05,1,2.14,
KMT-2025-BLG-1258,BLG01T0305.021333,17:52:33.02,-31:36:33.19,60838.06566,31.98,0.142,21.34,19.35,19.35,1,2.52,OB250892
KMT-2025-BLG-1259,BLG02K0105.060715,17:53:59.41,-28:21:50.69,60832.74157,4.73,0.063,21.39,20.0,20.88,2,2.53,OB250845 PB250207
KMT-2025-BLG-1260,SAO02K0506.051181,17:51:41.81,-28:17:34.12,60833.03976,108.78,0.044,23.93,20.0,21.47,2,3.52,
KMT-2025-BLG-1261,BLG02M0404.008853,17:57:23.18,-28:33:13.72,60859.57023,19.73,0.929,17.74,17.4,17.4,1,1.9,OB250931
KMT-2025-BLG-1262,SAO02N0106.015716,17:58:49.93,-29:20:22.31,60832.22451,199.23,0.006,23.62,17.99,17.99,1,1.1,OB250864
KMT-2025-BLG-1263,BLG02N0208.021205,17:58:27.27,-29:08:43.40,60857.68285,22.75,0.214,18.49,18.23,18.23,1,1.08,MB250166 OB250938
KMT-2025-BLG-1264,BLG03K0104.008485,18:01:32.63,-27:28:49.91,60832.70054,8.76,0.043,22.56,17.51,17.51,1,1.36,
KMT-2025-BLG-1265,BLG03M0301.050752,18:05:22.23,-27:48:08.50,60837.04364,23.12,0.05,22.24,19.21,19.21,1,0.89,
KMT-2025-BLG-1266,SAO03T0703.049530,17:58:06.21,-28:39:53.89,60833.1149,6.17,0.013,21.42,19.2,19.2,1,1.49,OB250868
KMT-2025-BLG-1267,BLG04N0807.006646,18:04:26.29,-30:18:13.00,60842.32177,16.98,0.082,19.66,17.65,17.65,1,1.18,OB250951
KMT-2025-BLG-1268,SAO11K0203.018261,17:26:25.64,-29:35:30.08,60836.95148,11.37,0.124,19.97,19.96,19.96,2,2.43,
KMT-2025-BLG-1269,BLG11K0502.027103,17:24:47.16,-29:42:44.24,60838.2466,19.23,0.997,20.35,20.0,20.32,2,2.23,
KMT-2025-BLG-1270,BLG11K0603.011359,17:24:01.18,-29:32:29.00,60847.0628,45.68,0.359,19.65,18.73,18.73,1,1.61,
KMT-2025-BLG-1271,BLG11K0805.070136,17:23:08.38,-29:19:06.49,60845.02911,51.27,0.183,22.02,20.0,21.72,2,1.89,
KMT-2025-BLG-1272,BLG11M0406.030454,17:30:25.10,-29:09:40.00,60840.17104,25.12,0.323,20.85,20.0,20.62,2,2.44,
KMT-2025-BLG-1273,BLG11M0804.047588,17:27:44.27,-29:26:48.19,60835.10608,21.25,0.925,19.94,20.0,20.21,1,2.07,
KMT-2025-BLG-1274,BLG11T0104.005536,17:27:16.81,-30:33:49.14,60855.81235,34.65,0.701,19.71,19.18,19.18,2,3.75,
KMT-2025-BLG-1275,BLG12T0106.023470,17:27:15.47,-28:13:12.86,60836.4286,13.07,0.376,20.48,20.0,20.13,2,2.02,
KMT-2025-BLG-1276,BLG14K0606.056280,17:33:16.71,-28:09:05.62,60830.54405,1.15,0.048,20.75,20.0,21.06,2,2.65,
KMT-2025-BLG-1277,BLG14T0301.069253,17:35:01.47,-29:53:04.49,60832.0974,8.0,0.588,20.57,20.0,21.55,2,2.75,
KMT-2025-BLG-1278,BLG15K0301.062854,17:35:18.58,-26:40:16.79,60824.44021,23.4,0.936,20.03,20.0,21.15,2,2.29,
KMT-2025-BLG-1279,BLG15T0801.016366,17:32:19.75,-27:46:24.82,60838.68784,28.86,0.363,20.72,19.91,19.91,2,2.38,
KMT-2025-BLG-1280,BLG17K0501.004970,17:41:39.35,-33:04:53.65,60834.89744,3.18,0.595,18.97,19.0,19.0,2,4.2,
KMT-2025-BLG-1281,BLG17T0501.046336,17:41:41.13,-34:15:22.25,60833.82825,23.88,0.307,20.66,20.0,20.45,2,2.06,
KMT-2025-BLG-1282,BLG18K0101.063924,17:45:27.25,-26:38:01.07,60838.85955,122.42,0.011,22.86,20.0,21.46,2,2.95,PB250216
KMT-2025-BLG-1283,BLG18K0202.048277,17:45:16.86,-26:32:32.32,60829.91937,43.18,0.051,23.0,20.0,21.43,2,3.04,
KMT-2025-BLG-1284,BLG18K0603.004588,17:42:47.27,-26:23:56.36,60825.37465,46.6,0.499,20.74,17.84,17.84,2,3.02,
KMT-2025-BLG-1285,BLG18K0701.005728,17:42:27.17,-26:37:33.96,60847.35359,12.95,0.244,18.67,18.7,18.7,2,3.29,OB250971
KMT-2025-BLG-1286,BLG18K0801.066991,17:41:42.64,-26:37:53.29,60832.23902,4.62,0.18,21.62,20.0,22.14,2,3.91,
KMT-2025-BLG-1287,BLG18N0807.038516,17:46:10.99,-26:58:47.24,60831.83632,4.96,0.024,22.37,20.0,21.93,3,4.68,
KMT-2025-BLG-1288,BLG20N0403.041242,17:48:51.37,-23:14:10.39,60843.19247,12.08,0.29,19.94,19.67,19.67,1,1.83,
KMT-2025-BLG-1289,BLG20N0404.017095,17:48:34.12,-23:10:04.58,60852.71147,37.99,0.602,19.69,18.78,18.78,1,1.63,
KMT-2025-BLG-1290,BLG20T0303.007538,17:44:28.84,-23:21:03.02,60831.76384,9.43,0.009,22.15,18.5,18.5,2,1.66,
KMT-2025-BLG-1291,BLG21N0603.051010,17:56:19.90,-36:05:41.71,60836.79598,11.85,0.408,20.02,20.0,20.92,1,0.82,
KMT-2025-BLG-1292,BLG22M0206.048363,17:58:07.17,-32:26:14.89,60837.33345,108.28,0.041,22.07,19.9,19.9,1,1.35,
KMT-2025-BLG-1293,BLG31N0301.059204,18:16:49.28,-26:50:16.91,60844.2853,20.13,0.053,20.36,20.0,20.75,1,0.71,
KMT-2025-BLG-1294,SAO31N0407.031756,18:16:07.74,-26:04:36.19,60854.10656,61.35,0.006,19.04,19.18,19.18,1,0.71,MB250164 OB250783
KMT-2025-BLG-1295,BLG31T0706.052743,18:09:41.15,-26:12:50.69,60839.0941,16.17,0.894,19.67,19.81,19.81,1,1.2,
KMT-2025-BLG-1296,BLG32M0104.047711,18:15:27.86,-27:28:13.80,60840.95449,53.65,0.271,21.22,19.83,19.83,1,0.5,OB251017
KMT-2025-BLG-1297,BLG32N0303.006523,18:14:41.58,-28:39:54.11,60840.55768,7.66,0.228,18.28,17.69,17.69,1,0.52,OB250954
KMT-2025-BLG-1298,BLG34M0708.036773,18:04:52.51,-31:10:03.50,60865.35504,42.25,0.072,19.73,19.87,19.87,1,1.28,
KMT-2025-BLG-1299,BLG34N0505.000533,18:06:11.26,-32:36:52.31,60841.88162,199.91,0.008,20.19,15.24,15.24,1,0.99,
KMT-2025-BLG-1300,SAO34T0106.000394,18:03:41.56,-32:33:59.40,60867.62707,19.62,0.998,14.77,14.6,14.6,1,1.06,OB251013
KMT-2025-BLG-1301,BLG35K0605.002285,18:01:19.30,-25:12:08.03,60845.21399,11.88,0.203,18.4,18.39,18.39,2,4.83,
KMT-2025-BLG-1302,BLG35K0802.038950,18:00:04.43,-25:36:30.67,60846.60849,47.47,0.195,22.01,20.0,25.0,3,5.57,
KMT-2025-BLG-1303,BLG37M0208.012746,17:48:38.54,-34:22:58.01,60845.31338,14.22,0.783,19.43,18.55,18.55,1,1.34,
KMT-2025-BLG-1304,BLG37T0102.070756,17:43:59.14,-36:12:20.45,60833.15704,61.56,0.103,23.61,20.0,22.14,2,1.4,
KMT-2025-BLG-1305,BLG41K0107.084276,17:53:45.65,-30:22:01.88,60834.21747,3.7,0.056,20.49,20.0,20.15,1,1.54,OB250846
KMT-2025-BLG-1306,BLG41K0702.011458,17:50:19.10,-31:00:58.54,60837.40952,9.96,0.8,20.46,19.41,19.41,2,2.97,
KMT-2025-BLG-1307,BLG41M0405.036991,17:56:55.19,-30:39:33.91,60841.44781,24.58,0.998,20.32,19.5,19.5,1,1.7,
KMT-2025-BLG-1308,BLG42M0203.083097,17:57:59.40,-28:43:41.02,60835.85358,4.98,0.462,19.59,19.77,19.77,1,1.41,OB250869
KMT-2025-BLG-1309,BLG42M0504.011307,17:56:18.51,-28:42:04.50,60843.1459,8.34,0.775,17.52,17.55,17.55,1,1.76,
KMT-2025-BLG-1310,BLG42N0407.040383,17:56:41.52,-29:25:23.70,60834.32051,6.86,0.057,19.38,19.02,19.02,1,1.58,OB250866
KMT-2025-BLG-1311,BLG43N0105.033978,18:06:07.23,-28:30:01.19,60835.87354,27.86,0.103,22.11,19.0,19.0,1,0.96,
KMT-2025-BLG-1312,BLG01N0803.075414,17:54:59.92,-31:52:06.20,60835.46844,4.62,0.031,21.39,20.0,20.33,1,1.43,
KMT-2025-BLG-1313,BLG02T0203.071381,17:53:17.56,-29:50:11.62,60836.71019,8.07,0.118,20.8,19.48,19.48,1,1.66,
KMT-2025-BLG-1314,BLG11N0404.070643,17:30:12.47,-30:31:14.81,60841.22172,41.56,0.006,21.8,20.0,21.86,2,2.8,
KMT-2025-BLG-1315,BLG11N0408.083179,17:30:30.16,-30:05:50.17,60837.36427,31.95,0.127,22.47,20.0,21.75,2,2.33,
KMT-2025-BLG-1316,BLG14K0107.008727,17:36:31.13,-28:01:36.88,60885.7607,58.41,0.556,19.33,19.38,19.38,2,3.14,OB251131
KMT-2025-BLG-1317,BLG19T0308.048454,17:44:32.34,-24:46:10.38,60841.28895,14.97,0.832,19.88,20.0,21.17,2,2.79,
KMT-2025-BLG-1318,BLG20M0602.015999,17:47:26.13,-22:19:30.61,60831.81573,6.01,0.871,19.6,18.94,18.94,1,1.77,
KMT-2025-BLG-1319,BLG32K0405.048043,18:09:24.84,-27:19:40.40,60841.96432,34.87,0.031,21.91,19.54,19.54,1,0.99,
KMT-2025-BLG-1320,BLG34T0608.025949,18:00:41.55,-32:19:41.09,60838.17022,7.23,0.104,20.48,19.28,19.28,1,1.21,
KMT-2025-BLG-1321,BLG41K0405.051488,17:51:59.27,-30:35:37.10,60835.85087,1.05,0.183,19.99,19.88,19.88,1,2.54,
KMT-2025-BLG-1322,BLG42N0404.004774,17:56:41.28,-29:47:12.52,60849.55787,7.23,0.032,16.48,16.45,16.45,1,1.79,OB250932
KMT-2025-BLG-1323,BLG42N0505.051613,17:56:07.45,-29:40:54.08,60835.90865,3.58,0.545,19.23,19.19,19.19,1,1.46,OB250863
KMT-2025-BLG-1324,BLG42T0404.043877,17:51:56.91,-29:45:54.61,60856.03223,30.67,0.116,20.18,19.55,19.55,1,2.57,OB250929 PB250241
KMT-2025-BLG-1325,SAO42T0602.047698,17:51:00.27,-30:03:21.31,60834.75882,9.69,0.76,19.64,20.0,20.18,1,2.82,
KMT-2025-BLG-1326,BLG01K0406.090455,17:52:14.87,-30:19:12.29,60837.61962,21.27,0.024,21.95,20.0,25.0,3,2.01,
KMT-2025-BLG-1327,BLG03K0604.026050,17:58:41.04,-27:28:17.51,60837.71328,8.22,0.199,20.37,18.92,18.92,1,1.75,
KMT-2025-BLG-1328,BLG03M0702.052472,18:03:02.82,-27:39:28.12,60838.59904,15.81,0.202,20.39,19.31,19.31,1,1.06,
KMT-2025-BLG-1329,SAO03N0705.020283,18:03:05.09,-28:25:02.78,60840.6926,16.15,1.0,18.67,18.28,18.28,1,1.0,
KMT-2025-BLG-1330,BLG14K0605.003632,17:33:27.32,-28:19:13.01,60863.73332,12.41,0.155,17.72,17.52,17.52,2,2.51,OB251041
KMT-2025-BLG-1331,BLG15N0301.021070,17:40:15.89,-27:45:41.65,60860.89152,49.88,0.021,20.13,20.0,20.19,2,3.15,OB250972 PB250233
KMT-2025-BLG-1332,BLG18T0205.058738,17:44:53.44,-27:11:22.09,60869.527,45.88,0.429,19.91,20.0,22.31,2,4.17,
KMT-2025-BLG-1333,BLG18T0302.010622,17:44:20.48,-27:39:08.24,60840.80426,17.53,0.04,21.65,20.0,20.65,2,5.05,PB250214
KMT-2025-BLG-1334,BLG34K0102.029120,18:03:27.75,-31:55:08.90,60949.76065,0.5,0.149,19.24,19.32,19.32,1,1.07,
KMT-2025-BLG-1335,BLG03N0605.085580,18:03:32.45,-28:26:54.60,60843.67218,51.65,0.02,21.23,19.93,19.93,1,0.88,OB250882
KMT-2025-BLG-1336,BLG04T0501.004210,18:00:50.29,-31:05:59.10,60854.64618,16.35,0.159,17.35,17.24,17.24,1,1.59,OB250885
KMT-2025-BLG-1337,BLG17M0501.003290,17:46:58.39,-33:09:55.44,60867.32451,30.31,0.876,17.99,17.65,17.65,2,2.5,OB251043
KMT-2025-BLG-1338,BLG18M0806.001831,17:46:40.18,-26:02:47.04,60838.35715,12.1,0.594,19.63,17.21,17.21,2,3.34,
KMT-2025-BLG-1339,BLG22T0107.003592,17:54:12.82,-33:32:02.80,60842.11551,42.08,0.105,21.44,16.92,16.92,1,1.39,
KMT-2025-BLG-1340,BLG31K0805.013241,18:09:22.67,-25:13:24.89,60846.50724,47.54,0.178,21.73,18.95,18.95,1,2.01,
KMT-2025-BLG-1341,BLG31T0601.014735,18:10:07.62,-26:46:04.30,60849.92457,26.93,0.28,19.76,18.71,18.71,1,1.51,
KMT-2025-BLG-1342,BLG42M0603.014671,17:55:33.79,-28:46:56.46,60883.78146,60.17,0.38,18.57,18.3,18.3,2,2.05,MB250206 OB250870
KMT-2025-BLG-1343,BLG42T0502.082213,17:51:13.55,-29:57:51.91,60842.89847,47.78,0.062,21.07,20.0,21.39,2,2.89,OB250853
KMT-2025-BLG-1344,BLG43M0601.051058,18:03:08.64,-27:59:32.78,60843.95874,96.45,0.005,22.61,19.35,19.35,1,1.03,OB250946
KMT-2025-BLG-1345,BLG42M0701.002091,17:55:03.39,-29:00:34.56,60874.89831,28.22,0.073,16.01,15.91,15.91,2,1.92,MB250195
KMT-2025-BLG-1346,SSO01M0708.076919,17:55:37.01,-30:09:58.72,60839.38856,5.52,0.179,20.03,19.92,19.92,1,1.71,
KMT-2025-BLG-1347,SAO02T0103.011358,17:54:16.66,-29:47:27.38,60841.24166,10.43,0.539,18.44,17.24,17.24,1,1.4,OB250927
KMT-2025-BLG-1348,SAO02T0208.007430,17:53:26.19,-29:05:47.18,60843.85755,8.27,0.375,18.77,16.66,16.66,1,2.27,OB250922
KMT-2025-BLG-1349,BLG03K0202.003380,18:01:00.23,-27:42:44.39,60883.01661,38.24,0.984,17.15,15.93,15.93,1,1.46,OB250999
KMT-2025-BLG-1350,SAO03K0503.057745,17:59:11.01,-27:37:37.31,60839.06716,9.19,0.064,20.6,19.81,19.81,1,2.21,
KMT-2025-BLG-1351,BLG03M0202.015175,18:06:03.66,-27:40:45.59,60869.22792,72.81,0.052,18.8,18.09,18.09,1,0.93,MB250196
KMT-2025-BLG-1352,SAO03N0705.031053,18:03:01.85,-28:29:21.30,60847.65772,23.0,0.465,18.78,18.65,18.65,1,1.1,OB250950
KMT-2025-BLG-1353,SSO04K0106.050599,18:03:26.20,-29:17:32.10,60842.69308,11.01,0.016,20.03,19.21,19.21,1,0.93,
KMT-2025-BLG-1354,SAO04K0805.020261,17:59:13.75,-29:26:18.31,60841.94294,5.25,0.877,18.59,18.57,18.57,1,1.59,OB250934
KMT-2025-BLG-1355,SAO04M0605.021915,18:05:14.32,-29:21:43.31,60840.85361,8.98,0.196,19.67,18.64,18.64,1,0.95,
KMT-2025-BLG-1356,BLG04N0403.032191,18:06:27.68,-30:48:12.60,60846.87253,27.81,0.296,20.51,19.39,19.39,1,0.95,
KMT-2025-BLG-1357,SSO11M0201.031968,17:31:12.17,-29:49:02.86,60841.54583,3.66,0.938,20.0,20.0,20.52,2,2.54,
KMT-2025-BLG-1358,SSO11M0402.008186,17:30:05.74,-29:45:37.76,60841.22355,12.11,0.076,20.25,18.36,18.36,2,2.04,
KMT-2025-BLG-1359,BLG11T0605.025980,17:24:11.37,-30:25:09.41,60843.21967,6.84,0.078,19.7,20.0,20.9,2,2.74,OB250968
KMT-2025-BLG-1360,SAO11T0808.075504,17:23:15.78,-30:04:25.46,60843.11742,32.03,0.075,22.84,20.0,25.0,3,2.11,
KMT-2025-BLG-1361,SAO12N0507.085204,17:29:54.97,-28:06:10.51,60840.72948,5.12,0.02,21.35,20.0,21.75,3,2.02,
KMT-2025-BLG-1362,BLG12T0201.019059,17:26:21.51,-28:49:19.20,60847.84363,16.19,0.965,19.45,19.81,19.81,2,1.76,
KMT-2025-BLG-1363,SSO13M0108.029664,17:39:40.33,-33:21:56.88,60841.73899,30.15,0.011,22.34,20.0,21.1,2,3.35,
KMT-2025-BLG-1364,BLG14M0101.008970,17:41:14.27,-28:46:27.26,60840.48927,18.58,0.244,21.33,20.0,20.64,2,5.58,PB250209
KMT-2025-BLG-1365,BLG14T0406.001640,17:34:55.00,-29:12:56.77,60915.24213,59.67,0.492,17.16,17.15,17.15,2,3.52,OB250909
KMT-2025-BLG-1366,BLG14T0506.077251,17:34:17.88,-29:13:26.36,60841.68938,15.99,0.217,21.48,20.0,21.77,2,3.09,
KMT-2025-BLG-1367,SAO14T0808.002217,17:32:18.42,-29:02:34.01,60848.65659,5.56,0.176,17.7,17.8,17.8,2,3.32,OB250967
KMT-2025-BLG-1368,SSO14T0808.005132,17:32:25.98,-28:57:40.03,60842.80221,12.23,0.019,21.71,18.61,18.61,2,3.01,
KMT-2025-BLG-1369,BLG15M0802.049977,17:37:30.25,-26:28:51.78,60853.02748,35.64,0.132,20.59,20.0,21.47,2,3.03,
KMT-2025-BLG-1370,SAO15N0201.066856,17:40:49.49,-27:43:41.41,60841.50551,37.88,0.169,21.43,20.0,21.48,2,3.31,
KMT-2025-BLG-1371,SAO15N0207.072339,17:40:25.24,-26:58:38.57,60841.49761,6.94,0.044,21.99,20.0,21.8,2,3.19,
KMT-2025-BLG-1372,BLG16N0301.032716,17:40:07.31,-25:37:33.02,60843.32198,133.4,0.029,23.49,20.0,20.8,2,2.75,
KMT-2025-BLG-1373,BLG16N0303.074535,17:39:58.87,-25:24:42.41,60850.41442,63.38,0.202,21.7,20.0,22.08,2,2.75,
KMT-2025-BLG-1374,BLG17M0308.000393,17:48:09.37,-32:17:31.38,60855.41697,12.0,0.323,18.01,17.34,17.34,4,4.66,
KMT-2025-BLG-1375,BLG18K0405.087778,17:44:03.49,-26:09:17.28,60843.03682,32.39,0.105,22.4,20.0,21.85,2,3.03,
KMT-2025-BLG-1376,SAO18K0505.050479,17:43:11.48,-26:08:10.90,60843.62892,10.23,0.203,20.78,20.0,21.08,2,2.93,
KMT-2025-BLG-1377,SAO19K0206.044922,17:45:09.39,-23:55:00.41,60841.05968,14.96,0.027,23.16,19.74,19.74,1,1.63,
KMT-2025-BLG-1378,BLG19N0405.008879,17:48:34.25,-25:12:47.84,60854.15276,78.25,0.042,22.48,20.0,20.38,2,4.76,PB250257
KMT-2025-BLG-1379,BLG22N0506.006753,17:56:31.42,-33:36:55.01,60847.69461,25.97,0.043,20.15,17.85,17.85,1,1.16,OB250944
KMT-2025-BLG-1380,SAO31K0305.032562,18:11:47.11,-25:10:03.79,60841.00853,26.41,0.072,22.07,19.71,19.71,1,1.85,
KMT-2025-BLG-1381,SSO31K0601.038567,18:10:11.53,-25:46:00.19,60842.05924,7.41,0.066,19.65,19.5,19.5,1,1.46,
KMT-2025-BLG-1382,BLG32K0703.036195,18:07:26.70,-27:31:07.00,60837.24246,48.69,0.074,23.27,19.19,19.19,1,1.28,
KMT-2025-BLG-1383,BLG32T0406.025538,18:09:04.42,-28:21:22.28,60852.87025,30.72,0.008,19.72,19.0,19.0,1,1.09,OB251016
KMT-2025-BLG-1384,BLG34K0106.016108,18:03:25.32,-31:25:05.70,60895.82079,52.07,0.762,18.74,18.66,18.66,1,1.01,OB251280
KMT-2025-BLG-1385,BLG34N0407.052041,18:06:51.75,-32:23:05.10,60848.15694,24.4,0.692,19.94,20.0,20.79,1,0.75,
KMT-2025-BLG-1386,SAO34N0507.002369,18:06:08.35,-32:22:56.10,60853.46159,24.27,0.258,19.72,16.84,16.84,1,0.86,
KMT-2025-BLG-1387,BLG41M0802.005540,17:54:31.60,-30:59:11.29,60891.90329,36.76,0.999,16.77,16.66,16.66,1,1.51,MB250222
KMT-2025-BLG-1388,SAO42K0204.070898,17:53:23.50,-28:35:24.90,60843.24749,6.48,0.117,20.84,20.0,21.47,2,2.72,OB250923
KMT-2025-BLG-1389,SAO43M0804.029864,18:02:16.34,-27:34:01.49,60841.81393,7.23,0.088,21.7,18.92,18.92,1,1.39,
KMT-2025-BLG-1390,SAO04T0204.042632,18:02:42.65,-30:42:30.71,60847.81266,29.23,0.212,20.04,19.7,19.7,1,1.32,OB250953
KMT-2025-BLG-1391,BLG14M0208.008034,17:40:39.47,-27:54:31.46,60850.67082,17.74,0.89,19.65,18.72,18.72,2,3.51,
KMT-2025-BLG-1392,SAO18K0502.063141,17:43:28.63,-26:29:26.41,60845.16358,23.45,0.005,22.72,20.0,21.12,2,2.99,
KMT-2025-BLG-1393,SAO19K0406.012791,17:43:41.25,-23:57:53.71,60878.26431,75.45,0.027,19.38,18.54,18.54,1,1.6,OB250905
KMT-2025-BLG-1394,BLG32T0407.004987,18:09:16.15,-28:08:15.22,60849.8686,4.31,0.843,17.18,17.26,17.26,1,0.85,
KMT-2025-BLG-1395,SAO43K0408.011239,17:59:34.29,-27:06:59.00,60842.73352,37.13,0.002,23.98,18.18,18.18,1,2.14,
KMT-2025-BLG-1396,SAO04K0806.015887,17:59:34.35,-29:17:38.80,60844.23988,15.11,0.31,20.52,18.02,18.02,1,1.3,OB250933
KMT-2025-BLG-1397,BLG12N0801.054334,17:28:00.10,-28:53:03.34,60849.41601,39.84,0.207,21.34,20.0,20.83,2,1.84,
KMT-2025-BLG-1398,SAO37K0305.093865,17:42:54.19,-34:46:25.00,60845.61845,24.34,0.104,21.34,20.0,22.23,2,1.98,
KMT-2025-BLG-1399,SAO37K0308.003591,17:42:43.69,-34:21:02.92,60848.24775,7.49,0.598,16.94,16.94,16.94,1,2.07,OB250963
KMT-2025-BLG-1400,BLG41M0103.051214,17:58:39.47,-30:53:07.51,60841.45519,27.55,0.18,21.61,20.0,20.08,1,1.69,
KMT-2025-BLG-1401,BLG15M0101.017127,17:40:57.18,-26:36:45.22,60855.41375,20.65,0.233,19.94,20.0,20.65,2,3.29,OB251040
KMT-2025-BLG-1402,BLG16N0405.062853,17:39:44.66,-25:12:22.93,60844.55865,10.2,0.043,21.85,20.0,22.09,2,2.78,
KMT-2025-BLG-1403,SAO17T0304.015140,17:43:11.85,-33:54:21.31,60846.45992,29.75,0.025,22.33,19.73,19.73,1,2.95,
KMT-2025-BLG-1404,SAO34K0605.025658,18:00:24.83,-31:30:37.19,60842.55733,44.75,0.162,22.46,19.1,19.1,1,1.29,
KMT-2025-BLG-1405,BLG41M0306.040897,17:57:17.54,-30:26:33.00,60847.38562,36.67,0.7,19.98,20.0,20.07,1,1.97,
KMT-2025-BLG-1406,SSO42T0202.014322,17:52:56.47,-30:02:06.79,60846.47002,12.8,0.143,21.0,17.8,17.8,1,1.7,
KMT-2025-BLG-1407,SAO01T0608.043737,17:51:15.07,-31:18:01.04,60851.9007,42.55,0.176,21.39,20.0,21.04,2,2.99,OB251022
KMT-2025-BLG-1408,SAO02M0606.000173,17:55:56.21,-28:13:44.62,60973.54127,160.25,0.114,15.96,14.55,14.55,2,2.52,MB250304
KMT-2025-BLG-1409,BLG03M0406.015627,18:04:42.91,-27:11:53.59,60851.15129,33.57,0.047,21.0,18.04,18.04,1,0.88,OB250948
KMT-2025-BLG-1410,BLG03N0801.002241,18:02:32.67,-28:55:40.01,60850.42112,37.5,0.989,17.54,15.47,15.47,1,0.9,
KMT-2025-BLG-1411,BLG04K0506.003066,18:00:58.29,-29:21:14.80,60890.14936,56.08,0.605,18.05,15.99,15.99,1,1.35,MB250217 OB250952
KMT-2025-BLG-1412,BLG13M0405.013880,17:37:43.59,-33:44:16.37,60844.78193,86.25,0.169,22.25,19.93,19.93,2,3.37,
KMT-2025-BLG-1413,SSO13M0503.007048,17:37:01.62,-34:01:03.18,60850.34352,5.97,0.124,20.13,19.67,19.67,2,5.14,
KMT-2025-BLG-1414,BLG14M0306.010212,17:40:07.33,-28:07:34.72,60849.79493,4.11,0.68,19.03,19.07,19.07,2,3.54,OB251046 PB250232
KMT-2025-BLG-1415,SSO14M0801.071597,17:37:10.75,-28:46:31.22,60849.34645,18.64,0.027,21.25,20.0,21.64,2,3.06,
KMT-2025-BLG-1416,BLG17M0204.012697,17:48:49.87,-32:45:21.31,60850.98973,22.02,0.988,19.39,19.37,19.37,1,2.77,
KMT-2025-BLG-1417,BLG17M0706.029422,17:45:40.26,-32:32:24.04,60852.74662,32.48,0.018,22.59,20.0,22.55,2,4.67,
KMT-2025-BLG-1418,BLG22T0502.000480,17:51:24.06,-34:05:13.67,60965.94709,98.23,0.184,15.83,15.29,15.29,2,1.49,MB250140 OB250985
KMT-2025-BLG-1419,SSO31M0401.004022,18:16:16.90,-25:42:27.61,60848.76539,5.89,0.49,18.04,17.25,17.25,1,0.82,OB250956
KMT-2025-BLG-1420,BLG31N0602.023206,18:15:01.69,-26:43:36.70,60848.51666,6.18,0.304,18.91,18.89,18.89,1,0.88,
KMT-2025-BLG-1421,BLG32T0107.037822,18:10:47.76,-28:08:28.39,60850.98598,11.76,0.711,18.59,19.18,19.18,1,0.64,
KMT-2025-BLG-1422,BLG34N0804.033172,18:04:35.01,-32:45:30.38,60869.0412,42.93,0.917,19.69,19.67,19.67,1,0.76,
KMT-2025-BLG-1423,BLG41M0303.016920,17:57:36.08,-30:52:43.90,60847.90932,16.86,0.29,20.43,18.48,18.48,1,1.37,
KMT-2025-BLG-1424,SAO43T0701.073795,17:57:42.01,-29:03:32.11,60843.62428,58.75,0.234,21.02,19.9,19.9,1,1.5,
KMT-2025-BLG-1425,BLG01K0808.019864,17:49:59.33,-30:05:56.69,60847.30969,42.29,0.002,23.36,19.6,19.6,1,3.58,OB250926
KMT-2025-BLG-1426,BLG02K0106.015456,17:53:52.89,-28:18:10.58,60851.20803,4.84,0.28,19.5,19.2,19.2,4,2.82,PB250231
KMT-2025-BLG-1427,BLG02M0105.056428,17:58:49.88,-28:23:37.28,60847.44393,24.31,0.178,20.94,19.27,19.27,1,1.2,OB250930
KMT-2025-BLG-1428,BLG02N0301.056147,17:57:48.83,-30:01:36.70,60846.4363,9.23,0.08,22.21,19.66,19.66,1,1.38,
KMT-2025-BLG-1429,BLG02T0103.067078,17:53:51.28,-29:47:41.71,60849.09469,22.93,0.044,21.13,19.3,19.3,1,1.49,OB250928
KMT-2025-BLG-1430,BLG02T0205.067935,17:53:29.97,-29:28:14.30,,,,,19.71,19.71,1,1.93,
KMT-2025-BLG-1431,BLG03K0406.014478,17:59:58.48,-27:11:19.00,60878.86674,31.32,0.652,18.75,18.46,18.46,1,2.1,OB251087
KMT-2025-BLG-1432,BLG03K0801.045452,17:57:31.75,-27:45:54.68,60858.12065,24.53,0.131,21.0,20.0,20.95,2,2.84,OB250989
KMT-2025-BLG-1433,SSO03N0407.016008,18:04:37.43,-28:09:26.50,60849.21995,46.07,0.002,24.75,18.05,18.05,1,0.89,
KMT-2025-BLG-1434,BLG11K0207.077730,17:26:33.94,-29:06:26.03,60849.80966,41.89,0.05,21.89,20.0,21.51,2,1.91,
KMT-2025-BLG-1435,BLG11K0504.041054,17:24:47.75,-29:24:24.48,60852.0426,32.82,0.098,21.71,20.0,20.25,2,1.87,
KMT-2025-BLG-1436,BLG11K0805.021574,17:23:18.07,-29:19:44.11,60845.49964,43.31,0.015,24.06,20.0,20.12,2,1.85,
KMT-2025-BLG-1437,BLG11M0207.076093,17:31:28.76,-29:06:23.58,60855.98385,37.06,0.13,22.17,20.0,22.46,2,3.32,
KMT-2025-BLG-1438,SAO11M0404.058909,17:30:12.67,-29:29:16.76,60851.93617,14.96,0.802,19.85,20.0,21.41,2,2.51,
KMT-2025-BLG-1439,BLG13N0404.015597,17:37:57.92,-34:57:16.16,60856.38584,25.28,0.272,20.34,19.75,19.75,2,2.39,
KMT-2025-BLG-1440,BLG14K0607.106560,17:33:42.04,-28:04:19.34,60849.14521,18.11,0.181,21.43,20.0,25.0,3,2.72,
KMT-2025-BLG-1441,BLG14M0106.007623,17:41:19.85,-28:06:29.20,60846.60287,12.17,0.703,20.02,19.02,19.02,2,3.78,
KMT-2025-BLG-1442,BLG14M0107.071788,17:41:11.02,-27:58:36.91,60846.20733,14.9,0.026,23.6,20.0,22.02,2,3.78,
KMT-2025-BLG-1443,BLG14M0302.064653,17:40:24.34,-28:36:40.21,60847.71662,0.91,0.082,22.09,20.0,22.6,2,4.37,
KMT-2025-BLG-1444,BLG14M0801.055321,17:37:18.20,-28:45:58.10,60870.14301,168.98,0.078,22.47,20.0,21.27,2,3.13,
KMT-2025-BLG-1445,BLG14T0401.028069,17:34:54.17,-29:54:35.53,60862.90761,32.35,0.334,20.05,20.0,20.29,2,2.75,OB251042
KMT-2025-BLG-1446,BLG14T0504.064867,17:33:54.84,-29:28:37.34,60844.56241,0.88,0.06,19.88,20.0,21.02,2,2.54,
KMT-2025-BLG-1447,BLG14T0701.104799,17:33:00.23,-29:53:30.05,60848.99272,9.65,0.555,19.96,20.0,25.0,3,2.81,
KMT-2025-BLG-1448,BLG15M0304.024078,17:40:08.90,-26:15:08.17,60847.75877,2.81,0.935,20.01,20.0,20.17,2,2.58,
KMT-2025-BLG-1449,BLG15M0406.036606,17:39:40.42,-26:00:29.02,60848.52584,43.71,0.01,24.8,20.0,20.74,2,2.65,
KMT-2025-BLG-1450,BLG15M0601.087258,17:38:29.96,-26:42:25.74,60849.49392,11.55,0.064,21.83,20.0,22.01,2,2.97,
KMT-2025-BLG-1451,BLG15N0801.084555,17:37:21.42,-27:45:13.61,60847.88763,52.06,0.004,24.92,20.0,22.16,2,3.23,
KMT-2025-BLG-1452,BLG15T0803.024828,17:32:34.10,-27:30:27.43,60850.01289,14.53,0.389,20.75,20.0,20.65,2,2.86,
KMT-2025-BLG-1453,BLG16N0602.031975,17:38:35.97,-25:29:00.06,60854.39849,31.76,0.002,22.46,20.0,22.12,2,3.84,
KMT-2025-BLG-1454,BLG16T0807.025239,17:32:42.48,-24:55:15.60,60861.50166,57.33,0.026,22.41,20.0,21.58,2,3.09,OB251047
KMT-2025-BLG-1455,BLG17M0204.004092,17:48:53.97,-32:44:59.10,60875.93567,15.78,0.38,17.72,17.73,17.73,1,2.77,
KMT-2025-BLG-1456,BLG17M0205.010027,17:48:53.60,-32:35:40.24,60863.63181,40.48,0.626,19.94,20.0,20.11,2,3.24,
KMT-2025-BLG-1457,BLG17N0802.060805,17:44:54.61,-34:05:32.21,60846.03896,5.11,0.469,20.05,20.0,20.16,1,1.66,
KMT-2025-BLG-1458,BLG17T0504.104303,17:41:50.32,-33:53:08.52,60849.75401,5.17,0.145,20.13,20.0,25.0,3,2.51,
KMT-2025-BLG-1459,BLG19K0706.038203,17:42:23.85,-23:55:46.70,60850.74569,5.28,0.282,19.97,20.0,20.03,1,1.77,
KMT-2025-BLG-1460,BLG19N0508.028724,17:47:56.84,-24:49:46.99,60855.41177,29.89,0.026,22.43,20.0,21.45,2,3.91,
KMT-2025-BLG-1461,BLG20N0107.026634,17:50:29.96,-22:45:42.08,60848.15276,25.11,0.101,21.13,19.63,19.63,1,2.19,
KMT-2025-BLG-1462,BLG20N0403.011935,17:48:31.89,-23:18:18.68,60853.39762,22.13,0.401,20.53,18.47,18.47,1,1.78,
KMT-2025-BLG-1463,BLG22M0401.016575,17:57:07.33,-33:05:33.61,60849.5789,8.78,0.32,20.69,18.74,18.74,1,1.11,
KMT-2025-BLG-1464,BLG22T0205.006676,17:53:09.57,-33:47:24.29,60864.53518,11.54,0.203,18.07,18.04,18.04,1,1.6,MB250139 OB250986
KMT-2025-BLG-1465,BLG22T0502.030518,17:51:41.54,-34:09:06.66,60853.18583,19.82,0.51,19.8,19.85,19.85,2,1.45,OB250987
KMT-2025-BLG-1466,BLG31N0801.017351,18:13:59.49,-26:48:14.00,60877.89838,29.37,0.196,19.77,18.54,18.54,1,0.85,MB250188 OB251096
KMT-2025-BLG-1467,BLG31T0702.022966,18:09:57.30,-26:39:43.99,60854.07684,9.34,0.59,19.02,19.04,19.04,1,1.47,OB251015
KMT-2025-BLG-1468,BLG32M0807.039031,18:11:30.93,-27:01:23.48,60846.77508,195.21,0.004,24.66,19.4,19.4,1,1.11,
KMT-2025-BLG-1469,BLG34K0801.050828,17:59:18.77,-32:01:39.50,60846.654,9.24,0.091,21.49,20.0,20.25,1,1.68,
KMT-2025-BLG-1470,BLG34K0808.028498,17:59:15.06,-31:10:38.21,60863.52458,21.72,0.397,19.39,19.38,19.38,1,1.86,OB250996
KMT-2025-BLG-1471,BLG34N0404.032809,18:06:38.06,-32:46:54.59,60846.82215,16.87,0.055,23.41,20.0,20.03,1,0.99,
KMT-2025-BLG-1472,BLG34N0805.005910,18:04:15.74,-32:41:36.89,60857.6225,43.97,0.288,21.29,18.08,18.08,1,1.04,
KMT-2025-BLG-1473,SAO34T0505.033072,18:01:16.11,-32:37:17.00,60856.43021,41.51,0.037,20.79,19.53,19.53,1,1.08,
KMT-2025-BLG-1474,BLG35M0401.036015,18:07:10.48,-25:42:11.99,60848.87913,7.55,0.443,19.48,19.59,19.59,1,1.52,
KMT-2025-BLG-1475,BLG35M0606.012599,18:05:50.96,-25:07:36.05,60839.73811,11.5,0.93,19.63,19.77,19.77,4,3.96,
KMT-2025-BLG-1476,BLG35N0606.031169,18:06:06.67,-26:08:28.39,60848.92625,7.6,0.302,20.61,20.0,20.18,1,2.57,
KMT-2025-BLG-1477,BLG35T0407.005086,18:02:21.96,-26:04:28.88,60845.51373,39.52,0.302,21.52,18.86,18.86,2,3.52,
KMT-2025-BLG-1478,BLG36T0402.044074,18:13:44.09,-24:33:54.68,60843.26753,116.21,0.045,23.18,20.0,20.46,1,1.84,
KMT-2025-BLG-1479,BLG37K0106.075146,17:44:04.72,-34:40:31.19,60851.6639,29.94,0.169,21.51,20.0,21.27,2,1.78,
KMT-2025-BLG-1480,BLG37K0804.053979,17:39:44.29,-34:49:38.71,60870.76512,59.91,0.089,21.39,20.0,21.19,2,2.46,
KMT-2025-BLG-1481,BLG37T0405.012084,17:42:20.04,-35:50:06.43,60867.87953,25.3,0.01,19.59,19.58,19.58,2,1.8,
KMT-2025-BLG-1482,BLG38K0603.003178,17:51:39.52,-22:13:52.79,60888.67779,29.17,0.825,17.24,17.18,17.18,1,1.93,OB251037
KMT-2025-BLG-1483,BLG38K0605.008783,17:51:45.49,-21:54:51.01,60851.65102,187.13,0.004,24.05,18.68,18.68,4,2.09,
KMT-2025-BLG-1484,BLG41K0407.031184,17:51:52.65,-30:26:38.29,60847.25623,8.37,0.078,21.69,19.42,19.42,1,2.5,
KMT-2025-BLG-1485,BLG41T0405.046071,17:51:58.82,-31:46:02.10,60849.70858,70.41,0.015,23.24,20.0,20.58,1,2.77,
KMT-2025-BLG-1486,BLG42N0106.030783,17:58:31.41,-29:29:44.81,60856.5166,13.15,0.569,18.69,18.72,18.72,1,1.31,OB250935
KMT-2025-BLG-1487,BLG42N0308.002759,17:57:11.88,-29:15:32.51,60855.13505,5.76,0.761,15.99,16.02,16.02,1,1.59,OB250936
KMT-2025-BLG-1488,BLG43K0502.006795,17:59:00.82,-27:45:51.59,60880.71173,20.78,0.761,17.15,17.2,17.2,1,2.05,MB250199 OB251072
KMT-2025-BLG-1489,SSO43M0803.003363,18:01:55.03,-27:44:49.88,60868.8616,11.87,0.361,15.93,15.95,15.95,1,1.46,MB250154 OB250947
KMT-2025-BLG-1490,BLG43T0502.041381,17:58:58.65,-28:59:43.51,60872.256,44.28,0.075,19.58,18.66,18.66,1,0.97,OB250937
KMT-2025-BLG-1491,BLG01M0705.006829,17:55:25.31,-30:29:25.51,60851.21809,15.48,0.192,21.64,17.92,17.92,1,2.57,
KMT-2025-BLG-1492,BLG02M0804.042933,17:54:45.67,-28:32:49.45,60853.00455,21.38,0.077,21.79,20.0,20.08,3,2.07,
KMT-2025-BLG-1493,BLG02N0104.020405,17:59:08.10,-29:39:47.48,60866.20449,38.63,0.395,19.78,18.33,18.33,1,1.32,OB250990
KMT-2025-BLG-1494,BLG02T0106.072890,17:53:53.56,-29:24:45.61,60860.47362,49.43,0.392,19.9,19.74,19.74,1,1.93,OB250857
KMT-2025-BLG-1495,SSO03M0203.048640,18:05:43.98,-27:35:01.90,60850.94784,94.42,0.007,24.38,19.14,19.14,1,0.75,OB251000
KMT-2025-BLG-1496,SSO03N0308.058475,18:05:08.68,-28:05:47.18,60854.81435,8.23,0.415,19.34,19.33,19.33,1,0.9,
KMT-2025-BLG-1497,BLG11N0201.015709,17:31:34.39,-30:59:45.24,60855.57177,196.75,0.009,24.18,20.0,20.31,2,3.69,
KMT-2025-BLG-1498,SAO12K0201.013527,17:26:29.93,-27:46:51.31,60862.50338,198.93,0.057,22.66,19.82,19.82,2,2.01,OB251143
KMT-2025-BLG-1499,SAO12M0101.043139,17:31:57.92,-27:40:41.41,60851.55925,7.26,0.116,20.63,20.0,20.88,2,2.55,
KMT-2025-BLG-1500,BLG12N0105.037265,17:31:53.37,-28:19:24.20,60851.5582,8.56,0.286,20.6,20.0,20.46,2,2.21,
KMT-2025-BLG-1501,BLG14K0302.029105,17:35:16.46,-28:38:51.40,60850.72842,38.01,0.065,22.91,20.0,20.45,2,2.98,
KMT-2025-BLG-1502,BLG14T0605.025232,17:33:24.54,-29:19:54.98,60856.22209,29.81,0.194,21.28,20.0,20.37,2,2.91,
KMT-2025-BLG-1503,BLG15N0206.002924,17:40:28.46,-27:06:58.54,60873.56034,22.28,0.997,17.86,17.68,17.68,2,2.98,OB251137
KMT-2025-BLG-1504,BLG15N0302.004747,17:40:02.35,-27:37:21.79,60865.64731,15.71,0.085,18.3,18.19,18.19,2,3.1,OB251044
KMT-2025-BLG-1505,BLG15N0302.031765,17:39:49.63,-27:35:38.51,60851.55554,12.34,0.394,20.76,20.0,20.76,2,2.81,
KMT-2025-BLG-1506,BLG17K0604.038633,17:41:11.66,-32:48:03.78,60850.15496,1.99,0.398,20.41,20.0,21.43,2,3.66,
KMT-2025-BLG-1507,BLG17M0805.034135,17:45:12.15,-32:39:09.50,60850.58238,1.28,0.304,20.23,20.0,22.54,2,4.66,
KMT-2025-BLG-1508,BLG17T0205.008478,17:43:55.88,-33:43:16.39,60867.50952,42.47,0.071,19.76,19.58,19.58,1,2.69,
KMT-2025-BLG-1509,BLG17T0408.007012,17:42:32.02,-33:22:14.92,60925.14584,70.06,0.855,19.17,19.23,19.23,2,3.06,OB251246
KMT-2025-BLG-1510,BLG18T0105.008574,17:45:25.62,-27:17:02.69,60862.74689,20.02,0.192,19.9,20.0,20.17,2,4.83,PB250234
KMT-2025-BLG-1511,BLG18T0402.048392,17:43:58.92,-27:35:59.75,60851.36591,34.82,0.033,23.59,20.0,21.82,2,4.33,
KMT-2025-BLG-1512,BLG19N0303.001746,17:49:15.24,-25:27:20.05,60852.20723,41.65,0.086,22.93,18.93,18.93,2,5.43,
KMT-2025-BLG-1513,BLG19N0508.084190,17:48:20.55,-24:47:35.05,60878.26741,69.14,0.534,19.93,20.0,25.0,3,4.01,
KMT-2025-BLG-1514,BLG20N0501.035304,17:48:15.38,-23:33:40.28,60848.05041,23.39,0.292,20.82,20.0,20.28,2,2.74,
KMT-2025-BLG-1515,BLG21K0302.017377,17:52:29.30,-35:10:13.01,60849.35971,5.1,0.954,18.78,18.42,18.42,1,0.58,
KMT-2025-BLG-1516,BLG21K0806.055215,17:49:30.05,-34:35:29.80,60851.68487,11.68,0.208,20.9,19.95,19.95,1,1.1,
KMT-2025-BLG-1517,BLG21M0106.020109,17:58:50.86,-34:33:50.18,60851.88261,4.73,0.3,19.57,18.98,18.98,1,0.6,
KMT-2025-BLG-1518,SAO22T0703.080984,17:50:07.47,-34:02:32.75,60851.574,27.01,0.2,21.7,20.0,21.71,2,1.48,
KMT-2025-BLG-1519,BLG31N0105.018611,18:17:57.11,-26:22:46.60,60857.06434,15.91,0.903,18.91,18.82,18.82,1,0.86,
KMT-2025-BLG-1520,BLG34M0302.054198,18:07:21.83,-31:57:06.52,60848.69426,20.31,0.979,19.8,20.0,20.51,1,0.72,
KMT-2025-BLG-1521,BLG37N0803.046252,17:44:51.55,-36:05:06.43,60884.9281,75.09,0.072,20.89,20.0,20.85,2,1.36,OB251113
KMT-2025-BLG-1522,BLG38K0201.008528,17:53:57.16,-22:22:01.20,60856.80796,36.35,0.049,20.77,18.79,18.79,4,2.4,
KMT-2025-BLG-1523,BLG41K0406.013719,17:52:06.51,-30:27:12.89,60850.48422,27.41,0.013,22.51,18.53,18.53,1,2.15,
KMT-2025-BLG-1524,BLG42N0805.053615,17:54:32.50,-29:36:09.61,60858.46701,15.86,0.682,18.99,19.07,19.07,1,1.46,
KMT-2025-BLG-1525,BLG43M0407.045319,18:04:24.75,-27:14:16.12,60860.90961,17.12,0.462,19.53,19.03,19.03,1,0.91,OB251003
KMT-2025-BLG-1526,BLG43M0605.047661,18:03:14.00,-27:26:52.91,60852.17654,6.61,0.646,19.85,19.7,19.7,1,1.46,OB251001
KMT-2025-BLG-1527,BLG43N0204.080037,18:05:37.17,-28:41:19.61,60851.175,1.93,0.18,20.35,20.0,20.31,1,1.03,
KMT-2025-BLG-1528,BLG01N0308.039086,17:57:38.53,-31:14:36.10,60852.14835,13.84,0.882,19.79,19.6,19.6,1,1.29,
KMT-2025-BLG-1529,BLG02N0608.055641,17:56:08.44,-29:11:50.24,60853.32683,15.43,0.074,20.08,19.63,19.63,2,1.9,
KMT-2025-BLG-1530,BLG02T0701.055292,17:50:47.74,-29:59:53.09,60854.57362,23.86,0.018,22.35,20.0,20.67,1,3.24,
KMT-2025-BLG-1531,BLG03M0701.048564,18:03:12.81,-27:48:48.82,60861.6462,29.23,0.479,19.33,19.4,19.4,1,1.0,OB250998
KMT-2025-BLG-1532,BLG03N0206.033549,18:05:50.51,-28:20:39.19,60864.05585,22.62,0.15,18.91,18.85,18.85,1,1.07,MB250176
KMT-2025-BLG-1533,BLG11T0404.017286,17:25:26.79,-30:30:55.69,60868.39427,21.1,0.275,20.2,20.0,20.96,2,3.23,
KMT-2025-BLG-1534,BLG13N0303.071765,17:38:13.79,-35:05:02.94,60860.08847,32.06,0.165,21.6,20.0,22.12,2,2.69,
KMT-2025-BLG-1535,BLG13T0104.003717,17:34:41.05,-34:58:04.58,60888.31262,46.35,0.276,21.63,19.29,19.29,2,4.6,
KMT-2025-BLG-1536,BLG16K0701.002671,17:33:22.72,-24:34:22.76,60875.87674,34.43,0.909,19.21,18.7,18.7,2,2.82,
KMT-2025-BLG-1537,BLG18M0303.002360,17:49:03.85,-26:21:36.79,60882.98599,54.81,0.193,20.32,20.0,20.62,2,6.77,PB250195
KMT-2025-BLG-1538,BLG19T0604.013624,17:42:48.15,-25:19:38.03,60869.69596,26.67,0.567,19.71,19.4,19.4,2,2.55,
KMT-2025-BLG-1539,BLG22M0702.016829,17:55:39.21,-32:56:58.09,60865.17007,19.79,0.577,18.63,18.62,18.62,1,1.3,MB250192
KMT-2025-BLG-1540,BLG32T0103.064474,18:10:54.88,-28:41:10.39,60849.6189,7.78,0.423,19.87,20.0,20.28,1,0.82,
KMT-2025-BLG-1541,SAO37K0205.026330,17:43:42.94,-34:43:29.78,60867.16282,53.89,0.277,21.0,20.0,20.11,2,2.15,OB251190
KMT-2025-BLG-1542,BLG41K0106.058316,17:53:56.21,-30:32:38.00,60856.71875,19.91,0.297,21.02,19.56,19.56,1,1.49,
KMT-2025-BLG-1543,BLG43K0406.037813,17:59:45.87,-27:17:30.59,60861.51922,43.95,0.176,21.24,19.4,19.4,1,1.94,
KMT-2025-BLG-1544,SSO02T0604.062178,17:51:18.65,-29:38:28.79,60862.78651,68.04,0.009,21.16,20.0,20.35,1,2.74,MB250147 PB250259
KMT-2025-BLG-1545,SSO03K0107.048041,18:01:34.62,-27:04:12.40,60853.72497,25.17,0.006,21.89,20.0,20.67,1,3.16,
KMT-2025-BLG-1546,BLG11K0508.061079,17:24:46.57,-28:53:30.08,60851.83099,10.26,0.017,22.36,20.0,21.39,2,2.03,
KMT-2025-BLG-1547,BLG31T0403.041934,18:11:15.03,-26:34:04.80,60852.59315,41.63,0.005,22.36,19.43,19.43,1,1.04,
KMT-2025-BLG-1548,SSO42N0708.016353,17:55:13.77,-29:16:08.29,60853.0387,19.65,0.015,22.3,18.32,18.32,1,2.3,OB250994
KMT-2025-BLG-1549,BLG01T0303.036811,17:53:02.09,-31:50:55.00,60856.0615,5.77,0.696,19.72,19.68,19.68,1,1.91,
KMT-2025-BLG-1550,BLG02K0108.043388,17:54:09.12,-28:00:14.98,60854.72656,11.98,0.022,22.97,20.0,22.89,3,4.69,
KMT-2025-BLG-1551,BLG02M0804.063204,17:54:47.43,-28:34:03.32,60857.84209,10.65,0.4,19.86,20.0,20.66,2,1.99,
KMT-2025-BLG-1552,BLG02T0101.025450,17:54:09.68,-30:02:15.79,60855.16271,49.93,0.101,21.34,18.53,18.53,1,1.38,OB250925
KMT-2025-BLG-1553,BLG02T0107.096846,17:53:58.12,-29:13:10.31,60854.59466,10.44,0.188,21.02,20.0,20.15,1,1.69,OB250976 OB250984
KMT-2025-BLG-1554,BLG02T0108.064884,17:54:02.20,-29:09:51.08,60856.18471,9.9,0.393,19.58,19.2,19.2,1,1.52,OB250978
KMT-2025-BLG-1555,BLG03K0306.072300,18:00:25.07,-27:13:31.69,60858.88791,19.45,0.107,21.02,20.0,20.15,1,1.66,OB251004
KMT-2025-BLG-1556,BLG03K0703.024717,17:58:10.27,-27:37:32.48,60854.32439,20.67,0.295,21.12,19.11,19.11,1,2.08,
KMT-2025-BLG-1557,BLG03T0601.054621,17:58:51.11,-28:54:46.40,60854.12989,65.84,0.059,22.26,19.03,19.03,1,1.18,
KMT-2025-BLG-1558,BLG04K0702.093041,17:59:53.37,-29:48:58.28,60863.39585,25.47,0.166,20.08,20.0,20.61,1,1.15,MB250163
KMT-2025-BLG-1559,BLG04T0706.021270,17:59:44.15,-30:22:45.80,60855.94686,6.2,0.897,18.63,18.73,18.73,1,1.53,
KMT-2025-BLG-1560,BLG11K0105.058017,17:27:03.24,-29:17:35.48,60861.0481,21.16,0.284,20.9,20.0,20.32,1,1.93,
KMT-2025-BLG-1561,BLG11M0304.004240,17:30:34.36,-29:26:32.60,60875.35358,19.05,0.034,18.42,18.39,18.39,2,3.04,OB251118
KMT-2025-BLG-1562,BLG12M0403.025575,17:30:19.53,-27:25:59.81,60864.63957,46.89,0.205,21.82,20.0,20.71,2,2.72,
KMT-2025-BLG-1563,BLG12N0104.034029,17:32:02.98,-28:23:53.99,60867.4016,39.95,0.099,21.21,20.0,20.49,2,2.38,OB251116
KMT-2025-BLG-1564,BLG13N0404.001438,17:38:00.35,-34:58:59.88,60869.50575,115.23,0.034,21.42,16.76,16.76,2,2.38,OB251114
KMT-2025-BLG-1565,BLG15M0301.024641,17:39:50.73,-26:37:07.86,60856.69225,6.07,0.395,20.35,20.0,20.36,2,2.77,OB251130
KMT-2025-BLG-1566,BLG15M0705.031577,17:37:44.46,-26:07:55.52,60876.95031,39.19,0.043,20.35,20.0,21.14,2,3.28,
KMT-2025-BLG-1567,BLG15N0103.103738,17:40:59.28,-27:33:25.85,60871.277,42.67,0.027,20.56,20.0,25.0,3,3.18,OB251136
KMT-2025-BLG-1568,BLG15N0401.042946,17:39:48.35,-27:48:13.54,60855.89216,7.23,0.714,19.96,20.0,20.74,2,3.01,
KMT-2025-BLG-1569,BLG15N0606.036687,17:38:30.74,-27:05:39.19,60862.83172,19.59,0.109,21.35,20.0,20.83,2,3.12,
KMT-2025-BLG-1570,BLG15T0203.111669,17:35:59.70,-27:30:56.56,60855.38664,5.11,0.302,20.89,20.0,25.0,3,2.73,
KMT-2025-BLG-1571,BLG16M0406.029709,17:39:31.50,-23:53:35.20,60857.10625,16.75,0.658,19.59,20.0,20.27,2,1.81,
KMT-2025-BLG-1572,BLG16T0506.041363,17:34:20.67,-25:03:08.89,60851.72946,23.11,0.087,22.97,20.0,21.94,3,3.37,
KMT-2025-BLG-1573,BLG17K0401.009738,17:42:29.65,-33:06:53.32,60875.61841,38.06,0.295,20.42,20.0,20.5,2,3.79,OB251210 PB250302
KMT-2025-BLG-1574,BLG17K0601.026923,17:41:14.08,-33:08:43.48,60854.59186,22.8,0.009,22.6,20.0,21.03,2,3.58,
KMT-2025-BLG-1575,BLG17T0103.061379,17:43:59.04,-34:03:29.81,60873.54005,59.56,0.035,20.21,20.0,20.43,1,1.88,OB251111
KMT-2025-BLG-1576,BLG18K0702.005091,17:42:04.83,-26:29:30.84,60870.20386,15.95,0.993,18.84,18.25,18.25,2,3.31,OB251205
KMT-2025-BLG-1577,BLG19M0302.001664,17:49:12.92,-24:21:26.06,60859.56619,26.33,0.19,20.69,17.21,17.21,4,3.05,
KMT-2025-BLG-1578,BLG21M0504.032804,17:56:41.41,-34:51:28.80,60866.42952,52.65,0.652,19.33,19.49,19.49,1,0.82,
KMT-2025-BLG-1579,BLG32K0706.024799,18:07:31.36,-27:10:23.20,60859.16262,18.4,0.106,20.34,18.84,18.84,1,1.38,
KMT-2025-BLG-1580,BLG37N0404.005155,17:47:12.89,-36:01:39.79,60875.21336,30.98,0.473,17.98,17.61,17.61,1,1.01,OB251030
KMT-2025-BLG-1581,BLG38T0401.004002,17:52:51.81,-23:30:10.40,60864.51181,9.55,0.931,18.2,18.2,18.2,4,3.33,OB251127
KMT-2025-BLG-1582,BLG41M0708.003243,17:55:09.50,-30:13:08.90,60871.81469,27.41,0.62,18.25,16.33,16.33,1,1.35,MB250204
KMT-2025-BLG-1583,SAO42M0304.002434,17:57:16.20,-28:38:00.89,60881.26938,27.01,0.887,16.77,15.91,15.91,1,1.9,MB250215 OB250995
KMT-2025-BLG-1584,BLG42M0701.049478,17:55:05.44,-28:58:59.30,60854.36463,28.12,0.023,23.68,19.6,19.6,2,1.81,
KMT-2025-BLG-1585,BLG42N0106.076992,17:58:43.76,-29:29:11.40,60875.02765,40.58,0.107,19.81,19.83,19.83,1,1.34,MB250208 OB250992
KMT-2025-BLG-1586,BLG42T0804.014467,17:49:39.02,-29:43:03.61,60854.68532,11.72,0.057,22.84,19.29,19.29,1,3.48,
KMT-2025-BLG-1587,BLG43K0105.016613,18:01:27.85,-27:24:58.72,60855.6307,1.65,0.051,19.79,18.34,18.34,1,1.6,OB251002
KMT-2025-BLG-1588,BLG43K0808.026727,17:57:20.73,-27:03:42.48,60869.49204,49.37,0.048,21.66,20.0,21.31,2,3.85,PB250293
KMT-2025-BLG-1589,BLG43M0106.061046,18:06:07.28,-27:19:52.90,60860.96924,109.85,0.086,21.71,19.53,19.53,1,1.03,
KMT-2025-BLG-1590,BLG01N0306.037431,17:57:54.60,-31:32:48.59,60868.23238,25.08,0.284,20.51,19.57,19.57,1,1.27,
KMT-2025-BLG-1591,BLG01T0201.002435,17:53:25.86,-32:07:26.51,60780.81366,53.22,0.587,19.82,16.55,16.55,1,2.3,
KMT-2025-BLG-1592,SAO02K0204.052688,17:53:18.83,-28:32:23.03,60864.41928,130.68,0.03,22.84,20.0,20.58,2,2.7,OB251058
KMT-2025-BLG-1593,BLG02N0606.074614,17:56:10.56,-29:24:15.80,60882.98081,50.38,0.358,19.91,19.8,19.8,1,2.06,OB250993
KMT-2025-BLG-1594,BLG02T0308.020460,17:52:40.27,-29:08:50.32,60860.12123,15.88,0.307,19.81,18.49,18.49,1,2.48,
KMT-2025-BLG-1595,SAO02T0701.028803,17:50:25.09,-30:00:37.80,60856.06188,47.6,0.042,22.7,19.68,19.68,1,3.33,OB250982 PB250243
KMT-2025-BLG-1596,BLG11M0202.003813,17:31:14.29,-29:41:09.17,60883.46848,78.29,0.045,20.78,17.68,17.68,2,2.6,OB251193
KMT-2025-BLG-1597,BLG11T0103.045620,17:27:06.52,-30:44:18.89,60857.45354,13.57,0.008,23.82,20.0,21.41,2,2.83,
KMT-2025-BLG-1598,BLG11T0308.099671,17:25:58.53,-30:01:27.98,60858.68156,7.51,0.641,19.99,20.0,25.0,3,2.5,
KMT-2025-BLG-1599,SAO14N0705.025770,17:38:01.76,-29:23:19.75,60878.25359,26.95,0.355,19.89,20.0,21.09,2,4.48,OB251208 PB250242
KMT-2025-BLG-1600,BLG14T0408.061451,17:34:30.51,-29:02:44.05,60839.72102,22.43,0.998,20.25,20.0,21.48,2,3.22,
KMT-2025-BLG-1601,BLG15T0208.065520,17:36:00.07,-26:50:56.00,60857.60762,8.28,0.378,20.39,20.0,21.1,2,2.31,
KMT-2025-BLG-1602,BLG17K0807.003081,17:40:07.32,-32:25:38.96,60911.6831,48.73,0.281,19.25,19.25,19.25,4,5.02,PB250248
KMT-2025-BLG-1603,BLG17M0801.062021,17:44:54.62,-33:10:26.76,60857.37451,1.78,0.018,19.87,20.0,21.58,2,2.56,
KMT-2025-BLG-1604,BLG17T0106.051317,17:44:24.06,-33:39:37.69,60867.73038,78.01,0.126,21.82,20.0,20.33,1,1.9,
KMT-2025-BLG-1605,BLG18K0808.052543,17:41:40.55,-25:47:29.94,60857.05746,13.42,0.095,22.46,20.0,21.09,2,2.72,
KMT-2025-BLG-1606,BLG18T0505.014381,17:43:06.92,-27:13:02.60,60856.96817,27.68,0.049,23.08,19.93,19.93,2,3.83,
KMT-2025-BLG-1607,BLG19K0701.035122,17:42:14.12,-24:34:28.99,60857.61357,16.16,0.061,22.77,20.0,20.01,1,2.22,
KMT-2025-BLG-1608,BLG19M0104.000678,17:50:03.00,-24:12:54.94,60871.18695,138.84,0.077,21.37,16.15,16.15,2,2.82,
KMT-2025-BLG-1609,SAO19N0701.092104,17:47:04.92,-25:36:37.62,60858.41318,21.95,0.134,21.55,20.0,22.37,2,3.15,
KMT-2025-BLG-1610,BLG31N0602.005452,18:14:53.75,-26:43:29.89,60916.73079,38.72,0.722,17.51,17.53,17.53,1,0.88,MB250342 OB251173
KMT-2025-BLG-1611,BLG32N0104.010855,18:15:42.58,-28:31:21.90,60916.69554,55.84,0.223,18.01,18.12,18.12,1,0.48,OB250955
KMT-2025-BLG-1612,BLG35T0608.015127,18:00:58.89,-25:53:30.12,60865.13167,19.68,0.034,20.11,20.0,20.62,2,3.54,OB251129
KMT-2025-BLG-1613,BLG36K0305.014209,18:14:08.08,-23:07:35.76,60859.5866,20.21,0.402,20.16,19.73,19.73,4,2.02,
KMT-2025-BLG-1614,BLG37T0203.001065,17:43:32.11,-36:08:00.71,60879.94355,13.63,0.317,16.39,16.39,16.39,2,1.73,
KMT-2025-BLG-1615,BLG41K0207.021896,17:53:07.83,-30:23:28.50,60858.28992,145.75,0.011,23.72,18.83,18.83,1,1.93,OB250980
KMT-2025-BLG-1616,BLG01K0608.064442,17:51:06.93,-30:08:20.80,60857.76308,14.86,0.004,22.72,20.0,20.27,1,2.49,PB250254
KMT-2025-BLG-1617,BLG02K0407.009318,17:52:08.38,-28:10:39.40,60857.80515,17.19,0.016,24.06,19.16,19.16,2,3.99,
KMT-2025-BLG-1618,BLG02K0704.023779,17:50:28.74,-28:30:04.64,60858.60687,7.76,0.201,21.02,20.0,21.36,2,5.6,OB250979 PB250250
KMT-2025-BLG-1619,BLG03N0502.041537,18:04:07.86,-28:47:39.91,60868.12736,51.29,0.396,20.08,18.91,18.91,1,0.89,OB251009
KMT-2025-BLG-1620,BLG14M0207.085637,17:40:36.56,-28:04:41.23,60858.2155,8.18,0.167,21.65,20.0,25.0,3,4.04,
KMT-2025-BLG-1621,SAO15N0407.060492,17:39:44.33,-26:59:28.18,60858.35007,7.32,0.063,20.8,20.0,21.24,2,3.03,
KMT-2025-BLG-1622,BLG17T0305.016707,17:42:53.94,-33:45:14.98,60868.23422,16.3,0.266,19.95,20.0,20.12,2,2.57,OB251134
KMT-2025-BLG-1623,BLG22N0604.024075,17:56:19.87,-33:51:48.60,60875.62108,29.84,0.611,19.04,18.9,18.9,1,0.86,OB251084
KMT-2025-BLG-1624,BLG43M0608.025889,18:03:20.94,-27:02:32.21,60863.04333,7.89,0.188,19.55,19.35,19.35,1,1.81,MB250167 OB251005
KMT-2025-BLG-1625,BLG02T0505.005511,17:51:47.85,-29:32:56.90,60866.29196,172.39,0.057,22.56,16.98,16.98,1,2.42,OB250983
KMT-2025-BLG-1626,BLG11M0207.084973,17:31:26.19,-29:06:36.58,60866.24843,31.07,0.199,21.74,20.0,25.0,3,3.32,
KMT-2025-BLG-1627,BLG11N0407.024490,17:30:14.09,-30:12:29.27,60873.36582,29.45,0.776,19.95,19.97,19.97,2,2.58,
KMT-2025-BLG-1628,BLG16M0101.037412,17:41:16.57,-24:35:11.76,60855.58434,2.42,0.064,21.35,19.99,19.99,2,2.17,
KMT-2025-BLG-1629,BLG31T0103.046160,18:12:59.73,-26:36:52.49,60912.70748,73.82,0.32,19.55,19.67,19.67,1,0.82,OB251174
KMT-2025-BLG-1630,BLG02K0301.015656,17:52:48.94,-28:51:09.43,60852.66269,29.95,0.097,23.18,18.77,18.77,2,3.02,
KMT-2025-BLG-1631,BLG04T0207.047489,18:03:04.75,-30:20:36.28,60859.29153,8.51,0.262,19.59,19.35,19.35,2,0.91,OB251011
KMT-2025-BLG-1632,BLG12N0808.036579,17:28:08.67,-27:55:56.42,60873.5766,25.83,0.05,20.75,20.0,20.87,2,2.6,OB251117
KMT-2025-BLG-1633,BLG14K0306.000919,17:35:01.36,-28:09:03.53,60779.43465,58.12,0.999,17.34,16.91,16.91,2,2.99,
KMT-2025-BLG-1634,BLG14M0507.065461,17:38:47.60,-27:59:04.63,60857.4447,35.7,0.164,22.33,20.0,21.24,2,2.84,
KMT-2025-BLG-1635,SAO15T0405.036920,17:34:54.46,-27:13:22.19,60868.10674,40.04,0.191,20.31,20.0,20.14,1,2.19,OB251115
KMT-2025-BLG-1636,BLG17K0302.027146,17:42:56.74,-33:00:26.53,60872.03725,54.45,0.016,21.18,20.0,20.72,2,3.2,
KMT-2025-BLG-1637,BLG17N0407.033730,17:47:48.25,-33:29:53.70,60893.28522,54.04,0.119,19.97,19.48,19.48,1,1.76,MB250245
KMT-2025-BLG-1638,BLG18K0603.091076,17:42:42.88,-26:21:26.82,60859.14173,19.24,0.213,21.75,20.0,21.78,2,2.96,
KMT-2025-BLG-1639,BLG19M0106.051536,17:50:07.62,-23:53:04.31,60860.0804,5.8,0.305,21.0,20.0,21.22,2,2.42,
KMT-2025-BLG-1640,BLG19M0307.004868,17:49:14.35,-23:45:02.59,60943.21484,199.99,0.053,19.06,17.94,17.94,2,2.23,
KMT-2025-BLG-1641,BLG19N0803.021842,17:46:35.08,-25:26:01.14,60867.97664,24.36,0.592,20.84,20.0,20.54,2,3.09,
KMT-2025-BLG-1642,BLG22T0608.004014,17:51:02.63,-33:18:04.21,60890.11682,23.65,0.551,17.5,17.39,17.39,2,1.67,MB250221 OB251069
KMT-2025-BLG-1643,BLG22T0707.095396,17:50:24.29,-33:26:28.43,60880.02502,32.65,0.277,20.16,20.0,25.0,3,1.65,OB251146
KMT-2025-BLG-1644,BLG32T0102.040448,18:10:39.48,-28:50:44.30,60875.7104,18.82,0.469,19.33,19.38,19.38,1,0.76,OB251169
KMT-2025-BLG-1645,BLG34N0204.012890,18:08:11.63,-32:46:44.29,60943.99689,113.51,0.719,19.27,19.05,19.05,1,0.95,
KMT-2025-BLG-1646,BLG41T0404.033860,17:51:44.80,-31:52:41.02,60874.29796,22.59,0.676,19.96,19.98,19.98,1,2.74,
KMT-2025-BLG-1647,BLG43M0708.028937,18:02:46.69,-27:00:35.71,60862.34372,52.73,0.024,22.56,19.66,19.66,1,1.97,OB251006
KMT-2025-BLG-1648,SAO43T0506.004841,17:59:09.60,-28:28:03.61,60883.59306,43.73,0.999,16.87,16.13,16.13,1,1.38,MB250172 OB250988
KMT-2025-BLG-1649,BLG01K0207.046934,17:53:31.94,-30:12:04.72,60861.60262,8.08,0.028,21.87,19.58,19.58,2,1.46,
KMT-2025-BLG-1650,BLG02M0804.065355,17:54:51.77,-28:29:12.48,60859.2724,27.23,0.072,22.24,20.0,20.73,2,2.48,
KMT-2025-BLG-1651,SSO02T0208.025929,17:53:41.72,-29:08:19.21,60863.72083,17.01,0.009,21.0,18.53,18.53,1,1.58,MB250174 PB250264
KMT-2025-BLG-1652,BLG03T0403.023716,17:59:58.31,-28:40:58.40,60880.57686,41.34,0.359,19.94,18.27,18.27,1,1.26,
KMT-2025-BLG-1653,BLG04K0501.065674,18:01:10.53,-29:53:59.71,60861.18973,9.48,0.763,19.13,19.59,19.59,1,1.03,
KMT-2025-BLG-1654,BLG04K0607.013442,18:00:20.38,-29:08:47.62,60860.218,6.08,0.676,18.01,17.89,17.89,1,1.03,
KMT-2025-BLG-1655,BLG11K0104.006512,17:27:05.84,-29:28:11.89,60900.50906,42.11,0.297,17.94,17.93,17.93,1,1.86,OB251119
KMT-2025-BLG-1656,BLG11T0208.006625,17:26:21.39,-30:04:25.54,60861.96982,6.08,0.37,20.95,18.83,18.83,2,2.44,
KMT-2025-BLG-1657,BLG14K0803.033863,17:32:09.20,-28:32:46.03,60867.59294,92.7,0.009,23.39,20.0,20.8,2,2.72,
KMT-2025-BLG-1658,BLG14T0303.009160,17:34:58.90,-29:38:20.22,60922.04338,69.34,0.066,18.9,18.91,18.91,2,2.92,OB251207
KMT-2025-BLG-1659,BLG15N0603.029620,17:38:30.70,-27:33:39.17,60884.47943,38.82,0.142,20.61,20.0,20.39,4,2.64,
KMT-2025-BLG-1660,BLG15T0206.037214,17:35:44.34,-27:12:40.00,60872.56748,35.76,0.259,19.6,19.82,19.82,1,2.18,
KMT-2025-BLG-1661,BLG16K0807.048112,17:32:36.06,-23:48:01.01,60862.11327,7.67,0.304,20.91,20.0,21.64,2,-9.99,
KMT-2025-BLG-1662,BLG16T0208.018789,17:36:09.14,-24:45:22.68,60874.57546,23.15,0.3,20.29,20.0,20.56,2,2.47,OB251215
KMT-2025-BLG-1663,BLG18K0206.066135,17:45:13.23,-25:58:52.72,60860.91384,17.6,0.002,24.21,20.0,21.25,2,2.5,
KMT-2025-BLG-1664,SAO19M0504.011906,17:47:49.29,-24:07:16.54,60880.4742,49.0,0.518,19.24,19.13,19.13,2,2.31,OB251035
KMT-2025-BLG-1665,BLG19M0807.005409,17:46:24.07,-23:43:38.78,60889.78021,48.0,0.467,18.79,17.68,17.68,1,1.83,OB251200
KMT-2025-BLG-1666,BLG22K0702.025518,17:50:18.77,-33:01:01.31,60862.68405,1.79,0.654,19.45,19.42,19.42,1,1.82,
KMT-2025-BLG-1667,BLG22M0307.068170,17:57:46.19,-32:24:25.49,60864.30775,10.0,0.239,20.35,20.0,20.32,1,1.18,
KMT-2025-BLG-1668,BLG22N0501.004121,17:56:40.45,-34:17:28.39,60872.14904,26.36,0.999,18.57,17.22,17.22,1,0.9,OB251157
KMT-2025-BLG-1669,BLG34K0405.068613,18:01:40.53,-31:30:22.79,60868.16281,13.2,0.804,20.02,20.0,20.32,1,0.97,
KMT-2025-BLG-1670,BLG35K0305.021015,18:02:58.97,-25:11:51.00,60860.60911,7.97,0.9,20.07,20.0,20.5,2,3.1,
KMT-2025-BLG-1671,BLG35N0808.018165,18:04:56.45,-25:56:45.10,60862.5116,5.5,0.085,21.22,19.77,19.77,1,2.57,
KMT-2025-BLG-1672,BLG42K0207.081885,17:53:13.92,-28:19:09.55,60862.23049,7.66,0.145,21.04,20.0,25.0,3,2.82,OB251059
KMT-2025-BLG-1673,BLG42K0402.051705,17:52:01.25,-28:56:33.43,60866.37913,52.25,0.451,20.41,20.0,20.91,2,3.24,
KMT-2025-BLG-1674,BLG42K0508.018671,17:51:27.63,-28:06:33.80,60861.65087,8.14,0.109,23.04,20.0,20.99,3,5.53,PB250247
KMT-2025-BLG-1675,BLG42N0601.009614,17:55:39.25,-30:12:17.71,60862.05832,151.26,0.016,23.47,17.67,17.67,1,1.76,
KMT-2025-BLG-1676,SSO42T0203.019561,17:53:09.53,-29:51:31.21,60862.75362,36.78,0.088,21.1,18.18,18.18,1,1.61,MB250169 OB250981
KMT-2025-BLG-1677,SAO43K0402.026548,17:59:37.97,-27:46:34.72,60885.06525,107.33,0.04,21.64,18.95,18.95,1,2.0,OB251071
KMT-2025-BLG-1678,BLG02N0204.050330,17:58:19.69,-29:37:35.40,60861.45005,23.46,0.424,19.6,19.09,19.09,1,1.17,OB250991
KMT-2025-BLG-1679,BLG04K0305.002563,18:02:11.96,-29:27:45.00,60892.96154,15.51,0.189,15.92,15.93,15.93,1,1.45,MB250216 OB251092
KMT-2025-BLG-1680,BLG15N0505.047378,17:38:43.24,-27:19:22.66,60870.89098,25.77,0.045,20.53,20.0,20.67,2,2.63,OB251138
KMT-2025-BLG-1681,BLG19M0306.005817,17:49:11.15,-23:52:55.85,60870.13607,18.25,0.9,19.87,18.25,18.25,2,2.37,
KMT-2025-BLG-1682,BLG19N0304.017692,17:49:13.17,-25:19:43.10,60865.27531,19.65,0.182,21.77,20.0,22.0,2,6.64,PB250278
KMT-2025-BLG-1683,BLG22M0803.003608,17:54:46.05,-32:54:27.40,60870.74732,41.28,0.403,19.96,16.58,16.58,1,1.21,
KMT-2025-BLG-1684,BLG22N0505.056195,17:56:47.70,-33:44:29.62,60873.36232,27.63,0.73,19.91,19.97,19.97,1,0.86,
KMT-2025-BLG-1685,BLG35M0707.000452,18:05:22.62,-25:00:52.45,60871.21879,59.5,0.222,17.49,15.77,15.77,4,3.47,
KMT-2025-BLG-1686,BLG35T0102.001271,18:04:03.52,-26:45:06.77,60868.52254,56.61,0.468,19.97,16.02,16.02,3,1.94,
KMT-2025-BLG-1687,BLG36T0107.018411,18:15:13.70,-23:55:36.95,60871.33554,16.72,0.071,19.6,19.53,19.53,4,1.31,MB250190 OB251101
KMT-2025-BLG-1688,BLG43T0108.005212,18:01:29.92,-28:13:58.40,60913.32646,47.21,0.796,17.7,16.73,16.73,1,1.43,OB251010
KMT-2025-BLG-1689,BLG02T0105.015596,17:54:01.39,-29:28:21.00,60867.34443,13.3,0.011,20.61,17.91,17.91,1,1.69,OB251064 OB251066 PB250271
KMT-2025-BLG-1690,BLG03T0301.078885,18:00:22.77,-28:57:29.48,60892.19873,199.99,0.01,20.57,19.52,19.52,1,0.88,MB250218
KMT-2025-BLG-1691,BLG04T0608.047978,18:00:32.81,-30:12:25.70,60866.97328,10.73,0.289,19.56,19.24,19.24,1,1.03,
KMT-2025-BLG-1692,SAO17N0706.004058,17:45:42.55,-33:39:12.10,60945.62207,36.99,0.184,16.72,16.5,16.5,1,1.47,MB250312 OB251460
KMT-2025-BLG-1693,BLG22T0502.044908,17:51:42.31,-34:09:16.88,60861.43162,10.92,0.897,20.0,20.0,20.34,2,1.45,
KMT-2025-BLG-1694,BLG34K0708.027495,18:00:10.02,-31:10:40.80,60867.43897,18.75,0.179,21.16,19.16,19.16,1,1.42,
KMT-2025-BLG-1695,BLG35K0201.027634,18:03:12.32,-25:41:02.72,60871.20196,54.31,0.016,21.49,20.0,21.85,2,4.24,MB250186
KMT-2025-BLG-1696,BLG37K0402.017342,17:42:13.29,-35:10:50.74,60894.36872,35.46,0.495,19.29,19.34,19.34,2,1.91,OB251241
KMT-2025-BLG-1697,BLG17K0101.008710,17:44:27.06,-33:11:06.54,60862.17203,1.69,0.149,18.94,19.04,19.04,2,2.9,
KMT-2025-BLG-1698,BLG01T0208.027641,17:53:31.77,-31:14:43.40,60866.87603,175.31,0.062,23.12,19.32,19.32,1,2.11,
KMT-2025-BLG-1699,BLG22K0306.030632,17:52:58.37,-32:28:27.08,60891.38673,47.28,0.595,19.14,19.15,19.15,1,1.42,OB251236
KMT-2025-BLG-1700,SAO42M0807.002411,17:54:18.72,-28:16:58.15,60881.84215,14.85,0.039,16.93,16.9,16.9,2,2.77,MB250207 OB251061
KMT-2025-BLG-1701,BLG01M0807.073298,17:54:52.08,-30:15:28.91,60871.85575,8.71,0.311,19.24,20.0,21.0,2,1.93,
KMT-2025-BLG-1702,BLG01T0205.018485,17:53:12.83,-31:38:49.09,60883.19715,28.12,0.719,18.95,19.04,19.04,1,1.95,
KMT-2025-BLG-1703,SSO02M0808.022913,17:54:53.26,-28:02:31.85,60870.32347,53.44,0.057,21.38,20.0,20.61,2,4.08,OB251070 PB250260
KMT-2025-BLG-1704,BLG02N0206.033268,17:58:13.24,-29:20:46.21,60866.39443,3.49,0.349,19.3,18.8,18.8,1,1.61,
KMT-2025-BLG-1705,BLG02N0606.078656,17:55:58.71,-29:24:18.40,60873.35263,14.39,0.206,20.76,19.9,19.9,1,1.97,OB251079
KMT-2025-BLG-1706,BLG02T0108.013268,17:54:04.08,-29:10:51.49,60892.19802,19.51,0.309,17.66,17.33,17.33,1,1.52,MB250262 OB250977 PB250300
KMT-2025-BLG-1707,BLG03M0704.071003,18:02:57.79,-27:29:01.10,60867.61161,108.44,0.002,24.6,20.0,20.16,1,1.4,
KMT-2025-BLG-1708,BLG04K0405.053262,18:01:31.35,-29:26:12.01,60941.70152,199.96,0.002,23.29,19.48,19.48,1,1.2,MB250333 OB251163
KMT-2025-BLG-1709,BLG04N0807.010284,18:04:07.65,-30:18:56.41,60867.1088,3.95,0.157,19.28,18.11,18.11,1,1.04,
KMT-2025-BLG-1710,BLG11M0704.035398,17:28:25.49,-29:23:38.80,60866.55223,15.54,0.3,20.72,20.0,20.14,2,2.11,
KMT-2025-BLG-1711,BLG11N0405.051779,17:30:13.90,-30:26:14.39,60870.75087,9.22,0.998,19.88,20.0,20.84,2,2.57,
KMT-2025-BLG-1712,BLG12K0502.026753,17:24:52.55,-27:34:14.81,60873.78645,43.58,0.659,19.86,19.88,19.88,1,1.73,
KMT-2025-BLG-1713,BLG15N0806.018776,17:37:12.62,-27:11:44.88,60887.8201,52.55,0.354,20.82,20.0,20.0,2,2.66,
KMT-2025-BLG-1714,BLG16M0607.004673,17:38:41.17,-23:43:37.60,60878.14739,53.62,0.067,21.3,18.47,18.47,2,1.63,OB251120
KMT-2025-BLG-1715,BLG16M0807.001450,17:37:09.81,-23:46:34.54,60900.82566,21.01,0.449,16.75,16.77,16.77,2,1.82,
KMT-2025-BLG-1716,BLG16T0508.013787,17:34:13.69,-24:46:27.41,60862.04084,59.23,0.24,21.98,20.0,20.73,2,2.84,
KMT-2025-BLG-1717,BLG17M0803.017763,17:45:14.36,-32:50:22.09,60871.20485,19.8,0.017,21.48,20.0,20.57,2,3.75,
KMT-2025-BLG-1718,BLG17N0603.049324,17:46:03.83,-34:02:07.30,60859.08691,50.24,0.301,20.72,19.79,19.79,1,1.76,
KMT-2025-BLG-1719,BLG17T0106.022820,17:44:18.50,-33:35:37.50,60881.56541,69.47,0.104,20.84,19.41,19.41,1,1.9,OB251112
KMT-2025-BLG-1720,BLG17T0704.030425,17:40:28.53,-33:55:32.95,60871.43777,22.85,0.104,21.58,20.0,20.57,2,2.4,
KMT-2025-BLG-1721,BLG18K0607.052873,17:42:47.91,-25:53:28.86,60883.00761,15.49,0.263,19.93,20.0,21.16,2,2.93,OB251206
KMT-2025-BLG-1722,BLG18K0703.029897,17:42:04.35,-26:22:27.30,60872.18629,36.05,0.035,22.14,20.0,20.6,2,3.13,
KMT-2025-BLG-1723,BLG18M0505.004194,17:47:59.00,-26:04:42.89,60868.76575,24.87,0.015,21.46,20.0,20.51,4,5.81,
KMT-2025-BLG-1724,BLG18M0807.057141,17:46:14.49,-25:49:21.25,60870.31252,8.01,0.315,20.11,20.0,21.27,2,2.63,
KMT-2025-BLG-1725,BLG18T0207.078300,17:44:54.59,-27:02:40.56,60871.99929,7.0,0.375,20.01,20.0,22.19,2,3.79,PB250281
KMT-2025-BLG-1726,BLG18T0407.030613,17:43:39.22,-27:00:57.67,60867.73102,10.49,0.011,22.54,20.0,21.03,2,3.53,PB250273
KMT-2025-BLG-1727,BLG19K0302.065557,17:44:35.99,-24:28:38.42,60869.51354,15.57,0.103,21.11,20.0,21.31,2,2.33,
KMT-2025-BLG-1728,BLG19N0805.002973,17:46:31.03,-25:12:13.64,60877.59114,9.44,0.233,18.21,18.25,18.25,2,3.51,OB251125 OB251139
KMT-2025-BLG-1729,BLG20N0605.048628,17:47:25.54,-23:02:39.41,60872.65541,24.43,0.78,20.16,19.7,19.7,1,1.39,
KMT-2025-BLG-1730,BLG20N0802.053444,17:46:32.49,-23:23:55.61,60874.35023,17.39,0.029,20.54,20.0,20.07,1,1.54,OB251124
KMT-2025-BLG-1731,BLG20T0205.012037,17:45:14.74,-23:04:48.68,60866.7454,21.82,0.2,21.42,18.96,18.96,1,1.59,
KMT-2025-BLG-1732,BLG32M0805.032636,18:11:38.32,-27:19:55.49,60873.34975,9.06,0.55,18.76,18.92,18.92,1,0.67,MB250189
KMT-2025-BLG-1733,BLG33K0102.022524,18:12:51.06,-29:48:00.79,60878.66792,16.04,0.878,18.91,18.94,18.94,1,0.56,OB251097
KMT-2025-BLG-1734,BLG34K0308.006322,18:02:33.84,-31:13:32.81,60880.27902,43.87,0.274,18.61,17.82,17.82,1,1.12,MB250251
KMT-2025-BLG-1735,BLG34N0605.007143,18:05:41.64,-32:42:15.19,60880.23223,15.7,0.568,18.28,18.31,18.31,1,1.1,MB250223 OB251165
KMT-2025-BLG-1736,BLG34T0105.000561,18:03:45.28,-32:37:44.40,60917.82027,63.11,0.997,17.08,14.89,14.89,1,0.97,
KMT-2025-BLG-1737,BLG35N0107.076099,18:08:44.13,-26:03:03.71,60868.53509,8.67,0.193,20.28,20.0,20.8,1,1.35,
KMT-2025-BLG-1738,BLG35N0607.005074,18:05:57.92,-26:00:55.40,60872.09764,20.24,0.04,20.9,17.7,17.7,1,2.11,MB250187
KMT-2025-BLG-1739,BLG35N0607.059036,18:05:51.80,-26:05:44.30,60872.48674,28.15,0.104,21.58,20.0,20.76,1,2.24,
KMT-2025-BLG-1740,SAO41K0504.000811,17:51:29.52,-30:46:08.80,60881.58794,51.01,0.902,16.59,15.22,15.22,1,2.27,
KMT-2025-BLG-1741,BLG41N0307.004039,17:57:36.53,-31:29:16.30,60868.65189,7.48,0.838,19.09,16.9,16.9,1,1.58,
KMT-2025-BLG-1742,BLG41T0208.004946,17:52:56.51,-31:20:23.50,60907.58785,21.35,0.878,17.02,17.04,17.04,1,2.09,MB250285
KMT-2025-BLG-1743,BLG42K0207.002897,17:53:20.90,-28:17:16.66,60881.11363,8.66,0.555,16.96,17.01,17.01,2,2.73,MB250228 PB250297
KMT-2025-BLG-1744,BLG42N0108.027158,17:58:46.88,-29:13:39.90,60868.94916,2.57,0.029,18.61,18.32,18.32,1,1.01,MB250182 OB251076
KMT-2025-BLG-1745,SSO42N0706.058151,17:55:07.64,-29:31:52.61,60870.0749,2.33,0.516,19.39,19.12,19.12,1,1.29,
KMT-2025-BLG-1746,BLG42T0102.003007,17:53:58.21,-30:02:00.89,60959.83116,40.51,0.204,15.82,15.82,15.82,1,1.5,MB250261 OB251221 PB250353
KMT-2025-BLG-1747,BLG42T0404.077503,17:52:10.40,-29:48:37.58,60869.94259,29.42,0.003,21.83,20.0,20.37,1,2.36,MB250183 OB251063 PB250277
KMT-2025-BLG-1748,BLG02K0301.059961,17:52:46.05,-28:53:04.56,60875.03895,148.18,0.002,23.39,20.0,20.92,3,3.05,MB250205 OB251057 PB250295
KMT-2025-BLG-1749,BLG04M0807.023342,18:04:06.49,-29:07:37.42,60874.67506,40.69,0.104,19.58,18.52,18.52,1,0.91,MB250162 OB251007
KMT-2025-BLG-1750,BLG04N0806.001029,18:03:59.67,-30:28:38.10,60875.80826,4.86,0.393,15.37,15.27,15.27,1,1.13,MB250184 OB251093
KMT-2025-BLG-1751,BLG12N0502.043094,17:29:31.69,-28:44:20.36,60871.67401,8.97,0.109,20.92,20.0,20.58,2,1.96,
KMT-2025-BLG-1752,BLG15M0307.084023,17:40:06.78,-25:57:10.84,60869.21978,7.41,0.853,20.0,20.0,25.0,3,3.21,
KMT-2025-BLG-1753,BLG17N0805.051062,17:45:02.53,-33:48:15.70,60882.83063,25.19,0.177,19.81,19.79,19.79,1,1.71,MB250225 OB251240
KMT-2025-BLG-1754,BLG18T0705.038863,17:42:09.40,-27:14:56.15,60871.82755,14.1,0.111,21.56,20.0,21.37,2,3.85,
KMT-2025-BLG-1755,BLG19M0704.060298,17:47:06.78,-24:07:43.75,60872.67763,51.4,0.033,22.59,20.0,21.08,2,2.31,
KMT-2025-BLG-1756,BLG22M0607.082092,17:56:01.27,-32:25:06.89,60871.38276,29.63,0.053,22.11,20.0,21.96,2,1.77,
KMT-2025-BLG-1757,BLG32K0304.002431,18:09:24.99,-27:23:59.50,60888.01584,15.04,0.463,17.94,15.78,15.78,1,0.92,MB250219 OB251094
KMT-2025-BLG-1758,BLG34N0601.040887,18:05:27.66,-33:10:47.50,60874.81171,27.93,0.163,21.42,20.0,20.22,1,0.87,
KMT-2025-BLG-1759,BLG35T0504.055147,18:01:35.85,-26:24:43.38,60870.69129,12.64,0.078,21.22,20.0,21.37,2,2.78,
KMT-2025-BLG-1760,BLG38T0802.001189,17:50:36.93,-23:24:37.87,60873.07149,1.84,0.669,16.54,16.46,16.46,2,2.27,OB251245
KMT-2025-BLG-1761,BLG01T0502.011557,17:51:51.62,-32:03:01.30,60877.85192,186.62,0.016,22.59,18.83,18.83,1,2.12,OB251184
KMT-2025-BLG-1762,BLG02N0303.070834,17:57:37.37,-29:44:10.39,60881.70391,43.08,0.267,20.3,19.69,19.69,1,1.33,OB251073
KMT-2025-BLG-1763,SAO17K0704.069911,17:40:51.58,-32:43:29.10,60872.07795,11.41,0.107,21.78,20.0,22.69,3,3.55,
KMT-2025-BLG-1764,BLG17K0708.011600,17:40:29.87,-32:16:28.70,60918.72576,200.0,0.215,19.7,20.0,20.94,3,5.53,
KMT-2025-BLG-1765,SAO17N0801.000288,17:45:06.27,-34:17:25.12,60864.08018,199.88,0.918,14.3,14.13,14.13,1,1.54,MB250331
KMT-2025-BLG-1766,SAO42K0202.016893,17:53:09.42,-28:51:19.33,60871.48391,3.42,0.071,20.35,18.74,18.74,2,2.5,OB251056 PB250286
KMT-2025-BLG-1767,SAO02K0207.026709,17:53:34.32,-28:10:08.94,60872.59004,0.52,0.207,19.99,20.0,20.43,2,3.27,
KMT-2025-BLG-1768,BLG02N0505.015759,17:56:26.82,-29:28:27.59,60891.40205,22.13,0.072,18.88,18.01,18.01,1,1.67,MB250243 OB251078
KMT-2025-BLG-1769,SAO02T0404.080785,17:52:05.73,-29:41:58.56,60872.84762,123.44,0.034,23.64,20.0,20.46,2,2.63,
KMT-2025-BLG-1770,BLG03N0605.064779,18:03:29.33,-28:29:22.81,60879.66793,14.48,0.369,19.46,19.38,19.38,1,0.96,
KMT-2025-BLG-1771,SSO04K0307.093788,18:01:58.76,-29:13:46.09,60877.97071,21.39,0.023,20.36,20.0,20.41,1,1.19,MB250209
KMT-2025-BLG-1772,BLG04K0806.070205,17:59:17.68,-29:16:12.11,60875.5762,66.06,0.033,23.32,19.55,19.55,1,1.12,
KMT-2025-BLG-1773,BLG04M0501.033905,18:06:13.51,-29:57:02.20,60876.59676,6.93,0.52,19.84,19.09,19.09,1,0.85,MB250202
KMT-2025-BLG-1774,SSO04T0804.046519,17:59:24.17,-30:39:55.51,60872.08876,11.76,0.463,19.71,19.75,19.75,1,1.48,
KMT-2025-BLG-1775,BLG11N0105.004648,17:31:51.98,-30:26:34.33,60887.41347,9.99,0.632,18.1,18.15,18.15,2,3.12,
KMT-2025-BLG-1776,BLG11N0106.086571,17:32:09.68,-30:18:58.97,60874.27396,7.23,0.032,21.76,20.0,21.59,2,2.45,
KMT-2025-BLG-1777,BLG14K0701.003932,17:32:47.79,-28:46:26.72,60884.94881,20.31,0.981,19.23,18.76,18.76,2,3.53,
KMT-2025-BLG-1778,BLG14M0304.009850,17:40:06.64,-28:22:51.67,60878.27962,19.99,0.4,21.18,19.46,19.46,2,3.85,
KMT-2025-BLG-1779,BLG14M0507.067573,17:38:49.93,-28:04:38.71,60871.07653,177.75,0.024,24.44,20.0,21.3,2,2.9,
KMT-2025-BLG-1780,BLG14T0402.110594,17:34:27.75,-29:48:07.16,60877.18544,31.47,0.082,21.09,20.0,25.0,3,2.68,
KMT-2025-BLG-1781,BLG14T0706.039345,17:33:11.22,-29:17:18.42,60878.88834,38.27,0.002,23.94,20.0,20.81,3,2.82,
KMT-2025-BLG-1782,BLG15N0507.044995,17:38:56.45,-27:04:12.11,60876.43576,29.38,0.094,22.49,20.0,20.98,2,2.92,
KMT-2025-BLG-1783,BLG16T0201.034189,17:36:04.35,-25:42:30.46,60877.4222,29.06,0.089,21.66,20.0,21.73,2,3.21,
KMT-2025-BLG-1784,SAO17K0203.041783,17:43:44.15,-32:52:08.58,60878.4661,16.57,0.279,20.66,20.0,21.4,2,3.27,
KMT-2025-BLG-1785,SAO17T0103.066798,17:44:04.40,-33:58:14.02,60873.91569,4.33,0.163,20.38,20.0,20.63,1,2.17,
KMT-2025-BLG-1786,BLG20K0708.014937,17:42:12.19,-21:32:06.22,60877.9699,30.84,0.183,20.74,18.99,18.99,1,1.32,OB251199
KMT-2025-BLG-1787,BLG20M0408.014784,17:48:27.00,-21:33:32.15,60874.29165,10.75,0.034,20.88,19.2,19.2,4,1.84,
KMT-2025-BLG-1788,BLG21T0303.048323,17:52:41.91,-36:03:51.59,60874.15334,10.18,0.581,20.02,20.0,20.39,1,0.74,
KMT-2025-BLG-1789,BLG22M0202.003304,17:58:13.19,-32:58:09.80,60887.27059,18.16,0.789,18.16,17.09,17.09,1,1.39,OB251156
KMT-2025-BLG-1790,BLG31N0401.012018,18:16:14.50,-26:50:47.18,60913.2079,24.74,0.039,19.49,18.31,18.31,1,0.85,OB251285 OB251329
KMT-2025-BLG-1791,BLG33K0802.057545,18:09:01.00,-29:51:54.50,60879.46406,43.43,0.11,21.53,20.0,20.06,1,0.73,OB251172
KMT-2025-BLG-1792,BLG34K0302.005531,18:02:17.37,-31:52:38.78,60901.22929,16.24,0.379,17.67,17.66,17.66,1,1.05,OB251167
KMT-2025-BLG-1793,BLG34T0104.021635,18:03:31.58,-32:48:13.72,60878.18457,30.52,0.201,20.81,19.29,19.29,1,1.21,OB251166
KMT-2025-BLG-1794,BLG35N0302.050315,18:07:35.14,-26:44:40.49,60887.29701,20.2,0.19,19.39,19.42,19.42,1,0.98,OB251168
KMT-2025-BLG-1795,BLG36N0803.025144,18:16:09.68,-24:27:04.79,60881.0351,16.29,0.077,19.65,19.5,19.5,1,1.39,MB250231 OB251237
KMT-2025-BLG-1796,BLG37T0604.017731,17:41:09.54,-35:55:54.34,60880.42513,37.65,0.178,21.47,20.0,20.17,2,2.37,
KMT-2025-BLG-1797,BLG38T0601.003138,17:51:52.59,-23:34:55.06,60942.43803,26.12,1.0,18.27,17.2,17.2,4,2.82,OB251203
KMT-2025-BLG-1798,BLG41K0504.007802,17:51:07.25,-30:42:17.50,60922.94906,97.25,0.564,18.17,17.48,17.48,1,2.33,OB251098
KMT-2025-BLG-1799,BLG41K0604.029422,17:50:52.43,-30:44:29.29,60878.43753,9.72,1.0,19.46,19.45,19.45,1,2.44,
KMT-2025-BLG-1800,BLG41K0807.012312,17:49:23.56,-30:24:56.09,60874.50372,70.89,0.199,21.91,19.1,19.1,1,3.91,
KMT-2025-BLG-1801,BLG41M0604.004152,17:55:35.53,-30:43:00.59,60881.87158,4.23,0.95,16.32,16.35,16.35,1,1.65,MB250210 OB251155
KMT-2025-BLG-1802,BLG41N0401.042808,17:56:59.99,-32:12:06.01,60878.02794,49.16,0.015,22.39,19.61,19.61,1,1.41,MB250220 MB250234
KMT-2025-BLG-1803,BLG42N0604.050043,17:55:55.20,-29:46:08.40,60883.23674,55.52,0.144,20.41,19.13,19.13,1,1.53,OB251075
KMT-2025-BLG-1804,SAO42N0708.004111,17:55:15.50,-29:14:05.89,60884.77192,31.37,0.483,19.29,16.41,16.41,1,2.11,OB251081
KMT-2025-BLG-1805,BLG42T0208.025355,17:53:01.47,-29:19:32.09,60874.1538,3.11,0.037,21.54,18.76,18.76,1,2.3,
KMT-2025-BLG-1806,BLG42T0508.000316,17:51:32.96,-29:19:18.01,60889.40074,199.65,0.088,19.41,14.88,14.88,1,3.36,MB250212 OB251067
KMT-2025-BLG-1807,BLG01K0204.023287,17:53:24.86,-30:37:29.71,60890.22553,16.61,0.061,19.18,19.15,19.15,1,2.06,MB250236 OB251183
KMT-2025-BLG-1808,BLG01M0606.019667,17:56:04.56,-30:20:54.10,60876.72277,26.25,0.015,21.68,19.01,19.01,1,2.06,
KMT-2025-BLG-1809,BLG01N0802.022229,17:54:53.16,-31:57:27.40,60879.40406,49.36,0.085,22.2,19.05,19.05,1,1.5,
KMT-2025-BLG-1810,BLG02M0208.045152,17:58:02.70,-28:04:59.70,60879.58385,8.41,0.365,20.28,19.97,19.97,1,2.38,OB251149
KMT-2025-BLG-1811,BLG02T0408.023451,17:52:05.80,-29:07:44.69,60888.37959,22.74,0.412,19.56,19.18,19.18,1,3.21,OB251054 PB250309
KMT-2025-BLG-1812,BLG02T0506.000934,17:51:36.53,-29:26:43.40,60899.8526,30.02,0.999,17.88,15.58,15.58,1,3.44,
KMT-2025-BLG-1813,BLG03K0306.071905,18:00:18.91,-27:10:45.91,60876.40282,10.84,0.011,22.4,20.0,20.14,1,1.88,OB251088
KMT-2025-BLG-1814,BLG03M0608.079730,18:03:33.53,-26:56:29.51,60873.47323,101.91,0.052,23.21,20.0,20.56,1,1.55,OB251089
KMT-2025-BLG-1815,BLG03N0307.051891,18:05:00.70,-28:13:37.49,60875.2432,41.54,0.04,22.18,19.06,19.06,1,0.87,
KMT-2025-BLG-1816,BLG03T0606.095738,17:58:45.69,-28:16:59.41,60875.83047,6.72,0.094,20.68,20.0,20.62,1,1.53,MB250200
KMT-2025-BLG-1817,BLG04N0304.027722,18:07:14.09,-30:38:17.20,60882.19238,29.66,0.2,21.19,19.39,19.39,1,0.91,
KMT-2025-BLG-1818,BLG04T0104.029829,18:03:20.79,-30:38:55.50,60876.72302,2.51,0.408,19.47,19.54,19.54,1,1.77,
KMT-2025-BLG-1819,BLG04T0407.010246,18:01:39.64,-30:19:48.40,60933.75005,149.6,0.335,19.79,17.84,17.84,1,1.06,OB251233
KMT-2025-BLG-1820,SAO11K0503.002465,17:24:27.51,-29:33:17.21,60927.33146,37.97,0.595,17.31,16.64,16.64,1,1.9,OB251195
KMT-2025-BLG-1821,BLG11M0808.014026,17:27:49.50,-28:56:36.74,60878.48086,10.04,0.019,21.32,19.59,19.59,2,1.93,
KMT-2025-BLG-1822,BLG14M0306.016575,17:39:53.32,-28:05:26.48,60891.86431,20.16,0.093,20.14,19.91,19.91,2,3.04,OB251248 PB250333
KMT-2025-BLG-1823,BLG15M0504.003273,17:38:55.49,-26:16:21.68,60940.37465,39.9,0.311,18.71,17.93,17.93,2,2.93,OB251338
KMT-2025-BLG-1824,BLG15N0101.083433,17:41:06.51,-27:47:09.92,60877.98295,30.66,0.021,22.77,20.0,22.01,2,3.19,
KMT-2025-BLG-1825,BLG16K0706.008583,17:33:19.82,-23:56:41.93,60877.73259,7.52,0.972,19.21,19.28,19.28,2,1.7,
KMT-2025-BLG-1826,BLG17M0302.053677,17:48:15.52,-32:57:49.25,60893.40213,60.42,0.256,20.9,20.0,21.64,2,2.9,
KMT-2025-BLG-1827,SAO17M0506.008311,17:47:10.74,-32:31:35.76,60885.63154,30.36,0.012,20.26,20.0,20.33,2,3.83,OB251209
KMT-2025-BLG-1828,BLG17N0405.004162,17:47:23.29,-33:47:08.20,60878.53847,28.99,0.097,22.25,17.5,17.5,1,3.31,
KMT-2025-BLG-1829,BLG17N0602.075086,17:46:30.16,-34:11:06.22,60876.68688,60.29,0.032,23.21,20.0,20.67,1,1.6,
KMT-2025-BLG-1830,BLG18M0806.006520,17:46:18.22,-25:57:21.10,60886.74908,17.25,0.892,18.43,18.48,18.48,2,3.01,
KMT-2025-BLG-1831,BLG19T0308.053058,17:44:39.94,-24:47:23.75,60876.26308,11.5,0.017,23.08,20.0,21.27,2,2.73,
KMT-2025-BLG-1832,BLG20M0603.029537,17:47:36.97,-22:12:01.30,60874.96958,63.66,0.018,23.92,20.0,20.52,1,1.66,
KMT-2025-BLG-1833,BLG20N0502.034548,17:48:14.11,-23:21:47.20,60891.6462,28.18,0.076,20.03,19.64,19.64,1,1.69,
KMT-2025-BLG-1834,BLG20N0507.042658,17:48:08.01,-22:43:57.50,60917.91787,50.43,0.204,19.97,19.87,19.87,1,1.7,OB251337
KMT-2025-BLG-1835,BLG20T0307.049936,17:44:43.53,-22:50:19.79,60876.32191,3.15,0.181,20.02,20.0,21.39,2,1.9,
KMT-2025-BLG-1836,BLG21T0601.048428,17:51:07.46,-36:21:28.30,60875.43613,5.7,0.09,21.68,20.0,20.38,1,0.92,
KMT-2025-BLG-1837,BLG22T0104.049248,17:53:54.28,-33:55:32.59,60880.57036,28.31,0.566,20.13,19.8,19.8,1,1.25,
KMT-2025-BLG-1838,BLG31T0304.070505,18:11:55.33,-26:26:04.88,60882.0556,117.71,0.003,23.56,20.0,20.81,1,1.19,
KMT-2025-BLG-1839,BLG32M0302.002818,18:14:14.73,-27:38:37.72,60905.94583,27.07,0.895,16.45,16.47,16.47,1,0.56,MB250233 OB251095
KMT-2025-BLG-1840,BLG33T0104.041590,18:12:48.87,-30:43:57.29,60878.60417,9.16,0.039,20.67,20.0,20.36,2,0.45,OB251178
KMT-2025-BLG-1841,BLG34M0807.006531,18:04:34.64,-31:18:34.09,60894.31712,22.66,0.381,18.63,18.35,18.35,1,1.32,MB250246 OB251164
KMT-2025-BLG-1842,BLG34T0406.010054,18:01:35.31,-32:33:18.00,60874.53743,5.26,0.09,22.07,18.69,18.69,1,1.14,
KMT-2025-BLG-1843,BLG37K0202.089758,17:43:17.72,-35:06:41.51,60876.11664,9.08,0.091,21.19,20.0,21.57,2,1.56,
KMT-2025-BLG-1844,BLG37N0501.019421,17:47:01.11,-36:18:25.09,60881.68236,20.54,0.054,20.89,19.35,19.35,1,1.18,
KMT-2025-BLG-1845,BLG38T0608.056110,17:51:57.49,-22:36:27.79,60875.65885,19.34,0.112,22.5,20.0,20.47,1,1.71,
KMT-2025-BLG-1846,BLG42M0804.067623,17:54:19.38,-28:39:34.24,60877.83527,12.54,0.348,20.08,20.0,20.39,2,2.14,OB251055
KMT-2025-BLG-1847,BLG42N0607.048357,17:55:39.39,-29:22:16.00,60877.41599,12.83,0.008,21.55,19.07,19.07,1,1.5,MB250214 OB251080 PB250299
KMT-2025-BLG-1848,SAO42T0101.032966,17:53:49.95,-30:12:13.90,60882.77931,13.84,0.115,19.69,18.95,18.95,2,1.42,MB250230 OB251062
KMT-2025-BLG-1849,BLG43K0401.034085,17:59:24.57,-27:55:33.89,60934.88267,4.16,0.928,19.1,19.11,19.11,1,1.77,
KMT-2025-BLG-1850,BLG01T0403.009408,17:52:16.99,-31:54:59.51,60886.90115,29.71,0.886,18.63,18.41,18.41,1,2.03,OB251185
KMT-2025-BLG-1851,SSO03K0506.007618,17:59:30.29,-27:08:54.20,60879.4176,20.71,0.089,22.25,17.39,17.39,1,2.17,
KMT-2025-BLG-1852,BLG16N0805.000518,17:37:09.03,-25:07:24.67,60916.04984,24.96,0.177,16.77,16.79,16.79,2,2.96,OB251303
KMT-2025-BLG-1853,BLG18K0602.060767,17:42:38.24,-26:31:25.10,60882.35378,10.87,0.085,20.98,20.0,21.18,2,3.08,
KMT-2025-BLG-1854,BLG22K0505.015268,17:51:20.96,-32:38:14.78,60883.99358,7.17,0.498,18.89,18.91,18.91,1,1.99,
KMT-2025-BLG-1855,BLG35M0401.033345,18:06:52.63,-25:45:17.39,60878.69126,14.08,0.293,20.62,19.5,19.5,1,1.64,
KMT-2025-BLG-1856,BLG42N0305.021002,17:57:35.24,-29:41:56.69,60883.16611,10.62,0.035,19.63,18.48,18.48,1,1.39,OB251152
KMT-2025-BLG-1857,BLG42N0608.020299,17:55:38.48,-29:13:22.30,60889.37689,11.91,0.037,18.79,18.31,18.31,1,1.78,MB250238 PB250325
KMT-2025-BLG-1858,BLG03T0201.062151,18:00:57.34,-28:57:51.52,60876.34856,3.07,0.999,19.57,19.24,19.24,1,0.95,
KMT-2025-BLG-1859,BLG04M0607.037677,18:05:11.81,-29:12:27.40,60881.2776,21.77,0.187,20.47,19.07,19.07,1,0.96,OB251160
KMT-2025-BLG-1860,SSO04T0103.000342,18:03:23.39,-30:44:36.71,60922.40191,51.06,0.998,16.51,14.58,14.58,1,1.34,OB251392
KMT-2025-BLG-1861,BLG11N0305.035479,17:30:37.80,-30:24:30.24,60879.41624,12.59,0.021,20.83,20.0,20.58,4,2.55,
KMT-2025-BLG-1862,BLG12T0202.007208,17:26:24.97,-28:42:00.50,60902.39839,82.7,0.985,19.18,18.97,18.97,2,2.11,
KMT-2025-BLG-1863,BLG12T0602.057039,17:24:29.59,-28:44:00.13,60878.33697,36.55,0.022,22.55,20.0,21.53,2,2.24,
KMT-2025-BLG-1864,BLG14N0607.003298,17:38:30.06,-29:11:38.04,60895.83047,38.65,0.902,19.37,18.44,18.44,2,4.3,OB251247
KMT-2025-BLG-1865,BLG16T0105.036459,17:36:20.15,-25:07:46.27,60879.07227,29.95,0.113,22.67,20.0,21.44,2,2.74,
KMT-2025-BLG-1866,BLG18K0104.011492,17:45:23.23,-26:18:06.37,60883.06772,19.17,0.118,20.45,19.43,19.43,2,3.27,
KMT-2025-BLG-1867,BLG19K0202.013317,17:45:10.96,-24:23:31.42,60881.40469,25.55,0.054,22.44,18.97,18.97,1,2.25,
KMT-2025-BLG-1868,BLG32T0803.018343,18:06:48.73,-28:42:45.11,60882.01182,7.08,0.114,19.89,18.46,18.46,1,0.9,
KMT-2025-BLG-1869,BLG36K0105.004707,18:15:19.71,-23:03:49.28,60893.8748,29.14,0.979,19.0,17.73,17.73,1,1.71,
KMT-2025-BLG-1870,BLG41K0106.007328,17:53:39.17,-30:31:46.88,60915.24795,34.53,0.906,18.44,17.0,17.0,1,1.6,
KMT-2025-BLG-1871,BLG41K0805.053515,17:49:41.38,-30:41:00.92,60879.51719,5.45,0.124,20.49,20.0,21.59,2,2.94,PB250320
KMT-2025-BLG-1872,BLG02M0106.036955,17:58:50.98,-28:14:21.41,60882.3128,10.19,0.159,20.42,19.11,19.11,1,1.58,OB251148
KMT-2025-BLG-1873,BLG11M0306.037885,17:30:55.07,-29:11:10.86,60892.81391,44.9,0.194,20.51,20.0,21.0,2,2.91,OB251244
KMT-2025-BLG-1874,BLG11N0305.108674,17:30:45.96,-30:23:16.19,60881.94821,37.33,0.068,23.21,20.0,25.0,3,2.58,
KMT-2025-BLG-1875,SSO14N0608.045354,17:38:07.21,-29:02:20.08,60879.77326,7.91,0.058,21.25,20.0,21.42,2,3.43,PB250321
KMT-2025-BLG-1876,BLG14N0807.027740,17:37:11.48,-29:05:12.62,60890.16678,70.79,0.066,22.67,20.0,20.73,2,3.27,
KMT-2025-BLG-1877,BLG15M0102.015190,17:41:17.67,-26:28:25.75,60880.66988,8.96,0.117,22.01,20.0,20.32,2,3.22,
KMT-2025-BLG-1878,BLG15M0504.005620,17:38:57.63,-26:17:16.22,60905.63616,47.18,0.485,19.96,18.66,18.66,2,2.78,OB251339
KMT-2025-BLG-1879,BLG35T0502.008744,18:01:39.26,-26:42:34.20,60880.7625,55.84,0.161,21.71,18.73,18.73,2,2.55,OB251204
KMT-2025-BLG-1880,BLG37K0802.070707,17:39:53.52,-35:06:00.22,60880.36157,4.67,0.117,20.83,20.0,21.37,2,1.91,
KMT-2025-BLG-1881,BLG41T0403.050453,17:51:49.63,-32:02:59.32,60887.65822,63.28,0.011,22.24,20.0,20.2,1,2.12,
KMT-2025-BLG-1882,BLG42N0507.082092,17:56:09.95,-29:24:53.21,60879.86917,2.48,0.273,19.87,20.0,20.0,1,2.06,OB251153
KMT-2025-BLG-1883,SAO03M0205.018612,18:05:40.99,-27:20:13.81,60880.63128,0.5,0.097,18.78,18.19,18.19,1,0.77,
KMT-2025-BLG-1884,BLG04T0607.058252,18:00:12.73,-30:19:18.01,60880.83175,7.96,0.14,20.51,19.59,19.59,1,1.17,
KMT-2025-BLG-1885,BLG14M0701.090429,17:37:42.80,-28:46:19.34,60881.96243,7.7,0.032,21.9,20.0,25.0,3,3.52,
KMT-2025-BLG-1886,BLG41K0505.000504,17:51:14.31,-30:40:56.21,60890.42598,15.14,0.064,14.9,14.9,14.9,1,2.5,MB250224
KMT-2025-BLG-1887,SAO42T0805.001995,17:49:47.69,-29:35:41.21,60915.66655,147.93,0.109,20.31,16.89,16.89,1,3.72,OB251224 PB250326
KMT-2025-BLG-1888,BLG43T0301.032176,18:00:15.05,-29:05:07.40,60885.21448,13.48,0.31,19.99,18.5,18.5,1,1.01,
KMT-2025-BLG-1889,BLG01K0201.001147,17:53:24.28,-31:02:22.99,60882.99813,7.37,0.198,19.84,15.43,15.43,1,2.02,
KMT-2025-BLG-1890,BLG01M0505.037132,17:56:46.17,-30:31:11.71,60884.39802,16.36,0.014,21.54,19.81,19.81,1,2.38,
KMT-2025-BLG-1891,BLG01N0402.028483,17:57:06.98,-32:02:58.49,60895.01492,26.19,0.678,19.06,19.4,19.4,1,1.46,
KMT-2025-BLG-1892,BLG02M0608.036131,17:55:52.33,-28:04:09.08,60895.57124,199.96,0.031,22.72,20.0,20.54,2,3.1,OB251150
KMT-2025-BLG-1893,BLG02M0702.006527,17:55:28.75,-28:49:16.86,60912.97644,42.52,0.904,18.7,17.07,17.07,2,2.02,OB251314
KMT-2025-BLG-1894,BLG02N0604.030740,17:55:59.42,-29:39:49.50,60902.16678,34.03,0.631,18.59,18.61,18.61,1,1.48,OB251074
KMT-2025-BLG-1895,BLG03K0805.081786,17:57:28.12,-27:22:42.53,60888.89087,80.36,0.063,22.55,20.0,22.27,2,3.06,
KMT-2025-BLG-1896,BLG03T0403.022659,18:00:08.96,-28:39:25.70,60914.84814,52.15,0.216,19.32,18.23,18.23,1,1.21,MB250289 OB251161
KMT-2025-BLG-1897,BLG04K0303.036429,18:02:18.49,-29:38:00.89,60882.04169,3.03,0.175,20.17,18.92,18.92,1,1.29,
KMT-2025-BLG-1898,BLG12K0802.012130,17:23:07.99,-27:34:18.73,60885.15476,47.63,0.366,20.62,19.82,19.82,2,1.79,
KMT-2025-BLG-1899,BLG14K0107.002221,17:36:29.54,-28:00:05.33,60888.13378,7.39,0.87,18.85,17.8,17.8,2,3.27,
KMT-2025-BLG-1900,BLG15T0401.029680,17:34:44.53,-27:48:32.18,60882.74269,20.23,0.079,22.97,20.0,20.61,2,2.7,
KMT-2025-BLG-1901,BLG15T0502.007009,17:34:20.10,-27:38:47.47,60887.50257,6.99,0.239,19.74,19.09,19.09,2,2.66,
KMT-2025-BLG-1902,BLG15T0602.081784,17:33:27.76,-27:35:49.16,60886.38916,14.12,0.103,21.32,20.0,22.04,2,2.65,
KMT-2025-BLG-1903,BLG17N0404.015326,17:47:31.15,-33:53:33.29,60917.13518,105.3,0.023,21.47,19.56,19.56,1,1.95,OB251334
KMT-2025-BLG-1904,BLG18K0703.003729,17:42:18.77,-26:24:28.51,60884.25791,32.09,0.065,22.51,17.89,17.89,2,2.95,
KMT-2025-BLG-1905,BLG19M0806.037239,17:46:08.55,-23:51:23.80,60894.24662,30.32,0.013,20.09,19.74,19.74,1,1.73,OB251298
KMT-2025-BLG-1906,BLG20N0402.047447,17:48:20.77,-23:28:06.53,60881.44106,23.48,0.302,21.46,20.0,20.65,2,2.14,
KMT-2025-BLG-1907,BLG21N0103.010045,17:59:10.96,-36:03:16.52,60907.49145,53.19,0.276,20.61,18.61,18.61,4,0.54,
KMT-2025-BLG-1908,BLG21N0604.008836,17:56:23.18,-36:00:20.48,60884.16137,5.09,0.301,18.79,18.6,18.6,1,0.81,
KMT-2025-BLG-1909,BLG31T0402.055017,18:11:18.04,-26:40:28.31,60882.54165,6.15,0.091,21.02,19.96,19.96,1,1.04,
KMT-2025-BLG-1910,BLG32K0603.064103,18:07:55.91,-27:36:09.29,60884.42425,5.16,0.047,20.47,19.83,19.83,1,1.06,
KMT-2025-BLG-1911,BLG32K0604.014918,18:07:59.50,-27:26:00.31,60892.55256,10.83,0.164,18.64,18.15,18.15,1,0.92,MB250242 OB251283
KMT-2025-BLG-1912,SAO32M0401.013943,18:13:55.42,-27:52:52.79,60888.26075,12.78,0.186,19.27,18.07,18.07,1,0.44,MB250237
KMT-2025-BLG-1913,BLG34K0704.022342,18:00:01.36,-31:37:08.80,60891.12443,9.7,0.072,19.23,19.09,19.09,1,1.39,
KMT-2025-BLG-1914,BLG41K0806.015528,17:49:50.46,-30:31:06.89,60888.92915,16.44,0.989,18.9,18.98,18.98,1,2.77,
KMT-2025-BLG-1915,BLG41N0607.077280,17:55:27.33,-31:30:36.68,60889.66744,78.86,0.022,21.81,20.0,20.46,1,1.47,
KMT-2025-BLG-1916,BLG42M0308.048757,17:57:26.96,-28:06:29.92,60883.43653,2.9,0.134,20.97,19.48,19.48,1,1.95,
KMT-2025-BLG-1917,BLG42N0207.048539,17:58:05.08,-29:20:49.99,60880.16711,78.38,0.152,21.96,19.25,19.25,1,1.61,OB251077
KMT-2025-BLG-1918,BLG42T0505.048514,17:51:32.35,-29:35:33.68,60882.76362,7.71,0.296,21.24,19.75,19.75,1,2.6,
KMT-2025-BLG-1919,SAO42T0708.005981,17:50:22.64,-29:17:53.02,60882.87452,22.23,0.018,22.12,18.54,18.54,1,4.36,PB250305
KMT-2025-BLG-1920,SAO02K0601.055612,17:51:11.13,-28:56:59.82,60883.88876,1.66,0.136,20.09,20.0,25.0,3,4.1,PB250324
KMT-2025-BLG-1921,BLG04T0506.016807,18:00:51.38,-30:26:56.00,60903.54123,16.88,0.22,18.4,18.39,18.39,1,1.05,MB250259 OB251279
KMT-2025-BLG-1922,BLG14K0803.036588,17:32:12.01,-28:29:26.88,60886.04001,7.48,0.172,20.32,20.0,20.87,2,2.57,
KMT-2025-BLG-1923,BLG15T0105.013761,17:36:33.81,-27:19:01.09,60884.59599,13.67,0.121,22.41,18.75,18.75,1,2.17,
KMT-2025-BLG-1924,SAO18T0703.002555,17:42:01.42,-27:28:16.68,60884.79026,17.12,0.56,20.12,17.52,17.52,2,3.48,
KMT-2025-BLG-1925,BLG21N0803.029394,17:54:56.27,-36:05:37.72,60897.42564,50.62,0.475,19.74,19.7,19.7,1,0.81,
KMT-2025-BLG-1926,BLG22M0802.018390,17:54:52.80,-32:57:31.79,60897.6484,20.63,0.108,18.87,18.79,18.79,1,1.2,MB250250 OB251270 OB251271
KMT-2025-BLG-1927,BLG32N0804.029497,18:11:40.13,-28:35:35.81,60913.56181,54.52,0.135,19.58,18.86,18.86,1,0.55,MB250296 OB251286
KMT-2025-BLG-1928,BLG41M0401.078178,17:56:45.14,-31:09:18.11,60895.36451,29.56,0.204,20.6,20.0,20.16,1,1.32,
KMT-2025-BLG-1929,SAO43N0206.042077,18:05:46.23,-28:28:46.88,60891.6744,17.94,0.392,19.62,19.18,19.18,1,0.98,
KMT-2025-BLG-1930,BLG43T0408.009864,17:59:21.65,-28:07:42.31,60893.22077,16.24,0.677,17.48,17.48,17.48,1,1.93,MB250235
KMT-2025-BLG-1931,BLG01K0107.065583,17:53:56.92,-30:14:03.59,60887.69262,9.01,0.269,19.83,20.0,20.28,2,1.49,OB251219
KMT-2025-BLG-1932,BLG01T0305.049574,17:52:58.03,-31:37:23.59,60887.07311,118.18,0.03,23.65,20.0,20.23,1,2.08,
KMT-2025-BLG-1933,BLG02K0503.018573,17:51:42.41,-28:35:43.01,60916.7894,58.96,0.208,20.05,20.0,20.14,2,4.02,OB251252 PB250323
KMT-2025-BLG-1934,BLG03K0705.078238,17:58:09.03,-27:18:11.63,60890.01168,20.97,0.207,21.18,20.0,21.91,2,3.12,
KMT-2025-BLG-1935,BLG03M0201.038643,18:05:35.70,-27:51:00.68,60892.35537,22.81,0.158,19.01,18.83,18.83,1,0.8,MB250241 MB250249
KMT-2025-BLG-1936,BLG12K0401.042011,17:25:30.96,-27:45:39.82,60893.2778,63.42,0.078,21.96,20.0,20.28,1,1.93,
KMT-2025-BLG-1937,BLG12K0702.002549,17:23:55.81,-27:33:20.92,60752.27654,0.5,0.102,17.67,17.7,17.7,1,1.83,
KMT-2025-BLG-1938,BLG13N0505.018167,17:37:22.81,-34:52:34.18,60923.46412,57.68,0.139,19.86,20.0,20.85,2,2.97,OB251461
KMT-2025-BLG-1939,BLG14K0507.109074,17:34:13.22,-28:03:10.19,60885.93138,9.08,0.076,21.16,20.0,25.0,3,2.64,
KMT-2025-BLG-1940,BLG14M0308.009672,17:39:51.07,-27:56:31.96,60895.77636,12.04,0.154,19.22,19.21,19.21,2,3.46,PB250334
KMT-2025-BLG-1941,BLG14M0603.009822,17:38:17.55,-28:27:42.95,60917.21741,28.78,0.511,19.28,19.25,19.25,2,3.52,OB251342 PB250332
KMT-2025-BLG-1942,BLG14T0103.018017,17:36:28.02,-29:36:25.02,60885.75176,44.51,0.071,22.58,20.0,20.37,2,3.5,
KMT-2025-BLG-1943,BLG15K0601.022271,17:33:36.62,-26:38:36.82,60892.87813,22.44,0.146,20.11,20.0,20.38,2,2.51,
KMT-2025-BLG-1944,BLG15T0503.006291,17:34:00.51,-27:29:04.88,60922.32617,34.85,0.13,19.49,19.49,19.49,2,3.47,MB250316
KMT-2025-BLG-1945,BLG17N0306.075768,17:48:03.25,-33:34:19.60,60885.31658,18.26,0.006,21.46,20.0,20.68,1,1.57,
KMT-2025-BLG-1946,BLG17N0307.058991,17:48:06.68,-33:27:36.40,60887.13935,8.52,0.515,20.06,20.0,20.13,1,1.82,
KMT-2025-BLG-1947,BLG19K0104.021049,17:45:47.24,-24:11:12.19,60892.75457,49.63,0.49,20.36,19.16,19.16,1,2.51,
KMT-2025-BLG-1948,BLG19K0404.046741,17:43:46.07,-24:12:08.50,60895.65481,12.01,0.428,19.78,19.76,19.76,1,1.73,
KMT-2025-BLG-1949,BLG19M0802.027599,17:46:30.26,-24:27:32.90,60904.82234,49.26,0.26,21.07,20.0,20.55,2,2.73,
KMT-2025-BLG-1950,BLG19T0306.004494,17:44:40.69,-24:58:21.90,60912.36245,16.76,0.475,18.07,18.1,18.1,2,2.95,OB251302
KMT-2025-BLG-1951,BLG19T0403.007868,17:43:59.52,-25:26:07.62,60890.89001,41.35,0.188,22.07,19.35,19.35,2,3.18,
KMT-2025-BLG-1952,BLG22K0502.058282,17:51:29.28,-33:02:18.49,60885.81249,17.99,0.661,20.08,20.0,20.23,1,1.77,
KMT-2025-BLG-1953,BLG32K0806.038072,18:06:57.89,-27:11:26.02,60886.62944,24.29,1.0,19.32,18.98,18.98,1,0.88,
KMT-2025-BLG-1954,BLG34N0808.020867,18:04:36.55,-32:19:06.38,60910.6595,22.98,0.268,19.39,19.14,19.14,1,0.86,MB250299 OB251326
KMT-2025-BLG-1955,BLG35M0204.004573,18:08:17.68,-25:17:13.09,60946.15831,55.3,0.886,17.92,17.3,17.3,1,1.87,OB251414
KMT-2025-BLG-1956,BLG36M0204.014503,18:19:37.58,-23:14:02.90,60897.71597,49.62,0.687,18.81,18.85,18.85,1,1.11,OB251020
KMT-2025-BLG-1957,BLG37T0307.032695,17:42:41.82,-35:34:53.80,60897.92332,27.36,0.869,19.95,20.0,20.55,2,1.97,
KMT-2025-BLG-1958,BLG37T0501.004133,17:41:23.20,-36:18:56.63,60911.04809,27.26,0.774,18.47,18.51,18.51,2,2.02,
KMT-2025-BLG-1959,BLG38T0502.002168,17:52:20.41,-23:28:22.33,60885.77716,13.65,0.999,19.54,16.7,16.7,4,2.52,
KMT-2025-BLG-1960,BLG42N0606.032904,17:55:39.54,-29:33:11.70,60886.11377,3.18,0.748,18.73,18.76,18.76,1,1.64,OB251227
KMT-2025-BLG-1961,BLG42T0103.012668,17:53:42.00,-29:54:47.48,60913.80376,17.5,1.0,17.5,17.54,17.54,1,1.52,MB250284 OB251222 PB250391
KMT-2025-BLG-1962,BLG43N0606.010826,18:03:13.95,-28:28:25.72,60884.68039,34.74,0.011,23.95,17.61,17.61,1,0.95,OB251231
KMT-2025-BLG-1963,BLG43T0307.045514,17:59:58.99,-28:19:04.12,60888.83616,7.77,0.207,20.37,19.0,19.0,1,1.37,
KMT-2025-BLG-1964,SAO01M0101.044492,17:58:57.01,-31:02:22.81,60888.94395,8.05,0.184,20.69,19.99,19.99,1,1.77,
KMT-2025-BLG-1965,BLG02T0504.029945,17:51:29.78,-29:36:48.89,60889.09635,6.2,0.176,20.35,19.15,19.15,1,2.59,
KMT-2025-BLG-1966,BLG03N0207.021769,18:05:52.30,-28:13:22.30,60887.09999,5.3,0.002,20.26,18.32,18.32,1,0.72,
KMT-2025-BLG-1967,SAO03N0402.010209,18:04:48.96,-28:45:54.79,60891.31617,12.44,0.065,20.09,17.62,17.62,1,0.81,MB250247
KMT-2025-BLG-1968,BLG14M0405.002489,17:39:48.23,-28:16:49.73,60900.63636,8.58,0.805,17.2,17.21,17.21,2,2.99,PB250419
KMT-2025-BLG-1969,BLG19T0808.039197,17:41:49.89,-24:48:46.51,60887.50404,127.3,0.037,23.87,20.0,20.17,1,2.23,
KMT-2025-BLG-1970,BLG22K0403.052760,17:51:55.30,-32:54:03.89,60886.58681,6.68,0.02,20.51,19.94,19.94,1,1.85,
KMT-2025-BLG-1971,BLG22K0602.005567,17:50:58.64,-33:03:10.01,60898.14988,20.25,1.0,18.35,17.55,17.55,1,1.88,OB251261
KMT-2025-BLG-1972,BLG31N0302.001932,18:16:51.52,-26:40:02.57,60900.13681,48.47,0.213,19.98,16.15,16.15,4,0.79,OB251290
KMT-2025-BLG-1973,BLG32T0208.008828,18:10:27.48,-28:04:41.41,60896.25047,7.21,0.314,17.95,17.84,17.84,1,0.76,MB250253 OB251281
KMT-2025-BLG-1974,BLG32T0303.011737,18:09:38.97,-28:44:44.30,60917.41817,43.23,0.415,18.27,18.05,18.05,1,0.85,MB250341 OB251170
KMT-2025-BLG-1975,BLG41K0301.056569,17:52:31.05,-31:07:13.12,60890.62275,17.97,0.3,21.18,20.0,20.09,1,2.24,
KMT-2025-BLG-1976,BLG41N0607.064890,17:55:32.71,-31:27:04.72,60903.59112,46.42,0.283,20.45,20.0,20.04,1,1.54,
KMT-2025-BLG-1977,BLG42K0306.012719,17:52:30.39,-28:25:40.91,60952.31397,95.46,0.24,18.8,18.78,18.78,2,3.04,OB251060 PB250366
KMT-2025-BLG-1978,SAO43N0306.034510,18:04:43.91,-28:26:48.98,60890.0974,27.0,0.143,19.41,18.9,18.9,1,0.91,OB251162
KMT-2025-BLG-1979,BLG01K0307.015069,17:53:00.94,-30:12:36.94,60898.04142,29.69,0.11,19.56,18.46,18.46,2,1.53,MB250255 PB250348
KMT-2025-BLG-1980,BLG02K0307.010517,17:52:45.35,-28:05:41.35,60897.75158,22.19,0.814,19.63,19.31,19.31,2,4.29,
KMT-2025-BLG-1981,SAO02N0307.089082,17:57:31.89,-29:16:59.45,60895.17889,29.43,0.04,21.34,20.0,21.1,2,1.82,OB251228
KMT-2025-BLG-1982,SAO02T0105.042119,17:54:03.75,-29:34:54.01,60895.58869,20.21,0.208,19.81,19.05,19.05,1,1.78,
KMT-2025-BLG-1983,SAO03M0404.049476,18:04:37.97,-27:27:22.10,60891.8909,83.6,0.002,22.27,19.24,19.24,1,0.89,MB250248
KMT-2025-BLG-1984,SAO03N0304.024480,18:05:34.22,-28:36:10.01,60916.67996,41.44,0.113,19.11,18.53,18.53,1,0.96,
KMT-2025-BLG-1985,BLG04T0607.050192,18:00:34.55,-30:14:32.32,60888.87638,14.05,0.002,21.08,19.39,19.39,1,1.02,MB250239
KMT-2025-BLG-1986,SAO15T0601.058130,17:33:35.66,-27:44:34.80,60890.91356,9.89,0.023,21.24,20.0,21.44,2,2.76,
KMT-2025-BLG-1987,SAO16N0807.018494,17:37:40.49,-24:54:12.56,60898.01722,54.95,0.124,21.03,20.0,20.38,2,2.28,
KMT-2025-BLG-1988,SAO19T0508.074749,17:43:32.44,-24:48:14.26,60889.67122,4.95,0.407,19.95,20.0,21.87,2,2.88,
KMT-2025-BLG-1989,BLG22K0501.008994,17:51:36.77,-33:06:01.62,60934.37324,59.29,0.543,19.39,18.5,18.5,2,1.72,OB251353
KMT-2025-BLG-1990,BLG35N0503.038249,18:06:24.72,-26:36:36.50,60894.08553,154.1,0.042,23.02,19.23,19.23,1,1.18,
KMT-2025-BLG-1991,BLG38M0806.003184,17:55:21.69,-21:45:27.72,60906.71279,30.27,0.996,19.15,17.14,17.14,4,2.27,
KMT-2025-BLG-1992,SAO42N0308.005463,17:57:18.51,-29:14:59.89,60891.18584,17.14,0.01,20.84,16.73,16.73,1,1.82,MB250252
KMT-2025-BLG-1993,SAO43T0204.067680,18:00:46.11,-28:42:24.30,60895.46348,18.01,0.003,19.29,19.24,19.24,1,1.0,OB251230
KMT-2025-BLG-1994,BLG18K0401.000483,17:43:55.73,-26:40:19.60,60923.70061,92.26,0.888,17.37,16.07,16.07,2,3.36,
KMT-2025-BLG-1995,SAO02M0105.003123,17:58:56.01,-28:21:13.61,60972.49517,84.8,0.212,18.41,15.74,15.74,1,1.44,OB251354
KMT-2025-BLG-1996,BLG03M0404.002380,18:04:33.98,-27:23:03.19,60894.68551,181.45,0.014,22.46,15.68,15.68,1,0.8,
KMT-2025-BLG-1997,BLG03N0108.007523,18:06:37.13,-28:04:27.80,60915.06647,17.23,0.619,17.57,17.47,17.47,1,1.07,MB250302 OB251282
KMT-2025-BLG-1998,BLG04N0808.038673,18:04:13.24,-30:08:48.59,60896.60292,44.58,0.304,20.65,19.19,19.19,1,1.04,
KMT-2025-BLG-1999,BLG11M0408.035746,17:30:18.17,-29:00:02.52,60896.19765,25.5,0.285,20.87,20.0,20.77,2,2.58,
KMT-2025-BLG-2000,BLG14K0401.026771,17:34:41.26,-28:47:46.14,60892.50189,7.68,0.259,20.04,20.0,20.84,2,3.46,
KMT-2025-BLG-2001,BLG15K0406.003089,17:34:43.50,-26:03:02.20,60900.96215,38.88,0.996,19.58,19.23,19.23,2,3.97,
KMT-2025-BLG-2002,BLG17M0103.043180,17:49:07.16,-32:49:17.62,60895.96824,49.7,0.011,22.68,20.0,20.32,1,2.71,
KMT-2025-BLG-2003,BLG17N0102.045705,17:49:17.47,-34:09:34.06,60927.50135,74.03,0.411,19.86,19.9,19.9,2,1.48,
KMT-2025-BLG-2004,BLG17N0403.037263,17:47:36.86,-34:02:46.90,60890.2891,20.33,0.48,20.88,19.65,19.65,1,1.59,
KMT-2025-BLG-2005,BLG19K0808.000545,17:41:59.44,-23:40:41.56,60952.89112,37.12,0.41,16.51,15.84,15.84,2,1.97,OB251421
KMT-2025-BLG-2006,BLG19N0507.003607,17:48:06.42,-24:57:57.06,60904.42416,20.95,0.524,18.55,18.54,18.54,2,3.68,OB251301
KMT-2025-BLG-2007,BLG19T0702.010006,17:42:26.14,-25:35:32.24,60897.35194,57.1,0.492,20.6,19.18,19.18,2,2.41,
KMT-2025-BLG-2008,SAO33K0203.026608,18:12:02.61,-29:39:55.01,60893.36689,13.24,0.196,19.53,19.04,19.04,1,0.59,
KMT-2025-BLG-2009,BLG41K0107.044571,17:53:36.27,-30:24:52.49,60897.70522,39.6,0.274,20.66,19.27,19.27,1,1.64,OB251220
KMT-2025-BLG-2010,BLG41N0405.055840,17:56:56.53,-31:44:46.10,60903.28655,22.31,0.123,19.85,19.89,19.89,1,1.44,MB250265 MB250277 OB251316
KMT-2025-BLG-2011,BLG41N0801.014803,17:54:23.07,-32:16:32.81,60905.72989,24.72,0.319,19.43,18.81,18.81,1,1.67,MB250291
KMT-2025-BLG-2012,BLG42N0805.095129,17:54:26.68,-29:39:54.00,60895.68567,33.23,0.021,21.84,19.89,19.89,1,1.35,
KMT-2025-BLG-2013,BLG43K0406.051226,17:59:28.89,-27:16:55.81,60897.29921,17.61,0.078,19.86,19.73,19.73,1,2.05,MB250260
KMT-2025-BLG-2014,BLG43K0705.073548,17:57:54.89,-27:28:21.32,60903.09733,71.25,0.178,21.54,20.0,21.42,2,2.57,
KMT-2025-BLG-2015,BLG01M0104.008254,17:59:09.58,-30:35:56.29,60905.89359,12.91,0.518,18.11,18.11,18.11,1,1.65,MB250263 OB251315
KMT-2025-BLG-2016,BLG01N0204.058803,17:58:27.20,-31:43:41.02,60896.59116,21.63,0.006,23.11,20.0,20.5,1,1.77,
KMT-2025-BLG-2017,BLG02M0802.003685,17:54:47.02,-28:47:36.24,60896.97265,3.09,0.689,19.08,16.47,16.47,4,1.89,
KMT-2025-BLG-2018,BLG02T0303.028124,17:52:56.05,-29:44:42.29,60896.57559,199.95,0.002,24.56,18.71,18.71,1,2.05,OB251223
KMT-2025-BLG-2019,BLG03K0301.049647,18:00:28.90,-27:48:22.28,60894.64921,2.67,0.035,19.49,19.43,19.43,1,1.51,
KMT-2025-BLG-2020,BLG03K0705.036902,17:58:10.27,-27:22:51.64,60903.20719,28.74,0.206,21.14,20.0,20.73,2,2.54,OB251267
KMT-2025-BLG-2021,BLG04N0205.047338,18:07:49.26,-30:31:09.59,60900.13303,82.05,0.036,22.9,19.95,19.95,1,0.77,
KMT-2025-BLG-2022,BLG04N0507.014214,18:06:02.01,-30:14:07.80,60896.33798,199.7,0.022,23.11,18.35,18.35,1,1.01,
KMT-2025-BLG-2023,BLG04T0308.000834,18:02:27.10,-30:08:33.90,60940.21064,33.51,1.0,16.21,15.06,15.06,1,1.2,
KMT-2025-BLG-2024,BLG14K0506.024762,17:34:14.26,-28:05:17.88,60898.69129,13.48,0.774,19.9,20.0,20.23,2,2.64,
KMT-2025-BLG-2025,BLG14M0304.006494,17:40:13.70,-28:21:55.73,60896.35413,11.89,0.404,19.82,18.96,18.96,2,3.96,
KMT-2025-BLG-2026,BLG15M0705.042383,17:37:42.50,-26:10:37.34,60897.15623,15.7,0.039,20.85,20.0,21.41,2,2.89,
KMT-2025-BLG-2027,BLG15T0304.006806,17:35:12.35,-27:26:52.30,60896.45414,6.38,0.539,19.11,18.0,18.0,1,2.52,
KMT-2025-BLG-2028,BLG18T0808.027336,17:41:24.37,-26:50:09.49,60907.94778,30.1,0.636,20.2,20.0,22.03,2,4.24,
KMT-2025-BLG-2029,BLG19K0105.033736,17:45:28.85,-24:03:32.40,60899.39724,67.1,0.227,21.31,19.48,19.48,1,1.85,
KMT-2025-BLG-2030,BLG19T0104.032750,17:45:20.16,-25:15:50.18,60895.29039,31.42,0.119,21.1,20.0,20.64,2,2.65,
KMT-2025-BLG-2031,BLG22N0404.042453,17:57:18.11,-33:51:24.91,60897.42994,40.33,0.221,21.39,19.37,19.37,1,0.64,
KMT-2025-BLG-2032,BLG22T0406.029196,17:52:20.46,-33:37:38.78,60906.61259,46.78,0.051,20.51,20.0,20.05,4,1.81,OB251308
KMT-2025-BLG-2033,BLG22T0506.007939,17:51:34.96,-33:39:48.06,60899.76225,13.89,0.98,19.06,18.63,18.63,2,2.0,
KMT-2025-BLG-2034,BLG31M0804.041350,18:13:45.94,-25:16:20.10,60894.01437,45.33,0.406,21.31,20.0,20.08,1,1.43,
KMT-2025-BLG-2035,BLG32N0207.014257,18:15:14.67,-28:12:35.50,60898.98166,10.37,0.579,18.26,18.26,18.26,1,0.54,OB251287
KMT-2025-BLG-2036,BLG34N0406.000242,18:06:42.28,-32:32:09.71,60894.64371,7.0,0.8,16.23,14.35,14.35,1,0.96,
KMT-2025-BLG-2037,BLG34N0603.004040,18:05:30.06,-32:58:23.59,60895.00738,50.31,0.275,20.88,17.56,17.56,1,0.64,
KMT-2025-BLG-2038,BLG36M0108.005367,18:19:58.96,-22:41:42.61,60893.65426,22.49,0.171,20.9,18.17,18.17,1,1.32,
KMT-2025-BLG-2039,BLG41K0304.087710,17:52:39.92,-30:43:09.98,60896.02156,9.86,0.44,19.97,20.0,20.43,1,1.86,
KMT-2025-BLG-2040,BLG41M0101.054445,17:58:46.63,-31:05:10.21,60893.04999,27.51,0.199,21.85,20.0,20.2,1,1.7,
KMT-2025-BLG-2041,BLG41M0201.047459,17:58:04.63,-31:07:49.51,60921.84628,50.45,0.501,20.3,19.67,19.67,1,1.45,
KMT-2025-BLG-2042,BLG41M0306.045441,17:57:15.47,-30:26:44.81,60905.68928,19.53,0.411,19.95,20.0,20.22,1,1.97,
KMT-2025-BLG-2043,BLG41M0401.027991,17:56:56.28,-31:09:58.72,60896.57346,9.2,0.048,21.64,18.88,18.88,1,1.22,
KMT-2025-BLG-2044,BLG42M0205.040160,17:57:56.24,-28:30:07.70,60899.03095,51.96,0.039,22.37,19.3,19.3,1,1.84,
KMT-2025-BLG-2045,BLG43M0501.007634,18:04:00.55,-27:58:06.20,60907.53475,48.27,0.128,20.85,17.39,17.39,1,1.05,MB250380 OB251273
KMT-2025-BLG-2046,BLG43M0803.042792,18:02:01.57,-27:42:28.51,60904.60069,19.3,0.065,19.83,19.12,19.12,1,1.12,MB250266 OB251274
KMT-2025-BLG-2047,BLG43T0305.043478,18:00:14.29,-28:30:03.31,60896.80825,6.28,0.032,20.48,18.87,18.87,1,1.24,OB251232
KMT-2025-BLG-2048,BLG01N0203.018765,17:58:35.40,-31:54:13.72,60913.94244,49.71,0.356,20.31,19.37,19.37,1,1.69,
KMT-2025-BLG-2049,BLG02T0207.095228,17:53:18.34,-29:16:37.42,60900.62677,25.04,0.081,22.07,20.0,20.62,1,2.1,OB251259
KMT-2025-BLG-2050,BLG02T0407.074261,17:52:04.10,-29:18:26.96,60899.58055,199.89,0.026,23.38,20.0,25.0,3,2.77,
KMT-2025-BLG-2051,BLG04K0302.020933,18:02:09.63,-29:49:53.51,60902.17487,11.67,0.301,20.17,18.35,18.35,1,0.88,
KMT-2025-BLG-2052,BLG11T0402.011845,17:25:05.17,-30:49:08.00,60902.49643,14.09,0.24,19.84,20.0,20.28,2,3.45,
KMT-2025-BLG-2053,SAO14N0705.006617,17:37:38.89,-29:23:52.80,60916.54766,42.64,0.425,19.17,19.17,19.17,2,3.81,OB251340 PB250392
KMT-2025-BLG-2054,BLG17N0505.043894,17:46:53.67,-33:42:26.28,60896.62359,54.96,0.81,19.95,20.0,22.83,2,2.92,
KMT-2025-BLG-2055,BLG18K0405.095400,17:44:05.10,-26:07:08.83,60897.76339,9.21,0.031,22.11,20.0,22.13,3,3.2,
KMT-2025-BLG-2056,BLG19N0506.010646,17:48:09.04,-25:05:52.01,60901.12612,113.55,0.774,20.03,20.0,20.39,2,4.45,
KMT-2025-BLG-2057,BLG19T0702.031923,17:42:22.11,-25:35:51.47,60926.1239,41.24,0.006,19.89,20.0,20.39,2,2.41,OB251422
KMT-2025-BLG-2058,BLG20N0502.038407,17:48:10.55,-23:22:01.42,60901.31029,10.34,0.342,19.9,19.76,19.76,1,1.69,
KMT-2025-BLG-2059,BLG21K0401.016045,17:51:56.22,-35:11:24.22,60899.68918,43.06,0.177,21.4,18.45,18.45,1,0.67,
KMT-2025-BLG-2060,BLG36M0701.038043,18:16:40.71,-23:40:03.68,60898.72877,199.28,0.008,23.08,19.74,19.74,1,0.97,MB250258
KMT-2025-BLG-2061,BLG36N0406.002936,18:18:31.85,-24:09:06.19,60910.31608,50.75,0.776,18.7,16.89,16.89,1,0.84,OB251179
KMT-2025-BLG-2062,BLG37M0703.060162,17:45:40.89,-35:01:24.49,60903.83689,50.21,0.49,20.97,20.0,20.13,1,1.31,
KMT-2025-BLG-2063,BLG41K0507.008959,17:51:19.86,-30:23:42.79,60909.92588,18.81,0.393,19.35,17.89,17.89,1,2.58,OB251254 PB250358
KMT-2025-BLG-2064,BLG41M0401.032621,17:56:58.45,-31:05:29.51,60922.0023,41.11,0.418,19.82,19.02,19.02,1,1.2,OB251374
KMT-2025-BLG-2065,BLG42M0505.001391,17:56:22.05,-28:34:03.90,60915.0228,9.7,0.936,16.5,15.48,15.48,1,1.7,MB250297 OB251263
KMT-2025-BLG-2066,BLG42M0605.038494,17:55:34.47,-28:30:51.41,60905.28151,36.82,0.427,20.11,20.0,20.1,2,2.27,OB251264
KMT-2025-BLG-2067,BLG42N0808.074871,17:54:24.15,-29:16:02.89,60897.45483,8.23,0.018,22.07,19.65,19.65,1,1.71,
KMT-2025-BLG-2068,BLG43T0802.000809,17:57:18.14,-28:56:09.60,60964.89487,56.05,0.749,16.3,14.63,14.63,1,1.52,MB250365 OB251365
KMT-2025-BLG-2069,BLG03K0808.018667,17:57:53.96,-26:57:02.84,60899.457,14.49,0.588,19.94,20.0,20.94,2,4.27,PB250322
KMT-2025-BLG-2070,SAO03N0704.061373,18:03:01.07,-28:35:42.40,60904.33168,13.61,0.418,19.41,19.34,19.34,1,0.93,OB251278
KMT-2025-BLG-2071,SAO12N0805.009675,17:27:50.81,-28:17:53.41,60889.64459,28.67,0.236,18.85,19.09,19.09,2,1.89,
KMT-2025-BLG-2072,BLG14T0605.047520,17:33:41.24,-29:21:51.44,60901.55097,17.63,0.027,22.15,20.0,21.01,3,2.6,
KMT-2025-BLG-2073,BLG18K0603.088086,17:42:37.92,-26:23:36.06,60902.01447,8.45,0.443,20.23,20.0,21.69,2,2.97,
KMT-2025-BLG-2074,BLG18T0804.018878,17:41:35.40,-27:22:35.47,60914.26974,32.24,0.053,21.04,20.0,20.54,2,4.04,
KMT-2025-BLG-2075,BLG19K0308.012773,17:44:26.86,-23:43:13.01,60900.64868,84.69,0.025,22.86,18.54,18.54,1,1.56,
KMT-2025-BLG-2076,BLG31K0601.046508,18:10:16.53,-25:45:13.10,60900.25587,9.11,0.258,21.12,19.74,19.74,1,1.43,
KMT-2025-BLG-2077,SAO32N0504.000417,18:13:13.82,-28:30:39.82,60904.17924,95.18,0.024,20.83,14.31,14.31,1,0.4,
KMT-2025-BLG-2078,BLG37K0208.041278,17:43:33.23,-34:22:20.71,60899.2742,17.38,0.172,20.38,19.74,19.74,1,1.7,
KMT-2025-BLG-2079,BLG41K0503.024960,17:51:30.72,-30:54:24.98,60900.56029,42.17,0.095,21.77,19.49,19.49,1,2.5,
KMT-2025-BLG-2080,SAO42N0404.085591,17:56:48.88,-29:49:15.49,60900.36893,54.78,0.022,23.06,20.0,20.45,1,1.78,
KMT-2025-BLG-2081,BLG42N0801.041249,17:54:29.71,-30:06:27.79,60911.43908,25.83,0.195,19.45,19.28,19.28,1,1.33,OB251256
KMT-2025-BLG-2082,BLG42T0505.033122,17:51:17.53,-29:39:53.71,60895.62822,24.69,0.397,20.15,19.29,19.29,1,2.82,OB251258
KMT-2025-BLG-2083,SAO43K0508.057965,17:59:08.50,-27:02:31.31,60902.24416,15.78,0.011,21.91,20.0,20.81,1,2.72,MB250267
KMT-2025-BLG-2084,BLG43K0602.068015,17:58:35.64,-27:51:19.51,60899.89782,1.31,0.123,19.85,20.0,20.74,1,2.63,
KMT-2025-BLG-2085,BLG03T0608.068677,17:58:32.46,-28:04:41.30,60902.13047,16.52,0.19,20.55,20.0,20.65,1,2.34,
KMT-2025-BLG-2086,BLG04M0503.075253,18:05:52.08,-29:37:26.11,60903.26109,11.81,0.027,20.94,20.0,20.19,1,0.77,MB250271
KMT-2025-BLG-2087,BLG15M0503.008449,17:38:49.27,-26:22:13.33,60900.44661,2.59,0.925,19.41,19.45,19.45,2,3.07,
KMT-2025-BLG-2088,BLG15N0206.005881,17:40:49.63,-27:06:21.53,60906.82346,5.86,0.811,18.23,18.3,18.3,2,3.09,
KMT-2025-BLG-2089,BLG19T0508.005560,17:43:16.42,-24:46:28.99,60904.86212,6.13,0.194,19.62,18.75,18.75,2,2.67,
KMT-2025-BLG-2090,SAO31T0601.028082,18:10:33.02,-26:47:54.82,60912.7977,26.7,0.196,19.86,19.32,19.32,1,1.35,MB250293 OB251397
KMT-2025-BLG-2091,BLG37M0804.072603,17:44:49.46,-34:54:38.34,60913.34547,70.42,0.03,21.68,20.0,21.43,2,1.77,MB250310
KMT-2025-BLG-2092,BLG01M0206.062379,17:58:18.65,-30:25:56.21,60912.35497,16.78,0.165,20.23,20.0,20.5,1,2.15,
KMT-2025-BLG-2093,BLG02K0603.056927,17:50:56.94,-28:39:57.10,60901.8793,0.78,0.128,20.29,20.0,22.29,2,4.51,
KMT-2025-BLG-2094,SAO02M0301.004327,17:57:36.85,-28:54:29.30,60906.06748,9.04,0.591,18.39,16.03,16.03,1,1.37,MB250279
KMT-2025-BLG-2095,BLG02N0105.044435,17:59:02.01,-29:33:20.70,60902.30568,79.06,0.014,24.16,19.22,19.22,1,1.57,
KMT-2025-BLG-2096,SAO02N0708.084341,17:55:27.51,-29:08:17.95,60909.44495,199.0,0.024,22.98,20.0,20.81,2,1.78,OB251310
KMT-2025-BLG-2097,SAO02T0508.036750,17:51:52.91,-29:07:04.12,60905.81596,9.28,0.111,20.39,20.0,20.46,1,3.25,OB251251 PB250362
KMT-2025-BLG-2098,SAO03K0503.018730,17:59:33.58,-27:30:42.98,60904.82399,17.06,0.007,21.12,18.6,18.6,1,1.85,MB250278
KMT-2025-BLG-2099,BLG03M0103.070326,18:06:33.47,-27:30:55.91,60909.54049,26.28,0.125,20.7,19.83,19.83,1,0.83,
KMT-2025-BLG-2100,BLG03M0301.017179,18:05:04.48,-27:47:26.99,60903.11612,2.06,0.485,18.17,18.16,18.16,1,0.92,MB250274 OB251272
KMT-2025-BLG-2101,BLG04K0104.067516,18:03:32.07,-29:36:24.59,60904.78912,27.91,0.002,23.94,19.87,19.87,1,1.01,
KMT-2025-BLG-2102,BLG04K0304.076414,18:02:27.86,-29:30:35.39,60905.13116,24.43,0.176,20.37,20.0,20.14,1,1.23,
KMT-2025-BLG-2103,BLG04K0501.066493,18:00:53.44,-29:55:14.81,60902.00593,38.61,0.046,22.22,19.61,19.61,1,1.02,
KMT-2025-BLG-2104,BLG04M0604.049833,18:05:26.29,-29:33:45.40,60909.92766,22.43,0.002,21.04,19.37,19.37,1,0.78,MB250283
KMT-2025-BLG-2105,SSO04M0804.059226,18:04:30.91,-29:32:42.29,60903.50846,6.62,0.096,20.68,19.71,19.71,1,0.92,MB250270
KMT-2025-BLG-2106,BLG04N0405.031497,18:06:22.02,-30:30:18.29,60905.34153,15.23,0.01,21.79,19.59,19.59,1,1.07,
KMT-2025-BLG-2107,BLG11T0105.002273,17:27:17.93,-30:27:17.78,60914.4903,9.24,0.31,18.16,17.86,17.86,2,3.12,
KMT-2025-BLG-2108,BLG11T0108.084427,17:26:59.93,-30:03:29.52,60901.94464,10.42,0.084,21.83,20.0,21.91,2,2.26,
KMT-2025-BLG-2109,BLG11T0403.042559,17:25:33.89,-30:40:30.65,60900.1322,56.58,0.36,21.74,20.0,21.7,2,3.18,
KMT-2025-BLG-2110,BLG11T0702.003418,17:23:31.80,-30:47:55.00,60928.7124,22.96,0.376,18.69,18.72,18.72,2,2.96,
KMT-2025-BLG-2111,BLG12M0501.014538,17:29:55.28,-27:40:10.16,60897.78944,7.81,0.727,19.97,20.0,20.07,2,2.49,
KMT-2025-BLG-2112,BLG14M0602.079213,17:38:36.93,-28:37:05.09,60906.00111,29.41,0.045,22.15,20.0,22.11,2,3.56,
KMT-2025-BLG-2113,BLG15M0104.014165,17:41:11.31,-26:14:42.54,60898.63321,17.31,0.399,21.08,19.95,19.95,4,2.82,
KMT-2025-BLG-2114,BLG15M0403.036602,17:39:44.13,-26:25:29.93,60906.44241,28.87,0.104,21.64,20.0,21.16,2,3.41,
KMT-2025-BLG-2115,SSO17K0103.014262,17:44:31.94,-32:54:59.00,60904.72571,29.67,0.022,23.05,20.0,20.57,2,2.98,
KMT-2025-BLG-2116,BLG17N0408.052863,17:47:44.28,-33:21:28.58,60903.84854,47.65,0.036,21.87,20.0,20.08,1,1.65,
KMT-2025-BLG-2117,BLG21N0302.006459,17:58:01.80,-36:11:45.24,60923.63331,46.57,0.499,19.59,18.42,18.42,4,0.69,
KMT-2025-BLG-2118,SAO22K0105.056435,17:53:42.52,-32:40:29.39,60905.27655,20.76,0.013,20.46,19.82,19.82,1,1.66,MB250268
KMT-2025-BLG-2119,BLG22N0305.046779,17:58:03.60,-33:42:22.82,60906.7831,49.69,0.598,21.08,20.0,20.02,2,0.88,
KMT-2025-BLG-2120,BLG31M0407.021375,18:16:10.72,-24:56:06.68,60896.10842,16.91,0.834,19.21,19.23,19.23,1,1.31,
KMT-2025-BLG-2121,BLG33T0607.044552,18:10:03.81,-30:20:07.58,60911.35675,44.49,0.451,19.86,19.91,19.91,1,0.77,OB251284
KMT-2025-BLG-2122,BLG34K0604.053154,18:00:45.01,-31:37:50.41,60902.59491,54.6,0.037,21.5,20.0,20.02,1,1.34,MB250273
KMT-2025-BLG-2123,SSO35N0101.001992,18:08:39.32,-26:51:11.09,60942.786,37.4,0.907,16.78,15.85,15.85,1,1.18,MB250326 OB251328
KMT-2025-BLG-2124,BLG35N0404.005234,18:07:10.81,-26:29:35.48,60906.45527,28.13,0.048,21.93,17.28,17.28,1,1.28,
KMT-2025-BLG-2125,SAO36N0704.006417,18:16:40.46,-24:20:19.00,60923.89027,54.32,0.289,19.7,18.02,18.02,1,1.28,OB251288
KMT-2025-BLG-2126,BLG38N0603.007852,17:56:28.04,-23:19:32.16,60913.25792,54.3,0.185,21.13,19.05,19.05,4,4.46,
KMT-2025-BLG-2127,BLG41M0501.005937,17:56:04.79,-31:09:42.91,60902.55995,2.72,0.327,18.05,17.13,17.13,1,1.47,
KMT-2025-BLG-2128,BLG41N0404.029301,17:57:09.69,-31:51:08.50,60915.52573,16.44,0.285,19.65,19.3,19.3,1,1.56,
KMT-2025-BLG-2129,SSO42N0307.061828,17:57:21.02,-29:20:06.50,60903.14154,20.41,0.002,22.32,19.79,19.79,1,1.84,MB250272
KMT-2025-BLG-2130,BLG42N0806.083596,17:54:25.63,-29:27:40.90,60905.01677,11.81,0.865,19.64,19.71,19.71,1,1.58,
KMT-2025-BLG-2131,SSO42T0503.034804,17:51:33.64,-29:53:18.10,60909.01086,8.88,0.472,18.81,19.46,19.46,1,2.51,MB250298
KMT-2025-BLG-2132,SAO02N0105.029679,17:58:53.41,-29:31:18.52,60905.62174,3.52,0.052,20.63,18.84,18.84,1,1.55,
KMT-2025-BLG-2133,SAO02T0406.027947,17:52:05.16,-29:22:26.00,60905.62752,199.66,0.003,25.54,19.18,19.18,1,2.83,PB250363
KMT-2025-BLG-2134,SAO02T0503.001589,17:51:53.83,-29:43:33.49,60907.25628,2.84,0.901,16.9,15.75,15.75,1,2.67,MB250287 OB251257
KMT-2025-BLG-2135,BLG04K0401.077120,18:01:41.45,-29:52:50.02,60912.92508,51.03,0.023,19.91,19.98,19.98,1,1.02,MB250280 OB251323
KMT-2025-BLG-2136,BLG04N0103.005795,18:08:24.13,-30:49:31.51,60901.63768,13.47,1.0,19.05,17.83,17.83,1,0.65,
KMT-2025-BLG-2137,BLG16M0502.067756,17:39:14.69,-24:21:38.74,60927.79281,65.12,0.498,20.0,20.0,21.17,2,1.87,
KMT-2025-BLG-2138,SAO17N0802.025414,17:45:24.85,-34:06:04.00,60955.79864,200.0,0.031,18.63,19.16,19.16,1,1.45,MB250317
KMT-2025-BLG-2139,BLG17N0805.083019,17:45:15.16,-33:41:23.42,60905.26112,7.33,0.856,19.89,20.0,21.7,2,1.67,
KMT-2025-BLG-2140,BLG18N0808.004509,17:46:17.20,-26:51:14.47,60971.92822,54.62,0.222,19.0,19.1,19.1,2,4.4,PB250335
KMT-2025-BLG-2141,BLG20N0607.023094,17:47:19.63,-22:49:22.58,60897.96941,19.87,0.588,19.08,19.11,19.11,1,1.62,
KMT-2025-BLG-2142,BLG20N0607.052448,17:47:33.70,-22:45:19.58,60967.65328,111.98,0.207,19.38,20.0,20.11,1,1.62,OB251463
KMT-2025-BLG-2143,BLG22N0406.041343,17:57:04.17,-33:38:42.50,60905.78771,22.44,0.803,19.45,19.44,19.44,1,0.84,
KMT-2025-BLG-2144,BLG34K0307.076714,18:02:33.03,-31:15:46.51,60932.86385,53.3,0.536,20.0,20.0,20.8,1,1.12,
KMT-2025-BLG-2145,BLG35N0606.021861,18:05:58.49,-26:08:56.69,60916.1269,36.67,0.195,22.12,19.78,19.78,1,3.05,
KMT-2025-BLG-2146,BLG37M0807.014623,17:45:07.48,-34:29:23.71,60905.13604,173.05,0.033,23.73,18.73,18.73,1,1.58,
KMT-2025-BLG-2147,BLG41K0405.000748,17:51:57.14,-30:41:40.09,60978.80104,43.64,0.193,15.7,15.05,15.05,1,2.01,MB250330 OB251408
KMT-2025-BLG-2148,BLG42K0303.069786,17:52:20.43,-28:46:28.09,60904.38954,139.13,0.019,24.6,20.0,21.83,2,3.28,PB250460
KMT-2025-BLG-2149,BLG42M0701.014320,17:54:55.92,-29:04:01.88,60906.31586,104.79,0.03,22.88,18.16,18.16,1,2.08,OB251268
KMT-2025-BLG-2150,SSO42N0801.065757,17:54:43.52,-30:06:24.41,60905.88808,6.01,0.174,20.29,19.89,19.89,1,1.33,OB251255
KMT-2025-BLG-2151,SAO43K0505.005548,17:59:07.69,-27:25:28.60,60903.14372,7.95,1.0,18.76,16.74,16.74,1,1.86,OB251266
KMT-2025-BLG-2152,BLG43N0804.045760,18:02:14.94,-28:41:14.89,60908.89119,7.57,0.346,18.99,19.01,19.01,1,1.17,MB250288 OB251320 OB251321
KMT-2025-BLG-2153,SAO43T0602.112501,17:58:28.00,-28:59:22.09,60904.89064,107.13,0.02,23.38,20.0,20.71,1,1.16,
KMT-2025-BLG-2154,BLG02T0302.006091,17:52:53.10,-29:53:04.20,60941.26068,30.2,0.26,16.61,16.53,16.53,1,1.94,MB250343
KMT-2025-BLG-2155,SAO03N0506.014113,18:04:22.98,-28:17:51.50,60911.77183,6.55,0.787,17.9,17.85,17.85,1,0.83,
KMT-2025-BLG-2156,BLG17T0204.000675,17:43:51.19,-33:49:40.91,60945.70452,26.31,1.0,16.93,16.21,16.21,1,2.92,
KMT-2025-BLG-2157,BLG22M0507.004582,17:56:22.28,-32:23:03.98,60937.18222,42.69,0.696,18.19,17.3,17.3,1,1.67,OB251317
KMT-2025-BLG-2158,BLG31K0605.031895,18:10:06.53,-25:14:36.71,60971.7368,63.69,0.309,20.05,19.66,19.66,1,1.66,OB251413
KMT-2025-BLG-2159,BLG35M0208.006042,18:08:00.17,-24:51:59.98,60909.03066,7.14,0.886,18.53,18.04,18.04,4,2.27,
KMT-2025-BLG-2160,BLG37K0406.007984,17:42:27.87,-34:40:34.54,60915.54304,49.64,0.135,20.6,18.43,18.43,2,1.67,OB251335
KMT-2025-BLG-2161,SAO42M0607.012724,17:55:29.14,-28:15:16.13,60909.21388,8.73,0.826,18.85,18.81,18.81,2,2.45,OB251265
KMT-2025-BLG-2162,BLG43M0406.005052,18:04:28.43,-27:16:01.42,60972.63807,74.81,0.15,18.04,16.52,16.52,1,0.91,MB250354 OB251276
KMT-2025-BLG-2163,BLG02T0408.022751,17:52:31.57,-29:07:23.09,60918.82871,49.05,0.195,20.8,19.14,19.14,1,2.52,OB251305
KMT-2025-BLG-2164,SAO03K0603.012350,17:58:35.24,-27:35:43.69,60907.44554,0.5,0.197,18.27,17.99,17.99,1,1.84,PB250367
KMT-2025-BLG-2165,BLG03K0806.022663,17:57:35.61,-27:09:44.03,60930.91447,146.79,0.015,21.9,20.0,20.72,2,3.34,MB250337 PB250376
KMT-2025-BLG-2166,BLG03M0305.020672,18:05:06.45,-27:20:36.49,60913.26316,199.98,0.003,23.02,18.25,18.25,1,0.98,MB250300 OB251275
KMT-2025-BLG-2167,BLG03T0202.048629,18:00:47.48,-28:47:55.79,60907.83755,5.53,0.004,21.53,18.82,18.82,1,0.88,MB250282 OB251277
KMT-2025-BLG-2168,SAO03T0808.058903,17:57:23.40,-28:00:48.31,60934.09115,50.12,0.226,20.19,20.0,20.02,1,2.27,OB251357
KMT-2025-BLG-2169,BLG04K0407.021536,18:01:39.57,-29:09:54.11,60910.89622,199.92,0.03,23.16,18.41,18.41,1,1.28,OB251319
KMT-2025-BLG-2170,BLG11K0607.026794,17:23:59.92,-29:06:52.42,60906.34925,5.42,0.999,19.62,19.63,19.63,1,1.67,
KMT-2025-BLG-2171,BLG17T0102.059702,17:44:03.76,-34:11:11.69,60909.14392,21.05,0.201,21.44,20.0,20.09,1,1.63,
KMT-2025-BLG-2172,BLG18M0803.027503,17:46:12.23,-26:20:28.43,60921.55627,27.55,0.597,20.02,20.0,21.13,2,3.93,
KMT-2025-BLG-2173,BLG41K0301.064051,17:52:33.51,-31:11:32.78,60913.4155,20.34,0.74,19.96,20.0,20.27,1,2.21,
KMT-2025-BLG-2174,BLG42M0104.088277,17:58:42.26,-28:40:01.60,60907.70991,114.68,0.002,24.36,20.0,20.11,1,1.35,OB251269
KMT-2025-BLG-2175,SAO42M0406.035254,17:56:48.31,-28:20:14.21,60908.07938,45.57,0.054,22.73,19.14,19.14,1,2.04,
KMT-2025-BLG-2176,SAO42M0501.082683,17:56:28.10,-28:58:19.99,60908.04108,12.64,0.039,21.44,20.0,20.63,1,2.58,MB250290 PB250390
KMT-2025-BLG-2177,BLG43N0304.048204,18:05:07.24,-28:37:51.89,60913.0405,59.01,0.158,21.56,19.16,19.16,1,0.86,
KMT-2025-BLG-2178,SAO43T0506.032829,17:59:02.80,-28:27:17.89,60907.60947,119.23,0.006,23.99,18.63,18.63,1,1.35,
KMT-2025-BLG-2179,BLG04T0107.038610,18:03:31.35,-30:14:46.00,60909.40921,48.36,0.044,22.68,19.19,19.19,1,1.0,
KMT-2025-BLG-2180,BLG11M0303.048524,17:30:57.52,-29:34:58.19,60911.13049,30.85,0.478,20.6,20.0,21.16,2,2.84,
KMT-2025-BLG-2181,BLG14T0306.001063,17:35:30.41,-29:14:31.70,60915.95624,7.19,0.405,17.28,17.24,17.24,2,3.56,OB251428
KMT-2025-BLG-2182,BLG18T0507.000937,17:43:15.24,-26:58:56.35,60932.18076,13.84,0.694,16.83,16.9,16.9,2,3.55,OB251434
KMT-2025-BLG-2183,BLG32T0308.021234,18:09:44.55,-28:01:11.78,60913.17676,25.16,0.301,20.95,18.6,18.6,1,0.9,
KMT-2025-BLG-2184,BLG35T0201.065478,18:03:27.57,-26:49:17.51,60909.5881,15.09,0.554,20.18,20.0,20.55,1,1.91,
KMT-2025-BLG-2185,BLG37N0101.058322,17:49:12.00,-36:18:51.05,60918.811,74.07,0.031,22.34,20.0,22.36,2,0.9,
KMT-2025-BLG-2186,SAO37T0102.080328,17:44:24.18,-36:15:57.42,60914.81623,18.71,0.525,20.06,20.0,25.0,3,1.88,
KMT-2025-BLG-2187,BLG41K0401.036657,17:51:55.40,-31:04:54.98,60915.09592,57.97,0.106,21.12,19.64,19.64,1,2.29,
KMT-2025-BLG-2188,BLG41K0704.008257,17:50:10.99,-30:42:03.38,60913.05342,11.67,0.894,18.32,17.66,17.66,1,2.68,
KMT-2025-BLG-2189,SSO01M0603.080136,17:55:58.45,-30:48:30.71,60911.37317,12.15,0.066,21.12,20.0,20.05,1,1.25,
KMT-2025-BLG-2190,BLG03M0403.080609,18:04:49.73,-27:33:28.30,60911.65523,72.31,0.002,23.8,20.0,20.0,1,1.01,MB250305
KMT-2025-BLG-2191,SAO03N0707.098941,18:02:51.60,-28:10:07.21,60908.70377,50.9,0.195,21.15,20.0,20.2,1,0.86,
KMT-2025-BLG-2192,BLG03T0306.070943,18:00:42.03,-28:21:44.78,60911.32147,16.4,0.104,20.7,19.48,19.48,1,1.21,OB251322
KMT-2025-BLG-2193,BLG04K0303.048966,18:02:24.96,-29:38:30.30,60979.76311,75.39,0.507,19.15,19.24,19.24,1,1.29,OB251385
KMT-2025-BLG-2194,BLG14N0804.018246,17:37:00.66,-29:31:05.66,60913.18463,5.65,0.142,20.0,20.0,20.32,2,3.65,
KMT-2025-BLG-2195,BLG14T0401.011657,17:34:33.22,-29:51:50.98,60912.18056,53.97,0.064,22.45,19.09,19.09,2,2.77,
KMT-2025-BLG-2196,BLG16N0207.043180,17:40:46.38,-24:51:25.99,60912.93792,34.47,0.144,21.54,20.0,20.41,1,2.45,
KMT-2025-BLG-2197,BLG20M0302.009339,17:49:01.12,-22:16:57.79,60914.51459,10.11,0.201,19.6,18.69,18.69,1,1.96,
KMT-2025-BLG-2198,BLG22K0404.017448,17:52:04.92,-32:47:30.91,60925.07904,54.43,0.315,20.74,18.81,18.81,1,1.7,
KMT-2025-BLG-2199,BLG22K0603.033162,17:50:56.29,-32:51:48.71,60902.77775,66.76,0.805,19.54,19.71,19.71,1,2.01,
KMT-2025-BLG-2200,SSO37K0808.053050,17:39:42.19,-34:22:27.95,60910.35148,17.7,0.108,21.87,20.0,21.29,2,2.68,
KMT-2025-BLG-2201,SAO38K0207.010265,17:53:56.05,-21:37:53.58,60917.36758,37.2,0.207,20.92,18.84,18.84,4,2.06,
KMT-2025-BLG-2202,BLG41M0108.015908,17:58:36.42,-30:15:25.31,60916.7598,20.37,0.065,20.54,18.63,18.63,1,1.58,
KMT-2025-BLG-2203,SAO41M0701.000677,17:55:25.18,-31:11:37.90,60922.65889,15.63,1.0,15.71,14.72,14.72,1,1.56,MB250303 OB251376
KMT-2025-BLG-2204,SAO41N0506.002134,17:56:29.89,-31:41:21.30,60910.09461,22.91,0.939,18.17,16.06,16.06,1,1.51,
KMT-2025-BLG-2205,BLG02M0708.012648,17:55:28.78,-27:59:06.68,60913.40573,8.1,0.583,19.53,19.4,19.4,2,2.85,OB251309
KMT-2025-BLG-2206,BLG04M0605.026509,18:05:22.60,-29:24:30.20,60913.37777,41.09,0.049,21.64,18.81,18.81,1,1.08,
KMT-2025-BLG-2207,BLG14K0808.025953,17:32:42.61,-27:51:21.06,60915.33368,7.31,0.073,20.02,20.0,20.45,2,2.57,
KMT-2025-BLG-2208,BLG14T0805.057089,17:32:19.78,-29:19:58.66,60913.7408,35.69,0.016,22.77,20.0,21.19,2,2.48,
KMT-2025-BLG-2209,BLG15T0605.009487,17:33:24.11,-27:13:40.84,60916.21118,11.98,0.314,20.08,19.82,19.82,2,2.84,
KMT-2025-BLG-2210,BLG17T0306.090642,17:42:43.70,-33:39:11.30,60913.38663,18.01,0.019,21.98,20.0,25.0,3,2.63,
KMT-2025-BLG-2211,BLG21N0608.000958,17:56:23.91,-35:32:33.11,60935.40207,58.79,0.95,16.94,15.39,15.39,1,0.81,OB251318
KMT-2025-BLG-2212,BLG35N0108.014491,18:08:45.78,-25:56:04.20,60916.26576,15.89,0.108,20.95,18.45,18.45,1,1.45,
KMT-2025-BLG-2213,BLG41K0404.061890,17:51:43.98,-30:47:19.10,60912.53305,129.68,0.002,24.49,19.97,19.97,1,2.27,
KMT-2025-BLG-2214,BLG41K0501.066634,17:51:18.52,-31:07:40.94,60911.13792,94.98,0.026,23.73,20.0,21.21,2,2.42,
KMT-2025-BLG-2215,SAO41K0602.094822,17:50:59.32,-30:57:09.36,60912.31931,9.97,0.012,22.76,20.0,25.0,3,3.14,
KMT-2025-BLG-2216,BLG41M0204.007083,17:58:03.50,-30:48:09.11,60912.38753,10.62,0.018,22.23,17.72,17.72,1,1.36,
KMT-2025-BLG-2217,BLG41T0208.075931,17:53:06.63,-31:22:44.00,60924.33701,161.22,0.048,22.18,20.0,20.64,1,2.19,
KMT-2025-BLG-2218,BLG42M0404.087154,17:57:02.81,-28:39:09.79,60914.49982,7.75,0.076,19.97,20.0,20.06,1,1.91,MB250307 MB250308 OB251311 OB251313
KMT-2025-BLG-2219,BLG02T0508.003085,17:51:39.02,-29:07:54.98,60931.6987,11.53,1.0,17.53,17.17,17.17,1,3.72,
KMT-2025-BLG-2220,BLG04K0403.067117,18:01:41.28,-29:37:38.39,60917.47118,17.94,0.073,21.13,19.58,19.58,1,1.28,
KMT-2025-BLG-2221,BLG11M0204.016235,17:31:11.92,-29:27:44.60,60915.68894,31.81,0.089,21.69,20.0,20.3,2,3.23,
KMT-2025-BLG-2222,BLG11N0807.009154,17:28:08.64,-30:08:19.50,60915.4324,40.26,0.029,22.31,19.14,19.14,2,2.23,
KMT-2025-BLG-2223,BLG12K0101.009728,17:27:09.01,-27:44:58.70,60913.4192,10.64,0.37,19.33,19.45,19.45,2,1.99,
KMT-2025-BLG-2224,BLG13M0406.052726,17:37:34.12,-33:37:09.66,60911.98664,21.47,0.403,20.48,20.0,21.59,2,6.42,
KMT-2025-BLG-2225,BLG14M0601.063019,17:38:38.26,-28:48:04.57,60915.2559,21.43,0.125,21.66,20.0,21.88,3,3.9,
KMT-2025-BLG-2226,BLG14T0707.068915,17:33:07.62,-29:05:23.06,60919.46262,28.09,0.104,21.51,20.0,21.36,2,2.97,
KMT-2025-BLG-2227,BLG15K0404.100437,17:34:55.31,-26:16:52.75,60913.03799,30.28,0.109,22.33,20.0,25.0,3,2.75,
KMT-2025-BLG-2228,BLG15T0508.078422,17:34:09.20,-26:50:08.84,60914.13921,52.76,0.035,24.05,20.0,21.94,2,2.32,
KMT-2025-BLG-2229,BLG18T0403.070952,17:43:43.86,-27:32:54.60,60918.02809,13.85,0.538,20.03,20.0,22.25,2,3.93,PB250378
KMT-2025-BLG-2230,BLG19M0808.058084,17:46:39.84,-23:36:33.19,60915.43261,199.73,0.017,22.92,20.0,20.41,1,1.78,OB251336
KMT-2025-BLG-2231,BLG20N0803.027069,17:46:26.02,-23:16:50.70,60922.47877,19.77,0.79,19.15,19.14,19.14,1,1.47,
KMT-2025-BLG-2232,BLG32K0706.035861,18:07:09.56,-27:14:10.90,60930.87177,39.17,0.084,19.18,19.2,19.2,1,1.09,MB250318 OB251396
KMT-2025-BLG-2233,BLG34K0304.013622,18:02:16.14,-31:38:38.51,60954.37044,53.5,0.864,19.3,18.47,18.47,1,0.93,
KMT-2025-BLG-2234,BLG34T0106.031073,18:03:26.24,-32:35:44.99,60928.10317,20.98,0.189,19.34,19.44,19.44,1,0.84,MB250319 OB251394
KMT-2025-BLG-2235,BLG35N0102.019878,18:08:40.94,-26:38:52.40,60931.62977,19.17,0.113,19.03,18.96,18.96,1,1.29,OB251398
KMT-2025-BLG-2236,BLG36K0204.002619,18:14:46.38,-23:10:46.09,60942.27907,21.67,0.603,16.93,16.93,16.93,1,1.53,OB251456
KMT-2025-BLG-2237,BLG37K0203.019455,17:43:23.34,-34:58:15.82,60904.46933,133.32,0.004,24.13,19.76,19.76,2,2.01,
KMT-2025-BLG-2238,BLG42N0804.097453,17:54:29.78,-29:45:23.11,60921.80399,27.12,0.022,20.73,19.83,19.83,1,1.34,MB250314 PB250400
KMT-2025-BLG-2239,BLG01T0402.014012,17:52:25.60,-32:02:34.01,60914.80905,3.21,0.25,20.51,18.76,18.76,1,1.88,
KMT-2025-BLG-2240,SAO02M0508.051426,17:56:22.08,-28:03:50.11,60915.49915,12.37,0.003,21.41,19.8,19.8,1,2.24,
KMT-2025-BLG-2241,SAO02N0208.067013,17:58:10.21,-29:05:53.41,60914.25276,58.64,0.016,24.36,19.43,19.43,1,1.37,
KMT-2025-BLG-2242,BLG02N0408.016724,17:57:25.27,-29:05:22.81,60924.33588,38.08,0.21,20.73,18.44,18.44,1,1.57,OB251364
KMT-2025-BLG-2243,BLG03T0506.021274,17:59:02.74,-28:18:25.42,60915.68484,15.36,0.002,23.18,18.38,18.38,1,1.43,
KMT-2025-BLG-2244,BLG04M0107.061313,18:08:13.36,-29:10:04.30,60917.41883,19.3,0.03,20.43,19.98,19.98,1,0.83,
KMT-2025-BLG-2245,BLG04M0705.044528,18:05:02.70,-29:26:19.39,60929.28948,54.31,0.309,19.37,19.27,19.27,1,1.01,OB251324
KMT-2025-BLG-2246,BLG04N0602.007070,18:05:22.98,-30:52:32.20,60957.05316,52.31,0.98,18.23,18.08,18.08,1,1.25,OB251445
KMT-2025-BLG-2247,SAO04N0702.012250,18:05:05.69,-30:56:20.62,60969.70824,65.83,0.498,18.67,18.7,18.7,1,1.26,OB251325
KMT-2025-BLG-2248,BLG11M0606.049907,17:29:12.78,-29:08:10.03,60916.59933,156.28,0.013,23.28,20.0,20.44,2,2.09,
KMT-2025-BLG-2249,BLG12N0502.016444,17:29:52.77,-28:45:04.64,60905.88787,45.21,0.288,21.17,19.7,19.7,2,2.31,
KMT-2025-BLG-2250,BLG14M0503.016975,17:38:59.99,-28:28:26.98,60916.64994,19.36,0.019,22.99,20.0,20.2,2,3.36,
KMT-2025-BLG-2251,BLG14N0508.073923,17:38:54.18,-29:03:25.74,60914.20636,24.9,0.044,23.48,20.0,22.48,2,3.97,
KMT-2025-BLG-2252,BLG15K0104.047727,17:36:30.18,-26:16:53.90,60915.15791,2.2,0.28,21.29,20.0,21.57,2,3.16,
KMT-2025-BLG-2253,BLG15M0802.003103,17:36:59.64,-26:31:06.38,60930.24884,13.21,0.785,18.04,18.09,18.09,2,2.9,
KMT-2025-BLG-2254,SAO15N0707.005513,17:37:35.21,-27:03:53.96,60923.59534,22.81,0.191,19.92,18.12,18.12,4,2.66,MB250315 OB251416
KMT-2025-BLG-2255,BLG16K0105.076700,17:36:33.69,-24:05:02.11,60915.73438,39.9,0.092,22.36,20.0,25.0,3,2.23,
KMT-2025-BLG-2256,BLG17K0204.032615,17:43:37.38,-32:48:42.84,60911.1303,39.44,0.157,22.68,20.0,21.88,2,3.22,
KMT-2025-BLG-2257,BLG19N0305.003094,17:48:58.34,-25:08:39.05,60956.74766,30.14,0.231,19.06,19.04,19.04,2,4.03,OB251476 PB250427
KMT-2025-BLG-2258,BLG19N0603.016875,17:47:47.23,-25:25:38.32,60916.92311,13.52,0.31,21.16,20.0,21.52,2,4.69,
KMT-2025-BLG-2259,BLG19T0701.048447,17:42:11.54,-25:38:58.78,60920.65967,27.18,0.073,21.11,20.0,20.64,2,2.38,
KMT-2025-BLG-2260,BLG22T0105.002671,17:54:06.88,-33:41:08.92,60928.40583,7.54,0.481,16.55,16.48,16.48,1,1.48,MB250322 OB251352
KMT-2025-BLG-2261,BLG32K0403.085754,18:08:56.85,-27:37:29.60,60916.97863,27.32,0.051,22.05,20.0,20.47,1,1.11,
KMT-2025-BLG-2262,BLG33M0302.001210,18:16:48.33,-29:48:34.13,60917.35804,37.01,0.182,20.7,16.17,16.17,2,0.37,
KMT-2025-BLG-2263,BLG34K0307.045120,18:02:32.36,-31:20:41.21,60919.05768,47.57,0.11,21.37,19.64,19.64,1,1.09,OB251389
KMT-2025-BLG-2264,BLG34K0602.008549,18:00:20.76,-31:57:53.89,60933.71045,126.17,0.026,21.46,18.13,18.13,1,1.12,MB250334 OB251371
KMT-2025-BLG-2265,BLG35M0802.012237,18:04:36.75,-25:34:49.73,60923.84641,42.13,0.089,21.31,20.0,20.0,2,3.35,
KMT-2025-BLG-2266,BLG35N0807.051063,18:04:52.47,-26:03:04.79,60936.12632,56.54,0.27,21.09,20.0,20.7,1,2.0,
KMT-2025-BLG-2267,BLG35T0801.013521,18:00:07.18,-26:52:05.02,60936.78539,28.5,0.071,19.18,19.16,19.16,1,2.58,MB250345
KMT-2025-BLG-2268,BLG36N0206.006241,18:19:36.87,-24:07:32.30,60943.40393,199.78,0.034,21.91,17.73,17.73,1,0.76,OB251289
KMT-2025-BLG-2269,SAO37N0206.005310,17:48:58.54,-35:44:00.10,60947.35784,42.15,0.199,18.8,17.61,17.61,1,0.91,OB251458
KMT-2025-BLG-2270,BLG37T0306.039540,17:42:35.77,-35:46:20.14,60921.1626,131.96,0.061,22.52,20.0,20.93,2,2.2,
KMT-2025-BLG-2271,BLG42M0404.067769,17:56:45.90,-28:39:52.42,60914.84113,2.38,0.209,19.82,19.65,19.65,1,1.75,OB251312
KMT-2025-BLG-2272,BLG43K0602.035686,17:58:18.04,-27:46:25.79,60920.33999,57.7,0.302,21.7,19.61,19.61,1,2.17,
KMT-2025-BLG-2273,BLG43K0705.070198,17:57:57.85,-27:26:35.16,60914.66201,28.4,0.491,20.78,20.0,21.29,2,2.53,
KMT-2025-BLG-2274,BLG01K0508.025125,17:51:42.22,-30:11:05.78,60920.26946,11.02,0.058,19.54,18.95,18.95,1,2.12,OB251306 PB250384
KMT-2025-BLG-2275,BLG01N0203.041732,17:58:23.48,-31:55:15.49,60930.33268,51.16,0.54,20.28,20.0,20.12,1,1.77,OB251372
KMT-2025-BLG-2276,SAO02M0202.078476,17:58:30.27,-28:46:00.08,60919.11794,5.0,0.146,19.31,19.64,19.64,1,1.15,
KMT-2025-BLG-2277,BLG02N0208.043636,17:58:08.43,-29:05:52.01,60917.66872,35.37,0.156,21.47,18.91,18.91,1,1.37,
KMT-2025-BLG-2278,BLG02N0208.073894,17:58:31.04,-29:11:33.29,60923.22502,23.11,0.103,19.85,19.59,19.59,1,1.02,MB250324
KMT-2025-BLG-2279,BLG02T0401.027252,17:52:08.71,-29:59:34.30,60931.3184,26.2,0.739,18.68,19.01,19.01,1,2.29,OB251347
KMT-2025-BLG-2280,BLG02T0404.004076,17:52:15.98,-29:40:15.49,60915.94167,2.97,0.682,18.91,16.39,16.39,1,2.37,
KMT-2025-BLG-2281,SAO02T0507.050154,17:51:29.97,-29:17:56.69,60917.35033,5.94,0.071,21.59,20.0,20.42,1,3.36,
KMT-2025-BLG-2282,BLG03N0304.021931,18:05:21.19,-28:36:33.19,60931.55261,59.47,0.002,21.39,18.44,18.44,1,0.92,MB250339
KMT-2025-BLG-2283,BLG04K0405.011010,18:01:46.21,-29:23:16.58,60932.94935,16.13,0.584,18.38,17.96,17.96,1,1.2,OB251387
KMT-2025-BLG-2284,SAO14N0805.030530,17:37:31.91,-29:25:54.59,60917.38974,10.46,0.609,20.02,20.0,20.84,2,3.55,
KMT-2025-BLG-2285,BLG14T0104.084879,17:36:28.98,-29:27:50.72,60920.10196,66.74,0.164,22.03,20.0,22.41,2,3.62,
KMT-2025-BLG-2286,BLG17M0601.036832,17:46:27.71,-33:08:46.50,60929.58431,47.44,0.09,20.51,20.0,20.89,2,2.48,OB251429
KMT-2025-BLG-2287,BLG19M0501.043567,17:47:55.92,-24:29:23.10,60944.9176,123.54,0.044,21.77,20.0,21.22,2,2.82,OB251466
KMT-2025-BLG-2288,BLG20N0106.002526,17:50:22.03,-22:57:02.92,60923.44937,53.98,0.178,20.72,17.12,17.12,4,2.43,
KMT-2025-BLG-2289,BLG20N0805.004476,17:46:30.13,-23:03:56.20,60947.68059,24.25,0.991,17.99,17.21,17.21,1,1.47,
KMT-2025-BLG-2290,SAO21T0603.054074,17:51:09.84,-36:05:26.48,60917.98742,46.15,0.081,21.61,20.0,20.5,1,0.84,
KMT-2025-BLG-2291,BLG22K0503.040652,17:51:34.64,-32:53:13.49,60919.42335,36.25,0.169,21.83,19.82,19.82,1,1.88,
KMT-2025-BLG-2292,BLG32K0107.008684,18:10:59.70,-27:04:26.62,60940.47041,19.95,0.374,18.73,18.12,18.12,1,1.27,
KMT-2025-BLG-2293,SAO37K0106.013277,17:43:55.54,-34:35:53.92,60917.67547,11.6,0.31,19.61,19.1,19.1,4,1.66,
KMT-2025-BLG-2294,SAO41M0606.032384,17:55:48.23,-30:32:34.91,60939.01278,117.52,0.177,19.51,19.77,19.77,1,1.8,MB250311 OB251154
KMT-2025-BLG-2295,BLG42M0501.009673,17:56:27.24,-29:04:42.38,60918.24333,4.0,0.328,19.35,17.94,17.94,1,2.38,
KMT-2025-BLG-2296,BLG42N0107.067440,17:58:30.45,-29:22:29.60,60916.43846,2.13,0.803,19.23,19.5,19.5,1,1.31,
KMT-2025-BLG-2297,BLG42T0505.008194,17:51:25.76,-29:35:30.59,60918.86901,13.55,0.543,17.55,17.23,17.23,1,2.6,OB251307
KMT-2025-BLG-2298,BLG42T0702.010124,17:50:25.70,-30:03:42.98,60919.9648,198.2,0.053,22.64,18.37,18.37,1,3.14,
KMT-2025-BLG-2299,BLG43K0401.051675,17:59:34.50,-27:54:41.00,60917.71034,13.5,0.036,21.47,19.54,19.54,1,1.75,
KMT-2025-BLG-2300,BLG15T0303.035389,17:35:03.51,-27:33:12.42,60963.57784,110.52,0.064,20.78,20.0,20.52,2,2.47,
KMT-2025-BLG-2301,BLG20K0605.007004,17:42:53.22,-21:54:43.24,60936.39724,33.72,0.183,19.57,18.38,18.38,4,1.5,
KMT-2025-BLG-2302,BLG20T0808.007786,17:41:32.75,-22:41:10.90,60929.67529,50.79,0.475,20.05,18.35,18.35,1,1.42,
KMT-2025-BLG-2303,SAO36N0505.001447,18:18:04.40,-24:14:05.32,60930.29676,50.71,0.768,18.24,15.81,15.81,1,0.84,
KMT-2025-BLG-2304,BLG01N0504.010186,17:56:43.35,-31:42:17.39,60947.93007,85.46,0.109,20.58,18.18,18.18,1,1.53,OB251373
KMT-2025-BLG-2305,BLG04K0707.033799,18:00:03.23,-29:09:31.10,60928.59901,74.22,0.129,21.54,18.62,18.62,1,1.08,
KMT-2025-BLG-2306,SAO02N0201.003603,17:58:24.39,-29:57:27.50,60931.29479,19.96,0.8,17.22,16.05,16.05,1,1.16,MB250325 OB251370
KMT-2025-BLG-2307,SAO02T0508.010451,17:51:51.76,-29:09:30.89,60958.41547,50.62,0.883,19.18,18.45,18.45,1,3.39,
KMT-2025-BLG-2308,BLG15N0203.020863,17:40:46.31,-27:31:00.12,60905.47256,33.99,0.768,19.92,20.0,20.31,2,3.28,
KMT-2025-BLG-2309,BLG42M0701.052043,17:55:19.85,-28:59:03.98,60928.17913,69.03,0.017,21.24,19.66,19.66,3,1.81,MB250321
KMT-2025-BLG-2310,BLG01K0402.021078,17:52:24.81,-30:50:42.68,60922.01408,12.67,0.186,20.56,18.99,18.99,1,1.95,
KMT-2025-BLG-2311,BLG01K0607.009991,17:50:59.93,-30:18:58.07,60958.29069,92.37,0.57,20.05,17.63,17.63,2,2.36,
KMT-2025-BLG-2312,SAO02N0304.007448,17:57:39.49,-29:41:29.80,60930.95149,36.33,0.612,17.12,16.99,16.99,1,1.4,MB250390
KMT-2025-BLG-2313,BLG03K0404.016364,17:59:45.86,-27:26:47.62,60953.56269,50.25,0.313,19.36,18.47,18.47,1,1.98,OB251358
KMT-2025-BLG-2314,BLG18K0304.003256,17:44:33.76,-26:16:21.25,60957.17931,30.08,0.335,17.6,17.61,17.61,2,2.95,
KMT-2025-BLG-2315,BLG18T0706.015302,17:42:25.25,-27:04:52.21,60922.26508,11.88,0.006,20.08,20.0,20.4,2,3.66,
KMT-2025-BLG-2316,BLG19T0405.001928,17:44:04.44,-25:11:42.36,60927.74715,18.24,0.506,19.76,17.6,17.6,2,2.94,
KMT-2025-BLG-2317,BLG22N0802.009744,17:54:49.14,-34:11:24.68,60942.58715,199.98,0.06,19.98,18.25,18.25,1,0.99,OB251379
KMT-2025-BLG-2318,BLG41T0305.009231,17:52:38.09,-31:47:35.99,60953.65677,98.01,0.693,19.67,18.1,18.1,1,2.03,
KMT-2025-BLG-2319,SAO42N0805.003106,17:54:17.22,-29:41:43.40,60936.79173,21.86,1.0,16.44,15.73,15.73,1,1.38,OB251349
KMT-2025-BLG-2320,BLG43K0202.042888,18:00:54.53,-27:49:07.90,60935.3877,194.23,0.017,19.17,19.19,19.19,1,1.48,MB250313
KMT-2025-BLG-2321,BLG01K0207.002194,17:53:27.51,-30:18:43.45,60925.78391,10.13,0.167,20.21,16.01,16.01,4,1.66,OB251345
KMT-2025-BLG-2322,BLG01K0303.083170,17:52:55.13,-30:42:22.21,60934.61088,48.57,0.002,24.29,20.0,20.34,1,2.01,
KMT-2025-BLG-2323,BLG02M0101.011733,17:59:04.02,-28:50:54.60,60924.07891,10.1,0.007,22.01,17.46,17.46,1,1.06,
KMT-2025-BLG-2324,BLG02M0505.039208,17:56:37.67,-28:25:50.99,60934.67423,71.24,0.265,19.2,19.25,19.25,1,2.05,OB251262
KMT-2025-BLG-2325,BLG02N0102.013533,17:58:58.98,-29:51:11.99,60924.56876,6.92,0.213,18.24,17.78,17.78,1,1.1,MB250320 OB251369
KMT-2025-BLG-2326,BLG02N0104.011499,17:58:51.44,-29:37:49.69,60943.74672,20.52,0.577,18.28,17.74,17.74,1,1.25,OB251360
KMT-2025-BLG-2327,BLG02N0305.082210,17:57:31.61,-29:31:20.71,60926.23285,83.74,0.018,22.72,20.0,20.07,1,1.57,
KMT-2025-BLG-2328,BLG02N0606.090876,17:55:57.74,-29:20:47.62,60927.81406,12.98,0.087,21.3,20.0,20.27,1,1.94,OB251363
KMT-2025-BLG-2329,SSO02T0302.006380,17:53:06.51,-29:55:07.79,60932.51393,8.06,0.975,16.63,16.58,16.58,1,1.73,MB250338 OB251346
KMT-2025-BLG-2330,BLG02T0405.019754,17:52:07.69,-29:31:04.51,60976.82024,64.3,0.456,19.05,18.64,18.64,1,2.64,PB250444
KMT-2025-BLG-2331,BLG02T0507.025198,17:51:43.64,-29:14:04.42,60923.73458,199.78,0.01,24.38,19.4,19.4,1,3.31,
KMT-2025-BLG-2332,BLG02T0703.009271,17:50:21.39,-29:48:17.60,60933.92012,30.87,1.0,18.26,17.84,17.84,1,3.33,OB251351
KMT-2025-BLG-2333,BLG03T0703.073570,17:58:05.83,-28:38:40.88,60922.28508,18.94,0.096,21.57,19.69,19.69,1,1.49,
KMT-2025-BLG-2334,BLG04K0403.033508,18:01:52.69,-29:41:32.50,60925.34441,4.71,0.202,18.73,18.77,18.77,1,1.03,MB250328 OB251386
KMT-2025-BLG-2335,BLG04M0503.052810,18:05:59.45,-29:39:14.11,60932.1426,23.09,0.462,19.42,19.47,19.47,1,0.71,
KMT-2025-BLG-2336,BLG04T0105.012110,18:03:41.19,-30:29:08.48,60934.85253,199.63,0.017,22.35,18.54,18.54,1,1.23,OB251391
KMT-2025-BLG-2337,BLG14M0106.001839,17:41:11.76,-28:07:08.51,60933.31296,7.23,0.398,17.59,17.6,17.6,2,3.68,PB250409
KMT-2025-BLG-2338,BLG14M0306.000115,17:39:57.21,-28:10:09.26,60936.03067,12.37,0.106,15.03,15.01,15.01,2,3.08,
KMT-2025-BLG-2339,SAO14N0706.001688,17:38:00.95,-29:17:13.24,60970.84161,106.3,0.138,19.31,17.73,17.73,2,4.35,OB251427
KMT-2025-BLG-2340,BLG15N0302.007276,17:40:08.35,-27:40:24.46,60931.31012,8.0,0.289,18.66,18.66,18.66,2,3.03,OB251433
KMT-2025-BLG-2341,BLG15N0401.008851,17:39:46.32,-27:46:22.30,60931.21956,15.98,0.998,18.74,18.68,18.68,2,2.98,
KMT-2025-BLG-2342,BLG15T0803.052694,17:32:24.96,-27:28:25.36,60924.8484,19.92,0.01,22.76,20.0,21.44,2,3.07,
KMT-2025-BLG-2343,BLG16M0506.051900,17:39:12.23,-23:53:05.60,60937.77306,31.77,0.179,20.04,20.0,20.73,2,1.72,OB251418
KMT-2025-BLG-2344,BLG17T0708.002363,17:40:36.12,-33:20:52.69,60977.7871,54.08,0.116,17.59,17.66,17.66,2,3.25,OB251341
KMT-2025-BLG-2345,BLG18K0404.025547,17:43:50.19,-26:12:18.58,60925.49303,10.62,0.908,19.93,20.0,20.1,2,2.84,
KMT-2025-BLG-2346,BLG19N0605.069821,17:47:33.24,-25:07:14.56,60925.56101,14.69,0.02,22.93,20.0,22.51,2,4.08,
KMT-2025-BLG-2347,BLG20M0102.003158,17:50:00.18,-22:16:21.11,60952.42646,61.13,0.931,19.02,17.52,17.52,1,2.15,
KMT-2025-BLG-2348,BLG22N0408.007438,17:57:16.65,-33:21:18.79,60932.31976,14.55,0.118,20.15,18.03,18.03,1,1.04,OB251377
KMT-2025-BLG-2349,BLG22T0303.010867,17:52:56.05,-33:59:34.58,60925.89353,65.38,0.011,23.91,18.7,18.7,1,1.69,
KMT-2025-BLG-2350,BLG22T0407.067578,17:51:58.68,-33:32:10.97,60938.91827,52.66,0.162,20.38,20.0,25.0,3,1.82,
KMT-2025-BLG-2351,BLG31K0506.016656,18:11:00.20,-25:08:23.78,60923.12403,7.5,0.999,19.24,19.24,19.24,1,1.87,
KMT-2025-BLG-2352,BLG32K0705.010470,18:07:25.01,-27:20:01.00,60967.04312,45.11,0.432,17.88,17.85,17.85,1,1.06,MB250364 OB251395
KMT-2025-BLG-2353,BLG35M0203.013988,18:08:14.09,-25:26:50.78,60923.91562,68.49,0.016,23.08,18.6,18.6,1,1.6,
KMT-2025-BLG-2354,BLG35N0108.006475,18:08:29.99,-25:55:44.18,60933.85074,16.23,0.694,17.65,17.58,17.58,1,1.32,OB251411
KMT-2025-BLG-2355,BLG41K0201.073339,17:53:17.73,-31:05:35.02,60924.5718,19.22,0.01,23.79,20.0,20.68,1,2.19,
KMT-2025-BLG-2356,BLG41K0406.011784,17:52:00.60,-30:33:11.92,60946.83758,16.81,0.203,18.37,18.29,18.29,1,2.88,MB250353 OB251409 PB250407
KMT-2025-BLG-2357,SSO41T0503.012565,17:51:23.05,-31:57:34.49,60936.02209,17.35,0.114,19.28,19.27,19.27,1,2.53,
KMT-2025-BLG-2358,BLG42N0408.017695,17:56:54.57,-29:17:24.79,60966.1719,85.79,0.18,20.12,18.41,18.41,1,1.52,OB251439
KMT-2025-BLG-2359,BLG42N0803.064635,17:54:25.30,-29:52:28.99,60924.53984,12.43,0.058,20.26,19.24,19.24,1,1.41,
KMT-2025-BLG-2360,BLG43N0805.061964,18:01:58.56,-28:32:53.92,60924.01412,199.93,0.007,23.99,19.36,19.36,1,1.0,
KMT-2025-BLG-2361,BLG02M0506.026533,17:56:30.63,-28:13:24.89,60911.3402,30.02,0.596,19.03,18.86,18.86,1,2.11,
KMT-2025-BLG-2362,SAO03K0803.021715,17:57:46.74,-27:31:35.33,60936.67075,47.96,0.206,20.82,20.0,20.12,2,2.45,OB251359
KMT-2025-BLG-2363,SAO03N0503.015105,18:04:02.75,-28:39:50.11,60926.93258,19.35,0.038,22.38,17.97,17.97,1,0.83,OB251380
KMT-2025-BLG-2364,SAO03N0807.024685,18:02:11.31,-28:14:30.30,60937.39034,65.91,0.011,19.21,18.35,18.35,1,0.98,MB250362
KMT-2025-BLG-2365,SAO03T0202.072267,18:01:00.44,-28:50:06.61,60935.87663,52.81,0.462,19.86,19.34,19.34,1,0.88,
KMT-2025-BLG-2366,BLG04T0608.042448,18:00:40.14,-30:09:42.98,60883.62281,26.62,0.296,18.95,19.1,19.1,1,1.04,
KMT-2025-BLG-2367,BLG12T0306.028559,17:26:13.41,-28:12:35.06,60944.34303,56.72,0.79,19.64,20.0,20.61,2,2.1,
KMT-2025-BLG-2368,BLG20M0702.000609,17:47:08.68,-22:19:11.10,60928.50736,26.57,0.172,19.62,15.33,15.33,1,1.67,
KMT-2025-BLG-2369,SAO31T0705.059772,18:09:28.32,-26:19:17.90,60924.66882,52.87,0.542,19.79,19.9,19.9,1,1.18,
KMT-2025-BLG-2370,BLG33K0607.000402,18:09:49.77,-29:13:22.80,60953.53359,46.45,0.997,16.21,14.45,14.45,1,0.76,MB250388
KMT-2025-BLG-2371,BLG33N0201.010917,18:17:05.38,-31:03:49.64,60978.53971,64.34,0.128,20.25,18.76,18.76,4,0.34,
KMT-2025-BLG-2372,SAO42M0801.056999,17:54:31.30,-29:00:36.50,60931.19382,17.84,0.3,20.21,19.2,19.2,1,1.75,
KMT-2025-BLG-2373,SAO42N0206.083357,17:57:59.55,-29:28:36.41,60925.73164,7.06,0.309,19.98,20.0,20.08,1,1.39,OB251362
KMT-2025-BLG-2374,SAO01N0803.002804,17:54:52.65,-31:54:53.21,60970.02565,77.08,0.235,19.08,16.17,16.17,1,1.57,MB250376 OB251440
KMT-2025-BLG-2375,BLG02T0602.069799,17:51:15.32,-29:51:51.77,60930.49429,11.86,0.352,20.02,20.0,21.59,2,2.83,
KMT-2025-BLG-2376,SAO19K0505.018482,17:43:36.77,-23:58:49.69,60939.50219,43.85,0.075,20.88,18.92,18.92,1,1.6,OB251465
KMT-2025-BLG-2377,BLG19K0505.047289,17:43:27.74,-24:03:14.80,60936.17763,32.58,0.017,20.15,19.85,19.85,1,1.63,
KMT-2025-BLG-2378,BLG19N0508.016821,17:48:03.90,-24:47:35.09,60930.78607,85.04,0.014,22.74,20.0,20.74,2,4.14,
KMT-2025-BLG-2379,BLG20T0203.001187,17:45:01.82,-23:19:17.65,60961.36908,65.08,0.894,17.92,15.96,15.96,4,1.43,
KMT-2025-BLG-2380,BLG35N0105.015561,18:08:51.21,-26:19:53.29,60925.13853,9.64,0.495,20.03,18.6,18.6,1,1.32,
KMT-2025-BLG-2381,BLG37K0203.073421,17:43:19.34,-35:00:30.31,60927.42337,62.69,0.287,21.82,20.0,21.33,2,1.92,
KMT-2025-BLG-2382,BLG41M0403.078778,17:56:57.27,-30:55:25.90,60963.38238,99.9,0.239,20.19,20.0,20.11,1,1.16,OB251367
KMT-2025-BLG-2383,BLG02M0102.033845,17:58:59.33,-28:45:23.51,60923.83534,5.05,0.606,18.53,18.51,18.51,1,1.06,OB251366
KMT-2025-BLG-2384,BLG02T0502.021621,17:51:35.37,-29:52:06.82,60937.32358,31.25,0.179,20.85,18.77,18.77,1,2.51,
KMT-2025-BLG-2385,BLG04K0405.010156,18:01:37.84,-29:23:48.01,60964.6053,29.09,0.056,18.7,17.87,17.87,1,1.21,MB250350 OB251388
KMT-2025-BLG-2386,BLG04M0401.047716,18:06:34.65,-29:58:59.70,60931.69356,14.17,0.501,19.88,19.7,19.7,1,1.0,
KMT-2025-BLG-2387,BLG04T0303.044934,18:02:26.27,-30:49:29.89,60927.88633,6.05,0.169,20.6,19.88,19.88,1,1.46,OB251390
KMT-2025-BLG-2388,BLG15N0203.032615,17:40:51.46,-27:34:39.58,60928.45883,198.72,0.004,24.84,20.0,20.81,2,3.24,OB251432
KMT-2025-BLG-2389,BLG15N0605.003934,17:38:32.13,-27:13:27.16,60929.06477,7.32,0.09,20.51,18.08,18.08,2,2.97,
KMT-2025-BLG-2390,BLG17K0402.038046,17:42:36.23,-33:01:10.78,60928.69438,12.97,0.025,22.49,20.0,21.19,2,3.39,
KMT-2025-BLG-2391,BLG18K0206.083829,17:45:05.66,-26:03:10.08,60931.67503,35.58,0.083,22.12,20.0,21.72,3,2.74,
KMT-2025-BLG-2392,BLG19T0108.009497,17:45:20.26,-24:44:06.83,60927.81152,27.68,0.169,21.57,19.69,19.69,2,2.87,
KMT-2025-BLG-2393,BLG22M0305.041153,17:57:42.17,-32:37:52.39,60943.43737,58.61,0.82,19.7,19.62,19.62,1,1.33,
KMT-2025-BLG-2394,BLG22M0803.048511,17:55:07.72,-32:53:37.61,60928.26283,8.71,0.35,19.75,19.71,19.71,1,1.21,OB251378
KMT-2025-BLG-2395,BLG22N0106.018363,17:59:20.43,-33:34:16.61,60949.66788,29.18,0.572,18.9,18.86,18.86,1,0.9,OB251443
KMT-2025-BLG-2396,BLG22T0202.029634,17:53:23.50,-34:10:12.90,60934.86858,55.07,0.004,22.3,19.36,19.36,1,1.29,
KMT-2025-BLG-2397,BLG32K0501.028990,18:08:28.97,-27:51:34.99,60932.07015,6.7,0.771,18.85,18.89,18.89,1,1.08,
KMT-2025-BLG-2398,BLG32N0404.025601,18:14:04.69,-28:34:42.71,60933.62665,14.0,0.179,19.86,18.76,18.76,1,0.43,
KMT-2025-BLG-2399,BLG37M0305.012961,17:48:13.40,-34:42:40.72,60943.01115,26.2,0.816,18.79,18.42,18.42,1,1.23,
KMT-2025-BLG-2400,BLG37T0101.009422,17:44:17.19,-36:24:02.56,60963.86642,51.1,0.057,20.05,19.52,19.52,4,1.71,
KMT-2025-BLG-2401,BLG41N0408.066791,17:56:57.95,-31:19:08.18,60933.37418,44.89,0.067,21.59,20.0,20.1,1,1.32,OB251375
KMT-2025-BLG-2402,BLG42N0106.044896,17:58:31.73,-29:29:19.79,60929.73949,4.7,0.144,19.43,19.07,19.07,1,1.31,MB250335 OB251361
KMT-2025-BLG-2403,SAO42N0501.010143,17:56:21.59,-30:07:48.68,60951.81462,23.82,0.003,17.75,17.62,17.62,1,1.4,MB250368
KMT-2025-BLG-2404,BLG42T0104.106167,17:53:57.34,-29:44:28.75,60939.28263,102.69,0.061,20.87,20.0,25.0,3,1.47,
KMT-2025-BLG-2405,BLG42T0303.007987,17:52:32.83,-29:54:03.82,60958.71085,199.63,0.249,20.05,16.97,16.97,1,2.12,
KMT-2025-BLG-2406,BLG43T0102.038337,18:01:30.99,-28:53:23.10,60930.33278,4.87,0.527,19.02,18.75,18.75,1,1.11,OB251381
KMT-2025-BLG-2407,BLG01K0104.023305,17:54:10.38,-30:38:56.90,60932.11088,58.38,0.061,22.45,18.97,18.97,1,1.92,OB251407
KMT-2025-BLG-2408,BLG01M0104.073558,17:59:09.01,-30:34:23.27,60934.79983,69.68,0.489,19.68,20.0,25.0,3,1.61,
KMT-2025-BLG-2409,BLG01M0105.006365,17:58:52.10,-30:30:57.60,60930.74595,15.89,0.895,18.62,17.7,17.7,1,1.85,OB251368
KMT-2025-BLG-2410,BLG02M0106.018930,17:58:57.87,-28:17:15.61,60940.40705,9.98,0.117,18.57,18.47,18.47,1,1.43,OB251356
KMT-2025-BLG-2411,BLG02N0206.087555,17:58:17.19,-29:26:17.48,60944.47832,25.59,0.202,20.09,20.0,20.21,1,1.45,OB251437
KMT-2025-BLG-2412,SAO02T0205.023386,17:53:16.44,-29:32:13.70,60930.81834,13.52,0.247,20.82,18.54,18.54,1,2.02,OB251350
KMT-2025-BLG-2413,BLG03M0103.048189,18:06:29.88,-27:36:51.08,60934.98856,199.7,0.045,21.41,19.26,19.26,1,1.04,OB251400
KMT-2025-BLG-2414,SSO03N0708.046259,18:02:49.59,-28:05:39.52,60937.88472,12.33,0.271,18.92,18.95,18.95,1,0.89,OB251444
KMT-2025-BLG-2415,BLG04K0708.066164,18:00:02.41,-29:00:01.19,60962.30593,44.84,0.381,19.31,19.27,19.27,1,0.93,
KMT-2025-BLG-2416,BLG04M0805.078941,18:04:11.60,-29:26:01.61,60933.90975,0.5,0.435,19.04,20.0,20.02,1,0.89,
KMT-2025-BLG-2417,BLG11M0301.042029,17:31:00.62,-29:51:34.92,60943.47559,21.33,0.091,19.88,20.0,20.34,2,2.36,
KMT-2025-BLG-2418,BLG13K0101.047903,17:34:30.38,-34:10:40.12,60925.6032,17.11,0.615,20.18,20.0,22.23,2,4.37,
KMT-2025-BLG-2419,BLG14K0607.017524,17:33:32.37,-28:05:05.03,60934.03833,38.88,0.033,22.12,19.91,19.91,2,2.61,
KMT-2025-BLG-2420,BLG14M0103.017307,17:41:15.79,-28:33:26.71,60945.29458,21.18,0.427,19.98,20.0,20.75,2,4.92,
KMT-2025-BLG-2421,BLG14M0107.001723,17:41:02.73,-28:00:39.64,60971.06989,30.56,0.503,17.4,17.43,17.43,2,3.76,OB251475
KMT-2025-BLG-2422,BLG14T0304.004078,17:35:11.88,-29:34:28.52,60950.46244,17.02,0.166,17.9,17.9,17.9,2,2.69,OB251426
KMT-2025-BLG-2423,BLG15K0504.026090,17:34:06.21,-26:15:54.50,60934.92333,11.58,0.107,20.69,20.0,20.85,2,2.78,
KMT-2025-BLG-2424,BLG15M0801.029544,17:37:10.38,-26:41:53.05,60929.72448,34.51,0.075,23.23,20.0,20.98,2,2.9,
KMT-2025-BLG-2425,BLG15N0403.021117,17:39:14.53,-27:31:48.50,60932.10074,7.72,0.164,20.18,19.87,19.87,2,2.52,
KMT-2025-BLG-2426,BLG15T0601.006523,17:33:29.37,-27:48:09.50,60937.47485,8.43,0.684,18.9,18.95,18.95,2,2.94,
KMT-2025-BLG-2427,SSO15T0704.006131,17:32:46.65,-27:21:03.74,60935.00889,13.01,0.176,19.24,19.3,19.3,2,2.74,MB250344 OB251415
KMT-2025-BLG-2428,BLG16M0206.037439,17:40:34.03,-23:55:32.95,60933.43021,18.35,0.015,20.63,20.0,20.4,2,1.78,OB251417
KMT-2025-BLG-2429,BLG16M0505.023166,17:39:02.89,-24:01:36.30,60930.22014,13.08,0.298,19.81,19.89,19.89,2,1.81,OB251419
KMT-2025-BLG-2430,BLG17M0203.039601,17:48:43.40,-32:52:47.71,60953.96003,56.36,0.069,19.95,19.95,19.95,1,2.03,
KMT-2025-BLG-2431,BLG17N0103.017819,17:49:30.93,-33:58:33.71,60936.21739,38.34,0.686,19.41,18.86,18.86,1,1.44,
KMT-2025-BLG-2432,BLG17T0207.026320,17:43:38.84,-33:26:05.82,60930.71673,7.9,0.026,22.26,20.0,20.93,2,3.46,
KMT-2025-BLG-2433,BLG19T0602.031041,17:42:47.07,-25:32:20.72,60930.49065,2.84,0.629,20.0,20.0,20.4,2,2.59,
KMT-2025-BLG-2434,BLG19T0701.003615,17:42:30.03,-25:38:49.06,60951.2693,20.43,0.802,17.4,17.45,17.45,2,2.44,OB251470 OB251477
KMT-2025-BLG-2435,BLG20T0103.012751,17:45:26.69,-23:18:20.30,60935.41767,10.2,0.377,19.96,18.52,18.52,1,1.45,
KMT-2025-BLG-2436,BLG20T0202.069806,17:44:51.85,-23:25:57.22,60927.94149,22.77,0.064,21.85,20.0,20.98,1,1.74,
KMT-2025-BLG-2437,BLG20T0701.038274,17:42:21.24,-23:34:12.90,60929.99381,26.38,0.307,19.91,20.0,20.19,1,2.01,
KMT-2025-BLG-2438,BLG22K0203.036160,17:53:21.92,-32:50:19.61,60937.0443,37.11,0.174,22.1,19.47,19.47,1,1.56,
KMT-2025-BLG-2439,BLG31K0801.001238,18:09:14.72,-25:39:41.40,60943.39059,8.03,1.0,15.74,15.79,15.79,1,1.6,MB250336 OB251412
KMT-2025-BLG-2440,BLG31M0401.060482,18:16:03.09,-25:39:37.12,60942.14929,87.91,0.602,19.95,20.0,20.46,1,1.01,
KMT-2025-BLG-2441,BLG31T0201.049911,18:12:20.81,-26:52:18.70,60930.20756,27.73,0.029,23.03,19.77,19.77,1,1.02,
KMT-2025-BLG-2442,BLG32K0703.077277,18:07:34.82,-27:31:32.59,60930.71764,22.73,0.167,22.38,20.0,20.26,1,1.21,
KMT-2025-BLG-2443,BLG32M0408.049943,18:14:10.94,-26:59:34.80,60929.77681,25.59,0.098,20.97,19.76,19.76,1,0.69,OB251404
KMT-2025-BLG-2444,BLG33K0202.006363,18:12:19.01,-29:48:48.89,60947.61404,49.17,0.273,19.3,17.71,17.71,1,0.64,
KMT-2025-BLG-2445,BLG33K0301.005483,18:11:21.73,-29:52:29.10,60935.35885,9.33,0.486,18.56,17.57,17.57,1,0.55,
KMT-2025-BLG-2446,SAO33K0706.005668,18:09:05.98,-29:21:36.11,60929.75203,58.43,0.18,21.26,17.54,17.54,1,0.88,OB251401
KMT-2025-BLG-2447,BLG34K0605.056780,18:00:44.22,-31:30:17.78,60930.88614,8.09,0.091,22.33,20.0,20.01,1,1.2,
KMT-2025-BLG-2448,BLG35M0705.000349,18:05:14.91,-25:10:30.25,60964.61335,11.18,0.532,15.65,15.68,15.68,4,3.9,MB250346
KMT-2025-BLG-2449,BLG36K0702.010767,18:11:59.10,-23:30:59.18,60928.70399,16.0,0.1,21.8,20.0,20.06,4,2.55,
KMT-2025-BLG-2450,BLG36N0807.037780,18:16:29.43,-23:55:50.92,60934.38413,34.2,0.078,21.61,19.9,19.9,1,1.35,
KMT-2025-BLG-2451,BLG41K0102.075397,17:53:40.29,-30:58:16.50,60954.49241,199.99,0.05,21.84,20.0,20.24,1,1.94,
KMT-2025-BLG-2452,SAO41K0107.019136,17:53:39.55,-30:24:50.29,60932.71659,198.89,0.008,23.78,18.45,18.45,1,1.54,OB251344
KMT-2025-BLG-2453,BLG41K0204.040363,17:53:15.38,-30:44:47.80,60933.33268,6.77,0.013,21.2,19.48,19.48,1,2.09,
KMT-2025-BLG-2454,BLG41K0504.013767,17:51:32.23,-30:47:13.60,60935.70328,9.98,0.289,19.03,18.44,18.44,1,2.54,OB251406
KMT-2025-BLG-2455,BLG41M0107.029535,17:58:40.94,-30:26:00.20,60932.27431,6.55,0.673,19.44,19.51,19.51,1,2.06,
KMT-2025-BLG-2456,BLG41T0803.039134,17:49:34.18,-32:02:44.77,60933.04207,37.68,0.028,22.9,20.0,25.0,3,4.96,
KMT-2025-BLG-2457,BLG42K0107.048648,17:53:53.41,-28:20:04.09,60930.09107,4.84,0.665,20.01,20.0,20.94,2,2.7,
KMT-2025-BLG-2458,BLG42K0208.012371,17:53:08.21,-28:12:01.33,60972.90025,71.48,0.28,19.55,19.38,19.38,2,3.6,PB250429
KMT-2025-BLG-2459,SSO42N0108.031318,17:58:38.11,-29:12:12.10,60932.86403,1.31,0.163,18.89,18.44,18.44,1,1.0,
KMT-2025-BLG-2460,BLG42N0604.068037,17:55:43.86,-29:47:24.11,60930.85582,5.85,0.533,19.54,19.49,19.49,1,1.4,
KMT-2025-BLG-2461,BLG42T0801.014089,17:49:39.11,-30:05:04.49,60937.54997,19.57,0.39,20.21,19.57,19.57,1,4.38,OB251348 PB250408
KMT-2025-BLG-2462,SAO43K0105.017065,18:01:15.84,-27:24:32.80,60911.04682,9.34,0.949,18.44,18.36,18.36,1,1.53,
KMT-2025-BLG-2463,SSO43K0201.024800,18:01:01.49,-27:59:40.49,60933.24119,7.48,0.595,18.6,18.71,18.71,1,1.21,OB251383
KMT-2025-BLG-2464,BLG43N0808.028260,18:02:15.18,-28:13:54.41,60931.32761,24.29,0.083,21.8,18.57,18.57,1,0.96,OB251382
KMT-2025-BLG-2465,BLG01K0804.040354,17:50:01.51,-30:38:52.58,60942.93195,17.01,0.113,20.35,20.0,20.05,1,2.67,
KMT-2025-BLG-2466,BLG02M0805.093634,17:54:45.72,-28:25:04.55,60936.67225,44.12,0.022,23.53,20.0,25.0,3,2.67,
KMT-2025-BLG-2467,BLG02N0406.051416,17:57:21.00,-29:26:30.70,60935.99503,8.59,0.249,20.0,19.46,19.46,1,1.65,OB251438
KMT-2025-BLG-2468,BLG14M0306.015071,17:39:55.88,-28:11:42.32,60948.70577,48.01,0.477,20.54,19.75,19.75,2,3.02,
KMT-2025-BLG-2469,BLG16M0603.062640,17:38:26.56,-24:14:55.97,60934.40762,33.62,0.079,22.76,20.0,21.02,2,1.61,
KMT-2025-BLG-2470,SAO18T0601.018161,17:43:01.88,-27:42:30.92,60937.70026,21.6,0.461,20.01,20.0,20.42,2,4.17,PB250410
KMT-2025-BLG-2471,BLG19K0702.013202,17:42:03.48,-24:27:50.62,60942.1629,16.29,0.184,19.77,18.86,18.86,1,1.94,
KMT-2025-BLG-2472,BLG19M0105.004282,17:50:10.96,-23:58:41.48,60940.94259,25.24,0.281,20.62,18.16,18.16,2,2.7,
KMT-2025-BLG-2473,BLG19T0502.068508,17:43:16.45,-25:34:23.12,60945.52982,29.61,0.029,21.12,20.0,21.56,2,2.93,
KMT-2025-BLG-2474,BLG35N0204.003740,18:08:23.42,-26:26:16.80,60944.56118,131.44,0.549,19.65,16.72,16.72,1,1.25,
KMT-2025-BLG-2475,BLG35N0207.010378,18:08:08.34,-26:02:46.61,60944.28583,19.43,0.515,19.61,18.33,18.33,1,1.68,
KMT-2025-BLG-2476,BLG42N0201.024656,17:57:50.17,-30:08:51.61,60935.28712,83.2,0.054,22.56,19.1,19.1,1,1.82,
KMT-2025-BLG-2477,BLG43K0702.004937,17:57:56.35,-27:45:52.92,60944.52102,57.53,0.036,20.77,17.56,17.56,2,2.46,OB251436 PB250416
KMT-2025-BLG-2478,BLG01K0304.009928,17:52:51.84,-30:35:17.20,60945.57992,7.3,0.532,17.85,17.89,17.89,1,2.41,
KMT-2025-BLG-2479,BLG01K0604.047704,17:51:01.65,-30:35:52.58,60931.51915,28.35,0.002,23.34,20.0,20.01,1,2.45,OB251410
KMT-2025-BLG-2480,BLG02T0101.025606,17:54:01.42,-30:02:43.01,60936.21136,22.77,0.101,21.78,18.54,18.54,1,1.5,
KMT-2025-BLG-2481,BLG11M0308.019215,17:30:41.77,-29:00:07.34,60926.28464,154.89,0.034,24.1,20.0,20.48,2,2.74,
KMT-2025-BLG-2482,BLG14M0504.003238,17:39:13.98,-28:27:15.08,60941.19907,7.4,0.868,17.65,17.68,17.68,2,3.43,PB250418
KMT-2025-BLG-2483,BLG14N0805.013243,17:37:16.60,-29:23:15.65,60940.86969,69.35,0.949,19.97,19.66,19.66,2,3.47,
KMT-2025-BLG-2484,BLG15K0102.035514,17:36:25.05,-26:34:47.82,60936.43385,4.9,0.08,20.37,20.0,20.98,2,2.82,
KMT-2025-BLG-2485,BLG15N0403.035339,17:39:17.81,-27:29:20.29,60943.76866,25.02,0.484,19.76,20.0,20.42,2,2.49,
KMT-2025-BLG-2486,BLG16N0401.068637,17:39:23.73,-25:39:50.22,60936.88463,27.88,0.163,21.66,20.0,22.68,2,3.26,
KMT-2025-BLG-2487,BLG22K0405.056967,17:52:14.32,-32:39:06.30,60946.75021,27.38,0.245,20.55,19.91,19.91,1,1.56,
KMT-2025-BLG-2488,BLG31T0303.021008,18:11:52.58,-26:35:10.21,60949.25713,40.44,0.459,19.23,18.71,18.71,1,1.0,OB251454
KMT-2025-BLG-2489,BLG32M0304.037088,18:14:36.84,-27:27:25.60,60943.71038,41.28,0.961,19.35,19.21,19.21,1,0.6,
KMT-2025-BLG-2490,SAO32T0305.031448,18:09:57.27,-28:28:39.50,60975.41753,56.08,0.264,19.82,19.24,19.24,1,1.05,
KMT-2025-BLG-2491,SAO34K0203.004940,18:02:41.45,-31:51:25.31,60972.07542,49.72,0.401,19.1,17.51,17.51,1,1.09,OB251447
KMT-2025-BLG-2492,BLG34K0502.049320,18:01:14.11,-31:52:01.49,60956.05577,31.87,0.013,20.0,19.96,19.96,1,1.24,OB251448
KMT-2025-BLG-2493,BLG34M0504.048465,18:06:21.95,-31:43:51.10,60941.23483,139.21,0.022,22.85,20.0,20.0,1,0.79,
KMT-2025-BLG-2494,BLG34M0506.017952,18:06:13.68,-31:27:47.70,60941.64272,56.02,0.351,21.07,18.86,18.86,1,0.83,
KMT-2025-BLG-2495,SAO35M0404.010353,18:06:49.84,-25:20:06.40,60931.03162,58.59,0.946,19.39,18.84,18.84,4,2.87,
KMT-2025-BLG-2496,BLG38T0604.006142,17:51:54.13,-23:10:19.13,60930.17792,54.86,0.38,21.07,17.99,17.99,4,2.53,
KMT-2025-BLG-2497,SAO41K0202.006105,17:53:23.22,-31:01:41.70,60963.81201,54.96,0.967,18.85,17.09,17.09,1,2.02,
KMT-2025-BLG-2498,BLG41N0401.047316,17:56:53.35,-32:18:12.49,60944.01207,51.43,1.0,19.66,19.74,19.74,1,1.42,
KMT-2025-BLG-2499,BLG43T0307.036191,18:00:05.49,-28:20:57.08,60947.38848,199.97,0.061,21.74,18.78,18.78,1,1.41,
KMT-2025-BLG-2500,BLG04K0606.087840,18:00:43.05,-29:20:58.88,60938.5618,4.76,0.017,21.04,20.0,20.47,1,1.33,
KMT-2025-BLG-2501,BLG04T0602.017269,18:00:17.97,-30:55:42.71,60973.15205,58.66,0.293,19.27,18.82,18.82,1,1.62,OB251446
KMT-2025-BLG-2502,BLG20M0108.001117,17:49:58.25,-21:35:25.01,60941.85175,4.37,0.428,16.3,16.31,16.31,4,2.27,
KMT-2025-BLG-2503,BLG33K0807.074478,18:09:00.54,-29:14:18.42,60937.21667,52.02,0.04,22.24,20.0,21.14,2,0.89,
KMT-2025-BLG-2504,BLG35N0604.000686,18:05:43.39,-26:29:23.71,60952.71614,8.16,0.398,14.86,14.78,14.78,1,1.35,MB250361 OB251487
KMT-2025-BLG-2505,BLG37N0608.025380,17:46:00.84,-35:27:01.69,60934.17299,48.09,0.139,21.64,19.32,19.32,1,1.27,
KMT-2025-BLG-2506,BLG42K0404.016920,17:51:56.66,-28:36:37.80,60940.01651,9.07,0.588,19.95,19.95,19.95,2,4.38,
KMT-2025-BLG-2507,BLG01M0302.018368,17:57:41.45,-30:55:31.80,60940.90244,16.06,0.002,21.3,18.65,18.65,1,1.54,
KMT-2025-BLG-2508,BLG01M0306.002506,17:57:57.95,-30:21:34.49,60972.18248,18.58,0.428,16.26,16.27,16.27,1,1.79,MB250349 OB251483
KMT-2025-BLG-2509,BLG01N0404.045147,17:57:17.24,-31:48:39.49,60944.43266,12.68,0.475,19.7,19.68,19.68,1,1.56,
KMT-2025-BLG-2510,SSO02K0107.073560,17:54:14.43,-28:05:46.32,60849.47595,0.74,0.239,20.13,20.0,25.0,3,4.02,
KMT-2025-BLG-2511,BLG02M0605.086519,17:56:02.11,-28:25:28.45,60939.152,21.07,0.027,22.24,20.0,22.05,2,2.86,
KMT-2025-BLG-2512,BLG02N0808.045540,17:54:36.82,-29:10:34.61,60938.06823,6.21,0.077,19.67,19.28,19.28,1,1.79,
KMT-2025-BLG-2513,BLG03K0401.075243,17:59:48.86,-27:50:38.40,60937.8248,47.18,0.002,23.46,20.0,20.3,1,1.92,
KMT-2025-BLG-2514,BLG03M0303.070688,18:05:13.13,-27:34:10.31,60945.28821,22.68,0.048,20.85,19.72,19.72,1,0.84,
KMT-2025-BLG-2515,BLG03N0308.003488,18:05:04.12,-28:03:18.79,60972.20056,28.43,0.575,17.0,16.0,16.0,1,0.91,MB250363
KMT-2025-BLG-2516,BLG04K0302.066397,18:02:05.70,-29:51:44.32,60939.35093,5.83,0.251,19.53,19.54,19.54,1,0.92,
KMT-2025-BLG-2517,BLG11T0307.045280,17:25:59.36,-30:10:21.43,60940.47402,18.02,0.025,21.44,20.0,21.04,2,2.39,
KMT-2025-BLG-2518,BLG13M0302.001894,17:38:11.04,-34:05:36.17,60928.78067,68.75,0.263,21.48,17.87,17.87,2,3.76,
KMT-2025-BLG-2519,BLG13T0503.001024,17:31:48.81,-35:06:15.23,60940.39276,102.01,0.889,19.4,18.56,18.56,2,6.6,
KMT-2025-BLG-2520,SSO14K0203.068632,17:35:35.59,-28:28:21.11,60956.87924,35.5,0.102,19.92,20.0,21.64,3,3.43,OB251471 PB250421
KMT-2025-BLG-2521,BLG14M0702.025378,17:37:51.96,-28:40:20.42,60938.84414,21.3,0.075,22.66,20.0,20.43,2,3.19,
KMT-2025-BLG-2522,SAO14N0707.007829,17:37:55.49,-29:08:11.08,60947.96384,16.3,0.208,18.91,18.59,18.59,2,3.22,PB250417
KMT-2025-BLG-2523,BLG14N0807.048178,17:37:15.20,-29:11:56.40,60940.82881,17.32,0.805,19.89,20.0,21.31,2,3.6,
KMT-2025-BLG-2524,BLG14N0807.061154,17:37:27.64,-29:12:19.15,60943.09682,191.78,0.016,23.86,20.0,21.59,2,3.65,
KMT-2025-BLG-2525,BLG14T0303.008157,17:35:24.94,-29:41:34.44,60960.37136,21.87,0.481,18.76,18.74,18.74,2,3.5,
KMT-2025-BLG-2526,SAO16K0705.000258,17:33:00.79,-24:05:48.70,60930.49124,76.34,0.911,16.86,15.43,15.43,2,1.6,
KMT-2025-BLG-2527,BLG16M0805.002431,17:37:32.35,-24:01:46.81,60970.38863,54.41,0.2,19.3,17.58,17.58,2,1.88,OB251420
KMT-2025-BLG-2528,BLG17M0702.075539,17:45:34.84,-32:57:43.38,60936.48721,24.9,0.074,22.04,20.0,21.82,2,2.7,
KMT-2025-BLG-2529,BLG22T0103.041620,17:53:51.66,-34:03:10.91,60957.61205,29.6,0.016,19.88,19.63,19.63,1,1.29,MB250359 OB251482
KMT-2025-BLG-2530,BLG22T0701.049994,17:50:16.22,-34:12:34.45,60933.86954,1.81,0.534,19.92,20.0,20.71,2,1.84,
KMT-2025-BLG-2531,BLG22T0805.036475,17:49:45.14,-33:42:43.02,60936.82633,106.09,0.006,23.38,20.0,20.28,2,1.73,
KMT-2025-BLG-2532,SAO31M0806.000646,18:14:04.58,-25:05:53.99,60957.22868,12.16,0.914,15.8,15.29,15.29,1,1.35,OB251490
KMT-2025-BLG-2533,BLG31N0207.046650,18:17:29.77,-26:06:45.22,60937.5178,34.28,0.022,23.32,19.89,19.89,1,0.77,
KMT-2025-BLG-2534,BLG31N0808.033667,18:13:56.78,-25:58:02.39,60936.24396,15.93,0.101,22.5,19.36,19.36,1,1.07,
KMT-2025-BLG-2535,BLG34K0805.001194,17:59:21.62,-31:32:00.38,60951.26145,10.15,0.188,16.02,15.91,15.91,1,1.72,MB250357 OB251441
KMT-2025-BLG-2536,BLG34N0506.008219,18:06:29.91,-32:35:07.91,60977.33595,42.69,0.184,18.87,18.42,18.42,1,0.95,MB250387 OB251486
KMT-2025-BLG-2537,SAO36K0303.015518,18:14:35.68,-23:23:53.23,60977.81971,74.78,0.286,19.5,19.72,19.72,4,1.55,
KMT-2025-BLG-2538,BLG37N0208.034408,17:48:44.99,-35:26:17.59,60948.43715,50.34,0.175,21.16,19.38,19.38,1,0.9,
KMT-2025-BLG-2539,BLG37T0405.004299,17:42:23.25,-35:55:26.04,60929.13325,28.3,0.697,19.54,18.21,18.21,2,1.79,
KMT-2025-BLG-2540,BLG41K0108.022736,17:53:46.03,-30:15:32.36,60939.04483,9.33,0.852,19.1,18.84,18.84,2,1.46,
KMT-2025-BLG-2541,BLG42K0101.014242,17:53:54.72,-29:01:33.82,60941.37907,10.77,0.803,18.51,17.65,17.65,1,1.8,
KMT-2025-BLG-2542,BLG42K0304.041701,17:52:35.68,-28:35:46.43,60935.48871,51.2,0.027,23.98,20.0,20.77,2,3.15,
KMT-2025-BLG-2543,SSO43N0406.096975,18:04:25.78,-28:26:16.08,60940.19994,91.65,0.002,23.79,20.0,21.59,2,0.85,
KMT-2025-BLG-2544,BLG43N0604.066286,18:03:05.05,-28:45:14.69,60938.47588,3.03,0.222,19.58,19.39,19.39,1,0.87,
KMT-2025-BLG-2545,BLG43T0603.052382,17:58:29.60,-28:49:41.81,60936.23161,10.3,0.287,20.42,19.06,19.06,1,1.15,
KMT-2025-BLG-2546,BLG03N0304.009164,18:05:25.94,-28:31:06.10,60947.72066,35.37,0.132,21.0,17.64,17.64,1,0.92,
KMT-2025-BLG-2547,BLG22M0707.008903,17:55:38.80,-32:22:39.00,60940.69176,30.43,0.106,22.42,18.4,18.4,1,1.79,
KMT-2025-BLG-2548,SAO36K0501.000722,18:13:22.52,-23:34:25.57,60978.37676,196.13,0.085,21.41,16.0,16.0,4,1.83,
KMT-2025-BLG-2549,BLG37M0208.045853,17:48:23.55,-34:18:39.10,60943.32883,10.99,0.296,20.05,19.77,19.77,1,1.42,
KMT-2025-BLG-2550,BLG41T0104.074248,17:53:40.16,-31:53:57.41,60957.72804,37.42,0.201,20.46,20.0,20.42,1,1.7,
KMT-2025-BLG-2551,BLG42K0403.033889,17:52:11.32,-28:49:53.18,60969.04245,49.3,0.129,18.39,20.0,20.72,2,2.96,MB250348
KMT-2025-BLG-2552,BLG42N0808.012763,17:54:33.10,-29:15:24.41,60966.63147,23.57,0.026,17.34,17.59,17.59,1,1.7,PB250430
KMT-2025-BLG-2553,BLG43N0202.051751,18:05:32.31,-28:57:58.39,60939.23278,26.96,0.214,20.74,19.5,19.5,1,1.08,
KMT-2025-BLG-2554,BLG01M0205.017714,17:58:09.51,-30:31:20.10,60945.78154,52.64,0.083,20.79,19.23,19.23,1,2.24,
KMT-2025-BLG-2555,BLG14M0303.042119,17:40:13.60,-28:27:40.97,60943.41957,60.97,0.021,23.0,20.0,21.93,2,4.52,
KMT-2025-BLG-2556,BLG17K0802.073893,17:40:05.53,-32:56:35.74,60941.499,15.58,0.039,21.87,20.0,22.47,3,3.7,
KMT-2025-BLG-2557,BLG19T0703.020868,17:42:24.81,-25:26:18.92,60942.27457,111.14,0.027,23.79,20.0,20.21,2,2.75,
KMT-2025-BLG-2558,SAO22N0702.054527,17:55:28.45,-34:04:34.79,60942.14231,12.85,0.11,20.06,19.87,19.87,1,0.86,
KMT-2025-BLG-2559,BLG41N0602.078101,17:55:42.08,-32:08:05.71,60941.30498,61.46,0.003,22.54,20.0,20.65,1,1.57,
KMT-2025-BLG-2560,BLG41T0502.002876,17:51:23.84,-32:08:15.29,60940.71441,80.31,0.026,23.56,17.05,17.05,1,2.35,
KMT-2025-BLG-2561,BLG02M0603.106961,17:55:53.63,-28:36:14.18,60942.7323,6.96,0.033,21.43,20.0,25.0,3,1.84,
KMT-2025-BLG-2562,BLG02T0804.050124,17:50:06.03,-29:41:30.52,60944.12354,93.68,0.025,23.21,20.0,20.77,1,3.3,
KMT-2025-BLG-2563,BLG11M0204.048696,17:31:21.77,-29:29:14.10,60942.15285,12.76,0.067,21.36,20.0,21.41,2,3.21,
KMT-2025-BLG-2564,BLG14T0205.068634,17:35:54.17,-29:20:39.41,60944.83752,85.19,0.036,22.54,20.0,21.59,2,3.35,
KMT-2025-BLG-2565,BLG14T0304.005560,17:35:12.74,-29:30:11.77,60970.7421,51.41,0.197,18.68,18.19,18.19,2,3.18,OB251494
KMT-2025-BLG-2566,BLG15K0402.030339,17:34:33.57,-26:29:45.06,60943.17036,12.6,0.022,21.75,20.0,20.87,2,2.98,
KMT-2025-BLG-2567,BLG19M0701.074019,17:46:47.13,-24:34:13.94,60941.2891,14.56,0.08,22.73,20.0,22.13,2,2.94,
KMT-2025-BLG-2568,BLG41K0702.036721,17:50:02.01,-30:57:28.66,60944.4189,27.5,0.032,22.52,20.0,21.04,2,3.1,
KMT-2025-BLG-2569,BLG41M0301.026524,17:57:16.41,-31:10:27.52,60944.00943,125.92,0.061,22.63,18.88,18.88,1,1.24,
KMT-2025-BLG-2570,BLG41M0501.078543,17:56:07.85,-31:06:02.09,60945.39833,12.98,0.05,20.65,20.0,20.27,1,1.51,
KMT-2025-BLG-2571,BLG41N0802.006785,17:54:34.68,-32:08:31.20,60843.8088,27.97,0.054,26.84,17.75,17.75,1,1.59,
KMT-2025-BLG-2572,BLG42M0201.045265,17:58:01.74,-29:02:52.91,60944.35916,9.46,0.688,19.16,19.21,19.21,1,1.6,
KMT-2025-BLG-2573,BLG42N0203.008185,17:58:13.10,-29:56:08.09,60946.57509,22.43,0.995,18.36,17.4,17.4,1,1.24,
KMT-2025-BLG-2574,SSO02K0304.033363,17:52:55.66,-28:31:28.52,60944.00035,29.41,0.004,24.09,20.0,20.46,2,2.99,
KMT-2025-BLG-2575,BLG14K0705.040388,17:32:58.03,-28:17:18.92,60957.96473,23.57,0.09,20.05,20.0,20.55,2,2.45,
KMT-2025-BLG-2576,BLG15N0807.045291,17:37:07.81,-27:05:00.46,60944.70852,42.94,0.3,21.73,20.0,20.89,2,2.6,
KMT-2025-BLG-2577,BLG16M0301.027211,17:40:06.79,-24:35:20.90,60941.50226,25.19,0.101,22.46,20.0,20.43,2,2.44,
KMT-2025-BLG-2578,BLG18T0506.008697,17:43:10.50,-27:03:27.18,60954.64541,13.93,0.295,19.06,19.2,19.2,2,3.76,
KMT-2025-BLG-2579,BLG22K0502.055965,17:51:24.24,-33:01:59.41,60954.65215,49.29,0.148,20.75,20.0,20.17,1,1.83,
KMT-2025-BLG-2580,BLG37M0608.008443,17:46:04.76,-34:19:43.21,60955.79422,15.11,0.363,18.06,18.06,18.06,1,1.52,OB251491
KMT-2025-BLG-2581,BLG42M0703.045405,17:55:04.53,-28:49:42.13,60952.16421,100.3,0.009,21.74,19.73,19.73,2,2.05,MB250369 PB250426
KMT-2025-BLG-2582,SSO42N0606.045441,17:55:51.94,-29:30:54.68,60944.14447,4.92,0.092,20.36,19.06,19.06,1,1.78,
KMT-2025-BLG-2583,BLG43K0607.030741,17:58:36.20,-27:13:26.11,60955.79561,132.65,0.042,22.63,20.0,20.33,2,2.49,
KMT-2025-BLG-2584,BLG01M0403.079559,17:57:18.16,-30:43:10.31,60949.73104,24.1,0.057,21.18,20.0,20.41,1,1.5,
KMT-2025-BLG-2585,BLG01T0104.026256,17:54:12.30,-31:48:10.19,60945.13001,14.41,0.037,21.17,19.23,19.23,1,2.01,
KMT-2025-BLG-2586,SSO02M0604.032909,17:56:01.74,-28:35:08.59,60954.8691,27.63,0.297,19.62,19.73,19.73,1,1.92,
KMT-2025-BLG-2587,BLG02N0202.071789,17:58:23.69,-29:50:05.89,60951.90721,20.78,0.218,19.68,19.61,19.61,1,1.21,
KMT-2025-BLG-2588,BLG03M0603.007746,18:03:28.15,-27:31:14.20,60955.99876,55.49,0.923,18.78,17.51,17.51,1,1.4,
KMT-2025-BLG-2589,BLG11M0406.041365,17:30:28.25,-29:10:57.72,60949.47796,18.13,0.642,19.98,20.0,20.92,2,2.55,
KMT-2025-BLG-2590,BLG12N0403.027313,17:30:21.36,-28:33:36.90,60954.64404,31.1,0.18,20.55,20.0,20.0,2,1.83,
KMT-2025-BLG-2591,BLG14N0604.004515,17:38:15.78,-29:29:05.89,60963.83193,64.43,0.842,19.24,19.22,19.22,2,4.64,PB250457
KMT-2025-BLG-2592,BLG15N0501.098109,17:38:54.68,-27:44:33.50,60944.06561,16.68,0.083,22.08,20.0,22.15,2,2.85,
KMT-2025-BLG-2593,BLG17K0801.019361,17:39:57.07,-33:05:57.95,60946.62651,16.39,0.047,22.23,20.0,20.45,2,3.29,
KMT-2025-BLG-2594,BLG19T0201.019839,17:45:00.16,-25:40:08.83,60945.09428,10.42,0.922,19.98,20.0,20.39,2,3.03,
KMT-2025-BLG-2595,BLG22K0408.069434,17:52:11.64,-32:14:57.52,60955.39443,45.97,0.163,21.31,20.0,20.62,1,1.96,
KMT-2025-BLG-2596,BLG22K0501.022184,17:51:21.20,-33:09:46.98,60961.85482,30.14,0.155,19.51,19.41,19.41,2,1.58,MB250347
KMT-2025-BLG-2597,BLG31N0607.027355,18:15:04.50,-26:02:21.91,60960.82953,20.67,0.506,19.22,19.24,19.24,1,1.17,
KMT-2025-BLG-2598,BLG32M0807.006151,18:11:23.98,-27:00:20.48,60958.86741,18.93,0.743,17.5,17.55,17.55,1,1.11,
KMT-2025-BLG-2599,BLG32T0801.022668,18:06:59.40,-28:57:41.11,60965.1705,53.97,0.638,18.57,18.59,18.59,1,0.81,OB251453
KMT-2025-BLG-2600,BLG37M0308.010245,17:47:44.00,-34:24:46.51,60945.00254,51.94,0.286,19.87,18.52,18.52,1,1.57,OB251459
KMT-2025-BLG-2601,BLG37T0103.006531,17:44:18.73,-36:08:00.67,60946.40782,29.64,0.171,21.19,18.68,18.68,2,1.51,
KMT-2025-BLG-2602,BLG41N0603.031501,17:55:35.97,-32:04:20.32,60951.72433,61.96,0.513,19.5,19.29,19.29,1,1.52,
KMT-2025-BLG-2603,SAO43K0307.028545,18:00:03.82,-27:14:11.00,60944.54399,4.58,0.121,21.36,19.14,19.14,1,2.1,
KMT-2025-BLG-2604,BLG43T0806.001446,17:57:22.09,-28:22:45.19,60946.8638,17.08,0.008,21.99,15.37,15.37,1,1.69,
