MJD,Magnitude,Error,Facility,Filter,Observer
2510707.38315,19.691,0.3712,CTIO_KMTC42,KMT(I),KMT
2510708.38495,19.8639,0.3997,CTIO_KMTC42,KMT(I),KMT
2510708.3876799997,20.0777,0.9558,CTIO_KMTC42,KMT(I),KMT
2510709.3835199997,19.7858,0.241,CTIO_KMTC42,KMT(I),KMT
2510710.3854900002,20.2741,0.4727,CTIO_KMTC42,KMT(I),KMT
2510712.38939,20.3638,1.021,CTIO_KMTC42,KMT(I),KMT
2510714.39052,20.0397,0.6115,CTIO_KMTC42,KMT(I),KMT
2510715.38872,19.9006,0.1784,CTIO_KMTC42,KMT(I),KMT
2510716.38896,20.1283,0.3663,CTIO_KMTC42,KMT(I),KMT
2510717.3891400006,20.0934,0.215,CTIO_KMTC42,KMT(I),KMT
2510718.39389,20.2565,0.365,CTIO_KMTC42,KMT(I),KMT
2510719.39143,19.7762,0.2338,CTIO_KMTC42,KMT(I),KMT
2510725.4003,19.7928,0.4272,CTIO_KMTC42,KMT(I),KMT
2510726.35257,20.0035,0.14,CTIO_KMTC42,KMT(I),KMT
2510727.3519,20.0145,0.1303,CTIO_KMTC42,KMT(I),KMT
2510727.3684100006,19.9912,0.1216,CTIO_KMTC42,KMT(I),KMT
2510728.3409899995,19.5362,0.2115,CTIO_KMTC42,KMT(I),KMT
2510728.36116,20.1629,0.3504,CTIO_KMTC42,KMT(I),KMT
2510729.3425699994,20.1848,0.2005,CTIO_KMTC42,KMT(I),KMT
2510729.35405,20.1105,0.2372,CTIO_KMTC42,KMT(I),KMT
2510729.3651899993,20.1124,0.2092,CTIO_KMTC42,KMT(I),KMT
2510729.3765399996,19.8008,0.1212,CTIO_KMTC42,KMT(I),KMT
2510730.3241600003,19.6293,0.1159,CTIO_KMTC42,KMT(I),KMT
2510730.34079,19.7187,0.114,CTIO_KMTC42,KMT(I),KMT
2510730.3612399995,19.8909,0.1279,CTIO_KMTC42,KMT(I),KMT
2510731.33007,19.9323,0.1068,CTIO_KMTC42,KMT(I),KMT
2510731.3536399994,20.008,0.1022,CTIO_KMTC42,KMT(I),KMT
2510731.3722,20.0582,0.1035,CTIO_KMTC42,KMT(I),KMT
2510732.32701,19.9473,0.0935,CTIO_KMTC42,KMT(I),KMT
2510732.34729,19.8866,0.0829,CTIO_KMTC42,KMT(I),KMT
2510732.3708999995,19.9195,0.0812,CTIO_KMTC42,KMT(I),KMT
2510732.38746,20.0102,0.0863,CTIO_KMTC42,KMT(I),KMT
2510733.3371200003,20.1199,0.1209,CTIO_KMTC42,KMT(I),KMT
2510733.3544200007,20.0935,0.1175,CTIO_KMTC42,KMT(I),KMT
2510733.3716899995,19.9105,0.0855,CTIO_KMTC42,KMT(I),KMT
2510733.3744799998,20.0142,0.0943,CTIO_KMTC42,KMT(I),KMT
2510733.3773500007,19.9517,0.083,CTIO_KMTC42,KMT(I),KMT
2510733.40393,19.8469,0.0868,CTIO_KMTC42,KMT(I),KMT
2510734.3375499994,19.8936,0.1659,CTIO_KMTC42,KMT(I),KMT
2510734.3761800006,19.796,0.5549,CTIO_KMTC42,KMT(I),KMT
2510734.39262,19.7472,0.2069,CTIO_KMTC42,KMT(I),KMT
2510734.40945,20.5531,0.7874,CTIO_KMTC42,KMT(I),KMT
2510735.31131,20.1852,0.1489,CTIO_KMTC42,KMT(I),KMT
2510735.33808,20.0237,0.132,CTIO_KMTC42,KMT(I),KMT
2510735.35511,20.1567,0.1185,CTIO_KMTC42,KMT(I),KMT
2510735.37173,19.9491,0.095,CTIO_KMTC42,KMT(I),KMT
2510735.37443,20.0237,0.1015,CTIO_KMTC42,KMT(I),KMT
2510735.3910300005,19.8842,0.1032,CTIO_KMTC42,KMT(I),KMT
2510735.4091299996,19.9853,0.1609,CTIO_KMTC42,KMT(I),KMT
2510736.3115599994,19.601,0.101,CTIO_KMTC42,KMT(I),KMT
2510736.33187,19.6655,0.0997,CTIO_KMTC42,KMT(I),KMT
2510736.36109,19.4644,0.0802,CTIO_KMTC42,KMT(I),KMT
2510736.37806,19.724,0.0927,CTIO_KMTC42,KMT(I),KMT
2510736.3963,20.0955,0.1113,CTIO_KMTC42,KMT(I),KMT
2510737.3057000004,19.8072,0.1077,CTIO_KMTC42,KMT(I),KMT
2510737.3300599996,19.8179,0.0953,CTIO_KMTC42,KMT(I),KMT
2510737.35496,18.3584,1.0291,CTIO_KMTC42,KMT(I),KMT
2510737.3720500004,20.0242,0.0924,CTIO_KMTC42,KMT(I),KMT
2510737.39052,19.8461,0.1045,CTIO_KMTC42,KMT(I),KMT
2510737.4085600004,19.7911,0.2743,CTIO_KMTC42,KMT(I),KMT
2510738.30994,20.0454,0.1255,CTIO_KMTC42,KMT(I),KMT
2510738.32623,19.7945,0.1061,CTIO_KMTC42,KMT(I),KMT
2510738.35363,19.641,0.0967,CTIO_KMTC42,KMT(I),KMT
2510738.3794299997,19.9565,0.0848,CTIO_KMTC42,KMT(I),KMT
2510738.3985,19.8011,0.0751,CTIO_KMTC42,KMT(I),KMT
2510739.31097,19.8892,0.0936,CTIO_KMTC42,KMT(I),KMT
2510739.3275000006,20.0085,0.1146,CTIO_KMTC42,KMT(I),KMT
2510739.3551700003,19.9255,0.0975,CTIO_KMTC42,KMT(I),KMT
2510739.37567,19.8261,0.0731,CTIO_KMTC42,KMT(I),KMT
2510739.39384,19.7631,0.0651,CTIO_KMTC42,KMT(I),KMT
2510739.4106099997,19.6775,0.1815,CTIO_KMTC42,KMT(I),KMT
2510740.29911,19.7383,0.0957,CTIO_KMTC42,KMT(I),KMT
2510740.3170800004,19.6502,0.0769,CTIO_KMTC42,KMT(I),KMT
2510740.33873,19.8047,0.0779,CTIO_KMTC42,KMT(I),KMT
2510740.36577,19.6385,0.0642,CTIO_KMTC42,KMT(I),KMT
2510740.3829299994,19.8373,0.0745,CTIO_KMTC42,KMT(I),KMT
2510740.3997,19.9577,0.0988,CTIO_KMTC42,KMT(I),KMT
2510740.40278,19.7039,0.0906,CTIO_KMTC42,KMT(I),KMT
2510741.3057400007,19.4522,0.0872,CTIO_KMTC42,KMT(I),KMT
2510741.3268100005,19.3971,0.0728,CTIO_KMTC42,KMT(I),KMT
2510741.3503600005,19.535,0.0752,CTIO_KMTC42,KMT(I),KMT
2510741.36718,19.5457,0.0798,CTIO_KMTC42,KMT(I),KMT
2510741.38521,19.4248,0.0673,CTIO_KMTC42,KMT(I),KMT
2510741.40166,19.4727,0.0753,CTIO_KMTC42,KMT(I),KMT
2510742.3019699994,19.5727,0.0793,CTIO_KMTC42,KMT(I),KMT
2510742.3294399995,19.5354,0.06,CTIO_KMTC42,KMT(I),KMT
2510742.34695,19.6219,0.0669,CTIO_KMTC42,KMT(I),KMT
2510742.36405,19.6829,0.0623,CTIO_KMTC42,KMT(I),KMT
2510742.38141,19.6089,0.0647,CTIO_KMTC42,KMT(I),KMT
2510742.39858,19.7391,0.0736,CTIO_KMTC42,KMT(I),KMT
2510743.30679,19.4748,0.0587,CTIO_KMTC42,KMT(I),KMT
2510743.3255700003,19.3911,0.0553,CTIO_KMTC42,KMT(I),KMT
2510743.34256,19.5377,0.0587,CTIO_KMTC42,KMT(I),KMT
2510743.36206,19.4298,0.0466,CTIO_KMTC42,KMT(I),KMT
2510743.37904,19.4034,0.0477,CTIO_KMTC42,KMT(I),KMT
2510744.2920900006,19.3272,0.0691,CTIO_KMTC42,KMT(I),KMT
2510744.3201199993,19.3113,0.0503,CTIO_KMTC42,KMT(I),KMT
2510744.3370200004,19.3502,0.0453,CTIO_KMTC42,KMT(I),KMT
2510744.35642,19.339,0.0445,CTIO_KMTC42,KMT(I),KMT
2510744.3732699994,19.3796,0.0474,CTIO_KMTC42,KMT(I),KMT
2510744.37567,19.2154,0.0493,CTIO_KMTC42,KMT(I),KMT
2510744.39781,19.3058,0.0428,CTIO_KMTC42,KMT(I),KMT
2510745.29462,19.2446,0.056,CTIO_KMTC42,KMT(I),KMT
2510745.31118,19.2483,0.0552,CTIO_KMTC42,KMT(I),KMT
2510745.32819,19.1263,0.0454,CTIO_KMTC42,KMT(I),KMT
2510745.3453400005,19.1263,0.0395,CTIO_KMTC42,KMT(I),KMT
2510745.3623099998,19.2043,0.0391,CTIO_KMTC42,KMT(I),KMT
2510745.3968400005,19.2151,0.0377,CTIO_KMTC42,KMT(I),KMT
2510745.4136299994,19.1085,0.1034,CTIO_KMTC42,KMT(I),KMT
2510746.28268,19.1828,0.0596,CTIO_KMTC42,KMT(I),KMT
2510746.29985,19.0209,0.0422,CTIO_KMTC42,KMT(I),KMT
2510746.3167000003,19.1348,0.0461,CTIO_KMTC42,KMT(I),KMT
2510746.3334999997,19.1052,0.0449,CTIO_KMTC42,KMT(I),KMT
2510746.36053,19.083,0.0388,CTIO_KMTC42,KMT(I),KMT
2510746.3776399996,19.1191,0.0515,CTIO_KMTC42,KMT(I),KMT
2510746.39764,18.9954,0.0315,CTIO_KMTC42,KMT(I),KMT
2510747.27922,19.0011,0.0459,CTIO_KMTC42,KMT(I),KMT
2510747.29581,19.1226,0.048,CTIO_KMTC42,KMT(I),KMT
2510747.3161500003,19.0455,0.0478,CTIO_KMTC42,KMT(I),KMT
2510747.34738,18.9905,0.0363,CTIO_KMTC42,KMT(I),KMT
2510747.36482,18.9991,0.0349,CTIO_KMTC42,KMT(I),KMT
2510747.3851299994,19.0441,0.0402,CTIO_KMTC42,KMT(I),KMT
2510747.40206,19.0488,0.0601,CTIO_KMTC42,KMT(I),KMT
2510748.2898699995,19.1071,0.0531,CTIO_KMTC42,KMT(I),KMT
2510748.3248200007,19.0783,0.0402,CTIO_KMTC42,KMT(I),KMT
2510748.34148,19.202,0.1134,CTIO_KMTC42,KMT(I),KMT
2510748.35783,19.164,0.0491,CTIO_KMTC42,KMT(I),KMT
2510748.37459,19.5142,2.0901,CTIO_KMTC42,KMT(I),KMT
2510748.3914899994,15.0099,2.9682,CTIO_KMTC42,KMT(I),KMT
2510749.30774,19.0795,0.0909,CTIO_KMTC42,KMT(I),KMT
2510749.3247100003,19.1053,0.072,CTIO_KMTC42,KMT(I),KMT
2510749.3427600004,19.2799,0.057,CTIO_KMTC42,KMT(I),KMT
2510749.3614600003,19.2055,0.0504,CTIO_KMTC42,KMT(I),KMT
2510749.3862299994,19.1611,0.0494,CTIO_KMTC42,KMT(I),KMT
2510749.40953,19.3689,0.0861,CTIO_KMTC42,KMT(I),KMT
2510749.4122400004,19.284,0.0959,CTIO_KMTC42,KMT(I),KMT
2510750.28056,19.3716,0.0666,CTIO_KMTC42,KMT(I),KMT
2510750.30052,19.3255,0.066,CTIO_KMTC42,KMT(I),KMT
2510750.3171800002,19.3089,0.0566,CTIO_KMTC42,KMT(I),KMT
2510750.33376,19.3388,0.0521,CTIO_KMTC42,KMT(I),KMT
2510750.3545200005,19.2995,0.0486,CTIO_KMTC42,KMT(I),KMT
2510750.3785299994,19.3896,0.0507,CTIO_KMTC42,KMT(I),KMT
2510750.3950200006,19.3715,0.0507,CTIO_KMTC42,KMT(I),KMT
2510750.41196,19.3886,0.0934,CTIO_KMTC42,KMT(I),KMT
2510751.27422,19.4188,0.0697,CTIO_KMTC42,KMT(I),KMT
2510751.29136,19.4842,0.0671,CTIO_KMTC42,KMT(I),KMT
2510751.3084500004,19.6893,0.0914,CTIO_KMTC42,KMT(I),KMT
2510751.3386400007,19.4315,0.0582,CTIO_KMTC42,KMT(I),KMT
2510751.35585,19.4205,0.0529,CTIO_KMTC42,KMT(I),KMT
2510751.3727199994,19.5205,0.0583,CTIO_KMTC42,KMT(I),KMT
2510751.39501,19.4798,0.0525,CTIO_KMTC42,KMT(I),KMT
2510751.4154000003,19.4635,0.1077,CTIO_KMTC42,KMT(I),KMT
2510752.26784,19.5419,0.0877,CTIO_KMTC42,KMT(I),KMT
2510752.3030699994,19.6558,0.0922,CTIO_KMTC42,KMT(I),KMT
2510752.3201599997,19.543,0.0667,CTIO_KMTC42,KMT(I),KMT
2510752.3371099997,19.6361,0.0835,CTIO_KMTC42,KMT(I),KMT
2510752.35506,19.5536,0.0874,CTIO_KMTC42,KMT(I),KMT
2510752.3718,19.4919,0.0636,CTIO_KMTC42,KMT(I),KMT
2510752.39528,19.5184,0.0628,CTIO_KMTC42,KMT(I),KMT
2510752.39824,19.542,0.0886,CTIO_KMTC42,KMT(I),KMT
2510753.26643,19.4942,0.0831,CTIO_KMTC42,KMT(I),KMT
2510753.2838400006,19.5653,0.0994,CTIO_KMTC42,KMT(I),KMT
2510753.30098,19.7238,0.0916,CTIO_KMTC42,KMT(I),KMT
2510753.3181299996,19.6652,0.0778,CTIO_KMTC42,KMT(I),KMT
2510753.3472499996,19.6565,0.0775,CTIO_KMTC42,KMT(I),KMT
2510753.3730699997,19.6392,0.0859,CTIO_KMTC42,KMT(I),KMT
2510753.39121,19.6973,0.0706,CTIO_KMTC42,KMT(I),KMT
2510753.40809,19.6429,0.0721,CTIO_KMTC42,KMT(I),KMT
2510754.2722500004,19.556,0.0868,CTIO_KMTC42,KMT(I),KMT
2510754.2889799997,19.6329,0.092,CTIO_KMTC42,KMT(I),KMT
2510754.31645,19.7549,0.0929,CTIO_KMTC42,KMT(I),KMT
2510754.3383399993,19.677,0.08,CTIO_KMTC42,KMT(I),KMT
2510754.3558399994,19.7502,0.0857,CTIO_KMTC42,KMT(I),KMT
2510754.37283,19.6881,0.0741,CTIO_KMTC42,KMT(I),KMT
2510754.3901499994,19.6764,0.0693,CTIO_KMTC42,KMT(I),KMT
2510754.41725,19.8707,0.1887,CTIO_KMTC42,KMT(I),KMT
2510755.2852299996,19.9107,0.1859,CTIO_KMTC42,KMT(I),KMT
2510755.30188,19.8165,0.1544,CTIO_KMTC42,KMT(I),KMT
2510755.3189700004,20.0018,0.1841,CTIO_KMTC42,KMT(I),KMT
2510755.3479699995,19.6708,0.1311,CTIO_KMTC42,KMT(I),KMT
2510755.36439,19.7915,0.1471,CTIO_KMTC42,KMT(I),KMT
2510755.38581,20.0228,0.171,CTIO_KMTC42,KMT(I),KMT
2510755.40962,19.7921,0.1398,CTIO_KMTC42,KMT(I),KMT
2510757.2652899995,19.8516,0.1337,CTIO_KMTC42,KMT(I),KMT
2510757.2890300006,19.6751,0.1007,CTIO_KMTC42,KMT(I),KMT
2510757.3055499997,19.7946,0.1263,CTIO_KMTC42,KMT(I),KMT
2510757.32642,19.9108,0.1379,CTIO_KMTC42,KMT(I),KMT
2510757.3514099997,19.9856,0.1423,CTIO_KMTC42,KMT(I),KMT
2510757.3684400003,20.133,0.1601,CTIO_KMTC42,KMT(I),KMT
2510757.38514,19.8784,0.1194,CTIO_KMTC42,KMT(I),KMT
2510757.4059299994,19.828,0.0927,CTIO_KMTC42,KMT(I),KMT
2510758.2607899997,19.8913,0.1007,CTIO_KMTC42,KMT(I),KMT
2510758.29516,19.8446,0.0972,CTIO_KMTC42,KMT(I),KMT
2510758.31181,19.8849,0.096,CTIO_KMTC42,KMT(I),KMT
2510758.33129,19.9615,0.0921,CTIO_KMTC42,KMT(I),KMT
2510758.34851,20.0242,0.0925,CTIO_KMTC42,KMT(I),KMT
2510758.37227,19.7878,0.0805,CTIO_KMTC42,KMT(I),KMT
2510758.3991599996,19.9283,0.0854,CTIO_KMTC42,KMT(I),KMT
2510758.41584,19.8384,0.1029,CTIO_KMTC42,KMT(I),KMT
2510759.25395,19.3821,0.0884,CTIO_KMTC42,KMT(I),KMT
2510759.27104,19.0412,0.0774,CTIO_KMTC42,KMT(I),KMT
2510759.2875699997,19.8824,0.1429,CTIO_KMTC42,KMT(I),KMT
2510759.3042900003,19.7351,0.1201,CTIO_KMTC42,KMT(I),KMT
2510759.3241799995,19.4955,0.0902,CTIO_KMTC42,KMT(I),KMT
2510759.3495899998,19.8373,0.1021,CTIO_KMTC42,KMT(I),KMT
2510759.3664299995,19.758,0.111,CTIO_KMTC42,KMT(I),KMT
2510759.3829699997,19.962,0.1072,CTIO_KMTC42,KMT(I),KMT
2510759.4053000007,19.9983,0.1152,CTIO_KMTC42,KMT(I),KMT
2510760.2549,19.885,0.1123,CTIO_KMTC42,KMT(I),KMT
2510760.2789699994,19.8209,0.0983,CTIO_KMTC42,KMT(I),KMT
2510760.2959400006,20.0022,0.1685,CTIO_KMTC42,KMT(I),KMT
2510760.31946,19.9394,0.11,CTIO_KMTC42,KMT(I),KMT
2510760.3379500005,19.7679,0.0843,CTIO_KMTC42,KMT(I),KMT
2510760.36056,20.0286,0.0938,CTIO_KMTC42,KMT(I),KMT
2510760.3877600003,20.0254,0.1056,CTIO_KMTC42,KMT(I),KMT
2510760.40424,20.037,0.0985,CTIO_KMTC42,KMT(I),KMT
2510760.4213500004,20.3995,0.4563,CTIO_KMTC42,KMT(I),KMT
2510761.2449200004,19.4063,0.1633,CTIO_KMTC42,KMT(I),KMT
2510761.26246,19.7832,0.1203,CTIO_KMTC42,KMT(I),KMT
2510761.2795899995,19.7071,0.1038,CTIO_KMTC42,KMT(I),KMT
2510761.31449,20.0264,0.1244,CTIO_KMTC42,KMT(I),KMT
2510761.33177,19.9861,0.1012,CTIO_KMTC42,KMT(I),KMT
2510761.34877,19.7372,0.0915,CTIO_KMTC42,KMT(I),KMT
2510761.3653800003,19.8703,0.0888,CTIO_KMTC42,KMT(I),KMT
2510761.3825000003,20.0226,0.1134,CTIO_KMTC42,KMT(I),KMT
2510761.41094,19.685,0.1284,CTIO_KMTC42,KMT(I),KMT
2510762.2482699994,19.8539,0.1352,CTIO_KMTC42,KMT(I),KMT
2510762.2665299997,19.792,0.1034,CTIO_KMTC42,KMT(I),KMT
2510762.28367,19.989,0.1282,CTIO_KMTC42,KMT(I),KMT
2510762.3006500006,20.1169,0.1493,CTIO_KMTC42,KMT(I),KMT
2510762.32457,19.7657,0.1058,CTIO_KMTC42,KMT(I),KMT
2510762.34858,20.0514,0.106,CTIO_KMTC42,KMT(I),KMT
2510762.35126,20.042,0.1076,CTIO_KMTC42,KMT(I),KMT
2510762.36814,19.9338,0.0919,CTIO_KMTC42,KMT(I),KMT
2510762.3856700007,20.0363,0.1097,CTIO_KMTC42,KMT(I),KMT
2510762.40527,19.9375,0.0831,CTIO_KMTC42,KMT(I),KMT
2510762.4233999997,19.6545,0.6936,CTIO_KMTC42,KMT(I),KMT
2510763.2502500005,19.9835,0.1113,CTIO_KMTC42,KMT(I),KMT
2510763.27886,20.3005,0.1449,CTIO_KMTC42,KMT(I),KMT
2510763.2958199997,20.1164,0.1174,CTIO_KMTC42,KMT(I),KMT
2510763.3130099997,19.8456,0.0947,CTIO_KMTC42,KMT(I),KMT
2510763.3294600006,19.9906,0.0927,CTIO_KMTC42,KMT(I),KMT
2510763.3462300003,19.8229,0.0789,CTIO_KMTC42,KMT(I),KMT
2510763.3749400005,20.0535,0.0998,CTIO_KMTC42,KMT(I),KMT
2510763.39178,19.83,0.0749,CTIO_KMTC42,KMT(I),KMT
2510763.4089599997,19.9066,0.0796,CTIO_KMTC42,KMT(I),KMT
2510764.2369800005,20.3382,0.1733,CTIO_KMTC42,KMT(I),KMT
2510764.2598199993,20.0898,0.1264,CTIO_KMTC42,KMT(I),KMT
2510764.2806899995,20.0907,0.1095,CTIO_KMTC42,KMT(I),KMT
2510764.3055300005,20.0452,0.0927,CTIO_KMTC42,KMT(I),KMT
2510764.32197,19.9904,0.0896,CTIO_KMTC42,KMT(I),KMT
2510764.33858,20.0971,0.0988,CTIO_KMTC42,KMT(I),KMT
2510764.35499,19.9064,0.0808,CTIO_KMTC42,KMT(I),KMT
2510764.37531,19.953,0.0731,CTIO_KMTC42,KMT(I),KMT
2510764.4059299994,19.952,0.0782,CTIO_KMTC42,KMT(I),KMT
2510764.4229300003,19.7626,0.174,CTIO_KMTC42,KMT(I),KMT
2510765.23264,20.3398,0.5052,CTIO_KMTC42,KMT(I),KMT
2510765.24902,19.9834,0.1109,CTIO_KMTC42,KMT(I),KMT
2510765.26633,20.3541,0.2645,CTIO_KMTC42,KMT(I),KMT
2510765.2829800006,20.2219,0.293,CTIO_KMTC42,KMT(I),KMT
2510765.31513,19.8536,0.0636,CTIO_KMTC42,KMT(I),KMT
2510765.3334100004,20.0189,0.071,CTIO_KMTC42,KMT(I),KMT
2510765.3499999996,20.0908,0.0749,CTIO_KMTC42,KMT(I),KMT
2510765.3671700004,20.0297,0.0758,CTIO_KMTC42,KMT(I),KMT
2510765.39104,19.9996,0.0998,CTIO_KMTC42,KMT(I),KMT
2510765.4246200006,19.8182,0.1164,CTIO_KMTC42,KMT(I),KMT
2510766.22819,20.0485,0.1218,CTIO_KMTC42,KMT(I),KMT
2510766.24546,20.0236,0.1057,CTIO_KMTC42,KMT(I),KMT
2510766.26231,20.2544,0.135,CTIO_KMTC42,KMT(I),KMT
2510766.27974,20.0288,0.1115,CTIO_KMTC42,KMT(I),KMT
2510766.2989,19.9626,0.0913,CTIO_KMTC42,KMT(I),KMT
2510766.31989,20.0959,0.1103,CTIO_KMTC42,KMT(I),KMT
2510766.3453,20.0205,0.1078,CTIO_KMTC42,KMT(I),KMT
2510766.3624,20.0594,0.1007,CTIO_KMTC42,KMT(I),KMT
2510766.38115,20.2728,0.1106,CTIO_KMTC42,KMT(I),KMT
2510766.3974900004,19.878,0.0706,CTIO_KMTC42,KMT(I),KMT
2510766.4203500003,19.8274,0.1369,CTIO_KMTC42,KMT(I),KMT
2510767.2298300005,20.1045,0.1394,CTIO_KMTC42,KMT(I),KMT
2510767.25878,19.8341,0.0904,CTIO_KMTC42,KMT(I),KMT
2510767.2763400003,19.9084,0.0988,CTIO_KMTC42,KMT(I),KMT
2510767.29385,20.2628,0.1158,CTIO_KMTC42,KMT(I),KMT
2510767.3113,20.1154,0.1128,CTIO_KMTC42,KMT(I),KMT
2510767.3157400005,19.9851,0.0848,CTIO_KMTC42,KMT(I),KMT
2510767.3339300007,20.0996,0.0917,CTIO_KMTC42,KMT(I),KMT
2510767.3615799993,19.914,0.0771,CTIO_KMTC42,KMT(I),KMT
2510767.3783599995,20.0141,0.0787,CTIO_KMTC42,KMT(I),KMT
2510767.39513,19.9513,0.0827,CTIO_KMTC42,KMT(I),KMT
2510767.41228,19.9021,0.0874,CTIO_KMTC42,KMT(I),KMT
2510768.2322000004,19.7945,0.0935,CTIO_KMTC42,KMT(I),KMT
2510768.2616600003,19.9345,0.0989,CTIO_KMTC42,KMT(I),KMT
2510768.2802300006,20.1274,0.1183,CTIO_KMTC42,KMT(I),KMT
2510768.2998900004,20.2364,0.1254,CTIO_KMTC42,KMT(I),KMT
2510768.3169800006,20.0817,0.0926,CTIO_KMTC42,KMT(I),KMT
2510768.3351600002,19.8449,0.0777,CTIO_KMTC42,KMT(I),KMT
2510768.35736,19.8969,0.0851,CTIO_KMTC42,KMT(I),KMT
2510768.3818999995,20.1,0.103,CTIO_KMTC42,KMT(I),KMT
2510768.39869,19.955,0.0865,CTIO_KMTC42,KMT(I),KMT
2510768.4029200003,20.0109,0.0809,CTIO_KMTC42,KMT(I),KMT
2510768.4245100003,19.8892,0.1815,CTIO_KMTC42,KMT(I),KMT
2510769.23109,19.8744,0.1036,CTIO_KMTC42,KMT(I),KMT
2510769.2507300004,20.0085,0.11,CTIO_KMTC42,KMT(I),KMT
2510769.2707,20.0441,0.0985,CTIO_KMTC42,KMT(I),KMT
2510769.3055499997,20.1193,0.0945,CTIO_KMTC42,KMT(I),KMT
2510769.3229,19.9644,0.0831,CTIO_KMTC42,KMT(I),KMT
2510769.3259200007,19.9704,0.0839,CTIO_KMTC42,KMT(I),KMT
2510769.3435900006,19.9243,0.0981,CTIO_KMTC42,KMT(I),KMT
2510769.3604300003,20.0362,0.0907,CTIO_KMTC42,KMT(I),KMT
2510769.3813700005,20.0271,0.0864,CTIO_KMTC42,KMT(I),KMT
2510769.40967,19.9373,0.0787,CTIO_KMTC42,KMT(I),KMT
2510769.42676,20.2144,0.2972,CTIO_KMTC42,KMT(I),KMT
2510770.2292,20.029,0.0998,CTIO_KMTC42,KMT(I),KMT
2510770.2319600005,19.944,0.0965,CTIO_KMTC42,KMT(I),KMT
2510770.2476199996,19.8034,0.0948,CTIO_KMTC42,KMT(I),KMT
2510770.27269,19.9278,0.0993,CTIO_KMTC42,KMT(I),KMT
2510770.28945,19.9719,0.0878,CTIO_KMTC42,KMT(I),KMT
2510770.3095699996,20.0262,0.0813,CTIO_KMTC42,KMT(I),KMT
2510770.33758,19.9902,0.0824,CTIO_KMTC42,KMT(I),KMT
2510770.35444,20.055,0.0761,CTIO_KMTC42,KMT(I),KMT
2510770.37106,19.9175,0.067,CTIO_KMTC42,KMT(I),KMT
2510770.39183,19.9719,0.0843,CTIO_KMTC42,KMT(I),KMT
2510770.41242,19.9952,0.075,CTIO_KMTC42,KMT(I),KMT
2510771.2253900003,19.5873,0.1021,CTIO_KMTC42,KMT(I),KMT
2510771.2507000007,20.1184,0.1354,CTIO_KMTC42,KMT(I),KMT
2510771.27204,19.8804,0.1019,CTIO_KMTC42,KMT(I),KMT
2510771.2889799997,20.0585,0.1074,CTIO_KMTC42,KMT(I),KMT
2510771.3063399997,19.8961,0.0947,CTIO_KMTC42,KMT(I),KMT
2510771.3335299995,19.9378,0.1093,CTIO_KMTC42,KMT(I),KMT
2510771.35515,19.6295,0.0972,CTIO_KMTC42,KMT(I),KMT
2510771.3722600006,19.8034,0.1078,CTIO_KMTC42,KMT(I),KMT
2510771.3899099994,19.8415,0.0962,CTIO_KMTC42,KMT(I),KMT
2510771.40692,19.8659,0.1004,CTIO_KMTC42,KMT(I),KMT
2510772.23474,19.9643,0.1193,CTIO_KMTC42,KMT(I),KMT
2510772.2548699994,19.6035,0.095,CTIO_KMTC42,KMT(I),KMT
2510772.2715600003,19.7366,0.0945,CTIO_KMTC42,KMT(I),KMT
2510772.28837,20.0813,0.1069,CTIO_KMTC42,KMT(I),KMT
2510772.3050100002,19.7585,0.0919,CTIO_KMTC42,KMT(I),KMT
2510772.3254700005,19.9016,0.094,CTIO_KMTC42,KMT(I),KMT
2510772.3522699997,19.8387,0.1076,CTIO_KMTC42,KMT(I),KMT
2510772.3694199994,19.9273,0.1027,CTIO_KMTC42,KMT(I),KMT
2510772.3892599996,19.8126,0.1014,CTIO_KMTC42,KMT(I),KMT
2510772.40948,19.9538,0.1036,CTIO_KMTC42,KMT(I),KMT
2510772.4296899997,20.4864,0.5598,CTIO_KMTC42,KMT(I),KMT
2510773.22284,19.9173,0.1345,CTIO_KMTC42,KMT(I),KMT
2510773.24641,20.1236,0.1213,CTIO_KMTC42,KMT(I),KMT
2510773.2491299994,20.1694,0.124,CTIO_KMTC42,KMT(I),KMT
2510773.2661000006,20.1185,0.1566,CTIO_KMTC42,KMT(I),KMT
2510773.2827400006,20.0482,0.1007,CTIO_KMTC42,KMT(I),KMT
2510773.29942,20.0382,0.1012,CTIO_KMTC42,KMT(I),KMT
2510773.3156899996,19.9347,0.0766,CTIO_KMTC42,KMT(I),KMT
2510773.34279,20.1065,0.0864,CTIO_KMTC42,KMT(I),KMT
2510773.3594199996,19.9384,0.0899,CTIO_KMTC42,KMT(I),KMT
2510773.3763299994,20.175,0.0929,CTIO_KMTC42,KMT(I),KMT
2510773.3957899995,20.1132,0.0986,CTIO_KMTC42,KMT(I),KMT
2510773.4208000004,19.9904,0.0935,CTIO_KMTC42,KMT(I),KMT
2510774.2403500006,19.8497,0.0994,CTIO_KMTC42,KMT(I),KMT
2510774.25712,19.8187,0.1086,CTIO_KMTC42,KMT(I),KMT
2510774.27374,19.9388,0.0943,CTIO_KMTC42,KMT(I),KMT
2510774.29524,19.8809,0.1078,CTIO_KMTC42,KMT(I),KMT
2510774.29794,19.8222,0.0918,CTIO_KMTC42,KMT(I),KMT
2510774.3147800006,19.9697,0.0901,CTIO_KMTC42,KMT(I),KMT
2510774.33502,19.8995,0.078,CTIO_KMTC42,KMT(I),KMT
2510774.3592600003,19.9149,0.0703,CTIO_KMTC42,KMT(I),KMT
2510774.3792000003,19.8267,0.0745,CTIO_KMTC42,KMT(I),KMT
2510774.39635,19.8845,0.0767,CTIO_KMTC42,KMT(I),KMT
2510774.4131700005,19.8946,0.0712,CTIO_KMTC42,KMT(I),KMT
2510775.2109200004,20.0537,0.1828,CTIO_KMTC42,KMT(I),KMT
2510775.24276,20.1233,0.1405,CTIO_KMTC42,KMT(I),KMT
2510775.25932,19.83,0.1267,CTIO_KMTC42,KMT(I),KMT
2510775.27776,19.8265,0.1206,CTIO_KMTC42,KMT(I),KMT
2510775.2948700003,19.6998,0.1469,CTIO_KMTC42,KMT(I),KMT
2510775.3119200002,20.0526,0.1216,CTIO_KMTC42,KMT(I),KMT
2510775.3563100006,20.0016,0.1032,CTIO_KMTC42,KMT(I),KMT
2510775.4067700002,20.0493,0.1527,CTIO_KMTC42,KMT(I),KMT
2510775.4236900005,19.2804,0.3607,CTIO_KMTC42,KMT(I),KMT
2510777.21949,19.7817,0.1141,CTIO_KMTC42,KMT(I),KMT
2510777.23652,20.048,0.132,CTIO_KMTC42,KMT(I),KMT
2510777.25533,20.0195,0.1261,CTIO_KMTC42,KMT(I),KMT
2510777.2761000004,20.0419,0.108,CTIO_KMTC42,KMT(I),KMT
2510777.2965600006,19.9469,0.1036,CTIO_KMTC42,KMT(I),KMT
2510777.3143099993,20.0146,0.1008,CTIO_KMTC42,KMT(I),KMT
2510777.33421,19.9121,0.0811,CTIO_KMTC42,KMT(I),KMT
2510777.3577299993,20.0688,0.1024,CTIO_KMTC42,KMT(I),KMT
2510777.37641,20.0239,0.0848,CTIO_KMTC42,KMT(I),KMT
2510777.3934199996,19.9964,0.0928,CTIO_KMTC42,KMT(I),KMT
2510777.41165,19.8574,0.0841,CTIO_KMTC42,KMT(I),KMT
2510778.20237,19.8717,0.1551,CTIO_KMTC42,KMT(I),KMT
2510778.2299499996,20.034,0.1534,CTIO_KMTC42,KMT(I),KMT
2510778.2479100004,19.8367,0.1171,CTIO_KMTC42,KMT(I),KMT
2510778.26435,19.9699,0.1348,CTIO_KMTC42,KMT(I),KMT
2510778.29454,20.0335,0.1285,CTIO_KMTC42,KMT(I),KMT
2510778.3115100004,19.8692,0.1017,CTIO_KMTC42,KMT(I),KMT
2510778.33859,20.0123,0.1157,CTIO_KMTC42,KMT(I),KMT
2510778.3554500006,20.2017,0.1388,CTIO_KMTC42,KMT(I),KMT
2510778.37356,20.0297,0.1166,CTIO_KMTC42,KMT(I),KMT
2510778.3918699995,19.8733,0.1398,CTIO_KMTC42,KMT(I),KMT
2510778.4087300003,19.8055,0.1019,CTIO_KMTC42,KMT(I),KMT
2510779.2223499995,19.8203,0.1171,CTIO_KMTC42,KMT(I),KMT
2510779.24268,20.1582,0.1835,CTIO_KMTC42,KMT(I),KMT
2510779.25983,20.0568,0.11,CTIO_KMTC42,KMT(I),KMT
2510779.27663,19.9765,0.1249,CTIO_KMTC42,KMT(I),KMT
2510779.2928800005,20.1025,0.1426,CTIO_KMTC42,KMT(I),KMT
2510779.3128999993,20.3084,0.1429,CTIO_KMTC42,KMT(I),KMT
2510779.33651,19.8344,0.0995,CTIO_KMTC42,KMT(I),KMT
2510779.33937,20.187,0.1358,CTIO_KMTC42,KMT(I),KMT
2510779.35448,19.9251,0.1062,CTIO_KMTC42,KMT(I),KMT
2510779.3710399996,19.9072,0.1022,CTIO_KMTC42,KMT(I),KMT
2510779.38808,19.864,0.1501,CTIO_KMTC42,KMT(I),KMT
2510779.40876,19.821,0.0933,CTIO_KMTC42,KMT(I),KMT
2510780.2180199996,20.1259,0.1603,CTIO_KMTC42,KMT(I),KMT
2510780.2353099994,20.2349,0.2043,CTIO_KMTC42,KMT(I),KMT
2510780.2523500007,19.9515,0.1277,CTIO_KMTC42,KMT(I),KMT
2510780.2706499994,20.1372,0.1295,CTIO_KMTC42,KMT(I),KMT
2510780.3290800005,20.0221,0.0994,CTIO_KMTC42,KMT(I),KMT
2510780.3613300007,19.7753,0.1087,CTIO_KMTC42,KMT(I),KMT
2510780.3779300004,19.9902,0.0973,CTIO_KMTC42,KMT(I),KMT
2510780.39998,20.2443,0.127,CTIO_KMTC42,KMT(I),KMT
2510780.41656,20.0375,0.1107,CTIO_KMTC42,KMT(I),KMT
2510781.1982899997,20.0531,0.1416,CTIO_KMTC42,KMT(I),KMT
2510781.22011,20.0064,0.1567,CTIO_KMTC42,KMT(I),KMT
2510781.2435299996,20.2617,0.1577,CTIO_KMTC42,KMT(I),KMT
2510781.26253,19.9442,0.1434,CTIO_KMTC42,KMT(I),KMT
2510781.2804499995,19.9345,0.1051,CTIO_KMTC42,KMT(I),KMT
2510781.29796,19.9708,0.0969,CTIO_KMTC42,KMT(I),KMT
2510781.31855,19.9562,0.111,CTIO_KMTC42,KMT(I),KMT
2510781.3426,19.9873,0.1002,CTIO_KMTC42,KMT(I),KMT
2510781.35963,20.045,0.1003,CTIO_KMTC42,KMT(I),KMT
2510781.37691,20.0647,0.1035,CTIO_KMTC42,KMT(I),KMT
2510781.39418,20.026,0.0948,CTIO_KMTC42,KMT(I),KMT
2510781.4111599997,20.056,0.1027,CTIO_KMTC42,KMT(I),KMT
2510782.21272,20.0066,0.1735,CTIO_KMTC42,KMT(I),KMT
2510782.23075,20.3011,0.227,CTIO_KMTC42,KMT(I),KMT
2510782.2492500003,20.3476,0.2398,CTIO_KMTC42,KMT(I),KMT
2510782.2660499997,19.8923,0.1617,CTIO_KMTC42,KMT(I),KMT
2510782.2829100005,19.8009,0.1659,CTIO_KMTC42,KMT(I),KMT
2510782.31075,20.0477,0.1685,CTIO_KMTC42,KMT(I),KMT
2510782.32787,20.1402,0.1517,CTIO_KMTC42,KMT(I),KMT
2510782.3527000006,19.8875,0.1236,CTIO_KMTC42,KMT(I),KMT
2510782.3712,20.1139,0.1457,CTIO_KMTC42,KMT(I),KMT
2510782.39102,19.9638,0.1773,CTIO_KMTC42,KMT(I),KMT
2510782.4110199995,20.2385,0.2293,CTIO_KMTC42,KMT(I),KMT
2510784.21155,19.8608,0.3119,CTIO_KMTC42,KMT(I),KMT
2510784.22545,20.261,0.4657,CTIO_KMTC42,KMT(I),KMT
2510784.24598,19.6419,0.1862,CTIO_KMTC42,KMT(I),KMT
2510784.27064,19.8154,0.7928,CTIO_KMTC42,KMT(I),KMT
2510784.2872899994,20.276,0.3487,CTIO_KMTC42,KMT(I),KMT
2510784.30382,19.8268,0.2716,CTIO_KMTC42,KMT(I),KMT
2510784.3193500005,19.9967,0.2181,CTIO_KMTC42,KMT(I),KMT
2510784.3383600004,20.5347,0.4891,CTIO_KMTC42,KMT(I),KMT
2510784.36338,19.8528,0.2382,CTIO_KMTC42,KMT(I),KMT
2510784.38028,20.0241,0.1904,CTIO_KMTC42,KMT(I),KMT
2510784.3953399993,20.0249,0.1778,CTIO_KMTC42,KMT(I),KMT
2510784.42079,20.1042,0.5152,CTIO_KMTC42,KMT(I),KMT
2510785.1995599996,19.8387,0.1562,CTIO_KMTC42,KMT(I),KMT
2510785.22769,19.9697,0.1291,CTIO_KMTC42,KMT(I),KMT
2510785.2486199997,19.8019,0.1884,CTIO_KMTC42,KMT(I),KMT
2510785.2659600005,20.1064,0.1911,CTIO_KMTC42,KMT(I),KMT
2510785.28424,19.9117,0.0908,CTIO_KMTC42,KMT(I),KMT
2510785.3014899995,20.0076,0.0911,CTIO_KMTC42,KMT(I),KMT
2510785.3336500004,19.8769,0.0866,CTIO_KMTC42,KMT(I),KMT
2510785.3503099997,19.9595,0.0818,CTIO_KMTC42,KMT(I),KMT
2510785.36687,19.8268,0.0905,CTIO_KMTC42,KMT(I),KMT
2510785.3866300005,19.9377,0.1064,CTIO_KMTC42,KMT(I),KMT
2510785.4035100006,19.9004,0.1303,CTIO_KMTC42,KMT(I),KMT
2510785.4241199996,20.0294,0.1278,CTIO_KMTC42,KMT(I),KMT
2510786.1850199997,19.6484,0.1154,CTIO_KMTC42,KMT(I),KMT
2510786.20899,20.0103,0.158,CTIO_KMTC42,KMT(I),KMT
2510786.2255000006,19.7717,0.1262,CTIO_KMTC42,KMT(I),KMT
2510786.2443400007,19.8856,0.1158,CTIO_KMTC42,KMT(I),KMT
2510786.26114,19.8596,0.1046,CTIO_KMTC42,KMT(I),KMT
2510786.2873400003,20.1527,0.1238,CTIO_KMTC42,KMT(I),KMT
2510786.32304,19.9791,0.1072,CTIO_KMTC42,KMT(I),KMT
2510786.3403399996,19.948,0.1168,CTIO_KMTC42,KMT(I),KMT
2510786.3579,19.9444,0.1149,CTIO_KMTC42,KMT(I),KMT
2510786.37522,19.6367,0.1055,CTIO_KMTC42,KMT(I),KMT
2510786.39262,19.9545,0.1184,CTIO_KMTC42,KMT(I),KMT
2510786.4224299993,19.9215,0.106,CTIO_KMTC42,KMT(I),KMT
2510787.1891,20.0551,0.1138,CTIO_KMTC42,KMT(I),KMT
2510787.2063500006,19.9673,0.0936,CTIO_KMTC42,KMT(I),KMT
2510787.2232,20.0963,0.1034,CTIO_KMTC42,KMT(I),KMT
2510787.24001,20.0375,0.1053,CTIO_KMTC42,KMT(I),KMT
2510787.272,19.9279,0.1068,CTIO_KMTC42,KMT(I),KMT
2510787.2960100006,19.9494,0.113,CTIO_KMTC42,KMT(I),KMT
2510787.31568,20.0365,0.0936,CTIO_KMTC42,KMT(I),KMT
2510787.33244,20.0076,0.0915,CTIO_KMTC42,KMT(I),KMT
2510787.3523900006,19.9585,0.0931,CTIO_KMTC42,KMT(I),KMT
2510787.3728,20.2355,0.1103,CTIO_KMTC42,KMT(I),KMT
2510787.4018399995,20.0468,0.1098,CTIO_KMTC42,KMT(I),KMT
2510787.41854,20.0895,0.1038,CTIO_KMTC42,KMT(I),KMT
2510787.4350700006,20.3265,0.2353,CTIO_KMTC42,KMT(I),KMT
2510788.1766100004,19.7783,0.1015,CTIO_KMTC42,KMT(I),KMT
2510788.19367,20.13,0.135,CTIO_KMTC42,KMT(I),KMT
2510788.2111099996,20.0002,0.0967,CTIO_KMTC42,KMT(I),KMT
2510788.2394900005,20.024,0.0812,CTIO_KMTC42,KMT(I),KMT
2510788.2583300006,20.0351,0.0961,CTIO_KMTC42,KMT(I),KMT
2510788.2752899993,20.1887,0.0956,CTIO_KMTC42,KMT(I),KMT
2510788.29261,19.9748,0.0862,CTIO_KMTC42,KMT(I),KMT
2510788.3106200006,19.798,0.066,CTIO_KMTC42,KMT(I),KMT
2510788.3379100002,19.9156,0.081,CTIO_KMTC42,KMT(I),KMT
2510788.3629100006,19.9267,0.0696,CTIO_KMTC42,KMT(I),KMT
2510788.3801000006,19.9306,0.0744,CTIO_KMTC42,KMT(I),KMT
2510788.39707,19.9289,0.0777,CTIO_KMTC42,KMT(I),KMT
2510788.41328,20.1334,0.0919,CTIO_KMTC42,KMT(I),KMT
2510788.43348,20.0652,0.1821,CTIO_KMTC42,KMT(I),KMT
2510789.1728600003,20.0725,0.1241,CTIO_KMTC42,KMT(I),KMT
2510789.19874,20.1621,0.1285,CTIO_KMTC42,KMT(I),KMT
2510789.21595,20.0222,0.0946,CTIO_KMTC42,KMT(I),KMT
2510789.2329399996,20.1487,0.0989,CTIO_KMTC42,KMT(I),KMT
2510789.25174,19.8152,0.0811,CTIO_KMTC42,KMT(I),KMT
2510789.27346,19.9772,0.0856,CTIO_KMTC42,KMT(I),KMT
2510789.29701,19.904,0.0699,CTIO_KMTC42,KMT(I),KMT
2510789.31974,19.9607,0.073,CTIO_KMTC42,KMT(I),KMT
2510789.33995,19.8205,0.0721,CTIO_KMTC42,KMT(I),KMT
2510789.3567399997,19.8655,0.0697,CTIO_KMTC42,KMT(I),KMT
2510789.37361,20.007,0.0767,CTIO_KMTC42,KMT(I),KMT
2510789.4011499994,20.0825,0.0889,CTIO_KMTC42,KMT(I),KMT
2510789.4177899994,19.9498,0.0801,CTIO_KMTC42,KMT(I),KMT
2510789.43716,19.7972,0.1541,CTIO_KMTC42,KMT(I),KMT
2510790.1703399997,19.9108,0.1238,CTIO_KMTC42,KMT(I),KMT
2510790.18717,20.1463,0.1384,CTIO_KMTC42,KMT(I),KMT
2510790.20589,19.9006,0.0957,CTIO_KMTC42,KMT(I),KMT
2510790.2370100003,20.106,0.114,CTIO_KMTC42,KMT(I),KMT
2510790.25382,20.2083,0.1015,CTIO_KMTC42,KMT(I),KMT
2510790.2704,19.9214,0.0864,CTIO_KMTC42,KMT(I),KMT
2510790.2866900004,20.1432,0.0982,CTIO_KMTC42,KMT(I),KMT
2510790.30313,20.0344,0.0962,CTIO_KMTC42,KMT(I),KMT
2510790.3238699995,20.0757,0.0989,CTIO_KMTC42,KMT(I),KMT
2510790.3513399996,19.9105,0.0687,CTIO_KMTC42,KMT(I),KMT
2510790.37187,19.9317,0.0725,CTIO_KMTC42,KMT(I),KMT
2510790.3885399997,19.9847,0.0755,CTIO_KMTC42,KMT(I),KMT
2510790.40584,19.9397,0.0885,CTIO_KMTC42,KMT(I),KMT
2510790.4088199995,19.7658,0.075,CTIO_KMTC42,KMT(I),KMT
2510790.43025,20.1365,0.1723,CTIO_KMTC42,KMT(I),KMT
2510791.1681699995,20.149,0.1652,CTIO_KMTC42,KMT(I),KMT
2510791.19738,19.9381,0.0848,CTIO_KMTC42,KMT(I),KMT
2510791.21401,19.9635,0.0897,CTIO_KMTC42,KMT(I),KMT
2510791.2306699995,20.0267,0.0845,CTIO_KMTC42,KMT(I),KMT
2510791.2478800006,20.2097,0.0989,CTIO_KMTC42,KMT(I),KMT
2510791.26471,20.0969,0.084,CTIO_KMTC42,KMT(I),KMT
2510791.29223,20.1126,0.0794,CTIO_KMTC42,KMT(I),KMT
2510791.3096900005,19.9516,0.0857,CTIO_KMTC42,KMT(I),KMT
2510791.3262799997,20.1032,0.0756,CTIO_KMTC42,KMT(I),KMT
2510791.3436900005,19.9363,0.0643,CTIO_KMTC42,KMT(I),KMT
2510791.36072,20.0104,0.0764,CTIO_KMTC42,KMT(I),KMT
2510791.3890000004,20.0503,0.0819,CTIO_KMTC42,KMT(I),KMT
2510791.40568,20.0327,0.0883,CTIO_KMTC42,KMT(I),KMT
2510791.4244599994,19.9299,0.0924,CTIO_KMTC42,KMT(I),KMT
2510792.1693399996,19.964,0.1275,CTIO_KMTC42,KMT(I),KMT
2510792.1887299996,20.0152,0.1223,CTIO_KMTC42,KMT(I),KMT
2510792.2106100004,19.8228,0.0924,CTIO_KMTC42,KMT(I),KMT
2510792.23431,20.1413,0.1204,CTIO_KMTC42,KMT(I),KMT
2510792.25098,19.9852,0.0956,CTIO_KMTC42,KMT(I),KMT
2510792.2679399997,19.9568,0.0827,CTIO_KMTC42,KMT(I),KMT
2510792.2873800006,20.2528,0.1434,CTIO_KMTC42,KMT(I),KMT
2510792.3090199996,19.9048,0.0791,CTIO_KMTC42,KMT(I),KMT
2510792.3332899995,19.9002,0.0793,CTIO_KMTC42,KMT(I),KMT
2510792.35042,19.9385,0.0894,CTIO_KMTC42,KMT(I),KMT
2510792.3671199996,19.9505,0.0792,CTIO_KMTC42,KMT(I),KMT
2510792.38408,19.8997,0.0723,CTIO_KMTC42,KMT(I),KMT
2510792.40175,20.0257,0.0835,CTIO_KMTC42,KMT(I),KMT
2510792.4285899997,19.9336,0.0844,CTIO_KMTC42,KMT(I),KMT
2510793.16773,19.9343,0.0989,CTIO_KMTC42,KMT(I),KMT
2510793.18456,20.1506,0.1075,CTIO_KMTC42,KMT(I),KMT
2510793.2051800005,20.0837,0.1071,CTIO_KMTC42,KMT(I),KMT
2510793.2216500007,19.9359,0.0911,CTIO_KMTC42,KMT(I),KMT
2510793.2487000003,20.0667,0.0942,CTIO_KMTC42,KMT(I),KMT
2510793.2720599994,20.0843,0.0941,CTIO_KMTC42,KMT(I),KMT
2510793.2888399996,20.0929,0.0908,CTIO_KMTC42,KMT(I),KMT
2510793.2916899994,19.9447,0.0774,CTIO_KMTC42,KMT(I),KMT
2510793.31094,19.9729,0.0823,CTIO_KMTC42,KMT(I),KMT
2510793.33077,20.2799,0.1188,CTIO_KMTC42,KMT(I),KMT
2510793.3523900006,19.9464,0.0736,CTIO_KMTC42,KMT(I),KMT
2510793.37727,20.1097,0.1013,CTIO_KMTC42,KMT(I),KMT
2510793.39465,19.9015,0.0729,CTIO_KMTC42,KMT(I),KMT
2510793.4115900006,19.9471,0.0929,CTIO_KMTC42,KMT(I),KMT
2510793.4283300005,20.1054,0.116,CTIO_KMTC42,KMT(I),KMT
2510794.17437,19.9982,0.121,CTIO_KMTC42,KMT(I),KMT
2510794.21026,20.0144,0.1062,CTIO_KMTC42,KMT(I),KMT
2510794.2269199993,19.996,0.0964,CTIO_KMTC42,KMT(I),KMT
2510794.2439900003,20.1166,0.0889,CTIO_KMTC42,KMT(I),KMT
2510794.26095,20.0315,0.0788,CTIO_KMTC42,KMT(I),KMT
2510794.2789900005,20.173,0.0905,CTIO_KMTC42,KMT(I),KMT
2510794.3092,20.0372,0.0757,CTIO_KMTC42,KMT(I),KMT
2510794.3257800005,20.0026,0.0774,CTIO_KMTC42,KMT(I),KMT
2510794.34356,20.0831,0.0791,CTIO_KMTC42,KMT(I),KMT
2510794.3605899997,20.0857,0.094,CTIO_KMTC42,KMT(I),KMT
2510794.38115,19.9717,0.0731,CTIO_KMTC42,KMT(I),KMT
2510794.40163,20.1693,0.101,CTIO_KMTC42,KMT(I),KMT
2510794.42567,19.7529,0.0938,CTIO_KMTC42,KMT(I),KMT
2510795.1630000006,19.6609,0.1,CTIO_KMTC42,KMT(I),KMT
2510795.17995,20.0361,0.1049,CTIO_KMTC42,KMT(I),KMT
2510795.2012,20.0434,0.092,CTIO_KMTC42,KMT(I),KMT
2510795.20557,19.9013,0.0925,CTIO_KMTC42,KMT(I),KMT
2510795.22413,19.9464,0.1024,CTIO_KMTC42,KMT(I),KMT
2510795.24945,20.205,0.1219,CTIO_KMTC42,KMT(I),KMT
2510795.26901,20.0359,0.0838,CTIO_KMTC42,KMT(I),KMT
2510795.2855600007,20.0184,0.1036,CTIO_KMTC42,KMT(I),KMT
2510795.30659,19.9679,0.0877,CTIO_KMTC42,KMT(I),KMT
2510795.32362,19.9998,0.0937,CTIO_KMTC42,KMT(I),KMT
2510795.35831,20.0503,0.0899,CTIO_KMTC42,KMT(I),KMT
2510795.3748700004,20.0234,0.0905,CTIO_KMTC42,KMT(I),KMT
2510795.39197,19.9878,0.0966,CTIO_KMTC42,KMT(I),KMT
2510795.40883,19.9525,0.0974,CTIO_KMTC42,KMT(I),KMT
2510795.42657,20.101,0.1242,CTIO_KMTC42,KMT(I),KMT
2510797.17208,19.8612,0.1206,CTIO_KMTC42,KMT(I),KMT
2510797.1887100004,19.9633,0.1058,CTIO_KMTC42,KMT(I),KMT
2510797.2051999997,20.0267,0.1106,CTIO_KMTC42,KMT(I),KMT
2510797.2233799994,20.2139,0.1133,CTIO_KMTC42,KMT(I),KMT
2510797.23967,19.963,0.0896,CTIO_KMTC42,KMT(I),KMT
2510797.2595099993,19.9855,0.0841,CTIO_KMTC42,KMT(I),KMT
2510797.28715,19.93,0.0821,CTIO_KMTC42,KMT(I),KMT
2510797.3067199998,19.9448,0.0851,CTIO_KMTC42,KMT(I),KMT
2510797.3243499994,20.0995,0.1018,CTIO_KMTC42,KMT(I),KMT
2510797.34105,20.2027,0.1116,CTIO_KMTC42,KMT(I),KMT
2510797.3650199994,19.937,0.109,CTIO_KMTC42,KMT(I),KMT
2510797.39348,20.1151,0.1325,CTIO_KMTC42,KMT(I),KMT
2510797.41051,19.9087,0.1056,CTIO_KMTC42,KMT(I),KMT
2510797.4274499994,20.2447,0.1587,CTIO_KMTC42,KMT(I),KMT
2510798.15455,19.9709,0.1235,CTIO_KMTC42,KMT(I),KMT
2510798.16015,20.2274,0.1504,CTIO_KMTC42,KMT(I),KMT
2510798.17421,20.1349,0.1229,CTIO_KMTC42,KMT(I),KMT
2510798.2024799995,19.8776,0.1011,CTIO_KMTC42,KMT(I),KMT
2510798.21911,19.9895,0.0957,CTIO_KMTC42,KMT(I),KMT
2510798.2381500006,20.0594,0.0903,CTIO_KMTC42,KMT(I),KMT
2510798.25725,20.0705,0.0864,CTIO_KMTC42,KMT(I),KMT
2510798.2754500005,20.0631,0.0936,CTIO_KMTC42,KMT(I),KMT
2510798.30284,19.9887,0.1154,CTIO_KMTC42,KMT(I),KMT
2510798.31967,19.8676,0.0801,CTIO_KMTC42,KMT(I),KMT
2510798.33596,19.9049,0.0867,CTIO_KMTC42,KMT(I),KMT
2510798.3568399996,19.9936,0.1055,CTIO_KMTC42,KMT(I),KMT
2510798.37325,19.947,0.0934,CTIO_KMTC42,KMT(I),KMT
2510798.39659,20.0016,0.1179,CTIO_KMTC42,KMT(I),KMT
2510798.42033,20.1326,0.2231,CTIO_KMTC42,KMT(I),KMT
2510798.4365100004,19.7848,0.121,CTIO_KMTC42,KMT(I),KMT
2510799.1431799997,20.108,0.1196,CTIO_KMTC42,KMT(I),KMT
2510799.15998,20.0,0.0937,CTIO_KMTC42,KMT(I),KMT
2510799.17667,19.9393,0.0924,CTIO_KMTC42,KMT(I),KMT
2510799.17944,20.1495,0.1084,CTIO_KMTC42,KMT(I),KMT
2510799.19976,19.9925,0.0858,CTIO_KMTC42,KMT(I),KMT
2510799.2263399996,19.9983,0.082,CTIO_KMTC42,KMT(I),KMT
2510799.24307,20.0758,0.0888,CTIO_KMTC42,KMT(I),KMT
2510799.25932,20.0972,0.0866,CTIO_KMTC42,KMT(I),KMT
2510799.2794400007,20.0917,0.0878,CTIO_KMTC42,KMT(I),KMT
2510799.29765,20.1213,0.0953,CTIO_KMTC42,KMT(I),KMT
2510799.3253300004,19.986,0.088,CTIO_KMTC42,KMT(I),KMT
2510799.3420700002,20.078,0.0916,CTIO_KMTC42,KMT(I),KMT
2510799.3586999997,19.8155,0.0853,CTIO_KMTC42,KMT(I),KMT
2510799.3774699997,20.1128,0.1091,CTIO_KMTC42,KMT(I),KMT
2510799.39441,20.0151,0.0967,CTIO_KMTC42,KMT(I),KMT
2510799.4273000006,20.4599,0.3536,CTIO_KMTC42,KMT(I),KMT
2510800.15202,20.105,0.1152,CTIO_KMTC42,KMT(I),KMT
2510800.1691999994,19.9779,0.0946,CTIO_KMTC42,KMT(I),KMT
2510800.18631,19.9034,0.0797,CTIO_KMTC42,KMT(I),KMT
2510800.20321,20.012,0.081,CTIO_KMTC42,KMT(I),KMT
2510800.22525,19.8755,0.0728,CTIO_KMTC42,KMT(I),KMT
2510800.2503999993,19.922,0.0677,CTIO_KMTC42,KMT(I),KMT
2510800.26691,19.8681,0.0628,CTIO_KMTC42,KMT(I),KMT
2510800.28374,20.0026,0.1095,CTIO_KMTC42,KMT(I),KMT
2510800.30064,20.1278,0.0928,CTIO_KMTC42,KMT(I),KMT
2510800.3205699995,19.9941,0.0727,CTIO_KMTC42,KMT(I),KMT
2510800.3470600005,20.0809,0.0747,CTIO_KMTC42,KMT(I),KMT
2510800.3636099994,20.0838,0.0858,CTIO_KMTC42,KMT(I),KMT
2510800.3809699994,20.0327,0.0853,CTIO_KMTC42,KMT(I),KMT
2510800.3984900005,19.9746,0.0835,CTIO_KMTC42,KMT(I),KMT
2510800.4167,19.9064,0.099,CTIO_KMTC42,KMT(I),KMT
2510801.15917,20.0439,0.1864,CTIO_KMTC42,KMT(I),KMT
2510801.17586,20.0669,0.1214,CTIO_KMTC42,KMT(I),KMT
2510801.1957,20.0537,0.1651,CTIO_KMTC42,KMT(I),KMT
2510801.2191499993,20.1834,0.1166,CTIO_KMTC42,KMT(I),KMT
2510801.2363099996,19.9603,0.1128,CTIO_KMTC42,KMT(I),KMT
2510801.26334,19.9358,0.0902,CTIO_KMTC42,KMT(I),KMT
2510801.2796599995,20.108,0.0842,CTIO_KMTC42,KMT(I),KMT
2510801.29626,20.0094,0.0741,CTIO_KMTC42,KMT(I),KMT
2510801.31322,20.0951,0.084,CTIO_KMTC42,KMT(I),KMT
2510801.3300599996,19.9938,0.0713,CTIO_KMTC42,KMT(I),KMT
2510801.3517899998,20.0414,0.0778,CTIO_KMTC42,KMT(I),KMT
2510801.3777,19.961,0.0845,CTIO_KMTC42,KMT(I),KMT
2510801.3943600003,19.9939,0.089,CTIO_KMTC42,KMT(I),KMT
2510801.4138200004,19.8776,0.0835,CTIO_KMTC42,KMT(I),KMT
2510801.43633,20.1402,0.1508,CTIO_KMTC42,KMT(I),KMT
2510802.15073,20.2895,0.143,CTIO_KMTC42,KMT(I),KMT
2510802.1874700002,20.0376,0.0959,CTIO_KMTC42,KMT(I),KMT
2510802.20409,20.0834,0.0914,CTIO_KMTC42,KMT(I),KMT
2510802.2204100005,20.0064,0.0906,CTIO_KMTC42,KMT(I),KMT
2510802.23707,19.9883,0.0742,CTIO_KMTC42,KMT(I),KMT
2510802.2539,20.1522,0.0829,CTIO_KMTC42,KMT(I),KMT
2510802.28362,20.0711,0.084,CTIO_KMTC42,KMT(I),KMT
2510802.3014899995,20.0672,0.0805,CTIO_KMTC42,KMT(I),KMT
2510802.3188000005,20.1035,0.089,CTIO_KMTC42,KMT(I),KMT
2510802.33581,20.1823,0.0943,CTIO_KMTC42,KMT(I),KMT
2510802.3532999996,20.0227,0.0822,CTIO_KMTC42,KMT(I),KMT
2510802.37754,20.1103,0.1384,CTIO_KMTC42,KMT(I),KMT
2510802.4014100004,19.9175,0.0847,CTIO_KMTC42,KMT(I),KMT
2510802.41928,19.9212,0.1239,CTIO_KMTC42,KMT(I),KMT
2510802.43595,20.1045,0.1789,CTIO_KMTC42,KMT(I),KMT
2510803.1489199996,20.033,0.1372,CTIO_KMTC42,KMT(I),KMT
2510803.1691699997,20.3062,0.1842,CTIO_KMTC42,KMT(I),KMT
2510803.19307,20.1444,0.1261,CTIO_KMTC42,KMT(I),KMT
2510803.21033,20.0548,0.1177,CTIO_KMTC42,KMT(I),KMT
2510803.22765,19.8324,0.1046,CTIO_KMTC42,KMT(I),KMT
2510803.24768,19.9561,0.1066,CTIO_KMTC42,KMT(I),KMT
2510803.2646200005,20.1065,0.1324,CTIO_KMTC42,KMT(I),KMT
2510803.2953399997,20.0295,0.0939,CTIO_KMTC42,KMT(I),KMT
2510803.3160999995,20.1068,0.1107,CTIO_KMTC42,KMT(I),KMT
2510803.33321,20.0819,0.0996,CTIO_KMTC42,KMT(I),KMT
2510803.3501500003,19.7997,0.1468,CTIO_KMTC42,KMT(I),KMT
2510803.36742,20.056,0.1042,CTIO_KMTC42,KMT(I),KMT
2510804.1501400005,19.8255,0.1613,CTIO_KMTC42,KMT(I),KMT
2510804.16804,20.1939,0.1861,CTIO_KMTC42,KMT(I),KMT
2510804.1939199995,19.9346,0.1523,CTIO_KMTC42,KMT(I),KMT
2510804.21786,19.511,0.1149,CTIO_KMTC42,KMT(I),KMT
2510804.23422,20.1265,0.2007,CTIO_KMTC42,KMT(I),KMT
2510804.2506099995,20.2335,0.2225,CTIO_KMTC42,KMT(I),KMT
2510804.26757,19.9782,0.1703,CTIO_KMTC42,KMT(I),KMT
2510804.2937400006,19.9353,0.144,CTIO_KMTC42,KMT(I),KMT
2510804.3172500003,19.9174,0.1354,CTIO_KMTC42,KMT(I),KMT
2510804.33359,19.5728,0.0957,CTIO_KMTC42,KMT(I),KMT
2510804.3502399996,19.7606,0.1025,CTIO_KMTC42,KMT(I),KMT
2510804.3667099997,20.1256,0.1855,CTIO_KMTC42,KMT(I),KMT
2510804.3840200007,20.1344,0.1465,CTIO_KMTC42,KMT(I),KMT
2510804.415,19.9725,0.1147,CTIO_KMTC42,KMT(I),KMT
2510804.43497,20.1848,0.1767,CTIO_KMTC42,KMT(I),KMT
2510805.13777,20.4706,0.2148,CTIO_KMTC42,KMT(I),KMT
2510805.15455,20.2466,0.156,CTIO_KMTC42,KMT(I),KMT
2510805.17126,19.9497,0.1226,CTIO_KMTC42,KMT(I),KMT
2510805.1983400006,19.9534,0.1052,CTIO_KMTC42,KMT(I),KMT
2510805.21567,20.06,0.1347,CTIO_KMTC42,KMT(I),KMT
2510805.2341399994,20.1536,0.1429,CTIO_KMTC42,KMT(I),KMT
2510805.25101,19.9524,0.1202,CTIO_KMTC42,KMT(I),KMT
2510805.2678200006,20.4687,0.2256,CTIO_KMTC42,KMT(I),KMT
2510805.28967,19.9837,0.1055,CTIO_KMTC42,KMT(I),KMT
2510805.3131099995,19.9074,0.1169,CTIO_KMTC42,KMT(I),KMT
2510805.33132,20.0562,0.1111,CTIO_KMTC42,KMT(I),KMT
2510805.3481900003,20.0525,0.1065,CTIO_KMTC42,KMT(I),KMT
2510805.3647,20.0787,0.1143,CTIO_KMTC42,KMT(I),KMT
2510805.38832,19.9763,0.2024,CTIO_KMTC42,KMT(I),KMT
2510805.41165,19.5286,0.1084,CTIO_KMTC42,KMT(I),KMT
2510805.4311699998,19.3932,0.0998,CTIO_KMTC42,KMT(I),KMT
2510806.13399,19.9753,0.1334,CTIO_KMTC42,KMT(I),KMT
2510806.15522,20.0705,0.1565,CTIO_KMTC42,KMT(I),KMT
2510806.17327,20.1475,0.1543,CTIO_KMTC42,KMT(I),KMT
2510806.20024,20.2778,0.1849,CTIO_KMTC42,KMT(I),KMT
2510806.2166,19.8846,0.1122,CTIO_KMTC42,KMT(I),KMT
2510806.2350900006,20.1694,0.1462,CTIO_KMTC42,KMT(I),KMT
2510806.2519499995,20.0424,0.1222,CTIO_KMTC42,KMT(I),KMT
2510806.2687599994,19.9377,0.1106,CTIO_KMTC42,KMT(I),KMT
2510806.29562,19.8471,0.1075,CTIO_KMTC42,KMT(I),KMT
2510806.3123700004,20.1977,0.1243,CTIO_KMTC42,KMT(I),KMT
2510806.3338,20.3888,0.2645,CTIO_KMTC42,KMT(I),KMT
2510806.3519100007,19.222,0.1112,CTIO_KMTC42,KMT(I),KMT
2510806.3698500004,19.4148,0.1058,CTIO_KMTC42,KMT(I),KMT
2510806.39171,19.7157,0.1331,CTIO_KMTC42,KMT(I),KMT
2510806.4169999994,19.6605,0.1291,CTIO_KMTC42,KMT(I),KMT
2510806.4337600004,19.3449,0.1015,CTIO_KMTC42,KMT(I),KMT
2510807.1323099993,20.4308,0.2858,CTIO_KMTC42,KMT(I),KMT
2510807.15307,20.1548,0.1886,CTIO_KMTC42,KMT(I),KMT
2510807.1730700005,19.9994,0.1263,CTIO_KMTC42,KMT(I),KMT
2510807.1969600003,19.7321,0.1603,CTIO_KMTC42,KMT(I),KMT
2510807.2168300003,19.9825,0.1733,CTIO_KMTC42,KMT(I),KMT
2510807.23948,19.8951,0.1027,CTIO_KMTC42,KMT(I),KMT
2510807.2567100003,19.842,0.0971,CTIO_KMTC42,KMT(I),KMT
2510807.278,20.0545,0.114,CTIO_KMTC42,KMT(I),KMT
2510807.3058199994,19.8115,0.1025,CTIO_KMTC42,KMT(I),KMT
2510807.32273,20.1988,0.1516,CTIO_KMTC42,KMT(I),KMT
2510807.3393200003,19.9186,0.1071,CTIO_KMTC42,KMT(I),KMT
2510807.3558600005,20.102,0.1337,CTIO_KMTC42,KMT(I),KMT
2510807.3724499997,20.6299,0.3466,CTIO_KMTC42,KMT(I),KMT
2510807.39965,20.1218,0.1595,CTIO_KMTC42,KMT(I),KMT
2510807.4162300006,19.5402,0.1065,CTIO_KMTC42,KMT(I),KMT
2510807.43329,19.8583,0.1338,CTIO_KMTC42,KMT(I),KMT
2510808.13047,20.0562,0.1701,CTIO_KMTC42,KMT(I),KMT
2510808.1472699996,20.2405,0.1981,CTIO_KMTC42,KMT(I),KMT
2510808.1677899994,19.923,0.1413,CTIO_KMTC42,KMT(I),KMT
2510808.19592,20.1424,0.1763,CTIO_KMTC42,KMT(I),KMT
2510808.2151999995,19.7291,0.1263,CTIO_KMTC42,KMT(I),KMT
2510808.23173,19.963,0.1777,CTIO_KMTC42,KMT(I),KMT
2510808.24878,20.3447,0.198,CTIO_KMTC42,KMT(I),KMT
2510808.27133,19.8854,0.1453,CTIO_KMTC42,KMT(I),KMT
2510808.30777,19.7614,0.2311,CTIO_KMTC42,KMT(I),KMT
2510808.3250399996,20.5579,1.2874,CTIO_KMTC42,KMT(I),KMT
2510808.3455500007,19.7852,0.1276,CTIO_KMTC42,KMT(I),KMT
2510808.3622200005,19.9066,0.2139,CTIO_KMTC42,KMT(I),KMT
2510808.3794400003,19.9794,0.1496,CTIO_KMTC42,KMT(I),KMT
2510808.4067899995,20.098,0.1695,CTIO_KMTC42,KMT(I),KMT
2510808.42488,19.7718,0.1236,CTIO_KMTC42,KMT(I),KMT
2510808.4414799996,19.6446,0.1232,CTIO_KMTC42,KMT(I),KMT
2510809.1452600006,20.9809,1.4805,CTIO_KMTC42,KMT(I),KMT
2510809.16354,20.1471,0.4792,CTIO_KMTC42,KMT(I),KMT
2510809.2074999996,19.9761,0.2795,CTIO_KMTC42,KMT(I),KMT
2510809.2246899996,20.0454,0.7694,CTIO_KMTC42,KMT(I),KMT
2510809.2539799996,20.0032,0.3815,CTIO_KMTC42,KMT(I),KMT
2510809.2706000004,20.9259,1.4859,CTIO_KMTC42,KMT(I),KMT
2510809.31525,19.4386,0.6936,CTIO_KMTC42,KMT(I),KMT
2510809.33244,19.643,0.5417,CTIO_KMTC42,KMT(I),KMT
2510809.3537,19.1304,1.7379,CTIO_KMTC42,KMT(I),KMT
2510809.3716899995,19.3663,0.4118,CTIO_KMTC42,KMT(I),KMT
2510809.42213,20.3388,0.1499,CTIO_KMTC42,KMT(I),KMT
2510809.43879,19.8737,0.149,CTIO_KMTC42,KMT(I),KMT
2510811.3896200005,19.8962,0.1487,CTIO_KMTC42,KMT(I),KMT
2510811.41588,20.0125,0.6279,CTIO_KMTC42,KMT(I),KMT
2510811.43088,19.8035,0.1413,CTIO_KMTC42,KMT(I),KMT
2510812.1236000005,19.0389,0.1119,CTIO_KMTC42,KMT(I),KMT
2510812.12639,19.035,0.1299,CTIO_KMTC42,KMT(I),KMT
2510812.14764,19.8275,0.2296,CTIO_KMTC42,KMT(I),KMT
2510812.17485,20.0941,0.2409,CTIO_KMTC42,KMT(I),KMT
2510812.1945900004,20.2324,0.3742,CTIO_KMTC42,KMT(I),KMT
2510812.21148,19.7927,0.2044,CTIO_KMTC42,KMT(I),KMT
2510812.2287099995,19.9798,0.1761,CTIO_KMTC42,KMT(I),KMT
2510812.24526,20.0542,0.2452,CTIO_KMTC42,KMT(I),KMT
2510812.2742100004,19.8109,0.191,CTIO_KMTC42,KMT(I),KMT
2510812.2912300006,20.0169,0.2562,CTIO_KMTC42,KMT(I),KMT
2510812.3085399996,20.0063,0.2098,CTIO_KMTC42,KMT(I),KMT
2510812.32998,19.8937,0.1655,CTIO_KMTC42,KMT(I),KMT
2510812.34714,20.0346,0.1441,CTIO_KMTC42,KMT(I),KMT
2510812.3675800003,20.0525,0.1249,CTIO_KMTC42,KMT(I),KMT
2510812.39599,20.2285,0.1623,CTIO_KMTC42,KMT(I),KMT
2510812.4126900006,20.2846,0.253,CTIO_KMTC42,KMT(I),KMT
2510812.4290699996,20.0881,0.1985,CTIO_KMTC42,KMT(I),KMT
2510812.4468900003,20.3267,0.678,CTIO_KMTC42,KMT(I),KMT
2510813.1175299995,19.2692,0.4866,CTIO_KMTC42,KMT(I),KMT
2510813.1662,17.6151,0.412,CTIO_KMTC42,KMT(I),KMT
2510813.1832299996,18.0173,1.6809,CTIO_KMTC42,KMT(I),KMT
2510813.20032,18.9295,0.864,CTIO_KMTC42,KMT(I),KMT
2510813.2215,19.058,0.2758,CTIO_KMTC42,KMT(I),KMT
2510814.13232,20.1133,0.1793,CTIO_KMTC42,KMT(I),KMT
2510814.14953,17.4444,0.3452,CTIO_KMTC42,KMT(I),KMT
2510814.1693399996,20.1472,0.6114,CTIO_KMTC42,KMT(I),KMT
2510814.23176,20.0713,0.0992,CTIO_KMTC42,KMT(I),KMT
2510814.24866,19.9638,0.0887,CTIO_KMTC42,KMT(I),KMT
2510814.2655299995,20.0685,0.1088,CTIO_KMTC42,KMT(I),KMT
2510814.2823799998,20.1906,0.1368,CTIO_KMTC42,KMT(I),KMT
2510814.2994,20.1723,0.1433,CTIO_KMTC42,KMT(I),KMT
2510814.31998,19.9617,0.0853,CTIO_KMTC42,KMT(I),KMT
2510814.34365,19.9764,0.1263,CTIO_KMTC42,KMT(I),KMT
2510814.36422,20.3641,0.175,CTIO_KMTC42,KMT(I),KMT
2510814.38373,19.7633,0.1197,CTIO_KMTC42,KMT(I),KMT
2510814.40678,19.9006,0.1543,CTIO_KMTC42,KMT(I),KMT
2510814.4303399995,20.1458,0.1714,CTIO_KMTC42,KMT(I),KMT
2510815.12677,20.1119,0.1217,CTIO_KMTC42,KMT(I),KMT
2510815.1492299996,20.0229,0.0932,CTIO_KMTC42,KMT(I),KMT
2510815.1660399996,19.9288,0.075,CTIO_KMTC42,KMT(I),KMT
2510815.18257,19.9729,0.089,CTIO_KMTC42,KMT(I),KMT
2510815.1994400006,19.8512,0.0694,CTIO_KMTC42,KMT(I),KMT
2510815.23364,20.0378,0.0773,CTIO_KMTC42,KMT(I),KMT
2510815.25748,19.9575,0.0816,CTIO_KMTC42,KMT(I),KMT
2510815.27422,20.0389,0.0904,CTIO_KMTC42,KMT(I),KMT
2510815.29122,20.1983,0.2327,CTIO_KMTC42,KMT(I),KMT
2510815.3084699996,20.0192,0.0878,CTIO_KMTC42,KMT(I),KMT
2510815.32916,20.0535,0.0977,CTIO_KMTC42,KMT(I),KMT
2510815.35362,20.1106,0.1465,CTIO_KMTC42,KMT(I),KMT
2510815.37079,19.9296,0.1484,CTIO_KMTC42,KMT(I),KMT
2510815.3735300004,20.0148,0.1152,CTIO_KMTC42,KMT(I),KMT
2510815.38873,20.2412,0.1638,CTIO_KMTC42,KMT(I),KMT
2510815.40689,20.0552,0.1415,CTIO_KMTC42,KMT(I),KMT
2510815.4438000005,19.7907,0.1455,CTIO_KMTC42,KMT(I),KMT
2510816.1030199993,19.9359,0.1944,CTIO_KMTC42,KMT(I),KMT
2510816.12868,20.1846,0.1186,CTIO_KMTC42,KMT(I),KMT
2510816.1457700003,20.0447,0.0798,CTIO_KMTC42,KMT(I),KMT
2510816.1620199997,19.9465,0.0725,CTIO_KMTC42,KMT(I),KMT
2510816.16519,20.1012,0.0776,CTIO_KMTC42,KMT(I),KMT
2510816.18212,19.9835,0.0716,CTIO_KMTC42,KMT(I),KMT
2510816.19852,20.0071,0.0852,CTIO_KMTC42,KMT(I),KMT
2510816.22736,20.1918,0.0882,CTIO_KMTC42,KMT(I),KMT
2510816.22872,20.0997,0.0772,CTIO_KMTC42,KMT(I),KMT
2510816.2459200006,20.148,0.6731,CTIO_KMTC42,KMT(I),KMT
2510816.2541700006,20.1924,0.095,CTIO_KMTC42,KMT(I),KMT
2510816.27116,20.4899,0.2024,CTIO_KMTC42,KMT(I),KMT
2510816.27389,20.0012,0.1202,CTIO_KMTC42,KMT(I),KMT
2510816.2911,20.0854,0.2209,CTIO_KMTC42,KMT(I),KMT
2510816.30743,19.5958,0.1686,CTIO_KMTC42,KMT(I),KMT
2510816.34079,19.9945,0.096,CTIO_KMTC42,KMT(I),KMT
2510816.34478,19.8861,0.0943,CTIO_KMTC42,KMT(I),KMT
2510816.36187,20.2384,0.1265,CTIO_KMTC42,KMT(I),KMT
2510816.4093699995,20.0594,0.2446,CTIO_KMTC42,KMT(I),KMT
2510816.4210599996,19.9243,0.1437,CTIO_KMTC42,KMT(I),KMT
2510817.0928499997,20.0219,0.1618,CTIO_KMTC42,KMT(I),KMT
2510817.10998,20.1151,0.1356,CTIO_KMTC42,KMT(I),KMT
2510817.1303700004,19.9255,0.0833,CTIO_KMTC42,KMT(I),KMT
2510817.16239,20.214,0.1158,CTIO_KMTC42,KMT(I),KMT
2510817.1797400005,19.9334,0.093,CTIO_KMTC42,KMT(I),KMT
2510817.19697,19.9774,0.0817,CTIO_KMTC42,KMT(I),KMT
2510817.2139800005,20.0644,0.0793,CTIO_KMTC42,KMT(I),KMT
2510817.2347800005,19.9789,0.093,CTIO_KMTC42,KMT(I),KMT
2510817.2699500006,20.0272,0.086,CTIO_KMTC42,KMT(I),KMT
2510817.28673,19.8996,0.0712,CTIO_KMTC42,KMT(I),KMT
2510817.3046000004,20.1041,0.153,CTIO_KMTC42,KMT(I),KMT
2510817.32204,20.3506,0.1264,CTIO_KMTC42,KMT(I),KMT
2510817.3390699998,19.8963,0.1811,CTIO_KMTC42,KMT(I),KMT
2510817.3660499994,19.8979,0.1189,CTIO_KMTC42,KMT(I),KMT
2510817.38292,19.8553,0.1403,CTIO_KMTC42,KMT(I),KMT
2510817.39994,19.9486,0.1441,CTIO_KMTC42,KMT(I),KMT
2510817.4169699997,20.1235,0.1557,CTIO_KMTC42,KMT(I),KMT
2510817.4253700003,19.8354,0.1255,CTIO_KMTC42,KMT(I),KMT
2510818.0966500007,20.0257,0.1188,CTIO_KMTC42,KMT(I),KMT
2510818.1134099998,20.0127,0.1055,CTIO_KMTC42,KMT(I),KMT
2510818.14076,20.0267,0.1125,CTIO_KMTC42,KMT(I),KMT
2510818.15735,20.1487,0.0952,CTIO_KMTC42,KMT(I),KMT
2510818.17447,20.112,0.0896,CTIO_KMTC42,KMT(I),KMT
2510818.19114,20.2312,0.1019,CTIO_KMTC42,KMT(I),KMT
2510818.20845,19.9733,0.0731,CTIO_KMTC42,KMT(I),KMT
2510818.2312700003,20.1305,0.0868,CTIO_KMTC42,KMT(I),KMT
2510818.25497,20.0366,0.1013,CTIO_KMTC42,KMT(I),KMT
2510818.2726,20.1396,0.1181,CTIO_KMTC42,KMT(I),KMT
2510818.2898699995,19.9916,0.0747,CTIO_KMTC42,KMT(I),KMT
2510818.3068199996,20.1166,0.0925,CTIO_KMTC42,KMT(I),KMT
2510818.33189,20.0075,0.0798,CTIO_KMTC42,KMT(I),KMT
2510818.3575999998,19.9516,0.0775,CTIO_KMTC42,KMT(I),KMT
2510818.37555,20.0447,0.0901,CTIO_KMTC42,KMT(I),KMT
2510818.40013,20.0954,0.099,CTIO_KMTC42,KMT(I),KMT
2510818.42366,20.0594,0.1469,CTIO_KMTC42,KMT(I),KMT
2510819.10001,20.3236,0.1801,CTIO_KMTC42,KMT(I),KMT
2510819.1192199998,20.4196,0.1695,CTIO_KMTC42,KMT(I),KMT
2510819.1483200006,20.0826,0.1071,CTIO_KMTC42,KMT(I),KMT
2510819.1522899996,20.1463,0.0989,CTIO_KMTC42,KMT(I),KMT
2510819.16959,20.0267,0.1001,CTIO_KMTC42,KMT(I),KMT
2510819.1959000006,20.0202,0.079,CTIO_KMTC42,KMT(I),KMT
2510819.21289,20.042,0.073,CTIO_KMTC42,KMT(I),KMT
2510819.22991,20.0241,0.0732,CTIO_KMTC42,KMT(I),KMT
2510819.2589800004,20.1645,0.0774,CTIO_KMTC42,KMT(I),KMT
2510819.27613,19.9433,0.15,CTIO_KMTC42,KMT(I),KMT
2510819.29342,19.8931,0.0679,CTIO_KMTC42,KMT(I),KMT
2510819.31051,20.0119,0.0807,CTIO_KMTC42,KMT(I),KMT
2510819.32701,19.9963,0.0761,CTIO_KMTC42,KMT(I),KMT
2510819.35367,20.0413,0.0877,CTIO_KMTC42,KMT(I),KMT
2510819.37847,20.0738,0.1154,CTIO_KMTC42,KMT(I),KMT
2510819.39838,20.0835,0.1037,CTIO_KMTC42,KMT(I),KMT
2510819.41514,19.9444,0.1459,CTIO_KMTC42,KMT(I),KMT
2510819.4248,19.5189,0.1122,CTIO_KMTC42,KMT(I),KMT
2510820.0904,19.9322,0.1004,CTIO_KMTC42,KMT(I),KMT
2510820.1071000006,20.1442,0.1188,CTIO_KMTC42,KMT(I),KMT
2510820.11137,19.6812,0.1261,CTIO_KMTC42,KMT(I),KMT
2510820.13024,19.9538,0.1032,CTIO_KMTC42,KMT(I),KMT
2510820.16031,20.1925,0.147,CTIO_KMTC42,KMT(I),KMT
2510820.17688,19.9895,0.095,CTIO_KMTC42,KMT(I),KMT
2510820.1985800005,19.984,0.0923,CTIO_KMTC42,KMT(I),KMT
2510820.2158400007,20.078,0.0946,CTIO_KMTC42,KMT(I),KMT
2510820.23465,19.9943,0.0754,CTIO_KMTC42,KMT(I),KMT
2510820.2631400004,19.9961,0.0843,CTIO_KMTC42,KMT(I),KMT
2510820.2804000005,19.9149,0.0717,CTIO_KMTC42,KMT(I),KMT
2510820.29734,20.0723,0.0915,CTIO_KMTC42,KMT(I),KMT
2510820.31441,19.8648,0.0849,CTIO_KMTC42,KMT(I),KMT
2510820.33122,20.1987,0.1154,CTIO_KMTC42,KMT(I),KMT
2510820.3586800005,17.9467,0.1944,CTIO_KMTC42,KMT(I),KMT
2510820.36364,20.0387,0.1039,CTIO_KMTC42,KMT(I),KMT
2510820.3807699997,20.0978,0.1159,CTIO_KMTC42,KMT(I),KMT
2510820.3988700006,20.0543,0.1222,CTIO_KMTC42,KMT(I),KMT
2510820.4157599993,20.019,0.1232,CTIO_KMTC42,KMT(I),KMT
2510820.42779,20.0467,0.1129,CTIO_KMTC42,KMT(I),KMT
2510821.08211,19.904,0.4129,CTIO_KMTC42,KMT(I),KMT
2510821.09922,20.0528,0.2339,CTIO_KMTC42,KMT(I),KMT
2510821.11926,20.4634,0.2297,CTIO_KMTC42,KMT(I),KMT
2510821.15051,20.0498,0.1403,CTIO_KMTC42,KMT(I),KMT
2510821.16916,20.0107,0.3057,CTIO_KMTC42,KMT(I),KMT
2510821.1864100005,20.0032,0.1024,CTIO_KMTC42,KMT(I),KMT
2510821.20349,19.9428,0.0768,CTIO_KMTC42,KMT(I),KMT
2510821.22377,19.975,0.0768,CTIO_KMTC42,KMT(I),KMT
2510821.2637399994,19.9597,0.0692,CTIO_KMTC42,KMT(I),KMT
2510821.2874800004,20.0115,0.0729,CTIO_KMTC42,KMT(I),KMT
2510821.3047400005,20.186,0.1422,CTIO_KMTC42,KMT(I),KMT
2510821.32202,19.8865,0.0908,CTIO_KMTC42,KMT(I),KMT
2510821.3404200003,19.6811,0.0794,CTIO_KMTC42,KMT(I),KMT
2510821.368,20.1166,0.1434,CTIO_KMTC42,KMT(I),KMT
2510821.3850999996,20.0097,0.1474,CTIO_KMTC42,KMT(I),KMT
2510821.40345,19.9642,0.19,CTIO_KMTC42,KMT(I),KMT
2510821.4286700003,19.8282,0.1541,CTIO_KMTC42,KMT(I),KMT
2510822.0937399995,18.2038,0.0799,CTIO_KMTC42,KMT(I),KMT
2510822.11118,20.7133,1.041,CTIO_KMTC42,KMT(I),KMT
2510822.13172,20.3963,1.7371,CTIO_KMTC42,KMT(I),KMT
2510822.1555400006,20.368,1.3523,CTIO_KMTC42,KMT(I),KMT
2510822.1725500003,20.0862,0.2876,CTIO_KMTC42,KMT(I),KMT
2510822.18948,20.5114,0.558,CTIO_KMTC42,KMT(I),KMT
2510822.20789,19.4431,0.215,CTIO_KMTC42,KMT(I),KMT
2510822.2285,19.6618,0.3724,CTIO_KMTC42,KMT(I),KMT
2510822.25552,20.0581,0.1132,CTIO_KMTC42,KMT(I),KMT
2510822.27651,20.2453,0.1872,CTIO_KMTC42,KMT(I),KMT
2510822.3103599995,20.2297,0.2277,CTIO_KMTC42,KMT(I),KMT
2510822.3278800007,19.801,0.1716,CTIO_KMTC42,KMT(I),KMT
2510822.3595199995,20.0478,0.1584,CTIO_KMTC42,KMT(I),KMT
2510822.3937599994,18.4929,0.1942,CTIO_KMTC42,KMT(I),KMT
2510822.41232,20.4545,0.6405,CTIO_KMTC42,KMT(I),KMT
2510822.4319,19.8896,0.1776,CTIO_KMTC42,KMT(I),KMT
2510823.0854899995,20.1922,0.206,CTIO_KMTC42,KMT(I),KMT
2510823.1127499994,20.0839,0.1429,CTIO_KMTC42,KMT(I),KMT
2510823.12926,20.0546,0.1517,CTIO_KMTC42,KMT(I),KMT
2510823.14618,19.839,0.1003,CTIO_KMTC42,KMT(I),KMT
2510823.1646500006,20.0004,0.1095,CTIO_KMTC42,KMT(I),KMT
2510823.1861499995,20.0666,0.1101,CTIO_KMTC42,KMT(I),KMT
2510823.20639,20.0065,0.1256,CTIO_KMTC42,KMT(I),KMT
2510823.2301400006,20.1072,0.1058,CTIO_KMTC42,KMT(I),KMT
2510823.24687,19.9087,0.0931,CTIO_KMTC42,KMT(I),KMT
2510823.2647600006,19.7769,0.0888,CTIO_KMTC42,KMT(I),KMT
2510823.2818100005,20.296,0.1738,CTIO_KMTC42,KMT(I),KMT
2510823.3040500004,20.248,0.1144,CTIO_KMTC42,KMT(I),KMT
2510823.3111000005,20.0636,0.0999,CTIO_KMTC42,KMT(I),KMT
2510823.3366899993,20.1163,0.1211,CTIO_KMTC42,KMT(I),KMT
2510823.35692,20.1958,0.1352,CTIO_KMTC42,KMT(I),KMT
2510823.37366,20.6598,0.2072,CTIO_KMTC42,KMT(I),KMT
2510823.39023,19.9696,0.1395,CTIO_KMTC42,KMT(I),KMT
2510823.4070999995,18.0485,0.0993,CTIO_KMTC42,KMT(I),KMT
2510823.4277,19.1529,0.1074,CTIO_KMTC42,KMT(I),KMT
2510824.09609,20.1672,0.1461,CTIO_KMTC42,KMT(I),KMT
2510824.11304,19.8628,0.0854,CTIO_KMTC42,KMT(I),KMT
2510824.1294800006,20.2485,0.1313,CTIO_KMTC42,KMT(I),KMT
2510824.15051,20.0392,0.1422,CTIO_KMTC42,KMT(I),KMT
2510824.1671699993,20.1564,0.1013,CTIO_KMTC42,KMT(I),KMT
2510824.19412,20.0824,0.0985,CTIO_KMTC42,KMT(I),KMT
2510824.21586,20.256,0.1625,CTIO_KMTC42,KMT(I),KMT
2510824.23317,20.2244,0.121,CTIO_KMTC42,KMT(I),KMT
2510824.2525200006,19.9865,0.092,CTIO_KMTC42,KMT(I),KMT
2510824.27056,19.7902,0.0871,CTIO_KMTC42,KMT(I),KMT
2510824.2905400004,20.1143,0.1357,CTIO_KMTC42,KMT(I),KMT
2510824.31389,20.3229,0.1312,CTIO_KMTC42,KMT(I),KMT
2510824.3309000004,20.0909,0.1167,CTIO_KMTC42,KMT(I),KMT
2510824.34968,20.0719,0.1259,CTIO_KMTC42,KMT(I),KMT
2510824.36653,20.2347,0.1395,CTIO_KMTC42,KMT(I),KMT
2510824.3872100003,20.09,0.3756,CTIO_KMTC42,KMT(I),KMT
2510824.41094,19.5843,0.1369,CTIO_KMTC42,KMT(I),KMT
2510824.4279200006,19.756,0.1535,CTIO_KMTC42,KMT(I),KMT
2510825.0862799995,20.271,0.1303,CTIO_KMTC42,KMT(I),KMT
2510825.1032800004,20.2194,0.1138,CTIO_KMTC42,KMT(I),KMT
2510825.1231500003,20.0137,0.1037,CTIO_KMTC42,KMT(I),KMT
2510825.14009,19.9805,0.0794,CTIO_KMTC42,KMT(I),KMT
2510825.17246,20.1936,0.0992,CTIO_KMTC42,KMT(I),KMT
2510825.1891600005,20.0098,0.0768,CTIO_KMTC42,KMT(I),KMT
2510825.2090799995,20.0767,0.1008,CTIO_KMTC42,KMT(I),KMT
2510825.22616,20.0412,0.0954,CTIO_KMTC42,KMT(I),KMT
2510825.2447299995,19.9242,0.0822,CTIO_KMTC42,KMT(I),KMT
2510825.2719899993,20.0939,0.1159,CTIO_KMTC42,KMT(I),KMT
2510825.2918800004,19.973,0.0856,CTIO_KMTC42,KMT(I),KMT
2510825.3086099997,20.0618,0.1009,CTIO_KMTC42,KMT(I),KMT
2510825.3267100006,20.1336,0.137,CTIO_KMTC42,KMT(I),KMT
2510825.34325,20.3576,0.159,CTIO_KMTC42,KMT(I),KMT
2510825.36469,20.1583,0.1096,CTIO_KMTC42,KMT(I),KMT
2510825.38822,20.0289,0.1518,CTIO_KMTC42,KMT(I),KMT
2510825.39233,19.8794,0.1399,CTIO_KMTC42,KMT(I),KMT
2510825.40854,19.7836,0.1385,CTIO_KMTC42,KMT(I),KMT
2510825.43176,19.8706,0.1456,CTIO_KMTC42,KMT(I),KMT
2510826.08756,20.1395,0.1264,CTIO_KMTC42,KMT(I),KMT
2510826.10461,20.2543,0.1273,CTIO_KMTC42,KMT(I),KMT
2510826.12531,19.9518,0.0813,CTIO_KMTC42,KMT(I),KMT
2510826.1491100006,20.0699,0.1181,CTIO_KMTC42,KMT(I),KMT
2510826.1657500006,20.0126,0.0884,CTIO_KMTC42,KMT(I),KMT
2510826.1830199994,19.8721,0.0802,CTIO_KMTC42,KMT(I),KMT
2510826.19981,19.9152,0.0919,CTIO_KMTC42,KMT(I),KMT
2510826.21679,19.8433,0.1428,CTIO_KMTC42,KMT(I),KMT
2510826.2499700002,19.9845,0.0981,CTIO_KMTC42,KMT(I),KMT
2510826.26657,19.9535,0.1099,CTIO_KMTC42,KMT(I),KMT
2510826.28347,20.0016,0.095,CTIO_KMTC42,KMT(I),KMT
2510826.30155,19.9808,0.1168,CTIO_KMTC42,KMT(I),KMT
2510826.31845,19.9148,0.128,CTIO_KMTC42,KMT(I),KMT
2510826.3506899998,19.7283,0.1026,CTIO_KMTC42,KMT(I),KMT
2510826.3672400005,19.6143,0.1453,CTIO_KMTC42,KMT(I),KMT
2510826.38404,20.0722,0.1957,CTIO_KMTC42,KMT(I),KMT
2510826.4004999995,19.3908,0.151,CTIO_KMTC42,KMT(I),KMT
2510826.41919,19.5635,0.1344,CTIO_KMTC42,KMT(I),KMT
2510826.43604,19.2126,0.3579,CTIO_KMTC42,KMT(I),KMT
2510827.0930700004,20.7342,1.7515,CTIO_KMTC42,KMT(I),KMT
2510827.11613,19.9277,0.2814,CTIO_KMTC42,KMT(I),KMT
2510827.1330500003,19.9615,0.1074,CTIO_KMTC42,KMT(I),KMT
2510827.1512,19.9403,0.1008,CTIO_KMTC42,KMT(I),KMT
2510827.16976,19.8964,0.199,CTIO_KMTC42,KMT(I),KMT
2510827.1924,19.4604,0.4703,CTIO_KMTC42,KMT(I),KMT
2510827.1963400003,19.3109,0.3476,CTIO_KMTC42,KMT(I),KMT
2510827.2313100006,20.0801,0.2266,CTIO_KMTC42,KMT(I),KMT
2510827.2482399996,20.0586,0.2093,CTIO_KMTC42,KMT(I),KMT
2510827.2703399993,20.0802,0.117,CTIO_KMTC42,KMT(I),KMT
2510827.28728,19.9164,0.1523,CTIO_KMTC42,KMT(I),KMT
2510827.3043099996,20.0164,0.2282,CTIO_KMTC42,KMT(I),KMT
2510827.33094,19.7292,0.3229,CTIO_KMTC42,KMT(I),KMT
2510827.3489800002,19.8002,0.1602,CTIO_KMTC42,KMT(I),KMT
2510827.3655900005,20.8872,0.3678,CTIO_KMTC42,KMT(I),KMT
2510827.3864200003,19.9416,0.1424,CTIO_KMTC42,KMT(I),KMT
2510827.4036100004,19.9282,0.1378,CTIO_KMTC42,KMT(I),KMT
2510827.4238799997,19.7275,0.1309,CTIO_KMTC42,KMT(I),KMT
2510827.4354500007,19.7546,0.1316,CTIO_KMTC42,KMT(I),KMT
2510828.07634,19.9258,0.0999,CTIO_KMTC42,KMT(I),KMT
2510828.09994,20.1635,0.125,CTIO_KMTC42,KMT(I),KMT
2510828.1211900003,20.0132,0.1157,CTIO_KMTC42,KMT(I),KMT
2510828.1392599996,20.0921,0.1019,CTIO_KMTC42,KMT(I),KMT
2510828.15599,20.1708,0.1069,CTIO_KMTC42,KMT(I),KMT
2510828.1786899995,20.0574,0.0778,CTIO_KMTC42,KMT(I),KMT
2510828.2062100004,20.1375,0.1758,CTIO_KMTC42,KMT(I),KMT
2510828.22267,19.8089,0.0682,CTIO_KMTC42,KMT(I),KMT
2510828.23957,20.0422,0.0867,CTIO_KMTC42,KMT(I),KMT
2510828.25715,20.223,0.1119,CTIO_KMTC42,KMT(I),KMT
2510828.27427,20.1406,0.1151,CTIO_KMTC42,KMT(I),KMT
2510828.3018299993,20.0991,0.1054,CTIO_KMTC42,KMT(I),KMT
2510828.3186,20.14,0.1105,CTIO_KMTC42,KMT(I),KMT
2510828.3356,19.7225,0.1473,CTIO_KMTC42,KMT(I),KMT
2510828.3536399994,20.3563,1.0461,CTIO_KMTC42,KMT(I),KMT
2510828.3707599994,19.5455,0.203,CTIO_KMTC42,KMT(I),KMT
2510828.39944,19.6172,0.1253,CTIO_KMTC42,KMT(I),KMT
2510828.41751,19.9175,0.1514,CTIO_KMTC42,KMT(I),KMT
2510828.4287899993,19.5687,0.1315,CTIO_KMTC42,KMT(I),KMT
2510829.0882600006,20.1604,0.1551,CTIO_KMTC42,KMT(I),KMT
2510829.10494,20.1792,0.1254,CTIO_KMTC42,KMT(I),KMT
2510829.1218299996,20.001,0.0932,CTIO_KMTC42,KMT(I),KMT
2510829.1402000003,20.074,0.0966,CTIO_KMTC42,KMT(I),KMT
2510829.1607,19.8967,0.0792,CTIO_KMTC42,KMT(I),KMT
2510829.1841,19.9559,0.0762,CTIO_KMTC42,KMT(I),KMT
2510829.20094,20.11,0.0811,CTIO_KMTC42,KMT(I),KMT
2510829.2200300004,19.9183,0.1597,CTIO_KMTC42,KMT(I),KMT
2510829.23697,20.1096,0.3992,CTIO_KMTC42,KMT(I),KMT
2510829.2568999995,20.0249,0.1524,CTIO_KMTC42,KMT(I),KMT
2510829.2812900003,20.022,0.1272,CTIO_KMTC42,KMT(I),KMT
2510829.2991700005,20.0477,0.0935,CTIO_KMTC42,KMT(I),KMT
2510829.31699,20.1123,0.1534,CTIO_KMTC42,KMT(I),KMT
2510829.33387,19.9035,0.1246,CTIO_KMTC42,KMT(I),KMT
2510829.35281,19.8194,0.3195,CTIO_KMTC42,KMT(I),KMT
2510829.38337,20.4156,0.2187,CTIO_KMTC42,KMT(I),KMT
2510829.40035,20.4649,0.1836,CTIO_KMTC42,KMT(I),KMT
2510829.42483,20.1228,0.1587,CTIO_KMTC42,KMT(I),KMT
2510830.07254,20.4906,0.1966,CTIO_KMTC42,KMT(I),KMT
2510830.0920199994,19.9995,0.1031,CTIO_KMTC42,KMT(I),KMT
2510830.10836,20.0346,0.0977,CTIO_KMTC42,KMT(I),KMT
2510830.13612,20.1294,0.0921,CTIO_KMTC42,KMT(I),KMT
2510830.15341,20.0036,0.0812,CTIO_KMTC42,KMT(I),KMT
2510830.1708199997,20.0794,0.0874,CTIO_KMTC42,KMT(I),KMT
2510830.1879399996,20.0098,0.082,CTIO_KMTC42,KMT(I),KMT
2510830.2043900006,20.1398,0.0859,CTIO_KMTC42,KMT(I),KMT
2510830.22521,20.0099,0.087,CTIO_KMTC42,KMT(I),KMT
2510830.24936,20.241,0.1045,CTIO_KMTC42,KMT(I),KMT
2510830.26619,20.2017,0.1064,CTIO_KMTC42,KMT(I),KMT
2510830.28527,20.156,0.1021,CTIO_KMTC42,KMT(I),KMT
2510830.30296,20.1958,0.1295,CTIO_KMTC42,KMT(I),KMT
2510830.3234,19.8736,0.0817,CTIO_KMTC42,KMT(I),KMT
2510830.3490500003,19.9634,0.0934,CTIO_KMTC42,KMT(I),KMT
2510830.3669600002,19.9234,0.0865,CTIO_KMTC42,KMT(I),KMT
2510830.38346,20.2323,0.1328,CTIO_KMTC42,KMT(I),KMT
2510830.4043499995,20.1459,1.9855,CTIO_KMTC42,KMT(I),KMT
2510831.079,20.4156,0.2153,CTIO_KMTC42,KMT(I),KMT
2510831.1065500006,20.5215,0.2648,CTIO_KMTC42,KMT(I),KMT
2510831.1230800003,20.4459,0.2546,CTIO_KMTC42,KMT(I),KMT
2510831.1396399997,20.3532,0.2313,CTIO_KMTC42,KMT(I),KMT
2510831.15654,20.2162,0.1602,CTIO_KMTC42,KMT(I),KMT
2510831.17308,20.709,0.3757,CTIO_KMTC42,KMT(I),KMT
2510831.20412,19.8715,0.7791,CTIO_KMTC42,KMT(I),KMT
2510831.2198,20.4525,0.1632,CTIO_KMTC42,KMT(I),KMT
2510831.2380999997,20.1773,0.1196,CTIO_KMTC42,KMT(I),KMT
2510831.25445,19.9911,0.0919,CTIO_KMTC42,KMT(I),KMT
2510831.2711999994,20.1977,0.1096,CTIO_KMTC42,KMT(I),KMT
2510831.29146,20.0016,0.0915,CTIO_KMTC42,KMT(I),KMT
2510831.3135199994,19.9593,0.0979,CTIO_KMTC42,KMT(I),KMT
2510831.3377599996,20.086,0.1678,CTIO_KMTC42,KMT(I),KMT
2510831.3544500005,20.0469,0.1351,CTIO_KMTC42,KMT(I),KMT
2510831.37529,20.2122,0.1465,CTIO_KMTC42,KMT(I),KMT
2510831.3918500002,20.0315,0.1342,CTIO_KMTC42,KMT(I),KMT
2510831.4189100005,20.2016,0.2182,CTIO_KMTC42,KMT(I),KMT
2510832.0714500006,20.304,0.1966,CTIO_KMTC42,KMT(I),KMT
2510832.09531,20.1274,0.1714,CTIO_KMTC42,KMT(I),KMT
2510832.1121200006,20.0361,0.1256,CTIO_KMTC42,KMT(I),KMT
2510832.1285800003,20.0167,0.1108,CTIO_KMTC42,KMT(I),KMT
2510832.14817,20.2594,0.1473,CTIO_KMTC42,KMT(I),KMT
2510832.16596,20.0318,0.1053,CTIO_KMTC42,KMT(I),KMT
2510832.19549,20.0517,0.1137,CTIO_KMTC42,KMT(I),KMT
2510832.21208,20.0383,0.1063,CTIO_KMTC42,KMT(I),KMT
2510832.2288000006,20.1799,0.1249,CTIO_KMTC42,KMT(I),KMT
2510832.24538,19.8945,0.0815,CTIO_KMTC42,KMT(I),KMT
2510832.2625,20.1497,0.0945,CTIO_KMTC42,KMT(I),KMT
2510832.2916599996,20.2862,0.162,CTIO_KMTC42,KMT(I),KMT
2510832.3082999997,20.2308,0.122,CTIO_KMTC42,KMT(I),KMT
2510832.31508,19.9306,0.0926,CTIO_KMTC42,KMT(I),KMT
2510832.31984,20.0912,0.1102,CTIO_KMTC42,KMT(I),KMT
2510832.3220300004,19.9754,0.0973,CTIO_KMTC42,KMT(I),KMT
2510832.3317600004,19.865,0.0846,CTIO_KMTC42,KMT(I),KMT
2510832.34891,19.9525,0.1062,CTIO_KMTC42,KMT(I),KMT
2510832.36764,20.1164,0.1604,CTIO_KMTC42,KMT(I),KMT
2510832.3889300004,20.042,0.1503,CTIO_KMTC42,KMT(I),KMT
2510832.41773,19.6234,0.2215,CTIO_KMTC42,KMT(I),KMT
2510833.06946,18.7212,0.0728,CTIO_KMTC42,KMT(I),KMT
2510833.08607,20.5155,0.2922,CTIO_KMTC42,KMT(I),KMT
2510833.1025099996,20.06,0.1748,CTIO_KMTC42,KMT(I),KMT
2510833.1195100006,20.0526,0.1562,CTIO_KMTC42,KMT(I),KMT
2510833.1400300004,20.271,0.1608,CTIO_KMTC42,KMT(I),KMT
2510833.1802200004,20.0056,0.1053,CTIO_KMTC42,KMT(I),KMT
2510833.19737,20.0931,0.1115,CTIO_KMTC42,KMT(I),KMT
2510833.21519,20.1586,0.1144,CTIO_KMTC42,KMT(I),KMT
2510833.2317900006,19.9705,0.0943,CTIO_KMTC42,KMT(I),KMT
2510833.24897,20.0856,0.1253,CTIO_KMTC42,KMT(I),KMT
2510833.27664,20.0651,0.1645,CTIO_KMTC42,KMT(I),KMT
2510833.2971400004,20.0197,0.1079,CTIO_KMTC42,KMT(I),KMT
2510833.3138800003,20.1595,0.1569,CTIO_KMTC42,KMT(I),KMT
2510833.33388,20.1184,0.1246,CTIO_KMTC42,KMT(I),KMT
2510833.35111,19.9274,0.1111,CTIO_KMTC42,KMT(I),KMT
2510833.37177,19.4772,0.1071,CTIO_KMTC42,KMT(I),KMT
2510833.39836,20.0529,0.1358,CTIO_KMTC42,KMT(I),KMT
2510833.4152099993,20.0961,0.1453,CTIO_KMTC42,KMT(I),KMT
2510834.30416,19.8655,0.095,CTIO_KMTC42,KMT(I),KMT
2510834.30652,19.8205,0.0977,CTIO_KMTC42,KMT(I),KMT
2510834.32331,20.0739,0.0963,CTIO_KMTC42,KMT(I),KMT
2510834.3399,19.947,0.1183,CTIO_KMTC42,KMT(I),KMT
2510834.3602,20.0563,0.1055,CTIO_KMTC42,KMT(I),KMT
2510834.38368,20.0117,0.1015,CTIO_KMTC42,KMT(I),KMT
2510834.40097,19.9053,0.1103,CTIO_KMTC42,KMT(I),KMT
2510834.4143000003,20.2247,0.1468,CTIO_KMTC42,KMT(I),KMT
2510835.07049,20.2625,0.2246,CTIO_KMTC42,KMT(I),KMT
2510835.08675,19.9898,0.1652,CTIO_KMTC42,KMT(I),KMT
2510835.1035699993,20.0896,0.127,CTIO_KMTC42,KMT(I),KMT
2510835.1208999995,20.0624,0.1216,CTIO_KMTC42,KMT(I),KMT
2510835.1517399997,20.0356,0.1268,CTIO_KMTC42,KMT(I),KMT
2510835.1688599996,19.9539,0.0993,CTIO_KMTC42,KMT(I),KMT
2510835.18552,20.0255,0.111,CTIO_KMTC42,KMT(I),KMT
2510835.2061599996,20.1849,0.129,CTIO_KMTC42,KMT(I),KMT
2510835.2231099997,20.1618,0.1351,CTIO_KMTC42,KMT(I),KMT
2510835.2506600004,20.1239,0.1636,CTIO_KMTC42,KMT(I),KMT
2510835.2685400005,20.1683,0.2016,CTIO_KMTC42,KMT(I),KMT
2510835.28527,20.1975,0.1757,CTIO_KMTC42,KMT(I),KMT
2510835.30227,20.4197,0.2144,CTIO_KMTC42,KMT(I),KMT
2510835.3205699995,20.3425,0.2331,CTIO_KMTC42,KMT(I),KMT
2510835.34791,19.5509,0.1111,CTIO_KMTC42,KMT(I),KMT
2510835.3714499995,19.6793,0.1284,CTIO_KMTC42,KMT(I),KMT
2510835.38882,19.7079,0.1472,CTIO_KMTC42,KMT(I),KMT
2510835.4112800006,19.6292,0.1278,CTIO_KMTC42,KMT(I),KMT
2510836.0614,19.1452,0.4466,CTIO_KMTC42,KMT(I),KMT
2510836.1008400004,20.0566,0.5543,CTIO_KMTC42,KMT(I),KMT
2510836.10406,19.4539,0.1691,CTIO_KMTC42,KMT(I),KMT
2510836.1285299994,20.3564,0.2268,CTIO_KMTC42,KMT(I),KMT
2510836.15218,19.9068,0.1718,CTIO_KMTC42,KMT(I),KMT
2510836.16904,20.2254,0.1704,CTIO_KMTC42,KMT(I),KMT
2510836.18573,20.0403,0.1966,CTIO_KMTC42,KMT(I),KMT
2510836.20218,19.9753,0.1571,CTIO_KMTC42,KMT(I),KMT
2510836.2298,19.787,0.1181,CTIO_KMTC42,KMT(I),KMT
2510836.24622,20.0337,0.177,CTIO_KMTC42,KMT(I),KMT
2510836.2631199993,20.1172,0.1884,CTIO_KMTC42,KMT(I),KMT
2510836.28266,20.225,0.1906,CTIO_KMTC42,KMT(I),KMT
2510836.29942,20.0555,0.1707,CTIO_KMTC42,KMT(I),KMT
2510836.3267100006,20.1096,0.2389,CTIO_KMTC42,KMT(I),KMT
2510836.34384,20.2407,0.297,CTIO_KMTC42,KMT(I),KMT
2510836.3623600006,19.5792,0.1281,CTIO_KMTC42,KMT(I),KMT
2510836.3826899994,19.544,0.1111,CTIO_KMTC42,KMT(I),KMT
2510836.39944,19.3053,0.0956,CTIO_KMTC42,KMT(I),KMT
2510836.40761,19.5195,0.1154,CTIO_KMTC42,KMT(I),KMT
2510837.0635599997,19.9986,0.5402,CTIO_KMTC42,KMT(I),KMT
2510837.0841300003,19.5673,0.388,CTIO_KMTC42,KMT(I),KMT
2510837.11139,20.1312,0.6485,CTIO_KMTC42,KMT(I),KMT
2510837.1285999995,19.7053,0.3441,CTIO_KMTC42,KMT(I),KMT
2510837.15075,20.2422,0.527,CTIO_KMTC42,KMT(I),KMT
2510837.1660399996,19.8498,0.3366,CTIO_KMTC42,KMT(I),KMT
2510837.1837,19.6392,0.2656,CTIO_KMTC42,KMT(I),KMT
2510837.2071599998,20.1957,0.4527,CTIO_KMTC42,KMT(I),KMT
2510837.21122,19.8972,0.3145,CTIO_KMTC42,KMT(I),KMT
2510837.22282,20.0615,0.2857,CTIO_KMTC42,KMT(I),KMT
2510837.2427399997,20.0928,0.5012,CTIO_KMTC42,KMT(I),KMT
2510837.25672,20.1808,0.5781,CTIO_KMTC42,KMT(I),KMT
2510837.2778900005,19.9409,0.4474,CTIO_KMTC42,KMT(I),KMT
2510837.3026599996,20.1318,0.1401,CTIO_KMTC42,KMT(I),KMT
2510837.32048,19.8,0.5289,CTIO_KMTC42,KMT(I),KMT
2510837.32333,18.8519,0.1306,CTIO_KMTC42,KMT(I),KMT
2510837.3392699994,20.1231,0.1314,CTIO_KMTC42,KMT(I),KMT
2510837.3577699997,19.7563,0.1576,CTIO_KMTC42,KMT(I),KMT
2510837.3726000004,19.6946,0.1389,CTIO_KMTC42,KMT(I),KMT
2510837.4045400005,19.3985,0.1119,CTIO_KMTC42,KMT(I),KMT
2510840.0509399995,17.8734,0.1225,CTIO_KMTC42,KMT(I),KMT
2510840.06774,21.1206,2.1381,CTIO_KMTC42,KMT(I),KMT
2510840.08486,19.9818,0.2357,CTIO_KMTC42,KMT(I),KMT
2510840.10516,19.9418,0.2019,CTIO_KMTC42,KMT(I),KMT
2510840.12914,19.9913,0.2938,CTIO_KMTC42,KMT(I),KMT
2510840.15503,20.4129,0.3685,CTIO_KMTC42,KMT(I),KMT
2510840.17246,20.4676,0.39,CTIO_KMTC42,KMT(I),KMT
2510840.19101,21.1304,0.9311,CTIO_KMTC42,KMT(I),KMT
2510840.3035000004,19.6528,0.1199,CTIO_KMTC42,KMT(I),KMT
2510840.3397400007,20.1684,0.7424,CTIO_KMTC42,KMT(I),KMT
2510840.35661,19.2394,0.0907,CTIO_KMTC42,KMT(I),KMT
2510840.3769199997,19.5757,0.184,CTIO_KMTC42,KMT(I),KMT
2510840.38813,20.4777,0.4258,CTIO_KMTC42,KMT(I),KMT
2510841.3318799995,19.6662,0.1336,CTIO_KMTC42,KMT(I),KMT
2510841.3621699996,19.2349,0.095,CTIO_KMTC42,KMT(I),KMT
2510841.3806100003,20.2579,1.3287,CTIO_KMTC42,KMT(I),KMT
2510843.03759,19.7708,0.0843,CTIO_KMTC42,KMT(I),KMT
2510843.0569199994,19.3503,0.0781,CTIO_KMTC42,KMT(I),KMT
2510843.0739399996,19.7461,0.1253,CTIO_KMTC42,KMT(I),KMT
2510843.0955999997,20.8437,0.391,CTIO_KMTC42,KMT(I),KMT
2510843.12326,20.5808,0.2184,CTIO_KMTC42,KMT(I),KMT
2510843.1401199996,20.5442,0.2445,CTIO_KMTC42,KMT(I),KMT
2510843.1565199997,20.0293,0.1868,CTIO_KMTC42,KMT(I),KMT
2510843.17332,20.3153,0.2184,CTIO_KMTC42,KMT(I),KMT
2510843.1968600005,20.3385,0.2304,CTIO_KMTC42,KMT(I),KMT
2510843.22035,20.1137,0.1479,CTIO_KMTC42,KMT(I),KMT
2510843.23699,20.3622,0.2409,CTIO_KMTC42,KMT(I),KMT
2510843.2396799996,20.7251,0.3143,CTIO_KMTC42,KMT(I),KMT
2510843.25674,20.4343,0.2883,CTIO_KMTC42,KMT(I),KMT
2510843.2743699998,20.1333,0.1684,CTIO_KMTC42,KMT(I),KMT
2510843.2910699993,19.9276,0.148,CTIO_KMTC42,KMT(I),KMT
2510843.31908,20.2342,0.2161,CTIO_KMTC42,KMT(I),KMT
2510843.3358699996,20.0306,0.2032,CTIO_KMTC42,KMT(I),KMT
2510843.35236,20.0571,0.2252,CTIO_KMTC42,KMT(I),KMT
2510843.37163,20.036,0.221,CTIO_KMTC42,KMT(I),KMT
2510843.38856,20.1851,0.2895,CTIO_KMTC42,KMT(I),KMT
2510843.3993999995,19.8449,0.2412,CTIO_KMTC42,KMT(I),KMT
2510844.0441299994,19.3302,0.073,CTIO_KMTC42,KMT(I),KMT
2510844.0641900003,18.2722,0.0603,CTIO_KMTC42,KMT(I),KMT
2510844.0812599994,19.9093,0.1408,CTIO_KMTC42,KMT(I),KMT
2510844.0982099995,20.949,0.6088,CTIO_KMTC42,KMT(I),KMT
2510844.1011500005,19.8059,0.1487,CTIO_KMTC42,KMT(I),KMT
2510844.1167,19.8574,0.1733,CTIO_KMTC42,KMT(I),KMT
2510844.13906,20.3612,0.2154,CTIO_KMTC42,KMT(I),KMT
2510844.16292,19.9656,0.1421,CTIO_KMTC42,KMT(I),KMT
2510844.17985,20.0505,0.1619,CTIO_KMTC42,KMT(I),KMT
2510844.1977399997,20.3479,0.2116,CTIO_KMTC42,KMT(I),KMT
2510844.2147499993,20.1334,0.1411,CTIO_KMTC42,KMT(I),KMT
2510844.2352,20.0344,0.1424,CTIO_KMTC42,KMT(I),KMT
2510844.25918,20.4732,0.2455,CTIO_KMTC42,KMT(I),KMT
2510844.2778399996,19.9188,0.1434,CTIO_KMTC42,KMT(I),KMT
2510844.29583,20.3182,0.2164,CTIO_KMTC42,KMT(I),KMT
2510844.3128900006,20.2674,0.2191,CTIO_KMTC42,KMT(I),KMT
2510844.33132,20.7135,0.3336,CTIO_KMTC42,KMT(I),KMT
2510844.36054,20.6204,0.4035,CTIO_KMTC42,KMT(I),KMT
2510844.38179,20.1499,0.2002,CTIO_KMTC42,KMT(I),KMT
2510844.39167,20.1212,0.1991,CTIO_KMTC42,KMT(I),KMT
2510845.02546,19.9069,0.1967,CTIO_KMTC42,KMT(I),KMT
2510845.04232,18.5303,0.1472,CTIO_KMTC42,KMT(I),KMT
2510845.05937,19.7997,0.1278,CTIO_KMTC42,KMT(I),KMT
2510845.0792999994,20.185,0.191,CTIO_KMTC42,KMT(I),KMT
2510845.10843,20.014,0.1352,CTIO_KMTC42,KMT(I),KMT
2510845.12832,20.2119,0.1918,CTIO_KMTC42,KMT(I),KMT
2510845.1454600003,20.521,0.2277,CTIO_KMTC42,KMT(I),KMT
2510845.1628900003,19.9882,0.1436,CTIO_KMTC42,KMT(I),KMT
2510845.1804300006,20.1162,0.1752,CTIO_KMTC42,KMT(I),KMT
2510845.20044,20.1629,0.1492,CTIO_KMTC42,KMT(I),KMT
2510845.22561,20.4263,0.2003,CTIO_KMTC42,KMT(I),KMT
2510845.24278,20.3237,0.1795,CTIO_KMTC42,KMT(I),KMT
2510845.2615900002,20.1465,0.1617,CTIO_KMTC42,KMT(I),KMT
2510845.27848,20.0168,0.184,CTIO_KMTC42,KMT(I),KMT
2510845.3023700006,19.8761,0.1992,CTIO_KMTC42,KMT(I),KMT
2510845.3303200006,20.2731,0.2049,CTIO_KMTC42,KMT(I),KMT
2510845.34889,19.8034,0.1463,CTIO_KMTC42,KMT(I),KMT
2510845.3675800003,20.1904,0.3071,CTIO_KMTC42,KMT(I),KMT
2510845.38298,20.8648,0.4748,CTIO_KMTC42,KMT(I),KMT
2510846.0271300003,20.2482,0.2414,CTIO_KMTC42,KMT(I),KMT
2510846.05007,20.2216,0.1584,CTIO_KMTC42,KMT(I),KMT
2510846.0773799997,20.0618,0.1092,CTIO_KMTC42,KMT(I),KMT
2510846.09442,20.2871,0.1372,CTIO_KMTC42,KMT(I),KMT
2510846.1145200003,19.9669,0.0826,CTIO_KMTC42,KMT(I),KMT
2510846.1314000003,19.9623,0.0859,CTIO_KMTC42,KMT(I),KMT
2510846.15391,20.0329,0.1017,CTIO_KMTC42,KMT(I),KMT
2510846.1818199996,20.0919,0.1467,CTIO_KMTC42,KMT(I),KMT
2510846.19919,19.9009,0.1029,CTIO_KMTC42,KMT(I),KMT
2510846.2206800003,20.0682,0.1224,CTIO_KMTC42,KMT(I),KMT
2510846.2381100003,20.0729,0.1217,CTIO_KMTC42,KMT(I),KMT
2510846.2611999996,20.39,0.1768,CTIO_KMTC42,KMT(I),KMT
2510846.2830800004,20.154,0.4307,CTIO_KMTC42,KMT(I),KMT
2510846.31374,19.9936,0.1088,CTIO_KMTC42,KMT(I),KMT
2510846.3311899994,20.0044,0.1088,CTIO_KMTC42,KMT(I),KMT
2510846.34808,19.998,0.1199,CTIO_KMTC42,KMT(I),KMT
2510846.36369,20.0012,0.1327,CTIO_KMTC42,KMT(I),KMT
2510847.0241899993,20.2204,0.1933,CTIO_KMTC42,KMT(I),KMT
2510847.0409500003,19.9684,0.1238,CTIO_KMTC42,KMT(I),KMT
2510847.0616999995,20.1468,0.1596,CTIO_KMTC42,KMT(I),KMT
2510847.0872399993,20.2771,0.1337,CTIO_KMTC42,KMT(I),KMT
2510847.1039899997,20.0414,0.1616,CTIO_KMTC42,KMT(I),KMT
2510847.12263,20.0751,0.1162,CTIO_KMTC42,KMT(I),KMT
2510847.1405800004,19.9989,0.0935,CTIO_KMTC42,KMT(I),KMT
2510847.15938,20.2425,0.1142,CTIO_KMTC42,KMT(I),KMT
2510847.1866999995,20.1893,0.1221,CTIO_KMTC42,KMT(I),KMT
2510847.2039400004,20.5501,0.1573,CTIO_KMTC42,KMT(I),KMT
2510847.2068300005,20.0637,0.1228,CTIO_KMTC42,KMT(I),KMT
2510847.2224199995,20.3883,0.2075,CTIO_KMTC42,KMT(I),KMT
2510847.239,20.4049,0.178,CTIO_KMTC42,KMT(I),KMT
2510847.2555299997,20.098,0.1225,CTIO_KMTC42,KMT(I),KMT
2510847.2829400003,20.1362,0.1549,CTIO_KMTC42,KMT(I),KMT
2510847.30007,20.0954,0.1596,CTIO_KMTC42,KMT(I),KMT
2510847.31879,20.0436,0.1295,CTIO_KMTC42,KMT(I),KMT
2510847.33591,20.1086,0.1845,CTIO_KMTC42,KMT(I),KMT
2510847.3662599996,20.1572,0.1816,CTIO_KMTC42,KMT(I),KMT
2510848.0217700005,20.6337,0.3587,CTIO_KMTC42,KMT(I),KMT
2510848.0420200005,20.1381,0.1988,CTIO_KMTC42,KMT(I),KMT
2510848.06814,19.6872,0.3038,CTIO_KMTC42,KMT(I),KMT
2510848.08521,20.0687,0.1078,CTIO_KMTC42,KMT(I),KMT
2510848.10296,20.0589,0.1084,CTIO_KMTC42,KMT(I),KMT
2510848.11993,20.2763,0.1678,CTIO_KMTC42,KMT(I),KMT
2510848.14014,19.7157,0.2286,CTIO_KMTC42,KMT(I),KMT
2510848.17638,20.2442,0.2663,CTIO_KMTC42,KMT(I),KMT
2510848.1933500003,20.0625,0.4844,CTIO_KMTC42,KMT(I),KMT
2510848.2139599994,19.9977,0.1156,CTIO_KMTC42,KMT(I),KMT
2510848.23137,21.5274,1.5957,CTIO_KMTC42,KMT(I),KMT
2510848.2487700004,17.3267,8.8282,CTIO_KMTC42,KMT(I),KMT
2510848.2781000007,20.3637,0.2969,CTIO_KMTC42,KMT(I),KMT
2510848.29474,18.5778,0.4265,CTIO_KMTC42,KMT(I),KMT
2510848.3282900006,18.0624,1.7667,CTIO_KMTC42,KMT(I),KMT
2510848.34908,18.8434,0.1808,CTIO_KMTC42,KMT(I),KMT
2510849.01934,19.0319,0.1595,CTIO_KMTC42,KMT(I),KMT
2510849.0394599997,19.0002,0.121,CTIO_KMTC42,KMT(I),KMT
2510849.06525,19.1311,0.1319,CTIO_KMTC42,KMT(I),KMT
2510849.0823299997,19.3046,0.1156,CTIO_KMTC42,KMT(I),KMT
2510849.10274,19.9317,0.1581,CTIO_KMTC42,KMT(I),KMT
2510849.11983,20.0277,0.1902,CTIO_KMTC42,KMT(I),KMT
2510849.1423000004,18.0496,0.0474,CTIO_KMTC42,KMT(I),KMT
2510849.1663799994,20.2853,0.2865,CTIO_KMTC42,KMT(I),KMT
2510849.1828300003,19.366,0.1208,CTIO_KMTC42,KMT(I),KMT
2510849.1996,19.346,0.1098,CTIO_KMTC42,KMT(I),KMT
2510849.21712,19.3498,0.1095,CTIO_KMTC42,KMT(I),KMT
2510849.23391,19.9996,0.1616,CTIO_KMTC42,KMT(I),KMT
2510849.2628300004,19.4379,0.1036,CTIO_KMTC42,KMT(I),KMT
2510849.27938,19.8723,0.2092,CTIO_KMTC42,KMT(I),KMT
2510849.2995500006,19.7849,0.1635,CTIO_KMTC42,KMT(I),KMT
2510849.3165000007,20.0406,0.2108,CTIO_KMTC42,KMT(I),KMT
2510849.33299,19.3557,0.1282,CTIO_KMTC42,KMT(I),KMT
2510849.3493600003,18.7072,0.0833,CTIO_KMTC42,KMT(I),KMT
2510850.02891,20.1576,0.145,CTIO_KMTC42,KMT(I),KMT
2510850.0320999995,20.1149,0.149,CTIO_KMTC42,KMT(I),KMT
2510850.04753,19.9783,0.1155,CTIO_KMTC42,KMT(I),KMT
2510850.06403,20.4611,0.1904,CTIO_KMTC42,KMT(I),KMT
2510850.0805900004,20.3724,0.2259,CTIO_KMTC42,KMT(I),KMT
2510850.0975599997,20.1225,0.1069,CTIO_KMTC42,KMT(I),KMT
2510850.1002900004,19.9143,0.0857,CTIO_KMTC42,KMT(I),KMT
2510850.12342,20.2426,0.1228,CTIO_KMTC42,KMT(I),KMT
2510850.1504699998,20.0203,0.0838,CTIO_KMTC42,KMT(I),KMT
2510850.1533400007,20.1383,0.0984,CTIO_KMTC42,KMT(I),KMT
2510850.17016,20.0743,0.0961,CTIO_KMTC42,KMT(I),KMT
2510850.18757,20.047,0.0944,CTIO_KMTC42,KMT(I),KMT
2510850.20438,20.016,0.0759,CTIO_KMTC42,KMT(I),KMT
2510850.22466,20.041,0.0977,CTIO_KMTC42,KMT(I),KMT
2510850.24835,20.0104,0.1179,CTIO_KMTC42,KMT(I),KMT
2510850.26621,20.0831,0.1183,CTIO_KMTC42,KMT(I),KMT
2510850.2834900003,20.1257,0.1153,CTIO_KMTC42,KMT(I),KMT
2510850.3007699996,19.9932,0.1045,CTIO_KMTC42,KMT(I),KMT
2510850.31745,20.1041,0.1373,CTIO_KMTC42,KMT(I),KMT
2510850.3485199995,20.126,0.1721,CTIO_KMTC42,KMT(I),KMT
2510851.02829,19.9586,0.1438,CTIO_KMTC42,KMT(I),KMT
2510851.04552,20.0447,0.0927,CTIO_KMTC42,KMT(I),KMT
2510851.06666,19.9125,0.0766,CTIO_KMTC42,KMT(I),KMT
2510851.08316,20.0164,0.1032,CTIO_KMTC42,KMT(I),KMT
2510851.10013,20.0195,0.0917,CTIO_KMTC42,KMT(I),KMT
2510851.12741,20.1602,0.1014,CTIO_KMTC42,KMT(I),KMT
2510851.14425,19.9198,0.086,CTIO_KMTC42,KMT(I),KMT
2510851.1613500006,20.1954,0.1105,CTIO_KMTC42,KMT(I),KMT
2510851.17841,19.9411,0.098,CTIO_KMTC42,KMT(I),KMT
2510851.19585,19.8376,0.0935,CTIO_KMTC42,KMT(I),KMT
2510851.2162299994,20.4421,0.1854,CTIO_KMTC42,KMT(I),KMT
2510851.2395,20.4383,0.3253,CTIO_KMTC42,KMT(I),KMT
2510851.2591500003,19.9502,0.1109,CTIO_KMTC42,KMT(I),KMT
2510851.27668,20.3922,0.2865,CTIO_KMTC42,KMT(I),KMT
2510851.29299,19.7095,0.2069,CTIO_KMTC42,KMT(I),KMT
2510851.32073,19.8013,0.2849,CTIO_KMTC42,KMT(I),KMT
2510851.3444599994,20.2351,0.411,CTIO_KMTC42,KMT(I),KMT
2510853.0191099998,20.2716,0.2293,CTIO_KMTC42,KMT(I),KMT
2510853.0357600003,21.2337,0.76,CTIO_KMTC42,KMT(I),KMT
2510853.0526400004,20.4123,0.1961,CTIO_KMTC42,KMT(I),KMT
2510853.0692800004,20.1737,0.1487,CTIO_KMTC42,KMT(I),KMT
2510853.0865,20.1014,0.1316,CTIO_KMTC42,KMT(I),KMT
2510853.11398,20.2879,0.1216,CTIO_KMTC42,KMT(I),KMT
2510853.1307999995,20.3202,0.1393,CTIO_KMTC42,KMT(I),KMT
2510853.1544700004,20.1083,0.1068,CTIO_KMTC42,KMT(I),KMT
2510853.1766100004,19.9856,0.0936,CTIO_KMTC42,KMT(I),KMT
2510853.1936300006,20.126,0.1398,CTIO_KMTC42,KMT(I),KMT
2510853.22049,20.1711,0.1193,CTIO_KMTC42,KMT(I),KMT
2510853.23735,20.3114,0.1654,CTIO_KMTC42,KMT(I),KMT
2510853.2586400006,20.4702,0.1636,CTIO_KMTC42,KMT(I),KMT
2510853.27501,20.1052,0.1366,CTIO_KMTC42,KMT(I),KMT
2510853.29277,20.0144,0.1073,CTIO_KMTC42,KMT(I),KMT
2510853.31429,19.9927,0.1054,CTIO_KMTC42,KMT(I),KMT
2510853.3479200006,20.4192,0.1766,CTIO_KMTC42,KMT(I),KMT
2510854.0085199997,20.1345,0.2214,CTIO_KMTC42,KMT(I),KMT
2510854.0283499993,20.4056,0.2309,CTIO_KMTC42,KMT(I),KMT
2510854.045,20.1255,0.1501,CTIO_KMTC42,KMT(I),KMT
2510854.0628900006,19.9686,0.1,CTIO_KMTC42,KMT(I),KMT
2510854.08431,19.8738,0.0872,CTIO_KMTC42,KMT(I),KMT
2510854.1088699996,20.1695,0.1062,CTIO_KMTC42,KMT(I),KMT
2510854.1276200004,20.1474,0.1036,CTIO_KMTC42,KMT(I),KMT
2510854.14504,20.1715,0.1154,CTIO_KMTC42,KMT(I),KMT
2510854.1647500005,20.0943,0.1191,CTIO_KMTC42,KMT(I),KMT
2510854.18126,20.0987,0.1393,CTIO_KMTC42,KMT(I),KMT
2510854.21557,20.052,0.094,CTIO_KMTC42,KMT(I),KMT
2510854.2322899997,20.4434,0.1747,CTIO_KMTC42,KMT(I),KMT
2510854.2494099997,20.3353,0.172,CTIO_KMTC42,KMT(I),KMT
2510854.2664800007,20.4425,0.1912,CTIO_KMTC42,KMT(I),KMT
2510854.28646,20.3359,0.2267,CTIO_KMTC42,KMT(I),KMT
2510854.31358,20.4343,0.1837,CTIO_KMTC42,KMT(I),KMT
2510854.33244,20.5272,0.2637,CTIO_KMTC42,KMT(I),KMT
2510854.3476400003,18.8048,0.2405,CTIO_KMTC42,KMT(I),KMT
2510854.9965899996,19.8906,0.3088,CTIO_KMTC42,KMT(I),KMT
2510855.0128499996,19.9854,0.2525,CTIO_KMTC42,KMT(I),KMT
2510855.0297500007,20.1198,0.2655,CTIO_KMTC42,KMT(I),KMT
2510855.0465900004,20.4499,0.3678,CTIO_KMTC42,KMT(I),KMT
2510855.0673200004,20.4688,0.3177,CTIO_KMTC42,KMT(I),KMT
2510855.0908400007,20.5144,0.2182,CTIO_KMTC42,KMT(I),KMT
2510855.1076299995,19.7924,0.1148,CTIO_KMTC42,KMT(I),KMT
2510855.1242500003,19.9886,0.1079,CTIO_KMTC42,KMT(I),KMT
2510855.14073,20.1225,0.1293,CTIO_KMTC42,KMT(I),KMT
2510855.1449100003,20.222,0.1578,CTIO_KMTC42,KMT(I),KMT
2510855.16732,20.5738,0.2255,CTIO_KMTC42,KMT(I),KMT
2510855.2033,20.169,0.1765,CTIO_KMTC42,KMT(I),KMT
2510855.2215,21.6682,1.1267,CTIO_KMTC42,KMT(I),KMT
2510855.23807,20.2461,0.1802,CTIO_KMTC42,KMT(I),KMT
2510855.2407600004,19.6306,0.1231,CTIO_KMTC42,KMT(I),KMT
2510855.25717,20.0319,0.2107,CTIO_KMTC42,KMT(I),KMT
2510855.27537,20.179,0.212,CTIO_KMTC42,KMT(I),KMT
2510855.30265,19.8849,0.139,CTIO_KMTC42,KMT(I),KMT
2510855.31922,20.1913,0.2322,CTIO_KMTC42,KMT(I),KMT
2510855.3359200004,19.1698,0.09,CTIO_KMTC42,KMT(I),KMT
2510855.3498,18.6396,0.075,CTIO_KMTC42,KMT(I),KMT
2510856.0059699994,19.3909,0.2501,CTIO_KMTC42,KMT(I),KMT
2510856.0100999996,20.126,0.173,CTIO_KMTC42,KMT(I),KMT
2510856.0129700005,20.6361,0.2648,CTIO_KMTC42,KMT(I),KMT
2510856.0306400005,19.9662,0.1099,CTIO_KMTC42,KMT(I),KMT
2510856.04933,20.3389,0.1561,CTIO_KMTC42,KMT(I),KMT
2510856.0701,20.2021,0.1114,CTIO_KMTC42,KMT(I),KMT
2510856.09344,20.1102,0.0875,CTIO_KMTC42,KMT(I),KMT
2510856.1102799997,20.295,0.1544,CTIO_KMTC42,KMT(I),KMT
2510856.114,19.9255,0.1159,CTIO_KMTC42,KMT(I),KMT
2510856.1307299994,19.8273,0.0771,CTIO_KMTC42,KMT(I),KMT
2510856.14869,20.1567,0.0933,CTIO_KMTC42,KMT(I),KMT
2510856.17377,20.1466,0.1022,CTIO_KMTC42,KMT(I),KMT
2510856.1973,19.9019,0.083,CTIO_KMTC42,KMT(I),KMT
2510856.21416,20.3804,0.1728,CTIO_KMTC42,KMT(I),KMT
2510856.23185,20.2707,0.1238,CTIO_KMTC42,KMT(I),KMT
2510856.2499199994,20.1511,0.1188,CTIO_KMTC42,KMT(I),KMT
2510856.2665800005,20.0226,0.1028,CTIO_KMTC42,KMT(I),KMT
2510856.29498,19.8817,0.0974,CTIO_KMTC42,KMT(I),KMT
2510856.31341,20.5433,0.1822,CTIO_KMTC42,KMT(I),KMT
2510856.32991,20.0579,0.1602,CTIO_KMTC42,KMT(I),KMT
2510856.3479200006,20.4659,0.2363,CTIO_KMTC42,KMT(I),KMT
2510857.1397900004,20.9016,0.7876,CTIO_KMTC42,KMT(I),KMT
2510857.1565700006,19.9498,0.1758,CTIO_KMTC42,KMT(I),KMT
2510857.18552,19.9929,0.0885,CTIO_KMTC42,KMT(I),KMT
2510857.20534,19.9837,0.0894,CTIO_KMTC42,KMT(I),KMT
2510857.2255000006,20.1641,0.1118,CTIO_KMTC42,KMT(I),KMT
2510857.2418600004,20.1165,0.1183,CTIO_KMTC42,KMT(I),KMT
2510857.25908,20.1912,0.1273,CTIO_KMTC42,KMT(I),KMT
2510857.2793000005,20.0158,0.1077,CTIO_KMTC42,KMT(I),KMT
2510857.3038100004,20.0975,0.1879,CTIO_KMTC42,KMT(I),KMT
2510857.32223,20.2652,0.1579,CTIO_KMTC42,KMT(I),KMT
2510857.33902,20.1546,0.1688,CTIO_KMTC42,KMT(I),KMT
2510857.34899,20.6191,0.2768,CTIO_KMTC42,KMT(I),KMT
2510857.98869,19.6287,0.1463,CTIO_KMTC42,KMT(I),KMT
2510858.0079500005,20.2837,0.557,CTIO_KMTC42,KMT(I),KMT
2510858.0342999995,20.638,0.6529,CTIO_KMTC42,KMT(I),KMT
2510858.0908499993,20.7592,0.7907,CTIO_KMTC42,KMT(I),KMT
2510858.10735,20.2057,0.4736,CTIO_KMTC42,KMT(I),KMT
2510858.1297500003,20.1338,0.4136,CTIO_KMTC42,KMT(I),KMT
2510858.1643700004,20.3585,0.1685,CTIO_KMTC42,KMT(I),KMT
2510858.18454,19.9479,0.1817,CTIO_KMTC42,KMT(I),KMT
2510858.2019100003,19.8733,0.2864,CTIO_KMTC42,KMT(I),KMT
2510858.21935,20.4844,0.2319,CTIO_KMTC42,KMT(I),KMT
2510858.25767,20.1582,0.1771,CTIO_KMTC42,KMT(I),KMT
2510858.2891499996,20.2246,0.1583,CTIO_KMTC42,KMT(I),KMT
2510858.3060999997,19.6882,0.1275,CTIO_KMTC42,KMT(I),KMT
2510858.3453899994,20.0736,0.1605,CTIO_KMTC42,KMT(I),KMT
2510858.98661,20.1907,0.1397,CTIO_KMTC42,KMT(I),KMT
2510859.00426,19.909,0.0963,CTIO_KMTC42,KMT(I),KMT
2510859.02094,20.2667,0.1685,CTIO_KMTC42,KMT(I),KMT
2510859.04139,19.8904,0.1185,CTIO_KMTC42,KMT(I),KMT
2510859.0651900005,20.2325,0.1592,CTIO_KMTC42,KMT(I),KMT
2510859.0819000006,20.1343,0.1612,CTIO_KMTC42,KMT(I),KMT
2510859.09849,20.0885,0.1142,CTIO_KMTC42,KMT(I),KMT
2510859.11563,20.1501,0.2868,CTIO_KMTC42,KMT(I),KMT
2510859.13968,20.1646,0.1096,CTIO_KMTC42,KMT(I),KMT
2510859.1768200006,20.086,0.091,CTIO_KMTC42,KMT(I),KMT
2510859.2119500004,19.976,0.083,CTIO_KMTC42,KMT(I),KMT
2510859.2288000006,19.9847,0.0795,CTIO_KMTC42,KMT(I),KMT
2510859.24582,20.1304,0.1231,CTIO_KMTC42,KMT(I),KMT
2510859.2659099996,20.0882,0.1091,CTIO_KMTC42,KMT(I),KMT
2510859.2932200003,19.5266,0.1273,CTIO_KMTC42,KMT(I),KMT
2510859.3102,19.4819,0.1059,CTIO_KMTC42,KMT(I),KMT
2510859.3133199997,19.6799,0.1299,CTIO_KMTC42,KMT(I),KMT
2510859.32895,19.7899,0.1397,CTIO_KMTC42,KMT(I),KMT
2510859.34425,19.6502,0.1409,CTIO_KMTC42,KMT(I),KMT
2510859.9966199994,20.105,0.1867,CTIO_KMTC42,KMT(I),KMT
2510860.03249,20.2541,0.1577,CTIO_KMTC42,KMT(I),KMT
2510860.06128,20.2485,0.1774,CTIO_KMTC42,KMT(I),KMT
2510860.08259,20.083,0.1096,CTIO_KMTC42,KMT(I),KMT
2510860.0992399994,20.2425,0.1176,CTIO_KMTC42,KMT(I),KMT
2510860.11615,20.1057,0.1214,CTIO_KMTC42,KMT(I),KMT
2510860.13334,20.0084,0.1178,CTIO_KMTC42,KMT(I),KMT
2510860.15412,20.1642,0.146,CTIO_KMTC42,KMT(I),KMT
2510860.1793399993,20.472,0.2553,CTIO_KMTC42,KMT(I),KMT
2510860.1965200007,20.2236,0.1171,CTIO_KMTC42,KMT(I),KMT
2510860.2135499995,19.8618,0.1029,CTIO_KMTC42,KMT(I),KMT
2510860.2320600003,20.0569,0.1092,CTIO_KMTC42,KMT(I),KMT
2510860.2520899996,20.3733,0.5856,CTIO_KMTC42,KMT(I),KMT
2510860.25574,20.0129,0.2648,CTIO_KMTC42,KMT(I),KMT
2510860.2806899995,19.17,0.0821,CTIO_KMTC42,KMT(I),KMT
2510860.2843900006,19.577,0.1079,CTIO_KMTC42,KMT(I),KMT
2510860.30153,19.6003,0.1164,CTIO_KMTC42,KMT(I),KMT
2510860.3188000005,19.5378,0.1103,CTIO_KMTC42,KMT(I),KMT
2510860.3381699994,19.19,0.09,CTIO_KMTC42,KMT(I),KMT
2510861.0046500005,19.8416,0.1172,CTIO_KMTC42,KMT(I),KMT
2510861.0214799996,20.0619,0.1362,CTIO_KMTC42,KMT(I),KMT
2510861.06852,20.0048,0.0962,CTIO_KMTC42,KMT(I),KMT
2510861.0852700006,20.011,0.0916,CTIO_KMTC42,KMT(I),KMT
2510861.1123600006,19.8474,0.0761,CTIO_KMTC42,KMT(I),KMT
2510861.12923,20.1194,0.1051,CTIO_KMTC42,KMT(I),KMT
2510861.14614,20.0463,0.118,CTIO_KMTC42,KMT(I),KMT
2510861.1794099994,20.1202,0.1179,CTIO_KMTC42,KMT(I),KMT
2510861.1960499994,20.2066,0.1596,CTIO_KMTC42,KMT(I),KMT
2510861.2127800006,20.3369,0.2629,CTIO_KMTC42,KMT(I),KMT
2510861.22951,20.4283,0.3028,CTIO_KMTC42,KMT(I),KMT
2510861.24682,19.9759,0.1563,CTIO_KMTC42,KMT(I),KMT
2510861.2674899995,20.492,0.3423,CTIO_KMTC42,KMT(I),KMT
2510861.2913099993,19.6957,0.132,CTIO_KMTC42,KMT(I),KMT
2510861.31494,19.1604,0.0932,CTIO_KMTC42,KMT(I),KMT
2510861.33168,19.1501,0.0953,CTIO_KMTC42,KMT(I),KMT
2510861.3475,19.2046,0.0903,CTIO_KMTC42,KMT(I),KMT
2510861.99084,19.0344,0.3236,CTIO_KMTC42,KMT(I),KMT
2510862.0079699997,19.7439,1.8046,CTIO_KMTC42,KMT(I),KMT
2510862.0657100007,18.9296,0.9927,CTIO_KMTC42,KMT(I),KMT
2510862.08254,20.3366,0.2356,CTIO_KMTC42,KMT(I),KMT
2510862.0990900006,19.6319,0.1515,CTIO_KMTC42,KMT(I),KMT
2510862.1157799996,19.637,0.121,CTIO_KMTC42,KMT(I),KMT
2510862.13289,20.2302,0.1642,CTIO_KMTC42,KMT(I),KMT
2510862.1627399996,20.6534,0.3018,CTIO_KMTC42,KMT(I),KMT
2510862.1659200005,20.1908,0.1722,CTIO_KMTC42,KMT(I),KMT
2510862.18298,20.1942,0.1662,CTIO_KMTC42,KMT(I),KMT
2510862.1997999996,20.5835,0.2444,CTIO_KMTC42,KMT(I),KMT
2510862.21634,20.0955,0.1937,CTIO_KMTC42,KMT(I),KMT
2510862.2335400004,19.9218,0.2463,CTIO_KMTC42,KMT(I),KMT
2510862.25378,19.7942,0.1632,CTIO_KMTC42,KMT(I),KMT
2510862.27754,19.3078,0.1156,CTIO_KMTC42,KMT(I),KMT
2510862.29478,18.9945,0.1039,CTIO_KMTC42,KMT(I),KMT
2510862.3133300003,19.2034,0.139,CTIO_KMTC42,KMT(I),KMT
2510862.3333800007,21.4895,1.218,CTIO_KMTC42,KMT(I),KMT
2510862.9816699997,19.9871,0.27,CTIO_KMTC42,KMT(I),KMT
2510863.00244,20.6563,0.4506,CTIO_KMTC42,KMT(I),KMT
2510863.0262599997,20.1807,0.247,CTIO_KMTC42,KMT(I),KMT
2510863.0428800005,19.8252,0.1631,CTIO_KMTC42,KMT(I),KMT
2510863.05942,20.0638,0.1855,CTIO_KMTC42,KMT(I),KMT
2510863.0761200003,20.5625,0.289,CTIO_KMTC42,KMT(I),KMT
2510863.09325,21.0547,0.534,CTIO_KMTC42,KMT(I),KMT
2510863.1218800005,20.4995,0.2173,CTIO_KMTC42,KMT(I),KMT
2510863.13884,20.0877,0.1413,CTIO_KMTC42,KMT(I),KMT
2510863.1557100005,20.0787,0.2163,CTIO_KMTC42,KMT(I),KMT
2510863.1730700005,20.2539,0.1971,CTIO_KMTC42,KMT(I),KMT
2510863.19305,19.9766,0.1647,CTIO_KMTC42,KMT(I),KMT
2510863.22073,20.4009,0.2402,CTIO_KMTC42,KMT(I),KMT
2510863.2388499994,20.2718,0.2115,CTIO_KMTC42,KMT(I),KMT
2510863.2555299997,21.1114,0.6059,CTIO_KMTC42,KMT(I),KMT
2510863.27216,20.327,0.2669,CTIO_KMTC42,KMT(I),KMT
2510863.29062,19.8256,0.148,CTIO_KMTC42,KMT(I),KMT
2510863.3126599994,20.3051,0.2722,CTIO_KMTC42,KMT(I),KMT
2510863.33364,20.3238,0.3751,CTIO_KMTC42,KMT(I),KMT
2510863.9748299997,20.927,1.0426,CTIO_KMTC42,KMT(I),KMT
2510864.00332,19.9893,0.3361,CTIO_KMTC42,KMT(I),KMT
2510864.0204300005,20.0571,0.2429,CTIO_KMTC42,KMT(I),KMT
2510864.03732,19.9776,0.2288,CTIO_KMTC42,KMT(I),KMT
2510864.0541900005,20.4045,0.3088,CTIO_KMTC42,KMT(I),KMT
2510864.07696,19.7571,0.1291,CTIO_KMTC42,KMT(I),KMT
2510864.1032599993,20.3443,0.2311,CTIO_KMTC42,KMT(I),KMT
2510864.12007,20.1016,0.1713,CTIO_KMTC42,KMT(I),KMT
2510864.13915,19.9238,0.1295,CTIO_KMTC42,KMT(I),KMT
2510864.15613,20.6544,0.3905,CTIO_KMTC42,KMT(I),KMT
2510864.17265,20.5282,0.3433,CTIO_KMTC42,KMT(I),KMT
2510864.2031699996,20.1268,0.2371,CTIO_KMTC42,KMT(I),KMT
2510864.21994,19.9063,0.2082,CTIO_KMTC42,KMT(I),KMT
2510864.2364,20.6278,0.4129,CTIO_KMTC42,KMT(I),KMT
2510864.2532400005,19.7812,0.1705,CTIO_KMTC42,KMT(I),KMT
2510864.2701399997,19.7764,0.185,CTIO_KMTC42,KMT(I),KMT
2510864.2973800004,19.8023,0.1431,CTIO_KMTC42,KMT(I),KMT
2510864.32027,19.8399,0.1499,CTIO_KMTC42,KMT(I),KMT
2510865.99715,19.3235,0.2619,CTIO_KMTC42,KMT(I),KMT
2510866.02635,19.5952,0.3942,CTIO_KMTC42,KMT(I),KMT
2510866.0614100005,19.5494,0.3327,CTIO_KMTC42,KMT(I),KMT
2510866.07845,19.6555,0.333,CTIO_KMTC42,KMT(I),KMT
2510866.09531,19.8091,0.3882,CTIO_KMTC42,KMT(I),KMT
2510866.1142800003,19.9782,0.4951,CTIO_KMTC42,KMT(I),KMT
2510866.1321900003,20.1345,0.5506,CTIO_KMTC42,KMT(I),KMT
2510866.1506900005,21.2095,2.543,CTIO_KMTC42,KMT(I),KMT
2510866.1675700005,19.8105,0.4177,CTIO_KMTC42,KMT(I),KMT
2510866.18461,20.1326,0.5334,CTIO_KMTC42,KMT(I),KMT
2510866.2048700005,20.225,0.7317,CTIO_KMTC42,KMT(I),KMT
2510866.2290400006,20.417,0.733,CTIO_KMTC42,KMT(I),KMT
2510866.24603,20.0251,0.5574,CTIO_KMTC42,KMT(I),KMT
2510866.26322,19.6779,0.4135,CTIO_KMTC42,KMT(I),KMT
2510866.2966600005,20.0636,0.8945,CTIO_KMTC42,KMT(I),KMT
2510866.3290999997,20.4541,1.1625,CTIO_KMTC42,KMT(I),KMT
2510866.98149,20.3392,0.3717,CTIO_KMTC42,KMT(I),KMT
2510866.9980999995,20.0013,0.2259,CTIO_KMTC42,KMT(I),KMT
2510867.0151000004,20.0251,0.2136,CTIO_KMTC42,KMT(I),KMT
2510867.03359,19.935,0.224,CTIO_KMTC42,KMT(I),KMT
2510867.05088,20.6326,0.4643,CTIO_KMTC42,KMT(I),KMT
2510867.08117,20.5098,0.4227,CTIO_KMTC42,KMT(I),KMT
2510867.0986199994,20.1177,0.2557,CTIO_KMTC42,KMT(I),KMT
2510867.11592,20.4841,0.3539,CTIO_KMTC42,KMT(I),KMT
2510867.1331,19.872,0.1674,CTIO_KMTC42,KMT(I),KMT
2510867.1529900003,19.9396,0.1465,CTIO_KMTC42,KMT(I),KMT
2510867.17358,20.0316,0.1591,CTIO_KMTC42,KMT(I),KMT
2510867.1993000004,20.1503,0.1941,CTIO_KMTC42,KMT(I),KMT
2510867.20299,20.067,0.2191,CTIO_KMTC42,KMT(I),KMT
2510867.2064200006,20.1644,0.2067,CTIO_KMTC42,KMT(I),KMT
2510867.2233799994,19.9077,0.1672,CTIO_KMTC42,KMT(I),KMT
2510867.24036,20.3249,0.258,CTIO_KMTC42,KMT(I),KMT
2510867.25997,20.5424,0.367,CTIO_KMTC42,KMT(I),KMT
2510867.2809800003,20.429,0.3411,CTIO_KMTC42,KMT(I),KMT
2510867.30628,20.5707,0.6601,CTIO_KMTC42,KMT(I),KMT
2510867.3236800004,20.1956,0.3166,CTIO_KMTC42,KMT(I),KMT
2510867.97662,20.498,0.306,CTIO_KMTC42,KMT(I),KMT
2510868.0003200006,20.2542,0.2152,CTIO_KMTC42,KMT(I),KMT
2510868.01755,20.0175,0.1552,CTIO_KMTC42,KMT(I),KMT
2510868.03431,20.1589,0.1616,CTIO_KMTC42,KMT(I),KMT
2510868.06675,19.7636,0.1106,CTIO_KMTC42,KMT(I),KMT
2510868.0834800005,20.0145,0.1407,CTIO_KMTC42,KMT(I),KMT
2510868.10157,19.9794,0.1393,CTIO_KMTC42,KMT(I),KMT
2510868.1204000004,20.0252,0.1418,CTIO_KMTC42,KMT(I),KMT
2510868.1375900004,20.1076,0.1559,CTIO_KMTC42,KMT(I),KMT
2510868.16512,20.3173,0.2989,CTIO_KMTC42,KMT(I),KMT
2510868.1834699996,20.1721,0.179,CTIO_KMTC42,KMT(I),KMT
2510868.2006599996,20.3757,0.196,CTIO_KMTC42,KMT(I),KMT
2510868.21798,20.0798,0.1551,CTIO_KMTC42,KMT(I),KMT
2510868.23496,20.0916,0.1636,CTIO_KMTC42,KMT(I),KMT
2510868.25569,20.0666,0.2215,CTIO_KMTC42,KMT(I),KMT
2510868.28158,19.4311,0.1045,CTIO_KMTC42,KMT(I),KMT
2510868.3004400004,20.8523,0.5704,CTIO_KMTC42,KMT(I),KMT
2510868.99376,20.007,0.1564,CTIO_KMTC42,KMT(I),KMT
2510869.0108000003,20.2279,0.1927,CTIO_KMTC42,KMT(I),KMT
2510869.03111,20.0853,0.147,CTIO_KMTC42,KMT(I),KMT
2510869.05911,20.1473,0.1481,CTIO_KMTC42,KMT(I),KMT
2510869.0756100006,19.8351,0.1093,CTIO_KMTC42,KMT(I),KMT
2510869.0798199996,19.8418,0.1272,CTIO_KMTC42,KMT(I),KMT
2510869.09408,20.1045,0.1139,CTIO_KMTC42,KMT(I),KMT
2510869.09779,19.9715,0.0993,CTIO_KMTC42,KMT(I),KMT
2510869.1187200006,19.9664,0.1173,CTIO_KMTC42,KMT(I),KMT
2510869.13576,19.9669,0.1082,CTIO_KMTC42,KMT(I),KMT
2510869.1625800002,20.0679,0.111,CTIO_KMTC42,KMT(I),KMT
2510869.1797400005,19.9657,0.1205,CTIO_KMTC42,KMT(I),KMT
2510869.1966699995,20.0126,0.1331,CTIO_KMTC42,KMT(I),KMT
2510869.21351,20.374,0.224,CTIO_KMTC42,KMT(I),KMT
2510869.2307399996,20.1195,0.1578,CTIO_KMTC42,KMT(I),KMT
2510869.25861,20.0517,0.1924,CTIO_KMTC42,KMT(I),KMT
2510869.2752599996,20.3062,0.237,CTIO_KMTC42,KMT(I),KMT
2510869.2927100006,20.5506,0.3812,CTIO_KMTC42,KMT(I),KMT
2510869.30965,19.8982,0.2097,CTIO_KMTC42,KMT(I),KMT
2510869.3200899996,20.3676,0.3781,CTIO_KMTC42,KMT(I),KMT
2510869.9621200003,20.6344,0.5448,CTIO_KMTC42,KMT(I),KMT
2510870.00055,19.7379,0.1786,CTIO_KMTC42,KMT(I),KMT
2510870.02097,20.5357,0.2465,CTIO_KMTC42,KMT(I),KMT
2510870.04517,19.9,0.1418,CTIO_KMTC42,KMT(I),KMT
2510870.0480899997,20.3869,0.1959,CTIO_KMTC42,KMT(I),KMT
2510870.0651900005,19.2042,0.0981,CTIO_KMTC42,KMT(I),KMT
2510870.0824100003,19.8943,0.1306,CTIO_KMTC42,KMT(I),KMT
2510870.09937,20.1239,0.1495,CTIO_KMTC42,KMT(I),KMT
2510870.1200399995,20.0783,0.2092,CTIO_KMTC42,KMT(I),KMT
2510870.15494,20.1871,0.1285,CTIO_KMTC42,KMT(I),KMT
2510870.17605,20.284,0.1248,CTIO_KMTC42,KMT(I),KMT
2510870.19302,20.0691,0.1016,CTIO_KMTC42,KMT(I),KMT
2510870.2100300007,20.4118,0.1804,CTIO_KMTC42,KMT(I),KMT
2510870.2269899994,20.2873,0.1322,CTIO_KMTC42,KMT(I),KMT
2510870.2545,20.4778,0.1942,CTIO_KMTC42,KMT(I),KMT
2510870.2714099996,19.873,0.4998,CTIO_KMTC42,KMT(I),KMT
2510870.28837,20.0208,0.2041,CTIO_KMTC42,KMT(I),KMT
2510870.3137500007,19.9801,0.2378,CTIO_KMTC42,KMT(I),KMT
2510870.97368,20.5435,0.3771,CTIO_KMTC42,KMT(I),KMT
2510871.01439,19.8749,3.2127,CTIO_KMTC42,KMT(I),KMT
2510871.97219,19.7433,0.4632,CTIO_KMTC42,KMT(I),KMT
2510872.02788,20.4442,0.5599,CTIO_KMTC42,KMT(I),KMT
2510872.0475699995,20.4132,0.1616,CTIO_KMTC42,KMT(I),KMT
2510872.06824,20.1148,0.1081,CTIO_KMTC42,KMT(I),KMT
2510872.0934800003,20.3228,0.1421,CTIO_KMTC42,KMT(I),KMT
2510872.1100500003,19.8713,0.0805,CTIO_KMTC42,KMT(I),KMT
2510872.12717,20.1855,0.1305,CTIO_KMTC42,KMT(I),KMT
2510872.14398,20.0905,0.0854,CTIO_KMTC42,KMT(I),KMT
2510872.1624800004,20.0514,0.0976,CTIO_KMTC42,KMT(I),KMT
2510872.18989,20.2184,0.1068,CTIO_KMTC42,KMT(I),KMT
2510872.2082400005,20.1301,0.1077,CTIO_KMTC42,KMT(I),KMT
2510872.21105,20.1461,0.1172,CTIO_KMTC42,KMT(I),KMT
2510872.22946,20.1829,0.1532,CTIO_KMTC42,KMT(I),KMT
2510872.24637,20.3507,0.1786,CTIO_KMTC42,KMT(I),KMT
2510872.2635900006,20.5886,0.2898,CTIO_KMTC42,KMT(I),KMT
2510872.29098,20.4356,0.2975,CTIO_KMTC42,KMT(I),KMT
2510872.3082599994,19.3691,0.1195,CTIO_KMTC42,KMT(I),KMT
2510872.99694,20.0904,0.1521,CTIO_KMTC42,KMT(I),KMT
2510873.01382,20.3084,0.1339,CTIO_KMTC42,KMT(I),KMT
2510873.0311900005,20.0178,0.1021,CTIO_KMTC42,KMT(I),KMT
2510873.04969,20.2787,0.1459,CTIO_KMTC42,KMT(I),KMT
2510873.0726299994,20.1393,0.1323,CTIO_KMTC42,KMT(I),KMT
2510873.0964599997,20.1555,0.1009,CTIO_KMTC42,KMT(I),KMT
2510873.1130800005,19.9787,0.1014,CTIO_KMTC42,KMT(I),KMT
2510873.13224,20.5815,0.3399,CTIO_KMTC42,KMT(I),KMT
2510873.14932,20.0023,0.102,CTIO_KMTC42,KMT(I),KMT
2510873.1712500006,19.9189,0.091,CTIO_KMTC42,KMT(I),KMT
2510873.19694,20.1062,0.1139,CTIO_KMTC42,KMT(I),KMT
2510873.2188,20.2944,0.1363,CTIO_KMTC42,KMT(I),KMT
2510873.23513,20.1071,0.1181,CTIO_KMTC42,KMT(I),KMT
2510873.2521199994,20.459,0.1842,CTIO_KMTC42,KMT(I),KMT
2510873.26882,19.5112,0.1082,CTIO_KMTC42,KMT(I),KMT
2510873.2959000003,19.7079,0.1216,CTIO_KMTC42,KMT(I),KMT
2510873.3059400003,19.6224,0.2208,CTIO_KMTC42,KMT(I),KMT
2510873.9859299995,20.2104,0.1392,CTIO_KMTC42,KMT(I),KMT
2510874.00289,20.0832,0.1139,CTIO_KMTC42,KMT(I),KMT
2510874.0195199996,20.515,0.2284,CTIO_KMTC42,KMT(I),KMT
2510874.03751,20.1263,0.1176,CTIO_KMTC42,KMT(I),KMT
2510874.0540699996,19.987,0.1117,CTIO_KMTC42,KMT(I),KMT
2510874.0817600004,20.1289,0.1189,CTIO_KMTC42,KMT(I),KMT
2510874.0984499995,20.0574,0.1051,CTIO_KMTC42,KMT(I),KMT
2510874.1159000006,20.0644,0.1004,CTIO_KMTC42,KMT(I),KMT
2510874.13552,20.1557,0.1339,CTIO_KMTC42,KMT(I),KMT
2510874.1588000003,19.9926,0.1034,CTIO_KMTC42,KMT(I),KMT
2510874.1804300006,20.009,0.0935,CTIO_KMTC42,KMT(I),KMT
2510874.2045300007,20.1888,0.1342,CTIO_KMTC42,KMT(I),KMT
2510874.22107,20.3068,0.2056,CTIO_KMTC42,KMT(I),KMT
2510874.2394699994,20.1842,0.1362,CTIO_KMTC42,KMT(I),KMT
2510874.2563300002,19.1443,0.0959,CTIO_KMTC42,KMT(I),KMT
2510874.2769399993,18.6103,0.0867,CTIO_KMTC42,KMT(I),KMT
2510874.30287,19.0484,0.1061,CTIO_KMTC42,KMT(I),KMT
2510875.00961,19.9164,0.1023,CTIO_KMTC42,KMT(I),KMT
2510875.0261700004,20.1827,0.1481,CTIO_KMTC42,KMT(I),KMT
2510875.0466300007,19.9117,0.0948,CTIO_KMTC42,KMT(I),KMT
2510875.06369,20.109,0.1124,CTIO_KMTC42,KMT(I),KMT
2510875.0850300007,20.0432,0.099,CTIO_KMTC42,KMT(I),KMT
2510875.1158799995,20.0378,0.1009,CTIO_KMTC42,KMT(I),KMT
2510875.1329500005,20.1778,0.1151,CTIO_KMTC42,KMT(I),KMT
2510875.1357700005,20.2113,0.1112,CTIO_KMTC42,KMT(I),KMT
2510875.1525100004,19.9687,0.0981,CTIO_KMTC42,KMT(I),KMT
2510875.1721899994,20.1504,0.1015,CTIO_KMTC42,KMT(I),KMT
2510875.18889,20.0408,0.1042,CTIO_KMTC42,KMT(I),KMT
2510875.2159899995,19.9719,0.1034,CTIO_KMTC42,KMT(I),KMT
2510875.234,20.135,0.126,CTIO_KMTC42,KMT(I),KMT
2510875.25108,19.8728,0.1455,CTIO_KMTC42,KMT(I),KMT
2510875.27365,19.8392,0.1421,CTIO_KMTC42,KMT(I),KMT
2510875.29091,19.6651,0.1301,CTIO_KMTC42,KMT(I),KMT
2510875.3049,19.4596,0.1109,CTIO_KMTC42,KMT(I),KMT
2510875.99881,20.1992,0.1107,CTIO_KMTC42,KMT(I),KMT
2510876.02322,19.9643,0.1075,CTIO_KMTC42,KMT(I),KMT
2510876.0402000006,19.9067,0.0849,CTIO_KMTC42,KMT(I),KMT
2510876.0588799994,20.2076,0.1017,CTIO_KMTC42,KMT(I),KMT
2510876.0757800005,20.1378,0.093,CTIO_KMTC42,KMT(I),KMT
2510876.09791,20.0426,0.0849,CTIO_KMTC42,KMT(I),KMT
2510876.1234600004,20.1363,0.0897,CTIO_KMTC42,KMT(I),KMT
2510876.1262999997,20.0993,0.0898,CTIO_KMTC42,KMT(I),KMT
2510876.14288,19.9487,0.0759,CTIO_KMTC42,KMT(I),KMT
2510876.1613500006,20.2747,0.1354,CTIO_KMTC42,KMT(I),KMT
2510876.17872,20.2751,0.1116,CTIO_KMTC42,KMT(I),KMT
2510876.19534,20.1053,0.0996,CTIO_KMTC42,KMT(I),KMT
2510876.2222799994,19.9592,0.0826,CTIO_KMTC42,KMT(I),KMT
2510876.24275,19.571,0.1055,CTIO_KMTC42,KMT(I),KMT
2510876.2596899997,19.8663,0.1445,CTIO_KMTC42,KMT(I),KMT
2510876.26413,19.9623,0.1518,CTIO_KMTC42,KMT(I),KMT
2510876.28101,19.537,0.1085,CTIO_KMTC42,KMT(I),KMT
2510876.2988399994,19.646,0.122,CTIO_KMTC42,KMT(I),KMT
2510876.9724499993,20.4409,0.2054,CTIO_KMTC42,KMT(I),KMT
2510877.0195499994,20.2679,0.1494,CTIO_KMTC42,KMT(I),KMT
2510877.0358499996,19.9995,0.0992,CTIO_KMTC42,KMT(I),KMT
2510877.05301,20.1301,0.1083,CTIO_KMTC42,KMT(I),KMT
2510877.06996,19.9108,0.1019,CTIO_KMTC42,KMT(I),KMT
2510877.0882399995,20.1691,0.1175,CTIO_KMTC42,KMT(I),KMT
2510877.10889,20.2479,0.279,CTIO_KMTC42,KMT(I),KMT
2510877.1127199996,20.1355,0.2446,CTIO_KMTC42,KMT(I),KMT
2510877.13655,20.0048,0.1129,CTIO_KMTC42,KMT(I),KMT
2510877.15472,20.016,0.1921,CTIO_KMTC42,KMT(I),KMT
2510877.1744,20.0812,0.2167,CTIO_KMTC42,KMT(I),KMT
2510877.19255,19.9997,0.1351,CTIO_KMTC42,KMT(I),KMT
2510877.21258,20.2681,0.2599,CTIO_KMTC42,KMT(I),KMT
2510877.2483399995,19.2126,0.104,CTIO_KMTC42,KMT(I),KMT
2510877.2654599994,20.0659,0.1447,CTIO_KMTC42,KMT(I),KMT
2510877.9897499997,20.2733,0.4739,CTIO_KMTC42,KMT(I),KMT
2510878.0295700002,20.0176,0.0857,CTIO_KMTC42,KMT(I),KMT
2510878.0573500004,20.1063,0.0881,CTIO_KMTC42,KMT(I),KMT
2510878.07424,19.9543,0.0671,CTIO_KMTC42,KMT(I),KMT
2510878.09392,19.9107,0.0813,CTIO_KMTC42,KMT(I),KMT
2510878.1108800005,20.2265,0.0949,CTIO_KMTC42,KMT(I),KMT
2510878.13114,19.9086,0.0722,CTIO_KMTC42,KMT(I),KMT
2510878.15135,20.0786,0.0873,CTIO_KMTC42,KMT(I),KMT
2510878.1749600004,20.0364,0.0817,CTIO_KMTC42,KMT(I),KMT
2510878.1953800004,20.0424,0.081,CTIO_KMTC42,KMT(I),KMT
2510878.2120900005,20.1851,0.0959,CTIO_KMTC42,KMT(I),KMT
2510878.2288000006,19.9901,0.1244,CTIO_KMTC42,KMT(I),KMT
2510878.25036,20.0694,0.1495,CTIO_KMTC42,KMT(I),KMT
2510878.2744999994,20.3485,0.2065,CTIO_KMTC42,KMT(I),KMT
2510878.2901799995,20.5393,0.4822,CTIO_KMTC42,KMT(I),KMT
2510879.00911,20.1165,0.1601,CTIO_KMTC42,KMT(I),KMT
2510879.02566,19.4533,0.2488,CTIO_KMTC42,KMT(I),KMT
2510879.04242,19.8568,0.147,CTIO_KMTC42,KMT(I),KMT
2510879.0698799994,20.083,0.0875,CTIO_KMTC42,KMT(I),KMT
2510879.0863000005,20.0111,0.0916,CTIO_KMTC42,KMT(I),KMT
2510879.1046200003,20.046,0.0785,CTIO_KMTC42,KMT(I),KMT
2510879.12148,19.9011,0.1415,CTIO_KMTC42,KMT(I),KMT
2510879.1381899994,19.92,0.17,CTIO_KMTC42,KMT(I),KMT
2510879.16486,20.081,0.0913,CTIO_KMTC42,KMT(I),KMT
2510879.18288,20.107,0.1309,CTIO_KMTC42,KMT(I),KMT
2510879.1996,20.1846,0.2659,CTIO_KMTC42,KMT(I),KMT
2510879.2159700003,19.7318,0.3308,CTIO_KMTC42,KMT(I),KMT
2510879.2325299997,19.8533,0.1945,CTIO_KMTC42,KMT(I),KMT
2510879.25308,20.8683,1.9428,CTIO_KMTC42,KMT(I),KMT
2510879.27697,19.0032,0.1253,CTIO_KMTC42,KMT(I),KMT
2510879.2895299997,19.264,0.3155,CTIO_KMTC42,KMT(I),KMT
2510879.96598,20.2631,0.3193,CTIO_KMTC42,KMT(I),KMT
2510879.9841300007,20.0083,0.1198,CTIO_KMTC42,KMT(I),KMT
2510880.0191200003,20.1502,0.1234,CTIO_KMTC42,KMT(I),KMT
2510880.03601,20.1926,0.1211,CTIO_KMTC42,KMT(I),KMT
2510880.0565300006,20.039,0.1019,CTIO_KMTC42,KMT(I),KMT
2510880.0798899997,20.3056,0.1331,CTIO_KMTC42,KMT(I),KMT
2510880.0963199995,20.0099,0.0926,CTIO_KMTC42,KMT(I),KMT
2510880.1129599996,20.2347,0.1108,CTIO_KMTC42,KMT(I),KMT
2510880.12961,20.0333,0.1029,CTIO_KMTC42,KMT(I),KMT
2510880.14642,20.1517,0.1336,CTIO_KMTC42,KMT(I),KMT
2510880.17461,20.0105,0.0968,CTIO_KMTC42,KMT(I),KMT
2510880.19099,20.369,0.17,CTIO_KMTC42,KMT(I),KMT
2510880.20742,20.0028,0.1009,CTIO_KMTC42,KMT(I),KMT
2510880.2241,20.1298,0.184,CTIO_KMTC42,KMT(I),KMT
2510880.24096,20.2015,0.1848,CTIO_KMTC42,KMT(I),KMT
2510880.2704799995,19.676,0.2923,CTIO_KMTC42,KMT(I),KMT
2510880.2872899994,21.1673,0.6912,CTIO_KMTC42,KMT(I),KMT
2510880.97944,20.1435,0.1912,CTIO_KMTC42,KMT(I),KMT
2510881.0129899997,20.1906,0.139,CTIO_KMTC42,KMT(I),KMT
2510881.03158,20.0943,0.1147,CTIO_KMTC42,KMT(I),KMT
2510881.05282,20.0934,0.1145,CTIO_KMTC42,KMT(I),KMT
2510881.07933,20.1477,0.0962,CTIO_KMTC42,KMT(I),KMT
2510881.0968500003,20.0467,0.0903,CTIO_KMTC42,KMT(I),KMT
2510881.11415,19.9265,0.0734,CTIO_KMTC42,KMT(I),KMT
2510881.13122,20.1185,0.0894,CTIO_KMTC42,KMT(I),KMT
2510881.15151,20.1153,0.1055,CTIO_KMTC42,KMT(I),KMT
2510881.17502,20.1356,0.1004,CTIO_KMTC42,KMT(I),KMT
2510881.1917700004,19.9624,0.0865,CTIO_KMTC42,KMT(I),KMT
2510881.20825,20.223,0.1334,CTIO_KMTC42,KMT(I),KMT
2510881.2250999995,20.1311,0.1174,CTIO_KMTC42,KMT(I),KMT
2510881.2418099996,20.198,0.1789,CTIO_KMTC42,KMT(I),KMT
2510881.27013,20.388,0.7728,CTIO_KMTC42,KMT(I),KMT
2510881.2868099995,20.4646,0.5088,CTIO_KMTC42,KMT(I),KMT
2510881.29944,19.2346,0.6214,CTIO_KMTC42,KMT(I),KMT
2510881.97367,20.1455,0.1275,CTIO_KMTC42,KMT(I),KMT
2510882.00693,20.0277,0.1342,CTIO_KMTC42,KMT(I),KMT
2510882.0236799996,20.0851,0.1191,CTIO_KMTC42,KMT(I),KMT
2510882.0508399997,20.0531,0.0838,CTIO_KMTC42,KMT(I),KMT
2510882.0693299994,20.0785,0.0877,CTIO_KMTC42,KMT(I),KMT
2510882.08598,20.0702,0.1016,CTIO_KMTC42,KMT(I),KMT
2510882.1027300004,20.1464,0.1056,CTIO_KMTC42,KMT(I),KMT
2510882.1193499994,20.0305,0.0973,CTIO_KMTC42,KMT(I),KMT
2510882.13994,20.0137,0.0929,CTIO_KMTC42,KMT(I),KMT
2510882.1638600007,19.9055,0.0749,CTIO_KMTC42,KMT(I),KMT
2510882.1806499995,19.9325,0.0863,CTIO_KMTC42,KMT(I),KMT
2510882.1976500005,20.0249,0.0897,CTIO_KMTC42,KMT(I),KMT
2510882.21469,19.7816,0.1335,CTIO_KMTC42,KMT(I),KMT
2510882.2356400006,20.583,0.2729,CTIO_KMTC42,KMT(I),KMT
2510882.2610599995,19.9829,0.2102,CTIO_KMTC42,KMT(I),KMT
2510882.2791,19.7615,0.7037,CTIO_KMTC42,KMT(I),KMT
2510882.2875999995,18.9514,0.618,CTIO_KMTC42,KMT(I),KMT
2510883.0846500006,16.1532,1.4128,CTIO_KMTC42,KMT(I),KMT
2510883.9709900003,20.7906,0.5319,CTIO_KMTC42,KMT(I),KMT
2510883.9883200005,20.2704,0.1638,CTIO_KMTC42,KMT(I),KMT
2510884.02267,20.0379,0.1357,CTIO_KMTC42,KMT(I),KMT
2510884.0500099994,20.3882,0.2661,CTIO_KMTC42,KMT(I),KMT
2510884.07111,20.4291,1.1699,CTIO_KMTC42,KMT(I),KMT
2510884.0879999995,19.747,0.1552,CTIO_KMTC42,KMT(I),KMT
2510884.2372900005,13.1848,0.4821,CTIO_KMTC42,KMT(I),KMT
2510884.9670400005,20.035,0.1545,CTIO_KMTC42,KMT(I),KMT
2510884.9839500003,20.0665,0.2052,CTIO_KMTC42,KMT(I),KMT
2510885.0187999997,20.116,0.1161,CTIO_KMTC42,KMT(I),KMT
2510885.0374299996,20.0796,0.1365,CTIO_KMTC42,KMT(I),KMT
2510885.0574900005,20.2692,0.1281,CTIO_KMTC42,KMT(I),KMT
2510885.0927300006,20.2212,0.1568,CTIO_KMTC42,KMT(I),KMT
2510885.1096899994,19.9107,0.0741,CTIO_KMTC42,KMT(I),KMT
2510885.1263800003,20.1716,0.0942,CTIO_KMTC42,KMT(I),KMT
2510885.14322,20.3146,0.1275,CTIO_KMTC42,KMT(I),KMT
2510885.1649399996,20.1126,0.0951,CTIO_KMTC42,KMT(I),KMT
2510885.1946900003,20.1894,0.1715,CTIO_KMTC42,KMT(I),KMT
2510885.2114499994,20.1336,0.1029,CTIO_KMTC42,KMT(I),KMT
2510885.2282299995,19.9286,0.1429,CTIO_KMTC42,KMT(I),KMT
2510885.2470200006,19.3984,0.1214,CTIO_KMTC42,KMT(I),KMT
2510885.26819,19.2827,0.1163,CTIO_KMTC42,KMT(I),KMT
2510886.0535199996,19.6299,0.564,CTIO_KMTC42,KMT(I),KMT
2510886.07006,19.9207,0.6456,CTIO_KMTC42,KMT(I),KMT
2510886.10485,19.9319,0.159,CTIO_KMTC42,KMT(I),KMT
2510886.12512,20.0634,0.0887,CTIO_KMTC42,KMT(I),KMT
2510886.1487600002,20.4138,4.2949,CTIO_KMTC42,KMT(I),KMT
2510886.1820100006,20.1221,0.4356,CTIO_KMTC42,KMT(I),KMT
2510886.2633500006,19.4244,0.1005,CTIO_KMTC42,KMT(I),KMT
2510886.97612,19.1075,1.1348,CTIO_KMTC42,KMT(I),KMT
2510890.99663,18.421,0.496,CTIO_KMTC42,KMT(I),KMT
2510891.0498600006,20.3621,1.2332,CTIO_KMTC42,KMT(I),KMT
2510891.0894600004,19.9839,0.615,CTIO_KMTC42,KMT(I),KMT
2510891.1967900004,19.7119,0.1628,CTIO_KMTC42,KMT(I),KMT
2510891.21363,19.753,0.1619,CTIO_KMTC42,KMT(I),KMT
2510891.23016,19.8003,0.3947,CTIO_KMTC42,KMT(I),KMT
2510891.2488199994,19.5408,0.6082,CTIO_KMTC42,KMT(I),KMT
2510891.97991,19.2781,0.477,CTIO_KMTC42,KMT(I),KMT
2510892.0174400005,20.1762,1.0297,CTIO_KMTC42,KMT(I),KMT
2510892.0878299996,18.7569,0.4798,CTIO_KMTC42,KMT(I),KMT
2510892.11458,19.3633,0.8709,CTIO_KMTC42,KMT(I),KMT
2510892.15078,19.0141,0.5233,CTIO_KMTC42,KMT(I),KMT
2510893.1396900006,20.0294,0.8335,CTIO_KMTC42,KMT(I),KMT
2510893.1593500003,20.0351,0.6804,CTIO_KMTC42,KMT(I),KMT
2510893.1771099996,19.3949,0.3183,CTIO_KMTC42,KMT(I),KMT
2510893.2085299995,19.8499,0.1539,CTIO_KMTC42,KMT(I),KMT
2510893.21992,20.4777,0.2463,CTIO_KMTC42,KMT(I),KMT
2510893.2312000003,19.4891,0.4718,CTIO_KMTC42,KMT(I),KMT
2510893.2567800004,19.7635,0.1436,CTIO_KMTC42,KMT(I),KMT
2510893.9695800003,19.9547,0.177,CTIO_KMTC42,KMT(I),KMT
2510893.99555,19.9493,0.146,CTIO_KMTC42,KMT(I),KMT
2510894.01277,19.9158,0.1752,CTIO_KMTC42,KMT(I),KMT
2510894.0309699997,20.0952,0.1648,CTIO_KMTC42,KMT(I),KMT
2510894.0479300003,20.0358,0.1732,CTIO_KMTC42,KMT(I),KMT
2510894.06468,20.1703,0.199,CTIO_KMTC42,KMT(I),KMT
2510894.0938799996,19.9521,0.1261,CTIO_KMTC42,KMT(I),KMT
2510894.1120100003,20.4459,0.2403,CTIO_KMTC42,KMT(I),KMT
2510894.1284599993,20.1412,0.1947,CTIO_KMTC42,KMT(I),KMT
2510894.14831,20.3549,0.2387,CTIO_KMTC42,KMT(I),KMT
2510894.1653000005,20.1178,0.1974,CTIO_KMTC42,KMT(I),KMT
2510894.1954999994,20.0973,0.231,CTIO_KMTC42,KMT(I),KMT
2510894.2139800005,20.1904,0.2708,CTIO_KMTC42,KMT(I),KMT
2510894.23128,20.5718,0.4641,CTIO_KMTC42,KMT(I),KMT
2510894.2492699996,20.2312,0.3587,CTIO_KMTC42,KMT(I),KMT
2510894.9829200003,20.2103,0.1978,CTIO_KMTC42,KMT(I),KMT
2510894.9996499997,20.3566,0.2346,CTIO_KMTC42,KMT(I),KMT
2510895.0248600002,19.9349,0.1307,CTIO_KMTC42,KMT(I),KMT
2510895.0488399994,20.0877,0.1741,CTIO_KMTC42,KMT(I),KMT
2510895.0655700006,19.645,0.1252,CTIO_KMTC42,KMT(I),KMT
2510895.08204,20.0397,0.1384,CTIO_KMTC42,KMT(I),KMT
2510895.0855,20.3721,0.1931,CTIO_KMTC42,KMT(I),KMT
2510895.1011999995,20.2829,0.1943,CTIO_KMTC42,KMT(I),KMT
2510895.12146,20.1164,0.1738,CTIO_KMTC42,KMT(I),KMT
2510895.16015,20.0301,0.1773,CTIO_KMTC42,KMT(I),KMT
2510895.17707,20.5634,0.3372,CTIO_KMTC42,KMT(I),KMT
2510895.1798100006,21.0237,0.5772,CTIO_KMTC42,KMT(I),KMT
2510895.19704,20.5243,0.3204,CTIO_KMTC42,KMT(I),KMT
2510895.21464,20.326,0.4174,CTIO_KMTC42,KMT(I),KMT
2510895.2329600006,20.1186,0.2994,CTIO_KMTC42,KMT(I),KMT
2510895.2443199996,20.3338,0.393,CTIO_KMTC42,KMT(I),KMT
2510895.97143,20.1522,0.2805,CTIO_KMTC42,KMT(I),KMT
2510895.99857,20.4151,0.2396,CTIO_KMTC42,KMT(I),KMT
2510896.01642,20.3288,0.1946,CTIO_KMTC42,KMT(I),KMT
2510896.01997,20.1942,0.1542,CTIO_KMTC42,KMT(I),KMT
2510896.0371400006,20.0138,0.194,CTIO_KMTC42,KMT(I),KMT
2510896.0583500005,20.0242,0.1319,CTIO_KMTC42,KMT(I),KMT
2510896.07589,20.0427,0.1605,CTIO_KMTC42,KMT(I),KMT
2510896.096,19.6477,0.3075,CTIO_KMTC42,KMT(I),KMT
2510896.1256799996,20.2463,0.2857,CTIO_KMTC42,KMT(I),KMT
2510896.16744,20.1145,0.1983,CTIO_KMTC42,KMT(I),KMT
2510896.1856500003,19.7841,0.1774,CTIO_KMTC42,KMT(I),KMT
2510896.1900699995,20.0023,0.2065,CTIO_KMTC42,KMT(I),KMT
2510896.2090600003,20.1404,0.2137,CTIO_KMTC42,KMT(I),KMT
2510896.23003,20.1703,0.3102,CTIO_KMTC42,KMT(I),KMT
2510896.2499700002,20.3655,0.3446,CTIO_KMTC42,KMT(I),KMT
2510896.9706699997,20.2094,0.1974,CTIO_KMTC42,KMT(I),KMT
2510896.99558,20.0831,0.1142,CTIO_KMTC42,KMT(I),KMT
2510897.0121299997,19.9466,0.8642,CTIO_KMTC42,KMT(I),KMT
2510897.2451099996,19.7737,0.138,CTIO_KMTC42,KMT(I),KMT
2510897.2478800006,19.639,0.1241,CTIO_KMTC42,KMT(I),KMT
2510897.9809600003,20.1458,0.0992,CTIO_KMTC42,KMT(I),KMT
2510897.99785,20.0719,0.0846,CTIO_KMTC42,KMT(I),KMT
2510898.01874,20.0877,0.1241,CTIO_KMTC42,KMT(I),KMT
2510898.0458700005,19.8549,0.1126,CTIO_KMTC42,KMT(I),KMT
2510898.0624899995,19.9829,0.1698,CTIO_KMTC42,KMT(I),KMT
2510898.1322300006,20.1122,0.1161,CTIO_KMTC42,KMT(I),KMT
2510898.1592299994,20.1769,0.1409,CTIO_KMTC42,KMT(I),KMT
2510898.1761,20.3715,0.1585,CTIO_KMTC42,KMT(I),KMT
2510898.19427,19.7851,0.2233,CTIO_KMTC42,KMT(I),KMT
2510898.21182,20.3561,0.1759,CTIO_KMTC42,KMT(I),KMT
2510898.23974,20.7641,0.2952,CTIO_KMTC42,KMT(I),KMT
2510898.9703599997,20.0548,0.1445,CTIO_KMTC42,KMT(I),KMT
2510899.0021400005,20.0557,0.0898,CTIO_KMTC42,KMT(I),KMT
2510899.06133,20.1041,0.0919,CTIO_KMTC42,KMT(I),KMT
2510899.0782200005,20.0871,0.1182,CTIO_KMTC42,KMT(I),KMT
2510899.0952499993,20.0981,0.0947,CTIO_KMTC42,KMT(I),KMT
2510899.11324,20.0481,0.1002,CTIO_KMTC42,KMT(I),KMT
2510899.1336199995,20.2942,0.2044,CTIO_KMTC42,KMT(I),KMT
2510899.1575099993,19.9565,0.2609,CTIO_KMTC42,KMT(I),KMT
2510899.17789,20.03,0.1067,CTIO_KMTC42,KMT(I),KMT
2510899.1991600003,19.4074,0.0994,CTIO_KMTC42,KMT(I),KMT
2510899.2170700002,19.5634,0.1122,CTIO_KMTC42,KMT(I),KMT
2510899.2344199996,19.6445,0.1107,CTIO_KMTC42,KMT(I),KMT
2510899.9801700003,20.0464,0.1124,CTIO_KMTC42,KMT(I),KMT
2510900.0381000005,20.1235,0.1091,CTIO_KMTC42,KMT(I),KMT
2510900.0549299996,20.1591,0.142,CTIO_KMTC42,KMT(I),KMT
2510900.07216,20.0225,0.0921,CTIO_KMTC42,KMT(I),KMT
2510900.08938,20.1329,0.1001,CTIO_KMTC42,KMT(I),KMT
2510900.10587,20.227,0.1301,CTIO_KMTC42,KMT(I),KMT
2510900.13652,20.1916,0.1151,CTIO_KMTC42,KMT(I),KMT
2510900.15343,20.4247,0.3103,CTIO_KMTC42,KMT(I),KMT
2510900.1699,19.8634,0.1197,CTIO_KMTC42,KMT(I),KMT
2510900.1873899996,20.0831,0.1741,CTIO_KMTC42,KMT(I),KMT
2510900.20735,19.8788,0.1362,CTIO_KMTC42,KMT(I),KMT
2510900.23271,20.0046,0.1337,CTIO_KMTC42,KMT(I),KMT
2510900.9733799994,20.147,0.1225,CTIO_KMTC42,KMT(I),KMT
2510900.9980299994,19.9044,0.0729,CTIO_KMTC42,KMT(I),KMT
2510901.0403000005,20.1753,0.1007,CTIO_KMTC42,KMT(I),KMT
2510901.0570100006,19.7701,0.0644,CTIO_KMTC42,KMT(I),KMT
2510901.0737299994,20.0651,0.0864,CTIO_KMTC42,KMT(I),KMT
2510901.09365,19.9504,0.0752,CTIO_KMTC42,KMT(I),KMT
2510901.11706,19.8942,0.0743,CTIO_KMTC42,KMT(I),KMT
2510901.1339800004,19.9014,0.0855,CTIO_KMTC42,KMT(I),KMT
2510901.1381599996,19.9439,0.0978,CTIO_KMTC42,KMT(I),KMT
2510901.1599700004,20.1906,0.1085,CTIO_KMTC42,KMT(I),KMT
2510901.17691,19.9945,0.099,CTIO_KMTC42,KMT(I),KMT
2510901.19419,20.0488,0.0984,CTIO_KMTC42,KMT(I),KMT
2510901.2231099997,20.0593,0.1577,CTIO_KMTC42,KMT(I),KMT
2510901.97951,19.768,0.085,CTIO_KMTC42,KMT(I),KMT
2510902.02864,20.133,0.1123,CTIO_KMTC42,KMT(I),KMT
2510902.046,19.2591,0.0981,CTIO_KMTC42,KMT(I),KMT
2510902.06353,20.2465,0.1324,CTIO_KMTC42,KMT(I),KMT
2510902.0903399996,20.1379,0.1542,CTIO_KMTC42,KMT(I),KMT
2510902.1071300004,19.5463,0.129,CTIO_KMTC42,KMT(I),KMT
2510902.1255200002,19.3287,0.0931,CTIO_KMTC42,KMT(I),KMT
2510902.14226,20.0252,0.1415,CTIO_KMTC42,KMT(I),KMT
2510902.1629099995,19.836,0.1369,CTIO_KMTC42,KMT(I),KMT
2510902.1834200006,20.0721,0.1879,CTIO_KMTC42,KMT(I),KMT
2510902.20708,20.1264,0.1752,CTIO_KMTC42,KMT(I),KMT
2510902.2320799995,18.4821,0.0897,CTIO_KMTC42,KMT(I),KMT
2510903.0744700003,19.7486,0.1488,CTIO_KMTC42,KMT(I),KMT
2510903.09133,20.1699,0.1968,CTIO_KMTC42,KMT(I),KMT
2510903.1440399997,19.5793,0.1287,CTIO_KMTC42,KMT(I),KMT
2510903.1684799995,19.919,0.1804,CTIO_KMTC42,KMT(I),KMT
2510903.1940599997,19.8225,0.128,CTIO_KMTC42,KMT(I),KMT
2510903.21091,19.7266,0.1305,CTIO_KMTC42,KMT(I),KMT
2510903.22191,20.1663,0.1923,CTIO_KMTC42,KMT(I),KMT
2510903.96973,19.9653,0.1852,CTIO_KMTC42,KMT(I),KMT
2510903.9908,19.9961,0.1056,CTIO_KMTC42,KMT(I),KMT
2510904.0283700004,20.1406,0.167,CTIO_KMTC42,KMT(I),KMT
2510904.0493599996,19.9063,0.149,CTIO_KMTC42,KMT(I),KMT
2510904.0789,20.0805,0.145,CTIO_KMTC42,KMT(I),KMT
2510904.09538,20.0374,0.1309,CTIO_KMTC42,KMT(I),KMT
2510904.1119299997,20.0318,0.1098,CTIO_KMTC42,KMT(I),KMT
2510904.1318699997,20.0322,0.1235,CTIO_KMTC42,KMT(I),KMT
2510904.14901,19.9889,0.1264,CTIO_KMTC42,KMT(I),KMT
2510904.17638,19.9531,0.1339,CTIO_KMTC42,KMT(I),KMT
2510904.19345,18.5061,0.0639,CTIO_KMTC42,KMT(I),KMT
2510904.21074,20.2613,0.2285,CTIO_KMTC42,KMT(I),KMT
2510904.22203,19.6632,0.159,CTIO_KMTC42,KMT(I),KMT
2510904.98056,19.5154,0.1073,CTIO_KMTC42,KMT(I),KMT
2510905.01965,18.7962,0.0826,CTIO_KMTC42,KMT(I),KMT
2510905.0363299996,18.3808,0.0628,CTIO_KMTC42,KMT(I),KMT
2510905.05856,19.5799,0.143,CTIO_KMTC42,KMT(I),KMT
2510905.0828600004,20.053,0.1675,CTIO_KMTC42,KMT(I),KMT
2510905.1037,20.7824,0.3661,CTIO_KMTC42,KMT(I),KMT
2510905.1207100004,19.5207,0.112,CTIO_KMTC42,KMT(I),KMT
2510905.13736,19.6272,0.1589,CTIO_KMTC42,KMT(I),KMT
2510905.16101,19.7129,0.1333,CTIO_KMTC42,KMT(I),KMT
2510905.1972700004,20.0767,0.2206,CTIO_KMTC42,KMT(I),KMT
2510905.22021,19.3603,0.1867,CTIO_KMTC42,KMT(I),KMT
2510906.9868899994,19.7573,0.1256,CTIO_KMTC42,KMT(I),KMT
2510907.00383,19.8584,0.1216,CTIO_KMTC42,KMT(I),KMT
2510907.0208100006,20.1943,0.1662,CTIO_KMTC42,KMT(I),KMT
2510907.0374,20.4906,0.2398,CTIO_KMTC42,KMT(I),KMT
2510907.06656,20.1626,0.149,CTIO_KMTC42,KMT(I),KMT
2510907.08636,19.8759,0.1123,CTIO_KMTC42,KMT(I),KMT
2510907.10329,20.6527,0.2217,CTIO_KMTC42,KMT(I),KMT
2510907.1204199996,19.9878,0.1379,CTIO_KMTC42,KMT(I),KMT
2510907.13906,20.2825,0.1629,CTIO_KMTC42,KMT(I),KMT
2510907.1613299996,19.9948,0.125,CTIO_KMTC42,KMT(I),KMT
2510907.1852899995,19.99,0.1393,CTIO_KMTC42,KMT(I),KMT
2510907.20902,20.2296,0.1686,CTIO_KMTC42,KMT(I),KMT
2510907.9945800006,19.9185,0.1457,CTIO_KMTC42,KMT(I),KMT
2510908.0130899996,19.9925,0.1641,CTIO_KMTC42,KMT(I),KMT
2510908.0340599995,20.2938,0.1605,CTIO_KMTC42,KMT(I),KMT
2510908.05992,20.7703,0.2466,CTIO_KMTC42,KMT(I),KMT
2510908.0769800004,19.9885,0.1039,CTIO_KMTC42,KMT(I),KMT
2510908.0939000007,20.0883,0.1095,CTIO_KMTC42,KMT(I),KMT
2510908.10379,20.0125,0.1003,CTIO_KMTC42,KMT(I),KMT
2510908.1123200003,20.088,0.1095,CTIO_KMTC42,KMT(I),KMT
2510908.13083,20.0008,0.0993,CTIO_KMTC42,KMT(I),KMT
2510908.1606399994,20.3851,0.1477,CTIO_KMTC42,KMT(I),KMT
2510908.1774899997,19.929,0.1057,CTIO_KMTC42,KMT(I),KMT
2510910.9703599997,20.7788,0.6191,CTIO_KMTC42,KMT(I),KMT
2510910.97327,19.9663,0.1708,CTIO_KMTC42,KMT(I),KMT
2510910.9889400005,20.3218,0.2185,CTIO_KMTC42,KMT(I),KMT
2510911.02154,20.0302,0.1459,CTIO_KMTC42,KMT(I),KMT
2510911.03955,19.9669,0.119,CTIO_KMTC42,KMT(I),KMT
2510911.05681,19.9141,0.1194,CTIO_KMTC42,KMT(I),KMT
2510911.07371,20.0639,0.1483,CTIO_KMTC42,KMT(I),KMT
2510911.0903399996,20.1799,0.1547,CTIO_KMTC42,KMT(I),KMT
2510911.11216,19.9233,0.1132,CTIO_KMTC42,KMT(I),KMT
2510911.13738,19.9963,0.1598,CTIO_KMTC42,KMT(I),KMT
2510911.1555199996,20.0089,0.1709,CTIO_KMTC42,KMT(I),KMT
2510911.1738600004,20.0002,0.1365,CTIO_KMTC42,KMT(I),KMT
2510911.19077,19.8356,0.1675,CTIO_KMTC42,KMT(I),KMT
2510911.2019299995,19.8274,0.1354,CTIO_KMTC42,KMT(I),KMT
2510911.9705100004,19.7244,0.1954,CTIO_KMTC42,KMT(I),KMT
2510911.9910199996,19.9783,0.1291,CTIO_KMTC42,KMT(I),KMT
2510912.0171499997,20.0683,0.1181,CTIO_KMTC42,KMT(I),KMT
2510912.0337300003,20.0046,0.1114,CTIO_KMTC42,KMT(I),KMT
2510912.0505999997,20.196,0.1294,CTIO_KMTC42,KMT(I),KMT
2510912.06738,20.2558,0.1304,CTIO_KMTC42,KMT(I),KMT
2510912.0843700003,19.9045,0.092,CTIO_KMTC42,KMT(I),KMT
2510912.1128599998,19.964,0.1076,CTIO_KMTC42,KMT(I),KMT
2510912.1293599997,19.9254,0.1297,CTIO_KMTC42,KMT(I),KMT
2510912.1462200005,20.0703,0.1393,CTIO_KMTC42,KMT(I),KMT
2510912.1632700004,20.7653,0.3007,CTIO_KMTC42,KMT(I),KMT
2510912.1800999995,19.6992,0.1189,CTIO_KMTC42,KMT(I),KMT
2510912.20548,20.4521,0.2852,CTIO_KMTC42,KMT(I),KMT
2510912.99366,19.9854,0.0973,CTIO_KMTC42,KMT(I),KMT
2510913.0132599995,19.9845,0.0877,CTIO_KMTC42,KMT(I),KMT
2510913.0297999997,20.0264,0.1056,CTIO_KMTC42,KMT(I),KMT
2510913.0484800003,19.9431,0.0818,CTIO_KMTC42,KMT(I),KMT
2510913.06996,20.0349,0.148,CTIO_KMTC42,KMT(I),KMT
2510913.0905600004,20.0948,0.1435,CTIO_KMTC42,KMT(I),KMT
2510913.0934500005,20.2455,0.1587,CTIO_KMTC42,KMT(I),KMT
2510913.11776,20.1251,0.1639,CTIO_KMTC42,KMT(I),KMT
2510913.13483,19.9489,0.1028,CTIO_KMTC42,KMT(I),KMT
2510913.1516900007,20.1139,0.1691,CTIO_KMTC42,KMT(I),KMT
2510913.1688,19.5505,0.1537,CTIO_KMTC42,KMT(I),KMT
2510913.1898800004,19.4564,0.1136,CTIO_KMTC42,KMT(I),KMT
2510913.98278,19.863,0.0891,CTIO_KMTC42,KMT(I),KMT
2510914.0062000006,20.0092,0.0873,CTIO_KMTC42,KMT(I),KMT
2510914.0245699994,20.0107,0.0829,CTIO_KMTC42,KMT(I),KMT
2510914.0414000005,19.9388,0.0819,CTIO_KMTC42,KMT(I),KMT
2510914.0579400007,20.0244,0.0829,CTIO_KMTC42,KMT(I),KMT
2510914.07503,20.1688,0.1048,CTIO_KMTC42,KMT(I),KMT
2510914.0777199995,20.0046,0.0849,CTIO_KMTC42,KMT(I),KMT
2510914.1053100005,20.3143,0.1047,CTIO_KMTC42,KMT(I),KMT
2510914.12192,19.6341,0.1915,CTIO_KMTC42,KMT(I),KMT
2510914.1435700003,20.2554,0.2088,CTIO_KMTC42,KMT(I),KMT
2510914.1607600003,19.9348,0.0954,CTIO_KMTC42,KMT(I),KMT
2510914.1820100006,19.9181,0.2322,CTIO_KMTC42,KMT(I),KMT
2510914.20316,19.3296,0.0929,CTIO_KMTC42,KMT(I),KMT
2510914.98934,19.8844,0.0825,CTIO_KMTC42,KMT(I),KMT
2510915.00971,19.9093,0.0739,CTIO_KMTC42,KMT(I),KMT
2510915.0266200006,19.9846,0.0789,CTIO_KMTC42,KMT(I),KMT
2510915.0458199997,20.0885,0.0847,CTIO_KMTC42,KMT(I),KMT
2510915.0624599997,20.0708,0.0917,CTIO_KMTC42,KMT(I),KMT
2510915.0842199996,20.146,0.1021,CTIO_KMTC42,KMT(I),KMT
2510915.08708,20.0335,0.091,CTIO_KMTC42,KMT(I),KMT
2510915.109,19.8862,0.0918,CTIO_KMTC42,KMT(I),KMT
2510915.12569,20.0132,0.0877,CTIO_KMTC42,KMT(I),KMT
2510915.14262,20.1516,0.1029,CTIO_KMTC42,KMT(I),KMT
2510915.1593999993,20.2066,0.1136,CTIO_KMTC42,KMT(I),KMT
2510915.1797199994,19.5396,0.2631,CTIO_KMTC42,KMT(I),KMT
2510915.1978900004,19.5131,0.1097,CTIO_KMTC42,KMT(I),KMT
2510915.9734300002,19.9739,0.1436,CTIO_KMTC42,KMT(I),KMT
2510915.9973600004,19.9795,0.0768,CTIO_KMTC42,KMT(I),KMT
2510916.0188500006,19.9491,0.0914,CTIO_KMTC42,KMT(I),KMT
2510916.0356,20.171,0.1156,CTIO_KMTC42,KMT(I),KMT
2510916.05251,20.0229,0.1002,CTIO_KMTC42,KMT(I),KMT
2510916.0689700004,19.9925,0.103,CTIO_KMTC42,KMT(I),KMT
2510916.0981099997,19.9474,0.1145,CTIO_KMTC42,KMT(I),KMT
2510916.1145099998,20.0253,0.1082,CTIO_KMTC42,KMT(I),KMT
2510916.13346,20.2035,0.1177,CTIO_KMTC42,KMT(I),KMT
2510916.15042,20.0734,0.105,CTIO_KMTC42,KMT(I),KMT
2510916.1668100003,20.0563,0.1148,CTIO_KMTC42,KMT(I),KMT
2510916.1927000005,19.9223,0.1149,CTIO_KMTC42,KMT(I),KMT
2510919.02963,18.6546,0.0649,CTIO_KMTC42,KMT(I),KMT
2510919.0466,18.7458,0.0651,CTIO_KMTC42,KMT(I),KMT
2510919.06523,20.3085,0.4326,CTIO_KMTC42,KMT(I),KMT
2510919.08273,19.2396,0.1154,CTIO_KMTC42,KMT(I),KMT
2510919.0999500006,18.7696,0.0756,CTIO_KMTC42,KMT(I),KMT
2510919.12084,20.2147,0.3182,CTIO_KMTC42,KMT(I),KMT
2510919.1452099998,20.2561,0.4018,CTIO_KMTC42,KMT(I),KMT
2510919.1621199995,19.7855,0.2419,CTIO_KMTC42,KMT(I),KMT
2510919.17664,18.7768,0.1218,CTIO_KMTC42,KMT(I),KMT
2510920.98204,19.935,0.2722,CTIO_KMTC42,KMT(I),KMT
2510921.00196,19.7892,0.1874,CTIO_KMTC42,KMT(I),KMT
2510921.0189699996,19.9028,0.2174,CTIO_KMTC42,KMT(I),KMT
2510921.0389799997,20.3388,0.3181,CTIO_KMTC42,KMT(I),KMT
2510921.0418100003,20.1864,0.2582,CTIO_KMTC42,KMT(I),KMT
2510921.0639900006,20.0685,0.2292,CTIO_KMTC42,KMT(I),KMT
2510921.0879100002,19.9522,0.2187,CTIO_KMTC42,KMT(I),KMT
2510921.1053599995,20.325,0.3452,CTIO_KMTC42,KMT(I),KMT
2510921.1220699996,19.8989,0.2295,CTIO_KMTC42,KMT(I),KMT
2510921.1386699993,19.7165,0.2623,CTIO_KMTC42,KMT(I),KMT
2510921.15525,20.4638,0.5606,CTIO_KMTC42,KMT(I),KMT
2510921.1763000004,19.6936,0.7085,CTIO_KMTC42,KMT(I),KMT
2510921.99914,20.1979,0.2882,CTIO_KMTC42,KMT(I),KMT
2510922.03405,20.3469,1.0142,CTIO_KMTC42,KMT(I),KMT
2510922.11809,19.2938,0.1908,CTIO_KMTC42,KMT(I),KMT
2510922.1356499996,20.2999,0.4667,CTIO_KMTC42,KMT(I),KMT
2510922.1526299994,20.0585,0.2138,CTIO_KMTC42,KMT(I),KMT
2510922.1744,19.9469,0.169,CTIO_KMTC42,KMT(I),KMT
2510922.9835100006,19.0877,0.1045,CTIO_KMTC42,KMT(I),KMT
2510923.00538,19.781,0.1493,CTIO_KMTC42,KMT(I),KMT
2510923.02989,19.8521,0.1412,CTIO_KMTC42,KMT(I),KMT
2510923.0464500003,20.1115,0.2023,CTIO_KMTC42,KMT(I),KMT
2510923.0635400005,20.0302,0.2016,CTIO_KMTC42,KMT(I),KMT
2510923.08022,19.9471,0.1704,CTIO_KMTC42,KMT(I),KMT
2510923.1019400004,19.6429,0.1151,CTIO_KMTC42,KMT(I),KMT
2510923.1258000005,20.3027,0.6509,CTIO_KMTC42,KMT(I),KMT
2510923.1445899997,20.0282,0.1512,CTIO_KMTC42,KMT(I),KMT
2510923.1628,19.8858,0.1699,CTIO_KMTC42,KMT(I),KMT
2510923.98398,20.0229,0.1513,CTIO_KMTC42,KMT(I),KMT
2510924.0032899994,19.5872,0.1509,CTIO_KMTC42,KMT(I),KMT
2510924.02066,19.8175,0.1061,CTIO_KMTC42,KMT(I),KMT
2510924.05232,20.0103,0.1113,CTIO_KMTC42,KMT(I),KMT
2510924.0695399996,19.8794,0.1266,CTIO_KMTC42,KMT(I),KMT
2510924.0865599997,19.1227,0.1146,CTIO_KMTC42,KMT(I),KMT
2510924.1031800006,19.8542,0.1089,CTIO_KMTC42,KMT(I),KMT
2510924.11979,19.579,0.1126,CTIO_KMTC42,KMT(I),KMT
2510924.14841,18.8531,0.0757,CTIO_KMTC42,KMT(I),KMT
2510924.16371,18.413,0.0575,CTIO_KMTC42,KMT(I),KMT
2510924.97578,19.713,0.1338,CTIO_KMTC42,KMT(I),KMT
2510924.99194,19.8329,0.1422,CTIO_KMTC42,KMT(I),KMT
2510925.0082,19.7135,0.1302,CTIO_KMTC42,KMT(I),KMT
2510925.0278699994,19.7607,0.1251,CTIO_KMTC42,KMT(I),KMT
2510925.04476,19.4169,0.115,CTIO_KMTC42,KMT(I),KMT
2510925.0656899996,19.8944,0.1751,CTIO_KMTC42,KMT(I),KMT
2510925.0896499995,18.8753,0.0743,CTIO_KMTC42,KMT(I),KMT
2510925.1069799997,19.9408,0.1565,CTIO_KMTC42,KMT(I),KMT
2510925.12344,21.116,1.9059,CTIO_KMTC42,KMT(I),KMT
2510925.1402199995,18.1815,0.0839,CTIO_KMTC42,KMT(I),KMT
2510925.1629,18.6786,0.0762,CTIO_KMTC42,KMT(I),KMT
2510925.98718,19.6218,0.1453,CTIO_KMTC42,KMT(I),KMT
2510926.0217000004,18.4883,0.0576,CTIO_KMTC42,KMT(I),KMT
2510926.03883,18.4665,0.0637,CTIO_KMTC42,KMT(I),KMT
2510926.0558,18.5973,0.0867,CTIO_KMTC42,KMT(I),KMT
2510926.07252,16.6097,0.0379,CTIO_KMTC42,KMT(I),KMT
2510926.0894600004,18.2841,0.133,CTIO_KMTC42,KMT(I),KMT
2510926.1164800003,18.5355,0.0563,CTIO_KMTC42,KMT(I),KMT
2510926.1338299997,18.498,0.0569,CTIO_KMTC42,KMT(I),KMT
2510926.15209,15.6177,0.0237,CTIO_KMTC42,KMT(I),KMT
2510926.16201,15.0811,0.0164,CTIO_KMTC42,KMT(I),KMT
2510926.98511,19.746,0.13,CTIO_KMTC42,KMT(I),KMT
2510927.00213,19.9473,0.1496,CTIO_KMTC42,KMT(I),KMT
2510927.01896,19.9035,0.1403,CTIO_KMTC42,KMT(I),KMT
2510927.0391799994,19.9227,0.1347,CTIO_KMTC42,KMT(I),KMT
2510927.06312,20.0221,0.152,CTIO_KMTC42,KMT(I),KMT
2510927.0814500004,19.9968,0.1391,CTIO_KMTC42,KMT(I),KMT
2510927.09997,20.0955,0.1175,CTIO_KMTC42,KMT(I),KMT
2510927.1185299996,19.8249,0.1266,CTIO_KMTC42,KMT(I),KMT
2510927.13934,19.83,0.1426,CTIO_KMTC42,KMT(I),KMT
2510927.1544700004,19.5861,0.1236,CTIO_KMTC42,KMT(I),KMT
2510927.9792800006,19.9654,0.1489,CTIO_KMTC42,KMT(I),KMT
2510928.00552,20.1555,0.1201,CTIO_KMTC42,KMT(I),KMT
2510928.0307100005,20.0093,0.1445,CTIO_KMTC42,KMT(I),KMT
2510928.0489,19.8191,0.177,CTIO_KMTC42,KMT(I),KMT
2510928.06594,19.9015,0.0985,CTIO_KMTC42,KMT(I),KMT
2510928.0823999997,19.6702,0.1174,CTIO_KMTC42,KMT(I),KMT
2510928.11144,19.8196,0.1332,CTIO_KMTC42,KMT(I),KMT
2510928.12823,19.7511,0.1237,CTIO_KMTC42,KMT(I),KMT
2510928.1521499995,19.4432,0.1029,CTIO_KMTC42,KMT(I),KMT
2510928.97795,19.6206,0.1113,CTIO_KMTC42,KMT(I),KMT
2510928.9966,20.3041,0.3925,CTIO_KMTC42,KMT(I),KMT
2510929.01344,20.0865,0.1076,CTIO_KMTC42,KMT(I),KMT
2510929.04029,19.9839,0.1061,CTIO_KMTC42,KMT(I),KMT
2510929.06424,20.0216,0.1109,CTIO_KMTC42,KMT(I),KMT
2510929.08074,19.5629,0.1118,CTIO_KMTC42,KMT(I),KMT
2510929.09736,19.3509,0.0966,CTIO_KMTC42,KMT(I),KMT
2510929.1139400005,19.0142,0.1641,CTIO_KMTC42,KMT(I),KMT
2510929.1345799994,20.0408,0.3062,CTIO_KMTC42,KMT(I),KMT
2510929.1521300003,18.6406,0.0655,CTIO_KMTC42,KMT(I),KMT
2510929.9815100003,20.1211,0.1144,CTIO_KMTC42,KMT(I),KMT
2510930.00753,19.9922,0.0959,CTIO_KMTC42,KMT(I),KMT
2510930.02506,20.0651,0.1333,CTIO_KMTC42,KMT(I),KMT
2510930.0432900004,19.967,0.1092,CTIO_KMTC42,KMT(I),KMT
2510930.06195,20.021,0.1097,CTIO_KMTC42,KMT(I),KMT
2510930.0835100003,20.1236,0.1269,CTIO_KMTC42,KMT(I),KMT
2510930.10793,19.8301,0.1107,CTIO_KMTC42,KMT(I),KMT
2510930.1295500007,20.2723,0.1483,CTIO_KMTC42,KMT(I),KMT
2510930.14683,19.934,0.1212,CTIO_KMTC42,KMT(I),KMT
2510930.9868,20.1597,0.1615,CTIO_KMTC42,KMT(I),KMT
2510931.0186100006,20.2061,0.2396,CTIO_KMTC42,KMT(I),KMT
2510931.0360000003,19.8958,0.1454,CTIO_KMTC42,KMT(I),KMT
2510931.0638299994,20.301,0.2425,CTIO_KMTC42,KMT(I),KMT
2510931.0665499996,19.7406,0.1501,CTIO_KMTC42,KMT(I),KMT
2510931.08345,19.8962,0.1164,CTIO_KMTC42,KMT(I),KMT
2510931.1004799996,20.1091,0.1563,CTIO_KMTC42,KMT(I),KMT
2510931.11745,19.8,0.1471,CTIO_KMTC42,KMT(I),KMT
2510931.1356300004,19.7991,0.2363,CTIO_KMTC42,KMT(I),KMT
2510931.14528,20.0301,0.5786,CTIO_KMTC42,KMT(I),KMT
2510931.97913,19.6962,0.1138,CTIO_KMTC42,KMT(I),KMT
2510932.00693,19.7038,0.1223,CTIO_KMTC42,KMT(I),KMT
2510932.0236,19.9801,0.0899,CTIO_KMTC42,KMT(I),KMT
2510932.0407100003,20.0285,0.0998,CTIO_KMTC42,KMT(I),KMT
2510932.06745,20.1895,0.2129,CTIO_KMTC42,KMT(I),KMT
2510932.0876199994,19.939,0.0921,CTIO_KMTC42,KMT(I),KMT
2510932.1081499998,20.0172,0.1124,CTIO_KMTC42,KMT(I),KMT
2510932.13201,20.6101,0.4215,CTIO_KMTC42,KMT(I),KMT
2510932.1471999995,19.0495,0.1335,CTIO_KMTC42,KMT(I),KMT
2510932.98639,20.1122,0.1039,CTIO_KMTC42,KMT(I),KMT
2510933.00337,20.0395,0.082,CTIO_KMTC42,KMT(I),KMT
2510933.0216000006,20.0566,0.0865,CTIO_KMTC42,KMT(I),KMT
2510933.04239,20.1761,0.0989,CTIO_KMTC42,KMT(I),KMT
2510933.06695,20.2834,0.173,CTIO_KMTC42,KMT(I),KMT
2510933.08553,19.7036,0.1111,CTIO_KMTC42,KMT(I),KMT
2510933.1036900003,20.1543,0.118,CTIO_KMTC42,KMT(I),KMT
2510933.12196,20.1931,0.1736,CTIO_KMTC42,KMT(I),KMT
2510933.1375399996,19.5444,0.1044,CTIO_KMTC42,KMT(I),KMT
2510933.9901800007,20.0929,0.1575,CTIO_KMTC42,KMT(I),KMT
2510934.0224200003,19.8927,0.1304,CTIO_KMTC42,KMT(I),KMT
2510934.0390300006,19.9273,0.1324,CTIO_KMTC42,KMT(I),KMT
2510934.0556700006,20.3692,0.1787,CTIO_KMTC42,KMT(I),KMT
2510934.0725,20.1072,0.1931,CTIO_KMTC42,KMT(I),KMT
2510934.08949,20.1072,0.1624,CTIO_KMTC42,KMT(I),KMT
2510934.1167,19.8237,0.139,CTIO_KMTC42,KMT(I),KMT
2510934.13629,19.7111,0.1379,CTIO_KMTC42,KMT(I),KMT
2510934.13999,19.8604,0.1372,CTIO_KMTC42,KMT(I),KMT
2510934.98671,20.3701,0.2078,CTIO_KMTC42,KMT(I),KMT
2510935.0036699995,19.61,0.1407,CTIO_KMTC42,KMT(I),KMT
2510935.0206199996,19.9242,0.1184,CTIO_KMTC42,KMT(I),KMT
2510935.04007,19.8535,0.1285,CTIO_KMTC42,KMT(I),KMT
2510935.05989,20.2839,0.1809,CTIO_KMTC42,KMT(I),KMT
2510935.0835999995,19.9045,0.1428,CTIO_KMTC42,KMT(I),KMT
2510935.10044,20.4113,0.367,CTIO_KMTC42,KMT(I),KMT
2510935.11802,19.6112,0.1436,CTIO_KMTC42,KMT(I),KMT
2510935.1371800005,19.6061,0.1118,CTIO_KMTC42,KMT(I),KMT
2510935.14028,19.6407,0.1162,CTIO_KMTC42,KMT(I),KMT
2510935.9878899995,20.1537,0.2565,CTIO_KMTC42,KMT(I),KMT
2510936.00863,20.0038,0.1008,CTIO_KMTC42,KMT(I),KMT
2510936.0323399995,20.0751,0.0969,CTIO_KMTC42,KMT(I),KMT
2510936.0493599996,19.8452,0.1121,CTIO_KMTC42,KMT(I),KMT
2510936.06611,19.929,0.0754,CTIO_KMTC42,KMT(I),KMT
2510936.08301,20.0991,0.1379,CTIO_KMTC42,KMT(I),KMT
2510936.0995000005,20.0159,0.0916,CTIO_KMTC42,KMT(I),KMT
2510936.1290499996,20.1555,0.1123,CTIO_KMTC42,KMT(I),KMT
2510936.14293,19.1779,0.0891,CTIO_KMTC42,KMT(I),KMT
2510936.97798,20.1933,0.2199,CTIO_KMTC42,KMT(I),KMT
2510936.99498,20.2001,0.113,CTIO_KMTC42,KMT(I),KMT
2510937.0120599996,19.834,0.0945,CTIO_KMTC42,KMT(I),KMT
2510937.02857,19.8599,0.0974,CTIO_KMTC42,KMT(I),KMT
2510937.05703,20.0597,0.0965,CTIO_KMTC42,KMT(I),KMT
2510937.07364,20.0137,0.0956,CTIO_KMTC42,KMT(I),KMT
2510937.0901699997,19.9694,0.0936,CTIO_KMTC42,KMT(I),KMT
2510937.10764,20.1523,0.1296,CTIO_KMTC42,KMT(I),KMT
2510937.11104,19.9605,0.1052,CTIO_KMTC42,KMT(I),KMT
2510937.13595,19.2692,0.0979,CTIO_KMTC42,KMT(I),KMT
2510937.98317,19.8686,0.1612,CTIO_KMTC42,KMT(I),KMT
2510938.0030700006,20.0563,0.1369,CTIO_KMTC42,KMT(I),KMT
2510938.02824,20.0086,0.1896,CTIO_KMTC42,KMT(I),KMT
2510938.04461,19.8035,0.3643,CTIO_KMTC42,KMT(I),KMT
2510938.0616999995,19.7742,0.1589,CTIO_KMTC42,KMT(I),KMT
2510938.1032100003,20.1057,0.2727,CTIO_KMTC42,KMT(I),KMT
2510938.1321099997,19.6485,0.1818,CTIO_KMTC42,KMT(I),KMT
2510938.9951300006,19.1257,0.0882,CTIO_KMTC42,KMT(I),KMT
2510939.01207,19.7102,0.1183,CTIO_KMTC42,KMT(I),KMT
2510939.02919,18.8668,0.1388,CTIO_KMTC42,KMT(I),KMT
2510939.04679,18.6904,0.067,CTIO_KMTC42,KMT(I),KMT
2510939.0641,19.8914,0.1279,CTIO_KMTC42,KMT(I),KMT
2510939.0910899993,19.6252,0.1192,CTIO_KMTC42,KMT(I),KMT
2510939.1076100003,19.2402,0.0896,CTIO_KMTC42,KMT(I),KMT
2510939.12715,19.3103,0.0933,CTIO_KMTC42,KMT(I),KMT
2510939.98792,18.5195,0.0821,CTIO_KMTC42,KMT(I),KMT
2510940.0047900006,20.1058,0.1304,CTIO_KMTC42,KMT(I),KMT
2510940.0218,20.1007,0.1466,CTIO_KMTC42,KMT(I),KMT
2510940.0423600003,19.8509,0.1123,CTIO_KMTC42,KMT(I),KMT
2510940.0665499996,19.9924,0.1391,CTIO_KMTC42,KMT(I),KMT
2510940.0836500004,19.9351,0.1333,CTIO_KMTC42,KMT(I),KMT
2510940.1006199997,19.0899,0.0808,CTIO_KMTC42,KMT(I),KMT
2510940.1250800006,19.4188,0.1166,CTIO_KMTC42,KMT(I),KMT
2510940.97972,19.6626,0.1332,CTIO_KMTC42,KMT(I),KMT
2510940.9996000007,19.9325,0.158,CTIO_KMTC42,KMT(I),KMT
2510941.0023,20.0199,0.145,CTIO_KMTC42,KMT(I),KMT
2510941.0246200003,19.6887,0.1218,CTIO_KMTC42,KMT(I),KMT
2510941.0411799997,19.8263,0.1451,CTIO_KMTC42,KMT(I),KMT
2510941.0593500007,20.2826,0.1641,CTIO_KMTC42,KMT(I),KMT
2510941.07584,19.8399,0.1523,CTIO_KMTC42,KMT(I),KMT
2510941.0953199994,20.312,0.1352,CTIO_KMTC42,KMT(I),KMT
2510941.11661,19.3481,0.1054,CTIO_KMTC42,KMT(I),KMT
2510942.0114,20.121,0.1723,CTIO_KMTC42,KMT(I),KMT
2510942.0284,19.9301,0.1399,CTIO_KMTC42,KMT(I),KMT
2510942.04529,20.0596,0.1619,CTIO_KMTC42,KMT(I),KMT
2510942.0623499993,19.8324,0.137,CTIO_KMTC42,KMT(I),KMT
2510942.06606,19.7602,0.1404,CTIO_KMTC42,KMT(I),KMT
2510942.0824500006,19.7833,0.139,CTIO_KMTC42,KMT(I),KMT
2510942.1099200007,19.3901,0.1047,CTIO_KMTC42,KMT(I),KMT
2510942.1199399997,19.3696,0.1068,CTIO_KMTC42,KMT(I),KMT
2510942.97906,19.9627,0.1583,CTIO_KMTC42,KMT(I),KMT
2510942.99605,19.7091,0.1351,CTIO_KMTC42,KMT(I),KMT
2510943.0135500003,19.5108,0.1132,CTIO_KMTC42,KMT(I),KMT
2510943.03041,19.5745,0.1226,CTIO_KMTC42,KMT(I),KMT
2510943.0469899997,19.8917,0.0953,CTIO_KMTC42,KMT(I),KMT
2510943.0674099997,19.6275,0.125,CTIO_KMTC42,KMT(I),KMT
2510943.0907300003,19.0601,0.0777,CTIO_KMTC42,KMT(I),KMT
2510943.1179,19.0963,0.0908,CTIO_KMTC42,KMT(I),KMT
2510943.98133,20.0682,0.1676,CTIO_KMTC42,KMT(I),KMT
2510943.9980800003,19.8934,0.1641,CTIO_KMTC42,KMT(I),KMT
2510944.01664,18.6039,0.5772,CTIO_KMTC42,KMT(I),KMT
2510944.9831499998,18.3657,0.1414,CTIO_KMTC42,KMT(I),KMT
2510944.9859299995,18.2912,0.1458,CTIO_KMTC42,KMT(I),KMT
2510945.0123699997,19.2558,0.0937,CTIO_KMTC42,KMT(I),KMT
2510945.03264,18.8808,0.0798,CTIO_KMTC42,KMT(I),KMT
2510945.0494,18.894,0.0793,CTIO_KMTC42,KMT(I),KMT
2510945.0665099993,19.4134,0.1039,CTIO_KMTC42,KMT(I),KMT
2510945.0857299995,19.6679,0.1186,CTIO_KMTC42,KMT(I),KMT
2510945.10724,19.0851,0.0789,CTIO_KMTC42,KMT(I),KMT
2510945.1100399997,18.6952,0.0604,CTIO_KMTC42,KMT(I),KMT
2510945.99924,20.5758,0.2308,CTIO_KMTC42,KMT(I),KMT
2510946.0241899993,20.2344,0.2011,CTIO_KMTC42,KMT(I),KMT
2510946.04098,20.0148,0.1474,CTIO_KMTC42,KMT(I),KMT
2510946.0586200003,20.1207,0.1563,CTIO_KMTC42,KMT(I),KMT
2510946.075,19.9039,0.1467,CTIO_KMTC42,KMT(I),KMT
2510946.1074100006,19.3695,0.0921,CTIO_KMTC42,KMT(I),KMT
2510947.98881,19.659,0.1276,CTIO_KMTC42,KMT(I),KMT
2510948.00913,19.5394,0.1001,CTIO_KMTC42,KMT(I),KMT
2510948.0292499997,19.942,0.1418,CTIO_KMTC42,KMT(I),KMT
2510948.0459899995,19.4226,0.0921,CTIO_KMTC42,KMT(I),KMT
2510948.0633199997,18.5235,0.0676,CTIO_KMTC42,KMT(I),KMT
2510948.0805399995,19.3358,0.1014,CTIO_KMTC42,KMT(I),KMT
2510948.0952499993,19.3181,0.0994,CTIO_KMTC42,KMT(I),KMT
2510948.1056699995,19.142,0.0934,CTIO_KMTC42,KMT(I),KMT
2510948.98118,19.1543,0.0903,CTIO_KMTC42,KMT(I),KMT
2510949.00858,19.8342,0.1266,CTIO_KMTC42,KMT(I),KMT
2510949.02893,19.7616,0.1278,CTIO_KMTC42,KMT(I),KMT
2510949.04904,19.9556,0.1399,CTIO_KMTC42,KMT(I),KMT
2510949.06633,19.8413,0.1383,CTIO_KMTC42,KMT(I),KMT
2510949.0827200003,19.7787,0.1357,CTIO_KMTC42,KMT(I),KMT
2510949.09526,19.3538,0.1006,CTIO_KMTC42,KMT(I),KMT
2510949.9917,19.7094,0.1343,CTIO_KMTC42,KMT(I),KMT
2510950.01831,19.7975,0.1371,CTIO_KMTC42,KMT(I),KMT
2510950.0391799994,19.8923,0.1407,CTIO_KMTC42,KMT(I),KMT
2510950.0572299995,19.1532,0.0975,CTIO_KMTC42,KMT(I),KMT
2510950.0746599995,18.4058,0.0699,CTIO_KMTC42,KMT(I),KMT
2510950.0872399993,18.4063,0.0708,CTIO_KMTC42,KMT(I),KMT
2510950.99376,20.0381,0.1571,CTIO_KMTC42,KMT(I),KMT
2510951.0109599996,20.0326,0.1591,CTIO_KMTC42,KMT(I),KMT
2510951.0312099997,19.8425,0.1493,CTIO_KMTC42,KMT(I),KMT
2510951.0594999995,20.0296,0.1732,CTIO_KMTC42,KMT(I),KMT
2510951.07886,19.9813,0.163,CTIO_KMTC42,KMT(I),KMT
2510951.08902,20.0564,0.1833,CTIO_KMTC42,KMT(I),KMT
2510951.98577,19.8887,0.1776,CTIO_KMTC42,KMT(I),KMT
2510952.00581,19.9721,0.1291,CTIO_KMTC42,KMT(I),KMT
2510952.0220100004,19.8376,0.1215,CTIO_KMTC42,KMT(I),KMT
2510952.04235,19.1797,0.1287,CTIO_KMTC42,KMT(I),KMT
2510952.06798,19.921,0.1332,CTIO_KMTC42,KMT(I),KMT
2510952.0836299993,19.0113,0.0737,CTIO_KMTC42,KMT(I),KMT
2510952.9955700003,19.9507,0.1159,CTIO_KMTC42,KMT(I),KMT
2510953.0126399994,20.0165,0.1228,CTIO_KMTC42,KMT(I),KMT
2510953.03281,19.7588,0.114,CTIO_KMTC42,KMT(I),KMT
2510953.0564099997,19.8885,0.1153,CTIO_KMTC42,KMT(I),KMT
2510953.0840499997,19.9019,0.1429,CTIO_KMTC42,KMT(I),KMT
2510954.00344,19.5393,0.1135,CTIO_KMTC42,KMT(I),KMT
2510954.02336,20.8878,0.8045,CTIO_KMTC42,KMT(I),KMT
2510954.0396800004,19.3377,0.101,CTIO_KMTC42,KMT(I),KMT
2510954.0563200004,19.4617,0.1241,CTIO_KMTC42,KMT(I),KMT
2510954.0783399995,18.787,0.0733,CTIO_KMTC42,KMT(I),KMT
2510954.99529,19.7388,0.1397,CTIO_KMTC42,KMT(I),KMT
2510955.02252,19.9439,0.1635,CTIO_KMTC42,KMT(I),KMT
2510955.0393700004,19.7455,0.1195,CTIO_KMTC42,KMT(I),KMT
2510955.0560800005,19.399,0.105,CTIO_KMTC42,KMT(I),KMT
2510955.07548,18.4466,0.0565,CTIO_KMTC42,KMT(I),KMT
2510955.99675,20.1844,0.1768,CTIO_KMTC42,KMT(I),KMT
2510956.0147600006,19.8488,0.131,CTIO_KMTC42,KMT(I),KMT
2510956.0349400006,20.119,0.1582,CTIO_KMTC42,KMT(I),KMT
2510956.05994,19.9455,0.1464,CTIO_KMTC42,KMT(I),KMT
2510956.0755000003,19.998,0.1496,CTIO_KMTC42,KMT(I),KMT
2510956.99708,19.8206,0.1432,CTIO_KMTC42,KMT(I),KMT
2510957.0137099996,19.8535,0.1415,CTIO_KMTC42,KMT(I),KMT
2510957.0334099997,19.8419,0.1434,CTIO_KMTC42,KMT(I),KMT
2510957.03881,19.6082,0.1212,CTIO_KMTC42,KMT(I),KMT
2510957.0557899997,19.7909,0.1315,CTIO_KMTC42,KMT(I),KMT
2510957.0712899994,19.7586,0.1425,CTIO_KMTC42,KMT(I),KMT
2510957.9912,20.3067,0.1858,CTIO_KMTC42,KMT(I),KMT
2510958.02534,19.9935,0.1488,CTIO_KMTC42,KMT(I),KMT
2510958.0439400002,20.027,0.1627,CTIO_KMTC42,KMT(I),KMT
2510958.06396,19.9844,0.1569,CTIO_KMTC42,KMT(I),KMT
2510958.0725100003,19.5309,0.1084,CTIO_KMTC42,KMT(I),KMT
2510958.9883200005,19.7958,0.118,CTIO_KMTC42,KMT(I),KMT
2510959.00514,19.9494,0.1291,CTIO_KMTC42,KMT(I),KMT
2510959.0217199996,19.6144,0.1153,CTIO_KMTC42,KMT(I),KMT
2510959.0490799993,19.5306,0.1816,CTIO_KMTC42,KMT(I),KMT
2510959.06616,20.0642,0.356,CTIO_KMTC42,KMT(I),KMT
2510959.99601,19.743,0.1369,CTIO_KMTC42,KMT(I),KMT
2510960.0174199995,19.7946,0.1319,CTIO_KMTC42,KMT(I),KMT
2510960.03426,19.6782,0.1349,CTIO_KMTC42,KMT(I),KMT
2510960.0515599996,19.5161,0.1215,CTIO_KMTC42,KMT(I),KMT
2510960.0630399995,19.3357,0.1086,CTIO_KMTC42,KMT(I),KMT
2510960.06876,19.5155,0.1056,CTIO_KMTC42,KMT(I),KMT
2510960.9892100003,19.8884,0.1381,CTIO_KMTC42,KMT(I),KMT
2510961.01088,19.6532,0.1286,CTIO_KMTC42,KMT(I),KMT
2510961.03536,19.8414,0.1239,CTIO_KMTC42,KMT(I),KMT
2510961.0519399997,19.6964,0.1238,CTIO_KMTC42,KMT(I),KMT
2510961.0685099997,19.5147,0.115,CTIO_KMTC42,KMT(I),KMT
2510961.98958,19.996,0.1611,CTIO_KMTC42,KMT(I),KMT
2510962.0073000006,19.9041,0.1417,CTIO_KMTC42,KMT(I),KMT
2510962.02436,19.8742,0.1454,CTIO_KMTC42,KMT(I),KMT
2510962.0503199995,19.8271,0.1418,CTIO_KMTC42,KMT(I),KMT
2510962.05898,19.8105,0.1376,CTIO_KMTC42,KMT(I),KMT
2510963.0184000004,19.148,0.0894,CTIO_KMTC42,KMT(I),KMT
2510963.0353999995,18.9694,0.0844,CTIO_KMTC42,KMT(I),KMT
2510963.0539800003,19.4585,0.1249,CTIO_KMTC42,KMT(I),KMT
2510963.9972600006,19.7841,0.1435,CTIO_KMTC42,KMT(I),KMT
2510963.9999899995,19.6525,0.129,CTIO_KMTC42,KMT(I),KMT
2510964.01906,19.6027,0.1217,CTIO_KMTC42,KMT(I),KMT
2510964.02322,19.6515,0.1255,CTIO_KMTC42,KMT(I),KMT
2510964.04017,19.7481,0.1335,CTIO_KMTC42,KMT(I),KMT
2510964.0430299994,19.6064,0.1322,CTIO_KMTC42,KMT(I),KMT
2510964.0608900003,19.4607,0.1193,CTIO_KMTC42,KMT(I),KMT
2510965.0047699995,19.8896,0.1454,CTIO_KMTC42,KMT(I),KMT
2510965.02149,19.8597,0.1341,CTIO_KMTC42,KMT(I),KMT
2510965.0420500003,19.9834,0.1489,CTIO_KMTC42,KMT(I),KMT
2510965.0519200005,19.9419,0.1424,CTIO_KMTC42,KMT(I),KMT
2510965.98785,20.2984,0.2106,CTIO_KMTC42,KMT(I),KMT
2510966.0048,19.6694,0.125,CTIO_KMTC42,KMT(I),KMT
2510966.0212699994,20.0347,0.158,CTIO_KMTC42,KMT(I),KMT
2510966.0491499994,19.6335,0.122,CTIO_KMTC42,KMT(I),KMT
2510967.00679,20.1624,0.1627,CTIO_KMTC42,KMT(I),KMT
2510967.01095,20.0093,0.1541,CTIO_KMTC42,KMT(I),KMT
2510967.0291099995,20.1279,0.1895,CTIO_KMTC42,KMT(I),KMT
2510967.0464500003,20.1099,0.1765,CTIO_KMTC42,KMT(I),KMT
2510967.9968999997,20.0525,0.1526,CTIO_KMTC42,KMT(I),KMT
2510968.0157500003,20.1972,0.1641,CTIO_KMTC42,KMT(I),KMT
2510968.03261,19.8838,0.1383,CTIO_KMTC42,KMT(I),KMT
2510968.0423,19.86,0.1409,CTIO_KMTC42,KMT(I),KMT
2510969.0093099996,19.9568,0.1496,CTIO_KMTC42,KMT(I),KMT
2510969.0331800003,19.7027,0.1216,CTIO_KMTC42,KMT(I),KMT
2510969.04426,19.7258,0.13,CTIO_KMTC42,KMT(I),KMT
