MJD,Magnitude,Error,Facility,Filter,Observer
2510726.7375799995,18.1615,0.0897,SSO_KMTA42,KMT(I),KMT
2510726.74954,17.6824,0.0594,SSO_KMTA42,KMT(I),KMT
2510727.7253099997,20.3743,0.6749,SSO_KMTA42,KMT(I),KMT
2510727.7373600006,19.6346,0.2445,SSO_KMTA42,KMT(I),KMT
2510727.7488899995,19.9579,0.2955,SSO_KMTA42,KMT(I),KMT
2510727.76057,19.4233,0.1855,SSO_KMTA42,KMT(I),KMT
2510728.72367,13.6719,0.2546,SSO_KMTA42,KMT(I),KMT
2510728.7427900005,13.6393,0.2599,SSO_KMTA42,KMT(I),KMT
2510728.7547699995,14.1659,0.7035,SSO_KMTA42,KMT(I),KMT
2510728.76662,13.7155,0.3457,SSO_KMTA42,KMT(I),KMT
2510729.7211300004,18.9603,0.1434,SSO_KMTA42,KMT(I),KMT
2510729.7333199997,19.0516,0.1614,SSO_KMTA42,KMT(I),KMT
2510729.74658,19.5565,0.2643,SSO_KMTA42,KMT(I),KMT
2510729.7652400006,19.8494,0.3131,SSO_KMTA42,KMT(I),KMT
2510730.7185500003,20.0237,0.2189,SSO_KMTA42,KMT(I),KMT
2510730.73023,20.38,0.2948,SSO_KMTA42,KMT(I),KMT
2510730.74146,20.1103,0.2004,SSO_KMTA42,KMT(I),KMT
2510730.75313,19.6341,0.1431,SSO_KMTA42,KMT(I),KMT
2510730.7651000004,19.4136,0.1086,SSO_KMTA42,KMT(I),KMT
2510731.7142200004,18.5437,0.1162,SSO_KMTA42,KMT(I),KMT
2510731.7334700003,18.8283,0.1256,SSO_KMTA42,KMT(I),KMT
2510731.7453499995,18.2461,0.0904,SSO_KMTA42,KMT(I),KMT
2510731.75722,18.3391,0.0815,SSO_KMTA42,KMT(I),KMT
2510731.7691099998,18.8474,0.1261,SSO_KMTA42,KMT(I),KMT
2510732.7205599993,20.1184,0.2436,SSO_KMTA42,KMT(I),KMT
2510732.7325100005,19.6473,0.2152,SSO_KMTA42,KMT(I),KMT
2510732.74438,19.2079,0.1197,SSO_KMTA42,KMT(I),KMT
2510732.7636600006,19.8544,0.1945,SSO_KMTA42,KMT(I),KMT
2510732.77546,19.5603,0.1375,SSO_KMTA42,KMT(I),KMT
2510732.7873,19.6538,0.2779,SSO_KMTA42,KMT(I),KMT
2510733.7066200003,18.6399,0.0845,SSO_KMTA42,KMT(I),KMT
2510733.7222099993,19.2316,0.1216,SSO_KMTA42,KMT(I),KMT
2510733.7342499997,19.8623,0.1806,SSO_KMTA42,KMT(I),KMT
2510733.75344,18.9628,0.1013,SSO_KMTA42,KMT(I),KMT
2510733.7653800007,19.3647,0.1271,SSO_KMTA42,KMT(I),KMT
2510733.77738,19.4003,0.1637,SSO_KMTA42,KMT(I),KMT
2510733.78931,19.3672,0.2639,SSO_KMTA42,KMT(I),KMT
2510734.7066,19.5404,0.22,SSO_KMTA42,KMT(I),KMT
2510734.71841,19.6813,0.1439,SSO_KMTA42,KMT(I),KMT
2510734.73774,19.804,0.1924,SSO_KMTA42,KMT(I),KMT
2510734.74935,20.2661,0.1765,SSO_KMTA42,KMT(I),KMT
2510734.7612999994,19.9052,0.1138,SSO_KMTA42,KMT(I),KMT
2510734.7731,19.843,0.1482,SSO_KMTA42,KMT(I),KMT
2510734.78503,19.8526,0.1465,SSO_KMTA42,KMT(I),KMT
2510735.70168,19.828,0.1272,SSO_KMTA42,KMT(I),KMT
2510735.7210099995,18.9005,0.1072,SSO_KMTA42,KMT(I),KMT
2510735.7329,18.8636,0.0779,SSO_KMTA42,KMT(I),KMT
2510735.74479,19.8877,0.1501,SSO_KMTA42,KMT(I),KMT
2510735.7568699997,19.1672,0.093,SSO_KMTA42,KMT(I),KMT
2510735.76891,19.5995,0.1519,SSO_KMTA42,KMT(I),KMT
2510735.7878600005,18.932,0.1431,SSO_KMTA42,KMT(I),KMT
2510736.7044900004,19.5725,0.1561,SSO_KMTA42,KMT(I),KMT
2510736.71638,19.1646,0.106,SSO_KMTA42,KMT(I),KMT
2510736.7283500005,19.5581,0.1418,SSO_KMTA42,KMT(I),KMT
2510736.7401100006,19.4997,0.1005,SSO_KMTA42,KMT(I),KMT
2510736.7519199997,19.872,0.1506,SSO_KMTA42,KMT(I),KMT
2510736.7711999994,19.8181,0.1787,SSO_KMTA42,KMT(I),KMT
2510736.7831500005,19.2705,0.1518,SSO_KMTA42,KMT(I),KMT
2510736.79474,19.7686,0.337,SSO_KMTA42,KMT(I),KMT
2510749.7116800006,17.8544,5.6447,SSO_KMTA42,KMT(I),KMT
2510749.72355,18.7325,0.3181,SSO_KMTA42,KMT(I),KMT
2510749.7588400003,18.3985,3.4611,SSO_KMTA42,KMT(I),KMT
2510749.77816,18.3691,0.6914,SSO_KMTA42,KMT(I),KMT
2510750.75433,17.9302,0.0949,SSO_KMTA42,KMT(I),KMT
2510750.76636,17.0755,0.0465,SSO_KMTA42,KMT(I),KMT
2510750.77836,17.9721,0.0949,SSO_KMTA42,KMT(I),KMT
2510750.79014,17.2956,0.073,SSO_KMTA42,KMT(I),KMT
2510753.73754,19.0341,0.1112,SSO_KMTA42,KMT(I),KMT
2510753.7494099997,18.7813,0.1204,SSO_KMTA42,KMT(I),KMT
2510755.6510300003,19.7279,7.4704,SSO_KMTA42,KMT(I),KMT
2510765.6278300006,18.5565,0.1155,SSO_KMTA42,KMT(I),KMT
2510765.64712,18.8876,0.1589,SSO_KMTA42,KMT(I),KMT
2510765.65914,18.5265,0.1034,SSO_KMTA42,KMT(I),KMT
2510765.76831,19.6631,0.3794,SSO_KMTA42,KMT(I),KMT
2510765.78029,19.0263,0.1414,SSO_KMTA42,KMT(I),KMT
2510765.79222,18.8887,0.144,SSO_KMTA42,KMT(I),KMT
2510767.6262100004,19.3722,0.2638,SSO_KMTA42,KMT(I),KMT
2510767.6453,19.3865,0.1449,SSO_KMTA42,KMT(I),KMT
2510767.6567599997,19.9809,0.3543,SSO_KMTA42,KMT(I),KMT
2510767.6683799997,19.4479,0.1939,SSO_KMTA42,KMT(I),KMT
2510767.68038,19.9881,0.3476,SSO_KMTA42,KMT(I),KMT
2510767.69235,19.3592,0.1831,SSO_KMTA42,KMT(I),KMT
2510767.71175,19.6656,0.2644,SSO_KMTA42,KMT(I),KMT
2510767.7236400004,20.9517,1.1935,SSO_KMTA42,KMT(I),KMT
2510767.73558,19.4031,0.1932,SSO_KMTA42,KMT(I),KMT
2510767.7473600004,20.3343,0.3902,SSO_KMTA42,KMT(I),KMT
2510767.75935,20.1262,0.3212,SSO_KMTA42,KMT(I),KMT
2510767.7790399995,20.2127,0.4061,SSO_KMTA42,KMT(I),KMT
2510767.7910200004,19.2495,0.1554,SSO_KMTA42,KMT(I),KMT
2510767.80301,19.6431,0.255,SSO_KMTA42,KMT(I),KMT
2510768.61665,19.716,0.2304,SSO_KMTA42,KMT(I),KMT
2510768.62861,19.8579,0.324,SSO_KMTA42,KMT(I),KMT
2510768.6405299995,19.7235,0.2415,SSO_KMTA42,KMT(I),KMT
2510768.6597499996,19.708,0.2285,SSO_KMTA42,KMT(I),KMT
2510768.6716399994,19.7636,0.1888,SSO_KMTA42,KMT(I),KMT
2510768.68296,19.9186,0.2856,SSO_KMTA42,KMT(I),KMT
2510768.69432,19.8788,0.2316,SSO_KMTA42,KMT(I),KMT
2510768.70639,20.0563,0.4834,SSO_KMTA42,KMT(I),KMT
2510768.73083,20.3745,0.3931,SSO_KMTA42,KMT(I),KMT
2510768.7426500004,19.3545,0.1696,SSO_KMTA42,KMT(I),KMT
2510768.7542899996,20.7733,0.5283,SSO_KMTA42,KMT(I),KMT
2510768.76602,19.9242,0.1927,SSO_KMTA42,KMT(I),KMT
2510768.7780099995,19.9539,0.2286,SSO_KMTA42,KMT(I),KMT
2510768.78998,19.5983,0.1621,SSO_KMTA42,KMT(I),KMT
2510768.80937,20.2301,0.4208,SSO_KMTA42,KMT(I),KMT
2510769.61187,20.1724,0.3909,SSO_KMTA42,KMT(I),KMT
2510769.6282599997,19.5051,0.1827,SSO_KMTA42,KMT(I),KMT
2510769.6402400006,19.6539,0.1329,SSO_KMTA42,KMT(I),KMT
2510769.65211,19.945,0.2608,SSO_KMTA42,KMT(I),KMT
2510769.66639,19.6765,0.2076,SSO_KMTA42,KMT(I),KMT
2510769.68563,19.6802,0.2568,SSO_KMTA42,KMT(I),KMT
2510769.69764,19.5581,0.1762,SSO_KMTA42,KMT(I),KMT
2510769.70947,19.9299,0.2696,SSO_KMTA42,KMT(I),KMT
2510769.72148,18.7618,0.102,SSO_KMTA42,KMT(I),KMT
2510769.7334700003,18.8573,0.1004,SSO_KMTA42,KMT(I),KMT
2510769.7527799997,19.9276,0.2936,SSO_KMTA42,KMT(I),KMT
2510769.76461,19.2174,0.1785,SSO_KMTA42,KMT(I),KMT
2510769.77654,19.4183,0.1796,SSO_KMTA42,KMT(I),KMT
2510769.7880300004,18.9418,0.1216,SSO_KMTA42,KMT(I),KMT
2510769.7997900005,19.7107,0.2675,SSO_KMTA42,KMT(I),KMT
2510770.6111900005,18.2836,0.0943,SSO_KMTA42,KMT(I),KMT
2510770.6409799997,19.0698,0.2056,SSO_KMTA42,KMT(I),KMT
2510770.6529600006,18.9363,0.1186,SSO_KMTA42,KMT(I),KMT
2510770.6649600007,18.7,0.1324,SSO_KMTA42,KMT(I),KMT
2510770.67636,19.6027,0.2487,SSO_KMTA42,KMT(I),KMT
2510770.6884199996,19.2911,0.1829,SSO_KMTA42,KMT(I),KMT
2510770.7072599996,19.9028,0.3673,SSO_KMTA42,KMT(I),KMT
2510770.7189300004,19.1877,0.1201,SSO_KMTA42,KMT(I),KMT
2510770.7327999994,19.554,0.1762,SSO_KMTA42,KMT(I),KMT
2510770.74472,19.7946,0.2197,SSO_KMTA42,KMT(I),KMT
2510770.75653,19.7187,0.1669,SSO_KMTA42,KMT(I),KMT
2510770.7755999994,19.7285,0.1769,SSO_KMTA42,KMT(I),KMT
2510770.78754,20.402,0.4036,SSO_KMTA42,KMT(I),KMT
2510770.7993400004,19.7386,0.1631,SSO_KMTA42,KMT(I),KMT
2510770.8111499995,19.5517,0.1842,SSO_KMTA42,KMT(I),KMT
2510771.61044,20.1188,0.3119,SSO_KMTA42,KMT(I),KMT
2510771.62376,19.8349,0.1719,SSO_KMTA42,KMT(I),KMT
2510771.64305,19.9291,0.2076,SSO_KMTA42,KMT(I),KMT
2510771.65484,19.9202,0.2679,SSO_KMTA42,KMT(I),KMT
2510771.6668500006,20.3337,0.3544,SSO_KMTA42,KMT(I),KMT
2510771.67885,19.726,0.1552,SSO_KMTA42,KMT(I),KMT
2510771.6908100005,20.029,0.2541,SSO_KMTA42,KMT(I),KMT
2510771.71007,19.9118,0.1509,SSO_KMTA42,KMT(I),KMT
2510771.72193,21.0059,1.0785,SSO_KMTA42,KMT(I),KMT
2510771.7338299993,20.1803,0.2742,SSO_KMTA42,KMT(I),KMT
2510771.7458999995,19.7629,0.1714,SSO_KMTA42,KMT(I),KMT
2510771.75763,20.1435,0.2313,SSO_KMTA42,KMT(I),KMT
2510771.7696199995,19.8441,0.163,SSO_KMTA42,KMT(I),KMT
2510771.7890099995,19.7698,0.2049,SSO_KMTA42,KMT(I),KMT
2510771.8008399997,19.9867,0.1958,SSO_KMTA42,KMT(I),KMT
2510771.81279,19.5568,0.2906,SSO_KMTA42,KMT(I),KMT
2510772.6076100003,19.38,0.1567,SSO_KMTA42,KMT(I),KMT
2510772.61948,19.4041,0.1677,SSO_KMTA42,KMT(I),KMT
2510772.6314400006,19.471,0.1391,SSO_KMTA42,KMT(I),KMT
2510772.65065,19.6653,0.1512,SSO_KMTA42,KMT(I),KMT
2510772.66259,20.0361,0.1768,SSO_KMTA42,KMT(I),KMT
2510772.67444,19.7067,0.1374,SSO_KMTA42,KMT(I),KMT
2510772.68633,19.7628,0.1471,SSO_KMTA42,KMT(I),KMT
2510772.6982899997,19.7882,0.1808,SSO_KMTA42,KMT(I),KMT
2510772.71751,20.0287,0.2274,SSO_KMTA42,KMT(I),KMT
2510772.7291199993,19.9826,0.1989,SSO_KMTA42,KMT(I),KMT
2510772.74036,19.6668,0.1475,SSO_KMTA42,KMT(I),KMT
2510772.75196,20.4135,0.555,SSO_KMTA42,KMT(I),KMT
2510772.76384,18.9284,0.1271,SSO_KMTA42,KMT(I),KMT
2510772.7839100007,19.9919,0.305,SSO_KMTA42,KMT(I),KMT
2510772.79596,19.824,0.2356,SSO_KMTA42,KMT(I),KMT
2510772.8078700006,19.9124,0.3253,SSO_KMTA42,KMT(I),KMT
2510773.60546,18.5619,0.1017,SSO_KMTA42,KMT(I),KMT
2510773.61744,19.7176,0.2341,SSO_KMTA42,KMT(I),KMT
2510773.63667,19.9164,0.1679,SSO_KMTA42,KMT(I),KMT
2510773.6486300007,19.2696,0.1316,SSO_KMTA42,KMT(I),KMT
2510773.6605399996,20.024,0.306,SSO_KMTA42,KMT(I),KMT
2510773.6725699995,20.0314,0.2771,SSO_KMTA42,KMT(I),KMT
2510773.6844299994,19.7862,0.2392,SSO_KMTA42,KMT(I),KMT
2510774.60427,19.636,0.234,SSO_KMTA42,KMT(I),KMT
2510774.6162899993,20.1547,0.4079,SSO_KMTA42,KMT(I),KMT
2510774.62804,19.5595,0.2062,SSO_KMTA42,KMT(I),KMT
2510774.64002,19.9056,0.3174,SSO_KMTA42,KMT(I),KMT
2510774.6519099995,19.883,0.2829,SSO_KMTA42,KMT(I),KMT
2510774.67105,20.305,0.4243,SSO_KMTA42,KMT(I),KMT
2510774.6828199998,19.5215,0.1918,SSO_KMTA42,KMT(I),KMT
2510774.70319,19.3623,0.2141,SSO_KMTA42,KMT(I),KMT
2510774.71519,19.6905,0.9009,SSO_KMTA42,KMT(I),KMT
2510774.727,19.0103,0.8782,SSO_KMTA42,KMT(I),KMT
2510775.6015600003,19.6227,0.2826,SSO_KMTA42,KMT(I),KMT
2510775.61355,19.9767,0.2337,SSO_KMTA42,KMT(I),KMT
2510775.6255399995,19.7957,0.2492,SSO_KMTA42,KMT(I),KMT
2510775.64205,20.2686,0.4363,SSO_KMTA42,KMT(I),KMT
2510775.65364,19.7341,0.2708,SSO_KMTA42,KMT(I),KMT
2510775.66543,19.9603,0.3452,SSO_KMTA42,KMT(I),KMT
2510775.68535,19.8958,0.2979,SSO_KMTA42,KMT(I),KMT
2510775.6971000005,20.1123,0.3213,SSO_KMTA42,KMT(I),KMT
2510775.7089,19.8342,0.261,SSO_KMTA42,KMT(I),KMT
2510775.7206299994,20.4384,1.9052,SSO_KMTA42,KMT(I),KMT
2510775.7325,20.3011,0.5327,SSO_KMTA42,KMT(I),KMT
2510775.75165,20.4063,0.3482,SSO_KMTA42,KMT(I),KMT
2510775.76337,20.065,0.3234,SSO_KMTA42,KMT(I),KMT
2510775.7752100006,20.3324,0.4131,SSO_KMTA42,KMT(I),KMT
2510775.7871899996,19.801,0.2931,SSO_KMTA42,KMT(I),KMT
2510776.59574,20.3817,0.4237,SSO_KMTA42,KMT(I),KMT
2510776.6147499997,20.3996,0.5236,SSO_KMTA42,KMT(I),KMT
2510776.6262599993,19.9476,0.2807,SSO_KMTA42,KMT(I),KMT
2510776.6380700003,19.8745,0.3474,SSO_KMTA42,KMT(I),KMT
2510776.6504999995,19.8991,0.3,SSO_KMTA42,KMT(I),KMT
2510776.6623100005,20.0807,0.3389,SSO_KMTA42,KMT(I),KMT
2510776.6883199997,20.2401,0.3255,SSO_KMTA42,KMT(I),KMT
2510776.70036,20.0833,0.3121,SSO_KMTA42,KMT(I),KMT
2510776.7121200003,19.5588,0.1778,SSO_KMTA42,KMT(I),KMT
2510776.7292400002,20.4279,0.5071,SSO_KMTA42,KMT(I),KMT
2510776.74096,20.3843,0.2542,SSO_KMTA42,KMT(I),KMT
2510776.76018,19.9371,0.1887,SSO_KMTA42,KMT(I),KMT
2510776.772,20.134,0.2686,SSO_KMTA42,KMT(I),KMT
2510776.7840100005,19.9239,0.1546,SSO_KMTA42,KMT(I),KMT
2510776.79626,20.3234,0.2062,SSO_KMTA42,KMT(I),KMT
2510776.8093299996,20.0364,0.1664,SSO_KMTA42,KMT(I),KMT
2510777.5973000005,19.2391,0.2353,SSO_KMTA42,KMT(I),KMT
2510777.6185100004,19.479,0.2727,SSO_KMTA42,KMT(I),KMT
2510777.6316,19.7503,0.3402,SSO_KMTA42,KMT(I),KMT
2510777.6436899994,19.6756,0.2569,SSO_KMTA42,KMT(I),KMT
2510777.6566199996,19.1391,0.2196,SSO_KMTA42,KMT(I),KMT
2510777.6688199993,19.7687,0.3121,SSO_KMTA42,KMT(I),KMT
2510777.70058,19.9297,0.3309,SSO_KMTA42,KMT(I),KMT
2510777.7139,20.1096,0.4426,SSO_KMTA42,KMT(I),KMT
2510777.7266300004,20.2697,0.6763,SSO_KMTA42,KMT(I),KMT
2510777.7407,20.0573,0.4025,SSO_KMTA42,KMT(I),KMT
2510777.75361,19.896,0.4797,SSO_KMTA42,KMT(I),KMT
2510777.77688,19.6191,0.4274,SSO_KMTA42,KMT(I),KMT
2510777.78971,19.7666,0.4093,SSO_KMTA42,KMT(I),KMT
2510777.81262,20.6714,1.1136,SSO_KMTA42,KMT(I),KMT
2510778.5921100006,20.0504,0.5644,SSO_KMTA42,KMT(I),KMT
2510778.6035200004,18.9438,0.1612,SSO_KMTA42,KMT(I),KMT
2510778.61513,20.103,0.4921,SSO_KMTA42,KMT(I),KMT
2510778.6342399996,19.2934,0.2383,SSO_KMTA42,KMT(I),KMT
2510778.6461900007,20.7286,1.0763,SSO_KMTA42,KMT(I),KMT
2510778.6579100005,20.0785,0.3901,SSO_KMTA42,KMT(I),KMT
2510778.66974,19.9382,0.3351,SSO_KMTA42,KMT(I),KMT
2510778.68169,20.0133,0.2819,SSO_KMTA42,KMT(I),KMT
2510778.70086,19.5364,0.2225,SSO_KMTA42,KMT(I),KMT
2510778.7125499994,19.5593,0.2932,SSO_KMTA42,KMT(I),KMT
2510778.7244300004,20.215,0.5143,SSO_KMTA42,KMT(I),KMT
2510778.7362,20.0044,0.4276,SSO_KMTA42,KMT(I),KMT
2510778.74801,19.76,0.2714,SSO_KMTA42,KMT(I),KMT
2510778.7673899997,19.8471,0.3411,SSO_KMTA42,KMT(I),KMT
2510778.7793300003,20.1191,0.448,SSO_KMTA42,KMT(I),KMT
2510778.7914199997,20.2001,0.6099,SSO_KMTA42,KMT(I),KMT
2510778.8034300003,20.7376,1.958,SSO_KMTA42,KMT(I),KMT
2510778.8168400005,19.7178,0.4838,SSO_KMTA42,KMT(I),KMT
2510779.58885,20.4694,1.0253,SSO_KMTA42,KMT(I),KMT
2510779.60807,19.5386,0.308,SSO_KMTA42,KMT(I),KMT
2510779.6197999995,19.9347,0.5376,SSO_KMTA42,KMT(I),KMT
2510779.63229,19.5605,0.3579,SSO_KMTA42,KMT(I),KMT
2510779.64413,19.4308,0.2926,SSO_KMTA42,KMT(I),KMT
2510779.65615,19.677,0.3314,SSO_KMTA42,KMT(I),KMT
2510779.67624,20.0233,0.5066,SSO_KMTA42,KMT(I),KMT
2510779.6880799998,19.6636,0.2506,SSO_KMTA42,KMT(I),KMT
2510779.70005,20.1485,0.5089,SSO_KMTA42,KMT(I),KMT
2510779.7116100006,19.3118,0.2047,SSO_KMTA42,KMT(I),KMT
2510779.7236100007,19.4412,0.234,SSO_KMTA42,KMT(I),KMT
2510779.7426699996,18.9591,0.171,SSO_KMTA42,KMT(I),KMT
2510779.7547200006,19.9691,0.4253,SSO_KMTA42,KMT(I),KMT
2510779.76659,19.5733,0.2621,SSO_KMTA42,KMT(I),KMT
2510779.7784,19.3879,0.4048,SSO_KMTA42,KMT(I),KMT
2510779.79043,19.8131,0.7362,SSO_KMTA42,KMT(I),KMT
2510779.80973,18.7631,0.2613,SSO_KMTA42,KMT(I),KMT
2510780.5911299996,19.4687,0.545,SSO_KMTA42,KMT(I),KMT
2510780.60307,19.0365,0.3351,SSO_KMTA42,KMT(I),KMT
2510780.6151,18.4915,0.2218,SSO_KMTA42,KMT(I),KMT
2510780.6273999996,18.2308,0.1502,SSO_KMTA42,KMT(I),KMT
2510780.63908,19.3715,0.4132,SSO_KMTA42,KMT(I),KMT
2510781.58328,19.444,0.4594,SSO_KMTA42,KMT(I),KMT
2510781.6026600003,19.7167,0.6904,SSO_KMTA42,KMT(I),KMT
2510781.61434,19.8749,0.8369,SSO_KMTA42,KMT(I),KMT
2510781.62629,20.4607,1.7356,SSO_KMTA42,KMT(I),KMT
2510781.6382599995,19.2407,0.3811,SSO_KMTA42,KMT(I),KMT
2510781.6502400003,19.3242,0.469,SSO_KMTA42,KMT(I),KMT
2510781.67095,18.8347,0.237,SSO_KMTA42,KMT(I),KMT
2510781.6827499997,19.6246,0.5722,SSO_KMTA42,KMT(I),KMT
2510781.6946799997,19.551,0.5834,SSO_KMTA42,KMT(I),KMT
2510781.7066399995,20.4833,1.4544,SSO_KMTA42,KMT(I),KMT
2510781.7185200006,19.7411,0.4772,SSO_KMTA42,KMT(I),KMT
2510781.73759,20.2474,0.6342,SSO_KMTA42,KMT(I),KMT
2510781.7494799998,19.772,0.3616,SSO_KMTA42,KMT(I),KMT
2510781.76133,19.9026,0.4646,SSO_KMTA42,KMT(I),KMT
2510781.77362,18.9734,0.1756,SSO_KMTA42,KMT(I),KMT
2510781.7852800004,19.4379,0.4834,SSO_KMTA42,KMT(I),KMT
2510782.57945,18.8858,0.6257,SSO_KMTA42,KMT(I),KMT
2510782.6032800004,19.0073,0.5185,SSO_KMTA42,KMT(I),KMT
2510782.61372,19.8639,1.6684,SSO_KMTA42,KMT(I),KMT
2510782.6287200004,19.8591,1.4598,SSO_KMTA42,KMT(I),KMT
2510782.6416100003,19.9493,1.6843,SSO_KMTA42,KMT(I),KMT
2510782.6534400005,19.5186,0.8172,SSO_KMTA42,KMT(I),KMT
2510782.6773700006,19.2949,0.9589,SSO_KMTA42,KMT(I),KMT
2510782.76384,18.4182,0.3328,SSO_KMTA42,KMT(I),KMT
2510782.8033600003,18.2496,0.3775,SSO_KMTA42,KMT(I),KMT
2510782.81535,18.5623,0.4616,SSO_KMTA42,KMT(I),KMT
2510783.58507,13.666,0.2575,SSO_KMTA42,KMT(I),KMT
2510784.5758299995,19.2844,0.9372,SSO_KMTA42,KMT(I),KMT
2510784.5881900005,18.9747,0.3932,SSO_KMTA42,KMT(I),KMT
2510784.60757,20.378,2.71,SSO_KMTA42,KMT(I),KMT
2510784.6310900003,19.6982,0.6779,SSO_KMTA42,KMT(I),KMT
2510784.64308,19.6372,0.7924,SSO_KMTA42,KMT(I),KMT
2510784.6765800007,20.1008,2.1686,SSO_KMTA42,KMT(I),KMT
2510784.70299,19.3594,0.8074,SSO_KMTA42,KMT(I),KMT
2510784.72657,19.4991,0.5328,SSO_KMTA42,KMT(I),KMT
2510784.7632400002,19.9995,0.6394,SSO_KMTA42,KMT(I),KMT
2510784.7750899997,19.3222,0.3719,SSO_KMTA42,KMT(I),KMT
2510784.78677,19.7898,0.5629,SSO_KMTA42,KMT(I),KMT
2510786.57125,19.6463,0.2671,SSO_KMTA42,KMT(I),KMT
2510786.58321,19.3534,0.1641,SSO_KMTA42,KMT(I),KMT
2510786.5952000003,19.6205,0.2165,SSO_KMTA42,KMT(I),KMT
2510786.6071799994,20.1447,0.4899,SSO_KMTA42,KMT(I),KMT
2510786.6262599993,21.265,1.57,SSO_KMTA42,KMT(I),KMT
2510786.63779,19.6379,0.2753,SSO_KMTA42,KMT(I),KMT
2510786.6497600004,19.2992,0.1784,SSO_KMTA42,KMT(I),KMT
2510786.66168,20.1521,0.56,SSO_KMTA42,KMT(I),KMT
2510786.67363,19.8329,0.2628,SSO_KMTA42,KMT(I),KMT
2510786.6926000006,19.6591,0.2682,SSO_KMTA42,KMT(I),KMT
2510786.70441,19.5353,0.243,SSO_KMTA42,KMT(I),KMT
2510786.7201199997,19.856,0.3,SSO_KMTA42,KMT(I),KMT
2510786.7366700005,20.0594,0.4201,SSO_KMTA42,KMT(I),KMT
2510786.7483200002,19.6285,0.2733,SSO_KMTA42,KMT(I),KMT
2510786.76839,20.0002,0.397,SSO_KMTA42,KMT(I),KMT
2510786.7804199997,19.9147,0.4162,SSO_KMTA42,KMT(I),KMT
2510786.79222,20.1946,0.8739,SSO_KMTA42,KMT(I),KMT
2510786.8040699996,19.1272,0.2081,SSO_KMTA42,KMT(I),KMT
2510786.8159,19.7056,0.4257,SSO_KMTA42,KMT(I),KMT
2510787.59476,20.6474,0.4524,SSO_KMTA42,KMT(I),KMT
2510788.5968200006,19.8339,0.2612,SSO_KMTA42,KMT(I),KMT
2510788.60876,19.469,0.2021,SSO_KMTA42,KMT(I),KMT
2510789.56204,19.3828,0.1718,SSO_KMTA42,KMT(I),KMT
2510789.57434,19.4943,0.2018,SSO_KMTA42,KMT(I),KMT
2510789.5860600006,19.7037,0.1484,SSO_KMTA42,KMT(I),KMT
2510789.60343,19.9059,0.2424,SSO_KMTA42,KMT(I),KMT
2510789.6226000004,19.868,0.4774,SSO_KMTA42,KMT(I),KMT
2510789.6343799997,20.2637,0.5771,SSO_KMTA42,KMT(I),KMT
2510789.6458400004,20.4952,0.4425,SSO_KMTA42,KMT(I),KMT
2510789.6575499997,19.8729,0.2171,SSO_KMTA42,KMT(I),KMT
2510789.66933,19.8996,0.2363,SSO_KMTA42,KMT(I),KMT
2510789.6884000003,19.9183,0.2605,SSO_KMTA42,KMT(I),KMT
2510789.6996800005,20.3131,0.3408,SSO_KMTA42,KMT(I),KMT
2510789.7110099997,20.2116,0.2343,SSO_KMTA42,KMT(I),KMT
2510789.7226400003,19.9834,0.2264,SSO_KMTA42,KMT(I),KMT
2510789.7351399995,19.6188,0.2002,SSO_KMTA42,KMT(I),KMT
2510789.76169,19.5469,0.2117,SSO_KMTA42,KMT(I),KMT
2510789.7733999994,20.2145,0.3262,SSO_KMTA42,KMT(I),KMT
2510789.78512,19.4216,0.1656,SSO_KMTA42,KMT(I),KMT
2510789.79706,19.908,0.2688,SSO_KMTA42,KMT(I),KMT
2510789.80901,19.9783,0.2903,SSO_KMTA42,KMT(I),KMT
2510790.56021,19.4845,0.2038,SSO_KMTA42,KMT(I),KMT
2510790.57171,19.8712,0.3464,SSO_KMTA42,KMT(I),KMT
2510790.63043,19.8076,0.3445,SSO_KMTA42,KMT(I),KMT
2510790.6419600006,18.6002,0.1416,SSO_KMTA42,KMT(I),KMT
2510790.65429,19.7893,0.2644,SSO_KMTA42,KMT(I),KMT
2510790.6779200006,18.8456,0.5583,SSO_KMTA42,KMT(I),KMT
2510790.6971899997,20.3719,0.5518,SSO_KMTA42,KMT(I),KMT
2510790.70914,20.0109,0.2643,SSO_KMTA42,KMT(I),KMT
2510793.5499399994,19.9446,0.2774,SSO_KMTA42,KMT(I),KMT
2510793.5617699996,20.2876,0.3538,SSO_KMTA42,KMT(I),KMT
2510793.58093,20.1889,0.3583,SSO_KMTA42,KMT(I),KMT
2510793.5927799996,20.3453,0.3523,SSO_KMTA42,KMT(I),KMT
2510793.60415,20.1605,0.243,SSO_KMTA42,KMT(I),KMT
2510793.61622,19.709,0.1441,SSO_KMTA42,KMT(I),KMT
2510793.62804,20.5754,0.435,SSO_KMTA42,KMT(I),KMT
2510793.64001,20.1553,0.2654,SSO_KMTA42,KMT(I),KMT
2510793.65922,20.1228,0.2957,SSO_KMTA42,KMT(I),KMT
2510793.67086,19.6954,0.1889,SSO_KMTA42,KMT(I),KMT
2510793.68255,19.6254,0.1548,SSO_KMTA42,KMT(I),KMT
2510793.6942299996,19.7389,0.2374,SSO_KMTA42,KMT(I),KMT
2510793.70622,19.6958,0.2263,SSO_KMTA42,KMT(I),KMT
2510793.7255099993,20.4954,0.3803,SSO_KMTA42,KMT(I),KMT
2510793.73742,19.6302,0.178,SSO_KMTA42,KMT(I),KMT
2510793.7497000005,19.8233,0.2325,SSO_KMTA42,KMT(I),KMT
2510793.7615600005,20.3815,0.5218,SSO_KMTA42,KMT(I),KMT
2510793.7735399995,19.713,0.188,SSO_KMTA42,KMT(I),KMT
2510794.5472999997,19.7885,0.2909,SSO_KMTA42,KMT(I),KMT
2510794.56654,19.0805,0.1602,SSO_KMTA42,KMT(I),KMT
2510794.57849,19.5168,0.204,SSO_KMTA42,KMT(I),KMT
2510794.5902900007,17.8099,0.5193,SSO_KMTA42,KMT(I),KMT
2510794.64434,20.2235,0.6595,SSO_KMTA42,KMT(I),KMT
2510794.6558800004,19.6433,0.2129,SSO_KMTA42,KMT(I),KMT
2510794.6755100004,19.8257,0.2736,SSO_KMTA42,KMT(I),KMT
2510794.6893300004,19.8103,0.1897,SSO_KMTA42,KMT(I),KMT
2510794.7087399997,19.846,0.2015,SSO_KMTA42,KMT(I),KMT
2510794.72021,19.939,0.212,SSO_KMTA42,KMT(I),KMT
2510794.73171,19.8393,0.319,SSO_KMTA42,KMT(I),KMT
2510794.74323,20.7465,0.8047,SSO_KMTA42,KMT(I),KMT
2510794.75457,19.4322,0.179,SSO_KMTA42,KMT(I),KMT
2510794.77382,19.6632,0.1867,SSO_KMTA42,KMT(I),KMT
2510794.7858000007,20.0015,0.31,SSO_KMTA42,KMT(I),KMT
2510794.79846,19.8045,0.2022,SSO_KMTA42,KMT(I),KMT
2510794.81016,20.0637,0.3864,SSO_KMTA42,KMT(I),KMT
2510794.8220300004,20.0435,0.232,SSO_KMTA42,KMT(I),KMT
2510796.55755,19.5113,0.1851,SSO_KMTA42,KMT(I),KMT
2510796.5769500006,19.8042,0.2009,SSO_KMTA42,KMT(I),KMT
2510796.5890800003,19.7561,0.2165,SSO_KMTA42,KMT(I),KMT
2510796.60167,19.2974,0.1377,SSO_KMTA42,KMT(I),KMT
2510796.6136600003,19.5339,0.2077,SSO_KMTA42,KMT(I),KMT
2510796.62555,19.1355,0.1489,SSO_KMTA42,KMT(I),KMT
2510796.64465,19.6291,0.2677,SSO_KMTA42,KMT(I),KMT
2510796.6568299998,19.3513,0.1509,SSO_KMTA42,KMT(I),KMT
2510796.6687000003,19.9665,0.3365,SSO_KMTA42,KMT(I),KMT
2510797.5518699996,19.3818,0.1587,SSO_KMTA42,KMT(I),KMT
2510797.57206,19.9197,0.2151,SSO_KMTA42,KMT(I),KMT
2510797.58498,18.5905,0.0969,SSO_KMTA42,KMT(I),KMT
2510797.5986199994,19.0164,0.1442,SSO_KMTA42,KMT(I),KMT
2510797.6127899997,19.2702,0.1495,SSO_KMTA42,KMT(I),KMT
2510797.6259400006,18.7355,0.0902,SSO_KMTA42,KMT(I),KMT
2510797.6518399995,20.2219,0.3089,SSO_KMTA42,KMT(I),KMT
2510797.6678800005,20.2093,0.3388,SSO_KMTA42,KMT(I),KMT
2510797.68026,19.8008,0.2419,SSO_KMTA42,KMT(I),KMT
2510797.6973400004,20.0836,0.2696,SSO_KMTA42,KMT(I),KMT
2510797.70885,19.2905,0.1565,SSO_KMTA42,KMT(I),KMT
2510797.7278199997,19.6034,0.2129,SSO_KMTA42,KMT(I),KMT
2510797.7397799995,20.7613,0.9859,SSO_KMTA42,KMT(I),KMT
2510798.5372,19.5476,0.192,SSO_KMTA42,KMT(I),KMT
2510798.54629,19.0932,0.1203,SSO_KMTA42,KMT(I),KMT
2510798.55801,20.2278,0.3263,SSO_KMTA42,KMT(I),KMT
2510798.5697300006,19.2401,0.1277,SSO_KMTA42,KMT(I),KMT
2510798.5887599997,19.8018,0.1749,SSO_KMTA42,KMT(I),KMT
2510798.60532,19.7473,0.1771,SSO_KMTA42,KMT(I),KMT
2510798.61694,20.0747,0.234,SSO_KMTA42,KMT(I),KMT
2510798.6332399994,19.5634,0.1628,SSO_KMTA42,KMT(I),KMT
2510798.6450699996,19.3166,0.1028,SSO_KMTA42,KMT(I),KMT
2510798.66421,19.9442,0.1766,SSO_KMTA42,KMT(I),KMT
2510798.67579,19.696,0.1238,SSO_KMTA42,KMT(I),KMT
2510798.6875100005,19.729,0.1582,SSO_KMTA42,KMT(I),KMT
2510798.69936,19.9507,0.2346,SSO_KMTA42,KMT(I),KMT
2510798.7112099994,20.1829,0.2444,SSO_KMTA42,KMT(I),KMT
2510798.7305500004,20.0495,0.2638,SSO_KMTA42,KMT(I),KMT
2510798.74233,19.735,0.2004,SSO_KMTA42,KMT(I),KMT
2510798.75827,20.2366,0.2494,SSO_KMTA42,KMT(I),KMT
2510798.77011,20.4589,0.2913,SSO_KMTA42,KMT(I),KMT
2510798.78206,20.1704,0.1941,SSO_KMTA42,KMT(I),KMT
2510798.7940100003,19.5098,0.1683,SSO_KMTA42,KMT(I),KMT
2510798.81307,19.8349,0.2223,SSO_KMTA42,KMT(I),KMT
2510798.82505,19.5875,0.3181,SSO_KMTA42,KMT(I),KMT
2510799.5342800003,20.095,0.4422,SSO_KMTA42,KMT(I),KMT
2510799.54844,19.5954,0.2561,SSO_KMTA42,KMT(I),KMT
2510799.5598799996,19.6903,0.2499,SSO_KMTA42,KMT(I),KMT
2510799.5717900004,20.1948,0.4258,SSO_KMTA42,KMT(I),KMT
2510799.5911599994,19.5633,0.1923,SSO_KMTA42,KMT(I),KMT
2510799.60298,19.4715,0.2545,SSO_KMTA42,KMT(I),KMT
2510799.6150199994,19.4015,0.1978,SSO_KMTA42,KMT(I),KMT
2510799.6386600006,19.7113,0.2943,SSO_KMTA42,KMT(I),KMT
2510799.65056,19.0942,0.1376,SSO_KMTA42,KMT(I),KMT
2510800.5336799994,20.028,0.2224,SSO_KMTA42,KMT(I),KMT
2510800.5528299995,20.1811,0.2346,SSO_KMTA42,KMT(I),KMT
2510800.56489,20.4318,0.2672,SSO_KMTA42,KMT(I),KMT
2510800.5769100003,20.5287,0.2974,SSO_KMTA42,KMT(I),KMT
2510800.5889100004,20.1182,0.176,SSO_KMTA42,KMT(I),KMT
2510800.6009400003,20.3247,0.2015,SSO_KMTA42,KMT(I),KMT
2510800.62019,20.0237,0.1389,SSO_KMTA42,KMT(I),KMT
2510800.6351500005,19.9925,0.2395,SSO_KMTA42,KMT(I),KMT
2510800.6468700003,19.927,0.1564,SSO_KMTA42,KMT(I),KMT
2510800.65883,19.9796,0.1355,SSO_KMTA42,KMT(I),KMT
2510800.67069,20.1383,0.2158,SSO_KMTA42,KMT(I),KMT
2510800.69596,20.1423,0.15,SSO_KMTA42,KMT(I),KMT
2510800.7078099996,20.1067,0.2315,SSO_KMTA42,KMT(I),KMT
2510800.7194999997,20.1175,0.2005,SSO_KMTA42,KMT(I),KMT
2510800.7313,20.504,0.2962,SSO_KMTA42,KMT(I),KMT
2510800.74369,19.8158,0.1658,SSO_KMTA42,KMT(I),KMT
2510800.76279,20.0539,0.1993,SSO_KMTA42,KMT(I),KMT
2510800.7746200003,19.9796,0.2012,SSO_KMTA42,KMT(I),KMT
2510800.78661,16.0129,0.0811,SSO_KMTA42,KMT(I),KMT
2510801.5290099997,19.7578,0.1862,SSO_KMTA42,KMT(I),KMT
2510801.5408299994,20.1863,0.1675,SSO_KMTA42,KMT(I),KMT
2510801.5526800007,20.2695,0.32,SSO_KMTA42,KMT(I),KMT
2510801.5716699995,19.7809,0.1876,SSO_KMTA42,KMT(I),KMT
2510801.5835299995,20.0086,0.1492,SSO_KMTA42,KMT(I),KMT
2510801.5955299996,20.0219,0.2614,SSO_KMTA42,KMT(I),KMT
2510801.6075599995,19.9605,0.1237,SSO_KMTA42,KMT(I),KMT
2510801.61957,20.1539,0.2371,SSO_KMTA42,KMT(I),KMT
2510801.63861,19.8161,0.118,SSO_KMTA42,KMT(I),KMT
2510801.65058,19.9953,0.1756,SSO_KMTA42,KMT(I),KMT
2510801.6622599997,20.3576,0.255,SSO_KMTA42,KMT(I),KMT
2510801.67555,20.1746,0.1841,SSO_KMTA42,KMT(I),KMT
2510801.68736,20.1584,0.1489,SSO_KMTA42,KMT(I),KMT
2510801.6992000006,20.0532,0.1662,SSO_KMTA42,KMT(I),KMT
2510801.7190000005,20.1526,0.2049,SSO_KMTA42,KMT(I),KMT
2510801.7306200005,20.1904,0.199,SSO_KMTA42,KMT(I),KMT
2510801.74257,19.9132,0.1115,SSO_KMTA42,KMT(I),KMT
2510801.75416,20.098,0.1628,SSO_KMTA42,KMT(I),KMT
2510801.76614,20.2114,0.146,SSO_KMTA42,KMT(I),KMT
2510801.7853299994,19.9994,0.1427,SSO_KMTA42,KMT(I),KMT
2510801.7972,20.0728,0.1977,SSO_KMTA42,KMT(I),KMT
2510801.8091599997,20.0933,0.1841,SSO_KMTA42,KMT(I),KMT
2510801.8210000005,20.1565,0.1434,SSO_KMTA42,KMT(I),KMT
2510802.5273,19.4038,0.462,SSO_KMTA42,KMT(I),KMT
2510802.55769,20.4647,0.3345,SSO_KMTA42,KMT(I),KMT
2510802.5696399994,19.8263,0.1481,SSO_KMTA42,KMT(I),KMT
2510802.5821199995,19.9561,0.1763,SSO_KMTA42,KMT(I),KMT
2510802.59365,20.06,0.28,SSO_KMTA42,KMT(I),KMT
2510802.6054500006,20.474,0.3507,SSO_KMTA42,KMT(I),KMT
2510802.6242699996,19.9696,0.2077,SSO_KMTA42,KMT(I),KMT
2510802.6359,20.2112,0.2403,SSO_KMTA42,KMT(I),KMT
2510802.65933,19.8381,0.1762,SSO_KMTA42,KMT(I),KMT
2510802.6712999996,19.7234,0.1284,SSO_KMTA42,KMT(I),KMT
2510802.69015,19.3372,0.4429,SSO_KMTA42,KMT(I),KMT
2510802.70178,20.0731,1.3806,SSO_KMTA42,KMT(I),KMT
2510802.71346,19.6526,0.2037,SSO_KMTA42,KMT(I),KMT
2510802.72542,19.8812,0.2663,SSO_KMTA42,KMT(I),KMT
2510802.7372200005,19.8528,0.2471,SSO_KMTA42,KMT(I),KMT
2510802.75591,20.0454,0.2419,SSO_KMTA42,KMT(I),KMT
2510802.76807,19.9521,0.2929,SSO_KMTA42,KMT(I),KMT
2510802.7797800004,19.9061,0.2494,SSO_KMTA42,KMT(I),KMT
2510802.7904000003,19.5167,0.241,SSO_KMTA42,KMT(I),KMT
2510802.80236,20.7063,0.7763,SSO_KMTA42,KMT(I),KMT
2510802.8235400002,19.197,0.1616,SSO_KMTA42,KMT(I),KMT
2510803.5377600007,18.9649,0.1243,SSO_KMTA42,KMT(I),KMT
2510803.55796,17.8246,0.0791,SSO_KMTA42,KMT(I),KMT
2510803.5768100005,18.2176,0.0794,SSO_KMTA42,KMT(I),KMT
2510803.59274,18.691,0.1074,SSO_KMTA42,KMT(I),KMT
2510803.6084400006,19.3139,0.1848,SSO_KMTA42,KMT(I),KMT
2510803.62966,19.6771,0.248,SSO_KMTA42,KMT(I),KMT
2510803.64255,19.2062,0.1667,SSO_KMTA42,KMT(I),KMT
2510803.6605900005,19.2575,0.1725,SSO_KMTA42,KMT(I),KMT
2510803.68257,19.5743,0.2008,SSO_KMTA42,KMT(I),KMT
2510803.6985,18.8088,0.1541,SSO_KMTA42,KMT(I),KMT
2510803.7139599994,18.509,0.1009,SSO_KMTA42,KMT(I),KMT
2510803.73288,18.6717,0.0973,SSO_KMTA42,KMT(I),KMT
2510803.7446100004,18.6894,0.1152,SSO_KMTA42,KMT(I),KMT
2510803.75693,18.8735,0.1122,SSO_KMTA42,KMT(I),KMT
2510803.7714,19.1367,0.1723,SSO_KMTA42,KMT(I),KMT
2510803.78336,18.9717,0.1199,SSO_KMTA42,KMT(I),KMT
2510803.80736,18.8565,0.1446,SSO_KMTA42,KMT(I),KMT
2510803.8191100005,17.9377,0.0739,SSO_KMTA42,KMT(I),KMT
2510804.53013,18.7306,0.1979,SSO_KMTA42,KMT(I),KMT
2510804.7125899997,19.5311,0.2071,SSO_KMTA42,KMT(I),KMT
2510804.72444,19.3908,0.1967,SSO_KMTA42,KMT(I),KMT
2510804.74335,19.7392,0.219,SSO_KMTA42,KMT(I),KMT
2510804.75533,19.7345,0.2738,SSO_KMTA42,KMT(I),KMT
2510804.7672000006,20.1107,0.3509,SSO_KMTA42,KMT(I),KMT
2510804.7792099994,19.7278,0.2076,SSO_KMTA42,KMT(I),KMT
2510804.79124,19.0155,0.1236,SSO_KMTA42,KMT(I),KMT
2510804.8095900007,19.8417,0.2447,SSO_KMTA42,KMT(I),KMT
2510805.5187999997,19.0742,0.152,SSO_KMTA42,KMT(I),KMT
2510805.5308299996,19.0497,0.1732,SSO_KMTA42,KMT(I),KMT
2510805.5474699996,19.4351,0.288,SSO_KMTA42,KMT(I),KMT
2510807.5181799997,20.9055,1.8092,SSO_KMTA42,KMT(I),KMT
2510807.5299999993,20.9332,1.929,SSO_KMTA42,KMT(I),KMT
2510807.5666300002,19.1931,1.0592,SSO_KMTA42,KMT(I),KMT
2510807.5975100007,18.1667,0.4486,SSO_KMTA42,KMT(I),KMT
2510807.6124099996,20.326,0.493,SSO_KMTA42,KMT(I),KMT
2510807.64009,19.7688,0.1657,SSO_KMTA42,KMT(I),KMT
2510807.65197,19.9442,0.2641,SSO_KMTA42,KMT(I),KMT
2510807.6756100003,20.7451,0.9338,SSO_KMTA42,KMT(I),KMT
2510807.68764,19.8395,0.2112,SSO_KMTA42,KMT(I),KMT
2510807.70514,20.0669,0.3283,SSO_KMTA42,KMT(I),KMT
2510807.7171800006,20.0024,0.5853,SSO_KMTA42,KMT(I),KMT
2510807.73267,18.9845,0.2459,SSO_KMTA42,KMT(I),KMT
2510807.7519700006,20.2324,1.8339,SSO_KMTA42,KMT(I),KMT
2510807.7639300004,19.849,0.662,SSO_KMTA42,KMT(I),KMT
2510807.77594,20.2804,1.4129,SSO_KMTA42,KMT(I),KMT
2510808.51662,19.7544,1.0452,SSO_KMTA42,KMT(I),KMT
2510808.5722899996,20.2774,2.5551,SSO_KMTA42,KMT(I),KMT
2510808.5842700005,19.6063,0.675,SSO_KMTA42,KMT(I),KMT
2510812.49964,18.5245,0.1577,SSO_KMTA42,KMT(I),KMT
2510812.51874,18.6128,0.1404,SSO_KMTA42,KMT(I),KMT
2510812.53166,19.8052,0.3626,SSO_KMTA42,KMT(I),KMT
2510812.54328,18.9422,0.1939,SSO_KMTA42,KMT(I),KMT
2510812.5553099997,21.0859,2.6445,SSO_KMTA42,KMT(I),KMT
2510812.5671699997,19.3734,0.2278,SSO_KMTA42,KMT(I),KMT
2510812.5864199996,19.4578,0.2678,SSO_KMTA42,KMT(I),KMT
2510812.5980200004,18.9053,0.1938,SSO_KMTA42,KMT(I),KMT
2510812.60963,18.3445,0.0989,SSO_KMTA42,KMT(I),KMT
2510812.62153,19.4922,0.2624,SSO_KMTA42,KMT(I),KMT
2510812.63736,18.2282,0.1136,SSO_KMTA42,KMT(I),KMT
2510812.66388,19.3421,0.2574,SSO_KMTA42,KMT(I),KMT
2510812.67578,18.3814,0.1155,SSO_KMTA42,KMT(I),KMT
2510812.68755,19.5008,0.2333,SSO_KMTA42,KMT(I),KMT
2510812.69926,18.4365,0.0832,SSO_KMTA42,KMT(I),KMT
2510812.7113000005,18.6272,0.1332,SSO_KMTA42,KMT(I),KMT
2510812.7306500003,19.2914,0.1714,SSO_KMTA42,KMT(I),KMT
2510812.7426699996,19.224,0.1482,SSO_KMTA42,KMT(I),KMT
2510812.75445,19.0709,0.1381,SSO_KMTA42,KMT(I),KMT
2510812.7664599996,19.1103,0.1916,SSO_KMTA42,KMT(I),KMT
2510812.77797,19.168,0.1646,SSO_KMTA42,KMT(I),KMT
2510812.79703,19.2546,0.1653,SSO_KMTA42,KMT(I),KMT
2510812.8090400007,19.2306,0.2745,SSO_KMTA42,KMT(I),KMT
2510812.8207399994,17.9857,0.092,SSO_KMTA42,KMT(I),KMT
2510812.8326699995,18.5684,0.1739,SSO_KMTA42,KMT(I),KMT
2510818.48338,20.136,0.3495,SSO_KMTA42,KMT(I),KMT
2510818.4952799994,20.3599,0.41,SSO_KMTA42,KMT(I),KMT
2510818.5281099994,19.8087,0.1769,SSO_KMTA42,KMT(I),KMT
2510818.5400900003,19.8762,0.1864,SSO_KMTA42,KMT(I),KMT
2510818.5519699994,20.218,0.2526,SSO_KMTA42,KMT(I),KMT
2510818.56372,20.7313,0.3743,SSO_KMTA42,KMT(I),KMT
2510818.5757299997,19.8554,0.5152,SSO_KMTA42,KMT(I),KMT
2510818.59074,19.8222,0.1805,SSO_KMTA42,KMT(I),KMT
2510818.60994,19.9704,0.5373,SSO_KMTA42,KMT(I),KMT
2510818.62189,17.8972,0.8153,SSO_KMTA42,KMT(I),KMT
2510818.6339,19.5429,0.1859,SSO_KMTA42,KMT(I),KMT
2510818.64573,19.5085,0.1584,SSO_KMTA42,KMT(I),KMT
2510818.65776,19.3603,0.8717,SSO_KMTA42,KMT(I),KMT
2510818.67674,19.5461,0.1293,SSO_KMTA42,KMT(I),KMT
2510818.71535,16.1503,0.3687,SSO_KMTA42,KMT(I),KMT
2510818.7269,18.7519,2.8693,SSO_KMTA42,KMT(I),KMT
2510818.7455599997,18.8805,0.2058,SSO_KMTA42,KMT(I),KMT
2510818.75708,19.9064,0.4804,SSO_KMTA42,KMT(I),KMT
2510818.7690200005,20.1263,0.2765,SSO_KMTA42,KMT(I),KMT
2510818.7809999995,19.9558,0.243,SSO_KMTA42,KMT(I),KMT
2510818.79287,19.9444,0.2242,SSO_KMTA42,KMT(I),KMT
2510818.8136400003,19.9457,0.2208,SSO_KMTA42,KMT(I),KMT
2510818.8254700005,19.4793,0.1589,SSO_KMTA42,KMT(I),KMT
2510819.4811700005,18.773,0.1141,SSO_KMTA42,KMT(I),KMT
2510819.4931499995,19.4455,0.1345,SSO_KMTA42,KMT(I),KMT
2510819.50514,19.9214,0.2815,SSO_KMTA42,KMT(I),KMT
2510819.53737,19.9897,0.2592,SSO_KMTA42,KMT(I),KMT
2510819.5494100004,19.3857,0.1505,SSO_KMTA42,KMT(I),KMT
2510819.56085,19.672,0.3618,SSO_KMTA42,KMT(I),KMT
2510819.5727699995,19.7994,0.2136,SSO_KMTA42,KMT(I),KMT
2510819.5844800007,19.6294,0.2306,SSO_KMTA42,KMT(I),KMT
2510819.60312,20.3243,0.3032,SSO_KMTA42,KMT(I),KMT
2510819.61457,19.727,0.1317,SSO_KMTA42,KMT(I),KMT
2510819.6261800006,19.8309,0.1924,SSO_KMTA42,KMT(I),KMT
2510819.63796,19.8589,0.2561,SSO_KMTA42,KMT(I),KMT
2510819.6499300003,19.6082,0.137,SSO_KMTA42,KMT(I),KMT
2510819.6693399996,19.9077,0.2476,SSO_KMTA42,KMT(I),KMT
2510819.6808,20.1522,0.2068,SSO_KMTA42,KMT(I),KMT
2510819.6927300002,19.6835,0.1626,SSO_KMTA42,KMT(I),KMT
2510819.7046499997,20.4426,0.3748,SSO_KMTA42,KMT(I),KMT
2510819.71658,19.8374,0.2368,SSO_KMTA42,KMT(I),KMT
2510819.73553,19.7881,0.1496,SSO_KMTA42,KMT(I),KMT
2510819.7470999993,19.5908,0.2297,SSO_KMTA42,KMT(I),KMT
2510819.7586400006,19.9766,0.2659,SSO_KMTA42,KMT(I),KMT
2510819.7707,19.3399,0.157,SSO_KMTA42,KMT(I),KMT
2510819.78254,19.3286,0.2731,SSO_KMTA42,KMT(I),KMT
2510819.79416,19.505,0.1779,SSO_KMTA42,KMT(I),KMT
2510819.8128699996,20.3945,0.4043,SSO_KMTA42,KMT(I),KMT
2510819.8246400002,19.6337,0.2718,SSO_KMTA42,KMT(I),KMT
2510822.48173,20.1763,0.4782,SSO_KMTA42,KMT(I),KMT
2510822.50107,19.4983,0.2488,SSO_KMTA42,KMT(I),KMT
2510822.51308,19.6632,0.2085,SSO_KMTA42,KMT(I),KMT
2510822.5250400007,18.8267,0.1954,SSO_KMTA42,KMT(I),KMT
2510822.72776,19.2668,0.1292,SSO_KMTA42,KMT(I),KMT
2510822.7395099998,19.0121,0.1215,SSO_KMTA42,KMT(I),KMT
2510822.75141,18.8089,0.149,SSO_KMTA42,KMT(I),KMT
2510822.76318,19.3715,0.208,SSO_KMTA42,KMT(I),KMT
2510822.7746099997,19.8732,0.2895,SSO_KMTA42,KMT(I),KMT
2510822.79361,19.8733,0.4419,SSO_KMTA42,KMT(I),KMT
2510822.80552,20.5225,0.7659,SSO_KMTA42,KMT(I),KMT
2510822.81709,20.034,0.4443,SSO_KMTA42,KMT(I),KMT
2510822.8291500006,19.1932,0.2985,SSO_KMTA42,KMT(I),KMT
2510825.4682400003,19.3342,0.1421,SSO_KMTA42,KMT(I),KMT
2510825.48757,20.1588,0.2633,SSO_KMTA42,KMT(I),KMT
2510825.49957,20.317,0.345,SSO_KMTA42,KMT(I),KMT
2510825.51116,20.7439,0.6234,SSO_KMTA42,KMT(I),KMT
2510825.5230100006,21.2894,1.3699,SSO_KMTA42,KMT(I),KMT
2510825.5350199994,19.7409,0.1873,SSO_KMTA42,KMT(I),KMT
2510825.55415,20.4224,0.2816,SSO_KMTA42,KMT(I),KMT
2510825.56587,19.986,0.1739,SSO_KMTA42,KMT(I),KMT
2510825.57742,19.99,0.1481,SSO_KMTA42,KMT(I),KMT
2510825.58925,19.6835,0.1387,SSO_KMTA42,KMT(I),KMT
2510825.6010800004,20.2159,0.2061,SSO_KMTA42,KMT(I),KMT
2510825.6200099997,20.0642,0.1832,SSO_KMTA42,KMT(I),KMT
2510825.6316599995,20.1105,0.3359,SSO_KMTA42,KMT(I),KMT
2510825.6435700003,19.9026,0.2763,SSO_KMTA42,KMT(I),KMT
2510825.6554000005,20.3734,0.3802,SSO_KMTA42,KMT(I),KMT
2510825.6672099996,20.2618,0.2322,SSO_KMTA42,KMT(I),KMT
2510825.6863400005,20.0368,0.1724,SSO_KMTA42,KMT(I),KMT
2510825.7015499994,19.5853,0.103,SSO_KMTA42,KMT(I),KMT
2510825.7135300003,20.2718,0.2305,SSO_KMTA42,KMT(I),KMT
2510825.72511,20.3293,0.3085,SSO_KMTA42,KMT(I),KMT
2510825.7369800005,19.637,0.146,SSO_KMTA42,KMT(I),KMT
2510825.74876,18.8687,0.2703,SSO_KMTA42,KMT(I),KMT
2510825.7796800006,18.0521,0.2519,SSO_KMTA42,KMT(I),KMT
2510825.7913000006,18.9646,0.3965,SSO_KMTA42,KMT(I),KMT
2510825.8035499994,19.6561,0.783,SSO_KMTA42,KMT(I),KMT
2510825.81534,18.4743,0.087,SSO_KMTA42,KMT(I),KMT
2510825.8345599994,19.6947,0.3499,SSO_KMTA42,KMT(I),KMT
2510826.48169,19.9209,0.1989,SSO_KMTA42,KMT(I),KMT
2510826.49352,20.1149,0.2069,SSO_KMTA42,KMT(I),KMT
2510826.5055599995,19.9876,0.2058,SSO_KMTA42,KMT(I),KMT
2510826.5174000002,19.8109,0.1663,SSO_KMTA42,KMT(I),KMT
2510826.52908,20.3846,0.2618,SSO_KMTA42,KMT(I),KMT
2510826.54837,19.7579,0.186,SSO_KMTA42,KMT(I),KMT
2510826.5603400003,19.5606,0.1603,SSO_KMTA42,KMT(I),KMT
2510826.57228,20.314,0.3046,SSO_KMTA42,KMT(I),KMT
2510826.58412,19.0749,0.1013,SSO_KMTA42,KMT(I),KMT
2510826.5960799996,20.0684,0.2706,SSO_KMTA42,KMT(I),KMT
2510826.61546,18.8496,0.0993,SSO_KMTA42,KMT(I),KMT
2510826.62756,19.5691,0.1842,SSO_KMTA42,KMT(I),KMT
2510826.6394100003,19.3221,0.1545,SSO_KMTA42,KMT(I),KMT
2510826.6514100004,19.5871,0.1803,SSO_KMTA42,KMT(I),KMT
2510826.66342,19.7393,0.2103,SSO_KMTA42,KMT(I),KMT
2510826.68508,20.2014,0.3468,SSO_KMTA42,KMT(I),KMT
2510826.6968600005,19.4814,0.1548,SSO_KMTA42,KMT(I),KMT
2510826.70888,20.3432,0.4282,SSO_KMTA42,KMT(I),KMT
2510826.7118699998,19.7071,0.2469,SSO_KMTA42,KMT(I),KMT
2510826.7237,19.8354,0.2196,SSO_KMTA42,KMT(I),KMT
2510826.73572,20.0064,0.2844,SSO_KMTA42,KMT(I),KMT
2510826.7562099993,20.2728,0.3326,SSO_KMTA42,KMT(I),KMT
2510826.7682,20.033,0.233,SSO_KMTA42,KMT(I),KMT
2510826.7800699994,19.8317,0.2566,SSO_KMTA42,KMT(I),KMT
2510826.7920900006,19.5649,0.1872,SSO_KMTA42,KMT(I),KMT
2510826.8038,19.3281,0.1568,SSO_KMTA42,KMT(I),KMT
2510826.82276,20.1114,0.2823,SSO_KMTA42,KMT(I),KMT
2510826.8306,20.8904,0.6779,SSO_KMTA42,KMT(I),KMT
2510827.4703899994,20.0034,0.2434,SSO_KMTA42,KMT(I),KMT
2510827.48238,20.1448,0.4551,SSO_KMTA42,KMT(I),KMT
2510827.4943199996,19.4322,0.2147,SSO_KMTA42,KMT(I),KMT
2510827.51368,19.3947,0.33,SSO_KMTA42,KMT(I),KMT
2510827.52774,20.3115,1.3675,SSO_KMTA42,KMT(I),KMT
2510827.5395299997,20.1824,0.5725,SSO_KMTA42,KMT(I),KMT
2510827.55148,19.3825,0.1646,SSO_KMTA42,KMT(I),KMT
2510827.56339,19.9717,0.2052,SSO_KMTA42,KMT(I),KMT
2510827.57498,19.4631,0.4386,SSO_KMTA42,KMT(I),KMT
2510827.5955,20.4941,1.587,SSO_KMTA42,KMT(I),KMT
2510827.60716,19.3516,0.2543,SSO_KMTA42,KMT(I),KMT
2510827.63048,19.6143,0.5341,SSO_KMTA42,KMT(I),KMT
2510827.64353,18.9397,0.3358,SSO_KMTA42,KMT(I),KMT
2510827.6628,19.1989,0.8636,SSO_KMTA42,KMT(I),KMT
2510827.70916,20.5345,0.46,SSO_KMTA42,KMT(I),KMT
2510829.46493,19.0742,0.1457,SSO_KMTA42,KMT(I),KMT
2510829.4840600006,19.6062,0.2111,SSO_KMTA42,KMT(I),KMT
2510829.4869100004,19.569,0.2132,SSO_KMTA42,KMT(I),KMT
2510829.49864,19.3527,0.2179,SSO_KMTA42,KMT(I),KMT
2510829.5103200004,19.5076,0.265,SSO_KMTA42,KMT(I),KMT
2510829.5221999995,19.4595,0.2695,SSO_KMTA42,KMT(I),KMT
2510829.53402,19.1339,0.1895,SSO_KMTA42,KMT(I),KMT
2510829.55337,18.3165,0.1086,SSO_KMTA42,KMT(I),KMT
2510829.56535,19.3701,1.1631,SSO_KMTA42,KMT(I),KMT
2510829.57716,19.5064,0.4082,SSO_KMTA42,KMT(I),KMT
2510829.5890500005,19.4044,0.1926,SSO_KMTA42,KMT(I),KMT
2510829.601,19.58,0.1856,SSO_KMTA42,KMT(I),KMT
2510830.4617599994,19.0522,0.1659,SSO_KMTA42,KMT(I),KMT
2510830.4812199995,19.2996,0.1639,SSO_KMTA42,KMT(I),KMT
2510830.4932400007,20.0083,0.4106,SSO_KMTA42,KMT(I),KMT
2510830.5044299997,19.0924,0.1396,SSO_KMTA42,KMT(I),KMT
2510830.51628,18.841,0.0942,SSO_KMTA42,KMT(I),KMT
2510830.52826,19.6597,0.2117,SSO_KMTA42,KMT(I),KMT
2510830.5475399997,20.6024,0.413,SSO_KMTA42,KMT(I),KMT
2510830.55937,19.5427,0.1712,SSO_KMTA42,KMT(I),KMT
2510830.57101,20.3154,0.2937,SSO_KMTA42,KMT(I),KMT
2510830.58268,20.3274,0.3624,SSO_KMTA42,KMT(I),KMT
2510830.59456,19.6685,0.1316,SSO_KMTA42,KMT(I),KMT
2510830.6138700005,20.2985,0.4105,SSO_KMTA42,KMT(I),KMT
2510830.6299399994,20.1188,0.4211,SSO_KMTA42,KMT(I),KMT
2510830.64197,19.6958,0.207,SSO_KMTA42,KMT(I),KMT
2510830.65393,19.8553,0.1595,SSO_KMTA42,KMT(I),KMT
2510830.6657500006,19.9356,0.1636,SSO_KMTA42,KMT(I),KMT
2510830.67853,19.8471,0.1395,SSO_KMTA42,KMT(I),KMT
2510830.6977699995,19.6092,0.1363,SSO_KMTA42,KMT(I),KMT
2510830.70971,19.9203,0.2104,SSO_KMTA42,KMT(I),KMT
2510830.72133,20.4577,0.3469,SSO_KMTA42,KMT(I),KMT
2510830.73303,20.1693,0.2589,SSO_KMTA42,KMT(I),KMT
2510830.745,19.9299,0.205,SSO_KMTA42,KMT(I),KMT
2510830.76442,20.1459,0.2575,SSO_KMTA42,KMT(I),KMT
2510830.7763800006,19.9572,0.2656,SSO_KMTA42,KMT(I),KMT
2510830.78799,19.8248,0.1786,SSO_KMTA42,KMT(I),KMT
2510830.7994,19.9468,0.254,SSO_KMTA42,KMT(I),KMT
2510830.81102,19.5572,0.1871,SSO_KMTA42,KMT(I),KMT
2510831.46191,19.5158,0.188,SSO_KMTA42,KMT(I),KMT
2510831.4737100005,20.116,0.4573,SSO_KMTA42,KMT(I),KMT
2510831.4855000004,19.5808,0.1489,SSO_KMTA42,KMT(I),KMT
2510831.49871,19.916,0.3733,SSO_KMTA42,KMT(I),KMT
2510831.52523,19.9279,0.3484,SSO_KMTA42,KMT(I),KMT
2510831.54858,19.9251,0.2582,SSO_KMTA42,KMT(I),KMT
2510831.5605299994,18.5508,0.2344,SSO_KMTA42,KMT(I),KMT
2510831.5725100003,19.2617,0.2469,SSO_KMTA42,KMT(I),KMT
2510831.67851,19.573,0.2365,SSO_KMTA42,KMT(I),KMT
2510831.6903799996,19.3523,0.2249,SSO_KMTA42,KMT(I),KMT
2510831.70777,20.291,0.3128,SSO_KMTA42,KMT(I),KMT
2510831.71949,19.9769,0.1911,SSO_KMTA42,KMT(I),KMT
2510831.7384900004,20.2492,0.3371,SSO_KMTA42,KMT(I),KMT
2510831.7503200006,19.7408,0.2132,SSO_KMTA42,KMT(I),KMT
2510831.77412,18.8953,0.1614,SSO_KMTA42,KMT(I),KMT
2510831.78582,19.36,1.9584,SSO_KMTA42,KMT(I),KMT
2510831.8051699996,20.2314,0.804,SSO_KMTA42,KMT(I),KMT
2510831.81711,19.7403,0.2972,SSO_KMTA42,KMT(I),KMT
2510832.51061,19.4421,0.193,SSO_KMTA42,KMT(I),KMT
2510832.52257,19.2562,0.1421,SSO_KMTA42,KMT(I),KMT
2510832.5711199995,20.5736,0.6768,SSO_KMTA42,KMT(I),KMT
2510832.58309,20.7129,0.7095,SSO_KMTA42,KMT(I),KMT
2510832.60197,21.3167,1.7311,SSO_KMTA42,KMT(I),KMT
2510832.61439,20.0229,0.2388,SSO_KMTA42,KMT(I),KMT
2510832.62639,20.2186,0.3431,SSO_KMTA42,KMT(I),KMT
2510832.6383800004,20.2709,0.3665,SSO_KMTA42,KMT(I),KMT
2510832.65039,20.5713,0.5105,SSO_KMTA42,KMT(I),KMT
2510832.6742199995,20.1809,0.1943,SSO_KMTA42,KMT(I),KMT
2510832.69783,19.5107,0.6865,SSO_KMTA42,KMT(I),KMT
2510832.7094800007,20.1461,0.613,SSO_KMTA42,KMT(I),KMT
2510832.7208200004,20.3024,1.6816,SSO_KMTA42,KMT(I),KMT
2510832.73969,20.5187,0.6295,SSO_KMTA42,KMT(I),KMT
2510832.7516399994,19.596,0.1671,SSO_KMTA42,KMT(I),KMT
2510832.76365,18.3857,0.4648,SSO_KMTA42,KMT(I),KMT
2510832.7764,17.5965,1.0616,SSO_KMTA42,KMT(I),KMT
2510832.78825,11.0307,0.2203,SSO_KMTA42,KMT(I),KMT
2510833.4633399993,19.3837,0.2166,SSO_KMTA42,KMT(I),KMT
2510833.47516,19.3027,0.1716,SSO_KMTA42,KMT(I),KMT
2510833.4869999997,20.4918,0.8413,SSO_KMTA42,KMT(I),KMT
2510833.49895,19.9757,0.3107,SSO_KMTA42,KMT(I),KMT
2510833.51095,20.1496,0.3958,SSO_KMTA42,KMT(I),KMT
2510833.52991,19.4129,0.1566,SSO_KMTA42,KMT(I),KMT
2510833.54168,20.1262,0.3735,SSO_KMTA42,KMT(I),KMT
2510833.55358,18.5132,0.5234,SSO_KMTA42,KMT(I),KMT
2510833.5701199993,20.706,0.7622,SSO_KMTA42,KMT(I),KMT
2510833.5819499996,19.7304,0.2416,SSO_KMTA42,KMT(I),KMT
2510833.60131,19.5323,0.1483,SSO_KMTA42,KMT(I),KMT
2510833.6129,20.504,0.4789,SSO_KMTA42,KMT(I),KMT
2510833.6258700006,20.1362,0.4696,SSO_KMTA42,KMT(I),KMT
2510833.6378700007,20.0008,0.3237,SSO_KMTA42,KMT(I),KMT
2510833.64982,20.0257,0.2481,SSO_KMTA42,KMT(I),KMT
2510833.66919,20.1173,0.3522,SSO_KMTA42,KMT(I),KMT
2510833.68102,19.883,0.2818,SSO_KMTA42,KMT(I),KMT
2510833.6929100007,20.4325,0.3729,SSO_KMTA42,KMT(I),KMT
2510834.61348,18.3315,0.122,SSO_KMTA42,KMT(I),KMT
2510834.6291700006,19.5098,0.3216,SSO_KMTA42,KMT(I),KMT
2510834.64107,19.8068,0.3943,SSO_KMTA42,KMT(I),KMT
2510834.6529900003,19.2112,0.1907,SSO_KMTA42,KMT(I),KMT
2510834.66502,19.7539,0.3785,SSO_KMTA42,KMT(I),KMT
2510834.6770399995,20.1027,0.3701,SSO_KMTA42,KMT(I),KMT
2510834.6964100003,20.6212,0.7578,SSO_KMTA42,KMT(I),KMT
2510834.70821,19.2248,0.1585,SSO_KMTA42,KMT(I),KMT
2510834.7199099995,19.6841,0.3123,SSO_KMTA42,KMT(I),KMT
2510834.74331,19.8407,0.4344,SSO_KMTA42,KMT(I),KMT
2510836.5489099994,18.5743,0.5747,SSO_KMTA42,KMT(I),KMT
2510836.5682500005,19.3593,0.9897,SSO_KMTA42,KMT(I),KMT
2510837.45653,13.7086,0.2591,SSO_KMTA42,KMT(I),KMT
2510839.4570499994,21.0621,3.4718,SSO_KMTA42,KMT(I),KMT
2510839.46899,20.7166,1.7986,SSO_KMTA42,KMT(I),KMT
2510839.4808600005,20.2103,0.7097,SSO_KMTA42,KMT(I),KMT
2510839.50033,19.5182,0.3503,SSO_KMTA42,KMT(I),KMT
2510839.51719,18.8986,0.1378,SSO_KMTA42,KMT(I),KMT
2510839.5290099997,20.2065,0.7906,SSO_KMTA42,KMT(I),KMT
2510839.54232,20.2633,0.6387,SSO_KMTA42,KMT(I),KMT
2510839.5541900005,19.4611,0.3547,SSO_KMTA42,KMT(I),KMT
2510839.5733000003,19.9922,0.5356,SSO_KMTA42,KMT(I),KMT
2510839.5850399993,19.6941,0.345,SSO_KMTA42,KMT(I),KMT
2510839.59695,20.5631,1.1339,SSO_KMTA42,KMT(I),KMT
2510839.6099200007,19.7036,0.2263,SSO_KMTA42,KMT(I),KMT
2510839.6235499997,19.998,0.3215,SSO_KMTA42,KMT(I),KMT
2510839.64274,20.335,0.6338,SSO_KMTA42,KMT(I),KMT
2510839.65462,19.9868,0.4677,SSO_KMTA42,KMT(I),KMT
2510839.67053,20.1406,0.4747,SSO_KMTA42,KMT(I),KMT
2510839.68257,20.497,1.2083,SSO_KMTA42,KMT(I),KMT
2510839.69451,20.7494,1.0717,SSO_KMTA42,KMT(I),KMT
2510839.71387,20.2911,0.6346,SSO_KMTA42,KMT(I),KMT
2510839.7258899994,19.7211,0.4372,SSO_KMTA42,KMT(I),KMT
2510839.7389700003,19.7027,0.5379,SSO_KMTA42,KMT(I),KMT
2510839.7512800004,19.3552,0.3867,SSO_KMTA42,KMT(I),KMT
2510839.76315,19.203,0.402,SSO_KMTA42,KMT(I),KMT
2510839.79471,20.3036,0.8443,SSO_KMTA42,KMT(I),KMT
2510840.45101,19.5731,0.2367,SSO_KMTA42,KMT(I),KMT
2510840.4702499993,21.0223,1.3866,SSO_KMTA42,KMT(I),KMT
2510840.4821499996,20.0174,0.3515,SSO_KMTA42,KMT(I),KMT
2510840.4940099996,19.8458,0.3121,SSO_KMTA42,KMT(I),KMT
2510840.50583,20.2294,0.396,SSO_KMTA42,KMT(I),KMT
2510840.5178500004,19.809,0.2776,SSO_KMTA42,KMT(I),KMT
2510840.5371899996,20.0139,0.2492,SSO_KMTA42,KMT(I),KMT
2510840.54906,19.9479,0.1867,SSO_KMTA42,KMT(I),KMT
2510840.56087,20.15,0.2803,SSO_KMTA42,KMT(I),KMT
2510840.57766,20.6426,0.4524,SSO_KMTA42,KMT(I),KMT
2510840.59583,19.9017,0.245,SSO_KMTA42,KMT(I),KMT
2510840.6149199996,19.7456,0.1695,SSO_KMTA42,KMT(I),KMT
2510840.6265399996,19.8376,0.208,SSO_KMTA42,KMT(I),KMT
2510840.63836,19.7674,0.1689,SSO_KMTA42,KMT(I),KMT
2510840.65023,20.272,0.3347,SSO_KMTA42,KMT(I),KMT
2510840.6622,19.6648,0.1311,SSO_KMTA42,KMT(I),KMT
2510840.68167,19.9608,0.1784,SSO_KMTA42,KMT(I),KMT
2510840.6932800002,19.8834,0.2216,SSO_KMTA42,KMT(I),KMT
2510840.70515,20.3941,0.2473,SSO_KMTA42,KMT(I),KMT
2510840.7171599995,20.0623,0.1731,SSO_KMTA42,KMT(I),KMT
2510840.7290000003,19.741,0.1613,SSO_KMTA42,KMT(I),KMT
2510840.7480999995,20.391,0.3404,SSO_KMTA42,KMT(I),KMT
2510840.7598100007,19.4952,0.1638,SSO_KMTA42,KMT(I),KMT
2510840.7845799997,20.241,0.3678,SSO_KMTA42,KMT(I),KMT
2510840.79251,19.5169,0.199,SSO_KMTA42,KMT(I),KMT
2510841.4555600006,20.0721,0.3439,SSO_KMTA42,KMT(I),KMT
2510841.46722,19.4578,0.1769,SSO_KMTA42,KMT(I),KMT
2510841.4791899994,19.7235,0.2725,SSO_KMTA42,KMT(I),KMT
2510841.49814,19.2027,0.2142,SSO_KMTA42,KMT(I),KMT
2510841.5106799994,19.5933,0.3753,SSO_KMTA42,KMT(I),KMT
2510841.5343900006,19.4104,0.2784,SSO_KMTA42,KMT(I),KMT
2510841.54615,19.8262,0.2728,SSO_KMTA42,KMT(I),KMT
2510841.55791,19.5879,0.1556,SSO_KMTA42,KMT(I),KMT
2510841.57697,20.1931,0.2511,SSO_KMTA42,KMT(I),KMT
2510841.5887899995,20.195,0.268,SSO_KMTA42,KMT(I),KMT
2510841.6006300002,19.6489,0.1434,SSO_KMTA42,KMT(I),KMT
2510841.6124600004,20.5823,0.4729,SSO_KMTA42,KMT(I),KMT
2510841.62419,19.8496,0.1781,SSO_KMTA42,KMT(I),KMT
2510841.6434899997,19.4718,3.3976,SSO_KMTA42,KMT(I),KMT
2510841.6553099994,20.1004,0.3658,SSO_KMTA42,KMT(I),KMT
2510841.6670200005,19.7941,0.1549,SSO_KMTA42,KMT(I),KMT
2510841.6784799993,19.8943,0.2187,SSO_KMTA42,KMT(I),KMT
2510841.6903300006,20.2593,0.2719,SSO_KMTA42,KMT(I),KMT
2510841.70942,19.2031,0.1259,SSO_KMTA42,KMT(I),KMT
2510841.7212000005,18.9338,0.1099,SSO_KMTA42,KMT(I),KMT
2510841.7332499996,19.4693,0.158,SSO_KMTA42,KMT(I),KMT
2510841.74515,20.4692,0.8674,SSO_KMTA42,KMT(I),KMT
2510841.7571799997,19.7599,0.3549,SSO_KMTA42,KMT(I),KMT
2510841.7763599996,19.9121,0.6196,SSO_KMTA42,KMT(I),KMT
2510841.7887699995,19.6912,0.32,SSO_KMTA42,KMT(I),KMT
2510842.4501,19.5913,0.2704,SSO_KMTA42,KMT(I),KMT
2510842.48125,21.1129,1.4277,SSO_KMTA42,KMT(I),KMT
2510842.49321,19.3787,0.1753,SSO_KMTA42,KMT(I),KMT
2510842.50517,20.2423,0.4993,SSO_KMTA42,KMT(I),KMT
2510842.5170300007,19.4278,0.2582,SSO_KMTA42,KMT(I),KMT
2510842.52893,20.2612,0.4208,SSO_KMTA42,KMT(I),KMT
2510842.5591,19.1147,0.2478,SSO_KMTA42,KMT(I),KMT
2510842.58259,19.7669,0.5438,SSO_KMTA42,KMT(I),KMT
2510842.59442,20.4196,0.7661,SSO_KMTA42,KMT(I),KMT
2510842.61768,20.2428,0.3337,SSO_KMTA42,KMT(I),KMT
2510842.6411300004,19.7583,0.3705,SSO_KMTA42,KMT(I),KMT
2510842.65675,18.9771,0.707,SSO_KMTA42,KMT(I),KMT
2510842.68783,18.4732,0.5335,SSO_KMTA42,KMT(I),KMT
2510843.4437300004,19.6924,0.1915,SSO_KMTA42,KMT(I),KMT
2510843.4551999997,19.1139,0.1365,SSO_KMTA42,KMT(I),KMT
2510843.46829,20.1116,0.3472,SSO_KMTA42,KMT(I),KMT
2510843.4801899996,20.5351,0.4126,SSO_KMTA42,KMT(I),KMT
2510843.4990599994,18.9414,0.1492,SSO_KMTA42,KMT(I),KMT
2510843.5128700007,19.7059,0.2164,SSO_KMTA42,KMT(I),KMT
2510843.5262599997,18.9762,0.1911,SSO_KMTA42,KMT(I),KMT
2510843.53926,20.4911,2.0302,SSO_KMTA42,KMT(I),KMT
2510843.5717699993,20.1006,0.494,SSO_KMTA42,KMT(I),KMT
2510843.58385,19.1772,0.1347,SSO_KMTA42,KMT(I),KMT
2510843.6024399996,19.212,0.1255,SSO_KMTA42,KMT(I),KMT
2510843.61962,20.0579,0.7146,SSO_KMTA42,KMT(I),KMT
2510843.63162,19.4577,0.1718,SSO_KMTA42,KMT(I),KMT
2510843.65087,19.8979,0.2513,SSO_KMTA42,KMT(I),KMT
2510843.6628399994,19.8832,0.1983,SSO_KMTA42,KMT(I),KMT
2510843.67464,19.1885,0.1243,SSO_KMTA42,KMT(I),KMT
2510843.69118,20.6826,0.6376,SSO_KMTA42,KMT(I),KMT
2510843.70307,19.7058,0.3318,SSO_KMTA42,KMT(I),KMT
2510843.7223199997,19.5534,0.2784,SSO_KMTA42,KMT(I),KMT
2510843.73398,19.2995,0.3351,SSO_KMTA42,KMT(I),KMT
2510843.74553,19.4765,0.3646,SSO_KMTA42,KMT(I),KMT
2510843.7574899998,20.5166,1.4987,SSO_KMTA42,KMT(I),KMT
2510843.76913,19.3788,0.1886,SSO_KMTA42,KMT(I),KMT
2510843.78825,19.6942,0.306,SSO_KMTA42,KMT(I),KMT
2510844.43594,18.3478,0.0892,SSO_KMTA42,KMT(I),KMT
2510844.4478900004,19.6585,0.2262,SSO_KMTA42,KMT(I),KMT
2510844.4595599994,19.6049,0.1881,SSO_KMTA42,KMT(I),KMT
2510844.4713400006,19.4475,0.1674,SSO_KMTA42,KMT(I),KMT
2510844.4835,19.4467,0.1243,SSO_KMTA42,KMT(I),KMT
2510844.5084499996,19.8374,0.117,SSO_KMTA42,KMT(I),KMT
2510844.5199800003,20.0071,0.1515,SSO_KMTA42,KMT(I),KMT
2510844.53194,20.0782,0.2238,SSO_KMTA42,KMT(I),KMT
2510844.5439400002,20.1395,0.2148,SSO_KMTA42,KMT(I),KMT
2510844.5556199998,19.9281,0.161,SSO_KMTA42,KMT(I),KMT
2510844.5746,20.5255,0.2524,SSO_KMTA42,KMT(I),KMT
2510844.5905,20.1356,0.1788,SSO_KMTA42,KMT(I),KMT
2510844.60245,20.2074,0.1872,SSO_KMTA42,KMT(I),KMT
2510844.61424,19.8425,0.1386,SSO_KMTA42,KMT(I),KMT
2510844.626,20.1,0.1328,SSO_KMTA42,KMT(I),KMT
2510844.6447100006,20.2689,0.163,SSO_KMTA42,KMT(I),KMT
2510844.6567,19.9448,0.1185,SSO_KMTA42,KMT(I),KMT
2510844.66873,19.9082,0.1133,SSO_KMTA42,KMT(I),KMT
2510844.6806700006,20.1224,0.223,SSO_KMTA42,KMT(I),KMT
2510844.69518,20.0701,0.1314,SSO_KMTA42,KMT(I),KMT
2510844.70722,19.922,0.1251,SSO_KMTA42,KMT(I),KMT
2510844.7259,19.837,0.1189,SSO_KMTA42,KMT(I),KMT
2510844.7377899997,19.9695,0.1554,SSO_KMTA42,KMT(I),KMT
2510844.74974,19.8725,0.1299,SSO_KMTA42,KMT(I),KMT
2510844.76169,19.9467,0.1454,SSO_KMTA42,KMT(I),KMT
2510844.7736399993,20.0085,0.1267,SSO_KMTA42,KMT(I),KMT
2510844.7845799997,20.1782,0.246,SSO_KMTA42,KMT(I),KMT
2510845.4333800003,19.9873,0.1604,SSO_KMTA42,KMT(I),KMT
2510845.4448000006,20.4093,0.2812,SSO_KMTA42,KMT(I),KMT
2510845.4663200006,20.0923,0.1797,SSO_KMTA42,KMT(I),KMT
2510845.4781299997,19.9629,0.1189,SSO_KMTA42,KMT(I),KMT
2510845.48962,20.0553,0.1015,SSO_KMTA42,KMT(I),KMT
2510845.5087599996,20.2184,0.1454,SSO_KMTA42,KMT(I),KMT
2510845.5209999997,20.08,0.1272,SSO_KMTA42,KMT(I),KMT
2510845.53269,19.9813,0.1311,SSO_KMTA42,KMT(I),KMT
2510845.5446300004,20.294,0.1709,SSO_KMTA42,KMT(I),KMT
2510845.55628,19.8347,0.0928,SSO_KMTA42,KMT(I),KMT
2510845.58311,20.0658,0.1689,SSO_KMTA42,KMT(I),KMT
2510845.59502,20.2073,0.1167,SSO_KMTA42,KMT(I),KMT
2510845.6065999996,20.001,0.1059,SSO_KMTA42,KMT(I),KMT
2510845.6185999997,20.2007,0.1584,SSO_KMTA42,KMT(I),KMT
2510845.6305800006,20.343,0.1219,SSO_KMTA42,KMT(I),KMT
2510845.6493800003,20.0241,0.1497,SSO_KMTA42,KMT(I),KMT
2510845.66105,19.9674,0.1911,SSO_KMTA42,KMT(I),KMT
2510845.6727099996,19.9124,0.1394,SSO_KMTA42,KMT(I),KMT
2510845.68423,20.2964,0.1934,SSO_KMTA42,KMT(I),KMT
2510845.69713,20.1188,0.1712,SSO_KMTA42,KMT(I),KMT
2510845.7162800003,19.8788,0.1102,SSO_KMTA42,KMT(I),KMT
2510845.72805,20.4228,0.2953,SSO_KMTA42,KMT(I),KMT
2510845.7396,19.8059,0.0913,SSO_KMTA42,KMT(I),KMT
2510845.7515200004,20.1609,0.1605,SSO_KMTA42,KMT(I),KMT
2510845.7634500004,19.9852,0.1147,SSO_KMTA42,KMT(I),KMT
2510845.78249,19.992,0.1593,SSO_KMTA42,KMT(I),KMT
2510846.4248600006,19.1112,0.1762,SSO_KMTA42,KMT(I),KMT
2510846.4369099997,19.7867,0.2025,SSO_KMTA42,KMT(I),KMT
2510846.4487699997,20.0283,0.2246,SSO_KMTA42,KMT(I),KMT
2510846.46079,19.5205,0.1569,SSO_KMTA42,KMT(I),KMT
2510846.4802400004,20.0012,0.1955,SSO_KMTA42,KMT(I),KMT
2510846.49228,19.7625,0.1586,SSO_KMTA42,KMT(I),KMT
2510846.5041300002,20.1911,0.2583,SSO_KMTA42,KMT(I),KMT
2510846.5161799993,19.4419,0.1807,SSO_KMTA42,KMT(I),KMT
2510846.52816,19.559,0.1906,SSO_KMTA42,KMT(I),KMT
2510846.54741,19.7428,0.196,SSO_KMTA42,KMT(I),KMT
2510846.5593800005,19.8321,0.1616,SSO_KMTA42,KMT(I),KMT
2510846.57515,19.9941,0.1973,SSO_KMTA42,KMT(I),KMT
2510846.58796,19.5459,0.1864,SSO_KMTA42,KMT(I),KMT
2510846.59997,20.1488,0.3209,SSO_KMTA42,KMT(I),KMT
2510846.6201099996,20.3948,0.392,SSO_KMTA42,KMT(I),KMT
2510846.63196,19.5097,0.2254,SSO_KMTA42,KMT(I),KMT
2510846.6439200006,19.7595,0.1855,SSO_KMTA42,KMT(I),KMT
2510846.65582,19.9451,0.1366,SSO_KMTA42,KMT(I),KMT
2510846.6713699996,20.2315,0.2718,SSO_KMTA42,KMT(I),KMT
2510846.6944500003,20.2904,0.2947,SSO_KMTA42,KMT(I),KMT
2510846.7066900004,20.5873,0.4062,SSO_KMTA42,KMT(I),KMT
2510846.7187900003,19.7723,0.1952,SSO_KMTA42,KMT(I),KMT
2510846.7308099996,20.255,0.3088,SSO_KMTA42,KMT(I),KMT
2510846.7546299994,20.0919,0.2842,SSO_KMTA42,KMT(I),KMT
2510846.77078,19.612,0.1443,SSO_KMTA42,KMT(I),KMT
2510846.78091,19.7524,0.2576,SSO_KMTA42,KMT(I),KMT
2510847.40761,19.4258,0.1728,SSO_KMTA42,KMT(I),KMT
2510847.4193600006,19.4265,0.138,SSO_KMTA42,KMT(I),KMT
2510847.43124,19.1177,0.1257,SSO_KMTA42,KMT(I),KMT
2510847.45043,20.4244,0.2968,SSO_KMTA42,KMT(I),KMT
2510847.4624000005,19.8272,0.1765,SSO_KMTA42,KMT(I),KMT
2510847.47439,20.4949,0.3408,SSO_KMTA42,KMT(I),KMT
2510847.48644,20.3159,0.225,SSO_KMTA42,KMT(I),KMT
2510847.4981500003,20.0928,0.1862,SSO_KMTA42,KMT(I),KMT
2510847.51018,19.9255,0.156,SSO_KMTA42,KMT(I),KMT
2510847.52939,20.1061,0.1862,SSO_KMTA42,KMT(I),KMT
2510847.5414499994,19.8755,0.2325,SSO_KMTA42,KMT(I),KMT
2510847.5534499995,19.1962,0.1303,SSO_KMTA42,KMT(I),KMT
2510847.56547,20.0314,0.2555,SSO_KMTA42,KMT(I),KMT
2510847.5774799995,20.0873,0.281,SSO_KMTA42,KMT(I),KMT
2510847.5968900006,19.6484,0.1461,SSO_KMTA42,KMT(I),KMT
2510847.6090600006,19.7699,0.1441,SSO_KMTA42,KMT(I),KMT
2510847.62505,20.3786,0.3361,SSO_KMTA42,KMT(I),KMT
2510847.64403,20.204,0.2599,SSO_KMTA42,KMT(I),KMT
2510847.65582,20.2508,0.2759,SSO_KMTA42,KMT(I),KMT
2510847.67521,19.9472,0.1964,SSO_KMTA42,KMT(I),KMT
2510847.6869900003,20.4792,0.2297,SSO_KMTA42,KMT(I),KMT
2510847.6985100005,20.2685,0.2519,SSO_KMTA42,KMT(I),KMT
2510847.7104,20.1397,0.2114,SSO_KMTA42,KMT(I),KMT
2510847.7223000005,19.9322,0.2388,SSO_KMTA42,KMT(I),KMT
2510847.7415200006,20.2691,0.2868,SSO_KMTA42,KMT(I),KMT
2510847.75351,19.3088,0.1456,SSO_KMTA42,KMT(I),KMT
2510847.7659,19.5308,0.1861,SSO_KMTA42,KMT(I),KMT
2510848.4019600004,19.1888,0.2226,SSO_KMTA42,KMT(I),KMT
2510848.4139099997,18.3641,0.2277,SSO_KMTA42,KMT(I),KMT
2510848.4451400004,19.8735,0.3975,SSO_KMTA42,KMT(I),KMT
2510848.4687900003,19.4354,0.1701,SSO_KMTA42,KMT(I),KMT
2510848.48082,19.2939,0.201,SSO_KMTA42,KMT(I),KMT
2510848.49261,19.7505,1.7141,SSO_KMTA42,KMT(I),KMT
2510848.51143,19.4247,0.3478,SSO_KMTA42,KMT(I),KMT
2510848.53429,19.6526,0.8715,SSO_KMTA42,KMT(I),KMT
2510848.5461,19.3687,1.1742,SSO_KMTA42,KMT(I),KMT
2510848.5584999993,20.8005,0.6083,SSO_KMTA42,KMT(I),KMT
2510848.5776700005,19.8379,0.5514,SSO_KMTA42,KMT(I),KMT
2510848.58901,19.5765,0.5372,SSO_KMTA42,KMT(I),KMT
2510848.6006199997,19.6183,1.6664,SSO_KMTA42,KMT(I),KMT
2510848.62407,20.4046,0.7826,SSO_KMTA42,KMT(I),KMT
2510848.6431399994,19.8669,0.8392,SSO_KMTA42,KMT(I),KMT
2510848.65491,19.4937,0.3533,SSO_KMTA42,KMT(I),KMT
2510848.6664700005,19.6529,0.4373,SSO_KMTA42,KMT(I),KMT
2510848.6784000006,19.745,0.55,SSO_KMTA42,KMT(I),KMT
2510848.7022399995,19.6494,0.2272,SSO_KMTA42,KMT(I),KMT
2510848.72138,19.8163,0.2096,SSO_KMTA42,KMT(I),KMT
2510848.7333700005,20.2253,0.267,SSO_KMTA42,KMT(I),KMT
2510848.74519,19.6418,0.186,SSO_KMTA42,KMT(I),KMT
2510849.40286,20.8761,1.2471,SSO_KMTA42,KMT(I),KMT
2510849.4146,19.9141,0.2384,SSO_KMTA42,KMT(I),KMT
2510849.4266100004,19.1825,0.1492,SSO_KMTA42,KMT(I),KMT
2510850.4545300007,18.0015,0.0687,SSO_KMTA42,KMT(I),KMT
2510850.4663999993,18.5034,0.0886,SSO_KMTA42,KMT(I),KMT
2510850.47824,19.229,0.1587,SSO_KMTA42,KMT(I),KMT
2510850.4902599994,19.1098,0.1242,SSO_KMTA42,KMT(I),KMT
2510850.50206,19.5731,0.1962,SSO_KMTA42,KMT(I),KMT
2510850.52092,19.4274,0.1849,SSO_KMTA42,KMT(I),KMT
2510850.53278,19.8719,0.263,SSO_KMTA42,KMT(I),KMT
2510850.54474,19.4883,0.1604,SSO_KMTA42,KMT(I),KMT
2510850.5567199998,19.8352,0.2882,SSO_KMTA42,KMT(I),KMT
2510850.56855,19.6012,0.1786,SSO_KMTA42,KMT(I),KMT
2510850.59176,19.0983,0.1121,SSO_KMTA42,KMT(I),KMT
2510850.60594,19.8111,0.2368,SSO_KMTA42,KMT(I),KMT
2510850.61788,19.2623,0.1493,SSO_KMTA42,KMT(I),KMT
2510850.63191,19.4633,0.1961,SSO_KMTA42,KMT(I),KMT
2510850.64387,19.3093,0.1348,SSO_KMTA42,KMT(I),KMT
2510850.6624500006,19.7096,0.2423,SSO_KMTA42,KMT(I),KMT
2510850.6740499996,20.0846,0.2758,SSO_KMTA42,KMT(I),KMT
2510850.68573,20.6692,0.6975,SSO_KMTA42,KMT(I),KMT
2510850.6974100005,19.6338,0.1798,SSO_KMTA42,KMT(I),KMT
2510850.7094,19.6677,0.1424,SSO_KMTA42,KMT(I),KMT
2510850.7285200004,21.0787,1.0505,SSO_KMTA42,KMT(I),KMT
2510850.7403100003,20.0218,0.2789,SSO_KMTA42,KMT(I),KMT
2510850.75196,19.8221,0.2298,SSO_KMTA42,KMT(I),KMT
2510850.7638600003,19.411,0.167,SSO_KMTA42,KMT(I),KMT
2510851.6765899993,15.9448,0.0501,SSO_KMTA42,KMT(I),KMT
2510851.70718,17.5135,0.0622,SSO_KMTA42,KMT(I),KMT
2510851.7191700004,16.8574,0.0729,SSO_KMTA42,KMT(I),KMT
2510851.7470500004,17.6864,0.0696,SSO_KMTA42,KMT(I),KMT
2510851.75901,17.3739,0.0566,SSO_KMTA42,KMT(I),KMT
2510852.3910499997,17.7925,0.0834,SSO_KMTA42,KMT(I),KMT
2510852.41012,20.6965,1.016,SSO_KMTA42,KMT(I),KMT
2510852.42268,20.7006,0.7382,SSO_KMTA42,KMT(I),KMT
2510852.43451,20.2696,0.535,SSO_KMTA42,KMT(I),KMT
2510852.44635,19.6589,0.2419,SSO_KMTA42,KMT(I),KMT
2510852.4583100006,19.1374,0.1381,SSO_KMTA42,KMT(I),KMT
2510852.4804100003,18.981,0.1488,SSO_KMTA42,KMT(I),KMT
2510852.4924999997,18.993,0.1522,SSO_KMTA42,KMT(I),KMT
2510852.50796,19.1447,0.1711,SSO_KMTA42,KMT(I),KMT
2510852.5198100004,19.0463,0.1456,SSO_KMTA42,KMT(I),KMT
2510852.5318400003,19.424,0.193,SSO_KMTA42,KMT(I),KMT
2510852.55122,18.8126,0.1207,SSO_KMTA42,KMT(I),KMT
2510852.5635199994,19.3404,0.1245,SSO_KMTA42,KMT(I),KMT
2510852.57548,19.4013,0.1714,SSO_KMTA42,KMT(I),KMT
2510852.5981399994,19.3785,0.1536,SSO_KMTA42,KMT(I),KMT
2510852.6099299993,19.9054,0.251,SSO_KMTA42,KMT(I),KMT
2510852.6215499993,19.599,0.185,SSO_KMTA42,KMT(I),KMT
2510852.6408900004,20.1671,0.2823,SSO_KMTA42,KMT(I),KMT
2510852.6529099997,19.4779,0.1401,SSO_KMTA42,KMT(I),KMT
2510852.66488,18.8303,0.0974,SSO_KMTA42,KMT(I),KMT
2510852.67679,19.9998,0.1836,SSO_KMTA42,KMT(I),KMT
2510852.6887800004,20.7625,0.6231,SSO_KMTA42,KMT(I),KMT
2510852.70816,19.1676,0.1719,SSO_KMTA42,KMT(I),KMT
2510852.7199799996,19.1081,0.1135,SSO_KMTA42,KMT(I),KMT
2510852.7317200005,18.9171,0.1269,SSO_KMTA42,KMT(I),KMT
2510852.7435999997,19.031,0.16,SSO_KMTA42,KMT(I),KMT
2510852.75517,19.3191,0.1848,SSO_KMTA42,KMT(I),KMT
2510853.3895999994,19.4195,0.1197,SSO_KMTA42,KMT(I),KMT
2510853.4056700002,20.1293,0.2515,SSO_KMTA42,KMT(I),KMT
2510853.41754,19.7863,0.228,SSO_KMTA42,KMT(I),KMT
2510853.42916,19.8807,0.2711,SSO_KMTA42,KMT(I),KMT
2510853.44054,19.3241,0.1429,SSO_KMTA42,KMT(I),KMT
2510853.4520500004,19.5368,0.1467,SSO_KMTA42,KMT(I),KMT
2510853.4714199994,19.6688,0.1299,SSO_KMTA42,KMT(I),KMT
2510853.4832700007,20.0205,0.1781,SSO_KMTA42,KMT(I),KMT
2510853.4950099997,19.9682,0.1463,SSO_KMTA42,KMT(I),KMT
2510853.5069699995,20.1431,0.2712,SSO_KMTA42,KMT(I),KMT
2510853.5187,19.4964,0.1117,SSO_KMTA42,KMT(I),KMT
2510853.5378799997,19.7717,0.1638,SSO_KMTA42,KMT(I),KMT
2510853.5538,19.6615,0.1827,SSO_KMTA42,KMT(I),KMT
2510853.5656199995,18.7956,0.1215,SSO_KMTA42,KMT(I),KMT
2510853.57764,18.853,0.143,SSO_KMTA42,KMT(I),KMT
2510853.5898199994,18.9917,0.1607,SSO_KMTA42,KMT(I),KMT
2510854.4067700002,19.8959,0.1941,SSO_KMTA42,KMT(I),KMT
2510854.4184799995,20.3275,0.3147,SSO_KMTA42,KMT(I),KMT
2510854.4304300006,19.9749,0.297,SSO_KMTA42,KMT(I),KMT
2510854.4423600007,20.4813,0.4062,SSO_KMTA42,KMT(I),KMT
2510854.45417,20.4084,0.5569,SSO_KMTA42,KMT(I),KMT
2510854.47958,16.6793,0.4338,SSO_KMTA42,KMT(I),KMT
2510854.4914999995,20.0085,0.1399,SSO_KMTA42,KMT(I),KMT
2510854.5031499993,20.0179,0.161,SSO_KMTA42,KMT(I),KMT
2510854.51504,19.9001,0.2486,SSO_KMTA42,KMT(I),KMT
2510854.56819,19.7923,0.2399,SSO_KMTA42,KMT(I),KMT
2510854.5801100004,19.8396,0.1295,SSO_KMTA42,KMT(I),KMT
2510854.59172,19.9959,0.1149,SSO_KMTA42,KMT(I),KMT
2510854.60351,19.7877,0.1066,SSO_KMTA42,KMT(I),KMT
2510854.61536,19.9059,0.1239,SSO_KMTA42,KMT(I),KMT
2510854.63461,19.8238,0.1207,SSO_KMTA42,KMT(I),KMT
2510854.64626,18.8435,1.6688,SSO_KMTA42,KMT(I),KMT
2510854.6576700006,18.8252,0.6223,SSO_KMTA42,KMT(I),KMT
2510855.403,19.3038,0.1524,SSO_KMTA42,KMT(I),KMT
2510855.41464,19.6984,0.162,SSO_KMTA42,KMT(I),KMT
2510855.42636,19.8525,0.2389,SSO_KMTA42,KMT(I),KMT
2510855.43805,19.974,0.2447,SSO_KMTA42,KMT(I),KMT
2510855.4572800007,19.3327,0.2017,SSO_KMTA42,KMT(I),KMT
2510855.46909,19.7515,0.2301,SSO_KMTA42,KMT(I),KMT
2510855.4726100005,19.8714,0.2109,SSO_KMTA42,KMT(I),KMT
2510855.48429,20.8265,0.5263,SSO_KMTA42,KMT(I),KMT
2510855.4960200004,19.927,0.2709,SSO_KMTA42,KMT(I),KMT
2510855.50743,20.1383,0.2027,SSO_KMTA42,KMT(I),KMT
2510855.53893,19.8549,0.1507,SSO_KMTA42,KMT(I),KMT
2510855.5505100004,20.0715,0.2142,SSO_KMTA42,KMT(I),KMT
2510855.5621799994,20.2302,0.1792,SSO_KMTA42,KMT(I),KMT
2510855.5743000004,20.2993,0.2423,SSO_KMTA42,KMT(I),KMT
2510855.58598,19.9564,0.1752,SSO_KMTA42,KMT(I),KMT
2510855.61003,19.9264,0.1354,SSO_KMTA42,KMT(I),KMT
2510855.6218500007,20.3829,0.3473,SSO_KMTA42,KMT(I),KMT
2510855.6335700005,20.4728,0.3306,SSO_KMTA42,KMT(I),KMT
2510855.64539,20.6391,0.3246,SSO_KMTA42,KMT(I),KMT
2510855.6573900003,20.4958,0.3141,SSO_KMTA42,KMT(I),KMT
2510855.67677,20.0443,0.166,SSO_KMTA42,KMT(I),KMT
2510855.68843,20.2082,0.1914,SSO_KMTA42,KMT(I),KMT
2510855.70041,19.8642,0.1262,SSO_KMTA42,KMT(I),KMT
2510855.7121,20.4176,0.2283,SSO_KMTA42,KMT(I),KMT
2510855.7236599997,19.8079,0.1769,SSO_KMTA42,KMT(I),KMT
2510855.74914,20.081,0.208,SSO_KMTA42,KMT(I),KMT
2510856.47105,18.6685,0.1342,SSO_KMTA42,KMT(I),KMT
2510856.48286,19.1343,0.2308,SSO_KMTA42,KMT(I),KMT
2510856.4946999997,20.0895,1.1254,SSO_KMTA42,KMT(I),KMT
2510856.50655,19.7634,0.2869,SSO_KMTA42,KMT(I),KMT
2510856.5185400005,19.065,0.1499,SSO_KMTA42,KMT(I),KMT
2510856.5494299997,20.3024,0.5475,SSO_KMTA42,KMT(I),KMT
2510856.5748200007,20.1205,0.3131,SSO_KMTA42,KMT(I),KMT
2510856.58686,19.9943,0.22,SSO_KMTA42,KMT(I),KMT
2510856.60582,19.9027,0.2185,SSO_KMTA42,KMT(I),KMT
2510856.61776,20.0462,0.216,SSO_KMTA42,KMT(I),KMT
2510856.6295500007,19.6912,0.1826,SSO_KMTA42,KMT(I),KMT
2510856.6427999996,19.7597,0.2048,SSO_KMTA42,KMT(I),KMT
2510856.65479,20.3027,0.3482,SSO_KMTA42,KMT(I),KMT
2510856.6742000002,19.367,0.1913,SSO_KMTA42,KMT(I),KMT
2510856.6857900005,19.6814,0.2084,SSO_KMTA42,KMT(I),KMT
2510856.6974800006,19.4874,0.1573,SSO_KMTA42,KMT(I),KMT
2510856.70945,20.1902,0.2137,SSO_KMTA42,KMT(I),KMT
2510856.7213899996,19.8213,0.1903,SSO_KMTA42,KMT(I),KMT
2510856.74319,19.9061,0.2195,SSO_KMTA42,KMT(I),KMT
2510860.3740999997,16.6526,0.3592,SSO_KMTA42,KMT(I),KMT
2510860.3862500004,19.9039,0.3013,SSO_KMTA42,KMT(I),KMT
2510860.39812,20.2771,0.3244,SSO_KMTA42,KMT(I),KMT
2510860.40981,19.695,0.1993,SSO_KMTA42,KMT(I),KMT
2510860.4439000003,19.6794,0.5003,SSO_KMTA42,KMT(I),KMT
2510860.46708,19.7824,0.3313,SSO_KMTA42,KMT(I),KMT
2510860.4791199993,19.4675,0.158,SSO_KMTA42,KMT(I),KMT
2510860.4908600003,19.7909,0.2223,SSO_KMTA42,KMT(I),KMT
2510860.50285,19.5326,0.2779,SSO_KMTA42,KMT(I),KMT
2510860.5161799993,19.2044,0.2299,SSO_KMTA42,KMT(I),KMT
2510860.53493,19.8787,0.2047,SSO_KMTA42,KMT(I),KMT
2510860.5471199993,20.0505,0.2077,SSO_KMTA42,KMT(I),KMT
2510860.73358,19.8825,0.258,SSO_KMTA42,KMT(I),KMT
2510861.3715400007,19.933,0.3483,SSO_KMTA42,KMT(I),KMT
2510861.39049,20.0886,0.3278,SSO_KMTA42,KMT(I),KMT
2510861.4024800006,20.9058,0.5948,SSO_KMTA42,KMT(I),KMT
2510861.41447,21.0029,0.6492,SSO_KMTA42,KMT(I),KMT
2510861.4485800005,20.1148,0.3318,SSO_KMTA42,KMT(I),KMT
2510861.46053,18.9488,0.8805,SSO_KMTA42,KMT(I),KMT
2510861.47234,20.0146,0.2964,SSO_KMTA42,KMT(I),KMT
2510861.4911899995,20.4438,0.2907,SSO_KMTA42,KMT(I),KMT
2510861.50265,20.3454,0.3553,SSO_KMTA42,KMT(I),KMT
2510861.51428,20.1467,0.2667,SSO_KMTA42,KMT(I),KMT
2510861.52604,19.8942,0.2771,SSO_KMTA42,KMT(I),KMT
2510861.53787,20.1522,0.2178,SSO_KMTA42,KMT(I),KMT
2510862.3698999994,19.3869,0.2459,SSO_KMTA42,KMT(I),KMT
2510862.4009099994,19.2623,0.21,SSO_KMTA42,KMT(I),KMT
2510862.4128799997,20.0635,0.4304,SSO_KMTA42,KMT(I),KMT
2510862.42471,20.2883,0.6145,SSO_KMTA42,KMT(I),KMT
2510862.4366800003,20.9332,0.9174,SSO_KMTA42,KMT(I),KMT
2510862.4560199995,19.6445,0.1809,SSO_KMTA42,KMT(I),KMT
2510862.4679700006,19.7047,0.2628,SSO_KMTA42,KMT(I),KMT
2510862.47992,19.7184,0.2421,SSO_KMTA42,KMT(I),KMT
2510862.4917099997,19.9583,0.3482,SSO_KMTA42,KMT(I),KMT
2510862.5035800003,20.4882,0.5548,SSO_KMTA42,KMT(I),KMT
2510862.52271,20.4611,0.6151,SSO_KMTA42,KMT(I),KMT
2510862.53424,19.8939,0.3208,SSO_KMTA42,KMT(I),KMT
2510862.54588,19.9469,0.3053,SSO_KMTA42,KMT(I),KMT
2510862.5578199998,20.1992,0.3432,SSO_KMTA42,KMT(I),KMT
2510862.56979,19.731,0.2292,SSO_KMTA42,KMT(I),KMT
2510862.61725,19.8886,0.2835,SSO_KMTA42,KMT(I),KMT
2510862.62919,20.5572,0.5054,SSO_KMTA42,KMT(I),KMT
2510862.64594,13.4476,0.614,SSO_KMTA42,KMT(I),KMT
2510862.67004,17.466,0.7577,SSO_KMTA42,KMT(I),KMT
2510862.70644,13.5906,0.4653,SSO_KMTA42,KMT(I),KMT
2510862.7183,19.2092,1.6629,SSO_KMTA42,KMT(I),KMT
2510862.7318200003,19.4493,0.2452,SSO_KMTA42,KMT(I),KMT
2510863.3736499995,19.0336,0.3016,SSO_KMTA42,KMT(I),KMT
2510863.38901,20.3253,0.8895,SSO_KMTA42,KMT(I),KMT
2510863.4005900007,19.1868,0.2774,SSO_KMTA42,KMT(I),KMT
2510863.4196300004,20.0762,0.5594,SSO_KMTA42,KMT(I),KMT
2510863.43162,19.2,0.1944,SSO_KMTA42,KMT(I),KMT
2510863.44331,20.8516,1.0693,SSO_KMTA42,KMT(I),KMT
2510863.45519,19.0527,0.1641,SSO_KMTA42,KMT(I),KMT
2510863.47191,19.7094,0.2666,SSO_KMTA42,KMT(I),KMT
2510863.48345,20.317,0.4056,SSO_KMTA42,KMT(I),KMT
2510863.5023999996,19.9431,0.2975,SSO_KMTA42,KMT(I),KMT
2510863.51411,20.1375,0.2837,SSO_KMTA42,KMT(I),KMT
2510863.52606,19.7681,0.2791,SSO_KMTA42,KMT(I),KMT
2510863.53771,19.8331,0.183,SSO_KMTA42,KMT(I),KMT
2510863.54969,20.2727,0.2961,SSO_KMTA42,KMT(I),KMT
2510863.56891,19.8081,0.2483,SSO_KMTA42,KMT(I),KMT
2510863.58093,19.8871,0.2478,SSO_KMTA42,KMT(I),KMT
2510863.59255,20.16,0.3935,SSO_KMTA42,KMT(I),KMT
2510863.6045500003,20.4007,0.329,SSO_KMTA42,KMT(I),KMT
2510863.61639,20.0283,0.3399,SSO_KMTA42,KMT(I),KMT
2510863.6390899997,19.8631,0.227,SSO_KMTA42,KMT(I),KMT
2510863.65087,20.0687,0.4229,SSO_KMTA42,KMT(I),KMT
2510863.66292,20.0867,0.2148,SSO_KMTA42,KMT(I),KMT
2510863.6745800003,17.2234,0.6226,SSO_KMTA42,KMT(I),KMT
2510863.7055200003,19.8519,0.3146,SSO_KMTA42,KMT(I),KMT
2510863.72753,19.5601,0.2835,SSO_KMTA42,KMT(I),KMT
2510864.57928,18.9519,0.9048,SSO_KMTA42,KMT(I),KMT
2510864.58916,19.4976,2.0706,SSO_KMTA42,KMT(I),KMT
2510864.61147,19.439,1.9347,SSO_KMTA42,KMT(I),KMT
2510864.64351,17.823,0.2691,SSO_KMTA42,KMT(I),KMT
2510865.6231200006,13.6942,0.257,SSO_KMTA42,KMT(I),KMT
2510866.4414600004,17.6391,0.1401,SSO_KMTA42,KMT(I),KMT
2510866.46504,19.1565,0.9149,SSO_KMTA42,KMT(I),KMT
2510866.5080399998,18.3104,0.2483,SSO_KMTA42,KMT(I),KMT
2510866.52006,19.1203,0.6533,SSO_KMTA42,KMT(I),KMT
2510866.53211,18.1,0.7311,SSO_KMTA42,KMT(I),KMT
2510866.5512499996,19.5008,0.8025,SSO_KMTA42,KMT(I),KMT
2510866.68927,19.7135,1.4008,SSO_KMTA42,KMT(I),KMT
2510866.7010900006,19.9308,0.9778,SSO_KMTA42,KMT(I),KMT
2510866.71772,19.7541,2.3399,SSO_KMTA42,KMT(I),KMT
2510867.36508,19.1553,0.2896,SSO_KMTA42,KMT(I),KMT
2510867.38433,19.4996,0.3461,SSO_KMTA42,KMT(I),KMT
2510867.3960999995,19.7775,0.4202,SSO_KMTA42,KMT(I),KMT
2510867.4318000004,12.7282,0.3822,SSO_KMTA42,KMT(I),KMT
2510867.4763,16.5469,0.1177,SSO_KMTA42,KMT(I),KMT
2510867.7099200003,19.5459,0.565,SSO_KMTA42,KMT(I),KMT
2510868.35774,18.0194,0.1219,SSO_KMTA42,KMT(I),KMT
2510868.37675,19.0554,0.2111,SSO_KMTA42,KMT(I),KMT
2510868.38088,19.3821,0.2667,SSO_KMTA42,KMT(I),KMT
2510868.4066000003,19.5317,0.2644,SSO_KMTA42,KMT(I),KMT
2510868.4182699993,19.0172,0.1584,SSO_KMTA42,KMT(I),KMT
2510868.4299299996,19.1536,0.202,SSO_KMTA42,KMT(I),KMT
2510868.4492300004,19.089,0.1965,SSO_KMTA42,KMT(I),KMT
2510868.4609699994,18.9954,0.1671,SSO_KMTA42,KMT(I),KMT
2510868.47518,19.2096,0.2082,SSO_KMTA42,KMT(I),KMT
2510868.4868100006,20.0644,0.483,SSO_KMTA42,KMT(I),KMT
2510868.49866,19.3551,0.2289,SSO_KMTA42,KMT(I),KMT
2510868.5177299995,19.7412,0.2964,SSO_KMTA42,KMT(I),KMT
2510868.52972,19.563,0.2682,SSO_KMTA42,KMT(I),KMT
2510868.54167,20.0232,0.2618,SSO_KMTA42,KMT(I),KMT
2510868.55363,19.9445,0.2308,SSO_KMTA42,KMT(I),KMT
2510868.56558,19.7892,0.2232,SSO_KMTA42,KMT(I),KMT
2510868.5845100004,20.4419,0.5957,SSO_KMTA42,KMT(I),KMT
2510868.59636,19.7546,0.2794,SSO_KMTA42,KMT(I),KMT
2510868.60831,19.3656,0.1564,SSO_KMTA42,KMT(I),KMT
2510868.6199200004,20.2836,0.3472,SSO_KMTA42,KMT(I),KMT
2510868.6316299997,21.77,3.2982,SSO_KMTA42,KMT(I),KMT
2510868.6506200004,20.3558,0.466,SSO_KMTA42,KMT(I),KMT
2510868.66605,20.5715,0.6117,SSO_KMTA42,KMT(I),KMT
2510868.67786,19.9399,0.2665,SSO_KMTA42,KMT(I),KMT
2510868.68934,19.4519,0.1407,SSO_KMTA42,KMT(I),KMT
2510868.70123,20.0744,0.3993,SSO_KMTA42,KMT(I),KMT
2510868.71318,19.8945,0.3287,SSO_KMTA42,KMT(I),KMT
2510868.72092,19.4773,0.4746,SSO_KMTA42,KMT(I),KMT
2510869.3585400004,18.2984,0.0859,SSO_KMTA42,KMT(I),KMT
2510869.37773,18.7567,0.1268,SSO_KMTA42,KMT(I),KMT
2510869.38971,19.3844,0.1453,SSO_KMTA42,KMT(I),KMT
2510869.40178,19.5162,0.1702,SSO_KMTA42,KMT(I),KMT
2510869.4137699995,19.9746,0.2555,SSO_KMTA42,KMT(I),KMT
2510869.4258200005,19.7419,0.215,SSO_KMTA42,KMT(I),KMT
2510869.44493,19.9906,0.2018,SSO_KMTA42,KMT(I),KMT
2510869.45677,19.9227,0.2151,SSO_KMTA42,KMT(I),KMT
2510869.46865,19.5256,0.1715,SSO_KMTA42,KMT(I),KMT
2510869.4806200005,20.1469,0.2378,SSO_KMTA42,KMT(I),KMT
2510869.4923599996,20.2767,0.3156,SSO_KMTA42,KMT(I),KMT
2510869.5110800005,19.9732,0.2434,SSO_KMTA42,KMT(I),KMT
2510869.5271300003,20.0995,0.3196,SSO_KMTA42,KMT(I),KMT
2510869.56025,19.8026,0.2193,SSO_KMTA42,KMT(I),KMT
2510869.5721000005,19.7884,0.206,SSO_KMTA42,KMT(I),KMT
2510869.58397,19.5178,0.225,SSO_KMTA42,KMT(I),KMT
2510869.61042,19.6492,0.4016,SSO_KMTA42,KMT(I),KMT
2510869.6224000007,20.3309,0.4083,SSO_KMTA42,KMT(I),KMT
2510869.63444,19.947,0.2498,SSO_KMTA42,KMT(I),KMT
2510869.6464600004,19.7292,0.2132,SSO_KMTA42,KMT(I),KMT
2510869.65842,20.2728,0.3627,SSO_KMTA42,KMT(I),KMT
2510869.68377,19.9051,0.3228,SSO_KMTA42,KMT(I),KMT
2510869.69563,20.223,0.3082,SSO_KMTA42,KMT(I),KMT
2510869.70749,20.1826,0.3724,SSO_KMTA42,KMT(I),KMT
2510869.71799,19.6244,0.1824,SSO_KMTA42,KMT(I),KMT
2510870.37792,18.8705,0.1181,SSO_KMTA42,KMT(I),KMT
2510870.39021,19.0193,0.1315,SSO_KMTA42,KMT(I),KMT
2510870.41058,19.4185,0.1976,SSO_KMTA42,KMT(I),KMT
2510870.4223100003,20.0702,0.4204,SSO_KMTA42,KMT(I),KMT
2510870.43425,18.9244,0.1465,SSO_KMTA42,KMT(I),KMT
2510870.4508100003,20.0725,0.3426,SSO_KMTA42,KMT(I),KMT
2510870.4625400007,19.5075,0.177,SSO_KMTA42,KMT(I),KMT
2510870.48185,18.4918,0.1006,SSO_KMTA42,KMT(I),KMT
2510870.4939200003,18.7296,0.1079,SSO_KMTA42,KMT(I),KMT
2510870.5059,19.2791,0.1272,SSO_KMTA42,KMT(I),KMT
2510870.5308299996,20.5783,0.4425,SSO_KMTA42,KMT(I),KMT
2510870.5428299997,20.2233,0.3885,SSO_KMTA42,KMT(I),KMT
2510870.56339,20.8099,0.6358,SSO_KMTA42,KMT(I),KMT
2510870.5747800004,19.2186,0.1258,SSO_KMTA42,KMT(I),KMT
2510870.6102600005,20.9089,3.7165,SSO_KMTA42,KMT(I),KMT
2510871.5814200006,18.8568,0.1374,SSO_KMTA42,KMT(I),KMT
2510871.6009,19.2781,0.1949,SSO_KMTA42,KMT(I),KMT
2510871.6129100006,19.9237,0.3146,SSO_KMTA42,KMT(I),KMT
2510871.6248899996,19.5669,0.2667,SSO_KMTA42,KMT(I),KMT
2510871.63679,18.7776,0.1017,SSO_KMTA42,KMT(I),KMT
2510871.6486099996,19.2699,0.1338,SSO_KMTA42,KMT(I),KMT
2510871.66765,19.4442,0.1562,SSO_KMTA42,KMT(I),KMT
2510871.6797,19.479,0.1957,SSO_KMTA42,KMT(I),KMT
2510871.6916700006,20.3342,0.3592,SSO_KMTA42,KMT(I),KMT
2510871.7036799993,19.0899,0.1453,SSO_KMTA42,KMT(I),KMT
2510872.3736199997,19.5298,0.2064,SSO_KMTA42,KMT(I),KMT
2510872.3928500004,19.0057,0.122,SSO_KMTA42,KMT(I),KMT
2510872.40482,19.5718,0.1855,SSO_KMTA42,KMT(I),KMT
2510872.41655,18.5459,0.0874,SSO_KMTA42,KMT(I),KMT
2510872.42842,19.8926,0.2318,SSO_KMTA42,KMT(I),KMT
2510872.44549,19.5268,0.151,SSO_KMTA42,KMT(I),KMT
2510872.46456,19.712,0.1348,SSO_KMTA42,KMT(I),KMT
2510872.47652,20.351,0.3314,SSO_KMTA42,KMT(I),KMT
2510872.48835,19.711,0.2348,SSO_KMTA42,KMT(I),KMT
2510872.5000800006,19.7023,0.1594,SSO_KMTA42,KMT(I),KMT
2510872.51196,19.9484,0.1781,SSO_KMTA42,KMT(I),KMT
2510872.53135,19.8012,0.1733,SSO_KMTA42,KMT(I),KMT
2510872.54354,19.8754,0.1627,SSO_KMTA42,KMT(I),KMT
2510872.5555099994,19.9997,0.1577,SSO_KMTA42,KMT(I),KMT
2510872.5593,19.9862,0.2185,SSO_KMTA42,KMT(I),KMT
2510872.57125,20.4489,0.2583,SSO_KMTA42,KMT(I),KMT
2510872.5832599998,20.2,0.1966,SSO_KMTA42,KMT(I),KMT
2510872.6022500005,20.4794,0.2368,SSO_KMTA42,KMT(I),KMT
2510872.61422,19.9721,0.1617,SSO_KMTA42,KMT(I),KMT
2510872.6262500007,20.2763,0.1628,SSO_KMTA42,KMT(I),KMT
2510872.6381400004,20.022,0.1462,SSO_KMTA42,KMT(I),KMT
2510872.6500199996,20.0264,0.1589,SSO_KMTA42,KMT(I),KMT
2510872.6692399997,20.0059,0.1762,SSO_KMTA42,KMT(I),KMT
2510872.6821100004,20.3571,0.3092,SSO_KMTA42,KMT(I),KMT
2510872.6940400004,19.6889,0.1697,SSO_KMTA42,KMT(I),KMT
2510872.7045,20.2192,0.4033,SSO_KMTA42,KMT(I),KMT
2510873.45347,17.9356,0.3967,SSO_KMTA42,KMT(I),KMT
2510873.4727,19.0935,0.1329,SSO_KMTA42,KMT(I),KMT
2510873.48824,17.0066,0.5002,SSO_KMTA42,KMT(I),KMT
2510873.5813100003,19.4763,0.1592,SSO_KMTA42,KMT(I),KMT
2510873.5932,19.8532,0.2605,SSO_KMTA42,KMT(I),KMT
2510873.6095400006,19.9249,0.2035,SSO_KMTA42,KMT(I),KMT
2510873.62906,19.956,0.2297,SSO_KMTA42,KMT(I),KMT
2510873.6659900006,20.2952,0.3007,SSO_KMTA42,KMT(I),KMT
2510874.34059,18.5616,0.5324,SSO_KMTA42,KMT(I),KMT
2510874.37775,19.5678,0.2186,SSO_KMTA42,KMT(I),KMT
2510874.3894299995,20.0011,0.198,SSO_KMTA42,KMT(I),KMT
2510874.4018900003,19.7464,0.2105,SSO_KMTA42,KMT(I),KMT
2510874.41373,19.6638,0.1617,SSO_KMTA42,KMT(I),KMT
2510874.42554,19.6109,0.1096,SSO_KMTA42,KMT(I),KMT
2510874.44493,20.0059,0.2446,SSO_KMTA42,KMT(I),KMT
2510874.45694,20.1605,0.281,SSO_KMTA42,KMT(I),KMT
2510874.4689499997,20.0093,0.1774,SSO_KMTA42,KMT(I),KMT
2510874.48097,18.59,0.0886,SSO_KMTA42,KMT(I),KMT
2510874.49362,19.415,0.1538,SSO_KMTA42,KMT(I),KMT
2510874.5129499994,20.2512,0.2865,SSO_KMTA42,KMT(I),KMT
2510874.52472,20.0163,0.1852,SSO_KMTA42,KMT(I),KMT
2510874.54476,19.7901,0.2384,SSO_KMTA42,KMT(I),KMT
2510874.55686,20.61,0.3669,SSO_KMTA42,KMT(I),KMT
2510874.5688199997,19.8448,0.1432,SSO_KMTA42,KMT(I),KMT
2510874.5882200003,19.6683,0.1604,SSO_KMTA42,KMT(I),KMT
2510874.6001900006,19.8055,0.1483,SSO_KMTA42,KMT(I),KMT
2510874.61192,20.4107,0.2521,SSO_KMTA42,KMT(I),KMT
2510874.62335,20.2102,0.258,SSO_KMTA42,KMT(I),KMT
2510874.63523,20.0966,0.2252,SSO_KMTA42,KMT(I),KMT
2510874.65462,20.0334,0.2409,SSO_KMTA42,KMT(I),KMT
2510874.66625,20.1484,0.276,SSO_KMTA42,KMT(I),KMT
2510874.67794,19.7723,0.2328,SSO_KMTA42,KMT(I),KMT
2510874.68991,19.2789,0.1354,SSO_KMTA42,KMT(I),KMT
2510874.7018800005,19.2279,0.1545,SSO_KMTA42,KMT(I),KMT
2510875.35941,19.8199,0.2521,SSO_KMTA42,KMT(I),KMT
2510875.37871,19.7469,0.2168,SSO_KMTA42,KMT(I),KMT
2510875.3906299993,20.3728,0.3599,SSO_KMTA42,KMT(I),KMT
2510875.40257,20.4487,0.4156,SSO_KMTA42,KMT(I),KMT
2510875.4145599995,20.2125,0.2287,SSO_KMTA42,KMT(I),KMT
2510875.42638,19.8912,0.1947,SSO_KMTA42,KMT(I),KMT
2510875.4383199997,19.7514,0.1901,SSO_KMTA42,KMT(I),KMT
2510875.45765,19.4217,0.1363,SSO_KMTA42,KMT(I),KMT
2510875.46921,19.9731,0.1573,SSO_KMTA42,KMT(I),KMT
2510875.48434,20.1028,0.2483,SSO_KMTA42,KMT(I),KMT
2510875.4963099994,19.7714,0.1911,SSO_KMTA42,KMT(I),KMT
2510875.5079699997,20.2728,0.2911,SSO_KMTA42,KMT(I),KMT
2510875.5277200006,20.0064,0.1626,SSO_KMTA42,KMT(I),KMT
2510875.5414899997,19.9204,0.1605,SSO_KMTA42,KMT(I),KMT
2510875.5550800003,20.0569,0.1847,SSO_KMTA42,KMT(I),KMT
2510875.5670299996,19.8169,0.1783,SSO_KMTA42,KMT(I),KMT
2510875.57886,19.741,0.168,SSO_KMTA42,KMT(I),KMT
2510875.5982,19.7362,0.1715,SSO_KMTA42,KMT(I),KMT
2510875.6100500003,18.8483,0.0926,SSO_KMTA42,KMT(I),KMT
2510875.62194,19.6148,0.2488,SSO_KMTA42,KMT(I),KMT
2510875.6337599996,19.6586,0.185,SSO_KMTA42,KMT(I),KMT
2510875.64564,19.4025,0.1951,SSO_KMTA42,KMT(I),KMT
2510875.6648399998,19.1037,0.1556,SSO_KMTA42,KMT(I),KMT
2510875.6767800003,18.7439,0.1001,SSO_KMTA42,KMT(I),KMT
2510875.6887599993,19.3455,0.171,SSO_KMTA42,KMT(I),KMT
2510875.6991099995,19.3123,0.1865,SSO_KMTA42,KMT(I),KMT
2510876.35998,19.8875,0.2403,SSO_KMTA42,KMT(I),KMT
2510876.39081,19.6357,0.1949,SSO_KMTA42,KMT(I),KMT
2510876.40262,19.7375,0.2465,SSO_KMTA42,KMT(I),KMT
2510876.41457,20.7042,0.6879,SSO_KMTA42,KMT(I),KMT
2510876.42638,19.5228,0.1718,SSO_KMTA42,KMT(I),KMT
2510876.4382499997,20.1445,0.2501,SSO_KMTA42,KMT(I),KMT
2510876.4569300003,19.9701,0.2523,SSO_KMTA42,KMT(I),KMT
2510876.4688600004,19.1316,0.1107,SSO_KMTA42,KMT(I),KMT
2510876.4806699995,19.8523,0.2105,SSO_KMTA42,KMT(I),KMT
2510876.4924800005,19.7894,0.183,SSO_KMTA42,KMT(I),KMT
2510876.50481,20.3072,0.2473,SSO_KMTA42,KMT(I),KMT
2510876.52487,19.5748,0.1591,SSO_KMTA42,KMT(I),KMT
2510876.5366600007,19.076,0.1146,SSO_KMTA42,KMT(I),KMT
2510876.54861,19.7315,0.1654,SSO_KMTA42,KMT(I),KMT
2510876.56063,19.3404,0.1372,SSO_KMTA42,KMT(I),KMT
2510876.57254,19.2458,0.1505,SSO_KMTA42,KMT(I),KMT
2510876.59177,20.1212,0.2469,SSO_KMTA42,KMT(I),KMT
2510876.60374,20.3949,0.3681,SSO_KMTA42,KMT(I),KMT
2510876.6157,19.6877,0.2039,SSO_KMTA42,KMT(I),KMT
2510876.6277,19.8657,0.1665,SSO_KMTA42,KMT(I),KMT
2510876.6395200007,19.5431,0.178,SSO_KMTA42,KMT(I),KMT
2510876.65149,19.7659,0.2489,SSO_KMTA42,KMT(I),KMT
2510876.67057,19.5561,0.2688,SSO_KMTA42,KMT(I),KMT
2510876.6831,19.3647,0.2381,SSO_KMTA42,KMT(I),KMT
2510876.6941599995,19.1332,0.2021,SSO_KMTA42,KMT(I),KMT
2510877.3610699996,20.0622,0.2103,SSO_KMTA42,KMT(I),KMT
2510877.3726199996,20.4203,0.3383,SSO_KMTA42,KMT(I),KMT
2510877.3846199997,20.8842,0.8462,SSO_KMTA42,KMT(I),KMT
2510877.4036999997,20.2627,0.2184,SSO_KMTA42,KMT(I),KMT
2510877.4156800006,20.0823,0.1849,SSO_KMTA42,KMT(I),KMT
2510877.4319599997,20.1139,0.1286,SSO_KMTA42,KMT(I),KMT
2510877.44367,20.1097,0.1367,SSO_KMTA42,KMT(I),KMT
2510877.45558,20.1792,0.221,SSO_KMTA42,KMT(I),KMT
2510877.47399,20.1495,0.3561,SSO_KMTA42,KMT(I),KMT
2510877.4865799993,20.1627,0.2636,SSO_KMTA42,KMT(I),KMT
2510877.49825,19.7647,0.1421,SSO_KMTA42,KMT(I),KMT
2510877.5097000003,20.2591,0.207,SSO_KMTA42,KMT(I),KMT
2510877.5213600006,19.6482,0.1309,SSO_KMTA42,KMT(I),KMT
2510877.54782,20.3611,0.2709,SSO_KMTA42,KMT(I),KMT
2510877.55965,19.7786,0.2276,SSO_KMTA42,KMT(I),KMT
2510877.57137,20.2824,0.2288,SSO_KMTA42,KMT(I),KMT
2510877.58333,19.9581,0.1981,SSO_KMTA42,KMT(I),KMT
2510877.5951499995,19.6099,0.2715,SSO_KMTA42,KMT(I),KMT
2510877.6534700003,19.2641,0.4253,SSO_KMTA42,KMT(I),KMT
2510877.6654400006,19.7355,0.6029,SSO_KMTA42,KMT(I),KMT
2510879.34227,17.2741,0.2349,SSO_KMTA42,KMT(I),KMT
2510879.35415,18.38,0.121,SSO_KMTA42,KMT(I),KMT
2510879.3659000006,17.9338,0.0698,SSO_KMTA42,KMT(I),KMT
2510879.38466,18.226,0.0864,SSO_KMTA42,KMT(I),KMT
2510879.3963,19.3116,0.2036,SSO_KMTA42,KMT(I),KMT
2510879.40802,19.4858,0.2078,SSO_KMTA42,KMT(I),KMT
2510879.41985,19.4332,0.1613,SSO_KMTA42,KMT(I),KMT
2510879.4318400007,20.375,0.5291,SSO_KMTA42,KMT(I),KMT
2510879.4525499996,19.7343,0.2246,SSO_KMTA42,KMT(I),KMT
2510879.4645099994,19.2357,0.1301,SSO_KMTA42,KMT(I),KMT
2510879.47635,20.2186,0.2678,SSO_KMTA42,KMT(I),KMT
2510879.48824,20.019,0.1755,SSO_KMTA42,KMT(I),KMT
2510879.5002299994,20.0219,0.3098,SSO_KMTA42,KMT(I),KMT
2510879.5203,20.4834,0.3023,SSO_KMTA42,KMT(I),KMT
2510879.53201,20.1608,0.2408,SSO_KMTA42,KMT(I),KMT
2510879.5439100005,19.8316,0.2289,SSO_KMTA42,KMT(I),KMT
2510879.5556300003,19.948,0.1992,SSO_KMTA42,KMT(I),KMT
2510879.56833,19.9146,0.2026,SSO_KMTA42,KMT(I),KMT
2510879.5875700004,20.0599,0.246,SSO_KMTA42,KMT(I),KMT
2510879.5995499995,19.8977,0.2001,SSO_KMTA42,KMT(I),KMT
2510879.61151,19.8846,0.2077,SSO_KMTA42,KMT(I),KMT
2510879.6234099995,20.0531,0.2457,SSO_KMTA42,KMT(I),KMT
2510879.6349599995,19.6818,0.1553,SSO_KMTA42,KMT(I),KMT
2510879.65434,19.6093,0.1508,SSO_KMTA42,KMT(I),KMT
2510879.66629,20.1162,0.358,SSO_KMTA42,KMT(I),KMT
2510879.6774400007,19.7089,0.1799,SSO_KMTA42,KMT(I),KMT
2510879.6887299996,19.8713,0.1813,SSO_KMTA42,KMT(I),KMT
2510880.36314,19.4579,0.221,SSO_KMTA42,KMT(I),KMT
2510880.3749400005,19.3679,0.1872,SSO_KMTA42,KMT(I),KMT
2510880.3942099996,19.5149,0.1753,SSO_KMTA42,KMT(I),KMT
2510880.40582,19.6034,0.2277,SSO_KMTA42,KMT(I),KMT
2510880.4177400004,19.8841,0.2695,SSO_KMTA42,KMT(I),KMT
2510880.42939,19.2941,0.1296,SSO_KMTA42,KMT(I),KMT
2510880.44094,19.8113,0.1991,SSO_KMTA42,KMT(I),KMT
2510880.46007,19.8215,0.1968,SSO_KMTA42,KMT(I),KMT
2510880.47377,19.8627,0.2497,SSO_KMTA42,KMT(I),KMT
2510880.4857599996,19.7637,0.1885,SSO_KMTA42,KMT(I),KMT
2510880.49775,19.4141,0.1543,SSO_KMTA42,KMT(I),KMT
2510880.50944,19.5752,0.1422,SSO_KMTA42,KMT(I),KMT
2510880.52303,19.6495,0.1467,SSO_KMTA42,KMT(I),KMT
2510880.5420900006,19.8176,0.1351,SSO_KMTA42,KMT(I),KMT
2510880.55396,19.6941,0.1605,SSO_KMTA42,KMT(I),KMT
2510880.56589,20.3306,0.3877,SSO_KMTA42,KMT(I),KMT
2510880.57749,19.8569,0.2166,SSO_KMTA42,KMT(I),KMT
2510880.5893399995,19.9921,0.2212,SSO_KMTA42,KMT(I),KMT
2510880.6086999997,19.8009,0.1704,SSO_KMTA42,KMT(I),KMT
2510880.6206800006,20.1707,0.2651,SSO_KMTA42,KMT(I),KMT
2510880.6360599995,18.2449,0.0749,SSO_KMTA42,KMT(I),KMT
2510880.6479899995,19.006,0.1885,SSO_KMTA42,KMT(I),KMT
2510880.6597799994,19.7209,0.2722,SSO_KMTA42,KMT(I),KMT
2510880.6789500006,19.5067,0.217,SSO_KMTA42,KMT(I),KMT
2510881.3816400003,17.1237,0.2327,SSO_KMTA42,KMT(I),KMT
2510881.4154000003,15.4255,0.832,SSO_KMTA42,KMT(I),KMT
2510881.42851,18.3953,0.3098,SSO_KMTA42,KMT(I),KMT
2510881.46729,18.5418,0.0875,SSO_KMTA42,KMT(I),KMT
2510881.4860699996,18.2907,0.2738,SSO_KMTA42,KMT(I),KMT
2510881.5177999996,17.2541,0.3705,SSO_KMTA42,KMT(I),KMT
2510881.5370700005,19.4366,0.2147,SSO_KMTA42,KMT(I),KMT
2510881.5488,19.6908,1.0045,SSO_KMTA42,KMT(I),KMT
2510881.5607699994,19.0961,0.422,SSO_KMTA42,KMT(I),KMT
2510884.47324,17.9437,0.0689,SSO_KMTA42,KMT(I),KMT
2510884.4857800007,18.3591,0.1084,SSO_KMTA42,KMT(I),KMT
2510884.4975000005,19.1097,0.1952,SSO_KMTA42,KMT(I),KMT
2510884.5168200005,19.0346,0.4567,SSO_KMTA42,KMT(I),KMT
2510884.5290099997,19.0472,0.1352,SSO_KMTA42,KMT(I),KMT
2510884.54084,19.5336,0.1676,SSO_KMTA42,KMT(I),KMT
2510884.5530399997,19.4657,0.2456,SSO_KMTA42,KMT(I),KMT
2510884.56472,19.4134,0.1649,SSO_KMTA42,KMT(I),KMT
2510884.58416,19.4918,0.1915,SSO_KMTA42,KMT(I),KMT
2510884.5958200004,19.1854,0.1821,SSO_KMTA42,KMT(I),KMT
2510884.60764,19.3954,0.2055,SSO_KMTA42,KMT(I),KMT
2510884.61943,19.6206,0.218,SSO_KMTA42,KMT(I),KMT
2510884.6318500005,20.6751,0.8832,SSO_KMTA42,KMT(I),KMT
2510884.64374,19.6907,0.3845,SSO_KMTA42,KMT(I),KMT
2510884.66304,18.8358,0.2264,SSO_KMTA42,KMT(I),KMT
2510884.67205,17.8625,0.2178,SSO_KMTA42,KMT(I),KMT
2510887.53369,18.0921,0.3232,SSO_KMTA42,KMT(I),KMT
2510887.5452200007,19.0613,0.1471,SSO_KMTA42,KMT(I),KMT
2510887.55688,18.4235,0.082,SSO_KMTA42,KMT(I),KMT
2510887.5870399997,18.4505,0.0965,SSO_KMTA42,KMT(I),KMT
2510887.59904,17.525,0.1952,SSO_KMTA42,KMT(I),KMT
2510887.63354,16.0208,1.0682,SSO_KMTA42,KMT(I),KMT
2510891.37734,19.2526,0.4022,SSO_KMTA42,KMT(I),KMT
2510891.3890700005,19.5008,0.407,SSO_KMTA42,KMT(I),KMT
2510891.3922799993,18.6201,0.2126,SSO_KMTA42,KMT(I),KMT
2510891.4042499997,19.1928,0.3199,SSO_KMTA42,KMT(I),KMT
2510891.4354299996,20.1156,0.5244,SSO_KMTA42,KMT(I),KMT
2510891.4486,19.1564,0.2847,SSO_KMTA42,KMT(I),KMT
2510891.4604400005,20.8683,1.8976,SSO_KMTA42,KMT(I),KMT
2510891.4916399997,19.2522,0.2684,SSO_KMTA42,KMT(I),KMT
2510891.5036500003,19.7938,0.5037,SSO_KMTA42,KMT(I),KMT
2510891.5151499994,19.866,0.5385,SSO_KMTA42,KMT(I),KMT
2510891.5268600006,19.5212,0.4144,SSO_KMTA42,KMT(I),KMT
2510891.5388600007,20.3472,1.5508,SSO_KMTA42,KMT(I),KMT
2510891.5580700003,19.6025,0.4318,SSO_KMTA42,KMT(I),KMT
2510891.5823800005,19.0511,0.2226,SSO_KMTA42,KMT(I),KMT
2510891.59435,20.2617,0.991,SSO_KMTA42,KMT(I),KMT
2510891.6063599996,19.6205,0.502,SSO_KMTA42,KMT(I),KMT
2510891.63227,19.0805,0.5814,SSO_KMTA42,KMT(I),KMT
2510891.64977,18.7116,0.5418,SSO_KMTA42,KMT(I),KMT
2510893.3790799994,18.404,0.601,SSO_KMTA42,KMT(I),KMT
2510893.39262,17.4697,0.228,SSO_KMTA42,KMT(I),KMT
2510893.40443,18.8445,1.4257,SSO_KMTA42,KMT(I),KMT
2510893.4162099995,17.3756,0.1816,SSO_KMTA42,KMT(I),KMT
2510893.4472199995,17.4259,0.1681,SSO_KMTA42,KMT(I),KMT
2510893.4586200006,20.0253,5.4159,SSO_KMTA42,KMT(I),KMT
2510893.47064,19.7016,1.5156,SSO_KMTA42,KMT(I),KMT
2510893.48262,19.8932,1.2921,SSO_KMTA42,KMT(I),KMT
2510893.50653,18.9834,0.8416,SSO_KMTA42,KMT(I),KMT
2510893.51855,19.289,0.71,SSO_KMTA42,KMT(I),KMT
2510893.56489,17.3282,0.236,SSO_KMTA42,KMT(I),KMT
2510893.5841499995,19.5977,1.627,SSO_KMTA42,KMT(I),KMT
2510893.5972300004,18.9303,0.6948,SSO_KMTA42,KMT(I),KMT
2510894.39953,19.433,0.4658,SSO_KMTA42,KMT(I),KMT
2510894.41141,19.63,0.6377,SSO_KMTA42,KMT(I),KMT
2510894.4231400006,12.2579,0.1809,SSO_KMTA42,KMT(I),KMT
2510894.43913,16.5332,0.3288,SSO_KMTA42,KMT(I),KMT
2510896.37491,19.9268,0.3592,SSO_KMTA42,KMT(I),KMT
2510896.40022,20.9574,1.0169,SSO_KMTA42,KMT(I),KMT
2510896.4120499995,19.5359,0.2268,SSO_KMTA42,KMT(I),KMT
2510896.42397,19.5055,0.1994,SSO_KMTA42,KMT(I),KMT
2510896.44288,19.9478,0.2902,SSO_KMTA42,KMT(I),KMT
2510896.45459,18.9988,0.137,SSO_KMTA42,KMT(I),KMT
2510896.46693,20.6514,0.9615,SSO_KMTA42,KMT(I),KMT
2510896.4786099996,19.3864,0.1945,SSO_KMTA42,KMT(I),KMT
2510896.4904699996,19.8437,0.3041,SSO_KMTA42,KMT(I),KMT
2510896.50945,19.4156,0.2307,SSO_KMTA42,KMT(I),KMT
2510896.52128,18.7712,0.169,SSO_KMTA42,KMT(I),KMT
2510896.5368099995,19.315,0.2255,SSO_KMTA42,KMT(I),KMT
2510896.5486699995,19.9436,0.4773,SSO_KMTA42,KMT(I),KMT
2510896.5602599997,20.5606,0.7867,SSO_KMTA42,KMT(I),KMT
2510896.5791999996,19.3596,0.216,SSO_KMTA42,KMT(I),KMT
2510896.59102,18.7422,0.1619,SSO_KMTA42,KMT(I),KMT
2510896.6028700005,19.6691,0.3925,SSO_KMTA42,KMT(I),KMT
2510896.61443,18.8568,0.2225,SSO_KMTA42,KMT(I),KMT
2510896.6316100005,18.672,0.1679,SSO_KMTA42,KMT(I),KMT
2510897.3608100004,20.0486,0.5183,SSO_KMTA42,KMT(I),KMT
2510897.3754900005,19.4939,0.2024,SSO_KMTA42,KMT(I),KMT
2510897.38736,19.0694,0.1767,SSO_KMTA42,KMT(I),KMT
2510897.4019300006,20.2068,0.326,SSO_KMTA42,KMT(I),KMT
2510897.4149200004,19.6446,0.2491,SSO_KMTA42,KMT(I),KMT
2510897.43386,19.1809,0.1791,SSO_KMTA42,KMT(I),KMT
2510897.4529299997,18.9434,0.1247,SSO_KMTA42,KMT(I),KMT
2510897.46514,19.9741,0.3015,SSO_KMTA42,KMT(I),KMT
2510897.47784,19.813,0.2422,SSO_KMTA42,KMT(I),KMT
2510897.4897300005,19.2639,0.174,SSO_KMTA42,KMT(I),KMT
2510897.5030300003,19.7829,0.215,SSO_KMTA42,KMT(I),KMT
2510897.52699,20.1568,0.2304,SSO_KMTA42,KMT(I),KMT
2510897.53895,20.3565,0.3798,SSO_KMTA42,KMT(I),KMT
2510897.5507699996,20.4171,0.5453,SSO_KMTA42,KMT(I),KMT
2510897.5623499993,20.1535,0.3174,SSO_KMTA42,KMT(I),KMT
2510897.5736299995,20.2227,0.4416,SSO_KMTA42,KMT(I),KMT
2510897.5925399996,20.4055,0.4795,SSO_KMTA42,KMT(I),KMT
2510897.6042400002,19.5839,0.2957,SSO_KMTA42,KMT(I),KMT
2510897.6158600003,19.8468,0.3428,SSO_KMTA42,KMT(I),KMT
2510897.62588,19.3414,0.2469,SSO_KMTA42,KMT(I),KMT
2510897.6361500006,19.3792,0.2617,SSO_KMTA42,KMT(I),KMT
2510898.39451,19.3988,0.1568,SSO_KMTA42,KMT(I),KMT
2510898.40611,19.5696,0.183,SSO_KMTA42,KMT(I),KMT
2510898.4221199993,19.6345,0.1489,SSO_KMTA42,KMT(I),KMT
2510898.4343999997,20.5635,0.6214,SSO_KMTA42,KMT(I),KMT
2510898.4461000003,19.7953,0.1754,SSO_KMTA42,KMT(I),KMT
2510898.46511,19.9495,0.187,SSO_KMTA42,KMT(I),KMT
2510898.4788300004,20.0071,0.2172,SSO_KMTA42,KMT(I),KMT
2510898.49177,20.1516,0.26,SSO_KMTA42,KMT(I),KMT
2510898.51748,17.5509,0.2088,SSO_KMTA42,KMT(I),KMT
2510898.5366200004,20.2718,0.2488,SSO_KMTA42,KMT(I),KMT
2510898.54856,20.0745,0.2358,SSO_KMTA42,KMT(I),KMT
2510898.56025,19.9228,0.1617,SSO_KMTA42,KMT(I),KMT
2510898.57225,19.8077,0.1215,SSO_KMTA42,KMT(I),KMT
2510898.5839600004,20.1152,0.1856,SSO_KMTA42,KMT(I),KMT
2510898.60322,20.0529,0.2259,SSO_KMTA42,KMT(I),KMT
2510898.6150700003,19.7845,0.1747,SSO_KMTA42,KMT(I),KMT
2510898.62674,20.3764,0.4042,SSO_KMTA42,KMT(I),KMT
2510898.6341699995,20.3077,0.2916,SSO_KMTA42,KMT(I),KMT
2510899.3744,20.2453,0.2724,SSO_KMTA42,KMT(I),KMT
2510899.3779300004,20.0316,0.3697,SSO_KMTA42,KMT(I),KMT
2510899.39128,19.4531,0.2033,SSO_KMTA42,KMT(I),KMT
2510899.4101,20.0952,0.4986,SSO_KMTA42,KMT(I),KMT
2510899.44606,20.2972,0.2233,SSO_KMTA42,KMT(I),KMT
2510899.45773,19.7591,0.1368,SSO_KMTA42,KMT(I),KMT
2510899.4695500005,20.9511,0.345,SSO_KMTA42,KMT(I),KMT
2510899.48104,19.9243,0.158,SSO_KMTA42,KMT(I),KMT
2510899.5002500005,20.2807,0.2812,SSO_KMTA42,KMT(I),KMT
2510899.5122299995,19.8046,0.158,SSO_KMTA42,KMT(I),KMT
2510899.5240700003,19.6033,0.156,SSO_KMTA42,KMT(I),KMT
2510899.5360000003,19.9362,0.1822,SSO_KMTA42,KMT(I),KMT
2510899.54756,19.9048,0.1639,SSO_KMTA42,KMT(I),KMT
2510899.5592400003,19.8845,0.2391,SSO_KMTA42,KMT(I),KMT
2510899.5785799995,19.8367,0.2932,SSO_KMTA42,KMT(I),KMT
2510899.59079,20.0913,0.5091,SSO_KMTA42,KMT(I),KMT
2510899.60396,20.2555,0.6751,SSO_KMTA42,KMT(I),KMT
2510899.6159300003,19.6799,0.1728,SSO_KMTA42,KMT(I),KMT
2510899.6273599993,19.8455,0.2172,SSO_KMTA42,KMT(I),KMT
2510900.36704,19.6031,0.2016,SSO_KMTA42,KMT(I),KMT
2510900.3863500003,19.9725,0.2459,SSO_KMTA42,KMT(I),KMT
2510900.3982999995,20.2332,0.4041,SSO_KMTA42,KMT(I),KMT
2510900.41032,19.5283,0.1574,SSO_KMTA42,KMT(I),KMT
2510900.4221100006,19.8481,0.1854,SSO_KMTA42,KMT(I),KMT
2510900.43406,20.565,0.4676,SSO_KMTA42,KMT(I),KMT
2510900.45316,20.9304,0.5515,SSO_KMTA42,KMT(I),KMT
2510900.4664699994,19.7019,0.1789,SSO_KMTA42,KMT(I),KMT
2510900.4853499997,19.8323,0.1662,SSO_KMTA42,KMT(I),KMT
2510900.50562,20.1113,0.252,SSO_KMTA42,KMT(I),KMT
2510900.5175599996,19.7497,0.1998,SSO_KMTA42,KMT(I),KMT
2510900.53653,19.5288,0.1877,SSO_KMTA42,KMT(I),KMT
2510900.54835,19.7834,0.2404,SSO_KMTA42,KMT(I),KMT
2510900.56033,19.6706,0.2067,SSO_KMTA42,KMT(I),KMT
2510900.57235,20.6305,1.3182,SSO_KMTA42,KMT(I),KMT
2510900.60107,20.0744,0.2504,SSO_KMTA42,KMT(I),KMT
2510900.6201099996,20.5852,0.5802,SSO_KMTA42,KMT(I),KMT
2510900.63059,20.1114,0.2721,SSO_KMTA42,KMT(I),KMT
2510901.37113,19.7752,0.2211,SSO_KMTA42,KMT(I),KMT
2510901.38322,19.4858,0.1733,SSO_KMTA42,KMT(I),KMT
2510901.3947,20.5538,0.4216,SSO_KMTA42,KMT(I),KMT
2510901.40668,20.0415,0.2551,SSO_KMTA42,KMT(I),KMT
2510901.42669,19.3688,0.1528,SSO_KMTA42,KMT(I),KMT
2510901.43853,19.6048,0.1612,SSO_KMTA42,KMT(I),KMT
2510901.45125,19.3178,0.1364,SSO_KMTA42,KMT(I),KMT
2510901.4628800005,19.6118,0.1583,SSO_KMTA42,KMT(I),KMT
2510901.47891,19.7978,0.193,SSO_KMTA42,KMT(I),KMT
2510901.49799,19.2202,0.1171,SSO_KMTA42,KMT(I),KMT
2510901.51241,19.7269,0.2123,SSO_KMTA42,KMT(I),KMT
2510901.5241100006,19.5483,0.1704,SSO_KMTA42,KMT(I),KMT
2510901.5357799996,18.7607,0.0918,SSO_KMTA42,KMT(I),KMT
2510901.5475399997,19.0204,0.1317,SSO_KMTA42,KMT(I),KMT
2510901.56654,19.1322,0.1473,SSO_KMTA42,KMT(I),KMT
2510901.5781999994,19.2849,0.1887,SSO_KMTA42,KMT(I),KMT
2510901.59,19.3746,0.2331,SSO_KMTA42,KMT(I),KMT
2510901.6024200004,19.4903,0.1898,SSO_KMTA42,KMT(I),KMT
2510901.61419,20.5889,0.7026,SSO_KMTA42,KMT(I),KMT
2510901.6257799994,19.016,0.14,SSO_KMTA42,KMT(I),KMT
2510902.3754399996,19.7033,0.2419,SSO_KMTA42,KMT(I),KMT
2510902.39425,20.9837,0.8592,SSO_KMTA42,KMT(I),KMT
2510902.4062200002,20.103,0.3173,SSO_KMTA42,KMT(I),KMT
2510902.41818,19.7012,0.1696,SSO_KMTA42,KMT(I),KMT
2510902.43238,19.846,0.2338,SSO_KMTA42,KMT(I),KMT
2510902.44415,20.335,0.2864,SSO_KMTA42,KMT(I),KMT
2510902.46311,20.2092,0.1823,SSO_KMTA42,KMT(I),KMT
2510902.4750699997,20.7227,0.4929,SSO_KMTA42,KMT(I),KMT
2510902.51054,17.7895,0.6381,SSO_KMTA42,KMT(I),KMT
2510902.5298500005,18.8534,1.933,SSO_KMTA42,KMT(I),KMT
2510902.54165,18.7102,0.4038,SSO_KMTA42,KMT(I),KMT
2510902.5536199994,17.2588,0.451,SSO_KMTA42,KMT(I),KMT
2510902.6038000006,19.5657,0.4482,SSO_KMTA42,KMT(I),KMT
2510902.6156099997,19.0942,0.4318,SSO_KMTA42,KMT(I),KMT
2510903.37342,20.0489,2.2076,SSO_KMTA42,KMT(I),KMT
2510903.3861,18.8855,0.2071,SSO_KMTA42,KMT(I),KMT
2510903.39795,19.1228,0.171,SSO_KMTA42,KMT(I),KMT
2510903.4172,20.3295,1.9391,SSO_KMTA42,KMT(I),KMT
2510903.4290699996,20.1441,1.2667,SSO_KMTA42,KMT(I),KMT
2510903.44109,19.1664,0.1721,SSO_KMTA42,KMT(I),KMT
2510903.4531500004,18.8434,0.3691,SSO_KMTA42,KMT(I),KMT
2510903.4648599997,19.0429,0.2585,SSO_KMTA42,KMT(I),KMT
2510903.48419,19.2076,0.205,SSO_KMTA42,KMT(I),KMT
2510903.51114,19.6354,0.1802,SSO_KMTA42,KMT(I),KMT
2510903.5229700003,20.2837,0.4486,SSO_KMTA42,KMT(I),KMT
2510903.5345099997,19.0919,0.2015,SSO_KMTA42,KMT(I),KMT
2510903.55361,19.1251,0.1234,SSO_KMTA42,KMT(I),KMT
2510903.5655499995,19.4268,0.1463,SSO_KMTA42,KMT(I),KMT
2510903.5783,19.6649,0.2094,SSO_KMTA42,KMT(I),KMT
2510903.5901500005,17.7572,0.0566,SSO_KMTA42,KMT(I),KMT
2510903.6022999994,19.9072,0.3583,SSO_KMTA42,KMT(I),KMT
2510903.61261,20.7009,0.5085,SSO_KMTA42,KMT(I),KMT
2510904.37909,18.2857,0.0759,SSO_KMTA42,KMT(I),KMT
2510904.3983699996,18.6238,0.1111,SSO_KMTA42,KMT(I),KMT
2510904.41024,19.9488,0.3439,SSO_KMTA42,KMT(I),KMT
2510904.42225,19.2551,0.1546,SSO_KMTA42,KMT(I),KMT
2510904.43396,19.5441,0.1492,SSO_KMTA42,KMT(I),KMT
2510904.44582,19.6346,0.1725,SSO_KMTA42,KMT(I),KMT
2510904.46536,20.0702,0.1897,SSO_KMTA42,KMT(I),KMT
2510904.4771999996,19.4919,0.1427,SSO_KMTA42,KMT(I),KMT
2510904.48907,21.0494,0.8965,SSO_KMTA42,KMT(I),KMT
2510904.50098,20.1207,0.2575,SSO_KMTA42,KMT(I),KMT
2510904.5126799997,19.9751,0.254,SSO_KMTA42,KMT(I),KMT
2510904.5319100004,19.586,0.1455,SSO_KMTA42,KMT(I),KMT
2510904.54395,20.0033,0.2311,SSO_KMTA42,KMT(I),KMT
2510904.5559100006,19.9617,0.2465,SSO_KMTA42,KMT(I),KMT
2510904.57311,20.1427,0.2159,SSO_KMTA42,KMT(I),KMT
2510904.58512,20.3521,0.3207,SSO_KMTA42,KMT(I),KMT
2510904.60449,20.8831,0.545,SSO_KMTA42,KMT(I),KMT
2510904.6196100004,19.895,0.2056,SSO_KMTA42,KMT(I),KMT
2510905.3518899996,17.6408,0.116,SSO_KMTA42,KMT(I),KMT
2510905.3635300007,18.7285,0.1173,SSO_KMTA42,KMT(I),KMT
2510905.3755,20.3681,0.6893,SSO_KMTA42,KMT(I),KMT
2510905.38739,19.2191,0.2105,SSO_KMTA42,KMT(I),KMT
2510905.40623,19.5661,0.1969,SSO_KMTA42,KMT(I),KMT
2510905.4180500004,19.9161,0.2129,SSO_KMTA42,KMT(I),KMT
2510905.4302699994,20.8531,0.4906,SSO_KMTA42,KMT(I),KMT
2510905.4422699995,20.1284,0.2633,SSO_KMTA42,KMT(I),KMT
2510905.4539800007,19.7245,0.1538,SSO_KMTA42,KMT(I),KMT
2510905.4731900003,20.2905,0.2935,SSO_KMTA42,KMT(I),KMT
2510905.49658,20.5662,0.4937,SSO_KMTA42,KMT(I),KMT
2510905.5084499996,19.5126,0.1719,SSO_KMTA42,KMT(I),KMT
2510905.52025,19.011,0.1348,SSO_KMTA42,KMT(I),KMT
2510905.53957,19.5787,0.2213,SSO_KMTA42,KMT(I),KMT
2510905.55141,19.2712,0.1585,SSO_KMTA42,KMT(I),KMT
2510905.56372,19.034,0.1239,SSO_KMTA42,KMT(I),KMT
2510905.5749900006,19.4733,0.1856,SSO_KMTA42,KMT(I),KMT
2510905.58696,19.1384,0.1333,SSO_KMTA42,KMT(I),KMT
2510905.60582,18.5963,0.161,SSO_KMTA42,KMT(I),KMT
2510905.6161,18.918,0.2307,SSO_KMTA42,KMT(I),KMT
2510906.35929,18.8194,0.1716,SSO_KMTA42,KMT(I),KMT
2510906.3712,19.9851,0.3652,SSO_KMTA42,KMT(I),KMT
2510906.3828800004,19.8242,0.2973,SSO_KMTA42,KMT(I),KMT
2510906.39477,18.4561,0.1813,SSO_KMTA42,KMT(I),KMT
2510908.3548300005,18.6663,0.27,SSO_KMTA42,KMT(I),KMT
2510908.36639,18.463,0.0761,SSO_KMTA42,KMT(I),KMT
2510908.3854099996,18.4908,0.1068,SSO_KMTA42,KMT(I),KMT
2510908.3973200005,18.8902,0.1436,SSO_KMTA42,KMT(I),KMT
2510908.4212100003,19.7916,0.2386,SSO_KMTA42,KMT(I),KMT
2510908.43317,19.8854,0.2853,SSO_KMTA42,KMT(I),KMT
2510908.4522699993,19.5128,0.2095,SSO_KMTA42,KMT(I),KMT
2510908.4639999997,19.4908,0.1947,SSO_KMTA42,KMT(I),KMT
2510908.4759599995,19.4206,0.1391,SSO_KMTA42,KMT(I),KMT
2510908.4876000006,20.1342,0.3219,SSO_KMTA42,KMT(I),KMT
2510908.49924,19.4404,0.1253,SSO_KMTA42,KMT(I),KMT
2510908.5184000004,19.8586,0.3029,SSO_KMTA42,KMT(I),KMT
2510908.5303300004,18.8982,0.1035,SSO_KMTA42,KMT(I),KMT
2510908.54237,18.9121,0.1361,SSO_KMTA42,KMT(I),KMT
2510908.55485,19.5711,0.1704,SSO_KMTA42,KMT(I),KMT
2510908.5669,19.2266,0.1716,SSO_KMTA42,KMT(I),KMT
2510909.3693700004,18.4533,0.1095,SSO_KMTA42,KMT(I),KMT
2510909.3812300004,18.9423,0.134,SSO_KMTA42,KMT(I),KMT
2510909.3928699996,21.0385,0.9225,SSO_KMTA42,KMT(I),KMT
2510909.41216,19.8328,0.3377,SSO_KMTA42,KMT(I),KMT
2510909.42435,19.9794,0.365,SSO_KMTA42,KMT(I),KMT
2510909.4363199994,19.1841,0.1463,SSO_KMTA42,KMT(I),KMT
2510909.44819,19.8583,0.2922,SSO_KMTA42,KMT(I),KMT
2510909.4601600002,19.1123,0.1074,SSO_KMTA42,KMT(I),KMT
2510909.47951,20.1621,0.3126,SSO_KMTA42,KMT(I),KMT
2510909.49099,19.773,0.182,SSO_KMTA42,KMT(I),KMT
2510909.50272,19.9715,0.2119,SSO_KMTA42,KMT(I),KMT
2510909.51415,20.2646,0.3128,SSO_KMTA42,KMT(I),KMT
2510909.5273599997,20.0057,0.21,SSO_KMTA42,KMT(I),KMT
2510909.5463699996,19.7464,0.1864,SSO_KMTA42,KMT(I),KMT
2510909.5581100006,19.6086,0.1558,SSO_KMTA42,KMT(I),KMT
2510909.57001,20.124,0.3195,SSO_KMTA42,KMT(I),KMT
2510909.5819799993,20.0767,0.3076,SSO_KMTA42,KMT(I),KMT
2510909.5952400006,19.6453,0.597,SSO_KMTA42,KMT(I),KMT
2510910.36709,19.6637,0.5679,SSO_KMTA42,KMT(I),KMT
2510910.3859899994,19.3122,0.1591,SSO_KMTA42,KMT(I),KMT
2510910.3979899995,20.7031,0.6388,SSO_KMTA42,KMT(I),KMT
2510910.40984,19.9403,0.2461,SSO_KMTA42,KMT(I),KMT
2510910.42184,19.9447,0.2025,SSO_KMTA42,KMT(I),KMT
2510910.4334200006,19.9271,0.181,SSO_KMTA42,KMT(I),KMT
2510910.46065,20.0669,0.216,SSO_KMTA42,KMT(I),KMT
2510910.4724899996,19.9677,0.2379,SSO_KMTA42,KMT(I),KMT
2510910.48448,19.9519,0.1844,SSO_KMTA42,KMT(I),KMT
2510910.49646,20.2383,1.3564,SSO_KMTA42,KMT(I),KMT
2510910.50832,20.0478,0.2207,SSO_KMTA42,KMT(I),KMT
2510910.5276299994,19.3256,0.124,SSO_KMTA42,KMT(I),KMT
2510910.54653,19.6981,0.1702,SSO_KMTA42,KMT(I),KMT
2510910.55815,20.4147,0.341,SSO_KMTA42,KMT(I),KMT
2510910.57025,20.1421,0.2524,SSO_KMTA42,KMT(I),KMT
2510910.58223,20.1436,0.315,SSO_KMTA42,KMT(I),KMT
2510911.3667099997,19.4369,0.2195,SSO_KMTA42,KMT(I),KMT
2510911.38561,19.9088,0.3325,SSO_KMTA42,KMT(I),KMT
2510911.3977000006,19.6219,0.249,SSO_KMTA42,KMT(I),KMT
2510911.40957,19.7515,0.2129,SSO_KMTA42,KMT(I),KMT
2510911.4215399995,19.9114,0.2953,SSO_KMTA42,KMT(I),KMT
2510911.4244100004,20.1858,0.3827,SSO_KMTA42,KMT(I),KMT
2510911.4363199994,19.4139,0.1828,SSO_KMTA42,KMT(I),KMT
2510911.4554900005,20.0172,0.2851,SSO_KMTA42,KMT(I),KMT
2510911.46713,19.5022,0.175,SSO_KMTA42,KMT(I),KMT
2510911.4796900004,20.1243,0.4126,SSO_KMTA42,KMT(I),KMT
2510911.49811,20.1623,0.3286,SSO_KMTA42,KMT(I),KMT
2510911.5123500004,19.5613,0.1648,SSO_KMTA42,KMT(I),KMT
2510911.5316700004,19.1908,0.1646,SSO_KMTA42,KMT(I),KMT
2510911.5436199997,20.1581,0.3342,SSO_KMTA42,KMT(I),KMT
2510911.55561,20.1241,0.3772,SSO_KMTA42,KMT(I),KMT
2510911.56752,19.536,0.176,SSO_KMTA42,KMT(I),KMT
2510911.579,18.5813,0.1026,SSO_KMTA42,KMT(I),KMT
2510911.5954,19.8806,0.2713,SSO_KMTA42,KMT(I),KMT
2510912.36721,20.0871,0.4062,SSO_KMTA42,KMT(I),KMT
2510912.38655,19.7694,0.2048,SSO_KMTA42,KMT(I),KMT
2510912.39833,20.049,0.2172,SSO_KMTA42,KMT(I),KMT
2510912.4101599995,20.5712,0.4469,SSO_KMTA42,KMT(I),KMT
2510912.42213,20.1227,0.2382,SSO_KMTA42,KMT(I),KMT
2510912.4341899995,19.9421,0.1712,SSO_KMTA42,KMT(I),KMT
2510912.45294,19.8744,0.1851,SSO_KMTA42,KMT(I),KMT
2510912.46464,20.0774,0.1966,SSO_KMTA42,KMT(I),KMT
2510912.4765799996,19.827,0.1797,SSO_KMTA42,KMT(I),KMT
2510912.48857,19.7472,0.141,SSO_KMTA42,KMT(I),KMT
2510912.5003699996,19.642,0.1105,SSO_KMTA42,KMT(I),KMT
2510912.5124500003,20.048,0.2022,SSO_KMTA42,KMT(I),KMT
2510912.5318100005,19.9299,0.236,SSO_KMTA42,KMT(I),KMT
2510912.5444799997,20.5301,0.3615,SSO_KMTA42,KMT(I),KMT
2510912.55652,20.054,0.2048,SSO_KMTA42,KMT(I),KMT
2510912.56881,19.7281,0.1738,SSO_KMTA42,KMT(I),KMT
2510912.5806,19.0536,0.1396,SSO_KMTA42,KMT(I),KMT
2510912.59306,18.8885,0.129,SSO_KMTA42,KMT(I),KMT
2510913.3614600003,19.9988,0.2836,SSO_KMTA42,KMT(I),KMT
2510913.3811600003,19.9401,0.1245,SSO_KMTA42,KMT(I),KMT
2510913.39319,19.9149,0.1551,SSO_KMTA42,KMT(I),KMT
2510913.40506,20.2566,0.2011,SSO_KMTA42,KMT(I),KMT
2510913.41703,20.3179,0.2131,SSO_KMTA42,KMT(I),KMT
2510913.42903,19.9618,0.1383,SSO_KMTA42,KMT(I),KMT
2510913.4477699995,20.4518,0.2683,SSO_KMTA42,KMT(I),KMT
2510913.4780899994,19.8337,0.2441,SSO_KMTA42,KMT(I),KMT
2510913.49005,20.2804,0.2503,SSO_KMTA42,KMT(I),KMT
2510913.5016399994,20.1775,0.2203,SSO_KMTA42,KMT(I),KMT
2510913.51332,20.6504,0.4611,SSO_KMTA42,KMT(I),KMT
2510913.5324300006,21.1931,1.2975,SSO_KMTA42,KMT(I),KMT
2510913.54729,19.6947,0.2233,SSO_KMTA42,KMT(I),KMT
2510913.55894,20.1109,0.3758,SSO_KMTA42,KMT(I),KMT
2510913.5709099993,20.2273,0.4131,SSO_KMTA42,KMT(I),KMT
2510913.5881699994,20.8666,1.0635,SSO_KMTA42,KMT(I),KMT
2510914.4834400006,18.2309,0.0736,SSO_KMTA42,KMT(I),KMT
2510914.5023800004,18.883,0.1278,SSO_KMTA42,KMT(I),KMT
2510914.51437,19.4175,0.1839,SSO_KMTA42,KMT(I),KMT
2510914.52635,19.0401,0.1112,SSO_KMTA42,KMT(I),KMT
2510914.53833,18.8212,0.1173,SSO_KMTA42,KMT(I),KMT
2510914.5501300003,18.5634,0.0864,SSO_KMTA42,KMT(I),KMT
2510914.5691299997,17.9323,0.3634,SSO_KMTA42,KMT(I),KMT
2510914.5852700006,17.9777,0.0734,SSO_KMTA42,KMT(I),KMT
2510915.3624600004,18.3862,0.1119,SSO_KMTA42,KMT(I),KMT
2510915.3742699996,19.514,0.2195,SSO_KMTA42,KMT(I),KMT
2510915.3899,19.548,0.1864,SSO_KMTA42,KMT(I),KMT
2510915.40164,20.1789,0.3294,SSO_KMTA42,KMT(I),KMT
2510915.4133,19.8187,0.2109,SSO_KMTA42,KMT(I),KMT
2510915.43267,19.8301,0.21,SSO_KMTA42,KMT(I),KMT
2510915.4444699995,20.0947,0.2423,SSO_KMTA42,KMT(I),KMT
2510915.4563100003,20.4549,0.4083,SSO_KMTA42,KMT(I),KMT
2510915.4678000007,19.6962,0.1945,SSO_KMTA42,KMT(I),KMT
2510915.47975,19.6638,0.1819,SSO_KMTA42,KMT(I),KMT
2510915.4893500004,20.1125,0.2447,SSO_KMTA42,KMT(I),KMT
2510915.50129,20.039,0.27,SSO_KMTA42,KMT(I),KMT
2510915.5132299997,20.2523,0.3962,SSO_KMTA42,KMT(I),KMT
2510915.52491,19.6687,0.1958,SSO_KMTA42,KMT(I),KMT
2510915.54395,19.4997,0.1924,SSO_KMTA42,KMT(I),KMT
2510915.55853,19.9899,0.6291,SSO_KMTA42,KMT(I),KMT
2510915.5705200005,19.7286,0.3083,SSO_KMTA42,KMT(I),KMT
2510915.5822800007,20.2118,0.4582,SSO_KMTA42,KMT(I),KMT
2510917.3658499997,16.9293,0.0361,SSO_KMTA42,KMT(I),KMT
2510917.3777099997,17.5637,0.049,SSO_KMTA42,KMT(I),KMT
2510917.3896900006,18.5516,0.1218,SSO_KMTA42,KMT(I),KMT
2510917.4013800006,17.7698,0.0693,SSO_KMTA42,KMT(I),KMT
2510917.4201500006,16.6377,0.0355,SSO_KMTA42,KMT(I),KMT
2510917.4321299996,17.6777,0.0796,SSO_KMTA42,KMT(I),KMT
2510917.44393,18.287,0.1016,SSO_KMTA42,KMT(I),KMT
2510917.45569,18.7509,0.1345,SSO_KMTA42,KMT(I),KMT
2510917.4677099995,19.5259,0.1862,SSO_KMTA42,KMT(I),KMT
2510917.4967,20.7781,1.0254,SSO_KMTA42,KMT(I),KMT
2510917.50861,20.6944,1.1489,SSO_KMTA42,KMT(I),KMT
2510917.5326000005,18.6835,0.1582,SSO_KMTA42,KMT(I),KMT
2510917.54459,17.6722,0.0645,SSO_KMTA42,KMT(I),KMT
2510917.5639999993,19.1064,0.1711,SSO_KMTA42,KMT(I),KMT
2510917.5800100006,19.0474,0.2501,SSO_KMTA42,KMT(I),KMT
2510918.3595400006,20.0355,0.6234,SSO_KMTA42,KMT(I),KMT
2510918.3714000005,19.3516,0.2192,SSO_KMTA42,KMT(I),KMT
2510918.38289,19.5262,0.1716,SSO_KMTA42,KMT(I),KMT
2510918.3949100003,20.0734,0.5455,SSO_KMTA42,KMT(I),KMT
2510918.40716,19.2642,0.1386,SSO_KMTA42,KMT(I),KMT
2510918.4337799996,19.5783,0.514,SSO_KMTA42,KMT(I),KMT
2510918.44563,20.0207,0.3927,SSO_KMTA42,KMT(I),KMT
2510918.45734,19.7856,0.5707,SSO_KMTA42,KMT(I),KMT
2510918.4690499995,19.0595,0.3074,SSO_KMTA42,KMT(I),KMT
2510918.4828699995,19.2676,1.2878,SSO_KMTA42,KMT(I),KMT
2510918.5019300003,19.6848,4.0598,SSO_KMTA42,KMT(I),KMT
2510918.5253,19.0269,0.4091,SSO_KMTA42,KMT(I),KMT
2510918.5517100003,19.3457,0.2025,SSO_KMTA42,KMT(I),KMT
2510918.57087,20.4779,0.6476,SSO_KMTA42,KMT(I),KMT
2510918.5781200007,19.6392,0.3561,SSO_KMTA42,KMT(I),KMT
2510919.3641299997,18.8198,0.3951,SSO_KMTA42,KMT(I),KMT
2510919.3744,19.8663,1.6303,SSO_KMTA42,KMT(I),KMT
2510919.3846000005,19.8187,1.5829,SSO_KMTA42,KMT(I),KMT
2510919.4000199996,19.5217,0.7332,SSO_KMTA42,KMT(I),KMT
2510919.4113599993,20.172,3.5403,SSO_KMTA42,KMT(I),KMT
2510919.4319400005,19.6055,0.7607,SSO_KMTA42,KMT(I),KMT
2510919.46031,19.2572,0.5856,SSO_KMTA42,KMT(I),KMT
2510919.4691199996,19.8223,2.2777,SSO_KMTA42,KMT(I),KMT
2510919.4808099996,19.0894,0.4874,SSO_KMTA42,KMT(I),KMT
2510919.5241100006,19.0741,0.4629,SSO_KMTA42,KMT(I),KMT
2510919.53615,19.8664,1.8265,SSO_KMTA42,KMT(I),KMT
2510919.5478300005,19.5301,0.7545,SSO_KMTA42,KMT(I),KMT
2510921.3717,20.1844,1.0283,SSO_KMTA42,KMT(I),KMT
2510921.40326,19.5801,0.4521,SSO_KMTA42,KMT(I),KMT
2510921.4150399994,20.2399,1.5504,SSO_KMTA42,KMT(I),KMT
2510921.42693,19.0571,0.4501,SSO_KMTA42,KMT(I),KMT
2510921.4890100006,19.9771,0.988,SSO_KMTA42,KMT(I),KMT
2510921.5009700004,20.469,1.0031,SSO_KMTA42,KMT(I),KMT
2510921.5128000006,19.3249,0.3561,SSO_KMTA42,KMT(I),KMT
2510921.5245399997,19.8307,0.7951,SSO_KMTA42,KMT(I),KMT
2510921.55537,19.439,0.7653,SSO_KMTA42,KMT(I),KMT
2510921.5673699994,19.7872,0.5637,SSO_KMTA42,KMT(I),KMT
2510922.3637300003,19.7037,0.2512,SSO_KMTA42,KMT(I),KMT
2510922.3752699997,19.9573,0.2589,SSO_KMTA42,KMT(I),KMT
2510922.38715,20.3976,0.3127,SSO_KMTA42,KMT(I),KMT
2510922.39896,19.8906,0.2159,SSO_KMTA42,KMT(I),KMT
2510922.42184,19.9473,0.3066,SSO_KMTA42,KMT(I),KMT
2510922.43384,20.1531,0.3097,SSO_KMTA42,KMT(I),KMT
2510922.44537,20.1921,0.3681,SSO_KMTA42,KMT(I),KMT
2510922.4573299997,20.0803,0.2407,SSO_KMTA42,KMT(I),KMT
2510922.4688300006,19.8069,0.2614,SSO_KMTA42,KMT(I),KMT
2510922.4878400005,20.7048,0.6053,SSO_KMTA42,KMT(I),KMT
2510922.4996799994,19.8589,0.1991,SSO_KMTA42,KMT(I),KMT
2510922.51595,19.9852,0.2975,SSO_KMTA42,KMT(I),KMT
2510922.5277500004,19.8879,0.1754,SSO_KMTA42,KMT(I),KMT
2510922.5394899994,20.3511,0.2596,SSO_KMTA42,KMT(I),KMT
2510922.5584699996,20.0797,0.4874,SSO_KMTA42,KMT(I),KMT
2510922.5659800004,20.049,0.3207,SSO_KMTA42,KMT(I),KMT
2510924.3611900005,20.4207,0.5943,SSO_KMTA42,KMT(I),KMT
2510924.37299,20.0411,0.2681,SSO_KMTA42,KMT(I),KMT
2510924.38468,19.7366,0.2251,SSO_KMTA42,KMT(I),KMT
2510924.4038500004,19.9509,0.1807,SSO_KMTA42,KMT(I),KMT
2510924.4157,20.0395,0.1959,SSO_KMTA42,KMT(I),KMT
2510924.4275700003,20.3805,0.4126,SSO_KMTA42,KMT(I),KMT
2510924.43939,20.3473,0.3145,SSO_KMTA42,KMT(I),KMT
2510924.4545399994,19.8302,0.1852,SSO_KMTA42,KMT(I),KMT
2510924.46648,19.8085,0.1772,SSO_KMTA42,KMT(I),KMT
2510924.48554,19.6998,0.2205,SSO_KMTA42,KMT(I),KMT
2510924.4973099995,20.1136,0.2365,SSO_KMTA42,KMT(I),KMT
2510924.50923,19.9607,0.1812,SSO_KMTA42,KMT(I),KMT
2510924.52169,20.7206,0.6292,SSO_KMTA42,KMT(I),KMT
2510924.53359,19.5135,0.1332,SSO_KMTA42,KMT(I),KMT
2510924.55277,20.0648,0.394,SSO_KMTA42,KMT(I),KMT
2510924.5630399995,21.3206,1.972,SSO_KMTA42,KMT(I),KMT
2510925.3642299995,18.5775,0.3611,SSO_KMTA42,KMT(I),KMT
2510925.37598,19.7976,0.2441,SSO_KMTA42,KMT(I),KMT
2510925.4003,20.1725,0.3383,SSO_KMTA42,KMT(I),KMT
2510925.4119300004,19.8465,0.2841,SSO_KMTA42,KMT(I),KMT
2510925.43114,20.9788,1.0921,SSO_KMTA42,KMT(I),KMT
2510925.4429100007,19.9332,0.3064,SSO_KMTA42,KMT(I),KMT
2510925.4557600003,19.5582,0.1838,SSO_KMTA42,KMT(I),KMT
2510925.4680899996,19.6868,0.1923,SSO_KMTA42,KMT(I),KMT
2510925.47989,20.2994,0.4063,SSO_KMTA42,KMT(I),KMT
2510925.4992500003,19.4877,1.0471,SSO_KMTA42,KMT(I),KMT
2510925.511,19.8266,0.332,SSO_KMTA42,KMT(I),KMT
2510925.5227700006,19.572,0.3609,SSO_KMTA42,KMT(I),KMT
2510925.5341299996,20.3801,0.9245,SSO_KMTA42,KMT(I),KMT
2510925.54612,18.6566,0.2498,SSO_KMTA42,KMT(I),KMT
2510926.3716400005,20.001,0.295,SSO_KMTA42,KMT(I),KMT
2510926.3835000005,20.464,1.5487,SSO_KMTA42,KMT(I),KMT
2510926.39549,18.6643,0.8748,SSO_KMTA42,KMT(I),KMT
2510926.44948,20.0217,0.3668,SSO_KMTA42,KMT(I),KMT
2510926.4745300002,17.8051,0.883,SSO_KMTA42,KMT(I),KMT
2510928.3628199995,18.3678,0.4961,SSO_KMTA42,KMT(I),KMT
2510928.38141,19.0269,0.1155,SSO_KMTA42,KMT(I),KMT
2510929.37916,18.5245,0.1323,SSO_KMTA42,KMT(I),KMT
2510929.39827,18.6517,0.1084,SSO_KMTA42,KMT(I),KMT
2510929.4105,18.1661,0.1041,SSO_KMTA42,KMT(I),KMT
2510929.4221,18.8083,0.1342,SSO_KMTA42,KMT(I),KMT
2510929.4339000005,19.4073,0.2343,SSO_KMTA42,KMT(I),KMT
2510929.46261,18.9018,0.1659,SSO_KMTA42,KMT(I),KMT
2510929.4827699997,19.1351,0.1838,SSO_KMTA42,KMT(I),KMT
2510929.49474,20.3473,0.5827,SSO_KMTA42,KMT(I),KMT
2510929.5067,18.4895,0.0986,SSO_KMTA42,KMT(I),KMT
2510929.51846,19.2681,0.1843,SSO_KMTA42,KMT(I),KMT
2510929.53092,20.2115,0.572,SSO_KMTA42,KMT(I),KMT
2510929.54294,18.9848,0.1543,SSO_KMTA42,KMT(I),KMT
2510930.36453,19.6233,0.3576,SSO_KMTA42,KMT(I),KMT
2510930.3836000003,18.8354,0.0892,SSO_KMTA42,KMT(I),KMT
2510930.3955499995,19.8371,0.2658,SSO_KMTA42,KMT(I),KMT
2510930.40723,19.7783,0.2214,SSO_KMTA42,KMT(I),KMT
2510930.41909,20.0391,0.3144,SSO_KMTA42,KMT(I),KMT
2510930.4308700003,19.545,0.1604,SSO_KMTA42,KMT(I),KMT
2510930.4499399997,19.9708,0.2461,SSO_KMTA42,KMT(I),KMT
2510930.46179,20.1814,0.2716,SSO_KMTA42,KMT(I),KMT
2510930.4736599997,19.6362,0.176,SSO_KMTA42,KMT(I),KMT
2510930.48553,19.3823,0.1511,SSO_KMTA42,KMT(I),KMT
2510930.49706,19.9432,0.2399,SSO_KMTA42,KMT(I),KMT
2510930.51654,19.3549,0.1422,SSO_KMTA42,KMT(I),KMT
2510930.5283899996,19.6672,0.1748,SSO_KMTA42,KMT(I),KMT
2510930.54043,19.5953,0.1969,SSO_KMTA42,KMT(I),KMT
2510931.36242,19.3717,0.3392,SSO_KMTA42,KMT(I),KMT
2510931.3739599995,19.154,0.1366,SSO_KMTA42,KMT(I),KMT
2510931.38561,19.5759,0.2098,SSO_KMTA42,KMT(I),KMT
2510931.40465,19.7091,0.2202,SSO_KMTA42,KMT(I),KMT
2510931.4171600007,19.9222,0.252,SSO_KMTA42,KMT(I),KMT
2510931.42908,19.7687,0.1538,SSO_KMTA42,KMT(I),KMT
2510931.4409800004,20.1177,0.236,SSO_KMTA42,KMT(I),KMT
2510931.4528400004,20.0159,0.174,SSO_KMTA42,KMT(I),KMT
2510931.47549,19.8132,0.1718,SSO_KMTA42,KMT(I),KMT
2510931.48747,19.5654,0.1575,SSO_KMTA42,KMT(I),KMT
2510931.49935,20.024,0.2659,SSO_KMTA42,KMT(I),KMT
2510931.51107,19.9971,0.2256,SSO_KMTA42,KMT(I),KMT
2510931.52293,20.2939,0.2567,SSO_KMTA42,KMT(I),KMT
2510931.5426400006,20.0134,0.2522,SSO_KMTA42,KMT(I),KMT
2510932.3723799996,19.9343,0.2314,SSO_KMTA42,KMT(I),KMT
2510932.38437,20.4923,0.369,SSO_KMTA42,KMT(I),KMT
2510932.3963399995,19.9999,0.1911,SSO_KMTA42,KMT(I),KMT
2510932.4080100004,20.2546,0.2182,SSO_KMTA42,KMT(I),KMT
2510932.41959,19.7885,0.2155,SSO_KMTA42,KMT(I),KMT
2510932.43886,19.6684,0.1652,SSO_KMTA42,KMT(I),KMT
2510932.4507100005,20.5595,0.3995,SSO_KMTA42,KMT(I),KMT
2510932.46229,20.2693,0.2905,SSO_KMTA42,KMT(I),KMT
2510932.4746199995,20.7209,0.4545,SSO_KMTA42,KMT(I),KMT
2510932.4868,19.8248,0.1498,SSO_KMTA42,KMT(I),KMT
2510932.50588,20.4388,0.3556,SSO_KMTA42,KMT(I),KMT
2510932.5176800005,19.6682,0.1435,SSO_KMTA42,KMT(I),KMT
2510932.5294700004,19.7797,0.2249,SSO_KMTA42,KMT(I),KMT
2510932.53689,19.8927,0.2011,SSO_KMTA42,KMT(I),KMT
2510933.3667200003,20.2679,0.3749,SSO_KMTA42,KMT(I),KMT
2510933.39953,19.3268,0.7141,SSO_KMTA42,KMT(I),KMT
2510933.4430100005,18.6037,0.3326,SSO_KMTA42,KMT(I),KMT
2510933.4668499995,19.639,0.7282,SSO_KMTA42,KMT(I),KMT
2510933.48565,20.5309,1.3201,SSO_KMTA42,KMT(I),KMT
2510933.4976000004,19.0011,0.0983,SSO_KMTA42,KMT(I),KMT
2510933.50937,20.033,0.2998,SSO_KMTA42,KMT(I),KMT
2510933.5211999994,19.0142,0.1553,SSO_KMTA42,KMT(I),KMT
2510933.5330299996,18.915,0.1819,SSO_KMTA42,KMT(I),KMT
2510934.36845,20.3933,0.3936,SSO_KMTA42,KMT(I),KMT
2510934.3885200005,19.8806,0.1372,SSO_KMTA42,KMT(I),KMT
2510934.40018,19.7962,0.1298,SSO_KMTA42,KMT(I),KMT
2510934.41211,19.9769,0.1475,SSO_KMTA42,KMT(I),KMT
2510934.42409,20.1,0.1925,SSO_KMTA42,KMT(I),KMT
2510934.4358600006,20.2943,0.2294,SSO_KMTA42,KMT(I),KMT
2510934.4625499994,19.8314,0.1869,SSO_KMTA42,KMT(I),KMT
2510934.4742600005,19.9263,0.2179,SSO_KMTA42,KMT(I),KMT
2510934.4862399995,19.6933,0.2702,SSO_KMTA42,KMT(I),KMT
2510934.4981999993,19.0332,0.1654,SSO_KMTA42,KMT(I),KMT
2510934.50997,19.2208,0.3138,SSO_KMTA42,KMT(I),KMT
2510934.529,18.0718,0.0753,SSO_KMTA42,KMT(I),KMT
2510935.36465,18.5736,0.1835,SSO_KMTA42,KMT(I),KMT
2510935.3762599993,18.6763,0.093,SSO_KMTA42,KMT(I),KMT
2510935.38789,19.113,0.1413,SSO_KMTA42,KMT(I),KMT
2510935.3998799995,18.2946,0.0801,SSO_KMTA42,KMT(I),KMT
2510935.4306199998,19.7358,0.2484,SSO_KMTA42,KMT(I),KMT
2510935.44245,19.2867,0.137,SSO_KMTA42,KMT(I),KMT
2510935.45441,19.6731,0.2492,SSO_KMTA42,KMT(I),KMT
2510935.46629,18.3558,0.0826,SSO_KMTA42,KMT(I),KMT
2510935.48537,18.8774,0.1416,SSO_KMTA42,KMT(I),KMT
2510935.49703,19.1627,0.1196,SSO_KMTA42,KMT(I),KMT
2510935.5087899994,19.5581,0.2108,SSO_KMTA42,KMT(I),KMT
2510935.5219100006,18.8264,0.1283,SSO_KMTA42,KMT(I),KMT
2510936.3642299995,19.6473,0.2292,SSO_KMTA42,KMT(I),KMT
2510936.37622,20.3004,0.2001,SSO_KMTA42,KMT(I),KMT
2510936.3954300005,20.0839,0.2161,SSO_KMTA42,KMT(I),KMT
2510936.4072900005,20.4059,0.2496,SSO_KMTA42,KMT(I),KMT
2510936.4191200007,19.8682,0.1538,SSO_KMTA42,KMT(I),KMT
2510936.43092,19.9472,0.1918,SSO_KMTA42,KMT(I),KMT
2510936.4429,20.1474,0.2512,SSO_KMTA42,KMT(I),KMT
2510936.4621600006,20.5348,0.3637,SSO_KMTA42,KMT(I),KMT
2510936.47413,19.9878,0.1596,SSO_KMTA42,KMT(I),KMT
2510936.48664,19.5916,0.1818,SSO_KMTA42,KMT(I),KMT
2510936.49861,20.2103,0.1945,SSO_KMTA42,KMT(I),KMT
2510936.51059,19.7212,0.1312,SSO_KMTA42,KMT(I),KMT
2510936.52508,18.9509,0.0879,SSO_KMTA42,KMT(I),KMT
2510938.3671899997,18.8054,0.2548,SSO_KMTA42,KMT(I),KMT
2510938.37894,19.438,0.208,SSO_KMTA42,KMT(I),KMT
2510938.3981599994,19.3813,0.2069,SSO_KMTA42,KMT(I),KMT
2510938.4100899994,18.8963,0.1326,SSO_KMTA42,KMT(I),KMT
2510938.4221199993,19.0945,0.1448,SSO_KMTA42,KMT(I),KMT
2510938.4362000003,19.3544,0.1622,SSO_KMTA42,KMT(I),KMT
2510938.44805,19.6808,0.2158,SSO_KMTA42,KMT(I),KMT
2510938.46732,19.6728,0.2102,SSO_KMTA42,KMT(I),KMT
2510938.4789000005,20.1671,0.3967,SSO_KMTA42,KMT(I),KMT
2510938.49037,19.7622,0.1945,SSO_KMTA42,KMT(I),KMT
2510938.5022,19.8512,0.2515,SSO_KMTA42,KMT(I),KMT
2510938.51875,20.338,0.5323,SSO_KMTA42,KMT(I),KMT
2510939.3690399993,18.2176,0.0927,SSO_KMTA42,KMT(I),KMT
2510939.3852900006,20.3653,0.5144,SSO_KMTA42,KMT(I),KMT
2510939.4065499995,19.5392,0.1735,SSO_KMTA42,KMT(I),KMT
2510939.4183900002,19.4986,0.1345,SSO_KMTA42,KMT(I),KMT
2510939.43009,19.8288,0.2217,SSO_KMTA42,KMT(I),KMT
2510939.4417700004,19.554,0.1597,SSO_KMTA42,KMT(I),KMT
2510939.45361,20.0222,0.2373,SSO_KMTA42,KMT(I),KMT
2510939.4723199997,19.6669,0.1211,SSO_KMTA42,KMT(I),KMT
2510939.4852399994,19.9052,0.2009,SSO_KMTA42,KMT(I),KMT
2510939.4968800005,19.9675,0.1955,SSO_KMTA42,KMT(I),KMT
2510939.5161799993,19.7257,0.1952,SSO_KMTA42,KMT(I),KMT
2510940.3758300003,18.8988,0.2254,SSO_KMTA42,KMT(I),KMT
2510940.38937,18.96,0.1255,SSO_KMTA42,KMT(I),KMT
2510940.4086499996,20.1744,0.462,SSO_KMTA42,KMT(I),KMT
2510940.42052,19.7292,0.2366,SSO_KMTA42,KMT(I),KMT
2510940.4324900005,19.4233,0.1547,SSO_KMTA42,KMT(I),KMT
2510940.4443299994,19.9093,0.216,SSO_KMTA42,KMT(I),KMT
2510940.4562299997,19.9248,0.308,SSO_KMTA42,KMT(I),KMT
2510940.4755000006,19.931,0.3856,SSO_KMTA42,KMT(I),KMT
2510940.4874799997,18.7694,0.1051,SSO_KMTA42,KMT(I),KMT
2510940.49933,18.7075,0.0996,SSO_KMTA42,KMT(I),KMT
2510940.5126600005,18.8283,0.1416,SSO_KMTA42,KMT(I),KMT
2510941.37345,19.3559,0.2087,SSO_KMTA42,KMT(I),KMT
2510941.3850800004,19.5708,0.1722,SSO_KMTA42,KMT(I),KMT
2510941.39705,19.5266,0.1781,SSO_KMTA42,KMT(I),KMT
2510941.4172,19.8795,0.2591,SSO_KMTA42,KMT(I),KMT
2510941.42904,19.3861,0.1555,SSO_KMTA42,KMT(I),KMT
2510941.44097,20.0301,0.2461,SSO_KMTA42,KMT(I),KMT
2510941.45276,19.4976,0.2123,SSO_KMTA42,KMT(I),KMT
2510941.4647400007,19.3416,0.1529,SSO_KMTA42,KMT(I),KMT
2510941.4870500006,19.2728,0.168,SSO_KMTA42,KMT(I),KMT
2510941.49885,19.3365,0.2155,SSO_KMTA42,KMT(I),KMT
2510941.5092699993,19.5468,0.2215,SSO_KMTA42,KMT(I),KMT
2510942.3754699994,20.1149,0.4546,SSO_KMTA42,KMT(I),KMT
2510942.3944000006,19.7784,0.1857,SSO_KMTA42,KMT(I),KMT
2510942.40639,19.7994,0.1975,SSO_KMTA42,KMT(I),KMT
2510942.4208899997,19.6145,0.227,SSO_KMTA42,KMT(I),KMT
2510942.44023,19.9301,0.2168,SSO_KMTA42,KMT(I),KMT
2510942.4589799996,17.2496,0.0474,SSO_KMTA42,KMT(I),KMT
2510942.47076,19.197,0.2189,SSO_KMTA42,KMT(I),KMT
2510942.4856899995,18.1709,0.2165,SSO_KMTA42,KMT(I),KMT
2510942.49725,18.1029,0.1739,SSO_KMTA42,KMT(I),KMT
2510942.5091200005,19.2416,0.2798,SSO_KMTA42,KMT(I),KMT
2510943.3812099993,20.0818,0.3425,SSO_KMTA42,KMT(I),KMT
2510943.40044,19.9943,0.3886,SSO_KMTA42,KMT(I),KMT
2510943.4124,19.7664,0.2258,SSO_KMTA42,KMT(I),KMT
2510943.42449,20.0863,0.2329,SSO_KMTA42,KMT(I),KMT
2510943.43649,20.0021,0.2882,SSO_KMTA42,KMT(I),KMT
2510943.4676200002,19.9162,0.3921,SSO_KMTA42,KMT(I),KMT
2510943.4790700004,20.0363,0.3398,SSO_KMTA42,KMT(I),KMT
2510943.4907,19.6006,0.1175,SSO_KMTA42,KMT(I),KMT
2510943.5024299994,18.442,0.092,SSO_KMTA42,KMT(I),KMT
2510944.37184,19.8556,0.1553,SSO_KMTA42,KMT(I),KMT
2510944.38363,20.1956,0.2316,SSO_KMTA42,KMT(I),KMT
2510944.4025599994,20.2698,0.2332,SSO_KMTA42,KMT(I),KMT
2510944.4150900003,19.8301,0.1464,SSO_KMTA42,KMT(I),KMT
2510944.4330899995,20.4915,0.3322,SSO_KMTA42,KMT(I),KMT
2510944.44493,20.514,0.5138,SSO_KMTA42,KMT(I),KMT
2510944.4567600004,19.2229,0.095,SSO_KMTA42,KMT(I),KMT
2510944.47573,20.2662,0.4456,SSO_KMTA42,KMT(I),KMT
2510944.4874099996,19.3924,0.102,SSO_KMTA42,KMT(I),KMT
2510944.50089,18.8181,0.2601,SSO_KMTA42,KMT(I),KMT
2510945.3774999995,19.6991,0.387,SSO_KMTA42,KMT(I),KMT
2510945.3893,19.6896,0.4284,SSO_KMTA42,KMT(I),KMT
2510945.40087,19.792,0.3095,SSO_KMTA42,KMT(I),KMT
2510945.4127699994,19.6198,0.535,SSO_KMTA42,KMT(I),KMT
2510945.4317499995,19.9347,0.4702,SSO_KMTA42,KMT(I),KMT
2510945.4435900003,19.8602,0.3904,SSO_KMTA42,KMT(I),KMT
2510945.4575999994,19.6343,0.4275,SSO_KMTA42,KMT(I),KMT
2510945.46923,18.7548,0.0733,SSO_KMTA42,KMT(I),KMT
2510945.4810300004,18.4284,0.0983,SSO_KMTA42,KMT(I),KMT
2510946.3711,20.1447,0.2964,SSO_KMTA42,KMT(I),KMT
2510946.39001,19.5139,0.3923,SSO_KMTA42,KMT(I),KMT
2510946.40202,19.6051,0.2932,SSO_KMTA42,KMT(I),KMT
2510946.4140099995,19.4966,0.2921,SSO_KMTA42,KMT(I),KMT
2510946.4260300007,19.8758,0.5063,SSO_KMTA42,KMT(I),KMT
2510946.4568499997,19.2371,0.1059,SSO_KMTA42,KMT(I),KMT
2510946.46736,19.3245,0.1083,SSO_KMTA42,KMT(I),KMT
2510946.47908,19.3223,0.1024,SSO_KMTA42,KMT(I),KMT
2510946.4921700004,18.9534,0.0821,SSO_KMTA42,KMT(I),KMT
2510948.37084,18.8985,0.1347,SSO_KMTA42,KMT(I),KMT
2510948.3906200007,19.331,0.209,SSO_KMTA42,KMT(I),KMT
2510948.4025999997,20.3439,0.4973,SSO_KMTA42,KMT(I),KMT
2510948.4264599998,19.5744,0.1283,SSO_KMTA42,KMT(I),KMT
2510948.44197,19.8086,0.1277,SSO_KMTA42,KMT(I),KMT
2510948.4652900007,18.0072,0.1558,SSO_KMTA42,KMT(I),KMT
2510949.37299,19.6999,0.2693,SSO_KMTA42,KMT(I),KMT
2510949.39822,19.974,0.2661,SSO_KMTA42,KMT(I),KMT
2510949.40991,19.7058,0.2483,SSO_KMTA42,KMT(I),KMT
2510949.4326300006,20.9613,0.9376,SSO_KMTA42,KMT(I),KMT
2510949.4727999996,19.8625,0.2827,SSO_KMTA42,KMT(I),KMT
2510949.48286,18.7406,0.1209,SSO_KMTA42,KMT(I),KMT
2510950.37388,18.2389,0.1224,SSO_KMTA42,KMT(I),KMT
2510950.38571,19.5186,0.2827,SSO_KMTA42,KMT(I),KMT
2510950.39762,18.6029,0.1025,SSO_KMTA42,KMT(I),KMT
2510950.40078,18.829,0.1033,SSO_KMTA42,KMT(I),KMT
2510950.4318199996,19.2099,0.2686,SSO_KMTA42,KMT(I),KMT
2510950.4437799994,19.7263,0.3136,SSO_KMTA42,KMT(I),KMT
2510950.4556099996,18.3514,0.0852,SSO_KMTA42,KMT(I),KMT
2510950.46746,20.6296,0.8838,SSO_KMTA42,KMT(I),KMT
2510950.4862900004,19.8177,0.4434,SSO_KMTA42,KMT(I),KMT
2510951.3738700002,19.4062,0.1999,SSO_KMTA42,KMT(I),KMT
2510951.3931300007,20.0413,0.3525,SSO_KMTA42,KMT(I),KMT
2510951.40501,19.9887,0.3103,SSO_KMTA42,KMT(I),KMT
2510951.41658,20.5295,0.4398,SSO_KMTA42,KMT(I),KMT
2510951.42842,20.5143,0.4219,SSO_KMTA42,KMT(I),KMT
2510951.4402399994,19.5403,0.2039,SSO_KMTA42,KMT(I),KMT
2510951.4595999997,20.3224,0.5036,SSO_KMTA42,KMT(I),KMT
2510951.4713199995,19.9457,0.2797,SSO_KMTA42,KMT(I),KMT
2510951.48317,19.2107,0.1207,SSO_KMTA42,KMT(I),KMT
2510952.38703,20.0841,0.1865,SSO_KMTA42,KMT(I),KMT
2510952.39877,20.0276,0.1895,SSO_KMTA42,KMT(I),KMT
2510952.41074,20.195,0.2007,SSO_KMTA42,KMT(I),KMT
2510952.43011,20.5422,0.2976,SSO_KMTA42,KMT(I),KMT
2510952.44209,19.8359,0.1434,SSO_KMTA42,KMT(I),KMT
2510952.4540800005,19.8393,0.2424,SSO_KMTA42,KMT(I),KMT
2510952.46617,20.0485,0.1729,SSO_KMTA42,KMT(I),KMT
2510952.4781400003,19.8032,0.1473,SSO_KMTA42,KMT(I),KMT
2510953.3714700006,19.6978,0.3271,SSO_KMTA42,KMT(I),KMT
2510953.3840699997,20.0069,0.2615,SSO_KMTA42,KMT(I),KMT
2510953.4034400005,20.1116,0.4207,SSO_KMTA42,KMT(I),KMT
2510953.4148399998,19.7112,0.1279,SSO_KMTA42,KMT(I),KMT
2510953.4302699994,19.8153,0.1582,SSO_KMTA42,KMT(I),KMT
2510953.44639,19.7553,0.1383,SSO_KMTA42,KMT(I),KMT
2510953.45835,19.7649,0.1387,SSO_KMTA42,KMT(I),KMT
2510953.4774,19.5079,0.121,SSO_KMTA42,KMT(I),KMT
2510954.3701,12.4013,0.1542,SSO_KMTA42,KMT(I),KMT
2510958.3765699994,19.7227,0.1808,SSO_KMTA42,KMT(I),KMT
2510958.3885200005,20.6032,0.5474,SSO_KMTA42,KMT(I),KMT
2510958.4228099994,19.6596,0.1131,SSO_KMTA42,KMT(I),KMT
2510958.44221,19.3149,0.1028,SSO_KMTA42,KMT(I),KMT
2510958.4537899997,19.6356,0.1298,SSO_KMTA42,KMT(I),KMT
2510958.46509,19.2549,0.0945,SSO_KMTA42,KMT(I),KMT
2510959.3742999993,19.7186,0.2074,SSO_KMTA42,KMT(I),KMT
2510959.3861,19.9504,0.1442,SSO_KMTA42,KMT(I),KMT
2510959.39819,19.8084,0.2092,SSO_KMTA42,KMT(I),KMT
2510959.4171399996,19.7466,0.1323,SSO_KMTA42,KMT(I),KMT
2510959.42064,19.6463,0.1342,SSO_KMTA42,KMT(I),KMT
2510959.43279,19.5371,0.1077,SSO_KMTA42,KMT(I),KMT
2510959.4446399994,19.2352,0.0937,SSO_KMTA42,KMT(I),KMT
2510959.4566099998,19.4224,0.1206,SSO_KMTA42,KMT(I),KMT
2510961.3790000007,20.0018,0.3393,SSO_KMTA42,KMT(I),KMT
2510961.40175,19.8979,0.1726,SSO_KMTA42,KMT(I),KMT
2510961.41376,20.1689,0.3575,SSO_KMTA42,KMT(I),KMT
2510961.4257299993,19.9761,0.1552,SSO_KMTA42,KMT(I),KMT
2510961.43769,19.5046,0.1084,SSO_KMTA42,KMT(I),KMT
2510961.44977,19.4831,0.1097,SSO_KMTA42,KMT(I),KMT
2510962.37825,20.5634,0.9355,SSO_KMTA42,KMT(I),KMT
2510962.39745,19.8857,0.1582,SSO_KMTA42,KMT(I),KMT
2510962.40941,19.5382,0.1087,SSO_KMTA42,KMT(I),KMT
2510962.4213299993,19.8125,0.1447,SSO_KMTA42,KMT(I),KMT
2510962.4329499993,19.6698,0.1363,SSO_KMTA42,KMT(I),KMT
2510962.44482,19.5423,0.1228,SSO_KMTA42,KMT(I),KMT
2510963.38134,19.8222,0.2381,SSO_KMTA42,KMT(I),KMT
2510963.39296,21.2294,2.1887,SSO_KMTA42,KMT(I),KMT
2510963.40494,19.8212,0.1222,SSO_KMTA42,KMT(I),KMT
2510963.41677,19.7986,0.1393,SSO_KMTA42,KMT(I),KMT
2510963.4286400005,19.7679,0.1358,SSO_KMTA42,KMT(I),KMT
2510963.4448799994,19.7451,0.1405,SSO_KMTA42,KMT(I),KMT
2510963.45364,19.9475,0.1566,SSO_KMTA42,KMT(I),KMT
2510964.37603,19.6055,0.2575,SSO_KMTA42,KMT(I),KMT
2510964.38805,19.2321,0.098,SSO_KMTA42,KMT(I),KMT
2510964.3999499995,19.6098,0.1191,SSO_KMTA42,KMT(I),KMT
2510964.41942,19.3579,0.1673,SSO_KMTA42,KMT(I),KMT
2510964.4313900005,19.3996,0.118,SSO_KMTA42,KMT(I),KMT
2510964.4491,19.11,0.0947,SSO_KMTA42,KMT(I),KMT
2510966.3777900003,20.2223,0.6601,SSO_KMTA42,KMT(I),KMT
2510966.38934,19.1965,0.096,SSO_KMTA42,KMT(I),KMT
2510966.4011400007,19.4414,0.1227,SSO_KMTA42,KMT(I),KMT
2510966.41306,19.5254,0.1219,SSO_KMTA42,KMT(I),KMT
2510966.42492,19.4485,0.1286,SSO_KMTA42,KMT(I),KMT
2510966.43903,18.4809,0.0776,SSO_KMTA42,KMT(I),KMT
2510967.3808900006,19.5588,0.2136,SSO_KMTA42,KMT(I),KMT
2510967.4007200003,19.7971,0.1434,SSO_KMTA42,KMT(I),KMT
2510967.41242,19.6558,0.1196,SSO_KMTA42,KMT(I),KMT
2510967.4286400005,19.7872,0.135,SSO_KMTA42,KMT(I),KMT
2510967.4376100004,19.8299,0.1437,SSO_KMTA42,KMT(I),KMT
2510968.42617,19.8451,0.2829,SSO_KMTA42,KMT(I),KMT
2510968.43643,19.8789,0.2198,SSO_KMTA42,KMT(I),KMT
