MJD,Magnitude,Error,Facility,Filter,Observer
2510729.1152800005,20.1121,0.777,SAAO_KMTS42,KMT(I),KMT
2510729.1266099997,19.3755,0.3792,SAAO_KMTS42,KMT(I),KMT
2510729.1390700005,19.7242,0.67,SAAO_KMTS42,KMT(I),KMT
2510733.0779800005,20.0123,0.2304,SAAO_KMTS42,KMT(I),KMT
2510733.0981799997,19.1979,0.1007,SAAO_KMTS42,KMT(I),KMT
2510733.11006,20.2273,0.2104,SAAO_KMTS42,KMT(I),KMT
2510733.1219299994,19.6684,0.1335,SAAO_KMTS42,KMT(I),KMT
2510733.1338800006,19.9535,0.1979,SAAO_KMTS42,KMT(I),KMT
2510737.08256,19.5809,0.1155,SAAO_KMTS42,KMT(I),KMT
2510737.1024699993,19.7333,0.1068,SAAO_KMTS42,KMT(I),KMT
2510737.11764,20.0052,0.2007,SAAO_KMTS42,KMT(I),KMT
2510737.13564,19.6085,0.1103,SAAO_KMTS42,KMT(I),KMT
2510738.06785,19.0476,0.0784,SAAO_KMTS42,KMT(I),KMT
2510738.07943,19.4216,0.1096,SAAO_KMTS42,KMT(I),KMT
2510738.0910100006,19.579,0.1167,SAAO_KMTS42,KMT(I),KMT
2510738.1102799997,19.4958,0.0961,SAAO_KMTS42,KMT(I),KMT
2510738.1222399995,19.9924,0.1565,SAAO_KMTS42,KMT(I),KMT
2510738.13409,19.6869,0.1114,SAAO_KMTS42,KMT(I),KMT
2510738.1461200006,19.6332,0.1616,SAAO_KMTS42,KMT(I),KMT
2510739.10264,19.1808,0.0991,SAAO_KMTS42,KMT(I),KMT
2510739.1143999994,19.5973,0.1141,SAAO_KMTS42,KMT(I),KMT
2510739.1261100005,20.0793,0.1374,SAAO_KMTS42,KMT(I),KMT
2510740.0479499996,19.45,0.1055,SAAO_KMTS42,KMT(I),KMT
2510740.0668400005,19.7709,0.14,SAAO_KMTS42,KMT(I),KMT
2510740.0783200003,19.4833,0.0854,SAAO_KMTS42,KMT(I),KMT
2510740.0901800003,19.7039,0.1063,SAAO_KMTS42,KMT(I),KMT
2510740.10176,19.8474,0.1055,SAAO_KMTS42,KMT(I),KMT
2510740.11314,19.7045,0.0945,SAAO_KMTS42,KMT(I),KMT
2510740.132,19.8391,0.132,SAAO_KMTS42,KMT(I),KMT
2510740.1437,19.6842,0.1365,SAAO_KMTS42,KMT(I),KMT
2510743.0505,19.8325,0.1424,SAAO_KMTS42,KMT(I),KMT
2510743.0619900003,19.5387,0.2346,SAAO_KMTS42,KMT(I),KMT
2510743.0738500003,19.5192,0.1801,SAAO_KMTS42,KMT(I),KMT
2510743.08545,19.253,0.1049,SAAO_KMTS42,KMT(I),KMT
2510743.10527,19.4133,0.0659,SAAO_KMTS42,KMT(I),KMT
2510743.1170300003,19.6312,0.0783,SAAO_KMTS42,KMT(I),KMT
2510743.1288,19.4932,0.078,SAAO_KMTS42,KMT(I),KMT
2510743.1403800007,19.6462,0.1218,SAAO_KMTS42,KMT(I),KMT
2510743.1519099995,19.1802,0.0936,SAAO_KMTS42,KMT(I),KMT
2510744.04385,18.9562,0.0633,SAAO_KMTS42,KMT(I),KMT
2510744.0654300004,19.0286,0.0813,SAAO_KMTS42,KMT(I),KMT
2510744.07723,19.3159,0.0815,SAAO_KMTS42,KMT(I),KMT
2510744.0891200006,19.1512,0.0741,SAAO_KMTS42,KMT(I),KMT
2510744.10116,19.0533,0.0636,SAAO_KMTS42,KMT(I),KMT
2510744.11324,19.03,0.0617,SAAO_KMTS42,KMT(I),KMT
2510744.13198,19.341,0.0921,SAAO_KMTS42,KMT(I),KMT
2510744.14374,19.3326,0.077,SAAO_KMTS42,KMT(I),KMT
2510745.0434799995,19.016,0.1037,SAAO_KMTS42,KMT(I),KMT
2510745.05537,19.0574,0.0748,SAAO_KMTS42,KMT(I),KMT
2510745.0670299996,18.7368,0.0721,SAAO_KMTS42,KMT(I),KMT
2510746.04213,18.73,0.0632,SAAO_KMTS42,KMT(I),KMT
2510746.06059,19.089,0.0874,SAAO_KMTS42,KMT(I),KMT
2510746.07202,19.0958,0.0885,SAAO_KMTS42,KMT(I),KMT
2510746.08404,18.9811,0.0612,SAAO_KMTS42,KMT(I),KMT
2510746.0957699995,19.1818,0.0739,SAAO_KMTS42,KMT(I),KMT
2510746.1075800005,19.0583,0.0604,SAAO_KMTS42,KMT(I),KMT
2510746.1380199995,19.0604,0.0549,SAAO_KMTS42,KMT(I),KMT
2510746.14965,18.9856,0.0747,SAAO_KMTS42,KMT(I),KMT
2510747.0368799996,18.8746,0.0728,SAAO_KMTS42,KMT(I),KMT
2510747.04842,18.8509,0.0791,SAAO_KMTS42,KMT(I),KMT
2510747.06023,18.8596,0.0639,SAAO_KMTS42,KMT(I),KMT
2510747.0718900003,18.9208,0.0692,SAAO_KMTS42,KMT(I),KMT
2510747.0909,18.9901,0.0776,SAAO_KMTS42,KMT(I),KMT
2510747.1028199997,18.92,0.0544,SAAO_KMTS42,KMT(I),KMT
2510747.1145399995,18.9531,0.0548,SAAO_KMTS42,KMT(I),KMT
2510747.1264200006,19.0057,0.0438,SAAO_KMTS42,KMT(I),KMT
2510747.1382800005,18.8776,0.0571,SAAO_KMTS42,KMT(I),KMT
2510747.14982,18.9776,0.0755,SAAO_KMTS42,KMT(I),KMT
2510749.0348199997,19.2103,0.095,SAAO_KMTS42,KMT(I),KMT
2510749.0535000004,18.8586,0.0739,SAAO_KMTS42,KMT(I),KMT
2510749.06537,19.0286,0.0797,SAAO_KMTS42,KMT(I),KMT
2510749.07706,18.9956,0.0749,SAAO_KMTS42,KMT(I),KMT
2510749.0889100004,18.7683,0.0603,SAAO_KMTS42,KMT(I),KMT
2510749.10112,18.9641,0.0644,SAAO_KMTS42,KMT(I),KMT
2510749.1204700004,18.9757,0.0602,SAAO_KMTS42,KMT(I),KMT
2510749.1317800004,19.1302,0.0847,SAAO_KMTS42,KMT(I),KMT
2510749.1435899995,19.0273,0.0646,SAAO_KMTS42,KMT(I),KMT
2510749.1554000005,19.1166,0.0926,SAAO_KMTS42,KMT(I),KMT
2510750.06023,18.8768,0.0924,SAAO_KMTS42,KMT(I),KMT
2510750.0717699993,19.5052,0.1365,SAAO_KMTS42,KMT(I),KMT
2510750.09048,19.083,0.0887,SAAO_KMTS42,KMT(I),KMT
2510750.1041899994,18.9794,0.0765,SAAO_KMTS42,KMT(I),KMT
2510750.1156399995,19.1598,0.0724,SAAO_KMTS42,KMT(I),KMT
2510750.12739,19.1179,0.0753,SAAO_KMTS42,KMT(I),KMT
2510750.1295599993,18.9402,0.084,SAAO_KMTS42,KMT(I),KMT
2510750.1424400005,19.2471,0.0832,SAAO_KMTS42,KMT(I),KMT
2510752.0265800003,19.1787,0.1134,SAAO_KMTS42,KMT(I),KMT
2510752.0385599993,19.3248,0.1087,SAAO_KMTS42,KMT(I),KMT
2510752.0501700006,19.3409,0.1027,SAAO_KMTS42,KMT(I),KMT
2510752.06207,19.3655,0.132,SAAO_KMTS42,KMT(I),KMT
2510752.0736500006,19.5096,0.1014,SAAO_KMTS42,KMT(I),KMT
2510752.09289,19.4255,0.0983,SAAO_KMTS42,KMT(I),KMT
2510752.1046900004,19.4225,0.0793,SAAO_KMTS42,KMT(I),KMT
2510752.1164299995,19.405,0.0822,SAAO_KMTS42,KMT(I),KMT
2510752.1278799996,19.4285,0.1085,SAAO_KMTS42,KMT(I),KMT
2510752.13935,19.4749,0.0876,SAAO_KMTS42,KMT(I),KMT
2510752.1585,19.406,0.1268,SAAO_KMTS42,KMT(I),KMT
2510753.02535,20.0314,0.1928,SAAO_KMTS42,KMT(I),KMT
2510753.03661,19.6182,0.133,SAAO_KMTS42,KMT(I),KMT
2510753.0484500006,19.8364,0.171,SAAO_KMTS42,KMT(I),KMT
2510753.06362,19.4483,0.1274,SAAO_KMTS42,KMT(I),KMT
2510753.0753300004,19.5475,0.1326,SAAO_KMTS42,KMT(I),KMT
2510753.09473,19.5111,0.1661,SAAO_KMTS42,KMT(I),KMT
2510753.1065800004,19.6622,0.1311,SAAO_KMTS42,KMT(I),KMT
2510753.11809,19.507,0.0939,SAAO_KMTS42,KMT(I),KMT
2510753.12992,19.3142,0.089,SAAO_KMTS42,KMT(I),KMT
2510753.14176,19.3494,0.0939,SAAO_KMTS42,KMT(I),KMT
2510754.02044,19.3535,0.139,SAAO_KMTS42,KMT(I),KMT
2510754.0334799998,19.4939,0.144,SAAO_KMTS42,KMT(I),KMT
2510754.0450299997,19.8617,0.8823,SAAO_KMTS42,KMT(I),KMT
2510754.05707,20.2731,0.6331,SAAO_KMTS42,KMT(I),KMT
2510754.08385,15.5925,0.4877,SAAO_KMTS42,KMT(I),KMT
2510754.10303,18.0099,0.8388,SAAO_KMTS42,KMT(I),KMT
2510754.1150599997,19.9125,0.1716,SAAO_KMTS42,KMT(I),KMT
2510754.12715,19.679,0.1948,SAAO_KMTS42,KMT(I),KMT
2510754.13891,19.5486,0.0839,SAAO_KMTS42,KMT(I),KMT
2510754.15082,19.6935,0.1336,SAAO_KMTS42,KMT(I),KMT
2510758.0114900004,19.6015,0.1105,SAAO_KMTS42,KMT(I),KMT
2510758.03058,19.9208,0.1202,SAAO_KMTS42,KMT(I),KMT
2510758.0422799997,19.8451,0.1311,SAAO_KMTS42,KMT(I),KMT
2510758.0536700003,19.8102,0.0974,SAAO_KMTS42,KMT(I),KMT
2510758.0652099997,19.8968,0.1272,SAAO_KMTS42,KMT(I),KMT
2510758.07706,19.9429,0.1122,SAAO_KMTS42,KMT(I),KMT
2510758.0961000007,19.6126,0.1002,SAAO_KMTS42,KMT(I),KMT
2510758.10802,19.5363,0.0799,SAAO_KMTS42,KMT(I),KMT
2510758.11974,19.9333,0.1391,SAAO_KMTS42,KMT(I),KMT
2510758.13143,19.9311,0.1335,SAAO_KMTS42,KMT(I),KMT
2510758.14339,20.0369,0.1259,SAAO_KMTS42,KMT(I),KMT
2510759.0074199997,19.2957,0.1057,SAAO_KMTS42,KMT(I),KMT
2510759.0192099996,19.2158,0.0946,SAAO_KMTS42,KMT(I),KMT
2510760.0039300006,19.2421,0.1034,SAAO_KMTS42,KMT(I),KMT
2510760.0158900004,20.0468,0.202,SAAO_KMTS42,KMT(I),KMT
2510760.03099,19.5465,0.1207,SAAO_KMTS42,KMT(I),KMT
2510760.04253,19.5091,0.0845,SAAO_KMTS42,KMT(I),KMT
2510760.0618399996,19.8587,0.1127,SAAO_KMTS42,KMT(I),KMT
2510760.07359,19.8191,0.1005,SAAO_KMTS42,KMT(I),KMT
2510760.0856100004,20.1393,0.1482,SAAO_KMTS42,KMT(I),KMT
2510760.0974400006,19.967,0.1147,SAAO_KMTS42,KMT(I),KMT
2510760.1091099996,19.8519,0.1268,SAAO_KMTS42,KMT(I),KMT
2510760.1289300006,19.8145,0.1107,SAAO_KMTS42,KMT(I),KMT
2510760.1421799995,19.776,0.097,SAAO_KMTS42,KMT(I),KMT
2510760.15412,20.0682,0.1321,SAAO_KMTS42,KMT(I),KMT
2510761.00084,18.9611,0.0809,SAAO_KMTS42,KMT(I),KMT
2510761.0126,19.4807,0.113,SAAO_KMTS42,KMT(I),KMT
2510761.02434,19.1166,0.0767,SAAO_KMTS42,KMT(I),KMT
2510761.04364,19.4032,0.1028,SAAO_KMTS42,KMT(I),KMT
2510762.0900299996,19.5761,0.1186,SAAO_KMTS42,KMT(I),KMT
2510762.102,19.5205,0.123,SAAO_KMTS42,KMT(I),KMT
2510762.1137700006,19.9188,0.1301,SAAO_KMTS42,KMT(I),KMT
2510762.1251500007,19.5409,0.1152,SAAO_KMTS42,KMT(I),KMT
2510763.00189,19.9622,0.1476,SAAO_KMTS42,KMT(I),KMT
2510763.0136600006,20.0719,0.1599,SAAO_KMTS42,KMT(I),KMT
2510763.03379,19.8615,0.0899,SAAO_KMTS42,KMT(I),KMT
2510763.04526,20.1466,0.1564,SAAO_KMTS42,KMT(I),KMT
2510763.0660699997,20.3522,0.1768,SAAO_KMTS42,KMT(I),KMT
2510763.0778400004,19.8531,0.1357,SAAO_KMTS42,KMT(I),KMT
2510763.08954,19.8429,0.0797,SAAO_KMTS42,KMT(I),KMT
2510763.1013200004,19.9247,0.0926,SAAO_KMTS42,KMT(I),KMT
2510763.1202,19.8849,0.1053,SAAO_KMTS42,KMT(I),KMT
2510763.1325700004,19.9131,0.0994,SAAO_KMTS42,KMT(I),KMT
2510763.1444499996,20.036,0.1053,SAAO_KMTS42,KMT(I),KMT
2510763.1564000007,19.8289,0.0786,SAAO_KMTS42,KMT(I),KMT
2510763.9924100004,19.7947,0.1262,SAAO_KMTS42,KMT(I),KMT
2510764.0042700004,19.772,0.1217,SAAO_KMTS42,KMT(I),KMT
2510764.02307,19.8676,0.1089,SAAO_KMTS42,KMT(I),KMT
2510764.03508,19.6367,0.1257,SAAO_KMTS42,KMT(I),KMT
2510764.0474500004,19.9009,0.148,SAAO_KMTS42,KMT(I),KMT
2510764.0592,19.7881,0.1335,SAAO_KMTS42,KMT(I),KMT
2510764.07094,19.9063,0.1217,SAAO_KMTS42,KMT(I),KMT
2510764.09002,20.0855,0.1059,SAAO_KMTS42,KMT(I),KMT
2510764.1027000006,19.8827,0.1014,SAAO_KMTS42,KMT(I),KMT
2510764.1144200005,20.0939,0.121,SAAO_KMTS42,KMT(I),KMT
2510764.12612,19.8361,0.0864,SAAO_KMTS42,KMT(I),KMT
2510764.1389000006,20.1679,0.142,SAAO_KMTS42,KMT(I),KMT
2510764.16981,20.2519,0.6415,SAAO_KMTS42,KMT(I),KMT
2510765.9882200006,20.1549,0.1342,SAAO_KMTS42,KMT(I),KMT
2510765.99993,20.0332,0.141,SAAO_KMTS42,KMT(I),KMT
2510766.0113900006,19.9643,0.1324,SAAO_KMTS42,KMT(I),KMT
2510766.0267399997,20.0674,0.1354,SAAO_KMTS42,KMT(I),KMT
2510766.0456799995,19.7038,0.0933,SAAO_KMTS42,KMT(I),KMT
2510766.057,19.9912,0.1447,SAAO_KMTS42,KMT(I),KMT
2510766.0688300002,19.8845,0.1408,SAAO_KMTS42,KMT(I),KMT
2510766.08285,20.0157,0.1269,SAAO_KMTS42,KMT(I),KMT
2510766.0944800004,19.8628,0.1186,SAAO_KMTS42,KMT(I),KMT
2510766.11336,20.1572,0.1857,SAAO_KMTS42,KMT(I),KMT
2510766.1251,20.1188,0.1563,SAAO_KMTS42,KMT(I),KMT
2510766.1366,20.11,0.1401,SAAO_KMTS42,KMT(I),KMT
2510766.1499199998,19.7972,0.1056,SAAO_KMTS42,KMT(I),KMT
2510766.1612100005,20.0053,0.1098,SAAO_KMTS42,KMT(I),KMT
2510766.99099,20.0898,0.7626,SAAO_KMTS42,KMT(I),KMT
2510767.0099299997,15.9429,0.6792,SAAO_KMTS42,KMT(I),KMT
2510767.9932199996,19.2084,0.098,SAAO_KMTS42,KMT(I),KMT
2510768.9820799995,19.6131,0.1136,SAAO_KMTS42,KMT(I),KMT
2510768.9940399993,19.8366,0.1324,SAAO_KMTS42,KMT(I),KMT
2510769.0055800006,19.6888,0.1234,SAAO_KMTS42,KMT(I),KMT
2510769.01726,19.7868,0.129,SAAO_KMTS42,KMT(I),KMT
2510769.03646,20.1383,0.1477,SAAO_KMTS42,KMT(I),KMT
2510769.0483299997,19.7514,0.1039,SAAO_KMTS42,KMT(I),KMT
2510769.0759999994,19.9362,0.1337,SAAO_KMTS42,KMT(I),KMT
2510769.0902900007,19.6578,0.0905,SAAO_KMTS42,KMT(I),KMT
2510769.10226,20.1526,0.1531,SAAO_KMTS42,KMT(I),KMT
2510769.1143299993,19.7964,0.1114,SAAO_KMTS42,KMT(I),KMT
2510769.1336400006,19.9447,0.1057,SAAO_KMTS42,KMT(I),KMT
2510769.1455700006,19.9321,0.0997,SAAO_KMTS42,KMT(I),KMT
2510769.1572900005,20.0944,0.1353,SAAO_KMTS42,KMT(I),KMT
2510769.1695799995,20.0574,0.1598,SAAO_KMTS42,KMT(I),KMT
2510769.98147,20.0612,0.14,SAAO_KMTS42,KMT(I),KMT
2510769.99309,20.0092,0.1324,SAAO_KMTS42,KMT(I),KMT
2510770.0116600003,19.9534,0.1027,SAAO_KMTS42,KMT(I),KMT
2510770.02484,19.9262,0.1308,SAAO_KMTS42,KMT(I),KMT
2510770.03637,19.8881,0.1029,SAAO_KMTS42,KMT(I),KMT
2510770.04806,19.967,0.0924,SAAO_KMTS42,KMT(I),KMT
2510770.0599099994,20.1361,0.1092,SAAO_KMTS42,KMT(I),KMT
2510770.0799700003,20.1248,0.1257,SAAO_KMTS42,KMT(I),KMT
2510770.09186,19.944,0.0975,SAAO_KMTS42,KMT(I),KMT
2510770.1038700007,19.9858,0.1092,SAAO_KMTS42,KMT(I),KMT
2510770.1187200006,20.035,0.0991,SAAO_KMTS42,KMT(I),KMT
2510770.1305100005,19.9055,0.0966,SAAO_KMTS42,KMT(I),KMT
2510770.1567599997,19.7667,0.0987,SAAO_KMTS42,KMT(I),KMT
2510770.16871,19.9155,0.1391,SAAO_KMTS42,KMT(I),KMT
2510774.99147,19.1458,0.0992,SAAO_KMTS42,KMT(I),KMT
2510775.00344,19.3659,0.1378,SAAO_KMTS42,KMT(I),KMT
2510775.0153800007,19.3832,0.1122,SAAO_KMTS42,KMT(I),KMT
2510775.02723,19.7724,0.1043,SAAO_KMTS42,KMT(I),KMT
2510775.04634,19.6913,0.1306,SAAO_KMTS42,KMT(I),KMT
2510775.0580199994,19.9383,0.1234,SAAO_KMTS42,KMT(I),KMT
2510775.0695600007,20.2959,0.2174,SAAO_KMTS42,KMT(I),KMT
2510775.08122,19.8541,0.1715,SAAO_KMTS42,KMT(I),KMT
2510775.09399,19.9665,0.1204,SAAO_KMTS42,KMT(I),KMT
2510775.1129100006,19.9155,0.1051,SAAO_KMTS42,KMT(I),KMT
2510775.1385699995,14.0566,0.7963,SAAO_KMTS42,KMT(I),KMT
2510775.9632900003,19.4955,0.1499,SAAO_KMTS42,KMT(I),KMT
2510775.97492,19.6886,0.1544,SAAO_KMTS42,KMT(I),KMT
2510775.98907,19.7208,0.1481,SAAO_KMTS42,KMT(I),KMT
2510776.0087400004,20.0526,0.1999,SAAO_KMTS42,KMT(I),KMT
2510776.0208599996,20.0644,0.154,SAAO_KMTS42,KMT(I),KMT
2510776.0336499996,19.9204,0.1248,SAAO_KMTS42,KMT(I),KMT
2510776.04557,19.8842,0.1256,SAAO_KMTS42,KMT(I),KMT
2510776.05717,19.76,0.1132,SAAO_KMTS42,KMT(I),KMT
2510776.069,19.9402,0.1313,SAAO_KMTS42,KMT(I),KMT
2510776.08801,19.7807,0.1043,SAAO_KMTS42,KMT(I),KMT
2510776.09982,19.7625,0.107,SAAO_KMTS42,KMT(I),KMT
2510776.11182,19.9013,0.1257,SAAO_KMTS42,KMT(I),KMT
2510776.1234799996,19.9513,0.1247,SAAO_KMTS42,KMT(I),KMT
2510776.13492,19.8181,0.0936,SAAO_KMTS42,KMT(I),KMT
2510776.15384,19.7179,0.1427,SAAO_KMTS42,KMT(I),KMT
2510776.1657999996,19.7997,0.1437,SAAO_KMTS42,KMT(I),KMT
2510776.95711,19.4202,0.1299,SAAO_KMTS42,KMT(I),KMT
2510776.96863,19.6736,0.1742,SAAO_KMTS42,KMT(I),KMT
2510776.9804500006,19.5376,0.135,SAAO_KMTS42,KMT(I),KMT
2510776.9921199996,19.3134,0.163,SAAO_KMTS42,KMT(I),KMT
2510777.0131899994,19.6547,0.1508,SAAO_KMTS42,KMT(I),KMT
2510777.02496,19.4154,0.1067,SAAO_KMTS42,KMT(I),KMT
2510777.0364999995,19.6198,0.1644,SAAO_KMTS42,KMT(I),KMT
2510777.04822,19.7687,0.1541,SAAO_KMTS42,KMT(I),KMT
2510777.0600300003,19.7322,0.1257,SAAO_KMTS42,KMT(I),KMT
2510777.07905,19.8683,0.1362,SAAO_KMTS42,KMT(I),KMT
2510777.0909400005,19.7225,0.1154,SAAO_KMTS42,KMT(I),KMT
2510777.10264,19.9977,0.1993,SAAO_KMTS42,KMT(I),KMT
2510777.11637,19.2201,0.114,SAAO_KMTS42,KMT(I),KMT
2510777.12797,19.9699,0.173,SAAO_KMTS42,KMT(I),KMT
2510777.14678,19.7789,0.1408,SAAO_KMTS42,KMT(I),KMT
2510777.1586300004,19.8227,0.1262,SAAO_KMTS42,KMT(I),KMT
2510777.1705,19.7722,0.1799,SAAO_KMTS42,KMT(I),KMT
2510777.95314,19.4997,0.1536,SAAO_KMTS42,KMT(I),KMT
2510777.9655300006,19.2351,0.1067,SAAO_KMTS42,KMT(I),KMT
2510777.97729,19.9837,0.2513,SAAO_KMTS42,KMT(I),KMT
2510777.9964700006,19.8282,0.201,SAAO_KMTS42,KMT(I),KMT
2510778.00825,19.4407,0.1184,SAAO_KMTS42,KMT(I),KMT
2510778.0202399995,19.9016,0.1609,SAAO_KMTS42,KMT(I),KMT
2510778.03221,20.0181,0.1754,SAAO_KMTS42,KMT(I),KMT
2510778.04404,19.9265,0.4495,SAAO_KMTS42,KMT(I),KMT
2510778.06331,20.0594,2.3255,SAAO_KMTS42,KMT(I),KMT
2510778.0748299994,19.7731,1.2728,SAAO_KMTS42,KMT(I),KMT
2510778.0868299995,20.6729,0.8341,SAAO_KMTS42,KMT(I),KMT
2510778.09942,20.068,0.1398,SAAO_KMTS42,KMT(I),KMT
2510778.11125,19.8714,0.1173,SAAO_KMTS42,KMT(I),KMT
2510778.1305599995,20.2669,0.2479,SAAO_KMTS42,KMT(I),KMT
2510778.14236,19.9113,0.1772,SAAO_KMTS42,KMT(I),KMT
2510778.15517,19.8719,0.1077,SAAO_KMTS42,KMT(I),KMT
2510778.16713,19.8834,0.1661,SAAO_KMTS42,KMT(I),KMT
2510778.98771,18.9709,0.1793,SAAO_KMTS42,KMT(I),KMT
2510778.9994600005,19.2893,0.1476,SAAO_KMTS42,KMT(I),KMT
2510779.01136,19.0218,0.1107,SAAO_KMTS42,KMT(I),KMT
2510779.03039,19.8108,0.2109,SAAO_KMTS42,KMT(I),KMT
2510779.0420699995,19.2262,0.2357,SAAO_KMTS42,KMT(I),KMT
2510779.96528,16.3833,1.0549,SAAO_KMTS42,KMT(I),KMT
2510780.05112,19.602,0.3799,SAAO_KMTS42,KMT(I),KMT
2510780.07092,19.7788,0.1751,SAAO_KMTS42,KMT(I),KMT
2510780.94687,19.3749,0.1966,SAAO_KMTS42,KMT(I),KMT
2510780.95856,19.4478,0.1714,SAAO_KMTS42,KMT(I),KMT
2510780.9701300003,18.7648,0.1116,SAAO_KMTS42,KMT(I),KMT
2510780.98902,19.2955,0.1552,SAAO_KMTS42,KMT(I),KMT
2510781.00091,19.7297,0.2436,SAAO_KMTS42,KMT(I),KMT
2510781.01229,19.0283,0.126,SAAO_KMTS42,KMT(I),KMT
2510781.0243800003,19.4499,0.1518,SAAO_KMTS42,KMT(I),KMT
2510781.0361100007,19.9491,0.2288,SAAO_KMTS42,KMT(I),KMT
2510781.05528,19.6624,0.1635,SAAO_KMTS42,KMT(I),KMT
2510781.06714,19.5976,0.1489,SAAO_KMTS42,KMT(I),KMT
2510781.0812100004,19.5743,0.1641,SAAO_KMTS42,KMT(I),KMT
2510781.0928099994,19.6145,0.1665,SAAO_KMTS42,KMT(I),KMT
2510781.10439,19.5024,0.1389,SAAO_KMTS42,KMT(I),KMT
2510781.1530300006,19.6062,0.2062,SAAO_KMTS42,KMT(I),KMT
2510781.1649900004,19.447,0.1197,SAAO_KMTS42,KMT(I),KMT
2510781.9441599995,19.4969,0.1859,SAAO_KMTS42,KMT(I),KMT
2510781.95612,19.8729,0.2474,SAAO_KMTS42,KMT(I),KMT
2510781.97544,19.8115,0.2095,SAAO_KMTS42,KMT(I),KMT
2510781.9872500002,19.9031,0.2462,SAAO_KMTS42,KMT(I),KMT
2510781.99923,20.0564,0.2465,SAAO_KMTS42,KMT(I),KMT
2510782.01329,19.726,0.1676,SAAO_KMTS42,KMT(I),KMT
2510782.0252800006,19.7507,0.1764,SAAO_KMTS42,KMT(I),KMT
2510782.0467,19.4662,0.1821,SAAO_KMTS42,KMT(I),KMT
2510782.05844,20.2678,0.3003,SAAO_KMTS42,KMT(I),KMT
2510782.0706900004,19.615,0.1661,SAAO_KMTS42,KMT(I),KMT
2510782.08234,19.8725,0.2148,SAAO_KMTS42,KMT(I),KMT
2510782.0996899996,19.4284,0.1394,SAAO_KMTS42,KMT(I),KMT
2510782.1189,19.3394,0.1505,SAAO_KMTS42,KMT(I),KMT
2510782.13514,19.4032,0.1869,SAAO_KMTS42,KMT(I),KMT
2510782.9419100005,18.4133,0.302,SAAO_KMTS42,KMT(I),KMT
2510784.1519300006,19.5149,0.4016,SAAO_KMTS42,KMT(I),KMT
2510784.16381,20.0985,0.6224,SAAO_KMTS42,KMT(I),KMT
2510784.17562,20.2198,0.839,SAAO_KMTS42,KMT(I),KMT
2510785.01789,19.0302,0.2102,SAAO_KMTS42,KMT(I),KMT
2510785.0491499994,19.4436,0.942,SAAO_KMTS42,KMT(I),KMT
2510785.0612899996,20.2597,3.7611,SAAO_KMTS42,KMT(I),KMT
2510785.07316,19.0352,1.562,SAAO_KMTS42,KMT(I),KMT
2510785.0851600002,15.6405,0.4145,SAAO_KMTS42,KMT(I),KMT
2510785.10458,19.4776,2.6457,SAAO_KMTS42,KMT(I),KMT
2510789.9274899997,19.9284,0.1692,SAAO_KMTS42,KMT(I),KMT
2510789.93922,19.7813,0.1084,SAAO_KMTS42,KMT(I),KMT
2510789.95108,19.8558,0.1373,SAAO_KMTS42,KMT(I),KMT
2510789.9628299996,20.0185,0.1134,SAAO_KMTS42,KMT(I),KMT
2510789.9824599996,20.0968,0.1268,SAAO_KMTS42,KMT(I),KMT
2510789.9944599997,19.8688,0.1088,SAAO_KMTS42,KMT(I),KMT
2510790.0061300006,20.152,0.1162,SAAO_KMTS42,KMT(I),KMT
2510790.01765,20.1102,0.1319,SAAO_KMTS42,KMT(I),KMT
2510790.0296,19.9523,0.1111,SAAO_KMTS42,KMT(I),KMT
2510790.04866,19.8854,0.1055,SAAO_KMTS42,KMT(I),KMT
2510790.06047,19.9605,0.1204,SAAO_KMTS42,KMT(I),KMT
2510790.0721700005,20.0009,0.1047,SAAO_KMTS42,KMT(I),KMT
2510790.08402,20.1105,0.1169,SAAO_KMTS42,KMT(I),KMT
2510790.10389,19.8231,0.1158,SAAO_KMTS42,KMT(I),KMT
2510790.11594,20.0292,0.1091,SAAO_KMTS42,KMT(I),KMT
2510790.13445,20.0232,0.1199,SAAO_KMTS42,KMT(I),KMT
2510790.1463900004,20.031,0.1465,SAAO_KMTS42,KMT(I),KMT
2510790.15809,19.8154,0.0981,SAAO_KMTS42,KMT(I),KMT
2510790.16974,19.9413,0.1102,SAAO_KMTS42,KMT(I),KMT
2510790.9238099996,19.87,0.1639,SAAO_KMTS42,KMT(I),KMT
2510790.9552500006,19.9059,0.1142,SAAO_KMTS42,KMT(I),KMT
2510790.9666600004,19.8908,0.1312,SAAO_KMTS42,KMT(I),KMT
2510790.9784399997,20.1544,0.1195,SAAO_KMTS42,KMT(I),KMT
2510790.99175,19.8519,0.1153,SAAO_KMTS42,KMT(I),KMT
2510791.01081,19.9939,0.1184,SAAO_KMTS42,KMT(I),KMT
2510791.0223699994,19.8874,0.1094,SAAO_KMTS42,KMT(I),KMT
2510791.0342500005,20.0125,0.101,SAAO_KMTS42,KMT(I),KMT
2510791.04627,19.9655,0.1262,SAAO_KMTS42,KMT(I),KMT
2510791.05801,20.1137,0.1757,SAAO_KMTS42,KMT(I),KMT
2510791.0770200007,20.0039,0.099,SAAO_KMTS42,KMT(I),KMT
2510791.0887400005,20.0365,0.1044,SAAO_KMTS42,KMT(I),KMT
2510791.1007400006,19.8969,0.0908,SAAO_KMTS42,KMT(I),KMT
2510791.1124099996,19.7498,0.0896,SAAO_KMTS42,KMT(I),KMT
2510791.12402,20.1953,0.1217,SAAO_KMTS42,KMT(I),KMT
2510791.1429200005,19.9804,0.1067,SAAO_KMTS42,KMT(I),KMT
2510791.15448,20.024,0.1201,SAAO_KMTS42,KMT(I),KMT
2510791.16629,20.2644,0.1447,SAAO_KMTS42,KMT(I),KMT
2510791.1782300007,19.8629,0.1747,SAAO_KMTS42,KMT(I),KMT
2510791.92206,19.9018,0.1405,SAAO_KMTS42,KMT(I),KMT
2510791.93415,19.5052,0.1016,SAAO_KMTS42,KMT(I),KMT
2510791.9528,19.7852,0.1124,SAAO_KMTS42,KMT(I),KMT
2510791.9646199998,20.0773,0.1163,SAAO_KMTS42,KMT(I),KMT
2510791.9758199994,19.8316,0.1026,SAAO_KMTS42,KMT(I),KMT
2510791.9876300003,19.8849,0.1187,SAAO_KMTS42,KMT(I),KMT
2510791.99947,19.9031,0.1053,SAAO_KMTS42,KMT(I),KMT
2510792.01855,19.8116,0.1008,SAAO_KMTS42,KMT(I),KMT
2510792.03024,19.9645,0.0949,SAAO_KMTS42,KMT(I),KMT
2510792.0422,20.0701,0.1333,SAAO_KMTS42,KMT(I),KMT
2510792.0543099996,20.0349,0.0964,SAAO_KMTS42,KMT(I),KMT
2510792.0663600005,19.8893,0.1189,SAAO_KMTS42,KMT(I),KMT
2510792.0856999997,19.9845,0.1142,SAAO_KMTS42,KMT(I),KMT
2510792.0975400005,19.9938,0.1209,SAAO_KMTS42,KMT(I),KMT
2510792.1094000004,19.9856,0.1162,SAAO_KMTS42,KMT(I),KMT
2510792.1212399993,20.1426,0.1406,SAAO_KMTS42,KMT(I),KMT
2510792.1329699997,19.9932,0.0995,SAAO_KMTS42,KMT(I),KMT
2510792.14482,19.865,0.1062,SAAO_KMTS42,KMT(I),KMT
2510792.16381,20.2474,0.1369,SAAO_KMTS42,KMT(I),KMT
2510792.1755,20.1342,0.1731,SAAO_KMTS42,KMT(I),KMT
2510792.18697,19.5639,0.4648,SAAO_KMTS42,KMT(I),KMT
2510792.91615,19.8858,0.18,SAAO_KMTS42,KMT(I),KMT
2510792.9277,20.1576,0.195,SAAO_KMTS42,KMT(I),KMT
2510792.9393099993,19.9982,0.1104,SAAO_KMTS42,KMT(I),KMT
2510792.9601499997,19.851,0.0984,SAAO_KMTS42,KMT(I),KMT
2510792.9715400003,19.9534,0.121,SAAO_KMTS42,KMT(I),KMT
2510792.98431,20.094,0.1265,SAAO_KMTS42,KMT(I),KMT
2510792.9983900003,20.2165,0.1362,SAAO_KMTS42,KMT(I),KMT
2510793.01023,19.9909,0.1378,SAAO_KMTS42,KMT(I),KMT
2510793.02922,19.861,0.1068,SAAO_KMTS42,KMT(I),KMT
2510793.04105,20.0218,0.1323,SAAO_KMTS42,KMT(I),KMT
2510793.05296,20.0141,0.1003,SAAO_KMTS42,KMT(I),KMT
2510793.06446,20.068,0.1496,SAAO_KMTS42,KMT(I),KMT
2510793.0763499998,20.1865,0.1228,SAAO_KMTS42,KMT(I),KMT
2510793.1069799997,20.0808,0.1194,SAAO_KMTS42,KMT(I),KMT
2510793.1187900007,19.9994,0.1024,SAAO_KMTS42,KMT(I),KMT
2510793.1306,20.2185,0.1562,SAAO_KMTS42,KMT(I),KMT
2510793.1424199995,19.8988,0.095,SAAO_KMTS42,KMT(I),KMT
2510793.15427,19.8821,0.1098,SAAO_KMTS42,KMT(I),KMT
2510793.17346,19.9346,0.1701,SAAO_KMTS42,KMT(I),KMT
2510793.18516,19.6116,0.3071,SAAO_KMTS42,KMT(I),KMT
2510793.91713,19.822,0.1345,SAAO_KMTS42,KMT(I),KMT
2510793.9286,19.8799,0.1135,SAAO_KMTS42,KMT(I),KMT
2510793.9404099993,19.6757,0.0938,SAAO_KMTS42,KMT(I),KMT
2510793.9797399994,20.1098,0.131,SAAO_KMTS42,KMT(I),KMT
2510793.99111,19.8504,0.0986,SAAO_KMTS42,KMT(I),KMT
2510794.0025500003,19.7496,0.087,SAAO_KMTS42,KMT(I),KMT
2510794.01401,19.7755,0.1041,SAAO_KMTS42,KMT(I),KMT
2510794.0254999995,20.1491,0.1188,SAAO_KMTS42,KMT(I),KMT
2510794.0445,19.9689,0.1339,SAAO_KMTS42,KMT(I),KMT
2510794.05635,20.0025,0.134,SAAO_KMTS42,KMT(I),KMT
2510794.068,19.9471,0.1258,SAAO_KMTS42,KMT(I),KMT
2510794.0797799993,19.9705,0.1376,SAAO_KMTS42,KMT(I),KMT
2510794.0927099995,19.9971,0.1149,SAAO_KMTS42,KMT(I),KMT
2510794.10432,19.855,0.0992,SAAO_KMTS42,KMT(I),KMT
2510794.12354,19.9001,0.1482,SAAO_KMTS42,KMT(I),KMT
2510794.1353699993,19.7485,0.1442,SAAO_KMTS42,KMT(I),KMT
2510794.14678,19.776,0.1118,SAAO_KMTS42,KMT(I),KMT
2510794.1573799998,19.7353,0.15,SAAO_KMTS42,KMT(I),KMT
2510794.16871,20.2738,0.1947,SAAO_KMTS42,KMT(I),KMT
2510797.9476699997,20.1686,0.6082,SAAO_KMTS42,KMT(I),KMT
2510798.0265699998,18.8089,0.3524,SAAO_KMTS42,KMT(I),KMT
2510798.0423,19.7153,0.1845,SAAO_KMTS42,KMT(I),KMT
2510798.06149,20.838,2.5982,SAAO_KMTS42,KMT(I),KMT
2510798.07333,19.1209,0.121,SAAO_KMTS42,KMT(I),KMT
2510798.0851600002,19.3816,0.1197,SAAO_KMTS42,KMT(I),KMT
2510798.0974700004,19.6636,0.1267,SAAO_KMTS42,KMT(I),KMT
2510798.1092799995,19.3682,0.103,SAAO_KMTS42,KMT(I),KMT
2510798.12809,19.0321,0.0922,SAAO_KMTS42,KMT(I),KMT
2510798.1399499997,19.1856,0.1059,SAAO_KMTS42,KMT(I),KMT
2510798.16579,19.419,0.1256,SAAO_KMTS42,KMT(I),KMT
2510798.1776100006,19.435,0.1086,SAAO_KMTS42,KMT(I),KMT
2510798.9017399997,19.6192,0.7293,SAAO_KMTS42,KMT(I),KMT
2510798.92048,19.9433,0.1494,SAAO_KMTS42,KMT(I),KMT
2510798.93217,19.8733,0.1217,SAAO_KMTS42,KMT(I),KMT
2510798.9435900003,19.86,0.1801,SAAO_KMTS42,KMT(I),KMT
2510798.9555900004,20.054,0.2339,SAAO_KMTS42,KMT(I),KMT
2510798.9672999997,19.97,0.1706,SAAO_KMTS42,KMT(I),KMT
2510798.98661,19.6097,0.161,SAAO_KMTS42,KMT(I),KMT
2510798.99809,20.2166,0.1464,SAAO_KMTS42,KMT(I),KMT
2510799.00978,20.1167,0.127,SAAO_KMTS42,KMT(I),KMT
2510799.02145,19.8548,0.1048,SAAO_KMTS42,KMT(I),KMT
2510799.0331500005,19.7983,0.1075,SAAO_KMTS42,KMT(I),KMT
2510799.05246,20.0287,0.1232,SAAO_KMTS42,KMT(I),KMT
2510799.0645499993,20.0497,0.1556,SAAO_KMTS42,KMT(I),KMT
2510799.0761,20.0898,0.1282,SAAO_KMTS42,KMT(I),KMT
2510799.08851,20.0093,0.1172,SAAO_KMTS42,KMT(I),KMT
2510799.10009,20.1076,0.1467,SAAO_KMTS42,KMT(I),KMT
2510799.11195,20.0651,0.1518,SAAO_KMTS42,KMT(I),KMT
2510799.1313199997,19.6385,0.1107,SAAO_KMTS42,KMT(I),KMT
2510799.1433300003,19.9392,0.1177,SAAO_KMTS42,KMT(I),KMT
2510799.15503,20.0225,0.142,SAAO_KMTS42,KMT(I),KMT
2510799.16847,20.0613,0.1349,SAAO_KMTS42,KMT(I),KMT
2510799.18033,20.0025,0.1999,SAAO_KMTS42,KMT(I),KMT
2510799.90082,19.3648,0.081,SAAO_KMTS42,KMT(I),KMT
2510799.91966,19.7905,0.1095,SAAO_KMTS42,KMT(I),KMT
2510799.93119,19.844,0.1285,SAAO_KMTS42,KMT(I),KMT
2510799.94274,20.2106,0.1559,SAAO_KMTS42,KMT(I),KMT
2510799.9541500006,19.7891,0.1133,SAAO_KMTS42,KMT(I),KMT
2510799.9658400007,20.2587,0.2131,SAAO_KMTS42,KMT(I),KMT
2510799.9846899994,19.9493,0.1261,SAAO_KMTS42,KMT(I),KMT
2510799.99658,20.1386,0.1315,SAAO_KMTS42,KMT(I),KMT
2510800.0086700004,19.9631,0.1296,SAAO_KMTS42,KMT(I),KMT
2510800.02047,19.9436,0.1035,SAAO_KMTS42,KMT(I),KMT
2510800.03225,19.8067,0.1189,SAAO_KMTS42,KMT(I),KMT
2510800.0508900005,20.0199,0.1172,SAAO_KMTS42,KMT(I),KMT
2510800.0627500005,20.0761,0.117,SAAO_KMTS42,KMT(I),KMT
2510800.0757,19.9261,0.0905,SAAO_KMTS42,KMT(I),KMT
2510800.0873799995,20.0752,0.1412,SAAO_KMTS42,KMT(I),KMT
2510800.09849,20.041,0.1018,SAAO_KMTS42,KMT(I),KMT
2510800.1171899997,19.9025,0.0934,SAAO_KMTS42,KMT(I),KMT
2510800.1288600005,20.393,0.192,SAAO_KMTS42,KMT(I),KMT
2510800.14061,19.8806,0.0924,SAAO_KMTS42,KMT(I),KMT
2510800.17547,20.2007,0.1594,SAAO_KMTS42,KMT(I),KMT
2510800.89857,19.967,0.1402,SAAO_KMTS42,KMT(I),KMT
2510800.91043,19.4755,0.1097,SAAO_KMTS42,KMT(I),KMT
2510800.92227,19.7978,0.1533,SAAO_KMTS42,KMT(I),KMT
2510800.9336900003,19.7739,0.1182,SAAO_KMTS42,KMT(I),KMT
2510800.94518,19.9101,0.1204,SAAO_KMTS42,KMT(I),KMT
2510800.9636499994,20.0853,0.15,SAAO_KMTS42,KMT(I),KMT
2510800.97561,19.9752,0.1464,SAAO_KMTS42,KMT(I),KMT
2510800.98761,20.185,0.1596,SAAO_KMTS42,KMT(I),KMT
2510800.9994099997,19.6857,0.0873,SAAO_KMTS42,KMT(I),KMT
2510801.01143,20.0654,0.1209,SAAO_KMTS42,KMT(I),KMT
2510801.03036,19.8636,0.0999,SAAO_KMTS42,KMT(I),KMT
2510801.0423099995,20.2584,0.1592,SAAO_KMTS42,KMT(I),KMT
2510801.0543099996,20.1829,0.1179,SAAO_KMTS42,KMT(I),KMT
2510801.0661999993,19.9054,0.134,SAAO_KMTS42,KMT(I),KMT
2510801.0779999997,20.1071,0.1137,SAAO_KMTS42,KMT(I),KMT
2510801.08973,20.0787,0.1089,SAAO_KMTS42,KMT(I),KMT
2510801.10912,20.0077,0.121,SAAO_KMTS42,KMT(I),KMT
2510801.12084,19.9517,0.1233,SAAO_KMTS42,KMT(I),KMT
2510801.13236,19.8333,0.117,SAAO_KMTS42,KMT(I),KMT
2510801.1442099996,19.8933,0.125,SAAO_KMTS42,KMT(I),KMT
2510801.15591,20.0193,0.1422,SAAO_KMTS42,KMT(I),KMT
2510801.17514,19.6388,0.1252,SAAO_KMTS42,KMT(I),KMT
2510801.18688,19.3748,0.2442,SAAO_KMTS42,KMT(I),KMT
2510801.8975399993,19.8321,0.1284,SAAO_KMTS42,KMT(I),KMT
2510801.90922,20.1975,0.1558,SAAO_KMTS42,KMT(I),KMT
2510801.9209199995,20.1387,0.1743,SAAO_KMTS42,KMT(I),KMT
2510801.93276,20.1371,0.1532,SAAO_KMTS42,KMT(I),KMT
2510801.9521500003,20.1239,0.1252,SAAO_KMTS42,KMT(I),KMT
2510801.9641200006,20.053,0.1203,SAAO_KMTS42,KMT(I),KMT
2510801.97612,20.0495,0.1083,SAAO_KMTS42,KMT(I),KMT
2510801.98783,19.8808,0.0978,SAAO_KMTS42,KMT(I),KMT
2510801.99966,19.9898,0.1059,SAAO_KMTS42,KMT(I),KMT
2510802.0207,20.0201,0.1338,SAAO_KMTS42,KMT(I),KMT
2510802.03453,20.1314,0.115,SAAO_KMTS42,KMT(I),KMT
2510802.04619,19.8727,0.1032,SAAO_KMTS42,KMT(I),KMT
2510802.0580400005,20.1458,0.1187,SAAO_KMTS42,KMT(I),KMT
2510802.0700400006,20.3707,0.1634,SAAO_KMTS42,KMT(I),KMT
2510802.08928,20.0074,0.1192,SAAO_KMTS42,KMT(I),KMT
2510802.10157,20.0965,0.1455,SAAO_KMTS42,KMT(I),KMT
2510802.11355,19.8222,0.1266,SAAO_KMTS42,KMT(I),KMT
2510802.1250599995,20.2166,0.1731,SAAO_KMTS42,KMT(I),KMT
2510802.1369199995,20.0681,0.159,SAAO_KMTS42,KMT(I),KMT
2510802.1567199994,19.5805,0.1034,SAAO_KMTS42,KMT(I),KMT
2510802.1688,19.7678,0.1299,SAAO_KMTS42,KMT(I),KMT
2510802.1827300005,19.7868,0.2004,SAAO_KMTS42,KMT(I),KMT
2510802.90307,19.9094,0.142,SAAO_KMTS42,KMT(I),KMT
2510802.91471,20.0284,0.139,SAAO_KMTS42,KMT(I),KMT
2510802.92645,20.3031,0.2156,SAAO_KMTS42,KMT(I),KMT
2510802.9456699993,20.0206,0.1307,SAAO_KMTS42,KMT(I),KMT
2510802.95735,19.835,0.107,SAAO_KMTS42,KMT(I),KMT
2510802.97102,19.9353,0.1289,SAAO_KMTS42,KMT(I),KMT
2510802.98286,20.2349,0.1432,SAAO_KMTS42,KMT(I),KMT
2510802.99481,19.8643,0.1066,SAAO_KMTS42,KMT(I),KMT
2510803.0138099995,19.9672,0.1135,SAAO_KMTS42,KMT(I),KMT
2510803.02573,19.9322,0.108,SAAO_KMTS42,KMT(I),KMT
2510803.0374100003,19.8523,0.1331,SAAO_KMTS42,KMT(I),KMT
2510803.0494100004,20.0529,0.1421,SAAO_KMTS42,KMT(I),KMT
2510803.06123,20.3984,0.1557,SAAO_KMTS42,KMT(I),KMT
2510803.07307,20.0475,0.1321,SAAO_KMTS42,KMT(I),KMT
2510803.0920199994,20.1663,0.1411,SAAO_KMTS42,KMT(I),KMT
2510803.1039000005,20.1258,0.1668,SAAO_KMTS42,KMT(I),KMT
2510803.11613,19.8702,0.1324,SAAO_KMTS42,KMT(I),KMT
2510803.1279799994,20.0203,0.1299,SAAO_KMTS42,KMT(I),KMT
2510803.13987,20.4391,0.2173,SAAO_KMTS42,KMT(I),KMT
2510803.1589899994,20.0618,0.1425,SAAO_KMTS42,KMT(I),KMT
2510803.17067,20.0137,0.1404,SAAO_KMTS42,KMT(I),KMT
2510803.1825200003,20.2478,0.2894,SAAO_KMTS42,KMT(I),KMT
2510803.89136,19.8979,0.181,SAAO_KMTS42,KMT(I),KMT
2510803.90331,19.7431,0.124,SAAO_KMTS42,KMT(I),KMT
2510803.9148699995,20.0651,0.1554,SAAO_KMTS42,KMT(I),KMT
2510803.9334500004,20.0905,0.1312,SAAO_KMTS42,KMT(I),KMT
2510803.94513,20.1373,0.1413,SAAO_KMTS42,KMT(I),KMT
2510803.95785,19.7122,0.0945,SAAO_KMTS42,KMT(I),KMT
2510803.9695999995,20.0321,0.1201,SAAO_KMTS42,KMT(I),KMT
2510803.98116,20.0921,0.1182,SAAO_KMTS42,KMT(I),KMT
2510803.9999199994,20.2812,0.1531,SAAO_KMTS42,KMT(I),KMT
2510804.0117300004,19.9303,0.1403,SAAO_KMTS42,KMT(I),KMT
2510804.02343,20.4198,0.172,SAAO_KMTS42,KMT(I),KMT
2510804.0351100005,20.0154,0.1116,SAAO_KMTS42,KMT(I),KMT
2510804.0469199996,19.9561,0.1049,SAAO_KMTS42,KMT(I),KMT
2510804.06604,20.3684,0.2551,SAAO_KMTS42,KMT(I),KMT
2510804.07852,19.8267,0.1134,SAAO_KMTS42,KMT(I),KMT
2510804.0901999995,19.9965,0.1517,SAAO_KMTS42,KMT(I),KMT
2510804.1020800006,20.4088,0.1916,SAAO_KMTS42,KMT(I),KMT
2510804.114,20.0234,0.1515,SAAO_KMTS42,KMT(I),KMT
2510804.1333300006,20.16,0.1464,SAAO_KMTS42,KMT(I),KMT
2510804.1451399997,19.8964,0.1626,SAAO_KMTS42,KMT(I),KMT
2510804.1566700004,19.7926,0.1392,SAAO_KMTS42,KMT(I),KMT
2510804.1683600005,20.091,0.1715,SAAO_KMTS42,KMT(I),KMT
2510804.1796700004,19.9516,0.183,SAAO_KMTS42,KMT(I),KMT
2510804.8889799993,19.4884,0.1163,SAAO_KMTS42,KMT(I),KMT
2510804.9080500007,19.9093,0.1543,SAAO_KMTS42,KMT(I),KMT
2510804.9199199993,20.0444,0.1873,SAAO_KMTS42,KMT(I),KMT
2510804.9319199994,20.164,0.1856,SAAO_KMTS42,KMT(I),KMT
2510804.94384,20.2661,0.207,SAAO_KMTS42,KMT(I),KMT
2510804.95586,19.504,0.1359,SAAO_KMTS42,KMT(I),KMT
2510804.9751900006,20.0292,0.148,SAAO_KMTS42,KMT(I),KMT
2510804.98687,19.7129,0.1582,SAAO_KMTS42,KMT(I),KMT
2510804.9987499993,19.8031,0.1484,SAAO_KMTS42,KMT(I),KMT
2510805.00987,19.714,0.1286,SAAO_KMTS42,KMT(I),KMT
2510805.0218700003,19.9658,0.1851,SAAO_KMTS42,KMT(I),KMT
2510805.0333699994,19.8514,0.1317,SAAO_KMTS42,KMT(I),KMT
2510805.0527100004,20.1398,0.1743,SAAO_KMTS42,KMT(I),KMT
2510806.88856,19.5002,0.2872,SAAO_KMTS42,KMT(I),KMT
2510806.9002800006,19.5677,0.2208,SAAO_KMTS42,KMT(I),KMT
2510806.9158200007,19.6045,0.2737,SAAO_KMTS42,KMT(I),KMT
2510806.93439,20.3473,0.4654,SAAO_KMTS42,KMT(I),KMT
2510806.9461899996,19.8778,0.2874,SAAO_KMTS42,KMT(I),KMT
2510806.965,19.4868,0.1677,SAAO_KMTS42,KMT(I),KMT
2510806.9766300004,19.9285,0.2144,SAAO_KMTS42,KMT(I),KMT
2510806.98835,20.2841,0.4629,SAAO_KMTS42,KMT(I),KMT
2510807.00019,19.4257,0.202,SAAO_KMTS42,KMT(I),KMT
2510807.0118700005,20.7458,0.7073,SAAO_KMTS42,KMT(I),KMT
2510807.0311200004,19.5134,0.1618,SAAO_KMTS42,KMT(I),KMT
2510807.04309,19.5807,0.122,SAAO_KMTS42,KMT(I),KMT
2510807.0547700003,20.0028,0.1996,SAAO_KMTS42,KMT(I),KMT
2510807.0667899996,20.0069,0.2252,SAAO_KMTS42,KMT(I),KMT
2510807.0790800005,19.466,0.2464,SAAO_KMTS42,KMT(I),KMT
2510807.1169,19.8269,0.2793,SAAO_KMTS42,KMT(I),KMT
2510807.1288600005,20.2374,0.3188,SAAO_KMTS42,KMT(I),KMT
2510807.14088,20.6076,0.558,SAAO_KMTS42,KMT(I),KMT
2510807.1525800005,19.1417,0.171,SAAO_KMTS42,KMT(I),KMT
2510807.17167,20.0445,0.3083,SAAO_KMTS42,KMT(I),KMT
2510807.1833500005,19.7094,0.4219,SAAO_KMTS42,KMT(I),KMT
2510807.8826899994,19.8679,0.7858,SAAO_KMTS42,KMT(I),KMT
2510807.89465,20.5848,1.2285,SAAO_KMTS42,KMT(I),KMT
2510807.9074600004,19.6508,0.5373,SAAO_KMTS42,KMT(I),KMT
2510807.9264,20.1573,0.4926,SAAO_KMTS42,KMT(I),KMT
2510807.93796,19.645,0.2728,SAAO_KMTS42,KMT(I),KMT
2510807.9498500004,19.6381,0.2414,SAAO_KMTS42,KMT(I),KMT
2510807.9616100006,20.5028,0.7691,SAAO_KMTS42,KMT(I),KMT
2510807.9741200004,20.2502,0.442,SAAO_KMTS42,KMT(I),KMT
2510807.9930499997,20.1559,0.2613,SAAO_KMTS42,KMT(I),KMT
2510808.0049099997,19.755,0.147,SAAO_KMTS42,KMT(I),KMT
2510808.01676,19.8052,0.1591,SAAO_KMTS42,KMT(I),KMT
2510808.0286999997,20.0785,0.1885,SAAO_KMTS42,KMT(I),KMT
2510808.04072,19.8238,0.1324,SAAO_KMTS42,KMT(I),KMT
2510808.0525400005,19.8804,0.1897,SAAO_KMTS42,KMT(I),KMT
2510808.0717600007,19.7432,0.2069,SAAO_KMTS42,KMT(I),KMT
2510808.08361,19.4244,0.2198,SAAO_KMTS42,KMT(I),KMT
2510808.0954400003,19.888,0.3234,SAAO_KMTS42,KMT(I),KMT
2510808.1074100006,19.7917,0.3356,SAAO_KMTS42,KMT(I),KMT
2510808.1213300005,19.9119,0.2939,SAAO_KMTS42,KMT(I),KMT
2510808.1406200007,20.46,0.4455,SAAO_KMTS42,KMT(I),KMT
2510808.15242,19.7731,0.1687,SAAO_KMTS42,KMT(I),KMT
2510808.16414,19.8044,0.1635,SAAO_KMTS42,KMT(I),KMT
2510808.17612,20.011,0.201,SAAO_KMTS42,KMT(I),KMT
2510808.1879900005,19.4729,0.2388,SAAO_KMTS42,KMT(I),KMT
2510808.87866,19.7949,0.5804,SAAO_KMTS42,KMT(I),KMT
2510808.898,19.6591,0.3576,SAAO_KMTS42,KMT(I),KMT
2510808.9100199994,19.7328,0.4209,SAAO_KMTS42,KMT(I),KMT
2510808.9222299997,19.2775,0.2466,SAAO_KMTS42,KMT(I),KMT
2510808.93523,20.7165,1.3994,SAAO_KMTS42,KMT(I),KMT
2510808.94721,19.7085,0.402,SAAO_KMTS42,KMT(I),KMT
2510808.9666,20.2187,0.7084,SAAO_KMTS42,KMT(I),KMT
2510808.97858,20.1411,0.5835,SAAO_KMTS42,KMT(I),KMT
2510808.99032,20.5831,0.8343,SAAO_KMTS42,KMT(I),KMT
2510809.0022599995,19.8572,0.3708,SAAO_KMTS42,KMT(I),KMT
2510809.0142,19.8192,0.2786,SAAO_KMTS42,KMT(I),KMT
2510809.03326,19.6721,0.2615,SAAO_KMTS42,KMT(I),KMT
2510809.04526,19.9775,0.2532,SAAO_KMTS42,KMT(I),KMT
2510809.05731,19.5931,0.22,SAAO_KMTS42,KMT(I),KMT
2510809.06903,19.8358,0.3512,SAAO_KMTS42,KMT(I),KMT
2510809.0810000002,19.4805,0.2558,SAAO_KMTS42,KMT(I),KMT
2510809.10002,19.7173,0.3183,SAAO_KMTS42,KMT(I),KMT
2510809.11183,19.4412,0.2327,SAAO_KMTS42,KMT(I),KMT
2510809.12356,20.0287,0.4555,SAAO_KMTS42,KMT(I),KMT
2510809.1353,19.5757,0.3065,SAAO_KMTS42,KMT(I),KMT
2510809.1470599994,20.3297,0.8423,SAAO_KMTS42,KMT(I),KMT
2510809.16617,20.7788,0.8387,SAAO_KMTS42,KMT(I),KMT
2510809.1779699996,19.8346,0.3467,SAAO_KMTS42,KMT(I),KMT
2510809.87223,19.6639,0.8108,SAAO_KMTS42,KMT(I),KMT
2510809.88421,19.8608,1.2161,SAAO_KMTS42,KMT(I),KMT
2510809.8928999994,20.0616,1.1635,SAAO_KMTS42,KMT(I),KMT
2510809.9047500007,20.0097,1.0939,SAAO_KMTS42,KMT(I),KMT
2510809.9272799995,20.202,1.9619,SAAO_KMTS42,KMT(I),KMT
2510809.9398100004,19.1452,0.3005,SAAO_KMTS42,KMT(I),KMT
2510809.9516000003,19.7952,0.6671,SAAO_KMTS42,KMT(I),KMT
2510809.9633300006,20.3265,1.4379,SAAO_KMTS42,KMT(I),KMT
2510809.97482,19.3582,0.4089,SAAO_KMTS42,KMT(I),KMT
2510809.9836599994,20.0756,0.9163,SAAO_KMTS42,KMT(I),KMT
2510810.00296,18.9067,0.295,SAAO_KMTS42,KMT(I),KMT
2510810.0147200003,19.6661,0.5504,SAAO_KMTS42,KMT(I),KMT
2510810.0264299996,19.7928,0.6462,SAAO_KMTS42,KMT(I),KMT
2510810.0439599995,20.6891,2.8033,SAAO_KMTS42,KMT(I),KMT
2510810.0815500002,20.1012,1.6553,SAAO_KMTS42,KMT(I),KMT
2510810.1279300004,19.9679,0.8256,SAAO_KMTS42,KMT(I),KMT
2510810.13696,19.2384,0.4446,SAAO_KMTS42,KMT(I),KMT
2510811.86785,19.3342,0.7376,SAAO_KMTS42,KMT(I),KMT
2510811.89363,18.6271,0.3727,SAAO_KMTS42,KMT(I),KMT
2510811.9173799995,19.0226,0.7559,SAAO_KMTS42,KMT(I),KMT
2510811.98331,19.2557,1.9156,SAAO_KMTS42,KMT(I),KMT
2510812.07343,20.171,2.8876,SAAO_KMTS42,KMT(I),KMT
2510812.12809,20.0779,0.8802,SAAO_KMTS42,KMT(I),KMT
2510812.15109,18.3236,0.6746,SAAO_KMTS42,KMT(I),KMT
2510812.16985,18.7229,0.463,SAAO_KMTS42,KMT(I),KMT
2510812.1811800003,16.8776,0.3381,SAAO_KMTS42,KMT(I),KMT
2510812.87658,18.1364,0.49,SAAO_KMTS42,KMT(I),KMT
2510812.8886200003,20.0984,0.9427,SAAO_KMTS42,KMT(I),KMT
2510812.90049,17.2933,0.6042,SAAO_KMTS42,KMT(I),KMT
2510812.93176,19.352,0.3089,SAAO_KMTS42,KMT(I),KMT
2510812.9437799994,20.1379,1.3228,SAAO_KMTS42,KMT(I),KMT
2510812.9554699995,19.8926,0.378,SAAO_KMTS42,KMT(I),KMT
2510812.96744,19.2521,0.1885,SAAO_KMTS42,KMT(I),KMT
2510812.9975300003,19.4865,0.3048,SAAO_KMTS42,KMT(I),KMT
2510813.0092399996,19.627,0.2363,SAAO_KMTS42,KMT(I),KMT
2510813.0210999995,20.9273,1.4617,SAAO_KMTS42,KMT(I),KMT
2510813.0343999993,20.5738,0.3336,SAAO_KMTS42,KMT(I),KMT
2510813.0459700003,20.0266,0.3853,SAAO_KMTS42,KMT(I),KMT
2510813.06898,20.6617,0.9933,SAAO_KMTS42,KMT(I),KMT
2510813.0806600004,19.4871,0.2056,SAAO_KMTS42,KMT(I),KMT
2510813.09268,19.7391,0.1655,SAAO_KMTS42,KMT(I),KMT
2510813.1045900006,20.1479,0.7232,SAAO_KMTS42,KMT(I),KMT
2510813.1164299995,19.6196,0.1529,SAAO_KMTS42,KMT(I),KMT
2510813.13542,19.7997,0.26,SAAO_KMTS42,KMT(I),KMT
2510813.14728,20.1771,0.7125,SAAO_KMTS42,KMT(I),KMT
2510813.15909,20.6764,0.876,SAAO_KMTS42,KMT(I),KMT
2510813.17096,20.7208,3.1906,SAAO_KMTS42,KMT(I),KMT
2510813.1828199998,19.9418,0.2571,SAAO_KMTS42,KMT(I),KMT
2510813.9496,17.479,0.2909,SAAO_KMTS42,KMT(I),KMT
2510813.9743300006,13.036,0.4624,SAAO_KMTS42,KMT(I),KMT
2510814.86405,19.4544,0.305,SAAO_KMTS42,KMT(I),KMT
2510814.8840299994,18.9332,0.4302,SAAO_KMTS42,KMT(I),KMT
2510814.89599,19.1281,0.5758,SAAO_KMTS42,KMT(I),KMT
2510814.9153199997,20.6873,1.8829,SAAO_KMTS42,KMT(I),KMT
2510814.9270900004,19.8911,0.2079,SAAO_KMTS42,KMT(I),KMT
2510814.96265,19.8682,3.6535,SAAO_KMTS42,KMT(I),KMT
2510814.99383,19.4196,0.3569,SAAO_KMTS42,KMT(I),KMT
2510815.01738,19.7047,0.7523,SAAO_KMTS42,KMT(I),KMT
2510815.02919,19.6576,0.3599,SAAO_KMTS42,KMT(I),KMT
2510815.04117,18.865,0.4846,SAAO_KMTS42,KMT(I),KMT
2510815.0607399996,19.5165,0.3118,SAAO_KMTS42,KMT(I),KMT
2510815.0731799994,20.9205,2.9424,SAAO_KMTS42,KMT(I),KMT
2510815.0862600002,19.8705,0.1793,SAAO_KMTS42,KMT(I),KMT
2510815.0985700004,19.9021,0.1901,SAAO_KMTS42,KMT(I),KMT
2510815.1105199996,20.207,0.3791,SAAO_KMTS42,KMT(I),KMT
2510815.1534899995,19.8943,0.175,SAAO_KMTS42,KMT(I),KMT
2510815.1651,19.587,0.5588,SAAO_KMTS42,KMT(I),KMT
2510815.17669,19.7684,0.2181,SAAO_KMTS42,KMT(I),KMT
2510817.85864,20.2979,0.1934,SAAO_KMTS42,KMT(I),KMT
2510817.8704400007,19.8378,0.1236,SAAO_KMTS42,KMT(I),KMT
2510817.8821099997,20.0094,0.1333,SAAO_KMTS42,KMT(I),KMT
2510817.8946,20.019,0.1113,SAAO_KMTS42,KMT(I),KMT
2510817.90654,19.9077,0.0881,SAAO_KMTS42,KMT(I),KMT
2510817.9258399997,20.0159,0.1312,SAAO_KMTS42,KMT(I),KMT
2510817.93762,19.9808,0.0991,SAAO_KMTS42,KMT(I),KMT
2510817.9494400006,19.9142,0.1089,SAAO_KMTS42,KMT(I),KMT
2510817.9610900003,19.9646,0.1192,SAAO_KMTS42,KMT(I),KMT
2510817.97277,20.044,0.1239,SAAO_KMTS42,KMT(I),KMT
2510817.98455,20.5303,0.1771,SAAO_KMTS42,KMT(I),KMT
2510818.0036200006,20.1578,0.1577,SAAO_KMTS42,KMT(I),KMT
2510818.01544,20.0253,0.1125,SAAO_KMTS42,KMT(I),KMT
2510818.02726,20.1718,0.1174,SAAO_KMTS42,KMT(I),KMT
2510818.0395100005,20.1992,0.1357,SAAO_KMTS42,KMT(I),KMT
2510818.0512300003,20.1663,0.1232,SAAO_KMTS42,KMT(I),KMT
2510818.07048,20.2833,0.1769,SAAO_KMTS42,KMT(I),KMT
2510818.08232,20.1535,0.1532,SAAO_KMTS42,KMT(I),KMT
2510818.0943400003,20.0435,0.1326,SAAO_KMTS42,KMT(I),KMT
2510818.1063400004,19.8054,0.0977,SAAO_KMTS42,KMT(I),KMT
2510818.11838,19.8436,0.1047,SAAO_KMTS42,KMT(I),KMT
2510818.1419900004,19.9741,0.1698,SAAO_KMTS42,KMT(I),KMT
2510818.1536299996,20.0892,0.1876,SAAO_KMTS42,KMT(I),KMT
2510818.17729,19.8434,0.1449,SAAO_KMTS42,KMT(I),KMT
2510818.18913,19.508,0.1867,SAAO_KMTS42,KMT(I),KMT
2510818.85107,19.664,0.1532,SAAO_KMTS42,KMT(I),KMT
2510818.8634099998,19.9262,0.1424,SAAO_KMTS42,KMT(I),KMT
2510818.89018,20.3031,0.2142,SAAO_KMTS42,KMT(I),KMT
2510818.9021300003,19.622,0.0947,SAAO_KMTS42,KMT(I),KMT
2510818.91426,19.9842,0.1239,SAAO_KMTS42,KMT(I),KMT
2510818.92597,19.7495,0.1242,SAAO_KMTS42,KMT(I),KMT
2510818.9378900006,19.9654,0.1296,SAAO_KMTS42,KMT(I),KMT
2510818.95711,19.9436,0.127,SAAO_KMTS42,KMT(I),KMT
2510818.9684699997,19.9537,0.1207,SAAO_KMTS42,KMT(I),KMT
2510818.9807,19.9756,0.1113,SAAO_KMTS42,KMT(I),KMT
2510818.99244,19.9939,0.1123,SAAO_KMTS42,KMT(I),KMT
2510819.00426,19.8089,0.1146,SAAO_KMTS42,KMT(I),KMT
2510819.0235,19.7878,0.0921,SAAO_KMTS42,KMT(I),KMT
2510819.0352100004,19.9196,0.0999,SAAO_KMTS42,KMT(I),KMT
2510819.0469499994,19.8368,0.0974,SAAO_KMTS42,KMT(I),KMT
2510819.0586200003,19.7319,0.0968,SAAO_KMTS42,KMT(I),KMT
2510819.0703100003,20.229,0.2153,SAAO_KMTS42,KMT(I),KMT
2510819.0895799994,20.0608,0.1577,SAAO_KMTS42,KMT(I),KMT
2510819.10107,19.551,0.1003,SAAO_KMTS42,KMT(I),KMT
2510819.11307,19.8223,0.1292,SAAO_KMTS42,KMT(I),KMT
2510819.12466,19.9806,0.1644,SAAO_KMTS42,KMT(I),KMT
2510819.1361500006,19.9716,0.1508,SAAO_KMTS42,KMT(I),KMT
2510819.14803,19.8157,0.126,SAAO_KMTS42,KMT(I),KMT
2510819.16686,19.8292,0.214,SAAO_KMTS42,KMT(I),KMT
2510819.8423699997,20.132,0.2826,SAAO_KMTS42,KMT(I),KMT
2510819.8612399995,19.8181,0.1324,SAAO_KMTS42,KMT(I),KMT
2510819.87292,19.8074,0.1072,SAAO_KMTS42,KMT(I),KMT
2510819.8843099996,19.6194,0.0928,SAAO_KMTS42,KMT(I),KMT
2510819.8958899993,19.2727,0.0915,SAAO_KMTS42,KMT(I),KMT
2510819.90744,20.1582,0.2152,SAAO_KMTS42,KMT(I),KMT
2510819.93037,20.021,0.1283,SAAO_KMTS42,KMT(I),KMT
2510819.94211,19.7874,0.1133,SAAO_KMTS42,KMT(I),KMT
2510819.95392,19.5686,0.0937,SAAO_KMTS42,KMT(I),KMT
2510819.96566,19.915,0.1547,SAAO_KMTS42,KMT(I),KMT
2510819.9776300006,20.1163,0.1676,SAAO_KMTS42,KMT(I),KMT
2510819.9966599997,20.2389,0.2187,SAAO_KMTS42,KMT(I),KMT
2510820.0086400006,20.0206,0.1315,SAAO_KMTS42,KMT(I),KMT
2510820.0204600003,19.7497,0.1338,SAAO_KMTS42,KMT(I),KMT
2510820.0322699994,19.8732,0.12,SAAO_KMTS42,KMT(I),KMT
2510820.0441299994,19.7118,0.1043,SAAO_KMTS42,KMT(I),KMT
2510820.0658,20.1864,0.1612,SAAO_KMTS42,KMT(I),KMT
2510820.0777700003,19.7095,0.1532,SAAO_KMTS42,KMT(I),KMT
2510820.08952,19.7098,0.1118,SAAO_KMTS42,KMT(I),KMT
2510820.1012699995,19.8221,0.1524,SAAO_KMTS42,KMT(I),KMT
2510820.11283,19.8107,0.1279,SAAO_KMTS42,KMT(I),KMT
2510820.1320399996,19.9609,0.2107,SAAO_KMTS42,KMT(I),KMT
2510820.14401,19.8723,0.1947,SAAO_KMTS42,KMT(I),KMT
2510820.15572,19.4586,0.1368,SAAO_KMTS42,KMT(I),KMT
2510820.1677,17.3284,0.0328,SAAO_KMTS42,KMT(I),KMT
2510820.18023,19.1067,0.1058,SAAO_KMTS42,KMT(I),KMT
2510820.84033,19.8976,0.2161,SAAO_KMTS42,KMT(I),KMT
2510820.85205,19.859,0.1319,SAAO_KMTS42,KMT(I),KMT
2510820.8719500005,19.3445,0.1228,SAAO_KMTS42,KMT(I),KMT
2510820.8838,19.6971,0.1399,SAAO_KMTS42,KMT(I),KMT
2510820.8962699994,20.0186,0.1456,SAAO_KMTS42,KMT(I),KMT
2510820.90826,19.8456,0.1267,SAAO_KMTS42,KMT(I),KMT
2510820.91974,19.7066,0.1153,SAAO_KMTS42,KMT(I),KMT
2510820.93894,19.8682,0.1392,SAAO_KMTS42,KMT(I),KMT
2510820.95098,19.8167,0.1334,SAAO_KMTS42,KMT(I),KMT
2510820.9665900003,19.7586,0.1153,SAAO_KMTS42,KMT(I),KMT
2510820.9785,20.0833,0.1645,SAAO_KMTS42,KMT(I),KMT
2510820.99044,19.6416,0.1092,SAAO_KMTS42,KMT(I),KMT
2510821.0097400006,20.1005,0.1406,SAAO_KMTS42,KMT(I),KMT
2510821.02147,19.8847,0.136,SAAO_KMTS42,KMT(I),KMT
2510821.03409,19.9702,0.1055,SAAO_KMTS42,KMT(I),KMT
2510821.0461800005,19.9613,0.1577,SAAO_KMTS42,KMT(I),KMT
2510821.05863,19.8662,0.1147,SAAO_KMTS42,KMT(I),KMT
2510821.0704699997,19.8863,0.1142,SAAO_KMTS42,KMT(I),KMT
2510821.08985,20.1952,0.1584,SAAO_KMTS42,KMT(I),KMT
2510821.10183,19.9005,0.1248,SAAO_KMTS42,KMT(I),KMT
2510821.11391,20.0582,0.1546,SAAO_KMTS42,KMT(I),KMT
2510821.1264500003,20.0001,0.1261,SAAO_KMTS42,KMT(I),KMT
2510821.13836,20.0507,0.1372,SAAO_KMTS42,KMT(I),KMT
2510821.1577700004,19.6956,0.1234,SAAO_KMTS42,KMT(I),KMT
2510821.16945,19.9628,0.1623,SAAO_KMTS42,KMT(I),KMT
2510821.1801999994,19.8128,0.1717,SAAO_KMTS42,KMT(I),KMT
2510821.83859,19.2438,0.139,SAAO_KMTS42,KMT(I),KMT
2510821.8500299994,18.8893,0.1008,SAAO_KMTS42,KMT(I),KMT
2510821.8660700005,17.8669,0.0529,SAAO_KMTS42,KMT(I),KMT
2510821.87801,17.341,0.0343,SAAO_KMTS42,KMT(I),KMT
2510821.8972299993,18.3723,0.0951,SAAO_KMTS42,KMT(I),KMT
2510821.90917,18.4842,0.0579,SAAO_KMTS42,KMT(I),KMT
2510821.9214900006,17.9578,0.0634,SAAO_KMTS42,KMT(I),KMT
2510821.93336,18.3061,0.0556,SAAO_KMTS42,KMT(I),KMT
2510821.94525,18.1909,0.0927,SAAO_KMTS42,KMT(I),KMT
2510821.9644,18.0107,0.0567,SAAO_KMTS42,KMT(I),KMT
2510821.97851,18.2328,0.0543,SAAO_KMTS42,KMT(I),KMT
2510821.99055,17.4367,0.0313,SAAO_KMTS42,KMT(I),KMT
2510822.0024299994,18.5628,0.079,SAAO_KMTS42,KMT(I),KMT
2510822.0143599994,19.1397,0.1019,SAAO_KMTS42,KMT(I),KMT
2510822.8374499995,19.7557,0.1473,SAAO_KMTS42,KMT(I),KMT
2510822.8575299997,20.0297,0.193,SAAO_KMTS42,KMT(I),KMT
2510822.86938,19.8473,0.1172,SAAO_KMTS42,KMT(I),KMT
2510822.8810900003,19.9683,0.1317,SAAO_KMTS42,KMT(I),KMT
2510822.8930900004,20.1614,0.1529,SAAO_KMTS42,KMT(I),KMT
2510822.9105200004,19.888,0.0992,SAAO_KMTS42,KMT(I),KMT
2510822.9295700006,19.903,0.1118,SAAO_KMTS42,KMT(I),KMT
2510822.9413600005,19.9918,0.1572,SAAO_KMTS42,KMT(I),KMT
2510822.9539599996,19.7272,0.0975,SAAO_KMTS42,KMT(I),KMT
2510822.9657000005,19.6371,0.1205,SAAO_KMTS42,KMT(I),KMT
2510822.98051,19.7563,0.1159,SAAO_KMTS42,KMT(I),KMT
2510822.99974,20.0226,0.1332,SAAO_KMTS42,KMT(I),KMT
2510823.01171,19.6969,0.1,SAAO_KMTS42,KMT(I),KMT
2510823.0235099997,19.8587,0.1319,SAAO_KMTS42,KMT(I),KMT
2510823.0354699995,20.1535,0.187,SAAO_KMTS42,KMT(I),KMT
2510823.0474299993,19.8325,0.1428,SAAO_KMTS42,KMT(I),KMT
2510823.06657,19.9252,0.1411,SAAO_KMTS42,KMT(I),KMT
2510823.0785300005,20.0401,0.1721,SAAO_KMTS42,KMT(I),KMT
2510823.09048,19.7218,0.1507,SAAO_KMTS42,KMT(I),KMT
2510823.10217,20.1077,0.179,SAAO_KMTS42,KMT(I),KMT
2510823.1172599997,19.4703,0.1244,SAAO_KMTS42,KMT(I),KMT
2510823.1328999996,19.9956,0.1669,SAAO_KMTS42,KMT(I),KMT
2510823.15414,19.673,0.1541,SAAO_KMTS42,KMT(I),KMT
2510823.17189,19.4981,0.1501,SAAO_KMTS42,KMT(I),KMT
2510823.8400999997,19.6161,0.1353,SAAO_KMTS42,KMT(I),KMT
2510823.8520100005,19.8549,0.1474,SAAO_KMTS42,KMT(I),KMT
2510823.86446,19.357,0.1199,SAAO_KMTS42,KMT(I),KMT
2510823.87598,19.4997,0.1337,SAAO_KMTS42,KMT(I),KMT
2510823.8944700006,19.461,0.1387,SAAO_KMTS42,KMT(I),KMT
2510823.9062099997,19.3559,0.1159,SAAO_KMTS42,KMT(I),KMT
2510823.91789,19.3241,0.1175,SAAO_KMTS42,KMT(I),KMT
2510823.9317300003,19.0062,0.1961,SAAO_KMTS42,KMT(I),KMT
2510823.9432500005,16.2701,0.3284,SAAO_KMTS42,KMT(I),KMT
2510825.8399,18.8764,0.1011,SAAO_KMTS42,KMT(I),KMT
2510825.8516000006,19.2195,0.124,SAAO_KMTS42,KMT(I),KMT
2510825.8649700005,19.6208,0.134,SAAO_KMTS42,KMT(I),KMT
2510825.87651,19.5455,0.1213,SAAO_KMTS42,KMT(I),KMT
2510825.89513,19.8205,0.1151,SAAO_KMTS42,KMT(I),KMT
2510825.90668,20.1393,0.1654,SAAO_KMTS42,KMT(I),KMT
2510825.9183799997,19.9024,0.1452,SAAO_KMTS42,KMT(I),KMT
2510825.9302399997,19.8745,0.136,SAAO_KMTS42,KMT(I),KMT
2510825.94171,19.2186,0.0872,SAAO_KMTS42,KMT(I),KMT
2510825.95369,19.6922,0.1591,SAAO_KMTS42,KMT(I),KMT
2510825.97102,19.3807,0.1252,SAAO_KMTS42,KMT(I),KMT
2510825.98298,19.7415,0.1275,SAAO_KMTS42,KMT(I),KMT
2510825.9947699998,19.3453,0.1054,SAAO_KMTS42,KMT(I),KMT
2510826.01353,19.496,0.1196,SAAO_KMTS42,KMT(I),KMT
2510826.02537,20.0612,0.1824,SAAO_KMTS42,KMT(I),KMT
2510826.03752,20.0862,0.1779,SAAO_KMTS42,KMT(I),KMT
2510826.0520200003,19.3825,0.0924,SAAO_KMTS42,KMT(I),KMT
2510826.0706900004,19.7371,0.1264,SAAO_KMTS42,KMT(I),KMT
2510826.08277,20.0983,0.1919,SAAO_KMTS42,KMT(I),KMT
2510826.09444,19.9884,0.1543,SAAO_KMTS42,KMT(I),KMT
2510826.1065299995,19.7728,0.1563,SAAO_KMTS42,KMT(I),KMT
2510826.1183199994,19.5834,0.1552,SAAO_KMTS42,KMT(I),KMT
2510826.1302000005,19.7762,0.1765,SAAO_KMTS42,KMT(I),KMT
2510826.1487600002,19.2888,0.1123,SAAO_KMTS42,KMT(I),KMT
2510826.1617900003,20.007,0.1971,SAAO_KMTS42,KMT(I),KMT
2510826.17371,19.4395,0.1163,SAAO_KMTS42,KMT(I),KMT
2510826.1863199994,19.4127,0.1376,SAAO_KMTS42,KMT(I),KMT
2510826.83897,19.8362,0.1853,SAAO_KMTS42,KMT(I),KMT
2510826.8529400006,19.9705,0.1907,SAAO_KMTS42,KMT(I),KMT
2510826.86491,19.9351,0.1719,SAAO_KMTS42,KMT(I),KMT
2510826.8839100003,19.6989,0.1129,SAAO_KMTS42,KMT(I),KMT
2510826.8956899997,19.7694,0.1806,SAAO_KMTS42,KMT(I),KMT
2510826.9114999995,19.6049,0.1324,SAAO_KMTS42,KMT(I),KMT
2510826.92347,19.8271,0.1508,SAAO_KMTS42,KMT(I),KMT
2510826.93549,20.1796,0.2813,SAAO_KMTS42,KMT(I),KMT
2510826.9545799997,19.5167,0.2379,SAAO_KMTS42,KMT(I),KMT
2510826.96727,19.8519,0.1103,SAAO_KMTS42,KMT(I),KMT
2510826.9789499994,20.0715,0.1268,SAAO_KMTS42,KMT(I),KMT
2510826.9905200005,19.9861,0.1217,SAAO_KMTS42,KMT(I),KMT
2510827.0023,20.2905,0.1379,SAAO_KMTS42,KMT(I),KMT
2510827.0213600006,19.8072,0.1008,SAAO_KMTS42,KMT(I),KMT
2510827.0333699994,20.083,0.1223,SAAO_KMTS42,KMT(I),KMT
2510827.0450599995,20.0961,0.1504,SAAO_KMTS42,KMT(I),KMT
2510827.05788,20.0459,0.1207,SAAO_KMTS42,KMT(I),KMT
2510827.06991,19.965,0.125,SAAO_KMTS42,KMT(I),KMT
2510827.08916,20.0855,0.1716,SAAO_KMTS42,KMT(I),KMT
2510827.10114,19.8685,0.1484,SAAO_KMTS42,KMT(I),KMT
2510827.1131100003,20.0023,0.1322,SAAO_KMTS42,KMT(I),KMT
2510827.125,19.9378,0.1889,SAAO_KMTS42,KMT(I),KMT
2510827.1404800005,20.1241,0.1912,SAAO_KMTS42,KMT(I),KMT
2510827.1595399994,19.7941,0.1356,SAAO_KMTS42,KMT(I),KMT
2510827.17155,19.8546,0.1607,SAAO_KMTS42,KMT(I),KMT
2510827.842,19.5518,0.1424,SAAO_KMTS42,KMT(I),KMT
2510827.8532599993,20.6629,0.3033,SAAO_KMTS42,KMT(I),KMT
2510827.8649499994,20.3913,0.2386,SAAO_KMTS42,KMT(I),KMT
2510827.86737,20.2786,0.2319,SAAO_KMTS42,KMT(I),KMT
2510827.8865399994,20.2022,0.2181,SAAO_KMTS42,KMT(I),KMT
2510827.8983699996,19.8811,0.1436,SAAO_KMTS42,KMT(I),KMT
2510827.9100599997,20.1865,0.2332,SAAO_KMTS42,KMT(I),KMT
2510827.92189,20.0081,0.1237,SAAO_KMTS42,KMT(I),KMT
2510827.93386,19.766,0.1219,SAAO_KMTS42,KMT(I),KMT
2510827.9530999996,19.9677,0.1192,SAAO_KMTS42,KMT(I),KMT
2510827.9649,19.9977,0.11,SAAO_KMTS42,KMT(I),KMT
2510827.9764399994,19.8105,0.128,SAAO_KMTS42,KMT(I),KMT
2510827.98814,20.0302,0.1027,SAAO_KMTS42,KMT(I),KMT
2510827.9999199994,20.0247,0.141,SAAO_KMTS42,KMT(I),KMT
2510828.01198,20.1497,0.1986,SAAO_KMTS42,KMT(I),KMT
2510828.03187,19.7442,0.0898,SAAO_KMTS42,KMT(I),KMT
2510828.0437000003,19.699,0.0984,SAAO_KMTS42,KMT(I),KMT
2510828.05569,19.9106,0.1334,SAAO_KMTS42,KMT(I),KMT
2510828.06738,19.6901,0.1154,SAAO_KMTS42,KMT(I),KMT
2510828.0793399997,19.8121,0.1137,SAAO_KMTS42,KMT(I),KMT
2510828.0983799994,20.0808,0.176,SAAO_KMTS42,KMT(I),KMT
2510828.1100500003,19.7713,0.1382,SAAO_KMTS42,KMT(I),KMT
2510828.1216899995,19.8533,0.1619,SAAO_KMTS42,KMT(I),KMT
2510828.1337,19.9224,0.1418,SAAO_KMTS42,KMT(I),KMT
2510828.14539,19.8971,0.131,SAAO_KMTS42,KMT(I),KMT
2510828.1670399997,19.7089,0.118,SAAO_KMTS42,KMT(I),KMT
2510828.8383300006,20.0444,0.2339,SAAO_KMTS42,KMT(I),KMT
2510828.8505799994,19.931,0.1712,SAAO_KMTS42,KMT(I),KMT
2510828.8625499997,19.7441,0.1445,SAAO_KMTS42,KMT(I),KMT
2510828.87436,19.7188,0.1446,SAAO_KMTS42,KMT(I),KMT
2510828.89343,19.7692,0.1744,SAAO_KMTS42,KMT(I),KMT
2510828.90524,19.6281,0.1253,SAAO_KMTS42,KMT(I),KMT
2510828.9171699993,19.8191,0.1336,SAAO_KMTS42,KMT(I),KMT
2510828.9292399995,19.4487,0.1294,SAAO_KMTS42,KMT(I),KMT
2510828.94116,19.8597,0.1731,SAAO_KMTS42,KMT(I),KMT
2510828.9603400007,19.4538,0.0881,SAAO_KMTS42,KMT(I),KMT
2510828.9720099997,19.61,0.1107,SAAO_KMTS42,KMT(I),KMT
2510828.9838699996,20.2587,0.1799,SAAO_KMTS42,KMT(I),KMT
2510828.99813,19.9121,0.1501,SAAO_KMTS42,KMT(I),KMT
2510829.0139300004,20.0844,0.1516,SAAO_KMTS42,KMT(I),KMT
2510829.03311,19.8035,0.1635,SAAO_KMTS42,KMT(I),KMT
2510829.0451999996,19.1852,0.1142,SAAO_KMTS42,KMT(I),KMT
2510829.0571999997,19.3735,0.1057,SAAO_KMTS42,KMT(I),KMT
2510829.0694200005,19.8573,0.1979,SAAO_KMTS42,KMT(I),KMT
2510829.08127,20.1061,0.2009,SAAO_KMTS42,KMT(I),KMT
2510829.10068,19.9059,0.1649,SAAO_KMTS42,KMT(I),KMT
2510829.11491,19.5046,0.1169,SAAO_KMTS42,KMT(I),KMT
2510829.12662,19.4747,0.1303,SAAO_KMTS42,KMT(I),KMT
2510829.13861,19.8512,0.1727,SAAO_KMTS42,KMT(I),KMT
2510829.15754,18.7433,0.0875,SAAO_KMTS42,KMT(I),KMT
2510829.83471,15.5453,0.3227,SAAO_KMTS42,KMT(I),KMT
2510829.85386,20.1733,0.7276,SAAO_KMTS42,KMT(I),KMT
2510829.86551,19.6788,0.1951,SAAO_KMTS42,KMT(I),KMT
2510829.87754,20.1579,0.2465,SAAO_KMTS42,KMT(I),KMT
2510830.83782,19.8786,0.2531,SAAO_KMTS42,KMT(I),KMT
2510830.8496899996,19.4918,0.1407,SAAO_KMTS42,KMT(I),KMT
2510830.86139,19.126,0.1171,SAAO_KMTS42,KMT(I),KMT
2510830.8730800003,20.0406,0.192,SAAO_KMTS42,KMT(I),KMT
2510830.89226,20.3648,0.2572,SAAO_KMTS42,KMT(I),KMT
2510830.90422,20.3065,0.2159,SAAO_KMTS42,KMT(I),KMT
2510830.91708,19.9337,0.1468,SAAO_KMTS42,KMT(I),KMT
2510830.9285700005,19.9095,0.1294,SAAO_KMTS42,KMT(I),KMT
2510830.94022,19.9299,0.1242,SAAO_KMTS42,KMT(I),KMT
2510830.9622600004,20.1043,0.169,SAAO_KMTS42,KMT(I),KMT
2510830.9740699995,20.0085,0.1378,SAAO_KMTS42,KMT(I),KMT
2510830.9862,19.6909,0.1105,SAAO_KMTS42,KMT(I),KMT
2510830.9981500003,19.9584,0.1277,SAAO_KMTS42,KMT(I),KMT
2510831.01009,19.8509,0.1282,SAAO_KMTS42,KMT(I),KMT
2510831.03108,19.3399,0.138,SAAO_KMTS42,KMT(I),KMT
2510831.0428800005,19.7832,0.1399,SAAO_KMTS42,KMT(I),KMT
2510831.1113799997,20.4575,0.3015,SAAO_KMTS42,KMT(I),KMT
2510831.12739,19.7269,0.1712,SAAO_KMTS42,KMT(I),KMT
2510831.15446,19.8022,0.1956,SAAO_KMTS42,KMT(I),KMT
2510831.8437200002,19.7528,0.1493,SAAO_KMTS42,KMT(I),KMT
2510831.8553299997,20.0847,0.1754,SAAO_KMTS42,KMT(I),KMT
2510831.86689,20.2875,0.2075,SAAO_KMTS42,KMT(I),KMT
2510831.8787600007,19.9317,0.1495,SAAO_KMTS42,KMT(I),KMT
2510831.89061,20.0098,0.1263,SAAO_KMTS42,KMT(I),KMT
2510831.9096300006,20.1492,0.1523,SAAO_KMTS42,KMT(I),KMT
2510831.92148,19.9742,0.1253,SAAO_KMTS42,KMT(I),KMT
2510831.93542,19.9663,0.1276,SAAO_KMTS42,KMT(I),KMT
2510831.9472199995,20.053,0.1413,SAAO_KMTS42,KMT(I),KMT
2510831.9593199994,20.0921,0.1441,SAAO_KMTS42,KMT(I),KMT
2510831.97831,20.0803,0.1285,SAAO_KMTS42,KMT(I),KMT
2510831.9902800005,20.2955,0.1778,SAAO_KMTS42,KMT(I),KMT
2510832.0019499995,19.915,0.1216,SAAO_KMTS42,KMT(I),KMT
2510832.01391,20.0117,0.117,SAAO_KMTS42,KMT(I),KMT
2510832.0264999997,20.095,0.1368,SAAO_KMTS42,KMT(I),KMT
2510832.0458000004,19.8903,0.1593,SAAO_KMTS42,KMT(I),KMT
2510832.05772,20.0253,0.1486,SAAO_KMTS42,KMT(I),KMT
2510832.06972,19.7428,0.1297,SAAO_KMTS42,KMT(I),KMT
2510832.08146,20.096,0.264,SAAO_KMTS42,KMT(I),KMT
2510832.0933100004,19.7155,0.1275,SAAO_KMTS42,KMT(I),KMT
2510832.11233,19.6846,0.1292,SAAO_KMTS42,KMT(I),KMT
2510832.1239,19.6148,0.121,SAAO_KMTS42,KMT(I),KMT
2510832.1357199997,20.1148,0.2309,SAAO_KMTS42,KMT(I),KMT
2510832.1477000006,20.0137,0.212,SAAO_KMTS42,KMT(I),KMT
2510832.15941,20.2743,0.2673,SAAO_KMTS42,KMT(I),KMT
2510832.17315,19.4247,0.1237,SAAO_KMTS42,KMT(I),KMT
2510832.8496199995,19.8475,0.1768,SAAO_KMTS42,KMT(I),KMT
2510832.8734300006,19.21,0.1102,SAAO_KMTS42,KMT(I),KMT
2510832.8857700005,20.2975,0.5754,SAAO_KMTS42,KMT(I),KMT
2510832.9286400005,20.1547,0.1566,SAAO_KMTS42,KMT(I),KMT
2510832.94054,19.8835,0.1241,SAAO_KMTS42,KMT(I),KMT
2510832.9524799995,20.0285,0.1631,SAAO_KMTS42,KMT(I),KMT
2510832.96701,19.9415,0.1152,SAAO_KMTS42,KMT(I),KMT
2510832.9786900003,19.9,0.1172,SAAO_KMTS42,KMT(I),KMT
2510832.9976000004,20.0799,0.1697,SAAO_KMTS42,KMT(I),KMT
2510833.00959,20.2902,0.2362,SAAO_KMTS42,KMT(I),KMT
2510833.02336,20.2282,0.2112,SAAO_KMTS42,KMT(I),KMT
2510833.03503,19.9671,0.2131,SAAO_KMTS42,KMT(I),KMT
2510833.0468499996,20.1397,0.1995,SAAO_KMTS42,KMT(I),KMT
2510833.0588000007,20.1319,0.2188,SAAO_KMTS42,KMT(I),KMT
2510836.8330300003,19.5397,0.4893,SAAO_KMTS42,KMT(I),KMT
2510836.8450099993,19.5825,0.3015,SAAO_KMTS42,KMT(I),KMT
2510836.86855,19.4612,0.3228,SAAO_KMTS42,KMT(I),KMT
2510836.88029,20.0884,0.6899,SAAO_KMTS42,KMT(I),KMT
2510836.91103,19.689,0.6041,SAAO_KMTS42,KMT(I),KMT
2510836.9230000004,19.7224,0.4349,SAAO_KMTS42,KMT(I),KMT
2510836.93473,20.3898,0.8231,SAAO_KMTS42,KMT(I),KMT
2510836.9467399996,19.3887,0.2307,SAAO_KMTS42,KMT(I),KMT
2510836.9659599997,20.8595,2.6293,SAAO_KMTS42,KMT(I),KMT
2510837.0019000005,19.949,0.6233,SAAO_KMTS42,KMT(I),KMT
2510837.03302,20.6877,2.4524,SAAO_KMTS42,KMT(I),KMT
2510837.0445799995,20.4001,2.6141,SAAO_KMTS42,KMT(I),KMT
2510837.0572999995,20.1096,0.831,SAAO_KMTS42,KMT(I),KMT
2510837.0703,19.8345,0.5718,SAAO_KMTS42,KMT(I),KMT
2510837.0821700003,19.7873,0.7301,SAAO_KMTS42,KMT(I),KMT
2510837.1289600004,18.9479,0.4713,SAAO_KMTS42,KMT(I),KMT
2510837.1566400006,17.1221,0.1578,SAAO_KMTS42,KMT(I),KMT
2510838.79466,19.7211,0.6938,SAAO_KMTS42,KMT(I),KMT
2510838.8071599994,20.0256,1.6084,SAAO_KMTS42,KMT(I),KMT
2510838.8276899997,20.3928,1.3288,SAAO_KMTS42,KMT(I),KMT
2510838.8395300005,19.7129,0.5781,SAAO_KMTS42,KMT(I),KMT
2510838.85135,20.3005,0.9854,SAAO_KMTS42,KMT(I),KMT
2510838.8629800007,20.5099,1.2171,SAAO_KMTS42,KMT(I),KMT
2510838.8746499997,19.6555,0.3809,SAAO_KMTS42,KMT(I),KMT
2510838.89362,20.0069,0.8632,SAAO_KMTS42,KMT(I),KMT
2510838.9056400005,19.4124,0.2944,SAAO_KMTS42,KMT(I),KMT
2510838.91749,20.5829,1.155,SAAO_KMTS42,KMT(I),KMT
2510838.9293,19.9592,0.6565,SAAO_KMTS42,KMT(I),KMT
2510838.94111,20.0242,0.8203,SAAO_KMTS42,KMT(I),KMT
2510838.96031,19.163,0.3101,SAAO_KMTS42,KMT(I),KMT
2510838.9721799996,19.9546,0.652,SAAO_KMTS42,KMT(I),KMT
2510838.97829,20.6946,2.0716,SAAO_KMTS42,KMT(I),KMT
2510838.9904299993,19.1947,0.2843,SAAO_KMTS42,KMT(I),KMT
2510839.00189,19.7891,0.4173,SAAO_KMTS42,KMT(I),KMT
2510839.0138,19.5147,0.267,SAAO_KMTS42,KMT(I),KMT
2510839.0256900005,19.5425,0.3507,SAAO_KMTS42,KMT(I),KMT
2510839.0446799994,19.6367,0.3063,SAAO_KMTS42,KMT(I),KMT
2510839.0563699994,19.7483,0.5118,SAAO_KMTS42,KMT(I),KMT
2510839.0682299994,19.9954,0.501,SAAO_KMTS42,KMT(I),KMT
2510839.0797700007,19.5933,0.3908,SAAO_KMTS42,KMT(I),KMT
2510839.0914900005,19.2352,0.2731,SAAO_KMTS42,KMT(I),KMT
2510839.11056,19.3287,0.3063,SAAO_KMTS42,KMT(I),KMT
2510839.1222099997,19.875,0.5258,SAAO_KMTS42,KMT(I),KMT
2510839.13408,19.0924,0.1926,SAAO_KMTS42,KMT(I),KMT
2510839.78986,19.7498,0.2012,SAAO_KMTS42,KMT(I),KMT
2510839.8017500006,19.832,0.2424,SAAO_KMTS42,KMT(I),KMT
2510839.81362,19.308,0.1572,SAAO_KMTS42,KMT(I),KMT
2510839.8253300004,20.6107,0.5387,SAAO_KMTS42,KMT(I),KMT
2510839.8448399995,19.9875,0.2034,SAAO_KMTS42,KMT(I),KMT
2510839.85671,19.869,0.1886,SAAO_KMTS42,KMT(I),KMT
2510839.8685,19.8493,0.1878,SAAO_KMTS42,KMT(I),KMT
2510839.8817999996,20.0148,0.2194,SAAO_KMTS42,KMT(I),KMT
2510839.8936800007,19.7733,0.2021,SAAO_KMTS42,KMT(I),KMT
2510839.91287,19.8139,0.1594,SAAO_KMTS42,KMT(I),KMT
2510839.9248200003,19.8221,0.1853,SAAO_KMTS42,KMT(I),KMT
2510839.9366999995,20.0594,0.1873,SAAO_KMTS42,KMT(I),KMT
2510839.9483700003,20.2323,0.219,SAAO_KMTS42,KMT(I),KMT
2510839.9621,19.9562,0.1778,SAAO_KMTS42,KMT(I),KMT
2510839.98156,20.1212,0.227,SAAO_KMTS42,KMT(I),KMT
2510839.9931199998,20.0198,0.2438,SAAO_KMTS42,KMT(I),KMT
2510840.00492,20.0805,0.243,SAAO_KMTS42,KMT(I),KMT
2510840.01688,20.1162,0.195,SAAO_KMTS42,KMT(I),KMT
2510840.0286999997,19.9719,0.1582,SAAO_KMTS42,KMT(I),KMT
2510840.0480700005,20.011,0.2342,SAAO_KMTS42,KMT(I),KMT
2510840.0599300005,20.2238,0.2236,SAAO_KMTS42,KMT(I),KMT
2510840.0718,20.1481,0.2222,SAAO_KMTS42,KMT(I),KMT
2510840.08428,20.0564,0.2222,SAAO_KMTS42,KMT(I),KMT
2510840.09695,20.4858,0.3375,SAAO_KMTS42,KMT(I),KMT
2510840.1162599996,19.7264,0.1859,SAAO_KMTS42,KMT(I),KMT
2510840.13153,20.0229,0.2626,SAAO_KMTS42,KMT(I),KMT
2510840.79459,19.8383,0.1788,SAAO_KMTS42,KMT(I),KMT
2510840.80648,19.731,0.1814,SAAO_KMTS42,KMT(I),KMT
2510840.8182699997,19.9079,0.1999,SAAO_KMTS42,KMT(I),KMT
2510840.83069,19.9105,0.1957,SAAO_KMTS42,KMT(I),KMT
2510840.8423500005,20.1764,0.2536,SAAO_KMTS42,KMT(I),KMT
2510840.8612399995,19.8892,0.1433,SAAO_KMTS42,KMT(I),KMT
2510840.8731999993,20.0643,0.1528,SAAO_KMTS42,KMT(I),KMT
2510840.8850299995,20.2965,0.2077,SAAO_KMTS42,KMT(I),KMT
2510840.8965,19.7345,0.1133,SAAO_KMTS42,KMT(I),KMT
2510840.90847,20.0307,0.1739,SAAO_KMTS42,KMT(I),KMT
2510840.9204399996,19.9785,0.1779,SAAO_KMTS42,KMT(I),KMT
2510840.9396199994,19.9819,0.1619,SAAO_KMTS42,KMT(I),KMT
2510840.95144,19.8376,0.1381,SAAO_KMTS42,KMT(I),KMT
2510840.9632600006,20.0001,0.1475,SAAO_KMTS42,KMT(I),KMT
2510840.97525,20.1385,0.1832,SAAO_KMTS42,KMT(I),KMT
2510840.98737,20.1154,0.1837,SAAO_KMTS42,KMT(I),KMT
2510841.0067800004,20.1214,0.1827,SAAO_KMTS42,KMT(I),KMT
2510841.0187999997,19.8886,0.1736,SAAO_KMTS42,KMT(I),KMT
2510841.0307,20.1218,0.1887,SAAO_KMTS42,KMT(I),KMT
2510841.0425499994,19.5214,0.1225,SAAO_KMTS42,KMT(I),KMT
2510841.05451,19.8239,0.1754,SAAO_KMTS42,KMT(I),KMT
2510841.0789100006,19.51,0.1596,SAAO_KMTS42,KMT(I),KMT
2510841.0975199994,19.5172,0.1916,SAAO_KMTS42,KMT(I),KMT
2510841.10934,19.8009,0.3283,SAAO_KMTS42,KMT(I),KMT
2510841.12424,19.5377,0.3571,SAAO_KMTS42,KMT(I),KMT
2510841.78594,19.6993,0.1985,SAAO_KMTS42,KMT(I),KMT
2510841.79777,19.5503,0.1256,SAAO_KMTS42,KMT(I),KMT
2510841.8093999997,19.5829,0.1262,SAAO_KMTS42,KMT(I),KMT
2510841.82823,19.228,0.0955,SAAO_KMTS42,KMT(I),KMT
2510841.84036,19.8734,0.2081,SAAO_KMTS42,KMT(I),KMT
2510841.8526799995,19.6988,0.1494,SAAO_KMTS42,KMT(I),KMT
2510841.86482,19.5047,0.1368,SAAO_KMTS42,KMT(I),KMT
2510841.87677,19.7525,0.1484,SAAO_KMTS42,KMT(I),KMT
2510841.8963900004,19.573,0.1757,SAAO_KMTS42,KMT(I),KMT
2510841.9082200006,19.4081,0.1036,SAAO_KMTS42,KMT(I),KMT
2510841.9200599995,19.5276,0.1363,SAAO_KMTS42,KMT(I),KMT
2510841.9348,19.3223,0.1172,SAAO_KMTS42,KMT(I),KMT
2510841.94654,20.0861,0.1672,SAAO_KMTS42,KMT(I),KMT
2510841.9656000007,19.5849,0.121,SAAO_KMTS42,KMT(I),KMT
2510841.9776600003,19.7752,0.1357,SAAO_KMTS42,KMT(I),KMT
2510841.9905900005,19.7324,0.133,SAAO_KMTS42,KMT(I),KMT
2510842.00208,19.9314,0.1548,SAAO_KMTS42,KMT(I),KMT
2510842.0137600005,20.0467,0.1936,SAAO_KMTS42,KMT(I),KMT
2510842.0325300004,19.2698,0.1086,SAAO_KMTS42,KMT(I),KMT
2510842.04426,20.0176,0.1914,SAAO_KMTS42,KMT(I),KMT
2510842.05597,20.3576,0.3586,SAAO_KMTS42,KMT(I),KMT
2510842.0674399994,19.9086,0.2169,SAAO_KMTS42,KMT(I),KMT
2510842.07895,19.4321,0.1549,SAAO_KMTS42,KMT(I),KMT
2510842.09753,19.3096,0.1714,SAAO_KMTS42,KMT(I),KMT
2510842.10955,19.4606,0.2139,SAAO_KMTS42,KMT(I),KMT
2510842.1262299996,20.2055,0.6274,SAAO_KMTS42,KMT(I),KMT
2510842.7865699995,19.5687,0.1703,SAAO_KMTS42,KMT(I),KMT
2510842.7984100003,19.5164,0.1263,SAAO_KMTS42,KMT(I),KMT
2510842.81042,20.169,0.2861,SAAO_KMTS42,KMT(I),KMT
2510842.8223400004,19.9436,0.2462,SAAO_KMTS42,KMT(I),KMT
2510842.8417499997,20.0003,0.1444,SAAO_KMTS42,KMT(I),KMT
2510842.85372,19.9111,0.12,SAAO_KMTS42,KMT(I),KMT
2510842.8658600003,19.9127,0.1111,SAAO_KMTS42,KMT(I),KMT
2510842.8778799996,19.7688,0.0989,SAAO_KMTS42,KMT(I),KMT
2510842.88997,20.0581,0.1341,SAAO_KMTS42,KMT(I),KMT
2510842.90176,19.8875,0.1436,SAAO_KMTS42,KMT(I),KMT
2510842.921,19.7607,0.1013,SAAO_KMTS42,KMT(I),KMT
2510842.9331400003,20.0228,0.1415,SAAO_KMTS42,KMT(I),KMT
2510842.94518,20.0539,0.1471,SAAO_KMTS42,KMT(I),KMT
2510842.9579799995,19.8022,0.1105,SAAO_KMTS42,KMT(I),KMT
2510842.96999,19.8507,0.1353,SAAO_KMTS42,KMT(I),KMT
2510842.99476,20.0956,0.1664,SAAO_KMTS42,KMT(I),KMT
2510843.0069200005,20.5541,0.2543,SAAO_KMTS42,KMT(I),KMT
2510843.0248,20.2074,0.1656,SAAO_KMTS42,KMT(I),KMT
2510843.03685,20.1264,0.1656,SAAO_KMTS42,KMT(I),KMT
2510843.0488,20.255,0.197,SAAO_KMTS42,KMT(I),KMT
2510843.06788,19.9165,0.1401,SAAO_KMTS42,KMT(I),KMT
2510843.07964,19.8325,0.1575,SAAO_KMTS42,KMT(I),KMT
2510845.77623,19.7066,0.2033,SAAO_KMTS42,KMT(I),KMT
2510845.78792,19.5872,0.2018,SAAO_KMTS42,KMT(I),KMT
2510845.7992599998,19.239,0.1137,SAAO_KMTS42,KMT(I),KMT
2510845.81109,19.2442,0.1262,SAAO_KMTS42,KMT(I),KMT
2510847.7704300005,19.9245,0.2717,SAAO_KMTS42,KMT(I),KMT
2510847.7822699994,19.1704,0.1131,SAAO_KMTS42,KMT(I),KMT
2510847.7967499997,19.6267,0.1623,SAAO_KMTS42,KMT(I),KMT
2510847.8084900007,19.6133,0.127,SAAO_KMTS42,KMT(I),KMT
2510847.82048,20.0703,0.2251,SAAO_KMTS42,KMT(I),KMT
2510847.83968,19.735,0.1593,SAAO_KMTS42,KMT(I),KMT
2510847.8514799997,19.7317,0.1579,SAAO_KMTS42,KMT(I),KMT
2510847.8630800005,20.1455,0.1649,SAAO_KMTS42,KMT(I),KMT
2510847.87479,20.0638,0.1655,SAAO_KMTS42,KMT(I),KMT
2510847.8864900004,20.4148,0.2286,SAAO_KMTS42,KMT(I),KMT
2510847.9058999997,20.1518,0.1879,SAAO_KMTS42,KMT(I),KMT
2510847.91777,19.9186,0.1406,SAAO_KMTS42,KMT(I),KMT
2510847.9296199996,19.6739,0.1526,SAAO_KMTS42,KMT(I),KMT
2510847.94154,19.5928,0.1438,SAAO_KMTS42,KMT(I),KMT
2510847.9531200007,19.7812,0.1632,SAAO_KMTS42,KMT(I),KMT
2510847.9721099995,19.8672,0.134,SAAO_KMTS42,KMT(I),KMT
2510847.9839399997,19.6225,0.1353,SAAO_KMTS42,KMT(I),KMT
2510847.99457,19.9011,0.1439,SAAO_KMTS42,KMT(I),KMT
2510848.0104600005,20.0256,0.1446,SAAO_KMTS42,KMT(I),KMT
2510848.0221999995,19.7283,0.136,SAAO_KMTS42,KMT(I),KMT
2510848.0340400003,20.3299,0.2885,SAAO_KMTS42,KMT(I),KMT
2510848.05334,19.6184,0.1729,SAAO_KMTS42,KMT(I),KMT
2510848.0673200004,19.6628,0.1515,SAAO_KMTS42,KMT(I),KMT
2510848.0791999996,19.8334,0.1943,SAAO_KMTS42,KMT(I),KMT
2510848.0909199994,20.0569,0.2451,SAAO_KMTS42,KMT(I),KMT
2510848.1095700003,19.5231,0.1466,SAAO_KMTS42,KMT(I),KMT
2510848.7714099996,20.2393,0.2183,SAAO_KMTS42,KMT(I),KMT
2510848.79041,20.0502,0.2369,SAAO_KMTS42,KMT(I),KMT
2510848.8068499994,19.5381,0.0992,SAAO_KMTS42,KMT(I),KMT
2510848.8187499996,19.6442,0.1186,SAAO_KMTS42,KMT(I),KMT
2510848.8304500002,19.4798,0.1054,SAAO_KMTS42,KMT(I),KMT
2510848.8421400003,19.8887,0.119,SAAO_KMTS42,KMT(I),KMT
2510848.8614499997,19.9408,0.1222,SAAO_KMTS42,KMT(I),KMT
2510848.87393,20.2012,0.209,SAAO_KMTS42,KMT(I),KMT
2510848.88586,19.9429,0.1202,SAAO_KMTS42,KMT(I),KMT
2510848.8977499995,20.1453,0.1667,SAAO_KMTS42,KMT(I),KMT
2510849.8148800004,19.6442,0.1636,SAAO_KMTS42,KMT(I),KMT
2510849.82668,20.0148,0.1601,SAAO_KMTS42,KMT(I),KMT
2510849.8453899994,19.8587,0.1299,SAAO_KMTS42,KMT(I),KMT
2510849.85723,20.025,0.1456,SAAO_KMTS42,KMT(I),KMT
2510849.86917,19.8927,0.094,SAAO_KMTS42,KMT(I),KMT
2510849.88093,20.2237,0.1197,SAAO_KMTS42,KMT(I),KMT
2510849.8927800003,19.8588,0.1447,SAAO_KMTS42,KMT(I),KMT
2510849.9149900004,20.0229,0.1188,SAAO_KMTS42,KMT(I),KMT
2510849.9269900005,20.1465,0.1359,SAAO_KMTS42,KMT(I),KMT
2510849.93886,20.1214,0.1659,SAAO_KMTS42,KMT(I),KMT
2510849.9517100006,19.949,0.1356,SAAO_KMTS42,KMT(I),KMT
2510849.9674900007,19.8694,0.1442,SAAO_KMTS42,KMT(I),KMT
2510849.98671,20.0251,0.1771,SAAO_KMTS42,KMT(I),KMT
2510849.99868,19.7247,0.1321,SAAO_KMTS42,KMT(I),KMT
2510850.01076,20.1025,0.147,SAAO_KMTS42,KMT(I),KMT
2510850.02262,19.9436,0.1459,SAAO_KMTS42,KMT(I),KMT
2510850.03675,19.0687,0.0935,SAAO_KMTS42,KMT(I),KMT
2510850.0558,19.5999,0.1495,SAAO_KMTS42,KMT(I),KMT
2510850.0674600005,19.0262,0.126,SAAO_KMTS42,KMT(I),KMT
2510850.75988,19.7695,0.1684,SAAO_KMTS42,KMT(I),KMT
2510850.77259,19.6344,0.1638,SAAO_KMTS42,KMT(I),KMT
2510850.7843500003,18.4119,0.6332,SAAO_KMTS42,KMT(I),KMT
2510850.80351,19.682,0.2025,SAAO_KMTS42,KMT(I),KMT
2510850.81549,20.0112,0.1743,SAAO_KMTS42,KMT(I),KMT
2510850.8273600005,19.5235,0.3227,SAAO_KMTS42,KMT(I),KMT
2510850.83901,19.5706,0.2312,SAAO_KMTS42,KMT(I),KMT
2510850.85295,20.7561,0.753,SAAO_KMTS42,KMT(I),KMT
2510850.8647600003,20.4501,0.2498,SAAO_KMTS42,KMT(I),KMT
2510850.8840699997,19.8618,0.1102,SAAO_KMTS42,KMT(I),KMT
2510850.8974,19.8634,0.5501,SAAO_KMTS42,KMT(I),KMT
2510850.92191,19.9978,0.154,SAAO_KMTS42,KMT(I),KMT
2510850.93387,19.746,0.1085,SAAO_KMTS42,KMT(I),KMT
2510850.9531500004,19.8275,0.2463,SAAO_KMTS42,KMT(I),KMT
2510851.01643,20.2566,0.2448,SAAO_KMTS42,KMT(I),KMT
2510851.02836,19.6769,0.1064,SAAO_KMTS42,KMT(I),KMT
2510851.04163,20.1111,0.208,SAAO_KMTS42,KMT(I),KMT
2510851.06119,19.8815,0.171,SAAO_KMTS42,KMT(I),KMT
2510851.0735599995,19.8864,0.1625,SAAO_KMTS42,KMT(I),KMT
2510851.08627,19.6161,0.1382,SAAO_KMTS42,KMT(I),KMT
2510851.0976299997,19.7958,0.2115,SAAO_KMTS42,KMT(I),KMT
2510854.94673,19.8362,0.1238,SAAO_KMTS42,KMT(I),KMT
2510854.95837,19.6231,0.1244,SAAO_KMTS42,KMT(I),KMT
2510854.97004,20.0744,0.1797,SAAO_KMTS42,KMT(I),KMT
2510854.9891999997,20.1571,0.1705,SAAO_KMTS42,KMT(I),KMT
2510855.0012299996,19.6572,0.1539,SAAO_KMTS42,KMT(I),KMT
2510855.05746,20.2968,0.2071,SAAO_KMTS42,KMT(I),KMT
2510855.06924,19.5483,0.1168,SAAO_KMTS42,KMT(I),KMT
2510855.0807099994,20.4992,0.3996,SAAO_KMTS42,KMT(I),KMT
2510855.0996199995,19.7938,0.1576,SAAO_KMTS42,KMT(I),KMT
2510855.11159,21.5479,1.7341,SAAO_KMTS42,KMT(I),KMT
2510855.7568699997,20.558,0.3457,SAAO_KMTS42,KMT(I),KMT
2510855.77047,19.8823,0.1518,SAAO_KMTS42,KMT(I),KMT
2510855.78517,20.0075,0.1606,SAAO_KMTS42,KMT(I),KMT
2510855.80418,20.127,0.194,SAAO_KMTS42,KMT(I),KMT
2510855.8159,20.3699,0.1779,SAAO_KMTS42,KMT(I),KMT
2510855.82773,20.2346,0.1702,SAAO_KMTS42,KMT(I),KMT
2510855.8393900003,19.9189,0.1386,SAAO_KMTS42,KMT(I),KMT
2510855.85126,19.8699,0.1111,SAAO_KMTS42,KMT(I),KMT
2510855.8704400007,19.7438,0.0881,SAAO_KMTS42,KMT(I),KMT
2510855.8821,19.9473,0.1062,SAAO_KMTS42,KMT(I),KMT
2510855.8938999996,20.1081,0.1417,SAAO_KMTS42,KMT(I),KMT
2510855.9052099995,19.9668,0.1321,SAAO_KMTS42,KMT(I),KMT
2510855.91663,19.7976,0.0963,SAAO_KMTS42,KMT(I),KMT
2510855.9356200006,20.1899,0.1994,SAAO_KMTS42,KMT(I),KMT
2510855.94759,19.7547,0.0929,SAAO_KMTS42,KMT(I),KMT
2510855.9723499995,20.0205,0.1432,SAAO_KMTS42,KMT(I),KMT
2510855.98403,19.9075,0.1358,SAAO_KMTS42,KMT(I),KMT
2510855.99575,20.1129,0.1696,SAAO_KMTS42,KMT(I),KMT
2510856.01446,19.9542,0.1799,SAAO_KMTS42,KMT(I),KMT
2510856.0262,20.1705,0.2225,SAAO_KMTS42,KMT(I),KMT
2510856.03804,19.6506,0.1194,SAAO_KMTS42,KMT(I),KMT
2510856.05767,19.9365,0.1858,SAAO_KMTS42,KMT(I),KMT
2510856.0694900006,19.7324,0.1781,SAAO_KMTS42,KMT(I),KMT
2510856.0887,19.8734,0.1772,SAAO_KMTS42,KMT(I),KMT
2510856.1005499996,20.0151,0.1896,SAAO_KMTS42,KMT(I),KMT
2510856.74809,19.6499,0.1407,SAAO_KMTS42,KMT(I),KMT
2510856.7600599993,19.532,0.1516,SAAO_KMTS42,KMT(I),KMT
2510856.7719800007,19.6763,0.165,SAAO_KMTS42,KMT(I),KMT
2510856.7910200004,19.8772,0.132,SAAO_KMTS42,KMT(I),KMT
2510856.8027800005,19.8315,0.1772,SAAO_KMTS42,KMT(I),KMT
2510856.81563,20.1449,0.1973,SAAO_KMTS42,KMT(I),KMT
2510856.8272399995,19.7095,0.1114,SAAO_KMTS42,KMT(I),KMT
2510856.8389100004,19.8256,0.1662,SAAO_KMTS42,KMT(I),KMT
2510856.8579600006,19.7661,0.1222,SAAO_KMTS42,KMT(I),KMT
2510856.8694,19.8076,0.1138,SAAO_KMTS42,KMT(I),KMT
2510856.8812000006,20.2405,0.23,SAAO_KMTS42,KMT(I),KMT
2510856.8931600004,19.7354,0.0914,SAAO_KMTS42,KMT(I),KMT
2510856.9051,19.5349,0.0969,SAAO_KMTS42,KMT(I),KMT
2510856.92416,19.6015,0.1245,SAAO_KMTS42,KMT(I),KMT
2510856.93671,19.7484,0.1309,SAAO_KMTS42,KMT(I),KMT
2510856.97281,19.8891,0.3138,SAAO_KMTS42,KMT(I),KMT
2510856.9846199993,19.1856,0.7386,SAAO_KMTS42,KMT(I),KMT
2510857.0014900006,19.4997,0.0938,SAAO_KMTS42,KMT(I),KMT
2510857.0206700005,19.9055,0.1511,SAAO_KMTS42,KMT(I),KMT
2510857.0321500003,20.1518,0.2474,SAAO_KMTS42,KMT(I),KMT
2510857.04373,19.8719,0.1714,SAAO_KMTS42,KMT(I),KMT
2510857.0556700006,19.4611,0.1432,SAAO_KMTS42,KMT(I),KMT
2510857.0673900004,19.6725,0.1554,SAAO_KMTS42,KMT(I),KMT
2510857.0864199996,19.4895,0.172,SAAO_KMTS42,KMT(I),KMT
2510857.09824,19.3379,0.1304,SAAO_KMTS42,KMT(I),KMT
2510857.1099200007,19.4839,0.1818,SAAO_KMTS42,KMT(I),KMT
2510857.75021,18.6885,0.2118,SAAO_KMTS42,KMT(I),KMT
2510857.79423,17.2776,3.0139,SAAO_KMTS42,KMT(I),KMT
2510857.80568,19.2757,0.4344,SAAO_KMTS42,KMT(I),KMT
2510857.82924,19.7696,0.1089,SAAO_KMTS42,KMT(I),KMT
2510857.84232,19.9899,0.1368,SAAO_KMTS42,KMT(I),KMT
2510857.8538700007,19.8314,0.1706,SAAO_KMTS42,KMT(I),KMT
2510857.87275,19.9416,0.2328,SAAO_KMTS42,KMT(I),KMT
2510857.8843099996,19.7269,0.1107,SAAO_KMTS42,KMT(I),KMT
2510857.89623,20.0914,0.1529,SAAO_KMTS42,KMT(I),KMT
2510857.90819,20.2362,0.5615,SAAO_KMTS42,KMT(I),KMT
2510857.9221,19.5237,0.1465,SAAO_KMTS42,KMT(I),KMT
2510857.9425,19.0891,0.205,SAAO_KMTS42,KMT(I),KMT
2510857.95572,19.3125,0.1981,SAAO_KMTS42,KMT(I),KMT
2510857.9667099994,19.746,0.1353,SAAO_KMTS42,KMT(I),KMT
2510857.97831,19.5342,0.0991,SAAO_KMTS42,KMT(I),KMT
2510857.9906200003,19.2171,0.1712,SAAO_KMTS42,KMT(I),KMT
2510858.0115,19.8486,0.1826,SAAO_KMTS42,KMT(I),KMT
2510858.0231,20.0076,0.1328,SAAO_KMTS42,KMT(I),KMT
2510858.03479,19.7188,0.1069,SAAO_KMTS42,KMT(I),KMT
2510858.04684,20.2189,0.2341,SAAO_KMTS42,KMT(I),KMT
2510858.05851,19.7994,0.1426,SAAO_KMTS42,KMT(I),KMT
2510858.0774600003,20.4763,0.2934,SAAO_KMTS42,KMT(I),KMT
2510858.0889299996,19.7738,0.1473,SAAO_KMTS42,KMT(I),KMT
2510858.10052,20.5321,0.4851,SAAO_KMTS42,KMT(I),KMT
2510858.76255,19.5012,0.125,SAAO_KMTS42,KMT(I),KMT
2510858.7741,19.8526,0.1808,SAAO_KMTS42,KMT(I),KMT
2510858.80509,19.387,0.9192,SAAO_KMTS42,KMT(I),KMT
2510858.81675,19.5879,0.1386,SAAO_KMTS42,KMT(I),KMT
2510858.8399100006,20.6282,0.475,SAAO_KMTS42,KMT(I),KMT
2510858.86116,20.0534,0.2502,SAAO_KMTS42,KMT(I),KMT
2510858.8729999997,20.0052,0.1278,SAAO_KMTS42,KMT(I),KMT
2510858.88499,20.0965,0.1967,SAAO_KMTS42,KMT(I),KMT
2510858.8966799993,20.1109,0.1337,SAAO_KMTS42,KMT(I),KMT
2510858.9086499996,20.3558,0.1568,SAAO_KMTS42,KMT(I),KMT
2510858.94886,19.976,0.1497,SAAO_KMTS42,KMT(I),KMT
2510858.9609399997,20.3547,0.5167,SAAO_KMTS42,KMT(I),KMT
2510858.97289,19.8703,0.1092,SAAO_KMTS42,KMT(I),KMT
2510858.98491,20.121,0.1304,SAAO_KMTS42,KMT(I),KMT
2510858.9967100006,20.0836,0.1379,SAAO_KMTS42,KMT(I),KMT
2510859.0158399995,19.8822,0.1188,SAAO_KMTS42,KMT(I),KMT
2510859.0277999993,19.7986,0.1647,SAAO_KMTS42,KMT(I),KMT
2510859.0396500006,20.5116,0.7175,SAAO_KMTS42,KMT(I),KMT
2510859.0512300003,19.867,0.8926,SAAO_KMTS42,KMT(I),KMT
2510859.06288,19.3277,0.2859,SAAO_KMTS42,KMT(I),KMT
2510859.0746999998,19.3915,0.1867,SAAO_KMTS42,KMT(I),KMT
2510859.0938799996,19.5047,0.1913,SAAO_KMTS42,KMT(I),KMT
2510863.7505900003,19.4074,0.2703,SAAO_KMTS42,KMT(I),KMT
2510863.7655999996,20.0105,0.4529,SAAO_KMTS42,KMT(I),KMT
2510863.7774100006,19.9812,0.3987,SAAO_KMTS42,KMT(I),KMT
2510863.78936,18.9096,0.1413,SAAO_KMTS42,KMT(I),KMT
2510863.8035899997,19.6626,0.305,SAAO_KMTS42,KMT(I),KMT
2510863.8225999996,19.7832,0.294,SAAO_KMTS42,KMT(I),KMT
2510863.8344400004,19.6317,0.1973,SAAO_KMTS42,KMT(I),KMT
2510863.8802700005,18.7102,0.2898,SAAO_KMTS42,KMT(I),KMT
2510863.91218,19.6837,0.3162,SAAO_KMTS42,KMT(I),KMT
2510863.9241499994,20.4071,0.4834,SAAO_KMTS42,KMT(I),KMT
2510863.9357699994,20.2293,0.4043,SAAO_KMTS42,KMT(I),KMT
2510863.9488500003,19.8247,0.9363,SAAO_KMTS42,KMT(I),KMT
2510863.9608200006,19.7687,0.6303,SAAO_KMTS42,KMT(I),KMT
2510863.98737,20.0337,1.3732,SAAO_KMTS42,KMT(I),KMT
2510864.00172,19.9162,1.2487,SAAO_KMTS42,KMT(I),KMT
2510864.0255200006,20.4084,0.5796,SAAO_KMTS42,KMT(I),KMT
2510864.03759,20.0851,0.5238,SAAO_KMTS42,KMT(I),KMT
2510864.05688,20.0133,0.3759,SAAO_KMTS42,KMT(I),KMT
2510864.0690100007,19.5354,0.3874,SAAO_KMTS42,KMT(I),KMT
2510864.08103,20.0009,0.3766,SAAO_KMTS42,KMT(I),KMT
2510866.70833,19.7331,0.4228,SAAO_KMTS42,KMT(I),KMT
2510866.71488,19.3949,0.2583,SAAO_KMTS42,KMT(I),KMT
2510866.72124,19.969,0.47,SAAO_KMTS42,KMT(I),KMT
2510866.7327699997,19.8945,0.4401,SAAO_KMTS42,KMT(I),KMT
2510866.7520199995,19.4015,0.3265,SAAO_KMTS42,KMT(I),KMT
2510866.7640700005,20.2541,0.8423,SAAO_KMTS42,KMT(I),KMT
2510866.80212,19.7898,0.381,SAAO_KMTS42,KMT(I),KMT
2510866.8158599995,18.2503,0.3636,SAAO_KMTS42,KMT(I),KMT
2510866.83476,19.8261,0.276,SAAO_KMTS42,KMT(I),KMT
2510866.8477800004,19.2676,0.2192,SAAO_KMTS42,KMT(I),KMT
2510866.85152,20.7512,1.3516,SAAO_KMTS42,KMT(I),KMT
2510866.8630299997,19.141,0.2244,SAAO_KMTS42,KMT(I),KMT
2510866.8754699994,19.4091,0.2931,SAAO_KMTS42,KMT(I),KMT
2510866.8974,19.6347,0.2239,SAAO_KMTS42,KMT(I),KMT
2510866.9164899997,19.4301,0.2289,SAAO_KMTS42,KMT(I),KMT
2510866.9284700006,19.9354,0.2561,SAAO_KMTS42,KMT(I),KMT
2510866.94039,19.8394,0.2456,SAAO_KMTS42,KMT(I),KMT
2510866.9523799997,20.1764,0.5168,SAAO_KMTS42,KMT(I),KMT
2510866.9639800005,19.7217,0.2353,SAAO_KMTS42,KMT(I),KMT
2510866.98338,19.4456,0.2319,SAAO_KMTS42,KMT(I),KMT
2510867.0075400006,19.1887,0.449,SAAO_KMTS42,KMT(I),KMT
2510867.02217,20.0018,0.469,SAAO_KMTS42,KMT(I),KMT
2510867.03383,19.6557,0.3499,SAAO_KMTS42,KMT(I),KMT
2510867.05231,19.5399,0.2902,SAAO_KMTS42,KMT(I),KMT
2510868.7158199996,19.9514,0.257,SAAO_KMTS42,KMT(I),KMT
2510868.73501,19.7586,0.2398,SAAO_KMTS42,KMT(I),KMT
2510868.7509000003,20.2618,0.4194,SAAO_KMTS42,KMT(I),KMT
2510868.76286,20.7601,1.3548,SAAO_KMTS42,KMT(I),KMT
2510868.77479,19.9864,0.3361,SAAO_KMTS42,KMT(I),KMT
2510868.78649,20.1023,0.3069,SAAO_KMTS42,KMT(I),KMT
2510868.79846,20.4594,0.4149,SAAO_KMTS42,KMT(I),KMT
2510868.8293500002,20.0662,0.223,SAAO_KMTS42,KMT(I),KMT
2510868.84306,19.8176,0.1827,SAAO_KMTS42,KMT(I),KMT
2510868.85563,20.6271,0.4468,SAAO_KMTS42,KMT(I),KMT
2510868.86756,19.5702,0.1542,SAAO_KMTS42,KMT(I),KMT
2510868.8869199995,19.8151,0.1688,SAAO_KMTS42,KMT(I),KMT
2510868.89984,20.4342,0.3904,SAAO_KMTS42,KMT(I),KMT
2510868.9120199997,19.7544,0.2688,SAAO_KMTS42,KMT(I),KMT
2510868.92402,19.7488,0.235,SAAO_KMTS42,KMT(I),KMT
2510868.9359099995,20.0025,0.1925,SAAO_KMTS42,KMT(I),KMT
2510868.9550599996,19.6328,0.1643,SAAO_KMTS42,KMT(I),KMT
2510868.9670199994,20.3558,0.272,SAAO_KMTS42,KMT(I),KMT
2510868.9790400006,19.9878,0.1544,SAAO_KMTS42,KMT(I),KMT
2510868.9929799996,20.0119,0.2262,SAAO_KMTS42,KMT(I),KMT
2510869.0070200004,19.496,0.23,SAAO_KMTS42,KMT(I),KMT
2510869.0261199996,19.0255,0.1288,SAAO_KMTS42,KMT(I),KMT
2510869.0383899994,19.2763,0.1728,SAAO_KMTS42,KMT(I),KMT
2510869.04749,19.4721,0.2575,SAAO_KMTS42,KMT(I),KMT
2510869.7032699995,17.754,0.0857,SAAO_KMTS42,KMT(I),KMT
2510869.7358599994,18.4122,0.0606,SAAO_KMTS42,KMT(I),KMT
2510869.8334599994,19.3758,0.1221,SAAO_KMTS42,KMT(I),KMT
2510869.84509,19.5991,0.1357,SAAO_KMTS42,KMT(I),KMT
2510870.70479,18.5715,0.1327,SAAO_KMTS42,KMT(I),KMT
2510870.7351399995,19.1123,0.1195,SAAO_KMTS42,KMT(I),KMT
2510870.75452,19.268,0.1403,SAAO_KMTS42,KMT(I),KMT
2510870.76621,19.648,0.1415,SAAO_KMTS42,KMT(I),KMT
2510870.7783899996,19.9991,0.2022,SAAO_KMTS42,KMT(I),KMT
2510870.7903499994,20.6212,0.3298,SAAO_KMTS42,KMT(I),KMT
2510870.8023700006,20.0778,0.1936,SAAO_KMTS42,KMT(I),KMT
2510870.8221700005,19.9038,0.1224,SAAO_KMTS42,KMT(I),KMT
2510870.8340300005,20.9892,0.6572,SAAO_KMTS42,KMT(I),KMT
2510870.84545,19.9738,0.2137,SAAO_KMTS42,KMT(I),KMT
2510870.85731,20.0515,0.2214,SAAO_KMTS42,KMT(I),KMT
2510870.8693000004,19.9139,0.2369,SAAO_KMTS42,KMT(I),KMT
2510870.8910600003,20.1389,0.2058,SAAO_KMTS42,KMT(I),KMT
2510870.90273,20.1001,0.1666,SAAO_KMTS42,KMT(I),KMT
2510870.9143700004,20.0602,0.2128,SAAO_KMTS42,KMT(I),KMT
2510870.9261099994,20.0386,0.173,SAAO_KMTS42,KMT(I),KMT
2510870.9382099994,19.8181,0.1265,SAAO_KMTS42,KMT(I),KMT
2510870.95708,19.8348,0.1533,SAAO_KMTS42,KMT(I),KMT
2510870.96904,21.0713,0.5549,SAAO_KMTS42,KMT(I),KMT
2510870.9808799997,19.9214,0.2811,SAAO_KMTS42,KMT(I),KMT
2510870.99283,19.9191,0.2002,SAAO_KMTS42,KMT(I),KMT
2510871.0049,20.0204,0.221,SAAO_KMTS42,KMT(I),KMT
2510871.017,20.1637,0.2419,SAAO_KMTS42,KMT(I),KMT
2510871.0430999994,19.9672,0.217,SAAO_KMTS42,KMT(I),KMT
2510871.70658,19.1032,0.1536,SAAO_KMTS42,KMT(I),KMT
2510871.7494200002,19.5745,0.1292,SAAO_KMTS42,KMT(I),KMT
2510871.7627499998,19.8719,0.1823,SAAO_KMTS42,KMT(I),KMT
2510871.77444,19.895,0.1518,SAAO_KMTS42,KMT(I),KMT
2510871.78627,19.6312,0.1092,SAAO_KMTS42,KMT(I),KMT
2510871.7980499994,20.2253,0.171,SAAO_KMTS42,KMT(I),KMT
2510871.8170299996,20.215,0.1862,SAAO_KMTS42,KMT(I),KMT
2510871.8305600006,19.6711,0.1379,SAAO_KMTS42,KMT(I),KMT
2510871.8425399996,20.0194,0.1754,SAAO_KMTS42,KMT(I),KMT
2510871.8541899994,19.568,0.1164,SAAO_KMTS42,KMT(I),KMT
2510871.86594,19.8672,0.1989,SAAO_KMTS42,KMT(I),KMT
2510871.88476,19.7499,0.124,SAAO_KMTS42,KMT(I),KMT
2510871.8963,20.4159,0.2133,SAAO_KMTS42,KMT(I),KMT
2510871.9083200004,19.8595,0.126,SAAO_KMTS42,KMT(I),KMT
2510871.92002,19.9563,0.141,SAAO_KMTS42,KMT(I),KMT
2510871.93289,19.7784,0.1109,SAAO_KMTS42,KMT(I),KMT
2510871.95761,20.3799,0.1816,SAAO_KMTS42,KMT(I),KMT
2510871.96961,20.3559,0.2254,SAAO_KMTS42,KMT(I),KMT
2510871.9814,20.1088,0.1444,SAAO_KMTS42,KMT(I),KMT
2510871.9929600004,20.2867,0.199,SAAO_KMTS42,KMT(I),KMT
2510872.00481,19.8695,0.0981,SAAO_KMTS42,KMT(I),KMT
2510872.03883,20.5126,0.3692,SAAO_KMTS42,KMT(I),KMT
2510872.7318399996,20.6695,0.3671,SAAO_KMTS42,KMT(I),KMT
2510872.7556999996,20.3267,0.2148,SAAO_KMTS42,KMT(I),KMT
2510872.76719,20.5106,0.3545,SAAO_KMTS42,KMT(I),KMT
2510872.77946,20.1548,0.192,SAAO_KMTS42,KMT(I),KMT
2510872.79858,20.2861,0.369,SAAO_KMTS42,KMT(I),KMT
2510872.8116800003,20.2166,0.2781,SAAO_KMTS42,KMT(I),KMT
2510872.82369,19.9368,0.124,SAAO_KMTS42,KMT(I),KMT
2510872.83555,20.2021,0.1706,SAAO_KMTS42,KMT(I),KMT
2510872.8473700006,20.0429,0.1283,SAAO_KMTS42,KMT(I),KMT
2510872.8667399995,20.0022,0.1289,SAAO_KMTS42,KMT(I),KMT
2510872.8786500003,19.8772,0.1306,SAAO_KMTS42,KMT(I),KMT
2510872.8905999996,19.7592,0.1129,SAAO_KMTS42,KMT(I),KMT
2510872.9024100006,20.5556,0.2711,SAAO_KMTS42,KMT(I),KMT
2510872.91423,19.8226,0.108,SAAO_KMTS42,KMT(I),KMT
2510872.9326300006,20.0183,0.1536,SAAO_KMTS42,KMT(I),KMT
2510872.9448799994,19.985,0.144,SAAO_KMTS42,KMT(I),KMT
2510872.95677,19.7817,0.1115,SAAO_KMTS42,KMT(I),KMT
2510872.9691199996,20.337,0.254,SAAO_KMTS42,KMT(I),KMT
2510872.98097,20.1107,0.1756,SAAO_KMTS42,KMT(I),KMT
2510872.9928099997,20.2473,0.1761,SAAO_KMTS42,KMT(I),KMT
2510872.9966599997,20.3417,0.2257,SAAO_KMTS42,KMT(I),KMT
2510873.0159300007,19.8118,0.1505,SAAO_KMTS42,KMT(I),KMT
2510873.02778,19.9126,0.1875,SAAO_KMTS42,KMT(I),KMT
2510873.03689,20.592,0.3433,SAAO_KMTS42,KMT(I),KMT
2510874.72506,19.2901,0.1115,SAAO_KMTS42,KMT(I),KMT
2510874.7375799995,20.2683,0.2426,SAAO_KMTS42,KMT(I),KMT
2510874.7495600004,19.814,0.1661,SAAO_KMTS42,KMT(I),KMT
2510874.7634500004,20.0718,0.1798,SAAO_KMTS42,KMT(I),KMT
2510874.78324,19.5373,0.1031,SAAO_KMTS42,KMT(I),KMT
2510874.7950599995,19.4272,0.1043,SAAO_KMTS42,KMT(I),KMT
2510874.8069899995,19.8835,0.1625,SAAO_KMTS42,KMT(I),KMT
2510874.8189700004,20.0833,0.1763,SAAO_KMTS42,KMT(I),KMT
2510874.83081,19.9992,0.1376,SAAO_KMTS42,KMT(I),KMT
2510874.8499500006,19.9131,0.137,SAAO_KMTS42,KMT(I),KMT
2510874.8619100004,20.0044,0.1578,SAAO_KMTS42,KMT(I),KMT
2510874.87393,20.1011,0.1816,SAAO_KMTS42,KMT(I),KMT
2510874.88607,20.1657,0.1804,SAAO_KMTS42,KMT(I),KMT
2510874.89812,19.6602,0.13,SAAO_KMTS42,KMT(I),KMT
2510874.91742,20.001,0.1612,SAAO_KMTS42,KMT(I),KMT
2510874.9518100005,20.317,0.2128,SAAO_KMTS42,KMT(I),KMT
2510874.96445,19.7925,0.1175,SAAO_KMTS42,KMT(I),KMT
2510874.9771299995,19.9034,0.1346,SAAO_KMTS42,KMT(I),KMT
2510874.9964499995,19.3079,0.091,SAAO_KMTS42,KMT(I),KMT
2510875.00846,19.6573,0.1503,SAAO_KMTS42,KMT(I),KMT
2510875.02243,19.2282,0.1024,SAAO_KMTS42,KMT(I),KMT
2510875.0317700002,20.202,0.2694,SAAO_KMTS42,KMT(I),KMT
2510875.7213899996,20.4901,0.2776,SAAO_KMTS42,KMT(I),KMT
2510875.7327999994,19.867,0.1708,SAAO_KMTS42,KMT(I),KMT
2510875.7445,20.2922,0.2567,SAAO_KMTS42,KMT(I),KMT
2510875.76318,19.5578,0.1429,SAAO_KMTS42,KMT(I),KMT
2510875.7750499994,20.0462,0.1713,SAAO_KMTS42,KMT(I),KMT
2510875.7867900003,19.6208,0.1194,SAAO_KMTS42,KMT(I),KMT
2510875.7981899995,20.4357,0.2613,SAAO_KMTS42,KMT(I),KMT
2510875.8100300003,20.2011,0.2212,SAAO_KMTS42,KMT(I),KMT
2510875.8291100003,19.7535,0.1318,SAAO_KMTS42,KMT(I),KMT
2510875.8410599995,19.7309,0.1316,SAAO_KMTS42,KMT(I),KMT
2510875.85257,20.0333,0.1355,SAAO_KMTS42,KMT(I),KMT
2510875.8641100004,19.7094,0.1114,SAAO_KMTS42,KMT(I),KMT
2510875.87945,19.7883,0.194,SAAO_KMTS42,KMT(I),KMT
2510875.90305,19.9072,0.3173,SAAO_KMTS42,KMT(I),KMT
2510875.91471,20.1018,0.3986,SAAO_KMTS42,KMT(I),KMT
2510875.9260799997,19.6016,0.1864,SAAO_KMTS42,KMT(I),KMT
2510875.9374700002,20.201,0.2694,SAAO_KMTS42,KMT(I),KMT
2510875.94914,19.8976,0.1826,SAAO_KMTS42,KMT(I),KMT
2510875.96074,19.865,0.3563,SAAO_KMTS42,KMT(I),KMT
2510875.97984,20.7235,1.3435,SAAO_KMTS42,KMT(I),KMT
2510876.0052499995,20.6934,1.3852,SAAO_KMTS42,KMT(I),KMT
2510876.0208400004,19.3329,0.5127,SAAO_KMTS42,KMT(I),KMT
2510876.033,19.5547,0.2685,SAAO_KMTS42,KMT(I),KMT
2510876.7209099997,19.8371,0.1758,SAAO_KMTS42,KMT(I),KMT
2510876.7328900006,20.1298,0.1801,SAAO_KMTS42,KMT(I),KMT
2510876.7532,20.2652,0.2277,SAAO_KMTS42,KMT(I),KMT
2510876.7652000003,19.7614,0.1653,SAAO_KMTS42,KMT(I),KMT
2510876.7768900003,20.2158,0.2803,SAAO_KMTS42,KMT(I),KMT
2510876.7886299994,19.8527,0.1684,SAAO_KMTS42,KMT(I),KMT
2510876.80064,20.3164,0.2313,SAAO_KMTS42,KMT(I),KMT
2510876.81986,20.3559,0.3003,SAAO_KMTS42,KMT(I),KMT
2510876.83182,20.1207,0.1737,SAAO_KMTS42,KMT(I),KMT
2510876.8438,19.9983,0.1528,SAAO_KMTS42,KMT(I),KMT
2510876.8558,20.7203,0.4113,SAAO_KMTS42,KMT(I),KMT
2510876.86869,20.3852,0.3008,SAAO_KMTS42,KMT(I),KMT
2510876.9010700006,19.6277,0.1702,SAAO_KMTS42,KMT(I),KMT
2510876.91797,19.1809,0.1299,SAAO_KMTS42,KMT(I),KMT
2510876.9347900003,19.8946,0.1749,SAAO_KMTS42,KMT(I),KMT
2510876.9514300004,19.5431,0.1215,SAAO_KMTS42,KMT(I),KMT
2510876.9688,19.5736,0.1071,SAAO_KMTS42,KMT(I),KMT
2510876.9900400005,19.9531,0.1857,SAAO_KMTS42,KMT(I),KMT
2510877.0026900005,19.7861,0.1391,SAAO_KMTS42,KMT(I),KMT
2510877.0143999998,19.8906,0.1821,SAAO_KMTS42,KMT(I),KMT
2510877.02683,19.7411,0.1601,SAAO_KMTS42,KMT(I),KMT
2510877.72482,19.1754,0.1322,SAAO_KMTS42,KMT(I),KMT
2510878.7223000005,17.6725,0.0471,SAAO_KMTS42,KMT(I),KMT
2510878.7341600005,19.7504,0.2642,SAAO_KMTS42,KMT(I),KMT
2510878.74639,18.6335,0.0766,SAAO_KMTS42,KMT(I),KMT
2510878.7675400004,18.9295,0.0766,SAAO_KMTS42,KMT(I),KMT
2510879.0206700005,19.5124,0.1143,SAAO_KMTS42,KMT(I),KMT
2510879.7255799994,19.8158,0.1446,SAAO_KMTS42,KMT(I),KMT
2510879.7372699995,20.1142,0.1652,SAAO_KMTS42,KMT(I),KMT
2510879.7500299998,19.8681,0.1273,SAAO_KMTS42,KMT(I),KMT
2510879.7618700005,19.9976,0.1407,SAAO_KMTS42,KMT(I),KMT
2510879.77542,20.7576,0.4287,SAAO_KMTS42,KMT(I),KMT
2510879.7948700003,19.9984,0.1733,SAAO_KMTS42,KMT(I),KMT
2510879.8068899997,20.1027,0.1928,SAAO_KMTS42,KMT(I),KMT
2510879.81888,19.8734,0.0929,SAAO_KMTS42,KMT(I),KMT
2510879.83086,20.1977,0.144,SAAO_KMTS42,KMT(I),KMT
2510879.84298,20.806,0.9057,SAAO_KMTS42,KMT(I),KMT
2510879.98424,19.7261,0.1491,SAAO_KMTS42,KMT(I),KMT
2510879.9960399996,20.1161,0.2003,SAAO_KMTS42,KMT(I),KMT
2510880.00768,19.8266,0.1542,SAAO_KMTS42,KMT(I),KMT
2510880.0199100003,19.8618,0.2126,SAAO_KMTS42,KMT(I),KMT
2510880.7325299997,19.4416,0.1395,SAAO_KMTS42,KMT(I),KMT
2510880.7473,19.2081,0.0963,SAAO_KMTS42,KMT(I),KMT
2510881.733,19.4397,0.152,SAAO_KMTS42,KMT(I),KMT
2510881.74476,18.927,0.0776,SAAO_KMTS42,KMT(I),KMT
2510881.7642,19.5202,0.1349,SAAO_KMTS42,KMT(I),KMT
2510881.77621,19.3869,0.1258,SAAO_KMTS42,KMT(I),KMT
2510881.7903700005,19.2883,0.1274,SAAO_KMTS42,KMT(I),KMT
2510881.80234,19.1622,0.0998,SAAO_KMTS42,KMT(I),KMT
2510881.81441,19.9051,0.1702,SAAO_KMTS42,KMT(I),KMT
2510881.8337699994,19.7658,0.1799,SAAO_KMTS42,KMT(I),KMT
2510881.8460099995,20.0174,0.1533,SAAO_KMTS42,KMT(I),KMT
2510881.8591399994,20.3195,0.2125,SAAO_KMTS42,KMT(I),KMT
2510881.87094,20.212,0.1762,SAAO_KMTS42,KMT(I),KMT
2510881.8826899994,19.8023,0.1406,SAAO_KMTS42,KMT(I),KMT
2510881.9025,20.9094,0.4759,SAAO_KMTS42,KMT(I),KMT
2510881.91448,19.8927,0.2087,SAAO_KMTS42,KMT(I),KMT
2510881.9264400005,20.3713,0.2056,SAAO_KMTS42,KMT(I),KMT
2510881.9378200006,20.2954,0.1788,SAAO_KMTS42,KMT(I),KMT
2510881.9496400002,20.1481,0.1587,SAAO_KMTS42,KMT(I),KMT
2510881.96885,19.9338,0.1339,SAAO_KMTS42,KMT(I),KMT
2510881.9807900004,20.2839,0.1876,SAAO_KMTS42,KMT(I),KMT
2510881.99278,20.3849,0.2101,SAAO_KMTS42,KMT(I),KMT
2510882.0161000006,20.475,0.3114,SAAO_KMTS42,KMT(I),KMT
2510882.7352399994,18.0905,0.164,SAAO_KMTS42,KMT(I),KMT
2510882.9265400004,19.7478,0.1316,SAAO_KMTS42,KMT(I),KMT
2510882.93853,19.4876,0.0916,SAAO_KMTS42,KMT(I),KMT
2510883.00547,20.4526,0.3422,SAAO_KMTS42,KMT(I),KMT
2510883.88817,20.0571,0.138,SAAO_KMTS42,KMT(I),KMT
2510883.93057,19.7739,0.095,SAAO_KMTS42,KMT(I),KMT
2510883.94235,20.1478,0.1366,SAAO_KMTS42,KMT(I),KMT
2510883.95582,19.8058,0.1104,SAAO_KMTS42,KMT(I),KMT
2510884.0106300004,20.1925,0.202,SAAO_KMTS42,KMT(I),KMT
2510884.76377,19.9985,0.1562,SAAO_KMTS42,KMT(I),KMT
2510884.77527,20.127,0.1384,SAAO_KMTS42,KMT(I),KMT
2510884.78677,20.2116,0.1728,SAAO_KMTS42,KMT(I),KMT
2510884.79858,19.9228,0.1436,SAAO_KMTS42,KMT(I),KMT
2510884.81021,19.9868,0.1569,SAAO_KMTS42,KMT(I),KMT
2510884.8288000003,19.7314,0.1623,SAAO_KMTS42,KMT(I),KMT
2510884.84033,19.8973,0.1334,SAAO_KMTS42,KMT(I),KMT
2510884.8527099993,19.9538,0.1294,SAAO_KMTS42,KMT(I),KMT
2510884.8641100004,20.0353,0.1166,SAAO_KMTS42,KMT(I),KMT
2510884.9060999993,20.0923,0.1545,SAAO_KMTS42,KMT(I),KMT
2510884.9177,20.251,0.1821,SAAO_KMTS42,KMT(I),KMT
2510884.9296700004,19.9048,0.1227,SAAO_KMTS42,KMT(I),KMT
2510885.76585,19.2725,0.1302,SAAO_KMTS42,KMT(I),KMT
2510887.9693,16.8668,0.1529,SAAO_KMTS42,KMT(I),KMT
2510887.9887300003,19.3412,0.4846,SAAO_KMTS42,KMT(I),KMT
2510888.0008000005,19.1445,0.0879,SAAO_KMTS42,KMT(I),KMT
2510888.7259800006,18.3155,0.0536,SAAO_KMTS42,KMT(I),KMT
2510888.7379800007,19.329,0.1467,SAAO_KMTS42,KMT(I),KMT
2510888.7499599997,19.2849,0.147,SAAO_KMTS42,KMT(I),KMT
2510888.7691,19.3317,0.1107,SAAO_KMTS42,KMT(I),KMT
2510888.7810500003,19.2853,0.1056,SAAO_KMTS42,KMT(I),KMT
2510888.7930200007,19.6925,0.1569,SAAO_KMTS42,KMT(I),KMT
2510888.80487,19.4808,0.1009,SAAO_KMTS42,KMT(I),KMT
2510888.81669,20.322,0.1595,SAAO_KMTS42,KMT(I),KMT
2510888.8360200003,20.5933,0.2187,SAAO_KMTS42,KMT(I),KMT
2510888.8493,20.1207,0.1664,SAAO_KMTS42,KMT(I),KMT
2510888.8612,20.0901,0.1471,SAAO_KMTS42,KMT(I),KMT
2510888.87304,19.9807,0.1212,SAAO_KMTS42,KMT(I),KMT
2510888.88495,20.2773,0.1671,SAAO_KMTS42,KMT(I),KMT
2510888.89882,19.8639,0.1046,SAAO_KMTS42,KMT(I),KMT
2510888.91823,19.7319,0.1338,SAAO_KMTS42,KMT(I),KMT
2510888.9299299996,19.9615,0.1662,SAAO_KMTS42,KMT(I),KMT
2510888.9419400003,19.7021,0.2501,SAAO_KMTS42,KMT(I),KMT
2510888.9536000006,19.7096,0.1733,SAAO_KMTS42,KMT(I),KMT
2510888.9655600004,18.9344,0.7358,SAAO_KMTS42,KMT(I),KMT
2510888.99345,20.1917,0.2192,SAAO_KMTS42,KMT(I),KMT
2510889.70845,19.6225,0.3144,SAAO_KMTS42,KMT(I),KMT
2510889.7204599995,20.7903,1.9314,SAAO_KMTS42,KMT(I),KMT
2510889.7327299993,20.1012,0.3822,SAAO_KMTS42,KMT(I),KMT
2510889.74471,20.7706,0.4261,SAAO_KMTS42,KMT(I),KMT
2510889.75655,20.1208,0.2244,SAAO_KMTS42,KMT(I),KMT
2510889.77613,20.8569,0.5824,SAAO_KMTS42,KMT(I),KMT
2510889.78795,20.8684,0.8348,SAAO_KMTS42,KMT(I),KMT
2510889.7998099998,20.0455,0.4198,SAAO_KMTS42,KMT(I),KMT
2510889.81185,19.6621,0.367,SAAO_KMTS42,KMT(I),KMT
2510889.8236299995,19.7602,0.3791,SAAO_KMTS42,KMT(I),KMT
2510889.8434699997,20.6637,0.5631,SAAO_KMTS42,KMT(I),KMT
2510889.8556500003,20.0725,0.3782,SAAO_KMTS42,KMT(I),KMT
2510889.8793400005,19.4917,0.2349,SAAO_KMTS42,KMT(I),KMT
2510889.8913400006,19.8408,0.2231,SAAO_KMTS42,KMT(I),KMT
2510889.9338300005,19.9843,0.2454,SAAO_KMTS42,KMT(I),KMT
2510889.94527,19.4572,0.2604,SAAO_KMTS42,KMT(I),KMT
2510889.95782,19.4999,0.1794,SAAO_KMTS42,KMT(I),KMT
2510889.9771599993,19.6929,0.3195,SAAO_KMTS42,KMT(I),KMT
2510889.9893200006,19.0324,0.2331,SAAO_KMTS42,KMT(I),KMT
2510890.7151999995,19.2728,0.5155,SAAO_KMTS42,KMT(I),KMT
2510890.7281299997,20.2017,0.3009,SAAO_KMTS42,KMT(I),KMT
2510890.7397,20.2497,0.234,SAAO_KMTS42,KMT(I),KMT
2510890.7515399996,19.9959,0.2089,SAAO_KMTS42,KMT(I),KMT
2510890.7652899995,19.5795,0.1535,SAAO_KMTS42,KMT(I),KMT
2510890.7842999995,20.2406,0.1759,SAAO_KMTS42,KMT(I),KMT
2510890.79584,19.8314,0.1762,SAAO_KMTS42,KMT(I),KMT
2510890.8075600006,19.3777,0.1851,SAAO_KMTS42,KMT(I),KMT
2510890.81939,19.4357,0.2491,SAAO_KMTS42,KMT(I),KMT
2510890.8310199995,20.4903,0.5925,SAAO_KMTS42,KMT(I),KMT
2510890.85078,19.921,0.2143,SAAO_KMTS42,KMT(I),KMT
2510890.8631299995,20.2103,0.3405,SAAO_KMTS42,KMT(I),KMT
2510890.8748700004,20.3005,0.6449,SAAO_KMTS42,KMT(I),KMT
2510890.8869899996,19.523,0.2012,SAAO_KMTS42,KMT(I),KMT
2510890.8989700004,19.3165,0.1606,SAAO_KMTS42,KMT(I),KMT
2510890.9106399994,20.2361,0.3311,SAAO_KMTS42,KMT(I),KMT
2510890.93109,19.5944,0.2788,SAAO_KMTS42,KMT(I),KMT
2510890.94443,19.6224,0.3112,SAAO_KMTS42,KMT(I),KMT
2510891.7293999996,18.7339,0.6524,SAAO_KMTS42,KMT(I),KMT
2510891.7600599993,18.2136,0.5186,SAAO_KMTS42,KMT(I),KMT
2510891.7706000004,17.5092,0.2083,SAAO_KMTS42,KMT(I),KMT
2510891.7760700006,18.887,0.4987,SAAO_KMTS42,KMT(I),KMT
2510891.7989499997,16.5822,0.2794,SAAO_KMTS42,KMT(I),KMT
2510891.8106200006,18.7034,0.3146,SAAO_KMTS42,KMT(I),KMT
2510891.8411999997,17.3962,0.464,SAAO_KMTS42,KMT(I),KMT
2510891.8645600006,14.002,0.5629,SAAO_KMTS42,KMT(I),KMT
2510893.71684,18.7432,0.2972,SAAO_KMTS42,KMT(I),KMT
2510893.7433599997,18.4861,0.2263,SAAO_KMTS42,KMT(I),KMT
2510893.7548699994,19.1369,0.3843,SAAO_KMTS42,KMT(I),KMT
2510893.76654,18.4516,0.1422,SAAO_KMTS42,KMT(I),KMT
2510893.7784,20.1152,0.9842,SAAO_KMTS42,KMT(I),KMT
2510893.7903700005,19.3694,0.4714,SAAO_KMTS42,KMT(I),KMT
2510893.8090400007,19.0329,0.1969,SAAO_KMTS42,KMT(I),KMT
2510893.8324299995,19.1643,0.265,SAAO_KMTS42,KMT(I),KMT
2510893.8442899995,19.5295,0.3359,SAAO_KMTS42,KMT(I),KMT
2510893.8562899996,19.4812,0.3022,SAAO_KMTS42,KMT(I),KMT
2510893.87536,19.0237,0.2046,SAAO_KMTS42,KMT(I),KMT
2510893.8884200007,20.536,1.0544,SAAO_KMTS42,KMT(I),KMT
2510893.90137,20.2434,0.6876,SAAO_KMTS42,KMT(I),KMT
2510893.9134400003,19.2461,0.2099,SAAO_KMTS42,KMT(I),KMT
2510893.9252700005,19.2772,0.3475,SAAO_KMTS42,KMT(I),KMT
2510893.95636,19.1889,0.3248,SAAO_KMTS42,KMT(I),KMT
2510893.9795900006,19.3447,0.2484,SAAO_KMTS42,KMT(I),KMT
2510895.77149,20.4693,1.5743,SAAO_KMTS42,KMT(I),KMT
2510895.81709,19.0967,0.5011,SAAO_KMTS42,KMT(I),KMT
2510895.8409899995,20.0644,0.5143,SAAO_KMTS42,KMT(I),KMT
2510895.8604000006,19.6878,0.6761,SAAO_KMTS42,KMT(I),KMT
2510895.88409,19.0724,0.3808,SAAO_KMTS42,KMT(I),KMT
2510895.9275700003,17.8296,0.326,SAAO_KMTS42,KMT(I),KMT
2510895.9394300003,17.8335,1.893,SAAO_KMTS42,KMT(I),KMT
2510895.9629999995,16.6399,1.2531,SAAO_KMTS42,KMT(I),KMT
2510897.7247899994,19.2119,0.0921,SAAO_KMTS42,KMT(I),KMT
2510897.7363799997,19.3068,0.1543,SAAO_KMTS42,KMT(I),KMT
2510897.7577100005,19.7073,0.1654,SAAO_KMTS42,KMT(I),KMT
2510897.76953,19.6817,0.1304,SAAO_KMTS42,KMT(I),KMT
2510897.7814799994,20.1884,0.1978,SAAO_KMTS42,KMT(I),KMT
2510897.79385,19.9047,0.1594,SAAO_KMTS42,KMT(I),KMT
2510897.8058199994,19.6666,0.1128,SAAO_KMTS42,KMT(I),KMT
2510897.8249399997,20.0837,0.1775,SAAO_KMTS42,KMT(I),KMT
2510897.83632,19.9455,0.1421,SAAO_KMTS42,KMT(I),KMT
2510897.8480200004,20.2944,0.2101,SAAO_KMTS42,KMT(I),KMT
2510897.8598500006,20.1021,0.1824,SAAO_KMTS42,KMT(I),KMT
2510897.8718100004,19.787,0.1361,SAAO_KMTS42,KMT(I),KMT
2510897.89133,19.5948,0.1501,SAAO_KMTS42,KMT(I),KMT
2510897.90341,19.4113,0.1268,SAAO_KMTS42,KMT(I),KMT
2510897.91514,19.8881,0.1966,SAAO_KMTS42,KMT(I),KMT
2510897.9272,19.9948,0.2139,SAAO_KMTS42,KMT(I),KMT
2510897.9388500005,19.8196,0.1434,SAAO_KMTS42,KMT(I),KMT
2510897.9580799993,19.5385,0.1629,SAAO_KMTS42,KMT(I),KMT
2510897.97456,20.0201,0.2372,SAAO_KMTS42,KMT(I),KMT
2510898.727,20.0283,0.1537,SAAO_KMTS42,KMT(I),KMT
2510898.7389599998,19.719,0.1225,SAAO_KMTS42,KMT(I),KMT
2510898.75069,20.1439,0.1826,SAAO_KMTS42,KMT(I),KMT
2510898.76322,20.3479,0.2917,SAAO_KMTS42,KMT(I),KMT
2510898.7749499995,19.9557,0.1646,SAAO_KMTS42,KMT(I),KMT
2510898.7939599995,19.9058,0.1333,SAAO_KMTS42,KMT(I),KMT
2510898.8059100006,19.6684,0.1095,SAAO_KMTS42,KMT(I),KMT
2510898.8175799996,19.8036,0.1499,SAAO_KMTS42,KMT(I),KMT
2510898.82979,20.0129,0.1542,SAAO_KMTS42,KMT(I),KMT
2510898.84781,20.0851,0.1422,SAAO_KMTS42,KMT(I),KMT
2510898.8596199993,19.8008,0.1397,SAAO_KMTS42,KMT(I),KMT
2510898.8785500005,20.0986,0.153,SAAO_KMTS42,KMT(I),KMT
2510898.8905500006,19.6492,0.1012,SAAO_KMTS42,KMT(I),KMT
2510898.9056,20.5821,0.4638,SAAO_KMTS42,KMT(I),KMT
2510898.91742,19.6306,0.156,SAAO_KMTS42,KMT(I),KMT
2510898.92925,19.9213,0.1264,SAAO_KMTS42,KMT(I),KMT
2510898.9484100007,19.9708,0.1539,SAAO_KMTS42,KMT(I),KMT
2510898.9601600002,20.5418,0.3604,SAAO_KMTS42,KMT(I),KMT
2510898.97862,20.0074,0.1835,SAAO_KMTS42,KMT(I),KMT
2510899.7444599997,19.9875,0.1496,SAAO_KMTS42,KMT(I),KMT
2510899.7561,20.1139,0.1817,SAAO_KMTS42,KMT(I),KMT
2510899.7679500002,20.3676,0.2345,SAAO_KMTS42,KMT(I),KMT
2510899.7798299994,19.6592,0.1229,SAAO_KMTS42,KMT(I),KMT
2510899.7989600003,19.7208,0.1452,SAAO_KMTS42,KMT(I),KMT
2510899.81037,20.1324,0.2238,SAAO_KMTS42,KMT(I),KMT
2510899.82393,19.7456,0.1541,SAAO_KMTS42,KMT(I),KMT
2510899.8354899995,19.7839,0.1594,SAAO_KMTS42,KMT(I),KMT
2510899.8468699995,20.0384,0.1692,SAAO_KMTS42,KMT(I),KMT
2510899.8659499995,19.7655,0.1388,SAAO_KMTS42,KMT(I),KMT
2510899.87751,20.4663,0.2476,SAAO_KMTS42,KMT(I),KMT
2510899.8887799997,19.9863,0.1418,SAAO_KMTS42,KMT(I),KMT
2510899.9004999995,20.1687,0.1522,SAAO_KMTS42,KMT(I),KMT
2510899.91252,19.9515,0.117,SAAO_KMTS42,KMT(I),KMT
2510899.93145,20.2042,0.2055,SAAO_KMTS42,KMT(I),KMT
2510899.94309,19.9205,0.1448,SAAO_KMTS42,KMT(I),KMT
2510899.95503,20.0561,0.164,SAAO_KMTS42,KMT(I),KMT
2510899.9714199994,20.0799,0.2156,SAAO_KMTS42,KMT(I),KMT
2510900.7465899996,19.2035,0.1269,SAAO_KMTS42,KMT(I),KMT
2510900.75854,19.3963,0.1309,SAAO_KMTS42,KMT(I),KMT
2510900.77781,18.8762,0.0863,SAAO_KMTS42,KMT(I),KMT
2510900.7902099993,19.2913,0.1504,SAAO_KMTS42,KMT(I),KMT
2510900.8018200006,20.5222,0.4211,SAAO_KMTS42,KMT(I),KMT
2510900.8138699997,20.0617,0.3846,SAAO_KMTS42,KMT(I),KMT
2510900.8255899996,19.9057,0.2678,SAAO_KMTS42,KMT(I),KMT
2510900.8448900003,19.3868,0.1296,SAAO_KMTS42,KMT(I),KMT
2510900.8569099996,19.8703,0.1084,SAAO_KMTS42,KMT(I),KMT
2510900.86862,20.2458,0.1621,SAAO_KMTS42,KMT(I),KMT
2510900.88059,20.2717,0.211,SAAO_KMTS42,KMT(I),KMT
2510900.89712,20.025,0.2607,SAAO_KMTS42,KMT(I),KMT
2510900.91658,19.9462,0.19,SAAO_KMTS42,KMT(I),KMT
2510900.92849,19.6478,0.2027,SAAO_KMTS42,KMT(I),KMT
2510901.74682,19.1386,0.1159,SAAO_KMTS42,KMT(I),KMT
2510901.7603600007,19.4687,0.1347,SAAO_KMTS42,KMT(I),KMT
2510901.7720299996,20.1055,0.2261,SAAO_KMTS42,KMT(I),KMT
2510901.78407,20.186,0.3739,SAAO_KMTS42,KMT(I),KMT
2510901.80353,19.4329,0.4266,SAAO_KMTS42,KMT(I),KMT
2510901.81549,19.9559,0.2431,SAAO_KMTS42,KMT(I),KMT
2510901.83244,18.972,0.7707,SAAO_KMTS42,KMT(I),KMT
2510901.8559600003,19.8875,0.3784,SAAO_KMTS42,KMT(I),KMT
2510901.87491,19.3415,0.4891,SAAO_KMTS42,KMT(I),KMT
2510901.88662,19.0003,0.1706,SAAO_KMTS42,KMT(I),KMT
2510901.8981999997,14.8487,0.4294,SAAO_KMTS42,KMT(I),KMT
2510901.9409299996,19.4835,0.8637,SAAO_KMTS42,KMT(I),KMT
2510902.74725,19.0713,0.126,SAAO_KMTS42,KMT(I),KMT
2510903.74816,19.8366,0.1907,SAAO_KMTS42,KMT(I),KMT
2510903.76009,19.4809,0.1411,SAAO_KMTS42,KMT(I),KMT
2510903.77205,19.7684,0.1879,SAAO_KMTS42,KMT(I),KMT
2510903.7838899996,19.3201,0.1214,SAAO_KMTS42,KMT(I),KMT
2510903.8028299995,19.5756,0.1334,SAAO_KMTS42,KMT(I),KMT
2510903.8148999996,19.5262,0.1372,SAAO_KMTS42,KMT(I),KMT
2510903.8264700007,19.6491,0.1426,SAAO_KMTS42,KMT(I),KMT
2510903.9089899994,19.6922,0.1139,SAAO_KMTS42,KMT(I),KMT
2510903.9201500006,19.8103,0.1462,SAAO_KMTS42,KMT(I),KMT
2510903.93939,19.8481,0.1475,SAAO_KMTS42,KMT(I),KMT
2510903.9511,19.5203,0.1115,SAAO_KMTS42,KMT(I),KMT
2510903.96768,20.2673,0.2465,SAAO_KMTS42,KMT(I),KMT
2510904.7473399993,19.2244,0.1183,SAAO_KMTS42,KMT(I),KMT
2510904.7590999994,19.4204,0.1203,SAAO_KMTS42,KMT(I),KMT
2510904.77085,19.8033,0.2203,SAAO_KMTS42,KMT(I),KMT
2510904.7904899996,19.4176,0.1348,SAAO_KMTS42,KMT(I),KMT
2510904.80189,19.2399,0.1026,SAAO_KMTS42,KMT(I),KMT
2510904.8139999993,20.1828,0.2374,SAAO_KMTS42,KMT(I),KMT
2510904.8258100003,19.662,0.1579,SAAO_KMTS42,KMT(I),KMT
2510904.83765,19.9353,0.1729,SAAO_KMTS42,KMT(I),KMT
2510904.87447,19.9082,0.1767,SAAO_KMTS42,KMT(I),KMT
2510904.8861800004,20.0842,0.2177,SAAO_KMTS42,KMT(I),KMT
2510904.90149,19.6907,0.1096,SAAO_KMTS42,KMT(I),KMT
2510904.91294,19.861,0.1505,SAAO_KMTS42,KMT(I),KMT
2510904.92456,19.585,0.1058,SAAO_KMTS42,KMT(I),KMT
2510904.9435099997,20.1784,0.2333,SAAO_KMTS42,KMT(I),KMT
2510904.9547499996,19.8012,0.1208,SAAO_KMTS42,KMT(I),KMT
2510905.75062,19.4717,0.1492,SAAO_KMTS42,KMT(I),KMT
2510905.7625200003,21.5851,1.412,SAAO_KMTS42,KMT(I),KMT
2510905.7739499994,19.436,0.1545,SAAO_KMTS42,KMT(I),KMT
2510905.7856799997,19.6839,0.133,SAAO_KMTS42,KMT(I),KMT
2510905.7974699996,20.1413,0.2128,SAAO_KMTS42,KMT(I),KMT
2510905.8092,19.4512,0.1175,SAAO_KMTS42,KMT(I),KMT
2510905.8284799997,19.8275,0.1444,SAAO_KMTS42,KMT(I),KMT
2510905.8403699994,19.8014,0.1379,SAAO_KMTS42,KMT(I),KMT
2510905.85222,19.7973,0.1277,SAAO_KMTS42,KMT(I),KMT
2510905.8642800003,19.9935,0.1628,SAAO_KMTS42,KMT(I),KMT
2510905.8759700004,19.646,0.0917,SAAO_KMTS42,KMT(I),KMT
2510905.8947599996,19.8934,0.1924,SAAO_KMTS42,KMT(I),KMT
2510905.9065300003,19.845,0.1162,SAAO_KMTS42,KMT(I),KMT
2510905.91792,19.6369,0.1407,SAAO_KMTS42,KMT(I),KMT
2510905.92949,19.8756,0.1801,SAAO_KMTS42,KMT(I),KMT
2510905.94132,20.3625,0.2809,SAAO_KMTS42,KMT(I),KMT
2510905.9574299995,20.0871,0.1929,SAAO_KMTS42,KMT(I),KMT
2510906.73027,19.6846,0.1741,SAAO_KMTS42,KMT(I),KMT
2510906.7495099995,19.7985,0.1799,SAAO_KMTS42,KMT(I),KMT
2510906.7609100007,19.5294,0.1272,SAAO_KMTS42,KMT(I),KMT
2510906.7726799995,19.5718,0.1208,SAAO_KMTS42,KMT(I),KMT
2510906.7851100005,19.8544,0.1399,SAAO_KMTS42,KMT(I),KMT
2510906.79725,19.4975,0.101,SAAO_KMTS42,KMT(I),KMT
2510906.82378,19.8323,0.1779,SAAO_KMTS42,KMT(I),KMT
2510906.83565,19.9187,0.1465,SAAO_KMTS42,KMT(I),KMT
2510906.8476599995,20.0583,0.119,SAAO_KMTS42,KMT(I),KMT
2510906.85939,20.0888,0.1443,SAAO_KMTS42,KMT(I),KMT
2510906.87125,20.0962,0.1251,SAAO_KMTS42,KMT(I),KMT
2510906.8904999997,20.0462,0.1289,SAAO_KMTS42,KMT(I),KMT
2510906.9028900005,19.5268,0.1236,SAAO_KMTS42,KMT(I),KMT
2510906.9147699997,19.8723,0.1127,SAAO_KMTS42,KMT(I),KMT
2510906.9290699996,19.8674,0.1403,SAAO_KMTS42,KMT(I),KMT
2510906.94278,20.1438,0.1723,SAAO_KMTS42,KMT(I),KMT
2510907.7272699997,19.4146,0.1136,SAAO_KMTS42,KMT(I),KMT
2510907.73922,19.9348,0.1855,SAAO_KMTS42,KMT(I),KMT
2510907.7583099995,19.5962,0.1231,SAAO_KMTS42,KMT(I),KMT
2510907.77015,19.3975,0.0991,SAAO_KMTS42,KMT(I),KMT
2510907.8803899996,19.4249,0.1492,SAAO_KMTS42,KMT(I),KMT
2510907.8928699996,19.9065,0.1957,SAAO_KMTS42,KMT(I),KMT
2510907.90448,19.679,0.1224,SAAO_KMTS42,KMT(I),KMT
2510907.92346,19.1267,0.0993,SAAO_KMTS42,KMT(I),KMT
2510907.9372499995,19.2308,0.0963,SAAO_KMTS42,KMT(I),KMT
2510908.7292800006,19.7477,0.1256,SAAO_KMTS42,KMT(I),KMT
2510908.7411199994,19.4605,0.1118,SAAO_KMTS42,KMT(I),KMT
2510908.75311,19.712,0.1354,SAAO_KMTS42,KMT(I),KMT
2510908.76547,20.2565,0.2083,SAAO_KMTS42,KMT(I),KMT
2510908.7775599994,19.6294,0.1242,SAAO_KMTS42,KMT(I),KMT
2510908.79803,19.825,0.1416,SAAO_KMTS42,KMT(I),KMT
2510908.8099499997,20.1292,0.1632,SAAO_KMTS42,KMT(I),KMT
2510909.73527,19.2543,0.1019,SAAO_KMTS42,KMT(I),KMT
2510909.74892,19.4988,0.1441,SAAO_KMTS42,KMT(I),KMT
2510909.76064,19.448,0.1428,SAAO_KMTS42,KMT(I),KMT
2510909.77257,19.3094,0.1388,SAAO_KMTS42,KMT(I),KMT
2510909.7846099995,19.0925,0.1077,SAAO_KMTS42,KMT(I),KMT
2510909.8038299996,18.7207,0.0822,SAAO_KMTS42,KMT(I),KMT
2510909.8152600005,19.8226,0.1634,SAAO_KMTS42,KMT(I),KMT
2510909.82802,19.9148,0.1542,SAAO_KMTS42,KMT(I),KMT
2510911.73083,19.3017,0.1183,SAAO_KMTS42,KMT(I),KMT
2510911.74257,19.4844,0.1529,SAAO_KMTS42,KMT(I),KMT
2510911.75375,19.639,0.1295,SAAO_KMTS42,KMT(I),KMT
2510911.77345,19.854,0.2946,SAAO_KMTS42,KMT(I),KMT
2510911.7851599995,20.0722,0.2566,SAAO_KMTS42,KMT(I),KMT
2510911.7969899997,19.9099,0.2396,SAAO_KMTS42,KMT(I),KMT
2510911.80855,19.7417,0.2102,SAAO_KMTS42,KMT(I),KMT
2510911.82037,19.9062,0.3112,SAAO_KMTS42,KMT(I),KMT
2510911.83916,19.7201,0.1657,SAAO_KMTS42,KMT(I),KMT
2510911.851,20.1365,0.2844,SAAO_KMTS42,KMT(I),KMT
2510911.86281,19.5584,0.3239,SAAO_KMTS42,KMT(I),KMT
2510911.87481,19.5232,0.2715,SAAO_KMTS42,KMT(I),KMT
2510911.8868000004,19.6798,0.5154,SAAO_KMTS42,KMT(I),KMT
2510911.9177400004,19.9828,0.1938,SAAO_KMTS42,KMT(I),KMT
2510911.9269200005,20.1232,0.2823,SAAO_KMTS42,KMT(I),KMT
2510912.74144,20.3804,0.2124,SAAO_KMTS42,KMT(I),KMT
2510912.75344,20.013,0.135,SAAO_KMTS42,KMT(I),KMT
2510912.7654299997,19.605,0.1453,SAAO_KMTS42,KMT(I),KMT
2510912.77762,19.6966,0.1409,SAAO_KMTS42,KMT(I),KMT
2510912.78935,19.6538,0.1371,SAAO_KMTS42,KMT(I),KMT
2510912.8082,18.8937,0.0983,SAAO_KMTS42,KMT(I),KMT
2510912.81965,18.5571,0.0705,SAAO_KMTS42,KMT(I),KMT
2510912.8314999994,17.7601,0.0396,SAAO_KMTS42,KMT(I),KMT
2510912.8427,19.3113,0.1333,SAAO_KMTS42,KMT(I),KMT
2510912.85444,19.2177,0.119,SAAO_KMTS42,KMT(I),KMT
2510912.8737000003,19.5076,0.1182,SAAO_KMTS42,KMT(I),KMT
2510912.8854,19.4339,0.1108,SAAO_KMTS42,KMT(I),KMT
2510912.89738,19.2681,0.1182,SAAO_KMTS42,KMT(I),KMT
2510912.90936,18.6538,0.0814,SAAO_KMTS42,KMT(I),KMT
2510912.9260300007,19.194,0.1335,SAAO_KMTS42,KMT(I),KMT
2510913.7259800006,20.0666,0.1231,SAAO_KMTS42,KMT(I),KMT
2510913.7377199996,19.959,0.1121,SAAO_KMTS42,KMT(I),KMT
2510913.7565599997,19.9414,0.1181,SAAO_KMTS42,KMT(I),KMT
2510913.7683700006,19.9985,0.1713,SAAO_KMTS42,KMT(I),KMT
2510913.7800399996,20.1001,0.1481,SAAO_KMTS42,KMT(I),KMT
2510913.79167,19.8276,0.1049,SAAO_KMTS42,KMT(I),KMT
2510913.8032600004,20.0459,0.1197,SAAO_KMTS42,KMT(I),KMT
2510913.8150500003,20.0434,0.156,SAAO_KMTS42,KMT(I),KMT
2510913.83397,20.0837,0.15,SAAO_KMTS42,KMT(I),KMT
2510913.8455500007,20.0141,0.1495,SAAO_KMTS42,KMT(I),KMT
2510913.8574100006,19.9543,0.1691,SAAO_KMTS42,KMT(I),KMT
2510913.8692499995,19.8928,0.1755,SAAO_KMTS42,KMT(I),KMT
2510913.88079,20.1104,0.1547,SAAO_KMTS42,KMT(I),KMT
2510913.9001899995,20.249,0.2875,SAAO_KMTS42,KMT(I),KMT
2510913.91201,19.7863,0.1747,SAAO_KMTS42,KMT(I),KMT
2510913.9227099996,19.4243,0.1095,SAAO_KMTS42,KMT(I),KMT
2510914.7407300007,19.7277,0.1507,SAAO_KMTS42,KMT(I),KMT
2510914.75351,19.1416,0.1056,SAAO_KMTS42,KMT(I),KMT
2510914.7654800005,19.2266,0.1135,SAAO_KMTS42,KMT(I),KMT
2510914.77738,19.7863,0.1452,SAAO_KMTS42,KMT(I),KMT
2510914.79636,19.5763,0.1024,SAAO_KMTS42,KMT(I),KMT
2510914.8079000004,19.8661,0.1502,SAAO_KMTS42,KMT(I),KMT
2510914.8195,19.5085,0.1446,SAAO_KMTS42,KMT(I),KMT
2510914.8315500002,19.5608,0.1177,SAAO_KMTS42,KMT(I),KMT
2510914.84344,19.2169,0.1005,SAAO_KMTS42,KMT(I),KMT
2510914.8646399993,19.4597,0.1366,SAAO_KMTS42,KMT(I),KMT
2510914.8763500005,17.9676,0.0611,SAAO_KMTS42,KMT(I),KMT
2510914.8880199995,18.9903,0.1212,SAAO_KMTS42,KMT(I),KMT
2510914.8998,19.8722,0.2308,SAAO_KMTS42,KMT(I),KMT
2510914.9189100005,19.5804,0.1474,SAAO_KMTS42,KMT(I),KMT
2510916.74075,19.9813,0.1691,SAAO_KMTS42,KMT(I),KMT
2510916.7595000006,19.7785,0.1081,SAAO_KMTS42,KMT(I),KMT
2510916.7713900004,19.725,0.1079,SAAO_KMTS42,KMT(I),KMT
2510916.78319,19.7964,0.1577,SAAO_KMTS42,KMT(I),KMT
2510916.7951299995,19.8396,0.1835,SAAO_KMTS42,KMT(I),KMT
2510916.8070100006,19.8136,0.137,SAAO_KMTS42,KMT(I),KMT
2510916.8260699995,20.0571,0.1408,SAAO_KMTS42,KMT(I),KMT
2510916.8379500005,19.7144,0.1218,SAAO_KMTS42,KMT(I),KMT
2510916.84989,19.7576,0.1337,SAAO_KMTS42,KMT(I),KMT
2510916.86175,19.8457,0.1242,SAAO_KMTS42,KMT(I),KMT
2510916.8735000007,19.7034,0.1103,SAAO_KMTS42,KMT(I),KMT
2510916.8931099996,20.0112,0.1471,SAAO_KMTS42,KMT(I),KMT
2510916.9044700004,19.9033,0.1314,SAAO_KMTS42,KMT(I),KMT
2510916.9135999996,19.6932,0.13,SAAO_KMTS42,KMT(I),KMT
2510917.7190300003,19.6038,0.1258,SAAO_KMTS42,KMT(I),KMT
2510917.73087,19.6342,0.1124,SAAO_KMTS42,KMT(I),KMT
2510917.74276,19.9608,0.1291,SAAO_KMTS42,KMT(I),KMT
2510917.7545500007,20.181,0.1839,SAAO_KMTS42,KMT(I),KMT
2510917.7737499997,19.7846,0.1271,SAAO_KMTS42,KMT(I),KMT
2510917.78579,19.8968,0.1213,SAAO_KMTS42,KMT(I),KMT
2510917.7978099994,19.9038,0.115,SAAO_KMTS42,KMT(I),KMT
2510917.80982,19.9135,0.1436,SAAO_KMTS42,KMT(I),KMT
2510917.8216399997,19.9842,0.1268,SAAO_KMTS42,KMT(I),KMT
2510917.83361,19.8571,0.1435,SAAO_KMTS42,KMT(I),KMT
2510917.8531800006,19.9884,0.137,SAAO_KMTS42,KMT(I),KMT
2510917.86439,19.9521,0.1447,SAAO_KMTS42,KMT(I),KMT
2510917.8758700006,20.0988,0.1564,SAAO_KMTS42,KMT(I),KMT
2510917.88755,19.9829,0.2048,SAAO_KMTS42,KMT(I),KMT
2510917.8995399997,20.0375,0.1993,SAAO_KMTS42,KMT(I),KMT
2510917.9105699994,19.6854,0.1338,SAAO_KMTS42,KMT(I),KMT
2510918.7411400005,20.2408,0.2857,SAAO_KMTS42,KMT(I),KMT
2510918.7603900004,18.8795,0.099,SAAO_KMTS42,KMT(I),KMT
2510918.77259,20.1015,0.3461,SAAO_KMTS42,KMT(I),KMT
2510918.7845900003,19.9495,0.2202,SAAO_KMTS42,KMT(I),KMT
2510918.7963999994,19.7683,0.2388,SAAO_KMTS42,KMT(I),KMT
2510918.8090499993,19.3151,0.1271,SAAO_KMTS42,KMT(I),KMT
2510918.8488,19.4206,0.1482,SAAO_KMTS42,KMT(I),KMT
2510918.8604799993,19.5019,0.1524,SAAO_KMTS42,KMT(I),KMT
2510918.87246,20.3118,0.3652,SAAO_KMTS42,KMT(I),KMT
2510918.8844300006,20.1467,0.406,SAAO_KMTS42,KMT(I),KMT
2510918.89611,18.9847,0.1265,SAAO_KMTS42,KMT(I),KMT
2510918.90905,18.9467,0.125,SAAO_KMTS42,KMT(I),KMT
2510920.7440300006,18.9126,0.4363,SAAO_KMTS42,KMT(I),KMT
2510920.7632299997,18.9325,0.201,SAAO_KMTS42,KMT(I),KMT
2510920.7751899995,20.3951,1.1886,SAAO_KMTS42,KMT(I),KMT
2510920.7869799994,20.4342,1.254,SAAO_KMTS42,KMT(I),KMT
2510920.7989600003,20.0728,0.833,SAAO_KMTS42,KMT(I),KMT
2510920.8108099997,19.3936,0.3036,SAAO_KMTS42,KMT(I),KMT
2510920.8148,20.6961,2.0175,SAAO_KMTS42,KMT(I),KMT
2510920.83426,19.8091,0.4497,SAAO_KMTS42,KMT(I),KMT
2510920.8459900003,19.8478,0.4731,SAAO_KMTS42,KMT(I),KMT
2510920.85759,19.6594,0.564,SAAO_KMTS42,KMT(I),KMT
2510920.8809600007,18.9859,0.2313,SAAO_KMTS42,KMT(I),KMT
2510920.9072699994,19.6031,0.4601,SAAO_KMTS42,KMT(I),KMT
2510921.73828,17.9055,0.2352,SAAO_KMTS42,KMT(I),KMT
2510921.7499599997,19.4442,0.4113,SAAO_KMTS42,KMT(I),KMT
2510921.77338,19.463,0.3212,SAAO_KMTS42,KMT(I),KMT
2510921.7926400006,19.2914,0.2445,SAAO_KMTS42,KMT(I),KMT
2510921.81688,19.3462,0.1949,SAAO_KMTS42,KMT(I),KMT
2510921.8285300005,20.6408,0.8299,SAAO_KMTS42,KMT(I),KMT
2510921.84028,19.1676,0.1778,SAAO_KMTS42,KMT(I),KMT
2510921.8521299995,19.0731,0.1721,SAAO_KMTS42,KMT(I),KMT
2510921.8742699996,19.5758,0.3027,SAAO_KMTS42,KMT(I),KMT
2510921.88583,19.2028,0.2191,SAAO_KMTS42,KMT(I),KMT
2510921.8975799996,20.3866,0.9873,SAAO_KMTS42,KMT(I),KMT
2510921.9096799996,18.9674,0.2335,SAAO_KMTS42,KMT(I),KMT
2510921.9235200007,20.0864,1.0747,SAAO_KMTS42,KMT(I),KMT
2510922.7795899995,19.2869,0.2293,SAAO_KMTS42,KMT(I),KMT
2510922.81001,19.4143,0.6249,SAAO_KMTS42,KMT(I),KMT
2510923.7262200005,17.8713,0.0595,SAAO_KMTS42,KMT(I),KMT
2510923.74603,18.3902,0.0855,SAAO_KMTS42,KMT(I),KMT
2510923.75777,17.8247,0.0673,SAAO_KMTS42,KMT(I),KMT
2510923.76944,18.8216,0.1768,SAAO_KMTS42,KMT(I),KMT
2510923.7814000007,17.7995,0.09,SAAO_KMTS42,KMT(I),KMT
2510923.7971899994,18.3171,0.0617,SAAO_KMTS42,KMT(I),KMT
2510923.8165799994,18.5027,0.0813,SAAO_KMTS42,KMT(I),KMT
2510923.82862,18.9363,0.1206,SAAO_KMTS42,KMT(I),KMT
2510923.84028,18.6392,0.0811,SAAO_KMTS42,KMT(I),KMT
2510923.8527499996,18.7203,0.1082,SAAO_KMTS42,KMT(I),KMT
2510923.86448,18.8355,0.0978,SAAO_KMTS42,KMT(I),KMT
2510923.88382,19.7631,0.2351,SAAO_KMTS42,KMT(I),KMT
2510923.89552,19.1172,0.149,SAAO_KMTS42,KMT(I),KMT
2510923.90745,19.3291,0.1555,SAAO_KMTS42,KMT(I),KMT
2510923.9175700005,19.1348,0.1464,SAAO_KMTS42,KMT(I),KMT
2510924.77278,18.1344,0.4931,SAAO_KMTS42,KMT(I),KMT
2510924.80373,19.1858,0.6837,SAAO_KMTS42,KMT(I),KMT
2510924.81558,20.4045,0.9343,SAAO_KMTS42,KMT(I),KMT
2510924.8274300005,19.3797,0.3713,SAAO_KMTS42,KMT(I),KMT
2510924.8391999993,19.0751,0.6354,SAAO_KMTS42,KMT(I),KMT
2510924.8511999995,20.1369,0.4333,SAAO_KMTS42,KMT(I),KMT
2510924.8706100006,19.3882,0.4224,SAAO_KMTS42,KMT(I),KMT
2510924.8826100007,19.9492,0.4451,SAAO_KMTS42,KMT(I),KMT
2510924.9048699997,20.0923,0.483,SAAO_KMTS42,KMT(I),KMT
2510924.91536,19.4179,0.1124,SAAO_KMTS42,KMT(I),KMT
2510925.72784,20.1372,0.1845,SAAO_KMTS42,KMT(I),KMT
2510925.7395600006,19.9993,0.1589,SAAO_KMTS42,KMT(I),KMT
2510925.7589599993,19.9047,0.1451,SAAO_KMTS42,KMT(I),KMT
2510925.7705499995,20.0595,0.1665,SAAO_KMTS42,KMT(I),KMT
2510925.7826000005,19.7833,0.1051,SAAO_KMTS42,KMT(I),KMT
2510925.79461,20.1844,0.1829,SAAO_KMTS42,KMT(I),KMT
2510925.8065,19.751,0.0994,SAAO_KMTS42,KMT(I),KMT
2510925.8255700003,19.7595,0.1215,SAAO_KMTS42,KMT(I),KMT
2510925.8374700006,19.8793,0.1602,SAAO_KMTS42,KMT(I),KMT
2510925.84935,19.8444,0.1599,SAAO_KMTS42,KMT(I),KMT
2510925.8610500004,19.611,0.1689,SAAO_KMTS42,KMT(I),KMT
2510925.8726199996,19.6241,0.149,SAAO_KMTS42,KMT(I),KMT
2510925.8843399994,19.4572,0.1731,SAAO_KMTS42,KMT(I),KMT
2510925.9030099995,19.8433,0.2672,SAAO_KMTS42,KMT(I),KMT
2510925.91252,19.2292,0.1553,SAAO_KMTS42,KMT(I),KMT
2510926.7492200006,19.4588,0.1909,SAAO_KMTS42,KMT(I),KMT
2510926.7610400002,19.002,0.1173,SAAO_KMTS42,KMT(I),KMT
2510926.773,19.5543,0.2136,SAAO_KMTS42,KMT(I),KMT
2510926.7848000005,18.6111,0.1157,SAAO_KMTS42,KMT(I),KMT
2510926.7965900004,18.1167,0.0762,SAAO_KMTS42,KMT(I),KMT
2510926.8274099994,18.7496,0.1114,SAAO_KMTS42,KMT(I),KMT
2510926.8390500005,19.476,0.2276,SAAO_KMTS42,KMT(I),KMT
2510926.85097,18.9822,0.1343,SAAO_KMTS42,KMT(I),KMT
2510926.86293,19.7917,0.3107,SAAO_KMTS42,KMT(I),KMT
2510927.72676,19.7849,0.1382,SAAO_KMTS42,KMT(I),KMT
2510927.74598,20.1892,0.2395,SAAO_KMTS42,KMT(I),KMT
2510927.75779,20.0037,0.1374,SAAO_KMTS42,KMT(I),KMT
2510927.7696199995,19.9485,0.1452,SAAO_KMTS42,KMT(I),KMT
2510927.7816000003,20.1592,0.1311,SAAO_KMTS42,KMT(I),KMT
2510927.7945,19.6092,0.1265,SAAO_KMTS42,KMT(I),KMT
2510927.81343,20.0364,0.133,SAAO_KMTS42,KMT(I),KMT
2510927.8253700007,20.203,0.1694,SAAO_KMTS42,KMT(I),KMT
2510927.8373,19.7566,0.1196,SAAO_KMTS42,KMT(I),KMT
2510927.8491399996,19.837,0.1512,SAAO_KMTS42,KMT(I),KMT
2510927.8612,19.6054,0.134,SAAO_KMTS42,KMT(I),KMT
2510927.8804899994,20.2786,0.257,SAAO_KMTS42,KMT(I),KMT
2510927.8922799993,19.695,0.3187,SAAO_KMTS42,KMT(I),KMT
2510927.9074600004,19.2342,0.5179,SAAO_KMTS42,KMT(I),KMT
2510928.75937,20.1609,0.1407,SAAO_KMTS42,KMT(I),KMT
2510928.78314,19.8753,0.1359,SAAO_KMTS42,KMT(I),KMT
2510928.79493,19.8619,0.1081,SAAO_KMTS42,KMT(I),KMT
2510928.81384,19.6098,0.1206,SAAO_KMTS42,KMT(I),KMT
2510928.8253799994,19.822,0.1573,SAAO_KMTS42,KMT(I),KMT
2510928.8371099997,19.6705,0.1344,SAAO_KMTS42,KMT(I),KMT
2510928.84872,19.6635,0.1397,SAAO_KMTS42,KMT(I),KMT
2510928.86011,19.7705,0.1452,SAAO_KMTS42,KMT(I),KMT
2510928.8792000003,19.6593,0.1479,SAAO_KMTS42,KMT(I),KMT
2510928.8911700007,19.8582,0.2444,SAAO_KMTS42,KMT(I),KMT
2510928.90465,19.4603,0.1312,SAAO_KMTS42,KMT(I),KMT
2510929.73197,19.273,0.1064,SAAO_KMTS42,KMT(I),KMT
2510929.74352,18.7152,0.1048,SAAO_KMTS42,KMT(I),KMT
2510929.7693600003,18.4794,0.2093,SAAO_KMTS42,KMT(I),KMT
2510929.78826,17.6818,0.0483,SAAO_KMTS42,KMT(I),KMT
2510929.8117500003,18.0644,0.0827,SAAO_KMTS42,KMT(I),KMT
2510929.8234199993,17.4746,0.0345,SAAO_KMTS42,KMT(I),KMT
2510929.8466599993,11.1124,3.5197,SAAO_KMTS42,KMT(I),KMT
2510930.7365000006,18.6497,0.5736,SAAO_KMTS42,KMT(I),KMT
2510930.7598599996,18.7725,0.2248,SAAO_KMTS42,KMT(I),KMT
2510930.7717199996,19.0785,0.307,SAAO_KMTS42,KMT(I),KMT
2510930.79096,19.2922,0.1174,SAAO_KMTS42,KMT(I),KMT
2510930.8103800006,19.3886,1.1042,SAAO_KMTS42,KMT(I),KMT
2510930.8222899996,19.6358,0.2751,SAAO_KMTS42,KMT(I),KMT
2510930.8351300005,19.8143,0.2794,SAAO_KMTS42,KMT(I),KMT
2510930.86625,20.1808,0.4427,SAAO_KMTS42,KMT(I),KMT
2510930.87806,19.5043,1.1363,SAAO_KMTS42,KMT(I),KMT
2510931.7413800005,18.0627,0.1087,SAAO_KMTS42,KMT(I),KMT
2510931.7990700006,19.5664,0.1339,SAAO_KMTS42,KMT(I),KMT
2510931.8109300006,19.7428,0.1559,SAAO_KMTS42,KMT(I),KMT
2510931.8228600007,19.5314,0.148,SAAO_KMTS42,KMT(I),KMT
2510931.83483,19.4097,0.1267,SAAO_KMTS42,KMT(I),KMT
2510931.8466500007,19.7172,0.1702,SAAO_KMTS42,KMT(I),KMT
2510931.8659799993,19.6146,0.1496,SAAO_KMTS42,KMT(I),KMT
2510931.87765,19.7906,0.1766,SAAO_KMTS42,KMT(I),KMT
2510931.8944799993,19.3684,0.122,SAAO_KMTS42,KMT(I),KMT
2510932.73642,20.0523,0.3142,SAAO_KMTS42,KMT(I),KMT
2510932.7483600006,20.3013,0.8675,SAAO_KMTS42,KMT(I),KMT
2510932.7600999996,19.8643,0.2551,SAAO_KMTS42,KMT(I),KMT
2510932.7794499993,19.858,0.1008,SAAO_KMTS42,KMT(I),KMT
2510932.7914899997,19.9629,0.1536,SAAO_KMTS42,KMT(I),KMT
2510932.8034499995,20.0986,0.1312,SAAO_KMTS42,KMT(I),KMT
2510932.8158299997,19.8992,0.1173,SAAO_KMTS42,KMT(I),KMT
2510932.8276899997,19.9115,0.1011,SAAO_KMTS42,KMT(I),KMT
2510932.8466999996,20.0427,0.1052,SAAO_KMTS42,KMT(I),KMT
2510932.8585599996,20.0558,0.1653,SAAO_KMTS42,KMT(I),KMT
2510932.8705700003,19.6955,0.099,SAAO_KMTS42,KMT(I),KMT
2510932.8821399994,20.0917,0.1469,SAAO_KMTS42,KMT(I),KMT
2510932.8918200005,20.1959,0.1408,SAAO_KMTS42,KMT(I),KMT
2510933.75029,19.2086,0.1987,SAAO_KMTS42,KMT(I),KMT
2510933.7619700003,18.4988,0.1244,SAAO_KMTS42,KMT(I),KMT
2510933.77382,17.992,0.0844,SAAO_KMTS42,KMT(I),KMT
2510933.7928100005,18.7161,0.1558,SAAO_KMTS42,KMT(I),KMT
2510933.80466,18.4226,0.1082,SAAO_KMTS42,KMT(I),KMT
2510933.81633,17.8261,0.1165,SAAO_KMTS42,KMT(I),KMT
2510933.82831,18.8669,0.3916,SAAO_KMTS42,KMT(I),KMT
2510933.8598800004,12.3652,0.1546,SAAO_KMTS42,KMT(I),KMT
2510933.8728599995,18.7558,0.3844,SAAO_KMTS42,KMT(I),KMT
2510934.7725399993,17.9627,0.1901,SAAO_KMTS42,KMT(I),KMT
2510934.80361,18.5473,0.075,SAAO_KMTS42,KMT(I),KMT
2510934.81534,19.0564,0.1664,SAAO_KMTS42,KMT(I),KMT
2510934.8269800004,19.5635,0.1387,SAAO_KMTS42,KMT(I),KMT
2510934.83859,18.9928,0.0837,SAAO_KMTS42,KMT(I),KMT
2510934.8504099995,19.6548,0.184,SAAO_KMTS42,KMT(I),KMT
2510934.86928,18.9856,0.0891,SAAO_KMTS42,KMT(I),KMT
2510934.88746,19.2017,0.1522,SAAO_KMTS42,KMT(I),KMT
2510935.72411,19.3703,0.1855,SAAO_KMTS42,KMT(I),KMT
2510935.73609,19.215,0.0992,SAAO_KMTS42,KMT(I),KMT
2510935.7476899996,19.2914,0.094,SAAO_KMTS42,KMT(I),KMT
2510935.7600999996,19.2759,0.0899,SAAO_KMTS42,KMT(I),KMT
2510935.7794700004,19.6695,0.1301,SAAO_KMTS42,KMT(I),KMT
2510935.79148,19.7443,0.1256,SAAO_KMTS42,KMT(I),KMT
2510935.80334,19.748,0.1391,SAAO_KMTS42,KMT(I),KMT
2510935.8153799996,19.7941,0.1528,SAAO_KMTS42,KMT(I),KMT
2510935.8273799997,19.7192,0.1259,SAAO_KMTS42,KMT(I),KMT
2510935.8465299997,19.5414,0.1167,SAAO_KMTS42,KMT(I),KMT
2510935.8660400007,19.8939,0.1577,SAAO_KMTS42,KMT(I),KMT
2510936.7245899998,20.133,0.2783,SAAO_KMTS42,KMT(I),KMT
2510936.73616,19.7265,0.116,SAAO_KMTS42,KMT(I),KMT
2510936.74785,20.4742,0.2353,SAAO_KMTS42,KMT(I),KMT
2510936.7592399996,19.9099,0.1455,SAAO_KMTS42,KMT(I),KMT
2510936.7784599997,19.8639,0.1246,SAAO_KMTS42,KMT(I),KMT
2510936.79046,19.6778,0.1079,SAAO_KMTS42,KMT(I),KMT
2510936.8024499994,19.9425,0.1253,SAAO_KMTS42,KMT(I),KMT
2510936.8139900006,19.8184,0.1115,SAAO_KMTS42,KMT(I),KMT
2510936.82567,19.7666,0.1494,SAAO_KMTS42,KMT(I),KMT
2510936.8447399996,19.732,0.1328,SAAO_KMTS42,KMT(I),KMT
2510936.85649,19.7304,0.1272,SAAO_KMTS42,KMT(I),KMT
2510936.8654299993,19.7523,0.1932,SAAO_KMTS42,KMT(I),KMT
2510937.73506,20.1863,0.7887,SAAO_KMTS42,KMT(I),KMT
2510937.74675,20.7598,2.0821,SAAO_KMTS42,KMT(I),KMT
2510937.7586000003,19.3608,0.325,SAAO_KMTS42,KMT(I),KMT
2510937.8244400006,18.9231,0.1668,SAAO_KMTS42,KMT(I),KMT
2510937.8481600005,18.9805,0.2826,SAAO_KMTS42,KMT(I),KMT
2510937.8636499997,20.0695,0.5459,SAAO_KMTS42,KMT(I),KMT
2510938.72683,19.5187,0.2892,SAAO_KMTS42,KMT(I),KMT
2510938.74574,19.8338,0.2464,SAAO_KMTS42,KMT(I),KMT
2510938.7572799996,20.0568,0.1291,SAAO_KMTS42,KMT(I),KMT
2510938.76922,20.1864,0.1902,SAAO_KMTS42,KMT(I),KMT
2510938.7812200002,19.7256,0.1396,SAAO_KMTS42,KMT(I),KMT
2510938.7931500003,19.8331,0.1573,SAAO_KMTS42,KMT(I),KMT
2510938.8122700006,20.0995,0.5881,SAAO_KMTS42,KMT(I),KMT
2510938.82415,20.1068,0.166,SAAO_KMTS42,KMT(I),KMT
2510938.83586,19.6432,1.0613,SAAO_KMTS42,KMT(I),KMT
2510938.84782,19.8177,0.1957,SAAO_KMTS42,KMT(I),KMT
2510938.85996,19.69,0.2433,SAAO_KMTS42,KMT(I),KMT
2510940.7249800004,19.1214,0.1659,SAAO_KMTS42,KMT(I),KMT
2510940.73654,19.0365,0.1033,SAAO_KMTS42,KMT(I),KMT
2510940.7557699997,19.5226,0.1585,SAAO_KMTS42,KMT(I),KMT
2510940.76752,19.6005,0.1633,SAAO_KMTS42,KMT(I),KMT
2510940.77982,19.4051,0.1055,SAAO_KMTS42,KMT(I),KMT
2510940.79156,19.9184,0.1728,SAAO_KMTS42,KMT(I),KMT
2510940.8035700005,19.4134,0.1336,SAAO_KMTS42,KMT(I),KMT
2510940.82237,20.014,0.1512,SAAO_KMTS42,KMT(I),KMT
2510940.83404,20.207,0.1919,SAAO_KMTS42,KMT(I),KMT
2510940.8538000006,19.7049,0.1293,SAAO_KMTS42,KMT(I),KMT
2510941.7290700004,18.4461,0.399,SAAO_KMTS42,KMT(I),KMT
2510941.7410499994,19.1691,0.46,SAAO_KMTS42,KMT(I),KMT
2510941.75289,18.2629,0.2392,SAAO_KMTS42,KMT(I),KMT
2510942.7313199993,19.3302,0.1167,SAAO_KMTS42,KMT(I),KMT
2510942.7501500007,19.5601,0.1108,SAAO_KMTS42,KMT(I),KMT
2510942.76188,19.6049,0.1166,SAAO_KMTS42,KMT(I),KMT
2510942.77372,19.5623,0.1216,SAAO_KMTS42,KMT(I),KMT
2510942.78567,19.429,0.1005,SAAO_KMTS42,KMT(I),KMT
2510942.79737,19.4544,0.1204,SAAO_KMTS42,KMT(I),KMT
2510942.8166000005,19.2636,0.1218,SAAO_KMTS42,KMT(I),KMT
2510942.82845,19.2588,0.1049,SAAO_KMTS42,KMT(I),KMT
2510942.8480399996,19.2734,0.1267,SAAO_KMTS42,KMT(I),KMT
2510943.72609,19.5434,0.2507,SAAO_KMTS42,KMT(I),KMT
2510943.7380800005,20.0331,0.1941,SAAO_KMTS42,KMT(I),KMT
2510943.7499199994,19.7112,0.1172,SAAO_KMTS42,KMT(I),KMT
2510943.7616099995,19.4861,0.1002,SAAO_KMTS42,KMT(I),KMT
2510943.7835799996,19.4756,0.0996,SAAO_KMTS42,KMT(I),KMT
2510943.7954200003,19.7347,0.1285,SAAO_KMTS42,KMT(I),KMT
2510943.8073999994,20.1851,0.178,SAAO_KMTS42,KMT(I),KMT
2510943.8192,19.9129,0.1909,SAAO_KMTS42,KMT(I),KMT
2510943.83137,19.5775,0.1138,SAAO_KMTS42,KMT(I),KMT
2510943.8465100005,19.9151,0.2091,SAAO_KMTS42,KMT(I),KMT
2510944.72676,19.7449,0.3945,SAAO_KMTS42,KMT(I),KMT
2510944.74271,19.6054,0.1949,SAAO_KMTS42,KMT(I),KMT
2510944.7641400006,18.9888,0.1937,SAAO_KMTS42,KMT(I),KMT
2510944.7880000006,20.1593,0.9048,SAAO_KMTS42,KMT(I),KMT
2510944.79999,19.4655,0.1797,SAAO_KMTS42,KMT(I),KMT
2510944.8309700005,18.0164,0.1399,SAAO_KMTS42,KMT(I),KMT
2510944.8453400005,16.156,0.2171,SAAO_KMTS42,KMT(I),KMT
2510946.72989,19.4113,0.2723,SAAO_KMTS42,KMT(I),KMT
2510946.74156,19.7108,0.4401,SAAO_KMTS42,KMT(I),KMT
2510946.75337,19.3349,0.2382,SAAO_KMTS42,KMT(I),KMT
2510946.76518,20.4644,1.7645,SAAO_KMTS42,KMT(I),KMT
2510946.77831,18.283,0.1231,SAAO_KMTS42,KMT(I),KMT
2510946.78728,19.2992,0.2976,SAAO_KMTS42,KMT(I),KMT
2510946.7988,17.9054,0.1068,SAAO_KMTS42,KMT(I),KMT
2510946.8106200006,18.4134,0.1553,SAAO_KMTS42,KMT(I),KMT
2510946.8206600007,17.4782,0.0812,SAAO_KMTS42,KMT(I),KMT
2510946.83751,18.6584,0.1854,SAAO_KMTS42,KMT(I),KMT
2510947.73532,18.4437,0.2712,SAAO_KMTS42,KMT(I),KMT
2510947.76169,18.3459,0.2496,SAAO_KMTS42,KMT(I),KMT
2510947.7721800003,19.0674,0.4496,SAAO_KMTS42,KMT(I),KMT
2510947.7934300005,18.3485,0.2487,SAAO_KMTS42,KMT(I),KMT
2510947.80494,18.5284,0.235,SAAO_KMTS42,KMT(I),KMT
2510947.81241,19.7218,1.1004,SAAO_KMTS42,KMT(I),KMT
2510947.82417,18.4648,0.2311,SAAO_KMTS42,KMT(I),KMT
2510947.83445,18.0593,0.2041,SAAO_KMTS42,KMT(I),KMT
2510948.73585,19.4493,0.1583,SAAO_KMTS42,KMT(I),KMT
2510948.7548200004,19.7326,0.1413,SAAO_KMTS42,KMT(I),KMT
2510948.7666299995,19.6429,0.1507,SAAO_KMTS42,KMT(I),KMT
2510948.77843,19.8016,0.1472,SAAO_KMTS42,KMT(I),KMT
2510948.7902499996,20.0014,0.1939,SAAO_KMTS42,KMT(I),KMT
2510948.8020900004,20.1475,0.2487,SAAO_KMTS42,KMT(I),KMT
2510948.8224299997,19.5899,0.1503,SAAO_KMTS42,KMT(I),KMT
2510948.8342499994,19.8102,0.2083,SAAO_KMTS42,KMT(I),KMT
2510948.8454599995,21.2252,1.3445,SAAO_KMTS42,KMT(I),KMT
2510949.7344199996,17.6956,0.1787,SAAO_KMTS42,KMT(I),KMT
2510949.7580200005,16.6799,0.0376,SAAO_KMTS42,KMT(I),KMT
2510949.7698999997,16.7385,0.2433,SAAO_KMTS42,KMT(I),KMT
2510949.83548,13.9053,0.4784,SAAO_KMTS42,KMT(I),KMT
2510949.84612,14.2275,0.6806,SAAO_KMTS42,KMT(I),KMT
2510950.7346,18.6849,0.1412,SAAO_KMTS42,KMT(I),KMT
2510950.7461099997,17.3565,0.0358,SAAO_KMTS42,KMT(I),KMT
2510950.7650300004,17.1617,0.0315,SAAO_KMTS42,KMT(I),KMT
2510950.77688,17.0475,0.0335,SAAO_KMTS42,KMT(I),KMT
2510950.78883,16.6564,0.0274,SAAO_KMTS42,KMT(I),KMT
2510950.80055,17.9989,0.0628,SAAO_KMTS42,KMT(I),KMT
2510950.8123400006,17.2644,0.0378,SAAO_KMTS42,KMT(I),KMT
2510950.8312999997,18.2334,0.0794,SAAO_KMTS42,KMT(I),KMT
2510950.84205,18.1204,0.1484,SAAO_KMTS42,KMT(I),KMT
2510951.7356899995,18.7933,0.0968,SAAO_KMTS42,KMT(I),KMT
2510951.74749,18.666,0.0907,SAAO_KMTS42,KMT(I),KMT
2510951.7590299994,19.4208,0.1392,SAAO_KMTS42,KMT(I),KMT
2510951.7708,19.5525,0.1569,SAAO_KMTS42,KMT(I),KMT
2510951.78278,18.5197,0.0683,SAAO_KMTS42,KMT(I),KMT
2510951.80181,18.5909,0.0778,SAAO_KMTS42,KMT(I),KMT
2510951.8137800004,18.7333,0.0814,SAAO_KMTS42,KMT(I),KMT
2510951.8255199995,17.6236,0.0442,SAAO_KMTS42,KMT(I),KMT
2510951.83921,16.8815,0.0392,SAAO_KMTS42,KMT(I),KMT
2510952.73714,19.0005,0.1474,SAAO_KMTS42,KMT(I),KMT
2510952.7487499993,19.635,0.2055,SAAO_KMTS42,KMT(I),KMT
2510952.76055,19.6302,0.1709,SAAO_KMTS42,KMT(I),KMT
2510952.77989,19.7723,0.2411,SAAO_KMTS42,KMT(I),KMT
2510952.7949899994,19.309,0.1147,SAAO_KMTS42,KMT(I),KMT
2510952.8068499994,19.2671,0.1344,SAAO_KMTS42,KMT(I),KMT
2510952.81879,19.3384,0.1264,SAAO_KMTS42,KMT(I),KMT
2510952.8337900005,18.4436,0.0765,SAAO_KMTS42,KMT(I),KMT
2510953.73534,19.5977,0.1721,SAAO_KMTS42,KMT(I),KMT
2510953.74715,19.2225,0.1358,SAAO_KMTS42,KMT(I),KMT
2510953.76635,19.7545,0.2139,SAAO_KMTS42,KMT(I),KMT
2510953.7780300006,19.8641,0.2106,SAAO_KMTS42,KMT(I),KMT
2510953.7897999994,19.7729,0.198,SAAO_KMTS42,KMT(I),KMT
2510953.80167,19.8806,0.2827,SAAO_KMTS42,KMT(I),KMT
2510953.8136800006,19.9223,0.2336,SAAO_KMTS42,KMT(I),KMT
2510953.8336900007,19.0222,0.133,SAAO_KMTS42,KMT(I),KMT
2510954.7369599994,19.3123,0.1709,SAAO_KMTS42,KMT(I),KMT
2510954.75813,18.9407,0.1198,SAAO_KMTS42,KMT(I),KMT
2510954.77008,19.3084,0.1467,SAAO_KMTS42,KMT(I),KMT
2510954.7820699997,19.7585,0.4002,SAAO_KMTS42,KMT(I),KMT
2510954.79402,19.7219,0.2269,SAAO_KMTS42,KMT(I),KMT
2510954.8059599996,20.4751,0.351,SAAO_KMTS42,KMT(I),KMT
2510954.83096,19.4373,0.1537,SAAO_KMTS42,KMT(I),KMT
2510955.7390599996,20.0148,0.1786,SAAO_KMTS42,KMT(I),KMT
2510955.7507499997,19.9594,0.1834,SAAO_KMTS42,KMT(I),KMT
2510955.76255,19.9864,0.1322,SAAO_KMTS42,KMT(I),KMT
2510955.77436,20.1484,0.1784,SAAO_KMTS42,KMT(I),KMT
2510955.78598,19.6536,0.1163,SAAO_KMTS42,KMT(I),KMT
2510955.80494,19.7219,0.1291,SAAO_KMTS42,KMT(I),KMT
2510955.8169400003,19.8973,0.1904,SAAO_KMTS42,KMT(I),KMT
2510955.8264000006,19.8621,0.1615,SAAO_KMTS42,KMT(I),KMT
2510956.7479299996,19.633,0.1397,SAAO_KMTS42,KMT(I),KMT
2510956.7595000006,19.9818,0.1846,SAAO_KMTS42,KMT(I),KMT
2510956.7711900007,19.1079,0.0936,SAAO_KMTS42,KMT(I),KMT
2510956.7843999993,19.0916,0.1174,SAAO_KMTS42,KMT(I),KMT
2510956.7962500006,19.4568,0.1348,SAAO_KMTS42,KMT(I),KMT
2510956.81506,19.3449,0.1499,SAAO_KMTS42,KMT(I),KMT
2510956.82434,19.194,0.108,SAAO_KMTS42,KMT(I),KMT
2510957.74053,20.0822,0.1993,SAAO_KMTS42,KMT(I),KMT
2510957.7575000003,19.5428,0.2169,SAAO_KMTS42,KMT(I),KMT
2510957.76908,20.4139,0.3682,SAAO_KMTS42,KMT(I),KMT
2510957.7831500005,19.6251,0.13,SAAO_KMTS42,KMT(I),KMT
2510957.7962500006,19.2311,0.1564,SAAO_KMTS42,KMT(I),KMT
2510957.8233400006,20.5488,0.4415,SAAO_KMTS42,KMT(I),KMT
2510958.7381100003,19.818,0.148,SAAO_KMTS42,KMT(I),KMT
2510958.7592699993,19.6922,0.112,SAAO_KMTS42,KMT(I),KMT
2510958.7710999995,19.4374,0.1355,SAAO_KMTS42,KMT(I),KMT
2510958.7829599995,19.5667,0.2388,SAAO_KMTS42,KMT(I),KMT
2510958.7959700003,19.3042,0.3004,SAAO_KMTS42,KMT(I),KMT
2510958.8182800002,19.3031,0.305,SAAO_KMTS42,KMT(I),KMT
2510960.73948,19.4382,0.1607,SAAO_KMTS42,KMT(I),KMT
2510960.76573,19.6251,0.1109,SAAO_KMTS42,KMT(I),KMT
2510960.7774100006,19.7861,0.1191,SAAO_KMTS42,KMT(I),KMT
2510960.78926,18.4879,0.1841,SAAO_KMTS42,KMT(I),KMT
2510960.81331,18.4624,0.0858,SAAO_KMTS42,KMT(I),KMT
2510960.81522,18.8199,0.1231,SAAO_KMTS42,KMT(I),KMT
2510961.74034,19.8707,0.2196,SAAO_KMTS42,KMT(I),KMT
2510961.7522100005,19.5481,0.134,SAAO_KMTS42,KMT(I),KMT
2510961.7714099996,19.2822,0.1237,SAAO_KMTS42,KMT(I),KMT
2510961.7892499994,18.9409,0.0874,SAAO_KMTS42,KMT(I),KMT
2510961.80105,19.4378,0.1308,SAAO_KMTS42,KMT(I),KMT
2510961.8104299996,19.1711,0.1104,SAAO_KMTS42,KMT(I),KMT
2510962.7397499997,18.3798,0.1743,SAAO_KMTS42,KMT(I),KMT
2510962.75139,19.9378,0.4866,SAAO_KMTS42,KMT(I),KMT
2510962.76325,18.9798,0.1846,SAAO_KMTS42,KMT(I),KMT
2510962.7822900005,19.6241,0.291,SAAO_KMTS42,KMT(I),KMT
2510962.79416,19.5206,0.2714,SAAO_KMTS42,KMT(I),KMT
2510962.8068400007,18.7732,1.1594,SAAO_KMTS42,KMT(I),KMT
2510963.7352600005,19.2452,0.228,SAAO_KMTS42,KMT(I),KMT
2510963.74728,19.4363,0.1179,SAAO_KMTS42,KMT(I),KMT
2510963.7598599996,19.6979,0.1351,SAAO_KMTS42,KMT(I),KMT
2510963.7719899993,19.5719,0.1258,SAAO_KMTS42,KMT(I),KMT
2510963.7909900006,20.1433,0.1743,SAAO_KMTS42,KMT(I),KMT
2510964.73561,19.7327,0.3115,SAAO_KMTS42,KMT(I),KMT
2510964.7548900004,19.0952,0.1015,SAAO_KMTS42,KMT(I),KMT
2510964.7667299993,19.1731,0.0837,SAAO_KMTS42,KMT(I),KMT
2510964.7867799997,18.6522,0.0785,SAAO_KMTS42,KMT(I),KMT
2510965.75603,17.1162,0.278,SAAO_KMTS42,KMT(I),KMT
2510966.73566,19.5309,0.2947,SAAO_KMTS42,KMT(I),KMT
2510966.74746,19.8019,0.1423,SAAO_KMTS42,KMT(I),KMT
2510966.75983,19.5525,0.1294,SAAO_KMTS42,KMT(I),KMT
2510966.77164,19.7697,0.1533,SAAO_KMTS42,KMT(I),KMT
2510966.78254,19.7804,0.1704,SAAO_KMTS42,KMT(I),KMT
2510967.7360299993,20.8047,1.7093,SAAO_KMTS42,KMT(I),KMT
2510967.75564,19.7168,0.133,SAAO_KMTS42,KMT(I),KMT
2510967.76796,19.2436,0.1028,SAAO_KMTS42,KMT(I),KMT
2510967.78029,19.2904,0.1449,SAAO_KMTS42,KMT(I),KMT
2510968.73766,19.6037,0.2851,SAAO_KMTS42,KMT(I),KMT
2510968.7513699997,19.7269,0.1669,SAAO_KMTS42,KMT(I),KMT
2510968.77752,20.3907,0.2467,SAAO_KMTS42,KMT(I),KMT
2510969.7434599996,20.3028,0.3871,SAAO_KMTS42,KMT(I),KMT
2510969.75547,19.7945,0.1093,SAAO_KMTS42,KMT(I),KMT
2510969.77535,19.7582,0.1281,SAAO_KMTS42,KMT(I),KMT
