MJD,Magnitude,Error,Facility,Filter,Observer
2510726.7241900004,18.3866,0.1058,SSO_KMTA02,KMT(I),KMT
2510726.74355,18.3785,0.104,SSO_KMTA02,KMT(I),KMT
2510727.7313199993,20.2216,0.5272,SSO_KMTA02,KMT(I),KMT
2510727.7430300005,19.7833,0.2343,SSO_KMTA02,KMT(I),KMT
2510727.75488,20.4311,0.642,SSO_KMTA02,KMT(I),KMT
2510727.7665299997,20.311,0.7754,SSO_KMTA02,KMT(I),KMT
2510729.7270800006,19.5284,0.4207,SSO_KMTA02,KMT(I),KMT
2510729.73914,18.3655,0.1395,SSO_KMTA02,KMT(I),KMT
2510729.75234,19.4518,0.2511,SSO_KMTA02,KMT(I),KMT
2510730.72447,20.1546,0.2621,SSO_KMTA02,KMT(I),KMT
2510730.7357899994,19.7669,0.2182,SSO_KMTA02,KMT(I),KMT
2510730.7471399996,21.2073,0.9955,SSO_KMTA02,KMT(I),KMT
2510730.75911,19.5948,0.1259,SSO_KMTA02,KMT(I),KMT
2510730.77107,19.8795,0.1687,SSO_KMTA02,KMT(I),KMT
2510731.72033,16.8052,0.0332,SSO_KMTA02,KMT(I),KMT
2510731.73948,17.5157,0.0623,SSO_KMTA02,KMT(I),KMT
2510731.7512100004,18.2362,0.0854,SSO_KMTA02,KMT(I),KMT
2510731.76308,18.2578,0.0961,SSO_KMTA02,KMT(I),KMT
2510732.72654,20.531,0.481,SSO_KMTA02,KMT(I),KMT
2510732.7384099998,19.7309,0.2106,SSO_KMTA02,KMT(I),KMT
2510732.75765,18.989,0.1319,SSO_KMTA02,KMT(I),KMT
2510732.76949,19.6878,0.187,SSO_KMTA02,KMT(I),KMT
2510732.7814499997,20.5757,0.6789,SSO_KMTA02,KMT(I),KMT
2510733.7163699996,19.6022,0.2113,SSO_KMTA02,KMT(I),KMT
2510733.7282299995,20.721,0.7115,SSO_KMTA02,KMT(I),KMT
2510733.74754,18.3324,0.0742,SSO_KMTA02,KMT(I),KMT
2510733.7594,19.2073,0.1428,SSO_KMTA02,KMT(I),KMT
2510733.77137,18.9031,0.1105,SSO_KMTA02,KMT(I),KMT
2510733.78331,20.0129,0.3271,SSO_KMTA02,KMT(I),KMT
2510734.7124300003,19.7343,0.1717,SSO_KMTA02,KMT(I),KMT
2510734.7317699995,19.8537,0.1117,SSO_KMTA02,KMT(I),KMT
2510734.7434599996,20.1164,0.1445,SSO_KMTA02,KMT(I),KMT
2510734.7553199995,20.019,0.1659,SSO_KMTA02,KMT(I),KMT
2510734.7672700007,19.7438,0.0956,SSO_KMTA02,KMT(I),KMT
2510734.77907,19.667,0.0924,SSO_KMTA02,KMT(I),KMT
2510735.7150100004,17.7654,0.0671,SSO_KMTA02,KMT(I),KMT
2510735.7270100005,19.3264,0.1461,SSO_KMTA02,KMT(I),KMT
2510735.7389199995,19.8658,0.1518,SSO_KMTA02,KMT(I),KMT
2510735.7508499995,19.3803,0.1109,SSO_KMTA02,KMT(I),KMT
2510735.7628799994,19.6974,0.135,SSO_KMTA02,KMT(I),KMT
2510735.7749000005,20.1786,0.4949,SSO_KMTA02,KMT(I),KMT
2510736.7103899997,19.5733,0.1453,SSO_KMTA02,KMT(I),KMT
2510736.72238,19.6132,0.1632,SSO_KMTA02,KMT(I),KMT
2510736.7341,19.3821,0.1214,SSO_KMTA02,KMT(I),KMT
2510736.7459500004,19.7178,0.1284,SSO_KMTA02,KMT(I),KMT
2510736.75794,19.9108,0.185,SSO_KMTA02,KMT(I),KMT
2510736.7771700006,20.0928,0.212,SSO_KMTA02,KMT(I),KMT
2510736.7890300006,19.9812,0.4226,SSO_KMTA02,KMT(I),KMT
2510749.67457,14.7295,3.0108,SSO_KMTA02,KMT(I),KMT
2510749.7174900007,18.6517,0.3254,SSO_KMTA02,KMT(I),KMT
2510749.7648,18.2859,2.2489,SSO_KMTA02,KMT(I),KMT
2510750.7603399996,18.9377,0.4256,SSO_KMTA02,KMT(I),KMT
2510750.7723900005,18.0428,0.1495,SSO_KMTA02,KMT(I),KMT
2510750.7842500005,17.4202,0.0603,SSO_KMTA02,KMT(I),KMT
2510750.8033799995,17.7205,0.1962,SSO_KMTA02,KMT(I),KMT
2510753.74342,18.693,0.1953,SSO_KMTA02,KMT(I),KMT
2510753.7552199997,19.4542,0.26,SSO_KMTA02,KMT(I),KMT
2510753.7582,17.4712,0.4454,SSO_KMTA02,KMT(I),KMT
2510765.64124,19.3424,0.2167,SSO_KMTA02,KMT(I),KMT
2510765.65316,20.6324,1.2569,SSO_KMTA02,KMT(I),KMT
2510765.6651099995,18.3104,0.0867,SSO_KMTA02,KMT(I),KMT
2510765.77434,18.881,0.146,SSO_KMTA02,KMT(I),KMT
2510765.7862400003,19.3163,0.2407,SSO_KMTA02,KMT(I),KMT
2510767.63942,20.3983,0.6018,SSO_KMTA02,KMT(I),KMT
2510767.65097,19.551,0.2113,SSO_KMTA02,KMT(I),KMT
2510767.6624,19.295,0.1887,SSO_KMTA02,KMT(I),KMT
2510767.67437,20.0471,0.3845,SSO_KMTA02,KMT(I),KMT
2510767.6863599997,19.9553,0.3492,SSO_KMTA02,KMT(I),KMT
2510767.70574,19.2955,0.1712,SSO_KMTA02,KMT(I),KMT
2510767.7176399995,20.1354,0.4898,SSO_KMTA02,KMT(I),KMT
2510767.7296200003,20.371,0.5165,SSO_KMTA02,KMT(I),KMT
2510767.74153,19.6368,0.2383,SSO_KMTA02,KMT(I),KMT
2510767.75335,19.9654,0.3506,SSO_KMTA02,KMT(I),KMT
2510767.76581,19.4626,0.1739,SSO_KMTA02,KMT(I),KMT
2510767.78505,20.3402,0.5348,SSO_KMTA02,KMT(I),KMT
2510767.7969899997,19.6888,0.2634,SSO_KMTA02,KMT(I),KMT
2510767.80896,19.1419,0.1795,SSO_KMTA02,KMT(I),KMT
2510768.6226400007,20.4333,0.8072,SSO_KMTA02,KMT(I),KMT
2510768.6346000005,20.5726,0.7475,SSO_KMTA02,KMT(I),KMT
2510768.6465099994,20.3458,0.3672,SSO_KMTA02,KMT(I),KMT
2510768.66577,19.5563,0.2436,SSO_KMTA02,KMT(I),KMT
2510768.6773000006,20.4463,0.6005,SSO_KMTA02,KMT(I),KMT
2510768.68877,20.2335,0.3682,SSO_KMTA02,KMT(I),KMT
2510768.70012,19.4052,0.2506,SSO_KMTA02,KMT(I),KMT
2510768.71359,19.6647,0.2623,SSO_KMTA02,KMT(I),KMT
2510768.73668,19.9186,0.238,SSO_KMTA02,KMT(I),KMT
2510768.7486499995,20.9954,0.6888,SSO_KMTA02,KMT(I),KMT
2510768.76004,19.9346,0.2203,SSO_KMTA02,KMT(I),KMT
2510768.772,20.325,0.2931,SSO_KMTA02,KMT(I),KMT
2510768.7839899994,20.2871,0.2647,SSO_KMTA02,KMT(I),KMT
2510768.80337,20.0845,0.319,SSO_KMTA02,KMT(I),KMT
2510769.6224799994,19.0895,0.1115,SSO_KMTA02,KMT(I),KMT
2510769.6342399996,19.6628,0.2738,SSO_KMTA02,KMT(I),KMT
2510769.64623,19.6912,0.2136,SSO_KMTA02,KMT(I),KMT
2510769.65809,20.2883,0.3249,SSO_KMTA02,KMT(I),KMT
2510769.6796700004,20.7556,0.8072,SSO_KMTA02,KMT(I),KMT
2510769.69159,19.1446,0.131,SSO_KMTA02,KMT(I),KMT
2510769.70349,20.0696,0.3307,SSO_KMTA02,KMT(I),KMT
2510769.7155099995,19.2165,0.177,SSO_KMTA02,KMT(I),KMT
2510769.7274399996,19.5729,0.2148,SSO_KMTA02,KMT(I),KMT
2510769.7467899993,19.2658,0.1382,SSO_KMTA02,KMT(I),KMT
2510769.75877,19.0948,0.1521,SSO_KMTA02,KMT(I),KMT
2510769.77059,18.7368,0.104,SSO_KMTA02,KMT(I),KMT
2510769.78237,19.1598,0.1205,SSO_KMTA02,KMT(I),KMT
2510769.7938199993,18.7649,0.1183,SSO_KMTA02,KMT(I),KMT
2510769.81307,18.6458,0.1768,SSO_KMTA02,KMT(I),KMT
2510770.6350100003,17.7936,0.0737,SSO_KMTA02,KMT(I),KMT
2510770.64697,18.1533,0.0792,SSO_KMTA02,KMT(I),KMT
2510770.65897,19.5949,0.2811,SSO_KMTA02,KMT(I),KMT
2510770.6706499998,18.7015,0.1371,SSO_KMTA02,KMT(I),KMT
2510770.68236,19.3778,0.1741,SSO_KMTA02,KMT(I),KMT
2510770.69408,19.8428,0.3264,SSO_KMTA02,KMT(I),KMT
2510770.71299,20.1199,0.4299,SSO_KMTA02,KMT(I),KMT
2510770.7268199995,19.4458,0.1888,SSO_KMTA02,KMT(I),KMT
2510770.73883,20.1439,0.3062,SSO_KMTA02,KMT(I),KMT
2510770.75055,19.5235,0.1785,SSO_KMTA02,KMT(I),KMT
2510770.76246,19.9161,0.3212,SSO_KMTA02,KMT(I),KMT
2510770.78156,19.9422,0.2615,SSO_KMTA02,KMT(I),KMT
2510770.79352,19.7153,0.1736,SSO_KMTA02,KMT(I),KMT
2510770.8053099997,20.5748,0.3805,SSO_KMTA02,KMT(I),KMT
2510771.61627,20.0126,0.241,SSO_KMTA02,KMT(I),KMT
2510771.62973,21.2635,2.8044,SSO_KMTA02,KMT(I),KMT
2510771.64888,20.1922,0.2392,SSO_KMTA02,KMT(I),KMT
2510771.6608799994,19.8859,0.201,SSO_KMTA02,KMT(I),KMT
2510771.6728499997,20.1665,0.2963,SSO_KMTA02,KMT(I),KMT
2510771.6848300006,19.9816,0.2477,SSO_KMTA02,KMT(I),KMT
2510771.6968399994,20.6457,0.4714,SSO_KMTA02,KMT(I),KMT
2510771.7160599995,19.8008,0.1874,SSO_KMTA02,KMT(I),KMT
2510771.7279199995,19.9806,0.2377,SSO_KMTA02,KMT(I),KMT
2510771.7398799993,19.9021,0.2197,SSO_KMTA02,KMT(I),KMT
2510771.75191,20.0548,0.3382,SSO_KMTA02,KMT(I),KMT
2510771.76365,20.0456,0.172,SSO_KMTA02,KMT(I),KMT
2510771.78297,19.7729,0.1285,SSO_KMTA02,KMT(I),KMT
2510771.7949899994,19.8116,0.1895,SSO_KMTA02,KMT(I),KMT
2510771.8068199996,20.1746,0.3025,SSO_KMTA02,KMT(I),KMT
2510771.82017,20.3534,2.925,SSO_KMTA02,KMT(I),KMT
2510772.6134600006,19.729,0.2339,SSO_KMTA02,KMT(I),KMT
2510772.62546,21.2953,3.2566,SSO_KMTA02,KMT(I),KMT
2510772.64482,19.9486,0.1979,SSO_KMTA02,KMT(I),KMT
2510772.65661,19.9018,0.2821,SSO_KMTA02,KMT(I),KMT
2510772.6687000003,19.7166,0.1581,SSO_KMTA02,KMT(I),KMT
2510772.6803,19.9872,0.1758,SSO_KMTA02,KMT(I),KMT
2510772.6923200004,19.5613,0.1524,SSO_KMTA02,KMT(I),KMT
2510772.7116599996,20.425,0.4307,SSO_KMTA02,KMT(I),KMT
2510772.7231799997,20.0798,0.2601,SSO_KMTA02,KMT(I),KMT
2510772.7346,20.0194,0.1895,SSO_KMTA02,KMT(I),KMT
2510772.7461200003,20.199,0.2821,SSO_KMTA02,KMT(I),KMT
2510772.75784,19.657,0.3178,SSO_KMTA02,KMT(I),KMT
2510772.7776500005,20.3473,0.4225,SSO_KMTA02,KMT(I),KMT
2510772.78993,20.4674,0.509,SSO_KMTA02,KMT(I),KMT
2510772.80189,20.4308,0.428,SSO_KMTA02,KMT(I),KMT
2510772.81374,19.9038,0.4759,SSO_KMTA02,KMT(I),KMT
2510773.6114499997,19.4153,0.1898,SSO_KMTA02,KMT(I),KMT
2510773.62345,19.0856,0.1599,SSO_KMTA02,KMT(I),KMT
2510773.64264,19.2367,0.1534,SSO_KMTA02,KMT(I),KMT
2510773.6545400005,19.2965,0.1609,SSO_KMTA02,KMT(I),KMT
2510773.6665400006,20.3666,0.4311,SSO_KMTA02,KMT(I),KMT
2510773.67849,19.2733,0.13,SSO_KMTA02,KMT(I),KMT
2510773.69025,20.3249,0.4861,SSO_KMTA02,KMT(I),KMT
2510774.61027,20.4065,0.6032,SSO_KMTA02,KMT(I),KMT
2510774.6220200006,19.375,0.2584,SSO_KMTA02,KMT(I),KMT
2510774.6340200007,20.1206,0.4723,SSO_KMTA02,KMT(I),KMT
2510774.6459100004,19.7868,0.2813,SSO_KMTA02,KMT(I),KMT
2510774.6577700004,20.3359,0.3932,SSO_KMTA02,KMT(I),KMT
2510774.6888800003,19.3925,0.1995,SSO_KMTA02,KMT(I),KMT
2510774.70921,20.5351,1.203,SSO_KMTA02,KMT(I),KMT
2510775.60755,20.4876,0.8209,SSO_KMTA02,KMT(I),KMT
2510775.61955,20.3443,0.4142,SSO_KMTA02,KMT(I),KMT
2510775.63609,19.8901,0.3019,SSO_KMTA02,KMT(I),KMT
2510775.6477499995,19.934,0.2457,SSO_KMTA02,KMT(I),KMT
2510775.6596,19.9314,0.4057,SSO_KMTA02,KMT(I),KMT
2510775.6787,19.6839,0.2079,SSO_KMTA02,KMT(I),KMT
2510775.6910999995,19.8573,0.4859,SSO_KMTA02,KMT(I),KMT
2510775.70294,19.7518,0.2661,SSO_KMTA02,KMT(I),KMT
2510775.7147499993,20.0742,0.4001,SSO_KMTA02,KMT(I),KMT
2510775.72652,20.4893,0.5912,SSO_KMTA02,KMT(I),KMT
2510775.74565,19.6188,0.1665,SSO_KMTA02,KMT(I),KMT
2510775.7576400004,20.0563,0.3012,SSO_KMTA02,KMT(I),KMT
2510775.7811900005,19.6609,0.3807,SSO_KMTA02,KMT(I),KMT
2510776.609,20.5011,0.7451,SSO_KMTA02,KMT(I),KMT
2510776.6204400007,19.4388,0.2104,SSO_KMTA02,KMT(I),KMT
2510776.6321,20.6171,1.037,SSO_KMTA02,KMT(I),KMT
2510776.64406,19.8983,0.3343,SSO_KMTA02,KMT(I),KMT
2510776.6565000005,19.9538,0.2931,SSO_KMTA02,KMT(I),KMT
2510776.67526,19.9821,0.2782,SSO_KMTA02,KMT(I),KMT
2510776.6943500005,20.8615,0.6018,SSO_KMTA02,KMT(I),KMT
2510776.70612,19.9903,0.219,SSO_KMTA02,KMT(I),KMT
2510776.72336,19.8286,0.2289,SSO_KMTA02,KMT(I),KMT
2510776.73513,19.8199,0.2355,SSO_KMTA02,KMT(I),KMT
2510776.7469500005,19.5977,0.1365,SSO_KMTA02,KMT(I),KMT
2510776.7661499996,20.1907,0.2261,SSO_KMTA02,KMT(I),KMT
2510776.77802,19.8307,0.1258,SSO_KMTA02,KMT(I),KMT
2510776.79034,19.9639,0.2235,SSO_KMTA02,KMT(I),KMT
2510776.8033799995,19.8554,0.209,SSO_KMTA02,KMT(I),KMT
2510776.81515,19.4362,0.2221,SSO_KMTA02,KMT(I),KMT
2510777.6046699993,18.89,0.1978,SSO_KMTA02,KMT(I),KMT
2510777.62526,19.3656,0.2111,SSO_KMTA02,KMT(I),KMT
2510777.63762,19.6232,0.2894,SSO_KMTA02,KMT(I),KMT
2510777.65013,20.3,0.751,SSO_KMTA02,KMT(I),KMT
2510777.6749099996,20.1291,0.5081,SSO_KMTA02,KMT(I),KMT
2510777.70708,19.8524,0.3901,SSO_KMTA02,KMT(I),KMT
2510777.7202000003,20.8393,4.3168,SSO_KMTA02,KMT(I),KMT
2510777.73345,20.0626,0.4202,SSO_KMTA02,KMT(I),KMT
2510777.7473399993,19.8269,0.4458,SSO_KMTA02,KMT(I),KMT
2510777.76987,19.6675,0.4056,SSO_KMTA02,KMT(I),KMT
2510777.8190599997,19.7044,0.7361,SSO_KMTA02,KMT(I),KMT
2510778.5978800002,19.8688,0.4226,SSO_KMTA02,KMT(I),KMT
2510778.62839,20.5625,1.3088,SSO_KMTA02,KMT(I),KMT
2510778.6402000003,19.4112,0.325,SSO_KMTA02,KMT(I),KMT
2510778.65206,20.0107,0.427,SSO_KMTA02,KMT(I),KMT
2510778.6638900004,19.6915,0.2324,SSO_KMTA02,KMT(I),KMT
2510778.67579,19.7347,0.2303,SSO_KMTA02,KMT(I),KMT
2510778.6948799994,19.4882,0.18,SSO_KMTA02,KMT(I),KMT
2510778.7068799995,19.4414,0.2277,SSO_KMTA02,KMT(I),KMT
2510778.71842,20.1186,0.5902,SSO_KMTA02,KMT(I),KMT
2510778.73018,19.8521,0.3514,SSO_KMTA02,KMT(I),KMT
2510778.7421499994,19.815,0.3129,SSO_KMTA02,KMT(I),KMT
2510778.76141,19.765,0.3429,SSO_KMTA02,KMT(I),KMT
2510778.77338,21.2001,1.3969,SSO_KMTA02,KMT(I),KMT
2510778.7853500005,20.1669,0.4359,SSO_KMTA02,KMT(I),KMT
2510778.79756,20.542,0.9955,SSO_KMTA02,KMT(I),KMT
2510778.81087,20.0651,0.7113,SSO_KMTA02,KMT(I),KMT
2510779.5948600005,19.8845,0.488,SSO_KMTA02,KMT(I),KMT
2510779.6139199995,19.5887,0.4861,SSO_KMTA02,KMT(I),KMT
2510779.63827,20.7402,1.9783,SSO_KMTA02,KMT(I),KMT
2510779.6501199994,20.274,1.1473,SSO_KMTA02,KMT(I),KMT
2510779.6629099995,19.4083,0.2561,SSO_KMTA02,KMT(I),KMT
2510779.68224,20.7912,1.4533,SSO_KMTA02,KMT(I),KMT
2510779.6940599997,20.2157,0.6906,SSO_KMTA02,KMT(I),KMT
2510779.70582,20.1107,0.4686,SSO_KMTA02,KMT(I),KMT
2510779.7176200002,20.1378,0.4956,SSO_KMTA02,KMT(I),KMT
2510779.72948,19.2341,0.2104,SSO_KMTA02,KMT(I),KMT
2510779.74869,20.079,0.5909,SSO_KMTA02,KMT(I),KMT
2510779.76069,19.7361,0.4243,SSO_KMTA02,KMT(I),KMT
2510779.7725600004,19.2157,0.311,SSO_KMTA02,KMT(I),KMT
2510779.7843900006,20.8771,3.9885,SSO_KMTA02,KMT(I),KMT
2510779.7964200005,19.5201,0.655,SSO_KMTA02,KMT(I),KMT
2510779.8156899996,20.0884,1.9435,SSO_KMTA02,KMT(I),KMT
2510780.5971600004,18.8102,0.2568,SSO_KMTA02,KMT(I),KMT
2510780.60939,19.1527,0.407,SSO_KMTA02,KMT(I),KMT
2510780.62113,18.6188,0.2253,SSO_KMTA02,KMT(I),KMT
2510780.64506,18.6547,0.2568,SSO_KMTA02,KMT(I),KMT
2510781.59664,20.6452,2.969,SSO_KMTA02,KMT(I),KMT
2510781.60848,20.0937,1.9264,SSO_KMTA02,KMT(I),KMT
2510781.6322799996,18.9808,0.291,SSO_KMTA02,KMT(I),KMT
2510781.64425,20.3557,1.7718,SSO_KMTA02,KMT(I),KMT
2510781.6769699994,19.2079,0.334,SSO_KMTA02,KMT(I),KMT
2510781.68862,19.4212,0.3289,SSO_KMTA02,KMT(I),KMT
2510781.70065,19.5489,0.4123,SSO_KMTA02,KMT(I),KMT
2510781.71253,19.855,0.6608,SSO_KMTA02,KMT(I),KMT
2510781.73159,20.8457,2.7652,SSO_KMTA02,KMT(I),KMT
2510781.7434899993,19.5646,0.368,SSO_KMTA02,KMT(I),KMT
2510781.7678500004,19.7926,0.4612,SSO_KMTA02,KMT(I),KMT
2510781.77936,20.2926,1.7999,SSO_KMTA02,KMT(I),KMT
2510781.8074200004,19.4984,0.8633,SSO_KMTA02,KMT(I),KMT
2510782.6227199994,19.6925,1.4676,SSO_KMTA02,KMT(I),KMT
2510782.73309,19.8597,3.2732,SSO_KMTA02,KMT(I),KMT
2510782.74486,19.4578,1.1328,SSO_KMTA02,KMT(I),KMT
2510782.76831,18.6594,0.6905,SSO_KMTA02,KMT(I),KMT
2510782.80937,18.806,0.9004,SSO_KMTA02,KMT(I),KMT
2510784.6134399995,19.0937,0.409,SSO_KMTA02,KMT(I),KMT
2510784.63707,19.5407,0.9204,SSO_KMTA02,KMT(I),KMT
2510784.6490899995,18.7937,0.3088,SSO_KMTA02,KMT(I),KMT
2510784.67067,20.0827,1.9333,SSO_KMTA02,KMT(I),KMT
2510784.68245,19.2363,0.3235,SSO_KMTA02,KMT(I),KMT
2510784.7089600004,19.7192,0.8204,SSO_KMTA02,KMT(I),KMT
2510784.7364799995,19.0526,0.2862,SSO_KMTA02,KMT(I),KMT
2510784.7692,19.1857,0.3187,SSO_KMTA02,KMT(I),KMT
2510784.78108,19.9024,0.7925,SSO_KMTA02,KMT(I),KMT
2510784.79268,19.8213,0.623,SSO_KMTA02,KMT(I),KMT
2510786.5772399995,19.8742,0.3787,SSO_KMTA02,KMT(I),KMT
2510786.58918,19.629,0.2451,SSO_KMTA02,KMT(I),KMT
2510786.6011999995,19.3747,0.208,SSO_KMTA02,KMT(I),KMT
2510786.6130299997,19.3562,0.199,SSO_KMTA02,KMT(I),KMT
2510786.6317999996,19.0936,0.1515,SSO_KMTA02,KMT(I),KMT
2510786.6437599994,19.028,0.1759,SSO_KMTA02,KMT(I),KMT
2510786.65572,20.8286,1.3025,SSO_KMTA02,KMT(I),KMT
2510786.66765,19.6803,0.2771,SSO_KMTA02,KMT(I),KMT
2510786.6794499997,20.1398,0.4197,SSO_KMTA02,KMT(I),KMT
2510786.69859,20.4801,0.7386,SSO_KMTA02,KMT(I),KMT
2510786.7103899997,20.7042,1.1967,SSO_KMTA02,KMT(I),KMT
2510786.73071,20.1346,0.3214,SSO_KMTA02,KMT(I),KMT
2510786.7425500005,19.9663,0.343,SSO_KMTA02,KMT(I),KMT
2510786.75502,19.9688,0.483,SSO_KMTA02,KMT(I),KMT
2510786.77436,19.4654,0.2201,SSO_KMTA02,KMT(I),KMT
2510786.78625,19.7323,0.3085,SSO_KMTA02,KMT(I),KMT
2510786.7982,19.7988,0.4995,SSO_KMTA02,KMT(I),KMT
2510786.8099300005,20.2377,0.6577,SSO_KMTA02,KMT(I),KMT
2510786.8218900003,19.0719,0.3976,SSO_KMTA02,KMT(I),KMT
2510787.60057,19.8463,0.6399,SSO_KMTA02,KMT(I),KMT
2510788.6027799994,20.7437,1.5677,SSO_KMTA02,KMT(I),KMT
2510788.6151,19.4709,0.2016,SSO_KMTA02,KMT(I),KMT
2510789.56848,19.0602,0.1699,SSO_KMTA02,KMT(I),KMT
2510789.58029,20.2191,0.3787,SSO_KMTA02,KMT(I),KMT
2510789.5922999997,19.7492,0.1909,SSO_KMTA02,KMT(I),KMT
2510789.6285699997,19.5379,0.3423,SSO_KMTA02,KMT(I),KMT
2510789.64037,19.9949,0.511,SSO_KMTA02,KMT(I),KMT
2510789.6516999993,20.1127,0.3238,SSO_KMTA02,KMT(I),KMT
2510789.66337,19.7006,0.2774,SSO_KMTA02,KMT(I),KMT
2510789.68241,19.7904,0.1905,SSO_KMTA02,KMT(I),KMT
2510789.6939000003,20.3665,0.4328,SSO_KMTA02,KMT(I),KMT
2510789.7051999997,19.8465,0.1934,SSO_KMTA02,KMT(I),KMT
2510789.71674,19.8605,0.1811,SSO_KMTA02,KMT(I),KMT
2510789.7290000003,20.4904,0.5289,SSO_KMTA02,KMT(I),KMT
2510789.7485099994,19.6834,0.3151,SSO_KMTA02,KMT(I),KMT
2510789.76767,19.8617,0.2362,SSO_KMTA02,KMT(I),KMT
2510789.7791099995,19.9023,0.2675,SSO_KMTA02,KMT(I),KMT
2510789.7910900004,19.7065,0.2328,SSO_KMTA02,KMT(I),KMT
2510789.8030399997,20.4566,0.6767,SSO_KMTA02,KMT(I),KMT
2510789.8148500007,19.9967,0.2889,SSO_KMTA02,KMT(I),KMT
2510790.5658,20.2216,0.4084,SSO_KMTA02,KMT(I),KMT
2510790.5774099994,20.3533,0.7445,SSO_KMTA02,KMT(I),KMT
2510790.5892200004,17.0104,0.551,SSO_KMTA02,KMT(I),KMT
2510790.61704,20.3939,0.8213,SSO_KMTA02,KMT(I),KMT
2510790.6362500004,19.1944,0.2354,SSO_KMTA02,KMT(I),KMT
2510790.6484200004,19.9162,0.3368,SSO_KMTA02,KMT(I),KMT
2510790.6601400003,19.9948,0.4776,SSO_KMTA02,KMT(I),KMT
2510790.6719499994,19.2774,0.6715,SSO_KMTA02,KMT(I),KMT
2510790.6839300003,19.9856,0.2927,SSO_KMTA02,KMT(I),KMT
2510790.7031699996,20.915,0.8181,SSO_KMTA02,KMT(I),KMT
2510790.71512,16.4075,1.0397,SSO_KMTA02,KMT(I),KMT
2510793.55593,20.6552,0.5343,SSO_KMTA02,KMT(I),KMT
2510793.5677300002,19.7013,0.2077,SSO_KMTA02,KMT(I),KMT
2510793.58679,20.162,0.3606,SSO_KMTA02,KMT(I),KMT
2510793.59832,19.754,0.2111,SSO_KMTA02,KMT(I),KMT
2510793.61053,20.3155,0.2917,SSO_KMTA02,KMT(I),KMT
2510793.6222,19.7002,0.1779,SSO_KMTA02,KMT(I),KMT
2510793.6340200007,20.5399,0.4988,SSO_KMTA02,KMT(I),KMT
2510793.6532499995,20.2745,0.391,SSO_KMTA02,KMT(I),KMT
2510793.6649600007,19.6611,0.2205,SSO_KMTA02,KMT(I),KMT
2510793.67669,19.9452,0.1887,SSO_KMTA02,KMT(I),KMT
2510793.68839,20.7154,0.7338,SSO_KMTA02,KMT(I),KMT
2510793.7002099995,20.0928,0.2937,SSO_KMTA02,KMT(I),KMT
2510793.71952,19.7915,0.2119,SSO_KMTA02,KMT(I),KMT
2510793.73154,20.2728,0.2644,SSO_KMTA02,KMT(I),KMT
2510793.7437200006,19.8823,0.2737,SSO_KMTA02,KMT(I),KMT
2510793.75571,20.5337,0.4688,SSO_KMTA02,KMT(I),KMT
2510793.7675400004,20.0663,0.2866,SSO_KMTA02,KMT(I),KMT
2510793.7866699994,20.3304,0.4045,SSO_KMTA02,KMT(I),KMT
2510794.5606500003,20.7344,1.5859,SSO_KMTA02,KMT(I),KMT
2510794.57254,19.8955,0.3985,SSO_KMTA02,KMT(I),KMT
2510794.62656,20.51,0.8171,SSO_KMTA02,KMT(I),KMT
2510794.6500400007,20.2506,0.3782,SSO_KMTA02,KMT(I),KMT
2510794.6692900006,19.7624,0.2754,SSO_KMTA02,KMT(I),KMT
2510794.68334,20.1058,0.345,SSO_KMTA02,KMT(I),KMT
2510794.6953800004,20.342,0.4021,SSO_KMTA02,KMT(I),KMT
2510794.7145099994,19.9012,0.2866,SSO_KMTA02,KMT(I),KMT
2510794.7259800006,19.473,0.1694,SSO_KMTA02,KMT(I),KMT
2510794.73762,19.8183,0.3002,SSO_KMTA02,KMT(I),KMT
2510794.74892,19.828,0.3134,SSO_KMTA02,KMT(I),KMT
2510794.76045,19.921,0.257,SSO_KMTA02,KMT(I),KMT
2510794.77981,19.8004,0.2509,SSO_KMTA02,KMT(I),KMT
2510794.7918800004,20.0288,0.313,SSO_KMTA02,KMT(I),KMT
2510794.8043,19.8535,0.236,SSO_KMTA02,KMT(I),KMT
2510794.81604,19.7633,0.1626,SSO_KMTA02,KMT(I),KMT
2510794.8280100003,20.7113,1.788,SSO_KMTA02,KMT(I),KMT
2510796.5634400006,19.6267,0.1971,SSO_KMTA02,KMT(I),KMT
2510796.5832199994,20.0126,0.3341,SSO_KMTA02,KMT(I),KMT
2510796.59564,19.2714,0.1996,SSO_KMTA02,KMT(I),KMT
2510796.6076500006,18.8902,0.1239,SSO_KMTA02,KMT(I),KMT
2510796.61955,19.9531,0.37,SSO_KMTA02,KMT(I),KMT
2510796.63145,19.6319,0.2448,SSO_KMTA02,KMT(I),KMT
2510796.6506399997,19.7637,0.3649,SSO_KMTA02,KMT(I),KMT
2510796.66282,19.6811,0.2749,SSO_KMTA02,KMT(I),KMT
2510797.56554,19.3983,0.1916,SSO_KMTA02,KMT(I),KMT
2510797.57886,19.4264,0.2506,SSO_KMTA02,KMT(I),KMT
2510797.5928499997,19.35,0.1472,SSO_KMTA02,KMT(I),KMT
2510797.6057699993,19.0654,0.213,SSO_KMTA02,KMT(I),KMT
2510797.6189099997,19.6405,0.2332,SSO_KMTA02,KMT(I),KMT
2510797.64482,19.3991,0.2057,SSO_KMTA02,KMT(I),KMT
2510797.66196,20.5697,0.6164,SSO_KMTA02,KMT(I),KMT
2510797.6743,19.9533,0.303,SSO_KMTA02,KMT(I),KMT
2510797.6915300004,19.4732,0.1677,SSO_KMTA02,KMT(I),KMT
2510797.7032500003,20.1754,0.4265,SSO_KMTA02,KMT(I),KMT
2510797.7147000004,19.9633,0.3063,SSO_KMTA02,KMT(I),KMT
2510797.73381,20.1414,0.459,SSO_KMTA02,KMT(I),KMT
2510797.74577,19.691,0.3065,SSO_KMTA02,KMT(I),KMT
2510798.54158,18.7624,0.1315,SSO_KMTA02,KMT(I),KMT
2510798.55215,19.808,0.2764,SSO_KMTA02,KMT(I),KMT
2510798.56369,19.8621,0.3063,SSO_KMTA02,KMT(I),KMT
2510798.57541,19.3718,0.1905,SSO_KMTA02,KMT(I),KMT
2510798.59459,19.5763,0.1966,SSO_KMTA02,KMT(I),KMT
2510798.6110299993,19.6508,0.263,SSO_KMTA02,KMT(I),KMT
2510798.62292,20.1918,0.3116,SSO_KMTA02,KMT(I),KMT
2510798.6392599996,19.8302,0.2243,SSO_KMTA02,KMT(I),KMT
2510798.65104,19.5436,0.1383,SSO_KMTA02,KMT(I),KMT
2510798.66986,20.8675,0.6889,SSO_KMTA02,KMT(I),KMT
2510798.68162,19.9079,0.2175,SSO_KMTA02,KMT(I),KMT
2510798.6933699995,19.4281,0.131,SSO_KMTA02,KMT(I),KMT
2510798.7052100003,19.8499,0.1815,SSO_KMTA02,KMT(I),KMT
2510798.7172100004,20.327,0.3646,SSO_KMTA02,KMT(I),KMT
2510798.73654,19.7206,0.2428,SSO_KMTA02,KMT(I),KMT
2510798.7523,19.8605,0.1707,SSO_KMTA02,KMT(I),KMT
2510798.76416,20.0177,0.2695,SSO_KMTA02,KMT(I),KMT
2510798.7760499995,20.2244,0.2572,SSO_KMTA02,KMT(I),KMT
2510798.7880499996,19.6224,0.1504,SSO_KMTA02,KMT(I),KMT
2510798.8071,19.8367,0.3017,SSO_KMTA02,KMT(I),KMT
2510798.8190400004,19.8678,0.3105,SSO_KMTA02,KMT(I),KMT
2510799.5542399995,20.2971,0.5768,SSO_KMTA02,KMT(I),KMT
2510799.5658800006,19.528,0.272,SSO_KMTA02,KMT(I),KMT
2510799.5851600002,20.6126,0.5417,SSO_KMTA02,KMT(I),KMT
2510799.5971300006,19.481,0.2159,SSO_KMTA02,KMT(I),KMT
2510799.60896,20.1641,0.41,SSO_KMTA02,KMT(I),KMT
2510799.6209999993,19.4709,0.1991,SSO_KMTA02,KMT(I),KMT
2510799.6446400005,19.8098,0.3331,SSO_KMTA02,KMT(I),KMT
2510800.55886,19.7462,0.1102,SSO_KMTA02,KMT(I),KMT
2510800.5709099993,20.0387,0.2133,SSO_KMTA02,KMT(I),KMT
2510800.58289,20.0602,0.1725,SSO_KMTA02,KMT(I),KMT
2510800.5949099995,20.0097,0.1386,SSO_KMTA02,KMT(I),KMT
2510800.6141800005,19.866,0.1393,SSO_KMTA02,KMT(I),KMT
2510800.6261299998,20.2108,0.1728,SSO_KMTA02,KMT(I),KMT
2510800.6408399995,20.1317,0.1919,SSO_KMTA02,KMT(I),KMT
2510800.6528399996,19.9477,0.1946,SSO_KMTA02,KMT(I),KMT
2510800.6646999996,19.9678,0.1618,SSO_KMTA02,KMT(I),KMT
2510800.6766999997,19.9511,0.1875,SSO_KMTA02,KMT(I),KMT
2510800.7018100005,19.7684,0.1901,SSO_KMTA02,KMT(I),KMT
2510800.7135700006,19.5283,0.1384,SSO_KMTA02,KMT(I),KMT
2510800.72542,20.2225,0.3465,SSO_KMTA02,KMT(I),KMT
2510800.7376499996,19.8735,0.2296,SSO_KMTA02,KMT(I),KMT
2510800.74957,19.9195,0.1694,SSO_KMTA02,KMT(I),KMT
2510800.76863,19.7661,0.1936,SSO_KMTA02,KMT(I),KMT
2510800.7806400005,19.3619,0.3702,SSO_KMTA02,KMT(I),KMT
2510801.5348499995,19.8418,0.2821,SSO_KMTA02,KMT(I),KMT
2510801.5467,19.9582,0.2037,SSO_KMTA02,KMT(I),KMT
2510801.55843,20.2485,0.2644,SSO_KMTA02,KMT(I),KMT
2510801.57752,19.9409,0.1864,SSO_KMTA02,KMT(I),KMT
2510801.58952,20.0033,0.2426,SSO_KMTA02,KMT(I),KMT
2510801.6015300006,19.8521,0.1828,SSO_KMTA02,KMT(I),KMT
2510801.6135399994,20.0387,0.2083,SSO_KMTA02,KMT(I),KMT
2510801.6254699994,19.7061,0.1253,SSO_KMTA02,KMT(I),KMT
2510801.64449,19.9655,0.146,SSO_KMTA02,KMT(I),KMT
2510801.65639,19.6626,0.0998,SSO_KMTA02,KMT(I),KMT
2510801.6681500003,19.7737,0.1544,SSO_KMTA02,KMT(I),KMT
2510801.6813900005,20.2813,0.2192,SSO_KMTA02,KMT(I),KMT
2510801.69321,19.9094,0.141,SSO_KMTA02,KMT(I),KMT
2510801.7124499995,19.816,0.1509,SSO_KMTA02,KMT(I),KMT
2510801.7247599997,19.7792,0.101,SSO_KMTA02,KMT(I),KMT
2510801.7365799993,19.9263,0.1178,SSO_KMTA02,KMT(I),KMT
2510801.74842,19.6868,0.1215,SSO_KMTA02,KMT(I),KMT
2510801.76014,20.0267,0.1323,SSO_KMTA02,KMT(I),KMT
2510801.7793499995,20.0814,0.2361,SSO_KMTA02,KMT(I),KMT
2510801.7912,20.2413,0.1918,SSO_KMTA02,KMT(I),KMT
2510801.80317,20.1218,0.1853,SSO_KMTA02,KMT(I),KMT
2510801.81501,19.6852,0.1256,SSO_KMTA02,KMT(I),KMT
2510801.8269800004,19.3751,0.1687,SSO_KMTA02,KMT(I),KMT
2510802.5517100003,20.0252,0.3977,SSO_KMTA02,KMT(I),KMT
2510802.56365,20.3635,0.3592,SSO_KMTA02,KMT(I),KMT
2510802.57563,20.0351,0.2188,SSO_KMTA02,KMT(I),KMT
2510802.5878299996,20.4001,0.6707,SSO_KMTA02,KMT(I),KMT
2510802.5996700004,19.876,0.2615,SSO_KMTA02,KMT(I),KMT
2510802.6185299996,20.1779,0.1953,SSO_KMTA02,KMT(I),KMT
2510802.62992,19.7601,0.2201,SSO_KMTA02,KMT(I),KMT
2510802.64162,19.6589,0.1499,SSO_KMTA02,KMT(I),KMT
2510802.65348,18.7814,0.4525,SSO_KMTA02,KMT(I),KMT
2510802.66533,19.9454,0.168,SSO_KMTA02,KMT(I),KMT
2510802.67727,19.9892,0.1849,SSO_KMTA02,KMT(I),KMT
2510802.6961199995,19.2481,0.1774,SSO_KMTA02,KMT(I),KMT
2510802.70747,19.2842,0.6637,SSO_KMTA02,KMT(I),KMT
2510802.7194299996,19.3494,0.1783,SSO_KMTA02,KMT(I),KMT
2510802.73125,19.7875,0.2146,SSO_KMTA02,KMT(I),KMT
2510802.7431499995,20.2559,0.261,SSO_KMTA02,KMT(I),KMT
2510802.7621100005,20.2209,0.2427,SSO_KMTA02,KMT(I),KMT
2510802.7739199996,20.2294,0.2574,SSO_KMTA02,KMT(I),KMT
2510802.79639,19.8572,0.2415,SSO_KMTA02,KMT(I),KMT
2510802.8083500005,19.495,0.1639,SSO_KMTA02,KMT(I),KMT
2510802.82941,20.2487,0.6483,SSO_KMTA02,KMT(I),KMT
2510803.54942,18.3134,0.1041,SSO_KMTA02,KMT(I),KMT
2510803.56499,17.7865,0.0636,SSO_KMTA02,KMT(I),KMT
2510803.58457,18.9394,0.1635,SSO_KMTA02,KMT(I),KMT
2510803.5987,19.6685,0.2664,SSO_KMTA02,KMT(I),KMT
2510803.61584,19.2172,0.1645,SSO_KMTA02,KMT(I),KMT
2510803.6365,19.5185,0.2621,SSO_KMTA02,KMT(I),KMT
2510803.6527999993,18.9088,0.1526,SSO_KMTA02,KMT(I),KMT
2510803.67471,18.9322,0.1845,SSO_KMTA02,KMT(I),KMT
2510803.69297,18.5789,0.1295,SSO_KMTA02,KMT(I),KMT
2510803.7045799997,18.3463,0.1032,SSO_KMTA02,KMT(I),KMT
2510803.72709,18.6326,0.1128,SSO_KMTA02,KMT(I),KMT
2510803.7386099994,19.0856,0.1431,SSO_KMTA02,KMT(I),KMT
2510803.7509499993,19.3626,0.1791,SSO_KMTA02,KMT(I),KMT
2510803.7653599996,19.2024,0.1778,SSO_KMTA02,KMT(I),KMT
2510803.7773899995,19.0127,0.1901,SSO_KMTA02,KMT(I),KMT
2510803.79837,18.5433,0.098,SSO_KMTA02,KMT(I),KMT
2510803.81327,18.0136,0.0812,SSO_KMTA02,KMT(I),KMT
2510803.82496,19.6037,0.4621,SSO_KMTA02,KMT(I),KMT
2510804.70699,19.8316,0.2555,SSO_KMTA02,KMT(I),KMT
2510804.7185900006,19.6474,0.2393,SSO_KMTA02,KMT(I),KMT
2510804.7375300005,20.0722,0.4091,SSO_KMTA02,KMT(I),KMT
2510804.7493200004,20.5395,0.6505,SSO_KMTA02,KMT(I),KMT
2510804.76116,19.3544,0.1835,SSO_KMTA02,KMT(I),KMT
2510804.7731999997,20.1578,0.3354,SSO_KMTA02,KMT(I),KMT
2510804.7852100004,20.7299,0.7543,SSO_KMTA02,KMT(I),KMT
2510804.80408,20.726,0.8825,SSO_KMTA02,KMT(I),KMT
2510805.5248099994,18.8378,0.1721,SSO_KMTA02,KMT(I),KMT
2510805.54127,20.6423,0.9033,SSO_KMTA02,KMT(I),KMT
2510805.55344,20.5956,1.2453,SSO_KMTA02,KMT(I),KMT
2510807.52417,19.5961,0.3172,SSO_KMTA02,KMT(I),KMT
2510807.53599,20.2299,2.0962,SSO_KMTA02,KMT(I),KMT
2510807.6064299997,19.9458,0.4916,SSO_KMTA02,KMT(I),KMT
2510807.6184400003,18.4993,0.3108,SSO_KMTA02,KMT(I),KMT
2510807.6304400004,19.7976,0.3025,SSO_KMTA02,KMT(I),KMT
2510807.63423,20.2042,0.3308,SSO_KMTA02,KMT(I),KMT
2510807.6459599994,20.9799,1.6887,SSO_KMTA02,KMT(I),KMT
2510807.6622,19.5751,0.2471,SSO_KMTA02,KMT(I),KMT
2510807.6816300005,19.8376,0.2271,SSO_KMTA02,KMT(I),KMT
2510807.6937300004,20.4102,0.486,SSO_KMTA02,KMT(I),KMT
2510807.69811,20.4062,0.361,SSO_KMTA02,KMT(I),KMT
2510807.71117,20.9763,1.1227,SSO_KMTA02,KMT(I),KMT
2510807.72666,19.7549,0.5234,SSO_KMTA02,KMT(I),KMT
2510807.73857,18.9434,0.2322,SSO_KMTA02,KMT(I),KMT
2510807.75796,20.1721,0.938,SSO_KMTA02,KMT(I),KMT
2510807.7699299995,19.9139,0.5828,SSO_KMTA02,KMT(I),KMT
2510807.7966300007,18.0198,1.1747,SSO_KMTA02,KMT(I),KMT
2510808.5226300005,19.502,0.4624,SSO_KMTA02,KMT(I),KMT
2510808.5662699994,19.4243,0.5841,SSO_KMTA02,KMT(I),KMT
2510808.57828,20.2663,3.0604,SSO_KMTA02,KMT(I),KMT
2510808.6126799993,20.1018,1.1481,SSO_KMTA02,KMT(I),KMT
2510809.52539,17.7772,0.913,SSO_KMTA02,KMT(I),KMT
2510809.53802,13.1605,0.1011,SSO_KMTA02,KMT(I),KMT
2510809.6187200006,12.0129,0.4613,SSO_KMTA02,KMT(I),KMT
2510812.51289,18.7668,0.1807,SSO_KMTA02,KMT(I),KMT
2510812.53766,19.7665,0.3075,SSO_KMTA02,KMT(I),KMT
2510812.5493100006,17.9298,0.0832,SSO_KMTA02,KMT(I),KMT
2510812.5612000003,19.0704,0.1943,SSO_KMTA02,KMT(I),KMT
2510812.58058,18.861,0.1502,SSO_KMTA02,KMT(I),KMT
2510812.5922599994,18.6143,0.1573,SSO_KMTA02,KMT(I),KMT
2510812.6037799995,18.1127,0.105,SSO_KMTA02,KMT(I),KMT
2510812.6156399995,18.773,0.1289,SSO_KMTA02,KMT(I),KMT
2510812.6314700004,19.4446,0.2988,SSO_KMTA02,KMT(I),KMT
2510812.6507600006,18.1408,0.1052,SSO_KMTA02,KMT(I),KMT
2510812.6699100006,18.1802,0.111,SSO_KMTA02,KMT(I),KMT
2510812.6816799995,18.9087,0.1928,SSO_KMTA02,KMT(I),KMT
2510812.6932800002,19.45,0.274,SSO_KMTA02,KMT(I),KMT
2510812.7052800003,18.2795,0.1072,SSO_KMTA02,KMT(I),KMT
2510812.71732,19.2483,0.1788,SSO_KMTA02,KMT(I),KMT
2510812.7366700005,19.2524,0.1555,SSO_KMTA02,KMT(I),KMT
2510812.74868,19.1241,0.2187,SSO_KMTA02,KMT(I),KMT
2510812.76045,19.3288,0.1767,SSO_KMTA02,KMT(I),KMT
2510812.77231,18.4152,0.1129,SSO_KMTA02,KMT(I),KMT
2510812.7837499995,19.5471,0.2611,SSO_KMTA02,KMT(I),KMT
2510812.8030399997,19.4467,0.2819,SSO_KMTA02,KMT(I),KMT
2510812.8150200006,19.0568,0.1954,SSO_KMTA02,KMT(I),KMT
2510812.8268,18.6527,0.1542,SSO_KMTA02,KMT(I),KMT
2510817.82104,17.2446,0.0489,SSO_KMTA02,KMT(I),KMT
2510817.83289,18.5436,0.1752,SSO_KMTA02,KMT(I),KMT
2510818.48941,20.0292,0.3329,SSO_KMTA02,KMT(I),KMT
2510818.5146900006,19.9577,0.2412,SSO_KMTA02,KMT(I),KMT
2510818.5341,19.5633,0.1397,SSO_KMTA02,KMT(I),KMT
2510818.5460899994,20.0972,0.2174,SSO_KMTA02,KMT(I),KMT
2510818.5578199998,19.7456,0.1811,SSO_KMTA02,KMT(I),KMT
2510818.56972,20.1623,0.6407,SSO_KMTA02,KMT(I),KMT
2510818.5817099996,19.0729,0.4037,SSO_KMTA02,KMT(I),KMT
2510818.62789,20.6169,0.9186,SSO_KMTA02,KMT(I),KMT
2510818.6398799997,20.1267,0.2381,SSO_KMTA02,KMT(I),KMT
2510818.6516900007,19.4692,0.6316,SSO_KMTA02,KMT(I),KMT
2510818.6823999994,19.2832,2.6989,SSO_KMTA02,KMT(I),KMT
2510818.69749,19.6854,0.3226,SSO_KMTA02,KMT(I),KMT
2510818.7094899993,18.0149,0.2073,SSO_KMTA02,KMT(I),KMT
2510818.75139,20.3959,0.5206,SSO_KMTA02,KMT(I),KMT
2510818.76306,20.4573,0.4134,SSO_KMTA02,KMT(I),KMT
2510818.7750000004,19.8708,0.355,SSO_KMTA02,KMT(I),KMT
2510818.7868600003,20.3084,0.3739,SSO_KMTA02,KMT(I),KMT
2510818.8061299995,20.198,0.3987,SSO_KMTA02,KMT(I),KMT
2510818.81948,19.9059,0.3207,SSO_KMTA02,KMT(I),KMT
2510818.83149,19.857,0.2687,SSO_KMTA02,KMT(I),KMT
2510819.4871699996,20.1478,0.4883,SSO_KMTA02,KMT(I),KMT
2510819.49911,19.7118,0.2348,SSO_KMTA02,KMT(I),KMT
2510819.5110100005,20.1181,0.2131,SSO_KMTA02,KMT(I),KMT
2510819.54323,20.2491,0.3989,SSO_KMTA02,KMT(I),KMT
2510819.55514,20.153,0.4466,SSO_KMTA02,KMT(I),KMT
2510819.56675,19.7793,0.4549,SSO_KMTA02,KMT(I),KMT
2510819.5787499994,20.2885,0.2992,SSO_KMTA02,KMT(I),KMT
2510819.59035,20.2555,0.5728,SSO_KMTA02,KMT(I),KMT
2510819.6087800004,19.9745,0.2051,SSO_KMTA02,KMT(I),KMT
2510819.62022,19.7929,0.1629,SSO_KMTA02,KMT(I),KMT
2510819.6322300006,19.751,0.2074,SSO_KMTA02,KMT(I),KMT
2510819.6439500004,20.156,0.1606,SSO_KMTA02,KMT(I),KMT
2510819.6559800003,19.9831,0.2494,SSO_KMTA02,KMT(I),KMT
2510819.6750600003,20.0908,0.2294,SSO_KMTA02,KMT(I),KMT
2510819.68683,20.0151,0.1914,SSO_KMTA02,KMT(I),KMT
2510819.69878,20.2033,0.2155,SSO_KMTA02,KMT(I),KMT
2510819.7105599996,20.1841,0.3003,SSO_KMTA02,KMT(I),KMT
2510819.7224400006,20.222,0.5601,SSO_KMTA02,KMT(I),KMT
2510819.7413800005,20.4118,0.3444,SSO_KMTA02,KMT(I),KMT
2510819.75292,19.927,0.2481,SSO_KMTA02,KMT(I),KMT
2510819.76466,20.6101,0.4071,SSO_KMTA02,KMT(I),KMT
2510819.7765500005,19.8571,0.2565,SSO_KMTA02,KMT(I),KMT
2510819.78833,20.2827,0.7226,SSO_KMTA02,KMT(I),KMT
2510819.8069899995,19.9853,0.3791,SSO_KMTA02,KMT(I),KMT
2510819.81876,19.5501,0.2144,SSO_KMTA02,KMT(I),KMT
2510819.8306099996,20.2129,0.5225,SSO_KMTA02,KMT(I),KMT
2510820.4856700003,18.0515,0.3934,SSO_KMTA02,KMT(I),KMT
2510822.5070900004,20.5495,0.475,SSO_KMTA02,KMT(I),KMT
2510822.5190699995,19.9457,0.3713,SSO_KMTA02,KMT(I),KMT
2510822.7218699995,20.1617,0.4377,SSO_KMTA02,KMT(I),KMT
2510822.73376,18.717,0.1307,SSO_KMTA02,KMT(I),KMT
2510822.7455,19.9023,0.2991,SSO_KMTA02,KMT(I),KMT
2510822.7571399994,19.5965,0.3178,SSO_KMTA02,KMT(I),KMT
2510822.7877600007,20.2963,0.5106,SSO_KMTA02,KMT(I),KMT
2510822.79964,18.4993,0.13,SSO_KMTA02,KMT(I),KMT
2510822.81116,19.4508,0.2232,SSO_KMTA02,KMT(I),KMT
2510822.82314,17.5531,0.0843,SSO_KMTA02,KMT(I),KMT
2510822.83519,17.8271,0.7387,SSO_KMTA02,KMT(I),KMT
2510825.4742399994,20.4473,0.4825,SSO_KMTA02,KMT(I),KMT
2510825.4935800005,19.9927,0.2,SSO_KMTA02,KMT(I),KMT
2510825.5054400004,20.0485,0.2479,SSO_KMTA02,KMT(I),KMT
2510825.5171499997,19.641,0.1455,SSO_KMTA02,KMT(I),KMT
2510825.52898,19.7,0.1918,SSO_KMTA02,KMT(I),KMT
2510825.5409399997,21.1889,0.7722,SSO_KMTA02,KMT(I),KMT
2510825.5600000005,20.1117,0.2143,SSO_KMTA02,KMT(I),KMT
2510825.57173,20.1404,0.2109,SSO_KMTA02,KMT(I),KMT
2510825.5832700003,19.513,0.1675,SSO_KMTA02,KMT(I),KMT
2510825.59521,19.8672,0.1366,SSO_KMTA02,KMT(I),KMT
2510825.60693,20.1841,0.1551,SSO_KMTA02,KMT(I),KMT
2510825.6257000007,19.7974,0.1732,SSO_KMTA02,KMT(I),KMT
2510825.6377300005,20.1311,0.2823,SSO_KMTA02,KMT(I),KMT
2510825.64956,19.7227,0.162,SSO_KMTA02,KMT(I),KMT
2510825.6732100006,20.3232,0.3089,SSO_KMTA02,KMT(I),KMT
2510825.69242,19.9266,0.1627,SSO_KMTA02,KMT(I),KMT
2510825.69556,19.9672,0.1825,SSO_KMTA02,KMT(I),KMT
2510825.70754,20.031,0.1818,SSO_KMTA02,KMT(I),KMT
2510825.7192599997,19.9602,0.1507,SSO_KMTA02,KMT(I),KMT
2510825.7310799994,20.4261,0.294,SSO_KMTA02,KMT(I),KMT
2510825.7427699994,20.224,0.4085,SSO_KMTA02,KMT(I),KMT
2510825.76224,16.7623,0.1423,SSO_KMTA02,KMT(I),KMT
2510825.7856,18.614,0.1476,SSO_KMTA02,KMT(I),KMT
2510825.8095200006,19.1675,0.1476,SSO_KMTA02,KMT(I),KMT
2510825.8285300005,19.5233,0.2653,SSO_KMTA02,KMT(I),KMT
2510825.83882,19.7453,0.485,SSO_KMTA02,KMT(I),KMT
2510826.48769,19.8921,0.2501,SSO_KMTA02,KMT(I),KMT
2510826.49955,20.2,0.3062,SSO_KMTA02,KMT(I),KMT
2510826.5114200003,20.2895,0.2371,SSO_KMTA02,KMT(I),KMT
2510826.52324,19.6927,0.1625,SSO_KMTA02,KMT(I),KMT
2510826.54235,19.9196,0.2396,SSO_KMTA02,KMT(I),KMT
2510826.55435,20.0608,0.2185,SSO_KMTA02,KMT(I),KMT
2510826.5663,19.2197,0.1461,SSO_KMTA02,KMT(I),KMT
2510826.57814,19.4478,0.1732,SSO_KMTA02,KMT(I),KMT
2510826.59009,19.5767,0.1508,SSO_KMTA02,KMT(I),KMT
2510826.6095000003,18.4764,0.0992,SSO_KMTA02,KMT(I),KMT
2510826.62158,18.745,0.1086,SSO_KMTA02,KMT(I),KMT
2510826.63356,19.6027,0.2097,SSO_KMTA02,KMT(I),KMT
2510826.64542,18.5541,0.0997,SSO_KMTA02,KMT(I),KMT
2510826.65744,19.9038,0.2134,SSO_KMTA02,KMT(I),KMT
2510826.66942,20.0416,0.2411,SSO_KMTA02,KMT(I),KMT
2510826.6908400003,19.1934,0.1384,SSO_KMTA02,KMT(I),KMT
2510826.70287,19.6939,0.1751,SSO_KMTA02,KMT(I),KMT
2510826.7177,19.7889,0.204,SSO_KMTA02,KMT(I),KMT
2510826.72973,19.7963,0.2687,SSO_KMTA02,KMT(I),KMT
2510826.7414999995,19.9071,0.193,SSO_KMTA02,KMT(I),KMT
2510826.7622100003,19.9574,0.1982,SSO_KMTA02,KMT(I),KMT
2510826.7740599997,19.9837,0.2661,SSO_KMTA02,KMT(I),KMT
2510826.78608,20.823,0.6348,SSO_KMTA02,KMT(I),KMT
2510826.79782,20.2164,0.4272,SSO_KMTA02,KMT(I),KMT
2510826.80982,20.2175,0.2539,SSO_KMTA02,KMT(I),KMT
2510827.4764099997,19.9225,0.2698,SSO_KMTA02,KMT(I),KMT
2510827.48836,19.7951,0.2083,SSO_KMTA02,KMT(I),KMT
2510827.50031,19.6511,0.2886,SSO_KMTA02,KMT(I),KMT
2510827.51965,19.8471,0.5453,SSO_KMTA02,KMT(I),KMT
2510827.54552,19.6917,0.2911,SSO_KMTA02,KMT(I),KMT
2510827.55743,19.6636,0.1901,SSO_KMTA02,KMT(I),KMT
2510827.58981,19.1676,0.2094,SSO_KMTA02,KMT(I),KMT
2510827.6129400004,20.0466,0.801,SSO_KMTA02,KMT(I),KMT
2510827.62469,19.9789,0.4464,SSO_KMTA02,KMT(I),KMT
2510827.6375600006,20.5618,1.7449,SSO_KMTA02,KMT(I),KMT
2510827.6567899995,19.3513,0.6524,SSO_KMTA02,KMT(I),KMT
2510827.66847,19.1554,0.7311,SSO_KMTA02,KMT(I),KMT
2510827.67995,19.7227,0.4453,SSO_KMTA02,KMT(I),KMT
2510827.70318,20.0163,0.5109,SSO_KMTA02,KMT(I),KMT
2510827.72246,19.7623,0.7196,SSO_KMTA02,KMT(I),KMT
2510827.75782,19.1629,0.514,SSO_KMTA02,KMT(I),KMT
2510829.4781100005,20.6472,0.8845,SSO_KMTA02,KMT(I),KMT
2510829.4929399993,19.5344,0.2217,SSO_KMTA02,KMT(I),KMT
2510829.5043,19.6195,0.2601,SSO_KMTA02,KMT(I),KMT
2510829.5162199996,19.5605,0.2219,SSO_KMTA02,KMT(I),KMT
2510829.54003,18.8554,0.6638,SSO_KMTA02,KMT(I),KMT
2510829.55934,19.02,0.2279,SSO_KMTA02,KMT(I),KMT
2510829.5711899996,20.6201,1.1619,SSO_KMTA02,KMT(I),KMT
2510829.58316,19.4098,0.178,SSO_KMTA02,KMT(I),KMT
2510829.59502,19.912,0.3636,SSO_KMTA02,KMT(I),KMT
2510829.60681,19.3112,0.1729,SSO_KMTA02,KMT(I),KMT
2510830.46786,18.9263,0.1316,SSO_KMTA02,KMT(I),KMT
2510830.48719,18.8697,0.1187,SSO_KMTA02,KMT(I),KMT
2510830.4988700002,19.2585,0.1911,SSO_KMTA02,KMT(I),KMT
2510830.5103,18.7705,0.1269,SSO_KMTA02,KMT(I),KMT
2510830.5222699996,19.026,0.1159,SSO_KMTA02,KMT(I),KMT
2510830.5341800004,20.0975,0.2535,SSO_KMTA02,KMT(I),KMT
2510830.5533300005,20.0612,0.3186,SSO_KMTA02,KMT(I),KMT
2510830.5652399994,19.955,0.2531,SSO_KMTA02,KMT(I),KMT
2510830.57663,20.0622,0.2689,SSO_KMTA02,KMT(I),KMT
2510830.58858,19.9057,0.2088,SSO_KMTA02,KMT(I),KMT
2510830.6005000006,20.0767,0.2737,SSO_KMTA02,KMT(I),KMT
2510830.61983,19.5008,0.1735,SSO_KMTA02,KMT(I),KMT
2510830.63598,19.5144,0.2361,SSO_KMTA02,KMT(I),KMT
2510830.6479599997,19.7857,0.2263,SSO_KMTA02,KMT(I),KMT
2510830.65991,19.8801,0.3115,SSO_KMTA02,KMT(I),KMT
2510830.6723299995,19.7734,0.1932,SSO_KMTA02,KMT(I),KMT
2510830.69192,19.904,0.1865,SSO_KMTA02,KMT(I),KMT
2510830.70381,19.8978,0.1552,SSO_KMTA02,KMT(I),KMT
2510830.7154900003,19.9914,0.2225,SSO_KMTA02,KMT(I),KMT
2510830.7270100005,20.057,0.2367,SSO_KMTA02,KMT(I),KMT
2510830.7390100006,19.7156,0.1646,SSO_KMTA02,KMT(I),KMT
2510830.75842,20.3428,0.3972,SSO_KMTA02,KMT(I),KMT
2510830.7704,19.487,0.1333,SSO_KMTA02,KMT(I),KMT
2510830.78225,20.28,0.3149,SSO_KMTA02,KMT(I),KMT
2510830.7938100006,20.1368,0.2317,SSO_KMTA02,KMT(I),KMT
2510830.8051900007,19.9521,0.2112,SSO_KMTA02,KMT(I),KMT
2510830.82438,19.9209,0.269,SSO_KMTA02,KMT(I),KMT
2510831.46772,20.1588,0.3524,SSO_KMTA02,KMT(I),KMT
2510831.4928600006,19.9625,0.2163,SSO_KMTA02,KMT(I),KMT
2510831.51188,19.9834,0.1702,SSO_KMTA02,KMT(I),KMT
2510831.5429299995,19.439,0.1236,SSO_KMTA02,KMT(I),KMT
2510831.55458,19.3617,0.2024,SSO_KMTA02,KMT(I),KMT
2510831.5665300004,18.9658,0.1433,SSO_KMTA02,KMT(I),KMT
2510831.5785300005,19.594,0.2489,SSO_KMTA02,KMT(I),KMT
2510831.5978299994,12.0374,1.4033,SSO_KMTA02,KMT(I),KMT
2510831.68434,20.1821,0.6721,SSO_KMTA02,KMT(I),KMT
2510831.69635,19.2085,0.2733,SSO_KMTA02,KMT(I),KMT
2510831.7138100006,20.2862,0.4203,SSO_KMTA02,KMT(I),KMT
2510831.7251200005,20.0458,0.2394,SSO_KMTA02,KMT(I),KMT
2510831.7444599997,19.9984,0.2011,SSO_KMTA02,KMT(I),KMT
2510831.7563000005,20.0644,0.3928,SSO_KMTA02,KMT(I),KMT
2510831.77994,19.7675,0.5529,SSO_KMTA02,KMT(I),KMT
2510831.81114,18.7064,0.4065,SSO_KMTA02,KMT(I),KMT
2510832.5165800005,19.0298,0.2157,SSO_KMTA02,KMT(I),KMT
2510832.57709,19.5592,0.2177,SSO_KMTA02,KMT(I),KMT
2510832.59636,20.2052,0.3674,SSO_KMTA02,KMT(I),KMT
2510832.62038,19.7617,0.1753,SSO_KMTA02,KMT(I),KMT
2510832.63241,20.0423,0.2836,SSO_KMTA02,KMT(I),KMT
2510832.64437,20.0896,0.2948,SSO_KMTA02,KMT(I),KMT
2510832.6682200003,19.846,0.2115,SSO_KMTA02,KMT(I),KMT
2510832.6800299995,19.5381,0.2106,SSO_KMTA02,KMT(I),KMT
2510832.69176,19.6889,0.1692,SSO_KMTA02,KMT(I),KMT
2510832.70381,20.2517,0.2956,SSO_KMTA02,KMT(I),KMT
2510832.71511,19.7209,0.1631,SSO_KMTA02,KMT(I),KMT
2510832.7338299993,19.1252,0.3084,SSO_KMTA02,KMT(I),KMT
2510832.7696599998,17.9604,0.3225,SSO_KMTA02,KMT(I),KMT
2510832.80134,11.8907,0.3506,SSO_KMTA02,KMT(I),KMT
2510833.4693299998,19.1404,0.2109,SSO_KMTA02,KMT(I),KMT
2510833.4811199997,19.8216,0.3355,SSO_KMTA02,KMT(I),KMT
2510833.49299,20.0702,0.4195,SSO_KMTA02,KMT(I),KMT
2510833.5049600005,19.7047,0.283,SSO_KMTA02,KMT(I),KMT
2510833.51674,20.0989,0.3042,SSO_KMTA02,KMT(I),KMT
2510833.53589,19.5682,0.2493,SSO_KMTA02,KMT(I),KMT
2510833.5475900006,19.6978,0.2565,SSO_KMTA02,KMT(I),KMT
2510833.56413,19.445,0.2988,SSO_KMTA02,KMT(I),KMT
2510833.57613,20.6616,0.8601,SSO_KMTA02,KMT(I),KMT
2510833.58794,19.9061,0.2297,SSO_KMTA02,KMT(I),KMT
2510833.6070499998,19.6394,0.2072,SSO_KMTA02,KMT(I),KMT
2510833.6198999994,19.9985,0.2626,SSO_KMTA02,KMT(I),KMT
2510833.63186,20.0563,0.2726,SSO_KMTA02,KMT(I),KMT
2510833.6438299995,19.6987,0.2114,SSO_KMTA02,KMT(I),KMT
2510833.65582,20.1288,0.3628,SSO_KMTA02,KMT(I),KMT
2510833.67504,19.569,0.1528,SSO_KMTA02,KMT(I),KMT
2510833.6868699994,19.8622,0.1974,SSO_KMTA02,KMT(I),KMT
2510833.6989,19.4848,0.1861,SSO_KMTA02,KMT(I),KMT
2510833.7108699996,20.4564,0.5353,SSO_KMTA02,KMT(I),KMT
2510834.60013,19.6468,0.6427,SSO_KMTA02,KMT(I),KMT
2510834.6232200004,19.0935,0.1777,SSO_KMTA02,KMT(I),KMT
2510834.6350100003,18.2028,0.1474,SSO_KMTA02,KMT(I),KMT
2510834.64714,19.1031,0.1747,SSO_KMTA02,KMT(I),KMT
2510834.65898,19.4549,0.2743,SSO_KMTA02,KMT(I),KMT
2510834.6710599996,19.331,0.2525,SSO_KMTA02,KMT(I),KMT
2510834.6904300004,21.2235,1.9691,SSO_KMTA02,KMT(I),KMT
2510834.70225,20.029,0.4186,SSO_KMTA02,KMT(I),KMT
2510834.7140800003,19.2246,0.2461,SSO_KMTA02,KMT(I),KMT
2510834.7257199995,19.458,0.239,SSO_KMTA02,KMT(I),KMT
2510834.73769,20.2821,1.7944,SSO_KMTA02,KMT(I),KMT
2510834.75629,15.2922,0.2374,SSO_KMTA02,KMT(I),KMT
2510836.56228,19.5462,0.463,SSO_KMTA02,KMT(I),KMT
2510836.5742000006,18.5578,0.6395,SSO_KMTA02,KMT(I),KMT
2510839.4630200006,19.5733,0.3072,SSO_KMTA02,KMT(I),KMT
2510839.4749999996,20.6674,1.292,SSO_KMTA02,KMT(I),KMT
2510839.4942499995,20.6136,1.0188,SSO_KMTA02,KMT(I),KMT
2510839.5063199997,19.6672,0.4203,SSO_KMTA02,KMT(I),KMT
2510839.5230400003,20.0726,0.5061,SSO_KMTA02,KMT(I),KMT
2510839.535,19.4697,0.3057,SSO_KMTA02,KMT(I),KMT
2510839.5483100004,20.6045,1.7415,SSO_KMTA02,KMT(I),KMT
2510839.5672500003,19.4595,0.2815,SSO_KMTA02,KMT(I),KMT
2510839.57902,19.5764,0.3343,SSO_KMTA02,KMT(I),KMT
2510839.5910899993,19.8783,0.3479,SSO_KMTA02,KMT(I),KMT
2510839.6036900003,20.1186,0.528,SSO_KMTA02,KMT(I),KMT
2510839.61756,20.5331,0.5634,SSO_KMTA02,KMT(I),KMT
2510839.6295299996,20.0103,0.551,SSO_KMTA02,KMT(I),KMT
2510839.6606399994,19.9408,0.3958,SSO_KMTA02,KMT(I),KMT
2510839.6645599995,19.6025,0.2523,SSO_KMTA02,KMT(I),KMT
2510839.6765400004,20.1392,0.6805,SSO_KMTA02,KMT(I),KMT
2510839.68857,19.8338,0.4047,SSO_KMTA02,KMT(I),KMT
2510839.7004899997,19.9812,0.3865,SSO_KMTA02,KMT(I),KMT
2510839.7198900003,20.3455,0.85,SSO_KMTA02,KMT(I),KMT
2510839.7329699993,19.7131,0.4143,SSO_KMTA02,KMT(I),KMT
2510839.7573099993,19.8999,0.5547,SSO_KMTA02,KMT(I),KMT
2510839.77087,19.6885,0.4552,SSO_KMTA02,KMT(I),KMT
2510839.7887399998,20.018,0.4777,SSO_KMTA02,KMT(I),KMT
2510839.7992000002,19.8495,0.391,SSO_KMTA02,KMT(I),KMT
2510840.4642399997,20.1159,0.3596,SSO_KMTA02,KMT(I),KMT
2510840.4760999996,19.5017,0.2165,SSO_KMTA02,KMT(I),KMT
2510840.4879800007,19.8579,0.2163,SSO_KMTA02,KMT(I),KMT
2510840.49998,20.0913,0.3356,SSO_KMTA02,KMT(I),KMT
2510840.5118000004,19.6459,0.2282,SSO_KMTA02,KMT(I),KMT
2510840.5312200002,19.6885,0.1695,SSO_KMTA02,KMT(I),KMT
2510840.5430500004,20.6019,0.5011,SSO_KMTA02,KMT(I),KMT
2510840.5548899993,19.7977,0.21,SSO_KMTA02,KMT(I),KMT
2510840.56688,19.6594,0.1903,SSO_KMTA02,KMT(I),KMT
2510840.58985,19.7739,0.2177,SSO_KMTA02,KMT(I),KMT
2510840.6091799997,20.4526,0.2954,SSO_KMTA02,KMT(I),KMT
2510840.6207,19.7741,0.1888,SSO_KMTA02,KMT(I),KMT
2510840.63253,19.7897,0.1891,SSO_KMTA02,KMT(I),KMT
2510840.64437,20.5288,0.4506,SSO_KMTA02,KMT(I),KMT
2510840.65623,19.6981,0.1709,SSO_KMTA02,KMT(I),KMT
2510840.6756800003,20.2333,0.3562,SSO_KMTA02,KMT(I),KMT
2510840.68767,19.8908,0.185,SSO_KMTA02,KMT(I),KMT
2510840.6991600003,20.0252,0.2369,SSO_KMTA02,KMT(I),KMT
2510840.71115,20.0839,0.2599,SSO_KMTA02,KMT(I),KMT
2510840.72301,19.8297,0.1856,SSO_KMTA02,KMT(I),KMT
2510840.73501,19.7268,0.1884,SSO_KMTA02,KMT(I),KMT
2510840.75397,20.477,0.5365,SSO_KMTA02,KMT(I),KMT
2510840.76566,19.5223,0.1874,SSO_KMTA02,KMT(I),KMT
2510840.77876,19.6428,0.2142,SSO_KMTA02,KMT(I),KMT
2510840.7881199997,21.0175,1.3322,SSO_KMTA02,KMT(I),KMT
2510840.79693,19.6851,0.2196,SSO_KMTA02,KMT(I),KMT
2510841.4613700006,19.2151,0.1443,SSO_KMTA02,KMT(I),KMT
2510841.47322,19.8156,0.3497,SSO_KMTA02,KMT(I),KMT
2510841.4850200005,19.8107,0.3322,SSO_KMTA02,KMT(I),KMT
2510841.5166800003,18.8849,0.3242,SSO_KMTA02,KMT(I),KMT
2510841.52852,19.974,0.3211,SSO_KMTA02,KMT(I),KMT
2510841.54029,19.9436,0.2569,SSO_KMTA02,KMT(I),KMT
2510841.5521600004,19.6205,0.1961,SSO_KMTA02,KMT(I),KMT
2510841.57097,19.6668,0.137,SSO_KMTA02,KMT(I),KMT
2510841.5828,19.8777,0.1847,SSO_KMTA02,KMT(I),KMT
2510841.59463,20.1297,0.2879,SSO_KMTA02,KMT(I),KMT
2510841.6064400002,21.2901,1.2268,SSO_KMTA02,KMT(I),KMT
2510841.6182000004,19.7354,0.23,SSO_KMTA02,KMT(I),KMT
2510841.63751,19.9897,0.2014,SSO_KMTA02,KMT(I),KMT
2510841.6493299995,19.4989,0.1473,SSO_KMTA02,KMT(I),KMT
2510841.6613100003,21.0143,0.8774,SSO_KMTA02,KMT(I),KMT
2510841.6728499997,19.624,0.105,SSO_KMTA02,KMT(I),KMT
2510841.6844699997,20.5002,0.3488,SSO_KMTA02,KMT(I),KMT
2510841.7035799995,19.4041,0.1642,SSO_KMTA02,KMT(I),KMT
2510841.7153900005,19.8371,0.2149,SSO_KMTA02,KMT(I),KMT
2510841.7271800004,19.7029,0.2152,SSO_KMTA02,KMT(I),KMT
2510841.7391599994,20.1167,0.3101,SSO_KMTA02,KMT(I),KMT
2510841.75117,20.1323,0.4754,SSO_KMTA02,KMT(I),KMT
2510841.7705300003,20.6594,0.7639,SSO_KMTA02,KMT(I),KMT
2510841.7823600005,20.0015,0.6289,SSO_KMTA02,KMT(I),KMT
2510841.7917299997,20.3623,0.7354,SSO_KMTA02,KMT(I),KMT
2510841.7959700003,20.5968,0.9613,SSO_KMTA02,KMT(I),KMT
2510842.45612,20.5629,1.3353,SSO_KMTA02,KMT(I),KMT
2510842.4681199994,18.9114,0.2006,SSO_KMTA02,KMT(I),KMT
2510842.48737,19.2318,0.2106,SSO_KMTA02,KMT(I),KMT
2510842.4991999995,19.2082,0.1712,SSO_KMTA02,KMT(I),KMT
2510842.5111999996,18.8223,0.1789,SSO_KMTA02,KMT(I),KMT
2510842.52303,19.3182,0.1767,SSO_KMTA02,KMT(I),KMT
2510842.5531399995,18.4975,0.1789,SSO_KMTA02,KMT(I),KMT
2510842.56511,20.2294,0.9447,SSO_KMTA02,KMT(I),KMT
2510842.57699,19.6052,0.3432,SSO_KMTA02,KMT(I),KMT
2510842.58866,19.6828,0.2045,SSO_KMTA02,KMT(I),KMT
2510842.60047,20.25,0.4595,SSO_KMTA02,KMT(I),KMT
2510842.60432,19.7724,0.225,SSO_KMTA02,KMT(I),KMT
2510842.6351299994,20.1869,0.3039,SSO_KMTA02,KMT(I),KMT
2510842.64712,20.3139,0.9002,SSO_KMTA02,KMT(I),KMT
2510842.6625999995,19.5097,1.7518,SSO_KMTA02,KMT(I),KMT
2510842.6746200006,18.5231,0.243,SSO_KMTA02,KMT(I),KMT
2510842.69381,18.979,0.5437,SSO_KMTA02,KMT(I),KMT
2510842.7057499997,18.0084,0.5727,SSO_KMTA02,KMT(I),KMT
2510843.44936,20.1672,0.3077,SSO_KMTA02,KMT(I),KMT
2510843.46232,20.1357,0.3042,SSO_KMTA02,KMT(I),KMT
2510843.47413,19.4128,0.2023,SSO_KMTA02,KMT(I),KMT
2510843.4930600002,20.2944,0.3406,SSO_KMTA02,KMT(I),KMT
2510843.50689,19.3451,0.1737,SSO_KMTA02,KMT(I),KMT
2510843.5187100004,19.8534,0.273,SSO_KMTA02,KMT(I),KMT
2510843.5322399996,19.408,0.2427,SSO_KMTA02,KMT(I),KMT
2510843.5450299997,20.6406,0.597,SSO_KMTA02,KMT(I),KMT
2510843.5643000007,19.4996,0.2224,SSO_KMTA02,KMT(I),KMT
2510843.58959,19.7175,0.2627,SSO_KMTA02,KMT(I),KMT
2510843.6136300005,20.1989,0.5374,SSO_KMTA02,KMT(I),KMT
2510843.62564,19.6325,0.2074,SSO_KMTA02,KMT(I),KMT
2510843.6448599994,19.7446,0.1967,SSO_KMTA02,KMT(I),KMT
2510843.6568400003,19.3537,0.1573,SSO_KMTA02,KMT(I),KMT
2510843.66863,19.7754,0.2915,SSO_KMTA02,KMT(I),KMT
2510843.6806000005,19.3637,0.209,SSO_KMTA02,KMT(I),KMT
2510843.6971899997,18.0277,0.0645,SSO_KMTA02,KMT(I),KMT
2510843.71646,19.4437,0.2484,SSO_KMTA02,KMT(I),KMT
2510843.7279899996,18.2792,0.1009,SSO_KMTA02,KMT(I),KMT
2510843.73967,20.1965,0.4884,SSO_KMTA02,KMT(I),KMT
2510843.7632400002,19.3393,0.2493,SSO_KMTA02,KMT(I),KMT
2510843.77499,19.046,0.1617,SSO_KMTA02,KMT(I),KMT
2510844.4419100005,19.7161,0.2816,SSO_KMTA02,KMT(I),KMT
2510844.4537199996,20.1866,0.3423,SSO_KMTA02,KMT(I),KMT
2510844.4655300006,19.8647,0.2743,SSO_KMTA02,KMT(I),KMT
2510844.47781,20.0417,0.2268,SSO_KMTA02,KMT(I),KMT
2510844.4893699996,20.3241,0.2886,SSO_KMTA02,KMT(I),KMT
2510844.5142899994,19.8812,0.2163,SSO_KMTA02,KMT(I),KMT
2510844.5259499997,19.8924,0.1815,SSO_KMTA02,KMT(I),KMT
2510844.53795,19.954,0.1749,SSO_KMTA02,KMT(I),KMT
2510844.54992,19.8379,0.1466,SSO_KMTA02,KMT(I),KMT
2510844.56149,20.0168,0.1956,SSO_KMTA02,KMT(I),KMT
2510844.58057,19.9392,0.1534,SSO_KMTA02,KMT(I),KMT
2510844.59647,19.8869,0.1546,SSO_KMTA02,KMT(I),KMT
2510844.60846,19.9769,0.1901,SSO_KMTA02,KMT(I),KMT
2510844.6201300006,20.2398,0.2302,SSO_KMTA02,KMT(I),KMT
2510844.6317500006,20.0658,0.115,SSO_KMTA02,KMT(I),KMT
2510844.6507099997,20.1489,0.1866,SSO_KMTA02,KMT(I),KMT
2510844.66268,19.9641,0.143,SSO_KMTA02,KMT(I),KMT
2510844.6746999994,20.047,0.1414,SSO_KMTA02,KMT(I),KMT
2510844.6893499997,20.0772,0.1875,SSO_KMTA02,KMT(I),KMT
2510844.7012,20.1795,0.222,SSO_KMTA02,KMT(I),KMT
2510844.7202700004,19.9492,0.13,SSO_KMTA02,KMT(I),KMT
2510844.7317399997,19.8916,0.1521,SSO_KMTA02,KMT(I),KMT
2510844.7437500004,19.7091,0.1425,SSO_KMTA02,KMT(I),KMT
2510844.7557299994,20.2063,0.1825,SSO_KMTA02,KMT(I),KMT
2510844.76767,20.8024,0.4147,SSO_KMTA02,KMT(I),KMT
2510844.78017,19.781,0.1373,SSO_KMTA02,KMT(I),KMT
2510844.7861199994,19.8907,0.1857,SSO_KMTA02,KMT(I),KMT
2510845.43924,19.9142,0.167,SSO_KMTA02,KMT(I),KMT
2510845.4587900005,19.8792,0.1297,SSO_KMTA02,KMT(I),KMT
2510845.4721300006,20.2169,0.1919,SSO_KMTA02,KMT(I),KMT
2510845.48391,19.9551,0.1262,SSO_KMTA02,KMT(I),KMT
2510845.5028,20.0803,0.1073,SSO_KMTA02,KMT(I),KMT
2510845.5148099996,20.0941,0.1442,SSO_KMTA02,KMT(I),KMT
2510845.52687,19.7677,0.1028,SSO_KMTA02,KMT(I),KMT
2510845.53859,19.7794,0.0959,SSO_KMTA02,KMT(I),KMT
2510845.5505,20.0792,0.1431,SSO_KMTA02,KMT(I),KMT
2510845.56989,20.0953,0.2131,SSO_KMTA02,KMT(I),KMT
2510845.5891200006,19.891,0.1115,SSO_KMTA02,KMT(I),KMT
2510845.6010100003,19.9746,0.132,SSO_KMTA02,KMT(I),KMT
2510845.6126000006,20.0687,0.0955,SSO_KMTA02,KMT(I),KMT
2510845.62459,19.89,0.1099,SSO_KMTA02,KMT(I),KMT
2510845.6365600005,19.8662,0.1122,SSO_KMTA02,KMT(I),KMT
2510845.65522,19.9347,0.0958,SSO_KMTA02,KMT(I),KMT
2510845.66687,20.1121,0.1793,SSO_KMTA02,KMT(I),KMT
2510845.67846,20.1415,0.1993,SSO_KMTA02,KMT(I),KMT
2510845.6899500005,19.8999,0.1165,SSO_KMTA02,KMT(I),KMT
2510845.70314,19.8474,0.1325,SSO_KMTA02,KMT(I),KMT
2510845.7221099995,20.2333,0.1895,SSO_KMTA02,KMT(I),KMT
2510845.7339200005,19.9916,0.192,SSO_KMTA02,KMT(I),KMT
2510845.7455700003,20.0528,0.1086,SSO_KMTA02,KMT(I),KMT
2510845.75753,20.056,0.1366,SSO_KMTA02,KMT(I),KMT
2510845.7693,20.1151,0.1181,SSO_KMTA02,KMT(I),KMT
2510846.43088,19.9917,0.2786,SSO_KMTA02,KMT(I),KMT
2510846.4428400006,20.2386,0.228,SSO_KMTA02,KMT(I),KMT
2510846.4547499996,19.9362,0.2829,SSO_KMTA02,KMT(I),KMT
2510846.47425,19.7605,0.2531,SSO_KMTA02,KMT(I),KMT
2510846.48625,19.892,0.2029,SSO_KMTA02,KMT(I),KMT
2510846.49833,19.8052,0.2235,SSO_KMTA02,KMT(I),KMT
2510846.51019,19.7751,0.1956,SSO_KMTA02,KMT(I),KMT
2510846.52216,19.5509,0.1552,SSO_KMTA02,KMT(I),KMT
2510846.54155,19.5438,0.1584,SSO_KMTA02,KMT(I),KMT
2510846.55339,19.627,0.1871,SSO_KMTA02,KMT(I),KMT
2510846.56542,20.8507,0.4902,SSO_KMTA02,KMT(I),KMT
2510846.5816600006,21.361,1.0038,SSO_KMTA02,KMT(I),KMT
2510846.5939799994,20.2054,0.3091,SSO_KMTA02,KMT(I),KMT
2510846.6059499998,19.2667,0.1377,SSO_KMTA02,KMT(I),KMT
2510846.6261,19.1196,0.1385,SSO_KMTA02,KMT(I),KMT
2510846.63796,19.8973,0.2866,SSO_KMTA02,KMT(I),KMT
2510846.6498099994,19.8021,0.1849,SSO_KMTA02,KMT(I),KMT
2510846.66185,20.4465,0.349,SSO_KMTA02,KMT(I),KMT
2510846.67736,20.2628,0.3568,SSO_KMTA02,KMT(I),KMT
2510846.7004499994,19.8603,0.2228,SSO_KMTA02,KMT(I),KMT
2510846.7127800006,20.0668,0.1683,SSO_KMTA02,KMT(I),KMT
2510846.7247899994,19.8675,0.1988,SSO_KMTA02,KMT(I),KMT
2510846.73685,19.7733,0.1357,SSO_KMTA02,KMT(I),KMT
2510846.76064,19.8852,0.1909,SSO_KMTA02,KMT(I),KMT
2510846.7751599997,20.0322,0.2867,SSO_KMTA02,KMT(I),KMT
2510847.41345,19.422,0.1593,SSO_KMTA02,KMT(I),KMT
2510847.4252499994,20.043,0.3285,SSO_KMTA02,KMT(I),KMT
2510847.4370300006,19.6417,0.2243,SSO_KMTA02,KMT(I),KMT
2510847.4564200006,19.9392,0.2754,SSO_KMTA02,KMT(I),KMT
2510847.46842,19.7227,0.2048,SSO_KMTA02,KMT(I),KMT
2510847.4803800005,20.1075,0.1609,SSO_KMTA02,KMT(I),KMT
2510847.4922899995,19.935,0.1442,SSO_KMTA02,KMT(I),KMT
2510847.5041300002,20.072,0.1344,SSO_KMTA02,KMT(I),KMT
2510847.52341,19.6923,0.17,SSO_KMTA02,KMT(I),KMT
2510847.53544,20.0108,0.249,SSO_KMTA02,KMT(I),KMT
2510847.5475399997,19.283,0.1786,SSO_KMTA02,KMT(I),KMT
2510847.55944,19.9223,0.2276,SSO_KMTA02,KMT(I),KMT
2510847.5714599993,19.891,0.2385,SSO_KMTA02,KMT(I),KMT
2510847.59088,19.7384,0.2043,SSO_KMTA02,KMT(I),KMT
2510847.60315,20.0754,0.2033,SSO_KMTA02,KMT(I),KMT
2510847.61508,20.1362,0.1856,SSO_KMTA02,KMT(I),KMT
2510847.6380000003,19.8204,0.1525,SSO_KMTA02,KMT(I),KMT
2510847.6498499997,20.5539,0.3891,SSO_KMTA02,KMT(I),KMT
2510847.66921,20.419,0.252,SSO_KMTA02,KMT(I),KMT
2510847.68124,19.7063,0.1367,SSO_KMTA02,KMT(I),KMT
2510847.6927000005,20.5803,0.4361,SSO_KMTA02,KMT(I),KMT
2510847.7043900006,20.5277,0.3591,SSO_KMTA02,KMT(I),KMT
2510847.71641,20.2702,0.2798,SSO_KMTA02,KMT(I),KMT
2510847.73554,19.4288,0.1334,SSO_KMTA02,KMT(I),KMT
2510847.7475199997,20.478,0.3111,SSO_KMTA02,KMT(I),KMT
2510847.75959,20.7185,0.5261,SSO_KMTA02,KMT(I),KMT
2510848.41978,20.5763,2.0525,SSO_KMTA02,KMT(I),KMT
2510848.46282,19.6703,0.3824,SSO_KMTA02,KMT(I),KMT
2510848.47477,19.3359,0.2694,SSO_KMTA02,KMT(I),KMT
2510848.48663,20.0066,0.762,SSO_KMTA02,KMT(I),KMT
2510848.49847,19.9519,0.6138,SSO_KMTA02,KMT(I),KMT
2510848.5171300005,20.0005,1.0728,SSO_KMTA02,KMT(I),KMT
2510848.5283700004,19.7416,0.4348,SSO_KMTA02,KMT(I),KMT
2510848.5521,19.7834,0.3241,SSO_KMTA02,KMT(I),KMT
2510848.5644700006,19.9711,0.215,SSO_KMTA02,KMT(I),KMT
2510848.5834100004,19.7415,0.2482,SSO_KMTA02,KMT(I),KMT
2510848.59476,20.0872,0.1809,SSO_KMTA02,KMT(I),KMT
2510848.60654,18.5487,0.3673,SSO_KMTA02,KMT(I),KMT
2510848.6299099997,19.581,0.3058,SSO_KMTA02,KMT(I),KMT
2510848.64901,19.8843,0.5583,SSO_KMTA02,KMT(I),KMT
2510848.6606900003,19.6773,0.2602,SSO_KMTA02,KMT(I),KMT
2510848.6724200007,20.5655,2.1544,SSO_KMTA02,KMT(I),KMT
2510848.6844299994,18.5871,0.9802,SSO_KMTA02,KMT(I),KMT
2510848.7155300006,20.7153,0.4741,SSO_KMTA02,KMT(I),KMT
2510848.72743,20.1093,0.3688,SSO_KMTA02,KMT(I),KMT
2510848.73915,20.3546,0.5255,SSO_KMTA02,KMT(I),KMT
2510848.7509700004,20.0485,0.4244,SSO_KMTA02,KMT(I),KMT
2510849.4087499995,19.0073,0.1512,SSO_KMTA02,KMT(I),KMT
2510849.4206,19.3576,0.2228,SSO_KMTA02,KMT(I),KMT
2510850.4603700005,19.0937,0.1582,SSO_KMTA02,KMT(I),KMT
2510850.4724000003,18.8977,0.1282,SSO_KMTA02,KMT(I),KMT
2510850.48427,19.5261,0.2164,SSO_KMTA02,KMT(I),KMT
2510850.4962399993,20.2277,0.3692,SSO_KMTA02,KMT(I),KMT
2510850.51516,19.9142,0.2801,SSO_KMTA02,KMT(I),KMT
2510850.52678,20.0857,0.2591,SSO_KMTA02,KMT(I),KMT
2510850.53878,19.9105,0.2615,SSO_KMTA02,KMT(I),KMT
2510850.5506999996,20.6569,0.5749,SSO_KMTA02,KMT(I),KMT
2510850.56269,19.6848,0.2422,SSO_KMTA02,KMT(I),KMT
2510850.58588,19.2276,0.1784,SSO_KMTA02,KMT(I),KMT
2510850.59738,18.9453,0.1264,SSO_KMTA02,KMT(I),KMT
2510850.59942,19.2193,0.1315,SSO_KMTA02,KMT(I),KMT
2510850.6119100004,19.5821,0.2417,SSO_KMTA02,KMT(I),KMT
2510850.6238599997,19.4937,0.2025,SSO_KMTA02,KMT(I),KMT
2510850.63789,19.9902,0.2491,SSO_KMTA02,KMT(I),KMT
2510850.65675,20.7548,0.7527,SSO_KMTA02,KMT(I),KMT
2510850.66833,19.7294,0.2308,SSO_KMTA02,KMT(I),KMT
2510850.6799,19.8377,0.2729,SSO_KMTA02,KMT(I),KMT
2510850.6917199995,20.1936,0.3707,SSO_KMTA02,KMT(I),KMT
2510850.7034,19.7519,0.1809,SSO_KMTA02,KMT(I),KMT
2510850.7225400005,19.8693,0.2366,SSO_KMTA02,KMT(I),KMT
2510850.7344899997,20.1492,0.3255,SSO_KMTA02,KMT(I),KMT
2510850.74615,19.8173,0.3309,SSO_KMTA02,KMT(I),KMT
2510850.75782,19.8152,0.2668,SSO_KMTA02,KMT(I),KMT
2510851.6825900003,17.7017,0.0639,SSO_KMTA02,KMT(I),KMT
2510851.70153,16.2181,0.0294,SSO_KMTA02,KMT(I),KMT
2510851.71316,16.96,0.061,SSO_KMTA02,KMT(I),KMT
2510851.75301,17.3815,0.0532,SSO_KMTA02,KMT(I),KMT
2510852.3969100006,19.0984,0.1888,SSO_KMTA02,KMT(I),KMT
2510852.41612,20.2487,0.4948,SSO_KMTA02,KMT(I),KMT
2510852.4285199996,19.015,0.1316,SSO_KMTA02,KMT(I),KMT
2510852.44051,19.419,0.1657,SSO_KMTA02,KMT(I),KMT
2510852.4523399994,18.0938,0.0888,SSO_KMTA02,KMT(I),KMT
2510852.4641999993,18.2839,0.0864,SSO_KMTA02,KMT(I),KMT
2510852.48637,18.3711,0.1039,SSO_KMTA02,KMT(I),KMT
2510852.4983600006,19.0656,0.1403,SSO_KMTA02,KMT(I),KMT
2510852.51394,19.5995,0.2774,SSO_KMTA02,KMT(I),KMT
2510852.5258399993,18.5411,0.1006,SSO_KMTA02,KMT(I),KMT
2510852.53787,18.6889,0.116,SSO_KMTA02,KMT(I),KMT
2510852.55738,19.4293,0.1873,SSO_KMTA02,KMT(I),KMT
2510852.5695,20.0968,0.3021,SSO_KMTA02,KMT(I),KMT
2510852.5815200005,20.1031,0.2627,SSO_KMTA02,KMT(I),KMT
2510852.6041400004,19.7647,0.1965,SSO_KMTA02,KMT(I),KMT
2510852.6157,19.618,0.1462,SSO_KMTA02,KMT(I),KMT
2510852.6349100005,19.5956,0.1254,SSO_KMTA02,KMT(I),KMT
2510852.6469,20.2288,0.3308,SSO_KMTA02,KMT(I),KMT
2510852.6589,19.2055,0.1404,SSO_KMTA02,KMT(I),KMT
2510852.6709000003,19.4895,0.1623,SSO_KMTA02,KMT(I),KMT
2510852.68281,19.7622,0.1662,SSO_KMTA02,KMT(I),KMT
2510852.70213,19.4173,0.1669,SSO_KMTA02,KMT(I),KMT
2510852.71399,19.7792,0.3075,SSO_KMTA02,KMT(I),KMT
2510852.7259599995,19.8091,0.2041,SSO_KMTA02,KMT(I),KMT
2510852.7377199996,19.1849,0.1491,SSO_KMTA02,KMT(I),KMT
2510852.74928,18.1687,0.0825,SSO_KMTA02,KMT(I),KMT
2510852.7617799994,18.7331,0.124,SSO_KMTA02,KMT(I),KMT
2510853.39968,19.9387,0.2399,SSO_KMTA02,KMT(I),KMT
2510853.4115500003,20.2273,0.394,SSO_KMTA02,KMT(I),KMT
2510853.42318,19.6889,0.232,SSO_KMTA02,KMT(I),KMT
2510853.43489,20.4993,0.3928,SSO_KMTA02,KMT(I),KMT
2510853.44658,19.3218,0.1453,SSO_KMTA02,KMT(I),KMT
2510853.46543,19.5815,0.1425,SSO_KMTA02,KMT(I),KMT
2510853.4774,20.1095,0.3276,SSO_KMTA02,KMT(I),KMT
2510853.4891,19.8324,0.1717,SSO_KMTA02,KMT(I),KMT
2510853.50101,20.3042,0.2459,SSO_KMTA02,KMT(I),KMT
2510853.5126900002,20.2888,0.299,SSO_KMTA02,KMT(I),KMT
2510853.52455,19.6977,0.1698,SSO_KMTA02,KMT(I),KMT
2510853.5478600003,20.0323,0.3344,SSO_KMTA02,KMT(I),KMT
2510853.5596399996,19.284,0.1597,SSO_KMTA02,KMT(I),KMT
2510853.57163,18.8676,0.1285,SSO_KMTA02,KMT(I),KMT
2510853.5837900005,19.0162,0.1633,SSO_KMTA02,KMT(I),KMT
2510853.59581,18.8946,0.1304,SSO_KMTA02,KMT(I),KMT
2510854.3934199996,19.4588,0.2225,SSO_KMTA02,KMT(I),KMT
2510854.41261,19.9676,0.2365,SSO_KMTA02,KMT(I),KMT
2510854.42447,20.4716,0.4275,SSO_KMTA02,KMT(I),KMT
2510854.4363899995,20.0128,0.2363,SSO_KMTA02,KMT(I),KMT
2510854.44835,20.2034,0.3897,SSO_KMTA02,KMT(I),KMT
2510854.48553,19.932,0.2495,SSO_KMTA02,KMT(I),KMT
2510854.49732,20.1145,0.1603,SSO_KMTA02,KMT(I),KMT
2510854.5091900006,20.4256,0.3448,SSO_KMTA02,KMT(I),KMT
2510854.5210299995,20.1526,0.2763,SSO_KMTA02,KMT(I),KMT
2510854.5622199997,19.9975,0.4711,SSO_KMTA02,KMT(I),KMT
2510854.5742300004,19.9078,0.1834,SSO_KMTA02,KMT(I),KMT
2510854.5860200003,19.7811,0.1492,SSO_KMTA02,KMT(I),KMT
2510854.5976100005,20.1415,0.2257,SSO_KMTA02,KMT(I),KMT
2510854.60936,19.8,0.1171,SSO_KMTA02,KMT(I),KMT
2510854.62863,19.8328,0.1585,SSO_KMTA02,KMT(I),KMT
2510854.64045,19.5054,0.2052,SSO_KMTA02,KMT(I),KMT
2510854.6942999996,17.0965,0.5621,SSO_KMTA02,KMT(I),KMT
2510855.3939999994,19.9949,0.36,SSO_KMTA02,KMT(I),KMT
2510855.40869,19.5114,0.1743,SSO_KMTA02,KMT(I),KMT
2510855.4205099996,19.774,0.2252,SSO_KMTA02,KMT(I),KMT
2510855.43205,20.0561,0.2851,SSO_KMTA02,KMT(I),KMT
2510855.45142,19.2317,0.123,SSO_KMTA02,KMT(I),KMT
2510855.46327,19.5348,0.1525,SSO_KMTA02,KMT(I),KMT
2510855.4784699995,20.0266,0.2547,SSO_KMTA02,KMT(I),KMT
2510855.4902800005,20.179,0.2928,SSO_KMTA02,KMT(I),KMT
2510855.5017799996,20.104,0.2311,SSO_KMTA02,KMT(I),KMT
2510855.52573,19.6555,0.1124,SSO_KMTA02,KMT(I),KMT
2510855.54462,20.3901,0.2896,SSO_KMTA02,KMT(I),KMT
2510855.5564900003,19.9809,0.1512,SSO_KMTA02,KMT(I),KMT
2510855.568,19.778,0.1577,SSO_KMTA02,KMT(I),KMT
2510855.5800100006,19.8937,0.1326,SSO_KMTA02,KMT(I),KMT
2510855.59196,19.6599,0.1296,SSO_KMTA02,KMT(I),KMT
2510855.6159000006,19.8459,0.1507,SSO_KMTA02,KMT(I),KMT
2510855.6277099997,20.0053,0.2042,SSO_KMTA02,KMT(I),KMT
2510855.6395500004,20.3324,0.2496,SSO_KMTA02,KMT(I),KMT
2510855.6514100004,20.0135,0.1977,SSO_KMTA02,KMT(I),KMT
2510855.66337,20.2352,0.2747,SSO_KMTA02,KMT(I),KMT
2510855.68258,20.0051,0.2139,SSO_KMTA02,KMT(I),KMT
2510855.6944200005,19.8125,0.1587,SSO_KMTA02,KMT(I),KMT
2510855.70624,19.9509,0.1736,SSO_KMTA02,KMT(I),KMT
2510855.71767,19.9948,0.1757,SSO_KMTA02,KMT(I),KMT
2510855.72965,20.0908,0.1983,SSO_KMTA02,KMT(I),KMT
2510855.74314,20.0577,0.2014,SSO_KMTA02,KMT(I),KMT
2510855.7536500003,20.4506,0.3493,SSO_KMTA02,KMT(I),KMT
2510856.4084,18.5094,0.2799,SSO_KMTA02,KMT(I),KMT
2510856.42041,19.2441,0.8289,SSO_KMTA02,KMT(I),KMT
2510856.46504,19.0104,0.2519,SSO_KMTA02,KMT(I),KMT
2510856.4768700004,19.8388,0.3507,SSO_KMTA02,KMT(I),KMT
2510856.4888499994,19.0573,0.2484,SSO_KMTA02,KMT(I),KMT
2510856.50069,18.6473,0.1748,SSO_KMTA02,KMT(I),KMT
2510856.51255,20.0497,0.4054,SSO_KMTA02,KMT(I),KMT
2510856.53147,19.5932,0.5149,SSO_KMTA02,KMT(I),KMT
2510856.5434499998,19.6015,0.2993,SSO_KMTA02,KMT(I),KMT
2510856.5563900005,20.4869,1.2586,SSO_KMTA02,KMT(I),KMT
2510856.5684,20.6788,0.8654,SSO_KMTA02,KMT(I),KMT
2510856.5807799995,19.7793,0.1482,SSO_KMTA02,KMT(I),KMT
2510856.6001200005,19.5127,0.1576,SSO_KMTA02,KMT(I),KMT
2510856.61185,19.5319,0.1695,SSO_KMTA02,KMT(I),KMT
2510856.6236300003,20.2005,0.3344,SSO_KMTA02,KMT(I),KMT
2510856.6370899994,19.6547,0.1738,SSO_KMTA02,KMT(I),KMT
2510856.64881,20.2502,0.2864,SSO_KMTA02,KMT(I),KMT
2510856.6682,19.8297,0.1856,SSO_KMTA02,KMT(I),KMT
2510856.6801699996,20.6383,0.5177,SSO_KMTA02,KMT(I),KMT
2510856.6916199997,20.8154,0.7897,SSO_KMTA02,KMT(I),KMT
2510856.70347,20.1013,0.3095,SSO_KMTA02,KMT(I),KMT
2510856.7154399995,19.9416,0.1489,SSO_KMTA02,KMT(I),KMT
2510856.72741,20.2094,0.3163,SSO_KMTA02,KMT(I),KMT
2510856.7373,21.191,1.2784,SSO_KMTA02,KMT(I),KMT
2510856.7476700004,20.0187,0.2419,SSO_KMTA02,KMT(I),KMT
2510860.3922700007,19.1832,0.1356,SSO_KMTA02,KMT(I),KMT
2510860.4038200006,20.4985,0.3717,SSO_KMTA02,KMT(I),KMT
2510860.4378999993,17.9677,0.2433,SSO_KMTA02,KMT(I),KMT
2510860.4495899994,19.5462,0.2101,SSO_KMTA02,KMT(I),KMT
2510860.47315,19.0551,0.1685,SSO_KMTA02,KMT(I),KMT
2510860.48482,19.5451,0.2265,SSO_KMTA02,KMT(I),KMT
2510860.4968599994,20.1178,0.2925,SSO_KMTA02,KMT(I),KMT
2510860.5221500006,20.1733,0.3211,SSO_KMTA02,KMT(I),KMT
2510860.54112,20.1377,0.3723,SSO_KMTA02,KMT(I),KMT
2510860.5529699996,20.0957,0.2159,SSO_KMTA02,KMT(I),KMT
2510860.56479,20.2862,1.9132,SSO_KMTA02,KMT(I),KMT
2510860.57675,18.4977,1.0105,SSO_KMTA02,KMT(I),KMT
2510860.72774,18.7972,0.634,SSO_KMTA02,KMT(I),KMT
2510860.7379400004,19.8104,0.6739,SSO_KMTA02,KMT(I),KMT
2510861.3774299994,19.6897,0.1623,SSO_KMTA02,KMT(I),KMT
2510861.3964600004,20.2817,0.3561,SSO_KMTA02,KMT(I),KMT
2510861.4084799998,19.9199,0.2897,SSO_KMTA02,KMT(I),KMT
2510861.4242700003,20.0883,0.2483,SSO_KMTA02,KMT(I),KMT
2510861.4545300007,19.3395,0.1584,SSO_KMTA02,KMT(I),KMT
2510861.46638,18.385,0.6309,SSO_KMTA02,KMT(I),KMT
2510861.48549,19.8073,0.2258,SSO_KMTA02,KMT(I),KMT
2510861.49682,20.3595,0.3104,SSO_KMTA02,KMT(I),KMT
2510861.5084300004,19.8567,0.1718,SSO_KMTA02,KMT(I),KMT
2510861.52015,20.0262,0.3397,SSO_KMTA02,KMT(I),KMT
2510861.5318800006,19.8562,0.1969,SSO_KMTA02,KMT(I),KMT
2510861.5638699997,17.2778,0.7994,SSO_KMTA02,KMT(I),KMT
2510861.5755700003,16.8338,1.5568,SSO_KMTA02,KMT(I),KMT
2510861.58703,17.288,0.2066,SSO_KMTA02,KMT(I),KMT
2510862.3830500003,19.3391,0.2266,SSO_KMTA02,KMT(I),KMT
2510862.3948999997,20.123,0.4168,SSO_KMTA02,KMT(I),KMT
2510862.4068800006,20.2764,0.4254,SSO_KMTA02,KMT(I),KMT
2510862.4187000003,19.4527,0.1667,SSO_KMTA02,KMT(I),KMT
2510862.4307199996,19.3568,0.1611,SSO_KMTA02,KMT(I),KMT
2510862.4500600006,20.1495,0.4229,SSO_KMTA02,KMT(I),KMT
2510862.4619999994,19.7712,0.2841,SSO_KMTA02,KMT(I),KMT
2510862.4739299994,19.3764,0.1684,SSO_KMTA02,KMT(I),KMT
2510862.48575,19.5928,0.193,SSO_KMTA02,KMT(I),KMT
2510862.50942,19.7538,0.2385,SSO_KMTA02,KMT(I),KMT
2510862.52862,20.5857,0.6721,SSO_KMTA02,KMT(I),KMT
2510862.53993,19.9319,0.2382,SSO_KMTA02,KMT(I),KMT
2510862.5518500004,19.8746,0.2458,SSO_KMTA02,KMT(I),KMT
2510862.5637999997,20.0606,0.2716,SSO_KMTA02,KMT(I),KMT
2510862.57579,20.2908,0.3908,SSO_KMTA02,KMT(I),KMT
2510862.62323,19.4645,0.2325,SSO_KMTA02,KMT(I),KMT
2510862.6349,19.8991,0.5266,SSO_KMTA02,KMT(I),KMT
2510862.6524,15.4609,0.2416,SSO_KMTA02,KMT(I),KMT
2510862.6758900005,19.1531,2.4926,SSO_KMTA02,KMT(I),KMT
2510862.7258199994,16.0956,0.4762,SSO_KMTA02,KMT(I),KMT
2510862.7363,19.3019,0.2266,SSO_KMTA02,KMT(I),KMT
2510863.3796299994,18.586,0.1496,SSO_KMTA02,KMT(I),KMT
2510863.40661,19.4551,0.2916,SSO_KMTA02,KMT(I),KMT
2510863.42564,20.322,0.5831,SSO_KMTA02,KMT(I),KMT
2510863.4374599997,19.7238,0.3136,SSO_KMTA02,KMT(I),KMT
2510863.44919,19.4469,0.1904,SSO_KMTA02,KMT(I),KMT
2510863.4612,20.0186,0.4322,SSO_KMTA02,KMT(I),KMT
2510863.46605,19.9503,0.2854,SSO_KMTA02,KMT(I),KMT
2510863.4775900003,19.7173,0.242,SSO_KMTA02,KMT(I),KMT
2510863.4965000004,19.7454,0.2761,SSO_KMTA02,KMT(I),KMT
2510863.5082600005,19.6643,0.2419,SSO_KMTA02,KMT(I),KMT
2510863.52008,19.6191,0.2201,SSO_KMTA02,KMT(I),KMT
2510863.53197,21.4127,2.5006,SSO_KMTA02,KMT(I),KMT
2510863.5436899997,19.6445,0.201,SSO_KMTA02,KMT(I),KMT
2510863.5629399996,19.7622,0.2983,SSO_KMTA02,KMT(I),KMT
2510863.58677,19.6005,0.1693,SSO_KMTA02,KMT(I),KMT
2510863.5985700004,19.9757,0.2219,SSO_KMTA02,KMT(I),KMT
2510863.61037,20.1894,0.2375,SSO_KMTA02,KMT(I),KMT
2510863.63308,19.5225,0.1827,SSO_KMTA02,KMT(I),KMT
2510863.64494,19.8044,0.217,SSO_KMTA02,KMT(I),KMT
2510863.6568599995,19.7543,0.3643,SSO_KMTA02,KMT(I),KMT
2510863.6688,19.717,0.2083,SSO_KMTA02,KMT(I),KMT
2510863.68047,20.2394,1.0333,SSO_KMTA02,KMT(I),KMT
2510863.69969,19.6153,0.4101,SSO_KMTA02,KMT(I),KMT
2510863.7110099997,21.3433,2.2667,SSO_KMTA02,KMT(I),KMT
2510863.7320499998,20.186,0.5745,SSO_KMTA02,KMT(I),KMT
2510864.5835299995,17.9444,0.2356,SSO_KMTA02,KMT(I),KMT
2510864.59502,19.1002,1.0553,SSO_KMTA02,KMT(I),KMT
2510864.60549,18.9494,0.7146,SSO_KMTA02,KMT(I),KMT
2510864.64922,17.9674,0.2727,SSO_KMTA02,KMT(I),KMT
2510864.65816,19.5724,1.4689,SSO_KMTA02,KMT(I),KMT
2510866.49017,18.4133,0.2958,SSO_KMTA02,KMT(I),KMT
2510866.61587,19.0391,0.4364,SSO_KMTA02,KMT(I),KMT
2510866.6595600005,19.3143,0.701,SSO_KMTA02,KMT(I),KMT
2510866.6833800003,19.4929,0.6626,SSO_KMTA02,KMT(I),KMT
2510866.69525,19.6566,1.1296,SSO_KMTA02,KMT(I),KMT
2510866.71172,19.0101,0.4359,SSO_KMTA02,KMT(I),KMT
2510866.7222000007,18.8863,0.4719,SSO_KMTA02,KMT(I),KMT
2510867.37847,20.3347,1.0754,SSO_KMTA02,KMT(I),KMT
2510867.3901899997,19.9027,0.4929,SSO_KMTA02,KMT(I),KMT
2510867.48228,13.7649,0.3242,SSO_KMTA02,KMT(I),KMT
2510868.37106,18.9268,0.1456,SSO_KMTA02,KMT(I),KMT
2510868.4008600004,19.0024,0.177,SSO_KMTA02,KMT(I),KMT
2510868.4124299996,17.9789,0.0925,SSO_KMTA02,KMT(I),KMT
2510868.4240799993,19.1429,0.2033,SSO_KMTA02,KMT(I),KMT
2510868.43592,18.5003,0.1214,SSO_KMTA02,KMT(I),KMT
2510868.4551100004,19.5551,0.3067,SSO_KMTA02,KMT(I),KMT
2510868.46939,20.3148,0.6842,SSO_KMTA02,KMT(I),KMT
2510868.4808099996,19.3376,0.207,SSO_KMTA02,KMT(I),KMT
2510868.49268,19.7604,0.2583,SSO_KMTA02,KMT(I),KMT
2510868.50466,19.4961,0.2766,SSO_KMTA02,KMT(I),KMT
2510868.5237600002,19.0549,0.1468,SSO_KMTA02,KMT(I),KMT
2510868.5357099995,19.8915,0.3718,SSO_KMTA02,KMT(I),KMT
2510868.5476600006,20.0005,0.4665,SSO_KMTA02,KMT(I),KMT
2510868.5595999993,19.4814,0.2186,SSO_KMTA02,KMT(I),KMT
2510868.57144,20.1671,0.3901,SSO_KMTA02,KMT(I),KMT
2510868.5905,20.6299,0.6945,SSO_KMTA02,KMT(I),KMT
2510868.6023200005,19.472,0.2201,SSO_KMTA02,KMT(I),KMT
2510868.61415,19.6631,0.2306,SSO_KMTA02,KMT(I),KMT
2510868.6259400006,19.9389,0.2536,SSO_KMTA02,KMT(I),KMT
2510868.63748,20.0542,0.2925,SSO_KMTA02,KMT(I),KMT
2510868.6564499997,19.34,0.5945,SSO_KMTA02,KMT(I),KMT
2510868.67194,19.967,0.2767,SSO_KMTA02,KMT(I),KMT
2510868.68351,20.0683,0.3547,SSO_KMTA02,KMT(I),KMT
2510868.69537,19.7842,0.2395,SSO_KMTA02,KMT(I),KMT
2510868.7072,19.2322,0.1611,SSO_KMTA02,KMT(I),KMT
2510868.7179499995,20.4099,0.5853,SSO_KMTA02,KMT(I),KMT
2510869.3717599995,18.4293,0.0924,SSO_KMTA02,KMT(I),KMT
2510869.3837199993,20.0206,0.3042,SSO_KMTA02,KMT(I),KMT
2510869.39575,19.6401,0.1927,SSO_KMTA02,KMT(I),KMT
2510869.4077700004,19.4083,0.1964,SSO_KMTA02,KMT(I),KMT
2510869.4197499994,20.0086,0.2465,SSO_KMTA02,KMT(I),KMT
2510869.43917,20.0203,0.1906,SSO_KMTA02,KMT(I),KMT
2510869.4508500006,20.0501,0.2153,SSO_KMTA02,KMT(I),KMT
2510869.4626700003,19.7242,0.1801,SSO_KMTA02,KMT(I),KMT
2510869.47465,19.9162,0.1993,SSO_KMTA02,KMT(I),KMT
2510869.4866199996,19.5271,0.177,SSO_KMTA02,KMT(I),KMT
2510869.5050600003,19.5351,0.1886,SSO_KMTA02,KMT(I),KMT
2510869.5168900006,19.7097,0.147,SSO_KMTA02,KMT(I),KMT
2510869.55427,20.2044,0.2491,SSO_KMTA02,KMT(I),KMT
2510869.5662699994,19.156,0.0927,SSO_KMTA02,KMT(I),KMT
2510869.5781200007,20.2405,0.2942,SSO_KMTA02,KMT(I),KMT
2510869.59702,21.1636,1.093,SSO_KMTA02,KMT(I),KMT
2510869.61642,19.5474,0.2029,SSO_KMTA02,KMT(I),KMT
2510869.6284299996,20.1741,0.3456,SSO_KMTA02,KMT(I),KMT
2510869.6404599994,20.0827,0.3137,SSO_KMTA02,KMT(I),KMT
2510869.65243,19.9744,0.2761,SSO_KMTA02,KMT(I),KMT
2510869.6644899994,19.6001,0.2624,SSO_KMTA02,KMT(I),KMT
2510869.68975,19.5767,0.2304,SSO_KMTA02,KMT(I),KMT
2510869.7015000004,20.2156,0.2917,SSO_KMTA02,KMT(I),KMT
2510869.71198,20.1631,0.33,SSO_KMTA02,KMT(I),KMT
2510870.38375,19.2483,0.2008,SSO_KMTA02,KMT(I),KMT
2510870.3976300005,19.1217,0.1611,SSO_KMTA02,KMT(I),KMT
2510870.4164199997,20.7125,0.9132,SSO_KMTA02,KMT(I),KMT
2510870.42829,19.2167,0.1921,SSO_KMTA02,KMT(I),KMT
2510870.4448099993,19.1032,0.1412,SSO_KMTA02,KMT(I),KMT
2510870.4567799997,19.453,0.1951,SSO_KMTA02,KMT(I),KMT
2510870.46851,19.3189,0.1203,SSO_KMTA02,KMT(I),KMT
2510870.48788,19.3317,0.1364,SSO_KMTA02,KMT(I),KMT
2510870.4999199994,19.765,0.1789,SSO_KMTA02,KMT(I),KMT
2510870.5118700005,20.1786,0.3204,SSO_KMTA02,KMT(I),KMT
2510870.52475,19.5219,0.4543,SSO_KMTA02,KMT(I),KMT
2510870.5368099995,20.1797,0.3439,SSO_KMTA02,KMT(I),KMT
2510870.5573500004,19.5908,0.1609,SSO_KMTA02,KMT(I),KMT
2510870.56898,19.9425,0.2929,SSO_KMTA02,KMT(I),KMT
2510870.58065,19.3304,0.3076,SSO_KMTA02,KMT(I),KMT
2510870.6042599995,20.0098,0.5838,SSO_KMTA02,KMT(I),KMT
2510871.5948799998,18.2595,0.0805,SSO_KMTA02,KMT(I),KMT
2510871.6068900004,19.2117,0.1356,SSO_KMTA02,KMT(I),KMT
2510871.61888,18.905,0.131,SSO_KMTA02,KMT(I),KMT
2510871.6307800002,19.1752,0.1304,SSO_KMTA02,KMT(I),KMT
2510871.6427100003,18.3992,0.0955,SSO_KMTA02,KMT(I),KMT
2510871.6616399996,20.1485,0.3112,SSO_KMTA02,KMT(I),KMT
2510871.6736699995,20.1456,0.3296,SSO_KMTA02,KMT(I),KMT
2510871.6976999994,20.3546,0.4075,SSO_KMTA02,KMT(I),KMT
2510871.70966,19.9669,0.4843,SSO_KMTA02,KMT(I),KMT
2510872.38683,19.7878,0.2782,SSO_KMTA02,KMT(I),KMT
2510872.3988000005,19.7618,0.3249,SSO_KMTA02,KMT(I),KMT
2510872.4107,18.1896,0.0718,SSO_KMTA02,KMT(I),KMT
2510872.42244,19.171,0.1598,SSO_KMTA02,KMT(I),KMT
2510872.43535,19.6293,0.1633,SSO_KMTA02,KMT(I),KMT
2510872.43968,19.574,0.2263,SSO_KMTA02,KMT(I),KMT
2510872.4513499998,19.766,0.2067,SSO_KMTA02,KMT(I),KMT
2510872.4704400003,19.8744,0.1903,SSO_KMTA02,KMT(I),KMT
2510872.4825100005,19.7773,0.1647,SSO_KMTA02,KMT(I),KMT
2510872.49409,19.7588,0.1527,SSO_KMTA02,KMT(I),KMT
2510872.5059699994,19.8177,0.1465,SSO_KMTA02,KMT(I),KMT
2510872.5179500002,19.8867,0.1975,SSO_KMTA02,KMT(I),KMT
2510872.53732,20.2475,0.2384,SSO_KMTA02,KMT(I),KMT
2510872.54949,20.0849,0.1789,SSO_KMTA02,KMT(I),KMT
2510872.5652799997,19.9803,0.1819,SSO_KMTA02,KMT(I),KMT
2510872.57728,20.1177,0.2492,SSO_KMTA02,KMT(I),KMT
2510872.58923,19.9709,0.1556,SSO_KMTA02,KMT(I),KMT
2510872.6082300004,20.2646,0.236,SSO_KMTA02,KMT(I),KMT
2510872.6202,19.7327,0.1063,SSO_KMTA02,KMT(I),KMT
2510872.6322799996,19.6744,0.1228,SSO_KMTA02,KMT(I),KMT
2510872.64415,20.0736,0.1628,SSO_KMTA02,KMT(I),KMT
2510872.6558800004,20.0356,0.1889,SSO_KMTA02,KMT(I),KMT
2510872.6761499997,20.2695,0.312,SSO_KMTA02,KMT(I),KMT
2510872.68805,20.6713,0.469,SSO_KMTA02,KMT(I),KMT
2510872.70001,19.9657,0.2097,SSO_KMTA02,KMT(I),KMT
2510872.7074500006,19.9163,0.2378,SSO_KMTA02,KMT(I),KMT
2510873.4474599995,19.5953,0.4987,SSO_KMTA02,KMT(I),KMT
2510873.46672,18.4332,0.1001,SSO_KMTA02,KMT(I),KMT
2510873.48228,19.3925,0.1461,SSO_KMTA02,KMT(I),KMT
2510873.5872,19.5549,0.19,SSO_KMTA02,KMT(I),KMT
2510873.5991600007,19.6632,0.1818,SSO_KMTA02,KMT(I),KMT
2510873.62323,19.5117,0.1692,SSO_KMTA02,KMT(I),KMT
2510873.6363500003,20.1232,0.282,SSO_KMTA02,KMT(I),KMT
2510873.66017,20.4362,0.4336,SSO_KMTA02,KMT(I),KMT
2510873.67182,12.0738,0.4778,SSO_KMTA02,KMT(I),KMT
2510874.3717400003,19.5514,0.2198,SSO_KMTA02,KMT(I),KMT
2510874.38358,19.9783,0.2524,SSO_KMTA02,KMT(I),KMT
2510874.3959100004,20.4221,0.4195,SSO_KMTA02,KMT(I),KMT
2510874.4079100005,19.3812,0.105,SSO_KMTA02,KMT(I),KMT
2510874.41971,19.935,0.2528,SSO_KMTA02,KMT(I),KMT
2510874.4389500003,19.6677,0.1671,SSO_KMTA02,KMT(I),KMT
2510874.4509299994,19.8795,0.1662,SSO_KMTA02,KMT(I),KMT
2510874.46294,19.7279,0.1655,SSO_KMTA02,KMT(I),KMT
2510874.47494,19.7288,0.1625,SSO_KMTA02,KMT(I),KMT
2510874.48694,18.5481,0.1085,SSO_KMTA02,KMT(I),KMT
2510874.4996000007,19.987,0.1733,SSO_KMTA02,KMT(I),KMT
2510874.51896,19.1984,0.1635,SSO_KMTA02,KMT(I),KMT
2510874.53878,20.2396,0.3209,SSO_KMTA02,KMT(I),KMT
2510874.5507699996,19.5069,0.1736,SSO_KMTA02,KMT(I),KMT
2510874.56283,20.3188,0.2228,SSO_KMTA02,KMT(I),KMT
2510874.5747999996,19.9031,0.2386,SSO_KMTA02,KMT(I),KMT
2510874.5942,19.7498,0.1879,SSO_KMTA02,KMT(I),KMT
2510874.60604,20.0571,0.2239,SSO_KMTA02,KMT(I),KMT
2510874.61749,20.0675,0.1965,SSO_KMTA02,KMT(I),KMT
2510874.62926,20.3754,0.3323,SSO_KMTA02,KMT(I),KMT
2510874.6412199996,19.8168,0.1887,SSO_KMTA02,KMT(I),KMT
2510874.6604900006,20.2493,0.2807,SSO_KMTA02,KMT(I),KMT
2510874.6719700005,20.2761,0.3109,SSO_KMTA02,KMT(I),KMT
2510874.6839199997,19.943,0.2538,SSO_KMTA02,KMT(I),KMT
2510874.69589,18.9081,0.1311,SSO_KMTA02,KMT(I),KMT
2510874.705,19.4499,0.1598,SSO_KMTA02,KMT(I),KMT
2510875.36537,19.4734,0.1365,SSO_KMTA02,KMT(I),KMT
2510875.38466,19.8454,0.1898,SSO_KMTA02,KMT(I),KMT
2510875.39659,20.0962,0.2246,SSO_KMTA02,KMT(I),KMT
2510875.40859,19.6458,0.1632,SSO_KMTA02,KMT(I),KMT
2510875.4205399994,19.8948,0.2138,SSO_KMTA02,KMT(I),KMT
2510875.43233,20.517,0.4467,SSO_KMTA02,KMT(I),KMT
2510875.45166,20.2098,0.3252,SSO_KMTA02,KMT(I),KMT
2510875.46342,19.8472,0.1885,SSO_KMTA02,KMT(I),KMT
2510875.47499,19.8316,0.1657,SSO_KMTA02,KMT(I),KMT
2510875.49032,19.8312,0.1781,SSO_KMTA02,KMT(I),KMT
2510875.50213,20.2426,0.2377,SSO_KMTA02,KMT(I),KMT
2510875.5217499994,20.0861,0.1527,SSO_KMTA02,KMT(I),KMT
2510875.5355200004,19.9321,0.1513,SSO_KMTA02,KMT(I),KMT
2510875.5474500004,19.8582,0.1347,SSO_KMTA02,KMT(I),KMT
2510875.56106,20.1358,0.1914,SSO_KMTA02,KMT(I),KMT
2510875.5730099995,20.0249,0.195,SSO_KMTA02,KMT(I),KMT
2510875.5922,20.11,0.2198,SSO_KMTA02,KMT(I),KMT
2510875.6042299997,19.6126,0.1371,SSO_KMTA02,KMT(I),KMT
2510875.61606,18.723,0.1172,SSO_KMTA02,KMT(I),KMT
2510875.62775,19.3441,0.1664,SSO_KMTA02,KMT(I),KMT
2510875.6396699995,20.6806,0.6385,SSO_KMTA02,KMT(I),KMT
2510875.6588499993,19.5385,0.1836,SSO_KMTA02,KMT(I),KMT
2510875.6708199997,18.6902,0.1149,SSO_KMTA02,KMT(I),KMT
2510875.68276,18.676,0.1113,SSO_KMTA02,KMT(I),KMT
2510875.69472,20.1125,0.3521,SSO_KMTA02,KMT(I),KMT
2510875.7021699995,18.9735,0.1547,SSO_KMTA02,KMT(I),KMT
2510876.3659499995,21.0574,0.7373,SSO_KMTA02,KMT(I),KMT
2510876.37749,20.1844,0.3128,SSO_KMTA02,KMT(I),KMT
2510876.39664,20.2692,0.2715,SSO_KMTA02,KMT(I),KMT
2510876.4086099993,19.7774,0.1778,SSO_KMTA02,KMT(I),KMT
2510876.42053,19.6936,0.2523,SSO_KMTA02,KMT(I),KMT
2510876.43238,19.7379,0.1757,SSO_KMTA02,KMT(I),KMT
2510876.44391,20.0279,0.2191,SSO_KMTA02,KMT(I),KMT
2510876.4628999997,19.5668,0.1596,SSO_KMTA02,KMT(I),KMT
2510876.4746899996,19.7552,0.2331,SSO_KMTA02,KMT(I),KMT
2510876.48666,19.9923,0.2076,SSO_KMTA02,KMT(I),KMT
2510876.49881,20.136,0.2346,SSO_KMTA02,KMT(I),KMT
2510876.51078,19.4778,0.151,SSO_KMTA02,KMT(I),KMT
2510876.53084,19.5328,0.1778,SSO_KMTA02,KMT(I),KMT
2510876.54263,20.0425,0.2672,SSO_KMTA02,KMT(I),KMT
2510876.5546499994,19.4296,0.154,SSO_KMTA02,KMT(I),KMT
2510876.5666000005,20.464,0.4121,SSO_KMTA02,KMT(I),KMT
2510876.5786300004,19.1589,0.1276,SSO_KMTA02,KMT(I),KMT
2510876.5977500007,20.4164,0.3397,SSO_KMTA02,KMT(I),KMT
2510876.6097299997,19.299,0.1001,SSO_KMTA02,KMT(I),KMT
2510876.6217400003,19.6657,0.1643,SSO_KMTA02,KMT(I),KMT
2510876.6336899996,19.6442,0.1671,SSO_KMTA02,KMT(I),KMT
2510876.64552,19.6873,0.2292,SSO_KMTA02,KMT(I),KMT
2510876.6646999996,19.9775,0.3041,SSO_KMTA02,KMT(I),KMT
2510876.67641,19.4537,0.1853,SSO_KMTA02,KMT(I),KMT
2510876.6897800006,19.5813,0.2676,SSO_KMTA02,KMT(I),KMT
2510877.36692,19.7949,0.1956,SSO_KMTA02,KMT(I),KMT
2510877.3786900006,19.7276,0.1461,SSO_KMTA02,KMT(I),KMT
2510877.39769,19.5512,0.1807,SSO_KMTA02,KMT(I),KMT
2510877.40969,19.843,0.1629,SSO_KMTA02,KMT(I),KMT
2510877.42607,20.2614,0.2547,SSO_KMTA02,KMT(I),KMT
2510877.43783,20.0369,0.2084,SSO_KMTA02,KMT(I),KMT
2510877.4496800005,20.1414,0.1693,SSO_KMTA02,KMT(I),KMT
2510877.4924100004,20.0698,0.2335,SSO_KMTA02,KMT(I),KMT
2510877.50407,19.7118,0.1219,SSO_KMTA02,KMT(I),KMT
2510877.5153599996,19.6793,0.1957,SSO_KMTA02,KMT(I),KMT
2510877.5418100003,19.8849,0.1633,SSO_KMTA02,KMT(I),KMT
2510877.5536700003,20.3184,0.3728,SSO_KMTA02,KMT(I),KMT
2510877.5653600004,19.5512,0.1342,SSO_KMTA02,KMT(I),KMT
2510877.5773399994,19.741,0.1597,SSO_KMTA02,KMT(I),KMT
2510877.58918,20.0821,0.4264,SSO_KMTA02,KMT(I),KMT
2510877.6594600007,19.5656,0.2231,SSO_KMTA02,KMT(I),KMT
2510879.34815,18.5439,0.3477,SSO_KMTA02,KMT(I),KMT
2510879.3600399997,19.3137,0.2644,SSO_KMTA02,KMT(I),KMT
2510879.37885,18.3625,0.0908,SSO_KMTA02,KMT(I),KMT
2510879.3904999997,18.2438,0.0985,SSO_KMTA02,KMT(I),KMT
2510879.40202,19.635,0.312,SSO_KMTA02,KMT(I),KMT
2510879.4138699993,18.7524,0.1625,SSO_KMTA02,KMT(I),KMT
2510879.42585,19.6425,0.2382,SSO_KMTA02,KMT(I),KMT
2510879.4450400006,19.2887,0.2318,SSO_KMTA02,KMT(I),KMT
2510879.45854,20.0281,0.2863,SSO_KMTA02,KMT(I),KMT
2510879.4705,20.0878,0.262,SSO_KMTA02,KMT(I),KMT
2510879.4823899996,20.5067,0.4244,SSO_KMTA02,KMT(I),KMT
2510879.4942300003,19.9569,0.2028,SSO_KMTA02,KMT(I),KMT
2510879.5140899997,20.1762,0.2531,SSO_KMTA02,KMT(I),KMT
2510879.5263100006,19.6399,0.169,SSO_KMTA02,KMT(I),KMT
2510879.53804,19.9018,0.1652,SSO_KMTA02,KMT(I),KMT
2510879.5499300007,20.0148,0.1881,SSO_KMTA02,KMT(I),KMT
2510879.5623499993,19.7317,0.1747,SSO_KMTA02,KMT(I),KMT
2510879.57421,19.8179,0.1869,SSO_KMTA02,KMT(I),KMT
2510879.59353,21.0858,0.6403,SSO_KMTA02,KMT(I),KMT
2510879.60554,19.9099,0.1685,SSO_KMTA02,KMT(I),KMT
2510879.61749,19.9194,0.1809,SSO_KMTA02,KMT(I),KMT
2510879.6291499995,20.5196,0.4143,SSO_KMTA02,KMT(I),KMT
2510879.64088,19.9668,0.2151,SSO_KMTA02,KMT(I),KMT
2510879.66032,20.1764,0.3457,SSO_KMTA02,KMT(I),KMT
2510879.6722,19.6761,0.2204,SSO_KMTA02,KMT(I),KMT
2510879.6827099994,20.4447,0.5058,SSO_KMTA02,KMT(I),KMT
2510880.3691,19.2924,0.1718,SSO_KMTA02,KMT(I),KMT
2510880.38091,19.1505,0.1358,SSO_KMTA02,KMT(I),KMT
2510880.3999700006,19.7427,0.254,SSO_KMTA02,KMT(I),KMT
2510880.41184,19.7305,0.1945,SSO_KMTA02,KMT(I),KMT
2510880.42354,19.2903,0.161,SSO_KMTA02,KMT(I),KMT
2510880.4351700004,19.4887,0.1777,SSO_KMTA02,KMT(I),KMT
2510880.44666,20.1289,0.406,SSO_KMTA02,KMT(I),KMT
2510880.46741,20.2319,0.2761,SSO_KMTA02,KMT(I),KMT
2510880.4797399994,19.6097,0.1462,SSO_KMTA02,KMT(I),KMT
2510880.49175,19.231,0.1593,SSO_KMTA02,KMT(I),KMT
2510880.50359,20.4066,0.2978,SSO_KMTA02,KMT(I),KMT
2510880.5153400004,19.8352,0.1844,SSO_KMTA02,KMT(I),KMT
2510880.5361199994,19.868,0.1276,SSO_KMTA02,KMT(I),KMT
2510880.5480700005,20.1694,0.262,SSO_KMTA02,KMT(I),KMT
2510880.5599000007,19.6869,0.1569,SSO_KMTA02,KMT(I),KMT
2510880.5715699997,19.7361,0.1719,SSO_KMTA02,KMT(I),KMT
2510880.58335,20.7422,0.4577,SSO_KMTA02,KMT(I),KMT
2510880.60272,19.9749,0.2065,SSO_KMTA02,KMT(I),KMT
2510880.6146799996,19.6857,0.1594,SSO_KMTA02,KMT(I),KMT
2510880.62663,20.3425,0.5127,SSO_KMTA02,KMT(I),KMT
2510880.63021,19.2792,0.1431,SSO_KMTA02,KMT(I),KMT
2510880.6420300007,19.148,0.1632,SSO_KMTA02,KMT(I),KMT
2510880.65405,19.2953,0.2122,SSO_KMTA02,KMT(I),KMT
2510880.6729700007,19.4712,0.1796,SSO_KMTA02,KMT(I),KMT
2510880.68496,19.1431,0.1728,SSO_KMTA02,KMT(I),KMT
2510881.3875600006,18.4847,0.3995,SSO_KMTA02,KMT(I),KMT
2510881.47714,19.0454,0.2549,SSO_KMTA02,KMT(I),KMT
2510881.5118199997,17.9942,0.2751,SSO_KMTA02,KMT(I),KMT
2510881.5237799995,19.2106,0.1426,SSO_KMTA02,KMT(I),KMT
2510881.5667400006,12.3707,0.3113,SSO_KMTA02,KMT(I),KMT
2510884.48015,18.3616,0.0981,SSO_KMTA02,KMT(I),KMT
2510884.4917399995,18.4031,0.1115,SSO_KMTA02,KMT(I),KMT
2510884.50349,18.4805,0.2375,SSO_KMTA02,KMT(I),KMT
2510884.52298,19.397,0.1488,SSO_KMTA02,KMT(I),KMT
2510884.5348499995,19.5487,0.3236,SSO_KMTA02,KMT(I),KMT
2510884.54682,19.7026,0.3663,SSO_KMTA02,KMT(I),KMT
2510884.5588499997,19.1125,0.236,SSO_KMTA02,KMT(I),KMT
2510884.57056,19.8903,0.251,SSO_KMTA02,KMT(I),KMT
2510884.59019,19.2662,0.1871,SSO_KMTA02,KMT(I),KMT
2510884.60166,19.9701,0.3159,SSO_KMTA02,KMT(I),KMT
2510884.6136499997,20.0375,0.3526,SSO_KMTA02,KMT(I),KMT
2510884.6253699996,21.0766,1.944,SSO_KMTA02,KMT(I),KMT
2510884.6377499998,18.9548,0.3052,SSO_KMTA02,KMT(I),KMT
2510884.6691200007,18.5779,0.1212,SSO_KMTA02,KMT(I),KMT
2510887.53938,18.7962,0.1407,SSO_KMTA02,KMT(I),KMT
2510887.5512000006,18.3253,0.0783,SSO_KMTA02,KMT(I),KMT
2510887.5810700003,17.5651,0.1262,SSO_KMTA02,KMT(I),KMT
2510887.59306,18.1085,0.069,SSO_KMTA02,KMT(I),KMT
2510887.61589,18.0135,0.0715,SSO_KMTA02,KMT(I),KMT
2510887.65135,11.9685,0.3548,SSO_KMTA02,KMT(I),KMT
2510891.3832399994,18.8481,0.2565,SSO_KMTA02,KMT(I),KMT
2510891.39826,19.7482,0.9803,SSO_KMTA02,KMT(I),KMT
2510891.41763,20.1089,0.6367,SSO_KMTA02,KMT(I),KMT
2510891.4428700004,20.0581,0.3895,SSO_KMTA02,KMT(I),KMT
2510891.45441,20.4124,1.1799,SSO_KMTA02,KMT(I),KMT
2510891.46643,19.3985,0.2503,SSO_KMTA02,KMT(I),KMT
2510891.50956,19.532,0.3217,SSO_KMTA02,KMT(I),KMT
2510891.5208899993,19.6626,0.4322,SSO_KMTA02,KMT(I),KMT
2510891.5328400005,20.6787,1.587,SSO_KMTA02,KMT(I),KMT
2510891.54469,20.3666,1.4741,SSO_KMTA02,KMT(I),KMT
2510891.56406,19.5236,0.4845,SSO_KMTA02,KMT(I),KMT
2510891.57639,20.3527,1.6412,SSO_KMTA02,KMT(I),KMT
2510891.65407,19.2589,0.5024,SSO_KMTA02,KMT(I),KMT
2510891.6569,20.484,2.0523,SSO_KMTA02,KMT(I),KMT
2510893.3868499994,18.2462,0.5124,SSO_KMTA02,KMT(I),KMT
2510893.3984399997,19.0635,1.3217,SSO_KMTA02,KMT(I),KMT
2510893.4102,17.4183,0.18,SSO_KMTA02,KMT(I),KMT
2510893.4221899994,18.6439,0.5292,SSO_KMTA02,KMT(I),KMT
2510893.47662,19.3046,0.6122,SSO_KMTA02,KMT(I),KMT
2510893.4886,20.3379,4.5231,SSO_KMTA02,KMT(I),KMT
2510893.5241599996,18.3493,0.3268,SSO_KMTA02,KMT(I),KMT
2510893.55899,17.2784,0.1821,SSO_KMTA02,KMT(I),KMT
2510893.62717,17.6289,0.23,SSO_KMTA02,KMT(I),KMT
2510893.64626,18.5481,1.2955,SSO_KMTA02,KMT(I),KMT
2510894.3936100006,18.8946,0.4477,SSO_KMTA02,KMT(I),KMT
2510894.42913,16.7253,0.4984,SSO_KMTA02,KMT(I),KMT
2510894.4449499995,17.362,1.9208,SSO_KMTA02,KMT(I),KMT
2510896.3645,20.1217,0.3482,SSO_KMTA02,KMT(I),KMT
2510896.38234,19.3606,0.2032,SSO_KMTA02,KMT(I),KMT
2510896.3944799993,20.0435,0.4037,SSO_KMTA02,KMT(I),KMT
2510896.40616,19.7557,0.3132,SSO_KMTA02,KMT(I),KMT
2510896.4180200007,19.5452,0.217,SSO_KMTA02,KMT(I),KMT
2510896.43717,19.9308,0.3713,SSO_KMTA02,KMT(I),KMT
2510896.44874,20.4089,0.597,SSO_KMTA02,KMT(I),KMT
2510896.461,20.4352,0.5583,SSO_KMTA02,KMT(I),KMT
2510896.47262,19.178,0.1467,SSO_KMTA02,KMT(I),KMT
2510896.4845700003,19.7001,0.2998,SSO_KMTA02,KMT(I),KMT
2510896.4963300005,19.7503,0.3179,SSO_KMTA02,KMT(I),KMT
2510896.51547,19.7507,0.3435,SSO_KMTA02,KMT(I),KMT
2510896.5269600004,19.4903,0.2497,SSO_KMTA02,KMT(I),KMT
2510896.53079,19.8257,0.3596,SSO_KMTA02,KMT(I),KMT
2510896.5428100005,19.4732,0.1565,SSO_KMTA02,KMT(I),KMT
2510896.55468,19.0876,0.1692,SSO_KMTA02,KMT(I),KMT
2510896.56623,19.1488,0.1666,SSO_KMTA02,KMT(I),KMT
2510896.5850300007,19.1364,0.1807,SSO_KMTA02,KMT(I),KMT
2510896.59719,20.3397,0.8888,SSO_KMTA02,KMT(I),KMT
2510896.6086999997,20.1005,0.7945,SSO_KMTA02,KMT(I),KMT
2510896.6202499997,18.8165,0.1652,SSO_KMTA02,KMT(I),KMT
2510896.6358700003,19.0282,0.2134,SSO_KMTA02,KMT(I),KMT
2510897.3695800006,20.0349,0.4298,SSO_KMTA02,KMT(I),KMT
2510897.3813199997,20.1474,0.2926,SSO_KMTA02,KMT(I),KMT
2510897.39319,19.466,0.2524,SSO_KMTA02,KMT(I),KMT
2510897.40771,19.4376,0.1787,SSO_KMTA02,KMT(I),KMT
2510897.42062,20.331,0.4182,SSO_KMTA02,KMT(I),KMT
2510897.4593599997,19.1663,0.1686,SSO_KMTA02,KMT(I),KMT
2510897.4709799998,19.6167,0.2425,SSO_KMTA02,KMT(I),KMT
2510897.4836999997,19.7069,0.227,SSO_KMTA02,KMT(I),KMT
2510897.4956400003,20.387,0.5925,SSO_KMTA02,KMT(I),KMT
2510897.5163000003,20.4591,0.4709,SSO_KMTA02,KMT(I),KMT
2510897.53297,19.6068,0.1782,SSO_KMTA02,KMT(I),KMT
2510897.5447899997,20.1305,0.3509,SSO_KMTA02,KMT(I),KMT
2510897.55647,19.8234,0.211,SSO_KMTA02,KMT(I),KMT
2510897.56798,19.8703,0.2423,SSO_KMTA02,KMT(I),KMT
2510897.5869900007,20.0358,0.3778,SSO_KMTA02,KMT(I),KMT
2510897.5982600003,19.2857,0.1466,SSO_KMTA02,KMT(I),KMT
2510897.61013,19.4438,0.2464,SSO_KMTA02,KMT(I),KMT
2510897.62148,19.9193,0.4526,SSO_KMTA02,KMT(I),KMT
2510898.4004100002,19.7779,0.1994,SSO_KMTA02,KMT(I),KMT
2510898.41352,19.9577,0.2444,SSO_KMTA02,KMT(I),KMT
2510898.4285400007,20.2969,0.3643,SSO_KMTA02,KMT(I),KMT
2510898.44011,20.4088,0.3857,SSO_KMTA02,KMT(I),KMT
2510898.4594100006,19.6921,0.1624,SSO_KMTA02,KMT(I),KMT
2510898.4729699995,20.0194,0.2217,SSO_KMTA02,KMT(I),KMT
2510898.48448,20.7599,0.6035,SSO_KMTA02,KMT(I),KMT
2510898.49754,20.3112,0.3014,SSO_KMTA02,KMT(I),KMT
2510898.5116300005,19.0704,0.4211,SSO_KMTA02,KMT(I),KMT
2510898.5233699996,20.0778,0.3221,SSO_KMTA02,KMT(I),KMT
2510898.5425700005,20.029,0.1955,SSO_KMTA02,KMT(I),KMT
2510898.5544,20.0743,0.2427,SSO_KMTA02,KMT(I),KMT
2510898.5662399996,19.9966,0.2273,SSO_KMTA02,KMT(I),KMT
2510898.5781200007,19.6654,0.1729,SSO_KMTA02,KMT(I),KMT
2510898.58995,20.5972,0.45,SSO_KMTA02,KMT(I),KMT
2510898.6092,19.7777,0.2194,SSO_KMTA02,KMT(I),KMT
2510898.6210699994,19.9163,0.2566,SSO_KMTA02,KMT(I),KMT
2510898.6296699997,19.8729,0.1986,SSO_KMTA02,KMT(I),KMT
2510899.38368,20.0213,0.3768,SSO_KMTA02,KMT(I),KMT
2510899.3970100004,19.6283,0.2502,SSO_KMTA02,KMT(I),KMT
2510899.4402399994,20.0436,0.1202,SSO_KMTA02,KMT(I),KMT
2510899.45175,19.9561,0.1546,SSO_KMTA02,KMT(I),KMT
2510899.4637,20.1445,0.216,SSO_KMTA02,KMT(I),KMT
2510899.4752699994,19.693,0.1084,SSO_KMTA02,KMT(I),KMT
2510899.4870299995,20.0885,0.4026,SSO_KMTA02,KMT(I),KMT
2510899.50624,20.152,0.2596,SSO_KMTA02,KMT(I),KMT
2510899.51807,19.8526,0.2351,SSO_KMTA02,KMT(I),KMT
2510899.53003,20.2374,0.4179,SSO_KMTA02,KMT(I),KMT
2510899.5420200005,20.1291,0.232,SSO_KMTA02,KMT(I),KMT
2510899.5534000006,20.2336,0.2726,SSO_KMTA02,KMT(I),KMT
2510899.5725500006,20.1893,0.2586,SSO_KMTA02,KMT(I),KMT
2510899.5847999994,20.5239,1.3874,SSO_KMTA02,KMT(I),KMT
2510899.5972799994,20.2404,0.4747,SSO_KMTA02,KMT(I),KMT
2510899.6100500003,19.621,0.1251,SSO_KMTA02,KMT(I),KMT
2510899.62148,20.1173,0.7105,SSO_KMTA02,KMT(I),KMT
2510900.3803700004,19.636,0.1923,SSO_KMTA02,KMT(I),KMT
2510900.3923000004,19.6897,0.2075,SSO_KMTA02,KMT(I),KMT
2510900.40429,20.0371,0.2767,SSO_KMTA02,KMT(I),KMT
2510900.41629,19.974,0.2549,SSO_KMTA02,KMT(I),KMT
2510900.4280699994,19.9072,0.2242,SSO_KMTA02,KMT(I),KMT
2510900.44726,20.1242,0.2758,SSO_KMTA02,KMT(I),KMT
2510900.4605,19.5265,0.1783,SSO_KMTA02,KMT(I),KMT
2510900.47953,19.9279,0.2008,SSO_KMTA02,KMT(I),KMT
2510900.49991,20.5113,0.305,SSO_KMTA02,KMT(I),KMT
2510900.5115900002,20.7669,0.5298,SSO_KMTA02,KMT(I),KMT
2510900.53077,19.8406,0.1874,SSO_KMTA02,KMT(I),KMT
2510900.54235,19.4771,0.165,SSO_KMTA02,KMT(I),KMT
2510900.5543399993,20.8288,0.5726,SSO_KMTA02,KMT(I),KMT
2510900.5663600005,20.0518,0.263,SSO_KMTA02,KMT(I),KMT
2510900.5782900006,19.9792,0.216,SSO_KMTA02,KMT(I),KMT
2510900.60683,18.9962,1.1136,SSO_KMTA02,KMT(I),KMT
2510900.62608,19.9623,0.2845,SSO_KMTA02,KMT(I),KMT
2510901.3771899994,19.8117,0.2283,SSO_KMTA02,KMT(I),KMT
2510901.38887,20.415,0.4749,SSO_KMTA02,KMT(I),KMT
2510901.4007200003,19.4955,0.1279,SSO_KMTA02,KMT(I),KMT
2510901.4126399998,19.931,0.1803,SSO_KMTA02,KMT(I),KMT
2510901.43267,20.1578,0.2953,SSO_KMTA02,KMT(I),KMT
2510901.4453599993,20.1498,0.2679,SSO_KMTA02,KMT(I),KMT
2510901.45696,19.6907,0.1732,SSO_KMTA02,KMT(I),KMT
2510901.4687600005,19.8541,0.1833,SSO_KMTA02,KMT(I),KMT
2510901.4847599994,19.4737,0.1872,SSO_KMTA02,KMT(I),KMT
2510901.50395,19.5245,0.2238,SSO_KMTA02,KMT(I),KMT
2510901.51827,19.7537,0.2504,SSO_KMTA02,KMT(I),KMT
2510901.52982,18.9719,0.1066,SSO_KMTA02,KMT(I),KMT
2510901.5416599996,19.0388,0.1119,SSO_KMTA02,KMT(I),KMT
2510901.55337,19.3527,0.1625,SSO_KMTA02,KMT(I),KMT
2510901.5725100003,19.8041,0.2484,SSO_KMTA02,KMT(I),KMT
2510901.5840300005,19.5208,0.1827,SSO_KMTA02,KMT(I),KMT
2510901.5964100007,19.3631,0.2105,SSO_KMTA02,KMT(I),KMT
2510901.60814,18.1456,0.0805,SSO_KMTA02,KMT(I),KMT
2510901.6200399995,19.5461,0.1955,SSO_KMTA02,KMT(I),KMT
2510902.3884299994,19.6075,0.1615,SSO_KMTA02,KMT(I),KMT
2510902.40023,19.9844,0.2552,SSO_KMTA02,KMT(I),KMT
2510902.4121899996,19.8209,0.185,SSO_KMTA02,KMT(I),KMT
2510902.4264,20.0658,0.2729,SSO_KMTA02,KMT(I),KMT
2510902.4382799994,20.2549,0.2242,SSO_KMTA02,KMT(I),KMT
2510902.4572800007,20.1361,0.2305,SSO_KMTA02,KMT(I),KMT
2510902.4690700006,19.7739,0.1776,SSO_KMTA02,KMT(I),KMT
2510902.4809,20.4491,0.7963,SSO_KMTA02,KMT(I),KMT
2510902.49273,19.4189,0.4568,SSO_KMTA02,KMT(I),KMT
2510902.50457,20.3809,0.9006,SSO_KMTA02,KMT(I),KMT
2510902.52388,16.6473,1.8131,SSO_KMTA02,KMT(I),KMT
2510902.5476399995,17.6489,0.4063,SSO_KMTA02,KMT(I),KMT
2510902.59048,19.7197,0.3121,SSO_KMTA02,KMT(I),KMT
2510902.6097599994,19.7533,0.8927,SSO_KMTA02,KMT(I),KMT
2510902.61866,17.377,0.5804,SSO_KMTA02,KMT(I),KMT
2510903.37993,18.9957,0.1435,SSO_KMTA02,KMT(I),KMT
2510903.3919399995,18.5074,0.2092,SSO_KMTA02,KMT(I),KMT
2510903.40386,18.6843,0.1906,SSO_KMTA02,KMT(I),KMT
2510903.4231000002,19.4746,0.1545,SSO_KMTA02,KMT(I),KMT
2510903.4351000004,19.0916,0.1221,SSO_KMTA02,KMT(I),KMT
2510903.44716,18.3825,0.3814,SSO_KMTA02,KMT(I),KMT
2510903.4708699994,19.2666,0.237,SSO_KMTA02,KMT(I),KMT
2510903.49003,19.4359,0.2931,SSO_KMTA02,KMT(I),KMT
2510903.5015200004,19.8032,0.2024,SSO_KMTA02,KMT(I),KMT
2510903.5171099994,19.336,0.1892,SSO_KMTA02,KMT(I),KMT
2510903.52881,20.0,0.3448,SSO_KMTA02,KMT(I),KMT
2510903.5595900007,19.5914,0.2095,SSO_KMTA02,KMT(I),KMT
2510903.5724,19.3977,0.1701,SSO_KMTA02,KMT(I),KMT
2510903.5843,19.2483,0.1538,SSO_KMTA02,KMT(I),KMT
2510903.59612,18.7453,0.1142,SSO_KMTA02,KMT(I),KMT
2510903.6067500003,19.7801,0.2653,SSO_KMTA02,KMT(I),KMT
2510903.6226400007,19.3248,0.1331,SSO_KMTA02,KMT(I),KMT
2510904.39236,19.2266,0.1743,SSO_KMTA02,KMT(I),KMT
2510904.40436,19.1799,0.1881,SSO_KMTA02,KMT(I),KMT
2510904.4161900003,20.0439,0.3305,SSO_KMTA02,KMT(I),KMT
2510904.4279699996,19.5142,0.1706,SSO_KMTA02,KMT(I),KMT
2510904.43996,20.12,0.2659,SSO_KMTA02,KMT(I),KMT
2510904.45943,20.0212,0.21,SSO_KMTA02,KMT(I),KMT
2510904.47121,19.7691,0.221,SSO_KMTA02,KMT(I),KMT
2510904.4830600005,20.2482,0.3911,SSO_KMTA02,KMT(I),KMT
2510904.49495,19.6724,0.1717,SSO_KMTA02,KMT(I),KMT
2510904.5068500005,19.8451,0.1939,SSO_KMTA02,KMT(I),KMT
2510904.5259300005,19.9934,0.234,SSO_KMTA02,KMT(I),KMT
2510904.5379799996,20.0847,0.2456,SSO_KMTA02,KMT(I),KMT
2510904.5499399994,19.9672,0.1615,SSO_KMTA02,KMT(I),KMT
2510904.56193,19.9692,0.2261,SSO_KMTA02,KMT(I),KMT
2510904.5790800005,20.3197,0.3066,SSO_KMTA02,KMT(I),KMT
2510904.5985000003,19.6933,0.1432,SSO_KMTA02,KMT(I),KMT
2510904.6116700005,20.4975,0.414,SSO_KMTA02,KMT(I),KMT
2510905.35766,18.5965,0.1666,SSO_KMTA02,KMT(I),KMT
2510905.3695100006,19.0867,0.1695,SSO_KMTA02,KMT(I),KMT
2510905.3813899998,18.924,0.2198,SSO_KMTA02,KMT(I),KMT
2510905.39339,20.37,0.7041,SSO_KMTA02,KMT(I),KMT
2510905.4122100007,19.219,0.1199,SSO_KMTA02,KMT(I),KMT
2510905.4238799997,20.1813,0.3365,SSO_KMTA02,KMT(I),KMT
2510905.4362700004,20.1738,0.2862,SSO_KMTA02,KMT(I),KMT
2510905.4482499994,20.156,0.2462,SSO_KMTA02,KMT(I),KMT
2510905.4598399997,20.0167,0.2575,SSO_KMTA02,KMT(I),KMT
2510905.4791599996,19.9302,0.2108,SSO_KMTA02,KMT(I),KMT
2510905.4907399993,20.2546,0.4324,SSO_KMTA02,KMT(I),KMT
2510905.50258,19.794,0.3123,SSO_KMTA02,KMT(I),KMT
2510905.51428,19.5789,0.3037,SSO_KMTA02,KMT(I),KMT
2510905.5262199994,20.4125,0.595,SSO_KMTA02,KMT(I),KMT
2510905.54541,19.317,0.1702,SSO_KMTA02,KMT(I),KMT
2510905.5577099994,19.2656,0.1421,SSO_KMTA02,KMT(I),KMT
2510905.56929,20.3766,0.578,SSO_KMTA02,KMT(I),KMT
2510905.58098,19.8671,0.2433,SSO_KMTA02,KMT(I),KMT
2510905.59268,20.2447,0.511,SSO_KMTA02,KMT(I),KMT
2510905.6118100006,18.7693,0.1416,SSO_KMTA02,KMT(I),KMT
2510906.36527,20.2635,0.5856,SSO_KMTA02,KMT(I),KMT
2510906.37698,19.5705,0.1875,SSO_KMTA02,KMT(I),KMT
2510906.3887799997,19.5949,0.2078,SSO_KMTA02,KMT(I),KMT
2510906.4077400006,12.8149,0.2736,SSO_KMTA02,KMT(I),KMT
2510906.4195600003,13.5066,0.6781,SSO_KMTA02,KMT(I),KMT
2510906.57568,19.6272,1.2763,SSO_KMTA02,KMT(I),KMT
2510908.36054,19.0768,0.1938,SSO_KMTA02,KMT(I),KMT
2510908.3795599993,19.0188,0.1439,SSO_KMTA02,KMT(I),KMT
2510908.39135,18.0204,0.0654,SSO_KMTA02,KMT(I),KMT
2510908.40329,19.6885,0.2581,SSO_KMTA02,KMT(I),KMT
2510908.4152000006,19.1682,0.1428,SSO_KMTA02,KMT(I),KMT
2510908.4271799996,20.0623,0.3189,SSO_KMTA02,KMT(I),KMT
2510908.44649,19.3069,0.1745,SSO_KMTA02,KMT(I),KMT
2510908.4579600003,19.4305,0.1777,SSO_KMTA02,KMT(I),KMT
2510908.4699600004,20.0591,0.2975,SSO_KMTA02,KMT(I),KMT
2510908.48181,19.8193,0.2332,SSO_KMTA02,KMT(I),KMT
2510908.49333,20.2492,0.3799,SSO_KMTA02,KMT(I),KMT
2510908.51239,19.3898,0.1817,SSO_KMTA02,KMT(I),KMT
2510908.5243699998,19.947,0.3066,SSO_KMTA02,KMT(I),KMT
2510908.53637,19.1266,0.1377,SSO_KMTA02,KMT(I),KMT
2510908.5488799997,19.7837,0.2016,SSO_KMTA02,KMT(I),KMT
2510908.56088,19.6304,0.202,SSO_KMTA02,KMT(I),KMT
2510908.5727500003,20.1068,0.4027,SSO_KMTA02,KMT(I),KMT
2510908.5925200004,17.8682,0.0662,SSO_KMTA02,KMT(I),KMT
2510908.6045200005,18.5202,0.0968,SSO_KMTA02,KMT(I),KMT
2510909.37538,18.4056,0.0889,SSO_KMTA02,KMT(I),KMT
2510909.3988300003,19.2351,0.1626,SSO_KMTA02,KMT(I),KMT
2510909.41866,19.9527,0.3707,SSO_KMTA02,KMT(I),KMT
2510909.43037,19.0258,0.1422,SSO_KMTA02,KMT(I),KMT
2510909.4421999995,18.3406,0.0879,SSO_KMTA02,KMT(I),KMT
2510909.45417,19.2958,0.1589,SSO_KMTA02,KMT(I),KMT
2510909.4661,20.2084,0.346,SSO_KMTA02,KMT(I),KMT
2510909.48527,19.8232,0.2164,SSO_KMTA02,KMT(I),KMT
2510909.4968500007,20.0281,0.1734,SSO_KMTA02,KMT(I),KMT
2510909.50856,19.6492,0.1248,SSO_KMTA02,KMT(I),KMT
2510909.52001,19.9902,0.2762,SSO_KMTA02,KMT(I),KMT
2510909.5333200004,19.6477,0.1831,SSO_KMTA02,KMT(I),KMT
2510909.5522499997,19.7173,0.1751,SSO_KMTA02,KMT(I),KMT
2510909.5640200004,20.3795,0.4085,SSO_KMTA02,KMT(I),KMT
2510909.57601,19.3398,0.144,SSO_KMTA02,KMT(I),KMT
2510909.5879500005,20.3,0.4788,SSO_KMTA02,KMT(I),KMT
2510909.59817,19.2569,0.2317,SSO_KMTA02,KMT(I),KMT
2510909.60568,19.7307,0.89,SSO_KMTA02,KMT(I),KMT
2510910.38017,19.2078,0.1394,SSO_KMTA02,KMT(I),KMT
2510910.392,19.8917,0.2508,SSO_KMTA02,KMT(I),KMT
2510910.4038699996,20.3185,0.4284,SSO_KMTA02,KMT(I),KMT
2510910.4158299994,19.9294,0.1934,SSO_KMTA02,KMT(I),KMT
2510910.4274000004,19.5768,0.1569,SSO_KMTA02,KMT(I),KMT
2510910.4547799993,19.8864,0.172,SSO_KMTA02,KMT(I),KMT
2510910.4664900005,20.1341,0.2297,SSO_KMTA02,KMT(I),KMT
2510910.47848,20.0326,0.2919,SSO_KMTA02,KMT(I),KMT
2510910.4904900007,19.7138,0.19,SSO_KMTA02,KMT(I),KMT
2510910.50246,19.6144,0.1341,SSO_KMTA02,KMT(I),KMT
2510910.5216499995,19.8714,0.2151,SSO_KMTA02,KMT(I),KMT
2510910.5336799994,19.7245,0.1943,SSO_KMTA02,KMT(I),KMT
2510910.5524400007,20.3633,0.3081,SSO_KMTA02,KMT(I),KMT
2510910.5639900006,19.6433,0.1196,SSO_KMTA02,KMT(I),KMT
2510910.57623,20.2817,0.3355,SSO_KMTA02,KMT(I),KMT
2510910.59052,20.5284,0.6006,SSO_KMTA02,KMT(I),KMT
2510910.6008599997,20.635,0.4835,SSO_KMTA02,KMT(I),KMT
2510911.3796299994,19.5431,0.2184,SSO_KMTA02,KMT(I),KMT
2510911.3917200007,19.5429,0.1977,SSO_KMTA02,KMT(I),KMT
2510911.40369,19.5308,0.1904,SSO_KMTA02,KMT(I),KMT
2510911.41555,19.5731,0.2065,SSO_KMTA02,KMT(I),KMT
2510911.43042,18.8308,0.1119,SSO_KMTA02,KMT(I),KMT
2510911.4421800002,18.4826,0.0919,SSO_KMTA02,KMT(I),KMT
2510911.4613300003,19.2044,0.1564,SSO_KMTA02,KMT(I),KMT
2510911.47368,21.4604,1.594,SSO_KMTA02,KMT(I),KMT
2510911.4876000006,20.0875,0.2942,SSO_KMTA02,KMT(I),KMT
2510911.5041000005,19.4525,0.1313,SSO_KMTA02,KMT(I),KMT
2510911.5183000006,19.6376,0.1299,SSO_KMTA02,KMT(I),KMT
2510911.5376399998,20.2187,0.3583,SSO_KMTA02,KMT(I),KMT
2510911.5496200006,20.2204,0.3328,SSO_KMTA02,KMT(I),KMT
2510911.5615999997,19.7999,0.232,SSO_KMTA02,KMT(I),KMT
2510911.57324,19.433,0.1402,SSO_KMTA02,KMT(I),KMT
2510911.5847500004,19.2188,0.1509,SSO_KMTA02,KMT(I),KMT
2510911.5895799994,19.6526,0.2123,SSO_KMTA02,KMT(I),KMT
2510911.59987,19.7193,0.2074,SSO_KMTA02,KMT(I),KMT
2510912.3731999993,19.5627,0.1617,SSO_KMTA02,KMT(I),KMT
2510912.3923199996,20.1661,0.258,SSO_KMTA02,KMT(I),KMT
2510912.4043000005,19.896,0.1619,SSO_KMTA02,KMT(I),KMT
2510912.41613,20.1916,0.2488,SSO_KMTA02,KMT(I),KMT
2510912.4282,20.5315,0.4108,SSO_KMTA02,KMT(I),KMT
2510912.4402,20.2381,0.3002,SSO_KMTA02,KMT(I),KMT
2510912.4587900005,19.9465,0.233,SSO_KMTA02,KMT(I),KMT
2510912.47062,19.9432,0.1455,SSO_KMTA02,KMT(I),KMT
2510912.48257,19.6422,0.1556,SSO_KMTA02,KMT(I),KMT
2510912.49453,19.9719,0.2571,SSO_KMTA02,KMT(I),KMT
2510912.50641,20.4406,0.3317,SSO_KMTA02,KMT(I),KMT
2510912.5258099996,19.9873,0.1764,SSO_KMTA02,KMT(I),KMT
2510912.53782,19.8441,0.1571,SSO_KMTA02,KMT(I),KMT
2510912.5504599996,19.8135,0.1717,SSO_KMTA02,KMT(I),KMT
2510912.5629399996,20.5038,0.3261,SSO_KMTA02,KMT(I),KMT
2510912.57455,19.6846,0.2365,SSO_KMTA02,KMT(I),KMT
2510912.5870699994,19.2589,0.1402,SSO_KMTA02,KMT(I),KMT
2510912.5975400005,18.5135,0.1196,SSO_KMTA02,KMT(I),KMT
2510913.3751500007,19.9743,0.1426,SSO_KMTA02,KMT(I),KMT
2510913.3871999998,19.8785,0.2022,SSO_KMTA02,KMT(I),KMT
2510913.3991,19.9696,0.1819,SSO_KMTA02,KMT(I),KMT
2510913.4110199995,19.767,0.1467,SSO_KMTA02,KMT(I),KMT
2510913.42301,20.178,0.2135,SSO_KMTA02,KMT(I),KMT
2510913.4419100005,20.1995,0.2416,SSO_KMTA02,KMT(I),KMT
2510913.4720900003,20.7275,0.5272,SSO_KMTA02,KMT(I),KMT
2510913.4839699995,20.7422,0.6659,SSO_KMTA02,KMT(I),KMT
2510913.49574,19.5507,0.1369,SSO_KMTA02,KMT(I),KMT
2510913.50746,19.7589,0.1942,SSO_KMTA02,KMT(I),KMT
2510913.5265699998,19.9801,0.2563,SSO_KMTA02,KMT(I),KMT
2510913.54143,19.739,0.2035,SSO_KMTA02,KMT(I),KMT
2510913.55322,20.1329,0.3263,SSO_KMTA02,KMT(I),KMT
2510913.56492,19.5448,0.2322,SSO_KMTA02,KMT(I),KMT
2510913.5767599996,19.4632,0.1965,SSO_KMTA02,KMT(I),KMT
2510913.5824500006,19.6389,0.2444,SSO_KMTA02,KMT(I),KMT
2510913.59267,19.7278,0.2268,SSO_KMTA02,KMT(I),KMT
2510914.4893299993,18.9152,0.1357,SSO_KMTA02,KMT(I),KMT
2510914.50837,19.032,0.1239,SSO_KMTA02,KMT(I),KMT
2510914.5203600004,20.6463,0.8291,SSO_KMTA02,KMT(I),KMT
2510914.5323399995,20.2732,0.4569,SSO_KMTA02,KMT(I),KMT
2510914.54431,18.7897,0.1177,SSO_KMTA02,KMT(I),KMT
2510914.55612,19.6745,0.3016,SSO_KMTA02,KMT(I),KMT
2510914.5749200005,18.7264,0.2313,SSO_KMTA02,KMT(I),KMT
2510914.5792699996,19.4192,0.2251,SSO_KMTA02,KMT(I),KMT
2510914.5897499993,17.9149,0.0625,SSO_KMTA02,KMT(I),KMT
2510915.3682899997,18.9838,0.1461,SSO_KMTA02,KMT(I),KMT
2510915.38009,19.5328,0.1793,SSO_KMTA02,KMT(I),KMT
2510915.3839,19.6442,0.1742,SSO_KMTA02,KMT(I),KMT
2510915.3959100004,19.4849,0.1548,SSO_KMTA02,KMT(I),KMT
2510915.4075499997,19.2228,0.1419,SSO_KMTA02,KMT(I),KMT
2510915.4192699995,19.5153,0.1548,SSO_KMTA02,KMT(I),KMT
2510915.4385,19.9165,0.2211,SSO_KMTA02,KMT(I),KMT
2510915.45044,20.6454,0.4798,SSO_KMTA02,KMT(I),KMT
2510915.46208,19.9114,0.2007,SSO_KMTA02,KMT(I),KMT
2510915.47377,19.8417,0.1987,SSO_KMTA02,KMT(I),KMT
2510915.49534,19.9367,0.2528,SSO_KMTA02,KMT(I),KMT
2510915.50727,19.614,0.2135,SSO_KMTA02,KMT(I),KMT
2510915.5192099996,19.7197,0.195,SSO_KMTA02,KMT(I),KMT
2510915.5307599995,18.1088,0.1176,SSO_KMTA02,KMT(I),KMT
2510915.54992,18.8693,0.1257,SSO_KMTA02,KMT(I),KMT
2510915.56451,20.2808,0.3422,SSO_KMTA02,KMT(I),KMT
2510915.58677,19.1966,0.3882,SSO_KMTA02,KMT(I),KMT
2510917.3717,17.4714,0.0539,SSO_KMTA02,KMT(I),KMT
2510917.38368,17.5997,0.0587,SSO_KMTA02,KMT(I),KMT
2510917.39539,18.2928,0.1079,SSO_KMTA02,KMT(I),KMT
2510917.41457,16.6592,0.0386,SSO_KMTA02,KMT(I),KMT
2510917.4261300005,17.689,0.0792,SSO_KMTA02,KMT(I),KMT
2510917.4380900003,19.0838,0.2251,SSO_KMTA02,KMT(I),KMT
2510917.4497999996,18.8162,0.1319,SSO_KMTA02,KMT(I),KMT
2510917.4617100004,19.8713,0.3571,SSO_KMTA02,KMT(I),KMT
2510917.4908600003,19.8477,0.4327,SSO_KMTA02,KMT(I),KMT
2510917.5025500003,20.044,0.4581,SSO_KMTA02,KMT(I),KMT
2510917.51458,19.2375,0.1584,SSO_KMTA02,KMT(I),KMT
2510917.52661,20.2253,0.5398,SSO_KMTA02,KMT(I),KMT
2510917.53861,18.5878,0.145,SSO_KMTA02,KMT(I),KMT
2510917.57116,17.9309,0.0813,SSO_KMTA02,KMT(I),KMT
2510917.57402,18.4358,0.1065,SSO_KMTA02,KMT(I),KMT
2510917.5845100004,16.7533,0.0315,SSO_KMTA02,KMT(I),KMT
2510918.3654299993,20.687,0.9292,SSO_KMTA02,KMT(I),KMT
2510918.37739,19.5219,0.2648,SSO_KMTA02,KMT(I),KMT
2510918.3888799995,19.829,0.2298,SSO_KMTA02,KMT(I),KMT
2510918.4204200003,20.2041,0.4638,SSO_KMTA02,KMT(I),KMT
2510918.43972,20.1828,0.3471,SSO_KMTA02,KMT(I),KMT
2510918.4633600004,20.4899,1.7365,SSO_KMTA02,KMT(I),KMT
2510918.47688,19.123,1.079,SSO_KMTA02,KMT(I),KMT
2510918.5076899994,18.2529,1.6845,SSO_KMTA02,KMT(I),KMT
2510918.5193099994,20.2816,1.0272,SSO_KMTA02,KMT(I),KMT
2510918.53132,18.2643,0.2524,SSO_KMTA02,KMT(I),KMT
2510918.5437199995,19.2688,0.2171,SSO_KMTA02,KMT(I),KMT
2510918.55769,19.5945,1.3159,SSO_KMTA02,KMT(I),KMT
2510918.5751900002,20.697,0.9952,SSO_KMTA02,KMT(I),KMT
2510919.3940200005,19.4054,0.7962,SSO_KMTA02,KMT(I),KMT
2510919.47511,19.8017,0.8272,SSO_KMTA02,KMT(I),KMT
2510919.50332,18.5709,0.282,SSO_KMTA02,KMT(I),KMT
2510921.3972900007,19.4663,0.3787,SSO_KMTA02,KMT(I),KMT
2510921.4091100004,20.4035,1.4878,SSO_KMTA02,KMT(I),KMT
2510921.4210199993,19.866,0.6626,SSO_KMTA02,KMT(I),KMT
2510921.43293,19.492,0.5786,SSO_KMTA02,KMT(I),KMT
2510921.48314,19.983,0.4007,SSO_KMTA02,KMT(I),KMT
2510921.4949900005,19.4429,0.2163,SSO_KMTA02,KMT(I),KMT
2510921.5069500003,19.7234,0.9311,SSO_KMTA02,KMT(I),KMT
2510921.5377699994,19.775,0.2516,SSO_KMTA02,KMT(I),KMT
2510921.5495299995,18.7188,0.3295,SSO_KMTA02,KMT(I),KMT
2510921.5613599997,19.5039,1.0789,SSO_KMTA02,KMT(I),KMT
2510921.5717600007,20.1281,1.2986,SSO_KMTA02,KMT(I),KMT
2510922.3694700003,19.7798,0.2051,SSO_KMTA02,KMT(I),KMT
2510922.38112,20.2017,0.3638,SSO_KMTA02,KMT(I),KMT
2510922.39312,20.0076,0.3353,SSO_KMTA02,KMT(I),KMT
2510922.41232,19.7908,0.1885,SSO_KMTA02,KMT(I),KMT
2510922.42787,19.8492,0.2969,SSO_KMTA02,KMT(I),KMT
2510922.4395400006,20.0625,0.3499,SSO_KMTA02,KMT(I),KMT
2510922.4513499998,20.0132,0.3076,SSO_KMTA02,KMT(I),KMT
2510922.46292,20.0667,0.2747,SSO_KMTA02,KMT(I),KMT
2510922.47456,19.6694,0.2234,SSO_KMTA02,KMT(I),KMT
2510922.4936699998,20.2169,0.3061,SSO_KMTA02,KMT(I),KMT
2510922.50567,19.9039,0.2099,SSO_KMTA02,KMT(I),KMT
2510922.5099599995,20.349,0.389,SSO_KMTA02,KMT(I),KMT
2510922.5219100006,19.6348,0.1548,SSO_KMTA02,KMT(I),KMT
2510922.5335300006,19.6464,0.1685,SSO_KMTA02,KMT(I),KMT
2510922.5453399997,20.4033,0.7971,SSO_KMTA02,KMT(I),KMT
2510922.5630399995,20.3807,0.5192,SSO_KMTA02,KMT(I),KMT
2510922.5704699997,20.1514,0.3009,SSO_KMTA02,KMT(I),KMT
2510923.4066499993,14.8055,5.0302,SSO_KMTA02,KMT(I),KMT
2510924.36704,19.8276,0.2358,SSO_KMTA02,KMT(I),KMT
2510924.3788,20.1902,0.3049,SSO_KMTA02,KMT(I),KMT
2510924.3906699996,20.4301,0.3919,SSO_KMTA02,KMT(I),KMT
2510924.40986,20.0071,0.3153,SSO_KMTA02,KMT(I),KMT
2510924.42158,19.8348,0.2077,SSO_KMTA02,KMT(I),KMT
2510924.4335399996,20.3384,0.3026,SSO_KMTA02,KMT(I),KMT
2510924.4488500003,20.1832,0.2462,SSO_KMTA02,KMT(I),KMT
2510924.4605,20.0489,0.2441,SSO_KMTA02,KMT(I),KMT
2510924.47973,20.4775,0.4703,SSO_KMTA02,KMT(I),KMT
2510924.49153,20.0019,0.2434,SSO_KMTA02,KMT(I),KMT
2510924.5032899994,20.547,0.6474,SSO_KMTA02,KMT(I),KMT
2510924.51506,19.6772,0.1436,SSO_KMTA02,KMT(I),KMT
2510924.5276999995,20.2638,0.3376,SSO_KMTA02,KMT(I),KMT
2510924.54674,19.6579,0.2187,SSO_KMTA02,KMT(I),KMT
2510924.55853,20.0207,0.3033,SSO_KMTA02,KMT(I),KMT
2510925.3702499997,19.981,0.3116,SSO_KMTA02,KMT(I),KMT
2510925.39442,17.8403,0.6875,SSO_KMTA02,KMT(I),KMT
2510925.40599,19.9655,0.2084,SSO_KMTA02,KMT(I),KMT
2510925.4251300003,19.7683,0.2394,SSO_KMTA02,KMT(I),KMT
2510925.4371099994,20.465,0.3918,SSO_KMTA02,KMT(I),KMT
2510925.44977,19.7911,0.1851,SSO_KMTA02,KMT(I),KMT
2510925.4622300006,20.2096,0.4588,SSO_KMTA02,KMT(I),KMT
2510925.47391,19.8716,0.3301,SSO_KMTA02,KMT(I),KMT
2510925.5052000005,20.251,0.5456,SSO_KMTA02,KMT(I),KMT
2510925.5286299996,19.265,0.2359,SSO_KMTA02,KMT(I),KMT
2510925.5401600003,19.0609,0.2037,SSO_KMTA02,KMT(I),KMT
2510925.55208,19.0848,0.2901,SSO_KMTA02,KMT(I),KMT
2510925.562,18.5742,0.2697,SSO_KMTA02,KMT(I),KMT
2510926.3656600006,19.7235,0.2169,SSO_KMTA02,KMT(I),KMT
2510926.3776200004,19.7908,0.3302,SSO_KMTA02,KMT(I),KMT
2510926.4090599995,19.2361,0.1778,SSO_KMTA02,KMT(I),KMT
2510926.44362,18.9665,0.2696,SSO_KMTA02,KMT(I),KMT
2510926.4685500003,19.3262,0.6589,SSO_KMTA02,KMT(I),KMT
2510926.4999199994,12.8695,0.143,SSO_KMTA02,KMT(I),KMT
2510926.51169,11.4266,0.294,SSO_KMTA02,KMT(I),KMT
2510928.3686100002,19.0741,0.2674,SSO_KMTA02,KMT(I),KMT
2510928.3873299994,18.9575,0.1312,SSO_KMTA02,KMT(I),KMT
2510928.40558,17.563,0.3396,SSO_KMTA02,KMT(I),KMT
2510929.3852500003,17.9144,0.0644,SSO_KMTA02,KMT(I),KMT
2510929.4045,18.386,0.0808,SSO_KMTA02,KMT(I),KMT
2510929.4163799994,18.9213,0.133,SSO_KMTA02,KMT(I),KMT
2510929.4280399997,19.1595,0.304,SSO_KMTA02,KMT(I),KMT
2510929.45663,18.5061,0.1246,SSO_KMTA02,KMT(I),KMT
2510929.46896,19.1772,0.1604,SSO_KMTA02,KMT(I),KMT
2510929.48874,19.042,0.1674,SSO_KMTA02,KMT(I),KMT
2510929.51246,19.2894,0.2051,SSO_KMTA02,KMT(I),KMT
2510929.5249199998,20.7984,1.0573,SSO_KMTA02,KMT(I),KMT
2510929.5369300004,20.1398,0.5066,SSO_KMTA02,KMT(I),KMT
2510930.3777399994,19.4205,0.162,SSO_KMTA02,KMT(I),KMT
2510930.3895699997,19.3255,0.1599,SSO_KMTA02,KMT(I),KMT
2510930.40123,19.4972,0.1876,SSO_KMTA02,KMT(I),KMT
2510930.4131000005,20.6293,0.6567,SSO_KMTA02,KMT(I),KMT
2510930.4251000006,19.4104,0.172,SSO_KMTA02,KMT(I),KMT
2510930.4441100005,19.8008,0.2148,SSO_KMTA02,KMT(I),KMT
2510930.45593,19.5342,0.1363,SSO_KMTA02,KMT(I),KMT
2510930.4677799996,19.7721,0.2062,SSO_KMTA02,KMT(I),KMT
2510930.47965,19.5482,0.1886,SSO_KMTA02,KMT(I),KMT
2510930.4914500006,20.0608,0.3625,SSO_KMTA02,KMT(I),KMT
2510930.51052,20.2797,0.4229,SSO_KMTA02,KMT(I),KMT
2510930.5225300007,19.7742,0.2449,SSO_KMTA02,KMT(I),KMT
2510930.5343900006,19.7826,0.3078,SSO_KMTA02,KMT(I),KMT
2510930.5449199993,19.803,0.2318,SSO_KMTA02,KMT(I),KMT
2510931.36818,19.2213,0.2972,SSO_KMTA02,KMT(I),KMT
2510931.3799900003,19.8958,0.2969,SSO_KMTA02,KMT(I),KMT
2510931.3986600004,20.0059,0.2816,SSO_KMTA02,KMT(I),KMT
2510931.4105399996,19.9921,0.2409,SSO_KMTA02,KMT(I),KMT
2510931.4231700003,19.9303,0.2362,SSO_KMTA02,KMT(I),KMT
2510931.4349799994,19.9188,0.204,SSO_KMTA02,KMT(I),KMT
2510931.44699,19.9248,0.1992,SSO_KMTA02,KMT(I),KMT
2510931.4587699994,20.3559,0.2383,SSO_KMTA02,KMT(I),KMT
2510931.4623600002,20.1362,0.1733,SSO_KMTA02,KMT(I),KMT
2510931.4814800005,20.0359,0.2499,SSO_KMTA02,KMT(I),KMT
2510931.4933400005,19.9147,0.1494,SSO_KMTA02,KMT(I),KMT
2510931.5052300002,20.3315,0.255,SSO_KMTA02,KMT(I),KMT
2510931.51691,20.4973,0.3812,SSO_KMTA02,KMT(I),KMT
2510931.5288999993,19.9678,0.2132,SSO_KMTA02,KMT(I),KMT
2510931.5455600005,19.0523,0.2563,SSO_KMTA02,KMT(I),KMT
2510932.37839,19.9544,0.1849,SSO_KMTA02,KMT(I),KMT
2510932.3903400004,19.5486,0.1478,SSO_KMTA02,KMT(I),KMT
2510932.4023199994,19.7618,0.181,SSO_KMTA02,KMT(I),KMT
2510932.4138699993,20.3852,0.2661,SSO_KMTA02,KMT(I),KMT
2510932.42557,19.9741,0.232,SSO_KMTA02,KMT(I),KMT
2510932.4447,19.8773,0.1813,SSO_KMTA02,KMT(I),KMT
2510932.4565699995,20.0817,0.2056,SSO_KMTA02,KMT(I),KMT
2510932.4680499993,20.0937,0.264,SSO_KMTA02,KMT(I),KMT
2510932.4808099996,19.9029,0.2008,SSO_KMTA02,KMT(I),KMT
2510932.4926500004,20.1033,0.1967,SSO_KMTA02,KMT(I),KMT
2510932.5118499994,19.7977,0.1747,SSO_KMTA02,KMT(I),KMT
2510932.5235,19.9122,0.2062,SSO_KMTA02,KMT(I),KMT
2510932.5323799998,19.8085,0.1344,SSO_KMTA02,KMT(I),KMT
2510933.3791000005,20.0734,0.3749,SSO_KMTA02,KMT(I),KMT
2510933.39367,19.5024,0.6742,SSO_KMTA02,KMT(I),KMT
2510933.41261,19.8525,0.409,SSO_KMTA02,KMT(I),KMT
2510933.4245800003,20.2444,2.1169,SSO_KMTA02,KMT(I),KMT
2510933.4365500007,19.4281,0.2313,SSO_KMTA02,KMT(I),KMT
2510933.4608500004,19.1872,0.3238,SSO_KMTA02,KMT(I),KMT
2510933.4799300004,19.041,0.1737,SSO_KMTA02,KMT(I),KMT
2510933.49163,19.5107,0.1667,SSO_KMTA02,KMT(I),KMT
2510933.50361,19.5763,0.1598,SSO_KMTA02,KMT(I),KMT
2510933.51521,19.9456,0.1512,SSO_KMTA02,KMT(I),KMT
2510933.52719,20.1599,0.6383,SSO_KMTA02,KMT(I),KMT
2510934.3825199995,20.1287,0.219,SSO_KMTA02,KMT(I),KMT
2510934.3942,19.8476,0.149,SSO_KMTA02,KMT(I),KMT
2510934.40615,20.0249,0.1716,SSO_KMTA02,KMT(I),KMT
2510934.4180999994,19.995,0.1983,SSO_KMTA02,KMT(I),KMT
2510934.42995,19.7524,0.1637,SSO_KMTA02,KMT(I),KMT
2510934.4490900002,19.8984,0.2139,SSO_KMTA02,KMT(I),KMT
2510934.46858,19.925,0.239,SSO_KMTA02,KMT(I),KMT
2510934.4802599996,19.9059,0.2238,SSO_KMTA02,KMT(I),KMT
2510934.49218,20.1568,0.3086,SSO_KMTA02,KMT(I),KMT
2510934.5041000005,19.5712,0.2097,SSO_KMTA02,KMT(I),KMT
2510934.51576,19.7597,0.3074,SSO_KMTA02,KMT(I),KMT
2510934.5317899995,19.3078,0.1976,SSO_KMTA02,KMT(I),KMT
2510935.3704000004,19.4086,0.2467,SSO_KMTA02,KMT(I),KMT
2510935.3820600007,19.0745,0.1641,SSO_KMTA02,KMT(I),KMT
2510935.39387,18.599,0.1131,SSO_KMTA02,KMT(I),KMT
2510935.40589,19.4036,0.2584,SSO_KMTA02,KMT(I),KMT
2510935.4247900005,19.9504,0.3525,SSO_KMTA02,KMT(I),KMT
2510935.4364800006,19.688,0.2228,SSO_KMTA02,KMT(I),KMT
2510935.44843,19.8638,0.222,SSO_KMTA02,KMT(I),KMT
2510935.4602700006,18.6039,0.1146,SSO_KMTA02,KMT(I),KMT
2510935.4719600007,19.2015,0.1571,SSO_KMTA02,KMT(I),KMT
2510935.4911,20.3164,0.4732,SSO_KMTA02,KMT(I),KMT
2510935.50292,18.7412,0.1333,SSO_KMTA02,KMT(I),KMT
2510935.51576,19.9584,0.3832,SSO_KMTA02,KMT(I),KMT
2510935.5277500004,19.1183,0.172,SSO_KMTA02,KMT(I),KMT
2510936.3702300005,19.9861,0.3099,SSO_KMTA02,KMT(I),KMT
2510936.38958,20.2046,0.2284,SSO_KMTA02,KMT(I),KMT
2510936.4013,20.1428,0.2015,SSO_KMTA02,KMT(I),KMT
2510936.4131499995,20.1221,0.2736,SSO_KMTA02,KMT(I),KMT
2510936.42495,20.3942,0.2241,SSO_KMTA02,KMT(I),KMT
2510936.4369099997,20.1575,0.2187,SSO_KMTA02,KMT(I),KMT
2510936.45627,20.0386,0.1741,SSO_KMTA02,KMT(I),KMT
2510936.46813,20.1435,0.2686,SSO_KMTA02,KMT(I),KMT
2510936.4806500003,20.1291,0.1311,SSO_KMTA02,KMT(I),KMT
2510936.4926200006,20.0889,0.1435,SSO_KMTA02,KMT(I),KMT
2510936.52056,19.9812,0.2182,SSO_KMTA02,KMT(I),KMT
2510936.5296100006,20.0098,0.2164,SSO_KMTA02,KMT(I),KMT
2510938.3730299994,18.601,0.137,SSO_KMTA02,KMT(I),KMT
2510938.3921600003,18.9652,0.1611,SSO_KMTA02,KMT(I),KMT
2510938.40414,19.0733,0.1429,SSO_KMTA02,KMT(I),KMT
2510938.41608,19.7016,0.2966,SSO_KMTA02,KMT(I),KMT
2510938.43038,19.0848,0.1081,SSO_KMTA02,KMT(I),KMT
2510938.44221,18.9909,0.1279,SSO_KMTA02,KMT(I),KMT
2510938.46132,19.472,0.1734,SSO_KMTA02,KMT(I),KMT
2510938.4730399996,19.9802,0.2792,SSO_KMTA02,KMT(I),KMT
2510938.48463,20.1563,0.2759,SSO_KMTA02,KMT(I),KMT
2510938.4963099994,21.1037,1.1211,SSO_KMTA02,KMT(I),KMT
2510938.5081699993,19.8343,0.2496,SSO_KMTA02,KMT(I),KMT
2510938.5127300005,19.3855,0.1584,SSO_KMTA02,KMT(I),KMT
2510938.5232500006,18.6871,0.1169,SSO_KMTA02,KMT(I),KMT
2510939.37495,20.2321,0.4788,SSO_KMTA02,KMT(I),KMT
2510939.3991899993,20.0527,0.2751,SSO_KMTA02,KMT(I),KMT
2510939.4022199996,19.5842,0.2641,SSO_KMTA02,KMT(I),KMT
2510939.41242,19.5825,0.2405,SSO_KMTA02,KMT(I),KMT
2510939.4242400005,19.5015,0.154,SSO_KMTA02,KMT(I),KMT
2510939.43592,19.8077,0.1739,SSO_KMTA02,KMT(I),KMT
2510939.4477699995,20.2924,0.3179,SSO_KMTA02,KMT(I),KMT
2510939.4666,19.7736,0.1541,SSO_KMTA02,KMT(I),KMT
2510939.47834,20.1816,0.3455,SSO_KMTA02,KMT(I),KMT
2510939.4909499995,20.1186,0.3076,SSO_KMTA02,KMT(I),KMT
2510939.5028600004,20.1188,0.2462,SSO_KMTA02,KMT(I),KMT
2510939.51019,19.9796,0.2135,SSO_KMTA02,KMT(I),KMT
2510939.52066,20.3234,0.3336,SSO_KMTA02,KMT(I),KMT
2510940.38182,19.2519,0.1612,SSO_KMTA02,KMT(I),KMT
2510940.39528,19.0771,0.1525,SSO_KMTA02,KMT(I),KMT
2510940.4146599993,20.1067,0.3496,SSO_KMTA02,KMT(I),KMT
2510940.42652,20.2572,0.4048,SSO_KMTA02,KMT(I),KMT
2510940.43834,20.7835,0.7663,SSO_KMTA02,KMT(I),KMT
2510940.4503300004,20.1721,0.3053,SSO_KMTA02,KMT(I),KMT
2510940.4620900005,19.4857,0.1845,SSO_KMTA02,KMT(I),KMT
2510940.4815100003,19.0491,0.1698,SSO_KMTA02,KMT(I),KMT
2510940.49333,18.3442,0.0926,SSO_KMTA02,KMT(I),KMT
2510940.5068299994,20.1123,0.3894,SSO_KMTA02,KMT(I),KMT
2510940.51688,19.3674,0.1807,SSO_KMTA02,KMT(I),KMT
2510941.37926,19.2182,0.1611,SSO_KMTA02,KMT(I),KMT
2510941.3910600003,19.079,0.1276,SSO_KMTA02,KMT(I),KMT
2510941.40383,20.1002,0.3336,SSO_KMTA02,KMT(I),KMT
2510941.42306,19.54,0.1722,SSO_KMTA02,KMT(I),KMT
2510941.4349300005,20.2991,0.4687,SSO_KMTA02,KMT(I),KMT
2510941.4467900004,19.4306,0.1912,SSO_KMTA02,KMT(I),KMT
2510941.45875,19.4654,0.1387,SSO_KMTA02,KMT(I),KMT
2510941.47375,19.4228,0.1917,SSO_KMTA02,KMT(I),KMT
2510941.4929600004,19.2948,0.1659,SSO_KMTA02,KMT(I),KMT
2510941.50328,18.8381,0.1459,SSO_KMTA02,KMT(I),KMT
2510941.5137600005,19.555,0.2972,SSO_KMTA02,KMT(I),KMT
2510942.38856,19.5497,0.2156,SSO_KMTA02,KMT(I),KMT
2510942.4003999997,20.5402,0.5157,SSO_KMTA02,KMT(I),KMT
2510942.4119799994,19.4333,0.1751,SSO_KMTA02,KMT(I),KMT
2510942.42686,19.7972,0.2608,SSO_KMTA02,KMT(I),KMT
2510942.4531299993,20.1792,0.4784,SSO_KMTA02,KMT(I),KMT
2510942.46483,18.2203,0.1232,SSO_KMTA02,KMT(I),KMT
2510942.4796900004,17.5225,0.0692,SSO_KMTA02,KMT(I),KMT
2510942.4912599996,18.8899,0.189,SSO_KMTA02,KMT(I),KMT
2510942.5031199995,20.2235,0.5664,SSO_KMTA02,KMT(I),KMT
2510942.5133100003,19.4753,0.3108,SSO_KMTA02,KMT(I),KMT
2510943.37521,19.8839,0.5147,SSO_KMTA02,KMT(I),KMT
2510943.39456,19.518,0.1491,SSO_KMTA02,KMT(I),KMT
2510943.40642,20.5864,0.5774,SSO_KMTA02,KMT(I),KMT
2510943.41849,19.7604,0.2163,SSO_KMTA02,KMT(I),KMT
2510943.43049,19.7009,0.1533,SSO_KMTA02,KMT(I),KMT
2510943.44252,19.6111,0.222,SSO_KMTA02,KMT(I),KMT
2510943.46172,20.0779,0.4141,SSO_KMTA02,KMT(I),KMT
2510943.47329,20.1491,0.4076,SSO_KMTA02,KMT(I),KMT
2510943.4846599996,19.6996,0.2843,SSO_KMTA02,KMT(I),KMT
2510943.49646,19.8345,0.273,SSO_KMTA02,KMT(I),KMT
2510943.5081600007,20.116,0.4937,SSO_KMTA02,KMT(I),KMT
2510944.37782,20.0655,0.2492,SSO_KMTA02,KMT(I),KMT
2510944.39671,19.9663,0.1448,SSO_KMTA02,KMT(I),KMT
2510944.4091299996,19.776,0.1603,SSO_KMTA02,KMT(I),KMT
2510944.42712,19.7742,0.1795,SSO_KMTA02,KMT(I),KMT
2510944.4390900005,19.7148,0.2076,SSO_KMTA02,KMT(I),KMT
2510944.45079,19.9127,0.2329,SSO_KMTA02,KMT(I),KMT
2510944.4627599996,19.6608,0.243,SSO_KMTA02,KMT(I),KMT
2510944.4815800004,20.2879,0.3285,SSO_KMTA02,KMT(I),KMT
2510944.4948999994,20.1343,0.2957,SSO_KMTA02,KMT(I),KMT
2510944.5069200005,19.8698,0.5623,SSO_KMTA02,KMT(I),KMT
2510945.38332,20.5517,1.8893,SSO_KMTA02,KMT(I),KMT
2510945.3950299993,20.1166,0.9016,SSO_KMTA02,KMT(I),KMT
2510945.4068800006,19.317,0.3336,SSO_KMTA02,KMT(I),KMT
2510945.41847,19.5824,0.1878,SSO_KMTA02,KMT(I),KMT
2510945.43759,20.3406,0.4556,SSO_KMTA02,KMT(I),KMT
2510945.4517,19.6248,0.3253,SSO_KMTA02,KMT(I),KMT
2510945.46327,20.1309,0.4913,SSO_KMTA02,KMT(I),KMT
2510945.4750500005,19.9895,0.4546,SSO_KMTA02,KMT(I),KMT
2510945.4868800007,20.603,0.7456,SSO_KMTA02,KMT(I),KMT
2510945.49359,19.2361,0.2214,SSO_KMTA02,KMT(I),KMT
2510945.5022800006,20.8401,1.1544,SSO_KMTA02,KMT(I),KMT
2510946.3767799996,19.5524,0.3231,SSO_KMTA02,KMT(I),KMT
2510946.39602,19.6394,0.3757,SSO_KMTA02,KMT(I),KMT
2510946.4080100004,19.0249,0.1765,SSO_KMTA02,KMT(I),KMT
2510946.42,19.0522,0.2073,SSO_KMTA02,KMT(I),KMT
2510946.43205,19.7099,0.435,SSO_KMTA02,KMT(I),KMT
2510946.44355,20.5406,1.5787,SSO_KMTA02,KMT(I),KMT
2510946.4627100006,19.8018,0.3476,SSO_KMTA02,KMT(I),KMT
2510946.4732300006,19.4223,0.4379,SSO_KMTA02,KMT(I),KMT
2510946.48644,19.9381,0.6274,SSO_KMTA02,KMT(I),KMT
2510946.4966899995,18.6985,0.2981,SSO_KMTA02,KMT(I),KMT
2510948.3847700004,19.8076,0.3827,SSO_KMTA02,KMT(I),KMT
2510948.39662,19.1459,0.231,SSO_KMTA02,KMT(I),KMT
2510948.40864,20.1356,0.4675,SSO_KMTA02,KMT(I),KMT
2510948.4204699993,19.6582,0.2713,SSO_KMTA02,KMT(I),KMT
2510948.43246,20.4399,1.0132,SSO_KMTA02,KMT(I),KMT
2510948.4594,19.6234,0.4664,SSO_KMTA02,KMT(I),KMT
2510949.37885,19.9571,0.3246,SSO_KMTA02,KMT(I),KMT
2510949.39073,19.5524,0.1665,SSO_KMTA02,KMT(I),KMT
2510949.4042099994,20.0882,0.4019,SSO_KMTA02,KMT(I),KMT
2510949.4266599994,20.3191,0.4363,SSO_KMTA02,KMT(I),KMT
2510949.46681,19.7801,0.2781,SSO_KMTA02,KMT(I),KMT
2510949.47724,19.4265,0.1972,SSO_KMTA02,KMT(I),KMT
2510949.4859100003,19.7076,0.2565,SSO_KMTA02,KMT(I),KMT
2510949.4906900004,19.8716,0.4064,SSO_KMTA02,KMT(I),KMT
2510950.37973,18.0107,0.0808,SSO_KMTA02,KMT(I),KMT
2510950.3915299997,18.8903,0.1619,SSO_KMTA02,KMT(I),KMT
2510950.4066000003,18.83,0.1294,SSO_KMTA02,KMT(I),KMT
2510950.4256299995,20.279,0.7154,SSO_KMTA02,KMT(I),KMT
2510950.4378200006,18.768,0.1545,SSO_KMTA02,KMT(I),KMT
2510950.44977,19.7031,0.3386,SSO_KMTA02,KMT(I),KMT
2510950.46146,19.1778,0.247,SSO_KMTA02,KMT(I),KMT
2510950.47337,19.6923,0.3032,SSO_KMTA02,KMT(I),KMT
2510950.47994,18.9752,0.1774,SSO_KMTA02,KMT(I),KMT
2510950.49068,19.4644,0.2402,SSO_KMTA02,KMT(I),KMT
2510951.3797200006,19.5223,0.1866,SSO_KMTA02,KMT(I),KMT
2510951.399,20.0092,0.2312,SSO_KMTA02,KMT(I),KMT
2510951.4107099995,19.4591,0.176,SSO_KMTA02,KMT(I),KMT
2510951.42258,19.9962,0.329,SSO_KMTA02,KMT(I),KMT
2510951.43427,19.6421,0.3251,SSO_KMTA02,KMT(I),KMT
2510951.4461199995,19.6127,0.1987,SSO_KMTA02,KMT(I),KMT
2510951.4655799996,19.9167,0.3131,SSO_KMTA02,KMT(I),KMT
2510951.47731,19.4686,0.1641,SSO_KMTA02,KMT(I),KMT
2510952.3930600006,20.0207,0.172,SSO_KMTA02,KMT(I),KMT
2510952.40474,20.007,0.1348,SSO_KMTA02,KMT(I),KMT
2510952.4167400002,19.9587,0.196,SSO_KMTA02,KMT(I),KMT
2510952.4361199997,19.9283,0.1999,SSO_KMTA02,KMT(I),KMT
2510952.44809,19.6707,0.1084,SSO_KMTA02,KMT(I),KMT
2510952.46012,20.072,0.1712,SSO_KMTA02,KMT(I),KMT
2510952.47215,20.7618,0.4379,SSO_KMTA02,KMT(I),KMT
2510952.4841300007,19.9011,0.2288,SSO_KMTA02,KMT(I),KMT
2510952.4861500002,19.0796,0.312,SSO_KMTA02,KMT(I),KMT
2510953.37744,20.5558,0.4925,SSO_KMTA02,KMT(I),KMT
2510953.39745,19.8405,0.2264,SSO_KMTA02,KMT(I),KMT
2510953.40929,20.3203,0.4791,SSO_KMTA02,KMT(I),KMT
2510953.4242599998,19.5974,0.2436,SSO_KMTA02,KMT(I),KMT
2510953.43623,20.5972,0.5181,SSO_KMTA02,KMT(I),KMT
2510953.45237,19.9993,0.264,SSO_KMTA02,KMT(I),KMT
2510953.47155,19.4755,0.2585,SSO_KMTA02,KMT(I),KMT
2510953.4803400002,19.6322,0.2491,SSO_KMTA02,KMT(I),KMT
2510958.3825400006,20.7175,0.5795,SSO_KMTA02,KMT(I),KMT
2510958.43642,20.0597,0.2656,SSO_KMTA02,KMT(I),KMT
2510958.44805,19.4735,0.1469,SSO_KMTA02,KMT(I),KMT
2510958.4594400004,19.5038,0.2098,SSO_KMTA02,KMT(I),KMT
2510959.3802700005,19.9986,0.241,SSO_KMTA02,KMT(I),KMT
2510959.3921,20.2335,0.2407,SSO_KMTA02,KMT(I),KMT
2510959.41118,19.9776,0.1826,SSO_KMTA02,KMT(I),KMT
2510959.42698,19.6777,0.1529,SSO_KMTA02,KMT(I),KMT
2510959.43882,20.0321,0.2336,SSO_KMTA02,KMT(I),KMT
2510959.4506100006,19.613,0.1905,SSO_KMTA02,KMT(I),KMT
2510959.46263,19.5995,0.157,SSO_KMTA02,KMT(I),KMT
2510961.3848899994,20.0242,0.2932,SSO_KMTA02,KMT(I),KMT
2510961.4078,20.0923,0.2141,SSO_KMTA02,KMT(I),KMT
2510961.41976,20.0675,0.2046,SSO_KMTA02,KMT(I),KMT
2510961.4317300003,20.685,0.4937,SSO_KMTA02,KMT(I),KMT
2510961.44352,19.7633,0.1448,SSO_KMTA02,KMT(I),KMT
2510961.4550599996,19.4999,0.1319,SSO_KMTA02,KMT(I),KMT
2510962.3840299994,19.8613,0.2277,SSO_KMTA02,KMT(I),KMT
2510962.4034199994,20.1814,0.2574,SSO_KMTA02,KMT(I),KMT
2510962.41541,20.1059,0.2387,SSO_KMTA02,KMT(I),KMT
2510962.4270900004,19.8721,0.1598,SSO_KMTA02,KMT(I),KMT
2510962.4389500003,19.607,0.1288,SSO_KMTA02,KMT(I),KMT
2510962.4478399996,19.9464,0.15,SSO_KMTA02,KMT(I),KMT
2510963.3870899994,19.869,0.2059,SSO_KMTA02,KMT(I),KMT
2510963.39896,20.0406,0.259,SSO_KMTA02,KMT(I),KMT
2510963.41079,20.0353,0.1895,SSO_KMTA02,KMT(I),KMT
2510963.4226399995,19.9108,0.166,SSO_KMTA02,KMT(I),KMT
2510963.43446,20.6267,0.4246,SSO_KMTA02,KMT(I),KMT
2510963.4478399996,19.858,0.154,SSO_KMTA02,KMT(I),KMT
2510964.3820699994,19.438,0.1541,SSO_KMTA02,KMT(I),KMT
2510964.3939699996,19.7788,0.2559,SSO_KMTA02,KMT(I),KMT
2510964.4059999995,19.6441,0.2001,SSO_KMTA02,KMT(I),KMT
2510964.4253899995,20.0481,0.2409,SSO_KMTA02,KMT(I),KMT
2510966.3836400006,19.6317,0.1716,SSO_KMTA02,KMT(I),KMT
2510966.39516,20.5992,0.4088,SSO_KMTA02,KMT(I),KMT
2510966.4070999995,19.845,0.2074,SSO_KMTA02,KMT(I),KMT
2510966.41902,20.7395,0.4607,SSO_KMTA02,KMT(I),KMT
2510966.4330599997,19.6037,0.1816,SSO_KMTA02,KMT(I),KMT
2510966.4435099997,19.4504,0.1416,SSO_KMTA02,KMT(I),KMT
2510967.39475,20.0263,0.2327,SSO_KMTA02,KMT(I),KMT
2510967.4065499995,19.6768,0.1274,SSO_KMTA02,KMT(I),KMT
2510967.4226600006,19.7978,0.1734,SSO_KMTA02,KMT(I),KMT
2510967.43162,20.1587,0.251,SSO_KMTA02,KMT(I),KMT
2510967.44211,20.2688,0.2693,SSO_KMTA02,KMT(I),KMT
2510968.43351,19.9006,0.3259,SSO_KMTA02,KMT(I),KMT
