MJD,Magnitude,Error,Facility,Filter,Observer
2510707.3845000006,20.6534,2.5155,CTIO_KMTC02,KMT(I),KMT
2510708.38633,19.6547,0.4002,CTIO_KMTC02,KMT(I),KMT
2510709.3848599996,19.9679,0.4367,CTIO_KMTC02,KMT(I),KMT
2510710.3868499994,19.8793,0.3142,CTIO_KMTC02,KMT(I),KMT
2510712.39073,20.438,1.6403,CTIO_KMTC02,KMT(I),KMT
2510715.3901199996,19.6389,0.1635,CTIO_KMTC02,KMT(I),KMT
2510716.39035,19.5449,0.3202,CTIO_KMTC02,KMT(I),KMT
2510717.39049,20.0889,0.2081,CTIO_KMTC02,KMT(I),KMT
2510718.39523,20.401,0.5145,CTIO_KMTC02,KMT(I),KMT
2510719.39279,19.8086,0.274,CTIO_KMTC02,KMT(I),KMT
2510726.3372799996,20.0867,0.1337,CTIO_KMTC02,KMT(I),KMT
2510726.37117,20.3304,0.1596,CTIO_KMTC02,KMT(I),KMT
2510727.33163,19.8516,0.1502,CTIO_KMTC02,KMT(I),KMT
2510727.36032,20.0806,0.1398,CTIO_KMTC02,KMT(I),KMT
2510727.3771199994,20.032,0.1251,CTIO_KMTC02,KMT(I),KMT
2510728.3328600004,20.8941,0.894,CTIO_KMTC02,KMT(I),KMT
2510728.3497199994,20.1399,0.3507,CTIO_KMTC02,KMT(I),KMT
2510728.3702099994,20.4295,0.4484,CTIO_KMTC02,KMT(I),KMT
2510729.3301100004,20.3454,0.2592,CTIO_KMTC02,KMT(I),KMT
2510729.34848,20.1737,0.1937,CTIO_KMTC02,KMT(I),KMT
2510729.36106,19.8254,0.1265,CTIO_KMTC02,KMT(I),KMT
2510729.36955,20.0094,0.1485,CTIO_KMTC02,KMT(I),KMT
2510730.3326399997,19.9659,0.1629,CTIO_KMTC02,KMT(I),KMT
2510730.34951,20.2654,0.1715,CTIO_KMTC02,KMT(I),KMT
2510730.37675,20.234,0.1524,CTIO_KMTC02,KMT(I),KMT
2510731.3209000006,20.2674,0.1411,CTIO_KMTC02,KMT(I),KMT
2510731.3433999997,20.2833,0.1533,CTIO_KMTC02,KMT(I),KMT
2510731.36381,20.1885,0.1277,CTIO_KMTC02,KMT(I),KMT
2510731.3804100007,20.1094,0.1043,CTIO_KMTC02,KMT(I),KMT
2510732.3186799996,19.9083,0.0881,CTIO_KMTC02,KMT(I),KMT
2510732.3352300003,20.0144,0.0925,CTIO_KMTC02,KMT(I),KMT
2510732.3624099996,19.9651,0.0874,CTIO_KMTC02,KMT(I),KMT
2510732.37914,20.168,0.1225,CTIO_KMTC02,KMT(I),KMT
2510732.3957400005,19.8484,0.0776,CTIO_KMTC02,KMT(I),KMT
2510733.3284300007,20.1261,0.1309,CTIO_KMTC02,KMT(I),KMT
2510733.3457500003,20.0247,0.1186,CTIO_KMTC02,KMT(I),KMT
2510733.3630800005,20.12,0.1217,CTIO_KMTC02,KMT(I),KMT
2510733.3866300005,19.9936,0.0866,CTIO_KMTC02,KMT(I),KMT
2510734.32209,20.2398,0.1553,CTIO_KMTC02,KMT(I),KMT
2510734.3843900003,20.3973,0.3286,CTIO_KMTC02,KMT(I),KMT
2510734.4011000004,20.1913,0.1853,CTIO_KMTC02,KMT(I),KMT
2510735.32314,20.2307,0.1299,CTIO_KMTC02,KMT(I),KMT
2510735.3468699995,20.0017,0.1091,CTIO_KMTC02,KMT(I),KMT
2510735.3632999994,20.1441,0.1083,CTIO_KMTC02,KMT(I),KMT
2510735.38263,20.0749,0.1101,CTIO_KMTC02,KMT(I),KMT
2510735.39944,19.9265,0.0909,CTIO_KMTC02,KMT(I),KMT
2510736.3200700004,19.5689,0.1045,CTIO_KMTC02,KMT(I),KMT
2510736.3514600005,20.0528,0.1344,CTIO_KMTC02,KMT(I),KMT
2510736.3541400004,19.9075,0.1209,CTIO_KMTC02,KMT(I),KMT
2510736.3695400003,19.8231,0.107,CTIO_KMTC02,KMT(I),KMT
2510736.38767,20.0356,0.1105,CTIO_KMTC02,KMT(I),KMT
2510736.4048500005,19.9335,0.1012,CTIO_KMTC02,KMT(I),KMT
2510737.3181999996,19.9058,0.1146,CTIO_KMTC02,KMT(I),KMT
2510737.3452400006,19.921,0.0946,CTIO_KMTC02,KMT(I),KMT
2510737.36367,19.8861,0.0859,CTIO_KMTC02,KMT(I),KMT
2510737.38191,19.9462,0.0855,CTIO_KMTC02,KMT(I),KMT
2510737.4001899995,19.8878,0.0907,CTIO_KMTC02,KMT(I),KMT
2510738.318,19.9329,0.1115,CTIO_KMTC02,KMT(I),KMT
2510738.33818,19.9508,0.1139,CTIO_KMTC02,KMT(I),KMT
2510738.36324,19.8612,0.1035,CTIO_KMTC02,KMT(I),KMT
2510738.3881199993,20.0074,0.0978,CTIO_KMTC02,KMT(I),KMT
2510738.40725,19.84,0.093,CTIO_KMTC02,KMT(I),KMT
2510739.3026100006,19.9092,0.1025,CTIO_KMTC02,KMT(I),KMT
2510739.3194200005,20.0696,0.103,CTIO_KMTC02,KMT(I),KMT
2510739.33937,19.9584,0.0893,CTIO_KMTC02,KMT(I),KMT
2510739.36732,19.9347,0.1063,CTIO_KMTC02,KMT(I),KMT
2510739.3848199993,19.8348,0.0762,CTIO_KMTC02,KMT(I),KMT
2510739.4022199996,19.765,0.0818,CTIO_KMTC02,KMT(I),KMT
2510740.3085399996,19.8772,0.0972,CTIO_KMTC02,KMT(I),KMT
2510740.32517,19.8196,0.0879,CTIO_KMTC02,KMT(I),KMT
2510740.3280100003,19.8014,0.088,CTIO_KMTC02,KMT(I),KMT
2510740.3546,19.8071,0.0809,CTIO_KMTC02,KMT(I),KMT
2510740.35728,19.8997,0.0963,CTIO_KMTC02,KMT(I),KMT
2510740.37435,19.9016,0.0872,CTIO_KMTC02,KMT(I),KMT
2510740.3915800005,19.7978,0.0704,CTIO_KMTC02,KMT(I),KMT
2510740.4097000007,19.4942,0.1568,CTIO_KMTC02,KMT(I),KMT
2510740.41242,19.9253,0.3693,CTIO_KMTC02,KMT(I),KMT
2510741.29748,19.5693,0.096,CTIO_KMTC02,KMT(I),KMT
2510741.3145000003,19.6511,0.093,CTIO_KMTC02,KMT(I),KMT
2510741.3421100006,19.7388,0.0917,CTIO_KMTC02,KMT(I),KMT
2510741.3587800004,19.9337,0.1088,CTIO_KMTC02,KMT(I),KMT
2510741.37694,19.8435,0.1037,CTIO_KMTC02,KMT(I),KMT
2510741.3933700006,19.8207,0.0921,CTIO_KMTC02,KMT(I),KMT
2510741.41168,20.2273,0.3198,CTIO_KMTC02,KMT(I),KMT
2510742.2935000006,19.6656,0.075,CTIO_KMTC02,KMT(I),KMT
2510742.3136400003,19.6119,0.0663,CTIO_KMTC02,KMT(I),KMT
2510742.3380999994,19.6825,0.067,CTIO_KMTC02,KMT(I),KMT
2510742.3556500003,19.7107,0.0721,CTIO_KMTC02,KMT(I),KMT
2510742.37285,19.7254,0.0636,CTIO_KMTC02,KMT(I),KMT
2510742.38997,19.562,0.0732,CTIO_KMTC02,KMT(I),KMT
2510742.41055,19.5781,0.0763,CTIO_KMTC02,KMT(I),KMT
2510743.29096,19.6044,0.0692,CTIO_KMTC02,KMT(I),KMT
2510743.3171800002,19.6144,0.0672,CTIO_KMTC02,KMT(I),KMT
2510743.33407,19.5068,0.0516,CTIO_KMTC02,KMT(I),KMT
2510743.3538799994,19.4582,0.0456,CTIO_KMTC02,KMT(I),KMT
2510743.3703300003,19.4928,0.0475,CTIO_KMTC02,KMT(I),KMT
2510743.39257,19.4623,0.0448,CTIO_KMTC02,KMT(I),KMT
2510744.3116800003,19.5315,0.067,CTIO_KMTC02,KMT(I),KMT
2510744.32864,19.2735,0.0439,CTIO_KMTC02,KMT(I),KMT
2510744.34676,19.3452,0.0465,CTIO_KMTC02,KMT(I),KMT
2510744.36469,19.3306,0.0459,CTIO_KMTC02,KMT(I),KMT
2510744.38418,19.389,0.0422,CTIO_KMTC02,KMT(I),KMT
2510744.41314,19.2462,0.1295,CTIO_KMTC02,KMT(I),KMT
2510745.28613,19.1834,0.0706,CTIO_KMTC02,KMT(I),KMT
2510745.30294,19.1537,0.0508,CTIO_KMTC02,KMT(I),KMT
2510745.3196399994,19.3045,0.0519,CTIO_KMTC02,KMT(I),KMT
2510745.3367,19.25,0.0477,CTIO_KMTC02,KMT(I),KMT
2510745.3536799997,19.2722,0.0417,CTIO_KMTC02,KMT(I),KMT
2510745.374,19.2314,0.0384,CTIO_KMTC02,KMT(I),KMT
2510745.4053799994,19.2369,0.0488,CTIO_KMTC02,KMT(I),KMT
2510746.29132,19.1249,0.0515,CTIO_KMTC02,KMT(I),KMT
2510746.30825,19.0725,0.0418,CTIO_KMTC02,KMT(I),KMT
2510746.32513,19.1093,0.0414,CTIO_KMTC02,KMT(I),KMT
2510746.3454599995,19.1167,0.041,CTIO_KMTC02,KMT(I),KMT
2510746.3691799995,19.1293,0.0462,CTIO_KMTC02,KMT(I),KMT
2510746.3859899994,19.1297,0.0355,CTIO_KMTC02,KMT(I),KMT
2510746.38928,19.1727,0.0535,CTIO_KMTC02,KMT(I),KMT
2510746.4058500007,19.1191,0.0398,CTIO_KMTC02,KMT(I),KMT
2510746.4087199997,19.0901,0.0395,CTIO_KMTC02,KMT(I),KMT
2510747.28744,19.0919,0.049,CTIO_KMTC02,KMT(I),KMT
2510747.3041699994,19.0709,0.0546,CTIO_KMTC02,KMT(I),KMT
2510747.3390999995,19.1516,0.0429,CTIO_KMTC02,KMT(I),KMT
2510747.35582,19.0951,0.0419,CTIO_KMTC02,KMT(I),KMT
2510747.37505,19.0595,0.0355,CTIO_KMTC02,KMT(I),KMT
2510747.3936100006,19.0355,0.0442,CTIO_KMTC02,KMT(I),KMT
2510747.4102999996,19.0999,0.0754,CTIO_KMTC02,KMT(I),KMT
2510748.2779900003,19.1627,0.0504,CTIO_KMTC02,KMT(I),KMT
2510748.3093999997,19.0228,0.0399,CTIO_KMTC02,KMT(I),KMT
2510748.3329499997,19.0894,0.0385,CTIO_KMTC02,KMT(I),KMT
2510748.34975,19.0964,0.0423,CTIO_KMTC02,KMT(I),KMT
2510748.40338,18.9912,0.0744,CTIO_KMTC02,KMT(I),KMT
2510749.27554,19.2179,0.1094,CTIO_KMTC02,KMT(I),KMT
2510749.29921,19.7249,1.4355,CTIO_KMTC02,KMT(I),KMT
2510749.31613,19.2591,0.0867,CTIO_KMTC02,KMT(I),KMT
2510749.33304,19.3274,0.0584,CTIO_KMTC02,KMT(I),KMT
2510749.3508599997,19.2309,0.0555,CTIO_KMTC02,KMT(I),KMT
2510749.37118,19.2618,0.0491,CTIO_KMTC02,KMT(I),KMT
2510749.40137,19.4557,0.0813,CTIO_KMTC02,KMT(I),KMT
2510750.27224,19.3545,0.0669,CTIO_KMTC02,KMT(I),KMT
2510750.2922799997,19.348,0.0591,CTIO_KMTC02,KMT(I),KMT
2510750.3088000007,19.5207,0.0819,CTIO_KMTC02,KMT(I),KMT
2510750.3253000006,19.432,0.0573,CTIO_KMTC02,KMT(I),KMT
2510750.3425399996,19.4606,0.0557,CTIO_KMTC02,KMT(I),KMT
2510750.3697999995,19.4645,0.0766,CTIO_KMTC02,KMT(I),KMT
2510750.38662,19.3936,0.0521,CTIO_KMTC02,KMT(I),KMT
2510750.4035,19.374,0.05,CTIO_KMTC02,KMT(I),KMT
2510751.28281,19.5577,0.0748,CTIO_KMTC02,KMT(I),KMT
2510751.29973,19.6404,0.0699,CTIO_KMTC02,KMT(I),KMT
2510751.3210700005,19.5706,0.0669,CTIO_KMTC02,KMT(I),KMT
2510751.34702,19.4757,0.0632,CTIO_KMTC02,KMT(I),KMT
2510751.3643299993,19.5083,0.0543,CTIO_KMTC02,KMT(I),KMT
2510751.38674,19.5453,0.0541,CTIO_KMTC02,KMT(I),KMT
2510751.4034199994,19.5174,0.0628,CTIO_KMTC02,KMT(I),KMT
2510752.2797,19.5642,0.0793,CTIO_KMTC02,KMT(I),KMT
2510752.3117699996,19.5305,0.0611,CTIO_KMTC02,KMT(I),KMT
2510752.32845,19.6406,0.0735,CTIO_KMTC02,KMT(I),KMT
2510752.34691,19.6051,0.0678,CTIO_KMTC02,KMT(I),KMT
2510752.3635799997,19.699,0.0991,CTIO_KMTC02,KMT(I),KMT
2510752.38177,19.6986,0.0841,CTIO_KMTC02,KMT(I),KMT
2510752.4124,19.5049,0.1159,CTIO_KMTC02,KMT(I),KMT
2510753.27506,19.8088,0.1437,CTIO_KMTC02,KMT(I),KMT
2510753.29241,19.6881,0.1015,CTIO_KMTC02,KMT(I),KMT
2510753.3095900007,19.8727,0.0936,CTIO_KMTC02,KMT(I),KMT
2510753.33485,19.8018,0.0774,CTIO_KMTC02,KMT(I),KMT
2510753.3629400004,19.6585,0.0643,CTIO_KMTC02,KMT(I),KMT
2510753.38126,19.6423,0.0626,CTIO_KMTC02,KMT(I),KMT
2510753.3997300006,19.7232,0.0725,CTIO_KMTC02,KMT(I),KMT
2510753.41687,19.5716,0.1379,CTIO_KMTC02,KMT(I),KMT
2510754.26384,19.5761,0.106,CTIO_KMTC02,KMT(I),KMT
2510754.2805400006,19.9756,0.1261,CTIO_KMTC02,KMT(I),KMT
2510754.3011099994,19.8044,0.0982,CTIO_KMTC02,KMT(I),KMT
2510754.3280999996,19.7342,0.0818,CTIO_KMTC02,KMT(I),KMT
2510754.3309199996,19.723,0.0816,CTIO_KMTC02,KMT(I),KMT
2510754.34717,19.7154,0.0893,CTIO_KMTC02,KMT(I),KMT
2510754.36412,19.843,0.0858,CTIO_KMTC02,KMT(I),KMT
2510754.38119,19.7523,0.0719,CTIO_KMTC02,KMT(I),KMT
2510754.40218,19.7674,0.0752,CTIO_KMTC02,KMT(I),KMT
2510755.2693099994,19.8222,0.1962,CTIO_KMTC02,KMT(I),KMT
2510755.29366,20.1319,0.2074,CTIO_KMTC02,KMT(I),KMT
2510755.3104500007,19.6883,0.1294,CTIO_KMTC02,KMT(I),KMT
2510755.32792,19.8564,0.155,CTIO_KMTC02,KMT(I),KMT
2510755.3560499996,19.8245,0.1392,CTIO_KMTC02,KMT(I),KMT
2510755.3741500005,19.8367,0.1842,CTIO_KMTC02,KMT(I),KMT
2510755.40123,19.7466,0.1326,CTIO_KMTC02,KMT(I),KMT
2510755.42005,19.4716,0.137,CTIO_KMTC02,KMT(I),KMT
2510757.25763,20.2513,0.2016,CTIO_KMTC02,KMT(I),KMT
2510757.2805000003,19.9371,0.1357,CTIO_KMTC02,KMT(I),KMT
2510757.29724,20.1215,0.1555,CTIO_KMTC02,KMT(I),KMT
2510757.3140699994,19.9933,0.1354,CTIO_KMTC02,KMT(I),KMT
2510757.34299,20.0273,0.1451,CTIO_KMTC02,KMT(I),KMT
2510757.36011,19.9263,0.1461,CTIO_KMTC02,KMT(I),KMT
2510757.37674,20.0537,0.1415,CTIO_KMTC02,KMT(I),KMT
2510757.3934700005,19.9029,0.1023,CTIO_KMTC02,KMT(I),KMT
2510757.41438,19.9159,0.1072,CTIO_KMTC02,KMT(I),KMT
2510758.2800699994,20.0653,0.1262,CTIO_KMTC02,KMT(I),KMT
2510758.30368,19.7686,0.0813,CTIO_KMTC02,KMT(I),KMT
2510758.3213599995,19.8177,0.085,CTIO_KMTC02,KMT(I),KMT
2510758.3399400003,19.8746,0.0859,CTIO_KMTC02,KMT(I),KMT
2510758.3568699993,19.9711,0.1008,CTIO_KMTC02,KMT(I),KMT
2510758.38411,19.9172,0.0846,CTIO_KMTC02,KMT(I),KMT
2510758.4075300004,19.9592,0.0926,CTIO_KMTC02,KMT(I),KMT
2510759.26239,19.4907,0.1163,CTIO_KMTC02,KMT(I),KMT
2510759.27929,18.1165,0.0459,CTIO_KMTC02,KMT(I),KMT
2510759.296,19.4768,0.1152,CTIO_KMTC02,KMT(I),KMT
2510759.3126500007,19.6727,0.1287,CTIO_KMTC02,KMT(I),KMT
2510759.33968,19.8087,0.1008,CTIO_KMTC02,KMT(I),KMT
2510759.35812,20.0989,0.1208,CTIO_KMTC02,KMT(I),KMT
2510759.37488,20.4363,0.2072,CTIO_KMTC02,KMT(I),KMT
2510759.3969899993,20.1402,0.1081,CTIO_KMTC02,KMT(I),KMT
2510759.414,20.0106,0.1289,CTIO_KMTC02,KMT(I),KMT
2510760.27032,20.1305,0.1972,CTIO_KMTC02,KMT(I),KMT
2510760.2875699997,19.9251,0.1287,CTIO_KMTC02,KMT(I),KMT
2510760.30846,20.1115,0.1277,CTIO_KMTC02,KMT(I),KMT
2510760.32921,19.7653,0.1157,CTIO_KMTC02,KMT(I),KMT
2510760.3523500003,20.1291,0.1125,CTIO_KMTC02,KMT(I),KMT
2510760.3724499997,19.9442,0.0892,CTIO_KMTC02,KMT(I),KMT
2510760.3961500004,19.9913,0.0868,CTIO_KMTC02,KMT(I),KMT
2510760.4129099995,19.9266,0.1275,CTIO_KMTC02,KMT(I),KMT
2510761.25373,20.7815,1.6539,CTIO_KMTC02,KMT(I),KMT
2510761.27099,19.4546,0.1728,CTIO_KMTC02,KMT(I),KMT
2510761.2969499994,19.8143,0.1073,CTIO_KMTC02,KMT(I),KMT
2510761.32292,20.2055,0.1286,CTIO_KMTC02,KMT(I),KMT
2510761.3404600006,19.959,0.0885,CTIO_KMTC02,KMT(I),KMT
2510761.35702,20.0448,0.1008,CTIO_KMTC02,KMT(I),KMT
2510761.3739100005,20.0067,0.093,CTIO_KMTC02,KMT(I),KMT
2510761.39322,20.0599,0.1117,CTIO_KMTC02,KMT(I),KMT
2510762.2386300005,19.8275,0.134,CTIO_KMTC02,KMT(I),KMT
2510762.25653,20.1737,0.1456,CTIO_KMTC02,KMT(I),KMT
2510762.2752,20.0739,0.1354,CTIO_KMTC02,KMT(I),KMT
2510762.29223,20.1737,0.1415,CTIO_KMTC02,KMT(I),KMT
2510762.31233,20.1033,0.1331,CTIO_KMTC02,KMT(I),KMT
2510762.3401500005,20.1083,0.1208,CTIO_KMTC02,KMT(I),KMT
2510762.35943,19.9325,0.0803,CTIO_KMTC02,KMT(I),KMT
2510762.3768099993,19.9778,0.0949,CTIO_KMTC02,KMT(I),KMT
2510762.3940699995,19.9606,0.0821,CTIO_KMTC02,KMT(I),KMT
2510762.4148200005,20.2039,0.2042,CTIO_KMTC02,KMT(I),KMT
2510763.2400400005,20.035,0.1135,CTIO_KMTC02,KMT(I),KMT
2510763.26363,20.1036,0.1228,CTIO_KMTC02,KMT(I),KMT
2510763.2875800002,20.1663,0.1391,CTIO_KMTC02,KMT(I),KMT
2510763.30423,20.1227,0.1326,CTIO_KMTC02,KMT(I),KMT
2510763.3211700004,20.0174,0.1076,CTIO_KMTC02,KMT(I),KMT
2510763.3378,19.8127,0.0729,CTIO_KMTC02,KMT(I),KMT
2510763.3593300004,20.0887,0.0976,CTIO_KMTC02,KMT(I),KMT
2510763.38318,20.1378,0.0949,CTIO_KMTC02,KMT(I),KMT
2510763.40032,20.0908,0.0891,CTIO_KMTC02,KMT(I),KMT
2510763.4175499994,20.3041,0.1433,CTIO_KMTC02,KMT(I),KMT
2510764.24527,19.8232,0.1096,CTIO_KMTC02,KMT(I),KMT
2510764.2479599994,20.2104,0.1485,CTIO_KMTC02,KMT(I),KMT
2510764.2509000003,20.1712,0.1435,CTIO_KMTC02,KMT(I),KMT
2510764.2528300006,20.1503,0.1334,CTIO_KMTC02,KMT(I),KMT
2510764.2684899997,19.9063,0.1169,CTIO_KMTC02,KMT(I),KMT
2510764.29746,20.0308,0.0928,CTIO_KMTC02,KMT(I),KMT
2510764.3136,19.89,0.0851,CTIO_KMTC02,KMT(I),KMT
2510764.33012,20.0174,0.0859,CTIO_KMTC02,KMT(I),KMT
2510764.34671,19.9978,0.0853,CTIO_KMTC02,KMT(I),KMT
2510764.36319,19.9877,0.0939,CTIO_KMTC02,KMT(I),KMT
2510764.3912700005,19.9527,0.0817,CTIO_KMTC02,KMT(I),KMT
2510764.41448,20.0595,0.1002,CTIO_KMTC02,KMT(I),KMT
2510765.2408,20.339,0.2378,CTIO_KMTC02,KMT(I),KMT
2510765.2574499995,19.7451,0.1698,CTIO_KMTC02,KMT(I),KMT
2510765.2746099997,19.8243,0.2334,CTIO_KMTC02,KMT(I),KMT
2510765.2950800005,20.008,0.0798,CTIO_KMTC02,KMT(I),KMT
2510765.3249900006,19.9818,0.0679,CTIO_KMTC02,KMT(I),KMT
2510765.34184,19.9949,0.065,CTIO_KMTC02,KMT(I),KMT
2510765.35872,20.0319,0.0749,CTIO_KMTC02,KMT(I),KMT
2510765.37818,20.1347,0.0769,CTIO_KMTC02,KMT(I),KMT
2510765.40905,20.0585,0.0781,CTIO_KMTC02,KMT(I),KMT
2510766.2367700003,20.2475,0.1334,CTIO_KMTC02,KMT(I),KMT
2510766.25399,20.1542,0.1275,CTIO_KMTC02,KMT(I),KMT
2510766.27085,20.0498,0.1036,CTIO_KMTC02,KMT(I),KMT
2510766.2885100003,20.0217,0.1096,CTIO_KMTC02,KMT(I),KMT
2510766.3077799994,20.0577,0.098,CTIO_KMTC02,KMT(I),KMT
2510766.3371200003,20.1655,0.1144,CTIO_KMTC02,KMT(I),KMT
2510766.35393,20.0628,0.1153,CTIO_KMTC02,KMT(I),KMT
2510766.3724099994,19.9355,0.0828,CTIO_KMTC02,KMT(I),KMT
2510766.38925,20.1405,0.0958,CTIO_KMTC02,KMT(I),KMT
2510766.40584,20.2084,0.1016,CTIO_KMTC02,KMT(I),KMT
2510767.2452799994,19.9446,0.1167,CTIO_KMTC02,KMT(I),KMT
2510767.2675800007,20.0541,0.0985,CTIO_KMTC02,KMT(I),KMT
2510767.2850400005,20.039,0.0984,CTIO_KMTC02,KMT(I),KMT
2510767.3025700003,20.1785,0.105,CTIO_KMTC02,KMT(I),KMT
2510767.3253000006,20.0799,0.0869,CTIO_KMTC02,KMT(I),KMT
2510767.34562,20.0915,0.085,CTIO_KMTC02,KMT(I),KMT
2510767.36996,20.0269,0.076,CTIO_KMTC02,KMT(I),KMT
2510767.38676,20.0758,0.08,CTIO_KMTC02,KMT(I),KMT
2510767.40371,20.0333,0.1579,CTIO_KMTC02,KMT(I),KMT
2510767.4207499996,20.0102,0.1142,CTIO_KMTC02,KMT(I),KMT
2510768.2233300004,20.0288,0.1152,CTIO_KMTC02,KMT(I),KMT
2510768.24426,20.6316,0.2091,CTIO_KMTC02,KMT(I),KMT
2510768.2717499994,20.2566,0.1272,CTIO_KMTC02,KMT(I),KMT
2510768.29003,20.1115,0.0896,CTIO_KMTC02,KMT(I),KMT
2510768.30825,20.0479,0.0846,CTIO_KMTC02,KMT(I),KMT
2510768.32684,20.0769,0.086,CTIO_KMTC02,KMT(I),KMT
2510768.34363,20.0724,0.0966,CTIO_KMTC02,KMT(I),KMT
2510768.3733200002,20.2561,0.0939,CTIO_KMTC02,KMT(I),KMT
2510768.3902199995,20.0985,0.0833,CTIO_KMTC02,KMT(I),KMT
2510768.4154899996,20.0557,0.0985,CTIO_KMTC02,KMT(I),KMT
2510769.22322,20.0412,0.14,CTIO_KMTC02,KMT(I),KMT
2510769.24202,20.155,0.1243,CTIO_KMTC02,KMT(I),KMT
2510769.2589800004,20.0144,0.0984,CTIO_KMTC02,KMT(I),KMT
2510769.28986,20.1484,0.1054,CTIO_KMTC02,KMT(I),KMT
2510769.31408,20.0664,0.0937,CTIO_KMTC02,KMT(I),KMT
2510769.3347500004,20.0703,0.1029,CTIO_KMTC02,KMT(I),KMT
2510769.35207,20.0617,0.0904,CTIO_KMTC02,KMT(I),KMT
2510769.3730500005,20.0306,0.081,CTIO_KMTC02,KMT(I),KMT
2510769.39387,20.0492,0.0853,CTIO_KMTC02,KMT(I),KMT
2510769.41809,19.9831,0.0908,CTIO_KMTC02,KMT(I),KMT
2510770.2391100004,20.1016,0.1116,CTIO_KMTC02,KMT(I),KMT
2510770.2603200004,20.0442,0.106,CTIO_KMTC02,KMT(I),KMT
2510770.2809299994,20.1549,0.1018,CTIO_KMTC02,KMT(I),KMT
2510770.2976600006,20.0134,0.093,CTIO_KMTC02,KMT(I),KMT
2510770.3291100003,19.962,0.0909,CTIO_KMTC02,KMT(I),KMT
2510770.34585,20.0351,0.076,CTIO_KMTC02,KMT(I),KMT
2510770.36269,20.094,0.0786,CTIO_KMTC02,KMT(I),KMT
2510770.3836199995,20.1491,0.0853,CTIO_KMTC02,KMT(I),KMT
2510770.4004299995,20.0369,0.0737,CTIO_KMTC02,KMT(I),KMT
2510770.42805,20.5189,0.4734,CTIO_KMTC02,KMT(I),KMT
2510771.21536,20.1241,0.174,CTIO_KMTC02,KMT(I),KMT
2510771.2336299997,20.0458,0.157,CTIO_KMTC02,KMT(I),KMT
2510771.25908,20.1624,0.146,CTIO_KMTC02,KMT(I),KMT
2510771.28056,20.0507,0.1106,CTIO_KMTC02,KMT(I),KMT
2510771.29749,20.2394,0.1188,CTIO_KMTC02,KMT(I),KMT
2510771.31817,20.0515,0.1274,CTIO_KMTC02,KMT(I),KMT
2510771.3468200006,20.0874,0.1278,CTIO_KMTC02,KMT(I),KMT
2510771.3636300005,20.3865,0.2132,CTIO_KMTC02,KMT(I),KMT
2510771.3811799996,20.3884,0.191,CTIO_KMTC02,KMT(I),KMT
2510771.39843,19.9038,0.1092,CTIO_KMTC02,KMT(I),KMT
2510771.4188199993,20.094,0.1515,CTIO_KMTC02,KMT(I),KMT
2510772.2194,20.1555,0.1655,CTIO_KMTC02,KMT(I),KMT
2510772.2461200003,19.9664,0.1235,CTIO_KMTC02,KMT(I),KMT
2510772.2634299994,20.1037,0.1363,CTIO_KMTC02,KMT(I),KMT
2510772.2799999993,19.9441,0.1065,CTIO_KMTC02,KMT(I),KMT
2510772.29689,20.021,0.1014,CTIO_KMTC02,KMT(I),KMT
2510772.31341,20.2606,0.1413,CTIO_KMTC02,KMT(I),KMT
2510772.3441700004,20.0089,0.1134,CTIO_KMTC02,KMT(I),KMT
2510772.36113,20.1911,0.1381,CTIO_KMTC02,KMT(I),KMT
2510772.37816,20.1389,0.1371,CTIO_KMTC02,KMT(I),KMT
2510772.38088,20.1434,0.1499,CTIO_KMTC02,KMT(I),KMT
2510772.3976499997,19.973,0.1134,CTIO_KMTC02,KMT(I),KMT
2510772.4179100003,19.9928,0.1063,CTIO_KMTC02,KMT(I),KMT
2510773.23807,20.2079,0.1315,CTIO_KMTC02,KMT(I),KMT
2510773.25753,20.228,0.1295,CTIO_KMTC02,KMT(I),KMT
2510773.2742800005,20.0516,0.1028,CTIO_KMTC02,KMT(I),KMT
2510773.29125,20.3453,0.2478,CTIO_KMTC02,KMT(I),KMT
2510773.30757,20.3861,0.1283,CTIO_KMTC02,KMT(I),KMT
2510773.32747,19.9496,0.074,CTIO_KMTC02,KMT(I),KMT
2510773.35128,20.1049,0.0872,CTIO_KMTC02,KMT(I),KMT
2510773.36799,20.055,0.0894,CTIO_KMTC02,KMT(I),KMT
2510773.3846899997,19.929,0.073,CTIO_KMTC02,KMT(I),KMT
2510773.38739,19.9807,0.0788,CTIO_KMTC02,KMT(I),KMT
2510773.40579,19.9387,0.0768,CTIO_KMTC02,KMT(I),KMT
2510774.22511,19.9514,0.1355,CTIO_KMTC02,KMT(I),KMT
2510774.24856,20.1026,0.1493,CTIO_KMTC02,KMT(I),KMT
2510774.2654100005,20.0985,0.1282,CTIO_KMTC02,KMT(I),KMT
2510774.2823600005,20.1987,0.1194,CTIO_KMTC02,KMT(I),KMT
2510774.2852,20.3363,0.1599,CTIO_KMTC02,KMT(I),KMT
2510774.30664,19.9659,0.1117,CTIO_KMTC02,KMT(I),KMT
2510774.32324,20.0425,0.1035,CTIO_KMTC02,KMT(I),KMT
2510774.35057,20.1299,0.0878,CTIO_KMTC02,KMT(I),KMT
2510774.3707999997,20.0666,0.0844,CTIO_KMTC02,KMT(I),KMT
2510774.3878700007,20.0016,0.0774,CTIO_KMTC02,KMT(I),KMT
2510774.40469,19.9862,0.071,CTIO_KMTC02,KMT(I),KMT
2510774.4233599994,19.9831,0.1282,CTIO_KMTC02,KMT(I),KMT
2510775.2266000006,20.0756,0.1255,CTIO_KMTC02,KMT(I),KMT
2510775.2509000003,20.0402,0.1487,CTIO_KMTC02,KMT(I),KMT
2510775.26779,20.2496,0.2147,CTIO_KMTC02,KMT(I),KMT
2510775.2708100006,20.6475,0.4746,CTIO_KMTC02,KMT(I),KMT
2510775.28618,19.5166,0.1107,CTIO_KMTC02,KMT(I),KMT
2510775.30339,19.8484,0.1254,CTIO_KMTC02,KMT(I),KMT
2510775.34076,20.338,0.1539,CTIO_KMTC02,KMT(I),KMT
2510775.36467,20.282,0.1682,CTIO_KMTC02,KMT(I),KMT
2510775.39831,20.2104,0.146,CTIO_KMTC02,KMT(I),KMT
2510775.41512,20.1941,0.13,CTIO_KMTC02,KMT(I),KMT
2510777.20381,20.1405,0.1864,CTIO_KMTC02,KMT(I),KMT
2510777.22791,19.9815,0.1287,CTIO_KMTC02,KMT(I),KMT
2510777.2463300005,20.3197,0.2212,CTIO_KMTC02,KMT(I),KMT
2510777.2877600007,20.0955,0.1157,CTIO_KMTC02,KMT(I),KMT
2510777.30547,20.0571,0.1142,CTIO_KMTC02,KMT(I),KMT
2510777.32269,20.1656,0.1,CTIO_KMTC02,KMT(I),KMT
2510777.3496000003,20.0142,0.1014,CTIO_KMTC02,KMT(I),KMT
2510777.36653,19.9128,0.0857,CTIO_KMTC02,KMT(I),KMT
2510777.38475,19.9352,0.0811,CTIO_KMTC02,KMT(I),KMT
2510777.40164,20.0961,0.0985,CTIO_KMTC02,KMT(I),KMT
2510777.42053,19.9521,0.089,CTIO_KMTC02,KMT(I),KMT
2510778.2216800004,20.3618,0.2222,CTIO_KMTC02,KMT(I),KMT
2510778.23814,20.2147,0.1785,CTIO_KMTC02,KMT(I),KMT
2510778.2561,20.2578,0.1926,CTIO_KMTC02,KMT(I),KMT
2510778.2726600002,20.0484,0.1342,CTIO_KMTC02,KMT(I),KMT
2510778.3031600006,19.9029,0.1138,CTIO_KMTC02,KMT(I),KMT
2510778.32362,20.1306,0.1256,CTIO_KMTC02,KMT(I),KMT
2510778.3471099995,20.0366,0.1283,CTIO_KMTC02,KMT(I),KMT
2510778.36388,19.8693,0.0997,CTIO_KMTC02,KMT(I),KMT
2510778.3820600007,20.0008,0.1136,CTIO_KMTC02,KMT(I),KMT
2510778.4001,20.1877,0.1449,CTIO_KMTC02,KMT(I),KMT
2510778.4205600005,19.5918,0.0912,CTIO_KMTC02,KMT(I),KMT
2510779.2016000003,20.3518,0.3033,CTIO_KMTC02,KMT(I),KMT
2510779.2346,20.1513,0.1381,CTIO_KMTC02,KMT(I),KMT
2510779.25127,19.9123,0.1226,CTIO_KMTC02,KMT(I),KMT
2510779.2681399994,20.1043,0.1197,CTIO_KMTC02,KMT(I),KMT
2510779.28477,20.1995,0.1338,CTIO_KMTC02,KMT(I),KMT
2510779.30097,20.0499,0.1257,CTIO_KMTC02,KMT(I),KMT
2510779.3282200005,19.9933,0.1329,CTIO_KMTC02,KMT(I),KMT
2510779.3464,19.9743,0.1103,CTIO_KMTC02,KMT(I),KMT
2510779.3627199996,20.2157,0.1303,CTIO_KMTC02,KMT(I),KMT
2510779.3797500003,20.1123,0.1169,CTIO_KMTC02,KMT(I),KMT
2510779.3965,19.936,0.1014,CTIO_KMTC02,KMT(I),KMT
2510779.4281,19.6545,0.1531,CTIO_KMTC02,KMT(I),KMT
2510780.2019100003,20.3831,0.2622,CTIO_KMTC02,KMT(I),KMT
2510780.22683,20.5879,0.2534,CTIO_KMTC02,KMT(I),KMT
2510780.24386,19.925,0.1196,CTIO_KMTC02,KMT(I),KMT
2510780.2620100006,20.4626,0.1992,CTIO_KMTC02,KMT(I),KMT
2510780.2791600004,20.1373,0.1302,CTIO_KMTC02,KMT(I),KMT
2510780.34605,20.1924,0.1134,CTIO_KMTC02,KMT(I),KMT
2510780.36962,20.1662,0.1239,CTIO_KMTC02,KMT(I),KMT
2510780.38624,19.9198,0.0915,CTIO_KMTC02,KMT(I),KMT
2510780.39021,20.1659,0.1099,CTIO_KMTC02,KMT(I),KMT
2510780.3930900004,20.0522,0.1032,CTIO_KMTC02,KMT(I),KMT
2510780.4082699995,20.4165,0.158,CTIO_KMTC02,KMT(I),KMT
2510780.42488,19.9458,0.1332,CTIO_KMTC02,KMT(I),KMT
2510781.20833,19.9965,0.1353,CTIO_KMTC02,KMT(I),KMT
2510781.23534,20.0458,0.1367,CTIO_KMTC02,KMT(I),KMT
2510781.2522400003,20.1441,0.1341,CTIO_KMTC02,KMT(I),KMT
2510781.2722699996,19.9615,0.1122,CTIO_KMTC02,KMT(I),KMT
2510781.2893000003,20.0604,0.1029,CTIO_KMTC02,KMT(I),KMT
2510781.3065600004,19.97,0.091,CTIO_KMTC02,KMT(I),KMT
2510781.33435,20.1801,0.1102,CTIO_KMTC02,KMT(I),KMT
2510781.3510800004,20.2423,0.1076,CTIO_KMTC02,KMT(I),KMT
2510781.36826,20.1,0.1048,CTIO_KMTC02,KMT(I),KMT
2510781.38533,20.0528,0.0911,CTIO_KMTC02,KMT(I),KMT
2510781.40266,19.9504,0.0854,CTIO_KMTC02,KMT(I),KMT
2510781.42478,20.0755,0.133,CTIO_KMTC02,KMT(I),KMT
2510782.1969600003,20.1344,0.2129,CTIO_KMTC02,KMT(I),KMT
2510782.2223700006,20.1813,0.2651,CTIO_KMTC02,KMT(I),KMT
2510782.23915,19.9755,0.1984,CTIO_KMTC02,KMT(I),KMT
2510782.2418399993,20.393,0.2599,CTIO_KMTC02,KMT(I),KMT
2510782.25777,20.0653,0.1964,CTIO_KMTC02,KMT(I),KMT
2510782.2746399995,20.1303,0.2019,CTIO_KMTC02,KMT(I),KMT
2510782.2950599995,20.2234,0.1991,CTIO_KMTC02,KMT(I),KMT
2510782.3195,20.1268,0.1467,CTIO_KMTC02,KMT(I),KMT
2510782.33629,20.0021,0.1143,CTIO_KMTC02,KMT(I),KMT
2510782.3614099994,20.0596,0.1335,CTIO_KMTC02,KMT(I),KMT
2510782.37983,20.0514,0.1912,CTIO_KMTC02,KMT(I),KMT
2510782.39915,20.1376,0.2171,CTIO_KMTC02,KMT(I),KMT
2510782.4266599994,20.5892,0.4238,CTIO_KMTC02,KMT(I),KMT
2510784.1864100005,19.3389,0.5867,CTIO_KMTC02,KMT(I),KMT
2510784.2034099996,19.7997,0.3764,CTIO_KMTC02,KMT(I),KMT
2510784.2170700002,19.6792,0.6378,CTIO_KMTC02,KMT(I),KMT
2510784.2342499997,20.2915,0.698,CTIO_KMTC02,KMT(I),KMT
2510784.26238,19.7712,0.2459,CTIO_KMTC02,KMT(I),KMT
2510784.27879,19.0621,0.3226,CTIO_KMTC02,KMT(I),KMT
2510784.2955600005,20.4574,1.5485,CTIO_KMTC02,KMT(I),KMT
2510784.31389,19.9648,0.3438,CTIO_KMTC02,KMT(I),KMT
2510784.32644,20.0891,0.2429,CTIO_KMTC02,KMT(I),KMT
2510784.3542299997,20.6277,0.4791,CTIO_KMTC02,KMT(I),KMT
2510784.3718100004,20.0749,0.1625,CTIO_KMTC02,KMT(I),KMT
2510784.38858,20.0324,0.1656,CTIO_KMTC02,KMT(I),KMT
2510784.41235,20.674,0.4901,CTIO_KMTC02,KMT(I),KMT
2510784.43408,19.8115,0.4631,CTIO_KMTC02,KMT(I),KMT
2510785.19097,20.6192,1.0215,CTIO_KMTC02,KMT(I),KMT
2510785.21194,20.1166,0.4122,CTIO_KMTC02,KMT(I),KMT
2510785.24025,19.6189,0.1509,CTIO_KMTC02,KMT(I),KMT
2510785.2569200005,20.253,0.2474,CTIO_KMTC02,KMT(I),KMT
2510785.2758799996,20.0596,0.106,CTIO_KMTC02,KMT(I),KMT
2510785.2928,20.1753,0.1114,CTIO_KMTC02,KMT(I),KMT
2510785.31369,19.896,0.0891,CTIO_KMTC02,KMT(I),KMT
2510785.3418499995,20.0427,0.0974,CTIO_KMTC02,KMT(I),KMT
2510785.35877,20.0971,0.1154,CTIO_KMTC02,KMT(I),KMT
2510785.3782199994,19.9799,0.0939,CTIO_KMTC02,KMT(I),KMT
2510785.3949800003,20.0059,0.1179,CTIO_KMTC02,KMT(I),KMT
2510785.4118799996,20.0498,0.1199,CTIO_KMTC02,KMT(I),KMT
2510786.20056,19.9772,0.1614,CTIO_KMTC02,KMT(I),KMT
2510786.2173500005,19.9991,0.154,CTIO_KMTC02,KMT(I),KMT
2510786.2357,20.1518,0.1625,CTIO_KMTC02,KMT(I),KMT
2510786.2526699994,20.2943,0.172,CTIO_KMTC02,KMT(I),KMT
2510786.27556,19.9657,0.1238,CTIO_KMTC02,KMT(I),KMT
2510786.3068700004,19.9495,0.094,CTIO_KMTC02,KMT(I),KMT
2510786.33175,20.0175,0.1171,CTIO_KMTC02,KMT(I),KMT
2510786.34904,20.207,0.1462,CTIO_KMTC02,KMT(I),KMT
2510786.3664999995,19.9085,0.1206,CTIO_KMTC02,KMT(I),KMT
2510786.3839999996,20.161,0.1503,CTIO_KMTC02,KMT(I),KMT
2510786.40558,20.2542,0.1585,CTIO_KMTC02,KMT(I),KMT
2510786.4310100004,20.0864,0.1649,CTIO_KMTC02,KMT(I),KMT
2510787.1799,20.1953,0.141,CTIO_KMTC02,KMT(I),KMT
2510787.19812,20.1664,0.136,CTIO_KMTC02,KMT(I),KMT
2510787.2150800005,20.0588,0.1069,CTIO_KMTC02,KMT(I),KMT
2510787.2314400002,20.1268,0.1055,CTIO_KMTC02,KMT(I),KMT
2510787.25837,19.9906,0.0963,CTIO_KMTC02,KMT(I),KMT
2510787.2614,20.0645,0.0943,CTIO_KMTC02,KMT(I),KMT
2510787.2873599995,20.16,0.133,CTIO_KMTC02,KMT(I),KMT
2510787.30461,20.2102,0.1099,CTIO_KMTC02,KMT(I),KMT
2510787.3241300005,20.0609,0.1007,CTIO_KMTC02,KMT(I),KMT
2510787.34401,19.9594,0.1063,CTIO_KMTC02,KMT(I),KMT
2510787.3608599994,20.0646,0.1054,CTIO_KMTC02,KMT(I),KMT
2510787.3928200006,20.2387,0.1309,CTIO_KMTC02,KMT(I),KMT
2510787.41036,20.067,0.1008,CTIO_KMTC02,KMT(I),KMT
2510787.42677,20.0522,0.1038,CTIO_KMTC02,KMT(I),KMT
2510788.18518,20.0824,0.132,CTIO_KMTC02,KMT(I),KMT
2510788.2024499997,20.2219,0.1359,CTIO_KMTC02,KMT(I),KMT
2510788.22356,20.1519,0.0928,CTIO_KMTC02,KMT(I),KMT
2510788.2482699994,20.0156,0.0807,CTIO_KMTC02,KMT(I),KMT
2510788.26683,20.0475,0.0845,CTIO_KMTC02,KMT(I),KMT
2510788.28407,20.1005,0.0909,CTIO_KMTC02,KMT(I),KMT
2510788.3009900004,20.0926,0.0892,CTIO_KMTC02,KMT(I),KMT
2510788.30521,19.9407,0.0751,CTIO_KMTC02,KMT(I),KMT
2510788.32276,20.3228,0.1116,CTIO_KMTC02,KMT(I),KMT
2510788.35434,19.9316,0.0754,CTIO_KMTC02,KMT(I),KMT
2510788.37163,20.1226,0.1033,CTIO_KMTC02,KMT(I),KMT
2510788.3882999998,20.1992,0.0972,CTIO_KMTC02,KMT(I),KMT
2510788.4052,20.0269,0.099,CTIO_KMTC02,KMT(I),KMT
2510788.4217499997,20.0046,0.0953,CTIO_KMTC02,KMT(I),KMT
2510789.19054,20.0616,0.1119,CTIO_KMTC02,KMT(I),KMT
2510789.20732,20.2556,0.1225,CTIO_KMTC02,KMT(I),KMT
2510789.22435,20.1737,0.1205,CTIO_KMTC02,KMT(I),KMT
2510789.24151,20.1309,0.0955,CTIO_KMTC02,KMT(I),KMT
2510789.24445,19.9866,0.086,CTIO_KMTC02,KMT(I),KMT
2510789.2601500005,20.0173,0.0822,CTIO_KMTC02,KMT(I),KMT
2510789.28861,20.1408,0.0855,CTIO_KMTC02,KMT(I),KMT
2510789.3069899995,20.1946,0.1019,CTIO_KMTC02,KMT(I),KMT
2510789.3284799997,20.1445,0.0926,CTIO_KMTC02,KMT(I),KMT
2510789.3311800007,19.8997,0.0885,CTIO_KMTC02,KMT(I),KMT
2510789.3485000003,20.1001,0.0876,CTIO_KMTC02,KMT(I),KMT
2510789.36496,20.0694,0.0796,CTIO_KMTC02,KMT(I),KMT
2510789.3856300004,20.0277,0.0818,CTIO_KMTC02,KMT(I),KMT
2510789.40938,20.1544,0.1094,CTIO_KMTC02,KMT(I),KMT
2510789.4260099996,19.9447,0.0856,CTIO_KMTC02,KMT(I),KMT
2510790.1787,20.2069,0.1514,CTIO_KMTC02,KMT(I),KMT
2510790.19742,20.0613,0.1212,CTIO_KMTC02,KMT(I),KMT
2510790.21887,20.1674,0.1449,CTIO_KMTC02,KMT(I),KMT
2510790.2216599993,20.1022,0.1257,CTIO_KMTC02,KMT(I),KMT
2510790.24558,20.1763,0.0982,CTIO_KMTC02,KMT(I),KMT
2510790.2621100005,20.1882,0.092,CTIO_KMTC02,KMT(I),KMT
2510790.27853,19.901,0.077,CTIO_KMTC02,KMT(I),KMT
2510790.295,20.0707,0.0977,CTIO_KMTC02,KMT(I),KMT
2510790.31178,20.2171,0.1184,CTIO_KMTC02,KMT(I),KMT
2510790.3410400003,19.9463,0.07,CTIO_KMTC02,KMT(I),KMT
2510790.3635799997,20.2797,0.1033,CTIO_KMTC02,KMT(I),KMT
2510790.38021,20.1646,0.0847,CTIO_KMTC02,KMT(I),KMT
2510790.39736,20.0427,0.0837,CTIO_KMTC02,KMT(I),KMT
2510790.41844,20.0911,0.1056,CTIO_KMTC02,KMT(I),KMT
2510791.1850499995,20.2478,0.1206,CTIO_KMTC02,KMT(I),KMT
2510791.20574,19.8806,0.0797,CTIO_KMTC02,KMT(I),KMT
2510791.22255,20.0611,0.0891,CTIO_KMTC02,KMT(I),KMT
2510791.23914,20.04,0.0938,CTIO_KMTC02,KMT(I),KMT
2510791.2563700005,20.0655,0.0844,CTIO_KMTC02,KMT(I),KMT
2510791.2767699994,20.0281,0.0763,CTIO_KMTC02,KMT(I),KMT
2510791.3011099994,20.0544,0.0764,CTIO_KMTC02,KMT(I),KMT
2510791.31797,20.0206,0.0683,CTIO_KMTC02,KMT(I),KMT
2510791.3346800003,19.9144,0.0736,CTIO_KMTC02,KMT(I),KMT
2510791.3523399998,20.2289,0.1153,CTIO_KMTC02,KMT(I),KMT
2510791.3729500007,19.9766,0.0812,CTIO_KMTC02,KMT(I),KMT
2510791.39743,20.1347,0.0933,CTIO_KMTC02,KMT(I),KMT
2510791.4142700005,20.1182,0.0955,CTIO_KMTC02,KMT(I),KMT
2510791.4170500003,20.011,0.0893,CTIO_KMTC02,KMT(I),KMT
2510791.43301,20.2954,0.2167,CTIO_KMTC02,KMT(I),KMT
2510792.1613299996,20.3008,0.2147,CTIO_KMTC02,KMT(I),KMT
2510792.18009,20.0081,0.1291,CTIO_KMTC02,KMT(I),KMT
2510792.1987999994,20.1247,0.115,CTIO_KMTC02,KMT(I),KMT
2510792.2259,20.0554,0.1074,CTIO_KMTC02,KMT(I),KMT
2510792.2426999994,20.0496,0.0899,CTIO_KMTC02,KMT(I),KMT
2510792.2596199997,20.004,0.0825,CTIO_KMTC02,KMT(I),KMT
2510792.27905,20.0026,0.0819,CTIO_KMTC02,KMT(I),KMT
2510792.29567,20.1971,0.1023,CTIO_KMTC02,KMT(I),KMT
2510792.32448,20.0389,0.0879,CTIO_KMTC02,KMT(I),KMT
2510792.3420199994,20.2252,0.1096,CTIO_KMTC02,KMT(I),KMT
2510792.3586800005,20.0772,0.0833,CTIO_KMTC02,KMT(I),KMT
2510792.37579,19.9486,0.0734,CTIO_KMTC02,KMT(I),KMT
2510792.3928699996,19.952,0.0877,CTIO_KMTC02,KMT(I),KMT
2510792.4133,20.0388,0.0816,CTIO_KMTC02,KMT(I),KMT
2510792.43889,20.1334,0.3384,CTIO_KMTC02,KMT(I),KMT
2510793.1589599997,20.5073,0.1864,CTIO_KMTC02,KMT(I),KMT
2510793.1761,20.1401,0.1132,CTIO_KMTC02,KMT(I),KMT
2510793.1932299994,20.1499,0.108,CTIO_KMTC02,KMT(I),KMT
2510793.21351,20.2258,0.1135,CTIO_KMTC02,KMT(I),KMT
2510793.23338,20.2227,0.1149,CTIO_KMTC02,KMT(I),KMT
2510793.26313,20.2658,0.1111,CTIO_KMTC02,KMT(I),KMT
2510793.2802600004,20.1892,0.1006,CTIO_KMTC02,KMT(I),KMT
2510793.3014700003,19.9291,0.0776,CTIO_KMTC02,KMT(I),KMT
2510793.3196099997,20.1629,0.1038,CTIO_KMTC02,KMT(I),KMT
2510793.3404600006,20.0611,0.0821,CTIO_KMTC02,KMT(I),KMT
2510793.3683599997,20.2163,0.0963,CTIO_KMTC02,KMT(I),KMT
2510793.38593,20.0481,0.0956,CTIO_KMTC02,KMT(I),KMT
2510793.4031799994,19.9823,0.0851,CTIO_KMTC02,KMT(I),KMT
2510793.4202200007,20.11,0.0973,CTIO_KMTC02,KMT(I),KMT
2510793.4367699996,20.0424,0.2647,CTIO_KMTC02,KMT(I),KMT
2510794.15969,20.4638,0.201,CTIO_KMTC02,KMT(I),KMT
2510794.1951899994,19.9926,0.0867,CTIO_KMTC02,KMT(I),KMT
2510794.2186900005,20.1707,0.1056,CTIO_KMTC02,KMT(I),KMT
2510794.2354300003,20.1027,0.1113,CTIO_KMTC02,KMT(I),KMT
2510794.2526200004,20.0251,0.0858,CTIO_KMTC02,KMT(I),KMT
2510794.26918,20.1031,0.0828,CTIO_KMTC02,KMT(I),KMT
2510794.2906599995,20.1055,0.0802,CTIO_KMTC02,KMT(I),KMT
2510794.3173699994,20.0104,0.0724,CTIO_KMTC02,KMT(I),KMT
2510794.3338399995,20.1125,0.0821,CTIO_KMTC02,KMT(I),KMT
2510794.3521500006,20.2733,0.1048,CTIO_KMTC02,KMT(I),KMT
2510794.36902,19.92,0.0714,CTIO_KMTC02,KMT(I),KMT
2510794.37271,20.1424,0.1186,CTIO_KMTC02,KMT(I),KMT
2510794.3897600006,20.227,0.1004,CTIO_KMTC02,KMT(I),KMT
2510794.4172799997,20.0845,0.1443,CTIO_KMTC02,KMT(I),KMT
2510794.43399,20.1024,0.2475,CTIO_KMTC02,KMT(I),KMT
2510795.15438,20.2739,0.1722,CTIO_KMTC02,KMT(I),KMT
2510795.17134,20.0805,0.1288,CTIO_KMTC02,KMT(I),KMT
2510795.1909999996,20.2494,0.1417,CTIO_KMTC02,KMT(I),KMT
2510795.2109399997,20.097,0.0922,CTIO_KMTC02,KMT(I),KMT
2510795.2409799993,20.1505,0.1153,CTIO_KMTC02,KMT(I),KMT
2510795.26095,20.0583,0.0917,CTIO_KMTC02,KMT(I),KMT
2510795.27728,20.1402,0.0903,CTIO_KMTC02,KMT(I),KMT
2510795.2941200007,20.1048,0.0862,CTIO_KMTC02,KMT(I),KMT
2510795.29682,19.9826,0.0775,CTIO_KMTC02,KMT(I),KMT
2510795.3154000007,20.0824,0.0964,CTIO_KMTC02,KMT(I),KMT
2510795.34296,20.1316,0.0924,CTIO_KMTC02,KMT(I),KMT
2510795.3664100002,20.2337,0.1014,CTIO_KMTC02,KMT(I),KMT
2510795.38368,20.1295,0.0981,CTIO_KMTC02,KMT(I),KMT
2510795.40044,20.1492,0.1186,CTIO_KMTC02,KMT(I),KMT
2510795.41825,20.1305,0.1415,CTIO_KMTC02,KMT(I),KMT
2510795.4383000005,19.7877,0.2772,CTIO_KMTC02,KMT(I),KMT
2510797.15245,19.9726,0.188,CTIO_KMTC02,KMT(I),KMT
2510797.15536,20.255,0.1842,CTIO_KMTC02,KMT(I),KMT
2510797.18049,20.1689,0.1267,CTIO_KMTC02,KMT(I),KMT
2510797.1970000006,20.1545,0.1297,CTIO_KMTC02,KMT(I),KMT
2510797.21351,19.9527,0.1013,CTIO_KMTC02,KMT(I),KMT
2510797.2162800003,20.1891,0.1393,CTIO_KMTC02,KMT(I),KMT
2510797.23147,20.1332,0.1075,CTIO_KMTC02,KMT(I),KMT
2510797.24806,20.0829,0.1137,CTIO_KMTC02,KMT(I),KMT
2510797.2746399995,20.3333,0.1628,CTIO_KMTC02,KMT(I),KMT
2510797.29541,19.9963,0.0788,CTIO_KMTC02,KMT(I),KMT
2510797.3156899996,20.073,0.096,CTIO_KMTC02,KMT(I),KMT
2510797.3329499997,20.1683,0.1274,CTIO_KMTC02,KMT(I),KMT
2510797.35339,20.5428,0.1734,CTIO_KMTC02,KMT(I),KMT
2510797.38511,20.2841,0.1415,CTIO_KMTC02,KMT(I),KMT
2510797.40188,20.1401,0.1408,CTIO_KMTC02,KMT(I),KMT
2510797.41904,20.1313,0.1489,CTIO_KMTC02,KMT(I),KMT
2510797.4387800004,20.3361,0.3769,CTIO_KMTC02,KMT(I),KMT
2510798.1461200006,20.0842,0.1536,CTIO_KMTC02,KMT(I),KMT
2510798.1642199997,20.097,0.1199,CTIO_KMTC02,KMT(I),KMT
2510798.1874599997,20.0928,0.1213,CTIO_KMTC02,KMT(I),KMT
2510798.21053,20.0327,0.1186,CTIO_KMTC02,KMT(I),KMT
2510798.22724,20.2161,0.107,CTIO_KMTC02,KMT(I),KMT
2510798.2463799994,20.0725,0.1076,CTIO_KMTC02,KMT(I),KMT
2510798.26686,20.0505,0.0889,CTIO_KMTC02,KMT(I),KMT
2510798.2874999996,20.0859,0.0964,CTIO_KMTC02,KMT(I),KMT
2510798.31111,20.0493,0.0925,CTIO_KMTC02,KMT(I),KMT
2510798.32771,20.0998,0.1114,CTIO_KMTC02,KMT(I),KMT
2510798.3444,20.1432,0.0998,CTIO_KMTC02,KMT(I),KMT
2510798.36493,20.1018,0.1086,CTIO_KMTC02,KMT(I),KMT
2510798.3849299997,20.0641,0.0962,CTIO_KMTC02,KMT(I),KMT
2510798.41211,20.1464,0.104,CTIO_KMTC02,KMT(I),KMT
2510798.42841,20.1697,0.1212,CTIO_KMTC02,KMT(I),KMT
2510799.15159,20.215,0.1038,CTIO_KMTC02,KMT(I),KMT
2510799.16833,20.2082,0.1517,CTIO_KMTC02,KMT(I),KMT
2510799.18652,20.0521,0.0983,CTIO_KMTC02,KMT(I),KMT
2510799.21507,20.49,0.1387,CTIO_KMTC02,KMT(I),KMT
2510799.21786,20.1487,0.0976,CTIO_KMTC02,KMT(I),KMT
2510799.23474,20.1274,0.0868,CTIO_KMTC02,KMT(I),KMT
2510799.2512500007,20.0559,0.0843,CTIO_KMTC02,KMT(I),KMT
2510799.2712900005,20.0605,0.0794,CTIO_KMTC02,KMT(I),KMT
2510799.2890600003,20.1239,0.0885,CTIO_KMTC02,KMT(I),KMT
2510799.3097600006,20.1325,0.099,CTIO_KMTC02,KMT(I),KMT
2510799.3337900005,20.1227,0.0894,CTIO_KMTC02,KMT(I),KMT
2510799.3503799997,20.124,0.0978,CTIO_KMTC02,KMT(I),KMT
2510799.3670300003,20.12,0.1096,CTIO_KMTC02,KMT(I),KMT
2510799.3858000003,20.1302,0.115,CTIO_KMTC02,KMT(I),KMT
2510799.40646,19.9136,0.0898,CTIO_KMTC02,KMT(I),KMT
2510799.4356200006,20.1213,0.2268,CTIO_KMTC02,KMT(I),KMT
2510800.14348,20.3239,0.1443,CTIO_KMTC02,KMT(I),KMT
2510800.16048,20.1711,0.1474,CTIO_KMTC02,KMT(I),KMT
2510800.1777299996,20.0695,0.0981,CTIO_KMTC02,KMT(I),KMT
2510800.1948499996,20.2356,0.1299,CTIO_KMTC02,KMT(I),KMT
2510800.2122600004,20.0638,0.0795,CTIO_KMTC02,KMT(I),KMT
2510800.2404500004,20.2939,0.0993,CTIO_KMTC02,KMT(I),KMT
2510800.2586400006,19.9741,0.0705,CTIO_KMTC02,KMT(I),KMT
2510800.2751899995,20.0672,0.0937,CTIO_KMTC02,KMT(I),KMT
2510800.29206,20.122,0.0759,CTIO_KMTC02,KMT(I),KMT
2510800.30887,20.0072,0.0692,CTIO_KMTC02,KMT(I),KMT
2510800.3380900007,19.9957,0.0675,CTIO_KMTC02,KMT(I),KMT
2510800.3553400002,20.1757,0.0789,CTIO_KMTC02,KMT(I),KMT
2510800.3722600006,20.0442,0.0828,CTIO_KMTC02,KMT(I),KMT
2510800.38997,20.0977,0.0832,CTIO_KMTC02,KMT(I),KMT
2510800.4067,20.1988,0.1083,CTIO_KMTC02,KMT(I),KMT
2510800.4286199994,20.075,0.0979,CTIO_KMTC02,KMT(I),KMT
2510801.1422300003,19.9998,0.1552,CTIO_KMTC02,KMT(I),KMT
2510801.16725,19.8868,0.0959,CTIO_KMTC02,KMT(I),KMT
2510801.1869099997,20.2408,0.2139,CTIO_KMTC02,KMT(I),KMT
2510801.2055600006,20.1087,0.1122,CTIO_KMTC02,KMT(I),KMT
2510801.2105400003,20.1827,0.1109,CTIO_KMTC02,KMT(I),KMT
2510801.2276300006,20.0671,0.0933,CTIO_KMTC02,KMT(I),KMT
2510801.2483200002,20.0303,0.0848,CTIO_KMTC02,KMT(I),KMT
2510801.2714300007,20.1739,0.0931,CTIO_KMTC02,KMT(I),KMT
2510801.2878600005,20.1219,0.0777,CTIO_KMTC02,KMT(I),KMT
2510801.3048100006,20.0242,0.097,CTIO_KMTC02,KMT(I),KMT
2510801.32158,20.0056,0.0816,CTIO_KMTC02,KMT(I),KMT
2510801.3394399993,20.008,0.0759,CTIO_KMTC02,KMT(I),KMT
2510801.3692000005,20.0812,0.095,CTIO_KMTC02,KMT(I),KMT
2510801.38619,20.0317,0.0884,CTIO_KMTC02,KMT(I),KMT
2510801.40266,20.0838,0.0948,CTIO_KMTC02,KMT(I),KMT
2510801.40549,19.9437,0.0796,CTIO_KMTC02,KMT(I),KMT
2510801.42758,20.168,0.1207,CTIO_KMTC02,KMT(I),KMT
2510802.13889,20.2735,0.1577,CTIO_KMTC02,KMT(I),KMT
2510802.1695,20.0859,0.0971,CTIO_KMTC02,KMT(I),KMT
2510802.19572,20.0654,0.0834,CTIO_KMTC02,KMT(I),KMT
2510802.2121600006,20.1602,0.0935,CTIO_KMTC02,KMT(I),KMT
2510802.2286600005,20.2025,0.0986,CTIO_KMTC02,KMT(I),KMT
2510802.2455199994,20.0604,0.0757,CTIO_KMTC02,KMT(I),KMT
2510802.2678699996,20.1498,0.0861,CTIO_KMTC02,KMT(I),KMT
2510802.29225,19.9505,0.0737,CTIO_KMTC02,KMT(I),KMT
2510802.3103800006,20.097,0.101,CTIO_KMTC02,KMT(I),KMT
2510802.3273399994,20.1539,0.0831,CTIO_KMTC02,KMT(I),KMT
2510802.34447,19.8986,0.0997,CTIO_KMTC02,KMT(I),KMT
2510802.3621999994,20.0718,0.0853,CTIO_KMTC02,KMT(I),KMT
2510802.3649000004,20.1929,0.0917,CTIO_KMTC02,KMT(I),KMT
2510802.393,20.1629,0.1146,CTIO_KMTC02,KMT(I),KMT
2510802.40993,20.2783,0.1174,CTIO_KMTC02,KMT(I),KMT
2510802.42762,20.0051,0.1004,CTIO_KMTC02,KMT(I),KMT
2510802.4442100003,20.3512,0.3483,CTIO_KMTC02,KMT(I),KMT
2510803.13803,20.3826,0.2505,CTIO_KMTC02,KMT(I),KMT
2510803.1573099997,20.2173,0.1803,CTIO_KMTC02,KMT(I),KMT
2510803.1846900005,20.0896,0.1295,CTIO_KMTC02,KMT(I),KMT
2510803.20161,19.9787,0.1151,CTIO_KMTC02,KMT(I),KMT
2510803.2190700006,20.2375,0.1298,CTIO_KMTC02,KMT(I),KMT
2510803.2392299995,20.2123,0.1425,CTIO_KMTC02,KMT(I),KMT
2510803.25638,20.0546,0.0961,CTIO_KMTC02,KMT(I),KMT
2510803.27996,20.1173,0.1032,CTIO_KMTC02,KMT(I),KMT
2510803.3078700006,20.0192,0.0974,CTIO_KMTC02,KMT(I),KMT
2510803.32462,19.9838,0.0913,CTIO_KMTC02,KMT(I),KMT
2510803.3419400007,19.9296,0.0843,CTIO_KMTC02,KMT(I),KMT
2510803.35891,20.0755,0.1307,CTIO_KMTC02,KMT(I),KMT
2510803.3793199994,19.8995,0.1174,CTIO_KMTC02,KMT(I),KMT
2510803.40317,17.7887,0.5098,CTIO_KMTC02,KMT(I),KMT
2510804.1381899994,19.8919,0.2203,CTIO_KMTC02,KMT(I),KMT
2510804.15842,20.0943,0.1915,CTIO_KMTC02,KMT(I),KMT
2510804.1766800005,20.6284,0.3144,CTIO_KMTC02,KMT(I),KMT
2510804.2094800007,19.8299,0.1482,CTIO_KMTC02,KMT(I),KMT
2510804.22612,20.2771,0.1852,CTIO_KMTC02,KMT(I),KMT
2510804.24252,20.1772,0.1872,CTIO_KMTC02,KMT(I),KMT
2510804.2589500006,19.3549,0.0991,CTIO_KMTC02,KMT(I),KMT
2510804.2761000004,20.2032,0.1899,CTIO_KMTC02,KMT(I),KMT
2510804.30875,20.6645,0.33,CTIO_KMTC02,KMT(I),KMT
2510804.3253499996,20.0542,0.1585,CTIO_KMTC02,KMT(I),KMT
2510804.34179,20.1194,0.168,CTIO_KMTC02,KMT(I),KMT
2510804.3586299997,20.0205,0.1507,CTIO_KMTC02,KMT(I),KMT
2510804.37531,20.4861,0.2062,CTIO_KMTC02,KMT(I),KMT
2510804.39602,20.0542,0.1418,CTIO_KMTC02,KMT(I),KMT
2510804.42334,20.1881,0.1418,CTIO_KMTC02,KMT(I),KMT
2510804.4431599993,20.4008,0.4622,CTIO_KMTC02,KMT(I),KMT
2510805.1293100007,20.3113,0.225,CTIO_KMTC02,KMT(I),KMT
2510805.1460500006,19.9729,0.1156,CTIO_KMTC02,KMT(I),KMT
2510805.1627600007,20.0281,0.128,CTIO_KMTC02,KMT(I),KMT
2510805.18303,20.1243,0.1443,CTIO_KMTC02,KMT(I),KMT
2510805.20708,20.2263,0.1586,CTIO_KMTC02,KMT(I),KMT
2510805.22564,19.9671,0.1104,CTIO_KMTC02,KMT(I),KMT
2510805.2426500004,20.3557,0.1804,CTIO_KMTC02,KMT(I),KMT
2510805.2594099995,20.0125,0.1172,CTIO_KMTC02,KMT(I),KMT
2510805.2759,20.3069,0.1568,CTIO_KMTC02,KMT(I),KMT
2510805.3049,19.9225,0.0968,CTIO_KMTC02,KMT(I),KMT
2510805.32135,20.2303,0.1355,CTIO_KMTC02,KMT(I),KMT
2510805.3398,20.13,0.1047,CTIO_KMTC02,KMT(I),KMT
2510805.3566299994,20.0279,0.1028,CTIO_KMTC02,KMT(I),KMT
2510805.3762599993,20.4119,0.1785,CTIO_KMTC02,KMT(I),KMT
2510805.4035400003,20.3152,0.1729,CTIO_KMTC02,KMT(I),KMT
2510805.4201100003,20.3411,0.1578,CTIO_KMTC02,KMT(I),KMT
2510805.4392600004,19.8478,0.219,CTIO_KMTC02,KMT(I),KMT
2510806.12526,20.3022,0.1882,CTIO_KMTC02,KMT(I),KMT
2510806.14238,20.1225,0.1567,CTIO_KMTC02,KMT(I),KMT
2510806.1454099994,20.1183,0.1482,CTIO_KMTC02,KMT(I),KMT
2510806.1638399996,20.1523,0.1327,CTIO_KMTC02,KMT(I),KMT
2510806.1850000005,20.1586,0.1575,CTIO_KMTC02,KMT(I),KMT
2510806.2084999997,20.104,0.1695,CTIO_KMTC02,KMT(I),KMT
2510806.2265099995,20.0269,0.1217,CTIO_KMTC02,KMT(I),KMT
2510806.2435999997,20.0189,0.1176,CTIO_KMTC02,KMT(I),KMT
2510806.26021,20.1022,0.1203,CTIO_KMTC02,KMT(I),KMT
2510806.28046,19.9021,0.0907,CTIO_KMTC02,KMT(I),KMT
2510806.3039100002,19.9636,0.1001,CTIO_KMTC02,KMT(I),KMT
2510806.32513,20.012,0.1229,CTIO_KMTC02,KMT(I),KMT
2510806.3420599997,20.0582,0.1288,CTIO_KMTC02,KMT(I),KMT
2510806.3603099994,19.9108,0.1544,CTIO_KMTC02,KMT(I),KMT
2510806.37847,20.5717,0.2949,CTIO_KMTC02,KMT(I),KMT
2510806.4089,21.084,0.4284,CTIO_KMTC02,KMT(I),KMT
2510806.4253599998,20.7137,0.3878,CTIO_KMTC02,KMT(I),KMT
2510807.12402,20.0069,0.1868,CTIO_KMTC02,KMT(I),KMT
2510807.1408900004,20.0907,0.1779,CTIO_KMTC02,KMT(I),KMT
2510807.1612400003,20.0614,0.1443,CTIO_KMTC02,KMT(I),KMT
2510807.1887,21.3493,0.9272,CTIO_KMTC02,KMT(I),KMT
2510807.2083599996,20.1466,0.2038,CTIO_KMTC02,KMT(I),KMT
2510807.2280400004,19.958,0.1298,CTIO_KMTC02,KMT(I),KMT
2510807.24816,20.1286,0.1236,CTIO_KMTC02,KMT(I),KMT
2510807.26942,19.9947,0.1058,CTIO_KMTC02,KMT(I),KMT
2510807.2905,19.8374,0.0962,CTIO_KMTC02,KMT(I),KMT
2510807.31406,20.1932,0.159,CTIO_KMTC02,KMT(I),KMT
2510807.3308499996,20.1712,0.1349,CTIO_KMTC02,KMT(I),KMT
2510807.3475899994,20.3087,0.1488,CTIO_KMTC02,KMT(I),KMT
2510807.36422,19.9093,0.1242,CTIO_KMTC02,KMT(I),KMT
2510807.3844099995,20.4098,0.2061,CTIO_KMTC02,KMT(I),KMT
2510807.4080599993,20.078,0.1582,CTIO_KMTC02,KMT(I),KMT
2510807.4245999996,20.3383,0.207,CTIO_KMTC02,KMT(I),KMT
2510807.44183,20.0948,0.3674,CTIO_KMTC02,KMT(I),KMT
2510808.1222600006,20.2068,0.2471,CTIO_KMTC02,KMT(I),KMT
2510808.13887,20.0426,0.166,CTIO_KMTC02,KMT(I),KMT
2510808.1556,20.1694,0.1985,CTIO_KMTC02,KMT(I),KMT
2510808.18631,19.881,0.1423,CTIO_KMTC02,KMT(I),KMT
2510808.20471,20.2505,0.1752,CTIO_KMTC02,KMT(I),KMT
2510808.22346,20.1062,0.183,CTIO_KMTC02,KMT(I),KMT
2510808.24005,20.4197,0.2217,CTIO_KMTC02,KMT(I),KMT
2510808.2591399997,19.8929,0.1377,CTIO_KMTC02,KMT(I),KMT
2510808.2923300005,20.1559,0.1514,CTIO_KMTC02,KMT(I),KMT
2510808.31654,20.092,0.3349,CTIO_KMTC02,KMT(I),KMT
2510808.33392,20.3763,0.4872,CTIO_KMTC02,KMT(I),KMT
2510808.35363,20.4073,0.2201,CTIO_KMTC02,KMT(I),KMT
2510808.3710699994,20.0103,0.1492,CTIO_KMTC02,KMT(I),KMT
2510808.3912700005,20.4706,0.2688,CTIO_KMTC02,KMT(I),KMT
2510808.4152099993,20.1022,0.1698,CTIO_KMTC02,KMT(I),KMT
2510808.41809,20.4061,0.2497,CTIO_KMTC02,KMT(I),KMT
2510808.43331,20.5305,0.3467,CTIO_KMTC02,KMT(I),KMT
2510809.13672,19.5086,0.301,CTIO_KMTC02,KMT(I),KMT
2510809.15513,20.424,0.4935,CTIO_KMTC02,KMT(I),KMT
2510809.1718300004,19.8371,0.2383,CTIO_KMTC02,KMT(I),KMT
2510809.1990099996,19.6656,0.1974,CTIO_KMTC02,KMT(I),KMT
2510809.2161800005,19.8399,0.6243,CTIO_KMTC02,KMT(I),KMT
2510809.23697,19.5415,0.2307,CTIO_KMTC02,KMT(I),KMT
2510809.2621999998,19.9558,0.4677,CTIO_KMTC02,KMT(I),KMT
2510809.27898,20.2889,1.3617,CTIO_KMTC02,KMT(I),KMT
2510809.36352,18.9777,0.287,CTIO_KMTC02,KMT(I),KMT
2510809.37983,19.6245,0.3134,CTIO_KMTC02,KMT(I),KMT
2510809.40503,19.4274,0.1922,CTIO_KMTC02,KMT(I),KMT
2510809.43052,19.6192,0.2669,CTIO_KMTC02,KMT(I),KMT
2510811.40371,19.3988,0.3633,CTIO_KMTC02,KMT(I),KMT
2510811.42413,20.2798,0.7264,CTIO_KMTC02,KMT(I),KMT
2510811.4423699994,20.3828,0.8091,CTIO_KMTC02,KMT(I),KMT
2510812.11491,19.0978,0.1388,CTIO_KMTC02,KMT(I),KMT
2510812.13781,20.0499,0.3243,CTIO_KMTC02,KMT(I),KMT
2510812.1595399994,20.3125,0.3305,CTIO_KMTC02,KMT(I),KMT
2510812.1862400007,20.1049,0.3011,CTIO_KMTC02,KMT(I),KMT
2510812.2030800004,20.0503,0.2541,CTIO_KMTC02,KMT(I),KMT
2510812.2201499995,20.5129,0.3857,CTIO_KMTC02,KMT(I),KMT
2510812.23707,20.3336,0.3844,CTIO_KMTC02,KMT(I),KMT
2510812.2570200004,19.8197,0.2127,CTIO_KMTC02,KMT(I),KMT
2510812.2826700006,20.1606,0.2884,CTIO_KMTC02,KMT(I),KMT
2510812.3000300005,20.489,0.3066,CTIO_KMTC02,KMT(I),KMT
2510812.31711,19.5275,0.1344,CTIO_KMTC02,KMT(I),KMT
2510812.3213400003,19.9472,0.1772,CTIO_KMTC02,KMT(I),KMT
2510812.33856,20.1668,0.1526,CTIO_KMTC02,KMT(I),KMT
2510812.35559,20.2544,0.1476,CTIO_KMTC02,KMT(I),KMT
2510812.38763,20.0272,0.1382,CTIO_KMTC02,KMT(I),KMT
2510812.4043000005,19.9534,0.1409,CTIO_KMTC02,KMT(I),KMT
2510812.4208899997,20.397,0.2893,CTIO_KMTC02,KMT(I),KMT
2510812.43717,20.1991,0.2356,CTIO_KMTC02,KMT(I),KMT
2510813.1917000003,19.0883,1.057,CTIO_KMTC02,KMT(I),KMT
2510813.21335,19.8051,2.5423,CTIO_KMTC02,KMT(I),KMT
2510814.113,19.9964,0.7213,CTIO_KMTC02,KMT(I),KMT
2510814.1608099993,19.8026,0.4301,CTIO_KMTC02,KMT(I),KMT
2510814.17767,18.4847,0.9919,CTIO_KMTC02,KMT(I),KMT
2510814.21454,19.4174,0.4915,CTIO_KMTC02,KMT(I),KMT
2510814.24,20.1649,0.0966,CTIO_KMTC02,KMT(I),KMT
2510814.25724,20.0461,0.1053,CTIO_KMTC02,KMT(I),KMT
2510814.2737,20.0818,0.1178,CTIO_KMTC02,KMT(I),KMT
2510814.2909900006,20.0479,0.1057,CTIO_KMTC02,KMT(I),KMT
2510814.30805,20.2604,0.1236,CTIO_KMTC02,KMT(I),KMT
2510814.3353000004,20.2566,0.1396,CTIO_KMTC02,KMT(I),KMT
2510814.3558,20.0128,0.1238,CTIO_KMTC02,KMT(I),KMT
2510814.37538,20.4631,0.1998,CTIO_KMTC02,KMT(I),KMT
2510814.3983999994,20.1837,0.1766,CTIO_KMTC02,KMT(I),KMT
2510814.4184499998,20.0745,0.1376,CTIO_KMTC02,KMT(I),KMT
2510814.4492700007,20.3063,1.0722,CTIO_KMTC02,KMT(I),KMT
2510815.1085599996,19.8822,0.1415,CTIO_KMTC02,KMT(I),KMT
2510815.13521,20.0249,0.1517,CTIO_KMTC02,KMT(I),KMT
2510815.1381899994,20.271,0.1404,CTIO_KMTC02,KMT(I),KMT
2510815.15771,20.1067,0.1011,CTIO_KMTC02,KMT(I),KMT
2510815.17433,20.0104,0.0958,CTIO_KMTC02,KMT(I),KMT
2510815.1909100004,20.0231,0.0763,CTIO_KMTC02,KMT(I),KMT
2510815.21853,19.9885,0.0728,CTIO_KMTC02,KMT(I),KMT
2510815.2461200003,20.0469,0.0801,CTIO_KMTC02,KMT(I),KMT
2510815.2489599995,19.9519,0.0762,CTIO_KMTC02,KMT(I),KMT
2510815.2658900004,19.9987,0.0721,CTIO_KMTC02,KMT(I),KMT
2510815.28269,20.1082,0.118,CTIO_KMTC02,KMT(I),KMT
2510815.2995299995,20.1097,0.1524,CTIO_KMTC02,KMT(I),KMT
2510815.31726,20.095,0.1088,CTIO_KMTC02,KMT(I),KMT
2510815.34487,19.9559,0.1018,CTIO_KMTC02,KMT(I),KMT
2510815.36219,20.267,0.145,CTIO_KMTC02,KMT(I),KMT
2510815.3804199994,20.3343,0.1619,CTIO_KMTC02,KMT(I),KMT
2510815.39853,20.349,0.2406,CTIO_KMTC02,KMT(I),KMT
2510815.41928,19.967,0.1092,CTIO_KMTC02,KMT(I),KMT
2510815.43437,20.1933,0.2109,CTIO_KMTC02,KMT(I),KMT
2510815.43803,20.7075,0.2743,CTIO_KMTC02,KMT(I),KMT
2510816.1198699996,20.0366,0.1063,CTIO_KMTC02,KMT(I),KMT
2510816.13736,20.0011,0.0772,CTIO_KMTC02,KMT(I),KMT
2510816.15386,20.0041,0.0776,CTIO_KMTC02,KMT(I),KMT
2510816.17224,20.0944,0.0793,CTIO_KMTC02,KMT(I),KMT
2510816.1903799996,20.1174,0.0916,CTIO_KMTC02,KMT(I),KMT
2510816.2103700005,20.1525,0.0836,CTIO_KMTC02,KMT(I),KMT
2510816.2371999994,20.1047,0.1465,CTIO_KMTC02,KMT(I),KMT
2510816.2627600003,20.1434,0.1025,CTIO_KMTC02,KMT(I),KMT
2510816.28233,20.2342,0.1072,CTIO_KMTC02,KMT(I),KMT
2510816.29928,20.2141,0.101,CTIO_KMTC02,KMT(I),KMT
2510816.3249200005,20.4556,0.1859,CTIO_KMTC02,KMT(I),KMT
2510816.3533699997,20.2916,0.1388,CTIO_KMTC02,KMT(I),KMT
2510816.3778600004,19.9364,0.1775,CTIO_KMTC02,KMT(I),KMT
2510816.3815100007,19.9166,1.1463,CTIO_KMTC02,KMT(I),KMT
2510816.40054,20.9929,0.9986,CTIO_KMTC02,KMT(I),KMT
2510816.41543,19.8888,0.1714,CTIO_KMTC02,KMT(I),KMT
2510816.4254100006,20.0358,0.1391,CTIO_KMTC02,KMT(I),KMT
2510817.1013600007,20.1061,0.1165,CTIO_KMTC02,KMT(I),KMT
2510817.11831,20.2261,0.1418,CTIO_KMTC02,KMT(I),KMT
2510817.1509799995,19.9985,0.0883,CTIO_KMTC02,KMT(I),KMT
2510817.15372,20.1858,0.1108,CTIO_KMTC02,KMT(I),KMT
2510817.1710899994,20.1734,0.1085,CTIO_KMTC02,KMT(I),KMT
2510817.1884499993,20.0301,0.0851,CTIO_KMTC02,KMT(I),KMT
2510817.20558,20.1798,0.0916,CTIO_KMTC02,KMT(I),KMT
2510817.2225899994,20.0161,0.0879,CTIO_KMTC02,KMT(I),KMT
2510817.2567800004,20.0126,0.076,CTIO_KMTC02,KMT(I),KMT
2510817.27852,19.9998,0.0795,CTIO_KMTC02,KMT(I),KMT
2510817.29512,20.0879,0.0973,CTIO_KMTC02,KMT(I),KMT
2510817.3134499993,20.0493,0.0863,CTIO_KMTC02,KMT(I),KMT
2510817.3306099996,20.0518,0.0975,CTIO_KMTC02,KMT(I),KMT
2510817.3508,20.1942,0.1123,CTIO_KMTC02,KMT(I),KMT
2510817.3746300004,20.2392,0.129,CTIO_KMTC02,KMT(I),KMT
2510817.3913199995,20.307,0.1449,CTIO_KMTC02,KMT(I),KMT
2510817.4083699994,20.3196,0.1502,CTIO_KMTC02,KMT(I),KMT
2510817.4197000004,19.9022,0.1074,CTIO_KMTC02,KMT(I),KMT
2510817.4295700006,19.9767,0.1039,CTIO_KMTC02,KMT(I),KMT
2510818.1051400006,20.1587,0.122,CTIO_KMTC02,KMT(I),KMT
2510818.1253500003,20.2345,0.132,CTIO_KMTC02,KMT(I),KMT
2510818.14888,20.1448,0.1069,CTIO_KMTC02,KMT(I),KMT
2510818.1661600005,20.0124,0.0803,CTIO_KMTC02,KMT(I),KMT
2510818.1827799994,20.2187,0.1148,CTIO_KMTC02,KMT(I),KMT
2510818.19986,20.054,0.0781,CTIO_KMTC02,KMT(I),KMT
2510818.21655,20.0588,0.0764,CTIO_KMTC02,KMT(I),KMT
2510818.24653,20.0381,0.0683,CTIO_KMTC02,KMT(I),KMT
2510818.26394,20.0773,0.0752,CTIO_KMTC02,KMT(I),KMT
2510818.2809800003,20.0568,0.0746,CTIO_KMTC02,KMT(I),KMT
2510818.2984800003,20.2716,0.1102,CTIO_KMTC02,KMT(I),KMT
2510818.31494,20.1371,0.0867,CTIO_KMTC02,KMT(I),KMT
2510818.3492399994,20.1103,0.0873,CTIO_KMTC02,KMT(I),KMT
2510818.36665,20.0853,0.0894,CTIO_KMTC02,KMT(I),KMT
2510818.39135,20.068,0.1132,CTIO_KMTC02,KMT(I),KMT
2510818.40842,20.1321,0.1144,CTIO_KMTC02,KMT(I),KMT
2510818.4180500004,20.1007,0.102,CTIO_KMTC02,KMT(I),KMT
2510818.42789,20.193,0.1186,CTIO_KMTC02,KMT(I),KMT
2510819.0925399996,20.3105,0.1874,CTIO_KMTC02,KMT(I),KMT
2510819.11061,20.1676,0.1173,CTIO_KMTC02,KMT(I),KMT
2510819.13115,20.3705,0.146,CTIO_KMTC02,KMT(I),KMT
2510819.1608499996,19.981,0.0825,CTIO_KMTC02,KMT(I),KMT
2510819.1873700004,20.1407,0.0857,CTIO_KMTC02,KMT(I),KMT
2510819.2044600006,20.081,0.0734,CTIO_KMTC02,KMT(I),KMT
2510819.22143,19.9711,0.0657,CTIO_KMTC02,KMT(I),KMT
2510819.2434800006,20.1049,0.0901,CTIO_KMTC02,KMT(I),KMT
2510819.26741,20.1347,0.0776,CTIO_KMTC02,KMT(I),KMT
2510819.28457,19.9381,0.0818,CTIO_KMTC02,KMT(I),KMT
2510819.30212,20.0268,0.0787,CTIO_KMTC02,KMT(I),KMT
2510819.3187000006,20.1183,0.0978,CTIO_KMTC02,KMT(I),KMT
2510819.33548,20.0743,0.0829,CTIO_KMTC02,KMT(I),KMT
2510819.36974,20.0708,0.102,CTIO_KMTC02,KMT(I),KMT
2510819.38726,20.135,0.1054,CTIO_KMTC02,KMT(I),KMT
2510819.4069,19.9203,0.0904,CTIO_KMTC02,KMT(I),KMT
2510819.41921,20.1402,0.1211,CTIO_KMTC02,KMT(I),KMT
2510819.42916,20.0862,0.1372,CTIO_KMTC02,KMT(I),KMT
2510820.09891,20.1261,0.1386,CTIO_KMTC02,KMT(I),KMT
2510820.11833,20.0289,0.1245,CTIO_KMTC02,KMT(I),KMT
2510820.1454099994,20.1842,0.1317,CTIO_KMTC02,KMT(I),KMT
2510820.16868,20.3879,0.161,CTIO_KMTC02,KMT(I),KMT
2510820.18549,20.3751,0.1498,CTIO_KMTC02,KMT(I),KMT
2510820.20727,20.053,0.0988,CTIO_KMTC02,KMT(I),KMT
2510820.2241,20.0508,0.0899,CTIO_KMTC02,KMT(I),KMT
2510820.24746,20.1473,0.0872,CTIO_KMTC02,KMT(I),KMT
2510820.2717899997,20.1142,0.0867,CTIO_KMTC02,KMT(I),KMT
2510820.2888699993,20.0585,0.0951,CTIO_KMTC02,KMT(I),KMT
2510820.3057899997,20.1252,0.097,CTIO_KMTC02,KMT(I),KMT
2510820.3228399996,19.9744,0.0852,CTIO_KMTC02,KMT(I),KMT
2510820.34308,20.2291,0.1164,CTIO_KMTC02,KMT(I),KMT
2510820.37196,20.0149,0.1006,CTIO_KMTC02,KMT(I),KMT
2510820.3890499994,19.8308,0.0943,CTIO_KMTC02,KMT(I),KMT
2510820.40754,20.2501,0.1503,CTIO_KMTC02,KMT(I),KMT
2510820.42146,19.9868,0.1071,CTIO_KMTC02,KMT(I),KMT
2510820.4322299995,19.9794,0.1096,CTIO_KMTC02,KMT(I),KMT
2510821.0905799996,20.2245,0.1748,CTIO_KMTC02,KMT(I),KMT
2510821.10755,19.6552,0.2612,CTIO_KMTC02,KMT(I),KMT
2510821.1418500002,20.0833,0.1244,CTIO_KMTC02,KMT(I),KMT
2510821.1591,20.3715,0.2316,CTIO_KMTC02,KMT(I),KMT
2510821.17796,20.1028,0.1152,CTIO_KMTC02,KMT(I),KMT
2510821.1950400006,20.1244,0.1276,CTIO_KMTC02,KMT(I),KMT
2510821.21203,19.9984,0.0867,CTIO_KMTC02,KMT(I),KMT
2510821.24299,20.0205,0.0731,CTIO_KMTC02,KMT(I),KMT
2510821.2789200004,20.0127,0.0722,CTIO_KMTC02,KMT(I),KMT
2510821.29586,19.9363,0.0747,CTIO_KMTC02,KMT(I),KMT
2510821.3133499995,20.0755,0.0812,CTIO_KMTC02,KMT(I),KMT
2510821.3320199996,20.0025,0.086,CTIO_KMTC02,KMT(I),KMT
2510821.3526099995,20.5708,0.5077,CTIO_KMTC02,KMT(I),KMT
2510821.37651,19.8965,0.3068,CTIO_KMTC02,KMT(I),KMT
2510821.39365,20.1076,0.1642,CTIO_KMTC02,KMT(I),KMT
2510821.4118600003,20.1594,0.1417,CTIO_KMTC02,KMT(I),KMT
2510821.43276,20.1379,0.2575,CTIO_KMTC02,KMT(I),KMT
2510822.0851600002,19.1233,0.7285,CTIO_KMTC02,KMT(I),KMT
2510822.11974,20.4126,0.6663,CTIO_KMTC02,KMT(I),KMT
2510822.1639099997,19.3477,0.1514,CTIO_KMTC02,KMT(I),KMT
2510822.1811699998,19.5313,0.1595,CTIO_KMTC02,KMT(I),KMT
2510822.19807,20.4361,0.298,CTIO_KMTC02,KMT(I),KMT
2510822.2162699997,20.473,0.6489,CTIO_KMTC02,KMT(I),KMT
2510822.24725,20.5015,1.0519,CTIO_KMTC02,KMT(I),KMT
2510822.26815,19.7123,0.2192,CTIO_KMTC02,KMT(I),KMT
2510822.2849400006,20.1004,3.3544,CTIO_KMTC02,KMT(I),KMT
2510822.30195,20.2138,0.217,CTIO_KMTC02,KMT(I),KMT
2510822.3191,20.794,1.6572,CTIO_KMTC02,KMT(I),KMT
2510822.3401999995,19.6426,0.1771,CTIO_KMTC02,KMT(I),KMT
2510822.3679300006,19.4961,0.3028,CTIO_KMTC02,KMT(I),KMT
2510822.3852200005,19.1504,0.1906,CTIO_KMTC02,KMT(I),KMT
2510822.40396,20.35,0.255,CTIO_KMTC02,KMT(I),KMT
2510822.4228,19.9345,0.1967,CTIO_KMTC02,KMT(I),KMT
2510822.42634,20.2666,0.2285,CTIO_KMTC02,KMT(I),KMT
2510822.43594,20.3454,0.2426,CTIO_KMTC02,KMT(I),KMT
2510823.0768299997,20.8153,0.4266,CTIO_KMTC02,KMT(I),KMT
2510823.09739,20.0119,0.1644,CTIO_KMTC02,KMT(I),KMT
2510823.1209900007,20.2356,0.1643,CTIO_KMTC02,KMT(I),KMT
2510823.13781,20.2743,0.157,CTIO_KMTC02,KMT(I),KMT
2510823.1562099997,20.0876,0.1344,CTIO_KMTC02,KMT(I),KMT
2510823.1732800007,20.392,0.1479,CTIO_KMTC02,KMT(I),KMT
2510823.19465,20.0947,0.1039,CTIO_KMTC02,KMT(I),KMT
2510823.22164,20.0279,0.1213,CTIO_KMTC02,KMT(I),KMT
2510823.2383900005,20.0309,0.0919,CTIO_KMTC02,KMT(I),KMT
2510823.2563499995,20.4136,0.1348,CTIO_KMTC02,KMT(I),KMT
2510823.27312,20.1955,0.1277,CTIO_KMTC02,KMT(I),KMT
2510823.2917800006,20.0422,0.1019,CTIO_KMTC02,KMT(I),KMT
2510823.32677,20.1636,0.1141,CTIO_KMTC02,KMT(I),KMT
2510823.3485199995,20.2974,0.1462,CTIO_KMTC02,KMT(I),KMT
2510823.3654200006,20.3087,0.143,CTIO_KMTC02,KMT(I),KMT
2510823.3819399998,20.5983,0.2014,CTIO_KMTC02,KMT(I),KMT
2510823.3988300003,20.0274,0.1448,CTIO_KMTC02,KMT(I),KMT
2510823.41914,20.6711,0.3376,CTIO_KMTC02,KMT(I),KMT
2510823.4220000003,20.219,0.2086,CTIO_KMTC02,KMT(I),KMT
2510823.4318899997,19.8686,0.1684,CTIO_KMTC02,KMT(I),KMT
2510824.0807300005,20.0485,0.1193,CTIO_KMTC02,KMT(I),KMT
2510824.1043299995,20.454,0.1718,CTIO_KMTC02,KMT(I),KMT
2510824.1211099997,20.0069,0.1111,CTIO_KMTC02,KMT(I),KMT
2510824.13772,20.1753,0.1274,CTIO_KMTC02,KMT(I),KMT
2510824.15909,20.3706,0.1913,CTIO_KMTC02,KMT(I),KMT
2510824.1789999995,20.1726,0.1122,CTIO_KMTC02,KMT(I),KMT
2510824.20247,20.1091,0.098,CTIO_KMTC02,KMT(I),KMT
2510824.2246199995,20.1835,0.1271,CTIO_KMTC02,KMT(I),KMT
2510824.24429,20.1098,0.1063,CTIO_KMTC02,KMT(I),KMT
2510824.2608000003,20.3414,0.1426,CTIO_KMTC02,KMT(I),KMT
2510824.27879,20.1533,0.1251,CTIO_KMTC02,KMT(I),KMT
2510824.30566,20.0899,0.1155,CTIO_KMTC02,KMT(I),KMT
2510824.32216,20.0441,0.1067,CTIO_KMTC02,KMT(I),KMT
2510824.3395499997,20.0771,0.1049,CTIO_KMTC02,KMT(I),KMT
2510824.3581499998,20.0875,0.1117,CTIO_KMTC02,KMT(I),KMT
2510824.3750800006,20.4572,0.1882,CTIO_KMTC02,KMT(I),KMT
2510824.40226,20.2959,0.1805,CTIO_KMTC02,KMT(I),KMT
2510824.4194,20.1327,0.1591,CTIO_KMTC02,KMT(I),KMT
2510824.4222,20.2133,0.1792,CTIO_KMTC02,KMT(I),KMT
2510824.43229,20.6417,0.2628,CTIO_KMTC02,KMT(I),KMT
2510825.0781500004,20.1332,0.1306,CTIO_KMTC02,KMT(I),KMT
2510825.09456,20.1401,0.1141,CTIO_KMTC02,KMT(I),KMT
2510825.11194,19.8783,0.0727,CTIO_KMTC02,KMT(I),KMT
2510825.11481,20.0013,0.0909,CTIO_KMTC02,KMT(I),KMT
2510825.13184,20.0093,0.0817,CTIO_KMTC02,KMT(I),KMT
2510825.1571500003,20.0231,0.0766,CTIO_KMTC02,KMT(I),KMT
2510825.1808599997,20.0186,0.0812,CTIO_KMTC02,KMT(I),KMT
2510825.1988500003,20.15,0.1008,CTIO_KMTC02,KMT(I),KMT
2510825.2177300006,20.0642,0.0844,CTIO_KMTC02,KMT(I),KMT
2510825.2359999996,20.1704,0.0919,CTIO_KMTC02,KMT(I),KMT
2510825.25674,20.1923,0.1231,CTIO_KMTC02,KMT(I),KMT
2510825.28075,20.1502,0.1023,CTIO_KMTC02,KMT(I),KMT
2510825.3004599996,20.4387,0.1595,CTIO_KMTC02,KMT(I),KMT
2510825.3168,20.0494,0.1052,CTIO_KMTC02,KMT(I),KMT
2510825.3350300007,20.364,0.1617,CTIO_KMTC02,KMT(I),KMT
2510825.3514600005,20.2434,0.1285,CTIO_KMTC02,KMT(I),KMT
2510825.37983,20.3465,0.1381,CTIO_KMTC02,KMT(I),KMT
2510825.39788,20.0684,0.108,CTIO_KMTC02,KMT(I),KMT
2510825.4172,20.2568,0.1401,CTIO_KMTC02,KMT(I),KMT
2510825.4259099998,20.6671,0.1993,CTIO_KMTC02,KMT(I),KMT
2510825.4359099995,20.3157,0.1619,CTIO_KMTC02,KMT(I),KMT
2510826.0790999997,19.5216,0.3157,CTIO_KMTC02,KMT(I),KMT
2510826.09614,20.1736,0.1118,CTIO_KMTC02,KMT(I),KMT
2510826.11302,20.2026,0.1005,CTIO_KMTC02,KMT(I),KMT
2510826.1409300007,20.021,0.0787,CTIO_KMTC02,KMT(I),KMT
2510826.15744,20.0952,0.1178,CTIO_KMTC02,KMT(I),KMT
2510826.1742700003,20.0256,0.0854,CTIO_KMTC02,KMT(I),KMT
2510826.1917400006,19.8708,0.102,CTIO_KMTC02,KMT(I),KMT
2510826.20814,20.0255,0.148,CTIO_KMTC02,KMT(I),KMT
2510826.2332499996,20.095,0.0995,CTIO_KMTC02,KMT(I),KMT
2510826.2583600003,20.0812,0.1082,CTIO_KMTC02,KMT(I),KMT
2510826.27506,20.0033,0.0889,CTIO_KMTC02,KMT(I),KMT
2510826.29306,20.187,0.1169,CTIO_KMTC02,KMT(I),KMT
2510826.3098099995,19.9342,0.1113,CTIO_KMTC02,KMT(I),KMT
2510826.33067,19.9634,0.136,CTIO_KMTC02,KMT(I),KMT
2510826.33569,20.7192,0.3564,CTIO_KMTC02,KMT(I),KMT
2510826.35903,20.1841,0.1612,CTIO_KMTC02,KMT(I),KMT
2510826.3757000007,20.6683,1.8452,CTIO_KMTC02,KMT(I),KMT
2510826.39226,20.4093,1.5243,CTIO_KMTC02,KMT(I),KMT
2510827.07876,20.5964,0.5937,CTIO_KMTC02,KMT(I),KMT
2510827.08146,19.637,0.237,CTIO_KMTC02,KMT(I),KMT
2510827.108,19.9498,0.2059,CTIO_KMTC02,KMT(I),KMT
2510827.1245300006,20.2238,0.2008,CTIO_KMTC02,KMT(I),KMT
2510827.1412700005,19.6748,0.1143,CTIO_KMTC02,KMT(I),KMT
2510827.15977,19.9645,0.1252,CTIO_KMTC02,KMT(I),KMT
2510827.2157000005,19.7069,0.1098,CTIO_KMTC02,KMT(I),KMT
2510827.2396099996,19.9718,0.1051,CTIO_KMTC02,KMT(I),KMT
2510827.2575700004,20.1071,0.1145,CTIO_KMTC02,KMT(I),KMT
2510827.27871,20.0277,0.13,CTIO_KMTC02,KMT(I),KMT
2510827.2958899997,19.6552,0.1728,CTIO_KMTC02,KMT(I),KMT
2510827.34045,20.1812,0.3683,CTIO_KMTC02,KMT(I),KMT
2510827.3573400006,19.9203,0.1035,CTIO_KMTC02,KMT(I),KMT
2510827.3742500003,19.989,0.0993,CTIO_KMTC02,KMT(I),KMT
2510827.39473,20.4123,0.1904,CTIO_KMTC02,KMT(I),KMT
2510827.4118799996,20.4744,0.193,CTIO_KMTC02,KMT(I),KMT
2510827.4298800007,20.3582,0.1819,CTIO_KMTC02,KMT(I),KMT
2510827.4397,20.1341,0.1662,CTIO_KMTC02,KMT(I),KMT
2510828.09158,20.2288,0.1229,CTIO_KMTC02,KMT(I),KMT
2510828.10994,20.0694,0.094,CTIO_KMTC02,KMT(I),KMT
2510828.1141599994,20.2459,0.1223,CTIO_KMTC02,KMT(I),KMT
2510828.13088,20.1163,0.0997,CTIO_KMTC02,KMT(I),KMT
2510828.14771,20.0865,0.0816,CTIO_KMTC02,KMT(I),KMT
2510828.1640799996,20.0949,0.0892,CTIO_KMTC02,KMT(I),KMT
2510828.19814,20.1265,0.1237,CTIO_KMTC02,KMT(I),KMT
2510828.2145799994,20.1227,0.0818,CTIO_KMTC02,KMT(I),KMT
2510828.23135,20.0558,0.0772,CTIO_KMTC02,KMT(I),KMT
2510828.2484300006,20.078,0.0823,CTIO_KMTC02,KMT(I),KMT
2510828.2658900004,19.8936,0.1051,CTIO_KMTC02,KMT(I),KMT
2510828.2861100007,20.0077,0.0789,CTIO_KMTC02,KMT(I),KMT
2510828.3101000004,20.0911,0.0867,CTIO_KMTC02,KMT(I),KMT
2510828.3271699995,20.0427,0.0925,CTIO_KMTC02,KMT(I),KMT
2510828.3440300003,21.2275,2.6639,CTIO_KMTC02,KMT(I),KMT
2510828.36226,20.0029,0.2858,CTIO_KMTC02,KMT(I),KMT
2510828.38267,20.2705,0.2105,CTIO_KMTC02,KMT(I),KMT
2510828.40919,20.0746,0.1141,CTIO_KMTC02,KMT(I),KMT
2510828.42334,20.1734,0.113,CTIO_KMTC02,KMT(I),KMT
2510828.43286,19.9369,0.1146,CTIO_KMTC02,KMT(I),KMT
2510829.07577,20.2726,0.1681,CTIO_KMTC02,KMT(I),KMT
2510829.09652,21.1779,0.4447,CTIO_KMTC02,KMT(I),KMT
2510829.1135300007,20.1464,0.1352,CTIO_KMTC02,KMT(I),KMT
2510829.13031,20.1731,0.0986,CTIO_KMTC02,KMT(I),KMT
2510829.14882,20.0008,0.0835,CTIO_KMTC02,KMT(I),KMT
2510829.1760099996,20.1767,0.0836,CTIO_KMTC02,KMT(I),KMT
2510829.1924600005,20.0757,0.0801,CTIO_KMTC02,KMT(I),KMT
2510829.21186,20.0771,0.0901,CTIO_KMTC02,KMT(I),KMT
2510829.2285,19.9531,0.2675,CTIO_KMTC02,KMT(I),KMT
2510829.2453199998,20.3262,0.2791,CTIO_KMTC02,KMT(I),KMT
2510829.2725099996,20.2126,0.1227,CTIO_KMTC02,KMT(I),KMT
2510829.2895599995,19.9214,0.1714,CTIO_KMTC02,KMT(I),KMT
2510829.30877,20.3583,0.1873,CTIO_KMTC02,KMT(I),KMT
2510829.3255400006,20.3224,0.1556,CTIO_KMTC02,KMT(I),KMT
2510829.3422299996,20.1157,0.137,CTIO_KMTC02,KMT(I),KMT
2510829.34576,20.3678,0.252,CTIO_KMTC02,KMT(I),KMT
2510829.3648700006,19.803,0.4,CTIO_KMTC02,KMT(I),KMT
2510829.39186,19.5829,0.4089,CTIO_KMTC02,KMT(I),KMT
2510829.40886,20.2711,1.155,CTIO_KMTC02,KMT(I),KMT
2510829.4189100005,20.0789,1.4862,CTIO_KMTC02,KMT(I),KMT
2510830.08084,20.1754,0.1238,CTIO_KMTC02,KMT(I),KMT
2510830.10021,20.0777,0.1136,CTIO_KMTC02,KMT(I),KMT
2510830.12036,20.1595,0.0952,CTIO_KMTC02,KMT(I),KMT
2510830.14482,19.9732,0.0786,CTIO_KMTC02,KMT(I),KMT
2510830.16196,20.2102,0.0942,CTIO_KMTC02,KMT(I),KMT
2510830.17939,19.9612,0.0705,CTIO_KMTC02,KMT(I),KMT
2510830.19606,20.0589,0.0757,CTIO_KMTC02,KMT(I),KMT
2510830.21311,20.101,0.0814,CTIO_KMTC02,KMT(I),KMT
2510830.2407099996,20.0239,0.0799,CTIO_KMTC02,KMT(I),KMT
2510830.2575400006,20.1609,0.0941,CTIO_KMTC02,KMT(I),KMT
2510830.2770300005,20.087,0.0885,CTIO_KMTC02,KMT(I),KMT
2510830.29354,20.154,0.1148,CTIO_KMTC02,KMT(I),KMT
2510830.3112000003,20.1056,0.0981,CTIO_KMTC02,KMT(I),KMT
2510830.3391900007,20.124,0.1037,CTIO_KMTC02,KMT(I),KMT
2510830.3588699996,20.0834,0.0887,CTIO_KMTC02,KMT(I),KMT
2510830.3752299994,20.1797,0.0998,CTIO_KMTC02,KMT(I),KMT
2510830.3920799997,19.8955,0.5683,CTIO_KMTC02,KMT(I),KMT
2510831.07068,20.0571,0.148,CTIO_KMTC02,KMT(I),KMT
2510831.0909899995,19.9314,0.1579,CTIO_KMTC02,KMT(I),KMT
2510831.1148000006,19.8492,0.1285,CTIO_KMTC02,KMT(I),KMT
2510831.13127,20.4501,0.1999,CTIO_KMTC02,KMT(I),KMT
2510831.14827,20.1008,0.1662,CTIO_KMTC02,KMT(I),KMT
2510831.1647999994,19.9778,0.1387,CTIO_KMTC02,KMT(I),KMT
2510831.1848300006,20.0898,0.2079,CTIO_KMTC02,KMT(I),KMT
2510831.2286399994,20.2501,0.1261,CTIO_KMTC02,KMT(I),KMT
2510831.2462,19.9945,0.0882,CTIO_KMTC02,KMT(I),KMT
2510831.2628799994,20.0283,0.0835,CTIO_KMTC02,KMT(I),KMT
2510831.27984,20.2065,0.1123,CTIO_KMTC02,KMT(I),KMT
2510831.3000600003,20.153,0.1176,CTIO_KMTC02,KMT(I),KMT
2510831.3290800005,20.2399,0.1391,CTIO_KMTC02,KMT(I),KMT
2510831.34604,20.055,0.1271,CTIO_KMTC02,KMT(I),KMT
2510831.36285,20.0781,0.1809,CTIO_KMTC02,KMT(I),KMT
2510831.38335,20.1024,0.137,CTIO_KMTC02,KMT(I),KMT
2510831.40037,19.9592,0.1327,CTIO_KMTC02,KMT(I),KMT
2510831.4131700005,20.2369,0.1881,CTIO_KMTC02,KMT(I),KMT
2510831.42445,19.9918,0.1567,CTIO_KMTC02,KMT(I),KMT
2510832.0868299995,20.1395,0.1537,CTIO_KMTC02,KMT(I),KMT
2510832.1036799997,20.2048,0.1362,CTIO_KMTC02,KMT(I),KMT
2510832.12048,20.3903,0.1506,CTIO_KMTC02,KMT(I),KMT
2510832.13712,20.1308,0.1229,CTIO_KMTC02,KMT(I),KMT
2510832.15625,20.1475,0.1214,CTIO_KMTC02,KMT(I),KMT
2510832.17775,20.4517,0.161,CTIO_KMTC02,KMT(I),KMT
2510832.18045,20.0594,0.1064,CTIO_KMTC02,KMT(I),KMT
2510832.2035799995,20.1846,0.1266,CTIO_KMTC02,KMT(I),KMT
2510832.2203599997,20.1855,0.122,CTIO_KMTC02,KMT(I),KMT
2510832.23697,19.9988,0.0904,CTIO_KMTC02,KMT(I),KMT
2510832.2539600004,20.3,0.1139,CTIO_KMTC02,KMT(I),KMT
2510832.2744999994,20.1321,0.1115,CTIO_KMTC02,KMT(I),KMT
2510832.29995,20.2041,0.1414,CTIO_KMTC02,KMT(I),KMT
2510832.31824,20.0103,0.0938,CTIO_KMTC02,KMT(I),KMT
2510832.32338,20.1224,0.1144,CTIO_KMTC02,KMT(I),KMT
2510832.3401699997,20.0307,0.1072,CTIO_KMTC02,KMT(I),KMT
2510832.35934,20.1321,0.1113,CTIO_KMTC02,KMT(I),KMT
2510832.3772800006,19.9793,0.0997,CTIO_KMTC02,KMT(I),KMT
2510832.4076199997,20.0601,0.1235,CTIO_KMTC02,KMT(I),KMT
2510832.4118799996,20.0828,0.1267,CTIO_KMTC02,KMT(I),KMT
2510832.4218799993,20.178,0.1732,CTIO_KMTC02,KMT(I),KMT
2510833.0610300004,19.8964,0.1638,CTIO_KMTC02,KMT(I),KMT
2510833.07773,19.8801,0.178,CTIO_KMTC02,KMT(I),KMT
2510833.0944100004,20.0063,0.1674,CTIO_KMTC02,KMT(I),KMT
2510833.11101,19.9012,0.1333,CTIO_KMTC02,KMT(I),KMT
2510833.1282,20.1251,0.1517,CTIO_KMTC02,KMT(I),KMT
2510833.16173,19.7828,0.0835,CTIO_KMTC02,KMT(I),KMT
2510833.1888500005,20.2308,0.1241,CTIO_KMTC02,KMT(I),KMT
2510833.2055099998,20.0158,0.1017,CTIO_KMTC02,KMT(I),KMT
2510833.22355,20.4254,0.1631,CTIO_KMTC02,KMT(I),KMT
2510833.24034,20.0268,0.104,CTIO_KMTC02,KMT(I),KMT
2510833.26078,20.1201,0.1207,CTIO_KMTC02,KMT(I),KMT
2510833.28892,20.2343,0.1816,CTIO_KMTC02,KMT(I),KMT
2510833.3053399995,20.2619,0.1436,CTIO_KMTC02,KMT(I),KMT
2510833.3234899994,20.1089,0.1284,CTIO_KMTC02,KMT(I),KMT
2510833.34256,20.3136,0.1569,CTIO_KMTC02,KMT(I),KMT
2510833.35996,20.1185,0.1218,CTIO_KMTC02,KMT(I),KMT
2510833.38703,20.3823,0.1968,CTIO_KMTC02,KMT(I),KMT
2510833.40659,20.3121,0.1778,CTIO_KMTC02,KMT(I),KMT
2510833.40953,20.1544,0.1611,CTIO_KMTC02,KMT(I),KMT
2510833.41926,20.1029,0.1674,CTIO_KMTC02,KMT(I),KMT
2510834.26437,19.3929,3.3151,CTIO_KMTC02,KMT(I),KMT
2510834.3149800003,19.9891,0.1028,CTIO_KMTC02,KMT(I),KMT
2510834.33175,20.1764,0.1073,CTIO_KMTC02,KMT(I),KMT
2510834.34855,20.1665,0.1062,CTIO_KMTC02,KMT(I),KMT
2510834.3753699996,20.0154,0.0958,CTIO_KMTC02,KMT(I),KMT
2510834.3923700005,20.0106,0.0951,CTIO_KMTC02,KMT(I),KMT
2510834.408,20.157,0.1163,CTIO_KMTC02,KMT(I),KMT
2510834.41844,20.2982,0.1483,CTIO_KMTC02,KMT(I),KMT
2510835.0622000005,20.0209,0.1702,CTIO_KMTC02,KMT(I),KMT
2510835.0785799995,20.2462,0.1769,CTIO_KMTC02,KMT(I),KMT
2510835.09531,20.1137,0.1638,CTIO_KMTC02,KMT(I),KMT
2510835.11247,20.034,0.1146,CTIO_KMTC02,KMT(I),KMT
2510835.1326199993,20.0948,0.1522,CTIO_KMTC02,KMT(I),KMT
2510835.16044,20.0073,0.1216,CTIO_KMTC02,KMT(I),KMT
2510835.17729,20.2187,0.1269,CTIO_KMTC02,KMT(I),KMT
2510835.19781,20.2058,0.1362,CTIO_KMTC02,KMT(I),KMT
2510835.21471,20.3031,0.2258,CTIO_KMTC02,KMT(I),KMT
2510835.2352799997,20.3038,0.1796,CTIO_KMTC02,KMT(I),KMT
2510835.25894,20.1205,0.1689,CTIO_KMTC02,KMT(I),KMT
2510835.27719,19.968,0.1245,CTIO_KMTC02,KMT(I),KMT
2510835.29388,19.9885,0.1434,CTIO_KMTC02,KMT(I),KMT
2510835.31056,19.9421,0.1395,CTIO_KMTC02,KMT(I),KMT
2510835.3134400006,20.6661,0.4587,CTIO_KMTC02,KMT(I),KMT
2510835.32929,20.2884,0.2558,CTIO_KMTC02,KMT(I),KMT
2510835.3328799997,20.323,0.2695,CTIO_KMTC02,KMT(I),KMT
2510835.3629599996,19.881,0.2253,CTIO_KMTC02,KMT(I),KMT
2510835.3800300006,20.2975,0.4542,CTIO_KMTC02,KMT(I),KMT
2510835.3972200006,20.8068,1.4386,CTIO_KMTC02,KMT(I),KMT
2510835.4055700004,19.6491,0.3528,CTIO_KMTC02,KMT(I),KMT
2510835.4156100005,20.3011,0.4745,CTIO_KMTC02,KMT(I),KMT
2510836.0528299995,19.3559,0.6158,CTIO_KMTC02,KMT(I),KMT
2510836.08684,19.4014,0.3107,CTIO_KMTC02,KMT(I),KMT
2510836.1201,20.0902,0.196,CTIO_KMTC02,KMT(I),KMT
2510836.1408900004,20.0024,0.2593,CTIO_KMTC02,KMT(I),KMT
2510836.14372,20.661,0.4448,CTIO_KMTC02,KMT(I),KMT
2510836.1606,20.067,0.1422,CTIO_KMTC02,KMT(I),KMT
2510836.17753,20.5797,0.2599,CTIO_KMTC02,KMT(I),KMT
2510836.1939700004,20.1877,0.1643,CTIO_KMTC02,KMT(I),KMT
2510836.2143200003,20.2342,0.1983,CTIO_KMTC02,KMT(I),KMT
2510836.23795,20.2097,0.2438,CTIO_KMTC02,KMT(I),KMT
2510836.2548699994,20.1638,0.1803,CTIO_KMTC02,KMT(I),KMT
2510836.2743100002,20.0628,0.1543,CTIO_KMTC02,KMT(I),KMT
2510836.2911399994,20.021,0.1829,CTIO_KMTC02,KMT(I),KMT
2510836.3111700006,20.0541,0.1757,CTIO_KMTC02,KMT(I),KMT
2510836.33528,20.1853,0.2075,CTIO_KMTC02,KMT(I),KMT
2510836.35363,20.0752,0.22,CTIO_KMTC02,KMT(I),KMT
2510836.3744099997,20.7829,0.5747,CTIO_KMTC02,KMT(I),KMT
2510836.3911700007,20.0796,0.342,CTIO_KMTC02,KMT(I),KMT
2510836.40214,20.238,0.3789,CTIO_KMTC02,KMT(I),KMT
2510836.4116600007,20.1811,0.3408,CTIO_KMTC02,KMT(I),KMT
2510837.05387,20.1854,0.6482,CTIO_KMTC02,KMT(I),KMT
2510837.0721000005,19.6843,0.3762,CTIO_KMTC02,KMT(I),KMT
2510837.1025799997,19.9294,0.5472,CTIO_KMTC02,KMT(I),KMT
2510837.11988,19.7595,0.4105,CTIO_KMTC02,KMT(I),KMT
2510837.1425,19.6987,0.3002,CTIO_KMTC02,KMT(I),KMT
2510837.15634,19.9528,0.3483,CTIO_KMTC02,KMT(I),KMT
2510837.17181,20.5308,0.7209,CTIO_KMTC02,KMT(I),KMT
2510837.1989399996,19.9224,0.3125,CTIO_KMTC02,KMT(I),KMT
2510837.21433,20.1514,0.4001,CTIO_KMTC02,KMT(I),KMT
2510837.234,20.3855,0.6691,CTIO_KMTC02,KMT(I),KMT
2510837.2481699996,19.869,0.3835,CTIO_KMTC02,KMT(I),KMT
2510837.2693300005,19.5487,0.2965,CTIO_KMTC02,KMT(I),KMT
2510837.28708,20.8347,1.8201,CTIO_KMTC02,KMT(I),KMT
2510837.3109,19.9609,0.5445,CTIO_KMTC02,KMT(I),KMT
2510837.3288400006,19.8342,0.5059,CTIO_KMTC02,KMT(I),KMT
2510837.3842600007,20.1077,1.0501,CTIO_KMTC02,KMT(I),KMT
2510837.4090400003,19.9105,0.8416,CTIO_KMTC02,KMT(I),KMT
2510840.0412799995,18.2865,0.2627,CTIO_KMTC02,KMT(I),KMT
2510840.0441699997,18.704,0.1702,CTIO_KMTC02,KMT(I),KMT
2510840.0594699997,19.3186,0.1604,CTIO_KMTC02,KMT(I),KMT
2510840.0765000004,19.6911,0.2572,CTIO_KMTC02,KMT(I),KMT
2510840.0968900006,20.1317,0.2656,CTIO_KMTC02,KMT(I),KMT
2510840.1171199996,20.7478,0.4479,CTIO_KMTC02,KMT(I),KMT
2510840.14494,20.1101,0.2227,CTIO_KMTC02,KMT(I),KMT
2510840.1636699997,20.1844,0.2376,CTIO_KMTC02,KMT(I),KMT
2510840.18248,20.2852,0.3423,CTIO_KMTC02,KMT(I),KMT
2510840.29136,20.0483,0.2154,CTIO_KMTC02,KMT(I),KMT
2510840.3225299995,20.3309,2.844,CTIO_KMTC02,KMT(I),KMT
2510840.3683899995,20.2584,0.2869,CTIO_KMTC02,KMT(I),KMT
2510840.3811300006,19.8952,0.2001,CTIO_KMTC02,KMT(I),KMT
2510840.3923000004,19.8954,0.2091,CTIO_KMTC02,KMT(I),KMT
2510841.1532499995,13.4466,2.7023,CTIO_KMTC02,KMT(I),KMT
2510841.3220300004,20.018,0.2163,CTIO_KMTC02,KMT(I),KMT
2510841.34506,20.1984,0.2095,CTIO_KMTC02,KMT(I),KMT
2510841.3720200006,20.2362,0.3176,CTIO_KMTC02,KMT(I),KMT
2510841.39052,19.7518,0.3193,CTIO_KMTC02,KMT(I),KMT
2510841.402,19.5996,0.2856,CTIO_KMTC02,KMT(I),KMT
2510843.0295199994,20.2167,0.2395,CTIO_KMTC02,KMT(I),KMT
2510843.0459700003,20.1831,0.2379,CTIO_KMTC02,KMT(I),KMT
2510843.0652900003,20.1689,0.2105,CTIO_KMTC02,KMT(I),KMT
2510843.0827,20.4836,0.2339,CTIO_KMTC02,KMT(I),KMT
2510843.1148000006,20.1545,0.155,CTIO_KMTC02,KMT(I),KMT
2510843.1317999996,20.4838,0.2048,CTIO_KMTC02,KMT(I),KMT
2510843.1484399997,20.1371,0.1954,CTIO_KMTC02,KMT(I),KMT
2510843.16481,20.3372,0.2772,CTIO_KMTC02,KMT(I),KMT
2510843.18195,20.2504,0.2016,CTIO_KMTC02,KMT(I),KMT
2510843.2122300006,20.1987,0.1558,CTIO_KMTC02,KMT(I),KMT
2510843.2287099995,20.2522,0.2119,CTIO_KMTC02,KMT(I),KMT
2510843.24816,20.0189,0.1682,CTIO_KMTC02,KMT(I),KMT
2510843.2655100003,20.0179,0.1534,CTIO_KMTC02,KMT(I),KMT
2510843.28261,20.4696,0.3021,CTIO_KMTC02,KMT(I),KMT
2510843.3036599997,20.227,0.1933,CTIO_KMTC02,KMT(I),KMT
2510843.32752,19.6418,0.1274,CTIO_KMTC02,KMT(I),KMT
2510843.34397,20.1809,0.1986,CTIO_KMTC02,KMT(I),KMT
2510843.3604799993,20.2975,0.2446,CTIO_KMTC02,KMT(I),KMT
2510843.38005,19.5825,0.1701,CTIO_KMTC02,KMT(I),KMT
2510843.3945000004,19.4229,0.1312,CTIO_KMTC02,KMT(I),KMT
2510843.40352,20.9771,0.8461,CTIO_KMTC02,KMT(I),KMT
2510844.0286500007,19.7242,0.1941,CTIO_KMTC02,KMT(I),KMT
2510844.0536400005,20.3431,0.2629,CTIO_KMTC02,KMT(I),KMT
2510844.0726999994,20.403,0.2717,CTIO_KMTC02,KMT(I),KMT
2510844.0896000005,20.5812,0.3171,CTIO_KMTC02,KMT(I),KMT
2510844.1079200003,19.7989,0.1266,CTIO_KMTC02,KMT(I),KMT
2510844.1269300003,20.5044,0.2586,CTIO_KMTC02,KMT(I),KMT
2510844.15453,20.0589,0.1588,CTIO_KMTC02,KMT(I),KMT
2510844.17131,20.267,0.159,CTIO_KMTC02,KMT(I),KMT
2510844.18948,20.1966,0.1502,CTIO_KMTC02,KMT(I),KMT
2510844.2060400005,20.2283,0.1749,CTIO_KMTC02,KMT(I),KMT
2510844.22346,20.1957,0.1449,CTIO_KMTC02,KMT(I),KMT
2510844.2505099997,20.0014,0.1396,CTIO_KMTC02,KMT(I),KMT
2510844.26769,20.1303,0.1673,CTIO_KMTC02,KMT(I),KMT
2510844.2875699997,21.1143,0.4748,CTIO_KMTC02,KMT(I),KMT
2510844.30423,20.6004,0.2461,CTIO_KMTC02,KMT(I),KMT
2510844.3228,20.7678,0.3008,CTIO_KMTC02,KMT(I),KMT
2510844.3443800006,20.3695,0.2036,CTIO_KMTC02,KMT(I),KMT
2510844.3729299996,20.5027,0.2918,CTIO_KMTC02,KMT(I),KMT
2510844.3845799994,19.034,0.0927,CTIO_KMTC02,KMT(I),KMT
2510844.39575,20.1796,0.2206,CTIO_KMTC02,KMT(I),KMT
2510845.0336300004,19.5515,0.115,CTIO_KMTC02,KMT(I),KMT
2510845.0507699996,19.7549,0.1317,CTIO_KMTC02,KMT(I),KMT
2510845.07056,19.4284,0.1041,CTIO_KMTC02,KMT(I),KMT
2510845.0931199994,20.1999,0.1696,CTIO_KMTC02,KMT(I),KMT
2510845.1172199994,20.379,0.1848,CTIO_KMTC02,KMT(I),KMT
2510845.1201099996,20.425,0.2012,CTIO_KMTC02,KMT(I),KMT
2510845.1369199995,20.1095,0.1585,CTIO_KMTC02,KMT(I),KMT
2510845.15422,20.3549,0.1951,CTIO_KMTC02,KMT(I),KMT
2510845.17198,20.3663,0.1825,CTIO_KMTC02,KMT(I),KMT
2510845.18891,20.1702,0.1495,CTIO_KMTC02,KMT(I),KMT
2510845.21743,20.3648,0.1715,CTIO_KMTC02,KMT(I),KMT
2510845.2343499996,20.2358,0.1617,CTIO_KMTC02,KMT(I),KMT
2510845.2514500003,20.1839,0.1564,CTIO_KMTC02,KMT(I),KMT
2510845.2696899995,20.1851,0.1691,CTIO_KMTC02,KMT(I),KMT
2510845.28692,20.0253,0.1735,CTIO_KMTC02,KMT(I),KMT
2510845.3201,20.384,0.2623,CTIO_KMTC02,KMT(I),KMT
2510845.3388,20.5532,0.2885,CTIO_KMTC02,KMT(I),KMT
2510845.3590600006,20.6922,0.3169,CTIO_KMTC02,KMT(I),KMT
2510845.3772800006,19.5591,0.1316,CTIO_KMTC02,KMT(I),KMT
2510845.3871800005,19.9353,0.1792,CTIO_KMTC02,KMT(I),KMT
2510846.01898,20.0019,0.135,CTIO_KMTC02,KMT(I),KMT
2510846.03453,20.2039,0.1559,CTIO_KMTC02,KMT(I),KMT
2510846.062,20.098,0.1088,CTIO_KMTC02,KMT(I),KMT
2510846.0859699994,20.2254,0.1112,CTIO_KMTC02,KMT(I),KMT
2510846.10642,20.0896,0.0981,CTIO_KMTC02,KMT(I),KMT
2510846.12309,20.0627,0.0915,CTIO_KMTC02,KMT(I),KMT
2510846.1454600003,20.2242,0.1113,CTIO_KMTC02,KMT(I),KMT
2510846.1659900006,20.0176,0.0842,CTIO_KMTC02,KMT(I),KMT
2510846.1904799994,20.4748,0.1794,CTIO_KMTC02,KMT(I),KMT
2510846.2077600006,20.0961,0.1097,CTIO_KMTC02,KMT(I),KMT
2510846.2106299996,20.3548,0.1579,CTIO_KMTC02,KMT(I),KMT
2510846.22934,19.9253,0.0909,CTIO_KMTC02,KMT(I),KMT
2510846.25273,20.3373,0.171,CTIO_KMTC02,KMT(I),KMT
2510846.26989,20.4041,0.2194,CTIO_KMTC02,KMT(I),KMT
2510846.29863,20.103,0.1374,CTIO_KMTC02,KMT(I),KMT
2510846.32226,20.0338,0.106,CTIO_KMTC02,KMT(I),KMT
2510846.3397499993,20.2007,0.1273,CTIO_KMTC02,KMT(I),KMT
2510846.35809,20.1607,0.1305,CTIO_KMTC02,KMT(I),KMT
2510846.3681300003,20.0439,0.1385,CTIO_KMTC02,KMT(I),KMT
2510847.0158399995,20.9461,0.4681,CTIO_KMTC02,KMT(I),KMT
2510847.0326000005,20.5085,0.2384,CTIO_KMTC02,KMT(I),KMT
2510847.0492700003,20.0792,0.1173,CTIO_KMTC02,KMT(I),KMT
2510847.07886,20.304,0.156,CTIO_KMTC02,KMT(I),KMT
2510847.0956699997,20.2919,0.1304,CTIO_KMTC02,KMT(I),KMT
2510847.11426,20.0235,0.0978,CTIO_KMTC02,KMT(I),KMT
2510847.1309,20.1021,0.0933,CTIO_KMTC02,KMT(I),KMT
2510847.1335899998,20.1372,0.106,CTIO_KMTC02,KMT(I),KMT
2510847.1492,19.9388,0.0928,CTIO_KMTC02,KMT(I),KMT
2510847.15235,20.3543,0.1288,CTIO_KMTC02,KMT(I),KMT
2510847.1715200003,19.9883,0.1055,CTIO_KMTC02,KMT(I),KMT
2510847.1955699995,20.1579,0.1191,CTIO_KMTC02,KMT(I),KMT
2510847.21402,20.2997,0.141,CTIO_KMTC02,KMT(I),KMT
2510847.2306699995,20.3622,0.1769,CTIO_KMTC02,KMT(I),KMT
2510847.2472900003,20.526,0.174,CTIO_KMTC02,KMT(I),KMT
2510847.2673000004,20.0295,0.1219,CTIO_KMTC02,KMT(I),KMT
2510847.29127,20.1018,0.1165,CTIO_KMTC02,KMT(I),KMT
2510847.3101400007,20.4129,0.1748,CTIO_KMTC02,KMT(I),KMT
2510847.3275300004,20.3497,0.1834,CTIO_KMTC02,KMT(I),KMT
2510847.34483,20.3756,0.2377,CTIO_KMTC02,KMT(I),KMT
2510847.35908,20.2641,0.1838,CTIO_KMTC02,KMT(I),KMT
2510847.3705,20.1648,0.1813,CTIO_KMTC02,KMT(I),KMT
2510848.01351,20.0543,0.158,CTIO_KMTC02,KMT(I),KMT
2510848.02989,20.5648,0.312,CTIO_KMTC02,KMT(I),KMT
2510848.0768299997,19.9304,0.1939,CTIO_KMTC02,KMT(I),KMT
2510848.09394,19.941,0.1624,CTIO_KMTC02,KMT(I),KMT
2510848.11159,20.0792,0.1322,CTIO_KMTC02,KMT(I),KMT
2510848.1282899994,20.398,0.2014,CTIO_KMTC02,KMT(I),KMT
2510848.1591299996,20.1257,0.4105,CTIO_KMTC02,KMT(I),KMT
2510848.18506,17.512,0.4734,CTIO_KMTC02,KMT(I),KMT
2510848.20175,19.9891,0.1309,CTIO_KMTC02,KMT(I),KMT
2510848.22281,20.1729,0.1164,CTIO_KMTC02,KMT(I),KMT
2510848.2401100006,19.7434,0.1652,CTIO_KMTC02,KMT(I),KMT
2510848.2609,20.0284,0.1324,CTIO_KMTC02,KMT(I),KMT
2510848.28644,20.2625,0.3531,CTIO_KMTC02,KMT(I),KMT
2510848.3029999994,18.8532,0.0658,CTIO_KMTC02,KMT(I),KMT
2510848.31982,19.155,0.128,CTIO_KMTC02,KMT(I),KMT
2510849.0108400006,19.2087,0.1295,CTIO_KMTC02,KMT(I),KMT
2510849.02781,19.4647,0.1856,CTIO_KMTC02,KMT(I),KMT
2510849.05674,20.0673,0.2503,CTIO_KMTC02,KMT(I),KMT
2510849.07367,19.9095,0.1865,CTIO_KMTC02,KMT(I),KMT
2510849.0908400007,19.3457,0.1192,CTIO_KMTC02,KMT(I),KMT
2510849.0946500003,18.5796,0.0624,CTIO_KMTC02,KMT(I),KMT
2510849.11139,20.1416,0.1931,CTIO_KMTC02,KMT(I),KMT
2510849.1299799997,19.3936,0.1142,CTIO_KMTC02,KMT(I),KMT
2510849.15764,19.6494,0.1312,CTIO_KMTC02,KMT(I),KMT
2510849.1744599994,20.3619,0.2402,CTIO_KMTC02,KMT(I),KMT
2510849.1909999996,18.5174,0.0586,CTIO_KMTC02,KMT(I),KMT
2510849.2080799993,19.5901,0.1069,CTIO_KMTC02,KMT(I),KMT
2510849.22552,20.4791,0.2465,CTIO_KMTC02,KMT(I),KMT
2510849.24577,19.8305,0.1409,CTIO_KMTC02,KMT(I),KMT
2510849.27107,20.0766,0.1811,CTIO_KMTC02,KMT(I),KMT
2510849.28933,20.0916,0.178,CTIO_KMTC02,KMT(I),KMT
2510849.30801,17.7596,0.0385,CTIO_KMTC02,KMT(I),KMT
2510849.32477,18.8509,0.0708,CTIO_KMTC02,KMT(I),KMT
2510849.3427,19.6852,0.1457,CTIO_KMTC02,KMT(I),KMT
2510849.35351,19.8543,0.1737,CTIO_KMTC02,KMT(I),KMT
2510850.0136900004,20.4845,0.2443,CTIO_KMTC02,KMT(I),KMT
2510850.0391300004,20.1863,0.1495,CTIO_KMTC02,KMT(I),KMT
2510850.05557,20.3948,0.168,CTIO_KMTC02,KMT(I),KMT
2510850.0723199993,20.1037,0.1108,CTIO_KMTC02,KMT(I),KMT
2510850.0889800005,20.1953,0.1229,CTIO_KMTC02,KMT(I),KMT
2510850.11187,20.038,0.1138,CTIO_KMTC02,KMT(I),KMT
2510850.1389700007,20.2884,0.1172,CTIO_KMTC02,KMT(I),KMT
2510850.16154,20.2014,0.1017,CTIO_KMTC02,KMT(I),KMT
2510850.1793300007,20.232,0.1257,CTIO_KMTC02,KMT(I),KMT
2510850.19585,20.1883,0.1036,CTIO_KMTC02,KMT(I),KMT
2510850.2127599996,20.1234,0.1181,CTIO_KMTC02,KMT(I),KMT
2510850.2398300003,20.0456,0.0963,CTIO_KMTC02,KMT(I),KMT
2510850.2567999996,20.2365,0.1086,CTIO_KMTC02,KMT(I),KMT
2510850.2749000005,20.0538,0.1091,CTIO_KMTC02,KMT(I),KMT
2510850.2923300005,20.2731,0.1311,CTIO_KMTC02,KMT(I),KMT
2510850.30922,20.1929,0.1319,CTIO_KMTC02,KMT(I),KMT
2510850.3294900004,20.0867,0.1283,CTIO_KMTC02,KMT(I),KMT
2510850.3430899996,20.2364,0.1526,CTIO_KMTC02,KMT(I),KMT
2510850.35264,19.9609,0.1181,CTIO_KMTC02,KMT(I),KMT
2510851.0108700003,20.6254,0.2161,CTIO_KMTC02,KMT(I),KMT
2510851.0371000003,20.2179,0.1093,CTIO_KMTC02,KMT(I),KMT
2510851.0579199996,20.0383,0.0853,CTIO_KMTC02,KMT(I),KMT
2510851.07503,20.0076,0.0896,CTIO_KMTC02,KMT(I),KMT
2510851.09155,20.1186,0.0865,CTIO_KMTC02,KMT(I),KMT
2510851.11218,20.1011,0.0932,CTIO_KMTC02,KMT(I),KMT
2510851.13583,19.9223,0.0797,CTIO_KMTC02,KMT(I),KMT
2510851.15254,20.0113,0.1243,CTIO_KMTC02,KMT(I),KMT
2510851.1697899997,20.07,0.0909,CTIO_KMTC02,KMT(I),KMT
2510851.18707,20.0657,0.119,CTIO_KMTC02,KMT(I),KMT
2510851.2042999994,20.178,0.1217,CTIO_KMTC02,KMT(I),KMT
2510851.23118,20.1477,0.1664,CTIO_KMTC02,KMT(I),KMT
2510851.2508199997,20.0947,0.1246,CTIO_KMTC02,KMT(I),KMT
2510851.2678699996,20.4037,0.3444,CTIO_KMTC02,KMT(I),KMT
2510851.28484,20.634,0.6286,CTIO_KMTC02,KMT(I),KMT
2510851.3042200003,19.9527,0.3228,CTIO_KMTC02,KMT(I),KMT
2510851.33875,19.7589,0.2958,CTIO_KMTC02,KMT(I),KMT
2510851.3485199995,19.1542,0.3159,CTIO_KMTC02,KMT(I),KMT
2510853.01055,20.0903,0.1805,CTIO_KMTC02,KMT(I),KMT
2510853.0274899993,20.2134,0.1933,CTIO_KMTC02,KMT(I),KMT
2510853.04418,20.3408,0.1804,CTIO_KMTC02,KMT(I),KMT
2510853.06094,20.2205,0.1456,CTIO_KMTC02,KMT(I),KMT
2510853.07783,20.3544,0.1449,CTIO_KMTC02,KMT(I),KMT
2510853.0985700004,20.0646,0.0968,CTIO_KMTC02,KMT(I),KMT
2510853.1221900005,20.3069,0.1131,CTIO_KMTC02,KMT(I),KMT
2510853.1391899996,20.1818,0.1122,CTIO_KMTC02,KMT(I),KMT
2510853.1682,20.2303,0.1072,CTIO_KMTC02,KMT(I),KMT
2510853.1853,20.0844,0.1088,CTIO_KMTC02,KMT(I),KMT
2510853.2055399995,20.2758,0.1352,CTIO_KMTC02,KMT(I),KMT
2510853.2291199993,20.0518,0.1028,CTIO_KMTC02,KMT(I),KMT
2510853.25022,20.0662,0.1141,CTIO_KMTC02,KMT(I),KMT
2510853.2667500004,20.1086,0.123,CTIO_KMTC02,KMT(I),KMT
2510853.28445,20.5605,0.1959,CTIO_KMTC02,KMT(I),KMT
2510853.3027800005,20.0393,0.1098,CTIO_KMTC02,KMT(I),KMT
2510853.3316900004,20.4851,0.1727,CTIO_KMTC02,KMT(I),KMT
2510853.3423800003,20.1236,0.1362,CTIO_KMTC02,KMT(I),KMT
2510853.35358,20.2773,0.1622,CTIO_KMTC02,KMT(I),KMT
2510853.9997199997,20.5262,0.2751,CTIO_KMTC02,KMT(I),KMT
2510854.0167699996,20.3525,0.2376,CTIO_KMTC02,KMT(I),KMT
2510854.0198599994,20.2447,0.2408,CTIO_KMTC02,KMT(I),KMT
2510854.0369000006,20.2804,0.1779,CTIO_KMTC02,KMT(I),KMT
2510854.0542200003,20.2509,0.1735,CTIO_KMTC02,KMT(I),KMT
2510854.0725800004,20.0504,0.1423,CTIO_KMTC02,KMT(I),KMT
2510854.10037,20.1156,0.1103,CTIO_KMTC02,KMT(I),KMT
2510854.1178200003,20.0918,0.0987,CTIO_KMTC02,KMT(I),KMT
2510854.13631,20.0883,0.101,CTIO_KMTC02,KMT(I),KMT
2510854.1562900003,20.1384,0.1275,CTIO_KMTC02,KMT(I),KMT
2510854.17313,20.3213,0.1456,CTIO_KMTC02,KMT(I),KMT
2510854.1998200007,20.2551,0.123,CTIO_KMTC02,KMT(I),KMT
2510854.22365,20.3688,0.132,CTIO_KMTC02,KMT(I),KMT
2510854.24067,20.1089,0.1182,CTIO_KMTC02,KMT(I),KMT
2510854.25798,20.1155,0.1369,CTIO_KMTC02,KMT(I),KMT
2510854.2748600002,19.9583,0.1284,CTIO_KMTC02,KMT(I),KMT
2510854.29832,20.5876,0.2077,CTIO_KMTC02,KMT(I),KMT
2510854.32249,20.4685,0.1787,CTIO_KMTC02,KMT(I),KMT
2510854.34213,20.1346,0.1376,CTIO_KMTC02,KMT(I),KMT
2510855.0047699995,19.3364,0.1536,CTIO_KMTC02,KMT(I),KMT
2510855.0212200005,19.9215,0.1996,CTIO_KMTC02,KMT(I),KMT
2510855.0382199995,19.831,0.1741,CTIO_KMTC02,KMT(I),KMT
2510855.05525,19.8845,0.1611,CTIO_KMTC02,KMT(I),KMT
2510855.0824299995,20.5197,0.2387,CTIO_KMTC02,KMT(I),KMT
2510855.0990699995,20.4263,0.2149,CTIO_KMTC02,KMT(I),KMT
2510855.11589,20.3995,0.1654,CTIO_KMTC02,KMT(I),KMT
2510855.1326400004,20.3066,0.1576,CTIO_KMTC02,KMT(I),KMT
2510855.1535599995,20.2834,0.1519,CTIO_KMTC02,KMT(I),KMT
2510855.1864400003,20.3407,0.1618,CTIO_KMTC02,KMT(I),KMT
2510855.2115700003,20.0514,0.1549,CTIO_KMTC02,KMT(I),KMT
2510855.2297099996,19.3312,0.0919,CTIO_KMTC02,KMT(I),KMT
2510855.24897,20.3357,0.1639,CTIO_KMTC02,KMT(I),KMT
2510855.26724,20.2267,0.18,CTIO_KMTC02,KMT(I),KMT
2510855.2872100007,19.3888,0.0989,CTIO_KMTC02,KMT(I),KMT
2510855.3108,20.0782,0.1857,CTIO_KMTC02,KMT(I),KMT
2510855.32766,19.5064,0.1046,CTIO_KMTC02,KMT(I),KMT
2510855.34439,19.4906,0.1232,CTIO_KMTC02,KMT(I),KMT
2510855.3540899996,17.1029,0.0271,CTIO_KMTC02,KMT(I),KMT
2510855.9947800003,20.0407,0.1441,CTIO_KMTC02,KMT(I),KMT
2510856.02025,20.6576,0.2504,CTIO_KMTC02,KMT(I),KMT
2510856.04069,20.0112,0.0892,CTIO_KMTC02,KMT(I),KMT
2510856.05805,20.1543,0.1044,CTIO_KMTC02,KMT(I),KMT
2510856.0853499994,20.0104,0.0842,CTIO_KMTC02,KMT(I),KMT
2510856.10188,20.1631,0.104,CTIO_KMTC02,KMT(I),KMT
2510856.12242,20.3554,0.1672,CTIO_KMTC02,KMT(I),KMT
2510856.1389799993,19.9877,0.0821,CTIO_KMTC02,KMT(I),KMT
2510856.1570699997,20.0944,0.0937,CTIO_KMTC02,KMT(I),KMT
2510856.18891,20.1997,0.0932,CTIO_KMTC02,KMT(I),KMT
2510856.2057799995,20.5416,0.1741,CTIO_KMTC02,KMT(I),KMT
2510856.2237299997,20.1296,0.1003,CTIO_KMTC02,KMT(I),KMT
2510856.2399400007,20.0588,0.1148,CTIO_KMTC02,KMT(I),KMT
2510856.2583300006,20.2009,0.1252,CTIO_KMTC02,KMT(I),KMT
2510856.2794899996,20.0978,0.1178,CTIO_KMTC02,KMT(I),KMT
2510856.3036199994,20.1821,0.1283,CTIO_KMTC02,KMT(I),KMT
2510856.32168,20.2555,0.1463,CTIO_KMTC02,KMT(I),KMT
2510856.3381699994,20.0628,0.1524,CTIO_KMTC02,KMT(I),KMT
2510856.3422100004,20.0156,0.1555,CTIO_KMTC02,KMT(I),KMT
2510856.35198,20.0633,0.1505,CTIO_KMTC02,KMT(I),KMT
2510856.9938900005,13.4871,0.6626,CTIO_KMTC02,KMT(I),KMT
2510857.14831,19.8486,0.7735,CTIO_KMTC02,KMT(I),KMT
2510857.16962,20.0787,0.122,CTIO_KMTC02,KMT(I),KMT
2510857.19405,20.1686,0.1133,CTIO_KMTC02,KMT(I),KMT
2510857.21344,20.3806,0.1395,CTIO_KMTC02,KMT(I),KMT
2510857.2335899994,20.1569,0.1135,CTIO_KMTC02,KMT(I),KMT
2510857.25064,20.1421,0.1164,CTIO_KMTC02,KMT(I),KMT
2510857.26729,20.3488,0.1431,CTIO_KMTC02,KMT(I),KMT
2510857.2952200007,20.378,0.1551,CTIO_KMTC02,KMT(I),KMT
2510857.3123700004,20.2332,0.1388,CTIO_KMTC02,KMT(I),KMT
2510857.3153300006,20.1277,0.1272,CTIO_KMTC02,KMT(I),KMT
2510857.33048,20.4232,0.1959,CTIO_KMTC02,KMT(I),KMT
2510857.34186,20.4757,0.1898,CTIO_KMTC02,KMT(I),KMT
2510857.34476,20.3263,0.1835,CTIO_KMTC02,KMT(I),KMT
2510857.3532,20.3766,0.207,CTIO_KMTC02,KMT(I),KMT
2510857.99701,19.8519,0.2103,CTIO_KMTC02,KMT(I),KMT
2510858.01616,19.5086,0.1319,CTIO_KMTC02,KMT(I),KMT
2510858.04947,19.9885,0.1762,CTIO_KMTC02,KMT(I),KMT
2510858.06632,19.5533,0.715,CTIO_KMTC02,KMT(I),KMT
2510858.08258,20.6804,1.1459,CTIO_KMTC02,KMT(I),KMT
2510858.0989800002,20.4211,0.2243,CTIO_KMTC02,KMT(I),KMT
2510858.1158600003,20.6313,0.636,CTIO_KMTC02,KMT(I),KMT
2510858.14853,20.364,0.151,CTIO_KMTC02,KMT(I),KMT
2510858.1764199995,20.2437,0.1465,CTIO_KMTC02,KMT(I),KMT
2510858.1934,20.8961,1.42,CTIO_KMTC02,KMT(I),KMT
2510858.2105,20.772,0.3313,CTIO_KMTC02,KMT(I),KMT
2510858.24916,20.2842,0.1464,CTIO_KMTC02,KMT(I),KMT
2510858.2696599998,20.3856,0.1525,CTIO_KMTC02,KMT(I),KMT
2510858.29753,19.8614,0.0996,CTIO_KMTC02,KMT(I),KMT
2510858.3163399994,19.7666,0.3311,CTIO_KMTC02,KMT(I),KMT
2510858.33981,20.2756,0.3708,CTIO_KMTC02,KMT(I),KMT
2510858.9951099996,20.2397,0.132,CTIO_KMTC02,KMT(I),KMT
2510859.01255,20.2599,0.12,CTIO_KMTC02,KMT(I),KMT
2510859.0292000007,20.042,0.1246,CTIO_KMTC02,KMT(I),KMT
2510859.0569199994,20.1358,0.1219,CTIO_KMTC02,KMT(I),KMT
2510859.0737999994,19.9893,0.11,CTIO_KMTC02,KMT(I),KMT
2510859.0900500007,20.1532,0.1374,CTIO_KMTC02,KMT(I),KMT
2510859.1072700005,20.125,0.0978,CTIO_KMTC02,KMT(I),KMT
2510859.12421,20.3546,0.1262,CTIO_KMTC02,KMT(I),KMT
2510859.16048,20.3703,0.2092,CTIO_KMTC02,KMT(I),KMT
2510859.2023,20.3099,0.1553,CTIO_KMTC02,KMT(I),KMT
2510859.2204,20.248,0.1139,CTIO_KMTC02,KMT(I),KMT
2510859.2373900004,20.0622,0.0991,CTIO_KMTC02,KMT(I),KMT
2510859.2540099993,20.4871,0.1697,CTIO_KMTC02,KMT(I),KMT
2510859.2781799994,20.2079,0.1265,CTIO_KMTC02,KMT(I),KMT
2510859.3018200006,20.2167,0.1247,CTIO_KMTC02,KMT(I),KMT
2510859.32032,20.0752,0.1353,CTIO_KMTC02,KMT(I),KMT
2510859.33866,20.8063,0.2815,CTIO_KMTC02,KMT(I),KMT
2510859.34867,20.3449,0.1687,CTIO_KMTC02,KMT(I),KMT
2510859.3513900004,20.0265,0.1318,CTIO_KMTC02,KMT(I),KMT
2510859.9878899995,20.3525,0.2157,CTIO_KMTC02,KMT(I),KMT
2510860.0239700004,20.1681,0.1414,CTIO_KMTC02,KMT(I),KMT
2510860.04462,20.0197,0.1143,CTIO_KMTC02,KMT(I),KMT
2510860.0729399994,20.1682,0.1044,CTIO_KMTC02,KMT(I),KMT
2510860.0910800006,20.0591,0.0912,CTIO_KMTC02,KMT(I),KMT
2510860.10747,20.2543,0.1147,CTIO_KMTC02,KMT(I),KMT
2510860.12462,19.9525,0.098,CTIO_KMTC02,KMT(I),KMT
2510860.1419,20.1365,0.1203,CTIO_KMTC02,KMT(I),KMT
2510860.17112,20.1514,0.1188,CTIO_KMTC02,KMT(I),KMT
2510860.188,20.3217,0.1266,CTIO_KMTC02,KMT(I),KMT
2510860.20484,20.0307,0.1024,CTIO_KMTC02,KMT(I),KMT
2510860.22183,20.4369,0.3186,CTIO_KMTC02,KMT(I),KMT
2510860.2401800007,20.0834,0.1313,CTIO_KMTC02,KMT(I),KMT
2510860.27102,20.0744,0.148,CTIO_KMTC02,KMT(I),KMT
2510860.29301,20.3479,0.1501,CTIO_KMTC02,KMT(I),KMT
2510860.30963,20.2875,0.1449,CTIO_KMTC02,KMT(I),KMT
2510860.3271399997,20.0489,0.1453,CTIO_KMTC02,KMT(I),KMT
2510860.33258,20.1266,0.1832,CTIO_KMTC02,KMT(I),KMT
2510860.3423699997,20.0467,0.1739,CTIO_KMTC02,KMT(I),KMT
2510860.9963799994,20.3639,0.1883,CTIO_KMTC02,KMT(I),KMT
2510861.01327,20.0762,0.1365,CTIO_KMTC02,KMT(I),KMT
2510861.04995,20.1239,0.1243,CTIO_KMTC02,KMT(I),KMT
2510861.0771699995,20.0674,0.1098,CTIO_KMTC02,KMT(I),KMT
2510861.1032999996,20.0469,0.1269,CTIO_KMTC02,KMT(I),KMT
2510861.1207100004,20.0099,0.0964,CTIO_KMTC02,KMT(I),KMT
2510861.1379000004,20.0166,0.1003,CTIO_KMTC02,KMT(I),KMT
2510861.15826,20.2168,0.1176,CTIO_KMTC02,KMT(I),KMT
2510861.16208,20.4164,0.1815,CTIO_KMTC02,KMT(I),KMT
2510861.1876999997,20.2318,0.1595,CTIO_KMTC02,KMT(I),KMT
2510861.2045600004,20.2457,0.1577,CTIO_KMTC02,KMT(I),KMT
2510861.2213000003,20.7773,0.3326,CTIO_KMTC02,KMT(I),KMT
2510861.2381800003,20.4079,0.4423,CTIO_KMTC02,KMT(I),KMT
2510861.25538,20.0671,0.1421,CTIO_KMTC02,KMT(I),KMT
2510861.2825799994,20.367,0.2177,CTIO_KMTC02,KMT(I),KMT
2510861.3063699994,19.5781,0.1331,CTIO_KMTC02,KMT(I),KMT
2510861.32338,20.1345,0.1734,CTIO_KMTC02,KMT(I),KMT
2510861.3416,20.1191,0.2575,CTIO_KMTC02,KMT(I),KMT
2510861.3517499994,19.3463,0.1802,CTIO_KMTC02,KMT(I),KMT
2510861.9824599996,19.7803,0.2025,CTIO_KMTC02,KMT(I),KMT
2510862.04877,21.0317,0.5869,CTIO_KMTC02,KMT(I),KMT
2510862.0739,19.265,0.2767,CTIO_KMTC02,KMT(I),KMT
2510862.09069,18.7162,0.0733,CTIO_KMTC02,KMT(I),KMT
2510862.1075,20.2479,0.1716,CTIO_KMTC02,KMT(I),KMT
2510862.12436,19.7352,0.1453,CTIO_KMTC02,KMT(I),KMT
2510862.1475099996,20.4608,0.2276,CTIO_KMTC02,KMT(I),KMT
2510862.1744599994,20.6082,0.2439,CTIO_KMTC02,KMT(I),KMT
2510862.1914,20.3091,0.2138,CTIO_KMTC02,KMT(I),KMT
2510862.2080700006,20.2508,0.1598,CTIO_KMTC02,KMT(I),KMT
2510862.22523,20.2559,0.203,CTIO_KMTC02,KMT(I),KMT
2510862.24192,20.0185,0.158,CTIO_KMTC02,KMT(I),KMT
2510862.26899,18.6977,0.0797,CTIO_KMTC02,KMT(I),KMT
2510862.2858799994,20.0225,0.2118,CTIO_KMTC02,KMT(I),KMT
2510862.3039500006,19.133,0.1004,CTIO_KMTC02,KMT(I),KMT
2510862.3219099995,19.6942,0.1599,CTIO_KMTC02,KMT(I),KMT
2510862.32771,18.7643,0.0877,CTIO_KMTC02,KMT(I),KMT
2510862.3405399993,20.8465,0.697,CTIO_KMTC02,KMT(I),KMT
2510862.9729900006,20.184,0.3076,CTIO_KMTC02,KMT(I),KMT
2510862.99008,20.0483,0.226,CTIO_KMTC02,KMT(I),KMT
2510863.0181600004,20.4563,0.3284,CTIO_KMTC02,KMT(I),KMT
2510863.0346300006,20.6051,0.3396,CTIO_KMTC02,KMT(I),KMT
2510863.05119,20.5209,0.2389,CTIO_KMTC02,KMT(I),KMT
2510863.0676499996,20.5956,0.2903,CTIO_KMTC02,KMT(I),KMT
2510863.08485,20.3072,0.1888,CTIO_KMTC02,KMT(I),KMT
2510863.1048600003,20.2595,0.2159,CTIO_KMTC02,KMT(I),KMT
2510863.13035,20.4137,0.2081,CTIO_KMTC02,KMT(I),KMT
2510863.1473200005,20.5904,0.2327,CTIO_KMTC02,KMT(I),KMT
2510863.1645400003,20.5095,0.2374,CTIO_KMTC02,KMT(I),KMT
2510863.1819899995,20.2677,0.2135,CTIO_KMTC02,KMT(I),KMT
2510863.2048000004,20.217,0.1863,CTIO_KMTC02,KMT(I),KMT
2510863.22913,20.2507,0.2243,CTIO_KMTC02,KMT(I),KMT
2510863.2320099995,19.7502,0.1306,CTIO_KMTC02,KMT(I),KMT
2510863.24725,20.0832,0.1695,CTIO_KMTC02,KMT(I),KMT
2510863.2638799995,19.9663,0.1439,CTIO_KMTC02,KMT(I),KMT
2510863.2805000003,20.6505,0.2803,CTIO_KMTC02,KMT(I),KMT
2510863.30074,20.4241,0.2371,CTIO_KMTC02,KMT(I),KMT
2510863.32809,19.968,0.1676,CTIO_KMTC02,KMT(I),KMT
2510863.3408700004,20.6,0.3481,CTIO_KMTC02,KMT(I),KMT
2510863.99118,19.7874,0.2517,CTIO_KMTC02,KMT(I),KMT
2510864.01181,20.1336,0.289,CTIO_KMTC02,KMT(I),KMT
2510864.0288900007,20.3831,0.3504,CTIO_KMTC02,KMT(I),KMT
2510864.04591,20.2006,0.2442,CTIO_KMTC02,KMT(I),KMT
2510864.0648100004,20.1313,0.1919,CTIO_KMTC02,KMT(I),KMT
2510864.0944999997,20.0955,0.1659,CTIO_KMTC02,KMT(I),KMT
2510864.1116499994,20.1371,0.1701,CTIO_KMTC02,KMT(I),KMT
2510864.13005,20.1297,0.1463,CTIO_KMTC02,KMT(I),KMT
2510864.1476,20.1363,0.1407,CTIO_KMTC02,KMT(I),KMT
2510864.1643000003,20.0251,0.2087,CTIO_KMTC02,KMT(I),KMT
2510864.1847,20.1214,0.216,CTIO_KMTC02,KMT(I),KMT
2510864.18795,20.2194,0.2785,CTIO_KMTC02,KMT(I),KMT
2510864.2114199996,20.2238,0.2785,CTIO_KMTC02,KMT(I),KMT
2510864.22829,20.245,0.2744,CTIO_KMTC02,KMT(I),KMT
2510864.24479,20.0261,0.2153,CTIO_KMTC02,KMT(I),KMT
2510864.2616099995,19.9603,0.199,CTIO_KMTC02,KMT(I),KMT
2510864.2819,20.5165,0.4039,CTIO_KMTC02,KMT(I),KMT
2510864.3061299995,20.6356,0.5518,CTIO_KMTC02,KMT(I),KMT
2510864.3145499993,20.1654,0.3171,CTIO_KMTC02,KMT(I),KMT
2510864.3243700005,20.6599,0.5573,CTIO_KMTC02,KMT(I),KMT
2510865.98436,19.8199,0.4847,CTIO_KMTC02,KMT(I),KMT
2510866.0089,19.6569,0.3834,CTIO_KMTC02,KMT(I),KMT
2510866.0345799997,20.3506,0.9923,CTIO_KMTC02,KMT(I),KMT
2510866.0530200005,19.6519,0.3152,CTIO_KMTC02,KMT(I),KMT
2510866.07003,19.7524,0.3623,CTIO_KMTC02,KMT(I),KMT
2510866.0868299995,20.2068,0.6207,CTIO_KMTC02,KMT(I),KMT
2510866.1238400005,20.6005,1.0437,CTIO_KMTC02,KMT(I),KMT
2510866.14059,20.1572,0.5192,CTIO_KMTC02,KMT(I),KMT
2510866.15914,20.0502,0.3867,CTIO_KMTC02,KMT(I),KMT
2510866.17633,19.3877,0.2739,CTIO_KMTC02,KMT(I),KMT
2510866.1930100005,20.0256,0.4291,CTIO_KMTC02,KMT(I),KMT
2510866.2207900006,19.4325,0.2206,CTIO_KMTC02,KMT(I),KMT
2510866.2376300003,19.9502,0.4309,CTIO_KMTC02,KMT(I),KMT
2510866.25454,20.6276,1.5022,CTIO_KMTC02,KMT(I),KMT
2510866.3102899995,20.2454,0.7737,CTIO_KMTC02,KMT(I),KMT
2510866.3234,19.5722,0.3548,CTIO_KMTC02,KMT(I),KMT
2510866.96617,21.1871,1.5,CTIO_KMTC02,KMT(I),KMT
2510866.9897600003,20.0904,0.2593,CTIO_KMTC02,KMT(I),KMT
2510867.00648,20.4285,0.3182,CTIO_KMTC02,KMT(I),KMT
2510867.0250199996,20.1494,0.2444,CTIO_KMTC02,KMT(I),KMT
2510867.04232,20.4217,0.3745,CTIO_KMTC02,KMT(I),KMT
2510867.0626999997,20.3258,0.3966,CTIO_KMTC02,KMT(I),KMT
2510867.0897899996,20.6192,0.4003,CTIO_KMTC02,KMT(I),KMT
2510867.10721,20.1471,0.2216,CTIO_KMTC02,KMT(I),KMT
2510867.1244,20.0451,0.1688,CTIO_KMTC02,KMT(I),KMT
2510867.14179,20.1139,0.2208,CTIO_KMTC02,KMT(I),KMT
2510867.16165,20.0659,0.168,CTIO_KMTC02,KMT(I),KMT
2510867.1905499995,20.2794,0.2227,CTIO_KMTC02,KMT(I),KMT
2510867.21485,20.4475,0.2789,CTIO_KMTC02,KMT(I),KMT
2510867.2320099995,20.0061,0.1748,CTIO_KMTC02,KMT(I),KMT
2510867.25005,20.3852,0.2563,CTIO_KMTC02,KMT(I),KMT
2510867.26894,19.9531,0.1789,CTIO_KMTC02,KMT(I),KMT
2510867.2967499997,19.9413,0.2216,CTIO_KMTC02,KMT(I),KMT
2510867.3148999996,20.1156,0.2773,CTIO_KMTC02,KMT(I),KMT
2510867.31764,20.2251,0.3098,CTIO_KMTC02,KMT(I),KMT
2510867.32814,20.4798,0.4352,CTIO_KMTC02,KMT(I),KMT
2510867.9682100005,20.2903,0.2784,CTIO_KMTC02,KMT(I),KMT
2510867.9852099996,14.156,0.0999,CTIO_KMTC02,KMT(I),KMT
2510867.99194,20.2091,0.2073,CTIO_KMTC02,KMT(I),KMT
2510868.0087599996,19.9771,0.144,CTIO_KMTC02,KMT(I),KMT
2510868.0260300003,20.1462,0.1512,CTIO_KMTC02,KMT(I),KMT
2510868.04835,20.2411,0.156,CTIO_KMTC02,KMT(I),KMT
2510868.0751099996,20.0518,0.1344,CTIO_KMTC02,KMT(I),KMT
2510868.0932100005,20.331,0.1732,CTIO_KMTC02,KMT(I),KMT
2510868.1117700003,20.1564,0.1619,CTIO_KMTC02,KMT(I),KMT
2510868.12907,20.1448,0.1647,CTIO_KMTC02,KMT(I),KMT
2510868.1494200006,19.945,0.1356,CTIO_KMTC02,KMT(I),KMT
2510868.1740000006,20.3361,0.2048,CTIO_KMTC02,KMT(I),KMT
2510868.192,20.0885,0.1717,CTIO_KMTC02,KMT(I),KMT
2510868.2091300003,20.3343,0.215,CTIO_KMTC02,KMT(I),KMT
2510868.22657,20.8052,0.3233,CTIO_KMTC02,KMT(I),KMT
2510868.24342,19.9244,0.1464,CTIO_KMTC02,KMT(I),KMT
2510868.27083,20.5565,0.2597,CTIO_KMTC02,KMT(I),KMT
2510868.29196,20.1529,0.2181,CTIO_KMTC02,KMT(I),KMT
2510868.30903,20.3747,0.2998,CTIO_KMTC02,KMT(I),KMT
2510868.3162900005,19.9136,0.1951,CTIO_KMTC02,KMT(I),KMT
2510868.3261900004,20.145,0.2868,CTIO_KMTC02,KMT(I),KMT
2510868.9635000005,20.5336,0.4352,CTIO_KMTC02,KMT(I),KMT
2510869.00244,20.2604,0.1996,CTIO_KMTC02,KMT(I),KMT
2510869.0192399994,20.192,0.1735,CTIO_KMTC02,KMT(I),KMT
2510869.04878,20.1682,0.2053,CTIO_KMTC02,KMT(I),KMT
2510869.0674,20.1665,0.1825,CTIO_KMTC02,KMT(I),KMT
2510869.0855400003,20.0958,0.1145,CTIO_KMTC02,KMT(I),KMT
2510869.10633,20.0134,0.1014,CTIO_KMTC02,KMT(I),KMT
2510869.1271400005,20.1271,0.1165,CTIO_KMTC02,KMT(I),KMT
2510869.1474,20.2223,0.1389,CTIO_KMTC02,KMT(I),KMT
2510869.17108,20.1373,0.1138,CTIO_KMTC02,KMT(I),KMT
2510869.18814,20.0354,0.1145,CTIO_KMTC02,KMT(I),KMT
2510869.20527,20.4714,0.2354,CTIO_KMTC02,KMT(I),KMT
2510869.2222000007,20.0764,0.1456,CTIO_KMTC02,KMT(I),KMT
2510869.2428600006,20.4815,0.2593,CTIO_KMTC02,KMT(I),KMT
2510869.26705,20.7504,0.3225,CTIO_KMTC02,KMT(I),KMT
2510869.2842699997,20.5498,0.2774,CTIO_KMTC02,KMT(I),KMT
2510869.30133,20.8658,0.629,CTIO_KMTC02,KMT(I),KMT
2510869.3139699996,20.0026,0.2111,CTIO_KMTC02,KMT(I),KMT
2510869.3243000004,20.0711,0.2179,CTIO_KMTC02,KMT(I),KMT
2510869.9722099993,20.094,0.2064,CTIO_KMTC02,KMT(I),KMT
2510870.0088299997,20.2822,0.1569,CTIO_KMTC02,KMT(I),KMT
2510870.03654,20.1981,0.1577,CTIO_KMTC02,KMT(I),KMT
2510870.0564600006,19.7235,0.1247,CTIO_KMTC02,KMT(I),KMT
2510870.0738200005,20.2994,0.2544,CTIO_KMTC02,KMT(I),KMT
2510870.0909199994,19.7411,0.1063,CTIO_KMTC02,KMT(I),KMT
2510870.1077500004,19.6759,0.116,CTIO_KMTC02,KMT(I),KMT
2510870.13932,20.7039,0.232,CTIO_KMTC02,KMT(I),KMT
2510870.16742,20.1828,0.1263,CTIO_KMTC02,KMT(I),KMT
2510870.1845500004,20.0896,0.1002,CTIO_KMTC02,KMT(I),KMT
2510870.20144,20.0374,0.096,CTIO_KMTC02,KMT(I),KMT
2510870.2183800004,20.145,0.1491,CTIO_KMTC02,KMT(I),KMT
2510870.23888,20.2201,0.1521,CTIO_KMTC02,KMT(I),KMT
2510870.26289,20.4556,0.2386,CTIO_KMTC02,KMT(I),KMT
2510870.2800399996,20.2846,0.2102,CTIO_KMTC02,KMT(I),KMT
2510870.3011499997,20.2649,0.2388,CTIO_KMTC02,KMT(I),KMT
2510870.30815,20.1233,0.2281,CTIO_KMTC02,KMT(I),KMT
2510870.31786,19.8924,0.1774,CTIO_KMTC02,KMT(I),KMT
2510870.96497,20.1452,0.233,CTIO_KMTC02,KMT(I),KMT
2510871.0045800004,19.2249,1.4585,CTIO_KMTC02,KMT(I),KMT
2510871.9637199994,19.489,0.3745,CTIO_KMTC02,KMT(I),KMT
2510872.0194799993,20.4215,0.3998,CTIO_KMTC02,KMT(I),KMT
2510872.0561699998,20.3696,0.2801,CTIO_KMTC02,KMT(I),KMT
2510872.08514,20.0505,0.0943,CTIO_KMTC02,KMT(I),KMT
2510872.10181,20.2723,0.1358,CTIO_KMTC02,KMT(I),KMT
2510872.11866,20.1472,0.1107,CTIO_KMTC02,KMT(I),KMT
2510872.1355300006,20.0299,0.0868,CTIO_KMTC02,KMT(I),KMT
2510872.15247,20.2557,0.1205,CTIO_KMTC02,KMT(I),KMT
2510872.17476,20.3696,0.1553,CTIO_KMTC02,KMT(I),KMT
2510872.1980799995,20.4134,0.1537,CTIO_KMTC02,KMT(I),KMT
2510872.2208200004,19.9733,0.1141,CTIO_KMTC02,KMT(I),KMT
2510872.23802,20.4396,0.2303,CTIO_KMTC02,KMT(I),KMT
2510872.2549600005,20.3329,0.1965,CTIO_KMTC02,KMT(I),KMT
2510872.2754100002,20.6051,0.252,CTIO_KMTC02,KMT(I),KMT
2510872.29947,19.8933,0.1459,CTIO_KMTC02,KMT(I),KMT
2510872.30239,19.7441,0.1472,CTIO_KMTC02,KMT(I),KMT
2510872.31408,19.1968,0.0958,CTIO_KMTC02,KMT(I),KMT
2510872.98707,20.2482,0.1463,CTIO_KMTC02,KMT(I),KMT
2510873.00552,20.223,0.1406,CTIO_KMTC02,KMT(I),KMT
2510873.0225600004,20.2403,0.1253,CTIO_KMTC02,KMT(I),KMT
2510873.0396599993,20.0841,0.1113,CTIO_KMTC02,KMT(I),KMT
2510873.0609300006,19.9136,0.0846,CTIO_KMTC02,KMT(I),KMT
2510873.0878299996,20.292,0.1219,CTIO_KMTC02,KMT(I),KMT
2510873.1048099995,20.309,0.1252,CTIO_KMTC02,KMT(I),KMT
2510873.1223300006,20.1299,0.1116,CTIO_KMTC02,KMT(I),KMT
2510873.1409799997,20.1868,0.1095,CTIO_KMTC02,KMT(I),KMT
2510873.1591800004,19.9365,0.0968,CTIO_KMTC02,KMT(I),KMT
2510873.1885,20.425,0.1776,CTIO_KMTC02,KMT(I),KMT
2510873.2055600006,20.0942,0.1088,CTIO_KMTC02,KMT(I),KMT
2510873.20857,20.2154,0.1214,CTIO_KMTC02,KMT(I),KMT
2510873.2270400003,20.1362,0.1184,CTIO_KMTC02,KMT(I),KMT
2510873.24371,20.0111,0.1128,CTIO_KMTC02,KMT(I),KMT
2510873.26055,20.2544,0.1441,CTIO_KMTC02,KMT(I),KMT
2510873.2805000003,20.2904,0.1802,CTIO_KMTC02,KMT(I),KMT
2510873.30024,20.2624,0.1466,CTIO_KMTC02,KMT(I),KMT
2510873.3100300003,19.9675,0.1255,CTIO_KMTC02,KMT(I),KMT
2510873.99424,20.1243,0.1216,CTIO_KMTC02,KMT(I),KMT
2510874.0113200005,20.0408,0.1218,CTIO_KMTC02,KMT(I),KMT
2510874.02795,20.2673,0.1356,CTIO_KMTC02,KMT(I),KMT
2510874.04571,20.1846,0.1299,CTIO_KMTC02,KMT(I),KMT
2510874.06618,20.1297,0.1041,CTIO_KMTC02,KMT(I),KMT
2510874.0900800005,20.122,0.1198,CTIO_KMTC02,KMT(I),KMT
2510874.10697,20.1031,0.1037,CTIO_KMTC02,KMT(I),KMT
2510874.1273100004,20.3062,0.1522,CTIO_KMTC02,KMT(I),KMT
2510874.14374,20.1428,0.1346,CTIO_KMTC02,KMT(I),KMT
2510874.1673099995,20.11,0.0993,CTIO_KMTC02,KMT(I),KMT
2510874.1961000003,20.181,0.1121,CTIO_KMTC02,KMT(I),KMT
2510874.2126400005,20.014,0.1153,CTIO_KMTC02,KMT(I),KMT
2510874.22975,20.328,0.1515,CTIO_KMTC02,KMT(I),KMT
2510874.2478800006,20.0405,0.1197,CTIO_KMTC02,KMT(I),KMT
2510874.26458,20.1496,0.1276,CTIO_KMTC02,KMT(I),KMT
2510874.2927,20.1759,0.1509,CTIO_KMTC02,KMT(I),KMT
2510874.2970400006,20.0571,0.1411,CTIO_KMTC02,KMT(I),KMT
2510874.3072699998,20.468,0.2319,CTIO_KMTC02,KMT(I),KMT
2510875.00117,20.1808,0.1448,CTIO_KMTC02,KMT(I),KMT
2510875.01781,20.1412,0.1209,CTIO_KMTC02,KMT(I),KMT
2510875.0346799996,20.1576,0.1188,CTIO_KMTC02,KMT(I),KMT
2510875.05523,20.0429,0.1051,CTIO_KMTC02,KMT(I),KMT
2510875.0718799997,19.9952,0.0992,CTIO_KMTC02,KMT(I),KMT
2510875.09693,20.1979,0.1237,CTIO_KMTC02,KMT(I),KMT
2510875.1006000005,20.4956,0.1667,CTIO_KMTC02,KMT(I),KMT
2510875.1241500005,19.891,0.0991,CTIO_KMTC02,KMT(I),KMT
2510875.1443300005,20.201,0.105,CTIO_KMTC02,KMT(I),KMT
2510875.1635500006,20.1374,0.0954,CTIO_KMTC02,KMT(I),KMT
2510875.1806300003,19.9731,0.0956,CTIO_KMTC02,KMT(I),KMT
2510875.2007,20.1558,0.1077,CTIO_KMTC02,KMT(I),KMT
2510875.2259,20.1016,0.1007,CTIO_KMTC02,KMT(I),KMT
2510875.24247,19.9907,0.097,CTIO_KMTC02,KMT(I),KMT
2510875.2596899997,20.1259,0.1122,CTIO_KMTC02,KMT(I),KMT
2510875.2824099995,20.5121,0.197,CTIO_KMTC02,KMT(I),KMT
2510875.29813,20.4311,0.1761,CTIO_KMTC02,KMT(I),KMT
2510875.3092,20.1613,0.1484,CTIO_KMTC02,KMT(I),KMT
2510875.96861,20.0088,0.1315,CTIO_KMTC02,KMT(I),KMT
2510876.0146900006,19.9859,0.0815,CTIO_KMTC02,KMT(I),KMT
2510876.0319299996,20.2657,0.1175,CTIO_KMTC02,KMT(I),KMT
2510876.05009,20.3018,0.1218,CTIO_KMTC02,KMT(I),KMT
2510876.0674099997,20.1351,0.0929,CTIO_KMTC02,KMT(I),KMT
2510876.0840799995,20.0607,0.0958,CTIO_KMTC02,KMT(I),KMT
2510876.1148000006,19.9587,0.0787,CTIO_KMTC02,KMT(I),KMT
2510876.13459,20.1608,0.0915,CTIO_KMTC02,KMT(I),KMT
2510876.1529600006,20.2228,0.1008,CTIO_KMTC02,KMT(I),KMT
2510876.17009,20.1325,0.0884,CTIO_KMTC02,KMT(I),KMT
2510876.1869,20.3688,0.1234,CTIO_KMTC02,KMT(I),KMT
2510876.2070199996,20.081,0.0953,CTIO_KMTC02,KMT(I),KMT
2510876.23097,20.031,0.091,CTIO_KMTC02,KMT(I),KMT
2510876.23446,20.0995,0.0955,CTIO_KMTC02,KMT(I),KMT
2510876.25108,20.1729,0.1105,CTIO_KMTC02,KMT(I),KMT
2510876.2725099996,20.1875,0.129,CTIO_KMTC02,KMT(I),KMT
2510876.2891099993,20.0252,0.1354,CTIO_KMTC02,KMT(I),KMT
2510876.2918100003,20.1115,0.4599,CTIO_KMTC02,KMT(I),KMT
2510876.3031200003,20.173,0.15,CTIO_KMTC02,KMT(I),KMT
2510876.96414,19.9628,0.2771,CTIO_KMTC02,KMT(I),KMT
2510877.00411,20.2978,0.1372,CTIO_KMTC02,KMT(I),KMT
2510877.02764,20.141,0.1021,CTIO_KMTC02,KMT(I),KMT
2510877.04421,20.2072,0.105,CTIO_KMTC02,KMT(I),KMT
2510877.0616299994,20.0763,0.0906,CTIO_KMTC02,KMT(I),KMT
2510877.07955,20.0672,0.1145,CTIO_KMTC02,KMT(I),KMT
2510877.09724,20.0236,0.0995,CTIO_KMTC02,KMT(I),KMT
2510877.12832,20.2602,0.1544,CTIO_KMTC02,KMT(I),KMT
2510877.1449999996,20.181,0.1833,CTIO_KMTC02,KMT(I),KMT
2510877.166,20.2455,0.1814,CTIO_KMTC02,KMT(I),KMT
2510877.18262,20.1679,0.1798,CTIO_KMTC02,KMT(I),KMT
2510877.2010500003,20.4627,0.3891,CTIO_KMTC02,KMT(I),KMT
2510877.2333199997,19.9352,0.2457,CTIO_KMTC02,KMT(I),KMT
2510877.2564199995,20.0038,0.1879,CTIO_KMTC02,KMT(I),KMT
2510877.28838,20.0435,0.9238,CTIO_KMTC02,KMT(I),KMT
2510877.29825,20.7463,0.6462,CTIO_KMTC02,KMT(I),KMT
2510877.9813899994,19.1891,0.3423,CTIO_KMTC02,KMT(I),KMT
2510878.02147,19.9282,0.1332,CTIO_KMTC02,KMT(I),KMT
2510878.0415899996,20.0356,0.0747,CTIO_KMTC02,KMT(I),KMT
2510878.06601,20.1614,0.0901,CTIO_KMTC02,KMT(I),KMT
2510878.08258,20.0053,0.0916,CTIO_KMTC02,KMT(I),KMT
2510878.10228,20.207,0.0847,CTIO_KMTC02,KMT(I),KMT
2510878.1194,20.2256,0.1223,CTIO_KMTC02,KMT(I),KMT
2510878.1395299993,20.1795,0.0762,CTIO_KMTC02,KMT(I),KMT
2510878.16627,20.2815,0.105,CTIO_KMTC02,KMT(I),KMT
2510878.18712,20.1278,0.0844,CTIO_KMTC02,KMT(I),KMT
2510878.20347,20.3423,0.1081,CTIO_KMTC02,KMT(I),KMT
2510878.22047,20.0716,0.1006,CTIO_KMTC02,KMT(I),KMT
2510878.23687,19.9134,0.1031,CTIO_KMTC02,KMT(I),KMT
2510878.26568,20.4921,0.1775,CTIO_KMTC02,KMT(I),KMT
2510878.28469,20.1462,0.1158,CTIO_KMTC02,KMT(I),KMT
2510878.29421,20.3746,0.1628,CTIO_KMTC02,KMT(I),KMT
2510878.9648400005,19.5094,0.6656,CTIO_KMTC02,KMT(I),KMT
2510879.0173499994,20.4147,0.2399,CTIO_KMTC02,KMT(I),KMT
2510879.0340800006,19.3333,0.5476,CTIO_KMTC02,KMT(I),KMT
2510879.05451,20.3319,0.1237,CTIO_KMTC02,KMT(I),KMT
2510879.0779800005,20.1255,0.0922,CTIO_KMTC02,KMT(I),KMT
2510879.09607,20.0652,0.0761,CTIO_KMTC02,KMT(I),KMT
2510879.1130599994,20.1725,0.102,CTIO_KMTC02,KMT(I),KMT
2510879.1296500005,20.0306,0.1361,CTIO_KMTC02,KMT(I),KMT
2510879.14991,20.0807,0.0933,CTIO_KMTC02,KMT(I),KMT
2510879.1748200003,20.7084,0.1999,CTIO_KMTC02,KMT(I),KMT
2510879.1913099997,20.1965,0.1177,CTIO_KMTC02,KMT(I),KMT
2510879.20768,20.4814,0.1925,CTIO_KMTC02,KMT(I),KMT
2510879.2244300004,20.0899,0.6126,CTIO_KMTC02,KMT(I),KMT
2510879.2411199994,20.1914,0.5094,CTIO_KMTC02,KMT(I),KMT
2510879.2685000002,19.9395,0.1527,CTIO_KMTC02,KMT(I),KMT
2510879.2838499993,19.8635,0.3615,CTIO_KMTC02,KMT(I),KMT
2510879.29378,21.3881,2.1109,CTIO_KMTC02,KMT(I),KMT
2510879.9743799996,21.0092,0.4267,CTIO_KMTC02,KMT(I),KMT
2510880.0107899997,20.2591,0.1282,CTIO_KMTC02,KMT(I),KMT
2510880.02773,20.2401,0.14,CTIO_KMTC02,KMT(I),KMT
2510880.04469,20.4249,0.1842,CTIO_KMTC02,KMT(I),KMT
2510880.0714800004,20.1272,0.1156,CTIO_KMTC02,KMT(I),KMT
2510880.0880999994,20.1901,0.1055,CTIO_KMTC02,KMT(I),KMT
2510880.10441,20.1746,0.0985,CTIO_KMTC02,KMT(I),KMT
2510880.1212300006,20.112,0.094,CTIO_KMTC02,KMT(I),KMT
2510880.1380700003,20.2992,0.1576,CTIO_KMTC02,KMT(I),KMT
2510880.15785,20.2789,0.1118,CTIO_KMTC02,KMT(I),KMT
2510880.1608000007,20.1277,0.1117,CTIO_KMTC02,KMT(I),KMT
2510880.1827099994,20.2195,0.1245,CTIO_KMTC02,KMT(I),KMT
2510880.1991,20.0615,0.0975,CTIO_KMTC02,KMT(I),KMT
2510880.21569,20.0924,0.1102,CTIO_KMTC02,KMT(I),KMT
2510880.23281,20.2793,0.1815,CTIO_KMTC02,KMT(I),KMT
2510880.25442,20.1296,0.2754,CTIO_KMTC02,KMT(I),KMT
2510880.279,20.3394,0.2117,CTIO_KMTC02,KMT(I),KMT
2510880.97088,19.9841,0.1681,CTIO_KMTC02,KMT(I),KMT
2510880.9877000004,20.2976,0.1712,CTIO_KMTC02,KMT(I),KMT
2510881.0230100006,20.4265,0.1582,CTIO_KMTC02,KMT(I),KMT
2510881.0406400003,20.0749,0.1039,CTIO_KMTC02,KMT(I),KMT
2510881.07103,20.1855,0.1027,CTIO_KMTC02,KMT(I),KMT
2510881.0883399993,20.2034,0.1072,CTIO_KMTC02,KMT(I),KMT
2510881.10549,20.0874,0.0916,CTIO_KMTC02,KMT(I),KMT
2510881.1226899996,20.1355,0.0923,CTIO_KMTC02,KMT(I),KMT
2510881.13947,20.1264,0.0948,CTIO_KMTC02,KMT(I),KMT
2510881.1669299994,19.9071,0.0811,CTIO_KMTC02,KMT(I),KMT
2510881.1831599995,20.2058,0.1172,CTIO_KMTC02,KMT(I),KMT
2510881.20003,20.2314,0.1207,CTIO_KMTC02,KMT(I),KMT
2510881.2167099994,20.2945,0.1309,CTIO_KMTC02,KMT(I),KMT
2510881.23322,20.0025,0.1047,CTIO_KMTC02,KMT(I),KMT
2510881.25438,20.1193,0.201,CTIO_KMTC02,KMT(I),KMT
2510881.27857,20.3442,0.5157,CTIO_KMTC02,KMT(I),KMT
2510881.2922,19.7276,0.3886,CTIO_KMTC02,KMT(I),KMT
2510881.98207,20.0432,0.0912,CTIO_KMTC02,KMT(I),KMT
2510882.0154999997,20.0831,0.1412,CTIO_KMTC02,KMT(I),KMT
2510882.0355699994,20.1489,0.0864,CTIO_KMTC02,KMT(I),KMT
2510882.05923,20.1332,0.088,CTIO_KMTC02,KMT(I),KMT
2510882.06209,20.2553,0.104,CTIO_KMTC02,KMT(I),KMT
2510882.0777000003,20.2164,0.0892,CTIO_KMTC02,KMT(I),KMT
2510882.09435,20.0352,0.0729,CTIO_KMTC02,KMT(I),KMT
2510882.1112,19.9945,0.0784,CTIO_KMTC02,KMT(I),KMT
2510882.12816,20.0181,0.0905,CTIO_KMTC02,KMT(I),KMT
2510882.15537,19.9928,0.0761,CTIO_KMTC02,KMT(I),KMT
2510882.17225,20.1005,0.0831,CTIO_KMTC02,KMT(I),KMT
2510882.18903,20.0118,0.0813,CTIO_KMTC02,KMT(I),KMT
2510882.20627,20.1127,0.0967,CTIO_KMTC02,KMT(I),KMT
2510882.2233000007,20.3123,0.1715,CTIO_KMTC02,KMT(I),KMT
2510882.2512800004,20.0997,0.1818,CTIO_KMTC02,KMT(I),KMT
2510882.25397,19.8974,0.2453,CTIO_KMTC02,KMT(I),KMT
2510882.2693300005,20.4302,0.2221,CTIO_KMTC02,KMT(I),KMT
2510882.28192,19.8926,0.4908,CTIO_KMTC02,KMT(I),KMT
2510882.2920500003,18.7527,0.2164,CTIO_KMTC02,KMT(I),KMT
2510883.96273,19.9912,0.2876,CTIO_KMTC02,KMT(I),KMT
2510883.97968,19.9081,0.1342,CTIO_KMTC02,KMT(I),KMT
2510884.0143999998,20.0709,0.1165,CTIO_KMTC02,KMT(I),KMT
2510884.03488,20.076,0.1223,CTIO_KMTC02,KMT(I),KMT
2510884.0595999993,17.9289,0.5054,CTIO_KMTC02,KMT(I),KMT
2510884.07964,19.3218,0.3845,CTIO_KMTC02,KMT(I),KMT
2510884.11302,16.6673,2.848,CTIO_KMTC02,KMT(I),KMT
2510884.1915099993,15.8278,1.9101,CTIO_KMTC02,KMT(I),KMT
2510884.20816,18.0221,0.6837,CTIO_KMTC02,KMT(I),KMT
2510884.26755,12.8005,0.3984,CTIO_KMTC02,KMT(I),KMT
2510884.9756499995,19.9777,0.137,CTIO_KMTC02,KMT(I),KMT
2510885.0102699995,20.127,0.1031,CTIO_KMTC02,KMT(I),KMT
2510885.0288699996,20.3017,0.141,CTIO_KMTC02,KMT(I),KMT
2510885.0456099994,20.012,0.0887,CTIO_KMTC02,KMT(I),KMT
2510885.0766199995,20.0191,0.1087,CTIO_KMTC02,KMT(I),KMT
2510885.1010299996,20.1349,0.0922,CTIO_KMTC02,KMT(I),KMT
2510885.1181199998,19.8196,0.0689,CTIO_KMTC02,KMT(I),KMT
2510885.1347000003,20.1092,0.0914,CTIO_KMTC02,KMT(I),KMT
2510885.1565199997,20.1407,0.1211,CTIO_KMTC02,KMT(I),KMT
2510885.17731,20.1084,0.0913,CTIO_KMTC02,KMT(I),KMT
2510885.20326,20.1827,0.1336,CTIO_KMTC02,KMT(I),KMT
2510885.2198600005,20.2557,0.1075,CTIO_KMTC02,KMT(I),KMT
2510885.23828,19.9805,0.104,CTIO_KMTC02,KMT(I),KMT
2510885.25564,20.2805,0.1496,CTIO_KMTC02,KMT(I),KMT
2510885.26248,20.2185,0.1334,CTIO_KMTC02,KMT(I),KMT
2510885.2726300005,20.3128,0.1529,CTIO_KMTC02,KMT(I),KMT
2510886.0125200003,20.3143,3.7419,CTIO_KMTC02,KMT(I),KMT
2510886.01655,19.202,0.7209,CTIO_KMTC02,KMT(I),KMT
2510886.0452299993,18.9585,1.0371,CTIO_KMTC02,KMT(I),KMT
2510886.06183,19.9134,0.1811,CTIO_KMTC02,KMT(I),KMT
2510886.09483,20.3796,0.3826,CTIO_KMTC02,KMT(I),KMT
2510886.11343,19.8838,0.2465,CTIO_KMTC02,KMT(I),KMT
2510886.14026,20.0571,0.1014,CTIO_KMTC02,KMT(I),KMT
2510886.15687,20.0162,0.3801,CTIO_KMTC02,KMT(I),KMT
2510886.1735200007,20.4063,0.4137,CTIO_KMTC02,KMT(I),KMT
2510886.1905000005,19.4409,0.2521,CTIO_KMTC02,KMT(I),KMT
2510886.2076200005,19.3514,2.0773,CTIO_KMTC02,KMT(I),KMT
2510886.22783,19.2715,1.7916,CTIO_KMTC02,KMT(I),KMT
2510886.25194,19.1416,0.8425,CTIO_KMTC02,KMT(I),KMT
2510886.2675800007,19.9716,0.3044,CTIO_KMTC02,KMT(I),KMT
2510887.0197,16.0339,0.3013,CTIO_KMTC02,KMT(I),KMT
2510890.98073,18.624,1.31,CTIO_KMTC02,KMT(I),KMT
2510891.00529,18.1433,0.6399,CTIO_KMTC02,KMT(I),KMT
2510891.0411900003,20.067,1.2471,CTIO_KMTC02,KMT(I),KMT
2510891.05982,20.7512,0.6952,CTIO_KMTC02,KMT(I),KMT
2510891.0762099996,20.1745,0.3826,CTIO_KMTC02,KMT(I),KMT
2510891.10477,19.7823,0.4164,CTIO_KMTC02,KMT(I),KMT
2510891.1213000007,19.2795,1.6468,CTIO_KMTC02,KMT(I),KMT
2510891.9953000005,19.535,0.3709,CTIO_KMTC02,KMT(I),KMT
2510892.0090200007,19.7982,0.791,CTIO_KMTC02,KMT(I),KMT
2510892.02735,19.3518,0.3688,CTIO_KMTC02,KMT(I),KMT
2510892.0439400002,19.4896,0.5696,CTIO_KMTC02,KMT(I),KMT
2510892.0995199997,19.1619,0.3734,CTIO_KMTC02,KMT(I),KMT
2510893.14685,19.817,0.5497,CTIO_KMTC02,KMT(I),KMT
2510893.1665199995,20.0458,0.6805,CTIO_KMTC02,KMT(I),KMT
2510893.1892300006,20.4142,1.1917,CTIO_KMTC02,KMT(I),KMT
2510893.20177,19.2272,0.3444,CTIO_KMTC02,KMT(I),KMT
2510893.2484099995,19.6889,0.4302,CTIO_KMTC02,KMT(I),KMT
2510893.2525200006,19.3155,0.3555,CTIO_KMTC02,KMT(I),KMT
2510893.25947,20.5274,1.8467,CTIO_KMTC02,KMT(I),KMT
2510893.98654,20.1646,0.1808,CTIO_KMTC02,KMT(I),KMT
2510894.00392,20.1642,0.1626,CTIO_KMTC02,KMT(I),KMT
2510894.0228700005,19.9554,0.1212,CTIO_KMTC02,KMT(I),KMT
2510894.03923,20.1972,0.1868,CTIO_KMTC02,KMT(I),KMT
2510894.05619,20.2863,0.1909,CTIO_KMTC02,KMT(I),KMT
2510894.0765700005,19.9336,0.1098,CTIO_KMTC02,KMT(I),KMT
2510894.10365,20.0924,0.1825,CTIO_KMTC02,KMT(I),KMT
2510894.1202300005,20.6506,0.3305,CTIO_KMTC02,KMT(I),KMT
2510894.1395699997,20.1611,0.1735,CTIO_KMTC02,KMT(I),KMT
2510894.15671,20.0243,0.1914,CTIO_KMTC02,KMT(I),KMT
2510894.1770600006,20.2824,0.3349,CTIO_KMTC02,KMT(I),KMT
2510894.20409,19.7182,0.1751,CTIO_KMTC02,KMT(I),KMT
2510894.2226299997,20.3424,0.4132,CTIO_KMTC02,KMT(I),KMT
2510894.23972,20.0871,0.2833,CTIO_KMTC02,KMT(I),KMT
2510894.2437500004,20.242,0.3832,CTIO_KMTC02,KMT(I),KMT
2510894.2533100005,21.0804,1.0666,CTIO_KMTC02,KMT(I),KMT
2510894.25603,19.6683,0.1825,CTIO_KMTC02,KMT(I),KMT
2510894.9739699997,20.063,0.2047,CTIO_KMTC02,KMT(I),KMT
2510894.9914100002,20.2398,0.2027,CTIO_KMTC02,KMT(I),KMT
2510895.0080699995,20.045,0.1555,CTIO_KMTC02,KMT(I),KMT
2510895.0402700007,20.2178,0.1855,CTIO_KMTC02,KMT(I),KMT
2510895.0572999995,20.2711,0.2037,CTIO_KMTC02,KMT(I),KMT
2510895.07383,20.1204,0.1557,CTIO_KMTC02,KMT(I),KMT
2510895.0928099994,19.9169,0.1239,CTIO_KMTC02,KMT(I),KMT
2510895.1095400006,20.0838,0.1556,CTIO_KMTC02,KMT(I),KMT
2510895.1408399995,20.2225,0.1984,CTIO_KMTC02,KMT(I),KMT
2510895.1449299995,20.4623,0.2558,CTIO_KMTC02,KMT(I),KMT
2510895.1684,20.5187,0.3316,CTIO_KMTC02,KMT(I),KMT
2510895.18819,20.8722,0.4747,CTIO_KMTC02,KMT(I),KMT
2510895.2059499994,20.5115,0.3514,CTIO_KMTC02,KMT(I),KMT
2510895.2231099997,20.0924,0.2544,CTIO_KMTC02,KMT(I),KMT
2510895.2387300003,20.3486,0.3429,CTIO_KMTC02,KMT(I),KMT
2510895.2484099995,20.1711,0.2752,CTIO_KMTC02,KMT(I),KMT
2510895.9831099994,20.7168,0.4003,CTIO_KMTC02,KMT(I),KMT
2510896.0074499995,20.1467,0.1544,CTIO_KMTC02,KMT(I),KMT
2510896.02853,20.3201,0.1865,CTIO_KMTC02,KMT(I),KMT
2510896.04959,20.1964,0.1624,CTIO_KMTC02,KMT(I),KMT
2510896.0673600007,20.4668,0.2112,CTIO_KMTC02,KMT(I),KMT
2510896.0842499994,20.2257,0.3144,CTIO_KMTC02,KMT(I),KMT
2510896.1147600003,18.5503,0.3434,CTIO_KMTC02,KMT(I),KMT
2510896.1409099996,20.5254,0.3543,CTIO_KMTC02,KMT(I),KMT
2510896.1550399996,20.0634,0.1717,CTIO_KMTC02,KMT(I),KMT
2510896.17569,20.3484,0.2832,CTIO_KMTC02,KMT(I),KMT
2510896.19692,20.0119,0.1944,CTIO_KMTC02,KMT(I),KMT
2510896.2178499997,20.5269,0.3159,CTIO_KMTC02,KMT(I),KMT
2510896.24056,20.3224,0.328,CTIO_KMTC02,KMT(I),KMT
2510896.2462600004,20.3883,0.3343,CTIO_KMTC02,KMT(I),KMT
2510896.2543199994,20.7087,0.5508,CTIO_KMTC02,KMT(I),KMT
2510896.9872900005,20.2709,1.022,CTIO_KMTC02,KMT(I),KMT
2510897.0039099995,20.0378,0.1741,CTIO_KMTC02,KMT(I),KMT
2510897.02035,19.4021,1.334,CTIO_KMTC02,KMT(I),KMT
2510897.25222,20.2123,0.2403,CTIO_KMTC02,KMT(I),KMT
2510897.9727299996,20.0982,0.107,CTIO_KMTC02,KMT(I),KMT
2510897.98958,20.2655,0.1109,CTIO_KMTC02,KMT(I),KMT
2510898.0061300006,20.0761,0.0936,CTIO_KMTC02,KMT(I),KMT
2510898.0103600007,19.9477,0.0798,CTIO_KMTC02,KMT(I),KMT
2510898.0303499997,20.1156,0.0857,CTIO_KMTC02,KMT(I),KMT
2510898.0542200003,20.6035,0.5659,CTIO_KMTC02,KMT(I),KMT
2510898.0724100005,20.1808,0.1587,CTIO_KMTC02,KMT(I),KMT
2510898.12364,19.9829,0.1011,CTIO_KMTC02,KMT(I),KMT
2510898.14391,20.0402,0.1048,CTIO_KMTC02,KMT(I),KMT
2510898.1678400002,20.1404,0.1167,CTIO_KMTC02,KMT(I),KMT
2510898.18468,20.1257,0.1198,CTIO_KMTC02,KMT(I),KMT
2510898.1873899996,20.3155,0.1441,CTIO_KMTC02,KMT(I),KMT
2510898.2033600006,19.9273,0.0955,CTIO_KMTC02,KMT(I),KMT
2510898.22026,20.0393,0.1201,CTIO_KMTC02,KMT(I),KMT
2510898.2302599996,20.226,0.1413,CTIO_KMTC02,KMT(I),KMT
2510898.24402,19.7815,0.1251,CTIO_KMTC02,KMT(I),KMT
2510898.9787099995,20.1413,0.128,CTIO_KMTC02,KMT(I),KMT
2510899.05306,20.0245,0.0825,CTIO_KMTC02,KMT(I),KMT
2510899.0696399994,20.1268,0.1017,CTIO_KMTC02,KMT(I),KMT
2510899.08693,20.1012,0.1235,CTIO_KMTC02,KMT(I),KMT
2510899.1035900004,20.1882,0.0953,CTIO_KMTC02,KMT(I),KMT
2510899.1215199996,20.0804,0.0907,CTIO_KMTC02,KMT(I),KMT
2510899.14903,17.6006,0.4879,CTIO_KMTC02,KMT(I),KMT
2510899.16643,19.9859,0.1472,CTIO_KMTC02,KMT(I),KMT
2510899.1867699996,20.5255,0.3596,CTIO_KMTC02,KMT(I),KMT
2510899.2082899995,20.0161,0.1111,CTIO_KMTC02,KMT(I),KMT
2510899.2256899998,20.0674,0.1168,CTIO_KMTC02,KMT(I),KMT
2510899.22853,20.2855,0.1327,CTIO_KMTC02,KMT(I),KMT
2510899.24013,20.1487,0.1377,CTIO_KMTC02,KMT(I),KMT
2510899.97114,20.3861,0.2286,CTIO_KMTC02,KMT(I),KMT
2510899.9920700006,20.0829,0.1471,CTIO_KMTC02,KMT(I),KMT
2510900.0463699996,20.1286,0.1039,CTIO_KMTC02,KMT(I),KMT
2510900.06386,20.0655,0.1235,CTIO_KMTC02,KMT(I),KMT
2510900.08077,20.2506,0.1259,CTIO_KMTC02,KMT(I),KMT
2510900.0977500007,20.376,0.1248,CTIO_KMTC02,KMT(I),KMT
2510900.1212,20.1962,0.1123,CTIO_KMTC02,KMT(I),KMT
2510900.1448999997,20.0928,0.1295,CTIO_KMTC02,KMT(I),KMT
2510900.16168,20.3046,0.1508,CTIO_KMTC02,KMT(I),KMT
2510900.1788100004,19.8974,0.1186,CTIO_KMTC02,KMT(I),KMT
2510900.19871,20.1666,0.1045,CTIO_KMTC02,KMT(I),KMT
2510900.21557,19.9789,0.0832,CTIO_KMTC02,KMT(I),KMT
2510900.2270800006,19.7757,0.104,CTIO_KMTC02,KMT(I),KMT
2510900.2370100003,20.1569,0.1082,CTIO_KMTC02,KMT(I),KMT
2510900.9892299995,20.0076,0.0747,CTIO_KMTC02,KMT(I),KMT
2510901.0317,20.1279,0.0819,CTIO_KMTC02,KMT(I),KMT
2510901.0487200003,20.1616,0.0944,CTIO_KMTC02,KMT(I),KMT
2510901.06547,20.0007,0.0714,CTIO_KMTC02,KMT(I),KMT
2510901.0819700006,19.9895,0.0742,CTIO_KMTC02,KMT(I),KMT
2510901.1088299993,19.9903,0.1158,CTIO_KMTC02,KMT(I),KMT
2510901.12541,19.9734,0.0756,CTIO_KMTC02,KMT(I),KMT
2510901.1465300005,20.1509,0.1029,CTIO_KMTC02,KMT(I),KMT
2510901.1684799995,19.9756,0.0847,CTIO_KMTC02,KMT(I),KMT
2510901.1855500005,20.1896,0.1257,CTIO_KMTC02,KMT(I),KMT
2510901.20598,20.1983,0.1208,CTIO_KMTC02,KMT(I),KMT
2510901.23283,19.8634,0.1038,CTIO_KMTC02,KMT(I),KMT
2510901.2383200005,19.985,0.1165,CTIO_KMTC02,KMT(I),KMT
2510901.9708699994,20.4363,0.2962,CTIO_KMTC02,KMT(I),KMT
2510901.98824,19.8214,0.1362,CTIO_KMTC02,KMT(I),KMT
2510901.9955199994,20.1428,0.1174,CTIO_KMTC02,KMT(I),KMT
2510902.03747,20.1394,0.0964,CTIO_KMTC02,KMT(I),KMT
2510902.0546899997,20.1898,0.1239,CTIO_KMTC02,KMT(I),KMT
2510902.07522,20.0623,0.1213,CTIO_KMTC02,KMT(I),KMT
2510902.0986899994,20.277,0.1745,CTIO_KMTC02,KMT(I),KMT
2510902.11689,20.3247,0.2154,CTIO_KMTC02,KMT(I),KMT
2510902.1341500003,19.0967,0.0844,CTIO_KMTC02,KMT(I),KMT
2510902.1533499993,19.9842,0.1374,CTIO_KMTC02,KMT(I),KMT
2510902.1560699996,20.3844,0.1914,CTIO_KMTC02,KMT(I),KMT
2510902.1715900004,20.023,0.1452,CTIO_KMTC02,KMT(I),KMT
2510902.1984599996,20.2711,0.2019,CTIO_KMTC02,KMT(I),KMT
2510902.21578,20.3146,0.2015,CTIO_KMTC02,KMT(I),KMT
2510902.2203400005,19.7806,0.1391,CTIO_KMTC02,KMT(I),KMT
2510902.2365300003,19.3731,0.1843,CTIO_KMTC02,KMT(I),KMT
2510903.0830000006,19.8141,0.1269,CTIO_KMTC02,KMT(I),KMT
2510903.09978,19.9094,0.1439,CTIO_KMTC02,KMT(I),KMT
2510903.1521499995,20.0027,0.1827,CTIO_KMTC02,KMT(I),KMT
2510903.1590800006,19.0123,0.0817,CTIO_KMTC02,KMT(I),KMT
2510903.18413,20.2865,0.2253,CTIO_KMTC02,KMT(I),KMT
2510903.2026000004,20.0739,0.166,CTIO_KMTC02,KMT(I),KMT
2510903.21641,20.1478,0.1738,CTIO_KMTC02,KMT(I),KMT
2510903.22614,20.927,0.3964,CTIO_KMTC02,KMT(I),KMT
2510903.98101,20.309,0.1786,CTIO_KMTC02,KMT(I),KMT
2510903.9994200002,20.1048,0.1151,CTIO_KMTC02,KMT(I),KMT
2510904.03677,20.2673,0.1642,CTIO_KMTC02,KMT(I),KMT
2510904.04091,20.0046,0.137,CTIO_KMTC02,KMT(I),KMT
2510904.06362,19.6755,0.131,CTIO_KMTC02,KMT(I),KMT
2510904.0870200004,20.226,0.1765,CTIO_KMTC02,KMT(I),KMT
2510904.10353,20.2793,0.1677,CTIO_KMTC02,KMT(I),KMT
2510904.12043,20.0746,0.1072,CTIO_KMTC02,KMT(I),KMT
2510904.1251100004,20.0454,0.107,CTIO_KMTC02,KMT(I),KMT
2510904.14056,20.1721,0.1379,CTIO_KMTC02,KMT(I),KMT
2510904.1609700006,19.5962,0.1212,CTIO_KMTC02,KMT(I),KMT
2510904.1849799994,19.9766,0.1341,CTIO_KMTC02,KMT(I),KMT
2510904.2022699993,19.9039,0.1459,CTIO_KMTC02,KMT(I),KMT
2510904.2163699996,19.8627,0.144,CTIO_KMTC02,KMT(I),KMT
2510904.22645,20.2608,0.1965,CTIO_KMTC02,KMT(I),KMT
2510904.9720399994,19.912,0.1885,CTIO_KMTC02,KMT(I),KMT
2510904.9890599996,20.24,0.1927,CTIO_KMTC02,KMT(I),KMT
2510905.02805,19.728,0.1374,CTIO_KMTC02,KMT(I),KMT
2510905.04471,19.683,0.115,CTIO_KMTC02,KMT(I),KMT
2510905.07391,20.2584,0.1927,CTIO_KMTC02,KMT(I),KMT
2510905.09143,20.2605,0.1712,CTIO_KMTC02,KMT(I),KMT
2510905.1123200003,20.3378,0.253,CTIO_KMTC02,KMT(I),KMT
2510905.12892,19.5028,0.1255,CTIO_KMTC02,KMT(I),KMT
2510905.14886,19.5386,0.1193,CTIO_KMTC02,KMT(I),KMT
2510905.1800800003,20.3785,0.2944,CTIO_KMTC02,KMT(I),KMT
2510905.2075299993,19.5871,0.1448,CTIO_KMTC02,KMT(I),KMT
2510905.2144399993,18.7266,0.0793,CTIO_KMTC02,KMT(I),KMT
2510905.2256899998,18.5787,0.0678,CTIO_KMTC02,KMT(I),KMT
2510906.97843,20.5069,0.292,CTIO_KMTC02,KMT(I),KMT
2510906.99541,20.3959,0.24,CTIO_KMTC02,KMT(I),KMT
2510907.01234,19.9702,0.1337,CTIO_KMTC02,KMT(I),KMT
2510907.0290900003,20.271,0.1671,CTIO_KMTC02,KMT(I),KMT
2510907.0510399994,20.2036,0.1652,CTIO_KMTC02,KMT(I),KMT
2510907.0749500003,20.0224,0.1264,CTIO_KMTC02,KMT(I),KMT
2510907.0950300004,20.1044,0.1373,CTIO_KMTC02,KMT(I),KMT
2510907.1117700003,20.2429,0.163,CTIO_KMTC02,KMT(I),KMT
2510907.1303700004,20.5583,0.2232,CTIO_KMTC02,KMT(I),KMT
2510907.14932,20.2448,0.167,CTIO_KMTC02,KMT(I),KMT
2510907.1770200003,20.1472,0.1395,CTIO_KMTC02,KMT(I),KMT
2510907.1935900003,20.2304,0.1599,CTIO_KMTC02,KMT(I),KMT
2510907.20349,20.3261,0.2535,CTIO_KMTC02,KMT(I),KMT
2510907.21325,19.6047,0.4622,CTIO_KMTC02,KMT(I),KMT
2510907.9859800003,19.7096,0.4456,CTIO_KMTC02,KMT(I),KMT
2510908.00287,20.0321,0.1392,CTIO_KMTC02,KMT(I),KMT
2510908.02166,20.0097,0.1177,CTIO_KMTC02,KMT(I),KMT
2510908.04983,20.0687,0.1159,CTIO_KMTC02,KMT(I),KMT
2510908.06838,20.3118,0.165,CTIO_KMTC02,KMT(I),KMT
2510908.0857500006,20.107,0.1109,CTIO_KMTC02,KMT(I),KMT
2510908.10243,20.1866,0.1147,CTIO_KMTC02,KMT(I),KMT
2510908.1225300003,20.1128,0.1265,CTIO_KMTC02,KMT(I),KMT
2510908.1432600003,20.0079,0.095,CTIO_KMTC02,KMT(I),KMT
2510908.1689999998,20.196,0.1536,CTIO_KMTC02,KMT(I),KMT
2510908.1861700006,20.1462,0.1158,CTIO_KMTC02,KMT(I),KMT
2510908.2036000006,17.0662,1.1918,CTIO_KMTC02,KMT(I),KMT
2510910.98042,20.0741,0.1641,CTIO_KMTC02,KMT(I),KMT
2510911.00636,20.2847,0.1682,CTIO_KMTC02,KMT(I),KMT
2510911.0299699996,20.3003,0.1758,CTIO_KMTC02,KMT(I),KMT
2510911.0482800007,20.3227,0.1775,CTIO_KMTC02,KMT(I),KMT
2510911.0653099995,20.0953,0.1475,CTIO_KMTC02,KMT(I),KMT
2510911.0821700003,20.0517,0.1312,CTIO_KMTC02,KMT(I),KMT
2510911.0987800006,20.1364,0.1477,CTIO_KMTC02,KMT(I),KMT
2510911.12914,20.3027,0.1946,CTIO_KMTC02,KMT(I),KMT
2510911.14714,20.4109,0.2003,CTIO_KMTC02,KMT(I),KMT
2510911.1651,20.066,0.1744,CTIO_KMTC02,KMT(I),KMT
2510911.1824200004,20.0176,0.1543,CTIO_KMTC02,KMT(I),KMT
2510911.19637,20.303,0.2058,CTIO_KMTC02,KMT(I),KMT
2510911.20612,19.9533,0.1725,CTIO_KMTC02,KMT(I),KMT
2510911.97906,20.2933,0.1768,CTIO_KMTC02,KMT(I),KMT
2510912.0064000003,20.24,0.1535,CTIO_KMTC02,KMT(I),KMT
2510912.0254500005,20.071,0.1142,CTIO_KMTC02,KMT(I),KMT
2510912.0421399996,20.1865,0.1333,CTIO_KMTC02,KMT(I),KMT
2510912.05913,20.1264,0.1131,CTIO_KMTC02,KMT(I),KMT
2510912.0759200007,20.1471,0.1108,CTIO_KMTC02,KMT(I),KMT
2510912.0975100007,20.0494,0.1128,CTIO_KMTC02,KMT(I),KMT
2510912.1210399996,20.5045,0.2079,CTIO_KMTC02,KMT(I),KMT
2510912.13798,20.2782,0.158,CTIO_KMTC02,KMT(I),KMT
2510912.15462,20.1622,0.1605,CTIO_KMTC02,KMT(I),KMT
2510912.17155,20.1046,0.1445,CTIO_KMTC02,KMT(I),KMT
2510912.1946600005,17.74,0.0417,CTIO_KMTC02,KMT(I),KMT
2510912.2097500004,19.4965,0.1105,CTIO_KMTC02,KMT(I),KMT
2510912.9753600005,19.8477,0.1145,CTIO_KMTC02,KMT(I),KMT
2510913.00203,20.0695,0.1004,CTIO_KMTC02,KMT(I),KMT
2510913.0041499995,20.1372,0.0977,CTIO_KMTC02,KMT(I),KMT
2510913.0216499995,20.2685,0.1069,CTIO_KMTC02,KMT(I),KMT
2510913.03835,20.005,0.0908,CTIO_KMTC02,KMT(I),KMT
2510913.0614599995,20.1034,0.1189,CTIO_KMTC02,KMT(I),KMT
2510913.07847,19.9959,0.0845,CTIO_KMTC02,KMT(I),KMT
2510913.1091399994,20.11,0.1236,CTIO_KMTC02,KMT(I),KMT
2510913.1260599997,20.1345,0.1084,CTIO_KMTC02,KMT(I),KMT
2510913.14327,20.0679,0.0857,CTIO_KMTC02,KMT(I),KMT
2510913.1600599997,20.2747,0.1152,CTIO_KMTC02,KMT(I),KMT
2510913.1772300005,20.2179,0.1338,CTIO_KMTC02,KMT(I),KMT
2510913.1842100006,20.3204,0.1341,CTIO_KMTC02,KMT(I),KMT
2510913.1940199994,20.1285,0.1104,CTIO_KMTC02,KMT(I),KMT
2510913.97061,19.9301,0.1991,CTIO_KMTC02,KMT(I),KMT
2510913.99813,20.0542,0.0935,CTIO_KMTC02,KMT(I),KMT
2510914.0147200003,20.1246,0.0894,CTIO_KMTC02,KMT(I),KMT
2510914.03319,20.0748,0.0907,CTIO_KMTC02,KMT(I),KMT
2510914.0494800005,20.0178,0.0828,CTIO_KMTC02,KMT(I),KMT
2510914.06642,20.1429,0.0969,CTIO_KMTC02,KMT(I),KMT
2510914.0897199996,20.0919,0.098,CTIO_KMTC02,KMT(I),KMT
2510914.11355,20.0469,0.1017,CTIO_KMTC02,KMT(I),KMT
2510914.13519,20.0006,0.0961,CTIO_KMTC02,KMT(I),KMT
2510914.15223,20.1747,0.1162,CTIO_KMTC02,KMT(I),KMT
2510914.17346,20.4274,0.1572,CTIO_KMTC02,KMT(I),KMT
2510914.19424,20.0332,0.1085,CTIO_KMTC02,KMT(I),KMT
2510914.20024,20.0908,0.1198,CTIO_KMTC02,KMT(I),KMT
2510914.2075299993,20.1548,0.2164,CTIO_KMTC02,KMT(I),KMT
2510914.9738599993,20.0833,0.1242,CTIO_KMTC02,KMT(I),KMT
2510914.9992500003,20.1047,0.0751,CTIO_KMTC02,KMT(I),KMT
2510915.01815,20.105,0.08,CTIO_KMTC02,KMT(I),KMT
2510915.03488,20.0402,0.0799,CTIO_KMTC02,KMT(I),KMT
2510915.05396,20.0521,0.0782,CTIO_KMTC02,KMT(I),KMT
2510915.07221,20.0747,0.0907,CTIO_KMTC02,KMT(I),KMT
2510915.10061,20.13,0.0988,CTIO_KMTC02,KMT(I),KMT
2510915.1174800005,19.9886,0.0814,CTIO_KMTC02,KMT(I),KMT
2510915.1340200007,20.1922,0.1117,CTIO_KMTC02,KMT(I),KMT
2510915.1510700006,20.129,0.0983,CTIO_KMTC02,KMT(I),KMT
2510915.16796,20.061,0.1003,CTIO_KMTC02,KMT(I),KMT
2510915.1919800006,20.0009,0.1041,CTIO_KMTC02,KMT(I),KMT
2510915.20194,20.4522,0.1839,CTIO_KMTC02,KMT(I),KMT
2510915.98862,20.1706,0.1025,CTIO_KMTC02,KMT(I),KMT
2510916.00574,20.1137,0.0993,CTIO_KMTC02,KMT(I),KMT
2510916.0271700006,20.2087,0.111,CTIO_KMTC02,KMT(I),KMT
2510916.0438,20.0951,0.1085,CTIO_KMTC02,KMT(I),KMT
2510916.0606999993,20.2079,0.1715,CTIO_KMTC02,KMT(I),KMT
2510916.08094,20.276,0.1789,CTIO_KMTC02,KMT(I),KMT
2510916.10635,20.2791,0.1542,CTIO_KMTC02,KMT(I),KMT
2510916.1229800005,20.036,0.1089,CTIO_KMTC02,KMT(I),KMT
2510916.1420600004,20.1012,0.1061,CTIO_KMTC02,KMT(I),KMT
2510916.15855,20.4309,0.1739,CTIO_KMTC02,KMT(I),KMT
2510916.17903,20.2496,0.1561,CTIO_KMTC02,KMT(I),KMT
2510916.1868699994,20.1817,0.1474,CTIO_KMTC02,KMT(I),KMT
2510916.1969099995,20.3227,0.1667,CTIO_KMTC02,KMT(I),KMT
2510918.9753099997,17.9059,0.0548,CTIO_KMTC02,KMT(I),KMT
2510919.03811,20.4286,0.5102,CTIO_KMTC02,KMT(I),KMT
2510919.05523,20.3648,0.4514,CTIO_KMTC02,KMT(I),KMT
2510919.0740900002,20.161,0.3377,CTIO_KMTC02,KMT(I),KMT
2510919.0912800003,20.0717,0.3579,CTIO_KMTC02,KMT(I),KMT
2510919.10874,20.6412,0.5682,CTIO_KMTC02,KMT(I),KMT
2510919.13657,20.7945,0.66,CTIO_KMTC02,KMT(I),KMT
2510919.15362,19.98,0.2721,CTIO_KMTC02,KMT(I),KMT
2510919.1707700007,18.9525,0.1275,CTIO_KMTC02,KMT(I),KMT
2510919.18071,18.9032,0.203,CTIO_KMTC02,KMT(I),KMT
2510920.97365,19.9851,0.3213,CTIO_KMTC02,KMT(I),KMT
2510920.99352,20.7318,0.7012,CTIO_KMTC02,KMT(I),KMT
2510921.01073,19.8884,0.2002,CTIO_KMTC02,KMT(I),KMT
2510921.0305199996,20.1895,0.2758,CTIO_KMTC02,KMT(I),KMT
2510921.052,19.7228,0.1689,CTIO_KMTC02,KMT(I),KMT
2510921.07941,20.1422,0.2454,CTIO_KMTC02,KMT(I),KMT
2510921.0962199997,19.8791,0.1899,CTIO_KMTC02,KMT(I),KMT
2510921.1135600004,20.0559,0.2608,CTIO_KMTC02,KMT(I),KMT
2510921.1304,20.7897,0.9185,CTIO_KMTC02,KMT(I),KMT
2510921.14707,20.5037,1.5395,CTIO_KMTC02,KMT(I),KMT
2510921.16818,20.5873,0.6169,CTIO_KMTC02,KMT(I),KMT
2510921.1709000003,19.6415,0.3208,CTIO_KMTC02,KMT(I),KMT
2510921.18037,18.2595,0.5956,CTIO_KMTC02,KMT(I),KMT
2510921.98106,20.0555,0.2758,CTIO_KMTC02,KMT(I),KMT
2510921.98551,19.7319,0.189,CTIO_KMTC02,KMT(I),KMT
2510922.02513,20.5606,1.1984,CTIO_KMTC02,KMT(I),KMT
2510922.04356,20.1823,3.3035,CTIO_KMTC02,KMT(I),KMT
2510922.0808300003,17.9544,1.5031,CTIO_KMTC02,KMT(I),KMT
2510922.1094700005,18.9721,0.781,CTIO_KMTC02,KMT(I),KMT
2510922.1441200003,20.1723,0.2305,CTIO_KMTC02,KMT(I),KMT
2510922.16118,20.4179,0.3103,CTIO_KMTC02,KMT(I),KMT
2510922.16866,20.9699,0.6396,CTIO_KMTC02,KMT(I),KMT
2510922.1786700003,20.4308,0.2885,CTIO_KMTC02,KMT(I),KMT
2510922.97511,19.401,0.1848,CTIO_KMTC02,KMT(I),KMT
2510922.9920000006,19.3009,0.1045,CTIO_KMTC02,KMT(I),KMT
2510923.02121,19.7784,0.16,CTIO_KMTC02,KMT(I),KMT
2510923.03814,19.9861,0.1858,CTIO_KMTC02,KMT(I),KMT
2510923.05494,20.0729,0.2071,CTIO_KMTC02,KMT(I),KMT
2510923.07213,20.1335,0.2014,CTIO_KMTC02,KMT(I),KMT
2510923.0899,20.198,0.1862,CTIO_KMTC02,KMT(I),KMT
2510923.11728,20.0712,0.1839,CTIO_KMTC02,KMT(I),KMT
2510923.1342900004,20.4723,0.261,CTIO_KMTC02,KMT(I),KMT
2510923.15309,19.9344,0.1835,CTIO_KMTC02,KMT(I),KMT
2510923.1573,21.1793,0.8846,CTIO_KMTC02,KMT(I),KMT
2510923.16701,20.5412,0.4133,CTIO_KMTC02,KMT(I),KMT
2510923.9754,20.0693,0.2429,CTIO_KMTC02,KMT(I),KMT
2510923.99278,20.2297,0.1565,CTIO_KMTC02,KMT(I),KMT
2510924.01215,20.0215,0.1274,CTIO_KMTC02,KMT(I),KMT
2510924.0364500005,20.0832,0.1074,CTIO_KMTC02,KMT(I),KMT
2510924.06094,20.2527,0.1247,CTIO_KMTC02,KMT(I),KMT
2510924.0778899994,20.0114,0.1037,CTIO_KMTC02,KMT(I),KMT
2510924.09483,20.0027,0.1141,CTIO_KMTC02,KMT(I),KMT
2510924.1115700006,20.0512,0.1318,CTIO_KMTC02,KMT(I),KMT
2510924.13148,19.9845,0.1325,CTIO_KMTC02,KMT(I),KMT
2510924.15809,19.9559,0.1775,CTIO_KMTC02,KMT(I),KMT
2510924.1678299997,20.1759,0.2855,CTIO_KMTC02,KMT(I),KMT
2510924.9838699996,20.3245,0.1754,CTIO_KMTC02,KMT(I),KMT
2510925.00007,20.0934,0.1213,CTIO_KMTC02,KMT(I),KMT
2510925.0180099998,20.1876,0.1336,CTIO_KMTC02,KMT(I),KMT
2510925.03646,20.1119,0.1308,CTIO_KMTC02,KMT(I),KMT
2510925.0536,20.1573,0.1486,CTIO_KMTC02,KMT(I),KMT
2510925.0811100006,20.3002,0.2004,CTIO_KMTC02,KMT(I),KMT
2510925.0984300002,20.0769,0.1822,CTIO_KMTC02,KMT(I),KMT
2510925.1151899993,20.0621,0.2046,CTIO_KMTC02,KMT(I),KMT
2510925.1318800002,20.3818,0.2284,CTIO_KMTC02,KMT(I),KMT
2510925.1485900003,19.5603,0.1312,CTIO_KMTC02,KMT(I),KMT
2510925.1571699996,19.9824,0.1608,CTIO_KMTC02,KMT(I),KMT
2510925.16713,20.4412,0.3815,CTIO_KMTC02,KMT(I),KMT
2510925.9749800004,18.2452,0.2508,CTIO_KMTC02,KMT(I),KMT
2510926.00598,20.2379,0.2014,CTIO_KMTC02,KMT(I),KMT
2510926.0303499997,19.9408,0.1765,CTIO_KMTC02,KMT(I),KMT
2510926.04736,18.9288,0.0976,CTIO_KMTC02,KMT(I),KMT
2510926.0640699994,18.898,0.0828,CTIO_KMTC02,KMT(I),KMT
2510926.08108,19.6558,0.1449,CTIO_KMTC02,KMT(I),KMT
2510926.10109,19.3491,0.1225,CTIO_KMTC02,KMT(I),KMT
2510926.1251299996,18.527,0.0728,CTIO_KMTC02,KMT(I),KMT
2510926.1435899995,18.8278,0.1241,CTIO_KMTC02,KMT(I),KMT
2510926.1563799996,18.1867,0.0686,CTIO_KMTC02,KMT(I),KMT
2510926.1663799994,17.8631,0.0663,CTIO_KMTC02,KMT(I),KMT
2510926.9767899998,20.1567,0.1865,CTIO_KMTC02,KMT(I),KMT
2510926.9935800005,20.21,0.1479,CTIO_KMTC02,KMT(I),KMT
2510927.0104600005,19.9053,0.0874,CTIO_KMTC02,KMT(I),KMT
2510927.0274400003,20.0932,0.0935,CTIO_KMTC02,KMT(I),KMT
2510927.0547599997,20.1815,0.1153,CTIO_KMTC02,KMT(I),KMT
2510927.0731300004,20.0592,0.0986,CTIO_KMTC02,KMT(I),KMT
2510927.0910899993,20.0402,0.097,CTIO_KMTC02,KMT(I),KMT
2510927.1099200007,20.2567,0.145,CTIO_KMTC02,KMT(I),KMT
2510927.12718,20.0466,0.1225,CTIO_KMTC02,KMT(I),KMT
2510927.1488700006,20.0857,0.1357,CTIO_KMTC02,KMT(I),KMT
2510927.1588199995,20.1593,0.1674,CTIO_KMTC02,KMT(I),KMT
2510927.99515,20.0988,0.1163,CTIO_KMTC02,KMT(I),KMT
2510928.01824,20.0179,0.08,CTIO_KMTC02,KMT(I),KMT
2510928.0403700005,20.1441,0.1111,CTIO_KMTC02,KMT(I),KMT
2510928.0575,20.1055,0.1085,CTIO_KMTC02,KMT(I),KMT
2510928.07402,20.0841,0.108,CTIO_KMTC02,KMT(I),KMT
2510928.09432,20.0919,0.1097,CTIO_KMTC02,KMT(I),KMT
2510928.11998,20.1619,0.1368,CTIO_KMTC02,KMT(I),KMT
2510928.13645,20.4957,0.2013,CTIO_KMTC02,KMT(I),KMT
2510928.14611,19.9553,0.1287,CTIO_KMTC02,KMT(I),KMT
2510928.15646,19.9874,0.1317,CTIO_KMTC02,KMT(I),KMT
2510928.98673,20.1445,0.1142,CTIO_KMTC02,KMT(I),KMT
2510929.0048699994,20.1919,0.1154,CTIO_KMTC02,KMT(I),KMT
2510929.02489,20.1785,0.1348,CTIO_KMTC02,KMT(I),KMT
2510929.0484500006,20.0204,0.1144,CTIO_KMTC02,KMT(I),KMT
2510929.0557499994,20.1872,0.1431,CTIO_KMTC02,KMT(I),KMT
2510929.0723899994,19.9405,0.1205,CTIO_KMTC02,KMT(I),KMT
2510929.08918,20.1597,0.1544,CTIO_KMTC02,KMT(I),KMT
2510929.1055299994,19.5271,0.1024,CTIO_KMTC02,KMT(I),KMT
2510929.12232,19.9691,0.1245,CTIO_KMTC02,KMT(I),KMT
2510929.1465600003,19.7285,0.1116,CTIO_KMTC02,KMT(I),KMT
2510929.1562799998,20.5969,0.289,CTIO_KMTC02,KMT(I),KMT
2510929.99699,19.8766,0.0915,CTIO_KMTC02,KMT(I),KMT
2510930.0162499994,20.0441,0.1182,CTIO_KMTC02,KMT(I),KMT
2510930.0347499996,20.2362,0.128,CTIO_KMTC02,KMT(I),KMT
2510930.0518999994,20.2322,0.1283,CTIO_KMTC02,KMT(I),KMT
2510930.07063,20.1133,0.1355,CTIO_KMTC02,KMT(I),KMT
2510930.0993600003,20.4489,0.1974,CTIO_KMTC02,KMT(I),KMT
2510930.1210699994,19.9821,0.1161,CTIO_KMTC02,KMT(I),KMT
2510930.13793,20.3214,0.2072,CTIO_KMTC02,KMT(I),KMT
2510930.14095,20.2369,0.1676,CTIO_KMTC02,KMT(I),KMT
2510930.1512700003,20.0872,0.1408,CTIO_KMTC02,KMT(I),KMT
2510930.9778000005,20.0266,0.353,CTIO_KMTC02,KMT(I),KMT
2510930.99653,20.1874,0.1677,CTIO_KMTC02,KMT(I),KMT
2510931.0273400005,20.3164,0.1248,CTIO_KMTC02,KMT(I),KMT
2510931.04816,20.0608,0.1523,CTIO_KMTC02,KMT(I),KMT
2510931.07524,19.9976,0.2046,CTIO_KMTC02,KMT(I),KMT
2510931.09191,19.9702,0.1828,CTIO_KMTC02,KMT(I),KMT
2510931.10891,19.9104,0.3585,CTIO_KMTC02,KMT(I),KMT
2510931.12579,20.3676,0.1965,CTIO_KMTC02,KMT(I),KMT
2510931.12863,20.0548,0.2274,CTIO_KMTC02,KMT(I),KMT
2510931.1397600006,20.0914,0.4213,CTIO_KMTC02,KMT(I),KMT
2510931.14946,19.8959,0.2936,CTIO_KMTC02,KMT(I),KMT
2510931.9913800005,20.2533,0.1215,CTIO_KMTC02,KMT(I),KMT
2510932.0153100006,19.9662,0.0871,CTIO_KMTC02,KMT(I),KMT
2510932.0322399996,20.1163,0.1086,CTIO_KMTC02,KMT(I),KMT
2510932.0513000004,20.2951,0.1603,CTIO_KMTC02,KMT(I),KMT
2510932.07737,20.1742,0.1196,CTIO_KMTC02,KMT(I),KMT
2510932.09626,20.0666,0.1181,CTIO_KMTC02,KMT(I),KMT
2510932.1233900003,20.1684,0.1234,CTIO_KMTC02,KMT(I),KMT
2510932.14162,20.5851,0.2495,CTIO_KMTC02,KMT(I),KMT
2510932.1514299996,20.2368,0.1723,CTIO_KMTC02,KMT(I),KMT
2510932.97829,20.2481,0.2117,CTIO_KMTC02,KMT(I),KMT
2510932.99495,20.0337,0.0799,CTIO_KMTC02,KMT(I),KMT
2510933.01318,19.9528,0.0767,CTIO_KMTC02,KMT(I),KMT
2510933.0303499997,20.037,0.087,CTIO_KMTC02,KMT(I),KMT
2510933.0584699996,19.977,0.0846,CTIO_KMTC02,KMT(I),KMT
2510933.0771900006,19.9864,0.0935,CTIO_KMTC02,KMT(I),KMT
2510933.0953899994,20.2063,0.1189,CTIO_KMTC02,KMT(I),KMT
2510933.11211,20.0614,0.1162,CTIO_KMTC02,KMT(I),KMT
2510933.1318699997,20.1323,0.1336,CTIO_KMTC02,KMT(I),KMT
2510933.14167,20.1515,0.1565,CTIO_KMTC02,KMT(I),KMT
2510933.98171,20.0896,0.1694,CTIO_KMTC02,KMT(I),KMT
2510934.0069200005,20.1778,0.1017,CTIO_KMTC02,KMT(I),KMT
2510934.03087,20.0917,0.0994,CTIO_KMTC02,KMT(I),KMT
2510934.0475500003,19.938,0.0853,CTIO_KMTC02,KMT(I),KMT
2510934.06427,20.0424,0.088,CTIO_KMTC02,KMT(I),KMT
2510934.08084,20.0017,0.0857,CTIO_KMTC02,KMT(I),KMT
2510934.10126,20.1226,0.1159,CTIO_KMTC02,KMT(I),KMT
2510934.12507,20.0626,0.1119,CTIO_KMTC02,KMT(I),KMT
2510934.13055,20.3097,0.1516,CTIO_KMTC02,KMT(I),KMT
2510934.1442600004,20.1168,0.1285,CTIO_KMTC02,KMT(I),KMT
2510934.9780599996,20.3057,0.42,CTIO_KMTC02,KMT(I),KMT
2510934.9951,19.9536,0.0706,CTIO_KMTC02,KMT(I),KMT
2510935.0120199993,20.0995,0.084,CTIO_KMTC02,KMT(I),KMT
2510935.03194,20.0346,0.0915,CTIO_KMTC02,KMT(I),KMT
2510935.04825,20.1134,0.0831,CTIO_KMTC02,KMT(I),KMT
2510935.0751399994,19.967,0.0898,CTIO_KMTC02,KMT(I),KMT
2510935.0917000007,20.1435,0.1503,CTIO_KMTC02,KMT(I),KMT
2510935.1091399994,20.2732,0.4803,CTIO_KMTC02,KMT(I),KMT
2510935.1262599993,20.036,0.1394,CTIO_KMTC02,KMT(I),KMT
2510935.13167,20.0697,0.1168,CTIO_KMTC02,KMT(I),KMT
2510935.14453,20.3423,0.1625,CTIO_KMTC02,KMT(I),KMT
2510935.9795500003,19.8684,0.2523,CTIO_KMTC02,KMT(I),KMT
2510935.99653,20.1482,0.119,CTIO_KMTC02,KMT(I),KMT
2510936.0241400003,20.0554,0.0865,CTIO_KMTC02,KMT(I),KMT
2510936.0408200007,19.9405,0.0904,CTIO_KMTC02,KMT(I),KMT
2510936.0576600004,20.0874,0.0921,CTIO_KMTC02,KMT(I),KMT
2510936.0744400006,20.2289,0.1526,CTIO_KMTC02,KMT(I),KMT
2510936.0911800005,20.1506,0.1145,CTIO_KMTC02,KMT(I),KMT
2510936.11178,20.1649,0.1191,CTIO_KMTC02,KMT(I),KMT
2510936.1347000003,20.1967,0.1366,CTIO_KMTC02,KMT(I),KMT
2510936.1386200003,20.0523,0.1343,CTIO_KMTC02,KMT(I),KMT
2510936.98635,20.2982,0.1514,CTIO_KMTC02,KMT(I),KMT
2510937.0033299997,20.1381,0.1137,CTIO_KMTC02,KMT(I),KMT
2510937.0203300007,20.1162,0.1089,CTIO_KMTC02,KMT(I),KMT
2510937.0401099995,20.265,0.1283,CTIO_KMTC02,KMT(I),KMT
2510937.06539,19.8938,0.0794,CTIO_KMTC02,KMT(I),KMT
2510937.0818499997,20.2902,0.1461,CTIO_KMTC02,KMT(I),KMT
2510937.09884,20.2613,0.1616,CTIO_KMTC02,KMT(I),KMT
2510937.11979,20.1492,0.1114,CTIO_KMTC02,KMT(I),KMT
2510937.12981,20.7016,0.2881,CTIO_KMTC02,KMT(I),KMT
2510937.14291,18.2217,0.1839,CTIO_KMTC02,KMT(I),KMT
2510937.9912800007,20.1245,0.3563,CTIO_KMTC02,KMT(I),KMT
2510938.0201399997,20.0418,0.3792,CTIO_KMTC02,KMT(I),KMT
2510938.03649,19.8344,0.2878,CTIO_KMTC02,KMT(I),KMT
2510938.05301,20.178,0.2231,CTIO_KMTC02,KMT(I),KMT
2510938.0702599995,19.6136,0.2759,CTIO_KMTC02,KMT(I),KMT
2510938.07295,20.4689,0.2585,CTIO_KMTC02,KMT(I),KMT
2510938.1219500005,19.9681,0.1998,CTIO_KMTC02,KMT(I),KMT
2510938.1262500007,20.5895,0.3149,CTIO_KMTC02,KMT(I),KMT
2510938.13628,18.1411,0.5146,CTIO_KMTC02,KMT(I),KMT
2510938.97985,19.9654,0.2577,CTIO_KMTC02,KMT(I),KMT
2510939.00347,19.5995,0.1242,CTIO_KMTC02,KMT(I),KMT
2510939.0206000004,19.876,0.1358,CTIO_KMTC02,KMT(I),KMT
2510939.03797,20.2022,0.1735,CTIO_KMTC02,KMT(I),KMT
2510939.0555099994,20.1588,0.1647,CTIO_KMTC02,KMT(I),KMT
2510939.0757800005,20.5535,0.2691,CTIO_KMTC02,KMT(I),KMT
2510939.0993099995,19.4562,0.113,CTIO_KMTC02,KMT(I),KMT
2510939.1160400007,19.6014,0.1212,CTIO_KMTC02,KMT(I),KMT
2510939.1216899995,19.6829,0.1337,CTIO_KMTC02,KMT(I),KMT
2510939.13141,19.6632,0.1315,CTIO_KMTC02,KMT(I),KMT
2510939.9779199995,20.5472,0.6904,CTIO_KMTC02,KMT(I),KMT
2510939.9962399993,19.9948,0.1454,CTIO_KMTC02,KMT(I),KMT
2510940.01346,20.2434,0.1861,CTIO_KMTC02,KMT(I),KMT
2510940.03022,20.1235,0.1555,CTIO_KMTC02,KMT(I),KMT
2510940.0579700004,20.1003,0.1617,CTIO_KMTC02,KMT(I),KMT
2510940.0750600006,19.8995,0.1391,CTIO_KMTC02,KMT(I),KMT
2510940.0921,19.7975,0.1256,CTIO_KMTC02,KMT(I),KMT
2510940.10912,19.7062,0.1361,CTIO_KMTC02,KMT(I),KMT
2510940.1194,19.84,0.1684,CTIO_KMTC02,KMT(I),KMT
2510940.1292899996,19.3834,0.1182,CTIO_KMTC02,KMT(I),KMT
2510940.98804,20.0658,0.1953,CTIO_KMTC02,KMT(I),KMT
2510941.0164,19.9236,0.2377,CTIO_KMTC02,KMT(I),KMT
2510941.0329100005,20.2295,0.127,CTIO_KMTC02,KMT(I),KMT
2510941.0509200003,20.3975,0.1724,CTIO_KMTC02,KMT(I),KMT
2510941.0675300006,19.9129,0.1011,CTIO_KMTC02,KMT(I),KMT
2510941.08691,20.0419,0.093,CTIO_KMTC02,KMT(I),KMT
2510941.1071300004,20.1703,0.1359,CTIO_KMTC02,KMT(I),KMT
2510941.11116,19.912,0.0841,CTIO_KMTC02,KMT(I),KMT
2510941.1209200006,20.1275,0.1436,CTIO_KMTC02,KMT(I),KMT
2510941.99605,20.0876,0.1144,CTIO_KMTC02,KMT(I),KMT
2510942.0199500006,20.2266,0.1223,CTIO_KMTC02,KMT(I),KMT
2510942.03668,20.1499,0.1073,CTIO_KMTC02,KMT(I),KMT
2510942.05346,19.9768,0.0906,CTIO_KMTC02,KMT(I),KMT
2510942.07433,20.1141,0.1172,CTIO_KMTC02,KMT(I),KMT
2510942.0944299996,20.1881,0.1315,CTIO_KMTC02,KMT(I),KMT
2510942.11422,20.1332,0.1338,CTIO_KMTC02,KMT(I),KMT
2510942.1244600005,20.4236,0.2123,CTIO_KMTC02,KMT(I),KMT
2510942.98761,19.9051,0.1162,CTIO_KMTC02,KMT(I),KMT
2510943.0045999996,19.9762,0.1163,CTIO_KMTC02,KMT(I),KMT
2510943.0218899995,20.0304,0.1258,CTIO_KMTC02,KMT(I),KMT
2510943.03876,20.1691,0.1497,CTIO_KMTC02,KMT(I),KMT
2510943.0553,20.2811,0.1389,CTIO_KMTC02,KMT(I),KMT
2510943.0824299995,20.2864,0.1338,CTIO_KMTC02,KMT(I),KMT
2510943.1020400003,20.1081,0.1266,CTIO_KMTC02,KMT(I),KMT
2510943.11204,19.7888,0.1232,CTIO_KMTC02,KMT(I),KMT
2510943.1220699996,20.1582,0.1599,CTIO_KMTC02,KMT(I),KMT
2510943.98979,20.0854,0.1513,CTIO_KMTC02,KMT(I),KMT
2510944.0253800005,20.5844,1.0869,CTIO_KMTC02,KMT(I),KMT
2510945.0040499996,18.4582,0.0615,CTIO_KMTC02,KMT(I),KMT
2510945.0207700003,19.7254,0.1478,CTIO_KMTC02,KMT(I),KMT
2510945.04098,19.2267,0.1025,CTIO_KMTC02,KMT(I),KMT
2510945.0579400007,18.8501,0.0719,CTIO_KMTC02,KMT(I),KMT
2510945.0775000006,19.4802,0.1139,CTIO_KMTC02,KMT(I),KMT
2510945.0974400006,19.6902,0.1631,CTIO_KMTC02,KMT(I),KMT
2510945.1014799997,19.0929,0.0824,CTIO_KMTC02,KMT(I),KMT
2510945.11292,18.891,0.0913,CTIO_KMTC02,KMT(I),KMT
2510945.9837100003,20.0363,0.1182,CTIO_KMTC02,KMT(I),KMT
2510946.01315,20.0111,0.1129,CTIO_KMTC02,KMT(I),KMT
2510946.03257,20.1551,0.1304,CTIO_KMTC02,KMT(I),KMT
2510946.05011,20.04,0.1295,CTIO_KMTC02,KMT(I),KMT
2510946.06688,20.9125,0.3244,CTIO_KMTC02,KMT(I),KMT
2510946.0872399993,20.3639,0.186,CTIO_KMTC02,KMT(I),KMT
2510946.10167,20.0272,0.1673,CTIO_KMTC02,KMT(I),KMT
2510946.11163,20.2033,0.178,CTIO_KMTC02,KMT(I),KMT
2510947.98073,20.1267,0.4462,CTIO_KMTC02,KMT(I),KMT
2510947.99727,19.8835,0.2374,CTIO_KMTC02,KMT(I),KMT
2510948.02099,20.1267,0.3245,CTIO_KMTC02,KMT(I),KMT
2510948.0374299996,19.8287,0.2466,CTIO_KMTC02,KMT(I),KMT
2510948.05471,20.1596,0.3969,CTIO_KMTC02,KMT(I),KMT
2510948.0719600003,20.4149,0.5085,CTIO_KMTC02,KMT(I),KMT
2510948.0863700006,20.1464,0.3421,CTIO_KMTC02,KMT(I),KMT
2510948.1100900006,20.0005,0.3504,CTIO_KMTC02,KMT(I),KMT
2510948.9934,20.1886,0.1696,CTIO_KMTC02,KMT(I),KMT
2510949.0167299993,20.1439,0.1673,CTIO_KMTC02,KMT(I),KMT
2510949.0409699995,20.1417,0.1747,CTIO_KMTC02,KMT(I),KMT
2510949.0575099997,20.6365,0.2533,CTIO_KMTC02,KMT(I),KMT
2510949.0744000003,20.211,0.1797,CTIO_KMTC02,KMT(I),KMT
2510949.0898700003,20.2758,0.248,CTIO_KMTC02,KMT(I),KMT
2510949.09944,20.1739,0.2373,CTIO_KMTC02,KMT(I),KMT
2510949.9832000006,20.3759,0.2546,CTIO_KMTC02,KMT(I),KMT
2510950.0032100007,20.1555,0.1387,CTIO_KMTC02,KMT(I),KMT
2510950.03094,20.4647,0.2081,CTIO_KMTC02,KMT(I),KMT
2510950.04897,20.072,0.1357,CTIO_KMTC02,KMT(I),KMT
2510950.06585,20.2915,0.2564,CTIO_KMTC02,KMT(I),KMT
2510950.08151,19.1807,0.1079,CTIO_KMTC02,KMT(I),KMT
2510950.0913200006,20.1703,0.273,CTIO_KMTC02,KMT(I),KMT
2510950.9853099994,20.2854,0.2286,CTIO_KMTC02,KMT(I),KMT
2510951.0020899996,20.1499,0.1505,CTIO_KMTC02,KMT(I),KMT
2510951.0192600004,20.2298,0.1488,CTIO_KMTC02,KMT(I),KMT
2510951.0464900006,20.0108,0.1214,CTIO_KMTC02,KMT(I),KMT
2510951.07056,20.1386,0.1406,CTIO_KMTC02,KMT(I),KMT
2510951.0832199994,20.3321,0.1687,CTIO_KMTC02,KMT(I),KMT
2510951.09325,20.0743,0.1384,CTIO_KMTC02,KMT(I),KMT
2510951.99412,20.0129,0.1505,CTIO_KMTC02,KMT(I),KMT
2510952.01387,20.0261,0.1289,CTIO_KMTC02,KMT(I),KMT
2510952.03024,20.0529,0.1585,CTIO_KMTC02,KMT(I),KMT
2510952.05954,20.4274,0.2119,CTIO_KMTC02,KMT(I),KMT
2510952.0779800005,20.2584,0.1887,CTIO_KMTC02,KMT(I),KMT
2510952.08777,20.0424,0.1724,CTIO_KMTC02,KMT(I),KMT
2510952.09243,20.105,0.1632,CTIO_KMTC02,KMT(I),KMT
2510952.98486,20.0746,0.2002,CTIO_KMTC02,KMT(I),KMT
2510952.9913800005,20.1435,0.141,CTIO_KMTC02,KMT(I),KMT
2510953.0039,20.1614,0.1565,CTIO_KMTC02,KMT(I),KMT
2510953.0212200005,19.9401,0.1122,CTIO_KMTC02,KMT(I),KMT
2510953.02412,20.1934,0.1464,CTIO_KMTC02,KMT(I),KMT
2510953.0477300007,20.0063,0.1391,CTIO_KMTC02,KMT(I),KMT
2510953.0701199993,20.4051,0.2049,CTIO_KMTC02,KMT(I),KMT
2510953.0759999994,20.1529,0.1864,CTIO_KMTC02,KMT(I),KMT
2510953.0788899995,20.1949,0.1933,CTIO_KMTC02,KMT(I),KMT
2510953.08839,19.7771,0.1541,CTIO_KMTC02,KMT(I),KMT
2510953.98773,19.6301,0.1645,CTIO_KMTC02,KMT(I),KMT
2510954.01193,19.3555,0.1124,CTIO_KMTC02,KMT(I),KMT
2510954.0314799994,19.874,0.1258,CTIO_KMTC02,KMT(I),KMT
2510954.0479799993,20.5363,0.2432,CTIO_KMTC02,KMT(I),KMT
2510954.0687000006,19.6442,0.1542,CTIO_KMTC02,KMT(I),KMT
2510954.07295,18.0885,0.0482,CTIO_KMTC02,KMT(I),KMT
2510954.08533,19.2767,0.1315,CTIO_KMTC02,KMT(I),KMT
2510954.9871500004,20.0359,0.2001,CTIO_KMTC02,KMT(I),KMT
2510955.0070699994,20.0642,0.1589,CTIO_KMTC02,KMT(I),KMT
2510955.0309500005,20.2432,0.1953,CTIO_KMTC02,KMT(I),KMT
2510955.0478,20.3791,0.2367,CTIO_KMTC02,KMT(I),KMT
2510955.0643099993,20.0229,0.1873,CTIO_KMTC02,KMT(I),KMT
2510955.0699899998,20.0922,0.2772,CTIO_KMTC02,KMT(I),KMT
2510955.0799700003,20.0311,0.2083,CTIO_KMTC02,KMT(I),KMT
2510955.9884099998,20.6375,0.2359,CTIO_KMTC02,KMT(I),KMT
2510956.0065599997,20.0641,0.1135,CTIO_KMTC02,KMT(I),KMT
2510956.02302,20.034,0.1107,CTIO_KMTC02,KMT(I),KMT
2510956.05014,19.9775,0.1102,CTIO_KMTC02,KMT(I),KMT
2510956.0530200005,20.0239,0.1285,CTIO_KMTC02,KMT(I),KMT
2510956.0698300004,20.0567,0.1264,CTIO_KMTC02,KMT(I),KMT
2510956.0797300003,20.0252,0.1339,CTIO_KMTC02,KMT(I),KMT
2510956.0824299995,20.7139,0.2847,CTIO_KMTC02,KMT(I),KMT
2510956.9885600004,20.137,0.2364,CTIO_KMTC02,KMT(I),KMT
2510957.0054599997,20.205,0.1384,CTIO_KMTC02,KMT(I),KMT
2510957.0248499997,20.0602,0.1163,CTIO_KMTC02,KMT(I),KMT
2510957.0442200005,20.4147,0.2229,CTIO_KMTC02,KMT(I),KMT
2510957.0681800004,20.3387,0.2156,CTIO_KMTC02,KMT(I),KMT
2510957.07536,20.0787,0.151,CTIO_KMTC02,KMT(I),KMT
2510958.0101999994,19.9847,0.09,CTIO_KMTC02,KMT(I),KMT
2510958.0342800003,20.1406,0.1259,CTIO_KMTC02,KMT(I),KMT
2510958.0523799993,20.0123,0.1004,CTIO_KMTC02,KMT(I),KMT
2510958.07666,19.9971,0.1075,CTIO_KMTC02,KMT(I),KMT
2510958.9965899996,20.1487,0.2218,CTIO_KMTC02,KMT(I),KMT
2510959.0132599995,20.2105,0.162,CTIO_KMTC02,KMT(I),KMT
2510959.0338199995,19.8826,0.1186,CTIO_KMTC02,KMT(I),KMT
2510959.0590000004,21.5589,1.7973,CTIO_KMTC02,KMT(I),KMT
2510959.07046,19.8812,0.2294,CTIO_KMTC02,KMT(I),KMT
2510959.98733,20.0135,0.2487,CTIO_KMTC02,KMT(I),KMT
2510960.0091900006,20.0454,0.144,CTIO_KMTC02,KMT(I),KMT
2510960.0259099994,20.381,0.1781,CTIO_KMTC02,KMT(I),KMT
2510960.0428100005,20.2232,0.1617,CTIO_KMTC02,KMT(I),KMT
2510960.0575099997,20.3829,0.1893,CTIO_KMTC02,KMT(I),KMT
2510960.0674,20.3462,0.1627,CTIO_KMTC02,KMT(I),KMT
2510960.9975499995,20.0081,0.125,CTIO_KMTC02,KMT(I),KMT
2510961.00041,20.1242,0.1387,CTIO_KMTC02,KMT(I),KMT
2510961.02678,19.9885,0.1154,CTIO_KMTC02,KMT(I),KMT
2510961.04373,20.2408,0.1621,CTIO_KMTC02,KMT(I),KMT
2510961.0578499995,20.0975,0.1426,CTIO_KMTC02,KMT(I),KMT
2510961.0620300006,20.2231,0.1579,CTIO_KMTC02,KMT(I),KMT
2510961.0725500006,20.1781,0.1813,CTIO_KMTC02,KMT(I),KMT
2510961.99785,20.0161,0.1336,CTIO_KMTC02,KMT(I),KMT
2510962.0158900004,20.0528,0.1371,CTIO_KMTC02,KMT(I),KMT
2510962.0326300003,20.0121,0.1329,CTIO_KMTC02,KMT(I),KMT
2510962.03976,20.3407,0.187,CTIO_KMTC02,KMT(I),KMT
2510962.05342,20.1547,0.157,CTIO_KMTC02,KMT(I),KMT
2510962.0630099997,19.7601,0.1226,CTIO_KMTC02,KMT(I),KMT
2510963.0101299994,19.1722,0.1902,CTIO_KMTC02,KMT(I),KMT
2510963.02687,19.8019,0.5125,CTIO_KMTC02,KMT(I),KMT
2510963.0439,19.18,0.8484,CTIO_KMTC02,KMT(I),KMT
2510963.0482899994,19.7923,1.5509,CTIO_KMTC02,KMT(I),KMT
2510963.0597900003,19.4393,0.3793,CTIO_KMTC02,KMT(I),KMT
2510963.9886300005,20.0585,0.2238,CTIO_KMTC02,KMT(I),KMT
2510964.01038,20.124,0.134,CTIO_KMTC02,KMT(I),KMT
2510964.0316899996,20.1571,0.167,CTIO_KMTC02,KMT(I),KMT
2510964.05399,20.3913,0.2066,CTIO_KMTC02,KMT(I),KMT
2510964.05686,20.3669,0.2048,CTIO_KMTC02,KMT(I),KMT
2510964.06523,20.521,0.2476,CTIO_KMTC02,KMT(I),KMT
2510964.98898,20.0098,0.2016,CTIO_KMTC02,KMT(I),KMT
2510965.01305,20.4836,0.2062,CTIO_KMTC02,KMT(I),KMT
2510965.03383,20.1506,0.1199,CTIO_KMTC02,KMT(I),KMT
2510965.04636,20.1406,0.1222,CTIO_KMTC02,KMT(I),KMT
2510965.0561500005,20.1631,0.1381,CTIO_KMTC02,KMT(I),KMT
2510965.99656,19.9495,0.0928,CTIO_KMTC02,KMT(I),KMT
2510966.01293,20.1111,0.1138,CTIO_KMTC02,KMT(I),KMT
2510966.03295,20.1166,0.1257,CTIO_KMTC02,KMT(I),KMT
2510966.0435799994,20.1203,0.1393,CTIO_KMTC02,KMT(I),KMT
2510966.0587300006,20.1704,0.1374,CTIO_KMTC02,KMT(I),KMT
2510966.9910000004,20.1781,0.1826,CTIO_KMTC02,KMT(I),KMT
2510967.02049,20.3029,0.1756,CTIO_KMTC02,KMT(I),KMT
2510967.0407299995,20.2805,0.1411,CTIO_KMTC02,KMT(I),KMT
2510967.0522600003,20.0724,0.1108,CTIO_KMTC02,KMT(I),KMT
2510967.9882699996,20.3395,0.4398,CTIO_KMTC02,KMT(I),KMT
2510968.0056,20.2033,0.1333,CTIO_KMTC02,KMT(I),KMT
2510968.0241800006,20.134,0.128,CTIO_KMTC02,KMT(I),KMT
2510968.0367799997,20.0606,0.1342,CTIO_KMTC02,KMT(I),KMT
2510968.04648,19.9718,0.1298,CTIO_KMTC02,KMT(I),KMT
2510968.04933,20.376,0.1929,CTIO_KMTC02,KMT(I),KMT
2510968.99725,20.2985,0.149,CTIO_KMTC02,KMT(I),KMT
2510969.0247799996,20.1307,0.1244,CTIO_KMTC02,KMT(I),KMT
2510969.0387399998,20.0882,0.1562,CTIO_KMTC02,KMT(I),KMT
2510969.04859,20.1644,0.1683,CTIO_KMTC02,KMT(I),KMT
