MJD,Magnitude,Error,Facility,Filter,Observer
2510729.0994799994,20.4146,1.1312,SAAO_KMTS02,KMT(I),KMT
2510733.08478,19.4937,0.1189,SAAO_KMTS02,KMT(I),KMT
2510733.10415,19.7759,0.119,SAAO_KMTS02,KMT(I),KMT
2510733.11591,19.5972,0.1132,SAAO_KMTS02,KMT(I),KMT
2510733.1278300006,20.2798,0.2581,SAAO_KMTS02,KMT(I),KMT
2510737.0769299995,19.4855,0.1236,SAAO_KMTS02,KMT(I),KMT
2510737.08933,19.7088,0.1521,SAAO_KMTS02,KMT(I),KMT
2510737.11178,19.769,0.1071,SAAO_KMTS02,KMT(I),KMT
2510737.1275200006,19.9414,0.1499,SAAO_KMTS02,KMT(I),KMT
2510738.0737500004,19.3541,0.1284,SAAO_KMTS02,KMT(I),KMT
2510738.0851600002,19.4136,0.0976,SAAO_KMTS02,KMT(I),KMT
2510738.0967500005,19.6148,0.1249,SAAO_KMTS02,KMT(I),KMT
2510738.11627,19.62,0.1091,SAAO_KMTS02,KMT(I),KMT
2510738.1282400005,19.6117,0.129,SAAO_KMTS02,KMT(I),KMT
2510738.14011,20.0086,0.1867,SAAO_KMTS02,KMT(I),KMT
2510739.10838,19.9326,0.1832,SAAO_KMTS02,KMT(I),KMT
2510739.12019,19.5395,0.1068,SAAO_KMTS02,KMT(I),KMT
2510740.06107,19.698,0.1352,SAAO_KMTS02,KMT(I),KMT
2510740.0726200007,19.5614,0.118,SAAO_KMTS02,KMT(I),KMT
2510740.0842199996,19.6768,0.1024,SAAO_KMTS02,KMT(I),KMT
2510740.09585,19.8844,0.1484,SAAO_KMTS02,KMT(I),KMT
2510740.10759,19.6699,0.1087,SAAO_KMTS02,KMT(I),KMT
2510740.12615,19.5561,0.0839,SAAO_KMTS02,KMT(I),KMT
2510740.1376900002,19.3994,0.1057,SAAO_KMTS02,KMT(I),KMT
2510740.1493999995,19.5872,0.303,SAAO_KMTS02,KMT(I),KMT
2510743.05628,19.4822,0.118,SAAO_KMTS02,KMT(I),KMT
2510743.0678400006,19.2053,0.0913,SAAO_KMTS02,KMT(I),KMT
2510743.07957,19.3266,0.1416,SAAO_KMTS02,KMT(I),KMT
2510743.0995300002,19.6123,0.0796,SAAO_KMTS02,KMT(I),KMT
2510743.1113,19.4054,0.0777,SAAO_KMTS02,KMT(I),KMT
2510743.1229100004,19.4706,0.0747,SAAO_KMTS02,KMT(I),KMT
2510743.1345099993,19.3237,0.0821,SAAO_KMTS02,KMT(I),KMT
2510743.14607,19.3508,0.0748,SAAO_KMTS02,KMT(I),KMT
2510744.05961,19.5126,0.1212,SAAO_KMTS02,KMT(I),KMT
2510744.07125,19.1447,0.0958,SAAO_KMTS02,KMT(I),KMT
2510744.0831000004,19.1392,0.0736,SAAO_KMTS02,KMT(I),KMT
2510744.0951499995,19.1077,0.085,SAAO_KMTS02,KMT(I),KMT
2510744.1072000004,19.0835,0.0896,SAAO_KMTS02,KMT(I),KMT
2510744.1378499996,19.3569,0.0995,SAAO_KMTS02,KMT(I),KMT
2510744.1497399993,19.3175,0.0972,SAAO_KMTS02,KMT(I),KMT
2510745.04937,19.132,0.0948,SAAO_KMTS02,KMT(I),KMT
2510745.0610499997,19.0182,0.0854,SAAO_KMTS02,KMT(I),KMT
2510746.0479000006,18.9084,0.0824,SAAO_KMTS02,KMT(I),KMT
2510746.0662699994,18.9549,0.0885,SAAO_KMTS02,KMT(I),KMT
2510746.0779999997,19.306,0.1169,SAAO_KMTS02,KMT(I),KMT
2510746.08988,19.1134,0.086,SAAO_KMTS02,KMT(I),KMT
2510746.10174,18.9379,0.058,SAAO_KMTS02,KMT(I),KMT
2510746.1246799994,19.1161,0.0489,SAAO_KMTS02,KMT(I),KMT
2510746.1438100003,19.007,0.0683,SAAO_KMTS02,KMT(I),KMT
2510746.1556599997,18.7077,0.1261,SAAO_KMTS02,KMT(I),KMT
2510747.0427199993,18.996,0.0907,SAAO_KMTS02,KMT(I),KMT
2510747.0544,18.9879,0.0856,SAAO_KMTS02,KMT(I),KMT
2510747.06606,18.8653,0.0638,SAAO_KMTS02,KMT(I),KMT
2510747.0776499994,18.8916,0.0611,SAAO_KMTS02,KMT(I),KMT
2510747.0968900006,18.9116,0.0604,SAAO_KMTS02,KMT(I),KMT
2510747.1086,18.9375,0.0646,SAAO_KMTS02,KMT(I),KMT
2510747.1205700003,18.9753,0.0663,SAAO_KMTS02,KMT(I),KMT
2510747.1322799996,18.7646,0.0517,SAAO_KMTS02,KMT(I),KMT
2510747.14398,18.8876,0.0439,SAAO_KMTS02,KMT(I),KMT
2510749.0479499996,19.2843,0.1106,SAAO_KMTS02,KMT(I),KMT
2510749.05939,18.991,0.0693,SAAO_KMTS02,KMT(I),KMT
2510749.0710899998,18.8884,0.0748,SAAO_KMTS02,KMT(I),KMT
2510749.0829300005,19.1005,0.0999,SAAO_KMTS02,KMT(I),KMT
2510749.09464,19.2207,0.0959,SAAO_KMTS02,KMT(I),KMT
2510749.11457,18.9508,0.0587,SAAO_KMTS02,KMT(I),KMT
2510749.1259899996,18.9642,0.062,SAAO_KMTS02,KMT(I),KMT
2510749.1375699993,18.9498,0.0737,SAAO_KMTS02,KMT(I),KMT
2510749.1495699994,19.0688,0.0722,SAAO_KMTS02,KMT(I),KMT
2510750.06594,19.1449,0.1046,SAAO_KMTS02,KMT(I),KMT
2510750.0846299995,18.9515,0.0774,SAAO_KMTS02,KMT(I),KMT
2510750.0963199995,19.4385,0.1486,SAAO_KMTS02,KMT(I),KMT
2510750.10989,19.2385,0.0961,SAAO_KMTS02,KMT(I),KMT
2510750.12127,19.1865,0.0761,SAAO_KMTS02,KMT(I),KMT
2510750.13531,19.0902,0.0777,SAAO_KMTS02,KMT(I),KMT
2510750.15551,19.0724,0.0938,SAAO_KMTS02,KMT(I),KMT
2510752.03257,19.1993,0.1168,SAAO_KMTS02,KMT(I),KMT
2510752.04442,19.3581,0.1058,SAAO_KMTS02,KMT(I),KMT
2510752.05604,19.3978,0.1178,SAAO_KMTS02,KMT(I),KMT
2510752.06779,19.4331,0.1046,SAAO_KMTS02,KMT(I),KMT
2510752.0796499997,19.5223,0.1272,SAAO_KMTS02,KMT(I),KMT
2510752.0988100003,19.4084,0.08,SAAO_KMTS02,KMT(I),KMT
2510752.1107,19.5868,0.1193,SAAO_KMTS02,KMT(I),KMT
2510752.1220900007,19.4667,0.1062,SAAO_KMTS02,KMT(I),KMT
2510752.1335700005,19.3796,0.095,SAAO_KMTS02,KMT(I),KMT
2510752.14535,19.7215,0.1183,SAAO_KMTS02,KMT(I),KMT
2510753.03116,19.8395,0.2086,SAAO_KMTS02,KMT(I),KMT
2510753.04261,19.4435,0.1465,SAAO_KMTS02,KMT(I),KMT
2510753.05408,19.4868,0.1253,SAAO_KMTS02,KMT(I),KMT
2510753.0696399994,19.4176,0.1138,SAAO_KMTS02,KMT(I),KMT
2510753.08137,19.5569,0.1407,SAAO_KMTS02,KMT(I),KMT
2510753.1007400006,19.4609,0.1132,SAAO_KMTS02,KMT(I),KMT
2510753.1124099996,19.6274,0.1294,SAAO_KMTS02,KMT(I),KMT
2510753.12393,19.6451,0.1032,SAAO_KMTS02,KMT(I),KMT
2510753.1359199993,19.6651,0.1171,SAAO_KMTS02,KMT(I),KMT
2510753.14776,19.39,0.088,SAAO_KMTS02,KMT(I),KMT
2510754.0264299996,19.8247,0.4025,SAAO_KMTS02,KMT(I),KMT
2510754.0391799994,19.621,0.1911,SAAO_KMTS02,KMT(I),KMT
2510754.0510600004,19.7303,0.2105,SAAO_KMTS02,KMT(I),KMT
2510754.09719,18.1523,0.3545,SAAO_KMTS02,KMT(I),KMT
2510754.1090399995,19.9135,0.2362,SAAO_KMTS02,KMT(I),KMT
2510754.12113,19.9347,0.3004,SAAO_KMTS02,KMT(I),KMT
2510754.1330200005,19.5953,0.0936,SAAO_KMTS02,KMT(I),KMT
2510754.14477,19.7365,0.1508,SAAO_KMTS02,KMT(I),KMT
2510758.0247,19.7331,0.1583,SAAO_KMTS02,KMT(I),KMT
2510758.03637,19.5474,0.1027,SAAO_KMTS02,KMT(I),KMT
2510758.0478600003,19.6981,0.105,SAAO_KMTS02,KMT(I),KMT
2510758.05937,19.686,0.0927,SAAO_KMTS02,KMT(I),KMT
2510758.0710899998,19.8876,0.1398,SAAO_KMTS02,KMT(I),KMT
2510758.09014,19.815,0.1074,SAAO_KMTS02,KMT(I),KMT
2510758.10207,19.8288,0.1477,SAAO_KMTS02,KMT(I),KMT
2510758.11384,19.7777,0.1431,SAAO_KMTS02,KMT(I),KMT
2510758.12557,19.7536,0.1491,SAAO_KMTS02,KMT(I),KMT
2510758.13743,20.024,0.1502,SAAO_KMTS02,KMT(I),KMT
2510758.1566400006,19.5632,0.1023,SAAO_KMTS02,KMT(I),KMT
2510759.0133999996,19.5,0.1404,SAAO_KMTS02,KMT(I),KMT
2510759.0253,20.2011,0.2747,SAAO_KMTS02,KMT(I),KMT
2510759.0272700004,19.4336,0.1281,SAAO_KMTS02,KMT(I),KMT
2510760.0099100005,19.692,0.1414,SAAO_KMTS02,KMT(I),KMT
2510760.02499,19.6095,0.1406,SAAO_KMTS02,KMT(I),KMT
2510760.03668,19.6446,0.1172,SAAO_KMTS02,KMT(I),KMT
2510760.04851,19.9648,0.1295,SAAO_KMTS02,KMT(I),KMT
2510760.0678199995,19.9831,0.1687,SAAO_KMTS02,KMT(I),KMT
2510760.07962,19.77,0.1203,SAAO_KMTS02,KMT(I),KMT
2510760.09146,19.8574,0.1287,SAAO_KMTS02,KMT(I),KMT
2510760.10329,20.3223,0.2557,SAAO_KMTS02,KMT(I),KMT
2510760.11556,20.1228,0.187,SAAO_KMTS02,KMT(I),KMT
2510760.1355600003,19.8031,0.1011,SAAO_KMTS02,KMT(I),KMT
2510760.14817,19.819,0.1007,SAAO_KMTS02,KMT(I),KMT
2510761.00684,19.2531,0.1136,SAAO_KMTS02,KMT(I),KMT
2510761.01863,19.5876,0.1594,SAAO_KMTS02,KMT(I),KMT
2510761.03034,19.1725,0.0912,SAAO_KMTS02,KMT(I),KMT
2510761.0495999996,19.6325,0.1478,SAAO_KMTS02,KMT(I),KMT
2510762.0963000003,19.6504,0.1041,SAAO_KMTS02,KMT(I),KMT
2510762.10764,19.8129,0.115,SAAO_KMTS02,KMT(I),KMT
2510762.1196100004,19.8548,0.1234,SAAO_KMTS02,KMT(I),KMT
2510763.00767,20.1456,0.2189,SAAO_KMTS02,KMT(I),KMT
2510763.0193600003,19.7267,0.126,SAAO_KMTS02,KMT(I),KMT
2510763.0393700004,19.8047,0.0959,SAAO_KMTS02,KMT(I),KMT
2510763.05554,19.9341,0.1016,SAAO_KMTS02,KMT(I),KMT
2510763.0720000006,19.687,0.1013,SAAO_KMTS02,KMT(I),KMT
2510763.0836999994,19.6819,0.1106,SAAO_KMTS02,KMT(I),KMT
2510763.0953199994,19.7826,0.0781,SAAO_KMTS02,KMT(I),KMT
2510763.1142100003,19.813,0.0962,SAAO_KMTS02,KMT(I),KMT
2510763.12674,19.9256,0.1027,SAAO_KMTS02,KMT(I),KMT
2510763.1385399997,19.8003,0.0771,SAAO_KMTS02,KMT(I),KMT
2510763.15042,19.8903,0.088,SAAO_KMTS02,KMT(I),KMT
2510763.9984099995,20.1753,0.2117,SAAO_KMTS02,KMT(I),KMT
2510764.0173700005,19.8097,0.1202,SAAO_KMTS02,KMT(I),KMT
2510764.02907,19.8966,0.1243,SAAO_KMTS02,KMT(I),KMT
2510764.0409699995,19.7845,0.1289,SAAO_KMTS02,KMT(I),KMT
2510764.05329,19.654,0.1045,SAAO_KMTS02,KMT(I),KMT
2510764.0650500003,19.9808,0.1223,SAAO_KMTS02,KMT(I),KMT
2510764.08402,19.897,0.1011,SAAO_KMTS02,KMT(I),KMT
2510764.09574,20.0594,0.1305,SAAO_KMTS02,KMT(I),KMT
2510764.10869,19.8005,0.1077,SAAO_KMTS02,KMT(I),KMT
2510764.1201300006,19.7094,0.0792,SAAO_KMTS02,KMT(I),KMT
2510764.1321,19.8501,0.1387,SAAO_KMTS02,KMT(I),KMT
2510764.1523,19.8382,0.138,SAAO_KMTS02,KMT(I),KMT
2510764.16397,19.8846,0.1825,SAAO_KMTS02,KMT(I),KMT
2510765.9941499997,19.9369,0.1474,SAAO_KMTS02,KMT(I),KMT
2510766.0056299996,19.669,0.0942,SAAO_KMTS02,KMT(I),KMT
2510766.02106,19.8383,0.0907,SAAO_KMTS02,KMT(I),KMT
2510766.0325099993,20.1204,0.1851,SAAO_KMTS02,KMT(I),KMT
2510766.0512499996,20.0458,0.1377,SAAO_KMTS02,KMT(I),KMT
2510766.0627299994,19.6582,0.1133,SAAO_KMTS02,KMT(I),KMT
2510766.07716,19.779,0.1098,SAAO_KMTS02,KMT(I),KMT
2510766.08859,19.8062,0.1202,SAAO_KMTS02,KMT(I),KMT
2510766.1005499996,19.7529,0.1407,SAAO_KMTS02,KMT(I),KMT
2510766.1190799996,19.512,0.1066,SAAO_KMTS02,KMT(I),KMT
2510766.13098,20.3688,0.2266,SAAO_KMTS02,KMT(I),KMT
2510766.14403,19.7444,0.1369,SAAO_KMTS02,KMT(I),KMT
2510766.15548,19.779,0.0948,SAAO_KMTS02,KMT(I),KMT
2510766.16753,19.8896,0.1307,SAAO_KMTS02,KMT(I),KMT
2510767.01588,17.6479,0.4727,SAAO_KMTS02,KMT(I),KMT
2510767.99914,18.9593,0.094,SAAO_KMTS02,KMT(I),KMT
2510768.98805,19.8795,0.1379,SAAO_KMTS02,KMT(I),KMT
2510768.99988,19.9466,0.1842,SAAO_KMTS02,KMT(I),KMT
2510769.0115399994,19.8366,0.1448,SAAO_KMTS02,KMT(I),KMT
2510769.0231299996,19.8338,0.1072,SAAO_KMTS02,KMT(I),KMT
2510769.04225,20.0085,0.1291,SAAO_KMTS02,KMT(I),KMT
2510769.06987,20.0424,0.1298,SAAO_KMTS02,KMT(I),KMT
2510769.0843199994,19.9938,0.1234,SAAO_KMTS02,KMT(I),KMT
2510769.0962700006,19.7065,0.1516,SAAO_KMTS02,KMT(I),KMT
2510769.10834,19.5911,0.116,SAAO_KMTS02,KMT(I),KMT
2510769.12773,20.0347,0.1427,SAAO_KMTS02,KMT(I),KMT
2510769.1395500004,19.8065,0.1096,SAAO_KMTS02,KMT(I),KMT
2510769.1513599996,20.0398,0.1045,SAAO_KMTS02,KMT(I),KMT
2510769.1637200005,19.7274,0.1014,SAAO_KMTS02,KMT(I),KMT
2510769.98745,19.8375,0.0978,SAAO_KMTS02,KMT(I),KMT
2510770.0060900003,20.1017,0.1405,SAAO_KMTS02,KMT(I),KMT
2510770.01724,19.9712,0.1018,SAAO_KMTS02,KMT(I),KMT
2510770.0305000003,20.0518,0.1074,SAAO_KMTS02,KMT(I),KMT
2510770.0422,20.0593,0.1167,SAAO_KMTS02,KMT(I),KMT
2510770.0540500004,20.0193,0.1213,SAAO_KMTS02,KMT(I),KMT
2510770.0739900004,20.02,0.0911,SAAO_KMTS02,KMT(I),KMT
2510770.08593,19.9797,0.1167,SAAO_KMTS02,KMT(I),KMT
2510770.09789,19.9696,0.0993,SAAO_KMTS02,KMT(I),KMT
2510770.11274,20.0525,0.116,SAAO_KMTS02,KMT(I),KMT
2510770.1247499995,19.7803,0.0865,SAAO_KMTS02,KMT(I),KMT
2510770.1434700005,19.8408,0.0956,SAAO_KMTS02,KMT(I),KMT
2510770.1627399996,20.0786,0.1524,SAAO_KMTS02,KMT(I),KMT
2510774.99744,18.8242,0.0812,SAAO_KMTS02,KMT(I),KMT
2510775.0094099995,19.7829,0.1985,SAAO_KMTS02,KMT(I),KMT
2510775.0212699994,19.7454,0.1163,SAAO_KMTS02,KMT(I),KMT
2510775.0331999995,19.6702,0.1059,SAAO_KMTS02,KMT(I),KMT
2510775.0523300003,19.9018,0.1244,SAAO_KMTS02,KMT(I),KMT
2510775.06386,20.0756,0.1319,SAAO_KMTS02,KMT(I),KMT
2510775.0752499998,19.8498,0.1305,SAAO_KMTS02,KMT(I),KMT
2510775.08718,19.9944,0.14,SAAO_KMTS02,KMT(I),KMT
2510775.0996899996,19.7141,0.094,SAAO_KMTS02,KMT(I),KMT
2510775.1188900005,19.6446,0.2236,SAAO_KMTS02,KMT(I),KMT
2510775.9691199996,19.828,0.1908,SAAO_KMTS02,KMT(I),KMT
2510775.9831499998,19.7003,0.1351,SAAO_KMTS02,KMT(I),KMT
2510775.99476,20.0186,0.1698,SAAO_KMTS02,KMT(I),KMT
2510776.0147900004,19.5799,0.0903,SAAO_KMTS02,KMT(I),KMT
2510776.0268399995,19.9125,0.1319,SAAO_KMTS02,KMT(I),KMT
2510776.0396100003,20.0334,0.158,SAAO_KMTS02,KMT(I),KMT
2510776.0514199995,19.9366,0.1514,SAAO_KMTS02,KMT(I),KMT
2510776.0631600004,19.9387,0.1526,SAAO_KMTS02,KMT(I),KMT
2510776.08218,19.6876,0.0875,SAAO_KMTS02,KMT(I),KMT
2510776.0939799994,19.8369,0.1218,SAAO_KMTS02,KMT(I),KMT
2510776.1058,19.8237,0.1558,SAAO_KMTS02,KMT(I),KMT
2510776.11752,19.7192,0.1053,SAAO_KMTS02,KMT(I),KMT
2510776.12909,20.1327,0.1598,SAAO_KMTS02,KMT(I),KMT
2510776.14815,19.8323,0.1611,SAAO_KMTS02,KMT(I),KMT
2510776.15984,19.7326,0.1111,SAAO_KMTS02,KMT(I),KMT
2510776.17174,19.9954,0.2485,SAAO_KMTS02,KMT(I),KMT
2510776.96294,19.2433,0.114,SAAO_KMTS02,KMT(I),KMT
2510776.9746199995,19.655,0.1667,SAAO_KMTS02,KMT(I),KMT
2510776.9864,19.7201,0.1862,SAAO_KMTS02,KMT(I),KMT
2510777.00729,19.6306,0.2826,SAAO_KMTS02,KMT(I),KMT
2510777.0189500004,19.5191,0.1489,SAAO_KMTS02,KMT(I),KMT
2510777.0309299994,19.5422,0.1711,SAAO_KMTS02,KMT(I),KMT
2510777.04225,19.9563,0.1829,SAAO_KMTS02,KMT(I),KMT
2510777.0542099997,19.8649,0.1987,SAAO_KMTS02,KMT(I),KMT
2510777.0732199997,19.6658,0.1591,SAAO_KMTS02,KMT(I),KMT
2510777.0849,19.8265,0.1671,SAAO_KMTS02,KMT(I),KMT
2510777.09679,19.6175,0.1082,SAAO_KMTS02,KMT(I),KMT
2510777.11068,19.9222,0.1633,SAAO_KMTS02,KMT(I),KMT
2510777.12239,19.8361,0.2038,SAAO_KMTS02,KMT(I),KMT
2510777.1337,19.8438,0.1882,SAAO_KMTS02,KMT(I),KMT
2510777.1527900007,19.907,0.1519,SAAO_KMTS02,KMT(I),KMT
2510777.1646100003,20.1475,0.1685,SAAO_KMTS02,KMT(I),KMT
2510777.95912,19.8427,0.2264,SAAO_KMTS02,KMT(I),KMT
2510777.97131,20.3242,0.3692,SAAO_KMTS02,KMT(I),KMT
2510777.9831600003,19.7183,0.1968,SAAO_KMTS02,KMT(I),KMT
2510778.0022599995,19.6461,0.1511,SAAO_KMTS02,KMT(I),KMT
2510778.01427,19.8878,0.1512,SAAO_KMTS02,KMT(I),KMT
2510778.02609,20.0351,0.1861,SAAO_KMTS02,KMT(I),KMT
2510778.0380499996,20.0759,0.1545,SAAO_KMTS02,KMT(I),KMT
2510778.0501000006,19.4759,0.7161,SAAO_KMTS02,KMT(I),KMT
2510778.08082,19.1522,0.2916,SAAO_KMTS02,KMT(I),KMT
2510778.0934500005,19.8449,0.1234,SAAO_KMTS02,KMT(I),KMT
2510778.1052599996,19.8681,0.1149,SAAO_KMTS02,KMT(I),KMT
2510778.1172199994,20.0544,0.1332,SAAO_KMTS02,KMT(I),KMT
2510778.1364,20.0538,0.1428,SAAO_KMTS02,KMT(I),KMT
2510778.1482299995,20.289,0.1551,SAAO_KMTS02,KMT(I),KMT
2510778.1611400004,19.8899,0.1128,SAAO_KMTS02,KMT(I),KMT
2510778.17311,20.1481,0.2196,SAAO_KMTS02,KMT(I),KMT
2510778.9935999997,19.2032,0.1707,SAAO_KMTS02,KMT(I),KMT
2510779.00547,19.2643,0.149,SAAO_KMTS02,KMT(I),KMT
2510779.0245399997,19.787,0.1794,SAAO_KMTS02,KMT(I),KMT
2510779.0362299997,19.0846,0.2203,SAAO_KMTS02,KMT(I),KMT
2510779.04794,18.9385,0.562,SAAO_KMTS02,KMT(I),KMT
2510779.9829600006,12.9489,0.2598,SAAO_KMTS02,KMT(I),KMT
2510780.06487,19.5159,0.1994,SAAO_KMTS02,KMT(I),KMT
2510780.07678,19.4966,0.1991,SAAO_KMTS02,KMT(I),KMT
2510780.0883099996,17.978,1.1686,SAAO_KMTS02,KMT(I),KMT
2510780.9527199995,19.4957,0.1917,SAAO_KMTS02,KMT(I),KMT
2510780.96457,19.2717,0.1742,SAAO_KMTS02,KMT(I),KMT
2510780.98319,19.3307,0.1807,SAAO_KMTS02,KMT(I),KMT
2510780.9948900007,19.761,0.2939,SAAO_KMTS02,KMT(I),KMT
2510781.00674,18.7211,0.0923,SAAO_KMTS02,KMT(I),KMT
2510781.01858,19.2376,0.1306,SAAO_KMTS02,KMT(I),KMT
2510781.03029,19.7055,0.206,SAAO_KMTS02,KMT(I),KMT
2510781.0492899995,19.6255,0.2057,SAAO_KMTS02,KMT(I),KMT
2510781.0612700004,19.8693,0.1902,SAAO_KMTS02,KMT(I),KMT
2510781.07529,19.8532,0.2338,SAAO_KMTS02,KMT(I),KMT
2510781.0868500005,19.3713,0.2711,SAAO_KMTS02,KMT(I),KMT
2510781.09867,19.7009,0.1364,SAAO_KMTS02,KMT(I),KMT
2510781.1171199996,18.89,0.6593,SAAO_KMTS02,KMT(I),KMT
2510781.1288099997,19.765,0.6668,SAAO_KMTS02,KMT(I),KMT
2510781.159,20.0574,0.2156,SAAO_KMTS02,KMT(I),KMT
2510781.1708199997,19.7215,0.213,SAAO_KMTS02,KMT(I),KMT
2510781.95015,19.9463,0.2963,SAAO_KMTS02,KMT(I),KMT
2510781.9621,19.9383,0.2292,SAAO_KMTS02,KMT(I),KMT
2510781.9813,19.5903,0.183,SAAO_KMTS02,KMT(I),KMT
2510781.99333,20.0964,0.3283,SAAO_KMTS02,KMT(I),KMT
2510782.00744,19.883,0.2009,SAAO_KMTS02,KMT(I),KMT
2510782.0192600004,19.9823,0.2567,SAAO_KMTS02,KMT(I),KMT
2510782.03127,19.8772,0.236,SAAO_KMTS02,KMT(I),KMT
2510782.0525899995,19.653,0.1726,SAAO_KMTS02,KMT(I),KMT
2510782.0648299996,19.8129,0.2034,SAAO_KMTS02,KMT(I),KMT
2510782.07651,19.3928,0.1658,SAAO_KMTS02,KMT(I),KMT
2510782.09384,20.4828,0.4901,SAAO_KMTS02,KMT(I),KMT
2510782.1052899994,19.6976,0.28,SAAO_KMTS02,KMT(I),KMT
2510782.12914,19.4585,0.2183,SAAO_KMTS02,KMT(I),KMT
2510782.14112,19.4968,0.2662,SAAO_KMTS02,KMT(I),KMT
2510782.9567399994,18.6163,0.3358,SAAO_KMTS02,KMT(I),KMT
2510784.15783,20.2993,0.6958,SAAO_KMTS02,KMT(I),KMT
2510784.16976,19.735,0.3671,SAAO_KMTS02,KMT(I),KMT
2510785.0236099996,19.6675,0.3678,SAAO_KMTS02,KMT(I),KMT
2510785.05521,19.1892,0.4607,SAAO_KMTS02,KMT(I),KMT
2510785.06716,20.0418,0.2564,SAAO_KMTS02,KMT(I),KMT
2510789.93324,19.8068,0.1199,SAAO_KMTS02,KMT(I),KMT
2510789.9452400003,20.1227,0.1482,SAAO_KMTS02,KMT(I),KMT
2510789.9570000004,19.961,0.1126,SAAO_KMTS02,KMT(I),KMT
2510789.9690199997,19.8018,0.1168,SAAO_KMTS02,KMT(I),KMT
2510789.98847,19.9028,0.1039,SAAO_KMTS02,KMT(I),KMT
2510790.00029,19.9497,0.1194,SAAO_KMTS02,KMT(I),KMT
2510790.01183,20.0011,0.1611,SAAO_KMTS02,KMT(I),KMT
2510790.02362,19.9723,0.1187,SAAO_KMTS02,KMT(I),KMT
2510790.0354500003,20.049,0.1588,SAAO_KMTS02,KMT(I),KMT
2510790.05449,19.8311,0.1157,SAAO_KMTS02,KMT(I),KMT
2510790.0663099997,19.9116,0.1027,SAAO_KMTS02,KMT(I),KMT
2510790.0780100003,20.0292,0.1385,SAAO_KMTS02,KMT(I),KMT
2510790.0978800002,20.0743,0.119,SAAO_KMTS02,KMT(I),KMT
2510790.10972,20.0407,0.1494,SAAO_KMTS02,KMT(I),KMT
2510790.1284599993,19.8558,0.1257,SAAO_KMTS02,KMT(I),KMT
2510790.14044,20.2021,0.1246,SAAO_KMTS02,KMT(I),KMT
2510790.1521000005,19.9617,0.1203,SAAO_KMTS02,KMT(I),KMT
2510790.16392,19.9048,0.1188,SAAO_KMTS02,KMT(I),KMT
2510790.1754899994,19.8821,0.146,SAAO_KMTS02,KMT(I),KMT
2510790.93867,19.7403,0.117,SAAO_KMTS02,KMT(I),KMT
2510790.9495899994,20.1622,0.1455,SAAO_KMTS02,KMT(I),KMT
2510790.9610200003,19.9275,0.1497,SAAO_KMTS02,KMT(I),KMT
2510790.97248,20.0243,0.1247,SAAO_KMTS02,KMT(I),KMT
2510790.98589,20.0304,0.1234,SAAO_KMTS02,KMT(I),KMT
2510791.0051000006,20.0889,0.1145,SAAO_KMTS02,KMT(I),KMT
2510791.0165100005,19.9132,0.124,SAAO_KMTS02,KMT(I),KMT
2510791.0284,19.9288,0.0972,SAAO_KMTS02,KMT(I),KMT
2510791.0402700007,19.9315,0.1253,SAAO_KMTS02,KMT(I),KMT
2510791.0520600006,19.8725,0.1157,SAAO_KMTS02,KMT(I),KMT
2510791.07135,19.8106,0.0893,SAAO_KMTS02,KMT(I),KMT
2510791.08287,20.0336,0.1053,SAAO_KMTS02,KMT(I),KMT
2510791.1065500006,19.784,0.1044,SAAO_KMTS02,KMT(I),KMT
2510791.1181700006,19.6748,0.0788,SAAO_KMTS02,KMT(I),KMT
2510791.12985,19.7761,0.0909,SAAO_KMTS02,KMT(I),KMT
2510791.1489199996,19.9339,0.0959,SAAO_KMTS02,KMT(I),KMT
2510791.1604500003,19.9699,0.127,SAAO_KMTS02,KMT(I),KMT
2510791.17227,20.0184,0.1264,SAAO_KMTS02,KMT(I),KMT
2510791.1839300003,19.5823,0.2492,SAAO_KMTS02,KMT(I),KMT
2510791.9281399995,20.1236,0.1744,SAAO_KMTS02,KMT(I),KMT
2510791.9399999995,20.0329,0.1301,SAAO_KMTS02,KMT(I),KMT
2510791.9586299993,19.7804,0.1349,SAAO_KMTS02,KMT(I),KMT
2510791.9702400006,19.8207,0.0925,SAAO_KMTS02,KMT(I),KMT
2510791.9818,20.1387,0.1375,SAAO_KMTS02,KMT(I),KMT
2510791.99362,20.1817,0.1556,SAAO_KMTS02,KMT(I),KMT
2510792.00531,19.953,0.1404,SAAO_KMTS02,KMT(I),KMT
2510792.02425,19.7779,0.1095,SAAO_KMTS02,KMT(I),KMT
2510792.03622,20.0919,0.1121,SAAO_KMTS02,KMT(I),KMT
2510792.0482,19.9045,0.0887,SAAO_KMTS02,KMT(I),KMT
2510792.0603800006,19.9397,0.1078,SAAO_KMTS02,KMT(I),KMT
2510792.07252,19.7193,0.107,SAAO_KMTS02,KMT(I),KMT
2510792.0917000007,19.9923,0.1143,SAAO_KMTS02,KMT(I),KMT
2510792.10355,19.8181,0.1019,SAAO_KMTS02,KMT(I),KMT
2510792.11524,19.8188,0.0929,SAAO_KMTS02,KMT(I),KMT
2510792.1269499995,19.7955,0.0878,SAAO_KMTS02,KMT(I),KMT
2510792.1388300005,19.9929,0.1017,SAAO_KMTS02,KMT(I),KMT
2510792.15799,19.944,0.1455,SAAO_KMTS02,KMT(I),KMT
2510792.1696700007,19.8123,0.1027,SAAO_KMTS02,KMT(I),KMT
2510792.1810800005,19.4878,0.1762,SAAO_KMTS02,KMT(I),KMT
2510792.92201,20.107,0.1892,SAAO_KMTS02,KMT(I),KMT
2510792.93372,20.0703,0.1247,SAAO_KMTS02,KMT(I),KMT
2510792.95268,19.9052,0.1455,SAAO_KMTS02,KMT(I),KMT
2510792.96578,19.9317,0.1577,SAAO_KMTS02,KMT(I),KMT
2510792.9784399997,19.9186,0.1049,SAAO_KMTS02,KMT(I),KMT
2510792.9901599996,19.8812,0.1033,SAAO_KMTS02,KMT(I),KMT
2510793.00437,19.8243,0.1194,SAAO_KMTS02,KMT(I),KMT
2510793.0239700004,19.8575,0.0902,SAAO_KMTS02,KMT(I),KMT
2510793.0351800006,20.071,0.1321,SAAO_KMTS02,KMT(I),KMT
2510793.0470400006,19.9587,0.1097,SAAO_KMTS02,KMT(I),KMT
2510793.05863,19.9467,0.093,SAAO_KMTS02,KMT(I),KMT
2510793.07051,20.0331,0.1227,SAAO_KMTS02,KMT(I),KMT
2510793.08993,19.8238,0.0826,SAAO_KMTS02,KMT(I),KMT
2510793.11281,19.8673,0.0938,SAAO_KMTS02,KMT(I),KMT
2510793.1247499995,19.9603,0.1395,SAAO_KMTS02,KMT(I),KMT
2510793.1365799997,19.8993,0.1529,SAAO_KMTS02,KMT(I),KMT
2510793.1483900007,19.9742,0.1055,SAAO_KMTS02,KMT(I),KMT
2510793.16007,19.8113,0.0938,SAAO_KMTS02,KMT(I),KMT
2510793.1793300007,20.108,0.2198,SAAO_KMTS02,KMT(I),KMT
2510793.9228600003,20.0692,0.1954,SAAO_KMTS02,KMT(I),KMT
2510793.93437,19.7669,0.1011,SAAO_KMTS02,KMT(I),KMT
2510793.94606,20.1238,0.1423,SAAO_KMTS02,KMT(I),KMT
2510793.9604400005,20.0494,0.1311,SAAO_KMTS02,KMT(I),KMT
2510793.9852799997,19.7629,0.1064,SAAO_KMTS02,KMT(I),KMT
2510793.9969299994,19.9152,0.0996,SAAO_KMTS02,KMT(I),KMT
2510794.00835,20.3147,0.1684,SAAO_KMTS02,KMT(I),KMT
2510794.01965,19.967,0.119,SAAO_KMTS02,KMT(I),KMT
2510794.03123,20.0269,0.1219,SAAO_KMTS02,KMT(I),KMT
2510794.0505,19.9383,0.1404,SAAO_KMTS02,KMT(I),KMT
2510794.06221,19.9166,0.1481,SAAO_KMTS02,KMT(I),KMT
2510794.0738500003,20.1129,0.1549,SAAO_KMTS02,KMT(I),KMT
2510794.0868299995,19.9242,0.1122,SAAO_KMTS02,KMT(I),KMT
2510794.0984499995,19.791,0.1185,SAAO_KMTS02,KMT(I),KMT
2510794.1176999994,19.7933,0.1014,SAAO_KMTS02,KMT(I),KMT
2510794.1295100003,19.7459,0.1309,SAAO_KMTS02,KMT(I),KMT
2510794.1409300007,20.0015,0.1568,SAAO_KMTS02,KMT(I),KMT
2510794.1526500005,20.0105,0.1874,SAAO_KMTS02,KMT(I),KMT
2510794.16323,20.2899,0.2494,SAAO_KMTS02,KMT(I),KMT
2510797.91565,14.9673,0.2588,SAAO_KMTS02,KMT(I),KMT
2510797.93958,19.8523,0.2545,SAAO_KMTS02,KMT(I),KMT
2510797.94183,19.4928,0.1822,SAAO_KMTS02,KMT(I),KMT
2510797.95352,20.2064,3.3928,SAAO_KMTS02,KMT(I),KMT
2510798.03256,20.5888,1.2478,SAAO_KMTS02,KMT(I),KMT
2510798.05552,20.8091,1.6582,SAAO_KMTS02,KMT(I),KMT
2510798.06733,19.7024,0.1238,SAAO_KMTS02,KMT(I),KMT
2510798.0792999994,18.9906,0.1037,SAAO_KMTS02,KMT(I),KMT
2510798.0914900005,19.4966,0.1246,SAAO_KMTS02,KMT(I),KMT
2510798.1033299994,19.9426,0.1687,SAAO_KMTS02,KMT(I),KMT
2510798.1150199994,19.5911,0.116,SAAO_KMTS02,KMT(I),KMT
2510798.13406,19.3337,0.1476,SAAO_KMTS02,KMT(I),KMT
2510798.1459299996,19.9044,0.1378,SAAO_KMTS02,KMT(I),KMT
2510798.1598000005,20.5268,0.3095,SAAO_KMTS02,KMT(I),KMT
2510798.1716099996,19.9899,0.142,SAAO_KMTS02,KMT(I),KMT
2510798.1835900005,19.4821,0.2162,SAAO_KMTS02,KMT(I),KMT
2510798.92633,19.9298,0.1456,SAAO_KMTS02,KMT(I),KMT
2510798.93774,20.0099,0.1757,SAAO_KMTS02,KMT(I),KMT
2510798.9495899994,20.1376,0.2321,SAAO_KMTS02,KMT(I),KMT
2510798.9613000005,20.1665,0.2757,SAAO_KMTS02,KMT(I),KMT
2510798.9733099993,19.9309,0.1467,SAAO_KMTS02,KMT(I),KMT
2510798.9922599997,20.5938,0.2485,SAAO_KMTS02,KMT(I),KMT
2510799.0039300006,19.8179,0.1053,SAAO_KMTS02,KMT(I),KMT
2510799.0156200007,19.8859,0.1132,SAAO_KMTS02,KMT(I),KMT
2510799.0271499995,19.8811,0.144,SAAO_KMTS02,KMT(I),KMT
2510799.03916,19.887,0.1464,SAAO_KMTS02,KMT(I),KMT
2510799.05853,19.8205,0.135,SAAO_KMTS02,KMT(I),KMT
2510799.07025,19.8996,0.1207,SAAO_KMTS02,KMT(I),KMT
2510799.08263,19.972,0.1194,SAAO_KMTS02,KMT(I),KMT
2510799.0942199994,19.87,0.1092,SAAO_KMTS02,KMT(I),KMT
2510799.10597,20.0275,0.1249,SAAO_KMTS02,KMT(I),KMT
2510799.1252999995,19.9746,0.1223,SAAO_KMTS02,KMT(I),KMT
2510799.13731,20.1385,0.1605,SAAO_KMTS02,KMT(I),KMT
2510799.1491599996,20.2966,0.2058,SAAO_KMTS02,KMT(I),KMT
2510799.1608499996,19.9926,0.1724,SAAO_KMTS02,KMT(I),KMT
2510799.17432,20.2973,0.1887,SAAO_KMTS02,KMT(I),KMT
2510799.914,19.7972,0.1291,SAAO_KMTS02,KMT(I),KMT
2510799.92521,19.95,0.1335,SAAO_KMTS02,KMT(I),KMT
2510799.9370300006,19.9532,0.146,SAAO_KMTS02,KMT(I),KMT
2510799.94831,20.194,0.1862,SAAO_KMTS02,KMT(I),KMT
2510799.9598399997,19.7655,0.1111,SAAO_KMTS02,KMT(I),KMT
2510799.97905,19.9385,0.1458,SAAO_KMTS02,KMT(I),KMT
2510799.9907099996,19.9743,0.1045,SAAO_KMTS02,KMT(I),KMT
2510800.00268,20.0668,0.1414,SAAO_KMTS02,KMT(I),KMT
2510800.0146399997,19.9466,0.0977,SAAO_KMTS02,KMT(I),KMT
2510800.0263400003,19.8065,0.1251,SAAO_KMTS02,KMT(I),KMT
2510800.04505,19.8683,0.0998,SAAO_KMTS02,KMT(I),KMT
2510800.0568899997,19.8674,0.0948,SAAO_KMTS02,KMT(I),KMT
2510800.06972,20.0434,0.1557,SAAO_KMTS02,KMT(I),KMT
2510800.08153,19.9052,0.0951,SAAO_KMTS02,KMT(I),KMT
2510800.0930000003,20.0241,0.1262,SAAO_KMTS02,KMT(I),KMT
2510800.1041599996,20.0374,0.1102,SAAO_KMTS02,KMT(I),KMT
2510800.1229,19.8786,0.1002,SAAO_KMTS02,KMT(I),KMT
2510800.1347199995,20.0212,0.1039,SAAO_KMTS02,KMT(I),KMT
2510800.14659,19.9916,0.1063,SAAO_KMTS02,KMT(I),KMT
2510800.16964,19.8637,0.0991,SAAO_KMTS02,KMT(I),KMT
2510800.1812999994,20.0048,0.2305,SAAO_KMTS02,KMT(I),KMT
2510800.9044400007,20.0622,0.1833,SAAO_KMTS02,KMT(I),KMT
2510800.91627,20.1581,0.2041,SAAO_KMTS02,KMT(I),KMT
2510800.9279999994,20.2706,0.2059,SAAO_KMTS02,KMT(I),KMT
2510800.93961,19.8688,0.1277,SAAO_KMTS02,KMT(I),KMT
2510800.95103,20.0065,0.1593,SAAO_KMTS02,KMT(I),KMT
2510800.9696200006,19.9708,0.1162,SAAO_KMTS02,KMT(I),KMT
2510800.9816200007,19.7459,0.1157,SAAO_KMTS02,KMT(I),KMT
2510800.99355,19.9045,0.1339,SAAO_KMTS02,KMT(I),KMT
2510801.0054400004,19.9072,0.1077,SAAO_KMTS02,KMT(I),KMT
2510801.0173499994,19.913,0.1002,SAAO_KMTS02,KMT(I),KMT
2510801.0362599995,20.0277,0.1471,SAAO_KMTS02,KMT(I),KMT
2510801.04832,19.75,0.0891,SAAO_KMTS02,KMT(I),KMT
2510801.0603599995,19.9039,0.0858,SAAO_KMTS02,KMT(I),KMT
2510801.07206,19.8741,0.1012,SAAO_KMTS02,KMT(I),KMT
2510801.0836900007,19.9794,0.0952,SAAO_KMTS02,KMT(I),KMT
2510801.1032100003,20.0189,0.1374,SAAO_KMTS02,KMT(I),KMT
2510801.1149499994,20.2147,0.1796,SAAO_KMTS02,KMT(I),KMT
2510801.12674,19.7766,0.1153,SAAO_KMTS02,KMT(I),KMT
2510801.1382100005,19.9935,0.1696,SAAO_KMTS02,KMT(I),KMT
2510801.1501899995,19.9347,0.1811,SAAO_KMTS02,KMT(I),KMT
2510801.16928,20.122,0.2129,SAAO_KMTS02,KMT(I),KMT
2510801.1808599997,20.252,0.2691,SAAO_KMTS02,KMT(I),KMT
2510801.90353,19.628,0.0911,SAAO_KMTS02,KMT(I),KMT
2510801.91493,20.0363,0.1404,SAAO_KMTS02,KMT(I),KMT
2510801.92665,20.1147,0.1862,SAAO_KMTS02,KMT(I),KMT
2510801.9461700004,20.4939,0.2387,SAAO_KMTS02,KMT(I),KMT
2510801.95814,19.939,0.1108,SAAO_KMTS02,KMT(I),KMT
2510801.9701199997,19.8627,0.0986,SAAO_KMTS02,KMT(I),KMT
2510801.982,20.3185,0.1491,SAAO_KMTS02,KMT(I),KMT
2510801.99381,19.8717,0.1064,SAAO_KMTS02,KMT(I),KMT
2510802.01291,19.702,0.1207,SAAO_KMTS02,KMT(I),KMT
2510802.0265500005,19.7484,0.1144,SAAO_KMTS02,KMT(I),KMT
2510802.04057,19.7665,0.087,SAAO_KMTS02,KMT(I),KMT
2510802.05208,19.8918,0.1171,SAAO_KMTS02,KMT(I),KMT
2510802.06405,20.1007,0.1171,SAAO_KMTS02,KMT(I),KMT
2510802.07589,20.1222,0.1623,SAAO_KMTS02,KMT(I),KMT
2510802.0957200006,19.9039,0.1074,SAAO_KMTS02,KMT(I),KMT
2510802.10755,20.1625,0.1402,SAAO_KMTS02,KMT(I),KMT
2510802.11952,20.0916,0.1716,SAAO_KMTS02,KMT(I),KMT
2510802.1310799997,20.0945,0.1639,SAAO_KMTS02,KMT(I),KMT
2510802.1428200006,20.1065,0.159,SAAO_KMTS02,KMT(I),KMT
2510802.1627900004,19.9602,0.1423,SAAO_KMTS02,KMT(I),KMT
2510802.1746699996,19.5018,0.0997,SAAO_KMTS02,KMT(I),KMT
2510802.1885899995,19.6014,0.3977,SAAO_KMTS02,KMT(I),KMT
2510802.90895,19.7074,0.1252,SAAO_KMTS02,KMT(I),KMT
2510802.92074,19.907,0.1555,SAAO_KMTS02,KMT(I),KMT
2510802.93245,20.1233,0.1429,SAAO_KMTS02,KMT(I),KMT
2510802.9516000003,19.9556,0.1565,SAAO_KMTS02,KMT(I),KMT
2510802.96502,19.9208,0.1203,SAAO_KMTS02,KMT(I),KMT
2510802.9770100005,19.9856,0.125,SAAO_KMTS02,KMT(I),KMT
2510802.9889400005,20.0576,0.1298,SAAO_KMTS02,KMT(I),KMT
2510803.00067,19.7529,0.0943,SAAO_KMTS02,KMT(I),KMT
2510803.0197400004,20.0531,0.1417,SAAO_KMTS02,KMT(I),KMT
2510803.0315700006,19.9117,0.1208,SAAO_KMTS02,KMT(I),KMT
2510803.0434,19.8594,0.11,SAAO_KMTS02,KMT(I),KMT
2510803.0552399997,20.2095,0.1612,SAAO_KMTS02,KMT(I),KMT
2510803.06709,19.9581,0.1315,SAAO_KMTS02,KMT(I),KMT
2510803.0862600002,19.8484,0.1104,SAAO_KMTS02,KMT(I),KMT
2510803.09803,19.8762,0.1246,SAAO_KMTS02,KMT(I),KMT
2510803.1097800005,20.0472,0.1453,SAAO_KMTS02,KMT(I),KMT
2510803.1219800003,19.9826,0.1477,SAAO_KMTS02,KMT(I),KMT
2510803.1340200007,19.6454,0.1072,SAAO_KMTS02,KMT(I),KMT
2510803.1530099995,19.992,0.1241,SAAO_KMTS02,KMT(I),KMT
2510803.1649699993,20.0686,0.1486,SAAO_KMTS02,KMT(I),KMT
2510803.17652,19.5587,0.095,SAAO_KMTS02,KMT(I),KMT
2510803.1882300004,20.039,0.5558,SAAO_KMTS02,KMT(I),KMT
2510803.8973399997,19.8909,0.1385,SAAO_KMTS02,KMT(I),KMT
2510803.9090299997,20.1512,0.2055,SAAO_KMTS02,KMT(I),KMT
2510803.92775,20.0697,0.1488,SAAO_KMTS02,KMT(I),KMT
2510803.93936,19.7536,0.1052,SAAO_KMTS02,KMT(I),KMT
2510803.9511,19.9397,0.1058,SAAO_KMTS02,KMT(I),KMT
2510803.9638400003,20.2078,0.1626,SAAO_KMTS02,KMT(I),KMT
2510803.97533,20.1266,0.178,SAAO_KMTS02,KMT(I),KMT
2510803.99409,19.7324,0.0935,SAAO_KMTS02,KMT(I),KMT
2510804.0058900006,19.9031,0.1023,SAAO_KMTS02,KMT(I),KMT
2510804.0174400005,20.0471,0.1222,SAAO_KMTS02,KMT(I),KMT
2510804.0294199996,20.0006,0.1301,SAAO_KMTS02,KMT(I),KMT
2510804.04108,20.154,0.126,SAAO_KMTS02,KMT(I),KMT
2510804.0528999995,19.7878,0.0999,SAAO_KMTS02,KMT(I),KMT
2510804.0720499996,19.9164,0.1336,SAAO_KMTS02,KMT(I),KMT
2510804.0845100004,19.9174,0.1492,SAAO_KMTS02,KMT(I),KMT
2510804.0962199997,20.0731,0.1514,SAAO_KMTS02,KMT(I),KMT
2510804.10805,19.9784,0.1312,SAAO_KMTS02,KMT(I),KMT
2510804.11998,19.7169,0.0928,SAAO_KMTS02,KMT(I),KMT
2510804.1393100005,20.0187,0.158,SAAO_KMTS02,KMT(I),KMT
2510804.15068,19.7488,0.1197,SAAO_KMTS02,KMT(I),KMT
2510804.16239,19.8574,0.1087,SAAO_KMTS02,KMT(I),KMT
2510804.17385,19.9132,0.1502,SAAO_KMTS02,KMT(I),KMT
2510804.18616,19.7071,0.2134,SAAO_KMTS02,KMT(I),KMT
2510804.89496,19.732,0.1638,SAAO_KMTS02,KMT(I),KMT
2510804.9139099997,20.1216,0.1885,SAAO_KMTS02,KMT(I),KMT
2510804.9259399995,20.181,0.1991,SAAO_KMTS02,KMT(I),KMT
2510804.9378999993,19.6698,0.1248,SAAO_KMTS02,KMT(I),KMT
2510804.9498200007,20.0252,0.1922,SAAO_KMTS02,KMT(I),KMT
2510804.96177,19.9428,0.1525,SAAO_KMTS02,KMT(I),KMT
2510804.9811499994,20.0383,0.1563,SAAO_KMTS02,KMT(I),KMT
2510804.9927699994,18.7269,0.0815,SAAO_KMTS02,KMT(I),KMT
2510805.0043599997,19.4369,0.1096,SAAO_KMTS02,KMT(I),KMT
2510805.0158699993,19.7767,0.1613,SAAO_KMTS02,KMT(I),KMT
2510805.0275800005,19.8942,0.1734,SAAO_KMTS02,KMT(I),KMT
2510805.0466799997,19.9602,0.1307,SAAO_KMTS02,KMT(I),KMT
2510805.0596900005,19.8453,0.1488,SAAO_KMTS02,KMT(I),KMT
2510806.8944300003,20.1958,0.4493,SAAO_KMTS02,KMT(I),KMT
2510806.90599,20.2361,0.505,SAAO_KMTS02,KMT(I),KMT
2510806.9285199996,19.2803,0.185,SAAO_KMTS02,KMT(I),KMT
2510806.94035,19.68,0.2239,SAAO_KMTS02,KMT(I),KMT
2510806.9594,19.6523,0.1975,SAAO_KMTS02,KMT(I),KMT
2510806.97064,19.4374,0.1485,SAAO_KMTS02,KMT(I),KMT
2510806.9824899994,19.6266,0.1858,SAAO_KMTS02,KMT(I),KMT
2510806.99433,19.7768,0.1869,SAAO_KMTS02,KMT(I),KMT
2510807.00615,20.1554,0.2722,SAAO_KMTS02,KMT(I),KMT
2510807.0251599997,19.5666,0.1752,SAAO_KMTS02,KMT(I),KMT
2510807.03711,20.2341,0.3076,SAAO_KMTS02,KMT(I),KMT
2510807.04909,20.009,0.2529,SAAO_KMTS02,KMT(I),KMT
2510807.06078,20.3704,0.3311,SAAO_KMTS02,KMT(I),KMT
2510807.07307,19.3062,0.2284,SAAO_KMTS02,KMT(I),KMT
2510807.092,19.6372,0.3357,SAAO_KMTS02,KMT(I),KMT
2510807.11118,20.1755,0.8878,SAAO_KMTS02,KMT(I),KMT
2510807.1228599995,20.0657,0.3665,SAAO_KMTS02,KMT(I),KMT
2510807.1348599996,19.7967,0.1965,SAAO_KMTS02,KMT(I),KMT
2510807.14673,20.2336,0.3388,SAAO_KMTS02,KMT(I),KMT
2510807.15854,19.4574,0.2375,SAAO_KMTS02,KMT(I),KMT
2510807.1775,20.3638,0.607,SAAO_KMTS02,KMT(I),KMT
2510807.8886699993,20.1573,0.8957,SAAO_KMTS02,KMT(I),KMT
2510807.9004999995,19.2694,0.4579,SAAO_KMTS02,KMT(I),KMT
2510807.91345,20.1585,0.7172,SAAO_KMTS02,KMT(I),KMT
2510807.9323900007,19.4329,0.2886,SAAO_KMTS02,KMT(I),KMT
2510807.9439700004,19.6767,0.2858,SAAO_KMTS02,KMT(I),KMT
2510807.9557600003,19.7905,0.2852,SAAO_KMTS02,KMT(I),KMT
2510807.96811,19.7775,0.3629,SAAO_KMTS02,KMT(I),KMT
2510807.98013,19.7434,0.2121,SAAO_KMTS02,KMT(I),KMT
2510807.9990299996,20.1454,0.2256,SAAO_KMTS02,KMT(I),KMT
2510808.01076,19.8631,0.1871,SAAO_KMTS02,KMT(I),KMT
2510808.02271,19.6727,0.1274,SAAO_KMTS02,KMT(I),KMT
2510808.0348499995,19.8549,0.1675,SAAO_KMTS02,KMT(I),KMT
2510808.0467300005,20.098,0.1808,SAAO_KMTS02,KMT(I),KMT
2510808.06575,19.7664,0.1424,SAAO_KMTS02,KMT(I),KMT
2510808.07756,19.7231,0.2513,SAAO_KMTS02,KMT(I),KMT
2510808.08961,20.1817,0.4063,SAAO_KMTS02,KMT(I),KMT
2510808.10142,20.2878,0.5556,SAAO_KMTS02,KMT(I),KMT
2510808.1155699994,20.018,0.3378,SAAO_KMTS02,KMT(I),KMT
2510808.13459,19.9292,0.2463,SAAO_KMTS02,KMT(I),KMT
2510808.14659,19.7843,0.1952,SAAO_KMTS02,KMT(I),KMT
2510808.1582999993,19.6579,0.2044,SAAO_KMTS02,KMT(I),KMT
2510808.1701299995,19.9985,0.1919,SAAO_KMTS02,KMT(I),KMT
2510808.1821299996,20.2961,0.3671,SAAO_KMTS02,KMT(I),KMT
2510808.8920300007,20.19,0.7527,SAAO_KMTS02,KMT(I),KMT
2510808.904,19.9003,0.7527,SAAO_KMTS02,KMT(I),KMT
2510808.9164899997,19.5426,0.3828,SAAO_KMTS02,KMT(I),KMT
2510808.92808,20.0882,0.6883,SAAO_KMTS02,KMT(I),KMT
2510808.9412399996,20.0963,0.6203,SAAO_KMTS02,KMT(I),KMT
2510808.96074,20.1263,0.7245,SAAO_KMTS02,KMT(I),KMT
2510808.9724700004,20.103,0.6682,SAAO_KMTS02,KMT(I),KMT
2510808.98458,19.8982,0.4904,SAAO_KMTS02,KMT(I),KMT
2510808.9962600004,19.7537,0.2908,SAAO_KMTS02,KMT(I),KMT
2510809.0082399994,20.5415,0.4782,SAAO_KMTS02,KMT(I),KMT
2510809.02004,19.7377,0.3066,SAAO_KMTS02,KMT(I),KMT
2510809.03926,20.3993,0.3488,SAAO_KMTS02,KMT(I),KMT
2510809.05126,19.6454,0.1299,SAAO_KMTS02,KMT(I),KMT
2510809.0633000005,19.7794,0.3057,SAAO_KMTS02,KMT(I),KMT
2510809.07501,20.3194,0.577,SAAO_KMTS02,KMT(I),KMT
2510809.08696,19.5786,0.271,SAAO_KMTS02,KMT(I),KMT
2510809.10599,19.9153,0.3887,SAAO_KMTS02,KMT(I),KMT
2510809.1176699996,19.7491,0.3217,SAAO_KMTS02,KMT(I),KMT
2510809.1410799995,19.5792,0.2777,SAAO_KMTS02,KMT(I),KMT
2510809.1529099997,19.3081,0.2092,SAAO_KMTS02,KMT(I),KMT
2510809.17225,19.5847,0.243,SAAO_KMTS02,KMT(I),KMT
2510809.8590200003,19.5576,0.6566,SAAO_KMTS02,KMT(I),KMT
2510809.8871800005,20.0216,0.9228,SAAO_KMTS02,KMT(I),KMT
2510809.89891,19.3662,0.5568,SAAO_KMTS02,KMT(I),KMT
2510809.90747,19.4288,0.4672,SAAO_KMTS02,KMT(I),KMT
2510809.9192500003,19.4846,0.4339,SAAO_KMTS02,KMT(I),KMT
2510809.9214500003,19.6062,0.5136,SAAO_KMTS02,KMT(I),KMT
2510809.93384,20.312,1.6812,SAAO_KMTS02,KMT(I),KMT
2510809.94563,19.9661,1.1449,SAAO_KMTS02,KMT(I),KMT
2510809.95759,20.5703,5.6796,SAAO_KMTS02,KMT(I),KMT
2510809.96901,19.3535,0.3864,SAAO_KMTS02,KMT(I),KMT
2510809.97767,19.7095,0.6403,SAAO_KMTS02,KMT(I),KMT
2510809.99696,20.2253,1.404,SAAO_KMTS02,KMT(I),KMT
2510810.00885,19.6516,0.5301,SAAO_KMTS02,KMT(I),KMT
2510810.0293300003,20.7282,4.0072,SAAO_KMTS02,KMT(I),KMT
2510810.0559599996,19.9386,0.7151,SAAO_KMTS02,KMT(I),KMT
2510810.0678000003,19.6748,0.5541,SAAO_KMTS02,KMT(I),KMT
2510810.07697,19.1945,0.3832,SAAO_KMTS02,KMT(I),KMT
2510810.09158,19.6113,0.5156,SAAO_KMTS02,KMT(I),KMT
2510810.1036399994,19.7609,0.6319,SAAO_KMTS02,KMT(I),KMT
2510810.1117599998,19.9521,1.4447,SAAO_KMTS02,KMT(I),KMT
2510810.13093,18.7608,0.2429,SAAO_KMTS02,KMT(I),KMT
2510810.1414400004,20.0366,1.1404,SAAO_KMTS02,KMT(I),KMT
2510810.14879,19.4938,0.5446,SAAO_KMTS02,KMT(I),KMT
2510811.87383,18.6105,0.8156,SAAO_KMTS02,KMT(I),KMT
2510811.8994999994,19.2079,0.8307,SAAO_KMTS02,KMT(I),KMT
2510811.9115500003,19.3142,0.3556,SAAO_KMTS02,KMT(I),KMT
2510811.9233599994,18.724,0.7198,SAAO_KMTS02,KMT(I),KMT
2510811.93506,17.5256,0.8433,SAAO_KMTS02,KMT(I),KMT
2510811.9774900004,19.1903,0.3966,SAAO_KMTS02,KMT(I),KMT
2510812.0008499995,14.5071,0.4112,SAAO_KMTS02,KMT(I),KMT
2510812.01239,16.4256,0.7239,SAAO_KMTS02,KMT(I),KMT
2510812.0441200007,19.912,0.4296,SAAO_KMTS02,KMT(I),KMT
2510812.0675799996,20.2197,0.5369,SAAO_KMTS02,KMT(I),KMT
2510812.0985000003,18.8617,1.0548,SAAO_KMTS02,KMT(I),KMT
2510812.11029,19.9073,1.2084,SAAO_KMTS02,KMT(I),KMT
2510812.13392,19.3617,1.613,SAAO_KMTS02,KMT(I),KMT
2510812.1452600006,18.9824,0.6517,SAAO_KMTS02,KMT(I),KMT
2510812.1755599994,18.1669,0.5526,SAAO_KMTS02,KMT(I),KMT
2510812.8826400004,20.2021,0.9601,SAAO_KMTS02,KMT(I),KMT
2510812.9065000005,19.1718,0.4706,SAAO_KMTS02,KMT(I),KMT
2510812.9257699996,20.4836,0.7273,SAAO_KMTS02,KMT(I),KMT
2510812.94976,20.0639,0.3074,SAAO_KMTS02,KMT(I),KMT
2510812.96146,19.09,0.8588,SAAO_KMTS02,KMT(I),KMT
2510813.00342,19.7708,0.2837,SAAO_KMTS02,KMT(I),KMT
2510813.0152000003,19.581,0.2923,SAAO_KMTS02,KMT(I),KMT
2510813.02709,19.7211,0.1361,SAAO_KMTS02,KMT(I),KMT
2510813.0401300006,19.66,0.1801,SAAO_KMTS02,KMT(I),KMT
2510813.05189,20.5487,0.7675,SAAO_KMTS02,KMT(I),KMT
2510813.0748200007,19.8428,0.1959,SAAO_KMTS02,KMT(I),KMT
2510813.0866599996,20.0273,0.18,SAAO_KMTS02,KMT(I),KMT
2510813.0985899996,19.9004,0.2513,SAAO_KMTS02,KMT(I),KMT
2510813.11056,20.1381,0.338,SAAO_KMTS02,KMT(I),KMT
2510813.12204,19.688,0.23,SAAO_KMTS02,KMT(I),KMT
2510813.1414,20.0946,0.3558,SAAO_KMTS02,KMT(I),KMT
2510813.1531099994,19.8649,0.5141,SAAO_KMTS02,KMT(I),KMT
2510813.1649399996,19.9897,0.3045,SAAO_KMTS02,KMT(I),KMT
2510813.17695,20.7183,8.2448,SAAO_KMTS02,KMT(I),KMT
2510813.1887800004,19.8867,0.3434,SAAO_KMTS02,KMT(I),KMT
2510813.88899,12.4598,0.3144,SAAO_KMTS02,KMT(I),KMT
2510814.89002,19.9423,1.0672,SAAO_KMTS02,KMT(I),KMT
2510814.9093200006,19.7092,0.1713,SAAO_KMTS02,KMT(I),KMT
2510814.92122,20.0335,0.2654,SAAO_KMTS02,KMT(I),KMT
2510814.9330899995,19.986,0.4407,SAAO_KMTS02,KMT(I),KMT
2510814.94503,20.5349,0.9067,SAAO_KMTS02,KMT(I),KMT
2510814.95677,20.2673,0.7571,SAAO_KMTS02,KMT(I),KMT
2510814.9685200006,20.4701,3.0738,SAAO_KMTS02,KMT(I),KMT
2510815.01136,20.6348,1.4447,SAAO_KMTS02,KMT(I),KMT
2510815.0233699996,19.5076,0.2354,SAAO_KMTS02,KMT(I),KMT
2510815.03517,20.2341,0.3703,SAAO_KMTS02,KMT(I),KMT
2510815.04717,20.8096,1.4135,SAAO_KMTS02,KMT(I),KMT
2510815.06702,20.5315,0.8423,SAAO_KMTS02,KMT(I),KMT
2510815.0798000004,20.8459,2.5093,SAAO_KMTS02,KMT(I),KMT
2510815.09256,20.0671,0.36,SAAO_KMTS02,KMT(I),KMT
2510815.1044999994,20.2532,0.2304,SAAO_KMTS02,KMT(I),KMT
2510815.11654,20.0329,0.1875,SAAO_KMTS02,KMT(I),KMT
2510815.1356499996,20.2619,0.6639,SAAO_KMTS02,KMT(I),KMT
2510815.15917,20.211,0.4531,SAAO_KMTS02,KMT(I),KMT
2510815.18262,19.5706,0.3649,SAAO_KMTS02,KMT(I),KMT
2510817.8646300007,20.0362,0.1306,SAAO_KMTS02,KMT(I),KMT
2510817.8761599995,19.8588,0.101,SAAO_KMTS02,KMT(I),KMT
2510817.88892,19.7846,0.1092,SAAO_KMTS02,KMT(I),KMT
2510817.9005699996,19.8308,0.1107,SAAO_KMTS02,KMT(I),KMT
2510817.91252,19.8405,0.1113,SAAO_KMTS02,KMT(I),KMT
2510817.93167,20.1013,0.1493,SAAO_KMTS02,KMT(I),KMT
2510817.9434900004,19.9039,0.1117,SAAO_KMTS02,KMT(I),KMT
2510817.9553999994,19.8745,0.0926,SAAO_KMTS02,KMT(I),KMT
2510817.96679,19.8928,0.1101,SAAO_KMTS02,KMT(I),KMT
2510817.9786,20.0411,0.1459,SAAO_KMTS02,KMT(I),KMT
2510817.9977199994,20.1248,0.1021,SAAO_KMTS02,KMT(I),KMT
2510818.00945,20.1356,0.1397,SAAO_KMTS02,KMT(I),KMT
2510818.0214300007,19.8764,0.0842,SAAO_KMTS02,KMT(I),KMT
2510818.0336499996,19.8629,0.1729,SAAO_KMTS02,KMT(I),KMT
2510818.0455099996,19.8439,0.1119,SAAO_KMTS02,KMT(I),KMT
2510818.0645000003,20.0948,0.1119,SAAO_KMTS02,KMT(I),KMT
2510818.07632,19.9671,0.1415,SAAO_KMTS02,KMT(I),KMT
2510818.08837,19.9397,0.1117,SAAO_KMTS02,KMT(I),KMT
2510818.1003099997,19.744,0.1066,SAAO_KMTS02,KMT(I),KMT
2510818.1124,19.9885,0.1348,SAAO_KMTS02,KMT(I),KMT
2510818.13174,19.8326,0.1396,SAAO_KMTS02,KMT(I),KMT
2510818.1478000004,19.9725,0.1324,SAAO_KMTS02,KMT(I),KMT
2510818.15962,20.0133,0.1622,SAAO_KMTS02,KMT(I),KMT
2510818.1712299995,20.0793,0.2121,SAAO_KMTS02,KMT(I),KMT
2510818.1835699994,20.1601,0.2073,SAAO_KMTS02,KMT(I),KMT
2510818.8570499998,19.7042,0.1468,SAAO_KMTS02,KMT(I),KMT
2510818.87677,20.2739,0.2318,SAAO_KMTS02,KMT(I),KMT
2510818.89616,20.0289,0.1643,SAAO_KMTS02,KMT(I),KMT
2510818.90843,19.9685,0.1323,SAAO_KMTS02,KMT(I),KMT
2510818.9201299995,20.0528,0.1575,SAAO_KMTS02,KMT(I),KMT
2510818.9319199994,19.707,0.1086,SAAO_KMTS02,KMT(I),KMT
2510818.94372,19.7453,0.12,SAAO_KMTS02,KMT(I),KMT
2510818.9629800003,19.9476,0.1453,SAAO_KMTS02,KMT(I),KMT
2510818.9748599995,19.8016,0.1217,SAAO_KMTS02,KMT(I),KMT
2510818.9864600003,19.958,0.113,SAAO_KMTS02,KMT(I),KMT
2510818.9982900005,19.8941,0.1296,SAAO_KMTS02,KMT(I),KMT
2510819.0100999996,20.1406,0.1371,SAAO_KMTS02,KMT(I),KMT
2510819.02915,19.9868,0.1368,SAAO_KMTS02,KMT(I),KMT
2510819.0410900004,20.4469,0.1797,SAAO_KMTS02,KMT(I),KMT
2510819.0527599994,19.9029,0.1269,SAAO_KMTS02,KMT(I),KMT
2510819.0646,19.9157,0.1153,SAAO_KMTS02,KMT(I),KMT
2510819.0763799995,19.7801,0.1171,SAAO_KMTS02,KMT(I),KMT
2510819.0952700004,20.2556,0.2279,SAAO_KMTS02,KMT(I),KMT
2510819.1071000006,19.8781,0.1496,SAAO_KMTS02,KMT(I),KMT
2510819.11895,19.7468,0.14,SAAO_KMTS02,KMT(I),KMT
2510819.13024,19.7482,0.1494,SAAO_KMTS02,KMT(I),KMT
2510819.1420799997,20.2629,0.2498,SAAO_KMTS02,KMT(I),KMT
2510819.16108,19.6927,0.2083,SAAO_KMTS02,KMT(I),KMT
2510819.17461,19.7867,0.1506,SAAO_KMTS02,KMT(I),KMT
2510819.85561,20.0322,0.1736,SAAO_KMTS02,KMT(I),KMT
2510819.86701,19.7444,0.1403,SAAO_KMTS02,KMT(I),KMT
2510819.8786699995,19.7639,0.1167,SAAO_KMTS02,KMT(I),KMT
2510819.8899600003,20.0193,0.1466,SAAO_KMTS02,KMT(I),KMT
2510819.90168,20.2414,0.2379,SAAO_KMTS02,KMT(I),KMT
2510819.92062,19.8935,0.1569,SAAO_KMTS02,KMT(I),KMT
2510819.93611,19.7373,0.1018,SAAO_KMTS02,KMT(I),KMT
2510819.9480600003,19.9749,0.1407,SAAO_KMTS02,KMT(I),KMT
2510819.95969,20.0447,0.1765,SAAO_KMTS02,KMT(I),KMT
2510819.97174,19.8354,0.1432,SAAO_KMTS02,KMT(I),KMT
2510819.9908300005,19.7785,0.1129,SAAO_KMTS02,KMT(I),KMT
2510820.0026399996,20.0514,0.1442,SAAO_KMTS02,KMT(I),KMT
2510820.0144800004,20.0443,0.1584,SAAO_KMTS02,KMT(I),KMT
2510820.0263400003,19.8417,0.1158,SAAO_KMTS02,KMT(I),KMT
2510820.0381300002,20.3839,0.1742,SAAO_KMTS02,KMT(I),KMT
2510820.0597600006,20.0042,0.1419,SAAO_KMTS02,KMT(I),KMT
2510820.0717699993,19.5541,0.1011,SAAO_KMTS02,KMT(I),KMT
2510820.0837699994,19.594,0.1206,SAAO_KMTS02,KMT(I),KMT
2510820.0953599997,19.5938,0.1162,SAAO_KMTS02,KMT(I),KMT
2510820.10709,19.8935,0.1336,SAAO_KMTS02,KMT(I),KMT
2510820.11883,19.6918,0.1622,SAAO_KMTS02,KMT(I),KMT
2510820.1380199995,19.4911,0.1497,SAAO_KMTS02,KMT(I),KMT
2510820.1497600004,19.7703,0.1526,SAAO_KMTS02,KMT(I),KMT
2510820.1617099997,19.0858,0.122,SAAO_KMTS02,KMT(I),KMT
2510820.1742400005,17.7252,0.0498,SAAO_KMTS02,KMT(I),KMT
2510820.18458,19.5002,0.1606,SAAO_KMTS02,KMT(I),KMT
2510820.84619,20.0729,0.233,SAAO_KMTS02,KMT(I),KMT
2510820.8587299995,20.2044,0.1991,SAAO_KMTS02,KMT(I),KMT
2510820.8778099995,19.7736,0.1406,SAAO_KMTS02,KMT(I),KMT
2510820.88966,19.8553,0.1598,SAAO_KMTS02,KMT(I),KMT
2510820.90235,20.1253,0.1584,SAAO_KMTS02,KMT(I),KMT
2510820.91404,20.407,0.2309,SAAO_KMTS02,KMT(I),KMT
2510820.9255800005,19.9221,0.1538,SAAO_KMTS02,KMT(I),KMT
2510820.94496,19.5707,0.0996,SAAO_KMTS02,KMT(I),KMT
2510820.9568300005,20.1606,0.194,SAAO_KMTS02,KMT(I),KMT
2510820.96076,19.9671,0.133,SAAO_KMTS02,KMT(I),KMT
2510820.97253,19.7381,0.1109,SAAO_KMTS02,KMT(I),KMT
2510820.9844499994,19.9931,0.1339,SAAO_KMTS02,KMT(I),KMT
2510820.99641,19.7146,0.1163,SAAO_KMTS02,KMT(I),KMT
2510821.0156999994,19.9686,0.1054,SAAO_KMTS02,KMT(I),KMT
2510821.02743,19.8002,0.1214,SAAO_KMTS02,KMT(I),KMT
2510821.04033,19.7726,0.117,SAAO_KMTS02,KMT(I),KMT
2510821.0521799996,19.9093,0.1539,SAAO_KMTS02,KMT(I),KMT
2510821.0646199994,20.0233,0.134,SAAO_KMTS02,KMT(I),KMT
2510821.08388,19.8517,0.1179,SAAO_KMTS02,KMT(I),KMT
2510821.0958399996,20.1693,0.1428,SAAO_KMTS02,KMT(I),KMT
2510821.10783,19.9877,0.1298,SAAO_KMTS02,KMT(I),KMT
2510821.12055,20.1921,0.1808,SAAO_KMTS02,KMT(I),KMT
2510821.13236,19.9047,0.1296,SAAO_KMTS02,KMT(I),KMT
2510821.15178,19.9667,0.17,SAAO_KMTS02,KMT(I),KMT
2510821.16362,19.6027,0.1202,SAAO_KMTS02,KMT(I),KMT
2510821.17418,20.0869,0.1717,SAAO_KMTS02,KMT(I),KMT
2510821.1845999993,20.3397,0.4302,SAAO_KMTS02,KMT(I),KMT
2510821.8442199994,19.4324,0.1735,SAAO_KMTS02,KMT(I),KMT
2510821.8600699995,18.8733,0.0772,SAAO_KMTS02,KMT(I),KMT
2510821.8720500004,18.1457,0.0578,SAAO_KMTS02,KMT(I),KMT
2510821.8912700005,19.1168,0.1116,SAAO_KMTS02,KMT(I),KMT
2510821.9032000005,17.6346,0.087,SAAO_KMTS02,KMT(I),KMT
2510821.9154899996,18.8555,0.0996,SAAO_KMTS02,KMT(I),KMT
2510821.92748,19.2269,0.1247,SAAO_KMTS02,KMT(I),KMT
2510821.93937,17.544,0.0525,SAAO_KMTS02,KMT(I),KMT
2510821.95833,18.1354,0.0621,SAAO_KMTS02,KMT(I),KMT
2510821.9726599995,18.6662,0.0724,SAAO_KMTS02,KMT(I),KMT
2510821.9846,18.6914,0.0832,SAAO_KMTS02,KMT(I),KMT
2510821.99641,17.9681,0.0433,SAAO_KMTS02,KMT(I),KMT
2510822.0085000005,18.2643,0.0502,SAAO_KMTS02,KMT(I),KMT
2510822.84346,20.8353,2.4676,SAAO_KMTS02,KMT(I),KMT
2510822.8635399994,19.9824,0.1423,SAAO_KMTS02,KMT(I),KMT
2510822.87509,19.9779,0.1279,SAAO_KMTS02,KMT(I),KMT
2510822.8870899994,20.0466,0.1367,SAAO_KMTS02,KMT(I),KMT
2510822.89913,20.1502,0.2164,SAAO_KMTS02,KMT(I),KMT
2510822.9162099995,19.869,0.1062,SAAO_KMTS02,KMT(I),KMT
2510822.9355500005,19.7458,0.1164,SAAO_KMTS02,KMT(I),KMT
2510822.9481300004,19.8716,0.1377,SAAO_KMTS02,KMT(I),KMT
2510822.9598200005,20.2013,0.2278,SAAO_KMTS02,KMT(I),KMT
2510822.97466,19.7692,0.112,SAAO_KMTS02,KMT(I),KMT
2510822.9869800005,20.0803,0.1512,SAAO_KMTS02,KMT(I),KMT
2510823.0057299994,19.6817,0.1183,SAAO_KMTS02,KMT(I),KMT
2510823.01753,20.1029,0.1924,SAAO_KMTS02,KMT(I),KMT
2510823.02948,20.0635,0.1461,SAAO_KMTS02,KMT(I),KMT
2510823.0414499994,20.0784,0.1378,SAAO_KMTS02,KMT(I),KMT
2510823.05339,19.6821,0.1116,SAAO_KMTS02,KMT(I),KMT
2510823.07254,19.7469,0.132,SAAO_KMTS02,KMT(I),KMT
2510823.0845100004,19.7805,0.1296,SAAO_KMTS02,KMT(I),KMT
2510823.09633,19.7535,0.1425,SAAO_KMTS02,KMT(I),KMT
2510823.1114300005,19.7203,0.1514,SAAO_KMTS02,KMT(I),KMT
2510823.12323,19.3087,0.0966,SAAO_KMTS02,KMT(I),KMT
2510823.14621,19.9663,0.2007,SAAO_KMTS02,KMT(I),KMT
2510823.16012,20.0401,0.2274,SAAO_KMTS02,KMT(I),KMT
2510823.1662099995,19.5418,0.1487,SAAO_KMTS02,KMT(I),KMT
2510823.17636,19.2588,0.1175,SAAO_KMTS02,KMT(I),KMT
2510823.84605,19.4636,0.1109,SAAO_KMTS02,KMT(I),KMT
2510823.85846,19.479,0.1341,SAAO_KMTS02,KMT(I),KMT
2510823.87008,19.7249,0.2041,SAAO_KMTS02,KMT(I),KMT
2510823.8886200003,19.486,0.147,SAAO_KMTS02,KMT(I),KMT
2510823.90032,21.0783,1.088,SAAO_KMTS02,KMT(I),KMT
2510823.9120300002,19.7908,0.18,SAAO_KMTS02,KMT(I),KMT
2510823.92574,19.3249,0.1088,SAAO_KMTS02,KMT(I),KMT
2510823.93741,18.9699,0.3614,SAAO_KMTS02,KMT(I),KMT
2510825.84576,19.6304,0.1659,SAAO_KMTS02,KMT(I),KMT
2510825.85731,19.6262,0.1773,SAAO_KMTS02,KMT(I),KMT
2510825.8705400005,20.096,0.2012,SAAO_KMTS02,KMT(I),KMT
2510825.88237,19.9758,0.2006,SAAO_KMTS02,KMT(I),KMT
2510825.90082,19.9038,0.1393,SAAO_KMTS02,KMT(I),KMT
2510825.9123800006,19.7912,0.1025,SAAO_KMTS02,KMT(I),KMT
2510825.92425,19.7914,0.118,SAAO_KMTS02,KMT(I),KMT
2510825.93597,19.8553,0.1458,SAAO_KMTS02,KMT(I),KMT
2510825.9476999994,19.6494,0.1129,SAAO_KMTS02,KMT(I),KMT
2510825.9650599994,19.6162,0.1429,SAAO_KMTS02,KMT(I),KMT
2510825.9769899994,19.8134,0.1884,SAAO_KMTS02,KMT(I),KMT
2510825.98881,19.6183,0.0989,SAAO_KMTS02,KMT(I),KMT
2510826.00062,19.8827,0.1575,SAAO_KMTS02,KMT(I),KMT
2510826.0195000004,19.4568,0.1303,SAAO_KMTS02,KMT(I),KMT
2510826.03147,19.8464,0.1307,SAAO_KMTS02,KMT(I),KMT
2510826.0461800005,19.9573,0.1788,SAAO_KMTS02,KMT(I),KMT
2510826.0577099994,20.4018,0.255,SAAO_KMTS02,KMT(I),KMT
2510826.0767599996,20.6417,0.3519,SAAO_KMTS02,KMT(I),KMT
2510826.0884499997,19.8862,0.136,SAAO_KMTS02,KMT(I),KMT
2510826.10052,19.6201,0.125,SAAO_KMTS02,KMT(I),KMT
2510826.11249,19.8019,0.1357,SAAO_KMTS02,KMT(I),KMT
2510826.12419,19.7256,0.1523,SAAO_KMTS02,KMT(I),KMT
2510826.14296,19.1199,0.1254,SAAO_KMTS02,KMT(I),KMT
2510826.15472,19.6729,0.1549,SAAO_KMTS02,KMT(I),KMT
2510826.16773,19.9743,0.2419,SAAO_KMTS02,KMT(I),KMT
2510826.1797,19.7646,0.2046,SAAO_KMTS02,KMT(I),KMT
2510826.1921699997,19.2495,0.235,SAAO_KMTS02,KMT(I),KMT
2510826.8469600007,19.6411,0.1344,SAAO_KMTS02,KMT(I),KMT
2510826.8589399997,19.5263,0.1735,SAAO_KMTS02,KMT(I),KMT
2510826.87813,19.9488,0.1659,SAAO_KMTS02,KMT(I),KMT
2510826.8898399994,19.7659,0.1207,SAAO_KMTS02,KMT(I),KMT
2510826.90565,20.7159,0.3892,SAAO_KMTS02,KMT(I),KMT
2510826.91749,19.7028,0.1716,SAAO_KMTS02,KMT(I),KMT
2510826.92949,20.5439,0.4892,SAAO_KMTS02,KMT(I),KMT
2510826.94886,20.1113,0.405,SAAO_KMTS02,KMT(I),KMT
2510826.9614400007,20.0006,0.1374,SAAO_KMTS02,KMT(I),KMT
2510826.9731,19.9667,0.1236,SAAO_KMTS02,KMT(I),KMT
2510826.9846599996,19.761,0.1025,SAAO_KMTS02,KMT(I),KMT
2510826.99656,20.0885,0.1311,SAAO_KMTS02,KMT(I),KMT
2510827.0154800005,19.8881,0.1294,SAAO_KMTS02,KMT(I),KMT
2510827.02735,20.0445,0.1355,SAAO_KMTS02,KMT(I),KMT
2510827.03923,20.0208,0.1288,SAAO_KMTS02,KMT(I),KMT
2510827.0517800003,19.8344,0.1062,SAAO_KMTS02,KMT(I),KMT
2510827.0639200006,19.9428,0.1102,SAAO_KMTS02,KMT(I),KMT
2510827.0757999998,19.9803,0.1274,SAAO_KMTS02,KMT(I),KMT
2510827.0951499995,20.2871,0.1761,SAAO_KMTS02,KMT(I),KMT
2510827.10714,19.7374,0.1105,SAAO_KMTS02,KMT(I),KMT
2510827.1189600006,19.8393,0.1424,SAAO_KMTS02,KMT(I),KMT
2510827.1308399998,19.9399,0.1646,SAAO_KMTS02,KMT(I),KMT
2510827.14647,19.7439,0.1371,SAAO_KMTS02,KMT(I),KMT
2510827.16555,20.0921,0.2268,SAAO_KMTS02,KMT(I),KMT
2510827.1775400005,19.6312,0.144,SAAO_KMTS02,KMT(I),KMT
2510827.8476800006,19.8762,0.1587,SAAO_KMTS02,KMT(I),KMT
2510827.859,19.6867,0.1365,SAAO_KMTS02,KMT(I),KMT
2510827.8733200002,19.8368,0.1324,SAAO_KMTS02,KMT(I),KMT
2510827.8925100006,20.0631,0.1867,SAAO_KMTS02,KMT(I),KMT
2510827.90408,19.8748,0.1332,SAAO_KMTS02,KMT(I),KMT
2510827.9159200005,19.7566,0.1311,SAAO_KMTS02,KMT(I),KMT
2510827.92787,20.2034,0.1541,SAAO_KMTS02,KMT(I),KMT
2510827.9398599993,19.7161,0.1285,SAAO_KMTS02,KMT(I),KMT
2510827.959,20.0567,0.1574,SAAO_KMTS02,KMT(I),KMT
2510827.9705999997,20.0787,0.1502,SAAO_KMTS02,KMT(I),KMT
2510827.98214,19.8054,0.0849,SAAO_KMTS02,KMT(I),KMT
2510827.9939200003,20.0591,0.1322,SAAO_KMTS02,KMT(I),KMT
2510828.0058900006,19.8192,0.1148,SAAO_KMTS02,KMT(I),KMT
2510828.02589,19.9188,0.0986,SAAO_KMTS02,KMT(I),KMT
2510828.03787,20.1522,0.1377,SAAO_KMTS02,KMT(I),KMT
2510828.04968,20.2017,0.2185,SAAO_KMTS02,KMT(I),KMT
2510828.0615500007,20.1008,0.1722,SAAO_KMTS02,KMT(I),KMT
2510828.0733700003,19.8487,0.1246,SAAO_KMTS02,KMT(I),KMT
2510828.09239,20.0835,0.1425,SAAO_KMTS02,KMT(I),KMT
2510828.1042,19.9733,0.1819,SAAO_KMTS02,KMT(I),KMT
2510828.11596,19.6404,0.1215,SAAO_KMTS02,KMT(I),KMT
2510828.1277099997,20.333,0.2815,SAAO_KMTS02,KMT(I),KMT
2510828.13954,19.8106,0.139,SAAO_KMTS02,KMT(I),KMT
2510828.15847,20.5188,0.2614,SAAO_KMTS02,KMT(I),KMT
2510828.16149,19.9598,0.1509,SAAO_KMTS02,KMT(I),KMT
2510828.17151,20.5725,0.348,SAAO_KMTS02,KMT(I),KMT
2510828.84439,19.6505,0.1792,SAAO_KMTS02,KMT(I),KMT
2510828.85656,19.7,0.1426,SAAO_KMTS02,KMT(I),KMT
2510828.8683599997,19.6862,0.1279,SAAO_KMTS02,KMT(I),KMT
2510828.8874500003,20.5177,0.3267,SAAO_KMTS02,KMT(I),KMT
2510828.8994200006,19.7576,0.1646,SAAO_KMTS02,KMT(I),KMT
2510828.9111899994,19.3116,0.1141,SAAO_KMTS02,KMT(I),KMT
2510828.92315,19.6125,0.1462,SAAO_KMTS02,KMT(I),KMT
2510828.9351899996,19.2764,0.0961,SAAO_KMTS02,KMT(I),KMT
2510828.9471700005,19.7031,0.118,SAAO_KMTS02,KMT(I),KMT
2510828.96631,19.8602,0.1436,SAAO_KMTS02,KMT(I),KMT
2510828.9780100007,19.668,0.1127,SAAO_KMTS02,KMT(I),KMT
2510828.9921400007,19.9898,0.138,SAAO_KMTS02,KMT(I),KMT
2510829.00466,19.7991,0.1355,SAAO_KMTS02,KMT(I),KMT
2510829.00626,20.0744,0.1668,SAAO_KMTS02,KMT(I),KMT
2510829.01977,20.1314,0.1613,SAAO_KMTS02,KMT(I),KMT
2510829.03912,21.0951,0.8335,SAAO_KMTS02,KMT(I),KMT
2510829.0511799995,19.9217,0.203,SAAO_KMTS02,KMT(I),KMT
2510829.06351,20.2657,0.2787,SAAO_KMTS02,KMT(I),KMT
2510829.0753499996,19.5618,0.1239,SAAO_KMTS02,KMT(I),KMT
2510829.08729,19.8582,0.143,SAAO_KMTS02,KMT(I),KMT
2510829.1065999996,19.5849,0.161,SAAO_KMTS02,KMT(I),KMT
2510829.12063,20.1089,0.3058,SAAO_KMTS02,KMT(I),KMT
2510829.1325899996,20.1275,0.2458,SAAO_KMTS02,KMT(I),KMT
2510829.14465,19.3493,0.1228,SAAO_KMTS02,KMT(I),KMT
2510829.15154,19.8127,0.1995,SAAO_KMTS02,KMT(I),KMT
2510829.8715499993,19.5563,0.1404,SAAO_KMTS02,KMT(I),KMT
2510830.8438300006,20.1109,0.2697,SAAO_KMTS02,KMT(I),KMT
2510830.8555500004,19.3378,0.1199,SAAO_KMTS02,KMT(I),KMT
2510830.86723,19.6704,0.1304,SAAO_KMTS02,KMT(I),KMT
2510830.88629,19.8366,0.1477,SAAO_KMTS02,KMT(I),KMT
2510830.8982299995,20.0487,0.1637,SAAO_KMTS02,KMT(I),KMT
2510830.9112599995,19.8341,0.1256,SAAO_KMTS02,KMT(I),KMT
2510830.9228099994,19.8497,0.1152,SAAO_KMTS02,KMT(I),KMT
2510830.9343999997,20.1348,0.1647,SAAO_KMTS02,KMT(I),KMT
2510830.9566600006,19.8184,0.1386,SAAO_KMTS02,KMT(I),KMT
2510830.9682400003,20.0015,0.1883,SAAO_KMTS02,KMT(I),KMT
2510830.9802,19.9072,0.1261,SAAO_KMTS02,KMT(I),KMT
2510830.99218,19.6929,0.111,SAAO_KMTS02,KMT(I),KMT
2510831.0041199997,19.8088,0.1252,SAAO_KMTS02,KMT(I),KMT
2510831.0231100004,20.2036,0.2072,SAAO_KMTS02,KMT(I),KMT
2510831.03706,19.7609,0.122,SAAO_KMTS02,KMT(I),KMT
2510831.04847,19.7087,0.1635,SAAO_KMTS02,KMT(I),KMT
2510831.10525,20.0683,0.2064,SAAO_KMTS02,KMT(I),KMT
2510831.1174999997,19.892,0.1787,SAAO_KMTS02,KMT(I),KMT
2510831.1191,20.0585,0.17,SAAO_KMTS02,KMT(I),KMT
2510831.1214199997,19.9242,0.1738,SAAO_KMTS02,KMT(I),KMT
2510831.1408399995,19.5601,0.1795,SAAO_KMTS02,KMT(I),KMT
2510831.1486099996,20.3029,0.3765,SAAO_KMTS02,KMT(I),KMT
2510831.15893,19.7091,0.1844,SAAO_KMTS02,KMT(I),KMT
2510831.8495700005,20.3063,0.2999,SAAO_KMTS02,KMT(I),KMT
2510831.86118,20.1607,0.2561,SAAO_KMTS02,KMT(I),KMT
2510831.87292,20.1429,0.2146,SAAO_KMTS02,KMT(I),KMT
2510831.88459,20.1814,0.2282,SAAO_KMTS02,KMT(I),KMT
2510831.9037999995,19.9955,0.1449,SAAO_KMTS02,KMT(I),KMT
2510831.9156100005,20.0833,0.1316,SAAO_KMTS02,KMT(I),KMT
2510831.9274499994,19.9779,0.1297,SAAO_KMTS02,KMT(I),KMT
2510831.94123,19.9394,0.1738,SAAO_KMTS02,KMT(I),KMT
2510831.9532900006,19.6748,0.096,SAAO_KMTS02,KMT(I),KMT
2510831.97229,20.0474,0.1274,SAAO_KMTS02,KMT(I),KMT
2510831.98429,19.927,0.1091,SAAO_KMTS02,KMT(I),KMT
2510831.9961099997,19.793,0.123,SAAO_KMTS02,KMT(I),KMT
2510832.00794,19.7744,0.1283,SAAO_KMTS02,KMT(I),KMT
2510832.02063,19.8245,0.1294,SAAO_KMTS02,KMT(I),KMT
2510832.0398200005,19.9132,0.1135,SAAO_KMTS02,KMT(I),KMT
2510832.05177,20.1208,0.1925,SAAO_KMTS02,KMT(I),KMT
2510832.0637299996,20.0313,0.1843,SAAO_KMTS02,KMT(I),KMT
2510832.07555,20.0166,0.1603,SAAO_KMTS02,KMT(I),KMT
2510832.0873,20.2836,0.1974,SAAO_KMTS02,KMT(I),KMT
2510832.0991399996,19.7629,0.1375,SAAO_KMTS02,KMT(I),KMT
2510832.1180499997,19.8229,0.1593,SAAO_KMTS02,KMT(I),KMT
2510832.12973,19.9358,0.1598,SAAO_KMTS02,KMT(I),KMT
2510832.1417200007,19.8785,0.1999,SAAO_KMTS02,KMT(I),KMT
2510832.15369,20.2025,0.2554,SAAO_KMTS02,KMT(I),KMT
2510832.1674700007,20.1162,0.1981,SAAO_KMTS02,KMT(I),KMT
2510832.1776400004,19.7221,0.1948,SAAO_KMTS02,KMT(I),KMT
2510832.8363700006,20.4277,1.1708,SAAO_KMTS02,KMT(I),KMT
2510832.85561,20.9246,1.9498,SAAO_KMTS02,KMT(I),KMT
2510832.87978,19.0639,0.1963,SAAO_KMTS02,KMT(I),KMT
2510832.8916299995,19.5254,0.2354,SAAO_KMTS02,KMT(I),KMT
2510832.9151300006,20.3487,0.4727,SAAO_KMTS02,KMT(I),KMT
2510832.9346900005,20.1433,0.1824,SAAO_KMTS02,KMT(I),KMT
2510832.9465200007,20.0967,0.1668,SAAO_KMTS02,KMT(I),KMT
2510832.95825,19.9432,0.1218,SAAO_KMTS02,KMT(I),KMT
2510832.9728500005,19.988,0.1401,SAAO_KMTS02,KMT(I),KMT
2510832.98467,20.014,0.1626,SAAO_KMTS02,KMT(I),KMT
2510833.0035699997,20.1055,0.1606,SAAO_KMTS02,KMT(I),KMT
2510833.01736,19.901,0.151,SAAO_KMTS02,KMT(I),KMT
2510833.0291600004,20.4626,0.2246,SAAO_KMTS02,KMT(I),KMT
2510833.04101,19.715,0.1657,SAAO_KMTS02,KMT(I),KMT
2510833.05282,20.2524,0.2508,SAAO_KMTS02,KMT(I),KMT
2510836.8270200007,19.5227,0.4172,SAAO_KMTS02,KMT(I),KMT
2510836.8508599997,18.6165,0.2011,SAAO_KMTS02,KMT(I),KMT
2510836.89343,19.5202,0.3815,SAAO_KMTS02,KMT(I),KMT
2510836.9170200005,20.3874,0.8951,SAAO_KMTS02,KMT(I),KMT
2510836.9288800005,20.5311,0.9939,SAAO_KMTS02,KMT(I),KMT
2510836.94075,20.3394,0.7404,SAAO_KMTS02,KMT(I),KMT
2510836.95995,19.5097,0.3655,SAAO_KMTS02,KMT(I),KMT
2510836.98393,19.3514,0.3371,SAAO_KMTS02,KMT(I),KMT
2510836.9958299994,20.0948,0.8911,SAAO_KMTS02,KMT(I),KMT
2510837.02692,19.396,0.3287,SAAO_KMTS02,KMT(I),KMT
2510837.03878,20.1139,1.2981,SAAO_KMTS02,KMT(I),KMT
2510837.0513199996,19.2919,0.3139,SAAO_KMTS02,KMT(I),KMT
2510837.06329,20.1955,0.88,SAAO_KMTS02,KMT(I),KMT
2510837.0763099995,19.2328,0.4944,SAAO_KMTS02,KMT(I),KMT
2510837.13483,19.6752,2.8877,SAAO_KMTS02,KMT(I),KMT
2510837.14654,17.1679,0.2106,SAAO_KMTS02,KMT(I),KMT
2510837.1627200004,17.079,0.1451,SAAO_KMTS02,KMT(I),KMT
2510838.8130099997,19.8238,1.0904,SAAO_KMTS02,KMT(I),KMT
2510838.8336999994,19.8308,0.612,SAAO_KMTS02,KMT(I),KMT
2510838.8453599997,19.6937,0.5355,SAAO_KMTS02,KMT(I),KMT
2510838.8572000004,20.141,0.8303,SAAO_KMTS02,KMT(I),KMT
2510838.8803899996,19.511,0.3191,SAAO_KMTS02,KMT(I),KMT
2510838.8996399995,19.8665,0.585,SAAO_KMTS02,KMT(I),KMT
2510838.9234800003,19.7805,0.3916,SAAO_KMTS02,KMT(I),KMT
2510838.9352700002,20.1821,0.9707,SAAO_KMTS02,KMT(I),KMT
2510838.94709,19.0229,0.2261,SAAO_KMTS02,KMT(I),KMT
2510838.96619,20.5174,1.6545,SAAO_KMTS02,KMT(I),KMT
2510838.98463,19.9997,0.6447,SAAO_KMTS02,KMT(I),KMT
2510838.9959200006,19.7504,0.6263,SAAO_KMTS02,KMT(I),KMT
2510839.00777,21.0116,2.3721,SAAO_KMTS02,KMT(I),KMT
2510839.01984,20.4917,1.0736,SAAO_KMTS02,KMT(I),KMT
2510839.0387399998,20.3073,0.7466,SAAO_KMTS02,KMT(I),KMT
2510839.0505299997,19.453,0.292,SAAO_KMTS02,KMT(I),KMT
2510839.0622199997,20.3639,1.0247,SAAO_KMTS02,KMT(I),KMT
2510839.1162599996,18.7785,0.2223,SAAO_KMTS02,KMT(I),KMT
2510839.1283599995,19.9699,0.6775,SAAO_KMTS02,KMT(I),KMT
2510839.1384200007,19.7883,0.6474,SAAO_KMTS02,KMT(I),KMT
2510839.7959400006,19.5637,0.1874,SAAO_KMTS02,KMT(I),KMT
2510839.80774,20.226,0.3724,SAAO_KMTS02,KMT(I),KMT
2510839.81941,19.7818,0.329,SAAO_KMTS02,KMT(I),KMT
2510839.83882,19.7357,0.1536,SAAO_KMTS02,KMT(I),KMT
2510839.85071,19.7654,0.2248,SAAO_KMTS02,KMT(I),KMT
2510839.8625600003,19.7838,0.1994,SAAO_KMTS02,KMT(I),KMT
2510839.8745,19.8039,0.2045,SAAO_KMTS02,KMT(I),KMT
2510839.88781,19.8893,0.2031,SAAO_KMTS02,KMT(I),KMT
2510839.90689,19.7785,0.2419,SAAO_KMTS02,KMT(I),KMT
2510839.9189100005,19.8887,0.1597,SAAO_KMTS02,KMT(I),KMT
2510839.93081,20.0287,0.1735,SAAO_KMTS02,KMT(I),KMT
2510839.94267,19.6911,0.1697,SAAO_KMTS02,KMT(I),KMT
2510839.9541800003,19.6976,0.1383,SAAO_KMTS02,KMT(I),KMT
2510839.9680899996,20.062,0.1679,SAAO_KMTS02,KMT(I),KMT
2510839.98728,20.2851,0.2736,SAAO_KMTS02,KMT(I),KMT
2510839.99909,19.9236,0.177,SAAO_KMTS02,KMT(I),KMT
2510840.0108899996,19.82,0.1339,SAAO_KMTS02,KMT(I),KMT
2510840.02286,19.7956,0.1808,SAAO_KMTS02,KMT(I),KMT
2510840.0346799996,19.9868,0.2296,SAAO_KMTS02,KMT(I),KMT
2510840.05408,19.561,0.1125,SAAO_KMTS02,KMT(I),KMT
2510840.06578,20.0512,0.1795,SAAO_KMTS02,KMT(I),KMT
2510840.0783600006,19.5569,0.1299,SAAO_KMTS02,KMT(I),KMT
2510840.0909599997,19.7244,0.1759,SAAO_KMTS02,KMT(I),KMT
2510840.10279,19.5718,0.1718,SAAO_KMTS02,KMT(I),KMT
2510840.1222200003,19.7867,0.2038,SAAO_KMTS02,KMT(I),KMT
2510840.12553,20.1071,0.3909,SAAO_KMTS02,KMT(I),KMT
2510840.1360299997,19.694,0.2328,SAAO_KMTS02,KMT(I),KMT
2510840.8005,19.7238,0.1827,SAAO_KMTS02,KMT(I),KMT
2510840.8124400005,20.063,0.2007,SAAO_KMTS02,KMT(I),KMT
2510840.8242499996,19.9621,0.227,SAAO_KMTS02,KMT(I),KMT
2510840.83653,19.9266,0.1652,SAAO_KMTS02,KMT(I),KMT
2510840.84803,19.7631,0.173,SAAO_KMTS02,KMT(I),KMT
2510840.8672199994,19.8004,0.137,SAAO_KMTS02,KMT(I),KMT
2510840.8791700006,19.9293,0.1608,SAAO_KMTS02,KMT(I),KMT
2510840.8907500003,19.6689,0.1289,SAAO_KMTS02,KMT(I),KMT
2510840.9024800006,19.8965,0.1556,SAAO_KMTS02,KMT(I),KMT
2510840.91447,19.9017,0.1819,SAAO_KMTS02,KMT(I),KMT
2510840.9336399995,19.9247,0.1596,SAAO_KMTS02,KMT(I),KMT
2510840.94546,20.1048,0.2286,SAAO_KMTS02,KMT(I),KMT
2510840.95742,20.1005,0.2008,SAAO_KMTS02,KMT(I),KMT
2510840.96925,19.8841,0.173,SAAO_KMTS02,KMT(I),KMT
2510840.98154,19.8852,0.1867,SAAO_KMTS02,KMT(I),KMT
2510841.00074,19.8479,0.1301,SAAO_KMTS02,KMT(I),KMT
2510841.01279,20.49,0.2781,SAAO_KMTS02,KMT(I),KMT
2510841.0246900003,19.7895,0.1574,SAAO_KMTS02,KMT(I),KMT
2510841.03672,19.7566,0.1639,SAAO_KMTS02,KMT(I),KMT
2510841.04856,20.0319,0.2597,SAAO_KMTS02,KMT(I),KMT
2510841.0678899996,20.0109,0.2293,SAAO_KMTS02,KMT(I),KMT
2510841.0849099997,20.258,0.3357,SAAO_KMTS02,KMT(I),KMT
2510841.1033500005,20.0203,0.3264,SAAO_KMTS02,KMT(I),KMT
2510841.1151800007,19.9109,0.3185,SAAO_KMTS02,KMT(I),KMT
2510841.11842,20.0732,0.5445,SAAO_KMTS02,KMT(I),KMT
2510841.1285699997,19.0593,0.1306,SAAO_KMTS02,KMT(I),KMT
2510841.7918,19.5225,0.1495,SAAO_KMTS02,KMT(I),KMT
2510841.8036,19.7782,0.1428,SAAO_KMTS02,KMT(I),KMT
2510841.82252,19.8911,0.1895,SAAO_KMTS02,KMT(I),KMT
2510841.8342700005,19.6662,0.1568,SAAO_KMTS02,KMT(I),KMT
2510841.8466999996,19.4682,0.1648,SAAO_KMTS02,KMT(I),KMT
2510841.8588200007,19.9247,0.1857,SAAO_KMTS02,KMT(I),KMT
2510841.87079,19.7341,0.1459,SAAO_KMTS02,KMT(I),KMT
2510841.8832399994,19.6722,0.131,SAAO_KMTS02,KMT(I),KMT
2510841.90238,19.7771,0.1848,SAAO_KMTS02,KMT(I),KMT
2510841.91407,19.7818,0.1605,SAAO_KMTS02,KMT(I),KMT
2510841.9259,19.7095,0.1377,SAAO_KMTS02,KMT(I),KMT
2510841.9408100005,20.1723,0.1877,SAAO_KMTS02,KMT(I),KMT
2510841.9524099994,19.66,0.1292,SAAO_KMTS02,KMT(I),KMT
2510841.9716,19.556,0.1114,SAAO_KMTS02,KMT(I),KMT
2510841.9838500004,20.1315,0.1517,SAAO_KMTS02,KMT(I),KMT
2510841.99653,20.018,0.1671,SAAO_KMTS02,KMT(I),KMT
2510842.00791,19.8531,0.1409,SAAO_KMTS02,KMT(I),KMT
2510842.0194700006,20.0831,0.1834,SAAO_KMTS02,KMT(I),KMT
2510842.0383599997,19.5332,0.1218,SAAO_KMTS02,KMT(I),KMT
2510842.05,19.8908,0.1913,SAAO_KMTS02,KMT(I),KMT
2510842.06149,19.6791,0.1779,SAAO_KMTS02,KMT(I),KMT
2510842.07323,19.9768,0.2662,SAAO_KMTS02,KMT(I),KMT
2510842.08481,19.6422,0.1786,SAAO_KMTS02,KMT(I),KMT
2510842.10353,20.3514,0.5198,SAAO_KMTS02,KMT(I),KMT
2510842.1155699994,19.4534,0.2502,SAAO_KMTS02,KMT(I),KMT
2510842.12036,19.7687,0.2713,SAAO_KMTS02,KMT(I),KMT
2510842.13057,19.4352,0.2293,SAAO_KMTS02,KMT(I),KMT
2510842.79256,20.1933,0.2331,SAAO_KMTS02,KMT(I),KMT
2510842.8044099994,19.6681,0.191,SAAO_KMTS02,KMT(I),KMT
2510842.8163099997,19.5243,0.17,SAAO_KMTS02,KMT(I),KMT
2510842.8283600006,20.1187,0.2021,SAAO_KMTS02,KMT(I),KMT
2510842.84774,20.1165,0.1895,SAAO_KMTS02,KMT(I),KMT
2510842.85977,20.0442,0.1377,SAAO_KMTS02,KMT(I),KMT
2510842.87187,20.1429,0.1733,SAAO_KMTS02,KMT(I),KMT
2510842.88389,20.0706,0.1558,SAAO_KMTS02,KMT(I),KMT
2510842.8958800007,20.1702,0.1868,SAAO_KMTS02,KMT(I),KMT
2510842.91498,20.1399,0.168,SAAO_KMTS02,KMT(I),KMT
2510842.9270399995,19.9726,0.1285,SAAO_KMTS02,KMT(I),KMT
2510842.9391900003,20.0108,0.1527,SAAO_KMTS02,KMT(I),KMT
2510842.95199,19.9098,0.1353,SAAO_KMTS02,KMT(I),KMT
2510842.9639800005,19.8245,0.1576,SAAO_KMTS02,KMT(I),KMT
2510842.98874,20.415,0.2679,SAAO_KMTS02,KMT(I),KMT
2510843.00122,20.0502,0.1623,SAAO_KMTS02,KMT(I),KMT
2510843.01294,19.9432,0.19,SAAO_KMTS02,KMT(I),KMT
2510843.0146500003,19.8436,0.1287,SAAO_KMTS02,KMT(I),KMT
2510843.03079,19.8976,0.155,SAAO_KMTS02,KMT(I),KMT
2510843.0428100005,19.749,0.1215,SAAO_KMTS02,KMT(I),KMT
2510843.0621799994,19.6909,0.1281,SAAO_KMTS02,KMT(I),KMT
2510843.0738500003,19.9288,0.1465,SAAO_KMTS02,KMT(I),KMT
2510845.78209,18.9364,0.1179,SAAO_KMTS02,KMT(I),KMT
2510845.7935300004,19.8164,0.2086,SAAO_KMTS02,KMT(I),KMT
2510845.80507,19.5586,0.1582,SAAO_KMTS02,KMT(I),KMT
2510845.8243199997,19.7042,0.1454,SAAO_KMTS02,KMT(I),KMT
2510847.7762700003,19.6724,0.1648,SAAO_KMTS02,KMT(I),KMT
2510847.78859,19.8266,0.219,SAAO_KMTS02,KMT(I),KMT
2510847.80262,19.8819,0.2024,SAAO_KMTS02,KMT(I),KMT
2510847.8145000003,19.7361,0.1436,SAAO_KMTS02,KMT(I),KMT
2510847.82651,19.7389,0.1505,SAAO_KMTS02,KMT(I),KMT
2510847.84571,19.8541,0.1819,SAAO_KMTS02,KMT(I),KMT
2510847.85738,20.0885,0.1688,SAAO_KMTS02,KMT(I),KMT
2510847.86907,19.7418,0.1358,SAAO_KMTS02,KMT(I),KMT
2510847.88064,19.9536,0.1349,SAAO_KMTS02,KMT(I),KMT
2510847.8923499994,20.2218,0.2213,SAAO_KMTS02,KMT(I),KMT
2510847.9117399994,19.6394,0.14,SAAO_KMTS02,KMT(I),KMT
2510847.92377,19.6723,0.1309,SAAO_KMTS02,KMT(I),KMT
2510847.93566,19.8031,0.1622,SAAO_KMTS02,KMT(I),KMT
2510847.9470700007,20.1056,0.1898,SAAO_KMTS02,KMT(I),KMT
2510847.9591499995,20.1545,0.1579,SAAO_KMTS02,KMT(I),KMT
2510847.9780599996,19.6376,0.1329,SAAO_KMTS02,KMT(I),KMT
2510847.9899199996,19.9603,0.1417,SAAO_KMTS02,KMT(I),KMT
2510848.0004200004,19.6022,0.1058,SAAO_KMTS02,KMT(I),KMT
2510848.0163400006,20.02,0.1459,SAAO_KMTS02,KMT(I),KMT
2510848.02805,19.9257,0.1669,SAAO_KMTS02,KMT(I),KMT
2510848.04725,19.9512,0.1806,SAAO_KMTS02,KMT(I),KMT
2510848.06143,19.6084,0.1276,SAAO_KMTS02,KMT(I),KMT
2510848.0731700007,19.5811,0.1642,SAAO_KMTS02,KMT(I),KMT
2510848.0850600004,19.7077,0.1715,SAAO_KMTS02,KMT(I),KMT
2510848.09681,19.9557,0.269,SAAO_KMTS02,KMT(I),KMT
2510848.1047099996,19.5604,0.1613,SAAO_KMTS02,KMT(I),KMT
2510848.1139599998,19.8954,0.2059,SAAO_KMTS02,KMT(I),KMT
2510848.7846300006,19.8898,0.209,SAAO_KMTS02,KMT(I),KMT
2510848.7966799997,19.5613,0.1183,SAAO_KMTS02,KMT(I),KMT
2510848.8008200005,20.327,0.2684,SAAO_KMTS02,KMT(I),KMT
2510848.81291,19.6186,0.1464,SAAO_KMTS02,KMT(I),KMT
2510848.82458,19.5859,0.1204,SAAO_KMTS02,KMT(I),KMT
2510848.83629,20.2261,0.1815,SAAO_KMTS02,KMT(I),KMT
2510848.8554800004,20.2657,0.2137,SAAO_KMTS02,KMT(I),KMT
2510848.86716,19.9611,0.1619,SAAO_KMTS02,KMT(I),KMT
2510848.8799,19.7636,0.1428,SAAO_KMTS02,KMT(I),KMT
2510848.89179,20.1256,0.1935,SAAO_KMTS02,KMT(I),KMT
2510849.8207099997,19.7303,0.1971,SAAO_KMTS02,KMT(I),KMT
2510849.8394399993,19.9733,0.1178,SAAO_KMTS02,KMT(I),KMT
2510849.8512500003,19.7523,0.1302,SAAO_KMTS02,KMT(I),KMT
2510849.86321,19.8064,0.1148,SAAO_KMTS02,KMT(I),KMT
2510849.8751299996,19.8936,0.1073,SAAO_KMTS02,KMT(I),KMT
2510849.8867799994,19.9661,0.1254,SAAO_KMTS02,KMT(I),KMT
2510849.8987799995,19.6853,0.1395,SAAO_KMTS02,KMT(I),KMT
2510849.9209899995,20.0552,0.1365,SAAO_KMTS02,KMT(I),KMT
2510849.9329499993,20.1873,0.1819,SAAO_KMTS02,KMT(I),KMT
2510849.9457399994,20.0416,0.1712,SAAO_KMTS02,KMT(I),KMT
2510849.9577,20.0485,0.2105,SAAO_KMTS02,KMT(I),KMT
2510849.97351,19.9399,0.1402,SAAO_KMTS02,KMT(I),KMT
2510849.9926999994,19.5561,0.144,SAAO_KMTS02,KMT(I),KMT
2510850.00473,20.2356,0.2527,SAAO_KMTS02,KMT(I),KMT
2510850.0166500006,19.8069,0.147,SAAO_KMTS02,KMT(I),KMT
2510850.0307400003,19.4936,0.1379,SAAO_KMTS02,KMT(I),KMT
2510850.04244,19.3496,0.1181,SAAO_KMTS02,KMT(I),KMT
2510850.0615100004,19.4502,0.1403,SAAO_KMTS02,KMT(I),KMT
2510850.07348,19.7485,0.1635,SAAO_KMTS02,KMT(I),KMT
2510850.7665800005,19.6666,0.3091,SAAO_KMTS02,KMT(I),KMT
2510850.77838,20.1398,0.267,SAAO_KMTS02,KMT(I),KMT
2510850.7904000003,19.9433,1.465,SAAO_KMTS02,KMT(I),KMT
2510850.80949,20.031,0.3251,SAAO_KMTS02,KMT(I),KMT
2510850.8213599995,20.2472,0.6755,SAAO_KMTS02,KMT(I),KMT
2510850.83337,19.9696,0.4068,SAAO_KMTS02,KMT(I),KMT
2510850.8469699994,20.4377,0.4329,SAAO_KMTS02,KMT(I),KMT
2510850.85893,20.2405,0.22,SAAO_KMTS02,KMT(I),KMT
2510850.8780700006,20.4497,0.2481,SAAO_KMTS02,KMT(I),KMT
2510850.89006,20.314,0.5508,SAAO_KMTS02,KMT(I),KMT
2510850.9160699993,20.1942,0.1841,SAAO_KMTS02,KMT(I),KMT
2510850.9278800003,19.9239,0.1317,SAAO_KMTS02,KMT(I),KMT
2510850.9470799994,19.897,0.2333,SAAO_KMTS02,KMT(I),KMT
2510850.95943,19.5235,0.308,SAAO_KMTS02,KMT(I),KMT
2510851.02238,20.0394,0.1663,SAAO_KMTS02,KMT(I),KMT
2510851.0347799994,19.9856,0.1622,SAAO_KMTS02,KMT(I),KMT
2510851.0550100002,19.5559,0.1282,SAAO_KMTS02,KMT(I),KMT
2510851.06735,19.6894,0.1345,SAAO_KMTS02,KMT(I),KMT
2510851.0796,19.8042,0.202,SAAO_KMTS02,KMT(I),KMT
2510851.0913699996,19.4004,0.1307,SAAO_KMTS02,KMT(I),KMT
2510851.10217,19.2618,0.1197,SAAO_KMTS02,KMT(I),KMT
2510854.95256,19.9826,0.1424,SAAO_KMTS02,KMT(I),KMT
2510854.9643399995,20.1578,0.1953,SAAO_KMTS02,KMT(I),KMT
2510854.98338,20.0463,0.1967,SAAO_KMTS02,KMT(I),KMT
2510854.99519,20.2323,0.2195,SAAO_KMTS02,KMT(I),KMT
2510855.05141,19.7919,0.1692,SAAO_KMTS02,KMT(I),KMT
2510855.0635,20.0265,0.2059,SAAO_KMTS02,KMT(I),KMT
2510855.0748500004,20.0837,0.2556,SAAO_KMTS02,KMT(I),KMT
2510855.0865700003,19.9322,0.1783,SAAO_KMTS02,KMT(I),KMT
2510855.10561,20.2209,0.2344,SAAO_KMTS02,KMT(I),KMT
2510855.76272,19.9399,0.2186,SAAO_KMTS02,KMT(I),KMT
2510855.7644999996,19.9646,0.171,SAAO_KMTS02,KMT(I),KMT
2510855.7791300006,20.2465,0.2155,SAAO_KMTS02,KMT(I),KMT
2510855.7910600007,19.8937,0.1282,SAAO_KMTS02,KMT(I),KMT
2510855.8100499995,20.0062,0.1586,SAAO_KMTS02,KMT(I),KMT
2510855.8219099995,19.9665,0.1751,SAAO_KMTS02,KMT(I),KMT
2510855.8334100004,19.8661,0.1472,SAAO_KMTS02,KMT(I),KMT
2510855.8452400006,20.0348,0.1407,SAAO_KMTS02,KMT(I),KMT
2510855.8571300004,19.972,0.1115,SAAO_KMTS02,KMT(I),KMT
2510855.8764200006,19.7835,0.0955,SAAO_KMTS02,KMT(I),KMT
2510855.8880700003,20.1191,0.1817,SAAO_KMTS02,KMT(I),KMT
2510855.8995900005,19.7713,0.1069,SAAO_KMTS02,KMT(I),KMT
2510855.91106,20.3982,0.1715,SAAO_KMTS02,KMT(I),KMT
2510855.9223800004,20.0071,0.1407,SAAO_KMTS02,KMT(I),KMT
2510855.9416199997,20.2094,0.1745,SAAO_KMTS02,KMT(I),KMT
2510855.9535,20.0463,0.1619,SAAO_KMTS02,KMT(I),KMT
2510855.9665,19.854,0.1412,SAAO_KMTS02,KMT(I),KMT
2510855.97834,19.8097,0.1769,SAAO_KMTS02,KMT(I),KMT
2510855.98977,19.9395,0.1414,SAAO_KMTS02,KMT(I),KMT
2510856.0087199993,19.7856,0.1382,SAAO_KMTS02,KMT(I),KMT
2510856.02049,19.674,0.1459,SAAO_KMTS02,KMT(I),KMT
2510856.0321999993,19.9157,0.1819,SAAO_KMTS02,KMT(I),KMT
2510856.04376,19.1439,0.1034,SAAO_KMTS02,KMT(I),KMT
2510856.0636599995,19.9137,0.1913,SAAO_KMTS02,KMT(I),KMT
2510856.0828600004,19.3573,0.1125,SAAO_KMTS02,KMT(I),KMT
2510856.09468,18.9926,0.0961,SAAO_KMTS02,KMT(I),KMT
2510856.1035600007,19.9827,0.2086,SAAO_KMTS02,KMT(I),KMT
2510856.75407,19.6608,0.1362,SAAO_KMTS02,KMT(I),KMT
2510856.766,19.7646,0.1884,SAAO_KMTS02,KMT(I),KMT
2510856.78517,19.8396,0.1645,SAAO_KMTS02,KMT(I),KMT
2510856.7968700007,20.0761,0.2065,SAAO_KMTS02,KMT(I),KMT
2510856.8098099995,19.6293,0.125,SAAO_KMTS02,KMT(I),KMT
2510856.82137,19.8003,0.1228,SAAO_KMTS02,KMT(I),KMT
2510856.83309,19.9499,0.1605,SAAO_KMTS02,KMT(I),KMT
2510856.8521299995,20.0909,0.1817,SAAO_KMTS02,KMT(I),KMT
2510856.86355,19.4146,0.0934,SAAO_KMTS02,KMT(I),KMT
2510856.87524,19.696,0.127,SAAO_KMTS02,KMT(I),KMT
2510856.88717,19.8635,0.1792,SAAO_KMTS02,KMT(I),KMT
2510856.8991400003,19.343,0.0807,SAAO_KMTS02,KMT(I),KMT
2510856.9111100007,19.7805,0.1343,SAAO_KMTS02,KMT(I),KMT
2510856.9301200006,20.1012,0.1734,SAAO_KMTS02,KMT(I),KMT
2510856.94245,19.9372,0.13,SAAO_KMTS02,KMT(I),KMT
2510856.9787799995,19.8549,0.4662,SAAO_KMTS02,KMT(I),KMT
2510857.0074700005,19.6891,0.1296,SAAO_KMTS02,KMT(I),KMT
2510857.02654,20.0085,0.1847,SAAO_KMTS02,KMT(I),KMT
2510857.03785,19.505,0.1349,SAAO_KMTS02,KMT(I),KMT
2510857.0496999994,19.4565,0.1248,SAAO_KMTS02,KMT(I),KMT
2510857.0615500007,19.4135,0.1142,SAAO_KMTS02,KMT(I),KMT
2510857.0730799995,19.1364,0.0923,SAAO_KMTS02,KMT(I),KMT
2510857.0923999995,19.391,0.1773,SAAO_KMTS02,KMT(I),KMT
2510857.10394,19.5332,0.1681,SAAO_KMTS02,KMT(I),KMT
2510857.78099,18.8745,0.215,SAAO_KMTS02,KMT(I),KMT
2510857.81152,19.2012,0.4491,SAAO_KMTS02,KMT(I),KMT
2510857.8233899996,20.1167,0.2242,SAAO_KMTS02,KMT(I),KMT
2510857.83632,19.9938,0.1385,SAAO_KMTS02,KMT(I),KMT
2510857.84817,19.819,0.1005,SAAO_KMTS02,KMT(I),KMT
2510857.86704,19.9988,0.1642,SAAO_KMTS02,KMT(I),KMT
2510857.87861,19.7533,0.1255,SAAO_KMTS02,KMT(I),KMT
2510857.8901700005,19.8844,0.1357,SAAO_KMTS02,KMT(I),KMT
2510857.90221,20.1113,0.2863,SAAO_KMTS02,KMT(I),KMT
2510857.9164000005,19.8413,0.2164,SAAO_KMTS02,KMT(I),KMT
2510857.93585,19.8841,0.3644,SAAO_KMTS02,KMT(I),KMT
2510857.94933,19.8623,0.3485,SAAO_KMTS02,KMT(I),KMT
2510857.97253,20.6461,0.5885,SAAO_KMTS02,KMT(I),KMT
2510857.98453,20.3123,0.2756,SAAO_KMTS02,KMT(I),KMT
2510858.0057999995,19.879,0.1542,SAAO_KMTS02,KMT(I),KMT
2510858.01733,19.964,0.1479,SAAO_KMTS02,KMT(I),KMT
2510858.02907,19.8438,0.1244,SAAO_KMTS02,KMT(I),KMT
2510858.0408200007,20.0216,0.1597,SAAO_KMTS02,KMT(I),KMT
2510858.0528100003,19.8496,0.1478,SAAO_KMTS02,KMT(I),KMT
2510858.07159,19.9773,0.191,SAAO_KMTS02,KMT(I),KMT
2510858.08304,20.0044,0.1744,SAAO_KMTS02,KMT(I),KMT
2510858.0946699996,19.7259,0.1462,SAAO_KMTS02,KMT(I),KMT
2510858.1034699995,19.4683,0.1234,SAAO_KMTS02,KMT(I),KMT
2510858.7567100003,18.4417,0.5162,SAAO_KMTS02,KMT(I),KMT
2510858.76853,18.2461,0.251,SAAO_KMTS02,KMT(I),KMT
2510858.7799500003,19.5655,0.2773,SAAO_KMTS02,KMT(I),KMT
2510858.7992400005,20.8002,4.493,SAAO_KMTS02,KMT(I),KMT
2510858.8226299994,19.3538,0.1453,SAAO_KMTS02,KMT(I),KMT
2510858.83419,19.6567,0.1592,SAAO_KMTS02,KMT(I),KMT
2510858.8458900005,18.723,0.0771,SAAO_KMTS02,KMT(I),KMT
2510858.8670300003,19.8872,0.1781,SAAO_KMTS02,KMT(I),KMT
2510858.87899,20.0625,0.1301,SAAO_KMTS02,KMT(I),KMT
2510858.89083,19.7707,0.0987,SAAO_KMTS02,KMT(I),KMT
2510858.9026699997,19.8026,0.1072,SAAO_KMTS02,KMT(I),KMT
2510858.9146299995,19.9038,0.1203,SAAO_KMTS02,KMT(I),KMT
2510858.9549400005,20.1554,0.2485,SAAO_KMTS02,KMT(I),KMT
2510858.96693,20.0893,0.139,SAAO_KMTS02,KMT(I),KMT
2510858.97889,20.0791,0.1302,SAAO_KMTS02,KMT(I),KMT
2510858.99089,20.2154,0.1414,SAAO_KMTS02,KMT(I),KMT
2510859.00253,19.812,0.1136,SAAO_KMTS02,KMT(I),KMT
2510859.0218199994,20.2505,0.2307,SAAO_KMTS02,KMT(I),KMT
2510859.0337700006,19.7166,0.1484,SAAO_KMTS02,KMT(I),KMT
2510859.0454900004,20.1166,0.4791,SAAO_KMTS02,KMT(I),KMT
2510859.05702,19.6628,0.211,SAAO_KMTS02,KMT(I),KMT
2510859.0687000006,20.2443,0.5314,SAAO_KMTS02,KMT(I),KMT
2510859.0879100002,19.9455,0.236,SAAO_KMTS02,KMT(I),KMT
2510863.7596700005,19.6317,0.2836,SAAO_KMTS02,KMT(I),KMT
2510863.78338,18.9679,0.1327,SAAO_KMTS02,KMT(I),KMT
2510863.7954399996,19.6999,0.3219,SAAO_KMTS02,KMT(I),KMT
2510863.7977,19.9983,0.3933,SAAO_KMTS02,KMT(I),KMT
2510863.8167000003,19.9544,0.3186,SAAO_KMTS02,KMT(I),KMT
2510863.8286000006,20.9153,1.0925,SAAO_KMTS02,KMT(I),KMT
2510863.8401299994,19.8731,0.294,SAAO_KMTS02,KMT(I),KMT
2510863.8868899997,20.2612,1.0688,SAAO_KMTS02,KMT(I),KMT
2510863.9062,20.5246,0.4531,SAAO_KMTS02,KMT(I),KMT
2510863.91816,20.515,0.6749,SAAO_KMTS02,KMT(I),KMT
2510863.9300100002,19.7342,0.2442,SAAO_KMTS02,KMT(I),KMT
2510863.95484,19.77,0.9064,SAAO_KMTS02,KMT(I),KMT
2510863.97415,19.2105,0.3546,SAAO_KMTS02,KMT(I),KMT
2510864.01953,20.4152,0.5861,SAAO_KMTS02,KMT(I),KMT
2510864.03151,19.6849,0.3067,SAAO_KMTS02,KMT(I),KMT
2510864.04349,20.1324,0.5146,SAAO_KMTS02,KMT(I),KMT
2510864.06288,20.4811,0.8864,SAAO_KMTS02,KMT(I),KMT
2510864.0750200003,20.5649,0.7851,SAAO_KMTS02,KMT(I),KMT
2510864.08543,19.8629,0.3737,SAAO_KMTS02,KMT(I),KMT
2510866.7269599997,19.1787,0.1988,SAAO_KMTS02,KMT(I),KMT
2510866.74617,19.3961,0.2696,SAAO_KMTS02,KMT(I),KMT
2510866.7580699995,20.4908,1.1653,SAAO_KMTS02,KMT(I),KMT
2510866.7700500004,20.374,0.7507,SAAO_KMTS02,KMT(I),KMT
2510866.78175,19.1456,0.1768,SAAO_KMTS02,KMT(I),KMT
2510866.78333,19.1099,0.1615,SAAO_KMTS02,KMT(I),KMT
2510866.8081,20.3239,0.6175,SAAO_KMTS02,KMT(I),KMT
2510866.82171,20.4133,0.6108,SAAO_KMTS02,KMT(I),KMT
2510866.8405300006,19.6683,0.2404,SAAO_KMTS02,KMT(I),KMT
2510866.85721,19.3677,0.2183,SAAO_KMTS02,KMT(I),KMT
2510866.86948,19.1101,0.2247,SAAO_KMTS02,KMT(I),KMT
2510866.8914400004,19.2806,0.1711,SAAO_KMTS02,KMT(I),KMT
2510866.9032199997,19.7126,0.4349,SAAO_KMTS02,KMT(I),KMT
2510866.92246,19.3879,0.2255,SAAO_KMTS02,KMT(I),KMT
2510866.93442,19.7741,0.2781,SAAO_KMTS02,KMT(I),KMT
2510866.94637,19.2414,0.1618,SAAO_KMTS02,KMT(I),KMT
2510866.9581000004,20.0054,0.3161,SAAO_KMTS02,KMT(I),KMT
2510866.9700099993,19.7821,0.3215,SAAO_KMTS02,KMT(I),KMT
2510866.9892999995,20.313,0.7506,SAAO_KMTS02,KMT(I),KMT
2510867.00124,20.5629,0.9132,SAAO_KMTS02,KMT(I),KMT
2510867.01585,18.6985,0.279,SAAO_KMTS02,KMT(I),KMT
2510867.02802,19.9926,0.4682,SAAO_KMTS02,KMT(I),KMT
2510867.0396299995,20.2853,0.7052,SAAO_KMTS02,KMT(I),KMT
2510867.04638,20.3468,0.7559,SAAO_KMTS02,KMT(I),KMT
2510867.0565399993,19.9466,0.5566,SAAO_KMTS02,KMT(I),KMT
2510868.7216500007,20.1926,0.3081,SAAO_KMTS02,KMT(I),KMT
2510868.7450600006,20.2343,0.3114,SAAO_KMTS02,KMT(I),KMT
2510868.7568800002,20.1712,0.2881,SAAO_KMTS02,KMT(I),KMT
2510868.7688299995,20.4178,0.6734,SAAO_KMTS02,KMT(I),KMT
2510868.7808100004,19.6147,0.2612,SAAO_KMTS02,KMT(I),KMT
2510868.79246,20.0903,0.3582,SAAO_KMTS02,KMT(I),KMT
2510868.81152,20.1254,0.1991,SAAO_KMTS02,KMT(I),KMT
2510868.82352,20.1737,0.2961,SAAO_KMTS02,KMT(I),KMT
2510868.83722,19.4328,0.1436,SAAO_KMTS02,KMT(I),KMT
2510868.84904,19.766,0.1909,SAAO_KMTS02,KMT(I),KMT
2510868.8616700005,19.7662,0.1649,SAAO_KMTS02,KMT(I),KMT
2510868.88086,19.8867,0.3393,SAAO_KMTS02,KMT(I),KMT
2510868.89336,20.0079,0.1741,SAAO_KMTS02,KMT(I),KMT
2510868.90584,19.8563,0.3077,SAAO_KMTS02,KMT(I),KMT
2510868.91801,20.2723,0.411,SAAO_KMTS02,KMT(I),KMT
2510868.9299,20.5932,0.4531,SAAO_KMTS02,KMT(I),KMT
2510868.9490799997,19.7313,0.231,SAAO_KMTS02,KMT(I),KMT
2510868.96103,19.913,0.1805,SAAO_KMTS02,KMT(I),KMT
2510868.97322,19.8161,0.188,SAAO_KMTS02,KMT(I),KMT
2510868.9851399995,19.8058,0.1788,SAAO_KMTS02,KMT(I),KMT
2510868.98702,19.6853,0.1964,SAAO_KMTS02,KMT(I),KMT
2510868.9989599995,19.9287,0.1907,SAAO_KMTS02,KMT(I),KMT
2510869.02013,19.3905,0.294,SAAO_KMTS02,KMT(I),KMT
2510869.0320299994,19.5871,0.2069,SAAO_KMTS02,KMT(I),KMT
2510869.04165,19.4088,0.2111,SAAO_KMTS02,KMT(I),KMT
2510869.0540900007,18.8591,0.1204,SAAO_KMTS02,KMT(I),KMT
2510869.7298799995,18.0466,0.0555,SAAO_KMTS02,KMT(I),KMT
2510869.8394099995,19.8516,0.194,SAAO_KMTS02,KMT(I),KMT
2510869.8509299997,19.8078,0.1563,SAAO_KMTS02,KMT(I),KMT
2510870.7105400003,18.6494,0.1052,SAAO_KMTS02,KMT(I),KMT
2510870.74113,19.3738,0.1531,SAAO_KMTS02,KMT(I),KMT
2510870.7603600007,19.7787,0.1816,SAAO_KMTS02,KMT(I),KMT
2510870.77231,20.2172,0.2169,SAAO_KMTS02,KMT(I),KMT
2510870.7843699995,20.5244,0.3179,SAAO_KMTS02,KMT(I),KMT
2510870.79636,19.9213,0.1465,SAAO_KMTS02,KMT(I),KMT
2510870.8088300005,19.7555,0.1145,SAAO_KMTS02,KMT(I),KMT
2510870.8281699996,19.8594,0.1283,SAAO_KMTS02,KMT(I),KMT
2510870.8397400007,19.5561,0.1538,SAAO_KMTS02,KMT(I),KMT
2510870.85131,19.8336,0.2067,SAAO_KMTS02,KMT(I),KMT
2510870.86331,20.2697,0.2344,SAAO_KMTS02,KMT(I),KMT
2510870.87517,19.8136,0.1417,SAAO_KMTS02,KMT(I),KMT
2510870.8969,19.7749,0.1662,SAAO_KMTS02,KMT(I),KMT
2510870.9087199997,19.7511,0.1164,SAAO_KMTS02,KMT(I),KMT
2510870.92029,19.8966,0.1297,SAAO_KMTS02,KMT(I),KMT
2510870.9319199994,19.9035,0.1405,SAAO_KMTS02,KMT(I),KMT
2510870.94417,19.9075,0.1633,SAAO_KMTS02,KMT(I),KMT
2510870.96306,20.1173,0.1626,SAAO_KMTS02,KMT(I),KMT
2510870.97502,19.8268,0.2084,SAAO_KMTS02,KMT(I),KMT
2510870.98685,20.1373,0.2745,SAAO_KMTS02,KMT(I),KMT
2510870.9988599997,19.9272,0.1812,SAAO_KMTS02,KMT(I),KMT
2510871.0108899996,19.8091,0.1555,SAAO_KMTS02,KMT(I),KMT
2510871.03256,20.1083,0.2579,SAAO_KMTS02,KMT(I),KMT
2510871.0371000003,20.4559,0.4411,SAAO_KMTS02,KMT(I),KMT
2510871.0475699995,19.4098,0.1517,SAAO_KMTS02,KMT(I),KMT
2510871.7434800006,19.867,0.1496,SAAO_KMTS02,KMT(I),KMT
2510871.75708,19.3453,0.113,SAAO_KMTS02,KMT(I),KMT
2510871.7685899995,19.6143,0.1339,SAAO_KMTS02,KMT(I),KMT
2510871.7804000005,19.9083,0.1715,SAAO_KMTS02,KMT(I),KMT
2510871.7922399994,20.0658,0.1617,SAAO_KMTS02,KMT(I),KMT
2510871.8110499997,20.1833,0.166,SAAO_KMTS02,KMT(I),KMT
2510871.8247100003,19.6496,0.1315,SAAO_KMTS02,KMT(I),KMT
2510871.8365400005,19.7677,0.1513,SAAO_KMTS02,KMT(I),KMT
2510871.8483499996,19.7766,0.1351,SAAO_KMTS02,KMT(I),KMT
2510871.8600500003,19.7825,0.1302,SAAO_KMTS02,KMT(I),KMT
2510871.8789,19.7375,0.1176,SAAO_KMTS02,KMT(I),KMT
2510871.8904599994,19.8964,0.1535,SAAO_KMTS02,KMT(I),KMT
2510871.9023199994,19.7633,0.1148,SAAO_KMTS02,KMT(I),KMT
2510871.91402,20.2974,0.1576,SAAO_KMTS02,KMT(I),KMT
2510871.9260399994,20.2423,0.1857,SAAO_KMTS02,KMT(I),KMT
2510871.9467699993,20.4277,0.2019,SAAO_KMTS02,KMT(I),KMT
2510871.96361,19.8279,0.129,SAAO_KMTS02,KMT(I),KMT
2510871.97556,19.9185,0.1518,SAAO_KMTS02,KMT(I),KMT
2510871.98714,19.7488,0.1,SAAO_KMTS02,KMT(I),KMT
2510871.99897,20.3833,0.2732,SAAO_KMTS02,KMT(I),KMT
2510872.0108000003,19.9932,0.1411,SAAO_KMTS02,KMT(I),KMT
2510872.03316,20.0277,0.1536,SAAO_KMTS02,KMT(I),KMT
2510872.0444900002,20.2481,0.2034,SAAO_KMTS02,KMT(I),KMT
2510872.73783,20.1315,0.2511,SAAO_KMTS02,KMT(I),KMT
2510872.74981,19.7129,0.1445,SAAO_KMTS02,KMT(I),KMT
2510872.76143,19.9111,0.1537,SAAO_KMTS02,KMT(I),KMT
2510872.77358,20.0034,0.1966,SAAO_KMTS02,KMT(I),KMT
2510872.7853699997,19.6692,0.2059,SAAO_KMTS02,KMT(I),KMT
2510872.8046199996,20.1908,0.2739,SAAO_KMTS02,KMT(I),KMT
2510872.81766,20.021,0.1601,SAAO_KMTS02,KMT(I),KMT
2510872.82957,19.992,0.1915,SAAO_KMTS02,KMT(I),KMT
2510872.8415,20.0682,0.137,SAAO_KMTS02,KMT(I),KMT
2510872.8533299994,20.142,0.1577,SAAO_KMTS02,KMT(I),KMT
2510872.8727700002,20.5458,0.2637,SAAO_KMTS02,KMT(I),KMT
2510872.88468,20.0146,0.1315,SAAO_KMTS02,KMT(I),KMT
2510872.89652,20.2034,0.1902,SAAO_KMTS02,KMT(I),KMT
2510872.9082999993,20.2987,0.2449,SAAO_KMTS02,KMT(I),KMT
2510872.9199899994,19.9161,0.1476,SAAO_KMTS02,KMT(I),KMT
2510872.9389699996,20.0114,0.1479,SAAO_KMTS02,KMT(I),KMT
2510872.9507800005,20.0734,0.1347,SAAO_KMTS02,KMT(I),KMT
2510872.96339,19.9063,0.1454,SAAO_KMTS02,KMT(I),KMT
2510872.9749800004,19.9371,0.1767,SAAO_KMTS02,KMT(I),KMT
2510872.9867000002,20.2243,0.1867,SAAO_KMTS02,KMT(I),KMT
2510873.0099100005,20.6083,0.3729,SAAO_KMTS02,KMT(I),KMT
2510873.02193,19.8898,0.2164,SAAO_KMTS02,KMT(I),KMT
2510873.0310200006,20.0178,0.2307,SAAO_KMTS02,KMT(I),KMT
2510873.04143,20.7476,0.4867,SAAO_KMTS02,KMT(I),KMT
2510874.7310700007,19.7186,0.1557,SAAO_KMTS02,KMT(I),KMT
2510874.7435599994,20.3117,0.3151,SAAO_KMTS02,KMT(I),KMT
2510874.7555100005,20.3198,0.2841,SAAO_KMTS02,KMT(I),KMT
2510874.7767699994,19.9762,0.1881,SAAO_KMTS02,KMT(I),KMT
2510874.7890600003,20.0978,0.1683,SAAO_KMTS02,KMT(I),KMT
2510874.8010300007,19.3187,0.1108,SAAO_KMTS02,KMT(I),KMT
2510874.81298,19.7559,0.1632,SAAO_KMTS02,KMT(I),KMT
2510874.8249399997,19.9611,0.135,SAAO_KMTS02,KMT(I),KMT
2510874.8439099994,19.9277,0.1779,SAAO_KMTS02,KMT(I),KMT
2510874.85592,19.8478,0.1421,SAAO_KMTS02,KMT(I),KMT
2510874.8679,19.9296,0.1784,SAAO_KMTS02,KMT(I),KMT
2510874.8800099995,19.9401,0.1449,SAAO_KMTS02,KMT(I),KMT
2510874.89205,20.2936,0.2637,SAAO_KMTS02,KMT(I),KMT
2510874.91146,19.8993,0.1391,SAAO_KMTS02,KMT(I),KMT
2510874.92335,19.8069,0.1402,SAAO_KMTS02,KMT(I),KMT
2510874.93539,19.9219,0.1175,SAAO_KMTS02,KMT(I),KMT
2510874.95847,20.2289,0.205,SAAO_KMTS02,KMT(I),KMT
2510874.9713000003,20.0406,0.2016,SAAO_KMTS02,KMT(I),KMT
2510874.9830799997,19.6032,0.1238,SAAO_KMTS02,KMT(I),KMT
2510875.00246,19.9888,0.2423,SAAO_KMTS02,KMT(I),KMT
2510875.01645,20.0167,0.2387,SAAO_KMTS02,KMT(I),KMT
2510875.0257399995,19.8071,0.2188,SAAO_KMTS02,KMT(I),KMT
2510875.0370000005,19.6596,0.1758,SAAO_KMTS02,KMT(I),KMT
2510875.7271999996,19.6282,0.1264,SAAO_KMTS02,KMT(I),KMT
2510875.7386600003,19.598,0.1319,SAAO_KMTS02,KMT(I),KMT
2510875.7500599995,19.6937,0.1988,SAAO_KMTS02,KMT(I),KMT
2510875.76889,19.4521,0.1303,SAAO_KMTS02,KMT(I),KMT
2510875.7807599995,19.7169,0.1251,SAAO_KMTS02,KMT(I),KMT
2510875.79251,19.6402,0.142,SAAO_KMTS02,KMT(I),KMT
2510875.80416,20.0427,0.1719,SAAO_KMTS02,KMT(I),KMT
2510875.8158800006,19.8648,0.1562,SAAO_KMTS02,KMT(I),KMT
2510875.8350300007,19.7657,0.1192,SAAO_KMTS02,KMT(I),KMT
2510875.8467699997,19.6834,0.1009,SAAO_KMTS02,KMT(I),KMT
2510875.85838,20.3118,0.2466,SAAO_KMTS02,KMT(I),KMT
2510875.8698900007,19.7101,0.112,SAAO_KMTS02,KMT(I),KMT
2510875.88576,19.7871,0.1533,SAAO_KMTS02,KMT(I),KMT
2510875.9088000003,19.6278,0.5178,SAAO_KMTS02,KMT(I),KMT
2510875.92045,19.6939,0.3672,SAAO_KMTS02,KMT(I),KMT
2510875.9318499994,20.25,0.4125,SAAO_KMTS02,KMT(I),KMT
2510875.9432800002,19.8763,0.2092,SAAO_KMTS02,KMT(I),KMT
2510875.9550100006,19.5262,0.1901,SAAO_KMTS02,KMT(I),KMT
2510875.97389,19.5967,0.3057,SAAO_KMTS02,KMT(I),KMT
2510875.99727,19.1247,0.2405,SAAO_KMTS02,KMT(I),KMT
2510876.01124,20.197,1.2983,SAAO_KMTS02,KMT(I),KMT
2510876.0373400003,19.6771,0.2619,SAAO_KMTS02,KMT(I),KMT
2510876.7269100007,20.0401,0.2211,SAAO_KMTS02,KMT(I),KMT
2510876.74641,19.6555,0.139,SAAO_KMTS02,KMT(I),KMT
2510876.75918,19.9084,0.2075,SAAO_KMTS02,KMT(I),KMT
2510876.77109,19.8985,0.1782,SAAO_KMTS02,KMT(I),KMT
2510876.78278,19.6041,0.1293,SAAO_KMTS02,KMT(I),KMT
2510876.79462,19.9875,0.2241,SAAO_KMTS02,KMT(I),KMT
2510876.8138800003,19.9996,0.1571,SAAO_KMTS02,KMT(I),KMT
2510876.8258500006,20.4291,0.2693,SAAO_KMTS02,KMT(I),KMT
2510876.8378299996,19.7732,0.1127,SAAO_KMTS02,KMT(I),KMT
2510876.8498,19.9008,0.155,SAAO_KMTS02,KMT(I),KMT
2510876.8628199995,19.9896,0.1316,SAAO_KMTS02,KMT(I),KMT
2510876.8828100003,19.5923,0.1464,SAAO_KMTS02,KMT(I),KMT
2510876.9099000003,19.1871,0.1763,SAAO_KMTS02,KMT(I),KMT
2510876.9254400004,19.3179,0.1665,SAAO_KMTS02,KMT(I),KMT
2510876.9431299996,19.6141,0.1414,SAAO_KMTS02,KMT(I),KMT
2510876.96043,19.6678,0.1582,SAAO_KMTS02,KMT(I),KMT
2510876.97602,19.5016,0.1474,SAAO_KMTS02,KMT(I),KMT
2510876.9961099997,20.2307,0.2407,SAAO_KMTS02,KMT(I),KMT
2510877.00834,19.9363,0.1819,SAAO_KMTS02,KMT(I),KMT
2510877.02085,19.6892,0.1379,SAAO_KMTS02,KMT(I),KMT
2510877.03132,20.0116,0.2453,SAAO_KMTS02,KMT(I),KMT
2510877.7306900006,18.9187,0.0879,SAAO_KMTS02,KMT(I),KMT
2510878.72817,17.3897,0.0411,SAAO_KMTS02,KMT(I),KMT
2510878.74025,19.4182,0.1253,SAAO_KMTS02,KMT(I),KMT
2510878.7524500005,19.3994,0.1335,SAAO_KMTS02,KMT(I),KMT
2510879.0146399997,19.9073,0.248,SAAO_KMTS02,KMT(I),KMT
2510879.0251700003,19.2754,0.1005,SAAO_KMTS02,KMT(I),KMT
2510879.7313,19.766,0.1074,SAAO_KMTS02,KMT(I),KMT
2510879.74407,19.7083,0.1091,SAAO_KMTS02,KMT(I),KMT
2510879.7560099997,20.4191,0.2065,SAAO_KMTS02,KMT(I),KMT
2510879.7675,20.1216,0.1552,SAAO_KMTS02,KMT(I),KMT
2510879.7814000007,19.9897,0.1725,SAAO_KMTS02,KMT(I),KMT
2510879.8008699995,20.1044,0.1311,SAAO_KMTS02,KMT(I),KMT
2510879.81295,20.0025,0.1197,SAAO_KMTS02,KMT(I),KMT
2510879.82488,19.8329,0.0918,SAAO_KMTS02,KMT(I),KMT
2510879.8370200004,20.1945,0.1414,SAAO_KMTS02,KMT(I),KMT
2510879.84904,20.623,0.4988,SAAO_KMTS02,KMT(I),KMT
2510879.97728,19.7555,0.1545,SAAO_KMTS02,KMT(I),KMT
2510879.9902100004,19.9018,0.1504,SAAO_KMTS02,KMT(I),KMT
2510880.0020400006,20.1533,0.202,SAAO_KMTS02,KMT(I),KMT
2510880.01392,19.8117,0.1559,SAAO_KMTS02,KMT(I),KMT
2510880.0243800003,19.8013,0.2175,SAAO_KMTS02,KMT(I),KMT
2510880.7385,19.7746,0.1979,SAAO_KMTS02,KMT(I),KMT
2510881.73898,19.3389,0.151,SAAO_KMTS02,KMT(I),KMT
2510881.75818,19.6454,0.1578,SAAO_KMTS02,KMT(I),KMT
2510881.7701900005,19.7054,0.1836,SAAO_KMTS02,KMT(I),KMT
2510881.7845399994,19.6867,0.146,SAAO_KMTS02,KMT(I),KMT
2510881.7963299993,19.2319,0.1154,SAAO_KMTS02,KMT(I),KMT
2510881.80834,19.2455,0.0981,SAAO_KMTS02,KMT(I),KMT
2510881.8278,19.0951,0.092,SAAO_KMTS02,KMT(I),KMT
2510881.8400299996,19.8997,0.1737,SAAO_KMTS02,KMT(I),KMT
2510881.8651400004,20.1918,0.1717,SAAO_KMTS02,KMT(I),KMT
2510881.8767099995,19.9115,0.115,SAAO_KMTS02,KMT(I),KMT
2510881.89595,19.6818,0.1133,SAAO_KMTS02,KMT(I),KMT
2510881.9085099995,20.0645,0.153,SAAO_KMTS02,KMT(I),KMT
2510881.92045,19.7803,0.1398,SAAO_KMTS02,KMT(I),KMT
2510881.93198,20.3421,0.2186,SAAO_KMTS02,KMT(I),KMT
2510881.9438000005,20.2124,0.1769,SAAO_KMTS02,KMT(I),KMT
2510881.95562,20.0345,0.1596,SAAO_KMTS02,KMT(I),KMT
2510881.9748299997,19.9144,0.1511,SAAO_KMTS02,KMT(I),KMT
2510881.9867899995,20.3365,0.2327,SAAO_KMTS02,KMT(I),KMT
2510881.99869,19.9951,0.1711,SAAO_KMTS02,KMT(I),KMT
2510882.0104,19.8496,0.1369,SAAO_KMTS02,KMT(I),KMT
2510882.0221100003,20.8111,0.5253,SAAO_KMTS02,KMT(I),KMT
2510882.0357799996,20.1969,0.255,SAAO_KMTS02,KMT(I),KMT
2510882.75385,20.0498,0.2273,SAAO_KMTS02,KMT(I),KMT
2510882.7656699996,20.5543,0.3317,SAAO_KMTS02,KMT(I),KMT
2510882.7774899993,21.0697,0.7207,SAAO_KMTS02,KMT(I),KMT
2510882.7891300004,20.3565,0.2408,SAAO_KMTS02,KMT(I),KMT
2510882.8081800006,19.7355,0.1437,SAAO_KMTS02,KMT(I),KMT
2510882.84184,20.1232,0.1655,SAAO_KMTS02,KMT(I),KMT
2510882.85365,20.0915,0.1573,SAAO_KMTS02,KMT(I),KMT
2510882.8655900005,19.7076,0.1145,SAAO_KMTS02,KMT(I),KMT
2510882.8775200006,20.3381,0.245,SAAO_KMTS02,KMT(I),KMT
2510882.8968400005,19.5964,0.1112,SAAO_KMTS02,KMT(I),KMT
2510882.90862,19.7195,0.1354,SAAO_KMTS02,KMT(I),KMT
2510882.92067,19.4268,0.1142,SAAO_KMTS02,KMT(I),KMT
2510882.9324900005,19.942,0.1794,SAAO_KMTS02,KMT(I),KMT
2510882.94458,19.7971,0.1716,SAAO_KMTS02,KMT(I),KMT
2510882.96375,20.2022,0.2863,SAAO_KMTS02,KMT(I),KMT
2510882.9757700004,19.9485,0.1594,SAAO_KMTS02,KMT(I),KMT
2510882.98757,19.6314,0.134,SAAO_KMTS02,KMT(I),KMT
2510882.9995,19.556,0.1246,SAAO_KMTS02,KMT(I),KMT
2510883.0112299994,19.7299,0.1656,SAAO_KMTS02,KMT(I),KMT
2510883.03111,19.8861,0.1786,SAAO_KMTS02,KMT(I),KMT
2510883.7617799994,20.5299,0.3555,SAAO_KMTS02,KMT(I),KMT
2510883.77365,20.7407,0.3519,SAAO_KMTS02,KMT(I),KMT
2510883.7927100006,19.8594,0.1392,SAAO_KMTS02,KMT(I),KMT
2510883.8044099994,20.2605,0.2172,SAAO_KMTS02,KMT(I),KMT
2510883.8164300006,20.0387,0.159,SAAO_KMTS02,KMT(I),KMT
2510883.82819,19.613,0.0902,SAAO_KMTS02,KMT(I),KMT
2510883.83993,20.1722,0.1992,SAAO_KMTS02,KMT(I),KMT
2510883.85898,19.7004,0.1059,SAAO_KMTS02,KMT(I),KMT
2510883.87081,20.1037,0.1492,SAAO_KMTS02,KMT(I),KMT
2510883.8824499995,19.926,0.1361,SAAO_KMTS02,KMT(I),KMT
2510883.8940500002,20.0388,0.1157,SAAO_KMTS02,KMT(I),KMT
2510883.9056700002,20.0777,0.1538,SAAO_KMTS02,KMT(I),KMT
2510883.91751,19.9401,0.1431,SAAO_KMTS02,KMT(I),KMT
2510883.93657,20.1143,0.1438,SAAO_KMTS02,KMT(I),KMT
2510883.95012,19.8501,0.1135,SAAO_KMTS02,KMT(I),KMT
2510883.9616800006,19.8908,0.156,SAAO_KMTS02,KMT(I),KMT
2510883.97348,19.5409,0.0818,SAAO_KMTS02,KMT(I),KMT
2510883.98529,20.3994,0.1721,SAAO_KMTS02,KMT(I),KMT
2510884.00464,19.8316,0.1026,SAAO_KMTS02,KMT(I),KMT
2510884.0164800007,19.9719,0.1537,SAAO_KMTS02,KMT(I),KMT
2510884.0253999997,19.8385,0.1816,SAAO_KMTS02,KMT(I),KMT
2510884.7390599996,19.8514,0.2293,SAAO_KMTS02,KMT(I),KMT
2510884.7505799998,19.8574,0.1231,SAAO_KMTS02,KMT(I),KMT
2510884.7697,20.0043,0.1806,SAAO_KMTS02,KMT(I),KMT
2510884.78104,19.8865,0.111,SAAO_KMTS02,KMT(I),KMT
2510884.79254,20.1703,0.1698,SAAO_KMTS02,KMT(I),KMT
2510884.8044499997,19.8539,0.1211,SAAO_KMTS02,KMT(I),KMT
2510884.8159500007,19.7015,0.1053,SAAO_KMTS02,KMT(I),KMT
2510884.83457,20.1442,0.1227,SAAO_KMTS02,KMT(I),KMT
2510884.8468999993,19.9114,0.1084,SAAO_KMTS02,KMT(I),KMT
2510884.8584000003,20.1512,0.1511,SAAO_KMTS02,KMT(I),KMT
2510884.86991,20.0299,0.1947,SAAO_KMTS02,KMT(I),KMT
2510884.8813000005,19.9902,0.1282,SAAO_KMTS02,KMT(I),KMT
2510884.90008,19.9196,0.1385,SAAO_KMTS02,KMT(I),KMT
2510884.91182,19.8792,0.1127,SAAO_KMTS02,KMT(I),KMT
2510884.92361,19.7236,0.1097,SAAO_KMTS02,KMT(I),KMT
2510884.93542,19.9421,0.1306,SAAO_KMTS02,KMT(I),KMT
2510884.9470799994,20.331,0.1829,SAAO_KMTS02,KMT(I),KMT
2510884.96633,19.8756,0.1229,SAAO_KMTS02,KMT(I),KMT
2510884.97824,19.8214,0.129,SAAO_KMTS02,KMT(I),KMT
2510884.99015,19.7635,0.179,SAAO_KMTS02,KMT(I),KMT
2510885.00211,19.545,0.1445,SAAO_KMTS02,KMT(I),KMT
2510885.0161499996,19.7535,0.2072,SAAO_KMTS02,KMT(I),KMT
2510885.0265999995,19.504,0.2038,SAAO_KMTS02,KMT(I),KMT
2510885.7407099996,19.1203,0.1596,SAAO_KMTS02,KMT(I),KMT
2510885.7599400003,13.3321,1.5208,SAAO_KMTS02,KMT(I),KMT
2510885.77183,19.0898,0.1229,SAAO_KMTS02,KMT(I),KMT
2510885.7866699994,20.0212,0.2396,SAAO_KMTS02,KMT(I),KMT
2510885.7985699996,19.5157,0.2218,SAAO_KMTS02,KMT(I),KMT
2510885.8104999997,19.2743,0.1815,SAAO_KMTS02,KMT(I),KMT
2510886.76456,18.6029,0.0997,SAAO_KMTS02,KMT(I),KMT
2510886.80133,20.6663,3.7404,SAAO_KMTS02,KMT(I),KMT
2510886.8133300003,18.8542,0.1184,SAAO_KMTS02,KMT(I),KMT
2510887.74024,19.4709,0.1548,SAAO_KMTS02,KMT(I),KMT
2510887.7594799995,18.7021,0.0796,SAAO_KMTS02,KMT(I),KMT
2510887.77145,20.6321,0.4467,SAAO_KMTS02,KMT(I),KMT
2510887.7830500007,20.5811,0.5069,SAAO_KMTS02,KMT(I),KMT
2510887.9753099997,19.2808,0.1553,SAAO_KMTS02,KMT(I),KMT
2510888.7319799997,17.9878,0.0627,SAAO_KMTS02,KMT(I),KMT
2510888.74397,18.933,0.1184,SAAO_KMTS02,KMT(I),KMT
2510888.7559699994,19.1458,0.1007,SAAO_KMTS02,KMT(I),KMT
2510888.7750899997,18.6755,0.0678,SAAO_KMTS02,KMT(I),KMT
2510888.7870300002,19.7303,0.1756,SAAO_KMTS02,KMT(I),KMT
2510888.7990300003,19.8662,0.2337,SAAO_KMTS02,KMT(I),KMT
2510888.8106900007,19.8496,0.1119,SAAO_KMTS02,KMT(I),KMT
2510888.8225800004,19.9252,0.1109,SAAO_KMTS02,KMT(I),KMT
2510888.8424999993,20.453,0.2359,SAAO_KMTS02,KMT(I),KMT
2510888.85518,20.1747,0.1531,SAAO_KMTS02,KMT(I),KMT
2510888.86704,20.1639,0.1392,SAAO_KMTS02,KMT(I),KMT
2510888.8791499995,19.7845,0.1543,SAAO_KMTS02,KMT(I),KMT
2510888.89095,20.147,0.1535,SAAO_KMTS02,KMT(I),KMT
2510888.9122400004,20.1184,0.1949,SAAO_KMTS02,KMT(I),KMT
2510888.9242199995,20.2798,0.2575,SAAO_KMTS02,KMT(I),KMT
2510888.9359600004,20.082,0.2589,SAAO_KMTS02,KMT(I),KMT
2510888.9477699995,19.8062,0.3089,SAAO_KMTS02,KMT(I),KMT
2510888.9595800005,19.1798,0.3032,SAAO_KMTS02,KMT(I),KMT
2510888.9795900006,19.7493,0.1179,SAAO_KMTS02,KMT(I),KMT
2510888.98747,20.2106,0.245,SAAO_KMTS02,KMT(I),KMT
2510888.9978,19.814,0.1658,SAAO_KMTS02,KMT(I),KMT
2510889.7144600004,19.3902,0.2527,SAAO_KMTS02,KMT(I),KMT
2510889.7270299997,19.8944,0.3184,SAAO_KMTS02,KMT(I),KMT
2510889.73872,19.9896,0.2539,SAAO_KMTS02,KMT(I),KMT
2510889.7505600005,19.9354,0.21,SAAO_KMTS02,KMT(I),KMT
2510889.7699299995,19.6197,0.1723,SAAO_KMTS02,KMT(I),KMT
2510889.78197,19.6838,0.1896,SAAO_KMTS02,KMT(I),KMT
2510889.79395,19.0661,0.4446,SAAO_KMTS02,KMT(I),KMT
2510889.8058199994,20.0693,1.8508,SAAO_KMTS02,KMT(I),KMT
2510889.81774,19.9364,0.2278,SAAO_KMTS02,KMT(I),KMT
2510889.83749,20.1639,0.3621,SAAO_KMTS02,KMT(I),KMT
2510889.84951,19.9548,0.1916,SAAO_KMTS02,KMT(I),KMT
2510889.86178,19.316,0.3283,SAAO_KMTS02,KMT(I),KMT
2510889.8735000007,20.2058,0.687,SAAO_KMTS02,KMT(I),KMT
2510889.8854900002,19.4075,0.3926,SAAO_KMTS02,KMT(I),KMT
2510889.8970800005,20.0302,0.302,SAAO_KMTS02,KMT(I),KMT
2510889.92782,19.5279,0.1475,SAAO_KMTS02,KMT(I),KMT
2510889.93956,20.0759,1.6103,SAAO_KMTS02,KMT(I),KMT
2510889.95184,19.4476,0.1751,SAAO_KMTS02,KMT(I),KMT
2510889.9637899995,19.3984,0.163,SAAO_KMTS02,KMT(I),KMT
2510889.98333,19.5943,0.3491,SAAO_KMTS02,KMT(I),KMT
2510889.9936699998,20.0964,1.0042,SAAO_KMTS02,KMT(I),KMT
2510890.73398,20.077,0.2137,SAAO_KMTS02,KMT(I),KMT
2510890.7456899993,19.6578,0.1263,SAAO_KMTS02,KMT(I),KMT
2510890.75932,19.9567,0.3316,SAAO_KMTS02,KMT(I),KMT
2510890.7711999994,19.7572,0.2071,SAAO_KMTS02,KMT(I),KMT
2510890.79015,19.9215,0.1866,SAAO_KMTS02,KMT(I),KMT
2510890.8015899993,19.4621,0.4193,SAAO_KMTS02,KMT(I),KMT
2510890.81341,19.4631,0.2703,SAAO_KMTS02,KMT(I),KMT
2510890.82515,19.9535,0.6384,SAAO_KMTS02,KMT(I),KMT
2510890.83753,19.8986,0.2823,SAAO_KMTS02,KMT(I),KMT
2510890.85671,19.9466,1.0421,SAAO_KMTS02,KMT(I),KMT
2510890.8690399993,19.5945,0.3435,SAAO_KMTS02,KMT(I),KMT
2510890.8810900003,19.9801,0.2677,SAAO_KMTS02,KMT(I),KMT
2510890.89284,19.9486,0.2783,SAAO_KMTS02,KMT(I),KMT
2510890.9048299994,19.4172,0.1789,SAAO_KMTS02,KMT(I),KMT
2510890.92507,19.3426,0.2162,SAAO_KMTS02,KMT(I),KMT
2510890.9376800004,19.6888,0.6648,SAAO_KMTS02,KMT(I),KMT
2510891.72358,17.9631,0.333,SAAO_KMTS02,KMT(I),KMT
2510891.7664,17.8068,0.4381,SAAO_KMTS02,KMT(I),KMT
2510891.7820999995,19.1478,0.4554,SAAO_KMTS02,KMT(I),KMT
2510891.79294,17.4202,0.2472,SAAO_KMTS02,KMT(I),KMT
2510891.8353700005,19.3811,2.2895,SAAO_KMTS02,KMT(I),KMT
2510891.84691,16.5643,0.7885,SAAO_KMTS02,KMT(I),KMT
2510893.7491999995,19.3954,0.4729,SAAO_KMTS02,KMT(I),KMT
2510893.7725399993,19.8863,0.8831,SAAO_KMTS02,KMT(I),KMT
2510893.8147,19.9984,0.4775,SAAO_KMTS02,KMT(I),KMT
2510893.82646,19.4438,0.2705,SAAO_KMTS02,KMT(I),KMT
2510893.8385499995,19.4714,0.2561,SAAO_KMTS02,KMT(I),KMT
2510893.8825899996,19.6283,0.3216,SAAO_KMTS02,KMT(I),KMT
2510893.89446,19.938,0.4596,SAAO_KMTS02,KMT(I),KMT
2510893.9073600005,19.612,0.3164,SAAO_KMTS02,KMT(I),KMT
2510893.9194399994,18.8781,0.2321,SAAO_KMTS02,KMT(I),KMT
2510893.93128,19.5799,0.378,SAAO_KMTS02,KMT(I),KMT
2510893.95039,19.6027,0.365,SAAO_KMTS02,KMT(I),KMT
2510893.9623300005,19.1451,0.2477,SAAO_KMTS02,KMT(I),KMT
2510893.9735700004,18.6396,0.1742,SAAO_KMTS02,KMT(I),KMT
2510893.9838699996,20.0809,0.5145,SAAO_KMTS02,KMT(I),KMT
2510895.73412,15.8998,1.1242,SAAO_KMTS02,KMT(I),KMT
2510895.7458299994,12.2891,0.4833,SAAO_KMTS02,KMT(I),KMT
2510895.7847499996,19.529,2.3958,SAAO_KMTS02,KMT(I),KMT
2510895.8544200007,20.0564,0.5028,SAAO_KMTS02,KMT(I),KMT
2510895.87809,17.785,1.4586,SAAO_KMTS02,KMT(I),KMT
2510895.9334500004,18.5809,5.0242,SAAO_KMTS02,KMT(I),KMT
2510895.95701,17.6142,0.5809,SAAO_KMTS02,KMT(I),KMT
2510895.96942,15.8254,0.7303,SAAO_KMTS02,KMT(I),KMT
2510897.7307900004,19.2758,0.092,SAAO_KMTS02,KMT(I),KMT
2510897.7518499997,19.799,0.1838,SAAO_KMTS02,KMT(I),KMT
2510897.76353,19.6448,0.1395,SAAO_KMTS02,KMT(I),KMT
2510897.7754999995,19.8687,0.1429,SAAO_KMTS02,KMT(I),KMT
2510897.7877900004,19.8241,0.1656,SAAO_KMTS02,KMT(I),KMT
2510897.7998200003,19.9371,0.1915,SAAO_KMTS02,KMT(I),KMT
2510897.81181,19.7609,0.1388,SAAO_KMTS02,KMT(I),KMT
2510897.8306099996,19.6789,0.1135,SAAO_KMTS02,KMT(I),KMT
2510897.84217,19.7926,0.1426,SAAO_KMTS02,KMT(I),KMT
2510897.8538700007,20.2472,0.2347,SAAO_KMTS02,KMT(I),KMT
2510897.86584,19.8139,0.1349,SAAO_KMTS02,KMT(I),KMT
2510897.8778799996,19.8095,0.1512,SAAO_KMTS02,KMT(I),KMT
2510897.89736,19.6901,0.1618,SAAO_KMTS02,KMT(I),KMT
2510897.90931,19.4878,0.1579,SAAO_KMTS02,KMT(I),KMT
2510897.92112,20.4045,0.278,SAAO_KMTS02,KMT(I),KMT
2510897.9328700006,19.9338,0.2193,SAAO_KMTS02,KMT(I),KMT
2510897.9446799997,19.8916,0.1695,SAAO_KMTS02,KMT(I),KMT
2510897.9637899995,19.9761,0.2225,SAAO_KMTS02,KMT(I),KMT
2510897.96854,19.7981,0.1805,SAAO_KMTS02,KMT(I),KMT
2510897.9790700004,19.9866,0.2293,SAAO_KMTS02,KMT(I),KMT
2510898.73291,19.9314,0.1509,SAAO_KMTS02,KMT(I),KMT
2510898.74498,19.9652,0.2,SAAO_KMTS02,KMT(I),KMT
2510898.75657,19.8394,0.1332,SAAO_KMTS02,KMT(I),KMT
2510898.7691,20.194,0.1636,SAAO_KMTS02,KMT(I),KMT
2510898.7807599995,19.5438,0.103,SAAO_KMTS02,KMT(I),KMT
2510898.7999399994,20.1442,0.221,SAAO_KMTS02,KMT(I),KMT
2510898.81161,19.784,0.1203,SAAO_KMTS02,KMT(I),KMT
2510898.8237999994,19.7077,0.1111,SAAO_KMTS02,KMT(I),KMT
2510898.8420700002,19.9923,0.1558,SAAO_KMTS02,KMT(I),KMT
2510898.85379,19.8209,0.1655,SAAO_KMTS02,KMT(I),KMT
2510898.8726899996,19.9138,0.1275,SAAO_KMTS02,KMT(I),KMT
2510898.8845700007,19.9575,0.194,SAAO_KMTS02,KMT(I),KMT
2510898.89647,20.0845,0.1463,SAAO_KMTS02,KMT(I),KMT
2510898.91142,19.8749,0.1782,SAAO_KMTS02,KMT(I),KMT
2510898.92327,19.6737,0.1377,SAAO_KMTS02,KMT(I),KMT
2510898.9423699994,19.9741,0.1705,SAAO_KMTS02,KMT(I),KMT
2510898.95431,19.8172,0.1548,SAAO_KMTS02,KMT(I),KMT
2510898.966,20.1326,0.1761,SAAO_KMTS02,KMT(I),KMT
2510898.9727800004,19.7448,0.1686,SAAO_KMTS02,KMT(I),KMT
2510898.98278,20.166,0.2396,SAAO_KMTS02,KMT(I),KMT
2510899.7503699996,20.2523,0.181,SAAO_KMTS02,KMT(I),KMT
2510899.76195,19.9782,0.1497,SAAO_KMTS02,KMT(I),KMT
2510899.7739899997,19.7895,0.1397,SAAO_KMTS02,KMT(I),KMT
2510899.7930999994,19.9595,0.1617,SAAO_KMTS02,KMT(I),KMT
2510899.80482,20.0711,0.2172,SAAO_KMTS02,KMT(I),KMT
2510899.8180800006,20.0217,0.1856,SAAO_KMTS02,KMT(I),KMT
2510899.8296499997,19.7317,0.1246,SAAO_KMTS02,KMT(I),KMT
2510899.84119,19.2605,0.1159,SAAO_KMTS02,KMT(I),KMT
2510899.8601,19.8143,0.1232,SAAO_KMTS02,KMT(I),KMT
2510899.87172,19.9434,0.1754,SAAO_KMTS02,KMT(I),KMT
2510899.88315,19.7785,0.1364,SAAO_KMTS02,KMT(I),KMT
2510899.8946400005,20.1406,0.1622,SAAO_KMTS02,KMT(I),KMT
2510899.9065199997,19.8865,0.1283,SAAO_KMTS02,KMT(I),KMT
2510899.9180699997,20.2955,0.1957,SAAO_KMTS02,KMT(I),KMT
2510899.93731,20.1126,0.147,SAAO_KMTS02,KMT(I),KMT
2510899.9489699993,19.8218,0.1335,SAAO_KMTS02,KMT(I),KMT
2510899.9607299995,20.1011,0.1645,SAAO_KMTS02,KMT(I),KMT
2510899.96564,19.9977,0.1507,SAAO_KMTS02,KMT(I),KMT
2510899.976,19.9959,0.1682,SAAO_KMTS02,KMT(I),KMT
2510900.7524699997,19.2385,0.12,SAAO_KMTS02,KMT(I),KMT
2510900.7645699997,19.517,0.1661,SAAO_KMTS02,KMT(I),KMT
2510900.78421,19.6166,0.1623,SAAO_KMTS02,KMT(I),KMT
2510900.79608,19.7561,0.1497,SAAO_KMTS02,KMT(I),KMT
2510900.8078300003,20.0409,0.2666,SAAO_KMTS02,KMT(I),KMT
2510900.81972,20.1119,0.23,SAAO_KMTS02,KMT(I),KMT
2510900.8314500004,20.7799,0.547,SAAO_KMTS02,KMT(I),KMT
2510900.85088,20.0364,0.1889,SAAO_KMTS02,KMT(I),KMT
2510900.8627700005,19.9701,0.1962,SAAO_KMTS02,KMT(I),KMT
2510900.8746099994,20.1046,0.1623,SAAO_KMTS02,KMT(I),KMT
2510900.8911300004,19.9451,0.1637,SAAO_KMTS02,KMT(I),KMT
2510900.90312,20.0864,0.1611,SAAO_KMTS02,KMT(I),KMT
2510900.9226,19.9743,0.1682,SAAO_KMTS02,KMT(I),KMT
2510900.96234,18.7068,3.4143,SAAO_KMTS02,KMT(I),KMT
2510901.7526600007,19.191,0.1564,SAAO_KMTS02,KMT(I),KMT
2510901.7660300005,20.1257,0.2169,SAAO_KMTS02,KMT(I),KMT
2510901.7780799996,19.6279,0.2291,SAAO_KMTS02,KMT(I),KMT
2510901.79729,18.9436,0.2298,SAAO_KMTS02,KMT(I),KMT
2510901.8093999997,19.8562,0.198,SAAO_KMTS02,KMT(I),KMT
2510901.8382399995,19.3592,0.846,SAAO_KMTS02,KMT(I),KMT
2510901.85011,20.1226,0.3319,SAAO_KMTS02,KMT(I),KMT
2510901.8689099997,20.059,0.7357,SAAO_KMTS02,KMT(I),KMT
2510901.9351899996,20.3824,0.6283,SAAO_KMTS02,KMT(I),KMT
2510903.75414,19.8265,0.1869,SAAO_KMTS02,KMT(I),KMT
2510903.7660799995,19.5872,0.1581,SAAO_KMTS02,KMT(I),KMT
2510903.7780600004,19.1971,0.1067,SAAO_KMTS02,KMT(I),KMT
2510903.7971199993,19.4888,0.1486,SAAO_KMTS02,KMT(I),KMT
2510903.80891,19.202,0.1195,SAAO_KMTS02,KMT(I),KMT
2510903.8206,19.7724,0.1573,SAAO_KMTS02,KMT(I),KMT
2510903.8324500006,19.8323,0.145,SAAO_KMTS02,KMT(I),KMT
2510903.91443,19.9971,0.1492,SAAO_KMTS02,KMT(I),KMT
2510903.9261499997,19.9543,0.2075,SAAO_KMTS02,KMT(I),KMT
2510903.94525,20.2991,0.2729,SAAO_KMTS02,KMT(I),KMT
2510903.95699,20.3817,0.3167,SAAO_KMTS02,KMT(I),KMT
2510903.96191,20.3716,0.3146,SAAO_KMTS02,KMT(I),KMT
2510903.97203,19.9262,0.2191,SAAO_KMTS02,KMT(I),KMT
2510904.7533400003,19.2983,0.1032,SAAO_KMTS02,KMT(I),KMT
2510904.76499,20.3378,0.2848,SAAO_KMTS02,KMT(I),KMT
2510904.7775500007,19.5653,0.1538,SAAO_KMTS02,KMT(I),KMT
2510904.7961800005,19.6543,0.1662,SAAO_KMTS02,KMT(I),KMT
2510904.8079199996,20.1632,0.2099,SAAO_KMTS02,KMT(I),KMT
2510904.81984,19.7939,0.1367,SAAO_KMTS02,KMT(I),KMT
2510904.8318099994,19.8678,0.1602,SAAO_KMTS02,KMT(I),KMT
2510904.84363,19.456,0.1222,SAAO_KMTS02,KMT(I),KMT
2510904.8802000005,19.8086,0.1395,SAAO_KMTS02,KMT(I),KMT
2510904.8921799995,19.9774,0.1576,SAAO_KMTS02,KMT(I),KMT
2510904.90706,19.7208,0.1253,SAAO_KMTS02,KMT(I),KMT
2510904.9188,20.0132,0.239,SAAO_KMTS02,KMT(I),KMT
2510904.9304,19.9529,0.1679,SAAO_KMTS02,KMT(I),KMT
2510904.9487500004,19.8519,0.1765,SAAO_KMTS02,KMT(I),KMT
2510904.95912,19.806,0.1595,SAAO_KMTS02,KMT(I),KMT
2510905.7566,21.3898,0.9779,SAAO_KMTS02,KMT(I),KMT
2510905.76822,20.0451,0.276,SAAO_KMTS02,KMT(I),KMT
2510905.77984,19.8282,0.1597,SAAO_KMTS02,KMT(I),KMT
2510905.7915700004,19.7815,0.1816,SAAO_KMTS02,KMT(I),KMT
2510905.8032600004,20.0051,0.2195,SAAO_KMTS02,KMT(I),KMT
2510905.8225999996,19.529,0.1096,SAAO_KMTS02,KMT(I),KMT
2510905.83433,19.8006,0.1388,SAAO_KMTS02,KMT(I),KMT
2510905.8462199997,19.7215,0.1751,SAAO_KMTS02,KMT(I),KMT
2510905.85821,19.9461,0.1151,SAAO_KMTS02,KMT(I),KMT
2510905.8699900005,20.3959,0.341,SAAO_KMTS02,KMT(I),KMT
2510905.8889000006,20.0308,0.1351,SAAO_KMTS02,KMT(I),KMT
2510905.9004999995,20.0292,0.1923,SAAO_KMTS02,KMT(I),KMT
2510905.9120899998,20.0834,0.1641,SAAO_KMTS02,KMT(I),KMT
2510905.92371,19.8026,0.1322,SAAO_KMTS02,KMT(I),KMT
2510905.93535,20.0787,0.1972,SAAO_KMTS02,KMT(I),KMT
2510905.9517,20.4754,0.3655,SAAO_KMTS02,KMT(I),KMT
2510905.9617599994,19.8269,0.173,SAAO_KMTS02,KMT(I),KMT
2510906.7435299996,19.3505,0.1047,SAAO_KMTS02,KMT(I),KMT
2510906.75492,20.1946,0.2089,SAAO_KMTS02,KMT(I),KMT
2510906.7669900004,19.7544,0.1395,SAAO_KMTS02,KMT(I),KMT
2510906.77912,19.4659,0.1376,SAAO_KMTS02,KMT(I),KMT
2510906.7911600005,20.0396,0.1819,SAAO_KMTS02,KMT(I),KMT
2510906.8177499995,19.5249,0.127,SAAO_KMTS02,KMT(I),KMT
2510906.8298000004,19.6367,0.1084,SAAO_KMTS02,KMT(I),KMT
2510906.8416600004,19.9488,0.11,SAAO_KMTS02,KMT(I),KMT
2510906.8535600007,19.9463,0.1249,SAAO_KMTS02,KMT(I),KMT
2510906.8653999995,20.0359,0.1208,SAAO_KMTS02,KMT(I),KMT
2510906.8772400003,20.0463,0.1484,SAAO_KMTS02,KMT(I),KMT
2510906.8970299996,20.4626,0.2492,SAAO_KMTS02,KMT(I),KMT
2510906.9087499995,20.4522,0.24,SAAO_KMTS02,KMT(I),KMT
2510906.92263,19.978,0.1938,SAAO_KMTS02,KMT(I),KMT
2510906.93674,19.9105,0.1564,SAAO_KMTS02,KMT(I),KMT
2510906.94728,19.925,0.1487,SAAO_KMTS02,KMT(I),KMT
2510907.7331600003,19.511,0.131,SAAO_KMTS02,KMT(I),KMT
2510907.74507,19.4567,0.1208,SAAO_KMTS02,KMT(I),KMT
2510907.7643100005,19.641,0.136,SAAO_KMTS02,KMT(I),KMT
2510907.7759300005,19.779,0.1826,SAAO_KMTS02,KMT(I),KMT
2510907.8737400007,19.2735,0.1214,SAAO_KMTS02,KMT(I),KMT
2510907.88698,19.2836,0.0958,SAAO_KMTS02,KMT(I),KMT
2510907.89879,19.7275,0.1521,SAAO_KMTS02,KMT(I),KMT
2510907.91022,19.4019,0.1001,SAAO_KMTS02,KMT(I),KMT
2510907.93128,19.4726,0.1201,SAAO_KMTS02,KMT(I),KMT
2510907.94159,19.7109,0.1796,SAAO_KMTS02,KMT(I),KMT
2510908.73532,19.8271,0.1855,SAAO_KMTS02,KMT(I),KMT
2510908.7470999993,19.7159,0.1668,SAAO_KMTS02,KMT(I),KMT
2510908.75949,20.2427,0.3452,SAAO_KMTS02,KMT(I),KMT
2510908.7714799996,19.7136,0.1818,SAAO_KMTS02,KMT(I),KMT
2510908.78417,19.8769,0.1681,SAAO_KMTS02,KMT(I),KMT
2510908.8037800007,20.0326,0.1519,SAAO_KMTS02,KMT(I),KMT
2510909.7412100006,20.0122,0.1754,SAAO_KMTS02,KMT(I),KMT
2510909.7547699995,19.5416,0.1242,SAAO_KMTS02,KMT(I),KMT
2510909.7664800007,19.7243,0.1792,SAAO_KMTS02,KMT(I),KMT
2510909.7786100004,20.2453,0.3012,SAAO_KMTS02,KMT(I),KMT
2510909.7978499997,18.9569,0.1545,SAAO_KMTS02,KMT(I),KMT
2510909.8094800003,19.7283,0.1789,SAAO_KMTS02,KMT(I),KMT
2510909.8210899998,19.9229,0.1866,SAAO_KMTS02,KMT(I),KMT
2510911.73668,19.3978,0.1649,SAAO_KMTS02,KMT(I),KMT
2510911.74814,19.3196,0.1498,SAAO_KMTS02,KMT(I),KMT
2510911.76686,19.5886,0.1514,SAAO_KMTS02,KMT(I),KMT
2510911.7793199997,19.381,0.137,SAAO_KMTS02,KMT(I),KMT
2510911.79115,19.7681,0.1318,SAAO_KMTS02,KMT(I),KMT
2510911.8027100004,19.8909,0.2114,SAAO_KMTS02,KMT(I),KMT
2510911.8145199995,21.4982,4.8932,SAAO_KMTS02,KMT(I),KMT
2510911.8333100006,19.6941,0.1566,SAAO_KMTS02,KMT(I),KMT
2510911.8450099993,19.8497,0.2902,SAAO_KMTS02,KMT(I),KMT
2510911.85697,19.7984,0.2036,SAAO_KMTS02,KMT(I),KMT
2510911.8687999994,20.2663,0.553,SAAO_KMTS02,KMT(I),KMT
2510911.88081,19.9144,0.2373,SAAO_KMTS02,KMT(I),KMT
2510911.9002100006,19.4105,0.3141,SAAO_KMTS02,KMT(I),KMT
2510911.92095,19.1999,0.2999,SAAO_KMTS02,KMT(I),KMT
2510911.9312699996,19.8642,0.1755,SAAO_KMTS02,KMT(I),KMT
2510912.7474300005,20.0147,0.18,SAAO_KMTS02,KMT(I),KMT
2510912.75942,19.7283,0.1205,SAAO_KMTS02,KMT(I),KMT
2510912.7714,19.7147,0.1825,SAAO_KMTS02,KMT(I),KMT
2510912.78364,19.3451,0.122,SAAO_KMTS02,KMT(I),KMT
2510912.7951999996,18.3222,0.0707,SAAO_KMTS02,KMT(I),KMT
2510912.8140399996,18.9195,0.1043,SAAO_KMTS02,KMT(I),KMT
2510912.8256599996,18.5617,0.0851,SAAO_KMTS02,KMT(I),KMT
2510912.8371099997,17.7429,0.0446,SAAO_KMTS02,KMT(I),KMT
2510912.84855,17.9225,0.0545,SAAO_KMTS02,KMT(I),KMT
2510912.8603499997,19.4829,0.168,SAAO_KMTS02,KMT(I),KMT
2510912.8793899994,19.2677,0.0942,SAAO_KMTS02,KMT(I),KMT
2510912.8913899995,19.3244,0.1369,SAAO_KMTS02,KMT(I),KMT
2510912.90338,19.3199,0.1208,SAAO_KMTS02,KMT(I),KMT
2510912.91533,19.2638,0.1415,SAAO_KMTS02,KMT(I),KMT
2510912.92007,19.3017,0.1473,SAAO_KMTS02,KMT(I),KMT
2510912.93123,17.8108,0.0567,SAAO_KMTS02,KMT(I),KMT
2510913.7318399996,19.8731,0.1209,SAAO_KMTS02,KMT(I),KMT
2510913.74373,20.1977,0.1595,SAAO_KMTS02,KMT(I),KMT
2510913.7625900004,20.2196,0.3853,SAAO_KMTS02,KMT(I),KMT
2510913.7741599996,20.125,0.1615,SAAO_KMTS02,KMT(I),KMT
2510913.78587,19.7124,0.1095,SAAO_KMTS02,KMT(I),KMT
2510913.79758,20.1486,0.1714,SAAO_KMTS02,KMT(I),KMT
2510913.80923,20.0143,0.1107,SAAO_KMTS02,KMT(I),KMT
2510913.8280800004,19.9997,0.11,SAAO_KMTS02,KMT(I),KMT
2510913.8397499993,19.9968,0.1038,SAAO_KMTS02,KMT(I),KMT
2510913.85164,19.8411,0.0929,SAAO_KMTS02,KMT(I),KMT
2510913.8634099998,20.3152,0.2454,SAAO_KMTS02,KMT(I),KMT
2510913.87491,19.8021,0.1633,SAAO_KMTS02,KMT(I),KMT
2510913.8941900004,19.8873,0.1713,SAAO_KMTS02,KMT(I),KMT
2510913.90604,20.0619,0.1678,SAAO_KMTS02,KMT(I),KMT
2510913.9167299997,19.9205,0.2015,SAAO_KMTS02,KMT(I),KMT
2510913.9272099994,20.3287,0.3592,SAAO_KMTS02,KMT(I),KMT
2510914.74749,19.1312,0.1144,SAAO_KMTS02,KMT(I),KMT
2510914.75947,19.4023,0.1385,SAAO_KMTS02,KMT(I),KMT
2510914.7714,19.5535,0.1188,SAAO_KMTS02,KMT(I),KMT
2510914.79034,19.8658,0.1713,SAAO_KMTS02,KMT(I),KMT
2510914.8018699996,19.8448,0.1614,SAAO_KMTS02,KMT(I),KMT
2510914.8136299998,20.2945,0.3028,SAAO_KMTS02,KMT(I),KMT
2510914.8255400006,19.7178,0.1278,SAAO_KMTS02,KMT(I),KMT
2510914.8374700006,19.4312,0.1179,SAAO_KMTS02,KMT(I),KMT
2510914.85876,18.9834,0.0985,SAAO_KMTS02,KMT(I),KMT
2510914.87031,19.5554,0.1571,SAAO_KMTS02,KMT(I),KMT
2510914.8821799997,19.1324,0.1216,SAAO_KMTS02,KMT(I),KMT
2510914.89401,19.7692,0.1629,SAAO_KMTS02,KMT(I),KMT
2510914.9054000005,20.2449,0.261,SAAO_KMTS02,KMT(I),KMT
2510914.9131700005,19.7787,0.1851,SAAO_KMTS02,KMT(I),KMT
2510914.9234100003,19.4411,0.2048,SAAO_KMTS02,KMT(I),KMT
2510916.74658,19.9358,0.1205,SAAO_KMTS02,KMT(I),KMT
2510916.7655299995,19.9938,0.1268,SAAO_KMTS02,KMT(I),KMT
2510916.77723,19.8538,0.1193,SAAO_KMTS02,KMT(I),KMT
2510916.78916,20.2224,0.189,SAAO_KMTS02,KMT(I),KMT
2510916.80098,19.9537,0.1365,SAAO_KMTS02,KMT(I),KMT
2510916.81272,19.9697,0.1259,SAAO_KMTS02,KMT(I),KMT
2510916.8320899997,20.0266,0.1982,SAAO_KMTS02,KMT(I),KMT
2510916.8439499997,19.8915,0.1547,SAAO_KMTS02,KMT(I),KMT
2510916.85575,19.8737,0.1358,SAAO_KMTS02,KMT(I),KMT
2510916.8676200006,20.0485,0.1635,SAAO_KMTS02,KMT(I),KMT
2510916.87937,19.9538,0.148,SAAO_KMTS02,KMT(I),KMT
2510916.89886,20.5334,0.2775,SAAO_KMTS02,KMT(I),KMT
2510916.9077899996,19.8632,0.1297,SAAO_KMTS02,KMT(I),KMT
2510916.91796,19.8385,0.132,SAAO_KMTS02,KMT(I),KMT
2510917.72502,19.7569,0.158,SAAO_KMTS02,KMT(I),KMT
2510917.7368899994,19.892,0.1356,SAAO_KMTS02,KMT(I),KMT
2510917.74861,20.2909,0.196,SAAO_KMTS02,KMT(I),KMT
2510917.7605300006,20.3818,0.2512,SAAO_KMTS02,KMT(I),KMT
2510917.77974,19.9765,0.1965,SAAO_KMTS02,KMT(I),KMT
2510917.79177,20.0543,0.1528,SAAO_KMTS02,KMT(I),KMT
2510917.80385,19.9092,0.1117,SAAO_KMTS02,KMT(I),KMT
2510917.81566,20.0419,0.1227,SAAO_KMTS02,KMT(I),KMT
2510917.82761,19.9037,0.1271,SAAO_KMTS02,KMT(I),KMT
2510917.84741,19.961,0.1177,SAAO_KMTS02,KMT(I),KMT
2510917.8588200007,19.8598,0.1341,SAAO_KMTS02,KMT(I),KMT
2510917.87003,19.9686,0.1233,SAAO_KMTS02,KMT(I),KMT
2510917.8817,20.0183,0.1588,SAAO_KMTS02,KMT(I),KMT
2510917.8935199995,19.9062,0.126,SAAO_KMTS02,KMT(I),KMT
2510917.90458,19.9333,0.1826,SAAO_KMTS02,KMT(I),KMT
2510917.91491,19.6999,0.1355,SAAO_KMTS02,KMT(I),KMT
2510918.75437,19.9653,0.2611,SAAO_KMTS02,KMT(I),KMT
2510918.7665800005,19.4865,0.2102,SAAO_KMTS02,KMT(I),KMT
2510918.7785800006,19.6131,0.2265,SAAO_KMTS02,KMT(I),KMT
2510918.7905599996,19.7003,0.1797,SAAO_KMTS02,KMT(I),KMT
2510918.80224,19.6107,0.1795,SAAO_KMTS02,KMT(I),KMT
2510918.8221000005,19.0082,0.1347,SAAO_KMTS02,KMT(I),KMT
2510918.8417499997,20.107,0.3146,SAAO_KMTS02,KMT(I),KMT
2510918.85451,19.5345,0.1527,SAAO_KMTS02,KMT(I),KMT
2510918.86646,19.998,0.3378,SAAO_KMTS02,KMT(I),KMT
2510918.8784500007,20.0562,0.3499,SAAO_KMTS02,KMT(I),KMT
2510918.8902700003,19.3208,0.1877,SAAO_KMTS02,KMT(I),KMT
2510918.9030099995,19.7288,0.2686,SAAO_KMTS02,KMT(I),KMT
2510918.9135599993,18.6819,0.1212,SAAO_KMTS02,KMT(I),KMT
2510920.75725,20.1628,1.0373,SAAO_KMTS02,KMT(I),KMT
2510920.76929,20.024,0.6854,SAAO_KMTS02,KMT(I),KMT
2510920.78111,19.7557,0.5301,SAAO_KMTS02,KMT(I),KMT
2510920.8048100006,20.597,2.459,SAAO_KMTS02,KMT(I),KMT
2510920.84011,20.2341,1.3291,SAAO_KMTS02,KMT(I),KMT
2510920.85188,19.6054,0.6251,SAAO_KMTS02,KMT(I),KMT
2510920.8634900004,19.2714,0.3749,SAAO_KMTS02,KMT(I),KMT
2510920.8751100004,19.9628,0.7325,SAAO_KMTS02,KMT(I),KMT
2510920.8866,18.9858,0.2297,SAAO_KMTS02,KMT(I),KMT
2510920.90147,19.367,0.3555,SAAO_KMTS02,KMT(I),KMT
2510920.9117600005,19.1351,0.2858,SAAO_KMTS02,KMT(I),KMT
2510921.73228,18.7135,0.4181,SAAO_KMTS02,KMT(I),KMT
2510921.74412,17.2576,1.042,SAAO_KMTS02,KMT(I),KMT
2510921.7559399996,18.8959,0.2494,SAAO_KMTS02,KMT(I),KMT
2510921.76769,19.9404,0.5989,SAAO_KMTS02,KMT(I),KMT
2510921.7794000003,19.6798,0.4974,SAAO_KMTS02,KMT(I),KMT
2510921.7986399997,19.4318,0.3622,SAAO_KMTS02,KMT(I),KMT
2510921.82288,18.8662,0.1607,SAAO_KMTS02,KMT(I),KMT
2510921.8343899995,19.328,0.2738,SAAO_KMTS02,KMT(I),KMT
2510921.84626,19.6056,0.373,SAAO_KMTS02,KMT(I),KMT
2510921.89162,19.4502,0.4484,SAAO_KMTS02,KMT(I),KMT
2510921.90369,19.985,0.7725,SAAO_KMTS02,KMT(I),KMT
2510921.9155100007,18.2192,0.171,SAAO_KMTS02,KMT(I),KMT
2510921.9190299995,19.7201,0.6625,SAAO_KMTS02,KMT(I),KMT
2510921.92801,19.207,0.4546,SAAO_KMTS02,KMT(I),KMT
2510922.76193,17.5937,0.7259,SAAO_KMTS02,KMT(I),KMT
2510922.77372,19.1562,0.3788,SAAO_KMTS02,KMT(I),KMT
2510922.79253,18.3983,0.4817,SAAO_KMTS02,KMT(I),KMT
2510922.82739,11.2369,0.1347,SAAO_KMTS02,KMT(I),KMT
2510923.74008,17.829,0.077,SAAO_KMTS02,KMT(I),KMT
2510923.75201,18.2582,0.0714,SAAO_KMTS02,KMT(I),KMT
2510923.76346,17.974,0.0665,SAAO_KMTS02,KMT(I),KMT
2510923.7874100003,18.6896,0.1092,SAAO_KMTS02,KMT(I),KMT
2510923.81073,17.9359,0.0561,SAAO_KMTS02,KMT(I),KMT
2510923.82259,17.8981,0.0572,SAAO_KMTS02,KMT(I),KMT
2510923.8345100004,18.6317,0.0831,SAAO_KMTS02,KMT(I),KMT
2510923.84583,18.802,0.0926,SAAO_KMTS02,KMT(I),KMT
2510923.8585,19.0938,0.1795,SAAO_KMTS02,KMT(I),KMT
2510923.87785,18.9845,0.1132,SAAO_KMTS02,KMT(I),KMT
2510923.88966,19.1355,0.1445,SAAO_KMTS02,KMT(I),KMT
2510923.90145,19.2857,0.2016,SAAO_KMTS02,KMT(I),KMT
2510923.91158,18.9875,0.1343,SAAO_KMTS02,KMT(I),KMT
2510923.9219499994,19.3042,0.2436,SAAO_KMTS02,KMT(I),KMT
2510924.76681,18.0678,0.3591,SAAO_KMTS02,KMT(I),KMT
2510924.77864,19.1129,0.9,SAAO_KMTS02,KMT(I),KMT
2510924.8095699996,19.803,0.6063,SAAO_KMTS02,KMT(I),KMT
2510924.82144,20.4099,2.3851,SAAO_KMTS02,KMT(I),KMT
2510924.84518,20.3252,1.3329,SAAO_KMTS02,KMT(I),KMT
2510924.87656,20.1556,0.7516,SAAO_KMTS02,KMT(I),KMT
2510924.8886699993,20.296,0.4273,SAAO_KMTS02,KMT(I),KMT
2510924.9005200006,20.3753,0.6342,SAAO_KMTS02,KMT(I),KMT
2510924.91103,19.5579,0.1562,SAAO_KMTS02,KMT(I),KMT
2510924.91971,19.5137,0.1624,SAAO_KMTS02,KMT(I),KMT
2510925.7338500004,20.0491,0.1258,SAAO_KMTS02,KMT(I),KMT
2510925.7455599997,20.0238,0.1748,SAAO_KMTS02,KMT(I),KMT
2510925.7649600003,19.8372,0.139,SAAO_KMTS02,KMT(I),KMT
2510925.7765699998,19.3785,0.0915,SAAO_KMTS02,KMT(I),KMT
2510925.78857,19.8513,0.1275,SAAO_KMTS02,KMT(I),KMT
2510925.8005,20.0242,0.1387,SAAO_KMTS02,KMT(I),KMT
2510925.8123499993,20.1681,0.1963,SAAO_KMTS02,KMT(I),KMT
2510925.83146,19.6792,0.1234,SAAO_KMTS02,KMT(I),KMT
2510925.8434800003,19.7867,0.1651,SAAO_KMTS02,KMT(I),KMT
2510925.8552100006,19.6588,0.1834,SAAO_KMTS02,KMT(I),KMT
2510925.86677,19.9021,0.2226,SAAO_KMTS02,KMT(I),KMT
2510925.87835,19.8011,0.2581,SAAO_KMTS02,KMT(I),KMT
2510925.89721,19.8271,0.2279,SAAO_KMTS02,KMT(I),KMT
2510925.9080999997,19.3318,0.1727,SAAO_KMTS02,KMT(I),KMT
2510925.9155100007,19.2183,0.1732,SAAO_KMTS02,KMT(I),KMT
2510926.7552000005,19.2478,0.1593,SAAO_KMTS02,KMT(I),KMT
2510926.7670099996,19.9288,0.3029,SAAO_KMTS02,KMT(I),KMT
2510926.7788200006,18.2082,0.0738,SAAO_KMTS02,KMT(I),KMT
2510926.79062,18.4331,0.0916,SAAO_KMTS02,KMT(I),KMT
2510926.80992,18.556,0.1301,SAAO_KMTS02,KMT(I),KMT
2510926.82159,19.2939,0.3655,SAAO_KMTS02,KMT(I),KMT
2510926.83344,19.3827,0.1745,SAAO_KMTS02,KMT(I),KMT
2510926.84495,19.3644,0.1824,SAAO_KMTS02,KMT(I),KMT
2510926.8568,19.3831,0.1814,SAAO_KMTS02,KMT(I),KMT
2510926.8761,18.6459,0.1185,SAAO_KMTS02,KMT(I),KMT
2510927.73998,19.9686,0.1172,SAAO_KMTS02,KMT(I),KMT
2510927.7519499995,19.8773,0.0998,SAAO_KMTS02,KMT(I),KMT
2510927.7637799997,19.9111,0.1122,SAAO_KMTS02,KMT(I),KMT
2510927.7758300006,20.0529,0.1497,SAAO_KMTS02,KMT(I),KMT
2510927.80758,19.997,0.1706,SAAO_KMTS02,KMT(I),KMT
2510927.81939,20.069,0.1899,SAAO_KMTS02,KMT(I),KMT
2510927.8311899994,19.8798,0.1652,SAAO_KMTS02,KMT(I),KMT
2510927.84329,19.6761,0.1127,SAAO_KMTS02,KMT(I),KMT
2510927.8552100006,19.7321,0.1219,SAAO_KMTS02,KMT(I),KMT
2510927.8671899997,19.8155,0.2176,SAAO_KMTS02,KMT(I),KMT
2510927.8864699993,19.4863,0.1318,SAAO_KMTS02,KMT(I),KMT
2510927.89829,18.6076,0.8736,SAAO_KMTS02,KMT(I),KMT
2510927.9016200006,19.6849,0.3375,SAAO_KMTS02,KMT(I),KMT
2510927.91194,19.8413,0.4494,SAAO_KMTS02,KMT(I),KMT
2510928.76513,19.5854,0.0904,SAAO_KMTS02,KMT(I),KMT
2510928.77716,19.8367,0.1115,SAAO_KMTS02,KMT(I),KMT
2510928.78895,20.0145,0.1291,SAAO_KMTS02,KMT(I),KMT
2510928.80076,20.0257,0.1466,SAAO_KMTS02,KMT(I),KMT
2510928.8195900004,19.8473,0.159,SAAO_KMTS02,KMT(I),KMT
2510928.83124,19.7865,0.1652,SAAO_KMTS02,KMT(I),KMT
2510928.84287,20.0827,0.2024,SAAO_KMTS02,KMT(I),KMT
2510928.8544699997,20.1333,0.2096,SAAO_KMTS02,KMT(I),KMT
2510928.86601,19.8858,0.2507,SAAO_KMTS02,KMT(I),KMT
2510928.88519,20.0088,0.2247,SAAO_KMTS02,KMT(I),KMT
2510928.89693,19.8126,0.1706,SAAO_KMTS02,KMT(I),KMT
2510928.90023,20.1655,0.334,SAAO_KMTS02,KMT(I),KMT
2510928.90902,19.2757,0.1428,SAAO_KMTS02,KMT(I),KMT
2510929.7375300005,19.2577,0.1312,SAAO_KMTS02,KMT(I),KMT
2510929.74935,19.2593,0.271,SAAO_KMTS02,KMT(I),KMT
2510929.7636399996,20.2825,1.0824,SAAO_KMTS02,KMT(I),KMT
2510929.7750700004,20.1983,0.4177,SAAO_KMTS02,KMT(I),KMT
2510929.7942500003,16.2715,0.0272,SAAO_KMTS02,KMT(I),KMT
2510929.8059100006,17.4119,0.0714,SAAO_KMTS02,KMT(I),KMT
2510929.8175799996,17.642,0.0494,SAAO_KMTS02,KMT(I),KMT
2510929.8292699996,17.0916,0.0375,SAAO_KMTS02,KMT(I),KMT
2510929.8409599997,16.5175,0.0387,SAAO_KMTS02,KMT(I),KMT
2510929.8600200005,16.46,0.0373,SAAO_KMTS02,KMT(I),KMT
2510929.8717899993,16.3806,0.0235,SAAO_KMTS02,KMT(I),KMT
2510930.7422,16.0754,0.3515,SAAO_KMTS02,KMT(I),KMT
2510930.75387,18.9288,0.6133,SAAO_KMTS02,KMT(I),KMT
2510930.7658699993,19.2431,0.1301,SAAO_KMTS02,KMT(I),KMT
2510930.78498,19.6475,0.1866,SAAO_KMTS02,KMT(I),KMT
2510930.81625,20.2793,1.0491,SAAO_KMTS02,KMT(I),KMT
2510930.841,19.6631,0.3304,SAAO_KMTS02,KMT(I),KMT
2510930.8602300007,19.5357,0.1576,SAAO_KMTS02,KMT(I),KMT
2510930.88406,17.8319,0.1631,SAAO_KMTS02,KMT(I),KMT
2510930.89324,16.7959,0.5223,SAAO_KMTS02,KMT(I),KMT
2510931.74935,17.0831,0.1413,SAAO_KMTS02,KMT(I),KMT
2510931.7859499995,19.046,0.0849,SAAO_KMTS02,KMT(I),KMT
2510931.80504,19.3325,0.1213,SAAO_KMTS02,KMT(I),KMT
2510931.81687,19.798,0.1344,SAAO_KMTS02,KMT(I),KMT
2510931.8288199995,19.39,0.1138,SAAO_KMTS02,KMT(I),KMT
2510931.8408199996,19.7575,0.1528,SAAO_KMTS02,KMT(I),KMT
2510931.85265,19.9381,0.1933,SAAO_KMTS02,KMT(I),KMT
2510931.8718100004,19.8245,0.1962,SAAO_KMTS02,KMT(I),KMT
2510931.88334,19.8062,0.1943,SAAO_KMTS02,KMT(I),KMT
2510931.8886600006,20.2242,0.2396,SAAO_KMTS02,KMT(I),KMT
2510931.89886,19.4545,0.1289,SAAO_KMTS02,KMT(I),KMT
2510932.74237,20.5057,0.6928,SAAO_KMTS02,KMT(I),KMT
2510932.7542400006,21.3011,1.7251,SAAO_KMTS02,KMT(I),KMT
2510932.7661000006,20.1151,0.3401,SAAO_KMTS02,KMT(I),KMT
2510932.78551,20.1534,0.139,SAAO_KMTS02,KMT(I),KMT
2510932.79751,19.9577,0.1609,SAAO_KMTS02,KMT(I),KMT
2510932.80992,19.9283,0.1141,SAAO_KMTS02,KMT(I),KMT
2510932.8217,19.9728,0.1154,SAAO_KMTS02,KMT(I),KMT
2510932.8334999997,20.4638,0.203,SAAO_KMTS02,KMT(I),KMT
2510932.85257,20.0705,0.1117,SAAO_KMTS02,KMT(I),KMT
2510932.86455,20.1968,0.1686,SAAO_KMTS02,KMT(I),KMT
2510932.87631,20.1036,0.1659,SAAO_KMTS02,KMT(I),KMT
2510932.8859599996,20.1186,0.1724,SAAO_KMTS02,KMT(I),KMT
2510932.8962900005,19.9667,0.139,SAAO_KMTS02,KMT(I),KMT
2510933.7561300006,18.1693,0.1236,SAAO_KMTS02,KMT(I),KMT
2510933.7678200006,17.2262,0.0539,SAAO_KMTS02,KMT(I),KMT
2510933.7870899998,18.2708,0.1156,SAAO_KMTS02,KMT(I),KMT
2510933.7986500002,18.4913,0.1438,SAAO_KMTS02,KMT(I),KMT
2510933.8106500003,17.6939,0.092,SAAO_KMTS02,KMT(I),KMT
2510933.8223100007,17.7792,0.1036,SAAO_KMTS02,KMT(I),KMT
2510933.89398,13.8775,2.3625,SAAO_KMTS02,KMT(I),KMT
2510934.76669,18.8468,0.1888,SAAO_KMTS02,KMT(I),KMT
2510934.7976200003,13.6766,0.2242,SAAO_KMTS02,KMT(I),KMT
2510934.8093100004,18.8586,0.0954,SAAO_KMTS02,KMT(I),KMT
2510934.8212400004,19.32,0.1232,SAAO_KMTS02,KMT(I),KMT
2510934.8328399993,19.5876,0.1648,SAAO_KMTS02,KMT(I),KMT
2510934.8444299996,19.4085,0.1407,SAAO_KMTS02,KMT(I),KMT
2510934.8635099996,19.3395,0.1499,SAAO_KMTS02,KMT(I),KMT
2510934.8752800003,18.6911,0.0996,SAAO_KMTS02,KMT(I),KMT
2510934.8828999996,18.877,0.0848,SAAO_KMTS02,KMT(I),KMT
2510934.8919600006,20.3704,0.4129,SAAO_KMTS02,KMT(I),KMT
2510935.7301000003,20.289,0.2738,SAAO_KMTS02,KMT(I),KMT
2510935.7420000006,19.8934,0.2339,SAAO_KMTS02,KMT(I),KMT
2510935.7542000003,19.4162,0.1361,SAAO_KMTS02,KMT(I),KMT
2510935.7660799995,19.3198,0.1071,SAAO_KMTS02,KMT(I),KMT
2510935.7854900006,19.9428,0.1793,SAAO_KMTS02,KMT(I),KMT
2510935.79734,19.8433,0.1471,SAAO_KMTS02,KMT(I),KMT
2510935.8093599994,19.9683,0.1564,SAAO_KMTS02,KMT(I),KMT
2510935.8210700005,20.1375,0.2223,SAAO_KMTS02,KMT(I),KMT
2510935.83337,19.6282,0.1321,SAAO_KMTS02,KMT(I),KMT
2510935.85228,19.6902,0.139,SAAO_KMTS02,KMT(I),KMT
2510935.86006,19.7216,0.1276,SAAO_KMTS02,KMT(I),KMT
2510935.8704000004,19.9837,0.1972,SAAO_KMTS02,KMT(I),KMT
2510936.7302599996,19.9195,0.1694,SAAO_KMTS02,KMT(I),KMT
2510936.7419499997,19.8573,0.1344,SAAO_KMTS02,KMT(I),KMT
2510936.75368,20.1352,0.1665,SAAO_KMTS02,KMT(I),KMT
2510936.76511,19.9722,0.1447,SAAO_KMTS02,KMT(I),KMT
2510936.7844900005,19.8629,0.1075,SAAO_KMTS02,KMT(I),KMT
2510936.79646,19.7582,0.1409,SAAO_KMTS02,KMT(I),KMT
2510936.80829,20.0053,0.187,SAAO_KMTS02,KMT(I),KMT
2510936.8199700005,20.0726,0.2053,SAAO_KMTS02,KMT(I),KMT
2510936.83165,19.6347,0.1404,SAAO_KMTS02,KMT(I),KMT
2510936.85049,19.7294,0.1685,SAAO_KMTS02,KMT(I),KMT
2510936.8596899994,19.7918,0.2091,SAAO_KMTS02,KMT(I),KMT
2510936.86979,19.511,0.1337,SAAO_KMTS02,KMT(I),KMT
2510937.7409000006,20.7597,1.141,SAAO_KMTS02,KMT(I),KMT
2510937.7525999993,20.0852,0.5066,SAAO_KMTS02,KMT(I),KMT
2510937.80674,17.9151,1.2396,SAAO_KMTS02,KMT(I),KMT
2510937.8186,19.619,1.3158,SAAO_KMTS02,KMT(I),KMT
2510937.83014,18.577,1.0119,SAAO_KMTS02,KMT(I),KMT
2510937.84215,19.3385,0.3658,SAAO_KMTS02,KMT(I),KMT
2510937.8681499995,19.4607,0.5665,SAAO_KMTS02,KMT(I),KMT
2510938.7398499995,20.0507,0.1429,SAAO_KMTS02,KMT(I),KMT
2510938.75144,19.8422,0.1577,SAAO_KMTS02,KMT(I),KMT
2510938.7632599995,19.9855,0.1717,SAAO_KMTS02,KMT(I),KMT
2510938.7752100006,20.2534,0.2211,SAAO_KMTS02,KMT(I),KMT
2510938.78727,19.945,0.1875,SAAO_KMTS02,KMT(I),KMT
2510938.80635,20.036,0.1755,SAAO_KMTS02,KMT(I),KMT
2510938.81862,20.105,0.2284,SAAO_KMTS02,KMT(I),KMT
2510938.83003,20.6905,0.3941,SAAO_KMTS02,KMT(I),KMT
2510938.8418499995,19.9809,0.3243,SAAO_KMTS02,KMT(I),KMT
2510938.8539899997,20.0516,0.1766,SAAO_KMTS02,KMT(I),KMT
2510938.8642999995,19.8517,0.1758,SAAO_KMTS02,KMT(I),KMT
2510940.7308399994,19.0341,0.1196,SAAO_KMTS02,KMT(I),KMT
2510940.7497700006,19.3141,0.1187,SAAO_KMTS02,KMT(I),KMT
2510940.7615099996,19.5374,0.1581,SAAO_KMTS02,KMT(I),KMT
2510940.7739199996,19.6882,0.1696,SAAO_KMTS02,KMT(I),KMT
2510940.7856900003,19.9025,0.1736,SAAO_KMTS02,KMT(I),KMT
2510940.7975200005,20.0599,0.2441,SAAO_KMTS02,KMT(I),KMT
2510940.8092800006,19.6961,0.1754,SAAO_KMTS02,KMT(I),KMT
2510940.82821,20.1284,0.1903,SAAO_KMTS02,KMT(I),KMT
2510940.84004,19.7799,0.1196,SAAO_KMTS02,KMT(I),KMT
2510940.8478500005,19.865,0.1354,SAAO_KMTS02,KMT(I),KMT
2510940.8583000004,20.44,0.2277,SAAO_KMTS02,KMT(I),KMT
2510941.7350500003,17.9136,0.0914,SAAO_KMTS02,KMT(I),KMT
2510941.7470699996,18.4581,1.6946,SAAO_KMTS02,KMT(I),KMT
2510941.7588800006,16.2796,0.3035,SAAO_KMTS02,KMT(I),KMT
2510942.7371999994,19.4281,0.1357,SAAO_KMTS02,KMT(I),KMT
2510942.75591,19.6699,0.1259,SAAO_KMTS02,KMT(I),KMT
2510942.7678500004,19.2778,0.109,SAAO_KMTS02,KMT(I),KMT
2510942.7797,19.5015,0.1133,SAAO_KMTS02,KMT(I),KMT
2510942.79151,19.6156,0.1212,SAAO_KMTS02,KMT(I),KMT
2510942.80339,19.6018,0.1474,SAAO_KMTS02,KMT(I),KMT
2510942.82245,19.6356,0.1684,SAAO_KMTS02,KMT(I),KMT
2510942.8343,19.0689,0.0927,SAAO_KMTS02,KMT(I),KMT
2510942.84203,19.0497,0.0861,SAAO_KMTS02,KMT(I),KMT
2510942.85238,19.3823,0.1371,SAAO_KMTS02,KMT(I),KMT
2510943.73207,19.6359,0.16,SAAO_KMTS02,KMT(I),KMT
2510943.7439099997,20.202,0.2021,SAAO_KMTS02,KMT(I),KMT
2510943.7558699995,19.4235,0.1086,SAAO_KMTS02,KMT(I),KMT
2510943.7675,19.5316,0.1048,SAAO_KMTS02,KMT(I),KMT
2510943.7894400004,19.9078,0.1711,SAAO_KMTS02,KMT(I),KMT
2510943.8014199995,19.5995,0.1005,SAAO_KMTS02,KMT(I),KMT
2510943.81336,20.3779,0.2592,SAAO_KMTS02,KMT(I),KMT
2510943.82532,19.7127,0.1336,SAAO_KMTS02,KMT(I),KMT
2510943.8373799995,19.9256,0.2335,SAAO_KMTS02,KMT(I),KMT
2510943.8406499997,20.4273,0.354,SAAO_KMTS02,KMT(I),KMT
2510943.8508599997,19.5036,0.1403,SAAO_KMTS02,KMT(I),KMT
2510944.7327500004,19.7343,0.202,SAAO_KMTS02,KMT(I),KMT
2510944.7561099995,20.6313,0.7262,SAAO_KMTS02,KMT(I),KMT
2510944.7581399996,19.5242,0.217,SAAO_KMTS02,KMT(I),KMT
2510944.78202,19.5871,0.5517,SAAO_KMTS02,KMT(I),KMT
2510944.8058400005,19.6844,0.2247,SAAO_KMTS02,KMT(I),KMT
2510946.73565,19.7037,0.5054,SAAO_KMTS02,KMT(I),KMT
2510946.74751,19.8766,0.5148,SAAO_KMTS02,KMT(I),KMT
2510946.75935,19.4972,0.3422,SAAO_KMTS02,KMT(I),KMT
2510946.77369,20.4313,1.3701,SAAO_KMTS02,KMT(I),KMT
2510946.78132,19.2004,0.3829,SAAO_KMTS02,KMT(I),KMT
2510946.7931399997,18.7268,0.2518,SAAO_KMTS02,KMT(I),KMT
2510946.80473,18.068,0.1526,SAAO_KMTS02,KMT(I),KMT
2510946.8162699994,17.7035,0.0937,SAAO_KMTS02,KMT(I),KMT
2510946.82709,15.8193,0.0314,SAAO_KMTS02,KMT(I),KMT
2510946.8331000004,17.5209,0.0703,SAAO_KMTS02,KMT(I),KMT
2510946.8419700004,16.9286,0.0572,SAAO_KMTS02,KMT(I),KMT
2510947.74539,18.1221,0.2408,SAAO_KMTS02,KMT(I),KMT
2510947.7661799993,19.1275,0.5943,SAAO_KMTS02,KMT(I),KMT
2510947.7765299994,18.1435,0.2552,SAAO_KMTS02,KMT(I),KMT
2510947.7875999995,18.6303,0.3405,SAAO_KMTS02,KMT(I),KMT
2510947.7949199993,18.7307,0.4706,SAAO_KMTS02,KMT(I),KMT
2510947.8064399995,19.8999,1.488,SAAO_KMTS02,KMT(I),KMT
2510947.82866,18.6934,0.4077,SAAO_KMTS02,KMT(I),KMT
2510947.8372,18.7139,0.326,SAAO_KMTS02,KMT(I),KMT
2510947.84526,18.3346,0.2474,SAAO_KMTS02,KMT(I),KMT
2510948.7416399997,19.8213,0.1801,SAAO_KMTS02,KMT(I),KMT
2510948.7607899997,20.2333,0.2235,SAAO_KMTS02,KMT(I),KMT
2510948.77245,19.7471,0.1696,SAAO_KMTS02,KMT(I),KMT
2510948.78441,19.7138,0.1428,SAAO_KMTS02,KMT(I),KMT
2510948.7961,19.7594,0.1701,SAAO_KMTS02,KMT(I),KMT
2510948.80808,19.7104,0.1899,SAAO_KMTS02,KMT(I),KMT
2510948.8282699995,19.9741,0.2899,SAAO_KMTS02,KMT(I),KMT
2510948.83947,19.7227,0.2073,SAAO_KMTS02,KMT(I),KMT
2510948.84982,20.0848,0.3326,SAAO_KMTS02,KMT(I),KMT
2510949.7402800005,18.0331,0.0669,SAAO_KMTS02,KMT(I),KMT
2510949.75215,10.6131,0.1572,SAAO_KMTS02,KMT(I),KMT
2510949.7949,13.0646,0.8323,SAAO_KMTS02,KMT(I),KMT
2510949.8065099996,12.3689,0.1159,SAAO_KMTS02,KMT(I),KMT
2510950.7404200006,17.9606,0.0578,SAAO_KMTS02,KMT(I),KMT
2510950.7591200005,17.3635,0.0408,SAAO_KMTS02,KMT(I),KMT
2510950.7709,16.8208,0.0284,SAAO_KMTS02,KMT(I),KMT
2510950.78285,16.5761,0.0243,SAAO_KMTS02,KMT(I),KMT
2510950.79469,16.78,0.0327,SAAO_KMTS02,KMT(I),KMT
2510950.80652,17.6922,0.0562,SAAO_KMTS02,KMT(I),KMT
2510950.82531,16.7163,0.0358,SAAO_KMTS02,KMT(I),KMT
2510950.83619,17.1229,0.0332,SAAO_KMTS02,KMT(I),KMT
2510950.8465100005,15.827,0.0191,SAAO_KMTS02,KMT(I),KMT
2510951.7415200006,19.1491,0.1156,SAAO_KMTS02,KMT(I),KMT
2510951.7533299997,19.3729,0.1278,SAAO_KMTS02,KMT(I),KMT
2510951.76483,18.9033,0.1037,SAAO_KMTS02,KMT(I),KMT
2510951.77678,19.3348,0.1212,SAAO_KMTS02,KMT(I),KMT
2510951.79598,18.6242,0.0844,SAAO_KMTS02,KMT(I),KMT
2510951.80777,18.094,0.0595,SAAO_KMTS02,KMT(I),KMT
2510951.81965,18.0109,0.0641,SAAO_KMTS02,KMT(I),KMT
2510951.83333,17.4639,0.0405,SAAO_KMTS02,KMT(I),KMT
2510951.8435699996,16.8113,0.0341,SAAO_KMTS02,KMT(I),KMT
2510952.7428900003,19.143,0.158,SAAO_KMTS02,KMT(I),KMT
2510952.7545800004,19.4304,0.1734,SAAO_KMTS02,KMT(I),KMT
2510952.77389,19.2534,0.1451,SAAO_KMTS02,KMT(I),KMT
2510952.7858499996,19.4104,0.1331,SAAO_KMTS02,KMT(I),KMT
2510952.80097,19.4147,0.147,SAAO_KMTS02,KMT(I),KMT
2510952.8127999995,19.0846,0.1233,SAAO_KMTS02,KMT(I),KMT
2510952.82436,19.0245,0.1061,SAAO_KMTS02,KMT(I),KMT
2510952.8278800007,18.3807,0.0919,SAAO_KMTS02,KMT(I),KMT
2510952.83837,18.8831,0.1594,SAAO_KMTS02,KMT(I),KMT
2510953.7412899993,19.6324,0.1538,SAAO_KMTS02,KMT(I),KMT
2510953.7530199997,20.0917,0.2998,SAAO_KMTS02,KMT(I),KMT
2510953.7720800005,19.6829,0.1743,SAAO_KMTS02,KMT(I),KMT
2510953.7838199995,19.9782,0.2533,SAAO_KMTS02,KMT(I),KMT
2510953.79581,19.4988,0.1519,SAAO_KMTS02,KMT(I),KMT
2510953.80765,19.5478,0.1734,SAAO_KMTS02,KMT(I),KMT
2510953.81975,20.1945,0.2956,SAAO_KMTS02,KMT(I),KMT
2510953.8291299995,19.3769,0.1467,SAAO_KMTS02,KMT(I),KMT
2510953.8378999997,20.1121,0.3679,SAAO_KMTS02,KMT(I),KMT
2510954.74493,18.7312,0.0918,SAAO_KMTS02,KMT(I),KMT
2510954.7641000003,20.3505,0.3309,SAAO_KMTS02,KMT(I),KMT
2510954.77609,19.9093,0.2576,SAAO_KMTS02,KMT(I),KMT
2510954.7880499996,19.7239,0.2281,SAAO_KMTS02,KMT(I),KMT
2510954.79999,19.3673,0.1418,SAAO_KMTS02,KMT(I),KMT
2510954.8118900005,19.8639,0.2548,SAAO_KMTS02,KMT(I),KMT
2510954.8265199997,19.6317,0.2596,SAAO_KMTS02,KMT(I),KMT
2510954.8354199994,19.1422,0.1594,SAAO_KMTS02,KMT(I),KMT
2510955.7449200004,19.7492,0.1373,SAAO_KMTS02,KMT(I),KMT
2510955.75658,20.1252,0.1493,SAAO_KMTS02,KMT(I),KMT
2510955.7685199995,19.7338,0.1482,SAAO_KMTS02,KMT(I),KMT
2510955.7803499997,19.9967,0.2252,SAAO_KMTS02,KMT(I),KMT
2510955.79184,19.8407,0.138,SAAO_KMTS02,KMT(I),KMT
2510955.8109600004,19.719,0.1809,SAAO_KMTS02,KMT(I),KMT
2510955.82041,19.7926,0.16,SAAO_KMTS02,KMT(I),KMT
2510955.8307600003,19.7363,0.2024,SAAO_KMTS02,KMT(I),KMT
2510956.7538,19.8046,0.1662,SAAO_KMTS02,KMT(I),KMT
2510956.76535,19.7789,0.1347,SAAO_KMTS02,KMT(I),KMT
2510956.7770300005,19.6865,0.1509,SAAO_KMTS02,KMT(I),KMT
2510956.79043,19.1813,0.1018,SAAO_KMTS02,KMT(I),KMT
2510956.8091899995,18.9911,0.0946,SAAO_KMTS02,KMT(I),KMT
2510956.8185099997,19.4011,0.1574,SAAO_KMTS02,KMT(I),KMT
2510956.8286799993,19.112,0.1031,SAAO_KMTS02,KMT(I),KMT
2510957.7461399995,19.2262,0.1136,SAAO_KMTS02,KMT(I),KMT
2510957.7630899996,19.9452,0.3375,SAAO_KMTS02,KMT(I),KMT
2510957.7771700006,19.5901,0.1331,SAAO_KMTS02,KMT(I),KMT
2510957.7890099995,21.3837,2.7322,SAAO_KMTS02,KMT(I),KMT
2510957.81054,19.7329,0.1555,SAAO_KMTS02,KMT(I),KMT
2510957.8169100005,19.5551,0.182,SAAO_KMTS02,KMT(I),KMT
2510958.7510400005,20.0842,0.1835,SAAO_KMTS02,KMT(I),KMT
2510958.76511,19.5516,0.2133,SAAO_KMTS02,KMT(I),KMT
2510958.7769600004,19.5008,0.1558,SAAO_KMTS02,KMT(I),KMT
2510958.78895,19.7418,0.5111,SAAO_KMTS02,KMT(I),KMT
2510958.8016100004,19.6777,0.4205,SAAO_KMTS02,KMT(I),KMT
2510958.8116999995,20.4026,0.8841,SAAO_KMTS02,KMT(I),KMT
2510958.8227900006,19.7652,0.299,SAAO_KMTS02,KMT(I),KMT
2510959.77456,9.713,0.1425,SAAO_KMTS02,KMT(I),KMT
2510960.7526600007,19.8142,0.1519,SAAO_KMTS02,KMT(I),KMT
2510960.77157,19.9088,0.1779,SAAO_KMTS02,KMT(I),KMT
2510960.7832699995,19.5223,0.1833,SAAO_KMTS02,KMT(I),KMT
2510960.7951299995,18.3886,0.224,SAAO_KMTS02,KMT(I),KMT
2510961.7462300006,20.1676,0.2402,SAAO_KMTS02,KMT(I),KMT
2510961.7580399998,20.496,0.3674,SAAO_KMTS02,KMT(I),KMT
2510961.7772499993,19.2801,0.1243,SAAO_KMTS02,KMT(I),KMT
2510961.7952200007,19.3347,0.133,SAAO_KMTS02,KMT(I),KMT
2510961.8043600004,19.2964,0.1288,SAAO_KMTS02,KMT(I),KMT
2510961.8148,19.0341,0.1004,SAAO_KMTS02,KMT(I),KMT
2510962.7455,19.5394,0.1945,SAAO_KMTS02,KMT(I),KMT
2510962.7573799994,19.3901,0.23,SAAO_KMTS02,KMT(I),KMT
2510962.76908,19.872,0.657,SAAO_KMTS02,KMT(I),KMT
2510962.78816,19.2102,0.1591,SAAO_KMTS02,KMT(I),KMT
2510962.81126,17.7716,0.551,SAAO_KMTS02,KMT(I),KMT
2510963.7411599997,19.3196,0.1256,SAAO_KMTS02,KMT(I),KMT
2510963.75383,19.8954,0.1616,SAAO_KMTS02,KMT(I),KMT
2510963.7661499996,19.6274,0.1396,SAAO_KMTS02,KMT(I),KMT
2510963.77773,19.6921,0.1168,SAAO_KMTS02,KMT(I),KMT
2510963.7849899996,19.7787,0.1396,SAAO_KMTS02,KMT(I),KMT
2510963.79548,19.8319,0.1369,SAAO_KMTS02,KMT(I),KMT
2510964.74147,19.8036,0.2184,SAAO_KMTS02,KMT(I),KMT
2510964.7609199993,19.0324,0.0927,SAAO_KMTS02,KMT(I),KMT
2510964.7728199996,18.978,0.082,SAAO_KMTS02,KMT(I),KMT
2510964.7811399996,18.956,0.0944,SAAO_KMTS02,KMT(I),KMT
2510964.7912099995,18.356,0.0575,SAAO_KMTS02,KMT(I),KMT
2510965.76198,20.0404,0.4221,SAAO_KMTS02,KMT(I),KMT
2510966.74139,19.6769,0.2171,SAAO_KMTS02,KMT(I),KMT
2510966.7538600005,19.844,0.1687,SAAO_KMTS02,KMT(I),KMT
2510966.76568,19.8154,0.1437,SAAO_KMTS02,KMT(I),KMT
2510966.77683,19.7312,0.1701,SAAO_KMTS02,KMT(I),KMT
2510966.78715,20.0629,0.2273,SAAO_KMTS02,KMT(I),KMT
2510967.7491999995,19.9484,0.1857,SAAO_KMTS02,KMT(I),KMT
2510967.76162,20.0325,0.2264,SAAO_KMTS02,KMT(I),KMT
2510967.77427,19.5722,0.1255,SAAO_KMTS02,KMT(I),KMT
2510967.7847799994,19.4,0.1316,SAAO_KMTS02,KMT(I),KMT
2510968.74553,20.5413,0.3155,SAAO_KMTS02,KMT(I),KMT
2510968.7572300006,19.8786,0.1631,SAAO_KMTS02,KMT(I),KMT
2510968.76829,19.9171,0.1596,SAAO_KMTS02,KMT(I),KMT
2510968.7715499997,19.7015,0.1348,SAAO_KMTS02,KMT(I),KMT
2510968.78201,19.6155,0.1585,SAAO_KMTS02,KMT(I),KMT
2510969.7494900003,20.0496,0.2042,SAAO_KMTS02,KMT(I),KMT
2510969.76896,19.7802,0.1606,SAAO_KMTS02,KMT(I),KMT
2510969.77974,20.2433,0.2906,SAAO_KMTS02,KMT(I),KMT
